word_id,canonical_spelling,source_entry_id,entry_role,source_homograph_number,normalization_kind
cet4-w-22115abbb1dbe5b95403,a,cet2016-p021-r01-c1,headword,,distinct_lexemes
cet4-w-9287ba6d9732d3125de7,an,cet2016-p021-r01-c1,headword,,distinct_lexemes
cet4-w-bacdccd06e173fd821b1,abandon,cet2016-p021-r02-c1,headword,,literal
cet4-w-4336a9e7fc5d08328b8e,able,cet2016-p021-r05-c1,headword,,literal
cet4-w-798668299e6f528c3725,ability,cet2016-p021-r05-c2,listed_related,,literal
cet4-w-9d84219b0f257903f894,aboard,cet2016-p021-r07-c1,headword,,literal
cet4-w-b888b06eecfb1127e3bb,abolish,cet2016-p021-r08-c1,headword,,literal
cet4-w-74ca0e6dddfece3e09eb,abolition,cet2016-p021-r08-c2,listed_related,,literal
cet4-w-10ad00b3ccf681d53631,about,cet2016-p021-r10-c1,headword,,literal
cet4-w-90aa713e8ba73eb8b681,above,cet2016-p021-r11-c1,headword,,literal
cet4-w-901037a8628671fdfc19,abroad,cet2016-p021-r13-c1,headword,,literal
cet4-w-58351a181b08549dad1a,absent,cet2016-p021-r15-c1,headword,,literal
cet4-w-16cc55aac24767aa14bb,absence,cet2016-p021-r15-c2,listed_related,,literal
cet4-w-728ab43dd091b054e608,absolute,cet2016-p021-r16-c1,headword,,literal
cet4-w-4c1c8e3c067f577174b4,absorb,cet2016-p021-r17-c1,headword,,literal
cet4-w-a04d74b471996c660373,absorption,cet2016-p021-r17-c2,listed_related,,literal
cet4-w-056469f90b3da87387a9,abstract,cet2016-p021-r18-c1,headword,,literal
cet4-w-ff701617e9aaa921796f,abundant,cet2016-p021-r20-c1,headword,,literal
cet4-w-6637e09f7003f326c224,abundance,cet2016-p021-r20-c2,listed_related,,literal
cet4-w-b64c7215f2b60d098f09,abuse,cet2016-p021-r21-c1,headword,,literal
cet4-w-99b2e6fe3c2fe7bae70f,abusive,cet2016-p021-r21-c2,listed_related,,literal
cet4-w-552641985e4cd047e28b,academy,cet2016-p021-r22-c1,headword,,literal
cet4-w-adc37503995395872304,academic,cet2016-p021-r22-c2,listed_related,,literal
cet4-w-22dd7b5151742e07ab2b,academician,cet2016-p021-r22-c3,listed_related,,literal
cet4-w-ea78159e6b442c05331c,accelerate,cet2016-p021-r23-c1,headword,,literal
cet4-w-05e383312cbf7488687e,acceleration,cet2016-p021-r23-c2,listed_related,,literal
cet4-w-a74d5aaf2d89f72b022e,accent,cet2016-p021-r24-c1,headword,,literal
cet4-w-fe986222f5116ea3b17e,accept,cet2016-p021-r25-c1,headword,,literal
cet4-w-45d62199f67daa2d9ed8,acceptance,cet2016-p021-r25-c2,listed_related,,literal
cet4-w-6cd94ae4886768d442f2,acceptable,cet2016-p021-r25-c3,listed_related,,literal
cet4-w-6884dbea1171da92f87d,access,cet2016-p021-r26-c1,headword,,literal
cet4-w-5caf0a3aa0c59b821237,accessible,cet2016-p021-r26-c2,listed_related,,literal
cet4-w-0f4159cadc2af6a38502,accident,cet2016-p021-r28-c1,headword,,literal
cet4-w-df7ac4809139e92350df,accidental,cet2016-p021-r28-c2,listed_related,,literal
cet4-w-1f2a401710d0596de35f,accommodate,cet2016-p021-r30-c1,headword,,literal
cet4-w-1edda9ffe6c8d05f5ef0,accommodation,cet2016-p021-r30-c2,listed_related,,literal
cet4-w-7580e0daca7bf28654b8,accompany,cet2016-p021-r31-c1,headword,,literal
cet4-w-d740153e791bc21b4bd6,accomplish,cet2016-p021-r32-c1,headword,,literal
cet4-w-e8eb86c966ce85884d0d,accomplishment,cet2016-p021-r32-c2,listed_related,,literal
cet4-w-d74307e606e88ed5867e,accord,cet2016-p021-r33-c1,headword,,literal
cet4-w-26b19ca0db642361e9b8,accordance,cet2016-p021-r34-c1,headword,,literal
cet4-w-593fc9aa437f4a7f8a46,according to,cet2016-p021-r35-c1,headword,,literal
cet4-w-4c4dbcf45110b86d739b,accordingly,cet2016-p021-r36-c1,headword,,literal
cet4-w-502dc8470d46995e3b29,account,cet2016-p021-r37-c1,headword,,literal
cet4-w-2a5ce4035df85fb684d5,accounting,cet2016-p021-r37-c2,listed_related,,literal
cet4-w-b70f4d52f626613ef678,accountant,cet2016-p021-r37-c3,listed_related,,literal
cet4-w-fe4295e59378fe30b6a6,accountancy,cet2016-p021-r37-c4,listed_related,,literal
cet4-w-9f4e5df3b88f94a08810,accountable,cet2016-p021-r38-c1,headword,,literal
cet4-w-d3767c473ce4cee7c457,accountability,cet2016-p021-r38-c2,listed_related,,literal
cet4-w-b5bb411c0158c87ffbb7,accumulate,cet2016-p021-r39-c1,headword,,literal
cet4-w-de298b2a0b4e2bf1363b,accumulation,cet2016-p021-r39-c2,listed_related,,literal
cet4-w-df9f11ffa31110b2f2c1,accumulative,cet2016-p021-r39-c3,listed_related,,literal
cet4-w-7a7aa95ab6907ff16ef0,accurate,cet2016-p021-r40-c1,headword,,literal
cet4-w-01f16ae66e034320cb43,accuracy,cet2016-p021-r40-c2,listed_related,,literal
cet4-w-f5ff766854c64e6a7f21,accuse,cet2016-p021-r41-c1,headword,,literal
cet4-w-0272a83810fd03a3dbf0,accusation,cet2016-p021-r41-c2,listed_related,,literal
cet4-w-44f596d480d72894a730,accustom,cet2016-p021-r42-c1,headword,,literal
cet4-w-5100359a7add5be3f74e,accustomed,cet2016-p021-r42-c2,listed_related,,literal
cet4-w-5e1e85c25cb975a5f639,ace,cet2016-p022-r01-c1,headword,,literal
cet4-w-c423ac00896004d5e86c,ache,cet2016-p022-r02-c1,headword,,literal
cet4-w-3fdc7170836acb699c27,achieve,cet2016-p022-r03-c1,headword,,literal
cet4-w-c0fd2ee8dcbbb3b36504,achievement,cet2016-p022-r03-c2,listed_related,,literal
cet4-w-6db3ca8c9f5f7f74501f,acid,cet2016-p022-r04-c1,headword,,literal
cet4-w-bfffcba4cb08b4f5422e,acidity,cet2016-p022-r04-c2,listed_related,,literal
cet4-w-5e9f2bb803ec3bbd7f59,acknowledge,cet2016-p022-r05-c1,headword,,literal
cet4-w-c2c4b9de3e51ca864c7d,acknowledgement,cet2016-p022-r05-c2,listed_related,,literal
cet4-w-029cb66143b2c6377b03,acquaint,cet2016-p022-r06-c1,headword,,literal
cet4-w-ca462313c254fd6ecb87,acquaintance,cet2016-p022-r06-c2,listed_related,,literal
cet4-w-81853f95f10e012cafad,acquire,cet2016-p022-r07-c1,headword,,literal
cet4-w-bdb4812be6fe730050b8,acquisition,cet2016-p022-r07-c2,listed_related,,literal
cet4-w-71a91c5bc1d36cf51b9e,acre,cet2016-p022-r08-c1,headword,,literal
cet4-w-479267915f30dce80612,across,cet2016-p022-r09-c1,headword,,literal
cet4-w-dcc6b6de5d3f3f80ff02,act,cet2016-p022-r10-c1,headword,,literal
cet4-w-b4e76965b5a7943279ac,action,cet2016-p022-r10-c2,listed_related,,literal
cet4-w-12952370deeb322c92b6,acting,cet2016-p022-r10-c3,listed_related,,literal
cet4-w-560e8b954a1a6e8c9768,active,cet2016-p022-r12-c1,headword,,literal
cet4-w-4ced4a567905ee623d9d,activity,cet2016-p022-r12-c2,listed_related,,literal
cet4-w-fe4ad424f609f1c6e502,activist,cet2016-p022-r12-c3,listed_related,,literal
cet4-w-45384c5a5727e65aeb71,actor,cet2016-p022-r13-c1,headword,,literal
cet4-w-996e8063308235c5ef59,actress,cet2016-p022-r13-c2,listed_related,,literal
cet4-w-1585d72748c764fdc715,actual,cet2016-p022-r14-c1,headword,,literal
cet4-w-35933c866d479febfd5d,actually,cet2016-p022-r14-c2,listed_related,,literal
cet4-w-3d98e5db5ab2fed7b3a1,acute,cet2016-p022-r16-c1,headword,,literal
cet4-w-ce5ce25d8f0e7194cc10,adapt,cet2016-p022-r17-c1,headword,,literal
cet4-w-9ee5467ce2af9057e724,adaptation,cet2016-p022-r17-c2,listed_related,,literal
cet4-w-39fd41b2a3a0a3778170,adaptive,cet2016-p022-r17-c3,listed_related,,literal
cet4-w-9103ec43533f3656675e,add,cet2016-p022-r18-c1,headword,,literal
cet4-w-1f43ac46516340a2c567,addition,cet2016-p022-r18-c2,listed_related,,literal
cet4-w-402de9743b898c93a5a7,additional,cet2016-p022-r18-c3,listed_related,,literal
cet4-w-827192b236adae6222d6,addict,cet2016-p022-r19-c1,headword,,literal
cet4-w-375e71f085b055138a30,addiction,cet2016-p022-r19-c2,listed_related,,literal
cet4-w-445db3c0e8ea30789839,addictive,cet2016-p022-r19-c3,listed_related,,literal
cet4-w-4ad740efa6ce91ebdc49,address,cet2016-p022-r20-c1,headword,,literal
cet4-w-3280840e02945516df84,adequate,cet2016-p022-r21-c1,headword,,literal
cet4-w-db3240a754a4f0cc1b95,adequacy,cet2016-p022-r21-c2,listed_related,,literal
cet4-w-ee44dcf4e7327fd686b6,adequately,cet2016-p022-r21-c3,listed_related,,literal
cet4-w-c01fb4394e58c21d5942,adjective,cet2016-p022-r24-c1,headword,,literal
cet4-w-a8695ab2eba26f553554,adjust,cet2016-p022-r25-c1,headword,,literal
cet4-w-0d8ec86f80e83f53213b,adjustment,cet2016-p022-r25-c2,listed_related,,literal
cet4-w-db28876203b12b88803d,administer,cet2016-p022-r26-c1,headword,,distinct_lexemes
cet4-w-03984bdffe6b68219b40,administrate,cet2016-p022-r26-c1,headword,,distinct_lexemes
cet4-w-b94968e5eac90a8ffb83,administration,cet2016-p022-r26-c2,listed_related,,literal
cet4-w-01b85c6f210de37c958d,administrative,cet2016-p022-r26-c3,listed_related,,literal
cet4-w-29ee784062f13fd44f42,admire,cet2016-p022-r27-c1,headword,,literal
cet4-w-bef87b82e32c217096a0,admiration,cet2016-p022-r27-c2,listed_related,,literal
cet4-w-7de8c50c6f946d536170,admirable,cet2016-p022-r27-c3,listed_related,,literal
cet4-w-7905547b4c80ee139e80,admit,cet2016-p022-r28-c1,headword,,literal
cet4-w-3d9d3f4d63716d89da4e,admission,cet2016-p022-r28-c2,listed_related,,literal
cet4-w-5c470c33e99ab3fbe53a,admittance,cet2016-p022-r28-c3,listed_related,,literal
cet4-w-3b7e41309708613fda45,admittedly,cet2016-p022-r28-c4,listed_related,,literal
cet4-w-e594ff5e95ec239dbedd,adopt,cet2016-p022-r30-c1,headword,,literal
cet4-w-6173b818a073ca33d313,adoption,cet2016-p022-r30-c2,listed_related,,literal
cet4-w-976ec6c3c634655b51ca,adult,cet2016-p022-r32-c1,headword,,literal
cet4-w-afaba24a71230fb313cd,adulthood,cet2016-p022-r32-c2,listed_related,,literal
cet4-w-9a5bf6b697d3a4612ad8,advance,cet2016-p022-r33-c1,headword,,literal
cet4-w-59ed917fcb3700668e3d,advancement,cet2016-p022-r33-c2,listed_related,,literal
cet4-w-7d7b5cb0fd482530edf8,advanced,cet2016-p022-r33-c3,listed_related,,literal
cet4-w-2c156f3c4527e4e2edab,advantage,cet2016-p022-r34-c1,headword,,literal
cet4-w-979341795d0eb537a232,advantageous,cet2016-p022-r34-c2,listed_related,,literal
cet4-w-4175a16ea1d2763efce0,adventure,cet2016-p022-r36-c1,headword,,literal
cet4-w-a82e1cc5a628eaaf39a2,adventurer,cet2016-p022-r36-c2,listed_related,,literal
cet4-w-01e950ac441cc4232030,adventurous,cet2016-p022-r36-c3,listed_related,,literal
cet4-w-cb23720950cec8a0717e,adverb,cet2016-p022-r37-c1,headword,,literal
cet4-w-2b53d6d596a94aab7358,advertise,cet2016-p022-r40-c1,headword,,literal
cet4-w-438d3f65382c41b03b15,advertisement,cet2016-p022-r40-c2,listed_related,,distinct_lexemes
cet4-w-e7cddeac5a76bef5c4f9,ad,cet2016-p022-r40-c2,listed_related,,distinct_lexemes
cet4-w-1018a0539949f94604bd,advertising,cet2016-p022-r40-c3,listed_related,,literal
cet4-w-31464168a4e20e190caf,advice,cet2016-p022-r41-c1,headword,,literal
cet4-w-dfacdd38e988155c0bb9,advise,cet2016-p022-r42-c1,headword,,literal
cet4-w-211094416f1ff22ea84a,advisor,cet2016-p022-r42-c2,listed_related,,orthographic
cet4-w-d30b2492217a40d9bd08,advisory,cet2016-p022-r42-c3,listed_related,,literal
cet4-w-b14a7223a66a4be986cc,advisable,cet2016-p022-r42-c4,listed_related,,literal
cet4-w-d95035938f8c5b5efc85,advocate,cet2016-p023-r01-c1,headword,,literal
cet4-w-368c2c88f345d91626d9,advocacy,cet2016-p023-r01-c2,listed_related,,literal
cet4-w-7daf933ef1e7c44bbc39,aerial,cet2016-p023-r02-c1,headword,,literal
cet4-w-3411c399a443eb0c2c39,affair,cet2016-p023-r04-c1,headword,,literal
cet4-w-be633f3beaca7dbb4b35,affect,cet2016-p023-r05-c1,headword,,literal
cet4-w-2b0394fab5af21678a68,affection,cet2016-p023-r06-c1,headword,,literal
cet4-w-9b7a6510e8e95a50590a,affectionate,cet2016-p023-r06-c2,listed_related,,literal
cet4-w-2799d885f6e074f1938f,affluent,cet2016-p023-r10-c1,headword,,literal
cet4-w-c9d31b7c1301fec90168,affluence,cet2016-p023-r10-c2,listed_related,,literal
cet4-w-607185ce10e7e8f817dc,afford,cet2016-p023-r11-c1,headword,,literal
cet4-w-266baf20928a5f822bdb,affordable,cet2016-p023-r11-c2,listed_related,,literal
cet4-w-afa4f241b338911cf139,affordability,cet2016-p023-r11-c3,listed_related,,literal
cet4-w-bcc73171d7284ddbed21,afraid,cet2016-p023-r13-c1,headword,,literal
cet4-w-6ad0b2b05252086404a8,after,cet2016-p023-r14-c1,headword,,literal
cet4-w-fbd9414580850975bc60,afternoon,cet2016-p023-r16-c1,headword,,literal
cet4-w-87da8d1254b2b8adff0f,afterward,cet2016-p023-r17-c1,headword,,orthographic
cet4-w-a5a7f55370c1ccdf1a9c,again,cet2016-p023-r18-c1,headword,,literal
cet4-w-dd9ddbde077c248d2ad9,against,cet2016-p023-r19-c1,headword,,literal
cet4-w-0ca0b488abbadcf6d000,age,cet2016-p023-r20-c1,headword,,literal
cet4-w-3b16e43a39094468b1ab,aged,cet2016-p023-r20-c2,listed_related,,literal
cet4-w-2951fba0d3bc5f2b9808,aging,cet2016-p023-r20-c3,listed_related,,orthographic
cet4-w-9a29847f7a9d8a0025aa,agenda,cet2016-p023-r21-c1,headword,,literal
cet4-w-e095d12bbceea91468be,agent,cet2016-p023-r22-c1,headword,,literal
cet4-w-8ac5f01ee2a3a56cb08c,agency,cet2016-p023-r22-c2,listed_related,,literal
cet4-w-e18276e410584ed9a4b1,aggressive,cet2016-p023-r25-c1,headword,,literal
cet4-w-ac7028003b190af110ef,aggression,cet2016-p023-r25-c2,listed_related,,literal
cet4-w-23d56d7973abcce39362,ago,cet2016-p023-r27-c1,headword,,literal
cet4-w-224bd7f9b49f95bb44ce,agree,cet2016-p023-r29-c1,headword,,literal
cet4-w-d838b6d9a7780a95dbe5,agreement,cet2016-p023-r29-c2,listed_related,,literal
cet4-w-53f07797255530c3b3b6,agreeable,cet2016-p023-r29-c3,listed_related,,literal
cet4-w-7050d50383e85d57962a,agriculture,cet2016-p023-r30-c1,headword,,literal
cet4-w-2b23e713fdd5ad208ff1,agricultural,cet2016-p023-r30-c2,listed_related,,literal
cet4-w-dc8e38ed4d43cbd7145b,ahead,cet2016-p023-r31-c1,headword,,literal
cet4-w-6ec1d4570e178f8bc45f,aid,cet2016-p023-r32-c1,headword,,literal
cet4-w-0723e3d778f3f044c45b,AIDS,cet2016-p023-r34-c1,headword,,literal
cet4-w-5273b9826de04f678d1b,aim,cet2016-p023-r36-c1,headword,,literal
cet4-w-754a622547c2b0e21879,air,cet2016-p023-r37-c1,headword,,literal
cet4-w-dd0e523c2a7c752a7b46,air-conditioning,cet2016-p023-r39-c1,headword,,literal
cet4-w-d601f47662d997b92b2e,air-conditioner,cet2016-p023-r39-c2,listed_related,,literal
cet4-w-8cf065b326b5bc0e282f,aircraft,cet2016-p023-r40-c1,headword,,literal
cet4-w-4410c4b245aa7dc880b5,airline,cet2016-p023-r41-c1,headword,,literal
cet4-w-f2ec9ab237f25e3fdc36,airplane,cet2016-p023-r42-c1,headword,,orthographic
cet4-w-196eea6931afa61926c6,airport,cet2016-p024-r01-c1,headword,,literal
cet4-w-1994cbe07b013902544c,aisle,cet2016-p024-r02-c1,headword,,literal
cet4-w-6f63df0ae27e11526e7c,alarm,cet2016-p024-r04-c1,headword,,literal
cet4-w-49d3fb0f33fba522db3f,album,cet2016-p024-r05-c1,headword,,literal
cet4-w-2c66662e02ac749156f4,alcohol,cet2016-p024-r06-c1,headword,,literal
cet4-w-7bec91eab8ce33a8b863,alcoholic,cet2016-p024-r06-c2,listed_related,,literal
cet4-w-5cba5a09b090025e5acd,alert,cet2016-p024-r08-c1,headword,,literal
cet4-w-cee170e7a1791bfc2289,algebra,cet2016-p024-r09-c1,headword,,literal
cet4-w-0f7836947bf55564497f,alike,cet2016-p024-r12-c1,headword,,literal
cet4-w-da93fcfc874bba0a6298,alive,cet2016-p024-r13-c1,headword,,literal
cet4-w-f4529162f8a32de913fa,all,cet2016-p024-r14-c1,headword,,literal
cet4-w-4f94e9dc1e5aaee7b1e0,allege,cet2016-p024-r15-c1,headword,,literal
cet4-w-4a575d2852cbab8a12ff,allegation,cet2016-p024-r15-c2,listed_related,,literal
cet4-w-760c96a5ae4e10b05524,alleged,cet2016-p024-r15-c3,listed_related,,literal
cet4-w-62b83d1aad1ae8708b1b,allegedly,cet2016-p024-r15-c4,listed_related,,literal
cet4-w-3d3fc6af3a30dd9e0a8b,alley,cet2016-p024-r18-c1,headword,,literal
cet4-w-5aa40972f773c5c445f8,allow,cet2016-p024-r21-c1,headword,,literal
cet4-w-0927f885f060d30e32f1,allowance,cet2016-p024-r22-c1,headword,,literal
cet4-w-d757fb4d56efefde3164,ally,cet2016-p024-r26-c1,headword,,literal
cet4-w-3ea1205fb033f1fef975,alliance,cet2016-p024-r26-c2,listed_related,,literal
cet4-w-a2ba1da37002e751a2c0,almost,cet2016-p024-r28-c1,headword,,literal
cet4-w-861169b4b0999421460f,alone,cet2016-p024-r30-c1,headword,,literal
cet4-w-623184b3e2dd80ac964b,along,cet2016-p024-r31-c1,headword,,literal
cet4-w-5f21d0590a638703c767,alongside,cet2016-p024-r32-c1,headword,,literal
cet4-w-8680684c9767ed4fd4e1,aloud,cet2016-p024-r33-c1,headword,,literal
cet4-w-560ed2b14539b745119d,alphabet,cet2016-p024-r34-c1,headword,,literal
cet4-w-22bd9a7c4a06152e3ff9,alphabetic,cet2016-p024-r34-c2,listed_related,,distinct_lexemes
cet4-w-b23adfa2394d209677b1,alphabetical,cet2016-p024-r34-c2,listed_related,,distinct_lexemes
cet4-w-b8ca14ca458b83a7e387,already,cet2016-p024-r35-c1,headword,,literal
cet4-w-616217d737552f428ae0,also,cet2016-p024-r36-c1,headword,,literal
cet4-w-694001720536556bbe57,alter,cet2016-p024-r37-c1,headword,,literal
cet4-w-0c0043d3ff5bfcdfecb7,alteration,cet2016-p024-r37-c2,listed_related,,literal
cet4-w-83a6505d7459c8b13290,alternative,cet2016-p024-r39-c1,headword,,literal
cet4-w-a940391ad98858bac4fa,although,cet2016-p024-r40-c1,headword,,literal
cet4-w-935e4a4f2f3a467fc95c,altitude,cet2016-p024-r41-c1,headword,,literal
cet4-w-35bb080edbee5d1f0811,altogether,cet2016-p024-r42-c1,headword,,literal
cet4-w-ee23a76d3ebef6ab2996,aluminum,cet2016-p025-r01-c1,headword,,orthographic
cet4-w-844574a162b66a44530a,always,cet2016-p025-r02-c1,headword,,literal
cet4-w-9abaabc5da76a61b7552,am,cet2016-p025-r03-c1,headword,,literal
cet4-w-b966f0ae1c7c963a1cdd,amateur,cet2016-p025-r05-c1,headword,,literal
cet4-w-c9392ff234740072f584,amaze,cet2016-p025-r06-c1,headword,,literal
cet4-w-f5bac0fa1f386f0c80c5,amazing,cet2016-p025-r06-c2,listed_related,,literal
cet4-w-a84f40110841666e28ee,amazement,cet2016-p025-r06-c3,listed_related,,literal
cet4-w-14d09063097084c59b4f,ambassador,cet2016-p025-r07-c1,headword,,literal
cet4-w-a46d21aa45222636575d,ambition,cet2016-p025-r09-c1,headword,,literal
cet4-w-533e66b7f7b0ce9a0fb7,ambitious,cet2016-p025-r09-c2,listed_related,,literal
cet4-w-bbe1eb3b830d2c906bac,ambulance,cet2016-p025-r10-c1,headword,,literal
cet4-w-3a5fdb686a55ff051478,amid,cet2016-p025-r13-c1,headword,,distinct_lexemes
cet4-w-6a4fca45569f0be5a649,amidst,cet2016-p025-r13-c1,headword,,distinct_lexemes
cet4-w-3e2f49591a323f85109a,among,cet2016-p025-r15-c1,headword,,distinct_lexemes
cet4-w-6ae6c59d7e99c29634c4,amongst,cet2016-p025-r15-c1,headword,,distinct_lexemes
cet4-w-f8949da5acaeb5b586ed,amount,cet2016-p025-r16-c1,headword,,literal
cet4-w-c1f5b37ad27abe8e10e1,ample,cet2016-p025-r17-c1,headword,,literal
cet4-w-d36366b630c6ae234f4a,amuse,cet2016-p025-r19-c1,headword,,literal
cet4-w-946ef6c0a5e9e67b210f,amusing,cet2016-p025-r19-c2,listed_related,,literal
cet4-w-2eef0e8448e32dca9c15,amusement,cet2016-p025-r19-c3,listed_related,,literal
cet4-w-72121a255b55512b0829,analyze,cet2016-p025-r22-c1,headword,,orthographic
cet4-w-22634c370b80850c5995,analysis,cet2016-p025-r22-c2,listed_related,,literal
cet4-w-04e137a56a2d32f678c6,analytic,cet2016-p025-r22-c3,listed_related,,distinct_lexemes
cet4-w-037fe5ee5cd36a0eb53d,analytical,cet2016-p025-r22-c3,listed_related,,distinct_lexemes
cet4-w-1fb18acce56d40da1cdf,analyst,cet2016-p025-r22-c4,listed_related,,literal
cet4-w-9a5a729da4af60d63315,ancestor,cet2016-p025-r23-c1,headword,,literal
cet4-w-96505aaf3b2bba8e10b6,ancestry,cet2016-p025-r23-c2,listed_related,,literal
cet4-w-6bf8b2748a6f1aca62c4,anchor,cet2016-p025-r24-c1,headword,,literal
cet4-w-ff2284821991e91b0453,anchorage,cet2016-p025-r24-c2,listed_related,,literal
cet4-w-837c23faa4406003a563,ancient,cet2016-p025-r25-c1,headword,,literal
cet4-w-07aa968e2f009036bddb,and,cet2016-p025-r26-c1,headword,,literal
cet4-w-9e3b48342b97b434a5da,anew,cet2016-p025-r28-c1,headword,,literal
cet4-w-ee55f3b8d37e28c8d97b,angel,cet2016-p025-r29-c1,headword,,literal
cet4-w-49117f7c63f3d4a37396,angle,cet2016-p025-r30-c1,headword,,literal
cet4-w-0146ac7e5ee863bf63dc,angry,cet2016-p025-r31-c1,headword,,literal
cet4-w-8428fb5d16ae88f4d10c,anger,cet2016-p025-r31-c2,listed_related,,literal
cet4-w-53ffb765fb21bf9bea7c,animal,cet2016-p025-r33-c1,headword,,literal
cet4-w-50a4233a71e998c53963,ankle,cet2016-p025-r35-c1,headword,,literal
cet4-w-d43ff44e9fc4df536ed7,anniversary,cet2016-p025-r37-c1,headword,,literal
cet4-w-4d9986dc667a2f581b53,announce,cet2016-p025-r38-c1,headword,,literal
cet4-w-a876a0b1bc4df6651be0,announcement,cet2016-p025-r38-c2,listed_related,,literal
cet4-w-36b2982adfd418aa4a62,annoy,cet2016-p025-r39-c1,headword,,literal
cet4-w-c4488a82187c3cb7d85e,annoyance,cet2016-p025-r39-c2,listed_related,,literal
cet4-w-50b92d83ee9e11e9431d,annual,cet2016-p025-r40-c1,headword,,literal
cet4-w-ce6923dac3707851adbd,another,cet2016-p025-r42-c1,headword,,literal
cet4-w-9d3f710e8fcbb3733ebe,answer,cet2016-p026-r01-c1,headword,,literal
cet4-w-5e12aa41f2153d9ac4a0,ant,cet2016-p026-r02-c1,headword,,literal
cet4-w-b4584c44c522fde52fdb,anticipate,cet2016-p026-r06-c1,headword,,literal
cet4-w-22e13ffdef3c8e52c7fa,anticipation,cet2016-p026-r06-c2,listed_related,,literal
cet4-w-2a4c3d98bcbd0448e362,antique,cet2016-p026-r07-c1,headword,,literal
cet4-w-b677938ef5a39fd1dad1,anxious,cet2016-p026-r09-c1,headword,,literal
cet4-w-f093cde3b0f743f1ce19,anxiety,cet2016-p026-r09-c2,listed_related,,literal
cet4-w-7adfab203e9832b97dc6,any,cet2016-p026-r10-c1,headword,,literal
cet4-w-b87d418f4cd0f9554e6c,anybody,cet2016-p026-r11-c1,headword,,distinct_lexemes
cet4-w-ff5adfbe9ab5141ce510,anyone,cet2016-p026-r11-c1,headword,,distinct_lexemes
cet4-w-c737bb5ea9d8ffbbec08,anyhow,cet2016-p026-r12-c1,headword,,literal
cet4-w-1e7dbad6163b1ced83e7,anything,cet2016-p026-r13-c1,headword,,literal
cet4-w-1fa4d6aa4dca3f759aef,anyway,cet2016-p026-r14-c1,headword,,literal
cet4-w-82f791b812f13fcea10b,anywhere,cet2016-p026-r15-c1,headword,,literal
cet4-w-b1c53517898417b71f5d,apart,cet2016-p026-r16-c1,headword,,literal
cet4-w-03f83ec82b5b625c6a62,apartment,cet2016-p026-r17-c1,headword,,distinct_lexemes
cet4-w-b30f02fe974b5cbd9cce,apt.,cet2016-p026-r17-c1,headword,,distinct_lexemes
cet4-w-1a3dcb6d78be9bb0296b,apology,cet2016-p026-r19-c1,headword,,literal
cet4-w-5d54bae3b0ba2b0c6a03,apologize,cet2016-p026-r19-c2,listed_related,,orthographic
cet4-w-d8bd73e2ba3c529e2372,apologetic,cet2016-p026-r19-c3,listed_related,,literal
cet4-w-adcd0136bc40f341f949,app,cet2016-p026-r20-c1,headword,,literal
cet4-w-cde5edffd797692c9b89,apparatus,cet2016-p026-r22-c1,headword,,literal
cet4-w-ee2fba930bb896c41212,apparent,cet2016-p026-r23-c1,headword,,literal
cet4-w-9ba053a901a7ee559db3,apparently,cet2016-p026-r23-c2,listed_related,,literal
cet4-w-428e2818cd3935caa63f,appeal,cet2016-p026-r24-c1,headword,,literal
cet4-w-6ebe7811deb3d5c6ea1c,appealing,cet2016-p026-r24-c2,listed_related,,literal
cet4-w-309794b87f51c124f6c6,appear,cet2016-p026-r25-c1,headword,,literal
cet4-w-70e3f62aa429ba4f094c,appearance,cet2016-p026-r25-c2,listed_related,,literal
cet4-w-bc06b56e0f2a16d46350,appetite,cet2016-p026-r28-c1,headword,,literal
cet4-w-5174f4f7e49d850e7f06,applaud,cet2016-p026-r29-c1,headword,,literal
cet4-w-084d5ef605b65703820d,applause,cet2016-p026-r29-c2,listed_related,,literal
cet4-w-09d5fd01a45f480eb6a3,apple,cet2016-p026-r30-c1,headword,,literal
cet4-w-6146e9fd034a80285ce1,appliance,cet2016-p026-r31-c1,headword,,literal
cet4-w-2893a9438e61e4a55e4a,apply,cet2016-p026-r32-c1,headword,,literal
cet4-w-4618626c765e847a5fee,application,cet2016-p026-r32-c2,listed_related,,literal
cet4-w-bc5d61a8856cd514893e,applicant,cet2016-p026-r32-c3,listed_related,,literal
cet4-w-7a2d3543f26fdfd8a71b,applicable,cet2016-p026-r32-c4,listed_related,,literal
cet4-w-6949df1d52b59dd7720f,appoint,cet2016-p026-r33-c1,headword,,literal
cet4-w-09ed4117a60a72ea0019,appointment,cet2016-p026-r33-c2,listed_related,,literal
cet4-w-90196a7db3bdd617f271,appreciate,cet2016-p026-r35-c1,headword,,literal
cet4-w-ecd40a18c98d929a3c1f,appreciation,cet2016-p026-r35-c2,listed_related,,literal
cet4-w-91ec86513865f0a79531,appreciative,cet2016-p026-r35-c3,listed_related,,literal
cet4-w-9dd729ca25bdcdd216d2,approach,cet2016-p026-r37-c1,headword,,literal
cet4-w-78dcb122ac6f71cdb1dc,appropriate,cet2016-p026-r38-c1,headword,1,literal
cet4-w-9325dbfc433f4cabc115,approve,cet2016-p026-r40-c1,headword,,literal
cet4-w-2f0bdd4a84722aaf026f,approval,cet2016-p026-r40-c2,listed_related,,literal
cet4-w-d29399f138a17bd3e03a,approximate,cet2016-p026-r41-c1,headword,,literal
cet4-w-f00bac260b0aced56b26,approximately,cet2016-p026-r41-c2,listed_related,,literal
cet4-w-3e8ada347ab741b62bab,approximation,cet2016-p026-r41-c3,listed_related,,literal
cet4-w-cd4c9c74c26931e719ce,April,cet2016-p026-r42-c1,headword,,literal
cet4-w-dc7cfbccb1f0f16004f4,aptitude,cet2016-p027-r03-c1,headword,,literal
cet4-w-f1f6e5e513e437c99383,arbitrary,cet2016-p027-r04-c1,headword,,literal
cet4-w-5069f85307984a496695,arbitrarily,cet2016-p027-r04-c2,listed_related,,literal
cet4-w-b51c6e6d03f20d34b3a8,architect,cet2016-p027-r08-c1,headword,,literal
cet4-w-370f524dcf643b1ca5f5,architecture,cet2016-p027-r09-c1,headword,,literal
cet4-w-1d41a2b8bd900c1c72e1,area,cet2016-p027-r12-c1,headword,,literal
cet4-w-1a8da4d0fc91c2d75621,argue,cet2016-p027-r14-c1,headword,,literal
cet4-w-dbbec5738ed144a8e44d,argument,cet2016-p027-r14-c2,listed_related,,literal
cet4-w-d95c78bca0c6715a7120,argumentation,cet2016-p027-r14-c3,listed_related,,literal
cet4-w-f6e6d44255e13355f205,argumentative,cet2016-p027-r14-c4,listed_related,,literal
cet4-w-75a7047e183f9493c916,arguable,cet2016-p027-r14-c5,listed_related,,literal
cet4-w-8a3458c69c2660a55ba4,arise,cet2016-p027-r15-c1,headword,,literal
cet4-w-cca2db25dcba975aa40a,arithmetic,cet2016-p027-r17-c1,headword,,literal
cet4-w-9856934ff36142c57b73,arm,cet2016-p027-r18-c1,headword,,literal
cet4-w-206142eb0da9a97c1f36,armament,cet2016-p027-r18-c2,listed_related,,literal
cet4-w-0d55240645fed95d2958,army,cet2016-p027-r20-c1,headword,,literal
cet4-w-648117f33f0814480409,around,cet2016-p027-r21-c1,headword,,literal
cet4-w-b8f0e962fac1f83e15d7,arouse,cet2016-p027-r22-c1,headword,,literal
cet4-w-f916ad23b9cf53fff462,arousal,cet2016-p027-r22-c2,listed_related,,literal
cet4-w-17bd774f2cced0df2d35,arrange,cet2016-p027-r23-c1,headword,,literal
cet4-w-a0b3627fb5842e64c4c5,arrangement,cet2016-p027-r23-c2,listed_related,,literal
cet4-w-b3e6c925dcfac0fe9df5,arrest,cet2016-p027-r25-c1,headword,,literal
cet4-w-bac8030fda6c0d947a2f,arrive,cet2016-p027-r26-c1,headword,,literal
cet4-w-457222f132b15bc88919,arrival,cet2016-p027-r26-c2,listed_related,,literal
cet4-w-3799e09f8b80d1639dd9,arrow,cet2016-p027-r28-c1,headword,,literal
cet4-w-f1eac6bcf3553530c532,art,cet2016-p027-r29-c1,headword,,literal
cet4-w-31c54e3a0b0eac3b8552,artist,cet2016-p027-r29-c2,listed_related,,literal
cet4-w-cb72822ff4564f9469b5,artistic,cet2016-p027-r29-c3,listed_related,,literal
cet4-w-31b54bd437309a7bf7ce,artistically,cet2016-p027-r29-c4,listed_related,,literal
cet4-w-abd46d4a0a47b296853c,article,cet2016-p027-r31-c1,headword,,literal
cet4-w-be9dab3ed815e9ca8e7a,artificial,cet2016-p027-r34-c1,headword,,literal
cet4-w-5e29932f7f9e4d4cea10,as,cet2016-p027-r36-c1,headword,,literal
cet4-w-5b92b7642af36a95241e,ash,cet2016-p027-r40-c1,headword,,literal
cet4-w-16dc1a9cbcc074c252f9,ashamed,cet2016-p027-r41-c1,headword,,literal
cet4-w-73d1b4483101b3a57c80,ashore,cet2016-p027-r42-c1,headword,,literal
cet4-w-056c04c439cf37f363f6,aside,cet2016-p028-r01-c1,headword,,literal
cet4-w-cc3c7d273ab9082e41d1,ask,cet2016-p028-r02-c1,headword,,literal
cet4-w-d67837f987635b3765f8,asleep,cet2016-p028-r03-c1,headword,,literal
cet4-w-ea857d820f0fcc91529e,aspect,cet2016-p028-r04-c1,headword,,literal
cet4-w-0478e2ae6a316e07b3b6,ass,cet2016-p028-r06-c1,headword,,literal
cet4-w-eb61b009a6d79125b8d2,assemble,cet2016-p028-r09-c1,headword,,literal
cet4-w-94991584bc110978d077,assembly,cet2016-p028-r09-c2,listed_related,,literal
cet4-w-7c985884c091cccaadfe,assess,cet2016-p028-r11-c1,headword,,literal
cet4-w-ec6d7f52ac0c26e5fc16,assessment,cet2016-p028-r11-c2,listed_related,,literal
cet4-w-865c9173335bfd9d78fc,asset,cet2016-p028-r12-c1,headword,,literal
cet4-w-1706ba9fffc673ec12ee,assign,cet2016-p028-r13-c1,headword,,literal
cet4-w-fae25a51352f4900db93,assignment,cet2016-p028-r13-c2,listed_related,,literal
cet4-w-b2b62691cc586039d49b,assist,cet2016-p028-r15-c1,headword,,literal
cet4-w-d6e0d1aeb4ac0d1225f2,assistance,cet2016-p028-r15-c2,listed_related,,literal
cet4-w-33b66e9809cb46c8dc1c,assistant,cet2016-p028-r15-c3,listed_related,,literal
cet4-w-0ff9815fcc9c884e601f,associate,cet2016-p028-r16-c1,headword,,literal
cet4-w-085009a48d1fe132f0dc,association,cet2016-p028-r16-c2,listed_related,,literal
cet4-w-0072054bd3af469f0501,assume,cet2016-p028-r19-c1,headword,,literal
cet4-w-c1bafb570c7afe728ed6,assumption,cet2016-p028-r19-c2,listed_related,,literal
cet4-w-cf78dc4b366595885b95,assure,cet2016-p028-r20-c1,headword,,literal
cet4-w-6206a1f73d8ae3e27c28,assurance,cet2016-p028-r20-c2,listed_related,,literal
cet4-w-9ceceab1588ac63abb2e,astonish,cet2016-p028-r21-c1,headword,,literal
cet4-w-966d313f50e798b500b6,astonishment,cet2016-p028-r21-c2,listed_related,,literal
cet4-w-4298244d072382aa19e7,astronaut,cet2016-p028-r23-c1,headword,,literal
cet4-w-1a9e226641a00d434cda,astronomy,cet2016-p028-r24-c1,headword,,literal
cet4-w-67b503f820741b9262d0,astronomer,cet2016-p028-r24-c2,listed_related,,literal
cet4-w-7ca1b50729666ad769f1,astronomical,cet2016-p028-r24-c3,listed_related,,literal
cet4-w-2e98689985fa82a9a795,at,cet2016-p028-r26-c1,headword,,literal
cet4-w-20c8707e2293f3a40a1b,athlete,cet2016-p028-r27-c1,headword,,literal
cet4-w-0d12baa289f3e36bbad7,athletic,cet2016-p028-r27-c2,listed_related,,literal
cet4-w-4313cdb45b0ef18eb9e4,atmosphere,cet2016-p028-r29-c1,headword,,literal
cet4-w-2bbaf5a66d656792cb91,atmospheric,cet2016-p028-r29-c2,listed_related,,literal
cet4-w-b999f1e7dcc88e96271a,atom,cet2016-p028-r30-c1,headword,,literal
cet4-w-f4fbf3825f5d6ce5dc7d,atomic,cet2016-p028-r30-c2,listed_related,,literal
cet4-w-fb47abe44d05a0e13afd,atop,cet2016-p028-r31-c1,headword,,literal
cet4-w-bc45a4dcd2c0ab07e392,attach,cet2016-p028-r33-c1,headword,,literal
cet4-w-eb943673bbc9e275a829,attachment,cet2016-p028-r33-c2,listed_related,,literal
cet4-w-46d3956d191d0c91dce2,attack,cet2016-p028-r34-c1,headword,,literal
cet4-w-4a8068604e8ac48ded06,attain,cet2016-p028-r35-c1,headword,,literal
cet4-w-ec6a8348f3fdbace4752,attainment,cet2016-p028-r35-c2,listed_related,,literal
cet4-w-ba69d4ab912303b6e80e,attempt,cet2016-p028-r36-c1,headword,,literal
cet4-w-6137b9fe11b015369fad,attend,cet2016-p028-r37-c1,headword,,literal
cet4-w-5b72f32903b6fd08802b,attendance,cet2016-p028-r37-c2,listed_related,,literal
cet4-w-3b6d5ace5c7770aa3ac0,attendant,cet2016-p028-r37-c3,listed_related,,literal
cet4-w-e2d9a1585b273d854b11,attention,cet2016-p028-r38-c1,headword,,literal
cet4-w-a6a516c08d4fc4eec085,attentive,cet2016-p028-r38-c2,listed_related,,literal
cet4-w-b18dc31886cca34c9322,attic,cet2016-p028-r39-c1,headword,,literal
cet4-w-9f3b888b9d8c916f356d,attitude,cet2016-p028-r40-c1,headword,,literal
cet4-w-77fdfa8f9d3537d52180,attorney,cet2016-p028-r41-c1,headword,,literal
cet4-w-660e1fe2c82d8bb6e9cb,attract,cet2016-p028-r42-c1,headword,,literal
cet4-w-8f63a7e693675b9e3051,attraction,cet2016-p028-r42-c2,listed_related,,literal
cet4-w-5a522d9021570e30890a,attractive,cet2016-p028-r42-c3,listed_related,,literal
cet4-w-18d40fee29d30dec145a,attribute,cet2016-p029-r01-c1,headword,,literal
cet4-w-19b776538fb88db4ba61,attributable,cet2016-p029-r01-c2,listed_related,,literal
cet4-w-7ff84ec6fad1c3b78837,attributive,cet2016-p029-r01-c3,listed_related,,literal
cet4-w-2b7611fd48ffc1a7f6d6,audience,cet2016-p029-r03-c1,headword,,literal
cet4-w-47b0c2bce4b312aa1794,audio,cet2016-p029-r04-c1,headword,,literal
cet4-w-b234a5642b4abd299e77,auditorium,cet2016-p029-r06-c1,headword,,literal
cet4-w-17ee5472351971811cd3,August,cet2016-p029-r08-c1,headword,,literal
cet4-w-0ece9261fee17d5bef6e,aunt,cet2016-p029-r09-c1,headword,,literal
cet4-w-b5de09dde37b56e035e5,auntie,cet2016-p029-r09-c2,listed_related,,literal
cet4-w-035603d3f8926d2aa15d,authentic,cet2016-p029-r10-c1,headword,,literal
cet4-w-c1f02abee7293114c8b2,authenticity,cet2016-p029-r10-c2,listed_related,,literal
cet4-w-fa901343db59be844452,author,cet2016-p029-r11-c1,headword,,literal
cet4-w-d8daff3913f46a15685a,authority,cet2016-p029-r12-c1,headword,,literal
cet4-w-fd781b744873c8062f66,authoritative,cet2016-p029-r12-c2,listed_related,,literal
cet4-w-685604036d2bb1b6aaee,authorize,cet2016-p029-r13-c1,headword,,orthographic
cet4-w-d7872b06d0dc35ee4696,authorization,cet2016-p029-r13-c2,listed_related,,orthographic
cet4-w-27856a051d7fab27f6f2,auto,cet2016-p029-r14-c1,headword,,distinct_lexemes
cet4-w-2bb6a6302ef7baa442f3,automobile,cet2016-p029-r14-c1,headword,,distinct_lexemes
cet4-w-ec0451c49058796ca633,automate,cet2016-p029-r16-c1,headword,,literal
cet4-w-7754d4b8c59055258466,automation,cet2016-p029-r16-c2,listed_related,,literal
cet4-w-cc36bc3612feb10f7dfc,automatic,cet2016-p029-r16-c3,listed_related,,literal
cet4-w-9ee79b97433ec5443642,automatically,cet2016-p029-r16-c4,listed_related,,literal
cet4-w-32321e39be529215191f,autumn,cet2016-p029-r18-c1,headword,,literal
cet4-w-7d09a98a1bac6d62529c,available,cet2016-p029-r21-c1,headword,,literal
cet4-w-98fac819132f8c6b535f,availability,cet2016-p029-r21-c2,listed_related,,literal
cet4-w-4fa3d3645dbd9afed5ca,avenue,cet2016-p029-r23-c1,headword,,literal
cet4-w-3e300ac51c6cf5315d86,average,cet2016-p029-r24-c1,headword,,literal
cet4-w-8d422fafd29246a4ff80,aviation,cet2016-p029-r26-c1,headword,,literal
cet4-w-7e8174a878cc960e7d4a,avoid,cet2016-p029-r27-c1,headword,,literal
cet4-w-9ced9168ee34d9ee440a,avoidance,cet2016-p029-r27-c2,listed_related,,literal
cet4-w-b0ee90c744fd2125d2c7,await,cet2016-p029-r28-c1,headword,,literal
cet4-w-1d25b95b798dab39b124,awake,cet2016-p029-r29-c1,headword,,literal
cet4-w-68a371b076a81e883ae4,award,cet2016-p029-r30-c1,headword,,literal
cet4-w-a1799db592c10e6f4fd6,aware,cet2016-p029-r31-c1,headword,,literal
cet4-w-9196ffea18deeafcac6a,awareness,cet2016-p029-r31-c2,listed_related,,literal
cet4-w-e112300ff81bb00f1e11,away,cet2016-p029-r32-c1,headword,,literal
cet4-w-f33383e981b129e4f91e,awe,cet2016-p029-r33-c1,headword,,literal
cet4-w-29aca0f7fe30a0224a02,awesome,cet2016-p029-r34-c1,headword,,literal
cet4-w-3888294532f27c7dd1f0,awful,cet2016-p029-r35-c1,headword,,literal
cet4-w-c54dbffdef2e05d5c32b,awkward,cet2016-p029-r36-c1,headword,,literal
cet4-w-9d3a5c61e10d4a61b254,ax,cet2016-p029-r37-c1,headword,,orthographic
cet4-w-44af3dd7cafca19f7b27,axis,cet2016-p029-r38-c1,headword,,literal
cet4-w-2d9ac4cb378648979c1e,baby,cet2016-p029-r39-c1,headword,,literal
cet4-w-d32e665b30c18fb85c1d,baby boom,cet2016-p029-r40-c1,headword,,literal
cet4-w-22191f8909a765c321bf,baby boomer,cet2016-p029-r40-c2,listed_related,,literal
cet4-w-240294ae7d81f2bdfbbd,bachelor,cet2016-p029-r41-c1,headword,,literal
cet4-w-1c7f03b3bb01b54f6833,back,cet2016-p029-r42-c1,headword,,literal
cet4-w-c9556ba077937b30828a,background,cet2016-p030-r01-c1,headword,,literal
cet4-w-5873f854e644065163ac,backup,cet2016-p030-r02-c1,headword,,literal
cet4-w-39f033d8eac3ce6d5e5d,backward,cet2016-p030-r03-c1,headword,,literal
cet4-w-1a6b1db28813dcff590f,backwards,cet2016-p030-r03-c2,listed_related,,literal
cet4-w-9860fb772965835fa56d,backyard,cet2016-p030-r04-c1,headword,,literal
cet4-w-915f1ad436049895179e,bacon,cet2016-p030-r05-c1,headword,,literal
cet4-w-e9718e53908641cd97e0,bacteria,cet2016-p030-r06-c1,headword,,literal
cet4-w-237c4cbe4c5177ac65a4,bad,cet2016-p030-r07-c1,headword,,literal
cet4-w-61e3179065276ea99edd,badge,cet2016-p030-r08-c1,headword,,literal
cet4-w-fa37c6e2855ab6467591,badly,cet2016-p030-r09-c1,headword,,literal
cet4-w-91e34f4859b09ee1c401,badminton,cet2016-p030-r10-c1,headword,,literal
cet4-w-877feeab6f03f2b9f23e,bag,cet2016-p030-r12-c1,headword,,literal
cet4-w-e022bb3e5cd931889647,baggage,cet2016-p030-r13-c1,headword,,literal
cet4-w-9afb56ecd0a3ca25a45e,bail,cet2016-p030-r14-c1,headword,,literal
cet4-w-9027d3496bc595ee3dea,bait,cet2016-p030-r15-c1,headword,,literal
cet4-w-7ee0d70331472e6f8f35,bake,cet2016-p030-r16-c1,headword,,literal
cet4-w-050ddd16c0b3022fb991,bakery,cet2016-p030-r16-c2,listed_related,,literal
cet4-w-45c499a6f8828cfb7de9,balance,cet2016-p030-r17-c1,headword,,literal
cet4-w-046e70f4956dbc4859a4,balcony,cet2016-p030-r18-c1,headword,,literal
cet4-w-92db3c173511959d2ed9,ball,cet2016-p030-r20-c1,headword,,literal
cet4-w-151d83c00b5aab894068,ballet,cet2016-p030-r21-c1,headword,,literal
cet4-w-dba1a0128f38c3feaa01,balloon,cet2016-p030-r22-c1,headword,,literal
cet4-w-992371b6c01f2b0b043f,ballot,cet2016-p030-r23-c1,headword,,literal
cet4-w-209087acc74f72602c5c,bamboo,cet2016-p030-r24-c1,headword,,literal
cet4-w-d3362c07660d01450e14,ban,cet2016-p030-r25-c1,headword,,literal
cet4-w-1b598a803dfe44ab00ae,banana,cet2016-p030-r26-c1,headword,,literal
cet4-w-d9f1866f884bea0e0bc9,band,cet2016-p030-r27-c1,headword,,literal
cet4-w-5aadf7b94d96f3f50ca9,bandage,cet2016-p030-r28-c1,headword,,literal
cet4-w-07a1c956f9f51c9f0db1,bang,cet2016-p030-r29-c1,headword,,literal
cet4-w-caa70f2896d819b4114a,bank,cet2016-p030-r30-c1,headword,1,literal
cet4-w-2f40e346a5e8e9a8a296,banking,cet2016-p030-r30-c2,listed_related,,literal
cet4-w-ee54f12601442d6dec16,banker,cet2016-p030-r30-c3,listed_related,,literal
cet4-w-caa70f2896d819b4114a,bank,cet2016-p030-r31-c1,headword,2,literal
cet4-w-ea6d36ee7ff8fd4e7955,banknote,cet2016-p030-r32-c1,headword,,literal
cet4-w-7961526a3bc0d260f61c,bankrupt,cet2016-p030-r33-c1,headword,,literal
cet4-w-b614199ec7c84d520853,bankruptcy,cet2016-p030-r33-c2,listed_related,,literal
cet4-w-05143694932447f04d9e,banner,cet2016-p030-r34-c1,headword,,literal
cet4-w-3c48f94f0f28b30a9fc2,banquet,cet2016-p030-r35-c1,headword,,literal
cet4-w-ca630d88ac0e2da2a7b7,bar,cet2016-p030-r36-c1,headword,,literal
cet4-w-03e655c20ed5ef6f24ef,barbecue,cet2016-p030-r37-c1,headword,,distinct_lexemes
cet4-w-af9e9f5e27c9efb68029,BBQ,cet2016-p030-r37-c1,headword,,distinct_lexemes
cet4-w-8beac5c131fc2af89a89,barber,cet2016-p030-r38-c1,headword,,literal
cet4-w-5268cd667bd1c7dca8a6,bare,cet2016-p030-r39-c1,headword,,literal
cet4-w-9b38e9d8dffc5adcff02,barely,cet2016-p030-r39-c2,listed_related,,literal
cet4-w-8481e71badf45e723ea0,bargain,cet2016-p030-r40-c1,headword,,literal
cet4-w-361e3c712ce27f31fa8a,bark,cet2016-p030-r42-c1,headword,,literal
cet4-w-19ae388f207765152b52,barrel,cet2016-p031-r04-c1,headword,,literal
cet4-w-0e3512910d6695297b6b,barrier,cet2016-p031-r06-c1,headword,,literal
cet4-w-7ce1a2c3271991727b12,base,cet2016-p031-r07-c1,headword,,literal
cet4-w-6c14d7dfa1ee669ff8c6,baseball,cet2016-p031-r08-c1,headword,,literal
cet4-w-69d1b341013c14e32b8e,basement,cet2016-p031-r09-c1,headword,,literal
cet4-w-f1940bdf6870b57c14e1,basic,cet2016-p031-r10-c1,headword,,literal
cet4-w-369040694f7e892a9d9d,basically,cet2016-p031-r10-c2,listed_related,,literal
cet4-w-aaabef482cc6785b0541,basin,cet2016-p031-r11-c1,headword,,literal
cet4-w-491ab3e7b0a64ec5a20f,basis,cet2016-p031-r12-c1,headword,,literal
cet4-w-3a551ad6b326344e0901,basket,cet2016-p031-r13-c1,headword,,literal
cet4-w-512625827bf8eae69296,basketball,cet2016-p031-r14-c1,headword,,literal
cet4-w-4b3a2039ead1e852ec8b,bat,cet2016-p031-r16-c1,headword,,literal
cet4-w-f444e4035cc89e9fc34f,batch,cet2016-p031-r17-c1,headword,,literal
cet4-w-598fce4b55070c3535d7,bath,cet2016-p031-r18-c1,headword,,literal
cet4-w-a4dff886bd7f282251a3,bathe,cet2016-p031-r19-c1,headword,,literal
cet4-w-bf758c7727d4f3d581f5,bathroom,cet2016-p031-r20-c1,headword,,literal
cet4-w-8fca367c0407dcd43623,battalion,cet2016-p031-r21-c1,headword,,literal
cet4-w-e697f36632cc8f447a40,battery,cet2016-p031-r23-c1,headword,,literal
cet4-w-38fd09764fc89d90b821,battle,cet2016-p031-r24-c1,headword,,literal
cet4-w-c433d2ca5f79d3352dc5,bay,cet2016-p031-r25-c1,headword,,literal
cet4-w-baa827dd6094913e2274,be,cet2016-p031-r26-c1,headword,,literal
cet4-w-7ac9c97493792c2cc6f9,beach,cet2016-p031-r27-c1,headword,,literal
cet4-w-798656dd6130eb4faa64,beam,cet2016-p031-r30-c1,headword,,literal
cet4-w-ffbd6e8c423a62a8da91,bean,cet2016-p031-r31-c1,headword,,literal
cet4-w-758d66e0330f655d2969,bear,cet2016-p031-r32-c1,headword,,literal
cet4-w-6999b387af92d6db847d,beard,cet2016-p031-r33-c1,headword,,literal
cet4-w-4dfd084c6de0495a2bde,bearing,cet2016-p031-r34-c1,headword,,literal
cet4-w-35786dff5bb8560e4a86,beast,cet2016-p031-r35-c1,headword,,literal
cet4-w-3e33b50bf860cf3894e2,beat,cet2016-p031-r36-c1,headword,,literal
cet4-w-31e882bc715978e5fc34,beauty,cet2016-p031-r37-c1,headword,,literal
cet4-w-48f1047695bc1d87c91f,beautiful,cet2016-p031-r37-c2,listed_related,,literal
cet4-w-97b9e972b14e3137d4b3,beautify,cet2016-p031-r37-c3,listed_related,,literal
cet4-w-37c75596bb63fe228e4a,because,cet2016-p031-r38-c1,headword,,literal
cet4-w-e64cc5a8798fc7049609,become,cet2016-p031-r40-c1,headword,,literal
cet4-w-63736d031290138c0f26,bed,cet2016-p031-r41-c1,headword,,literal
cet4-w-98e29c79a2bfdad7a335,bedding,cet2016-p031-r41-c2,listed_related,,literal
cet4-w-953b41b72da6c30e8cfe,bee,cet2016-p031-r42-c1,headword,,literal
cet4-w-9bef39743f024cbd2d4a,beef,cet2016-p032-r01-c1,headword,,literal
cet4-w-7e4b7c47dc0bcb9e3c24,beer,cet2016-p032-r02-c1,headword,,literal
cet4-w-37f6571c869ac377ffd5,before,cet2016-p032-r04-c1,headword,,literal
cet4-w-2bacbc602e7cc3631156,beforehand,cet2016-p032-r05-c1,headword,,literal
cet4-w-693e85d6526dd59d7cca,beg,cet2016-p032-r06-c1,headword,,literal
cet4-w-89ac04f7499d9aab3caa,beggar,cet2016-p032-r06-c2,listed_related,,literal
cet4-w-42401fd7fbf88108c7df,begin,cet2016-p032-r07-c1,headword,,literal
cet4-w-97fc225684c868ce0315,beginning,cet2016-p032-r07-c2,listed_related,,literal
cet4-w-60813c4a19052ce57074,behalf,cet2016-p032-r08-c1,headword,,literal
cet4-w-16435730d0a115cb0e1f,behave,cet2016-p032-r09-c1,headword,,literal
cet4-w-1ae75c1f030bded253cb,behavior,cet2016-p032-r09-c2,listed_related,,orthographic
cet4-w-de0ae56e824dd5d52cc1,behavioral,cet2016-p032-r09-c3,listed_related,,orthographic
cet4-w-dd8c04c23816c453fddc,behind,cet2016-p032-r10-c1,headword,,literal
cet4-w-728655f6e5db49abd4ff,being,cet2016-p032-r11-c1,headword,,literal
cet4-w-54126f3b862595d3c7cb,belief,cet2016-p032-r12-c1,headword,,literal
cet4-w-103a714f3451525c281b,believe,cet2016-p032-r13-c1,headword,,literal
cet4-w-3aa868c6e817a25f40c5,bell,cet2016-p032-r14-c1,headword,,literal
cet4-w-185cc2f3b80aeeb42b1e,belly,cet2016-p032-r15-c1,headword,,literal
cet4-w-894cb3182538e4a596bb,belong,cet2016-p032-r16-c1,headword,,literal
cet4-w-6ec027cc0283069e27e9,belongings,cet2016-p032-r16-c2,listed_related,,literal
cet4-w-f842f7cf61caa9c785e9,beloved,cet2016-p032-r17-c1,headword,,literal
cet4-w-2d51fd4d1b1a8a084ff9,below,cet2016-p032-r18-c1,headword,,literal
cet4-w-0d7cf9aae3f7ae32f2cf,belt,cet2016-p032-r19-c1,headword,,literal
cet4-w-67e0c0971d73ea6f2d7c,bench,cet2016-p032-r20-c1,headword,,literal
cet4-w-07b8cc7a511847836e5c,bend,cet2016-p032-r21-c1,headword,,literal
cet4-w-70d9707362fd65086c86,beneath,cet2016-p032-r22-c1,headword,,literal
cet4-w-13a6344fd09d8f7f775f,benefit,cet2016-p032-r23-c1,headword,,literal
cet4-w-7a0a158e4a3fa68dfe02,beneficial,cet2016-p032-r23-c2,listed_related,,literal
cet4-w-c61553fc325351be6281,beneficiary,cet2016-p032-r23-c3,listed_related,,literal
cet4-w-ba54578086968d5b3e2f,berry,cet2016-p032-r26-c1,headword,,literal
cet4-w-3f8b40fed946929daa3b,beside,cet2016-p032-r28-c1,headword,,literal
cet4-w-00f4499c72be6c6c6640,besides,cet2016-p032-r29-c1,headword,,literal
cet4-w-7e74cfd51d6156a18345,best,cet2016-p032-r31-c1,headword,,literal
cet4-w-445f9caffafc66afacdc,best-seller,cet2016-p032-r32-c1,headword,,literal
cet4-w-cd30decc231a941c41e5,best-selling,cet2016-p032-r32-c2,listed_related,,literal
cet4-w-0279ba21f587ef8d016f,bet,cet2016-p032-r33-c1,headword,,literal
cet4-w-423c0594866f66619fe6,betray,cet2016-p032-r34-c1,headword,,literal
cet4-w-b5232e69dea109168877,betrayal,cet2016-p032-r34-c2,listed_related,,literal
cet4-w-96700ce8fe4d5fa4593f,better,cet2016-p032-r35-c1,headword,,literal
cet4-w-840de32aef0010146229,between,cet2016-p032-r36-c1,headword,,literal
cet4-w-188ba13575c24412af70,beverage,cet2016-p032-r37-c1,headword,,literal
cet4-w-62eb7081273ac0ace3ec,beyond,cet2016-p032-r40-c1,headword,,literal
cet4-w-5791a4aa939347dec843,bias,cet2016-p032-r41-c1,headword,,literal
cet4-w-fa54589dceb0ad1b9b1b,Bible,cet2016-p032-r42-c1,headword,,literal
cet4-w-2944443465ccf503f00a,Biblical,cet2016-p032-r42-c2,listed_related,,orthographic
cet4-w-cea717bcf783333bc654,bicycle,cet2016-p033-r02-c1,headword,,distinct_lexemes
cet4-w-1db0e127549b8d801147,bike,cet2016-p033-r02-c1,headword,,distinct_lexemes
cet4-w-bbc514997156fd3bfa53,bid,cet2016-p033-r03-c1,headword,,literal
cet4-w-7e51bf14adbab44dfbd8,big,cet2016-p033-r04-c1,headword,,literal
cet4-w-a3df9c239b5b09c2fc0c,bill,cet2016-p033-r06-c1,headword,,literal
cet4-w-b530f7ab7224ce60bfdc,billion,cet2016-p033-r07-c1,headword,,literal
cet4-w-873b642e1b753da8d313,billionaire,cet2016-p033-r07-c2,listed_related,,literal
cet4-w-1a9a90527738dc747e27,bin,cet2016-p033-r08-c1,headword,,literal
cet4-w-39817aa1273c9544cbe4,bind,cet2016-p033-r09-c1,headword,,literal
cet4-w-01e7847e5cf8fab8ade2,biochemistry,cet2016-p033-r11-c1,headword,,literal
cet4-w-1996833fbda4fc305393,biochemical,cet2016-p033-r11-c2,listed_related,,literal
cet4-w-f8cedf6beeace8b60c1f,biochemist,cet2016-p033-r11-c3,listed_related,,literal
cet4-w-65ea0ef67dd6b5010e75,biography,cet2016-p033-r12-c1,headword,,literal
cet4-w-9d7122ace76c5192b0af,biographical,cet2016-p033-r12-c2,listed_related,,literal
cet4-w-a66a1b55072108e2b659,biographer,cet2016-p033-r12-c3,listed_related,,literal
cet4-w-793f39bfe8ffd816b6a3,biology,cet2016-p033-r13-c1,headword,,literal
cet4-w-781616d7c4c2371ca699,biological,cet2016-p033-r13-c2,listed_related,,literal
cet4-w-c9eebb775225a9264c87,biologist,cet2016-p033-r13-c3,listed_related,,literal
cet4-w-55b5cf4c561f5fab0b57,biotechnology,cet2016-p033-r14-c1,headword,,literal
cet4-w-dd123819e942e9003354,bird,cet2016-p033-r15-c1,headword,,literal
cet4-w-03efa2369734880c2211,birth,cet2016-p033-r16-c1,headword,,literal
cet4-w-b2bf6e5b427345da21d7,birthday,cet2016-p033-r17-c1,headword,,literal
cet4-w-4739fa21476ffbd07210,biscuit,cet2016-p033-r18-c1,headword,,literal
cet4-w-27f74e7c9c3dd68895c9,bit,cet2016-p033-r20-c1,headword,,literal
cet4-w-bf7c61539dc52995bd58,bitch,cet2016-p033-r21-c1,headword,,literal
cet4-w-77d08d572ca90dd9a168,bite,cet2016-p033-r22-c1,headword,,literal
cet4-w-4bc30df26207fa315d34,bitter,cet2016-p033-r23-c1,headword,,literal
cet4-w-0d0a284d12a3d49df30d,black,cet2016-p033-r25-c1,headword,,literal
cet4-w-50a30d1bad42f8113242,blackboard,cet2016-p033-r26-c1,headword,,literal
cet4-w-0a0f031ce6e6392174c9,blade,cet2016-p033-r28-c1,headword,,literal
cet4-w-0eea1ad100e7c86f1171,blame,cet2016-p033-r29-c1,headword,,literal
cet4-w-82ab4fe60b55c2b60cd8,blank,cet2016-p033-r30-c1,headword,,literal
cet4-w-5d894c6de3494b4193b7,blanket,cet2016-p033-r31-c1,headword,,literal
cet4-w-925021c1d51c5e62f8fc,blast,cet2016-p033-r32-c1,headword,,literal
cet4-w-04306f19e6787fcff4ac,bleed,cet2016-p033-r36-c1,headword,,literal
cet4-w-293588a0babe7f5ea546,blend,cet2016-p033-r37-c1,headword,,literal
cet4-w-9b3211aee7f12dc35a1b,bless,cet2016-p033-r38-c1,headword,,literal
cet4-w-219f8ce640e8ab9d26ee,blessing,cet2016-p033-r38-c2,listed_related,,literal
cet4-w-4f249d764e7110767deb,blind,cet2016-p033-r39-c1,headword,,literal
cet4-w-6a5461fbd472a09161f0,block,cet2016-p033-r42-c1,headword,,literal
cet4-w-8a6b055214921fc016a5,blog,cet2016-p034-r01-c1,headword,,literal
cet4-w-069f0a535b434bc15097,blond,cet2016-p034-r02-c1,headword,,orthographic
cet4-w-928215e9f3e8e3858c1f,blood,cet2016-p034-r03-c1,headword,,literal
cet4-w-2ad703d600d3b8efca01,bloody,cet2016-p034-r03-c2,listed_related,,literal
cet4-w-fbdcf3328202d277a416,bloom,cet2016-p034-r04-c1,headword,,literal
cet4-w-213feb856eb1a59d8396,blossom,cet2016-p034-r05-c1,headword,,literal
cet4-w-6c36770fce59873f8212,blouse,cet2016-p034-r06-c1,headword,,literal
cet4-w-710e02c8d06562266ffc,blow,cet2016-p034-r07-c1,headword,,literal
cet4-w-9abb88e8546735abad60,blue,cet2016-p034-r08-c1,headword,,literal
cet4-w-c1cc1247933a3cd2b4a0,blueprint,cet2016-p034-r09-c1,headword,,literal
cet4-w-31bfec8adfc621ea31e9,blur,cet2016-p034-r13-c1,headword,,literal
cet4-w-3a4c136be2f3c428a211,board,cet2016-p034-r15-c1,headword,,literal
cet4-w-b8dcd6ff964ea15458fb,boast,cet2016-p034-r16-c1,headword,,literal
cet4-w-bf2d63b41b9d51cbfdf9,boastful,cet2016-p034-r16-c2,listed_related,,literal
cet4-w-dc5cf386712b933b40f7,boat,cet2016-p034-r17-c1,headword,,literal
cet4-w-1e4ab700d3e5e37e14c8,body,cet2016-p034-r18-c1,headword,,literal
cet4-w-ad026e898185446bb9f9,bodily,cet2016-p034-r18-c2,listed_related,,literal
cet4-w-ef5fbe557fe0ce475b98,boil,cet2016-p034-r19-c1,headword,,literal
cet4-w-ace4acec85c9c840cc0f,boiler,cet2016-p034-r19-c2,listed_related,,literal
cet4-w-33d3da728f4b5230d393,bold,cet2016-p034-r20-c1,headword,,literal
cet4-w-74e169616471183c84b2,bolt,cet2016-p034-r22-c1,headword,,literal
cet4-w-4cdd97db3766fe83a17d,bomb,cet2016-p034-r23-c1,headword,,literal
cet4-w-0ae0ddf1c753e71b69a8,bond,cet2016-p034-r24-c1,headword,,literal
cet4-w-dff5498672d447a022dd,bondage,cet2016-p034-r24-c2,listed_related,,literal
cet4-w-5ab50972b9b459883933,bone,cet2016-p034-r25-c1,headword,,literal
cet4-w-4d6731183345afe6bdde,bony,cet2016-p034-r25-c2,listed_related,,literal
cet4-w-3d92914a295bd239ded8,bonus,cet2016-p034-r26-c1,headword,,literal
cet4-w-dc8ed021f0688c2a0f75,book,cet2016-p034-r27-c1,headword,,literal
cet4-w-08c88458ce42cb411faa,boom,cet2016-p034-r28-c1,headword,,literal
cet4-w-214bd877abb4c173665b,boost,cet2016-p034-r29-c1,headword,,literal
cet4-w-c1f24dc7fdef862320f0,boot,cet2016-p034-r30-c1,headword,,literal
cet4-w-d6719c24655ad798933d,booth,cet2016-p034-r31-c1,headword,,literal
cet4-w-e6cebf2094c2cb1530b6,border,cet2016-p034-r32-c1,headword,,literal
cet4-w-05bbeec750c9c2e09f44,bore,cet2016-p034-r33-c1,headword,1,literal
cet4-w-29f2992bac1ebb252c56,boring,cet2016-p034-r33-c2,listed_related,,literal
cet4-w-05bbeec750c9c2e09f44,bore,cet2016-p034-r34-c1,headword,2,literal
cet4-w-305b0b496be89016a9d0,born,cet2016-p034-r35-c1,headword,,literal
cet4-w-fa1abfac3b5b279692db,borrow,cet2016-p034-r36-c1,headword,,literal
cet4-w-fba659d508dfcb4d04a8,boss,cet2016-p034-r37-c1,headword,,literal
cet4-w-94b90ed8731880548b25,both,cet2016-p034-r39-c1,headword,,literal
cet4-w-f27744ff156e45a805d6,bother,cet2016-p034-r40-c1,headword,,literal
cet4-w-947cf514457a45275d02,bottle,cet2016-p034-r41-c1,headword,,literal
cet4-w-18c0dac6b58dc0830171,bottom,cet2016-p034-r42-c1,headword,,literal
cet4-w-a11e17eb6d399a09e7a2,bounce,cet2016-p035-r01-c1,headword,,literal
cet4-w-e2bc673172f86b1d0bbb,bound,cet2016-p035-r02-c1,headword,1,literal
cet4-w-e2bc673172f86b1d0bbb,bound,cet2016-p035-r03-c1,headword,2,literal
cet4-w-e2bc673172f86b1d0bbb,bound,cet2016-p035-r04-c1,headword,3,literal
cet4-w-ca8a67421e033a20d664,boundary,cet2016-p035-r05-c1,headword,,literal
cet4-w-ed0c57d62ab630d15ce9,bow,cet2016-p035-r08-c1,headword,1,literal
cet4-w-ed0c57d62ab630d15ce9,bow,cet2016-p035-r09-c1,headword,2,literal
cet4-w-9153858b3c0e8c84c9f8,bowel,cet2016-p035-r10-c1,headword,,literal
cet4-w-c53c0d2d94ceb7ca24d9,bowl,cet2016-p035-r11-c1,headword,,literal
cet4-w-476d3706ccfa6cdadfb6,box,cet2016-p035-r12-c1,headword,1,literal
cet4-w-476d3706ccfa6cdadfb6,box,cet2016-p035-r13-c1,headword,2,literal
cet4-w-52b71831eedcfc500805,boxing,cet2016-p035-r14-c1,headword,,literal
cet4-w-d671091a7d2c7235c76e,boy,cet2016-p035-r15-c1,headword,,literal
cet4-w-0b5e798922633541feec,bracket,cet2016-p035-r18-c1,headword,,literal
cet4-w-3eaf99819cb04b6b3d03,brag,cet2016-p035-r19-c1,headword,,literal
cet4-w-44b88f9a9bc9eb0d76e4,brain,cet2016-p035-r20-c1,headword,,literal
cet4-w-6a658d644826e62498fc,brake,cet2016-p035-r21-c1,headword,,literal
cet4-w-7dd32fb0cc8d297bc59c,branch,cet2016-p035-r22-c1,headword,,literal
cet4-w-5336011b62198f738386,brand,cet2016-p035-r23-c1,headword,,literal
cet4-w-4e22c9d985b2fcd9c641,brand-new,cet2016-p035-r24-c1,headword,,literal
cet4-w-dc7abf5ef592689d05cd,brandy,cet2016-p035-r25-c1,headword,,literal
cet4-w-22dba84e950e40f6bd8a,brass,cet2016-p035-r26-c1,headword,,literal
cet4-w-4eb8b2c46f0bd8bd61a4,brave,cet2016-p035-r27-c1,headword,,literal
cet4-w-ee9eb45e49387cae3f5d,bravery,cet2016-p035-r27-c2,listed_related,,literal
cet4-w-ea0172a95852a53132aa,bread,cet2016-p035-r29-c1,headword,,literal
cet4-w-a7b3b2f31bb89a15e023,break,cet2016-p035-r30-c1,headword,,literal
cet4-w-c46a172cf8780406ced8,breakdown,cet2016-p035-r31-c1,headword,,literal
cet4-w-788376f56b6fb519e671,breakfast,cet2016-p035-r32-c1,headword,,literal
cet4-w-bad5f59b8eb085367581,breakthrough,cet2016-p035-r33-c1,headword,,literal
cet4-w-f6ea8eb7abe5c389bc4c,breast,cet2016-p035-r34-c1,headword,,literal
cet4-w-a6327dc94f454dbece78,breath,cet2016-p035-r35-c1,headword,,literal
cet4-w-736aae4280ee64b6138d,breathe,cet2016-p035-r36-c1,headword,,literal
cet4-w-701bcff67ef0a354501a,breed,cet2016-p035-r37-c1,headword,,literal
cet4-w-86a9e0e96af2739a15e5,breeze,cet2016-p035-r38-c1,headword,,literal
cet4-w-877b8e6e8675505ea457,bribe,cet2016-p035-r40-c1,headword,,literal
cet4-w-4744623b09374a6238f1,bribery,cet2016-p035-r40-c2,listed_related,,literal
cet4-w-b1a16eb0b9876d446efe,brick,cet2016-p035-r41-c1,headword,,literal
cet4-w-a1ef86fa3d30e2ac9788,bride,cet2016-p035-r42-c1,headword,,literal
cet4-w-5e96a0fc5f64aa38dd5d,bridegroom,cet2016-p036-r01-c1,headword,,literal
cet4-w-6f785870e7c65a755695,bridge,cet2016-p036-r02-c1,headword,,literal
cet4-w-8cc8ef565034fdc16977,brief,cet2016-p036-r03-c1,headword,,literal
cet4-w-1a2b3ce9a736184068bc,briefing,cet2016-p036-r03-c2,listed_related,,literal
cet4-w-0561de55cd50122be071,briefcase,cet2016-p036-r04-c1,headword,,literal
cet4-w-4f6ede95d14b38649dbe,bright,cet2016-p036-r06-c1,headword,,literal
cet4-w-7fbc84daea7794ea3ac8,brighten,cet2016-p036-r06-c2,listed_related,,literal
cet4-w-4c2aaa16cd9abcdd7ca5,brilliant,cet2016-p036-r07-c1,headword,,literal
cet4-w-cecefcef2c7edfa2ddba,brilliance,cet2016-p036-r07-c2,listed_related,,literal
cet4-w-34492c7ce15a5119372c,bring,cet2016-p036-r08-c1,headword,,literal
cet4-w-c3d89a1c911713c2e9bc,broad,cet2016-p036-r11-c1,headword,,literal
cet4-w-c5729a076b335e181c16,broaden,cet2016-p036-r11-c2,listed_related,,literal
cet4-w-e4ea1d0ec72eecdf3146,breadth,cet2016-p036-r11-c3,listed_related,,literal
cet4-w-3881dbea8a179b8146e5,broadcast,cet2016-p036-r12-c1,headword,,literal
cet4-w-04f963b773b379b10def,brochure,cet2016-p036-r13-c1,headword,,literal
cet4-w-81570b03050d59e427f7,broke,cet2016-p036-r14-c1,headword,,literal
cet4-w-c60ea83ccf14a2f68318,broker,cet2016-p036-r15-c1,headword,,literal
cet4-w-19f552ddce061af1558f,broom,cet2016-p036-r18-c1,headword,,literal
cet4-w-9f21c2d079fa870034e1,brother,cet2016-p036-r19-c1,headword,,literal
cet4-w-9b928968b2656a6b89a3,brow,cet2016-p036-r20-c1,headword,,literal
cet4-w-f0701123bc7c42705c3a,brown,cet2016-p036-r21-c1,headword,,literal
cet4-w-d4fd907069043245a558,browse,cet2016-p036-r22-c1,headword,,literal
cet4-w-89ef0e076510741ef472,browser,cet2016-p036-r22-c2,listed_related,,literal
cet4-w-9273b11dfe7c3b8bf917,brunch,cet2016-p036-r24-c1,headword,,literal
cet4-w-f5c9314c94ced8ea1376,brush,cet2016-p036-r25-c1,headword,,literal
cet4-w-1323fadacfcf4fa1c355,brutal,cet2016-p036-r26-c1,headword,,literal
cet4-w-c4e555360ac3c4ea2365,brutality,cet2016-p036-r26-c2,listed_related,,literal
cet4-w-47975f815ab25e89af04,bubble,cet2016-p036-r27-c1,headword,,literal
cet4-w-e9a2a0a2a57cc177b030,buck,cet2016-p036-r28-c1,headword,,literal
cet4-w-8e3786fed6978196830e,bucket,cet2016-p036-r29-c1,headword,,literal
cet4-w-a34182aa38fbe2c0826b,buckle,cet2016-p036-r30-c1,headword,,literal
cet4-w-4c70bf229a6be196ba7d,bud,cet2016-p036-r31-c1,headword,,literal
cet4-w-8d742b6a1d2fd7ad191f,buddy,cet2016-p036-r32-c1,headword,,literal
cet4-w-8f21df0d32a4d483edd2,budget,cet2016-p036-r34-c1,headword,,literal
cet4-w-3f05f899a20421c18b7d,budgetary,cet2016-p036-r34-c2,listed_related,,literal
cet4-w-a522181e9be69dbedd4a,buffet,cet2016-p036-r37-c1,headword,,literal
cet4-w-51681264160f420c662d,bug,cet2016-p036-r38-c1,headword,,literal
cet4-w-3ee336b9368b1a03f610,build,cet2016-p036-r39-c1,headword,,literal
cet4-w-3ee2972d6114ed86308c,building,cet2016-p036-r39-c2,listed_related,,literal
cet4-w-80c16db5003e0f20192a,bulb,cet2016-p036-r40-c1,headword,,literal
cet4-w-f96e04a9e987792959cf,bulk,cet2016-p036-r41-c1,headword,,literal
cet4-w-3905a82d0f97da502e1e,bulky,cet2016-p036-r41-c2,listed_related,,literal
cet4-w-890b14b94f5d7eb7a072,bull,cet2016-p036-r42-c1,headword,,literal
cet4-w-51e91c216375044ab2d5,bullet,cet2016-p037-r01-c1,headword,,literal
cet4-w-668d9fd40946bf9e5996,bulletin,cet2016-p037-r02-c1,headword,,literal
cet4-w-ebc540d9b52a886e3032,bully,cet2016-p037-r03-c1,headword,,literal
cet4-w-90582992a5c4b15aa5c3,bump,cet2016-p037-r04-c1,headword,,literal
cet4-w-b1f5296a902fa3dc2c7f,bumper,cet2016-p037-r05-c1,headword,,literal
cet4-w-ee202cc4db57403e8a26,bunch,cet2016-p037-r06-c1,headword,,literal
cet4-w-a3f12ab34fd918964144,bundle,cet2016-p037-r07-c1,headword,,literal
cet4-w-6fedef481b52aed07fc7,burden,cet2016-p037-r08-c1,headword,,literal
cet4-w-2b1a170ace2a107d66ae,bureau,cet2016-p037-r09-c1,headword,,literal
cet4-w-8b8a6935d749f2e81d49,burn,cet2016-p037-r12-c1,headword,,literal
cet4-w-a8b18f193839dd12b48c,burst,cet2016-p037-r13-c1,headword,,literal
cet4-w-efbb11383813665f6214,bury,cet2016-p037-r14-c1,headword,,literal
cet4-w-8b672b81c505e7d9c86b,burial,cet2016-p037-r14-c2,listed_related,,literal
cet4-w-e48b0eec08a65db081fe,bus,cet2016-p037-r15-c1,headword,,literal
cet4-w-84764fc2b5bdff17f0f2,bush,cet2016-p037-r16-c1,headword,,literal
cet4-w-33bc5fded7fc24544d7a,bushy,cet2016-p037-r16-c2,listed_related,,literal
cet4-w-7e6e6666d047f87a9f4f,business,cet2016-p037-r17-c1,headword,,literal
cet4-w-e5bf26319d83b8cd40c6,businessman,cet2016-p037-r18-c1,headword,,literal
cet4-w-97553fd3b85c2f967fe3,busy,cet2016-p037-r20-c1,headword,,literal
cet4-w-0494114ad933c59d4693,but,cet2016-p037-r21-c1,headword,,literal
cet4-w-fe8aa388bfaf187e49fb,butcher,cet2016-p037-r22-c1,headword,,literal
cet4-w-27ed2b40a0aa2d73a4a7,butter,cet2016-p037-r24-c1,headword,,literal
cet4-w-4feedc68c7f648de0de4,butterfly,cet2016-p037-r25-c1,headword,,literal
cet4-w-cecd13e4b342b5bff718,button,cet2016-p037-r26-c1,headword,,literal
cet4-w-a237ca848667fda1edf6,buy,cet2016-p037-r27-c1,headword,,literal
cet4-w-e4e42ea5113d4f30d495,buyer,cet2016-p037-r27-c2,listed_related,,literal
cet4-w-7fb7c3b72167b46337b8,by,cet2016-p037-r29-c1,headword,,literal
cet4-w-5344361024f751810521,bypass,cet2016-p037-r30-c1,headword,,literal
cet4-w-057e5cdb764582b6e22b,bystander,cet2016-p037-r31-c1,headword,,literal
cet4-w-25ecdf152fc45d7920ba,cab,cet2016-p037-r32-c1,headword,,literal
cet4-w-045457a0cea747dd320b,cabbage,cet2016-p037-r33-c1,headword,,literal
cet4-w-b99e17300c56fdec7573,cabin,cet2016-p037-r34-c1,headword,,literal
cet4-w-afc71f3e62259522c3ea,cabinet,cet2016-p037-r35-c1,headword,,literal
cet4-w-986dddec84ce65b219a6,cable,cet2016-p037-r36-c1,headword,,literal
cet4-w-e3b7f0bb0a49f9a5ed47,cafe,cet2016-p037-r37-c1,headword,,literal
cet4-w-ed01bf8f19a0e07cdb9b,cafeteria,cet2016-p037-r38-c1,headword,,literal
cet4-w-930ed6e43dc85587f2d6,cage,cet2016-p037-r39-c1,headword,,literal
cet4-w-fdcda560df766d8d6201,cake,cet2016-p037-r40-c1,headword,,literal
cet4-w-a992641b7ddd31bcb5c9,calculate,cet2016-p037-r42-c1,headword,,literal
cet4-w-a415fe97bc41e2a8539a,calculation,cet2016-p037-r42-c2,listed_related,,literal
cet4-w-3c3767bf88134a3770db,calculator,cet2016-p037-r42-c3,listed_related,,literal
cet4-w-5267f172cc91ccaa2452,calculating,cet2016-p037-r42-c4,listed_related,,literal
cet4-w-2840969c465a2654ce67,calendar,cet2016-p038-r01-c1,headword,,literal
cet4-w-663cd7d97aaa2816d712,calf,cet2016-p038-r02-c1,headword,,literal
cet4-w-def3bceefc0ed435e43a,call,cet2016-p038-r03-c1,headword,,literal
cet4-w-f33dd244a0c0043dba33,calling,cet2016-p038-r04-c1,headword,,literal
cet4-w-fd4ff0dcfdb76b158217,calm,cet2016-p038-r05-c1,headword,,literal
cet4-w-08514777dd76e217b688,calorie,cet2016-p038-r06-c1,headword,,literal
cet4-w-f702ba6bdd533a06a24d,camel,cet2016-p038-r07-c1,headword,,literal
cet4-w-bd6b0cd601478fdc1206,camera,cet2016-p038-r08-c1,headword,,literal
cet4-w-7f2a6c488e90ef1673d1,camp,cet2016-p038-r09-c1,headword,,literal
cet4-w-ffe93e40d76d796247a0,campaign,cet2016-p038-r10-c1,headword,,literal
cet4-w-8e477c4126119db5470a,campus,cet2016-p038-r11-c1,headword,,literal
cet4-w-44ca47ce3bb7259c70f4,can,cet2016-p038-r12-c1,headword,1,literal
cet4-w-44ca47ce3bb7259c70f4,can,cet2016-p038-r13-c1,headword,2,literal
cet4-w-fb8ec95ff1283b6c7ce7,canal,cet2016-p038-r14-c1,headword,,literal
cet4-w-ad04c178f05e93d4a24b,cancel,cet2016-p038-r15-c1,headword,,literal
cet4-w-99e0997467bcfc7ab552,cancellation,cet2016-p038-r15-c2,listed_related,,literal
cet4-w-1adf0b906f034f4dcd6a,cancer,cet2016-p038-r16-c1,headword,,literal
cet4-w-712e6a41310c4bfe3ccd,candidate,cet2016-p038-r17-c1,headword,,literal
cet4-w-362e71f315e2714a1b57,candidacy,cet2016-p038-r17-c2,listed_related,,literal
cet4-w-c3a1c960c06215b7c82e,candle,cet2016-p038-r18-c1,headword,,literal
cet4-w-a5087af30fb38292cfa8,candy,cet2016-p038-r19-c1,headword,,literal
cet4-w-571193dea68212808268,cane,cet2016-p038-r20-c1,headword,,literal
cet4-w-6d8d79be9560426db944,canteen,cet2016-p038-r23-c1,headword,,literal
cet4-w-3807fc45c5f96854e7db,cap,cet2016-p038-r25-c1,headword,,literal
cet4-w-750a1f2cc567abff88f3,capable,cet2016-p038-r26-c1,headword,,literal
cet4-w-04742591da1fa4fed8d5,capability,cet2016-p038-r26-c2,listed_related,,literal
cet4-w-816c22f2c2068a716d0e,capacity,cet2016-p038-r27-c1,headword,,literal
cet4-w-20f4eea774ef00a9cb39,capital,cet2016-p038-r29-c1,headword,,literal
cet4-w-27eb1de075a577f2559e,capitalist,cet2016-p038-r29-c2,listed_related,,literal
cet4-w-368c5ae020c3d377b57c,capitalism,cet2016-p038-r29-c3,listed_related,,literal
cet4-w-7a38c78e1d7963de0cfd,captain,cet2016-p038-r31-c1,headword,,literal
cet4-w-cb15438785b3a9752242,capture,cet2016-p038-r34-c1,headword,,literal
cet4-w-f1b512761668b355dba4,car,cet2016-p038-r35-c1,headword,,literal
cet4-w-399c7d536a90e1740666,carbon,cet2016-p038-r38-c1,headword,,literal
cet4-w-35b62fef19d278e85ef1,card,cet2016-p038-r39-c1,headword,,literal
cet4-w-63d1049fe501f94b0fb3,cardboard,cet2016-p038-r40-c1,headword,,literal
cet4-w-1aa34961dbb949d2b082,care,cet2016-p038-r42-c1,headword,,literal
cet4-w-e6fee93c0fd1ee819ba7,careful,cet2016-p038-r42-c2,listed_related,,literal
cet4-w-e8dfdd88e6569eff65e6,careless,cet2016-p038-r42-c3,listed_related,,literal
cet4-w-1b75a76672c6a4b9442f,career,cet2016-p039-r01-c1,headword,,literal
cet4-w-96791b6d8d46f137bddc,cargo,cet2016-p039-r02-c1,headword,,literal
cet4-w-9e21ac329cad101a00c0,carpenter,cet2016-p039-r03-c1,headword,,literal
cet4-w-9159addbfc8e4a865511,carpet,cet2016-p039-r04-c1,headword,,literal
cet4-w-e58b6aa2f27899d71156,carriage,cet2016-p039-r05-c1,headword,,literal
cet4-w-4f242d90889afd63a023,carrier,cet2016-p039-r06-c1,headword,,literal
cet4-w-adff2593249fe954f8ea,carrot,cet2016-p039-r07-c1,headword,,literal
cet4-w-1f0b3e1ea68a9d5f09c8,carry,cet2016-p039-r08-c1,headword,,literal
cet4-w-89e5570743ad71446e2a,cart,cet2016-p039-r09-c1,headword,,literal
cet4-w-ebeb7f85d124add6386c,cartoon,cet2016-p039-r11-c1,headword,,literal
cet4-w-6d3e566a4ac8becd0e35,cartoonist,cet2016-p039-r11-c2,listed_related,,literal
cet4-w-b36df35a2a69ca9266f0,case,cet2016-p039-r13-c1,headword,,literal
cet4-w-dbfce41f35727a3f97ff,cash,cet2016-p039-r14-c1,headword,,literal
cet4-w-45c3bc9fe270c958bcf3,cashier,cet2016-p039-r15-c1,headword,,literal
cet4-w-6e703c65abccd2549239,cast,cet2016-p039-r17-c1,headword,,literal
cet4-w-6bb08d2a399924ed70e7,castle,cet2016-p039-r18-c1,headword,,literal
cet4-w-f13ddeb44556dd36f827,casual,cet2016-p039-r19-c1,headword,,literal
cet4-w-f581ba7cb9ed53267dc1,cat,cet2016-p039-r21-c1,headword,,literal
cet4-w-67200dfbd8493720eab3,catalog,cet2016-p039-r22-c1,headword,,orthographic
cet4-w-5ac7a395fe5ba09445bc,catch,cet2016-p039-r24-c1,headword,,literal
cet4-w-44e30685b4030c66309a,category,cet2016-p039-r25-c1,headword,,literal
cet4-w-5f3ecc6f5e8026ee9e59,cater,cet2016-p039-r26-c1,headword,,literal
cet4-w-db12da512dcdee815294,cattle,cet2016-p039-r29-c1,headword,,literal
cet4-w-4597ad804e5aad563761,cause,cet2016-p039-r31-c1,headword,,literal
cet4-w-297f3fb68a36325bcb53,caution,cet2016-p039-r32-c1,headword,,literal
cet4-w-b13f39966d5c49bfd8e6,cautious,cet2016-p039-r32-c2,listed_related,,literal
cet4-w-455031dc89f2f5ba58e6,cave,cet2016-p039-r33-c1,headword,,literal
cet4-w-e8f998d51869db890813,cease,cet2016-p039-r35-c1,headword,,literal
cet4-w-0505f283751b898fea9c,ceiling,cet2016-p039-r36-c1,headword,,literal
cet4-w-6abcb6328da5a5307d99,celebrate,cet2016-p039-r37-c1,headword,,literal
cet4-w-841ee87e9b13976a3dca,celebration,cet2016-p039-r37-c2,listed_related,,literal
cet4-w-be6c1e0d58a64d665923,cell,cet2016-p039-r39-c1,headword,,literal
cet4-w-0e59dadbef792de9dbe7,cellar,cet2016-p039-r40-c1,headword,,literal
cet4-w-40f88564fa90547238ca,cell-phone,cet2016-p039-r41-c1,headword,,literal
cet4-w-b69be7712b43e9428ab4,Celsius,cet2016-p039-r42-c1,headword,,source_spelling_repair
cet4-w-e9ad73364127488efc04,cement,cet2016-p040-r01-c1,headword,,literal
cet4-w-e9c6524fe487f02fe8b7,cent,cet2016-p040-r05-c1,headword,,literal
cet4-w-3308cb456c6b0372bc83,center,cet2016-p040-r06-c1,headword,,orthographic
cet4-w-4e4690b497f120492956,central,cet2016-p040-r06-c2,listed_related,,literal
cet4-w-1eaf6ccbcc36bbc9a731,centralize,cet2016-p040-r06-c3,listed_related,,orthographic
cet4-w-0ec30b62a1ca17c7f2be,centigrade,cet2016-p040-r07-c1,headword,,literal
cet4-w-cc982aff6553769131ca,centimeter,cet2016-p040-r08-c1,headword,,orthographic
cet4-w-adeb83284190de37855e,century,cet2016-p040-r09-c1,headword,,literal
cet4-w-e61b4a15f052a5a92e13,cereal,cet2016-p040-r11-c1,headword,,literal
cet4-w-203a352fc6ef54a26007,ceremony,cet2016-p040-r12-c1,headword,,literal
cet4-w-dda3b4ba3b877e59c87a,ceremonial,cet2016-p040-r12-c2,listed_related,,literal
cet4-w-a5ba230e0eb53b65fb1c,certain,cet2016-p040-r13-c1,headword,,literal
cet4-w-bc00611e9e674f5cabd2,certainly,cet2016-p040-r13-c2,listed_related,,literal
cet4-w-4fe7cdfc2eb7d7244817,certainty,cet2016-p040-r13-c3,listed_related,,literal
cet4-w-9a5ce3a1fbe954602b26,certificate,cet2016-p040-r14-c1,headword,,literal
cet4-w-78b11cdf91a8189aad91,chain,cet2016-p040-r16-c1,headword,,literal
cet4-w-44f1c4c44d59d417bb44,chair,cet2016-p040-r17-c1,headword,,literal
cet4-w-0a4146f93c81a09013b0,chairman,cet2016-p040-r18-c1,headword,,distinct_lexemes
cet4-w-7fb8c7d558e710e50328,chairperson,cet2016-p040-r18-c1,headword,,distinct_lexemes
cet4-w-a31669e4d94a0a4b1a70,chalk,cet2016-p040-r19-c1,headword,,literal
cet4-w-8f4599a245a69a9b6b13,challenge,cet2016-p040-r20-c1,headword,,literal
cet4-w-d169357c4b44d892ab63,challenging,cet2016-p040-r20-c2,listed_related,,literal
cet4-w-c96f8dd7a0b71c368099,champagne,cet2016-p040-r22-c1,headword,,literal
cet4-w-4ee52c41d5a8701f697b,champion,cet2016-p040-r23-c1,headword,,literal
cet4-w-b569312d11aa9a0f1ddf,championship,cet2016-p040-r23-c2,listed_related,,literal
cet4-w-492359869349d01531c2,chance,cet2016-p040-r24-c1,headword,,literal
cet4-w-4166b9ba35447fc442e1,change,cet2016-p040-r26-c1,headword,,literal
cet4-w-3069b923d82857c39a99,channel,cet2016-p040-r27-c1,headword,,literal
cet4-w-1c92d9f285ff53704f0e,chaos,cet2016-p040-r29-c1,headword,,literal
cet4-w-92337ff65752b546407e,chaotic,cet2016-p040-r29-c2,listed_related,,literal
cet4-w-e6dac2d3e4d746e316a2,chapter,cet2016-p040-r31-c1,headword,,literal
cet4-w-10b509d88b6087e1ec27,character,cet2016-p040-r32-c1,headword,,literal
cet4-w-dcc1cee0599400415718,characteristic,cet2016-p040-r32-c2,listed_related,,literal
cet4-w-0dfa4a6815c81480ccfb,characterize,cet2016-p040-r32-c3,listed_related,,orthographic
cet4-w-81fab503de71f9d2e01c,charge,cet2016-p040-r33-c1,headword,,literal
cet4-w-3c7341e26cb352644114,charity,cet2016-p040-r34-c1,headword,,literal
cet4-w-a897356a7d7c07375ab1,charitable,cet2016-p040-r34-c2,listed_related,,literal
cet4-w-f6092178fe5d65b3496f,charm,cet2016-p040-r35-c1,headword,,literal
cet4-w-6ff4a3da5ce47e9a1735,charming,cet2016-p040-r35-c2,listed_related,,literal
cet4-w-13d750c7867e9c8e9adf,chart,cet2016-p040-r36-c1,headword,,literal
cet4-w-201afd57ea6afe1f6bc4,charter,cet2016-p040-r37-c1,headword,,literal
cet4-w-3b354c19dd9f74340eeb,chase,cet2016-p040-r38-c1,headword,,literal
cet4-w-5366708f9ad63c5d3776,chat,cet2016-p040-r39-c1,headword,,literal
cet4-w-918d45725908e3772a8b,cheap,cet2016-p040-r40-c1,headword,,literal
cet4-w-f78f6e3210ce913873c2,cheat,cet2016-p040-r41-c1,headword,,literal
cet4-w-0e17f6b3a819213f5943,check,cet2016-p040-r42-c1,headword,1,literal
cet4-w-0e17f6b3a819213f5943,check,cet2016-p041-r01-c1,headword,2,orthographic
cet4-w-9a72d978ec06fb5668ad,cheek,cet2016-p041-r02-c1,headword,,literal
cet4-w-4b10be0dbddeda512d82,cheer,cet2016-p041-r03-c1,headword,,literal
cet4-w-a4ba4224c42604a58449,cheerful,cet2016-p041-r03-c2,listed_related,,literal
cet4-w-3cf757af287d87939f3f,cheese,cet2016-p041-r04-c1,headword,,literal
cet4-w-3312f8d8c75ea2e9e392,chef,cet2016-p041-r05-c1,headword,,literal
cet4-w-0701f32572b1cea0911b,chemistry,cet2016-p041-r06-c1,headword,,literal
cet4-w-191e491a880c3b547242,chemical,cet2016-p041-r06-c2,listed_related,,literal
cet4-w-0c414d5b0c52173ecf02,chemist,cet2016-p041-r06-c3,listed_related,,literal
cet4-w-a274addadb4a28825ba0,cherish,cet2016-p041-r07-c1,headword,,literal
cet4-w-73cd11b03e3e068037fd,chess,cet2016-p041-r08-c1,headword,,literal
cet4-w-9fc995eec5ea96bfcbc0,chest,cet2016-p041-r09-c1,headword,,literal
cet4-w-2ce9d3be5bcd127eb907,chew,cet2016-p041-r10-c1,headword,,literal
cet4-w-836ceb7af83f3dc03cc1,chicken,cet2016-p041-r11-c1,headword,,literal
cet4-w-fd61f23e6cbf92cf418e,chief,cet2016-p041-r12-c1,headword,,literal
cet4-w-d84a36499767c2a3d0e3,child,cet2016-p041-r13-c1,headword,,literal
cet4-w-2de2b88c297dc2b33c90,childish,cet2016-p041-r13-c2,listed_related,,literal
cet4-w-bb8021c47c2d86db42e2,chill,cet2016-p041-r14-c1,headword,,literal
cet4-w-d5a6f1ef041dc3cf5190,chilly,cet2016-p041-r14-c2,listed_related,,literal
cet4-w-efafc87e37472fc2008e,chimney,cet2016-p041-r15-c1,headword,,literal
cet4-w-b48029847489b044d632,chin,cet2016-p041-r16-c1,headword,,literal
cet4-w-23095cd139bdbdd3eb2e,china,cet2016-p041-r17-c1,headword,,literal
cet4-w-dc0d1486eb84365f0ef1,chip,cet2016-p041-r18-c1,headword,,literal
cet4-w-c2483115edf2c72c76a3,chocolate,cet2016-p041-r19-c1,headword,,literal
cet4-w-89d526ee0e35216c62b0,choice,cet2016-p041-r20-c1,headword,,literal
cet4-w-b829bae036c0fa6a39e8,choke,cet2016-p041-r22-c1,headword,,literal
cet4-w-9e39114d995b03dc2266,cholesterol,cet2016-p041-r23-c1,headword,,literal
cet4-w-ac35d361f697f1f97bb7,choose,cet2016-p041-r24-c1,headword,,literal
cet4-w-b645abd8f073bae1ed15,choosy,cet2016-p041-r24-c2,listed_related,,literal
cet4-w-627038c8848a9d09e999,chop,cet2016-p041-r25-c1,headword,,literal
cet4-w-76c26329051dc6e8f8c4,chopstick,cet2016-p041-r26-c1,headword,,literal
cet4-w-ded695194312b331d841,chore,cet2016-p041-r28-c1,headword,,literal
cet4-w-b9dec86a5cc73d78d513,chorus,cet2016-p041-r29-c1,headword,,literal
cet4-w-bcf13defcd4975f17cda,Christ,cet2016-p041-r30-c1,headword,,literal
cet4-w-c47bb4699fa0a6904158,Christmas,cet2016-p041-r30-c2,listed_related,,literal
cet4-w-e76c98f5604b068fec2a,Christian,cet2016-p041-r30-c3,listed_related,,literal
cet4-w-a6e578aa4cb0f01c047a,Christianity,cet2016-p041-r30-c4,listed_related,,literal
cet4-w-adb2f95fd400b147360e,church,cet2016-p041-r34-c1,headword,,literal
cet4-w-483df03b44eaf205d105,cigar,cet2016-p041-r35-c1,headword,,literal
cet4-w-35c94477ad7d2d34553f,cigaret,cet2016-p041-r36-c1,headword,,orthographic
cet4-w-82a0110adab0333f5e46,cinema,cet2016-p041-r37-c1,headword,,literal
cet4-w-6169b308d7d62b0acce3,circle,cet2016-p041-r38-c1,headword,,literal
cet4-w-7bdd6c56d7e7156c64c5,circular,cet2016-p041-r38-c2,listed_related,,literal
cet4-w-961879ce60f1c9ea0b5b,circuit,cet2016-p041-r39-c1,headword,,literal
cet4-w-45ce6c64e7b0720d4bb3,circulate,cet2016-p041-r40-c1,headword,,literal
cet4-w-e55bcfc76823bf8689ee,circulation,cet2016-p041-r40-c2,listed_related,,literal
cet4-w-25b5a6ec8bb828fcb229,circumstance,cet2016-p041-r41-c1,headword,,literal
cet4-w-af30679f06ccdba29b66,circus,cet2016-p041-r42-c1,headword,,literal
cet4-w-dd78d6c1158bcd532dd1,cite,cet2016-p042-r01-c1,headword,,literal
cet4-w-ab3ecfc34030393802d3,citation,cet2016-p042-r01-c2,listed_related,,literal
cet4-w-2424f7335515012f0131,citizen,cet2016-p042-r02-c1,headword,,literal
cet4-w-eecc5af8a3dd8731d2d9,citizenship,cet2016-p042-r02-c2,listed_related,,literal
cet4-w-9f339c23a832077269d8,city,cet2016-p042-r03-c1,headword,,literal
cet4-w-2b263ed09bef956b6357,civil,cet2016-p042-r05-c1,headword,,literal
cet4-w-b39cf359e718ef3a84b1,civilize,cet2016-p042-r05-c2,listed_related,,orthographic
cet4-w-eaa21e0c509c1db2126f,civilization,cet2016-p042-r05-c3,listed_related,,orthographic
cet4-w-57fb82f6d07da0eaef64,civilian,cet2016-p042-r06-c1,headword,,literal
cet4-w-3f860a91da24573cc6cb,claim,cet2016-p042-r07-c1,headword,,literal
cet4-w-a54088ed5d15e8fe8604,clap,cet2016-p042-r10-c1,headword,,literal
cet4-w-98f21cf325154cc67553,clarity,cet2016-p042-r11-c1,headword,,literal
cet4-w-6a464da3e0c6bf4069c7,clarify,cet2016-p042-r11-c2,listed_related,,literal
cet4-w-585d6fd7bcc49d53b464,clarification,cet2016-p042-r11-c3,listed_related,,literal
cet4-w-8b65d3685a3f323a458e,clash,cet2016-p042-r12-c1,headword,,literal
cet4-w-08ff990e798f6c0c5045,class,cet2016-p042-r14-c1,headword,,literal
cet4-w-a0ed20988f2976c1bb67,classic,cet2016-p042-r15-c1,headword,,literal
cet4-w-eb4e7a895c755826d934,classical,cet2016-p042-r15-c2,listed_related,,literal
cet4-w-02979527737a219dd701,classify,cet2016-p042-r16-c1,headword,,literal
cet4-w-1ede50341224621faaee,classification,cet2016-p042-r16-c2,listed_related,,literal
cet4-w-e3a052bfcd2176b6c6dc,classified,cet2016-p042-r16-c3,listed_related,,literal
cet4-w-605dc18eb6d2a0838861,classmate,cet2016-p042-r17-c1,headword,,literal
cet4-w-aef3be74ca48b7eb3d7b,classroom,cet2016-p042-r18-c1,headword,,literal
cet4-w-f9c9beecbc2eaf35363f,clause,cet2016-p042-r19-c1,headword,,literal
cet4-w-d37e88931444e51fdda4,claw,cet2016-p042-r20-c1,headword,,literal
cet4-w-6f5e8518ce542f20e3be,clay,cet2016-p042-r21-c1,headword,,literal
cet4-w-5deefe79dd13b5155513,clean,cet2016-p042-r22-c1,headword,,literal
cet4-w-479d7345f2628e144161,clear,cet2016-p042-r24-c1,headword,,literal
cet4-w-2789643dc811d77414ab,clearly,cet2016-p042-r24-c2,listed_related,,literal
cet4-w-aee48d35b16272e120a3,clear-cut,cet2016-p042-r26-c1,headword,,literal
cet4-w-4c351f331784295061d8,clerk,cet2016-p042-r30-c1,headword,,literal
cet4-w-12f10874858b33e49903,clerical,cet2016-p042-r30-c2,listed_related,,literal
cet4-w-a4e3013bfe7207871d0e,clever,cet2016-p042-r31-c1,headword,,literal
cet4-w-0e4be1f4db48e940eb4d,click,cet2016-p042-r33-c1,headword,,literal
cet4-w-6b330b7fdcbbbbcdbde9,client,cet2016-p042-r34-c1,headword,,literal
cet4-w-983af59b8d1178812f9c,cliff,cet2016-p042-r35-c1,headword,,literal
cet4-w-10a10e8a7b263b5b0837,climate,cet2016-p042-r36-c1,headword,,literal
cet4-w-60ee699068ead6def7a6,climatic,cet2016-p042-r36-c2,listed_related,,literal
cet4-w-cba8ca4e35a8afef28ab,climax,cet2016-p042-r37-c1,headword,,literal
cet4-w-a50c942799122b9eb9f5,climb,cet2016-p042-r38-c1,headword,,literal
cet4-w-cf91485621b01577c92f,cling,cet2016-p042-r39-c1,headword,,literal
cet4-w-8e9e45ef8d475842ea3d,clinic,cet2016-p042-r40-c1,headword,,literal
cet4-w-13c33acd16b9472a72c0,clinical,cet2016-p042-r40-c2,listed_related,,literal
cet4-w-f6c2e8fcc9d67fd3bf68,clip,cet2016-p042-r41-c1,headword,,literal
cet4-w-24b596b488ff93c3038b,clock,cet2016-p043-r01-c1,headword,,literal
cet4-w-8cb804dfbb9586e4b80d,clockwise,cet2016-p043-r02-c1,headword,,literal
cet4-w-cf6174022158d8dd6920,clone,cet2016-p043-r04-c1,headword,,literal
cet4-w-3291fe74b24416bfb464,close,cet2016-p043-r05-c1,headword,,literal
cet4-w-899892d0e43fa8e3cac5,cloth,cet2016-p043-r07-c1,headword,,literal
cet4-w-de0051eda1b0b59874d8,clothe,cet2016-p043-r08-c1,headword,,literal
cet4-w-c0dc40cb754bc4706eb2,clothing,cet2016-p043-r08-c2,listed_related,,literal
cet4-w-e4dd3c0ee9188acdd0d1,clothes,cet2016-p043-r09-c1,headword,,literal
cet4-w-7c9741074edbba42955b,cloud,cet2016-p043-r10-c1,headword,,literal
cet4-w-24c2aa7eee8862a81435,cloudy,cet2016-p043-r10-c2,listed_related,,literal
cet4-w-1e8e3c7ff2a6993d9df8,clown,cet2016-p043-r11-c1,headword,,literal
cet4-w-e3d97ddac010e7ec21de,club,cet2016-p043-r12-c1,headword,,literal
cet4-w-eeed1117c809f3f9b5f0,clue,cet2016-p043-r13-c1,headword,,literal
cet4-w-2be7333ea627a4886667,clumsy,cet2016-p043-r14-c1,headword,,literal
cet4-w-282c24d73bf0ea294f63,coach,cet2016-p043-r17-c1,headword,,literal
cet4-w-b9fc111aec39e34a190f,coal,cet2016-p043-r18-c1,headword,,literal
cet4-w-0bc543054a4e1153d818,coarse,cet2016-p043-r20-c1,headword,,literal
cet4-w-07465e04a8ba4b8fb51e,coast,cet2016-p043-r21-c1,headword,,literal
cet4-w-390704f108848553e3ed,coastal,cet2016-p043-r21-c2,listed_related,,literal
cet4-w-78c83cfae6eda5df859b,coat,cet2016-p043-r22-c1,headword,,literal
cet4-w-4951d153238880090fe8,cock,cet2016-p043-r24-c1,headword,,literal
cet4-w-48aa9e216989cf52d9c7,code,cet2016-p043-r28-c1,headword,,literal
cet4-w-ca078839eedf1799bfdf,coffee,cet2016-p043-r30-c1,headword,,literal
cet4-w-f43efa04d89b6bcfe967,coherent,cet2016-p043-r32-c1,headword,,literal
cet4-w-919748af866293d21ce3,coherence,cet2016-p043-r32-c2,listed_related,,literal
cet4-w-2459d15e64f4c32d06dc,cohesion,cet2016-p043-r33-c1,headword,,literal
cet4-w-d3b3b63309e73a82dec2,cohesive,cet2016-p043-r33-c2,listed_related,,literal
cet4-w-9a43b4824be4a0e3b348,coil,cet2016-p043-r34-c1,headword,,literal
cet4-w-151b43178be467da99ba,coin,cet2016-p043-r35-c1,headword,,literal
cet4-w-c5a2f5de5ea1a4e18de8,coinage,cet2016-p043-r35-c2,listed_related,,literal
cet4-w-644d27d1d7b3a340f1fa,cold,cet2016-p043-r37-c1,headword,,literal
cet4-w-fb15d76ce51e0fb4d6c4,collaborate,cet2016-p043-r38-c1,headword,,literal
cet4-w-d7fcc4b2a6e665cbc29c,collaboration,cet2016-p043-r38-c2,listed_related,,literal
cet4-w-e85769d3c4c8554ea7ad,collaborative,cet2016-p043-r38-c3,listed_related,,literal
cet4-w-d2ec91efec43841e42b5,collapse,cet2016-p043-r39-c1,headword,,literal
cet4-w-582fdc2b430d00fd69f8,collar,cet2016-p043-r40-c1,headword,,literal
cet4-w-fbde4557c49d9ed74404,colleague,cet2016-p043-r41-c1,headword,,literal
cet4-w-7fc24c55dbf04a7d0c5b,collect,cet2016-p043-r42-c1,headword,,literal
cet4-w-b25bebbcc11b890043c7,collection,cet2016-p043-r42-c2,listed_related,,literal
cet4-w-8a0895dc86295e5edde7,collective,cet2016-p044-r01-c1,headword,,literal
cet4-w-a92cfb2129d70069e327,college,cet2016-p044-r02-c1,headword,,literal
cet4-w-e2e92549339b588635bd,colon,cet2016-p044-r04-c1,headword,,literal
cet4-w-64721a126ca07a3b44e0,semi-colon,cet2016-p044-r04-c2,listed_related,,literal
cet4-w-d5b09a22db030ea994c4,colony,cet2016-p044-r06-c1,headword,,literal
cet4-w-b248e2866932ddd609aa,colonial,cet2016-p044-r06-c2,listed_related,,literal
cet4-w-79880777bba93bcdf163,colonialism,cet2016-p044-r06-c3,listed_related,,literal
cet4-w-23b4c733c6de6fdca995,colonize,cet2016-p044-r06-c4,listed_related,,orthographic
cet4-w-ddf68ca6cd54aa5da878,color,cet2016-p044-r07-c1,headword,,orthographic
cet4-w-29b1cf9d6e1ebb88cc3b,colorful,cet2016-p044-r07-c2,listed_related,,orthographic
cet4-w-aa98b9ac382e253f2f87,column,cet2016-p044-r08-c1,headword,,literal
cet4-w-dbe0d486a36e5dae51f6,columnist,cet2016-p044-r08-c2,listed_related,,literal
cet4-w-2ca822cb0435351bab99,comb,cet2016-p044-r09-c1,headword,,literal
cet4-w-6c50935f729833b83f28,combat,cet2016-p044-r10-c1,headword,,literal
cet4-w-78b4348e9770cb00a180,combative,cet2016-p044-r10-c2,listed_related,,literal
cet4-w-31fa36966c4c4e0beee5,combine,cet2016-p044-r11-c1,headword,,literal
cet4-w-533e0e66843aa9b2fb59,combination,cet2016-p044-r11-c2,listed_related,,literal
cet4-w-d2721d81d6029c46469a,come,cet2016-p044-r12-c1,headword,,literal
cet4-w-4624051671e9a4df7ddf,comedy,cet2016-p044-r13-c1,headword,,literal
cet4-w-7629d782a5f7ebea3814,comfort,cet2016-p044-r15-c1,headword,,literal
cet4-w-47f2f064b5a7b879e45c,comfortable,cet2016-p044-r15-c2,listed_related,,literal
cet4-w-e8115c55e016e59917b8,comma,cet2016-p044-r17-c1,headword,,literal
cet4-w-c3b7a9e68ba1b1a2c57a,command,cet2016-p044-r18-c1,headword,,literal
cet4-w-8c4f7b3feb6d56bfd745,commander,cet2016-p044-r18-c2,listed_related,,literal
cet4-w-ea82a98a7a6b6ba96aa6,commence,cet2016-p044-r20-c1,headword,,literal
cet4-w-03ebed875c932743971b,commencement,cet2016-p044-r20-c2,listed_related,,literal
cet4-w-f4ca56177b24339c54a8,comment,cet2016-p044-r22-c1,headword,,literal
cet4-w-cc4098f20b675b9eadd7,commentary,cet2016-p044-r22-c2,listed_related,,literal
cet4-w-30edeb411c6c9fa20e1d,commentator,cet2016-p044-r22-c3,listed_related,,literal
cet4-w-992b96a0d9b1847db9e6,commerce,cet2016-p044-r23-c1,headword,,literal
cet4-w-fe5af48c4b2e1ef7f804,commercial,cet2016-p044-r23-c2,listed_related,,literal
cet4-w-d47163164a928cf5700a,commercialize,cet2016-p044-r23-c3,listed_related,,orthographic
cet4-w-b4c986393a5a82516002,commission,cet2016-p044-r24-c1,headword,,literal
cet4-w-d6860652ff28b72a5f11,commit,cet2016-p044-r25-c1,headword,,literal
cet4-w-343f38ffb2eb6b8b4f36,commitment,cet2016-p044-r25-c2,listed_related,,literal
cet4-w-eeda8a3754d43d868a04,committee,cet2016-p044-r26-c1,headword,,literal
cet4-w-b42f66bd83d6cd3c4bcf,commodity,cet2016-p044-r27-c1,headword,,literal
cet4-w-cd15579636baabd4c224,common,cet2016-p044-r28-c1,headword,,literal
cet4-w-736622d80e88f645eea0,commonplace,cet2016-p044-r29-c1,headword,,literal
cet4-w-df062b6484f85e5b055b,communicate,cet2016-p044-r31-c1,headword,,literal
cet4-w-bef72891cf02b6936435,communication,cet2016-p044-r31-c2,listed_related,,literal
cet4-w-d2d1dcff1324ca71e764,communicative,cet2016-p044-r31-c3,listed_related,,literal
cet4-w-f0ed66681b7ed5671e09,commune,cet2016-p044-r32-c1,headword,,literal
cet4-w-40b1da07a1e5a1914444,communist,cet2016-p044-r32-c2,listed_related,,literal
cet4-w-da6cdea0805dccf68be5,communism,cet2016-p044-r32-c3,listed_related,,literal
cet4-w-db11af5169a5137a6c5e,community,cet2016-p044-r33-c1,headword,,literal
cet4-w-f8f690f309100bcbefca,commute,cet2016-p044-r34-c1,headword,,literal
cet4-w-3eed37d812672285445b,commuter,cet2016-p044-r34-c2,listed_related,,literal
cet4-w-3a0cd647d980a0dd24f5,compact,cet2016-p044-r35-c1,headword,,literal
cet4-w-2da024a6aebe2166c6e2,companion,cet2016-p044-r36-c1,headword,,literal
cet4-w-55bba39ae77560e26ba8,companionship,cet2016-p044-r36-c2,listed_related,,literal
cet4-w-d3645c4b1a6d4019cf0d,company,cet2016-p044-r37-c1,headword,,literal
cet4-w-e6867606f02db815b508,compare,cet2016-p044-r38-c1,headword,,literal
cet4-w-42dd0b84322a7227a615,comparison,cet2016-p044-r38-c2,listed_related,,literal
cet4-w-39c1a691f80b0c78fd6c,comparative,cet2016-p044-r38-c3,listed_related,,literal
cet4-w-9839925814444e6bdb88,comparable,cet2016-p044-r38-c4,listed_related,,literal
cet4-w-935ad1753faf23c903fb,compass,cet2016-p044-r40-c1,headword,,literal
cet4-w-88868eeb2d09d11c14a2,compatible,cet2016-p044-r42-c1,headword,,literal
cet4-w-39ca7b81efc5878f46b8,compatibility,cet2016-p044-r42-c2,listed_related,,literal
cet4-w-ade508857f9a8948aac6,compel,cet2016-p045-r01-c1,headword,,literal
cet4-w-6af5dd75fda7b45e411d,compelling,cet2016-p045-r01-c2,listed_related,,literal
cet4-w-c96ffb065c08c3464b5d,compensate,cet2016-p045-r02-c1,headword,,literal
cet4-w-9319f31bfe108bea7cdc,compensation,cet2016-p045-r02-c2,listed_related,,literal
cet4-w-6924697bc85f1d8deec3,compensatory,cet2016-p045-r02-c3,listed_related,,literal
cet4-w-1657b980078b1352c535,compete,cet2016-p045-r03-c1,headword,,literal
cet4-w-a970d28326e883ea7205,competition,cet2016-p045-r03-c2,listed_related,,literal
cet4-w-080f6a5c8d19cef500e2,competitive,cet2016-p045-r03-c3,listed_related,,literal
cet4-w-92f0b5c582731f9b1ef9,competitor,cet2016-p045-r03-c4,listed_related,,literal
cet4-w-7808bf0ca9b8b7cfaef7,competent,cet2016-p045-r04-c1,headword,,literal
cet4-w-01baa1f2f4f7bf9d640e,competence,cet2016-p045-r04-c2,listed_related,,literal
cet4-w-318de8726a99f5ca3660,complain,cet2016-p045-r07-c1,headword,,literal
cet4-w-64c8f88d5363730b8730,complaint,cet2016-p045-r07-c2,listed_related,,literal
cet4-w-64ce44f216c408b07d47,complete,cet2016-p045-r09-c1,headword,,literal
cet4-w-8f3b57d5384ae0ed3f84,completion,cet2016-p045-r09-c2,listed_related,,literal
cet4-w-95ac2fbb1d60e88dec84,complex,cet2016-p045-r10-c1,headword,,literal
cet4-w-01a27715b0518577003e,complexity,cet2016-p045-r10-c2,listed_related,,literal
cet4-w-b12e4e28152334225bc6,complicate,cet2016-p045-r12-c1,headword,,literal
cet4-w-0cbc0408862c10bc3a25,complicated,cet2016-p045-r12-c2,listed_related,,literal
cet4-w-2230d07a9ed67355a418,complication,cet2016-p045-r12-c3,listed_related,,literal
cet4-w-6079c31130b64c57f95b,comply,cet2016-p045-r14-c1,headword,,literal
cet4-w-70848edd08ae9b2ba28f,compliance,cet2016-p045-r14-c2,listed_related,,literal
cet4-w-6dec3aa1dbfab3d6b27d,component,cet2016-p045-r15-c1,headword,,literal
cet4-w-03c9e0a7fe5436084018,compose,cet2016-p045-r16-c1,headword,,literal
cet4-w-51e03ca41a023ef54117,composition,cet2016-p045-r16-c2,listed_related,,literal
cet4-w-edae39f8b3f4fe990285,composer,cet2016-p045-r16-c3,listed_related,,literal
cet4-w-816d91459516e705577d,compound,cet2016-p045-r18-c1,headword,1,literal
cet4-w-816d91459516e705577d,compound,cet2016-p045-r19-c1,headword,2,literal
cet4-w-044f0becb4d9e3f89ec0,comprehend,cet2016-p045-r20-c1,headword,,literal
cet4-w-b37f030c245e45e7c74c,comprehension,cet2016-p045-r20-c2,listed_related,,literal
cet4-w-6392b7a64632c986bb9c,comprehensive,cet2016-p045-r21-c1,headword,,literal
cet4-w-64090add3915a26f4336,comprise,cet2016-p045-r23-c1,headword,,literal
cet4-w-341dd596b181aee5883d,compromise,cet2016-p045-r24-c1,headword,,literal
cet4-w-fcb7303f73d5f95553d9,compulsory,cet2016-p045-r25-c1,headword,,literal
cet4-w-7d22e3cfb092df96a8bc,compute,cet2016-p045-r26-c1,headword,,literal
cet4-w-316008c7e207affc55b6,computer,cet2016-p045-r26-c2,listed_related,,literal
cet4-w-b9b3ec69e847d274aba7,computerize,cet2016-p045-r26-c3,listed_related,,orthographic
cet4-w-5f5d36dad3506e17356a,computation,cet2016-p045-r26-c4,listed_related,,literal
cet4-w-ae6d531b9d642bb29b6f,comrade,cet2016-p045-r27-c1,headword,,literal
cet4-w-1d196f0e5ab308738079,conceal,cet2016-p045-r28-c1,headword,,literal
cet4-w-0a9a579e56af0ee48a8d,concealment,cet2016-p045-r28-c2,listed_related,,literal
cet4-w-a9ba33f71a2f24e77036,concentrate,cet2016-p045-r32-c1,headword,,literal
cet4-w-b17dae8ff9410a29f40d,concentration,cet2016-p045-r32-c2,listed_related,,literal
cet4-w-689fdc605568a9e9b8a9,concept,cet2016-p045-r33-c1,headword,,literal
cet4-w-6f556adcb97e22b3209e,conceptual,cet2016-p045-r33-c2,listed_related,,literal
cet4-w-49548c3f63084ea45115,concern,cet2016-p045-r34-c1,headword,,literal
cet4-w-10276a9700d2a00b8427,concerned,cet2016-p045-r34-c2,listed_related,,literal
cet4-w-7fade0b6e4380dd2c13b,concerning,cet2016-p045-r34-c3,listed_related,,literal
cet4-w-4d96746bbd7be68f35fd,concert,cet2016-p045-r35-c1,headword,,literal
cet4-w-ce455b4d519ff04b1316,concerted,cet2016-p045-r35-c2,listed_related,,literal
cet4-w-27c2c4a792b5c12e4553,conclude,cet2016-p045-r37-c1,headword,,literal
cet4-w-8c624d928b7d364d82b5,conclusion,cet2016-p045-r37-c2,listed_related,,literal
cet4-w-8eb8e9598e3e9400e744,conclusive,cet2016-p045-r37-c3,listed_related,,literal
cet4-w-4a16258064aac8caea1b,concrete,cet2016-p045-r38-c1,headword,,literal
cet4-w-1c2ceba50fcb160bba1b,condemn,cet2016-p045-r40-c1,headword,,literal
cet4-w-73e7d8ecb45aecd54a62,condemnation,cet2016-p045-r40-c2,listed_related,,literal
cet4-w-2222a5e65be4b3a2d2c4,condense,cet2016-p045-r41-c1,headword,,literal
cet4-w-86db7c5056ba52b0d9ff,condensation,cet2016-p045-r41-c2,listed_related,,literal
cet4-w-d6bd5c8f7d059ee5ec8c,condition,cet2016-p045-r42-c1,headword,,literal
cet4-w-07eb5ab461a801c115f0,conditional,cet2016-p045-r42-c2,listed_related,,literal
cet4-w-a3aa41c1c3959741545a,conditioner,cet2016-p045-r42-c3,listed_related,,literal
cet4-w-9e927f863dd6836cb55a,conduct,cet2016-p046-r03-c1,headword,,literal
cet4-w-e61aca5f4fada61c0a69,conductor,cet2016-p046-r03-c2,listed_related,,literal
cet4-w-7cb7e9d11db30527ed88,conference,cet2016-p046-r06-c1,headword,,literal
cet4-w-438dde35e7695d11523d,confess,cet2016-p046-r07-c1,headword,,literal
cet4-w-865d201dcb1344ff700c,confession,cet2016-p046-r07-c2,listed_related,,literal
cet4-w-22ee6ab04dfa239283e9,confidence,cet2016-p046-r09-c1,headword,,literal
cet4-w-60d66b91fbbdd59771a5,confident,cet2016-p046-r09-c2,listed_related,,literal
cet4-w-40ac99cb550652a4153a,confidential,cet2016-p046-r09-c3,listed_related,,literal
cet4-w-a1382da203947e760b2c,confine,cet2016-p046-r11-c1,headword,,literal
cet4-w-741d933c9b6f8ec25d9f,confinement,cet2016-p046-r11-c2,listed_related,,literal
cet4-w-38a124d83f31622696e0,confirm,cet2016-p046-r12-c1,headword,,literal
cet4-w-77a4fa663d3e8b99c6d9,confirmation,cet2016-p046-r12-c2,listed_related,,literal
cet4-w-28114c2e13caf109c1d8,conflict,cet2016-p046-r13-c1,headword,,literal
cet4-w-7cc391219810cf0b035e,conform,cet2016-p046-r14-c1,headword,,literal
cet4-w-0e3d72b0b43b95f132cc,conformity,cet2016-p046-r14-c2,listed_related,,literal
cet4-w-7bd165895cd90f00bff3,confront,cet2016-p046-r15-c1,headword,,literal
cet4-w-baf9b835e901a2a7fb83,confrontation,cet2016-p046-r15-c2,listed_related,,literal
cet4-w-8e02082f52604f9caa07,Confucian,cet2016-p046-r16-c1,headword,,literal
cet4-w-ccff81da2b637425fccd,Confucianism,cet2016-p046-r16-c2,listed_related,,literal
cet4-w-1f2699fea99123d572b8,confuse,cet2016-p046-r17-c1,headword,,literal
cet4-w-0d5e7c251332728e496b,confusion,cet2016-p046-r17-c2,listed_related,,literal
cet4-w-60c2797f74413d0b043a,congratulate,cet2016-p046-r18-c1,headword,,literal
cet4-w-9b35ab95995c2070c7ff,congratulation,cet2016-p046-r18-c2,listed_related,,literal
cet4-w-d30599d5f0059fb49103,congratulatory,cet2016-p046-r18-c3,listed_related,,literal
cet4-w-20e6df501c857e157a2a,congress,cet2016-p046-r20-c1,headword,,literal
cet4-w-d005bf8c21dbcd01ff53,congressional,cet2016-p046-r20-c2,listed_related,,literal
cet4-w-ee31196d1e9468f89e57,conjunction,cet2016-p046-r21-c1,headword,,literal
cet4-w-90ee81ebfe8ab3b51de6,connect,cet2016-p046-r22-c1,headword,,literal
cet4-w-19f56af00e0f3c5f3acc,connection,cet2016-p046-r22-c2,listed_related,,orthographic
cet4-w-201d9cd1b10d13a94af5,conquer,cet2016-p046-r24-c1,headword,,literal
cet4-w-f4cdbdf64d9ef7dcf88f,conqueror,cet2016-p046-r24-c2,listed_related,,literal
cet4-w-9e9bf6113cf70240326d,conquest,cet2016-p046-r24-c3,listed_related,,literal
cet4-w-d24d7e363168b43d5c28,conscience,cet2016-p046-r25-c1,headword,,literal
cet4-w-2f535cec01850de5e989,conscientious,cet2016-p046-r26-c1,headword,,literal
cet4-w-1563bafcd84c54ffedba,conscious,cet2016-p046-r27-c1,headword,,literal
cet4-w-10737f77b96c5dbb120b,consciousness,cet2016-p046-r27-c2,listed_related,,literal
cet4-w-c00c780b6ba58cbce460,consensus,cet2016-p046-r29-c1,headword,,literal
cet4-w-1a8e01ba0a9198d4ccd3,consent,cet2016-p046-r30-c1,headword,,literal
cet4-w-b0e3340aea3a003ab421,consequence,cet2016-p046-r31-c1,headword,,literal
cet4-w-ff761a7650a4d217a2f8,consequent,cet2016-p046-r31-c2,listed_related,,literal
cet4-w-4b86e2f5cbd81117a3ec,consequently,cet2016-p046-r31-c3,listed_related,,literal
cet4-w-a4d8f7d30848970bbefd,conservative,cet2016-p046-r32-c1,headword,,literal
cet4-w-49fe9dca3633a1df0b64,consider,cet2016-p046-r34-c1,headword,,literal
cet4-w-19eb5436efdc4d48b2c6,consideration,cet2016-p046-r34-c2,listed_related,,literal
cet4-w-e43f37ad4b770818e4c0,considering,cet2016-p046-r34-c3,listed_related,,literal
cet4-w-a4ef2ebe3999af04921c,considerable,cet2016-p046-r35-c1,headword,,literal
cet4-w-d88d501a5742fc4ef7c9,considerate,cet2016-p046-r36-c1,headword,,literal
cet4-w-68c7b95667006ca5f9c0,consist,cet2016-p046-r37-c1,headword,,literal
cet4-w-5de5ce007db1666d7589,consistent,cet2016-p046-r38-c1,headword,,literal
cet4-w-03fd526fa1149efc3961,consistency,cet2016-p046-r38-c2,listed_related,,literal
cet4-w-68d48b5981341d21c16a,consolidate,cet2016-p046-r40-c1,headword,,literal
cet4-w-c543755400d98d099b64,consolidation,cet2016-p046-r40-c2,listed_related,,literal
cet4-w-d7d63153fb90b6b97ae5,constant,cet2016-p047-r01-c1,headword,,literal
cet4-w-1bf6fb37a2228983965d,constitute,cet2016-p047-r03-c1,headword,,literal
cet4-w-ffab8a7fe2f5c17eab56,constitution,cet2016-p047-r04-c1,headword,,literal
cet4-w-56a086a23cb3b583f191,constitutional,cet2016-p047-r04-c2,listed_related,,literal
cet4-w-31e9c35b66fadd0c7f77,construct,cet2016-p047-r06-c1,headword,,literal
cet4-w-5438526911401d59324b,construction,cet2016-p047-r06-c2,listed_related,,literal
cet4-w-275435633a41b5835018,consult,cet2016-p047-r08-c1,headword,,literal
cet4-w-f772cf0eab6097247243,consultation,cet2016-p047-r08-c2,listed_related,,literal
cet4-w-8bbe7d62e4c8ca397b8a,consultative,cet2016-p047-r08-c3,listed_related,,literal
cet4-w-c62a5ee4f071b2717beb,consultant,cet2016-p047-r08-c4,listed_related,,literal
cet4-w-88e269fad556616e4782,consume,cet2016-p047-r09-c1,headword,,literal
cet4-w-5897d91f14d2a28afa36,consumer,cet2016-p047-r09-c2,listed_related,,literal
cet4-w-f4a6606206db056094c2,consumption,cet2016-p047-r09-c3,listed_related,,literal
cet4-w-0da6e450ccff0a5f06f4,contact,cet2016-p047-r10-c1,headword,,literal
cet4-w-312af100298f9f5cc06a,contain,cet2016-p047-r12-c1,headword,,literal
cet4-w-1d92ddf88de556818528,container,cet2016-p047-r12-c2,listed_related,,literal
cet4-w-0248aa17b99df9d4e8d4,containment,cet2016-p047-r12-c3,listed_related,,literal
cet4-w-6b4758216d62219c1237,contaminate,cet2016-p047-r13-c1,headword,,literal
cet4-w-addfb7ceb3bd92854730,contamination,cet2016-p047-r13-c2,listed_related,,literal
cet4-w-4dcbcfe39153db3fff07,contemporary,cet2016-p047-r15-c1,headword,,literal
cet4-w-01dd8787af81e69a3bfd,contempt,cet2016-p047-r16-c1,headword,,literal
cet4-w-74a27920e46a86e043f2,contemptible,cet2016-p047-r16-c2,listed_related,,literal
cet4-w-db5873dff371b16018f2,contend,cet2016-p047-r17-c1,headword,,literal
cet4-w-d2bbaa64df04acf7c689,contention,cet2016-p047-r17-c2,listed_related,,literal
cet4-w-fd242dd0afb0b987dd5b,contentious,cet2016-p047-r17-c3,listed_related,,literal
cet4-w-02985ccd240ba1ca5124,content,cet2016-p047-r18-c1,headword,1,literal
cet4-w-02985ccd240ba1ca5124,content,cet2016-p047-r19-c1,headword,2,literal
cet4-w-f3d22936262a03311713,contented,cet2016-p047-r19-c2,listed_related,,literal
cet4-w-1b8b83e9e6f4a33db21d,contest,cet2016-p047-r20-c1,headword,,literal
cet4-w-8af23d0161f07bfebbae,contestant,cet2016-p047-r20-c2,listed_related,,literal
cet4-w-9d1f8fda41116bbaca5a,context,cet2016-p047-r21-c1,headword,,literal
cet4-w-f3794b2bf2c015cd6376,contextual,cet2016-p047-r21-c2,listed_related,,literal
cet4-w-ba368b0479ace1fa79e2,continent,cet2016-p047-r22-c1,headword,,literal
cet4-w-0b3d556d1f577e729a9e,continental,cet2016-p047-r22-c2,listed_related,,literal
cet4-w-42d8bce0ba9d655e4f03,continue,cet2016-p047-r24-c1,headword,,literal
cet4-w-899697310c10c9579431,continuation,cet2016-p047-r24-c2,listed_related,,literal
cet4-w-8b66d2782ac2f927a893,continual,cet2016-p047-r24-c3,listed_related,,literal
cet4-w-a32b39c8d79e917a4344,continuous,cet2016-p047-r24-c4,listed_related,,literal
cet4-w-b085510a5544058ad245,continuity,cet2016-p047-r24-c5,listed_related,,literal
cet4-w-9611438bf1169458f389,contract,cet2016-p047-r25-c1,headword,1,literal
cet4-w-46320b2410bcbae43dac,contractor,cet2016-p047-r25-c2,listed_related,,literal
cet4-w-9611438bf1169458f389,contract,cet2016-p047-r26-c1,headword,2,literal
cet4-w-344c5ffb3c433fd38535,contraction,cet2016-p047-r26-c2,listed_related,,literal
cet4-w-301425a009e56bef5c4d,contradict,cet2016-p047-r27-c1,headword,,literal
cet4-w-0804d86695dc847f28a0,contradiction,cet2016-p047-r27-c2,listed_related,,literal
cet4-w-76f3721ac3efe0a02ba6,contradictory,cet2016-p047-r27-c3,listed_related,,literal
cet4-w-5b49b227e7d7dcc8e63e,contrary,cet2016-p047-r28-c1,headword,,literal
cet4-w-6aaca3a7d15028e78a8c,contrast,cet2016-p047-r29-c1,headword,,literal
cet4-w-3945cf2d3d49d0a447e6,contribute,cet2016-p047-r30-c1,headword,,literal
cet4-w-0f9f6a17ff85f9446eb5,contribution,cet2016-p047-r30-c2,listed_related,,literal
cet4-w-7c0f51895360accc7374,contributor,cet2016-p047-r30-c3,listed_related,,literal
cet4-w-f09361f479c4b5c9ad3d,control,cet2016-p047-r32-c1,headword,,literal
cet4-w-ccf3021a6fffa04b38c1,controversy,cet2016-p047-r33-c1,headword,,literal
cet4-w-a68f3c010c71d9e9a666,controversial,cet2016-p047-r33-c2,listed_related,,literal
cet4-w-f8e16846bba8725e9829,convenient,cet2016-p047-r35-c1,headword,,literal
cet4-w-b3109b42b35cc95761cc,convenience,cet2016-p047-r35-c2,listed_related,,literal
cet4-w-21dab57456749e1cbf0d,convention,cet2016-p047-r36-c1,headword,,literal
cet4-w-d50f8341c4444cf915a0,conventional,cet2016-p047-r36-c2,listed_related,,literal
cet4-w-54e76e5d7ce3f2667177,converse,cet2016-p047-r38-c1,headword,1,literal
cet4-w-d984c80a2433a2cb89ae,conversation,cet2016-p047-r38-c2,listed_related,,literal
cet4-w-82a2355da44bd5be610d,convert,cet2016-p047-r40-c1,headword,,literal
cet4-w-ec84020e7910b5f9676c,conversion,cet2016-p047-r40-c2,listed_related,,literal
cet4-w-9fb34364473784b66a6d,convertible,cet2016-p047-r40-c3,listed_related,,literal
cet4-w-fe5284f88afd73c8152f,convey,cet2016-p047-r41-c1,headword,,literal
cet4-w-9bcc6b8b0f5681e27ae4,conveyance,cet2016-p047-r41-c2,listed_related,,literal
cet4-w-dc794aa58654b55410b8,convince,cet2016-p048-r01-c1,headword,,literal
cet4-w-e5088d65fe59d6b0eaa0,convincing,cet2016-p048-r01-c2,listed_related,,literal
cet4-w-b80bd1d58c8fb75aff74,cook,cet2016-p048-r03-c1,headword,,literal
cet4-w-494c41132467fa7192b1,cooker,cet2016-p048-r03-c2,listed_related,,literal
cet4-w-4097e9d6aefd436b9573,cookie,cet2016-p048-r04-c1,headword,,literal
cet4-w-24621b82b6f929ce722a,cool,cet2016-p048-r05-c1,headword,,literal
cet4-w-df55c8bbab6d8a89dcf3,cooperate,cet2016-p048-r06-c1,headword,,literal
cet4-w-91b5fc303e544e952c6f,cooperation,cet2016-p048-r06-c2,listed_related,,literal
cet4-w-b796e3f4eb2fbda0d8af,cooperative,cet2016-p048-r06-c3,listed_related,,literal
cet4-w-1cb7d7c4a0570c5a0897,coordinate,cet2016-p048-r07-c1,headword,,literal
cet4-w-b6c836a1878be497d1ef,coordination,cet2016-p048-r07-c2,listed_related,,literal
cet4-w-6691744065d673e93801,coordinator,cet2016-p048-r07-c3,listed_related,,literal
cet4-w-61c9b4be86888891f7a6,cop,cet2016-p048-r08-c1,headword,,literal
cet4-w-aa2bbd1145485cd102de,cope,cet2016-p048-r09-c1,headword,,literal
cet4-w-fe0e8a6803bb96f86d7e,copper,cet2016-p048-r10-c1,headword,,literal
cet4-w-9d3e25c32872e286d1df,copy,cet2016-p048-r11-c1,headword,,literal
cet4-w-8f3f5163625db94de638,copyright,cet2016-p048-r12-c1,headword,,literal
cet4-w-f505127e0266a74c76f6,cord,cet2016-p048-r14-c1,headword,,literal
cet4-w-0eeb20b9665089aed5b8,core,cet2016-p048-r16-c1,headword,,literal
cet4-w-041cf623f24f24a14bfe,corn,cet2016-p048-r18-c1,headword,,literal
cet4-w-ec566b2e2123fb6cd1b2,corner,cet2016-p048-r19-c1,headword,,literal
cet4-w-f1035f8dff688eb68645,cornerstone,cet2016-p048-r20-c1,headword,,literal
cet4-w-4a222aa0e8941d33052a,corporation,cet2016-p048-r22-c1,headword,,literal
cet4-w-93e50f24bab8455df444,corporate,cet2016-p048-r22-c2,listed_related,,literal
cet4-w-abdfba15bd651920fa1a,corps,cet2016-p048-r23-c1,headword,,literal
cet4-w-ab3b0107bdb8ec2e2f66,correct,cet2016-p048-r25-c1,headword,,literal
cet4-w-22ef06f81e133ca8dcec,correction,cet2016-p048-r25-c2,listed_related,,literal
cet4-w-fbddcd83938e1ff8def7,corrective,cet2016-p048-r25-c3,listed_related,,literal
cet4-w-32795218b7c61bf78715,correspond,cet2016-p048-r27-c1,headword,,literal
cet4-w-793c8a3c925578e53c75,correspondence,cet2016-p048-r27-c2,listed_related,,literal
cet4-w-515674f0783d656cb1bd,correspondent,cet2016-p048-r27-c3,listed_related,,literal
cet4-w-02a556cb45788b318903,corresponding,cet2016-p048-r27-c4,listed_related,,literal
cet4-w-1425f06a1df01d82ccff,corridor,cet2016-p048-r28-c1,headword,,literal
cet4-w-b62b4bd77c86646bf8fb,corrupt,cet2016-p048-r30-c1,headword,,literal
cet4-w-9e26f3c7b27cfcea56cb,corruption,cet2016-p048-r30-c2,listed_related,,literal
cet4-w-ad8197a838fce84bae04,cosmos,cet2016-p048-r33-c1,headword,,literal
cet4-w-1b5d90b32b212e16d5d5,cosmic,cet2016-p048-r33-c2,listed_related,,literal
cet4-w-ffa3f845c7e7bda73e2b,cost,cet2016-p048-r34-c1,headword,,literal
cet4-w-be7211a98d3a8a88c226,costly,cet2016-p048-r34-c2,listed_related,,literal
cet4-w-592f01fda2cdc22f7ce9,costume,cet2016-p048-r35-c1,headword,,literal
cet4-w-10b0a1864915fe9965d3,cottage,cet2016-p048-r36-c1,headword,,literal
cet4-w-bceb964da0e23fc4b8f3,cotton,cet2016-p048-r37-c1,headword,,literal
cet4-w-87d97ffe57233fab6ea5,couch,cet2016-p048-r38-c1,headword,,literal
cet4-w-8fd47f24d37aa14298e2,cough,cet2016-p048-r39-c1,headword,,literal
cet4-w-c28510e7de46aa9a7810,could,cet2016-p048-r40-c1,headword,,literal
cet4-w-fddc2b822e534087deb2,council,cet2016-p048-r41-c1,headword,,literal
cet4-w-43e9c7238f29069ff3b5,councilor,cet2016-p048-r41-c2,listed_related,,orthographic
cet4-w-fb1671f007dca68335af,counsel,cet2016-p048-r42-c1,headword,,literal
cet4-w-651b11ac3b7826c071e0,counselor,cet2016-p048-r42-c2,listed_related,,orthographic
cet4-w-2b85ad17529cf7ac786d,count,cet2016-p049-r01-c1,headword,,literal
cet4-w-c88797803c235a4c2908,countdown,cet2016-p049-r02-c1,headword,,literal
cet4-w-c6ba697c2c1b9a2234ba,counter,cet2016-p049-r03-c1,headword,,literal
cet4-w-099afe974153a347d051,counterpart,cet2016-p049-r06-c1,headword,,literal
cet4-w-d2ea7bd8ea3c4c3fd230,country,cet2016-p049-r07-c1,headword,,literal
cet4-w-067a6e37fbf364f8cd00,countryside,cet2016-p049-r08-c1,headword,,literal
cet4-w-d2e043732ae59ed20939,county,cet2016-p049-r09-c1,headword,,literal
cet4-w-a7dad1a48d97771aecd3,couple,cet2016-p049-r11-c1,headword,,literal
cet4-w-8df22cac410b48d9fd07,coupon,cet2016-p049-r12-c1,headword,,literal
cet4-w-276580c609334b5bbc7e,courage,cet2016-p049-r13-c1,headword,,literal
cet4-w-08bb518e7b1ceb5215ca,courageous,cet2016-p049-r13-c2,listed_related,,literal
cet4-w-0f10d0cccf2b1043f076,course,cet2016-p049-r14-c1,headword,,literal
cet4-w-46260295c6907563f5b3,court,cet2016-p049-r15-c1,headword,1,literal
cet4-w-46260295c6907563f5b3,court,cet2016-p049-r16-c1,headword,2,literal
cet4-w-23963f84fda523bb2017,courtyard,cet2016-p049-r18-c1,headword,,literal
cet4-w-145468abfda7daecf5fa,cousin,cet2016-p049-r19-c1,headword,,literal
cet4-w-9211beac6d5d9d5f0656,cover,cet2016-p049-r20-c1,headword,,literal
cet4-w-68dd71e99866a643e56f,coverage,cet2016-p049-r20-c2,listed_related,,literal
cet4-w-45b1a318118a220bec2d,cow,cet2016-p049-r21-c1,headword,,literal
cet4-w-4ebab9b62939651d6875,coward,cet2016-p049-r22-c1,headword,,literal
cet4-w-0129c2cdc66b2d4105c5,cowardly,cet2016-p049-r22-c2,listed_related,,literal
cet4-w-81059566dac614c80d6b,cowardice,cet2016-p049-r22-c3,listed_related,,literal
cet4-w-370ac0b379af2efcd670,cowboy,cet2016-p049-r23-c1,headword,,literal
cet4-w-e08b2d7352b0253589ff,crab,cet2016-p049-r25-c1,headword,,literal
cet4-w-fe8cb734ab76714a4480,crack,cet2016-p049-r26-c1,headword,,literal
cet4-w-e3e7ab6f235c9e76fc83,cracker,cet2016-p049-r28-c1,headword,,literal
cet4-w-dab9c5f629addb9d97c9,craft,cet2016-p049-r30-c1,headword,,literal
cet4-w-9b5c78b5188097a8493a,crane,cet2016-p049-r32-c1,headword,,literal
cet4-w-5566481b340ba536c05d,crash,cet2016-p049-r33-c1,headword,,literal
cet4-w-dfa09f82adc99aa340ad,crawl,cet2016-p049-r36-c1,headword,,literal
cet4-w-fed5e535e77aacb11904,crazy,cet2016-p049-r37-c1,headword,,literal
cet4-w-77621a640a1881038f7a,craze,cet2016-p049-r37-c2,listed_related,,literal
cet4-w-5f51a852bb354e04bcc7,cream,cet2016-p049-r38-c1,headword,,literal
cet4-w-545a218bb0f346561330,creamy,cet2016-p049-r38-c2,listed_related,,literal
cet4-w-983212b756bebf4755f1,create,cet2016-p049-r39-c1,headword,,literal
cet4-w-b9f63240e57748c9f6b8,creation,cet2016-p049-r39-c2,listed_related,,literal
cet4-w-7a83818d86a409b6584a,creative,cet2016-p049-r39-c3,listed_related,,literal
cet4-w-baf61f16140fa4e622ad,creator,cet2016-p049-r39-c4,listed_related,,literal
cet4-w-6a711cc419c918106e92,creature,cet2016-p049-r40-c1,headword,,literal
cet4-w-46b2ca948cc917d847b6,credit,cet2016-p050-r01-c1,headword,,literal
cet4-w-1aec27ce9a8b1901aa77,creditable,cet2016-p050-r01-c2,listed_related,,literal
cet4-w-55149edcdba6a555bc91,creep,cet2016-p050-r02-c1,headword,,literal
cet4-w-7a5f7868f0739fa70e1c,crew,cet2016-p050-r03-c1,headword,,literal
cet4-w-0bd0052bf525246f2ede,crime,cet2016-p050-r05-c1,headword,,literal
cet4-w-f5ca25e333053ee3871c,criminal,cet2016-p050-r05-c2,listed_related,,literal
cet4-w-7f435199fa7f9de30ee7,crisis,cet2016-p050-r07-c1,headword,,literal
cet4-w-a74a7c5a724302371670,criterion,cet2016-p050-r09-c1,headword,,literal
cet4-w-e7a08c2f3e5fe26a30b3,criticize,cet2016-p050-r10-c1,headword,,orthographic
cet4-w-3fe33a297dc0cf59939d,criticism,cet2016-p050-r10-c2,listed_related,,literal
cet4-w-b93085e2d8d02d02e849,critic,cet2016-p050-r10-c3,listed_related,,literal
cet4-w-5bdd81bb396fc5c9a707,critical,cet2016-p050-r10-c4,listed_related,,literal
cet4-w-d463a2d051a01c53c1b3,crocodile,cet2016-p050-r11-c1,headword,,literal
cet4-w-ca3cc425c0bad2c66074,crop,cet2016-p050-r12-c1,headword,,literal
cet4-w-050939a859ab8fe696cb,cross,cet2016-p050-r13-c1,headword,,literal
cet4-w-83c322b375aa7e9b6805,crossing,cet2016-p050-r13-c2,listed_related,,literal
cet4-w-b87d034a7470f1213882,crowd,cet2016-p050-r16-c1,headword,,literal
cet4-w-e1b28e200b35c37e2b5a,crowded,cet2016-p050-r16-c2,listed_related,,literal
cet4-w-4663daf46f10dc12d0b1,crown,cet2016-p050-r17-c1,headword,,literal
cet4-w-17e8d96f060acfbf3c39,crucial,cet2016-p050-r18-c1,headword,,literal
cet4-w-72fe85beb13cee797e9d,cruel,cet2016-p050-r20-c1,headword,,literal
cet4-w-bd9c3dd9ef15b77c5305,cruelty,cet2016-p050-r20-c2,listed_related,,literal
cet4-w-f8346c8c1bada1e8a9dc,cruise,cet2016-p050-r21-c1,headword,,literal
cet4-w-0a07cc778113cd84c263,cruiser,cet2016-p050-r21-c2,listed_related,,literal
cet4-w-095e70042531b4e8ceda,crush,cet2016-p050-r24-c1,headword,,literal
cet4-w-5eb18da689ea36639989,cry,cet2016-p050-r26-c1,headword,,literal
cet4-w-484a751ca3267efce547,crystal,cet2016-p050-r27-c1,headword,,literal
cet4-w-cde92a8e2b9e4410ff6b,cube,cet2016-p050-r29-c1,headword,,literal
cet4-w-b5cc87f545ccef2ca015,cubic,cet2016-p050-r29-c2,listed_related,,literal
cet4-w-b15e7655f85095935b91,cucumber,cet2016-p050-r30-c1,headword,,literal
cet4-w-a9c7845f5244537eaa30,cue,cet2016-p050-r31-c1,headword,,literal
cet4-w-2e55ab106249d969086d,cultivate,cet2016-p050-r35-c1,headword,,literal
cet4-w-c7e1a656115bd0fc6762,cultivation,cet2016-p050-r35-c2,listed_related,,literal
cet4-w-dac7db93b57a7a1ca4cb,culture,cet2016-p050-r36-c1,headword,,literal
cet4-w-d2a356101300d02bad77,cultural,cet2016-p050-r36-c2,listed_related,,literal
cet4-w-4ccf69b5b9d58b066edc,cup,cet2016-p050-r39-c1,headword,,literal
cet4-w-06314ca15829ba2fb958,cupboard,cet2016-p050-r40-c1,headword,,literal
cet4-w-df1210aa5c66836c7488,curb,cet2016-p050-r41-c1,headword,,literal
cet4-w-756e890f809915763878,cure,cet2016-p050-r42-c1,headword,,literal
cet4-w-ab2d88110a84ea68fe90,curable,cet2016-p050-r42-c2,listed_related,,literal
cet4-w-8fd403fcd8bb86773a20,curious,cet2016-p051-r02-c1,headword,,literal
cet4-w-1329f0feeb197807ff62,curiosity,cet2016-p051-r02-c2,listed_related,,literal
cet4-w-d40cb9b818b84fdf41a9,curl,cet2016-p051-r03-c1,headword,,literal
cet4-w-f164849d4c455c2f3aba,currency,cet2016-p051-r04-c1,headword,,literal
cet4-w-745ce6c2b249e2cf3759,current,cet2016-p051-r05-c1,headword,,literal
cet4-w-b24ee211ed99e09f74e1,currently,cet2016-p051-r05-c2,listed_related,,literal
cet4-w-4a8294f38be67f8c9198,curriculum,cet2016-p051-r06-c1,headword,,literal
cet4-w-e9dec2d2ac5b131ca1d5,curse,cet2016-p051-r07-c1,headword,,literal
cet4-w-5bb77be159b4ecf9ae47,curtain,cet2016-p051-r09-c1,headword,,literal
cet4-w-15541b62490ce452af57,curve,cet2016-p051-r10-c1,headword,,literal
cet4-w-b9afc4fcb7f84f2943d3,cushion,cet2016-p051-r11-c1,headword,,literal
cet4-w-ba322b14ab9faf63e2e9,custom,cet2016-p051-r13-c1,headword,,literal
cet4-w-d70f7f367d4796cda551,customary,cet2016-p051-r13-c2,listed_related,,literal
cet4-w-e65d2cb9b82d8e294a75,customer,cet2016-p051-r14-c1,headword,,literal
cet4-w-8f1e80c80964947107da,customs,cet2016-p051-r15-c1,headword,,literal
cet4-w-e745c68efbbe14a95f55,cut,cet2016-p051-r16-c1,headword,,literal
cet4-w-08e2aa66e907c68193b9,cute,cet2016-p051-r17-c1,headword,,literal
cet4-w-a8253ea06a5a0b35b5db,cyberspace,cet2016-p051-r18-c1,headword,,literal
cet4-w-eab136afd95b5b822fa7,cycle,cet2016-p051-r19-c1,headword,,literal
cet4-w-5f05488a7f1273c35739,cycling,cet2016-p051-r19-c2,listed_related,,literal
cet4-w-b6db9785ba3fc538f756,cyclist,cet2016-p051-r19-c3,listed_related,,literal
cet4-w-f0446011da13cd1d3a74,dad,cet2016-p051-r22-c1,headword,,distinct_lexemes
cet4-w-6d38f6741784f834b449,daddy,cet2016-p051-r22-c1,headword,,distinct_lexemes
cet4-w-f0534ba92419147c818f,daily,cet2016-p051-r23-c1,headword,,literal
cet4-w-954115af2f218077f33e,dairy,cet2016-p051-r24-c1,headword,,literal
cet4-w-0c877fd3b9f54e91b1d1,dam,cet2016-p051-r25-c1,headword,,literal
cet4-w-f3375d88278db365a425,damage,cet2016-p051-r26-c1,headword,,literal
cet4-w-17a7b8b82373ba383800,damn,cet2016-p051-r27-c1,headword,,literal
cet4-w-99c3662cef525894dac0,damp,cet2016-p051-r28-c1,headword,,literal
cet4-w-f00e6c59e448e434eab5,dampen,cet2016-p051-r28-c2,listed_related,,literal
cet4-w-43b6ebab03052bd72946,dance,cet2016-p051-r29-c1,headword,,literal
cet4-w-db2b20d806c4d6742c8f,danger,cet2016-p051-r30-c1,headword,,literal
cet4-w-f141c5043cf2e8070569,dangerous,cet2016-p051-r30-c2,listed_related,,literal
cet4-w-80fea99b9d93c86ff651,dare,cet2016-p051-r31-c1,headword,,literal
cet4-w-81455c50f12eb556b2c7,daring,cet2016-p051-r31-c2,listed_related,,literal
cet4-w-2718aa5d87ea0b08a954,dark,cet2016-p051-r32-c1,headword,,literal
cet4-w-588e174bdb886f96eb7b,darkness,cet2016-p051-r32-c2,listed_related,,literal
cet4-w-aa47ac8b128d0ade8e1c,darken,cet2016-p051-r32-c3,listed_related,,literal
cet4-w-8896232bd2f9e273f51e,darling,cet2016-p051-r33-c1,headword,,literal
cet4-w-e95785df654cfd8cbcad,dash,cet2016-p051-r35-c1,headword,,literal
cet4-w-c8392144ce93fad1caef,data,cet2016-p051-r36-c1,headword,,literal
cet4-w-01341613c1ea4d92a8e5,datum,cet2016-p051-r36-c2,listed_related,,literal
cet4-w-0c3c169a3e258c8cd764,database,cet2016-p051-r37-c1,headword,,literal
cet4-w-bd3606a95b39597ce442,date,cet2016-p051-r38-c1,headword,1,literal
cet4-w-c58294afad9cc3d74011,dating,cet2016-p051-r38-c2,listed_related,,literal
cet4-w-bd3606a95b39597ce442,date,cet2016-p051-r39-c1,headword,2,literal
cet4-w-6aab952d49b8f173cc52,daughter,cet2016-p051-r40-c1,headword,,literal
cet4-w-be64d78de36e2e445a25,dawn,cet2016-p051-r41-c1,headword,,literal
cet4-w-dde23774d53d074b99f4,day,cet2016-p051-r42-c1,headword,,literal
cet4-w-f0534ba92419147c818f,daily,cet2016-p051-r42-c2,listed_related,,literal
cet4-w-c6c4fe145c00448e56a5,daylight,cet2016-p052-r01-c1,headword,,literal
cet4-w-00f8fcd3cf28349f1e94,dead,cet2016-p052-r03-c1,headword,,literal
cet4-w-ae9df0dfa054d634cf3f,deadline,cet2016-p052-r04-c1,headword,,literal
cet4-w-fda634c3062aca4bdfe9,deadly,cet2016-p052-r06-c1,headword,,literal
cet4-w-7c3aca9ba09580c205e2,deaf,cet2016-p052-r07-c1,headword,,literal
cet4-w-f8bd9c09f0b3c9e14d9d,deal,cet2016-p052-r08-c1,headword,1,literal
cet4-w-693fe8ea7591783aaa85,dealer,cet2016-p052-r08-c2,listed_related,,literal
cet4-w-f9805f4336b7049923f3,dealing,cet2016-p052-r08-c3,listed_related,,literal
cet4-w-f8bd9c09f0b3c9e14d9d,deal,cet2016-p052-r09-c1,headword,2,literal
cet4-w-a7119ab4ca5a41f8521f,dean,cet2016-p052-r10-c1,headword,,literal
cet4-w-2cda1ccc912e6156ecf6,dear,cet2016-p052-r11-c1,headword,,literal
cet4-w-2cbedc6eb8d0a3393055,death,cet2016-p052-r12-c1,headword,,literal
cet4-w-f509d94edb426639900e,debate,cet2016-p052-r13-c1,headword,,literal
cet4-w-0726856bcc7c8e4b30ba,debt,cet2016-p052-r15-c1,headword,,literal
cet4-w-df3bec671140af9b31c8,debtor,cet2016-p052-r15-c2,listed_related,,literal
cet4-w-2bc1173aa7b90daecd55,decade,cet2016-p052-r17-c1,headword,,literal
cet4-w-d666fd9dfb06039659c0,decay,cet2016-p052-r18-c1,headword,,literal
cet4-w-c7a62dcb337d47003d58,deceive,cet2016-p052-r19-c1,headword,,literal
cet4-w-2d8cd068d59b838b2923,deceit,cet2016-p052-r19-c2,listed_related,,literal
cet4-w-c0137c78da05744bb4ae,deception,cet2016-p052-r19-c3,listed_related,,literal
cet4-w-b3d76b030d218251d21a,deceptive,cet2016-p052-r19-c4,listed_related,,literal
cet4-w-a4f82e273c1f050d2952,December,cet2016-p052-r20-c1,headword,,literal
cet4-w-28afe999360ef415511d,decent,cet2016-p052-r21-c1,headword,,literal
cet4-w-eb44086fa44e91c8b70d,decide,cet2016-p052-r22-c1,headword,,literal
cet4-w-7e5e49056bf3cb9d92a6,decision,cet2016-p052-r22-c2,listed_related,,literal
cet4-w-bbab34f1e3a3ae6b0045,decisive,cet2016-p052-r22-c3,listed_related,,literal
cet4-w-ff55e0ac309b6e401f8c,deck,cet2016-p052-r24-c1,headword,,literal
cet4-w-4e93cd05c4018613263a,declare,cet2016-p052-r25-c1,headword,,literal
cet4-w-03be3cdd664f221b12ce,declaration,cet2016-p052-r25-c2,listed_related,,literal
cet4-w-5aa7fac3def1db074ea8,declarative,cet2016-p052-r25-c3,listed_related,,literal
cet4-w-9d1b81d6278ca4687a93,decline,cet2016-p052-r26-c1,headword,,literal
cet4-w-1e1423c0bfd86122381d,decorate,cet2016-p052-r27-c1,headword,,literal
cet4-w-0fb21f6e3938d49787fc,decoration,cet2016-p052-r27-c2,listed_related,,literal
cet4-w-a9a4c6b4d887f1efbb07,decorative,cet2016-p052-r27-c3,listed_related,,literal
cet4-w-f5f1ce7013c8b1d281e9,decrease,cet2016-p052-r28-c1,headword,,literal
cet4-w-8e4bf51058790d09720d,deed,cet2016-p052-r33-c1,headword,,literal
cet4-w-93340f15a928680cbcd9,deem,cet2016-p052-r34-c1,headword,,literal
cet4-w-a975c1218b8ff98c121c,deep,cet2016-p052-r35-c1,headword,,literal
cet4-w-a88e785e239dbc5700c7,deeply,cet2016-p052-r35-c2,listed_related,,literal
cet4-w-dc7d51efc22c2764cecc,depth,cet2016-p052-r35-c3,listed_related,,literal
cet4-w-ef7ce832977837fcdd37,deer,cet2016-p052-r36-c1,headword,,literal
cet4-w-507c32e39c375f36e278,defeat,cet2016-p052-r38-c1,headword,,literal
cet4-w-be6434b654a8399751d8,defect,cet2016-p052-r39-c1,headword,1,literal
cet4-w-78c46ac39a833f9462e0,defective,cet2016-p052-r39-c2,listed_related,,literal
cet4-w-be6434b654a8399751d8,defect,cet2016-p052-r40-c1,headword,2,literal
cet4-w-fdfd1e06569a58689515,defection,cet2016-p052-r40-c2,listed_related,,literal
cet4-w-3a8465276f0abc298ef7,defend,cet2016-p052-r41-c1,headword,,literal
cet4-w-e54e1d893a9c1297f9db,defense,cet2016-p052-r41-c2,listed_related,,orthographic
cet4-w-ab0a9a54b304164ca66f,defensive,cet2016-p052-r41-c3,listed_related,,literal
cet4-w-b15885379ad18d09d8e7,defendant,cet2016-p052-r41-c4,listed_related,,literal
cet4-w-9e480b209823b8f961bf,deficient,cet2016-p053-r01-c1,headword,,literal
cet4-w-8b195add62f13cc5fe55,deficiency,cet2016-p053-r01-c2,listed_related,,literal
cet4-w-806940b51ed7f4396244,deficit,cet2016-p053-r02-c1,headword,,literal
cet4-w-a169780abf7de7786d15,define,cet2016-p053-r03-c1,headword,,literal
cet4-w-443d2cc0526b75359d8d,definition,cet2016-p053-r03-c2,listed_related,,literal
cet4-w-63f9017958c1e16a95b1,definite,cet2016-p053-r04-c1,headword,,literal
cet4-w-5ade6c46f9c35c1dc1ac,definitely,cet2016-p053-r04-c2,listed_related,,literal
cet4-w-c725858775098877dfaa,defy,cet2016-p053-r05-c1,headword,,literal
cet4-w-03c5c9bbe5ac6f8aae8c,defiance,cet2016-p053-r05-c2,listed_related,,literal
cet4-w-a45b694c67dc2ed5afce,defiant,cet2016-p053-r05-c3,listed_related,,literal
cet4-w-9569506b3101ddd43afc,degree,cet2016-p053-r08-c1,headword,,literal
cet4-w-f5c083c2c5c6ea81d710,delay,cet2016-p053-r09-c1,headword,,literal
cet4-w-c574c71e601def6e7ce1,delegate,cet2016-p053-r10-c1,headword,,literal
cet4-w-3e60dfe82550f7780fab,delegation,cet2016-p053-r10-c2,listed_related,,literal
cet4-w-f8437483852ef2b3b4d0,delete,cet2016-p053-r11-c1,headword,,literal
cet4-w-e99f0448c2707291ff20,deletion,cet2016-p053-r11-c2,listed_related,,literal
cet4-w-7a80dae242aa1c45ac2c,deliberate,cet2016-p053-r12-c1,headword,,literal
cet4-w-e53e4427fbe7c5d51988,deliberation,cet2016-p053-r12-c2,listed_related,,literal
cet4-w-b35a6fb697e3976de94d,delicate,cet2016-p053-r14-c1,headword,,literal
cet4-w-6de4aefe6cba340bf7d6,delicious,cet2016-p053-r15-c1,headword,,literal
cet4-w-fd80f80bee3c253c9498,delight,cet2016-p053-r16-c1,headword,,literal
cet4-w-d5418fe00ca0746c12b0,delightful,cet2016-p053-r16-c2,listed_related,,literal
cet4-w-8d02b5972de44ca18052,deliver,cet2016-p053-r17-c1,headword,,literal
cet4-w-eea6b2618370a78065b8,delivery,cet2016-p053-r17-c2,listed_related,,literal
cet4-w-e788ae1b30300c3d5fd1,demand,cet2016-p053-r19-c1,headword,,literal
cet4-w-ae2be157fca25b88dc79,demanding,cet2016-p053-r19-c2,listed_related,,literal
cet4-w-bf4878b984879fed4b24,democracy,cet2016-p053-r20-c1,headword,,literal
cet4-w-6790c074cfabeb446ac7,democratic,cet2016-p053-r20-c2,listed_related,,literal
cet4-w-fb7ee2121bd5c43d6e40,democrat,cet2016-p053-r20-c3,listed_related,,literal
cet4-w-e07128afa06e20c99912,demonstrate,cet2016-p053-r22-c1,headword,,literal
cet4-w-e922fff69a6df6a183b6,demonstration,cet2016-p053-r22-c2,listed_related,,distinct_lexemes
cet4-w-43cbd9b34cd10a37b01d,demo,cet2016-p053-r22-c2,listed_related,,distinct_lexemes
cet4-w-337a854689c936ff6121,demonstrative,cet2016-p053-r22-c3,listed_related,,literal
cet4-w-d8e0d05433e3d711f979,dense,cet2016-p053-r25-c1,headword,,literal
cet4-w-a9683b19f5604294e40c,density,cet2016-p053-r25-c2,listed_related,,literal
cet4-w-76d8900e9fdce7ecc303,dent,cet2016-p053-r26-c1,headword,,literal
cet4-w-99368fa566196f354acf,dental,cet2016-p053-r27-c1,headword,,literal
cet4-w-8bfb6bdb009000e7f45c,dentist,cet2016-p053-r28-c1,headword,,literal
cet4-w-fdeb4354c9b368057533,deny,cet2016-p053-r29-c1,headword,,literal
cet4-w-c344dfe701600d89d85b,denial,cet2016-p053-r29-c2,listed_related,,literal
cet4-w-0fdebd5fa4a9e2f00269,depart,cet2016-p053-r30-c1,headword,,literal
cet4-w-ca667a2aa41172205b11,departure,cet2016-p053-r30-c2,listed_related,,literal
cet4-w-ceb4d8f5ae1829320b1a,department,cet2016-p053-r31-c1,headword,,literal
cet4-w-619fa19156232f114636,depend,cet2016-p053-r32-c1,headword,,literal
cet4-w-ccc256cf4245a29a2f1b,dependent,cet2016-p053-r32-c2,listed_related,,literal
cet4-w-5fe22645b51a916e6ef8,dependence,cet2016-p053-r32-c3,listed_related,,literal
cet4-w-14ef9d419c1ce60541fb,dependable,cet2016-p053-r32-c4,listed_related,,literal
cet4-w-42a56df6c5757749079d,deposit,cet2016-p053-r38-c1,headword,,literal
cet4-w-cd0fa4719c2ed848c7ce,depress,cet2016-p053-r41-c1,headword,,literal
cet4-w-2f8902e563b130793d6b,depression,cet2016-p053-r41-c2,listed_related,,literal
cet4-w-bc1b9fea2c13fd98e45d,deprive,cet2016-p053-r42-c1,headword,,literal
cet4-w-f77e431d72f47abee64d,deprivation,cet2016-p053-r42-c2,listed_related,,literal
cet4-w-dc7d51efc22c2764cecc,depth,cet2016-p054-r01-c1,headword,,literal
cet4-w-e219f37363dc7ff22f18,deputy,cet2016-p054-r02-c1,headword,,literal
cet4-w-44c9428904d1a5da9bf0,derive,cet2016-p054-r05-c1,headword,,literal
cet4-w-69fd94068968e1f41368,derivative,cet2016-p054-r05-c2,listed_related,,literal
cet4-w-7c4a95e44fa8090d7645,derivation,cet2016-p054-r05-c3,listed_related,,literal
cet4-w-96726e7b27ab910df932,descend,cet2016-p054-r06-c1,headword,,literal
cet4-w-c8ef8554490d04c1d8d9,descent,cet2016-p054-r06-c2,listed_related,,literal
cet4-w-ff222937856c35c5c5fe,descendant,cet2016-p054-r06-c3,listed_related,,literal
cet4-w-3d115ac72f6ca75bfc87,describe,cet2016-p054-r07-c1,headword,,literal
cet4-w-dfff57c29a53faabbe00,description,cet2016-p054-r07-c2,listed_related,,literal
cet4-w-cae796ee1b18bde01e4e,descriptive,cet2016-p054-r07-c3,listed_related,,literal
cet4-w-38b7900b2e2919f0c8fd,desert,cet2016-p054-r08-c1,headword,1,literal
cet4-w-38b7900b2e2919f0c8fd,desert,cet2016-p054-r09-c1,headword,2,literal
cet4-w-b58e1d54da2a93dcf231,desertion,cet2016-p054-r09-c2,listed_related,,literal
cet4-w-641b0a20e6d1f2b76a21,deserve,cet2016-p054-r10-c1,headword,,literal
cet4-w-f77357c16ffd794c446f,design,cet2016-p054-r11-c1,headword,,literal
cet4-w-4ed4ede9b3189e291a4e,designer,cet2016-p054-r11-c2,listed_related,,literal
cet4-w-cc80d38eba81cc655e76,desire,cet2016-p054-r13-c1,headword,,literal
cet4-w-8914c1fd627f039efe18,desirable,cet2016-p054-r13-c2,listed_related,,literal
cet4-w-b6c48b39f341ad902af7,desirability,cet2016-p054-r13-c3,listed_related,,literal
cet4-w-20fbc13c11a7338f02db,desirous,cet2016-p054-r13-c4,listed_related,,literal
cet4-w-1657dd07e38f29d1e264,desk,cet2016-p054-r14-c1,headword,,literal
cet4-w-cbf376fed6b3bd5336bc,desktop,cet2016-p054-r15-c1,headword,,literal
cet4-w-151e582294fa5fc5958a,despair,cet2016-p054-r17-c1,headword,,literal
cet4-w-5bffffd768f190b56772,desperate,cet2016-p054-r17-c2,listed_related,,literal
cet4-w-17e22819a92bdc6ccd4a,despatch,cet2016-p054-r18-c1,headword,,literal
cet4-w-199474581cd95f61906f,despite,cet2016-p054-r20-c1,headword,,literal
cet4-w-3bc6d4c4eb9549dbd85a,dessert,cet2016-p054-r21-c1,headword,,literal
cet4-w-7713623899fa42f58bf7,destination,cet2016-p054-r22-c1,headword,,literal
cet4-w-90ba04db02cdc6ed2347,destroy,cet2016-p054-r24-c1,headword,,literal
cet4-w-ddabef2e01a6261ccd4d,destruction,cet2016-p054-r24-c2,listed_related,,literal
cet4-w-323f5a6a6a46ad24d0e0,destructive,cet2016-p054-r24-c3,listed_related,,literal
cet4-w-63162a181a2a111537db,detail,cet2016-p054-r26-c1,headword,,literal
cet4-w-6ad4be45db50b1d446c3,detailed,cet2016-p054-r26-c2,listed_related,,literal
cet4-w-917fc4ce1630f426008e,detect,cet2016-p054-r28-c1,headword,,literal
cet4-w-26c454a331e3451e96ca,detection,cet2016-p054-r28-c2,listed_related,,literal
cet4-w-e2c4ef839c230f510870,detective,cet2016-p054-r28-c3,listed_related,,literal
cet4-w-217964b89203792e585c,deteriorate,cet2016-p054-r31-c1,headword,,literal
cet4-w-51892a4346c6d6cb4cd1,deterioration,cet2016-p054-r31-c2,listed_related,,literal
cet4-w-8c6609513564399a14df,determine,cet2016-p054-r32-c1,headword,,literal
cet4-w-7d720497dea5ebdac773,determination,cet2016-p054-r32-c2,listed_related,,literal
cet4-w-9fb7d6f40584b1aa38ff,determined,cet2016-p054-r32-c3,listed_related,,literal
cet4-w-8ad101938247e6865c88,develop,cet2016-p054-r35-c1,headword,,literal
cet4-w-a5e7a1ee70f4a4aee040,development,cet2016-p054-r35-c2,listed_related,,literal
cet4-w-ff5d800c557fab9799c9,developmental,cet2016-p054-r35-c3,listed_related,,literal
cet4-w-c5c54afccb31e70c42fd,developer,cet2016-p054-r35-c4,listed_related,,literal
cet4-w-4b5f624085344c7da1a5,device,cet2016-p054-r37-c1,headword,,literal
cet4-w-c6d84120f93cca32129f,devil,cet2016-p054-r38-c1,headword,,literal
cet4-w-c6b7d4634bf43142fe7a,devise,cet2016-p054-r39-c1,headword,,literal
cet4-w-6781c6d624ece6c65cc6,devote,cet2016-p054-r40-c1,headword,,literal
cet4-w-2dd3f2d3aa5040107557,devotion,cet2016-p054-r40-c2,listed_related,,literal
cet4-w-7bc065b7da6e5437ba0e,dew,cet2016-p054-r42-c1,headword,,literal
cet4-w-c5de5459534274f0f98e,diabetes,cet2016-p055-r01-c1,headword,,literal
cet4-w-9b6a8d25e15f7ad675cb,diagnose,cet2016-p055-r02-c1,headword,,literal
cet4-w-9240b2796ecc109168ef,diagnosis,cet2016-p055-r02-c2,listed_related,,literal
cet4-w-8670a68c27b471b5d3ed,diagram,cet2016-p055-r03-c1,headword,,literal
cet4-w-3509008c2e757155c1de,dial,cet2016-p055-r04-c1,headword,,literal
cet4-w-499999cdfee9a8d76d45,dialect,cet2016-p055-r05-c1,headword,,literal
cet4-w-4e771276a3380b45b2e0,dialog,cet2016-p055-r06-c1,headword,,orthographic
cet4-w-1ed319891f2050b4d8ab,diameter,cet2016-p055-r07-c1,headword,,literal
cet4-w-61edd191040dcabbb321,diamond,cet2016-p055-r08-c1,headword,,literal
cet4-w-4ec39bd33fc5c0e6b26e,diary,cet2016-p055-r09-c1,headword,,literal
cet4-w-858bd1d1f00343af13d6,dictate,cet2016-p055-r10-c1,headword,,literal
cet4-w-06d8e940c183f2e10ee8,dictation,cet2016-p055-r10-c2,listed_related,,literal
cet4-w-d6e4a4618314a746c6a0,dictator,cet2016-p055-r10-c3,listed_related,,literal
cet4-w-03e3a42d4d90437e8b65,dictionary,cet2016-p055-r11-c1,headword,,literal
cet4-w-64a0fb9bca3888223de9,die,cet2016-p055-r12-c1,headword,,literal
cet4-w-5b1264beb21f1da02ba9,dying,cet2016-p055-r12-c2,listed_related,,literal
cet4-w-2e5db707fd8c3c4b696c,diet,cet2016-p055-r14-c1,headword,,literal
cet4-w-3760f784a5cf1f6291f1,dietary,cet2016-p055-r14-c2,listed_related,,literal
cet4-w-e015872387d059c5ca84,differ,cet2016-p055-r15-c1,headword,,literal
cet4-w-ed0731476593cef2bc34,difference,cet2016-p055-r15-c2,listed_related,,literal
cet4-w-dc52205333f217840d59,different,cet2016-p055-r15-c3,listed_related,,literal
cet4-w-60cc8c7c162f25ca6a0c,difficult,cet2016-p055-r17-c1,headword,,literal
cet4-w-81df663c991fc6c3fbc8,difficulty,cet2016-p055-r17-c2,listed_related,,literal
cet4-w-b22dfcbf836799acf9c6,dig,cet2016-p055-r19-c1,headword,,literal
cet4-w-5b6da06f1aebd98486ad,digest,cet2016-p055-r20-c1,headword,,literal
cet4-w-66d923e8c1cd8b18bbd8,digestion,cet2016-p055-r20-c2,listed_related,,literal
cet4-w-a697b8f35c9da39e6ce8,digestive,cet2016-p055-r20-c3,listed_related,,literal
cet4-w-6d7407cc43a662079311,digit,cet2016-p055-r21-c1,headword,,literal
cet4-w-7d5be192840dd39ee523,digital,cet2016-p055-r21-c2,listed_related,,literal
cet4-w-9ae5d7b513bae979ba30,dignity,cet2016-p055-r22-c1,headword,,literal
cet4-w-708aa497ea2895c7dfac,dignify,cet2016-p055-r22-c2,listed_related,,literal
cet4-w-7d2236ffca269e8ae080,dilemma,cet2016-p055-r23-c1,headword,,literal
cet4-w-4b1ec4406cfc3d8c9a48,diligent,cet2016-p055-r24-c1,headword,,literal
cet4-w-11ae5db018daf3d699ab,diligence,cet2016-p055-r24-c2,listed_related,,literal
cet4-w-816f2406db54ddff539f,dim,cet2016-p055-r26-c1,headword,,literal
cet4-w-ec9cdde5f6f1315a4dbd,dime,cet2016-p055-r27-c1,headword,,literal
cet4-w-043cd07aec5df2bfcb2f,dimension,cet2016-p055-r28-c1,headword,,literal
cet4-w-1a5e782e0634b9ad0dca,dimensional,cet2016-p055-r28-c2,listed_related,,literal
cet4-w-a1bff3891a4c5073f952,dine,cet2016-p055-r30-c1,headword,,literal
cet4-w-2e972c6cd2fb9280b844,diner,cet2016-p055-r30-c2,listed_related,,literal
cet4-w-ddf3f3071024eaae1d0a,dinner,cet2016-p055-r31-c1,headword,,literal
cet4-w-34c0646ee0feeadc07ed,dioxide,cet2016-p055-r33-c1,headword,,literal
cet4-w-32a06f240f92bec5ed74,dip,cet2016-p055-r34-c1,headword,,literal
cet4-w-78be4da2531122a0190f,diploma,cet2016-p055-r35-c1,headword,,literal
cet4-w-6842f549991043a3a4a7,diplomat,cet2016-p055-r36-c1,headword,,literal
cet4-w-f83dc1993b9e002423fb,diplomatic,cet2016-p055-r36-c2,listed_related,,literal
cet4-w-4620aa543a8e5bd5799d,diplomacy,cet2016-p055-r36-c3,listed_related,,literal
cet4-w-dc4c39ebe4e9ee871dcf,direct,cet2016-p055-r37-c1,headword,,literal
cet4-w-38edc1525248153d2f97,direction,cet2016-p055-r37-c2,listed_related,,literal
cet4-w-0c732c2817c1048f0403,director,cet2016-p055-r37-c3,listed_related,,literal
cet4-w-317660b4edbcac5f03d3,dirt,cet2016-p055-r39-c1,headword,,literal
cet4-w-db423eede47f0a97893c,dirty,cet2016-p055-r39-c2,listed_related,,literal
cet4-w-f41aa887a6195a11b2ae,disable,cet2016-p055-r40-c1,headword,,literal
cet4-w-8bcbba84a7d7eab25b03,disabled,cet2016-p055-r40-c2,listed_related,,literal
cet4-w-bb2167868de68dff35f9,disability,cet2016-p055-r40-c3,listed_related,,literal
cet4-w-47da75230a7f7c2cbcf7,disagree,cet2016-p055-r41-c1,headword,,literal
cet4-w-cbf74c2b9c351b133282,disagreement,cet2016-p055-r41-c2,listed_related,,literal
cet4-w-387a88fcc798a6cf8d7d,disappear,cet2016-p055-r42-c1,headword,,literal
cet4-w-822f11c9ffc53739f541,disappearance,cet2016-p055-r42-c2,listed_related,,literal
cet4-w-347329d75f319ea07cec,disappoint,cet2016-p056-r01-c1,headword,,literal
cet4-w-48f3a1a1c8cd4370d14c,disappointment,cet2016-p056-r01-c2,listed_related,,literal
cet4-w-ca7afabfdc32e9e04f63,disappointing,cet2016-p056-r01-c3,listed_related,,literal
cet4-w-35ee5d5d152784575824,disapprove,cet2016-p056-r02-c1,headword,,literal
cet4-w-14b9863c13d25d01adb9,disapproval,cet2016-p056-r02-c2,listed_related,,literal
cet4-w-1725dc094c894600ca24,disaster,cet2016-p056-r04-c1,headword,,literal
cet4-w-a650ecae8629e92ce7b0,disastrous,cet2016-p056-r04-c2,listed_related,,literal
cet4-w-ecee7b4c23662558890c,discard,cet2016-p056-r05-c1,headword,,literal
cet4-w-c864c2c64efc018ced94,discharge,cet2016-p056-r07-c1,headword,,literal
cet4-w-441b6a6180ed5033824d,discipline,cet2016-p056-r08-c1,headword,,literal
cet4-w-f9edcd3213541606b12b,disciplined,cet2016-p056-r08-c2,listed_related,,literal
cet4-w-b349b7c51252222688d7,disciplinary,cet2016-p056-r08-c3,listed_related,,literal
cet4-w-77808d401f494a705d2b,disco,cet2016-p056-r10-c1,headword,,literal
cet4-w-1f436a85b06327a31b24,discount,cet2016-p056-r12-c1,headword,,literal
cet4-w-bddc7a1e3ac6213eca97,discourage,cet2016-p056-r13-c1,headword,,literal
cet4-w-2ee4ac12b52bbd7d9bdc,discover,cet2016-p056-r15-c1,headword,,literal
cet4-w-1997ffa03bcc9336e9d5,discovery,cet2016-p056-r15-c2,listed_related,,literal
cet4-w-fd69cc28f1ff3746fb6a,discriminate,cet2016-p056-r18-c1,headword,,literal
cet4-w-9b3b7ed08b6e25848592,discrimination,cet2016-p056-r18-c2,listed_related,,literal
cet4-w-0af7a5b1a71d093a1afb,discriminatory,cet2016-p056-r18-c3,listed_related,,literal
cet4-w-6af3212ae9f03fafe886,discuss,cet2016-p056-r19-c1,headword,,literal
cet4-w-fc460eda29ee3643e579,discussion,cet2016-p056-r19-c2,listed_related,,literal
cet4-w-525cc27b6b8dfd55fcca,disease,cet2016-p056-r20-c1,headword,,literal
cet4-w-04794c482f37798497cc,disguise,cet2016-p056-r21-c1,headword,,literal
cet4-w-2efa814ad246900aff22,disgust,cet2016-p056-r22-c1,headword,,literal
cet4-w-ad5ad651c93ba3d65d11,disgusting,cet2016-p056-r22-c2,listed_related,,literal
cet4-w-1a3fc3ea42100fdae5c4,dish,cet2016-p056-r23-c1,headword,,literal
cet4-w-1163e94226e0e76a9589,disintegrate,cet2016-p056-r24-c1,headword,,literal
cet4-w-5715fb1412bb7bd62d3e,disintegration,cet2016-p056-r24-c2,listed_related,,literal
cet4-w-5ca17bfe64caf6cf9d68,disk,cet2016-p056-r25-c1,headword,,orthographic
cet4-w-ff6cc4843f138fc9ca8e,dislike,cet2016-p056-r26-c1,headword,,literal
cet4-w-4d3b4a821c5baecdd951,dismiss,cet2016-p056-r29-c1,headword,,literal
cet4-w-6c57cae5eb10599841cb,dismissal,cet2016-p056-r29-c2,listed_related,,literal
cet4-w-6811e24c6ca73d13f7a9,disorder,cet2016-p056-r30-c1,headword,,literal
cet4-w-755e10ce5742bd7137b3,display,cet2016-p056-r35-c1,headword,,literal
cet4-w-62a7416c0f1ef07e7568,dispose,cet2016-p056-r36-c1,headword,,literal
cet4-w-efbbca4e7b89cd74aff5,disposal,cet2016-p056-r36-c2,listed_related,,literal
cet4-w-b86d0ef2293bca139a8b,dispute,cet2016-p056-r38-c1,headword,,literal
cet4-w-c9820b234a1880192020,disputable,cet2016-p056-r38-c2,listed_related,,literal
cet4-w-f3b4dcad4258d6257053,disrupt,cet2016-p056-r40-c1,headword,,literal
cet4-w-77523b3aa61de53c8c34,disruptive,cet2016-p056-r40-c2,listed_related,,literal
cet4-w-60a1f92a4911b0f4db46,disruption,cet2016-p056-r40-c3,listed_related,,literal
cet4-w-2dd9c102360a3087669e,dissolve,cet2016-p057-r02-c1,headword,,literal
cet4-w-79d11cda7dad77f3f195,distance,cet2016-p057-r03-c1,headword,,literal
cet4-w-ce70810ad0a2809f11fa,distant,cet2016-p057-r03-c2,listed_related,,literal
cet4-w-28e7767ac041107bd1d1,distinct,cet2016-p057-r05-c1,headword,,literal
cet4-w-0bdd8c2b5d1ea9962442,distinction,cet2016-p057-r05-c2,listed_related,,literal
cet4-w-fa0ee8f89436d077805b,distinctive,cet2016-p057-r05-c3,listed_related,,literal
cet4-w-2214cc47356831dafced,distinguish,cet2016-p057-r06-c1,headword,,literal
cet4-w-3c3090d32021ed638a64,distinguishable,cet2016-p057-r06-c2,listed_related,,literal
cet4-w-36a2aad4c2d2a043f02f,distract,cet2016-p057-r08-c1,headword,,literal
cet4-w-10f385cef849b5593801,distraction,cet2016-p057-r08-c2,listed_related,,literal
cet4-w-e931e6d68361d2916192,distress,cet2016-p057-r09-c1,headword,,literal
cet4-w-cae0e3bc1e2040be648d,distressful,cet2016-p057-r09-c2,listed_related,,literal
cet4-w-1f45be9473d623c78561,distribute,cet2016-p057-r10-c1,headword,,literal
cet4-w-1379a24120b10f800ad9,distribution,cet2016-p057-r10-c2,listed_related,,literal
cet4-w-feb4ba73e9c045b15291,distributive,cet2016-p057-r10-c3,listed_related,,literal
cet4-w-ccfae1707fd6c09a58fe,district,cet2016-p057-r11-c1,headword,,literal
cet4-w-1022fc8f891c9507a2d5,disturb,cet2016-p057-r12-c1,headword,,literal
cet4-w-18749922cfb217095122,disturbance,cet2016-p057-r12-c2,listed_related,,literal
cet4-w-3e67b74dd7ef56b041f0,ditch,cet2016-p057-r13-c1,headword,,literal
cet4-w-b3b8146751e8f9cb70bf,dive,cet2016-p057-r14-c1,headword,,literal
cet4-w-6703db938d8e2726616c,diverse,cet2016-p057-r15-c1,headword,,literal
cet4-w-d10c37338a93e7e6cdd6,diversify,cet2016-p057-r15-c2,listed_related,,literal
cet4-w-d297a7e0cd38e2afc489,diversity,cet2016-p057-r15-c3,listed_related,,literal
cet4-w-8d73f2e50238a73581c5,divide,cet2016-p057-r17-c1,headword,,literal
cet4-w-43d5d3b2eb71158c60e1,division,cet2016-p057-r17-c2,listed_related,,literal
cet4-w-d10a0c9a9dfd43bb0fac,divisive,cet2016-p057-r17-c3,listed_related,,literal
cet4-w-6cb270be7283dc5cf7dd,divorce,cet2016-p057-r20-c1,headword,,literal
cet4-w-e7bcdb7bacfde2f680ca,dizzy,cet2016-p057-r21-c1,headword,,literal
cet4-w-48f7296638bf133bf6cf,do,cet2016-p057-r22-c1,headword,,literal
cet4-w-5a993723fe809b667bf0,dock,cet2016-p057-r23-c1,headword,,literal
cet4-w-a707497b1f093a71b15d,doctor,cet2016-p057-r24-c1,headword,,literal
cet4-w-be8bd00fe1fb8834e983,doctorate,cet2016-p057-r24-c2,listed_related,,literal
cet4-w-64a76bf870c872f8d508,doctoral,cet2016-p057-r24-c3,listed_related,,literal
cet4-w-9ccb69358fd2b9255e2f,document,cet2016-p057-r26-c1,headword,,literal
cet4-w-f9ab8d52c296f228709a,documentary,cet2016-p057-r26-c2,listed_related,,literal
cet4-w-0655c308433e28948724,dog,cet2016-p057-r28-c1,headword,,literal
cet4-w-eac26a436dbb1e6b4d72,doll,cet2016-p057-r31-c1,headword,,literal
cet4-w-1b6cf8c4f40e1c104a36,dollar,cet2016-p057-r32-c1,headword,,literal
cet4-w-c8dfd7acd3b3c15354d2,dolphin,cet2016-p057-r33-c1,headword,,literal
cet4-w-5cc87bf4559216113ce7,domestic,cet2016-p057-r36-c1,headword,,literal
cet4-w-e8b3b236f23de683e84a,dominate,cet2016-p057-r37-c1,headword,,literal
cet4-w-298b013c5861142efbcb,domination,cet2016-p057-r37-c2,listed_related,,literal
cet4-w-6e74169ca489a07e937b,dominance,cet2016-p057-r37-c3,listed_related,,literal
cet4-w-cc4efc17aadb84d52ea6,dominant,cet2016-p057-r37-c4,listed_related,,literal
cet4-w-accd15dca672e64dea3a,donate,cet2016-p057-r38-c1,headword,,literal
cet4-w-b8a224eb19f1dbe4be51,donation,cet2016-p057-r38-c2,listed_related,,literal
cet4-w-570b9efd2c5cd2c89180,donor,cet2016-p057-r38-c3,listed_related,,literal
cet4-w-727b6c55b6585f9a67f0,donkey,cet2016-p057-r39-c1,headword,,literal
cet4-w-12ccbed0bc706ef2839a,doom,cet2016-p057-r40-c1,headword,,literal
cet4-w-8e3ce57cc020d54acb5b,door,cet2016-p057-r41-c1,headword,,literal
cet4-w-b29b404d69035fc98c28,dormitory,cet2016-p057-r42-c1,headword,,distinct_lexemes
cet4-w-e06d995f644b107c651d,dorm,cet2016-p057-r42-c1,headword,,distinct_lexemes
cet4-w-1e7924933ac59ad5714d,dose,cet2016-p058-r01-c1,headword,,literal
cet4-w-228ca54e38503eb1d77f,dosage,cet2016-p058-r01-c2,listed_related,,literal
cet4-w-86f3b57bbf85476d3ad2,dot,cet2016-p058-r02-c1,headword,,literal
cet4-w-9fe5758ed4e2c54017fd,double,cet2016-p058-r03-c1,headword,,literal
cet4-w-08137cb0538fa44dedcf,doubt,cet2016-p058-r04-c1,headword,,literal
cet4-w-4fb1b2a5e13dc3b2c60e,doubtful,cet2016-p058-r04-c2,listed_related,,literal
cet4-w-f4484d48e3d33ecaa476,doubtless,cet2016-p058-r04-c3,listed_related,,literal
cet4-w-d0ba34157a83e1d457a4,dove,cet2016-p058-r06-c1,headword,,literal
cet4-w-0ebf23713fa90c4319f4,down,cet2016-p058-r07-c1,headword,,literal
cet4-w-f94975f22f52d0261fc7,download,cet2016-p058-r09-c1,headword,,literal
cet4-w-7be7e12f9067d4b4a437,downstairs,cet2016-p058-r10-c1,headword,,literal
cet4-w-6ab56344e254e9c0c1c7,downtown,cet2016-p058-r11-c1,headword,,literal
cet4-w-4d7f48fb2458c9a753f2,downward,cet2016-p058-r12-c1,headword,,literal
cet4-w-ccc4090fae557503520e,downwards,cet2016-p058-r12-c2,listed_related,,literal
cet4-w-3ae5b423e9e0cb7a2102,dozen,cet2016-p058-r14-c1,headword,,literal
cet4-w-d782433d07bdaba6321e,draft,cet2016-p058-r15-c1,headword,,literal
cet4-w-2473bae77d7fa0fd743d,drag,cet2016-p058-r16-c1,headword,,literal
cet4-w-bfb296b0e2f9e2e59714,dragon,cet2016-p058-r17-c1,headword,,literal
cet4-w-db5f16003d6fbae55e81,drain,cet2016-p058-r18-c1,headword,,literal
cet4-w-a3d72b0a0bfb316f59f7,drainage,cet2016-p058-r18-c2,listed_related,,literal
cet4-w-76904706385cb479dfea,drama,cet2016-p058-r19-c1,headword,,literal
cet4-w-a33e57ae120ffad8a6e7,dramatic,cet2016-p058-r19-c2,listed_related,,literal
cet4-w-b8ea5d62542d771316cf,dramatically,cet2016-p058-r19-c3,listed_related,,literal
cet4-w-583d344a97ccfbc5e7c0,drastic,cet2016-p058-r20-c1,headword,,literal
cet4-w-9315ab5452e0dfbe1c26,drastically,cet2016-p058-r20-c2,listed_related,,literal
cet4-w-e090aab1e1c5a8a9c26a,draw,cet2016-p058-r21-c1,headword,,literal
cet4-w-f77dc220af04385ebe48,drawing,cet2016-p058-r21-c2,listed_related,,literal
cet4-w-3f8776f5aa055c40f3d3,drawer,cet2016-p058-r23-c1,headword,,literal
cet4-w-8af74a935c2fb09e7098,dream,cet2016-p058-r25-c1,headword,,literal
cet4-w-90041357fc622eb2c307,dreamy,cet2016-p058-r25-c2,listed_related,,literal
cet4-w-9b75f9d409e316dbeb9d,dress,cet2016-p058-r26-c1,headword,,literal
cet4-w-de79e69442ffbc9c1e3d,drift,cet2016-p058-r28-c1,headword,,literal
cet4-w-6e5fa4316b643aca4619,drill,cet2016-p058-r29-c1,headword,,literal
cet4-w-2be6f1a4008c256d0871,drink,cet2016-p058-r30-c1,headword,,literal
cet4-w-2b35201e2177a7bff587,drip,cet2016-p058-r31-c1,headword,,literal
cet4-w-476d40e07ad2f673c414,drive,cet2016-p058-r32-c1,headword,,literal
cet4-w-0b184963287d18223581,driver,cet2016-p058-r32-c2,listed_related,,literal
cet4-w-0a5fa7c0517d8d24849f,drop,cet2016-p058-r33-c1,headword,,literal
cet4-w-a4104c15f25b0d01b39d,dropout,cet2016-p058-r34-c1,headword,,literal
cet4-w-38f657db091c32bcc741,drought,cet2016-p058-r35-c1,headword,,literal
cet4-w-2e4740f35b7df715fdb9,drown,cet2016-p058-r36-c1,headword,,literal
cet4-w-f8fd116deab6a9c8d193,drug,cet2016-p058-r37-c1,headword,,literal
cet4-w-dea28738be0a0f47d0e1,drum,cet2016-p058-r38-c1,headword,,literal
cet4-w-f58a56e08652f19cefb5,drunk,cet2016-p058-r39-c1,headword,,literal
cet4-w-0135e57d71378cc0c016,drunken,cet2016-p058-r39-c2,listed_related,,literal
cet4-w-98b2fd7b44f4b34b7209,drunkard,cet2016-p058-r39-c3,listed_related,,literal
cet4-w-02620c855d1e31ebc054,dry,cet2016-p058-r40-c1,headword,,literal
cet4-w-6816af060d1af77da11f,dryer,cet2016-p058-r40-c2,listed_related,,literal
cet4-w-41f1c386ce2d9dd87d07,dual,cet2016-p058-r41-c1,headword,,literal
cet4-w-e2504efbc5a59a32cccf,duck,cet2016-p059-r02-c1,headword,,literal
cet4-w-102222a4ee4985e06330,due,cet2016-p059-r03-c1,headword,,literal
cet4-w-9daa944d51fd7fdc3d2c,duly,cet2016-p059-r03-c2,listed_related,,literal
cet4-w-dc86fc811d21b87c4d4e,dull,cet2016-p059-r04-c1,headword,,literal
cet4-w-ca143fcc14c3a26365a7,dumb,cet2016-p059-r05-c1,headword,,literal
cet4-w-4aee95e5706efb102236,dump,cet2016-p059-r06-c1,headword,,literal
cet4-w-3a2a2c5d2fc91cd814f4,durable,cet2016-p059-r08-c1,headword,,literal
cet4-w-ded187fc1f119c9ec704,durability,cet2016-p059-r08-c2,listed_related,,literal
cet4-w-a6c9001f1f7f875d4ff4,duration,cet2016-p059-r09-c1,headword,,literal
cet4-w-707d8c42465d0704451d,during,cet2016-p059-r10-c1,headword,,literal
cet4-w-7a5c79713714883b6a80,dusk,cet2016-p059-r11-c1,headword,,literal
cet4-w-c1472f54ac2acf65ca67,dust,cet2016-p059-r12-c1,headword,,literal
cet4-w-fcdc17ca618f3c2c1886,dusty,cet2016-p059-r12-c2,listed_related,,literal
cet4-w-9a9c3aa05b614df77cc0,duty,cet2016-p059-r13-c1,headword,,literal
cet4-w-aabd5ca28d696915bb4b,dye,cet2016-p059-r16-c1,headword,,literal
cet4-w-1e0a74b5de6421f65221,dynamic,cet2016-p059-r17-c1,headword,,literal
cet4-w-bee75fa4f9c473316ef4,dynamics,cet2016-p059-r17-c2,listed_related,,literal
cet4-w-6382fb8e5cee23461ed0,dynasty,cet2016-p059-r18-c1,headword,,literal
cet4-w-92a2934a97854c8395fc,each,cet2016-p059-r19-c1,headword,,literal
cet4-w-b23c6f4c7ca3e00a35e3,eager,cet2016-p059-r20-c1,headword,,literal
cet4-w-e47dad92352f6b05087a,eagle,cet2016-p059-r21-c1,headword,,literal
cet4-w-fe9a7f2256a365b83b29,ear,cet2016-p059-r22-c1,headword,,literal
cet4-w-a909691a64f2a6bf4247,early,cet2016-p059-r23-c1,headword,,literal
cet4-w-e0a8fbf7b0c3e65346ae,earn,cet2016-p059-r24-c1,headword,,literal
cet4-w-23d03fe64bba9019bc3b,earnings,cet2016-p059-r24-c2,listed_related,,literal
cet4-w-bdd1c5413ca942b91479,earnest,cet2016-p059-r25-c1,headword,,literal
cet4-w-a007aa081f00edc76c9f,earth,cet2016-p059-r26-c1,headword,,literal
cet4-w-43c9ba30a23f52ed55d2,earthquake,cet2016-p059-r27-c1,headword,,literal
cet4-w-b0d8521d27faeb701aa8,ease,cet2016-p059-r28-c1,headword,,literal
cet4-w-6eb25f3300182028dc84,east,cet2016-p059-r29-c1,headword,,literal
cet4-w-0e47eff4c3b489e9f823,eastern,cet2016-p059-r29-c2,listed_related,,literal
cet4-w-80cf32d1b0fa93e1119d,easy,cet2016-p059-r31-c1,headword,,literal
cet4-w-89ae4148866d718eb202,easily,cet2016-p059-r31-c2,listed_related,,literal
cet4-w-d517a3ce82d582c4f83b,easy-going,cet2016-p059-r32-c1,headword,,literal
cet4-w-7e208210e91eae52ad9f,eat,cet2016-p059-r33-c1,headword,,literal
cet4-w-aa2f4bbf45bfc4eabd8d,echo,cet2016-p059-r35-c1,headword,,literal
cet4-w-5bc1c46231d50f6b250b,ecology,cet2016-p059-r37-c1,headword,,literal
cet4-w-4ef1d4e47f7926d44338,ecological,cet2016-p059-r37-c2,listed_related,,literal
cet4-w-ee990516a5ee58a7aeaa,economics,cet2016-p059-r38-c1,headword,,literal
cet4-w-99a73817d2bc585fb284,economist,cet2016-p059-r38-c2,listed_related,,literal
cet4-w-b580555c3d78fe9424cf,economy,cet2016-p059-r39-c1,headword,,literal
cet4-w-37386e789aedadddfea8,economic,cet2016-p059-r39-c2,listed_related,,literal
cet4-w-af40f4c468d81d1feb40,economical,cet2016-p059-r39-c3,listed_related,,literal
cet4-w-127056da48afdf6946c5,edge,cet2016-p059-r41-c1,headword,,literal
cet4-w-12d2c0bcc43e45400232,edit,cet2016-p060-r01-c1,headword,,literal
cet4-w-c49ebe5abc58c64e2c01,editor,cet2016-p060-r01-c2,listed_related,,literal
cet4-w-3066ebacf712b0d133b0,edition,cet2016-p060-r01-c3,listed_related,,literal
cet4-w-2b642be7b33a52841c5d,editorial,cet2016-p060-r02-c1,headword,,literal
cet4-w-aed0b1472ac8797f3e91,educate,cet2016-p060-r03-c1,headword,,literal
cet4-w-f086911b1637a99e7586,education,cet2016-p060-r03-c2,listed_related,,literal
cet4-w-c9980cf4f78af7d9b133,educational,cet2016-p060-r03-c3,listed_related,,literal
cet4-w-2c9d106135ef0b8c5dfa,educator,cet2016-p060-r03-c4,listed_related,,literal
cet4-w-76288eafb4032e494803,effect,cet2016-p060-r04-c1,headword,,literal
cet4-w-20862e6595ab6cc4f589,effective,cet2016-p060-r04-c2,listed_related,,literal
cet4-w-09dd840e52cd9ed53f40,efficient,cet2016-p060-r05-c1,headword,,literal
cet4-w-94443591cca1b51da9df,efficiency,cet2016-p060-r05-c2,listed_related,,literal
cet4-w-84b460d8275a3097e1a9,effort,cet2016-p060-r06-c1,headword,,literal
cet4-w-976b1ce18de54421c6a6,egg,cet2016-p060-r07-c1,headword,,literal
cet4-w-cbe43958e474c51d9c66,eggplant,cet2016-p060-r08-c1,headword,,literal
cet4-w-a7282a2309433d8e63a3,eight,cet2016-p060-r10-c1,headword,,literal
cet4-w-2c9a06c91b15c80a3781,eighteen,cet2016-p060-r11-c1,headword,,literal
cet4-w-75542c7b8d628f9edf33,eighth,cet2016-p060-r12-c1,headword,,literal
cet4-w-3ed99a0cdd21a93098e8,eighty,cet2016-p060-r13-c1,headword,,literal
cet4-w-b8c7c44c621e120f57aa,either,cet2016-p060-r14-c1,headword,,literal
cet4-w-277dfc113609160679a6,elbow,cet2016-p060-r19-c1,headword,,literal
cet4-w-51bbfee70b7711755b45,elder,cet2016-p060-r20-c1,headword,,literal
cet4-w-49290be752bb39a6b246,elderly,cet2016-p060-r20-c2,listed_related,,literal
cet4-w-1ccea80bb4ec72f6237f,elect,cet2016-p060-r21-c1,headword,,literal
cet4-w-c19f84f4f18614cf3f87,election,cet2016-p060-r21-c2,listed_related,,literal
cet4-w-b86eaf338b251e7c4d99,elective,cet2016-p060-r21-c3,listed_related,,literal
cet4-w-b0a13ca44330bf5f6cc8,electricity,cet2016-p060-r23-c1,headword,,literal
cet4-w-994a35a0b5e5bd3dec7a,electric,cet2016-p060-r23-c2,listed_related,,distinct_lexemes
cet4-w-9d3581155f9980612d7c,electrical,cet2016-p060-r23-c2,listed_related,,distinct_lexemes
cet4-w-88e42761fcc92f5785b0,electrician,cet2016-p060-r23-c3,listed_related,,literal
cet4-w-5905f90b55479e94ec44,electron,cet2016-p060-r24-c1,headword,,literal
cet4-w-813a0e670245295bc0be,electronic,cet2016-p060-r24-c2,listed_related,,literal
cet4-w-14a2e497681233a5a1ef,electronically,cet2016-p060-r24-c3,listed_related,,literal
cet4-w-0f4f827e1d9b82cbe7a3,electronics,cet2016-p060-r24-c4,listed_related,,literal
cet4-w-cc09cdf63e2431751281,elegant,cet2016-p060-r25-c1,headword,,literal
cet4-w-d2b18605bad1d78a8f1c,elegance,cet2016-p060-r25-c2,listed_related,,literal
cet4-w-f31955cd24765a200371,element,cet2016-p060-r26-c1,headword,,literal
cet4-w-69f9cc83b7110e767ccd,elementary,cet2016-p060-r27-c1,headword,,literal
cet4-w-3797e7214fce6e5cccd5,elephant,cet2016-p060-r28-c1,headword,,literal
cet4-w-94a0af509e6de50259bb,elevate,cet2016-p060-r29-c1,headword,,literal
cet4-w-51f53696d47a4ed555c1,elevation,cet2016-p060-r29-c2,listed_related,,literal
cet4-w-05ab3e49542d3954e719,elevator,cet2016-p060-r29-c3,listed_related,,literal
cet4-w-cc9bfb9fc057604d688d,eleven,cet2016-p060-r30-c1,headword,,literal
cet4-w-49c98b5c53462141023a,eliminate,cet2016-p060-r33-c1,headword,,literal
cet4-w-4af13d2e14bb38a32c4b,elimination,cet2016-p060-r33-c2,listed_related,,literal
cet4-w-ca71192cdaf0ee0eff54,elite,cet2016-p060-r34-c1,headword,,literal
cet4-w-4e3e225c7b509ed503bf,else,cet2016-p060-r36-c1,headword,,literal
cet4-w-962c2082101e7e09090d,elsewhere,cet2016-p060-r37-c1,headword,,literal
cet4-w-3082490e0a4d6321da6a,email,cet2016-p060-r38-c1,headword,,literal
cet4-w-dd0b2fe634f320233385,embarrass,cet2016-p060-r42-c1,headword,,literal
cet4-w-dd507291e6e9e40d487a,embarrassment,cet2016-p060-r42-c2,listed_related,,literal
cet4-w-08f80748e27dd97f98d4,embassy,cet2016-p061-r01-c1,headword,,literal
cet4-w-b229bb75a66e39b9bc73,embrace,cet2016-p061-r04-c1,headword,,literal
cet4-w-fc955721cdeab3fdf902,emerge,cet2016-p061-r06-c1,headword,,literal
cet4-w-bc033379588f6dba4bf5,emergence,cet2016-p061-r06-c2,listed_related,,literal
cet4-w-e638b9b0eab75e3936d4,emergency,cet2016-p061-r07-c1,headword,,literal
cet4-w-485c595d07aa4877fc41,emit,cet2016-p061-r10-c1,headword,,literal
cet4-w-69fd62b0d2a568d9230c,emission,cet2016-p061-r10-c2,listed_related,,literal
cet4-w-7b5a9936882014052480,emotion,cet2016-p061-r11-c1,headword,,literal
cet4-w-7f3c8a41714d7460cb7c,emotional,cet2016-p061-r11-c2,listed_related,,literal
cet4-w-98e427a7c23588cf7b80,emperor,cet2016-p061-r12-c1,headword,,literal
cet4-w-e8fb4980874cb59a6d91,empress,cet2016-p061-r12-c2,listed_related,,literal
cet4-w-f336bc2a623e3cff7f67,emphasis,cet2016-p061-r13-c1,headword,,literal
cet4-w-d516617c53a98c547c83,emphasize,cet2016-p061-r13-c2,listed_related,,orthographic
cet4-w-807d1deb9daa4e35a79a,emphatic,cet2016-p061-r13-c3,listed_related,,literal
cet4-w-893ac5d14998bae31676,empire,cet2016-p061-r14-c1,headword,,literal
cet4-w-e66d250ef65008b7031c,employ,cet2016-p061-r16-c1,headword,,literal
cet4-w-87c3d06396be69e907b2,employment,cet2016-p061-r16-c2,listed_related,,literal
cet4-w-0401d032f51dec55a6f9,employer,cet2016-p061-r16-c3,listed_related,,literal
cet4-w-3dd065df60d7ca9814c8,employee,cet2016-p061-r16-c4,listed_related,,literal
cet4-w-ec5bc59d2369556e6c96,empty,cet2016-p061-r17-c1,headword,,literal
cet4-w-df094af781fe3042d293,emptiness,cet2016-p061-r17-c2,listed_related,,literal
cet4-w-c87b5d351d670ef64440,enable,cet2016-p061-r19-c1,headword,,literal
cet4-w-63b776f270dd41c9d047,encounter,cet2016-p061-r22-c1,headword,,literal
cet4-w-bbc492236f73766777b2,encourage,cet2016-p061-r23-c1,headword,,literal
cet4-w-dcd3ff93b255a8dcca92,encouragement,cet2016-p061-r23-c2,listed_related,,literal
cet4-w-78b7cef442f54f2f186a,encouraging,cet2016-p061-r23-c3,listed_related,,literal
cet4-w-23cf0a8084d1ca5f6df1,end,cet2016-p061-r25-c1,headword,,literal
cet4-w-978c97ec4cddf1442181,ending,cet2016-p061-r25-c2,listed_related,,literal
cet4-w-e60249a42a5fe2a797f0,endless,cet2016-p061-r25-c3,listed_related,,literal
cet4-w-318d73384ffda7ff0955,endanger,cet2016-p061-r26-c1,headword,,literal
cet4-w-46c634a763ad995bbdbd,endure,cet2016-p061-r30-c1,headword,,literal
cet4-w-c5408f2dae3b05c2923b,endurance,cet2016-p061-r30-c2,listed_related,,literal
cet4-w-d70c5d60e4464843dcaf,enemy,cet2016-p061-r31-c1,headword,,literal
cet4-w-5b86c4b6f5203f8e9151,energy,cet2016-p061-r32-c1,headword,,literal
cet4-w-ff3465947feae4510e04,energetic,cet2016-p061-r32-c2,listed_related,,literal
cet4-w-45e8cf6e96fb8e5b6864,energetically,cet2016-p061-r32-c3,listed_related,,literal
cet4-w-f9b21b585055e631a64f,enforce,cet2016-p061-r33-c1,headword,,literal
cet4-w-c6c97c39c1f6da8e658e,enforcement,cet2016-p061-r33-c2,listed_related,,literal
cet4-w-13a2acf04c20dfaaf34b,engage,cet2016-p061-r34-c1,headword,,literal
cet4-w-73e123af766bdf86df8a,engagement,cet2016-p061-r34-c2,listed_related,,literal
cet4-w-07b15b1453fc7dfc093d,engine,cet2016-p061-r35-c1,headword,,literal
cet4-w-e6bf243dba8e797b2c16,engineer,cet2016-p061-r36-c1,headword,,literal
cet4-w-76ccd0b3bb54c9593755,engineering,cet2016-p061-r36-c2,listed_related,,literal
cet4-w-08f09c987bdcd12e1411,enhance,cet2016-p061-r37-c1,headword,,literal
cet4-w-befd31d0642227a58c01,enhancement,cet2016-p061-r37-c2,listed_related,,literal
cet4-w-b9a13283b7bf3fb3b4d0,enjoy,cet2016-p061-r38-c1,headword,,literal
cet4-w-34dca7e8394c71359b28,enjoyable,cet2016-p061-r38-c2,listed_related,,literal
cet4-w-001c168bc69807a74e4c,enjoyment,cet2016-p061-r38-c3,listed_related,,literal
cet4-w-dbffa6787f1b22820b5f,enlarge,cet2016-p061-r39-c1,headword,,literal
cet4-w-2bfefadbb0a4c0c9913d,enlighten,cet2016-p061-r40-c1,headword,,literal
cet4-w-b81dff054b3cc611e563,enlightenment,cet2016-p061-r40-c2,listed_related,,literal
cet4-w-e6ecbd4b1ded9aecf0f4,enlightening,cet2016-p061-r40-c3,listed_related,,literal
cet4-w-d68add0e3ad6e92b6f2d,enormous,cet2016-p061-r42-c1,headword,,literal
cet4-w-d2f75b9440cfdac08be9,enough,cet2016-p062-r01-c1,headword,,literal
cet4-w-064a55ee1b864d41291a,enquire,cet2016-p062-r02-c1,headword,,literal
cet4-w-df2e0e43d20670896f30,enquiry,cet2016-p062-r02-c2,listed_related,,literal
cet4-w-f554ae88badabaf5df5f,enrich,cet2016-p062-r03-c1,headword,,literal
cet4-w-e16f179c2052565d4a03,enrol,cet2016-p062-r04-c1,headword,,orthographic
cet4-w-bf68bb8942bef50b17eb,enrolment,cet2016-p062-r04-c2,listed_related,,orthographic
cet4-w-5bd9188546abff1b1a5c,ensure,cet2016-p062-r06-c1,headword,,literal
cet4-w-adde5c46496b14ff05ae,enter,cet2016-p062-r08-c1,headword,,literal
cet4-w-f80c1f333878872d6e84,entrance,cet2016-p062-r08-c2,listed_related,,literal
cet4-w-2ee836e047732c8ba260,entry,cet2016-p062-r08-c3,listed_related,,literal
cet4-w-3ffa82d0e69e5f956433,enterprise,cet2016-p062-r09-c1,headword,,literal
cet4-w-5e7c6fdccd5001537df9,enterprising,cet2016-p062-r09-c2,listed_related,,literal
cet4-w-a0e3fd3b77355e696733,entertain,cet2016-p062-r10-c1,headword,,literal
cet4-w-fb9005ef665f6c50d87a,entertainment,cet2016-p062-r10-c2,listed_related,,literal
cet4-w-924c96f538d5cdc7dea8,entertaining,cet2016-p062-r10-c3,listed_related,,literal
cet4-w-47f5fef12cefed39e6b5,enthusiasm,cet2016-p062-r11-c1,headword,,literal
cet4-w-cf4af8bfd7d7050f1db0,enthusiastic,cet2016-p062-r11-c2,listed_related,,literal
cet4-w-c95874e333cfa81274b7,enthusiastically,cet2016-p062-r11-c3,listed_related,,literal
cet4-w-90b4131f7ea31878ce46,enthusiast,cet2016-p062-r11-c4,listed_related,,literal
cet4-w-ddebba8f844d63ec66b0,entire,cet2016-p062-r12-c1,headword,,literal
cet4-w-79b324e593813ac799af,entirety,cet2016-p062-r12-c2,listed_related,,literal
cet4-w-bdeaf677d3ef139afbfa,entitle,cet2016-p062-r13-c1,headword,,literal
cet4-w-02ef8b1f34eee1ed1020,entrepreneur,cet2016-p062-r15-c1,headword,,literal
cet4-w-6c42c02858e1b5bf9d9d,entrepreneurial,cet2016-p062-r15-c2,listed_related,,literal
cet4-w-791728a895f14ca0b8d9,envelope,cet2016-p062-r18-c1,headword,,literal
cet4-w-c1aca416bd255d2254ff,environment,cet2016-p062-r19-c1,headword,,literal
cet4-w-e286b0a197cbeff976bc,environmental,cet2016-p062-r19-c2,listed_related,,literal
cet4-w-b45249ce8e520122efce,environmentalist,cet2016-p062-r19-c3,listed_related,,literal
cet4-w-e397d7dc650cc99ec5d1,envy,cet2016-p062-r22-c1,headword,,literal
cet4-w-237909aaf79a44e61abc,envious,cet2016-p062-r22-c2,listed_related,,literal
cet4-w-216b9db4abd9f69c8fa9,episode,cet2016-p062-r25-c1,headword,,literal
cet4-w-7e1a30e2d9a7be355212,equal,cet2016-p062-r27-c1,headword,,literal
cet4-w-c272936cd911204a9449,equally,cet2016-p062-r27-c2,listed_related,,literal
cet4-w-79e4f0ad47056b2235e1,equality,cet2016-p062-r27-c3,listed_related,,literal
cet4-w-5f1080c271a40d87944d,equip,cet2016-p062-r30-c1,headword,,literal
cet4-w-0cdba6737b86f653ddf1,equipment,cet2016-p062-r30-c2,listed_related,,literal
cet4-w-645a604d189e8e98f0ef,equivalent,cet2016-p062-r32-c1,headword,,literal
cet4-w-355d2717836739e02da2,equivalence,cet2016-p062-r32-c2,listed_related,,literal
cet4-w-d1e70f879c62aae7733d,era,cet2016-p062-r33-c1,headword,,literal
cet4-w-86280938a86569284fc7,erase,cet2016-p062-r35-c1,headword,,literal
cet4-w-dbfe2c2fde046a08aa60,eraser,cet2016-p062-r35-c2,listed_related,,literal
cet4-w-80e75584a0741b72274d,err,cet2016-p062-r38-c1,headword,,literal
cet4-w-4b461f428a545e61a329,error,cet2016-p062-r38-c2,listed_related,,literal
cet4-w-69ca9c22a668f159a1a7,erroneous,cet2016-p062-r38-c3,listed_related,,literal
cet4-w-51f9bd62ee55e62e7217,escape,cet2016-p062-r42-c1,headword,,literal
cet4-w-7065c90b837a84ff6149,especially,cet2016-p063-r02-c1,headword,,literal
cet4-w-c29894d9868fcb987964,essay,cet2016-p063-r03-c1,headword,,literal
cet4-w-647aa00295725d3870f8,essayist,cet2016-p063-r03-c2,listed_related,,literal
cet4-w-ea776993b2628b107361,essence,cet2016-p063-r04-c1,headword,,literal
cet4-w-399a06ace2af5f904435,essential,cet2016-p063-r04-c2,listed_related,,literal
cet4-w-9acd3ae09e5820df61c5,establish,cet2016-p063-r05-c1,headword,,literal
cet4-w-0948402f28879714cb30,establishment,cet2016-p063-r05-c2,listed_related,,literal
cet4-w-582fe4270eb66c62ed79,estate,cet2016-p063-r06-c1,headword,,literal
cet4-w-9ade57898f806adaee53,estimate,cet2016-p063-r09-c1,headword,,literal
cet4-w-8ee67bf03d61c45072d0,estimation,cet2016-p063-r09-c2,listed_related,,literal
cet4-w-8aa99c66bcda76ae5a9f,eternal,cet2016-p063-r10-c1,headword,,literal
cet4-w-94063e89e077c3b9301a,eternity,cet2016-p063-r10-c2,listed_related,,literal
cet4-w-5d5b7569171eae8f9586,ethic,cet2016-p063-r11-c1,headword,,literal
cet4-w-fc236cdab0eb67a6fe18,ethics,cet2016-p063-r11-c2,listed_related,,literal
cet4-w-782a4816564b947bd5e3,ethnic,cet2016-p063-r12-c1,headword,,literal
cet4-w-719092ffe8bbb599d008,euro,cet2016-p063-r14-c1,headword,,literal
cet4-w-d038a26537eecc04c457,evaluate,cet2016-p063-r17-c1,headword,,literal
cet4-w-79f8b5e2ec55922be2f3,evaluation,cet2016-p063-r17-c2,listed_related,,literal
cet4-w-27a229f2179d5af3b6f5,eve,cet2016-p063-r19-c1,headword,,literal
cet4-w-fa35880a34c0a4ec7cab,even,cet2016-p063-r20-c1,headword,,literal
cet4-w-47a24ba05bc15f34d55c,evenly,cet2016-p063-r20-c2,listed_related,,literal
cet4-w-e3f1bdff6f5765e79972,evening,cet2016-p063-r21-c1,headword,,literal
cet4-w-7fd30832678bf36b6cd5,event,cet2016-p063-r22-c1,headword,,literal
cet4-w-c748ed0adeec55e3ceb8,eventful,cet2016-p063-r22-c2,listed_related,,literal
cet4-w-38823b3d6a68d28ae641,eventually,cet2016-p063-r23-c1,headword,,literal
cet4-w-4f697eb83cf550c8294a,eventual,cet2016-p063-r23-c2,listed_related,,literal
cet4-w-03603ea215c66d11412e,eventuality,cet2016-p063-r23-c3,listed_related,,literal
cet4-w-c1746cd110e970acb9a1,ever,cet2016-p063-r24-c1,headword,,literal
cet4-w-d4ac4a602d268d047530,every,cet2016-p063-r25-c1,headword,,literal
cet4-w-2f0e2e7ce46091ab1240,everybody,cet2016-p063-r26-c1,headword,,literal
cet4-w-da913e535065593f5adc,everyday,cet2016-p063-r27-c1,headword,,literal
cet4-w-c5978be815517050445e,everyone,cet2016-p063-r28-c1,headword,,literal
cet4-w-fc1cd63e6f95e312483b,everything,cet2016-p063-r29-c1,headword,,literal
cet4-w-c20ba2e2a336c6e737ed,everywhere,cet2016-p063-r30-c1,headword,,literal
cet4-w-9dbc11e3018570fcb05a,evident,cet2016-p063-r31-c1,headword,,literal
cet4-w-3676a3f0ea228087d8b1,evidence,cet2016-p063-r31-c2,listed_related,,literal
cet4-w-8cd48d8da4b185f0cfd8,evil,cet2016-p063-r32-c1,headword,,literal
cet4-w-fa5a06ea1a4a9ab7b8c8,evolve,cet2016-p063-r34-c1,headword,,literal
cet4-w-4dc8db865bc9036053e9,evolution,cet2016-p063-r34-c2,listed_related,,literal
cet4-w-d3f43ea664d036648d22,evolutionary,cet2016-p063-r34-c3,listed_related,,literal
cet4-w-debeb5d4beebc1db25a1,exact,cet2016-p063-r35-c1,headword,,literal
cet4-w-4439e23ad97db07aca1d,exaggerate,cet2016-p063-r36-c1,headword,,literal
cet4-w-be43d3e1acd76a0de9e1,exaggeration,cet2016-p063-r36-c2,listed_related,,literal
cet4-w-3ab09e224473b7cb39c9,examine,cet2016-p063-r37-c1,headword,,literal
cet4-w-90d48a4d7b70b89aafb3,exam,cet2016-p063-r37-c2,listed_related,,distinct_lexemes
cet4-w-37292d0b28fd0e4cdb46,examination,cet2016-p063-r37-c2,listed_related,,distinct_lexemes
cet4-w-be3a53f834bf6637a499,examiner,cet2016-p063-r37-c3,listed_related,,literal
cet4-w-73fdae0b7392c4b05148,examinee,cet2016-p063-r37-c4,listed_related,,literal
cet4-w-e01b3159f8d25396835a,example,cet2016-p063-r38-c1,headword,,literal
cet4-w-e5a51116becf48d0e665,exemplary,cet2016-p063-r38-c2,listed_related,,literal
cet4-w-80c9281e746ca0238a68,exemplify,cet2016-p063-r38-c3,listed_related,,literal
cet4-w-37faf8a0cde0a0b0064a,exceed,cet2016-p063-r39-c1,headword,,literal
cet4-w-5f9ed82c7ab6ebc6e7b1,exceedingly,cet2016-p063-r39-c2,listed_related,,literal
cet4-w-f244c04f9fbeedb367a3,excel,cet2016-p063-r40-c1,headword,,literal
cet4-w-8f9e171f98b34468082e,excellent,cet2016-p063-r41-c1,headword,,literal
cet4-w-3360a60bf0cfead551fe,excellence,cet2016-p063-r41-c2,listed_related,,literal
cet4-w-763746fba2a3fed7bc98,except,cet2016-p063-r42-c1,headword,,literal
cet4-w-d0368513806da3e108d5,exception,cet2016-p064-r01-c1,headword,,literal
cet4-w-a9a9d763d9aaca592d5d,exceptional,cet2016-p064-r01-c2,listed_related,,literal
cet4-w-7ce2a22a2ccce2aa4df5,excess,cet2016-p064-r03-c1,headword,,literal
cet4-w-46ea1aa8d842f3106e57,excessive,cet2016-p064-r03-c2,listed_related,,literal
cet4-w-ded743def51da77f7338,exchange,cet2016-p064-r04-c1,headword,,literal
cet4-w-e6399b805d77547c76ca,excite,cet2016-p064-r05-c1,headword,,literal
cet4-w-69672e704061d981f249,exciting,cet2016-p064-r05-c2,listed_related,,literal
cet4-w-df37736c626f1054697f,excitement,cet2016-p064-r05-c3,listed_related,,literal
cet4-w-ed0a8402063be93dbb5d,exclaim,cet2016-p064-r06-c1,headword,,literal
cet4-w-526fbf6a8c6c9ee18ced,exclamation,cet2016-p064-r06-c2,listed_related,,literal
cet4-w-7b8fac25fc47a1bb46fb,exclamatory,cet2016-p064-r06-c3,listed_related,,literal
cet4-w-49a922944a5b9e809bbe,exclude,cet2016-p064-r07-c1,headword,,literal
cet4-w-7a16c7dcb3abce707f3b,exclusion,cet2016-p064-r07-c2,listed_related,,literal
cet4-w-42c3822c0aa32c2b871d,exclusive,cet2016-p064-r07-c3,listed_related,,literal
cet4-w-e990425f794149600572,excursion,cet2016-p064-r08-c1,headword,,literal
cet4-w-f0ef5ac9ffb833b35d24,excuse,cet2016-p064-r09-c1,headword,,literal
cet4-w-e156b321b452d2902a9b,execute,cet2016-p064-r10-c1,headword,,literal
cet4-w-060a1bb1993588525793,execution,cet2016-p064-r10-c2,listed_related,,literal
cet4-w-0cb6b3a9da28efbf7bf5,executive,cet2016-p064-r10-c3,listed_related,,literal
cet4-w-2c806d2399171c86aa55,exercise,cet2016-p064-r12-c1,headword,,literal
cet4-w-5d445e3d209009d45ada,exert,cet2016-p064-r13-c1,headword,,literal
cet4-w-b5566529888a63090c6d,exertion,cet2016-p064-r13-c2,listed_related,,literal
cet4-w-f8d330d2d518193530bd,exhaust,cet2016-p064-r14-c1,headword,,literal
cet4-w-3c2058d7b2ac8a7ee0eb,exhaustion,cet2016-p064-r14-c2,listed_related,,literal
cet4-w-6fddfcd32be3fad0b2f3,exhaustive,cet2016-p064-r14-c3,listed_related,,literal
cet4-w-2d1f624c2adf2eb716ad,exhibit,cet2016-p064-r15-c1,headword,,literal
cet4-w-f50a686fdf033f8fd6fa,exhibition,cet2016-p064-r15-c2,listed_related,,literal
cet4-w-f3c5a976b2f38d941b1f,exile,cet2016-p064-r16-c1,headword,,literal
cet4-w-12b2612b94b0f5322744,exist,cet2016-p064-r17-c1,headword,,literal
cet4-w-a0e2bae416dc497f1b52,existence,cet2016-p064-r17-c2,listed_related,,literal
cet4-w-3e68a8ddd1a18bf64930,existent,cet2016-p064-r17-c3,listed_related,,literal
cet4-w-112059f76d47759539f8,existing,cet2016-p064-r17-c4,listed_related,,literal
cet4-w-d8b24a6b0779b050dc52,exit,cet2016-p064-r18-c1,headword,,literal
cet4-w-0d6748453ca6da541ac8,expand,cet2016-p064-r20-c1,headword,,literal
cet4-w-06ac1d3fe36086b61cec,expansion,cet2016-p064-r20-c2,listed_related,,literal
cet4-w-ae9d552c7868382a15a4,expansive,cet2016-p064-r20-c3,listed_related,,literal
cet4-w-7b27c3e81299f870cb00,expect,cet2016-p064-r21-c1,headword,,literal
cet4-w-35326b8c909202b6fb66,expectation,cet2016-p064-r21-c2,listed_related,,literal
cet4-w-42fe9638a2b7e28d49b2,expectancy,cet2016-p064-r21-c3,listed_related,,literal
cet4-w-1af07d1503470ebfdf7d,expel,cet2016-p064-r23-c1,headword,,literal
cet4-w-b3aa8d382534be205de3,expend,cet2016-p064-r24-c1,headword,,literal
cet4-w-905df230e1f173b1d090,expenditure,cet2016-p064-r24-c2,listed_related,,literal
cet4-w-82b9ec933c996ac1da6b,expense,cet2016-p064-r25-c1,headword,,literal
cet4-w-41afabff53914559db35,expensive,cet2016-p064-r25-c2,listed_related,,literal
cet4-w-4b2d05f83d276e637e6f,experience,cet2016-p064-r26-c1,headword,,literal
cet4-w-1d9735e1cf33b291617c,experienced,cet2016-p064-r26-c2,listed_related,,literal
cet4-w-d02f11b53c7a3f7a7216,experiment,cet2016-p064-r27-c1,headword,,literal
cet4-w-442086d27c3b0b686381,experimental,cet2016-p064-r27-c2,listed_related,,literal
cet4-w-c8834f99ec2d2c9bb76e,expert,cet2016-p064-r28-c1,headword,,literal
cet4-w-df964e958ddb0f370f4e,expertise,cet2016-p064-r29-c1,headword,,literal
cet4-w-e01912296a8a69b9b856,explain,cet2016-p064-r31-c1,headword,,literal
cet4-w-522a83dda197fd700993,explanation,cet2016-p064-r31-c2,listed_related,,literal
cet4-w-7598b5939d34687b908d,explanatory,cet2016-p064-r31-c3,listed_related,,literal
cet4-w-1ec710d3ee7590dd72a2,explicit,cet2016-p064-r32-c1,headword,,literal
cet4-w-9e65885025efc6343932,explode,cet2016-p064-r33-c1,headword,,literal
cet4-w-8f5ed2b573829071e691,explosion,cet2016-p064-r33-c2,listed_related,,literal
cet4-w-ce035522f6ffb6072b26,explosive,cet2016-p064-r33-c3,listed_related,,literal
cet4-w-e3d683adae474e253793,exploit,cet2016-p064-r34-c1,headword,,literal
cet4-w-02462c990ff851ef7354,exploitation,cet2016-p064-r34-c2,listed_related,,literal
cet4-w-5b8cf425aeb76ee90c87,explore,cet2016-p064-r35-c1,headword,,literal
cet4-w-763d56b2fecb4d600c36,exploration,cet2016-p064-r35-c2,listed_related,,literal
cet4-w-8c8d138547024805cf9e,export,cet2016-p064-r37-c1,headword,,literal
cet4-w-c9c2eea08ff717062fad,exportation,cet2016-p064-r37-c2,listed_related,,literal
cet4-w-0c49e64c22dfb2c78289,expose,cet2016-p064-r38-c1,headword,,literal
cet4-w-83ce3a02676b33cc76ed,exposure,cet2016-p064-r38-c2,listed_related,,literal
cet4-w-ebdcb2bc085fa62433b4,express,cet2016-p064-r40-c1,headword,,literal
cet4-w-4aa53351fcd2903887fd,expression,cet2016-p064-r40-c2,listed_related,,literal
cet4-w-b1cca4c39783436c8777,expressive,cet2016-p064-r40-c3,listed_related,,literal
cet4-w-0c00b00bf857b0df82f2,expressway,cet2016-p064-r41-c1,headword,,literal
cet4-w-5c9b072dae66976bf09f,extend,cet2016-p065-r01-c1,headword,,literal
cet4-w-e9c354fa4c5d175130b6,extension,cet2016-p065-r01-c2,listed_related,,literal
cet4-w-34edb0232b28c7d26332,extensive,cet2016-p065-r01-c3,listed_related,,literal
cet4-w-3806aed7f8dad6096432,extended,cet2016-p065-r01-c4,listed_related,,literal
cet4-w-0260306647749ad08952,extent,cet2016-p065-r02-c1,headword,,literal
cet4-w-28357c347bb32d494f27,exterior,cet2016-p065-r03-c1,headword,,literal
cet4-w-2cddbaa7cdcf5ca549c5,external,cet2016-p065-r04-c1,headword,,literal
cet4-w-d494ec31c002acc002b4,extinguish,cet2016-p065-r06-c1,headword,,literal
cet4-w-e42d7e888c0a061afde2,extra,cet2016-p065-r07-c1,headword,,literal
cet4-w-8e6cd9e3f7e2d9d1a412,extraordinary,cet2016-p065-r09-c1,headword,,literal
cet4-w-6cd314611cc0e2526b4e,extreme,cet2016-p065-r11-c1,headword,,literal
cet4-w-683de94947b776cfaf74,extremity,cet2016-p065-r11-c2,listed_related,,literal
cet4-w-f88cc502b9a09b124210,eye,cet2016-p065-r12-c1,headword,,literal
cet4-w-27af6dad220217948e1f,eyebrow,cet2016-p065-r13-c1,headword,,literal
cet4-w-e366ccd29ec07f6af995,eyesight,cet2016-p065-r14-c1,headword,,literal
cet4-w-638d9bc57dbb3089f583,fable,cet2016-p065-r15-c1,headword,,literal
cet4-w-1d0a6304e06cc5033782,fabric,cet2016-p065-r16-c1,headword,,literal
cet4-w-ad20c44849e893327311,face,cet2016-p065-r19-c1,headword,,literal
cet4-w-cd83417ae02cc70baf0c,facial,cet2016-p065-r19-c2,listed_related,,literal
cet4-w-025f114d5a92ddd87e65,facility,cet2016-p065-r21-c1,headword,,literal
cet4-w-52c4c78fbc48e53ee3f2,facilitate,cet2016-p065-r21-c2,listed_related,,literal
cet4-w-f4f98e5a50fb1af193ff,facilitation,cet2016-p065-r21-c3,listed_related,,literal
cet4-w-62704a73281991bea318,fact,cet2016-p065-r22-c1,headword,,literal
cet4-w-19bc1778e878ef9e8e60,factual,cet2016-p065-r22-c2,listed_related,,literal
cet4-w-05fb443601b343460b56,factor,cet2016-p065-r24-c1,headword,,literal
cet4-w-576012f32386d3a871fd,factory,cet2016-p065-r25-c1,headword,,literal
cet4-w-83f4f5ff8e69a1dd2840,faculty,cet2016-p065-r26-c1,headword,,literal
cet4-w-ccc7c75a8943e3a53bfb,fade,cet2016-p065-r27-c1,headword,,literal
cet4-w-38b86ad4a334ce175d12,fail,cet2016-p065-r28-c1,headword,,literal
cet4-w-1766aeff2b1c3a8cf3cf,failure,cet2016-p065-r28-c2,listed_related,,literal
cet4-w-cc980f1b59708861e759,faint,cet2016-p065-r29-c1,headword,,literal
cet4-w-89b8812f9f1b52193808,fair,cet2016-p065-r30-c1,headword,1,literal
cet4-w-95f5abdc6fc8f8fb8383,fairly,cet2016-p065-r30-c2,listed_related,,literal
cet4-w-89b8812f9f1b52193808,fair,cet2016-p065-r31-c1,headword,2,literal
cet4-w-747890756833c742cafb,fairy,cet2016-p065-r32-c1,headword,,literal
cet4-w-4a8461a121ccbe724113,faith,cet2016-p065-r33-c1,headword,,literal
cet4-w-f8cd5985c1f2bd63d21f,faithful,cet2016-p065-r33-c2,listed_related,,literal
cet4-w-b9c06ef2c2bcae5ff473,fake,cet2016-p065-r34-c1,headword,,literal
cet4-w-5ffac72348cfc9141e65,fall,cet2016-p065-r35-c1,headword,1,literal
cet4-w-5ffac72348cfc9141e65,fall,cet2016-p065-r36-c1,headword,2,literal
cet4-w-eee7957ddd59f44476b3,false,cet2016-p065-r37-c1,headword,,literal
cet4-w-f32c4b9de43563e76778,falsehood,cet2016-p065-r37-c2,listed_related,,literal
cet4-w-a0a7298b437f8d0dbb06,fame,cet2016-p065-r38-c1,headword,,literal
cet4-w-b625290229daff1ec306,famous,cet2016-p065-r38-c2,listed_related,,literal
cet4-w-dc0b02e55c7675c8b526,familiar,cet2016-p065-r39-c1,headword,,literal
cet4-w-06e4fbbbfa36b5d44ad3,familiarity,cet2016-p065-r39-c2,listed_related,,literal
cet4-w-2b96436c58455cbbfbae,familiarize,cet2016-p065-r39-c3,listed_related,,orthographic
cet4-w-c111a7377d0b979aa2c9,family,cet2016-p065-r40-c1,headword,,literal
cet4-w-a18f6ec96a631011ec9f,famine,cet2016-p065-r41-c1,headword,,literal
cet4-w-3eaa2eb6be31ad11eea2,fan,cet2016-p065-r42-c1,headword,,literal
cet4-w-56e413a66622649769ae,fancy,cet2016-p066-r01-c1,headword,,literal
cet4-w-2675d2a6e31e968b6be1,fantasy,cet2016-p066-r02-c1,headword,,literal
cet4-w-74a40aa309352512aea9,fantastic,cet2016-p066-r02-c2,listed_related,,literal
cet4-w-0182092d292d19c022ff,far,cet2016-p066-r03-c1,headword,,literal
cet4-w-45683d5eeca3eb57c120,fare,cet2016-p066-r04-c1,headword,,literal
cet4-w-9da13ecbf00d4c6319a3,farewell,cet2016-p066-r05-c1,headword,,literal
cet4-w-78e2cab4e420258a870e,farm,cet2016-p066-r06-c1,headword,,literal
cet4-w-91c84b021e064116efe3,farmer,cet2016-p066-r06-c2,listed_related,,literal
cet4-w-51c23e1da50ebac844be,farming,cet2016-p066-r06-c3,listed_related,,literal
cet4-w-e7d16e878ae22f89df79,farther,cet2016-p066-r07-c1,headword,,literal
cet4-w-38af00c29ec0ab7c6c9d,fascinate,cet2016-p066-r08-c1,headword,,literal
cet4-w-6ee60c3bad92b4272163,fascinating,cet2016-p066-r08-c2,listed_related,,literal
cet4-w-faa3a3fd635d720f7433,fascination,cet2016-p066-r08-c3,listed_related,,literal
cet4-w-bbb450a7646a881fcfb2,fashion,cet2016-p066-r10-c1,headword,,literal
cet4-w-fcca30431367b15a3021,fashionable,cet2016-p066-r10-c2,listed_related,,literal
cet4-w-769f9e505a45ba66c74b,fast,cet2016-p066-r11-c1,headword,,literal
cet4-w-5d4f4005fe1b69ec5773,fasten,cet2016-p066-r12-c1,headword,,literal
cet4-w-95fd5dbdf818a2e34490,fat,cet2016-p066-r13-c1,headword,,literal
cet4-w-12b570ed36d4715b5e27,fatal,cet2016-p066-r14-c1,headword,,literal
cet4-w-ee07812e912d9908f5b2,fatality,cet2016-p066-r14-c2,listed_related,,literal
cet4-w-1a9ae499d8f3957ea795,fate,cet2016-p066-r15-c1,headword,,literal
cet4-w-39c7ff5ec2a82f74859f,father,cet2016-p066-r16-c1,headword,,literal
cet4-w-d0b01efee129fe276ee6,fatherly,cet2016-p066-r16-c2,listed_related,,literal
cet4-w-cc24650df3fcaf7b29e6,fatigue,cet2016-p066-r17-c1,headword,,literal
cet4-w-3055bea5366e68c01f71,fault,cet2016-p066-r18-c1,headword,,literal
cet4-w-c091a8821849d3c6bd2f,faulty,cet2016-p066-r18-c2,listed_related,,literal
cet4-w-462d663680e235f6320c,favor,cet2016-p066-r19-c1,headword,,orthographic
cet4-w-d3145321da22e775bc3a,favorable,cet2016-p066-r19-c2,listed_related,,orthographic
cet4-w-48373dd6312318e3fdc1,favorite,cet2016-p066-r19-c3,listed_related,,orthographic
cet4-w-412f66798046b816f2d9,fax,cet2016-p066-r20-c1,headword,,literal
cet4-w-7b67419ee831ffd50ef1,fear,cet2016-p066-r21-c1,headword,,literal
cet4-w-01a25075b0d22f794cfa,fearful,cet2016-p066-r21-c2,listed_related,,literal
cet4-w-35f33ec463595308f242,feasible,cet2016-p066-r22-c1,headword,,literal
cet4-w-1579797c5d18bea9e758,feasibility,cet2016-p066-r22-c2,listed_related,,literal
cet4-w-139b2d018e0c0e3a11a3,feather,cet2016-p066-r25-c1,headword,,literal
cet4-w-59c3dae8221044db6a02,feature,cet2016-p066-r26-c1,headword,,literal
cet4-w-28e44d73367fbfa7e27a,February,cet2016-p066-r27-c1,headword,,literal
cet4-w-4c9e77567c412b33c4de,federal,cet2016-p066-r28-c1,headword,,literal
cet4-w-e0ae86fa3a56a345d6f0,federation,cet2016-p066-r29-c1,headword,,literal
cet4-w-6698197bc10875da4d61,fee,cet2016-p066-r30-c1,headword,,literal
cet4-w-50e89701d6a0b59d8518,feed,cet2016-p066-r32-c1,headword,,literal
cet4-w-3742f90f4ee224f43be9,feedback,cet2016-p066-r33-c1,headword,,literal
cet4-w-c94ad96ffd09f1a92ffb,feel,cet2016-p066-r34-c1,headword,,literal
cet4-w-9e08b8ed639c89cb82af,feeling,cet2016-p066-r34-c2,listed_related,,literal
cet4-w-736998a7d96702c1aa29,fellow,cet2016-p066-r35-c1,headword,,literal
cet4-w-e26a50077ad122a06e1f,fellowship,cet2016-p066-r35-c2,listed_related,,literal
cet4-w-48813fa85f1543390d76,female,cet2016-p066-r36-c1,headword,,literal
cet4-w-f2aab4f1145f9dcc40e8,fence,cet2016-p066-r38-c1,headword,,literal
cet4-w-d19db9e7e0693d5b00eb,ferry,cet2016-p066-r39-c1,headword,,literal
cet4-w-a512073e35985674e579,fertile,cet2016-p066-r40-c1,headword,,literal
cet4-w-5ec89c9e52e365149ccb,fertility,cet2016-p066-r40-c2,listed_related,,literal
cet4-w-3e17327c41f2f55e032b,fertilizer,cet2016-p066-r40-c3,listed_related,,orthographic
cet4-w-53d106403e87abbfd4fe,festival,cet2016-p066-r41-c1,headword,,literal
cet4-w-5653972a4c42dda889e3,fetch,cet2016-p066-r42-c1,headword,,literal
cet4-w-12b56c85b5aef36fcec2,fever,cet2016-p067-r01-c1,headword,,literal
cet4-w-a0554349292723da808c,feverish,cet2016-p067-r01-c2,listed_related,,literal
cet4-w-a8ca30dad3cf787197ae,few,cet2016-p067-r02-c1,headword,,literal
cet4-w-f4f00dc99822f0de1d22,fiber,cet2016-p067-r03-c1,headword,,orthographic
cet4-w-52a2ff5bbd1df0a56109,fiction,cet2016-p067-r04-c1,headword,,literal
cet4-w-f52c4da7e65cbabb7e44,fictional,cet2016-p067-r04-c2,listed_related,,literal
cet4-w-d995acf2dd8a5ef00864,field,cet2016-p067-r05-c1,headword,,literal
cet4-w-f0d5b64277e06aa32c9f,fierce,cet2016-p067-r06-c1,headword,,literal
cet4-w-d362a1996dabf0f8a540,fifteen,cet2016-p067-r07-c1,headword,,literal
cet4-w-22d64e8018a6d2a57937,fifth,cet2016-p067-r08-c1,headword,,literal
cet4-w-345e1c15d7add3f9f121,fifty,cet2016-p067-r09-c1,headword,,literal
cet4-w-75ff86c21384fe95a559,fight,cet2016-p067-r10-c1,headword,,literal
cet4-w-8d50b9f5594363cb4d23,figure,cet2016-p067-r11-c1,headword,,literal
cet4-w-6ad4eaf63381c5736159,figurative,cet2016-p067-r11-c2,listed_related,,literal
cet4-w-5759493de3ea2044e8ec,file,cet2016-p067-r12-c1,headword,,literal
cet4-w-243834ff065aef188253,fill,cet2016-p067-r13-c1,headword,,literal
cet4-w-ecefc86f83da8a8bb5bf,filling,cet2016-p067-r13-c2,listed_related,,literal
cet4-w-f68626d265cfb472138f,film,cet2016-p067-r14-c1,headword,,literal
cet4-w-94f10c1b5fb4e45c3183,filter,cet2016-p067-r15-c1,headword,,literal
cet4-w-2997e7cec682ecaf60d0,final,cet2016-p067-r16-c1,headword,,literal
cet4-w-c836b9bdebb2bd4ff56d,finally,cet2016-p067-r16-c2,listed_related,,literal
cet4-w-f5d3d8dfc22dbdad4750,finalize,cet2016-p067-r16-c3,listed_related,,orthographic
cet4-w-4ea9e0ecdf347afa5a37,finance,cet2016-p067-r17-c1,headword,,literal
cet4-w-0423e76f12e1b419fa8d,financial,cet2016-p067-r17-c2,listed_related,,literal
cet4-w-a10ae25d451382f25040,find,cet2016-p067-r18-c1,headword,,literal
cet4-w-b64488cbd449a51e39b7,finding,cet2016-p067-r18-c2,listed_related,,literal
cet4-w-d0ae0afa8905ba21ad2a,fine,cet2016-p067-r19-c1,headword,1,literal
cet4-w-d0ae0afa8905ba21ad2a,fine,cet2016-p067-r20-c1,headword,2,literal
cet4-w-6c365ec44d5909e1c6d2,finger,cet2016-p067-r21-c1,headword,,literal
cet4-w-6cf6bc51a173126d2cc8,fingerprint,cet2016-p067-r22-c1,headword,,literal
cet4-w-dbf953e2f7f4791f11ad,finish,cet2016-p067-r23-c1,headword,,literal
cet4-w-4f52278d40e26c1a32f2,fire,cet2016-p067-r25-c1,headword,,literal
cet4-w-1a162d10c8e4bf7de8f1,fireman,cet2016-p067-r26-c1,headword,,literal
cet4-w-c2554700fcc8dd16f279,fireplace,cet2016-p067-r27-c1,headword,,literal
cet4-w-36ca0971ace261bc8b21,fireworks,cet2016-p067-r28-c1,headword,,literal
cet4-w-6579c1cd11d56b29bd14,firm,cet2016-p067-r29-c1,headword,1,literal
cet4-w-6579c1cd11d56b29bd14,firm,cet2016-p067-r30-c1,headword,2,literal
cet4-w-1b1694b37b86e425b62a,first,cet2016-p067-r31-c1,headword,,literal
cet4-w-1c115d1ae70075f96191,firstly,cet2016-p067-r31-c2,listed_related,,literal
cet4-w-0ab9b465827d0caa52d6,fish,cet2016-p067-r33-c1,headword,,literal
cet4-w-20d93a003f78e3997afe,fishing,cet2016-p067-r33-c2,listed_related,,literal
cet4-w-ff173c1a29035ee504e4,fisherman,cet2016-p067-r33-c3,listed_related,,literal
cet4-w-b2947f24a29a708ecd0b,fist,cet2016-p067-r34-c1,headword,,literal
cet4-w-746a14cc1b64c480f972,fit,cet2016-p067-r35-c1,headword,,literal
cet4-w-4ae184136ae8e8cece35,five,cet2016-p067-r36-c1,headword,,literal
cet4-w-d47da2583bb5a0f75186,fix,cet2016-p067-r37-c1,headword,,literal
cet4-w-6b92b3d93810d1018549,fixed,cet2016-p067-r37-c2,listed_related,,literal
cet4-w-3163ef076f6d1d972a92,fixture,cet2016-p067-r37-c3,listed_related,,literal
cet4-w-cb383676ff4414c121d2,fixation,cet2016-p067-r37-c4,listed_related,,literal
cet4-w-5c417005616d42ba9ab4,flag,cet2016-p067-r38-c1,headword,,literal
cet4-w-907c4fb4f3e6d6c8ba7a,flame,cet2016-p067-r39-c1,headword,,literal
cet4-w-caa0ca2cc63bf5e6d916,flash,cet2016-p068-r01-c1,headword,,literal
cet4-w-3d0ace86dd18cabe5671,flat,cet2016-p068-r02-c1,headword,1,literal
cet4-w-3d0ace86dd18cabe5671,flat,cet2016-p068-r03-c1,headword,2,literal
cet4-w-0a84a2a55199fe5654d8,flavor,cet2016-p068-r05-c1,headword,,orthographic
cet4-w-741a8310e9b74dde2889,flaw,cet2016-p068-r06-c1,headword,,literal
cet4-w-f415bb35b92e1def9952,flawless,cet2016-p068-r06-c2,listed_related,,literal
cet4-w-46b27690e26a837a9f2a,flee,cet2016-p068-r07-c1,headword,,literal
cet4-w-0d4fb29f994dda2c44e9,fleet,cet2016-p068-r08-c1,headword,,literal
cet4-w-352e1d6962dfbd0ab1f3,flesh,cet2016-p068-r09-c1,headword,,literal
cet4-w-ec22d0f68d7b9061fca8,flexible,cet2016-p068-r10-c1,headword,,literal
cet4-w-7771e99a0c2cfad9f38d,flexibility,cet2016-p068-r10-c2,listed_related,,literal
cet4-w-23e22e0bcfeb8b7524a2,float,cet2016-p068-r14-c1,headword,,literal
cet4-w-d99db60c3ec48171088c,flock,cet2016-p068-r15-c1,headword,,literal
cet4-w-e661e3de1e0d9afa3233,flood,cet2016-p068-r16-c1,headword,,literal
cet4-w-3b716320f8ca9232ee01,floor,cet2016-p068-r17-c1,headword,,literal
cet4-w-1ae0f9dead3b57edccc8,flour,cet2016-p068-r18-c1,headword,,literal
cet4-w-002759122742c2c4af25,flourish,cet2016-p068-r19-c1,headword,,literal
cet4-w-261bd06a13bc475ef197,flow,cet2016-p068-r20-c1,headword,,literal
cet4-w-d19e4d5fdee3dd94530a,flower,cet2016-p068-r21-c1,headword,,literal
cet4-w-da770b2ec8a616554889,fluctuate,cet2016-p068-r22-c1,headword,,literal
cet4-w-44ad4c5af3658ccc17e9,fluctuation,cet2016-p068-r22-c2,listed_related,,literal
cet4-w-ac2044128a11ca7e669f,fluent,cet2016-p068-r23-c1,headword,,literal
cet4-w-0854885c1d75f9cc3f4e,fluency,cet2016-p068-r23-c2,listed_related,,literal
cet4-w-877d8f1391b578aeb7af,fluid,cet2016-p068-r24-c1,headword,,literal
cet4-w-e56d549654a312462ee5,fly,cet2016-p068-r27-c1,headword,1,literal
cet4-w-15e9701dacacb32e033e,flight,cet2016-p068-r27-c2,listed_related,,literal
cet4-w-e56d549654a312462ee5,fly,cet2016-p068-r28-c1,headword,2,literal
cet4-w-6ff6eef543f48ee6be2b,focus,cet2016-p068-r30-c1,headword,,literal
cet4-w-347bfa9a01062798c533,fog,cet2016-p068-r32-c1,headword,,literal
cet4-w-f6a41eaf046689f4bd97,foggy,cet2016-p068-r32-c2,listed_related,,literal
cet4-w-7a64bd2280bd1af666a8,fold,cet2016-p068-r34-c1,headword,,literal
cet4-w-37dd2729d79ec9657629,folk,cet2016-p068-r35-c1,headword,,literal
cet4-w-90ff622a6f39c2e561b5,follow,cet2016-p068-r37-c1,headword,,literal
cet4-w-0d5a54368772f4274af5,following,cet2016-p068-r37-c2,listed_related,,literal
cet4-w-99b344f2bbea993d3a59,fond,cet2016-p068-r38-c1,headword,,literal
cet4-w-d3ff3565a8a3bb2afd2c,food,cet2016-p068-r39-c1,headword,,literal
cet4-w-4a22d708e432e460c664,fool,cet2016-p068-r40-c1,headword,,literal
cet4-w-c2385db02a5b7a93f7de,foolish,cet2016-p068-r40-c2,listed_related,,literal
cet4-w-47abd9e705864716b1ec,foot,cet2016-p068-r41-c1,headword,,literal
cet4-w-57917a703211b147a6ca,football,cet2016-p068-r42-c1,headword,,literal
cet4-w-27f852fab9b5c5088d32,footprint,cet2016-p069-r01-c1,headword,,literal
cet4-w-9644649d57704bbb047f,for,cet2016-p069-r02-c1,headword,,literal
cet4-w-619bdd72ad520cd7c462,forbid,cet2016-p069-r03-c1,headword,,literal
cet4-w-10c5c9d82d7be3c136a1,force,cet2016-p069-r04-c1,headword,,literal
cet4-w-59d820a5b6212011a5da,forceful,cet2016-p069-r04-c2,listed_related,,literal
cet4-w-7eaa43f4cd3b4ec95eae,forecast,cet2016-p069-r05-c1,headword,,literal
cet4-w-3e68ad11a197604883cd,forehead,cet2016-p069-r06-c1,headword,,literal
cet4-w-4eceb78a18418950c620,foreign,cet2016-p069-r07-c1,headword,,literal
cet4-w-2d4651904203a48163ea,foreigner,cet2016-p069-r07-c2,listed_related,,literal
cet4-w-c1b2aad6901e32765049,foremost,cet2016-p069-r08-c1,headword,,literal
cet4-w-8ef12373e4636d46922d,foresee,cet2016-p069-r09-c1,headword,,literal
cet4-w-15d8193f76953babf5f4,foreseeable,cet2016-p069-r09-c2,listed_related,,literal
cet4-w-ccfd88a658438caa9479,foresight,cet2016-p069-r10-c1,headword,,literal
cet4-w-0d4a3f290c086ba83e16,forest,cet2016-p069-r11-c1,headword,,literal
cet4-w-9c98057bf2e8cb9a0c77,forestry,cet2016-p069-r11-c2,listed_related,,literal
cet4-w-6f18980169960c3fa8ca,forever,cet2016-p069-r13-c1,headword,,literal
cet4-w-59f2942b4bef7ee02661,forge,cet2016-p069-r15-c1,headword,,literal
cet4-w-f1a5d0a9dd2cf23424ee,forgery,cet2016-p069-r15-c2,listed_related,,literal
cet4-w-b89018a8d3a9251ea202,forget,cet2016-p069-r16-c1,headword,,literal
cet4-w-bc1c475d85560fdb08e0,forgetful,cet2016-p069-r16-c2,listed_related,,literal
cet4-w-6a7dc10948c5ee7c8082,forgettable,cet2016-p069-r16-c3,listed_related,,literal
cet4-w-44c26ae2dbef590c88bc,forgive,cet2016-p069-r17-c1,headword,,literal
cet4-w-2568812accbcbce8fa8d,forgiving,cet2016-p069-r17-c2,listed_related,,literal
cet4-w-30d08e4779dcb61f69db,fork,cet2016-p069-r18-c1,headword,,literal
cet4-w-9c5f82af8565320d1e8e,form,cet2016-p069-r19-c1,headword,,literal
cet4-w-817da9a2b9ed5729a4e8,formation,cet2016-p069-r19-c2,listed_related,,literal
cet4-w-ad1feba0697d8ebbcdbf,formal,cet2016-p069-r20-c1,headword,,literal
cet4-w-8fc6bc1f5dbcb438f61a,formality,cet2016-p069-r20-c2,listed_related,,literal
cet4-w-cce4ede7813ad881e831,format,cet2016-p069-r21-c1,headword,,literal
cet4-w-c7d81c8d9213763b157f,former,cet2016-p069-r22-c1,headword,,literal
cet4-w-04d53d55413878a9fd02,formula,cet2016-p069-r24-c1,headword,,literal
cet4-w-2ade6cde2ec8eb043cf0,formulate,cet2016-p069-r25-c1,headword,,literal
cet4-w-e7cb05905ef93f774219,formulation,cet2016-p069-r25-c2,listed_related,,literal
cet4-w-2f2b4ca326af3e5b4773,forth,cet2016-p069-r27-c1,headword,,literal
cet4-w-debc690c49da757807e2,forthcoming,cet2016-p069-r28-c1,headword,,literal
cet4-w-08f68c54599e778cd120,fortune,cet2016-p069-r31-c1,headword,,literal
cet4-w-3f6a4a8e66d72c6014fe,fortunate,cet2016-p069-r31-c2,listed_related,,literal
cet4-w-96f48c5224a6ea91a6a1,forty,cet2016-p069-r32-c1,headword,,literal
cet4-w-3bfde35cb226baed9205,forum,cet2016-p069-r33-c1,headword,,literal
cet4-w-782a2763814061b9ed10,forward,cet2016-p069-r34-c1,headword,,literal
cet4-w-93bae26e7a501467924b,fossil,cet2016-p069-r35-c1,headword,,literal
cet4-w-061c67da9148dbd355d2,found,cet2016-p069-r38-c1,headword,,literal
cet4-w-1b6e0ec6b3c9eb6a6edd,founding,cet2016-p069-r38-c2,listed_related,,literal
cet4-w-4b79f95b852e01d1609f,founder,cet2016-p069-r38-c3,listed_related,,literal
cet4-w-eb19929c92001c42974d,foundation,cet2016-p069-r39-c1,headword,,literal
cet4-w-e894c5c206a0bbb0c091,fountain,cet2016-p069-r40-c1,headword,,literal
cet4-w-2534abd82f60f3248623,four,cet2016-p069-r41-c1,headword,,literal
cet4-w-b329618c336fcbb15070,fourteen,cet2016-p069-r42-c1,headword,,literal
cet4-w-cd8c36fcc67779d5c0d9,fox,cet2016-p070-r01-c1,headword,,literal
cet4-w-b77d02cac0007ea83bd4,fraction,cet2016-p070-r02-c1,headword,,literal
cet4-w-474d22edc44fb6593271,fragment,cet2016-p070-r05-c1,headword,,literal
cet4-w-07b1c332b47381a59442,fragmentation,cet2016-p070-r05-c2,listed_related,,literal
cet4-w-e5995bf54035f24d57f3,fragmentary,cet2016-p070-r05-c3,listed_related,,literal
cet4-w-30c9c68ff6144013c7cb,frame,cet2016-p070-r07-c1,headword,,literal
cet4-w-745635c59ac782a9b51b,framework,cet2016-p070-r08-c1,headword,,literal
cet4-w-e8a896c58c9e655f6efa,frank,cet2016-p070-r10-c1,headword,,literal
cet4-w-c1b6c5b218ce77f8b600,free,cet2016-p070-r13-c1,headword,,literal
cet4-w-3181677481c618cc041a,freedom,cet2016-p070-r13-c2,listed_related,,literal
cet4-w-646aaaf8855d19ca55e2,freeway,cet2016-p070-r14-c1,headword,,literal
cet4-w-e6b70b8c928aaeac5fbe,freeze,cet2016-p070-r15-c1,headword,,literal
cet4-w-dc536b21ebe60bcf2622,freight,cet2016-p070-r16-c1,headword,,literal
cet4-w-ccf8216bdcab98cbf1b4,frequent,cet2016-p070-r17-c1,headword,,literal
cet4-w-13d7f72c6971d7c98a3a,frequency,cet2016-p070-r17-c2,listed_related,,literal
cet4-w-bb89e3d14e5e3cd24c41,fresh,cet2016-p070-r18-c1,headword,,literal
cet4-w-f52e288e19e08af87474,freshman,cet2016-p070-r19-c1,headword,,literal
cet4-w-5ee6fc9c531fa7f1b1e3,Friday,cet2016-p070-r21-c1,headword,,literal
cet4-w-9b5aceb7882ed6aa4524,friend,cet2016-p070-r22-c1,headword,,literal
cet4-w-84cc742510ed48b46540,friendly,cet2016-p070-r22-c2,listed_related,,literal
cet4-w-30bd8cb5fa08dacc6e3c,friendship,cet2016-p070-r22-c3,listed_related,,literal
cet4-w-7d3ea04a5c9402671b55,fright,cet2016-p070-r23-c1,headword,,literal
cet4-w-9e00a199ae0f6d024481,frighten,cet2016-p070-r23-c2,listed_related,,literal
cet4-w-63955e831c20a50f3bf9,frog,cet2016-p070-r25-c1,headword,,literal
cet4-w-d207e68a60ee621f72dc,from,cet2016-p070-r26-c1,headword,,literal
cet4-w-9fdb97e8473806746a6b,front,cet2016-p070-r27-c1,headword,,literal
cet4-w-66ecbc267b135c8a0662,frontier,cet2016-p070-r28-c1,headword,,literal
cet4-w-f009c76f89dd6a1d2d2e,frost,cet2016-p070-r29-c1,headword,,literal
cet4-w-c1740c30c9444b8c29ab,frosty,cet2016-p070-r29-c2,listed_related,,literal
cet4-w-098ffe42eef0d08b4d46,fruit,cet2016-p070-r31-c1,headword,,literal
cet4-w-e06cd7c779eeb1b1f0d4,fruitful,cet2016-p070-r31-c2,listed_related,,literal
cet4-w-df9f6482f6e68bf99922,frustrate,cet2016-p070-r32-c1,headword,,literal
cet4-w-7dfc580aaf0e22dc1337,frustration,cet2016-p070-r32-c2,listed_related,,literal
cet4-w-a9dfef5e7dcd8565d094,frustrating,cet2016-p070-r32-c3,listed_related,,literal
cet4-w-68410374f4ca744132a7,fry,cet2016-p070-r33-c1,headword,,literal
cet4-w-c4b039f1d6a89f02e838,fuck,cet2016-p070-r34-c1,headword,,literal
cet4-w-527ea542f03354088ca3,fuel,cet2016-p070-r35-c1,headword,,literal
cet4-w-65e8a82a1709fbcd81cd,fulfil,cet2016-p070-r36-c1,headword,,orthographic
cet4-w-08528e77d0f36c2c9bc0,fulfilment,cet2016-p070-r36-c2,listed_related,,orthographic
cet4-w-f4a5af0f694b078115dc,full,cet2016-p070-r37-c1,headword,,literal
cet4-w-5af88db5145842d25232,fun,cet2016-p070-r38-c1,headword,,literal
cet4-w-3495bcccb28a7d890023,funny,cet2016-p070-r38-c2,listed_related,,literal
cet4-w-adddad17fef1cd470e62,function,cet2016-p070-r39-c1,headword,,literal
cet4-w-6c703f13de916dad4235,functional,cet2016-p070-r39-c2,listed_related,,literal
cet4-w-0c92130eb9f1d08e0944,fund,cet2016-p070-r40-c1,headword,,literal
cet4-w-af19924cccad60ad3b1d,funding,cet2016-p070-r40-c2,listed_related,,literal
cet4-w-da834e901d59ac7689f5,fundamental,cet2016-p070-r41-c1,headword,,literal
cet4-w-0573ddb671dc98d4ca78,funeral,cet2016-p070-r42-c1,headword,,literal
cet4-w-2043e97c4bcb0bd4cd6e,fur,cet2016-p071-r01-c1,headword,,literal
cet4-w-3a409cb41e499936c39f,furnace,cet2016-p071-r02-c1,headword,,literal
cet4-w-9c73fc5dd41ff7ac0e2c,furnish,cet2016-p071-r03-c1,headword,,literal
cet4-w-7573ace409a9045f189d,furniture,cet2016-p071-r04-c1,headword,,literal
cet4-w-beac2ae534b13a56b4a2,further,cet2016-p071-r05-c1,headword,,literal
cet4-w-582a3ff0a35bd053be1d,furthermore,cet2016-p071-r06-c1,headword,,literal
cet4-w-eba2e5a6568aa6cd0f7b,fuss,cet2016-p071-r10-c1,headword,,literal
cet4-w-494b0d5018f97c865e78,future,cet2016-p071-r12-c1,headword,,literal
cet4-w-daeef0d27170ddf74e34,gadget,cet2016-p071-r13-c1,headword,,literal
cet4-w-5e4b8c273d96c6b24b91,gadgetry,cet2016-p071-r13-c2,listed_related,,literal
cet4-w-59011d2a324608d15335,gain,cet2016-p071-r14-c1,headword,,literal
cet4-w-3010641a1eec9d5c8f7f,gallery,cet2016-p071-r16-c1,headword,,literal
cet4-w-7c057c68540c835be93d,gallon,cet2016-p071-r17-c1,headword,,literal
cet4-w-7300d4b49bef46025079,gamble,cet2016-p071-r18-c1,headword,,literal
cet4-w-a7d8a4459aa92bb677a8,game,cet2016-p071-r19-c1,headword,,literal
cet4-w-1849c5922277b2b6c9fd,gang,cet2016-p071-r20-c1,headword,,literal
cet4-w-caa913882f46fb21e243,gangster,cet2016-p071-r20-c2,listed_related,,literal
cet4-w-8a89fda604432e4643e5,gaol,cet2016-p071-r21-c1,headword,,literal
cet4-w-dd5c27bafbfec27fe2b0,gap,cet2016-p071-r22-c1,headword,,literal
cet4-w-d49d579f1f4b6769208e,garage,cet2016-p071-r23-c1,headword,,literal
cet4-w-4e2c5e1004d84855a537,garbage,cet2016-p071-r24-c1,headword,,literal
cet4-w-6fe311f1b3257728e58f,garden,cet2016-p071-r25-c1,headword,,literal
cet4-w-d9de350275a80535d0df,gardener,cet2016-p071-r25-c2,listed_related,,literal
cet4-w-0512b7ae0579c8136236,gardening,cet2016-p071-r25-c3,listed_related,,literal
cet4-w-d88daab7e11b0d09216e,garment,cet2016-p071-r27-c1,headword,,literal
cet4-w-8ed6f84436cb30477912,gas,cet2016-p071-r28-c1,headword,,literal
cet4-w-aa3a95d6f4a07b7baabe,gasoline,cet2016-p071-r29-c1,headword,,distinct_lexemes
cet4-w-a28a1b16ea3315a68820,petrol,cet2016-p071-r29-c1,headword,,distinct_lexemes
cet4-w-d9916d3cbbda8541fd6f,gate,cet2016-p071-r31-c1,headword,,literal
cet4-w-ad5e9479fa5b79000b3c,gather,cet2016-p071-r32-c1,headword,,literal
cet4-w-bd2df0c96a74fff87398,gathering,cet2016-p071-r32-c2,listed_related,,literal
cet4-w-cb7837f0bf187eca0c2a,gay,cet2016-p071-r34-c1,headword,,literal
cet4-w-cb6eca9ad995fd51d3a5,gaze,cet2016-p071-r35-c1,headword,,literal
cet4-w-796c5c684518c3ad4cdb,gear,cet2016-p071-r36-c1,headword,,literal
cet4-w-4fe4ae11d505ca827973,gender,cet2016-p071-r37-c1,headword,,literal
cet4-w-66d3dee29a254e77b37a,gene,cet2016-p071-r38-c1,headword,,literal
cet4-w-146d810906f431902cbd,genetic,cet2016-p071-r38-c2,listed_related,,literal
cet4-w-a4f168878a4beaa3f9e0,genetically,cet2016-p071-r38-c3,listed_related,,literal
cet4-w-a5a0134f39f19e256c4c,general,cet2016-p071-r39-c1,headword,,literal
cet4-w-358faf103d89f67bc95c,generally,cet2016-p071-r39-c2,listed_related,,literal
cet4-w-cf5af6975ab785aa0c03,generalize,cet2016-p071-r39-c3,listed_related,,orthographic
cet4-w-af755b5c3e26b077a212,generate,cet2016-p071-r40-c1,headword,,literal
cet4-w-e68dad95a6cbe92639f5,generator,cet2016-p071-r40-c2,listed_related,,literal
cet4-w-cb0b02f9f270b328305c,generation,cet2016-p071-r41-c1,headword,,literal
cet4-w-8faca6352211f299dec5,generous,cet2016-p071-r42-c1,headword,,literal
cet4-w-58961c605917450a6992,generosity,cet2016-p071-r42-c2,listed_related,,literal
cet4-w-28048179230cd89b3391,genius,cet2016-p072-r01-c1,headword,,literal
cet4-w-cf4f9fcdc6d0766d9faa,gentle,cet2016-p072-r03-c1,headword,,literal
cet4-w-04e5fdc40231f4a1f6e8,gentleman,cet2016-p072-r04-c1,headword,,literal
cet4-w-b9a56c31c8411143aa42,genuine,cet2016-p072-r05-c1,headword,,literal
cet4-w-96e6ee81e43c6e97bbe5,geography,cet2016-p072-r06-c1,headword,,literal
cet4-w-d16cd96d028960fe4194,geographic,cet2016-p072-r06-c2,listed_related,,literal
cet4-w-6a94b87e3d6f67cdfe5a,geographically,cet2016-p072-r06-c3,listed_related,,literal
cet4-w-e6fcd8b15a879d85f5f3,geology,cet2016-p072-r07-c1,headword,,literal
cet4-w-74a8bd33f35112c92a5a,geological,cet2016-p072-r07-c2,listed_related,,literal
cet4-w-702ee508b0fbc0cc717c,geologically,cet2016-p072-r07-c3,listed_related,,literal
cet4-w-7ffd692529e5e6247fcd,geometry,cet2016-p072-r08-c1,headword,,literal
cet4-w-c3554012106d82686831,geometric,cet2016-p072-r08-c2,listed_related,,literal
cet4-w-7f15a4e3da7344a8714c,geometrically,cet2016-p072-r08-c3,listed_related,,literal
cet4-w-bfca1940664d0878ae89,germ,cet2016-p072-r09-c1,headword,,literal
cet4-w-1ec4d313f13563fd4967,gesture,cet2016-p072-r10-c1,headword,,literal
cet4-w-cd9fee77925936404bd7,get,cet2016-p072-r11-c1,headword,,literal
cet4-w-f1b95814ce85ba630e25,ghost,cet2016-p072-r12-c1,headword,,literal
cet4-w-355a7c232a380c51ebb6,giant,cet2016-p072-r13-c1,headword,,literal
cet4-w-49b86000df11667c13c1,gigantic,cet2016-p072-r13-c2,listed_related,,literal
cet4-w-2a5bbf326ca4edf62dc6,gift,cet2016-p072-r14-c1,headword,,literal
cet4-w-c777bc60f3e6d2548406,gifted,cet2016-p072-r14-c2,listed_related,,literal
cet4-w-d99babe238571da3a1e9,girl,cet2016-p072-r16-c1,headword,,literal
cet4-w-79bce8eeb76464a93311,give,cet2016-p072-r17-c1,headword,,literal
cet4-w-8d351268e14f26d569da,given,cet2016-p072-r18-c1,headword,,literal
cet4-w-208b56bd0d59421133f8,glad,cet2016-p072-r20-c1,headword,,literal
cet4-w-9668fb1401be9af0f900,glance,cet2016-p072-r22-c1,headword,,literal
cet4-w-76bfa0791ffc3e427a73,glass,cet2016-p072-r25-c1,headword,,literal
cet4-w-ba695b39800d56fe085a,glimpse,cet2016-p072-r28-c1,headword,,literal
cet4-w-7836f336659db622d214,globe,cet2016-p072-r30-c1,headword,,literal
cet4-w-56b646d110fb6f959be8,global,cet2016-p072-r30-c2,listed_related,,literal
cet4-w-bba0cb850918e94dae9b,globalize,cet2016-p072-r30-c3,listed_related,,orthographic
cet4-w-c85a9b647f783591585f,gloom,cet2016-p072-r31-c1,headword,,literal
cet4-w-b9d0877f5ed3083512ab,gloomy,cet2016-p072-r31-c2,listed_related,,literal
cet4-w-5ce4ace5891fbc6192f0,glory,cet2016-p072-r32-c1,headword,,literal
cet4-w-ce2e4ede9be838066c62,glorious,cet2016-p072-r32-c2,listed_related,,literal
cet4-w-7521b9118f142ae0222e,glove,cet2016-p072-r34-c1,headword,,literal
cet4-w-4ce9c143275da5a0f4c4,glow,cet2016-p072-r35-c1,headword,,literal
cet4-w-21359743ff1ef99a1e40,glue,cet2016-p072-r36-c1,headword,,literal
cet4-w-324acd54045af7360d43,go,cet2016-p072-r37-c1,headword,,literal
cet4-w-07947bba75174ed2aa1e,goal,cet2016-p072-r38-c1,headword,,literal
cet4-w-01eceb996ea6924031dc,goat,cet2016-p072-r39-c1,headword,,literal
cet4-w-563bc9987868065dcca7,god,cet2016-p072-r40-c1,headword,,literal
cet4-w-eeefb2a5a7244a8080b0,gold,cet2016-p072-r41-c1,headword,,literal
cet4-w-dccb85bac56069b7f055,golden,cet2016-p072-r41-c2,listed_related,,literal
cet4-w-11c7a7d6562db42f18cd,golf,cet2016-p072-r42-c1,headword,,literal
cet4-w-e116ccb84729217d08db,good,cet2016-p073-r01-c1,headword,,literal
cet4-w-8f9f0dd7e544c097aa22,goodbye,cet2016-p073-r02-c1,headword,,literal
cet4-w-cae84fb979e60a7569c5,goodness,cet2016-p073-r03-c1,headword,,literal
cet4-w-4c427babcae2270abbed,goods,cet2016-p073-r04-c1,headword,,literal
cet4-w-95ff782a3d8b6f3f2bd2,goose,cet2016-p073-r05-c1,headword,,literal
cet4-w-b6642c9da130cdfd6ad6,gorgeous,cet2016-p073-r07-c1,headword,,literal
cet4-w-e602522205c0b1c633c6,gossip,cet2016-p073-r09-c1,headword,,literal
cet4-w-f941892bdef600f6c519,govern,cet2016-p073-r10-c1,headword,,literal
cet4-w-e8caa0a83b008f1e21e7,government,cet2016-p073-r10-c2,listed_related,,literal
cet4-w-8cdf3635589491daa420,governor,cet2016-p073-r10-c3,listed_related,,literal
cet4-w-e3c67d608d9b49ac4708,gown,cet2016-p073-r11-c1,headword,,literal
cet4-w-6d29ea963c6e548c28e8,grab,cet2016-p073-r12-c1,headword,,literal
cet4-w-ee47bfb2d73473885f95,grace,cet2016-p073-r13-c1,headword,,literal
cet4-w-c21b496e163588daa6cc,graceful,cet2016-p073-r13-c2,listed_related,,literal
cet4-w-13f033de2401c2be5760,gracious,cet2016-p073-r13-c3,listed_related,,literal
cet4-w-515e8ee32aae073314df,grade,cet2016-p073-r14-c1,headword,,literal
cet4-w-0e1e5ca543b83e8d922f,gradual,cet2016-p073-r15-c1,headword,,literal
cet4-w-b20711d0bd066d322ddf,gradually,cet2016-p073-r15-c2,listed_related,,literal
cet4-w-6269f666fe37c125d3cb,graduate,cet2016-p073-r16-c1,headword,,literal
cet4-w-d32e4b54ee1eb1a6abec,graduation,cet2016-p073-r16-c2,listed_related,,literal
cet4-w-7534c63e0c92f88a61be,grain,cet2016-p073-r17-c1,headword,,literal
cet4-w-7ffa9b268a16abb6b88a,gram,cet2016-p073-r18-c1,headword,,orthographic
cet4-w-bbbce3dd5108ba295412,grammar,cet2016-p073-r19-c1,headword,,literal
cet4-w-29e0e8ca3c5a2df140fb,grammatical,cet2016-p073-r19-c2,listed_related,,literal
cet4-w-0591efe41ffcca42f3d5,grand,cet2016-p073-r20-c1,headword,,literal
cet4-w-8cfea19df05be9dc9397,grandchild,cet2016-p073-r21-c1,headword,,literal
cet4-w-832b5e112e55f7438ef2,grandchildren,cet2016-p073-r21-c2,listed_related,,literal
cet4-w-afc13c38e1ef46a0c563,grandson,cet2016-p073-r21-c3,listed_related,,literal
cet4-w-62da543b65a571d9e0bc,granddaughter,cet2016-p073-r21-c4,listed_related,,literal
cet4-w-1ca1aabcb98ec93b8ed7,grandparent,cet2016-p073-r22-c1,headword,,literal
cet4-w-05acdfde18cf9ba19e23,grandfather,cet2016-p073-r22-c2,listed_related,,literal
cet4-w-452846c2ae5dad07704a,grandmother,cet2016-p073-r22-c3,listed_related,,literal
cet4-w-c054c8216e5a4dba1e95,grant,cet2016-p073-r23-c1,headword,,literal
cet4-w-0310a6c10477251e0168,granted,cet2016-p073-r23-c2,listed_related,,literal
cet4-w-4416e78409e6f8fed576,grape,cet2016-p073-r24-c1,headword,,literal
cet4-w-186e21a5a486cb6361d5,graph,cet2016-p073-r25-c1,headword,,literal
cet4-w-82976c2c50de9f045830,graphic,cet2016-p073-r25-c2,listed_related,,literal
cet4-w-c245eec8fe2887a1a123,graphically,cet2016-p073-r25-c3,listed_related,,literal
cet4-w-2582532fa5efeba7126c,grasp,cet2016-p073-r26-c1,headword,,literal
cet4-w-74c222d570e76b382b70,grass,cet2016-p073-r27-c1,headword,,literal
cet4-w-6d44c221edfda10e4cbb,grassy,cet2016-p073-r27-c2,listed_related,,literal
cet4-w-c31efee0d543ad88b75e,grateful,cet2016-p073-r28-c1,headword,,literal
cet4-w-2a98a94a7fb6e00cfd1e,gratitude,cet2016-p073-r29-c1,headword,,literal
cet4-w-35b2122c5ec7503a4567,grave,cet2016-p073-r30-c1,headword,,literal
cet4-w-987df3bfbef2a46d0cd5,gravitation,cet2016-p073-r31-c1,headword,,literal
cet4-w-2464f8a1f3c657b2c659,gravity,cet2016-p073-r32-c1,headword,,literal
cet4-w-19dead6b649b9a651926,gray,cet2016-p073-r33-c1,headword,,orthographic
cet4-w-e86690c3076408cae5e5,great,cet2016-p073-r36-c1,headword,,literal
cet4-w-9c8570463dff115deabd,green,cet2016-p073-r38-c1,headword,,literal
cet4-w-75238e8224ee06f26bc1,greenhouse,cet2016-p073-r39-c1,headword,,literal
cet4-w-3b8ddbf19894165af961,greet,cet2016-p073-r40-c1,headword,,literal
cet4-w-dfee3bcfbe8f6aaeaea5,greeting,cet2016-p073-r40-c2,listed_related,,literal
cet4-w-3f1ef79f80815605e1ca,grief,cet2016-p073-r42-c1,headword,,literal
cet4-w-748fd712802a91e4ba93,grieve,cet2016-p073-r42-c2,listed_related,,literal
cet4-w-2bc50dd7f70cce3aa9ba,grievous,cet2016-p073-r42-c3,listed_related,,literal
cet4-w-2487da508b2b2862bef8,grin,cet2016-p074-r03-c1,headword,,literal
cet4-w-5b29fd555f01faae5719,grind,cet2016-p074-r04-c1,headword,,literal
cet4-w-573ad3317709dbb0410e,grip,cet2016-p074-r05-c1,headword,,literal
cet4-w-eaf3ea5a4cfe767a6020,grocer,cet2016-p074-r07-c1,headword,,literal
cet4-w-e4809c4752f2e8d7b473,grocery,cet2016-p074-r07-c2,listed_related,,literal
cet4-w-e698cf7577e6763dda1b,gross,cet2016-p074-r10-c1,headword,,literal
cet4-w-6670eb63d00350c182a9,ground,cet2016-p074-r11-c1,headword,,literal
cet4-w-4f1abf62365dadd9d197,group,cet2016-p074-r12-c1,headword,,literal
cet4-w-1e8b3b81b29f94a45be9,grow,cet2016-p074-r13-c1,headword,,literal
cet4-w-9b459ecb1e8d9d220ba1,growth,cet2016-p074-r13-c2,listed_related,,literal
cet4-w-32bd9054dba543473cd3,guarantee,cet2016-p074-r14-c1,headword,,literal
cet4-w-4f46a95ced714b6024ee,guard,cet2016-p074-r15-c1,headword,,literal
cet4-w-21332fce1a0fed3999b7,guardian,cet2016-p074-r15-c2,listed_related,,literal
cet4-w-c271dcb0600020c7f64f,guess,cet2016-p074-r16-c1,headword,,literal
cet4-w-993225c47e8fe9e5e606,guest,cet2016-p074-r17-c1,headword,,literal
cet4-w-22098c47fba9bf2c44d3,guide,cet2016-p074-r18-c1,headword,,literal
cet4-w-b1808c2cc7c1c336607c,guidance,cet2016-p074-r18-c2,listed_related,,literal
cet4-w-d3f487a368ae5f0e6276,guideline,cet2016-p074-r19-c1,headword,,literal
cet4-w-db97f13d3cfbff59f41b,guilt,cet2016-p074-r20-c1,headword,,literal
cet4-w-4e74808c213ea96bdd95,guilty,cet2016-p074-r20-c2,listed_related,,literal
cet4-w-74250fa2d892a328ae9a,guitar,cet2016-p074-r21-c1,headword,,literal
cet4-w-5f34b1fb087d4c4dc78f,guitarist,cet2016-p074-r21-c2,listed_related,,literal
cet4-w-ecfe0ff818b3543dca27,gulf,cet2016-p074-r22-c1,headword,,literal
cet4-w-3c63da440a331431f7ba,gum,cet2016-p074-r23-c1,headword,,literal
cet4-w-abae648f3dc0a9fee908,gun,cet2016-p074-r24-c1,headword,,literal
cet4-w-6689f2dc6d918b1d9705,gut,cet2016-p074-r25-c1,headword,,literal
cet4-w-6d7f0e21103f9d3aea29,guy,cet2016-p074-r26-c1,headword,,literal
cet4-w-3f73bf4ac195bdd80b8f,gym,cet2016-p074-r27-c1,headword,,distinct_lexemes
cet4-w-e8b3f17dbb31d1191048,gymnasium,cet2016-p074-r27-c1,headword,,distinct_lexemes
cet4-w-8b55a1dbd297a648c390,habit,cet2016-p074-r28-c1,headword,,literal
cet4-w-f475ae559aa47ec77974,habitual,cet2016-p074-r28-c2,listed_related,,literal
cet4-w-b254c54178736f1583a4,habitat,cet2016-p074-r29-c1,headword,,literal
cet4-w-2092636b60ea832aa132,hack,cet2016-p074-r30-c1,headword,1,literal
cet4-w-0e99f5eeb0c29ba61ad9,hacker,cet2016-p074-r30-c2,listed_related,,literal
cet4-w-2092636b60ea832aa132,hack,cet2016-p074-r31-c1,headword,2,literal
cet4-w-0618ca87580b26bb4711,hail,cet2016-p074-r32-c1,headword,1,literal
cet4-w-0618ca87580b26bb4711,hail,cet2016-p074-r33-c1,headword,2,literal
cet4-w-6e11950fd34c63dc7c9f,hair,cet2016-p074-r34-c1,headword,,literal
cet4-w-01a762c7dd0029dd3b91,hairy,cet2016-p074-r34-c2,listed_related,,literal
cet4-w-93b6083a21bc105a24b5,half,cet2016-p074-r35-c1,headword,,literal
cet4-w-2ec27b43420638bb3de3,halfway,cet2016-p074-r36-c1,headword,,literal
cet4-w-53db7bb6b18a140a5bd5,hall,cet2016-p074-r37-c1,headword,,literal
cet4-w-045a9fef238d198b6671,halt,cet2016-p074-r38-c1,headword,,literal
cet4-w-3038c1a55ca8f45dfa36,ham,cet2016-p074-r39-c1,headword,,literal
cet4-w-7ccfbdfcad1d11631bc6,hamburger,cet2016-p074-r40-c1,headword,,distinct_lexemes
cet4-w-3244fe3e3e1d1f0f8c74,burger,cet2016-p074-r40-c1,headword,,distinct_lexemes
cet4-w-66432ddf5799affc760d,hammer,cet2016-p074-r41-c1,headword,,literal
cet4-w-ee5246818c9a24a31ae2,hand,cet2016-p075-r01-c1,headword,,literal
cet4-w-a0f6e029066f82e6d55d,handful,cet2016-p075-r01-c2,listed_related,,literal
cet4-w-f7c6a07828a170ac57de,handbook,cet2016-p075-r02-c1,headword,,literal
cet4-w-edfaec01571d51f668e0,handicap,cet2016-p075-r03-c1,headword,,literal
cet4-w-0d5fa73900f7bb9b3e7a,handicapped,cet2016-p075-r03-c2,listed_related,,literal
cet4-w-d0c205fbd8eace3a926d,handle,cet2016-p075-r05-c1,headword,,literal
cet4-w-03defda7bf19619965fb,handsome,cet2016-p075-r06-c1,headword,,literal
cet4-w-f90abe848106c44df99b,handwriting,cet2016-p075-r07-c1,headword,,literal
cet4-w-a1a68b7a3d89edc52366,handy,cet2016-p075-r08-c1,headword,,literal
cet4-w-df0bd537aab758045b61,hang,cet2016-p075-r09-c1,headword,,literal
cet4-w-7d1606b4110b3c24cb5f,happen,cet2016-p075-r10-c1,headword,,literal
cet4-w-2790d317f9216f9f5d03,happy,cet2016-p075-r11-c1,headword,,literal
cet4-w-4a5f18ba5ffc5baa1f7f,happiness,cet2016-p075-r11-c2,listed_related,,literal
cet4-w-eaf87adb666be46fdc11,happily,cet2016-p075-r11-c3,listed_related,,literal
cet4-w-ed17fdf7435321d45621,harbor,cet2016-p075-r13-c1,headword,,orthographic
cet4-w-ff879447124e5faca3d1,hard,cet2016-p075-r14-c1,headword,,literal
cet4-w-dd382f0d130286a5a72a,harden,cet2016-p075-r14-c2,listed_related,,literal
cet4-w-b073f1aeb436ea079a2f,hardly,cet2016-p075-r15-c1,headword,,literal
cet4-w-cacdc2510e02854cce61,hardship,cet2016-p075-r16-c1,headword,,literal
cet4-w-7fe7a9c9b39a73611724,hardware,cet2016-p075-r17-c1,headword,,literal
cet4-w-8f368e283f3d94ab3454,harm,cet2016-p075-r19-c1,headword,,literal
cet4-w-5e4f2cb67589227de5a5,harmful,cet2016-p075-r19-c2,listed_related,,literal
cet4-w-ce5068533eb6dbb0cdb9,harmless,cet2016-p075-r19-c3,listed_related,,literal
cet4-w-cc84f410e50a3a9f6c85,harmony,cet2016-p075-r20-c1,headword,,literal
cet4-w-f38ff75631c34164189e,harmonious,cet2016-p075-r20-c2,listed_related,,literal
cet4-w-99115cbec027e97ab51e,harness,cet2016-p075-r21-c1,headword,,literal
cet4-w-309c4d74fc4fdca86e5c,harsh,cet2016-p075-r22-c1,headword,,literal
cet4-w-200b392ab7bec0d0cefc,harvest,cet2016-p075-r23-c1,headword,,literal
cet4-w-86329bdb084c4bb9b090,haste,cet2016-p075-r24-c1,headword,,literal
cet4-w-7413bdfc8508080af2a2,hasty,cet2016-p075-r24-c2,listed_related,,literal
cet4-w-7f3fe3d66d4e013812d6,hasten,cet2016-p075-r24-c3,listed_related,,literal
cet4-w-54ff1253a3697685d556,hat,cet2016-p075-r25-c1,headword,,literal
cet4-w-3b6157f7384aba74be05,hatch,cet2016-p075-r26-c1,headword,,literal
cet4-w-e9e562a8271e4f87d420,hate,cet2016-p075-r27-c1,headword,,literal
cet4-w-ed0a6236c6b7154178bd,hatred,cet2016-p075-r27-c2,listed_related,,literal
cet4-w-0146a6d4335278b587db,hateful,cet2016-p075-r27-c3,listed_related,,literal
cet4-w-2720349bb74204fc4f90,haul,cet2016-p075-r28-c1,headword,,literal
cet4-w-81afdd0dd32886ec9f41,haunt,cet2016-p075-r29-c1,headword,,literal
cet4-w-e92563253d5346447bfe,have,cet2016-p075-r30-c1,headword,,literal
cet4-w-95af7f0859009cecfd7e,hay,cet2016-p075-r34-c1,headword,,literal
cet4-w-37343539fe742520e777,hazard,cet2016-p075-r35-c1,headword,,literal
cet4-w-0a452cd2a962cc175c19,hazardous,cet2016-p075-r35-c2,listed_related,,literal
cet4-w-31b6cae5150d83e01cc4,haze,cet2016-p075-r36-c1,headword,,literal
cet4-w-22e8bdb2c75a892be1ad,hazy,cet2016-p075-r36-c2,listed_related,,literal
cet4-w-36a82edbb83932dbead1,he,cet2016-p075-r37-c1,headword,,literal
cet4-w-1302358756cafbbc3c1b,head,cet2016-p075-r38-c1,headword,,literal
cet4-w-908e21867625e8e447fa,headache,cet2016-p075-r39-c1,headword,,literal
cet4-w-9377f21d61b121f485ba,heading,cet2016-p075-r40-c1,headword,,literal
cet4-w-bb52d3abf9e64e877b9a,headline,cet2016-p075-r41-c1,headword,,literal
cet4-w-533efef213575f33c125,headmaster,cet2016-p075-r42-c1,headword,,literal
cet4-w-710968c0b503baa6a680,headmistress,cet2016-p075-r42-c2,listed_related,,literal
cet4-w-9a5440aa70f2c2720a3f,headquarters,cet2016-p076-r01-c1,headword,,literal
cet4-w-e4d75f097550c97da5fa,heal,cet2016-p076-r02-c1,headword,,literal
cet4-w-038b42878e56bc530c81,health,cet2016-p076-r03-c1,headword,,literal
cet4-w-cdb12a98cf1755c13588,healthy,cet2016-p076-r03-c2,listed_related,,literal
cet4-w-d74e97d032c88eecfdb9,healthful,cet2016-p076-r03-c3,listed_related,,literal
cet4-w-9e2864b324e8c9c721a2,heap,cet2016-p076-r04-c1,headword,,literal
cet4-w-c59330ed62b997ba9ad0,hear,cet2016-p076-r05-c1,headword,,literal
cet4-w-d577cc7393b24c03d348,hearing,cet2016-p076-r05-c2,listed_related,,literal
cet4-w-29ef2e139769e0c6b935,heart,cet2016-p076-r06-c1,headword,,literal
cet4-w-1f43c75288fad259b53d,hearty,cet2016-p076-r06-c2,listed_related,,literal
cet4-w-846ea107d6bb06e5f473,heartfelt,cet2016-p076-r07-c1,headword,,literal
cet4-w-cdc867f8d555ce2e3e02,heat,cet2016-p076-r08-c1,headword,,literal
cet4-w-eee01c4c2ef587308cd4,heated,cet2016-p076-r08-c2,listed_related,,literal
cet4-w-5e0fb787cd1d2bb5c05a,heating,cet2016-p076-r08-c3,listed_related,,literal
cet4-w-a1a19e55a73a027d3c58,heaven,cet2016-p076-r10-c1,headword,,literal
cet4-w-d89bf6adc63fe11f6c95,heavy,cet2016-p076-r11-c1,headword,,literal
cet4-w-1beb86b91bba7c85e865,hectare,cet2016-p076-r12-c1,headword,,literal
cet4-w-07025b88352ac8198b45,hedge,cet2016-p076-r14-c1,headword,,literal
cet4-w-ea4772c86b4bd83c5836,heel,cet2016-p076-r15-c1,headword,,literal
cet4-w-4f1a7ada8dd8db1b5279,height,cet2016-p076-r16-c1,headword,,literal
cet4-w-101cdeb2ecee9e68ddaf,heighten,cet2016-p076-r16-c2,listed_related,,literal
cet4-w-ee357a2c71168cc3bdd5,heir,cet2016-p076-r17-c1,headword,,literal
cet4-w-f4ba671d493e4c3a24d0,heiress,cet2016-p076-r17-c2,listed_related,,literal
cet4-w-e77b1714b1dc31dd9087,helicopter,cet2016-p076-r18-c1,headword,,literal
cet4-w-a5c0840bfdf64fa5756c,hell,cet2016-p076-r19-c1,headword,,literal
cet4-w-2b6c48959bed0d6f56c8,hello,cet2016-p076-r20-c1,headword,,literal
cet4-w-96fe5ee8fb6124de408f,help,cet2016-p076-r22-c1,headword,,literal
cet4-w-295f468a050c1942a77a,helpful,cet2016-p076-r22-c2,listed_related,,literal
cet4-w-d0981ee8f2febfcf792c,helpless,cet2016-p076-r22-c3,listed_related,,literal
cet4-w-2473d1bc26290474767d,helplessly,cet2016-p076-r22-c4,listed_related,,literal
cet4-w-934ac402cbd98001b780,hen,cet2016-p076-r24-c1,headword,,literal
cet4-w-0753db39f56efbad6773,hence,cet2016-p076-r25-c1,headword,,literal
cet4-w-6747f44adfc654be7b4d,her,cet2016-p076-r27-c1,headword,,literal
cet4-w-471eafdde4e79310601c,herd,cet2016-p076-r30-c1,headword,,literal
cet4-w-d3c3e49a8b6a2a56fc1c,here,cet2016-p076-r31-c1,headword,,literal
cet4-w-ee7e07122ce779b6449d,hereby,cet2016-p076-r32-c1,headword,,literal
cet4-w-db5409f57343c4146707,heritage,cet2016-p076-r33-c1,headword,,literal
cet4-w-add2f28e850b382384d4,hero,cet2016-p076-r34-c1,headword,,distinct_lexemes
cet4-w-8a8c5069c1164bdbf7a6,heroine,cet2016-p076-r34-c1,headword,,distinct_lexemes
cet4-w-04eac3380c4c4e285005,heroic,cet2016-p076-r34-c2,listed_related,,literal
cet4-w-d9c091e767ee836599e6,heroism,cet2016-p076-r34-c3,listed_related,,literal
cet4-w-a33f831b00340c226a2a,hers,cet2016-p076-r36-c1,headword,,literal
cet4-w-ed40fda87bc0a124dbe4,herself,cet2016-p076-r37-c1,headword,,literal
cet4-w-717b0b33db556c46a94d,hesitate,cet2016-p076-r38-c1,headword,,literal
cet4-w-d8ab77421262c07d79a3,hesitation,cet2016-p076-r38-c2,listed_related,,literal
cet4-w-076da0ca746697422f69,hesitant,cet2016-p076-r38-c3,listed_related,,literal
cet4-w-8f13471233489aa32621,hi,cet2016-p076-r39-c1,headword,,literal
cet4-w-3b57761c8917961c3f1a,hide,cet2016-p076-r41-c1,headword,,literal
cet4-w-22b8b04ce288a54c2827,hiding,cet2016-p076-r41-c2,listed_related,,literal
cet4-w-d8fee166209be93b9986,high,cet2016-p077-r01-c1,headword,,literal
cet4-w-7445381d81d6f3bb8fc3,highly,cet2016-p077-r01-c2,listed_related,,literal
cet4-w-f8c4fe944541c718df1d,highlight,cet2016-p077-r02-c1,headword,,literal
cet4-w-ee07b53bfb404d8bfd55,high-tech,cet2016-p077-r03-c1,headword,,literal
cet4-w-1f62f38ed43600f0a6d5,highway,cet2016-p077-r04-c1,headword,,literal
cet4-w-29db3ca882d11fc3b869,hijack,cet2016-p077-r05-c1,headword,,literal
cet4-w-1bb08b4bf860c8fc0750,hill,cet2016-p077-r07-c1,headword,,literal
cet4-w-f2e99c0e7682678701f7,hilly,cet2016-p077-r07-c2,listed_related,,literal
cet4-w-536e6a61d3cbeb256706,him,cet2016-p077-r08-c1,headword,,literal
cet4-w-e616acd6029ab75ab8a9,himself,cet2016-p077-r09-c1,headword,,literal
cet4-w-00166284a69dc465eae6,hinder,cet2016-p077-r10-c1,headword,,literal
cet4-w-9c8bb5b94c8d404c7e4d,hindrance,cet2016-p077-r10-c2,listed_related,,literal
cet4-w-0cd1cd438c16c645f24d,hint,cet2016-p077-r12-c1,headword,,literal
cet4-w-0f5c1c07169c55f693ea,hip,cet2016-p077-r13-c1,headword,,literal
cet4-w-598e1f6bf5a328991656,hire,cet2016-p077-r14-c1,headword,,literal
cet4-w-e9f250c35de3ccf4fdf7,his,cet2016-p077-r15-c1,headword,,literal
cet4-w-d53cab9366cf0067f93a,history,cet2016-p077-r16-c1,headword,,literal
cet4-w-01c94913ee11a34a121a,historic,cet2016-p077-r16-c2,listed_related,,literal
cet4-w-f67791b085cd2b0b1182,historical,cet2016-p077-r16-c3,listed_related,,literal
cet4-w-7b09d14051b1f9ccf415,historian,cet2016-p077-r16-c4,listed_related,,literal
cet4-w-900c3e0612544c25045c,hit,cet2016-p077-r17-c1,headword,,literal
cet4-w-50ab9daf305f5d4f2f54,hobby,cet2016-p077-r20-c1,headword,,literal
cet4-w-1c0523b1302e18d13bab,hold,cet2016-p077-r23-c1,headword,,literal
cet4-w-c68199cf0550642a765c,hole,cet2016-p077-r24-c1,headword,,literal
cet4-w-0de78635e08a56e28653,holiday,cet2016-p077-r25-c1,headword,,literal
cet4-w-d7f0084f990749e3c918,hollow,cet2016-p077-r26-c1,headword,,literal
cet4-w-a806282f09758b93da94,holy,cet2016-p077-r27-c1,headword,,literal
cet4-w-7873e73b3323e0175df2,holiness,cet2016-p077-r27-c2,listed_related,,literal
cet4-w-9c4b247c1e76023635c9,home,cet2016-p077-r28-c1,headword,,literal
cet4-w-f5148fb7eaa125a5d96e,homeless,cet2016-p077-r28-c2,listed_related,,literal
cet4-w-462e76750eb4ad8673c7,homely,cet2016-p077-r28-c3,listed_related,,literal
cet4-w-799b3492c587b5413f32,homeland,cet2016-p077-r29-c1,headword,,literal
cet4-w-40ebd206eb6013e568f9,homework,cet2016-p077-r30-c1,headword,,literal
cet4-w-f686797aa79d1e169488,homosexual,cet2016-p077-r32-c1,headword,,distinct_lexemes
cet4-w-81f1c081248caabfa678,homo,cet2016-p077-r32-c1,headword,,distinct_lexemes
cet4-w-8ef8e830cf6c706c4c79,honest,cet2016-p077-r33-c1,headword,,literal
cet4-w-df014cadfab84f4c7415,honesty,cet2016-p077-r33-c2,listed_related,,literal
cet4-w-1c21b6144713ef62409d,honey,cet2016-p077-r34-c1,headword,,literal
cet4-w-37868b401a48a9a03cb7,honeymoon,cet2016-p077-r35-c1,headword,,literal
cet4-w-7fdf5e450e0222102b73,honor,cet2016-p077-r36-c1,headword,,orthographic
cet4-w-258da2b0932054b6201e,honorable,cet2016-p077-r36-c2,listed_related,,orthographic
cet4-w-a945a19d477cbb8d7fc5,honorary,cet2016-p077-r36-c3,listed_related,,orthographic
cet4-w-59b05f9602d87937e790,hook,cet2016-p077-r37-c1,headword,,literal
cet4-w-91ab31e39c0e27df6534,hope,cet2016-p077-r39-c1,headword,,literal
cet4-w-c6b3fcb5951c59e0bed0,hopeful,cet2016-p077-r39-c2,listed_related,,literal
cet4-w-263c27c0a497febd6f6a,hopeless,cet2016-p077-r39-c3,listed_related,,literal
cet4-w-48f751bcc61cb723faa6,horizon,cet2016-p077-r40-c1,headword,,literal
cet4-w-8ed2825ff3dcec9e69b3,horizontal,cet2016-p077-r40-c2,listed_related,,literal
cet4-w-09dd8f36bf05c93bb583,horn,cet2016-p077-r41-c1,headword,,literal
cet4-w-5516191ecafb0f06a4ab,horror,cet2016-p077-r42-c1,headword,,literal
cet4-w-0ac6b32240d36b41122c,horrible,cet2016-p077-r42-c2,listed_related,,literal
cet4-w-0f2bcf66ca2723c40b88,horrify,cet2016-p077-r42-c3,listed_related,,literal
cet4-w-154a05bfd6c994e2ed59,horse,cet2016-p078-r01-c1,headword,,literal
cet4-w-42fb814c02dc48f5bb5a,horsepower,cet2016-p078-r02-c1,headword,,literal
cet4-w-4ee17ca397b6513bfa8c,hospital,cet2016-p078-r04-c1,headword,,literal
cet4-w-fcb0cb822242cfde13f2,hospitalize,cet2016-p078-r04-c2,listed_related,,literal
cet4-w-341387a7c3e3ea49ae4e,hospitable,cet2016-p078-r05-c1,headword,,literal
cet4-w-6ef53c606d65a582b306,hospitality,cet2016-p078-r05-c2,listed_related,,literal
cet4-w-2231ed715258df96e075,host,cet2016-p078-r06-c1,headword,1,literal
cet4-w-26d8b74f23d21a1b88d2,hostess,cet2016-p078-r06-c2,listed_related,,literal
cet4-w-2231ed715258df96e075,host,cet2016-p078-r07-c1,headword,2,literal
cet4-w-6b78b7b7e5cc468608f3,hostile,cet2016-p078-r09-c1,headword,,literal
cet4-w-3dba86dbcb406b92ca67,hostility,cet2016-p078-r09-c2,listed_related,,literal
cet4-w-35c32c536363fdc67716,hot,cet2016-p078-r10-c1,headword,,literal
cet4-w-7f592644cbb0b45712af,hotdog,cet2016-p078-r11-c1,headword,,literal
cet4-w-842089764f6707512751,hotel,cet2016-p078-r12-c1,headword,,literal
cet4-w-2ab5fdf71104572d6fd4,hour,cet2016-p078-r14-c1,headword,,literal
cet4-w-b3431b6b03a2d95b6670,hourly,cet2016-p078-r14-c2,listed_related,,literal
cet4-w-f9527c7d12015aa4c21c,house,cet2016-p078-r15-c1,headword,,literal
cet4-w-e8f3db190e926d96f676,housing,cet2016-p078-r15-c2,listed_related,,literal
cet4-w-98bdde0545416b7d35f5,household,cet2016-p078-r16-c1,headword,,literal
cet4-w-1f3d0b29c8815a1fe5aa,housewife,cet2016-p078-r17-c1,headword,,literal
cet4-w-c767f641ac6782b4e223,housework,cet2016-p078-r18-c1,headword,,literal
cet4-w-4ef1c1b0669b5178ae7e,how,cet2016-p078-r20-c1,headword,,literal
cet4-w-02e121dcc89ab06b6dfe,however,cet2016-p078-r21-c1,headword,,literal
cet4-w-ccbba3bd877817aa155b,hug,cet2016-p078-r24-c1,headword,,literal
cet4-w-ff9dab9fb431dbb17254,huge,cet2016-p078-r25-c1,headword,,literal
cet4-w-2d6ad5a6f043d7cb279c,human,cet2016-p078-r27-c1,headword,,literal
cet4-w-282bd638cd9818af05ff,humanity,cet2016-p078-r27-c2,listed_related,,literal
cet4-w-593390557ad8270b11eb,humble,cet2016-p078-r29-c1,headword,,literal
cet4-w-bfd725a5d1a1447fe11b,humbly,cet2016-p078-r29-c2,listed_related,,literal
cet4-w-9de707f6615b83550fe2,humor,cet2016-p078-r32-c1,headword,,orthographic
cet4-w-58bd7776b53faf6b20d8,humorous,cet2016-p078-r32-c2,listed_related,,orthographic
cet4-w-e2a840c351ffbd4f7909,hundred,cet2016-p078-r33-c1,headword,,literal
cet4-w-9f94bb4475d19033b677,hunger,cet2016-p078-r34-c1,headword,,literal
cet4-w-629fda7a63f749137260,hungry,cet2016-p078-r34-c2,listed_related,,literal
cet4-w-9dd0324cafd4afb42b0b,hunt,cet2016-p078-r35-c1,headword,,literal
cet4-w-bd6c4e0c5385ee9eb3de,hunting,cet2016-p078-r35-c2,listed_related,,literal
cet4-w-b3f50198af3278c2946e,hunter,cet2016-p078-r35-c3,listed_related,,literal
cet4-w-3695f88fa62e420a15e8,hurry,cet2016-p078-r39-c1,headword,,literal
cet4-w-dacaf67ce0241ca49c6c,hurriedly,cet2016-p078-r39-c2,listed_related,,literal
cet4-w-b81c0dadc086ad17f095,hurt,cet2016-p078-r40-c1,headword,,literal
cet4-w-716b54b012ea6d89d41a,hurtful,cet2016-p078-r40-c2,listed_related,,literal
cet4-w-e092f02b64d9f1170e7c,husband,cet2016-p078-r41-c1,headword,,literal
cet4-w-9c1c5cbfbf61a8fee35d,hut,cet2016-p078-r42-c1,headword,,literal
cet4-w-b9f78ceec81dd40b3c86,hydrogen,cet2016-p079-r02-c1,headword,,literal
cet4-w-c5c4169bacbdfff03105,hyphen,cet2016-p079-r04-c1,headword,,literal
cet4-w-a04b630cc03e55679d67,I,cet2016-p079-r08-c1,headword,,literal
cet4-w-2ee86659a278b02a8205,ice,cet2016-p079-r09-c1,headword,,literal
cet4-w-c5dfddc7dcc5cfb8f746,icy,cet2016-p079-r09-c2,listed_related,,literal
cet4-w-b25c38ddc687968b5b2c,ice-cream,cet2016-p079-r11-c1,headword,,literal
cet4-w-3b489d42606d58c5b24b,idea,cet2016-p079-r13-c1,headword,,literal
cet4-w-ef40c73d70a2b72cb095,ideal,cet2016-p079-r14-c1,headword,,literal
cet4-w-5f741bf40174b7f20945,idealistic,cet2016-p079-r14-c2,listed_related,,literal
cet4-w-c3c158013b077dd52ded,idealism,cet2016-p079-r14-c3,listed_related,,literal
cet4-w-bf5f926f0f547d75d06e,identify,cet2016-p079-r15-c1,headword,,literal
cet4-w-b590802b8a886365f169,identification,cet2016-p079-r15-c2,listed_related,,literal
cet4-w-0ab6d01042573943961d,identity,cet2016-p079-r16-c1,headword,,literal
cet4-w-5fcdb4999518c9714621,identical,cet2016-p079-r16-c2,listed_related,,literal
cet4-w-c294981dafcb4c3e78b2,idiom,cet2016-p079-r18-c1,headword,,literal
cet4-w-678cd3eb6a544a82d6f7,idiomatic,cet2016-p079-r18-c2,listed_related,,literal
cet4-w-a71c177927b47113083a,idle,cet2016-p079-r20-c1,headword,,literal
cet4-w-9c959711c4fe3efd31db,idly,cet2016-p079-r20-c2,listed_related,,literal
cet4-w-ba10738f7a5723d5ab44,if,cet2016-p079-r22-c1,headword,,literal
cet4-w-2d0fbd720dc5d3f8ea75,ignorant,cet2016-p079-r24-c1,headword,,literal
cet4-w-97af6535be2ee55e45a2,ignorance,cet2016-p079-r24-c2,listed_related,,literal
cet4-w-4e8bfcf478749962e1eb,ignore,cet2016-p079-r25-c1,headword,,literal
cet4-w-b7c045a0b36ff89add0c,ill,cet2016-p079-r26-c1,headword,,literal
cet4-w-52864f4eeee2fc1654f2,illness,cet2016-p079-r26-c2,listed_related,,literal
cet4-w-bf985bb0ce0a853accc1,illegal,cet2016-p079-r27-c1,headword,,literal
cet4-w-c337237b3183c27ae858,illusion,cet2016-p079-r31-c1,headword,,literal
cet4-w-be03b9b177e12ab10b9c,illusory,cet2016-p079-r31-c2,listed_related,,literal
cet4-w-cbd68edca6aa96343082,illustrate,cet2016-p079-r32-c1,headword,,literal
cet4-w-9eaa0b7a21c524603db9,illustration,cet2016-p079-r32-c2,listed_related,,literal
cet4-w-86dea7c68d99563117bd,illustrative,cet2016-p079-r32-c3,listed_related,,literal
cet4-w-0e781a58e139b6f7eb4e,image,cet2016-p079-r33-c1,headword,,literal
cet4-w-922d8fa9245fa206e980,imaging,cet2016-p079-r33-c2,listed_related,,literal
cet4-w-84962b876614cf12a758,imagine,cet2016-p079-r34-c1,headword,,literal
cet4-w-039ca79ff365f038810b,imagination,cet2016-p079-r34-c2,listed_related,,literal
cet4-w-fd0fb7de2440bddab6d3,imaginative,cet2016-p079-r34-c3,listed_related,,literal
cet4-w-35bbde1e5585287abad8,imaginary,cet2016-p079-r34-c4,listed_related,,literal
cet4-w-4e001e5f1579478559df,imitate,cet2016-p079-r35-c1,headword,,literal
cet4-w-7d3ac6a73ded907b372a,imitation,cet2016-p079-r35-c2,listed_related,,literal
cet4-w-6d8952e42eb3d06ae5b3,imitative,cet2016-p079-r35-c3,listed_related,,literal
cet4-w-e08c1ef924c1baebb33f,immediate,cet2016-p079-r36-c1,headword,,literal
cet4-w-c05f1b41ca2692abb174,immediately,cet2016-p079-r36-c2,listed_related,,literal
cet4-w-a7b93c588a9a498db68f,immense,cet2016-p079-r37-c1,headword,,literal
cet4-w-1695c5de6ac46da67964,immensely,cet2016-p079-r37-c2,listed_related,,literal
cet4-w-8ce539c7ce7ec37db520,immensity,cet2016-p079-r37-c3,listed_related,,literal
cet4-w-357bfec510c0776a8fc1,immigrate,cet2016-p079-r39-c1,headword,,literal
cet4-w-707a2aec8946bbcc53ac,immigration,cet2016-p079-r39-c2,listed_related,,literal
cet4-w-15d6492af488e44f0fef,immigrant,cet2016-p079-r39-c3,listed_related,,literal
cet4-w-53ba7498cda4a09fd8f5,immune,cet2016-p079-r41-c1,headword,,literal
cet4-w-32c29a051276f0c0eeb1,immunity,cet2016-p079-r41-c2,listed_related,,literal
cet4-w-6db925d5ca2b157b964e,immunize,cet2016-p079-r41-c3,listed_related,,orthographic
cet4-w-254b8e2231171da2f892,impact,cet2016-p079-r42-c1,headword,,literal
cet4-w-95e2aef101893e03c6cb,impatient,cet2016-p080-r03-c1,headword,,literal
cet4-w-f7382850100bce419978,impatience,cet2016-p080-r03-c2,listed_related,,literal
cet4-w-745335434abbf181f40f,imperial,cet2016-p080-r05-c1,headword,,literal
cet4-w-35a52bdeb82190fd72f1,imperialism,cet2016-p080-r05-c2,listed_related,,literal
cet4-w-03eb1913cf2bcfaa1e3b,imperialist,cet2016-p080-r05-c3,listed_related,,literal
cet4-w-f2fa1ae111c3147bf003,implement,cet2016-p080-r07-c1,headword,1,literal
cet4-w-f7a08704a6a3d9463d08,implementation,cet2016-p080-r07-c2,listed_related,,literal
cet4-w-f2fa1ae111c3147bf003,implement,cet2016-p080-r08-c1,headword,2,literal
cet4-w-ca5747717ababe7fd5c5,implicit,cet2016-p080-r09-c1,headword,,literal
cet4-w-cc4f623aaf0eb2f1801b,imply,cet2016-p080-r10-c1,headword,,literal
cet4-w-ff59eec91c480c4205f0,implication,cet2016-p080-r10-c2,listed_related,,literal
cet4-w-43ac0394e915760d27a8,import,cet2016-p080-r11-c1,headword,,literal
cet4-w-311bee88ec2f0b66e598,importation,cet2016-p080-r11-c2,listed_related,,literal
cet4-w-78c4e15f16b23ffe725b,important,cet2016-p080-r12-c1,headword,,literal
cet4-w-989fbd04978d47ed3c7b,importance,cet2016-p080-r12-c2,listed_related,,literal
cet4-w-4993e5f70fa0648190e3,impose,cet2016-p080-r13-c1,headword,,literal
cet4-w-0aa77507d27cd84985f2,imposition,cet2016-p080-r13-c2,listed_related,,literal
cet4-w-8ab646c912a25e8eb253,imposing,cet2016-p080-r13-c3,listed_related,,literal
cet4-w-b875afceda9fdb77faa1,impossible,cet2016-p080-r14-c1,headword,,literal
cet4-w-04758b9ab15b3812f0a5,impossibility,cet2016-p080-r14-c2,listed_related,,literal
cet4-w-2fcffb32692d4ee244cc,impress,cet2016-p080-r15-c1,headword,,literal
cet4-w-e5ae2645c2f980963072,impression,cet2016-p080-r15-c2,listed_related,,literal
cet4-w-6b311d8a9d3d393b9a6b,impressive,cet2016-p080-r15-c3,listed_related,,literal
cet4-w-0764ea0e4769e3fa3e63,improve,cet2016-p080-r18-c1,headword,,literal
cet4-w-d93d20dcc07618ac7b13,improvement,cet2016-p080-r18-c2,listed_related,,literal
cet4-w-8545b99643159c7f6cd3,impulse,cet2016-p080-r19-c1,headword,,literal
cet4-w-bf4856b508997dc20b49,impulsive,cet2016-p080-r19-c2,listed_related,,literal
cet4-w-17da645d5be89948215b,in,cet2016-p080-r20-c1,headword,,literal
cet4-w-e6d641751ac72c824a27,incentive,cet2016-p080-r23-c1,headword,,literal
cet4-w-8d56ec5e44334471e039,inch,cet2016-p080-r24-c1,headword,,literal
cet4-w-8e5a8284010957611554,incidence,cet2016-p080-r25-c1,headword,,literal
cet4-w-39e5983a1a29731e766f,incident,cet2016-p080-r26-c1,headword,,literal
cet4-w-4d4e94464f5d514db9df,incidental,cet2016-p080-r26-c2,listed_related,,literal
cet4-w-d234806360a57b266b99,incidentally,cet2016-p080-r26-c3,listed_related,,literal
cet4-w-ff73df0508174aca8cb3,incline,cet2016-p080-r27-c1,headword,,literal
cet4-w-ad2dd80ba9230bfd5e55,inclined,cet2016-p080-r27-c2,listed_related,,literal
cet4-w-64ccec02e7c53290fc2a,inclination,cet2016-p080-r27-c3,listed_related,,literal
cet4-w-30f4cb774bd882a65683,include,cet2016-p080-r28-c1,headword,,literal
cet4-w-0f8bece0651f6f8818c1,inclusion,cet2016-p080-r28-c2,listed_related,,literal
cet4-w-7d5f56e7d43193c1be81,inclusive,cet2016-p080-r28-c3,listed_related,,literal
cet4-w-a814ea0e5ceea9d8c99a,including,cet2016-p080-r28-c4,listed_related,,literal
cet4-w-a032d1db77d3aa485854,income,cet2016-p080-r29-c1,headword,,literal
cet4-w-0f26ff275b9332537821,increase,cet2016-p080-r31-c1,headword,,literal
cet4-w-b740b256421c6a85d41a,increasingly,cet2016-p080-r31-c2,listed_related,,literal
cet4-w-8f755918257ff327d6d6,incredible,cet2016-p080-r32-c1,headword,,literal
cet4-w-37b382351861cfbf9ea5,incredibly,cet2016-p080-r32-c2,listed_related,,literal
cet4-w-f1e1f35d313e50408169,indeed,cet2016-p080-r36-c1,headword,,literal
cet4-w-c04bf320e2b3c4de873f,independent,cet2016-p080-r38-c1,headword,,literal
cet4-w-e65ff04cfda0cfd80548,independence,cet2016-p080-r38-c2,listed_related,,literal
cet4-w-ad5fa8dcf48ede7e133f,index,cet2016-p080-r39-c1,headword,,literal
cet4-w-fc197a7324dc751d9ebc,indicate,cet2016-p080-r40-c1,headword,,literal
cet4-w-d4b74880f4159e11fb61,indication,cet2016-p080-r40-c2,listed_related,,literal
cet4-w-be036755b5ab059a51b0,indicative,cet2016-p080-r40-c3,listed_related,,literal
cet4-w-6e6a01b7b930cb3b3771,indicator,cet2016-p080-r40-c4,listed_related,,literal
cet4-w-0a4926cefd95f9c38e08,indifferent,cet2016-p080-r42-c1,headword,,literal
cet4-w-8ee0984c5da77d87c314,indifference,cet2016-p080-r42-c2,listed_related,,literal
cet4-w-f742d486efa2d4c36060,indispensable,cet2016-p081-r03-c1,headword,,literal
cet4-w-533bfae3f7f616924922,individual,cet2016-p081-r04-c1,headword,,literal
cet4-w-65a8b6bc976a76620748,individualism,cet2016-p081-r04-c2,listed_related,,literal
cet4-w-06fe3699b8f4a4767362,indoor,cet2016-p081-r05-c1,headword,,literal
cet4-w-faffdef5ac98f3635971,indoors,cet2016-p081-r05-c2,listed_related,,literal
cet4-w-00741bec2dd7cae2083b,induce,cet2016-p081-r06-c1,headword,,literal
cet4-w-60934f436e5ad3101efa,inducement,cet2016-p081-r06-c2,listed_related,,literal
cet4-w-4f033a920fc30063b517,industry,cet2016-p081-r08-c1,headword,,literal
cet4-w-9afe5f7682d928f29e33,industrial,cet2016-p081-r08-c2,listed_related,,literal
cet4-w-d7875b8d8bd6159c1df8,industrialize,cet2016-p081-r08-c3,listed_related,,orthographic
cet4-w-20a03c11880130f10d97,industrious,cet2016-p081-r08-c4,listed_related,,literal
cet4-w-79a3a683803b1ef8bc13,inevitable,cet2016-p081-r10-c1,headword,,literal
cet4-w-074097e4f7cbb9a0664f,infant,cet2016-p081-r11-c1,headword,,literal
cet4-w-5a0d49d0853d7033de0c,infect,cet2016-p081-r12-c1,headword,,literal
cet4-w-2b5d82d7494cc89083cd,infection,cet2016-p081-r12-c2,listed_related,,literal
cet4-w-6febc0d143060941abae,infectious,cet2016-p081-r12-c3,listed_related,,literal
cet4-w-d95acbcd3e9802741ee1,infer,cet2016-p081-r13-c1,headword,,literal
cet4-w-dd27aa7cad2d352db4ce,inference,cet2016-p081-r13-c2,listed_related,,literal
cet4-w-a43bbe2cb975fb7da53a,inferior,cet2016-p081-r14-c1,headword,,literal
cet4-w-a2140e8abe1dcf162e05,inferiority,cet2016-p081-r14-c2,listed_related,,literal
cet4-w-d85add8c2add004a321e,infinite,cet2016-p081-r15-c1,headword,,literal
cet4-w-0f797ef3604894058625,infinity,cet2016-p081-r15-c2,listed_related,,literal
cet4-w-122aedbdedade642db88,infinitive,cet2016-p081-r15-c3,listed_related,,literal
cet4-w-9ca5fa843123d952a311,inflate,cet2016-p081-r16-c1,headword,,literal
cet4-w-f044774f2b1067969ef1,inflation,cet2016-p081-r16-c2,listed_related,,literal
cet4-w-dc23b1f1aad8406b87b4,influence,cet2016-p081-r18-c1,headword,,literal
cet4-w-edfcab24df957b086f85,influential,cet2016-p081-r18-c2,listed_related,,literal
cet4-w-f600f6ae67aa001a8fd7,influenza,cet2016-p081-r19-c1,headword,,distinct_lexemes
cet4-w-ad21098dfb6ad2358689,flu,cet2016-p081-r19-c1,headword,,distinct_lexemes
cet4-w-7e4295ad05938fd97624,inform,cet2016-p081-r20-c1,headword,,literal
cet4-w-f8d6a4b2f6df6be72e57,information,cet2016-p081-r20-c2,listed_related,,literal
cet4-w-0abff77d4aed19b418d3,informative,cet2016-p081-r20-c3,listed_related,,literal
cet4-w-00d0c989a142d8727092,informant,cet2016-p081-r20-c4,listed_related,,literal
cet4-w-9c20fd39fbc3a081fc3d,infrastructure,cet2016-p081-r21-c1,headword,,literal
cet4-w-21c08aa1e14b1193eb44,ingredient,cet2016-p081-r24-c1,headword,,literal
cet4-w-c3eec6d3e65db0a240ab,inhabit,cet2016-p081-r25-c1,headword,,literal
cet4-w-fcade8682f92a048463d,inhabitant,cet2016-p081-r25-c2,listed_related,,literal
cet4-w-6f26f79c62c1bcee33ea,inherit,cet2016-p081-r27-c1,headword,,literal
cet4-w-bb074bfa2e3f10801b72,inheritance,cet2016-p081-r27-c2,listed_related,,literal
cet4-w-b4a039a0d6bc9363ed5b,initial,cet2016-p081-r29-c1,headword,,literal
cet4-w-e2aa91433c94b4bffd86,initially,cet2016-p081-r29-c2,listed_related,,literal
cet4-w-bde71fa28a73709d54e7,initiate,cet2016-p081-r30-c1,headword,,literal
cet4-w-c8475ea2ea343d9e14c2,initiation,cet2016-p081-r30-c2,listed_related,,literal
cet4-w-ae856d2f200f489b7f32,initiative,cet2016-p081-r30-c3,listed_related,,literal
cet4-w-acf5f15ba902cfbf1a67,injure,cet2016-p081-r32-c1,headword,,literal
cet4-w-3bccdd3481dae134a404,injury,cet2016-p081-r32-c2,listed_related,,literal
cet4-w-e88e4438dd2abb19bcc2,injurious,cet2016-p081-r32-c3,listed_related,,literal
cet4-w-6db1c975a148502356cd,ink,cet2016-p081-r33-c1,headword,,literal
cet4-w-920b90b090a012e2d63e,inland,cet2016-p081-r34-c1,headword,,literal
cet4-w-59b89aa150be0cc7ac04,inn,cet2016-p081-r36-c1,headword,,literal
cet4-w-623ff3d8b47a6f966b6b,inner,cet2016-p081-r37-c1,headword,,literal
cet4-w-4dcf515213eb7488f64d,innocent,cet2016-p081-r38-c1,headword,,literal
cet4-w-be6aecdc3df66049b863,innocence,cet2016-p081-r38-c2,listed_related,,literal
cet4-w-7e194c86e67b741cd24c,innovate,cet2016-p081-r39-c1,headword,,literal
cet4-w-f3994a47aa7631ebb7b5,innovation,cet2016-p081-r39-c2,listed_related,,literal
cet4-w-e3fe8e48d0e77912446d,innovative,cet2016-p081-r39-c3,listed_related,,literal
cet4-w-48b692252911a02d3a79,input,cet2016-p081-r41-c1,headword,,literal
cet4-w-064a55ee1b864d41291a,enquire,cet2016-p081-r42-c1,headword,,orthographic
cet4-w-df2e0e43d20670896f30,enquiry,cet2016-p081-r42-c2,listed_related,,orthographic
cet4-w-5a67f392bee8e4125f28,inquisitive,cet2016-p081-r42-c3,listed_related,,literal
cet4-w-3695838efe4ac566f2cf,insane,cet2016-p082-r01-c1,headword,,literal
cet4-w-ff1f510b6d2ef260d1ab,insanity,cet2016-p082-r01-c2,listed_related,,literal
cet4-w-5cfab18a4f4b2dddde47,insect,cet2016-p082-r02-c1,headword,,literal
cet4-w-c122c706848ec9e30dec,insert,cet2016-p082-r03-c1,headword,,literal
cet4-w-ef848b7d320c5e3fe4cf,insertion,cet2016-p082-r03-c2,listed_related,,literal
cet4-w-91cad9977818538cf143,inside,cet2016-p082-r04-c1,headword,,literal
cet4-w-b380e07085e741654252,insider,cet2016-p082-r04-c2,listed_related,,literal
cet4-w-1c7d9fe4eea5d20b369b,insight,cet2016-p082-r05-c1,headword,,literal
cet4-w-807698a82849239a035b,insightful,cet2016-p082-r05-c2,listed_related,,literal
cet4-w-392b49b5cbabc0a87d62,insist,cet2016-p082-r06-c1,headword,,literal
cet4-w-9d3f762768032600333a,insistence,cet2016-p082-r06-c2,listed_related,,literal
cet4-w-12f9a4b7f66bba834d3d,insistent,cet2016-p082-r06-c3,listed_related,,literal
cet4-w-88452520399cf5c4e49e,inspect,cet2016-p082-r07-c1,headword,,literal
cet4-w-0a0d83eaf4a558f00a54,inspection,cet2016-p082-r07-c2,listed_related,,literal
cet4-w-6ecf32549b5df2eee4c5,inspector,cet2016-p082-r07-c3,listed_related,,literal
cet4-w-a5ea000c7b8574b3f21f,inspire,cet2016-p082-r08-c1,headword,,literal
cet4-w-d5edafe880b9d69cfc8f,inspiration,cet2016-p082-r08-c2,listed_related,,literal
cet4-w-7b75ef42dae643dc2671,inspirational,cet2016-p082-r08-c3,listed_related,,literal
cet4-w-3d9f59ba242e4442a067,instal,cet2016-p082-r09-c1,headword,,orthographic
cet4-w-feeb5d88b6eee93f99ff,instalation,cet2016-p082-r09-c2,listed_related,,orthographic
cet4-w-53acf45ddf81bed02137,instalment,cet2016-p082-r10-c1,headword,,orthographic
cet4-w-c816bbd1d1efe32ae07f,instance,cet2016-p082-r11-c1,headword,,literal
cet4-w-7b17831dd79835b620b2,instant,cet2016-p082-r12-c1,headword,,literal
cet4-w-ccaddbe051b463c189cf,instantaneous,cet2016-p082-r12-c2,listed_related,,literal
cet4-w-c38dadd40517b4101d82,instead,cet2016-p082-r13-c1,headword,,literal
cet4-w-32324e75afe87c2d3c6a,instinct,cet2016-p082-r14-c1,headword,,literal
cet4-w-e2ca9d63e6f2bd3aefc0,instinctive,cet2016-p082-r14-c2,listed_related,,literal
cet4-w-d91774d9dd54e94d6a2f,institute,cet2016-p082-r15-c1,headword,,literal
cet4-w-ebc5d1acff71417012c1,institution,cet2016-p082-r16-c1,headword,,literal
cet4-w-5eeec9c25ebf85909873,institutional,cet2016-p082-r16-c2,listed_related,,literal
cet4-w-9895612a93f07407c028,instruct,cet2016-p082-r17-c1,headword,,literal
cet4-w-a86388d08a245c301330,instruction,cet2016-p082-r17-c2,listed_related,,literal
cet4-w-21055627e2cccc870839,instructor,cet2016-p082-r17-c3,listed_related,,literal
cet4-w-64e73632d4a9cdb8e80e,instructive,cet2016-p082-r17-c4,listed_related,,literal
cet4-w-ef63a62cb2ecc4796b18,instrument,cet2016-p082-r18-c1,headword,,literal
cet4-w-d13dc373801ec4595df1,instrumental,cet2016-p082-r18-c2,listed_related,,literal
cet4-w-4aff5a0b143d607e1e0c,insult,cet2016-p082-r20-c1,headword,,literal
cet4-w-478fc51525417f155e8b,insure,cet2016-p082-r21-c1,headword,,distinct_lexemes
cet4-w-5bd9188546abff1b1a5c,ensure,cet2016-p082-r21-c1,headword,,distinct_lexemes
cet4-w-be9f107add668a9bd251,insurance,cet2016-p082-r21-c2,listed_related,,literal
cet4-w-58301d4cadcc369cad5e,intact,cet2016-p082-r22-c1,headword,,literal
cet4-w-84ad9b120effed0291b8,intake,cet2016-p082-r23-c1,headword,,literal
cet4-w-e7bfa16594fe52b760a1,intangible,cet2016-p082-r24-c1,headword,,literal
cet4-w-db51c3b730f4a563ad85,integrate,cet2016-p082-r26-c1,headword,,literal
cet4-w-f80376668df9e28ef1b9,integration,cet2016-p082-r26-c2,listed_related,,literal
cet4-w-3ee1ce467dd4a8c1a1f2,integrity,cet2016-p082-r27-c1,headword,,literal
cet4-w-ce74e7b88c5a62b35400,intellectual,cet2016-p082-r29-c1,headword,,literal
cet4-w-c5c22dfe1e36f4851e5a,intelligent,cet2016-p082-r30-c1,headword,,literal
cet4-w-e034f4dbd7796df42e84,intelligence,cet2016-p082-r30-c2,listed_related,,literal
cet4-w-00567ba5815d10563bcd,intend,cet2016-p082-r32-c1,headword,,literal
cet4-w-1c174222165959b54ec8,intention,cet2016-p082-r32-c2,listed_related,,literal
cet4-w-1dee7aad8e2a3a6c63f4,intent,cet2016-p082-r32-c3,listed_related,,literal
cet4-w-e2f24a13b680a104882b,intentional,cet2016-p082-r32-c4,listed_related,,literal
cet4-w-07e75bf212f3331c0c06,intense,cet2016-p082-r33-c1,headword,,literal
cet4-w-924c2edeebe1ec5be1c9,intensity,cet2016-p082-r33-c2,listed_related,,literal
cet4-w-831f140c9ea5d818eae5,intensify,cet2016-p082-r33-c3,listed_related,,literal
cet4-w-17b3503a299f6caa58a7,intensive,cet2016-p082-r34-c1,headword,,literal
cet4-w-c3775da607c927aa962e,interact,cet2016-p082-r35-c1,headword,,literal
cet4-w-1ca95267fd00d74d2003,interaction,cet2016-p082-r35-c2,listed_related,,literal
cet4-w-998a59532834f0fe7278,interactive,cet2016-p082-r35-c3,listed_related,,literal
cet4-w-01972089b99056429d22,interest,cet2016-p082-r37-c1,headword,,literal
cet4-w-4b93b769f4d056d7f5e6,interesting,cet2016-p082-r37-c2,listed_related,,literal
cet4-w-c7965a5e8de3fecb09d5,interested,cet2016-p082-r37-c3,listed_related,,literal
cet4-w-6cec91d913f11f832072,interfere,cet2016-p082-r38-c1,headword,,literal
cet4-w-10c66187f515b1614796,interference,cet2016-p082-r38-c2,listed_related,,literal
cet4-w-89275feed304c87725df,interior,cet2016-p082-r40-c1,headword,,literal
cet4-w-739a558f3c1e56efb5b6,intermediate,cet2016-p082-r41-c1,headword,,literal
cet4-w-1ad3bbc9c0fadde43ac5,intermediary,cet2016-p082-r41-c2,listed_related,,literal
cet4-w-79829ac863d304464a36,internal,cet2016-p083-r01-c1,headword,,literal
cet4-w-d9a4e864a0080f09f575,international,cet2016-p083-r02-c1,headword,,literal
cet4-w-66f10265879b2a439fb2,Internet,cet2016-p083-r03-c1,headword,,orthographic
cet4-w-c9796c50e89aa0d7c986,interpret,cet2016-p083-r04-c1,headword,,literal
cet4-w-b993a5a040a3f0de5cfb,interpretation,cet2016-p083-r04-c2,listed_related,,literal
cet4-w-a948a682f4795335c114,interpreter,cet2016-p083-r04-c3,listed_related,,literal
cet4-w-4ddcce00a6c7bc07aefe,interrupt,cet2016-p083-r06-c1,headword,,literal
cet4-w-5a641051cc7b399ef9c7,interruption,cet2016-p083-r06-c2,listed_related,,literal
cet4-w-fab7e13b3f4b0077a28c,interval,cet2016-p083-r07-c1,headword,,literal
cet4-w-da26002ce5a3e0b95969,interview,cet2016-p083-r09-c1,headword,,literal
cet4-w-9518e72ce95c0f89bdfd,interviewer,cet2016-p083-r09-c2,listed_related,,literal
cet4-w-d3655fd664510c3eaefc,interviewee,cet2016-p083-r09-c3,listed_related,,literal
cet4-w-0b816580b428c5f8652b,intimate,cet2016-p083-r10-c1,headword,,literal
cet4-w-407eafb0c1f40db85f39,intimacy,cet2016-p083-r10-c2,listed_related,,literal
cet4-w-883557694783f76cbe01,into,cet2016-p083-r12-c1,headword,,literal
cet4-w-b7dc60b4776866a26256,introduce,cet2016-p083-r16-c1,headword,,literal
cet4-w-b39923ad3ddb40fd96b6,introduction,cet2016-p083-r16-c2,listed_related,,literal
cet4-w-34373b211c6d5d9ef9f2,introductory,cet2016-p083-r16-c3,listed_related,,literal
cet4-w-4eef4b3e5b0708c2f634,intrude,cet2016-p083-r17-c1,headword,,literal
cet4-w-2c4fa1368a8b9a9e8b38,intrusion,cet2016-p083-r17-c2,listed_related,,literal
cet4-w-cfffb9d9543e4b3be982,intruder,cet2016-p083-r17-c3,listed_related,,literal
cet4-w-45c36058e0e7086db8cb,invade,cet2016-p083-r19-c1,headword,,literal
cet4-w-a4229d89bc68a1655ae9,invasion,cet2016-p083-r19-c2,listed_related,,literal
cet4-w-8d4cf9049028fa285a43,invader,cet2016-p083-r19-c3,listed_related,,literal
cet4-w-82babfeae64167ab4668,invasive,cet2016-p083-r19-c4,listed_related,,literal
cet4-w-3e3840d43a7884ac8350,invalid,cet2016-p083-r21-c1,headword,2,literal
cet4-w-9c554a1727b5af8a8f4d,invaluable,cet2016-p083-r22-c1,headword,,literal
cet4-w-49f17fb112276a0dd15f,invariably,cet2016-p083-r23-c1,headword,,literal
cet4-w-1e7e4b1c6930042337cc,invent,cet2016-p083-r24-c1,headword,,literal
cet4-w-a36b1bbc74b4d6616ec4,invention,cet2016-p083-r24-c2,listed_related,,literal
cet4-w-f3b7f0eb033b3476e252,inventor,cet2016-p083-r24-c3,listed_related,,literal
cet4-w-366388ea62f265ada0cb,invest,cet2016-p083-r27-c1,headword,,literal
cet4-w-ade72e935f2732cbddc8,investment,cet2016-p083-r27-c2,listed_related,,literal
cet4-w-898e88d64c9f49179154,investor,cet2016-p083-r27-c3,listed_related,,literal
cet4-w-30cc007df638b84242f3,investigate,cet2016-p083-r28-c1,headword,,literal
cet4-w-a29450b5c17883b951ff,investigation,cet2016-p083-r28-c2,listed_related,,literal
cet4-w-278c8dd02dc54a89ad4f,investigator,cet2016-p083-r28-c3,listed_related,,literal
cet4-w-64c3eb0823eab6085040,invisible,cet2016-p083-r29-c1,headword,,literal
cet4-w-b58237d1e68e89f77ab2,invite,cet2016-p083-r30-c1,headword,,literal
cet4-w-c40acd613584f801f343,invitation,cet2016-p083-r30-c2,listed_related,,literal
cet4-w-586ad8852b0ce897beae,inviting,cet2016-p083-r30-c3,listed_related,,literal
cet4-w-32a5bfcf4c6ccb7e24ba,involve,cet2016-p083-r31-c1,headword,,literal
cet4-w-fb1a7eedff664ed0da1b,involvement,cet2016-p083-r31-c2,listed_related,,literal
cet4-w-d8bf0b3998d0da4826dc,involved,cet2016-p083-r31-c3,listed_related,,literal
cet4-w-7a53679e304bd134e17f,inward,cet2016-p083-r32-c1,headword,,literal
cet4-w-bc7cc06cfb9129dc959b,iron,cet2016-p083-r33-c1,headword,,literal
cet4-w-f63e6c1830ce7a34e9db,irony,cet2016-p083-r34-c1,headword,,literal
cet4-w-73991d24497e2ac83fcd,ironic,cet2016-p083-r34-c2,listed_related,,distinct_lexemes
cet4-w-8c9bf57caa5e43d628a0,ironical,cet2016-p083-r34-c2,listed_related,,distinct_lexemes
cet4-w-43fd38cea5b042d3eb9d,ironically,cet2016-p083-r34-c3,listed_related,,literal
cet4-w-188d47845f12d50a2a31,irrational,cet2016-p083-r35-c1,headword,,literal
cet4-w-6f3e6c2f79d07be79db7,irregular,cet2016-p083-r36-c1,headword,,literal
cet4-w-1e43e5f2db2cc7061190,irrigate,cet2016-p083-r38-c1,headword,,literal
cet4-w-9aacc375625d162eb802,irrigation,cet2016-p083-r38-c2,listed_related,,literal
cet4-w-a724cdefd5feb8872404,island,cet2016-p083-r40-c1,headword,,literal
cet4-w-e6a8c96b82a4bcf2e828,isolate,cet2016-p083-r42-c1,headword,,literal
cet4-w-c25a0eef34ecf2d782ee,isolation,cet2016-p083-r42-c2,listed_related,,literal
cet4-w-763018db6f9b1365351e,issue,cet2016-p084-r01-c1,headword,,literal
cet4-w-24502f98d95327e20e99,it,cet2016-p084-r02-c1,headword,,literal
cet4-w-45d3825392a2e8a1f135,item,cet2016-p084-r03-c1,headword,,literal
cet4-w-8d3c60102f50d0965895,its,cet2016-p084-r04-c1,headword,,literal
cet4-w-6ccbdc55860f500f058f,itself,cet2016-p084-r05-c1,headword,,literal
cet4-w-cb0d0714c829676f7c32,jacket,cet2016-p084-r08-c1,headword,,literal
cet4-w-8a89fda604432e4643e5,gaol,cet2016-p084-r09-c1,headword,,orthographic
cet4-w-cac4b83fd2ab0b979659,jam,cet2016-p084-r10-c1,headword,1,literal
cet4-w-cac4b83fd2ab0b979659,jam,cet2016-p084-r11-c1,headword,2,literal
cet4-w-048def17b9fea3e90140,January,cet2016-p084-r12-c1,headword,,literal
cet4-w-faa27af4cf1432cf3893,jar,cet2016-p084-r13-c1,headword,1,literal
cet4-w-faa27af4cf1432cf3893,jar,cet2016-p084-r14-c1,headword,2,literal
cet4-w-ea09f94f347a7d26b587,jaw,cet2016-p084-r16-c1,headword,,literal
cet4-w-56de0bbd65e6b2e66b37,jazz,cet2016-p084-r17-c1,headword,,literal
cet4-w-e545d6ee4ef3c4ecc8c9,jealous,cet2016-p084-r18-c1,headword,,literal
cet4-w-4a9e0f59e25a14462a0b,jealousy,cet2016-p084-r18-c2,listed_related,,literal
cet4-w-c7f11f429f17d79107a8,jeans,cet2016-p084-r19-c1,headword,,literal
cet4-w-0d53c0c035dec2652379,jeep,cet2016-p084-r20-c1,headword,,literal
cet4-w-653206d3cff9bbde590c,jet,cet2016-p084-r24-c1,headword,,literal
cet4-w-cefdcf67731fe459906c,jetlag,cet2016-p084-r25-c1,headword,,literal
cet4-w-499a372be2886a3410ab,jewel,cet2016-p084-r26-c1,headword,,literal
cet4-w-783223a5d84f667aaa5d,jewelry,cet2016-p084-r26-c2,listed_related,,source_spelling_repair
cet4-w-a518529281f7ec72802e,job,cet2016-p084-r27-c1,headword,,literal
cet4-w-479dfe86458d022ef0ce,jog,cet2016-p084-r29-c1,headword,,literal
cet4-w-dc3f975fa79eb2c66910,join,cet2016-p084-r30-c1,headword,,literal
cet4-w-740c893336d5f9b38769,joint,cet2016-p084-r31-c1,headword,,literal
cet4-w-2e390b1f96f57f1d0770,joke,cet2016-p084-r32-c1,headword,,literal
cet4-w-421e27137d5914416ad8,journal,cet2016-p084-r34-c1,headword,,literal
cet4-w-376bf6b56b1b9da603bf,journalism,cet2016-p084-r35-c1,headword,,literal
cet4-w-2e4563e05df4905f1531,journalist,cet2016-p084-r35-c2,listed_related,,literal
cet4-w-ac6775b49d9fc35d796d,journey,cet2016-p084-r36-c1,headword,,literal
cet4-w-eb2b4f970da87b2b08f3,joy,cet2016-p084-r37-c1,headword,,literal
cet4-w-d1f97613f11248272d1c,joyous,cet2016-p084-r37-c2,listed_related,,literal
cet4-w-384bdc64ebda75afe785,joyful,cet2016-p084-r37-c3,listed_related,,literal
cet4-w-0d6dd27e33383ada3a9c,judge,cet2016-p084-r38-c1,headword,,literal
cet4-w-dde48ae1b927e6f585f4,judgment,cet2016-p084-r38-c2,listed_related,,orthographic
cet4-w-59e49e8e86e9b9177144,juice,cet2016-p084-r41-c1,headword,,literal
cet4-w-4832a48f5cd6756945a6,juicy,cet2016-p084-r41-c2,listed_related,,literal
cet4-w-281ad7a79cde0229ffbc,July,cet2016-p084-r42-c1,headword,,literal
cet4-w-5cdb888ed2fec990c628,jump,cet2016-p085-r01-c1,headword,,literal
cet4-w-f7423d2ceb36a01257e1,June,cet2016-p085-r03-c1,headword,,literal
cet4-w-be72420e38940889fb12,jungle,cet2016-p085-r04-c1,headword,,literal
cet4-w-a15610234b6a01c283e5,junior,cet2016-p085-r05-c1,headword,,literal
cet4-w-ca9fd7579414e9004937,junk,cet2016-p085-r06-c1,headword,,literal
cet4-w-51f5607b7cc55d021476,jury,cet2016-p085-r08-c1,headword,,literal
cet4-w-fca511bc3756ccf4a226,juror,cet2016-p085-r08-c2,listed_related,,literal
cet4-w-fc4202e15031da21349b,just,cet2016-p085-r09-c1,headword,1,literal
cet4-w-fc4202e15031da21349b,just,cet2016-p085-r10-c1,headword,2,literal
cet4-w-c2c430e818e789c2f5bf,justice,cet2016-p085-r11-c1,headword,,literal
cet4-w-9f731d4fdccece20be02,justify,cet2016-p085-r12-c1,headword,,literal
cet4-w-639b7da199b5d86e78b3,justification,cet2016-p085-r12-c2,listed_related,,literal
cet4-w-d4297f3008055e7fe5d4,keen,cet2016-p085-r14-c1,headword,,literal
cet4-w-0b06c92d34b4546bd385,keep,cet2016-p085-r15-c1,headword,,literal
cet4-w-272edcf4b884cbf580bb,kettle,cet2016-p085-r16-c1,headword,,literal
cet4-w-492f8a41b2880297eb29,key,cet2016-p085-r17-c1,headword,,literal
cet4-w-e53546def39b41cbaa9d,keyboard,cet2016-p085-r18-c1,headword,,literal
cet4-w-0531fd2a2501c2f5cb5f,kick,cet2016-p085-r19-c1,headword,,literal
cet4-w-1dc6a117a7b8d5286d16,kid,cet2016-p085-r20-c1,headword,,literal
cet4-w-3c1bb6d647461c4c17a3,kill,cet2016-p085-r23-c1,headword,,literal
cet4-w-0bf1b15997cc9ec4231e,kilogram,cet2016-p085-r24-c1,headword,,mixed
cet4-w-0d08f9432c1c39225be8,kilo,cet2016-p085-r24-c1,headword,,mixed
cet4-w-5238d4d966f8e7649f8d,kilometer,cet2016-p085-r25-c1,headword,,orthographic
cet4-w-c8e41e753757ef1db49b,kin,cet2016-p085-r26-c1,headword,,literal
cet4-w-8557d29be152eeaa8189,kind,cet2016-p085-r27-c1,headword,,literal
cet4-w-c978f3ed794862456a2c,kindness,cet2016-p085-r27-c2,listed_related,,literal
cet4-w-a589892b3de4f7876814,kindergarten,cet2016-p085-r28-c1,headword,,literal
cet4-w-dd132d204d77d38f0acb,king,cet2016-p085-r29-c1,headword,,literal
cet4-w-d138467a1f5750bf41cc,kingdom,cet2016-p085-r30-c1,headword,,literal
cet4-w-7afabcce8fe30176d128,kiss,cet2016-p085-r31-c1,headword,,literal
cet4-w-0999caa44ccfcd2c4952,kit,cet2016-p085-r32-c1,headword,,literal
cet4-w-57160e8f536c89c2b660,kitchen,cet2016-p085-r33-c1,headword,,literal
cet4-w-d95b73a207f95bc15fd0,kite,cet2016-p085-r34-c1,headword,,literal
cet4-w-6c7e4554def2f151cb41,knee,cet2016-p085-r35-c1,headword,,literal
cet4-w-e5486e3f21acb74e7603,kneel,cet2016-p085-r36-c1,headword,,literal
cet4-w-84e0ff7a8e6f63584abb,knife,cet2016-p085-r37-c1,headword,,literal
cet4-w-3d8b389cffe54957f5ae,knit,cet2016-p085-r39-c1,headword,,literal
cet4-w-200025ccae72494ce849,knock,cet2016-p085-r41-c1,headword,,literal
cet4-w-e17e3fb9b6711f40f896,knot,cet2016-p085-r42-c1,headword,,literal
cet4-w-f79a4e72641cb03de922,knotty,cet2016-p085-r42-c2,listed_related,,literal
cet4-w-66230c68d76518a77870,know,cet2016-p086-r01-c1,headword,,literal
cet4-w-b5a0da6800498d012f90,knowledge,cet2016-p086-r01-c2,listed_related,,literal
cet4-w-c70d6d3644ab79dca87f,knowledgeable,cet2016-p086-r01-c3,listed_related,,literal
cet4-w-b39a4fb935183d565cae,knowhow,cet2016-p086-r02-c1,headword,,literal
cet4-w-e94f5eb45b3968539530,label,cet2016-p086-r03-c1,headword,,literal
cet4-w-d3cb0e47d53da8bdf248,labor,cet2016-p086-r04-c1,headword,,orthographic
cet4-w-632223254090b6d0f90d,laborious,cet2016-p086-r04-c2,listed_related,,literal
cet4-w-6d1a4b5a817614a166e7,laboratory,cet2016-p086-r05-c1,headword,,distinct_lexemes
cet4-w-320cf6f0d9beacf7ac46,lab,cet2016-p086-r05-c1,headword,,distinct_lexemes
cet4-w-4bee7de3a24788e59791,lace,cet2016-p086-r06-c1,headword,,literal
cet4-w-751131d8ac8a9271b9ad,lack,cet2016-p086-r07-c1,headword,,literal
cet4-w-542ff8896d3448cfee7f,ladder,cet2016-p086-r09-c1,headword,,literal
cet4-w-2efc0e0470ed9c74a4fb,lady,cet2016-p086-r10-c1,headword,,literal
cet4-w-37004bd65f5f14bd7980,lag,cet2016-p086-r11-c1,headword,,literal
cet4-w-4f8e0bf589a439f831b8,lake,cet2016-p086-r12-c1,headword,,literal
cet4-w-b7102bb01077ce9ba7b1,lamb,cet2016-p086-r13-c1,headword,,literal
cet4-w-21cad71852324000e801,lame,cet2016-p086-r14-c1,headword,,literal
cet4-w-54d79ce88f94c6fe5871,lamp,cet2016-p086-r15-c1,headword,,literal
cet4-w-e101a302a5ec82d21cb3,land,cet2016-p086-r16-c1,headword,,literal
cet4-w-55bf16aba7fa8123ed18,landing,cet2016-p086-r16-c2,listed_related,,literal
cet4-w-86c4e5803e6a915aef43,landlord,cet2016-p086-r17-c1,headword,,distinct_lexemes
cet4-w-8cd8cbc7adfdb71c514a,landlady,cet2016-p086-r17-c1,headword,,distinct_lexemes
cet4-w-1e16247a228eee94b6be,landscape,cet2016-p086-r19-c1,headword,,literal
cet4-w-d9cd1220e4906a2df18c,lane,cet2016-p086-r20-c1,headword,,literal
cet4-w-a281d11a8c25ea859a18,language,cet2016-p086-r21-c1,headword,,literal
cet4-w-49eb0637392e30f5411e,lap,cet2016-p086-r22-c1,headword,,literal
cet4-w-0561959abc24b0e0441c,laptop,cet2016-p086-r23-c1,headword,,literal
cet4-w-9792189a663197cff4e3,large,cet2016-p086-r24-c1,headword,,literal
cet4-w-0971f76b615f04d4b1a7,largely,cet2016-p086-r24-c2,listed_related,,literal
cet4-w-c25040ffd242f0941e05,laser,cet2016-p086-r25-c1,headword,,literal
cet4-w-183d007d9aa727013b25,lass,cet2016-p086-r27-c1,headword,,literal
cet4-w-2f45b8fbf985c0f1787f,last,cet2016-p086-r28-c1,headword,,literal
cet4-w-6c3d2da01d3420431ba3,lastly,cet2016-p086-r28-c2,listed_related,,literal
cet4-w-4f1c2e5235778fd15695,late,cet2016-p086-r29-c1,headword,,literal
cet4-w-e661a46d5a1744b48f2e,later,cet2016-p086-r29-c2,listed_related,,literal
cet4-w-9ece0302d8aeacfb7414,lately,cet2016-p086-r30-c1,headword,,literal
cet4-w-2a3244833314994495bb,latter,cet2016-p086-r32-c1,headword,,literal
cet4-w-68951b11b9b64fdf483c,laugh,cet2016-p086-r33-c1,headword,,literal
cet4-w-9eb748f6089eb2c328cf,laughter,cet2016-p086-r33-c2,listed_related,,literal
cet4-w-8cde0ecae22568fad5ec,launch,cet2016-p086-r34-c1,headword,,literal
cet4-w-39ed8637abd4256e6b7b,laundry,cet2016-p086-r35-c1,headword,,literal
cet4-w-c7690792bc6bc9a75e78,lavatory,cet2016-p086-r36-c1,headword,,literal
cet4-w-bbdf401336ff7f20ef8b,law,cet2016-p086-r38-c1,headword,,literal
cet4-w-632c0d42938eff04b401,lawful,cet2016-p086-r38-c2,listed_related,,literal
cet4-w-bfced1f4a05c86273ce5,lawn,cet2016-p086-r39-c1,headword,,literal
cet4-w-9f6d6c7a7d9370fe0401,lawyer,cet2016-p086-r41-c1,headword,,literal
cet4-w-0287e7f24b809f85d98d,lay,cet2016-p086-r42-c1,headword,,literal
cet4-w-1631c7cafceb7fe5b045,layer,cet2016-p087-r01-c1,headword,,literal
cet4-w-aee7d2e83ba69c400bdd,layoff,cet2016-p087-r03-c1,headword,,literal
cet4-w-bcbf7dcf8a7366ba97f3,layout,cet2016-p087-r04-c1,headword,,literal
cet4-w-c02eb929938a82b6316f,lazy,cet2016-p087-r05-c1,headword,,literal
cet4-w-de0caa14407646bf4950,laziness,cet2016-p087-r05-c2,listed_related,,literal
cet4-w-21d0a8e59285a5242568,lead,cet2016-p087-r06-c1,headword,1,literal
cet4-w-56d32fddecfefbe065b4,leader,cet2016-p087-r06-c2,listed_related,,literal
cet4-w-91d2194035318609dc8c,leadership,cet2016-p087-r06-c3,listed_related,,literal
cet4-w-366f95811fa9e85bcc9a,leading,cet2016-p087-r06-c4,listed_related,,literal
cet4-w-21d0a8e59285a5242568,lead,cet2016-p087-r07-c1,headword,2,literal
cet4-w-be6b3a05c2a8e4ae833e,leaf,cet2016-p087-r08-c1,headword,,literal
cet4-w-0399f8ed08a870c12ff1,league,cet2016-p087-r10-c1,headword,,literal
cet4-w-c07ebdf4e16b60f4dfff,leak,cet2016-p087-r11-c1,headword,,literal
cet4-w-30ef1019a47d706288f5,lean,cet2016-p087-r12-c1,headword,,literal
cet4-w-ed9bb13663d44d455cf8,leap,cet2016-p087-r13-c1,headword,,literal
cet4-w-312a24873bbaa213abfa,learn,cet2016-p087-r14-c1,headword,,literal
cet4-w-35246d78d4aaac3c248b,learned,cet2016-p087-r14-c2,listed_related,,literal
cet4-w-a3c527992464b0a5a2a0,learning,cet2016-p087-r14-c3,listed_related,,literal
cet4-w-aec8dfd87e9c54fffe1e,learner,cet2016-p087-r14-c4,listed_related,,literal
cet4-w-207f71cc7d5dc6947e46,lease,cet2016-p087-r15-c1,headword,,literal
cet4-w-a3b4f15cd5bdd8bdd263,least,cet2016-p087-r16-c1,headword,,literal
cet4-w-8626e3a8f0cac9c9b250,leather,cet2016-p087-r17-c1,headword,,literal
cet4-w-d8bb29b437fc7ea56e17,leave,cet2016-p087-r18-c1,headword,,literal
cet4-w-7ce5226a5bafca5462e8,lecture,cet2016-p087-r19-c1,headword,,literal
cet4-w-43aa9de489a1cbe8335d,lecturer,cet2016-p087-r19-c2,listed_related,,literal
cet4-w-099c2b502dfe15f90e44,left,cet2016-p087-r20-c1,headword,,literal
cet4-w-156bc10c22f217bf7775,leftist,cet2016-p087-r20-c2,listed_related,,literal
cet4-w-7d331a811ff05ac47836,leg,cet2016-p087-r21-c1,headword,,literal
cet4-w-ee1fb32fd1af1b24d1c4,legal,cet2016-p087-r23-c1,headword,,literal
cet4-w-716c66a4b71e4d4409be,legalize,cet2016-p087-r23-c2,listed_related,,orthographic
cet4-w-b31af463c0078042a58c,legend,cet2016-p087-r24-c1,headword,,literal
cet4-w-64d6cf6d233a40bace8b,legendary,cet2016-p087-r24-c2,listed_related,,literal
cet4-w-d766c386870c7ea9ee17,legislate,cet2016-p087-r25-c1,headword,,literal
cet4-w-65256a4bac007ed401a6,legislation,cet2016-p087-r25-c2,listed_related,,literal
cet4-w-b3a8cb6db5cb3bd06772,legislative,cet2016-p087-r25-c3,listed_related,,literal
cet4-w-2d575fc21cef991e5981,legislator,cet2016-p087-r25-c4,listed_related,,literal
cet4-w-3c5a33ee0bc74d6d7711,leisure,cet2016-p087-r27-c1,headword,,literal
cet4-w-2f6abd6e96f661c8e020,leisurely,cet2016-p087-r27-c2,listed_related,,literal
cet4-w-b3862552ccb8837351ac,lemon,cet2016-p087-r28-c1,headword,,literal
cet4-w-5ddc43a3cc5e6437e6de,lemonade,cet2016-p087-r28-c2,listed_related,,literal
cet4-w-b157425a327a5178afbc,lend,cet2016-p087-r29-c1,headword,,literal
cet4-w-7dc9267bcc4b490452fd,lens,cet2016-p087-r31-c1,headword,,literal
cet4-w-66f83f433b117ca1a689,less,cet2016-p087-r33-c1,headword,,literal
cet4-w-a2b0e88004d8ddf96905,lesson,cet2016-p087-r34-c1,headword,,literal
cet4-w-397ecf92bdd16c4a79a4,lest,cet2016-p087-r35-c1,headword,,literal
cet4-w-c2a30731777416a69854,let,cet2016-p087-r36-c1,headword,,literal
cet4-w-f4fa19c1f6bf26940fd1,letter,cet2016-p087-r37-c1,headword,,literal
cet4-w-f8a9aecaeda029e1e79a,level,cet2016-p087-r38-c1,headword,,literal
cet4-w-37d475e23eba56f2a9d1,liable,cet2016-p087-r41-c1,headword,,literal
cet4-w-d1f7ec74d5f0c8a4ebd8,liability,cet2016-p087-r41-c2,listed_related,,literal
cet4-w-a3206edd409355a0ee76,liberal,cet2016-p087-r42-c1,headword,,literal
cet4-w-4c5288758b4b96c1d04d,liberate,cet2016-p088-r01-c1,headword,,literal
cet4-w-9fe86ce9c48bd7b131a0,liberation,cet2016-p088-r01-c2,listed_related,,literal
cet4-w-6279841a52ceb94f2c55,liberty,cet2016-p088-r02-c1,headword,,literal
cet4-w-613f80b3dffd9108fff2,library,cet2016-p088-r03-c1,headword,,literal
cet4-w-717c2138528ff81383f7,librarian,cet2016-p088-r03-c2,listed_related,,literal
cet4-w-8574d36b0509c2e5148f,license,cet2016-p088-r04-c1,headword,,orthographic
cet4-w-edd000def3bd58bd6c11,lick,cet2016-p088-r05-c1,headword,,literal
cet4-w-f4dc1c87820879cf7aee,lid,cet2016-p088-r06-c1,headword,,literal
cet4-w-e4047d04a0d729f9bdaf,lie,cet2016-p088-r07-c1,headword,1,literal
cet4-w-c901718c5d25debbca06,liar,cet2016-p088-r07-c2,listed_related,,literal
cet4-w-e4047d04a0d729f9bdaf,lie,cet2016-p088-r08-c1,headword,2,literal
cet4-w-0533c47c40ae485b8f0d,life,cet2016-p088-r10-c1,headword,,literal
cet4-w-601dbbda45a63600b3a3,lift,cet2016-p088-r11-c1,headword,,literal
cet4-w-94b6ff62e47f6e805197,light,cet2016-p088-r12-c1,headword,1,literal
cet4-w-e946b1890e1037dbfab4,lighting,cet2016-p088-r12-c2,listed_related,,literal
cet4-w-94b6ff62e47f6e805197,light,cet2016-p088-r13-c1,headword,2,literal
cet4-w-3e0517a3772419774dae,lightning,cet2016-p088-r14-c1,headword,,literal
cet4-w-7036e4a1898ab194d2bb,like,cet2016-p088-r15-c1,headword,1,literal
cet4-w-7036e4a1898ab194d2bb,like,cet2016-p088-r16-c1,headword,2,literal
cet4-w-e360f9e98ebe2e7ea7b3,likely,cet2016-p088-r16-c2,listed_related,,literal
cet4-w-7de78f98e1505eb0534e,likelihood,cet2016-p088-r16-c3,listed_related,,literal
cet4-w-8db42bc524ca7df03616,likewise,cet2016-p088-r17-c1,headword,,literal
cet4-w-a8aef363e57ac8739637,lily,cet2016-p088-r18-c1,headword,,literal
cet4-w-857b0ca4b193e7399770,limb,cet2016-p088-r19-c1,headword,,literal
cet4-w-cfe08811373e7aa527be,limit,cet2016-p088-r22-c1,headword,,literal
cet4-w-efd13d8414df09e20af4,limitation,cet2016-p088-r22-c2,listed_related,,literal
cet4-w-0312f9f2afc8eb5f7025,limited,cet2016-p088-r22-c3,listed_related,,literal
cet4-w-6e1b3be60836834a0d11,line,cet2016-p088-r24-c1,headword,,literal
cet4-w-62dbc0f58a00647bffd4,linear,cet2016-p088-r24-c2,listed_related,,literal
cet4-w-aef282e97b796e1b5dd3,link,cet2016-p088-r29-c1,headword,,literal
cet4-w-2f1e3a9592c6531de577,linkage,cet2016-p088-r29-c2,listed_related,,literal
cet4-w-6bed76d99fd44a144bee,lion,cet2016-p088-r30-c1,headword,,literal
cet4-w-c3108cae0ae182f90428,lioness,cet2016-p088-r30-c2,listed_related,,literal
cet4-w-5d02db79b7f01b04b38e,lip,cet2016-p088-r31-c1,headword,,literal
cet4-w-ade06892ddd24735058e,liquid,cet2016-p088-r33-c1,headword,,literal
cet4-w-e36a054c93b1ec0d367b,liquor,cet2016-p088-r34-c1,headword,,literal
cet4-w-71347878c53e309e51a0,list,cet2016-p088-r35-c1,headword,,literal
cet4-w-02144c27d7038f688e2b,listen,cet2016-p088-r36-c1,headword,,literal
cet4-w-26aeb4f0869dbb39dc9e,listener,cet2016-p088-r36-c2,listed_related,,literal
cet4-w-a797c6fe60b9b5abd35a,liter,cet2016-p088-r37-c1,headword,,orthographic
cet4-w-7b2c9caad5c937423b50,literal,cet2016-p088-r38-c1,headword,,literal
cet4-w-0681d294a31a9017c5c7,literally,cet2016-p088-r38-c2,listed_related,,literal
cet4-w-869160b6af4bb63b2c3e,literary,cet2016-p088-r39-c1,headword,,literal
cet4-w-6319544373f81638084b,literature,cet2016-p088-r39-c2,listed_related,,literal
cet4-w-e9a7891aa5f1f8952439,literate,cet2016-p088-r39-c3,listed_related,,literal
cet4-w-d97bf93a3dda01d7d351,literacy,cet2016-p088-r39-c4,listed_related,,literal
cet4-w-6c2409beff88e13c0cbf,litter,cet2016-p088-r40-c1,headword,,literal
cet4-w-87ad3637ec8f453a44e6,little,cet2016-p088-r41-c1,headword,,literal
cet4-w-cc232b788ec767c2b38b,live,cet2016-p088-r42-c1,headword,1,literal
cet4-w-fedc8659e09758a3b1ff,living,cet2016-p088-r42-c2,listed_related,,literal
cet4-w-cc232b788ec767c2b38b,live,cet2016-p089-r01-c1,headword,2,literal
cet4-w-571e2304b9559b7bd1c7,livelihood,cet2016-p089-r02-c1,headword,,literal
cet4-w-546a5f6f752ee6367a22,lively,cet2016-p089-r03-c1,headword,,literal
cet4-w-f9235532f22b94813e0e,liver,cet2016-p089-r04-c1,headword,,literal
cet4-w-6a06a6b86ff12cf30127,living-room,cet2016-p089-r06-c1,headword,,literal
cet4-w-aee7a96fd58d562bc49a,load,cet2016-p089-r07-c1,headword,,literal
cet4-w-792c4b3e5db8223d8ed3,loaf,cet2016-p089-r08-c1,headword,,literal
cet4-w-c5f90da5720177cfc37f,loan,cet2016-p089-r09-c1,headword,,literal
cet4-w-5a8c1b42837ffb494762,lobby,cet2016-p089-r10-c1,headword,,literal
cet4-w-2f347db7bc0da4c4c40f,lobbyist,cet2016-p089-r10-c2,listed_related,,literal
cet4-w-4bccdc4209c4c5ed460e,local,cet2016-p089-r11-c1,headword,,literal
cet4-w-7f33c7011fff1a42784d,locality,cet2016-p089-r11-c2,listed_related,,literal
cet4-w-8fe2cdee80ba1b0ef62c,locate,cet2016-p089-r12-c1,headword,,literal
cet4-w-aef22dfedef8f581c271,location,cet2016-p089-r12-c2,listed_related,,literal
cet4-w-871662eb4e212d8e08a8,lock,cet2016-p089-r13-c1,headword,,literal
cet4-w-d933fcdee5431a1885a2,locker,cet2016-p089-r13-c2,listed_related,,literal
cet4-w-351aa68a0c44546698bc,lodge,cet2016-p089-r15-c1,headword,,literal
cet4-w-3aa6f265dc543e463697,lodging,cet2016-p089-r15-c2,listed_related,,literal
cet4-w-623d7e0d27531fed08f2,log,cet2016-p089-r17-c1,headword,,literal
cet4-w-3ee656807acd169c04aa,logic,cet2016-p089-r18-c1,headword,,literal
cet4-w-a9de2611a19be525d74d,logical,cet2016-p089-r18-c2,listed_related,,literal
cet4-w-6361feb83cd6b48c7f0d,logo,cet2016-p089-r20-c1,headword,,literal
cet4-w-620c838028bfc34d44e5,lonely,cet2016-p089-r21-c1,headword,,literal
cet4-w-a4d19a733ded7f0c6406,loneliness,cet2016-p089-r21-c2,listed_related,,literal
cet4-w-4dabed8adb49510992bd,long,cet2016-p089-r22-c1,headword,1,literal
cet4-w-322f63e067d441b96bcc,length,cet2016-p089-r22-c2,listed_related,,literal
cet4-w-fbbda38b0240162d089d,lengthy,cet2016-p089-r22-c3,listed_related,,literal
cet4-w-4dabed8adb49510992bd,long,cet2016-p089-r23-c1,headword,2,literal
cet4-w-82a1664c4af5a87b9ac3,look,cet2016-p089-r26-c1,headword,,literal
cet4-w-0e1e60dfc2149166b4ad,loophole,cet2016-p089-r29-c1,headword,,literal
cet4-w-bbc087ce9b9e4e9bdb5d,loose,cet2016-p089-r30-c1,headword,,literal
cet4-w-a853b88b0c775aa4e4b3,loosen,cet2016-p089-r30-c2,listed_related,,literal
cet4-w-22de045e2f753ae8b03b,lord,cet2016-p089-r32-c1,headword,,literal
cet4-w-b9f2ae44db291e77517e,lorry,cet2016-p089-r33-c1,headword,,literal
cet4-w-ce6211d16cb3c480c55c,lose,cet2016-p089-r34-c1,headword,,literal
cet4-w-14980ebc37e9f3423862,loss,cet2016-p089-r34-c2,listed_related,,literal
cet4-w-6e9c102acf6f18b5bdaa,lot,cet2016-p089-r35-c1,headword,,literal
cet4-w-f1ba1304656d090e9d2f,loud,cet2016-p089-r38-c1,headword,,literal
cet4-w-153452808cb45d6a73fa,loudly,cet2016-p089-r38-c2,listed_related,,literal
cet4-w-13eddc333b60b35cfb14,love,cet2016-p089-r40-c1,headword,,literal
cet4-w-79e8cbbc19c0a8e5fb50,lovely,cet2016-p089-r40-c2,listed_related,,literal
cet4-w-ffa07ac6637e130ff29c,lover,cet2016-p089-r40-c3,listed_related,,literal
cet4-w-2ebfc07ff715b09913f7,low,cet2016-p089-r41-c1,headword,,literal
cet4-w-cf6fab02898bc07fd3c8,lower,cet2016-p089-r41-c2,listed_related,,literal
cet4-w-ef2ea506f80689c95ca5,loyal,cet2016-p089-r42-c1,headword,,literal
cet4-w-933a585f1ab5b800f4fb,loyalty,cet2016-p089-r42-c2,listed_related,,literal
cet4-w-00156789289d3ce29951,luck,cet2016-p090-r02-c1,headword,,literal
cet4-w-3f997b94a200ee13d1f5,lucky,cet2016-p090-r02-c2,listed_related,,literal
cet4-w-76e484bbc0f001e1bbc6,luggage,cet2016-p090-r04-c1,headword,,literal
cet4-w-7ad9feef06c35b2a167e,lump,cet2016-p090-r06-c1,headword,,literal
cet4-w-014fdadf251bbefd8309,lunar,cet2016-p090-r07-c1,headword,,literal
cet4-w-a379f71baedfd11b4e07,lunch,cet2016-p090-r08-c1,headword,,literal
cet4-w-efc4b7d17ea93bf71dfd,luncheon,cet2016-p090-r08-c2,listed_related,,literal
cet4-w-b8ba7913b74e1a599cbb,lung,cet2016-p090-r09-c1,headword,,literal
cet4-w-592793ac059aa704300a,luxury,cet2016-p090-r11-c1,headword,,literal
cet4-w-08a93a648c000fe724e0,luxurious,cet2016-p090-r11-c2,listed_related,,literal
cet4-w-e239ab994128d11d1fdd,machine,cet2016-p090-r13-c1,headword,,literal
cet4-w-ae41ea977cf6aad7ab03,machinery,cet2016-p090-r13-c2,listed_related,,literal
cet4-w-935293f05de02c57d46a,mad,cet2016-p090-r14-c1,headword,,literal
cet4-w-dd8a7865d52f80681509,madden,cet2016-p090-r14-c2,listed_related,,literal
cet4-w-e845281567344b972491,madam,cet2016-p090-r15-c1,headword,,literal
cet4-w-8da2dc15f21fb80215d3,magazine,cet2016-p090-r16-c1,headword,,literal
cet4-w-02f5a4205c2d41fed9ac,magic,cet2016-p090-r17-c1,headword,,literal
cet4-w-dcf3802d2bce2e9a436d,magical,cet2016-p090-r17-c2,listed_related,,literal
cet4-w-1ab3d2c92069bc7dcf0b,magnet,cet2016-p090-r19-c1,headword,,literal
cet4-w-0236a02d5cbdcbabccc2,magnetic,cet2016-p090-r19-c2,listed_related,,literal
cet4-w-b485b13327ffde0f1f77,magnificent,cet2016-p090-r20-c1,headword,,literal
cet4-w-da720c6c65f8168c499b,magnificence,cet2016-p090-r20-c2,listed_related,,literal
cet4-w-0cf82ac918d4f8087e39,maid,cet2016-p090-r23-c1,headword,,literal
cet4-w-b92e49855c5cd8a30d65,maiden,cet2016-p090-r24-c1,headword,,literal
cet4-w-51fc24d12808eb71528f,mail,cet2016-p090-r25-c1,headword,,literal
cet4-w-04e015411b96c94b11bf,main,cet2016-p090-r26-c1,headword,,literal
cet4-w-d85a73b8871d360a0f78,mainland,cet2016-p090-r27-c1,headword,,literal
cet4-w-8ca2b771a70b4db4bfdf,mainstream,cet2016-p090-r28-c1,headword,,literal
cet4-w-ab271417b0cb91f43585,maintain,cet2016-p090-r29-c1,headword,,literal
cet4-w-4cf6ce89a37074e4155b,maintenance,cet2016-p090-r29-c2,listed_related,,literal
cet4-w-ec746b3a6c8e6f97cfde,major,cet2016-p090-r31-c1,headword,,literal
cet4-w-27c97a10cf0100fc3401,majority,cet2016-p090-r31-c2,listed_related,,literal
cet4-w-6bef829b4a216a0a6e73,make,cet2016-p090-r32-c1,headword,,literal
cet4-w-377cf6f9050961f8a12e,makeup,cet2016-p090-r33-c1,headword,,literal
cet4-w-b705e8dcedd307db69b4,male,cet2016-p090-r34-c1,headword,,literal
cet4-w-ff31836349ad835369ed,mall,cet2016-p090-r37-c1,headword,,literal
cet4-w-14778df5f37fb2fa9a13,mammal,cet2016-p090-r39-c1,headword,,literal
cet4-w-a2b60c28f31ba49716e7,man,cet2016-p090-r40-c1,headword,,literal
cet4-w-dea2b40d8c814aa93f1a,manly,cet2016-p090-r40-c2,listed_related,,literal
cet4-w-9f35872ade1d336bb7a7,manhood,cet2016-p090-r40-c3,listed_related,,literal
cet4-w-8b40d013319fe1c1b54a,manage,cet2016-p090-r41-c1,headword,,literal
cet4-w-62aa0644d069a54653aa,management,cet2016-p090-r41-c2,listed_related,,literal
cet4-w-a11bb9bad3866f0612e5,manager,cet2016-p090-r41-c3,listed_related,,literal
cet4-w-9db44496b76c4f67499c,managerial,cet2016-p090-r41-c4,listed_related,,literal
cet4-w-0c4e4a7d799feb432d86,manipulate,cet2016-p091-r03-c1,headword,,literal
cet4-w-773ac75f9fdc12ca2949,manipulation,cet2016-p091-r03-c2,listed_related,,literal
cet4-w-32d4cc032dd8e92730cd,manipulative,cet2016-p091-r03-c3,listed_related,,literal
cet4-w-b8c772ce05fdc893dfa8,mankind,cet2016-p091-r04-c1,headword,,literal
cet4-w-75636021ad6f1e4ef527,manner,cet2016-p091-r05-c1,headword,,literal
cet4-w-8adaf3f479a7827b9d65,manual,cet2016-p091-r07-c1,headword,,literal
cet4-w-eb44a3c9cc92e7b5e517,manufacture,cet2016-p091-r08-c1,headword,,literal
cet4-w-e9673d55a16f70e70a3b,manufacturer,cet2016-p091-r08-c2,listed_related,,literal
cet4-w-7c928429ce81972ec924,many,cet2016-p091-r10-c1,headword,,literal
cet4-w-92b9f5f948e32e3e6534,map,cet2016-p091-r11-c1,headword,,literal
cet4-w-488a559813e4e25eea42,marathon,cet2016-p091-r13-c1,headword,,literal
cet4-w-010a0041daa4573239cd,March,cet2016-p091-r15-c1,headword,,literal
cet4-w-010a0041daa4573239cd,March,cet2016-p091-r16-c1,headword,,literal
cet4-w-b693ad61db3e365b3984,margin,cet2016-p091-r17-c1,headword,,literal
cet4-w-243980bc93a58adf1eaa,marginal,cet2016-p091-r17-c2,listed_related,,literal
cet4-w-c4ccde275f95a3f42bea,marine,cet2016-p091-r18-c1,headword,,literal
cet4-w-f3b29d8b930f19b8583b,mark,cet2016-p091-r20-c1,headword,,literal
cet4-w-eca9283e1cf9fa855bd7,market,cet2016-p091-r21-c1,headword,,literal
cet4-w-e6e797535ce198358805,marketing,cet2016-p091-r21-c2,listed_related,,literal
cet4-w-982ba8e39974bfa1a35b,marry,cet2016-p091-r22-c1,headword,,literal
cet4-w-de3ddcbb564a6fe42d60,marriage,cet2016-p091-r22-c2,listed_related,,literal
cet4-w-a719d6033b2bc74afad4,marital,cet2016-p091-r22-c3,listed_related,,literal
cet4-w-67decc135d808751569b,marsh,cet2016-p091-r23-c1,headword,,literal
cet4-w-3f58a3c98b421ec0f6f3,marshal,cet2016-p091-r24-c1,headword,,literal
cet4-w-15694a919af2dee2d152,marvel,cet2016-p091-r26-c1,headword,,literal
cet4-w-a208bf2cf07eefbda9bd,marvelous,cet2016-p091-r26-c2,listed_related,,orthographic
cet4-w-8ae5e7b857ded5d4391c,Marxism,cet2016-p091-r27-c1,headword,,literal
cet4-w-38fcf9261404bd520aed,Marxist,cet2016-p091-r27-c2,listed_related,,literal
cet4-w-b204b93d163318348150,mask,cet2016-p091-r29-c1,headword,,literal
cet4-w-9e1b8ab2f02bfddbec78,mass,cet2016-p091-r30-c1,headword,,literal
cet4-w-b506892e5dbdeb47da13,massive,cet2016-p091-r30-c2,listed_related,,literal
cet4-w-aaceb301766e5ecc0d90,massage,cet2016-p091-r32-c1,headword,,literal
cet4-w-a34c24da14411033a853,master,cet2016-p091-r33-c1,headword,,literal
cet4-w-986d3ae70778f9c2c61a,mastery,cet2016-p091-r33-c2,listed_related,,literal
cet4-w-039e357dfc24f584556f,masterpiece,cet2016-p091-r34-c1,headword,,literal
cet4-w-77c662f6544be4bd16eb,mat,cet2016-p091-r35-c1,headword,,literal
cet4-w-7a8ffe5d8153eb02a164,match,cet2016-p091-r36-c1,headword,,literal
cet4-w-e96d0fd75e5a574145cc,mate,cet2016-p091-r37-c1,headword,,literal
cet4-w-434ecfcfc78f59a55d78,material,cet2016-p091-r38-c1,headword,,literal
cet4-w-11c0c48d077323ec36ba,materialism,cet2016-p091-r38-c2,listed_related,,literal
cet4-w-5d12a62264b980764ebd,materialist,cet2016-p091-r38-c3,listed_related,,literal
cet4-w-8856ab6b1272ff73e14e,materialize,cet2016-p091-r38-c4,listed_related,,orthographic
cet4-w-eee11c81fd14c965af83,math,cet2016-p091-r40-c1,headword,,mixed
cet4-w-8e6cb2d6d9a54b23db95,mathematics,cet2016-p091-r40-c1,headword,,mixed
cet4-w-d2d5646ff2a4e2fe724c,mathematical,cet2016-p091-r40-c2,listed_related,,literal
cet4-w-ec20a8c8b01db2bf811d,matter,cet2016-p091-r41-c1,headword,,literal
cet4-w-6f8afd47cf3021364b46,mature,cet2016-p091-r42-c1,headword,,literal
cet4-w-412916d81d12b36b2ac9,maturity,cet2016-p091-r42-c2,listed_related,,literal
cet4-w-754ee3de4a0933b5baee,maximum,cet2016-p092-r01-c1,headword,,literal
cet4-w-dfa44123fcedeacae028,maximize,cet2016-p092-r01-c2,listed_related,,orthographic
cet4-w-53c4a171a317be18a477,maximal,cet2016-p092-r01-c3,listed_related,,literal
cet4-w-1760f169bd4d76753937,May,cet2016-p092-r02-c1,headword,,literal
cet4-w-1760f169bd4d76753937,May,cet2016-p092-r03-c1,headword,,literal
cet4-w-c54a4f4a4a6d93b77a4d,maybe,cet2016-p092-r04-c1,headword,,literal
cet4-w-aa82bbb65147ca3d2998,mayor,cet2016-p092-r05-c1,headword,,literal
cet4-w-ce223376164244f3a30c,me,cet2016-p092-r06-c1,headword,,literal
cet4-w-43939f2fb431df7ae932,meal,cet2016-p092-r08-c1,headword,,literal
cet4-w-e9e8b878a19bbf84cc9a,mean,cet2016-p092-r09-c1,headword,1,literal
cet4-w-dcc51bd7ebc6dc650eea,meaning,cet2016-p092-r09-c2,listed_related,,literal
cet4-w-a8c2dd39d35bfe61150a,meaningful,cet2016-p092-r09-c3,listed_related,,literal
cet4-w-e9e8b878a19bbf84cc9a,mean,cet2016-p092-r10-c1,headword,2,literal
cet4-w-e9e8b878a19bbf84cc9a,mean,cet2016-p092-r11-c1,headword,3,literal
cet4-w-c591527a740d890f968e,means,cet2016-p092-r12-c1,headword,,literal
cet4-w-d22c056c8e233f22dc31,meantime,cet2016-p092-r13-c1,headword,,literal
cet4-w-dfbe6886a01362a445e4,meanwhile,cet2016-p092-r14-c1,headword,,literal
cet4-w-b0fc9bc1afd95f4faaf7,measure,cet2016-p092-r15-c1,headword,,literal
cet4-w-9bfab551116f66a0b03f,measurement,cet2016-p092-r15-c2,listed_related,,literal
cet4-w-b7ddfa472f04bc4e340a,measurable,cet2016-p092-r15-c3,listed_related,,literal
cet4-w-10d1b1284dadd86b8f09,meat,cet2016-p092-r16-c1,headword,,literal
cet4-w-0c59e5bc78381228da51,meaty,cet2016-p092-r16-c2,listed_related,,literal
cet4-w-eda2c9c73cb6eb9500d9,mechanic,cet2016-p092-r17-c1,headword,,literal
cet4-w-c310ab69faa042fee0bc,mechanical,cet2016-p092-r17-c2,listed_related,,literal
cet4-w-3018c1abc3106407ea79,mechanics,cet2016-p092-r17-c3,listed_related,,literal
cet4-w-e4fcc58754450ae23618,mechanism,cet2016-p092-r17-c4,listed_related,,literal
cet4-w-c47341f667da1f7ea33e,mechanize,cet2016-p092-r18-c1,headword,,orthographic
cet4-w-55f12824ae5ef9dff3e2,mechanization,cet2016-p092-r18-c2,listed_related,,orthographic
cet4-w-87c96fac42cac1daa9be,medal,cet2016-p092-r19-c1,headword,,literal
cet4-w-0e0734ec2e83d8bed766,medical,cet2016-p092-r21-c1,headword,,literal
cet4-w-1282fb5ef0a9fc45d1fa,Medicare,cet2016-p092-r22-c1,headword,,literal
cet4-w-93294b0cf87889d5c335,medicine,cet2016-p092-r24-c1,headword,,literal
cet4-w-57b240d2f7807726e316,medicinal,cet2016-p092-r24-c2,listed_related,,literal
cet4-w-6bb7b7c1b333545141f5,medium,cet2016-p092-r26-c1,headword,,literal
cet4-w-4a3668d63ea806fe2861,media,cet2016-p092-r26-c2,listed_related,,literal
cet4-w-74140c0def21d3d95c16,meet,cet2016-p092-r27-c1,headword,,literal
cet4-w-410b5e6b5fb30ace8f33,meeting,cet2016-p092-r28-c1,headword,,literal
cet4-w-5f2e4b6b232019615cd8,melon,cet2016-p092-r30-c1,headword,,literal
cet4-w-5bf2d7df4f286b7f1cda,melt,cet2016-p092-r31-c1,headword,,literal
cet4-w-79a7c866d0f3bf134296,member,cet2016-p092-r32-c1,headword,,literal
cet4-w-8799ab24b8e114504fca,membership,cet2016-p092-r32-c2,listed_related,,literal
cet4-w-37d2df158403a8604e6d,memorandum,cet2016-p092-r33-c1,headword,,distinct_lexemes
cet4-w-14f62f36c4c981538460,memo,cet2016-p092-r33-c1,headword,,distinct_lexemes
cet4-w-6695a21003618fd387a9,memorial,cet2016-p092-r34-c1,headword,,literal
cet4-w-33809c221e2bfb745cb4,memory,cet2016-p092-r35-c1,headword,,literal
cet4-w-4eff97e7a1ac8f094dfa,memorize,cet2016-p092-r35-c2,listed_related,,orthographic
cet4-w-5fb7b70b143fad31bbd5,mend,cet2016-p092-r37-c1,headword,,literal
cet4-w-8d1f55824baf4e47c5e1,mental,cet2016-p092-r38-c1,headword,,literal
cet4-w-fd3851479ec7c915313b,mentality,cet2016-p092-r38-c2,listed_related,,literal
cet4-w-354d7efc0954f3db8800,mention,cet2016-p092-r39-c1,headword,,literal
cet4-w-4955b7bea296d780cc2b,menu,cet2016-p092-r41-c1,headword,,literal
cet4-w-a00eb494c6325063a04d,merchant,cet2016-p093-r01-c1,headword,,literal
cet4-w-881ee609bcfba7dfc9f0,mercy,cet2016-p093-r03-c1,headword,,literal
cet4-w-f684796a575f72981c0a,merciful,cet2016-p093-r03-c2,listed_related,,literal
cet4-w-f89504b0b20c222ee04f,mere,cet2016-p093-r04-c1,headword,,literal
cet4-w-caaa4d5e47626c3a7ee4,merely,cet2016-p093-r04-c2,listed_related,,literal
cet4-w-26b80827876357acf032,merit,cet2016-p093-r06-c1,headword,,literal
cet4-w-4d52701ce4e55d082498,meritorious,cet2016-p093-r06-c2,listed_related,,literal
cet4-w-82b2b6f279ff962706db,merry,cet2016-p093-r07-c1,headword,,literal
cet4-w-e4f6cdc0df6de42e3602,merriment,cet2016-p093-r07-c2,listed_related,,literal
cet4-w-98419f16a9177ee624df,mess,cet2016-p093-r08-c1,headword,,literal
cet4-w-5896fbb7396c2d7ea087,messy,cet2016-p093-r08-c2,listed_related,,literal
cet4-w-0ae693a119ae82846eb2,message,cet2016-p093-r09-c1,headword,,literal
cet4-w-7a8c434c2792a80aba9b,messenger,cet2016-p093-r09-c2,listed_related,,literal
cet4-w-0d7fbfab7b0cb7236142,metal,cet2016-p093-r11-c1,headword,,literal
cet4-w-7611b227bf51e8274e5d,metallic,cet2016-p093-r11-c2,listed_related,,literal
cet4-w-7b2fc9981d79d26bd9d6,meter,cet2016-p093-r13-c1,headword,,orthographic
cet4-w-9fcf6f7120d1ae37bb6f,metric,cet2016-p093-r13-c2,listed_related,,literal
cet4-w-1df1d26e21b27e2a9fcd,method,cet2016-p093-r14-c1,headword,,literal
cet4-w-f08ac15b177028efac0f,methodical,cet2016-p093-r14-c2,listed_related,,literal
cet4-w-f78902e20436656b2fcc,methodology,cet2016-p093-r14-c3,listed_related,,literal
cet4-w-4c13141942f286786a1c,metro,cet2016-p093-r16-c1,headword,,literal
cet4-w-27c25a6fb76e85c38c48,microphone,cet2016-p093-r18-c1,headword,,literal
cet4-w-0208af7cf6c8c849d503,microscope,cet2016-p093-r19-c1,headword,,literal
cet4-w-9fc038d1dde8e6b3109c,microscopic,cet2016-p093-r19-c2,listed_related,,literal
cet4-w-d7f8edc836384b33c235,microwave,cet2016-p093-r20-c1,headword,,literal
cet4-w-bff4aea49aafe87440e5,microwavable,cet2016-p093-r20-c2,listed_related,,literal
cet4-w-5ff5540dec9588f5bfd8,midday,cet2016-p093-r21-c1,headword,,literal
cet4-w-d0369346bd92257e0644,middle,cet2016-p093-r22-c1,headword,,literal
cet4-w-8036a1bc18845b067b5b,middle-class,cet2016-p093-r23-c1,headword,,literal
cet4-w-60751f17e825c3ebceff,midnight,cet2016-p093-r24-c1,headword,,literal
cet4-w-06bc9bc3698321a48d23,might,cet2016-p093-r27-c1,headword,,literal
cet4-w-cde70d4ae7b1ed247d9d,mighty,cet2016-p093-r27-c2,listed_related,,literal
cet4-w-540ffbc9128d8f7e6c60,migrate,cet2016-p093-r28-c1,headword,,literal
cet4-w-c7eb9786343b3cec59c5,migration,cet2016-p093-r28-c2,listed_related,,literal
cet4-w-cc2ed01472dc4b245a06,migrant,cet2016-p093-r28-c3,listed_related,,literal
cet4-w-41b66748e9c280c48e2f,mild,cet2016-p093-r29-c1,headword,,literal
cet4-w-d4270d85b88aaf1ab810,mile,cet2016-p093-r30-c1,headword,,literal
cet4-w-05e90f3c8a14486294f3,mileage,cet2016-p093-r30-c2,listed_related,,literal
cet4-w-dd53c76f48f811137727,military,cet2016-p093-r33-c1,headword,,literal
cet4-w-55d7b088a3134c325043,milk,cet2016-p093-r35-c1,headword,,literal
cet4-w-c27eeec2913ea756d357,milky,cet2016-p093-r35-c2,listed_related,,literal
cet4-w-84f3c4bff02695d30729,mill,cet2016-p093-r36-c1,headword,,literal
cet4-w-ad08b4ca051165732c42,millimeter,cet2016-p093-r37-c1,headword,,orthographic
cet4-w-800599577d718b13196d,million,cet2016-p093-r38-c1,headword,,literal
cet4-w-23239f6db59590c49568,millionaire,cet2016-p093-r38-c2,listed_related,,literal
cet4-w-ee5c082c6c4d64023956,mind,cet2016-p093-r39-c1,headword,,literal
cet4-w-01870ed727d661dfa2df,mine,cet2016-p093-r41-c1,headword,1,literal
cet4-w-01870ed727d661dfa2df,mine,cet2016-p093-r42-c1,headword,2,literal
cet4-w-15ab3a31db8ae83d41df,mineral,cet2016-p093-r42-c2,listed_related,,literal
cet4-w-132e12c23e7b1f992e95,mining,cet2016-p093-r42-c3,listed_related,,literal
cet4-w-01870ed727d661dfa2df,mine,cet2016-p094-r01-c1,headword,3,literal
cet4-w-0f836d4d3c62af8b3911,minimum,cet2016-p094-r04-c1,headword,,literal
cet4-w-62dd2b959e3414f89f91,minimal,cet2016-p094-r04-c2,listed_related,,literal
cet4-w-fd36f3f89b2e125868ba,minimize,cet2016-p094-r04-c3,listed_related,,orthographic
cet4-w-d18789b35360722d1f35,minister,cet2016-p094-r05-c1,headword,,literal
cet4-w-17591da0b28a9024ae61,ministry,cet2016-p094-r05-c2,listed_related,,literal
cet4-w-4db0151d6996f3c8c448,ministerial,cet2016-p094-r05-c3,listed_related,,literal
cet4-w-87fc0be235b638855e08,minor,cet2016-p094-r06-c1,headword,,literal
cet4-w-2f3d5752eec0af2f44fb,minority,cet2016-p094-r06-c2,listed_related,,literal
cet4-w-720cf86a52454e687fd0,minus,cet2016-p094-r08-c1,headword,,literal
cet4-w-7e9ae77942f7178553b1,minute,cet2016-p094-r09-c1,headword,1,literal
cet4-w-7e9ae77942f7178553b1,minute,cet2016-p094-r10-c1,headword,2,literal
cet4-w-0870a26e015fecee2c9d,miracle,cet2016-p094-r11-c1,headword,,literal
cet4-w-bf47c150d86bd4e4a24f,miraculous,cet2016-p094-r11-c2,listed_related,,literal
cet4-w-c2b981b1c69988c22d8d,mirror,cet2016-p094-r12-c1,headword,,literal
cet4-w-1e63c66314844b58ce9a,miserable,cet2016-p094-r13-c1,headword,,literal
cet4-w-1a81cc35d1f73932c2af,misery,cet2016-p094-r13-c2,listed_related,,literal
cet4-w-ae2e8d3007e55188c21a,misfortune,cet2016-p094-r14-c1,headword,,literal
cet4-w-17d19f0ad2f658fb113a,mislead,cet2016-p094-r15-c1,headword,,literal
cet4-w-09a54f950ec4c5364ef9,misleading,cet2016-p094-r15-c2,listed_related,,literal
cet4-w-2dd0197ffdc22df85ba6,miss,cet2016-p094-r16-c1,headword,1,literal
cet4-w-2dd0197ffdc22df85ba6,miss,cet2016-p094-r17-c1,headword,2,literal
cet4-w-370278f3cc5ad0c53152,missile,cet2016-p094-r18-c1,headword,,literal
cet4-w-2951f66b6d2dbd227e34,missing,cet2016-p094-r19-c1,headword,,literal
cet4-w-4ee402a623ab72da9482,mission,cet2016-p094-r20-c1,headword,,literal
cet4-w-23e4c4e829be83f0f5e7,mist,cet2016-p094-r22-c1,headword,,literal
cet4-w-13086b70037fb3c165c0,misty,cet2016-p094-r22-c2,listed_related,,literal
cet4-w-d9fe14ee6376ab274468,mistake,cet2016-p094-r23-c1,headword,,literal
cet4-w-85c297570918277162a6,mistaken,cet2016-p094-r23-c2,listed_related,,literal
cet4-w-5b3029c5328ba38c716c,mister,cet2016-p094-r24-c1,headword,,literal
cet4-w-bc4cc2b96605583d7fcd,mistress,cet2016-p094-r25-c1,headword,,literal
cet4-w-fe276e0300ebe5168614,misunderstand,cet2016-p094-r26-c1,headword,,literal
cet4-w-7296b2a783e60d77d6df,misunderstanding,cet2016-p094-r26-c2,listed_related,,literal
cet4-w-792ef1b863121304f228,mix,cet2016-p094-r27-c1,headword,,literal
cet4-w-d68ffb009535ea8f639c,mixture,cet2016-p094-r27-c2,listed_related,,literal
cet4-w-6b450c9f39c52681383f,mixer,cet2016-p094-r27-c3,listed_related,,literal
cet4-w-c82894ad8a13e9fad9a3,mobile,cet2016-p094-r29-c1,headword,,literal
cet4-w-80b25b6bcadb06533f75,mode,cet2016-p094-r32-c1,headword,,literal
cet4-w-3d9836099af1ab9f379a,model,cet2016-p094-r33-c1,headword,,literal
cet4-w-8bbdcc7074ba0257634f,moderate,cet2016-p094-r34-c1,headword,,literal
cet4-w-c72b6e5da96b70113329,moderation,cet2016-p094-r34-c2,listed_related,,literal
cet4-w-4621034e69a6c9f9a4cd,moderator,cet2016-p094-r34-c3,listed_related,,literal
cet4-w-e366a0bb20f4bebf16cb,modern,cet2016-p094-r35-c1,headword,,literal
cet4-w-95725cc2bedc56edc939,modernize,cet2016-p094-r35-c2,listed_related,,orthographic
cet4-w-2ee39dafc9fae15aab9d,modernization,cet2016-p094-r35-c3,listed_related,,orthographic
cet4-w-ae5869d28bbe12b1ea80,modest,cet2016-p094-r36-c1,headword,,literal
cet4-w-13d356e424b228723e62,modesty,cet2016-p094-r36-c2,listed_related,,literal
cet4-w-b4192ae140cac268b212,modify,cet2016-p094-r37-c1,headword,,literal
cet4-w-275a0d5b855e3c2a429f,modification,cet2016-p094-r37-c2,listed_related,,literal
cet4-w-6fd74e98bcbd53ee59d7,modifier,cet2016-p094-r37-c3,listed_related,,literal
cet4-w-5950a569e60387894130,moist,cet2016-p094-r38-c1,headword,,literal
cet4-w-49d85415900ae77ca88e,moisture,cet2016-p094-r38-c2,listed_related,,literal
cet4-w-7c7392f8975a1e8240bf,mold,cet2016-p094-r39-c1,headword,,orthographic
cet4-w-b0dd8518bfb80d806723,moldy,cet2016-p094-r39-c2,listed_related,,orthographic
cet4-w-c4ae34e4d8ab0b5a8a14,mom,cet2016-p094-r41-c1,headword,,distinct_lexemes
cet4-w-79063717dad04b7cd340,mommy,cet2016-p094-r41-c1,headword,,distinct_lexemes
cet4-w-72901efd10ce8e327445,moment,cet2016-p094-r42-c1,headword,,literal
cet4-w-8e85ce484ab7f1d5d1b2,momentary,cet2016-p094-r42-c2,listed_related,,literal
cet4-w-406482c44fa0be51f75a,momentarily,cet2016-p094-r42-c3,listed_related,,literal
cet4-w-f5ed9e3d6e90e77bbd35,Monday,cet2016-p095-r03-c1,headword,,literal
cet4-w-4127670fbe242065dc1b,money,cet2016-p095-r04-c1,headword,,literal
cet4-w-4eb4a3613463f89b2dfd,monetary,cet2016-p095-r04-c2,listed_related,,literal
cet4-w-a86189a49786cf29d235,monitor,cet2016-p095-r05-c1,headword,,literal
cet4-w-21e38e6c45c04c4110dd,monkey,cet2016-p095-r06-c1,headword,,literal
cet4-w-c26e109083909b571826,monster,cet2016-p095-r09-c1,headword,,literal
cet4-w-bc2675ecac1bf3fb3c29,monstrous,cet2016-p095-r09-c2,listed_related,,literal
cet4-w-fd7f7944850171f5590c,month,cet2016-p095-r10-c1,headword,,literal
cet4-w-ba951d5eec740ef6993a,monthly,cet2016-p095-r10-c2,listed_related,,literal
cet4-w-f60113c573c0d4893597,monument,cet2016-p095-r11-c1,headword,,literal
cet4-w-f9a99de75a99a573504a,monumental,cet2016-p095-r11-c2,listed_related,,literal
cet4-w-f16b74de31247ce8967c,mood,cet2016-p095-r12-c1,headword,,literal
cet4-w-f7c135917ddedb458818,moody,cet2016-p095-r12-c2,listed_related,,literal
cet4-w-5d7a4315dcb0a19c8e81,moon,cet2016-p095-r13-c1,headword,,literal
cet4-w-7018d6a119f2d62365e3,mop,cet2016-p095-r14-c1,headword,,literal
cet4-w-e03bb35f42d818f655cb,moral,cet2016-p095-r15-c1,headword,,literal
cet4-w-a23162db38ef472886de,morality,cet2016-p095-r15-c2,listed_related,,literal
cet4-w-de5640bae0df6d15ea33,more,cet2016-p095-r17-c1,headword,,literal
cet4-w-2396927da75d11a6eac0,moreover,cet2016-p095-r18-c1,headword,,literal
cet4-w-aa99f0c455c38cd61689,morning,cet2016-p095-r19-c1,headword,,literal
cet4-w-07efc8a6f799cf3de9cf,mortgage,cet2016-p095-r21-c1,headword,,literal
cet4-w-3fc299086d30985e5876,most,cet2016-p095-r23-c1,headword,,literal
cet4-w-c73395a576891c1d20bb,mostly,cet2016-p095-r23-c2,listed_related,,literal
cet4-w-3bbca525cb5dae9ed609,motel,cet2016-p095-r24-c1,headword,,literal
cet4-w-67cda47365cf2945fae0,mother,cet2016-p095-r25-c1,headword,,literal
cet4-w-5fd5face4342de48bdbc,motherly,cet2016-p095-r25-c2,listed_related,,literal
cet4-w-d1701caabb455e80a975,motion,cet2016-p095-r26-c1,headword,,literal
cet4-w-4dd8acb5c9426d21d6cb,motivate,cet2016-p095-r27-c1,headword,,literal
cet4-w-9409d2b2936125dd833d,motivation,cet2016-p095-r27-c2,listed_related,,literal
cet4-w-8e75a1a9694b2ae6d533,motive,cet2016-p095-r28-c1,headword,,literal
cet4-w-7cb409680e85ebbc08b7,motor,cet2016-p095-r29-c1,headword,,literal
cet4-w-b854695663f46322ca90,motorway,cet2016-p095-r30-c1,headword,,literal
cet4-w-81af1d4836ee3b1e7780,mount,cet2016-p095-r31-c1,headword,1,literal
cet4-w-402d1b7c42f48239e7fb,mounting,cet2016-p095-r31-c2,listed_related,,literal
cet4-w-81af1d4836ee3b1e7780,mount,cet2016-p095-r32-c1,headword,2,literal
cet4-w-310fa0ed7a82cf0cda48,mountain,cet2016-p095-r33-c1,headword,,literal
cet4-w-9ac5d1cfcbf693d9cc3f,mountainous,cet2016-p095-r33-c2,listed_related,,literal
cet4-w-1dd4c58c856870aeff9a,mouse,cet2016-p095-r35-c1,headword,,literal
cet4-w-9b46a136a087030a1b71,mouth,cet2016-p095-r36-c1,headword,,literal
cet4-w-a6fedc7ad6c7c9b8d7f9,mouthful,cet2016-p095-r36-c2,listed_related,,literal
cet4-w-87d6a1aac532cc8a72ac,move,cet2016-p095-r37-c1,headword,,literal
cet4-w-6f1684f134a13c0128cb,movement,cet2016-p095-r37-c2,listed_related,,literal
cet4-w-5045fa822452e8616fb9,movie,cet2016-p095-r38-c1,headword,,literal
cet4-w-c2ad1ccac6e4f62c0d25,much,cet2016-p095-r40-c1,headword,,literal
cet4-w-685bd722c22cb45aad90,mud,cet2016-p095-r41-c1,headword,,literal
cet4-w-72c1a0b3a0abfb59c0a1,muddy,cet2016-p095-r41-c2,listed_related,,literal
cet4-w-9e8c416784ba8bc56b9e,mug,cet2016-p095-r42-c1,headword,,literal
cet4-w-1ebb145410bbd68fec9d,mule,cet2016-p096-r01-c1,headword,,literal
cet4-w-a3473e21d3af4b69fba8,multiple,cet2016-p096-r03-c1,headword,,literal
cet4-w-8f2b5050505ada5f2e87,multiply,cet2016-p096-r03-c2,listed_related,,literal
cet4-w-c28c50e186ee51627770,multiplication,cet2016-p096-r03-c3,listed_related,,literal
cet4-w-78f8e3b897a72d9bd5fa,municipal,cet2016-p096-r05-c1,headword,,literal
cet4-w-c20cf0e98be475229352,municipality,cet2016-p096-r05-c2,listed_related,,literal
cet4-w-68eb11014334ac356f7a,murder,cet2016-p096-r06-c1,headword,,literal
cet4-w-9dd6d14b0c9969cd19ad,murderous,cet2016-p096-r06-c2,listed_related,,literal
cet4-w-3524bea7f31f2f0b8a47,muscle,cet2016-p096-r08-c1,headword,,literal
cet4-w-e3a016fddb3457faf228,muscular,cet2016-p096-r08-c2,listed_related,,literal
cet4-w-672ba37fd3d6b076f811,museum,cet2016-p096-r09-c1,headword,,literal
cet4-w-d222cc478f1db7f83373,mushroom,cet2016-p096-r10-c1,headword,,literal
cet4-w-4eb25ee509da78f336ef,music,cet2016-p096-r11-c1,headword,,literal
cet4-w-c6adcc076a569b6ce38c,musical,cet2016-p096-r11-c2,listed_related,,literal
cet4-w-81da823ba05786a06b88,musician,cet2016-p096-r11-c3,listed_related,,literal
cet4-w-342c5f982af261d9bc9b,must,cet2016-p096-r12-c1,headword,,literal
cet4-w-c84a12ca97576d4362b8,mutual,cet2016-p096-r15-c1,headword,,literal
cet4-w-ac9c6c4399d841276c63,my,cet2016-p096-r16-c1,headword,,literal
cet4-w-0cbf1959a0a92c992adb,myself,cet2016-p096-r17-c1,headword,,literal
cet4-w-e2fd64f7fb9b9b1a4bf8,mystery,cet2016-p096-r18-c1,headword,,literal
cet4-w-79904116558b64dc3174,mysterious,cet2016-p096-r18-c2,listed_related,,literal
cet4-w-addc3e647d3878869d8a,myth,cet2016-p096-r19-c1,headword,,literal
cet4-w-6b6959b6dc62b15f81cd,mythical,cet2016-p096-r19-c2,listed_related,,literal
cet4-w-01a9d9740ad1af89a339,mythology,cet2016-p096-r19-c3,listed_related,,literal
cet4-w-7fbd3f6350f76f9ae69c,nail,cet2016-p096-r20-c1,headword,,literal
cet4-w-540d546c2b8b81641b0a,naked,cet2016-p096-r22-c1,headword,,literal
cet4-w-7de52587d927fb2a8a4c,name,cet2016-p096-r23-c1,headword,,literal
cet4-w-e0b873b6c0bc3ea668e8,namely,cet2016-p096-r24-c1,headword,,literal
cet4-w-9b61ebf5988006d25562,nap,cet2016-p096-r25-c1,headword,,literal
cet4-w-75907434d3650f202a52,napkin,cet2016-p096-r26-c1,headword,,literal
cet4-w-095bdfc0195f61963787,narrate,cet2016-p096-r27-c1,headword,,literal
cet4-w-671fa6bcfc77568ddfe3,narration,cet2016-p096-r27-c2,listed_related,,literal
cet4-w-6e375f68231a42b96533,narrative,cet2016-p096-r27-c3,listed_related,,literal
cet4-w-6ba72d61f7c19318f09c,narrator,cet2016-p096-r27-c4,listed_related,,literal
cet4-w-b7d6cb81c70a0fb8c028,narrow,cet2016-p096-r28-c1,headword,,literal
cet4-w-ff8f95c27b537c118b55,narrowly,cet2016-p096-r28-c2,listed_related,,literal
cet4-w-7f897690b93b4f3d24fc,nasty,cet2016-p096-r29-c1,headword,,literal
cet4-w-1340277ef76cfc85471f,nation,cet2016-p096-r30-c1,headword,,literal
cet4-w-3ba058bdbef6113ae98e,national,cet2016-p096-r30-c2,listed_related,,literal
cet4-w-377119164ad50cbd2ece,nationality,cet2016-p096-r30-c3,listed_related,,literal
cet4-w-9ad31c381972d6871f07,nationalist,cet2016-p096-r30-c4,listed_related,,literal
cet4-w-0198d85fe823d142d7bf,nationalism,cet2016-p096-r30-c5,listed_related,,literal
cet4-w-c6554db19c424772f85a,nationwide,cet2016-p096-r31-c1,headword,,literal
cet4-w-cd27b09a401c5fa0ad97,native,cet2016-p096-r32-c1,headword,,literal
cet4-w-6e7d586693335ac35181,nature,cet2016-p096-r33-c1,headword,,literal
cet4-w-5d2bfed61867af92d955,natural,cet2016-p096-r33-c2,listed_related,,literal
cet4-w-903695a96bc50f66667d,naturally,cet2016-p096-r33-c3,listed_related,,literal
cet4-w-b2d1d70ad5283faa9bdb,naughty,cet2016-p096-r34-c1,headword,,literal
cet4-w-5687f84757e6e72d7ae3,navy,cet2016-p096-r36-c1,headword,,literal
cet4-w-b29d4e60aeae1aa3b87a,naval,cet2016-p096-r36-c2,listed_related,,literal
cet4-w-f2524ee58795a9fb4f6c,near,cet2016-p096-r37-c1,headword,,literal
cet4-w-4004d3e35c2b2d4d8959,nearly,cet2016-p096-r37-c2,listed_related,,literal
cet4-w-ebcc51f0d03728545693,nearby,cet2016-p096-r38-c1,headword,,literal
cet4-w-67d42f42418b2eaf1a6c,neat,cet2016-p096-r39-c1,headword,,literal
cet4-w-a49a2c5b1472dfa96a83,necessary,cet2016-p096-r40-c1,headword,,literal
cet4-w-034b66a5f356d25e3871,necessarily,cet2016-p096-r40-c2,listed_related,,literal
cet4-w-4fe42db77271ebc4afff,necessity,cet2016-p096-r41-c1,headword,,literal
cet4-w-1182305c3b853adbea12,necessitate,cet2016-p096-r41-c2,listed_related,,literal
cet4-w-576cf6276dd48175e418,neck,cet2016-p096-r42-c1,headword,,literal
cet4-w-05728fdf1d9ab0f94564,necklace,cet2016-p097-r01-c1,headword,,literal
cet4-w-ba467fdfc4fa6a3b758b,need,cet2016-p097-r02-c1,headword,,literal
cet4-w-e9b22f353deb84c2c3a7,needy,cet2016-p097-r02-c2,listed_related,,literal
cet4-w-592efbc998804ed4805b,needle,cet2016-p097-r03-c1,headword,,literal
cet4-w-b3053cfe0fa854d3d61e,negate,cet2016-p097-r04-c1,headword,,literal
cet4-w-134a64d061615ac8ddc6,negation,cet2016-p097-r04-c2,listed_related,,literal
cet4-w-201105310dda6bc19956,negative,cet2016-p097-r04-c3,listed_related,,literal
cet4-w-577d05bac5a94fe8de7b,neglect,cet2016-p097-r05-c1,headword,,literal
cet4-w-185c9e90c62f04507514,neglectful,cet2016-p097-r05-c2,listed_related,,literal
cet4-w-f1e9efe2de8c22c0052a,negotiate,cet2016-p097-r08-c1,headword,,literal
cet4-w-c9a3fa48a47cbdbeaa80,negotiation,cet2016-p097-r08-c2,listed_related,,literal
cet4-w-5539b7c5632e04fa409b,negotiable,cet2016-p097-r08-c3,listed_related,,literal
cet4-w-fea6469ec28e11caece5,neighbor,cet2016-p097-r09-c1,headword,,orthographic
cet4-w-d21a3159eabbc5a80ce9,neighborhood,cet2016-p097-r09-c2,listed_related,,orthographic
cet4-w-2f458e7dd2895bdb5070,neither,cet2016-p097-r10-c1,headword,,literal
cet4-w-fc56c8c616b25925ce8f,nephew,cet2016-p097-r11-c1,headword,,literal
cet4-w-a14e221fa5f9f5a94613,nerve,cet2016-p097-r12-c1,headword,,literal
cet4-w-e99b4690425c998121f6,nervous,cet2016-p097-r12-c2,listed_related,,literal
cet4-w-d792d505f0b68a7f1809,nest,cet2016-p097-r13-c1,headword,,literal
cet4-w-f62cb5f609182c8534d9,net,cet2016-p097-r14-c1,headword,,literal
cet4-w-8be8e79fd166f596b7eb,network,cet2016-p097-r15-c1,headword,,literal
cet4-w-65cd27db40c741faafc8,networking,cet2016-p097-r15-c2,listed_related,,literal
cet4-w-ee1f2d5a92cfa67b7860,neutral,cet2016-p097-r16-c1,headword,,literal
cet4-w-5efc1815f36a581e70d0,neutrality,cet2016-p097-r16-c2,listed_related,,literal
cet4-w-ad45a2419581ee5b2e7c,neutralize,cet2016-p097-r16-c3,listed_related,,orthographic
cet4-w-babf092c4fdb177a94b3,never,cet2016-p097-r17-c1,headword,,literal
cet4-w-9e2557a8ec7d1c6c9019,nevertheless,cet2016-p097-r18-c1,headword,,literal
cet4-w-2174b079a5c348096021,new,cet2016-p097-r19-c1,headword,,literal
cet4-w-5717d2c57921f707fd55,news,cet2016-p097-r20-c1,headword,,literal
cet4-w-ef0a124f24fcdea9f25a,newspaper,cet2016-p097-r21-c1,headword,,literal
cet4-w-567852a93094c238ad5d,next,cet2016-p097-r22-c1,headword,,literal
cet4-w-5a19de448e7ec0c21103,nice,cet2016-p097-r23-c1,headword,,literal
cet4-w-c19cb61ada5b05a09f63,nicety,cet2016-p097-r23-c2,listed_related,,literal
cet4-w-7a6ce0f04f97b4882b97,nickel,cet2016-p097-r24-c1,headword,,literal
cet4-w-8c786400de7cd258eec7,niece,cet2016-p097-r26-c1,headword,,literal
cet4-w-8394c3ee6ec020e1a2f2,night,cet2016-p097-r27-c1,headword,,literal
cet4-w-8c37cb7bba2cadaf469d,nightly,cet2016-p097-r27-c2,listed_related,,literal
cet4-w-5e6d1bac995f1ac6ad02,nightmare,cet2016-p097-r28-c1,headword,,literal
cet4-w-de720a7a01a4edb91e84,nine,cet2016-p097-r30-c1,headword,,literal
cet4-w-58daac4f915c578bbf5d,nineteen,cet2016-p097-r31-c1,headword,,literal
cet4-w-c7f160ec762d70f15882,ninety,cet2016-p097-r32-c1,headword,,literal
cet4-w-76154221802a52efcea3,ninth,cet2016-p097-r33-c1,headword,,literal
cet4-w-ab6b8f610837afe9c074,no,cet2016-p097-r35-c1,headword,,literal
cet4-w-0f1f351abeb72d2f348b,noble,cet2016-p097-r36-c1,headword,,literal
cet4-w-1d78bab849e9c3669c0b,nobility,cet2016-p097-r36-c2,listed_related,,literal
cet4-w-1ad2bcbfca64eac26454,nobody,cet2016-p097-r37-c1,headword,,literal
cet4-w-64af3a67aed9c3f1958b,nod,cet2016-p097-r38-c1,headword,,literal
cet4-w-e1ae3e6dd865f8ed0cae,noise,cet2016-p097-r39-c1,headword,,literal
cet4-w-bdfb8d139e3480c9a7ae,noisy,cet2016-p097-r39-c2,listed_related,,literal
cet4-w-3284808d1454f164967b,none,cet2016-p097-r42-c1,headword,,literal
cet4-w-f11c14f3351436c58508,nonsense,cet2016-p098-r02-c1,headword,,literal
cet4-w-3e551f0d9963e78e5eb5,noodle,cet2016-p098-r03-c1,headword,,literal
cet4-w-c919b173bdf2f74d202a,noon,cet2016-p098-r04-c1,headword,,literal
cet4-w-175f6acbce4e98878f69,nor,cet2016-p098-r05-c1,headword,,literal
cet4-w-d6e4f2dc38675fd29830,norm,cet2016-p098-r06-c1,headword,,literal
cet4-w-2b047061126e5997cff6,normal,cet2016-p098-r07-c1,headword,,literal
cet4-w-e54068437d5f6bddd87e,normally,cet2016-p098-r07-c2,listed_related,,literal
cet4-w-ba3332685b8727788429,normalize,cet2016-p098-r07-c3,listed_related,,orthographic
cet4-w-262543a3677bbdb1cbbc,normalization,cet2016-p098-r07-c4,listed_related,,orthographic
cet4-w-441fed11977ccaf97392,north,cet2016-p098-r08-c1,headword,,literal
cet4-w-82b48e7d16d0d69af23c,northern,cet2016-p098-r08-c2,listed_related,,literal
cet4-w-3e315e24bddfcc452a2b,northeast,cet2016-p098-r09-c1,headword,,literal
cet4-w-1482774eabfa1b259671,northeastern,cet2016-p098-r09-c2,listed_related,,literal
cet4-w-faa444aad2b91184b22f,northwest,cet2016-p098-r10-c1,headword,,literal
cet4-w-73cbb974250186046e82,northwestern,cet2016-p098-r10-c2,listed_related,,literal
cet4-w-49f15187413548a0ecd8,nose,cet2016-p098-r11-c1,headword,,literal
cet4-w-76d383a914d180bdfba9,nosy,cet2016-p098-r11-c2,listed_related,,literal
cet4-w-01015734c7e89c117b92,not,cet2016-p098-r12-c1,headword,,literal
cet4-w-dfab53c57ce08dc95823,note,cet2016-p098-r13-c1,headword,,literal
cet4-w-8d6c88462c6bb934cf3a,notation,cet2016-p098-r13-c2,listed_related,,literal
cet4-w-de39ee7e7049e883a4be,notable,cet2016-p098-r13-c3,listed_related,,literal
cet4-w-6adc6d99c9c75dc625dd,notebook,cet2016-p098-r14-c1,headword,,literal
cet4-w-657fb589136154eca644,nothing,cet2016-p098-r16-c1,headword,,literal
cet4-w-5cf23c36701b075fe6e6,notice,cet2016-p098-r17-c1,headword,,literal
cet4-w-0dcc55a9ce2720c0e320,noticeable,cet2016-p098-r17-c2,listed_related,,literal
cet4-w-5adb037cd11fdf769aef,notify,cet2016-p098-r18-c1,headword,,literal
cet4-w-d23501334810de6d4f34,notification,cet2016-p098-r18-c2,listed_related,,literal
cet4-w-44c21f95e39f67712f4e,notion,cet2016-p098-r19-c1,headword,,literal
cet4-w-ffc1a283cc36aaa8f175,notional,cet2016-p098-r19-c2,listed_related,,literal
cet4-w-f159f6cb49253c0ff8db,noun,cet2016-p098-r22-c1,headword,,literal
cet4-w-f4fc4a0b054a868f953c,nourish,cet2016-p098-r23-c1,headword,,literal
cet4-w-5b604fb309785cf8d07a,nourishment,cet2016-p098-r23-c2,listed_related,,literal
cet4-w-6038da16ada031bcd82b,novel,cet2016-p098-r24-c1,headword,1,literal
cet4-w-f6076aa0f658a072cd72,novelist,cet2016-p098-r24-c2,listed_related,,literal
cet4-w-6038da16ada031bcd82b,novel,cet2016-p098-r25-c1,headword,2,literal
cet4-w-879c42ac36d7c21eebd5,novelty,cet2016-p098-r25-c2,listed_related,,literal
cet4-w-c3c99bbc80997c2eafe5,November,cet2016-p098-r26-c1,headword,,literal
cet4-w-c19200eacc72bd8415b5,now,cet2016-p098-r27-c1,headword,,literal
cet4-w-eb83e61dd14addaaa5f9,nowadays,cet2016-p098-r28-c1,headword,,literal
cet4-w-36d8e386bd58c179164a,nowhere,cet2016-p098-r29-c1,headword,,literal
cet4-w-5b47971d64e8f3b94127,nuclear,cet2016-p098-r30-c1,headword,,literal
cet4-w-37aa6ddce89d88132ea1,nucleus,cet2016-p098-r30-c2,listed_related,,literal
cet4-w-7a39ef1db671473d8aca,nude,cet2016-p098-r31-c1,headword,,literal
cet4-w-c4acf03266b17db9edab,nudity,cet2016-p098-r31-c2,listed_related,,literal
cet4-w-e409a216d7e69035e60e,nuisance,cet2016-p098-r32-c1,headword,,literal
cet4-w-f93105df517938a0619d,number,cet2016-p098-r34-c1,headword,,literal
cet4-w-45ed6dcbda582c02a78a,numerous,cet2016-p098-r36-c1,headword,,literal
cet4-w-7e46723da861b5bd4bcd,nurse,cet2016-p098-r37-c1,headword,,literal
cet4-w-e7ac1059db14138ad219,nursery,cet2016-p098-r38-c1,headword,,literal
cet4-w-3d2d0edfb8464ae73ae9,nut,cet2016-p098-r40-c1,headword,,literal
cet4-w-dcce2f68e38b65407225,nutrition,cet2016-p098-r41-c1,headword,,literal
cet4-w-36be4f5b3cc009bf343e,nutrient,cet2016-p098-r41-c2,listed_related,,literal
cet4-w-8ba43753eb8bd499b3eb,obese,cet2016-p099-r03-c1,headword,,literal
cet4-w-fdef699b471ba01878c6,obesity,cet2016-p099-r03-c2,listed_related,,literal
cet4-w-2868dfbbe96e3f1b2924,obey,cet2016-p099-r04-c1,headword,,literal
cet4-w-91c7a77c4382204fe130,obedient,cet2016-p099-r04-c2,listed_related,,literal
cet4-w-0df8e5051007e005e116,obedience,cet2016-p099-r04-c3,listed_related,,literal
cet4-w-6f452b8726b980a0430f,object,cet2016-p099-r05-c1,headword,1,literal
cet4-w-6f452b8726b980a0430f,object,cet2016-p099-r06-c1,headword,2,literal
cet4-w-2c00d214731747562b0d,objection,cet2016-p099-r06-c2,listed_related,,literal
cet4-w-03676b8c6f9844cb1cfe,objective,cet2016-p099-r07-c1,headword,,literal
cet4-w-c42eeaa5eef8dc9fbbec,oblige,cet2016-p099-r08-c1,headword,,literal
cet4-w-4786b7a0e6ac4c8b9673,obligation,cet2016-p099-r08-c2,listed_related,,literal
cet4-w-5eba5c2841337182d5b8,obliged,cet2016-p099-r08-c3,listed_related,,literal
cet4-w-78d47e6d319914573452,obligatory,cet2016-p099-r08-c4,listed_related,,literal
cet4-w-b5a1e6d1dfdc42de42bb,observe,cet2016-p099-r12-c1,headword,,literal
cet4-w-d73e0e1554053ae4bd53,observation,cet2016-p099-r12-c2,listed_related,,literal
cet4-w-e66e4d4cc6830198989b,observer,cet2016-p099-r12-c3,listed_related,,literal
cet4-w-bf1d4cc75ea968e0049e,observant,cet2016-p099-r12-c4,listed_related,,literal
cet4-w-8d9380c574d4c2790790,obstacle,cet2016-p099-r14-c1,headword,,literal
cet4-w-eaf59a354e8b7cf4297a,obtain,cet2016-p099-r16-c1,headword,,literal
cet4-w-f91cb316659a68d4c780,obtainment,cet2016-p099-r16-c2,listed_related,,literal
cet4-w-baf7c396a6ddc75e4fbe,obvious,cet2016-p099-r17-c1,headword,,literal
cet4-w-29bf06b3a9bcadca3157,obviously,cet2016-p099-r17-c2,listed_related,,literal
cet4-w-8c41a86bb84c1b407930,occasion,cet2016-p099-r18-c1,headword,,literal
cet4-w-150ab72d1726f27a54bf,occasional,cet2016-p099-r18-c2,listed_related,,literal
cet4-w-4b7d0cce6c9315c54284,occasionally,cet2016-p099-r18-c3,listed_related,,literal
cet4-w-af4511541b2a55dc7cc0,occupation,cet2016-p099-r19-c1,headword,,literal
cet4-w-2b7b27b6416e972e9380,occupational,cet2016-p099-r19-c2,listed_related,,literal
cet4-w-ef6864bd8ac441e8ba9d,occupy,cet2016-p099-r20-c1,headword,,literal
cet4-w-d37162ed5fee323d86c2,occupancy,cet2016-p099-r20-c2,listed_related,,literal
cet4-w-c7427809fc2c9cc17e81,occupant,cet2016-p099-r20-c3,listed_related,,literal
cet4-w-1b1571021dd594e7868d,occur,cet2016-p099-r21-c1,headword,,literal
cet4-w-d3314abcdb0d8c665af3,occurrence,cet2016-p099-r21-c2,listed_related,,literal
cet4-w-ad1f1ea4c23d757171be,ocean,cet2016-p099-r22-c1,headword,,literal
cet4-w-04003944345005b4f8f2,oceanic,cet2016-p099-r22-c2,listed_related,,literal
cet4-w-647d71898dfd17644421,o'clock,cet2016-p099-r23-c1,headword,,literal
cet4-w-31cef69018ad6d60179d,October,cet2016-p099-r24-c1,headword,,literal
cet4-w-fd6003110a56f3af9c39,odd,cet2016-p099-r25-c1,headword,,literal
cet4-w-a86bb33f5b15b65073ef,oddity,cet2016-p099-r25-c2,listed_related,,literal
cet4-w-c00e6f9227505d5443e0,odds,cet2016-p099-r26-c1,headword,,literal
cet4-w-ca0f2dc53b0d3b66b597,odor,cet2016-p099-r27-c1,headword,,orthographic
cet4-w-f50c5f92691eb519295f,odorous,cet2016-p099-r27-c2,listed_related,,literal
cet4-w-be7874648934612b4c3a,of,cet2016-p099-r28-c1,headword,,literal
cet4-w-2e36fdff598733e447df,off,cet2016-p099-r29-c1,headword,,literal
cet4-w-9923bd2e99733e6b3c0e,offend,cet2016-p099-r30-c1,headword,,literal
cet4-w-16dd8723183f4e0c73bd,offense,cet2016-p099-r30-c2,listed_related,,orthographic
cet4-w-b57428478a6b463fe6c7,offensive,cet2016-p099-r30-c3,listed_related,,literal
cet4-w-a2a28d11999d08801241,offender,cet2016-p099-r30-c4,listed_related,,literal
cet4-w-56c1cf9c7cd080f1fbda,offer,cet2016-p099-r31-c1,headword,,literal
cet4-w-0e3245882363cacf69bd,offering,cet2016-p099-r31-c2,listed_related,,literal
cet4-w-2e6623eb3cd211442a0c,office,cet2016-p099-r32-c1,headword,,literal
cet4-w-eeb33f0a98e452a0404c,officer,cet2016-p099-r33-c1,headword,,literal
cet4-w-cf433a6ef0a7730ad999,official,cet2016-p099-r34-c1,headword,,literal
cet4-w-8be558ef695c6fedcd6a,often,cet2016-p099-r37-c1,headword,,distinct_lexemes
cet4-w-241514685889d0980201,oftentimes,cet2016-p099-r37-c1,headword,,distinct_lexemes
cet4-w-56e806f45e59d1d4cf31,oil,cet2016-p099-r38-c1,headword,,literal
cet4-w-4903046a3e591aaf96c4,oily,cet2016-p099-r38-c2,listed_related,,literal
cet4-w-5c44e511d6dcd2a5a4b4,okay,cet2016-p099-r39-c1,headword,,literal
cet4-w-213a5286180f4bcd1387,old,cet2016-p099-r40-c1,headword,,literal
cet4-w-73885a17ff86b8b27f32,old-fashioned,cet2016-p099-r41-c1,headword,,literal
cet4-w-e7419bfa557afb675252,Olympic,cet2016-p100-r01-c1,headword,,literal
cet4-w-f72cca3b2235143e9d03,Olympics,cet2016-p100-r01-c2,listed_related,,literal
cet4-w-a4df0aebc66e5fabd3d9,Olympiad,cet2016-p100-r01-c3,listed_related,,literal
cet4-w-edf5e5ea3fa8a480b044,omit,cet2016-p100-r02-c1,headword,,literal
cet4-w-05b19ea5e2e343e4832a,omission,cet2016-p100-r02-c2,listed_related,,literal
cet4-w-1393c06bc1701e7fd1d7,on,cet2016-p100-r03-c1,headword,,literal
cet4-w-3b7dcda15607866b1834,once,cet2016-p100-r04-c1,headword,,literal
cet4-w-f2468d8058e3e645bda3,one,cet2016-p100-r05-c1,headword,,literal
cet4-w-6f0a3825e89b97babac1,oneself,cet2016-p100-r06-c1,headword,,literal
cet4-w-66f439fcdb9f3a814819,ongoing,cet2016-p100-r07-c1,headword,,literal
cet4-w-fc4bfc5fbb02a858fcea,onion,cet2016-p100-r08-c1,headword,,literal
cet4-w-19a87c938d8a621f5048,online,cet2016-p100-r09-c1,headword,,literal
cet4-w-b1bbc853b53d72a2db86,only,cet2016-p100-r10-c1,headword,,literal
cet4-w-c807d0a9f6c1dd675ee8,onto,cet2016-p100-r12-c1,headword,,literal
cet4-w-0598d40b52c08e897f44,onward,cet2016-p100-r13-c1,headword,,literal
cet4-w-87ddb25d08d257b2ee1c,open,cet2016-p100-r15-c1,headword,,literal
cet4-w-51f0e8b2e84b331f8fc7,opener,cet2016-p100-r15-c2,listed_related,,literal
cet4-w-6f96468bcfa4e49268b4,opening,cet2016-p100-r15-c3,listed_related,,literal
cet4-w-126e2b5b729a6e71567e,openly,cet2016-p100-r15-c4,listed_related,,literal
cet4-w-94926474cf9cdce5b713,opera,cet2016-p100-r16-c1,headword,,literal
cet4-w-ae997decc31d57429de4,operate,cet2016-p100-r17-c1,headword,,literal
cet4-w-444c738880687a180cbb,operation,cet2016-p100-r17-c2,listed_related,,literal
cet4-w-dab8b68307844239131f,operational,cet2016-p100-r17-c3,listed_related,,literal
cet4-w-04a97a5c04519441b147,operator,cet2016-p100-r17-c4,listed_related,,literal
cet4-w-c11fb8b5d7b72b32a3f8,opinion,cet2016-p100-r19-c1,headword,,literal
cet4-w-380381f7ee29a115db07,opportunity,cet2016-p100-r20-c1,headword,,literal
cet4-w-2243132d496cef2c9c6c,oppose,cet2016-p100-r21-c1,headword,,literal
cet4-w-858d97ba9e9b0e3fb91a,opposition,cet2016-p100-r21-c2,listed_related,,literal
cet4-w-40d035010240700ea942,opponent,cet2016-p100-r21-c3,listed_related,,literal
cet4-w-f93df862ac89e0fecba4,opposite,cet2016-p100-r22-c1,headword,,literal
cet4-w-dbdf134e80c25c32c266,opt,cet2016-p100-r24-c1,headword,,literal
cet4-w-8502293550e011902640,option,cet2016-p100-r24-c2,listed_related,,literal
cet4-w-dbadc8c40027481df94d,optional,cet2016-p100-r24-c3,listed_related,,literal
cet4-w-60f69620c1b831dc6301,optimism,cet2016-p100-r26-c1,headword,,literal
cet4-w-1397b890deac5467c09d,optimistic,cet2016-p100-r26-c2,listed_related,,literal
cet4-w-3e46060867008e754a76,optimist,cet2016-p100-r26-c3,listed_related,,literal
cet4-w-48468f44fc4231758769,or,cet2016-p100-r28-c1,headword,,literal
cet4-w-53ee0e11ef68299259c5,oral,cet2016-p100-r29-c1,headword,,literal
cet4-w-cfb09700d49484a8299c,orange,cet2016-p100-r30-c1,headword,,literal
cet4-w-1c73b04b296014006709,orbit,cet2016-p100-r31-c1,headword,,literal
cet4-w-9b17beecd9118af31bdc,orbital,cet2016-p100-r31-c2,listed_related,,literal
cet4-w-6b90edc75ceb04307391,orchestra,cet2016-p100-r32-c1,headword,,literal
cet4-w-b14f4d2b04028d2bcac8,order,cet2016-p100-r34-c1,headword,,literal
cet4-w-c4df4445e2d96eb749e3,orderly,cet2016-p100-r34-c2,listed_related,,literal
cet4-w-e06d2b0d437c8bb4d519,ordinary,cet2016-p100-r35-c1,headword,,literal
cet4-w-3070dbc4c2b7dfa98596,ore,cet2016-p100-r36-c1,headword,,literal
cet4-w-0962bb48459d82b64a9e,organ,cet2016-p100-r37-c1,headword,,literal
cet4-w-2562b37badc816f764c7,organic,cet2016-p100-r38-c1,headword,,literal
cet4-w-97e61d685d9caa68d61e,organism,cet2016-p100-r39-c1,headword,,literal
cet4-w-e2d0356a75684a22bd79,organize,cet2016-p100-r40-c1,headword,,orthographic
cet4-w-a3e2e30e441013371acf,organization,cet2016-p100-r40-c2,listed_related,,orthographic
cet4-w-c52cd879764aeca9ca68,organizational,cet2016-p100-r40-c3,listed_related,,orthographic
cet4-w-aa91d266b430f6c94810,orient,cet2016-p100-r41-c1,headword,1,literal
cet4-w-0ba755c23fa6261b8c52,orientation,cet2016-p100-r41-c2,listed_related,,literal
cet4-w-aa91d266b430f6c94810,orient,cet2016-p100-r42-c1,headword,2,literal
cet4-w-bd310b86c3db72bb1f89,oriental,cet2016-p100-r42-c2,listed_related,,literal
cet4-w-959cdba89bafc1973b35,origin,cet2016-p101-r01-c1,headword,,literal
cet4-w-24e0bc920542dac47c05,original,cet2016-p101-r01-c2,listed_related,,literal
cet4-w-21ca2c9a234420be9a57,originality,cet2016-p101-r01-c3,listed_related,,literal
cet4-w-13b7df9604549d80d415,originate,cet2016-p101-r01-c4,listed_related,,literal
cet4-w-4bd84d0d88c5cb38886b,ornament,cet2016-p101-r02-c1,headword,,literal
cet4-w-68a732b402cb6c809311,ornamental,cet2016-p101-r02-c2,listed_related,,literal
cet4-w-17c3b8cfcb05f6de6f62,orphan,cet2016-p101-r03-c1,headword,,literal
cet4-w-f800e64f8c784ab5be9d,orphanage,cet2016-p101-r03-c2,listed_related,,literal
cet4-w-dfdeb7b8d889abb11be8,other,cet2016-p101-r05-c1,headword,,literal
cet4-w-f60174db60207f6f8b02,otherwise,cet2016-p101-r06-c1,headword,,literal
cet4-w-504dfe3baf71f34ef8f3,oughtto,cet2016-p101-r07-c1,headword,,literal
cet4-w-2c557c612ec8eaeafc66,ounce,cet2016-p101-r08-c1,headword,,literal
cet4-w-0c7cd9e36ededca58081,our,cet2016-p101-r09-c1,headword,,literal
cet4-w-c4774b71eb275630ad4e,ours,cet2016-p101-r10-c1,headword,,literal
cet4-w-a4d7936acf42eee1c254,ourselves,cet2016-p101-r11-c1,headword,,literal
cet4-w-6a4d5216a3ca1221dd08,out,cet2016-p101-r12-c1,headword,,literal
cet4-w-d4cd5f70bf24098a8feb,outbreak,cet2016-p101-r13-c1,headword,,literal
cet4-w-7d8fffa3bc3035c27c7e,outcome,cet2016-p101-r14-c1,headword,,literal
cet4-w-d002d5d8723218dbb2fe,outdated,cet2016-p101-r15-c1,headword,,literal
cet4-w-b4e19fbb0552eeac9419,outdoor,cet2016-p101-r16-c1,headword,,literal
cet4-w-ebafc50215d0a5f9ed51,outdoors,cet2016-p101-r16-c2,listed_related,,literal
cet4-w-e926e8704ef5c21bd935,outer,cet2016-p101-r17-c1,headword,,literal
cet4-w-575f95ad9ddc9b1bb3e7,outgoing,cet2016-p101-r19-c1,headword,,literal
cet4-w-7019c7670baea72dd8b2,outing,cet2016-p101-r20-c1,headword,,literal
cet4-w-56452548261104a1bae4,outlet,cet2016-p101-r22-c1,headword,,literal
cet4-w-74bfc53405bdfbbbd4a0,outline,cet2016-p101-r23-c1,headword,,literal
cet4-w-2017a9771008d681e9c9,outlook,cet2016-p101-r24-c1,headword,,literal
cet4-w-b15de643e2b155faab24,output,cet2016-p101-r25-c1,headword,,literal
cet4-w-8885b9efeee53741b9ed,outset,cet2016-p101-r27-c1,headword,,literal
cet4-w-18c3977dda12d3de7e75,outside,cet2016-p101-r28-c1,headword,,literal
cet4-w-4b39f599ab4c47510dcf,outsider,cet2016-p101-r28-c2,listed_related,,literal
cet4-w-9585cc1259c73ac3bd84,outskirts,cet2016-p101-r29-c1,headword,,literal
cet4-w-b5fab7b93ddcc5fae16f,outstanding,cet2016-p101-r30-c1,headword,,literal
cet4-w-ca4721cce623ef54f294,outward,cet2016-p101-r31-c1,headword,,literal
cet4-w-3891a0900c4307488835,outwards,cet2016-p101-r31-c2,listed_related,,literal
cet4-w-d896d554b163b7cda478,oval,cet2016-p101-r32-c1,headword,,literal
cet4-w-676398d02b41d2e5994a,oven,cet2016-p101-r33-c1,headword,,literal
cet4-w-f27f59f216591d6a89b6,over,cet2016-p101-r34-c1,headword,,literal
cet4-w-4274f846a3501537b0b1,overall,cet2016-p101-r35-c1,headword,,literal
cet4-w-d5edcaa754be6a15615f,overcoat,cet2016-p101-r36-c1,headword,,literal
cet4-w-57ef7280a8b54c8fd959,overcome,cet2016-p101-r37-c1,headword,,literal
cet4-w-5e4293db7ad137393f1a,overdue,cet2016-p101-r38-c1,headword,,literal
cet4-w-f0eff42f088027bd3eec,overhead,cet2016-p101-r41-c1,headword,,literal
cet4-w-a6195562b86ee3fcbf5b,overhear,cet2016-p101-r42-c1,headword,,literal
cet4-w-e13e951f03e651552ce9,overlook,cet2016-p102-r02-c1,headword,,literal
cet4-w-6337a03245089e923dd3,overnight,cet2016-p102-r03-c1,headword,,literal
cet4-w-826df320270fc9350ee0,overseas,cet2016-p102-r05-c1,headword,,literal
cet4-w-ab5b09a300c8a263364e,oversee,cet2016-p102-r06-c1,headword,,literal
cet4-w-d694875fe737ffda1eae,oversight,cet2016-p102-r07-c1,headword,,literal
cet4-w-636caafcba46b9f69044,overtake,cet2016-p102-r10-c1,headword,,literal
cet4-w-0fd325335d24d98ffc37,overthrow,cet2016-p102-r11-c1,headword,,literal
cet4-w-b12b39a51ca9310c1d93,overtime,cet2016-p102-r12-c1,headword,,literal
cet4-w-96f661e66eb9b3ee60d5,overwhelm,cet2016-p102-r14-c1,headword,,literal
cet4-w-1fc7f87a2b99df359815,overwhelming,cet2016-p102-r14-c2,listed_related,,literal
cet4-w-fa13b6252340b416d98d,overwhelmingly,cet2016-p102-r14-c3,listed_related,,literal
cet4-w-dd6952edde705dadac3f,owe,cet2016-p102-r15-c1,headword,,literal
cet4-w-9a34825f0534e542b966,owing to,cet2016-p102-r15-c2,listed_related,,literal
cet4-w-f13320f9132ef6a58e27,own,cet2016-p102-r17-c1,headword,,literal
cet4-w-bf94d75c2472428dd948,owner,cet2016-p102-r17-c2,listed_related,,literal
cet4-w-ff188d0e7a14d0224539,ownership,cet2016-p102-r17-c3,listed_related,,literal
cet4-w-a1ada086b3c07a1317b9,ox,cet2016-p102-r18-c1,headword,,literal
cet4-w-ff604362211d133f816b,oxygen,cet2016-p102-r20-c1,headword,,literal
cet4-w-d632eeb9e2654572074c,ozone,cet2016-p102-r21-c1,headword,,literal
cet4-w-6c52d1457dff6b1e3eba,pace,cet2016-p102-r22-c1,headword,,literal
cet4-w-97145140727f7a32a8a7,pack,cet2016-p102-r23-c1,headword,,literal
cet4-w-f0d599ae49fb8c32d084,package,cet2016-p102-r24-c1,headword,,literal
cet4-w-8dd6576827140bea7e2b,packet,cet2016-p102-r25-c1,headword,,literal
cet4-w-a9e0db8bc0f323e26b21,pad,cet2016-p102-r27-c1,headword,,literal
cet4-w-81505576573f30e4287f,paddy,cet2016-p102-r28-c1,headword,,literal
cet4-w-fc8d6bf339c0238599f6,page,cet2016-p102-r29-c1,headword,,literal
cet4-w-2ccb97b9f4b9b005479e,pain,cet2016-p102-r30-c1,headword,,literal
cet4-w-e870076a1cdddaedf961,painful,cet2016-p102-r30-c2,listed_related,,literal
cet4-w-f9b2ba2bea8be12592c7,paint,cet2016-p102-r31-c1,headword,,literal
cet4-w-db926a9dfe31781d7629,painting,cet2016-p102-r31-c2,listed_related,,literal
cet4-w-d773a14e1eccff7a4ae4,painter,cet2016-p102-r31-c3,listed_related,,literal
cet4-w-af577de424255e1cd9c2,pair,cet2016-p102-r32-c1,headword,,literal
cet4-w-3762db998f82d9368c28,palace,cet2016-p102-r33-c1,headword,,literal
cet4-w-3a7397bbd8787e44086c,pale,cet2016-p102-r34-c1,headword,,literal
cet4-w-e560f0b951b75d9405ee,palm,cet2016-p102-r35-c1,headword,,literal
cet4-w-ac8049503dbff3033998,pan,cet2016-p102-r37-c1,headword,,literal
cet4-w-69621f380d9c2017ad19,panda,cet2016-p102-r38-c1,headword,,literal
cet4-w-7bdc345565fe532d3a14,panel,cet2016-p102-r39-c1,headword,,literal
cet4-w-7ced4abcd2e2f228a746,panic,cet2016-p102-r40-c1,headword,,literal
cet4-w-578912c95096b82aad57,pants,cet2016-p103-r01-c1,headword,,literal
cet4-w-fd0acd0837a5624bcf4e,paper,cet2016-p103-r02-c1,headword,,literal
cet4-w-3acd1b2f54efa9984c31,paperback,cet2016-p103-r03-c1,headword,,literal
cet4-w-44c291da10f405852c7b,parade,cet2016-p103-r05-c1,headword,,literal
cet4-w-dd1d1a611c8f0bfcdd7e,paradox,cet2016-p103-r08-c1,headword,,literal
cet4-w-290634df2297ab9432bf,paradoxical,cet2016-p103-r08-c2,listed_related,,literal
cet4-w-30169ece8c770a35ee63,paragraph,cet2016-p103-r09-c1,headword,,literal
cet4-w-ad963d5b29a5584603ef,parallel,cet2016-p103-r10-c1,headword,,literal
cet4-w-bfeaaa669947f1adfc8c,parcel,cet2016-p103-r14-c1,headword,,literal
cet4-w-2e663b4d4b7b7f80ca7b,pardon,cet2016-p103-r15-c1,headword,,literal
cet4-w-f29f4628065155dddb24,parent,cet2016-p103-r16-c1,headword,,literal
cet4-w-2e399208307f42e0f2e1,parental,cet2016-p103-r16-c2,listed_related,,literal
cet4-w-1b8390a9608099a22be2,parenting,cet2016-p103-r16-c3,listed_related,,literal
cet4-w-e4675501d1a67a0bc00a,park,cet2016-p103-r18-c1,headword,1,literal
cet4-w-e4675501d1a67a0bc00a,park,cet2016-p103-r19-c1,headword,2,literal
cet4-w-09b98b780b69d7456e51,parking,cet2016-p103-r19-c2,listed_related,,literal
cet4-w-111d929be12d4a1e9e75,parliament,cet2016-p103-r20-c1,headword,,literal
cet4-w-1ddefc23c6438d90bf80,parliamentary,cet2016-p103-r20-c2,listed_related,,literal
cet4-w-ac8891c4c990baafaecf,part,cet2016-p103-r23-c1,headword,,literal
cet4-w-ccd968290e22af4ffc4f,partial,cet2016-p103-r23-c2,listed_related,,literal
cet4-w-9585c18cf08b7cfac345,partially,cet2016-p103-r23-c3,listed_related,,literal
cet4-w-abd820bede7d657d1e01,participate,cet2016-p103-r24-c1,headword,,literal
cet4-w-7134f5599a4b9e04dd91,participation,cet2016-p103-r24-c2,listed_related,,literal
cet4-w-389712345c6b6add3170,participant,cet2016-p103-r24-c3,listed_related,,literal
cet4-w-19189eac26e173da7424,particle,cet2016-p103-r25-c1,headword,,literal
cet4-w-e09c252e5f47f0ae10cd,particular,cet2016-p103-r26-c1,headword,,literal
cet4-w-8f24c8904d4490bfbbd0,particularly,cet2016-p103-r26-c2,listed_related,,literal
cet4-w-54619e9d0faae9f6d1d3,partly,cet2016-p103-r29-c1,headword,,literal
cet4-w-1c45e02faf8a8d78c75c,partner,cet2016-p103-r30-c1,headword,,literal
cet4-w-676b659731cb69461bd2,partnership,cet2016-p103-r30-c2,listed_related,,literal
cet4-w-6c7af4f0c78349a4f6ac,party,cet2016-p103-r31-c1,headword,,literal
cet4-w-7d4717ff34ccebcee019,pass,cet2016-p103-r32-c1,headword,,literal
cet4-w-2a7e9329b53649eacb09,passage,cet2016-p103-r33-c1,headword,,literal
cet4-w-d9a6f450b8b7f662dfe9,passenger,cet2016-p103-r34-c1,headword,,literal
cet4-w-58443fdb459dc7b2daa3,passion,cet2016-p103-r36-c1,headword,,literal
cet4-w-cbe42559a900072faad3,passionate,cet2016-p103-r36-c2,listed_related,,literal
cet4-w-4e26b0bf02f245e2072e,passive,cet2016-p103-r37-c1,headword,,literal
cet4-w-1589ca8cd8014965c9f7,passport,cet2016-p103-r38-c1,headword,,literal
cet4-w-a0ccc1ffcaac0dda5d8c,password,cet2016-p103-r39-c1,headword,,literal
cet4-w-496c8bbe662fabc3a28d,past,cet2016-p103-r40-c1,headword,,literal
cet4-w-473329a970fa539a6d39,paste,cet2016-p103-r42-c1,headword,,literal
cet4-w-63dc2f38fa1c3f148c13,pastime,cet2016-p104-r01-c1,headword,,literal
cet4-w-894b95da160d4aeeee0a,pat,cet2016-p104-r04-c1,headword,,literal
cet4-w-6ed5257250b8891921cd,patch,cet2016-p104-r05-c1,headword,,literal
cet4-w-edb235c608270ef60632,patent,cet2016-p104-r06-c1,headword,,literal
cet4-w-cfc27a04acfa9a8631f9,path,cet2016-p104-r07-c1,headword,,literal
cet4-w-94f79d874b669ce96a1a,patient,cet2016-p104-r09-c1,headword,1,literal
cet4-w-14a4fa41b52fe5ed4a11,patience,cet2016-p104-r09-c2,listed_related,,literal
cet4-w-94f79d874b669ce96a1a,patient,cet2016-p104-r10-c1,headword,2,literal
cet4-w-cee11b6515da884ab20a,pattern,cet2016-p104-r14-c1,headword,,literal
cet4-w-715d306877c2b3224cae,pause,cet2016-p104-r15-c1,headword,,literal
cet4-w-dbf73c5ba4ba4fc8f732,pave,cet2016-p104-r16-c1,headword,,literal
cet4-w-43739d7fbf903773e2ed,pavement,cet2016-p104-r16-c2,listed_related,,literal
cet4-w-5c8ecbc6564720528328,paw,cet2016-p104-r17-c1,headword,,literal
cet4-w-4dc0c59b8a9ead5993f3,pay,cet2016-p104-r18-c1,headword,,literal
cet4-w-28caefc08a0120d08e10,payment,cet2016-p104-r18-c2,listed_related,,literal
cet4-w-101116d06b61af992dea,payroll,cet2016-p104-r19-c1,headword,,literal
cet4-w-edf34ab24a8f8eb8190f,pea,cet2016-p104-r20-c1,headword,,literal
cet4-w-ede2a5036de4fc9f6a78,peace,cet2016-p104-r21-c1,headword,,literal
cet4-w-ec66f1a72ea632c27493,peaceful,cet2016-p104-r21-c2,listed_related,,literal
cet4-w-4f43bb991e9a88763d15,peach,cet2016-p104-r22-c1,headword,,literal
cet4-w-58a5493ebe1110218a71,peak,cet2016-p104-r23-c1,headword,,literal
cet4-w-3954062352efde8b927f,peanut,cet2016-p104-r24-c1,headword,,literal
cet4-w-d0c103ee522b8a838f53,pear,cet2016-p104-r25-c1,headword,,literal
cet4-w-6d15d296ef91bc2c3132,pearl,cet2016-p104-r26-c1,headword,,literal
cet4-w-bc81f3c407220a872f3a,peasant,cet2016-p104-r27-c1,headword,,literal
cet4-w-d3be08c3003560da92f9,peculiar,cet2016-p104-r29-c1,headword,,literal
cet4-w-a5b2a5e38b4b678f5265,peculiarity,cet2016-p104-r29-c2,listed_related,,literal
cet4-w-c0147ee4dd8b5420e08b,pedestrian,cet2016-p104-r32-c1,headword,,literal
cet4-w-9c35d395c8d509130a98,peer,cet2016-p104-r35-c1,headword,,literal
cet4-w-539de0d54538e53dbc72,pen,cet2016-p104-r37-c1,headword,,literal
cet4-w-42c668c0406d6512c98f,penalty,cet2016-p104-r38-c1,headword,,literal
cet4-w-4710b4bbf9948034d94c,penalize,cet2016-p104-r38-c2,listed_related,,orthographic
cet4-w-a2d237cee283767ce268,pencil,cet2016-p104-r39-c1,headword,,literal
cet4-w-634427303cd163220e2f,penetrate,cet2016-p104-r42-c1,headword,,literal
cet4-w-f40291ca2f913c9135e4,penetration,cet2016-p104-r42-c2,listed_related,,literal
cet4-w-faaafcd74c3099e8d8ce,penny,cet2016-p105-r03-c1,headword,,literal
cet4-w-f53c50dade69e7b068fb,pension,cet2016-p105-r04-c1,headword,,literal
cet4-w-0777b2a19527326fc50e,pensioner,cet2016-p105-r04-c2,listed_related,,literal
cet4-w-87593375d4eb826fb9ff,people,cet2016-p105-r05-c1,headword,,literal
cet4-w-a63cbbb75feefaef1394,pepper,cet2016-p105-r06-c1,headword,,literal
cet4-w-c04bd377e8029d8df4f8,per,cet2016-p105-r07-c1,headword,,literal
cet4-w-14b351ed9bddce6ace77,perceive,cet2016-p105-r08-c1,headword,,literal
cet4-w-83982aabd8f648e85d20,perception,cet2016-p105-r08-c2,listed_related,,literal
cet4-w-4516a3cf596bb6a2a36e,perceptive,cet2016-p105-r08-c3,listed_related,,literal
cet4-w-1c31c51b0b04fa7e9ffd,percent,cet2016-p105-r09-c1,headword,,literal
cet4-w-b8fa30c7d1e0dd97b321,percentage,cet2016-p105-r09-c2,listed_related,,literal
cet4-w-1f5a8833a39493ec61ba,perfect,cet2016-p105-r11-c1,headword,,literal
cet4-w-981b4bbc480a66375540,perfection,cet2016-p105-r11-c2,listed_related,,literal
cet4-w-e4caaf0371836a4fe773,perform,cet2016-p105-r12-c1,headword,,literal
cet4-w-4523047e93085c44f439,performance,cet2016-p105-r12-c2,listed_related,,literal
cet4-w-2dfccf2dfdb11333af1e,performer,cet2016-p105-r12-c3,listed_related,,literal
cet4-w-79941248fd7a0dddbae7,perhaps,cet2016-p105-r14-c1,headword,,literal
cet4-w-c93d9b55e3bbd87a8952,peril,cet2016-p105-r15-c1,headword,,literal
cet4-w-00b545d39b8843477e66,perilous,cet2016-p105-r15-c2,listed_related,,literal
cet4-w-9c7eb04001b42d1fea47,period,cet2016-p105-r16-c1,headword,,literal
cet4-w-c396af4b95550ba19888,periodic,cet2016-p105-r16-c2,listed_related,,literal
cet4-w-a8c1ab2658bf05f196ff,periodical,cet2016-p105-r16-c3,listed_related,,literal
cet4-w-85c8fc735368e0d54d4a,permanent,cet2016-p105-r18-c1,headword,,literal
cet4-w-ba941202d679e4baec15,permanence,cet2016-p105-r18-c2,listed_related,,literal
cet4-w-61013f03b1fcd5a346af,permit,cet2016-p105-r20-c1,headword,,literal
cet4-w-82f823ea468d636b68ce,permission,cet2016-p105-r20-c2,listed_related,,literal
cet4-w-9bd7df92e400a94e4a45,permissible,cet2016-p105-r20-c3,listed_related,,literal
cet4-w-c1a6c2e8d36517757c05,permissive,cet2016-p105-r20-c4,listed_related,,literal
cet4-w-5eb284ddde8638bbb0ba,persevere,cet2016-p105-r24-c1,headword,,literal
cet4-w-9b9c6bb146a29622aab7,perseverance,cet2016-p105-r24-c2,listed_related,,literal
cet4-w-12ebf61f0fb72dbc2b9f,persist,cet2016-p105-r25-c1,headword,,literal
cet4-w-bdd3b2ebd8a18637f4e5,persistent,cet2016-p105-r25-c2,listed_related,,literal
cet4-w-665feca380f5c1243d4f,persistence,cet2016-p105-r25-c3,listed_related,,literal
cet4-w-b1056c9b9014972ade11,person,cet2016-p105-r26-c1,headword,,literal
cet4-w-f090bbf683ef7c6c58ca,personal,cet2016-p105-r26-c2,listed_related,,literal
cet4-w-5b62e2708a7ae3058eff,personally,cet2016-p105-r26-c3,listed_related,,literal
cet4-w-2987e91892ada547d02a,personality,cet2016-p105-r26-c4,listed_related,,literal
cet4-w-e711b27cd36f0180fc6d,personnel,cet2016-p105-r27-c1,headword,,literal
cet4-w-3693cbb01a1855d84301,perspective,cet2016-p105-r28-c1,headword,,literal
cet4-w-625d544fe2c8a749dd97,persuade,cet2016-p105-r29-c1,headword,,literal
cet4-w-e0ec5347c00b2fa9295a,persuasion,cet2016-p105-r29-c2,listed_related,,literal
cet4-w-de3361b955f6f14d155f,persuasive,cet2016-p105-r29-c3,listed_related,,literal
cet4-w-94f23252e66059016a5b,pessimism,cet2016-p105-r30-c1,headword,,literal
cet4-w-3350cf94aff24eaddd14,pessimistic,cet2016-p105-r30-c2,listed_related,,literal
cet4-w-774dbf9c29a286af3d9a,pessimist,cet2016-p105-r30-c3,listed_related,,literal
cet4-w-6a94ddc001fc2c50b245,pet,cet2016-p105-r33-c1,headword,,literal
cet4-w-a28a1b16ea3315a68820,petrol,cet2016-p105-r36-c1,headword,,literal
cet4-w-1e1a7f8d6025a5a03495,petroleum,cet2016-p105-r37-c1,headword,,literal
cet4-w-d87ebfb3977836a66814,petty,cet2016-p105-r38-c1,headword,,literal
cet4-w-57d7e063012d8fb8369d,phase,cet2016-p105-r40-c1,headword,,literal
cet4-w-a030f9ee076ddb7defd1,phenomenon,cet2016-p105-r41-c1,headword,,literal
cet4-w-5c5b4c2f7b5822ce552c,philosophy,cet2016-p105-r42-c1,headword,,literal
cet4-w-fb1ca97e6f3ad407b5ee,philosophical,cet2016-p105-r42-c2,listed_related,,literal
cet4-w-19a0cdbe8d63ddacec50,philosopher,cet2016-p105-r42-c3,listed_related,,literal
cet4-w-7d8cc5c7f0ae096e2fed,photo,cet2016-p106-r01-c1,headword,,distinct_lexemes
cet4-w-5fd1b274596cd90d6c86,photograph,cet2016-p106-r01-c1,headword,,distinct_lexemes
cet4-w-0b0c088b779d1ee70502,photographic,cet2016-p106-r01-c2,listed_related,,literal
cet4-w-60f96c7dbc6d774cfcb7,photographer,cet2016-p106-r01-c3,listed_related,,literal
cet4-w-e093a254128ac5778c9e,photography,cet2016-p106-r01-c4,listed_related,,literal
cet4-w-c14782805017bf31046a,phrase,cet2016-p106-r02-c1,headword,,literal
cet4-w-d5148118ec6cedf99467,phrasal,cet2016-p106-r02-c2,listed_related,,literal
cet4-w-9c4bcedfc41d1821ae08,physical,cet2016-p106-r03-c1,headword,,literal
cet4-w-e5a7f319137ea98bc2c1,physician,cet2016-p106-r04-c1,headword,,literal
cet4-w-033402302166f6a74a30,physics,cet2016-p106-r05-c1,headword,,literal
cet4-w-2467a881ceb1a198a87a,physicist,cet2016-p106-r05-c2,listed_related,,literal
cet4-w-15525f6e69981b157d25,piano,cet2016-p106-r07-c1,headword,,literal
cet4-w-c1cd12c9875cee21ddcd,pianist,cet2016-p106-r07-c2,listed_related,,literal
cet4-w-6cceed662b896fc0db13,pick,cet2016-p106-r08-c1,headword,,literal
cet4-w-987fe5a96be3dd032e6e,picky,cet2016-p106-r08-c2,listed_related,,literal
cet4-w-810161c4b10dc9ea71d7,picnic,cet2016-p106-r09-c1,headword,,literal
cet4-w-a81fa6162c2de98aa464,picture,cet2016-p106-r10-c1,headword,,literal
cet4-w-8020aad5b187b0463f6e,picturesque,cet2016-p106-r10-c2,listed_related,,literal
cet4-w-8c206aa349cf26c8ea7b,pie,cet2016-p106-r11-c1,headword,,literal
cet4-w-5c29615bde3503389dee,piece,cet2016-p106-r12-c1,headword,,literal
cet4-w-ac06136924af6ca9b509,pierce,cet2016-p106-r13-c1,headword,,literal
cet4-w-de546fff309c30f507cf,pig,cet2016-p106-r14-c1,headword,,literal
cet4-w-93c85698e981a3e94651,pigeon,cet2016-p106-r15-c1,headword,,literal
cet4-w-17edb7976eb1c301f99b,pile,cet2016-p106-r16-c1,headword,,literal
cet4-w-2aa1ca3f6e4de2b198c5,pill,cet2016-p106-r18-c1,headword,,literal
cet4-w-248bee3ce574b6877960,pillar,cet2016-p106-r19-c1,headword,,literal
cet4-w-037f7ac770617fd4623e,pillow,cet2016-p106-r20-c1,headword,,literal
cet4-w-b9d89c39d2fd7a18ec8b,pilot,cet2016-p106-r21-c1,headword,,literal
cet4-w-7b70a363ccce0f959fdb,pin,cet2016-p106-r22-c1,headword,,literal
cet4-w-07252f1ce24372c63349,pinch,cet2016-p106-r23-c1,headword,,literal
cet4-w-5c3fe368f41dc8f37e81,pine,cet2016-p106-r24-c1,headword,,literal
cet4-w-2e86fad37b092d752049,pink,cet2016-p106-r25-c1,headword,,literal
cet4-w-0afc72451e2e0aa06e2f,pint,cet2016-p106-r26-c1,headword,,literal
cet4-w-c21addb2b217c12dacd6,pioneer,cet2016-p106-r27-c1,headword,,literal
cet4-w-a86f00f2e7dc4e3009f7,pipe,cet2016-p106-r28-c1,headword,,literal
cet4-w-6f51cd214de479cfb123,pirate,cet2016-p106-r29-c1,headword,,literal
cet4-w-43a3e284e08fb2ef70bd,piracy,cet2016-p106-r29-c2,listed_related,,literal
cet4-w-a2410d718ad84068f0fa,pistol,cet2016-p106-r30-c1,headword,,literal
cet4-w-db0954617e6beda6cd10,pit,cet2016-p106-r31-c1,headword,,literal
cet4-w-d98620f9508e8313c599,pitch,cet2016-p106-r32-c1,headword,,literal
cet4-w-2f359bd389de2b0f617d,pity,cet2016-p106-r33-c1,headword,,literal
cet4-w-ca28e88c2679a56a3840,pizza,cet2016-p106-r34-c1,headword,,literal
cet4-w-cdbc9aa7758cdfaaac49,place,cet2016-p106-r35-c1,headword,,literal
cet4-w-bf6383464fc100fbf6ba,placement,cet2016-p106-r35-c2,listed_related,,literal
cet4-w-d65c5fd83dc3616dd802,plague,cet2016-p106-r36-c1,headword,,literal
cet4-w-e2d62fa39ef64b96e4b4,plain,cet2016-p106-r37-c1,headword,,literal
cet4-w-29923906f4c664327cb5,plan,cet2016-p106-r39-c1,headword,,literal
cet4-w-cf14b16e2aa42e145c80,planning,cet2016-p106-r39-c2,listed_related,,literal
cet4-w-caf0aacb0b846d7e9aa3,planner,cet2016-p106-r39-c3,listed_related,,literal
cet4-w-1a9599cc18503cc0cad6,plane,cet2016-p106-r40-c1,headword,,literal
cet4-w-dcbad5f3c346d9f63e9c,planet,cet2016-p106-r41-c1,headword,,literal
cet4-w-303c65dabbbbe1db311e,planetary,cet2016-p106-r41-c2,listed_related,,literal
cet4-w-dac46f048aac4e74d55c,plant,cet2016-p106-r42-c1,headword,,literal
cet4-w-5ec5d246b2af6ff49a16,plantation,cet2016-p106-r42-c2,listed_related,,literal
cet4-w-aa40f554c427bc3ca2d3,plastic,cet2016-p107-r01-c1,headword,,literal
cet4-w-00d035ee2989beefcb42,plate,cet2016-p107-r02-c1,headword,,literal
cet4-w-70e283c671ce5220d850,platform,cet2016-p107-r04-c1,headword,,literal
cet4-w-90bd7b73b74b68af4c44,play,cet2016-p107-r06-c1,headword,,literal
cet4-w-eb272c62d18e90b38b00,player,cet2016-p107-r06-c2,listed_related,,literal
cet4-w-23ac15d77829cb74e368,playground,cet2016-p107-r07-c1,headword,,literal
cet4-w-96a68923ce2d3d172eb5,please,cet2016-p107-r11-c1,headword,,literal
cet4-w-64a015bc0bd2f982bcdc,pleasure,cet2016-p107-r11-c2,listed_related,,literal
cet4-w-581e8925b87930bc4824,pleasant,cet2016-p107-r11-c3,listed_related,,literal
cet4-w-de4e03339d4155a13802,pleasing,cet2016-p107-r11-c4,listed_related,,literal
cet4-w-c1eb1fa591f86658e514,pledge,cet2016-p107-r12-c1,headword,,literal
cet4-w-43963df3c0b42ed59b1e,plenty,cet2016-p107-r13-c1,headword,,literal
cet4-w-2cfc98c8cd2300bc1baa,plentiful,cet2016-p107-r13-c2,listed_related,,literal
cet4-w-ee5dd011520d342c3828,plot,cet2016-p107-r15-c1,headword,,literal
cet4-w-e14ab9a96c67a7c88360,plough,cet2016-p107-r16-c1,headword,,orthographic
cet4-w-096d22559273dea75cb2,plug,cet2016-p107-r17-c1,headword,,literal
cet4-w-aeadb74e6d2f4d0029d5,plunge,cet2016-p107-r20-c1,headword,,literal
cet4-w-2d03b371b73d16b1ee6c,plural,cet2016-p107-r21-c1,headword,,literal
cet4-w-e65ccd583d19d059db14,plus,cet2016-p107-r22-c1,headword,,literal
cet4-w-8ef4c90381ecfef914e0,pocket,cet2016-p107-r23-c1,headword,,literal
cet4-w-b2a24a876c97be99b102,podcast,cet2016-p107-r24-c1,headword,,literal
cet4-w-8354090ca6cfa90b84f9,poem,cet2016-p107-r25-c1,headword,,literal
cet4-w-0e08cfb88952fba4553e,poetry,cet2016-p107-r25-c2,listed_related,,literal
cet4-w-f2b5017a4085ec443648,poet,cet2016-p107-r26-c1,headword,,literal
cet4-w-6e517f3c7ee000693286,poetic,cet2016-p107-r26-c2,listed_related,,literal
cet4-w-7d62df2eaeed2c0f45e5,point,cet2016-p107-r27-c1,headword,,literal
cet4-w-51d8f0b7406358efc0f2,pointless,cet2016-p107-r27-c2,listed_related,,literal
cet4-w-f852f82e660adf140123,poison,cet2016-p107-r29-c1,headword,,literal
cet4-w-fe05c0fd859298633a0e,poisonous,cet2016-p107-r29-c2,listed_related,,literal
cet4-w-649d33a7e632f5a26669,pole,cet2016-p107-r31-c1,headword,,literal
cet4-w-5457a9c1a1c8aa0e1e51,polar,cet2016-p107-r31-c2,listed_related,,literal
cet4-w-2e75ce855297a4575e14,police,cet2016-p107-r32-c1,headword,,literal
cet4-w-11aab8a6428b80cf7e22,policeman,cet2016-p107-r32-c2,listed_related,,literal
cet4-w-d6ea449aeb93a1aca9b7,policy,cet2016-p107-r33-c1,headword,,literal
cet4-w-c92f88e9b9f71c54aa18,polish,cet2016-p107-r34-c1,headword,,literal
cet4-w-891eb2cce9e01ffdce83,polite,cet2016-p107-r35-c1,headword,,literal
cet4-w-d44565b061edfb27e665,politeness,cet2016-p107-r35-c2,listed_related,,literal
cet4-w-c99ac9a0d5de62c470e0,politics,cet2016-p107-r36-c1,headword,,literal
cet4-w-64ce058561af7bfc974f,political,cet2016-p107-r36-c2,listed_related,,literal
cet4-w-7a5e2769f37fdda2a59d,politician,cet2016-p107-r36-c3,listed_related,,literal
cet4-w-65f25f7efbebd0b0434b,poll,cet2016-p107-r37-c1,headword,,literal
cet4-w-817c6df3c1e91cd272b9,pollster,cet2016-p107-r37-c2,listed_related,,literal
cet4-w-d8a7d7f4192485d7f1c3,pollute,cet2016-p107-r38-c1,headword,,literal
cet4-w-fa62e6a64562f97b5cfd,pollution,cet2016-p107-r38-c2,listed_related,,literal
cet4-w-c9733623b7e097adf4cb,pollutant,cet2016-p107-r38-c3,listed_related,,literal
cet4-w-df72d32ddda6a8b944f9,pond,cet2016-p107-r40-c1,headword,,literal
cet4-w-db983d468ce62be389a7,pool,cet2016-p107-r42-c1,headword,,literal
cet4-w-6321733d5e750ed65b90,poor,cet2016-p108-r01-c1,headword,,literal
cet4-w-e6a76c58b8ddb7cfadc4,poverty,cet2016-p108-r01-c2,listed_related,,literal
cet4-w-13cfbd762b7fad26f184,pop,cet2016-p108-r02-c1,headword,,literal
cet4-w-6d3338e8e266f962ab82,popular,cet2016-p108-r03-c1,headword,,literal
cet4-w-aee2778cf0426a9f7087,popularity,cet2016-p108-r03-c2,listed_related,,literal
cet4-w-1ceb293f9200d5a3fc8d,population,cet2016-p108-r04-c1,headword,,literal
cet4-w-f1a85032b3817931e42c,populous,cet2016-p108-r04-c2,listed_related,,literal
cet4-w-c2d9135cd3ac10862e03,populate,cet2016-p108-r04-c3,listed_related,,literal
cet4-w-4347f814689c8f267afd,pork,cet2016-p108-r07-c1,headword,,literal
cet4-w-28bf662aa965e276b6f1,port,cet2016-p108-r09-c1,headword,,literal
cet4-w-715ad92a98f37b8e657f,portable,cet2016-p108-r09-c2,listed_related,,literal
cet4-w-a1dcb43e07e4931cd788,porter,cet2016-p108-r09-c3,listed_related,,literal
cet4-w-5667c9e13ec424468116,portion,cet2016-p108-r11-c1,headword,,literal
cet4-w-1b3b76ab325e307972b8,pose,cet2016-p108-r13-c1,headword,,literal
cet4-w-dbf56267998ef3b2986f,posture,cet2016-p108-r13-c2,listed_related,,literal
cet4-w-69b3c4f5fcced1cb4f77,position,cet2016-p108-r14-c1,headword,,literal
cet4-w-3f459c021f271687b257,positive,cet2016-p108-r15-c1,headword,,literal
cet4-w-796ff48e70ed0d3ae65a,possess,cet2016-p108-r16-c1,headword,,literal
cet4-w-44703161d23f1ca58836,possession,cet2016-p108-r16-c2,listed_related,,literal
cet4-w-1f9931e44a73d365a5bc,possessive,cet2016-p108-r16-c3,listed_related,,literal
cet4-w-788b4b8dc351812eca41,possible,cet2016-p108-r17-c1,headword,,literal
cet4-w-997dbf12a8c5d96089ec,possibility,cet2016-p108-r17-c2,listed_related,,literal
cet4-w-9f4462f20875c3b9db6b,possibly,cet2016-p108-r17-c3,listed_related,,literal
cet4-w-34dae300f3b1295a18d2,post,cet2016-p108-r18-c1,headword,1,literal
cet4-w-59957ecc215a30840591,postage,cet2016-p108-r18-c2,listed_related,,literal
cet4-w-1844d76638eb05760039,postman,cet2016-p108-r18-c3,listed_related,,literal
cet4-w-34dae300f3b1295a18d2,post,cet2016-p108-r19-c1,headword,2,literal
cet4-w-57d2f9f737ed806d24d1,postcard,cet2016-p108-r20-c1,headword,,literal
cet4-w-539762b9d701ac16203b,poster,cet2016-p108-r21-c1,headword,,literal
cet4-w-c47683b41e78209bdbc1,postpone,cet2016-p108-r22-c1,headword,,literal
cet4-w-5cf646aac68b8ef1e21d,postponement,cet2016-p108-r22-c2,listed_related,,literal
cet4-w-ac78b40ba753cc0a72f8,pot,cet2016-p108-r23-c1,headword,,literal
cet4-w-9035b0fc877addb816ae,potato,cet2016-p108-r24-c1,headword,,literal
cet4-w-5f7911a38fbefd7c4f12,potential,cet2016-p108-r26-c1,headword,,literal
cet4-w-ee8858e4458e320792e6,potentiality,cet2016-p108-r26-c2,listed_related,,literal
cet4-w-4f8221e48155a487966a,pound,cet2016-p108-r29-c1,headword,1,literal
cet4-w-4f8221e48155a487966a,pound,cet2016-p108-r30-c1,headword,2,literal
cet4-w-e39f01777ee8a180e1cc,pour,cet2016-p108-r31-c1,headword,,literal
cet4-w-3f27fb8e0d3bca3b6732,powder,cet2016-p108-r32-c1,headword,,literal
cet4-w-2ce7a5d345c787af277e,power,cet2016-p108-r33-c1,headword,,literal
cet4-w-ccef5a6793bdd87533db,powerful,cet2016-p108-r33-c2,listed_related,,literal
cet4-w-933fb89378391255294a,practise,cet2016-p108-r34-c1,headword,,orthographic
cet4-w-37ae217d698bc1e106ae,practicable,cet2016-p108-r34-c2,listed_related,,literal
cet4-w-210644ae9316bd5866ee,practical,cet2016-p108-r35-c1,headword,,literal
cet4-w-6dfb813f131b29fcee80,practicality,cet2016-p108-r35-c2,listed_related,,literal
cet4-w-d0b4fd7ba8fca4e85f22,praise,cet2016-p108-r37-c1,headword,,literal
cet4-w-ad71174797a229b6d859,pray,cet2016-p108-r38-c1,headword,,literal
cet4-w-5813c081806be89ff431,prayer,cet2016-p108-r38-c2,listed_related,1,literal
cet4-w-5813c081806be89ff431,prayer,cet2016-p108-r38-c3,listed_related,2,literal
cet4-w-cfac1aebfde3c198a406,preach,cet2016-p108-r39-c1,headword,,literal
cet4-w-3cefcae91628c8716124,preacher,cet2016-p108-r39-c2,listed_related,,literal
cet4-w-43c0b19374f58efdf609,precaution,cet2016-p108-r40-c1,headword,,literal
cet4-w-e6cb5c6ebd7b7215a123,precautionary,cet2016-p108-r40-c2,listed_related,,literal
cet4-w-88a5fa35f5caf33515b2,precious,cet2016-p108-r42-c1,headword,,literal
cet4-w-8ab5da1135d8b3b089d4,precise,cet2016-p109-r01-c1,headword,,literal
cet4-w-de100e35ea8b294ef61c,precision,cet2016-p109-r01-c2,listed_related,,literal
cet4-w-5a4bcf4671462596e920,precisely,cet2016-p109-r01-c3,listed_related,,literal
cet4-w-a6f1d1273857ca289747,predict,cet2016-p109-r04-c1,headword,,literal
cet4-w-bd47fe4ca041918d9ab5,prediction,cet2016-p109-r04-c2,listed_related,,literal
cet4-w-b7348b5491b04fd4ff90,predictable,cet2016-p109-r04-c3,listed_related,,literal
cet4-w-308a10897e4a3089c377,preface,cet2016-p109-r06-c1,headword,,literal
cet4-w-282fbd1a959e4c7d2521,prefer,cet2016-p109-r07-c1,headword,,literal
cet4-w-0149ce1d0be9dadcbfec,preferable,cet2016-p109-r07-c2,listed_related,,literal
cet4-w-9f547d2dbbe002e08b87,preference,cet2016-p109-r07-c3,listed_related,,literal
cet4-w-622acab7c9787aa7cdf5,preferential,cet2016-p109-r07-c4,listed_related,,literal
cet4-w-41b0d7a054d09d746f9a,pregnant,cet2016-p109-r08-c1,headword,,literal
cet4-w-1785801efe03d2f83277,pregnancy,cet2016-p109-r08-c2,listed_related,,literal
cet4-w-9496399260e7a9be69e4,prejudice,cet2016-p109-r09-c1,headword,,literal
cet4-w-0927d5c3f334c68f47e7,preliminary,cet2016-p109-r10-c1,headword,,literal
cet4-w-7d1ded735d87a363ceec,premier,cet2016-p109-r12-c1,headword,,literal
cet4-w-ce5aea2f557599008cb6,prepare,cet2016-p109-r16-c1,headword,,literal
cet4-w-d667f879350655fbb155,preparation,cet2016-p109-r16-c2,listed_related,,literal
cet4-w-1242a17b36dead764b75,preparatory,cet2016-p109-r16-c3,listed_related,,literal
cet4-w-bcae3f415727ff2ee323,preposition,cet2016-p109-r17-c1,headword,,literal
cet4-w-cc5960b607a0c9ff396d,prescribe,cet2016-p109-r19-c1,headword,,literal
cet4-w-d29d0701301042905a8f,prescription,cet2016-p109-r19-c2,listed_related,,literal
cet4-w-95b349270d8e6f53ae8a,present,cet2016-p109-r20-c1,headword,1,literal
cet4-w-8cf784e55d69a14c3d1e,presence,cet2016-p109-r20-c2,listed_related,,literal
cet4-w-95b349270d8e6f53ae8a,present,cet2016-p109-r21-c1,headword,2,literal
cet4-w-83bfc9459e92b2e0db35,presentation,cet2016-p109-r21-c2,listed_related,,literal
cet4-w-95b349270d8e6f53ae8a,present,cet2016-p109-r22-c1,headword,3,literal
cet4-w-38840c855d828f8b5341,presently,cet2016-p109-r22-c2,listed_related,,literal
cet4-w-f6781ff591201d2b20ba,preserve,cet2016-p109-r23-c1,headword,,literal
cet4-w-76bc91b7f037e3e7d473,preservation,cet2016-p109-r23-c2,listed_related,,literal
cet4-w-4c80a7f684bd871eb6ec,preservative,cet2016-p109-r23-c3,listed_related,,literal
cet4-w-72dcfe19d22198c99fb5,president,cet2016-p109-r25-c1,headword,,literal
cet4-w-aac32ab0a1f021da674b,presidency,cet2016-p109-r25-c2,listed_related,,literal
cet4-w-9b7e0b65f5a6135b535c,presidential,cet2016-p109-r25-c3,listed_related,,literal
cet4-w-a2b4f16643a29faef0ca,press,cet2016-p109-r26-c1,headword,1,literal
cet4-w-a2b4f16643a29faef0ca,press,cet2016-p109-r27-c1,headword,2,literal
cet4-w-1fe1868903e6639c94c3,pressure,cet2016-p109-r27-c2,listed_related,,literal
cet4-w-95b78e9b109355167769,pressing,cet2016-p109-r27-c3,listed_related,,literal
cet4-w-cc960672d1a45a8b687a,pretend,cet2016-p109-r30-c1,headword,,literal
cet4-w-dfc3a1f2fc35ab72cace,pretense,cet2016-p109-r30-c2,listed_related,,orthographic
cet4-w-eb0e96b8b11c1b0cdc61,pretty,cet2016-p109-r32-c1,headword,,literal
cet4-w-02b714805da9433ee16b,prevail,cet2016-p109-r33-c1,headword,,literal
cet4-w-35db154be0072a19840a,prevalence,cet2016-p109-r33-c2,listed_related,,literal
cet4-w-e109951d7c7a0d5c7519,prevalent,cet2016-p109-r33-c3,listed_related,,literal
cet4-w-cb2b5c31522d9e7927a6,prevent,cet2016-p109-r34-c1,headword,,literal
cet4-w-2cf2904d5411b1f1a7d7,prevention,cet2016-p109-r34-c2,listed_related,,literal
cet4-w-7a0260496ae3a863c3e9,preventive,cet2016-p109-r34-c3,listed_related,,literal
cet4-w-0208f784a1a355e9719e,preview,cet2016-p109-r35-c1,headword,,literal
cet4-w-fc1435bfee5d756e4809,previous,cet2016-p109-r36-c1,headword,,literal
cet4-w-895aedd848b2e72896e8,price,cet2016-p109-r38-c1,headword,,literal
cet4-w-0b90557ad9364453a38d,priceless,cet2016-p109-r38-c2,listed_related,,literal
cet4-w-c5b3715438001bbc5c5c,pride,cet2016-p109-r39-c1,headword,,literal
cet4-w-000d36c81dbff910a045,proud,cet2016-p109-r39-c2,listed_related,,literal
cet4-w-f256f0c21091210b3630,priest,cet2016-p109-r40-c1,headword,,literal
cet4-w-44f38a203badbabf17f7,primary,cet2016-p109-r41-c1,headword,,literal
cet4-w-8f9cc7d940d19011f2f8,primarily,cet2016-p109-r41-c2,listed_related,,literal
cet4-w-a0090b274a0169532435,prime,cet2016-p109-r42-c1,headword,,literal
cet4-w-9567abcfe16330bf7185,primitive,cet2016-p110-r01-c1,headword,,literal
cet4-w-279f0b7d8685981a8e67,prince,cet2016-p110-r02-c1,headword,,distinct_lexemes
cet4-w-6100aa1f6b7963fb74ca,princess,cet2016-p110-r02-c1,headword,,distinct_lexemes
cet4-w-31dcd8793539c3fd041d,principal,cet2016-p110-r03-c1,headword,,literal
cet4-w-455e6748b4d325a3e606,principle,cet2016-p110-r04-c1,headword,,literal
cet4-w-1a2afefe5c4b039f012c,print,cet2016-p110-r05-c1,headword,,literal
cet4-w-5fa35ec97eb19dd96041,printer,cet2016-p110-r05-c2,listed_related,,literal
cet4-w-cdfde1df5e1179a4fb44,printing,cet2016-p110-r05-c3,listed_related,,literal
cet4-w-1fcdfa0c8ac75f42074b,prior,cet2016-p110-r06-c1,headword,,literal
cet4-w-3b1e06154d1e1da9af08,priority,cet2016-p110-r06-c2,listed_related,,literal
cet4-w-17dddca769ccd2e9a66c,prison,cet2016-p110-r07-c1,headword,,literal
cet4-w-2c3e9b618e10ad8249d9,prisoner,cet2016-p110-r07-c2,listed_related,,literal
cet4-w-48b2237078cf0b1206ab,private,cet2016-p110-r08-c1,headword,,literal
cet4-w-027d0bc3d00291a91cb1,privacy,cet2016-p110-r08-c2,listed_related,,literal
cet4-w-5ce83452fb06e5825db2,privatize,cet2016-p110-r08-c3,listed_related,,orthographic
cet4-w-4d7687f2d8f73003778b,privatization,cet2016-p110-r08-c4,listed_related,,orthographic
cet4-w-c1a6f68dcf75bd8f8686,privilege,cet2016-p110-r09-c1,headword,,literal
cet4-w-323389565a4034a1693f,privileged,cet2016-p110-r09-c2,listed_related,,literal
cet4-w-5417338e237745f6b181,prize,cet2016-p110-r10-c1,headword,,literal
cet4-w-b49dc85d716562b90105,probable,cet2016-p110-r11-c1,headword,,literal
cet4-w-039ec3896a36b78e159f,probability,cet2016-p110-r11-c2,listed_related,,literal
cet4-w-86708441d619a4cffa34,probably,cet2016-p110-r11-c3,listed_related,,literal
cet4-w-ed88f6038f9a3bfab5bd,problem,cet2016-p110-r13-c1,headword,,literal
cet4-w-d916f24b2f22dd4c8d2b,problematic,cet2016-p110-r13-c2,listed_related,,literal
cet4-w-2c6720758036ff8785c4,procedure,cet2016-p110-r14-c1,headword,,literal
cet4-w-b2f3c93dcb40273a5726,proceed,cet2016-p110-r15-c1,headword,,literal
cet4-w-9bbbc863ffbfc0c56b8e,proceedings,cet2016-p110-r15-c2,listed_related,,literal
cet4-w-1660ad04da5a63af629b,process,cet2016-p110-r16-c1,headword,,literal
cet4-w-165aafb028ac79d427e1,processor,cet2016-p110-r16-c2,listed_related,,literal
cet4-w-076090bc14018b5559fe,procession,cet2016-p110-r17-c1,headword,,literal
cet4-w-72d4f8899d7f6be1f46d,proclaim,cet2016-p110-r18-c1,headword,,literal
cet4-w-9069885f8d91840ffa9f,proclamation,cet2016-p110-r18-c2,listed_related,,literal
cet4-w-a87084012183e25887ae,produce,cet2016-p110-r19-c1,headword,,literal
cet4-w-baf93f1c7522160e2938,production,cet2016-p110-r19-c2,listed_related,,literal
cet4-w-015e941e489248b0e16e,productive,cet2016-p110-r19-c3,listed_related,,literal
cet4-w-96e7e040d2db71c5f4c6,productivity,cet2016-p110-r19-c4,listed_related,,literal
cet4-w-d13e0bc857cdaab0c197,product,cet2016-p110-r20-c1,headword,,literal
cet4-w-b7b2d07824f211421b54,profession,cet2016-p110-r21-c1,headword,,literal
cet4-w-99fd8e2fc0fc0610aca4,professional,cet2016-p110-r21-c2,listed_related,,literal
cet4-w-7651de3a5b233835a924,professor,cet2016-p110-r22-c1,headword,,literal
cet4-w-a34a4ee6153a10edbde2,proficient,cet2016-p110-r23-c1,headword,,literal
cet4-w-b2d959c9c2b0c1432a60,proficiency,cet2016-p110-r23-c2,listed_related,,literal
cet4-w-43a03774aed13b550370,profit,cet2016-p110-r25-c1,headword,,literal
cet4-w-a3875266c236678143c7,profitable,cet2016-p110-r25-c2,listed_related,,literal
cet4-w-cd701e6505544ba5beba,profound,cet2016-p110-r26-c1,headword,,literal
cet4-w-1fdfdec531a328082d8a,program,cet2016-p110-r27-c1,headword,,orthographic
cet4-w-bc702afec494d9bd0d8b,progress,cet2016-p110-r28-c1,headword,,literal
cet4-w-789c8881f8b6b16e83b6,progressive,cet2016-p110-r28-c2,listed_related,,literal
cet4-w-72fc37b7908a3871640f,progression,cet2016-p110-r28-c3,listed_related,,literal
cet4-w-c149552fea317fd045aa,prohibit,cet2016-p110-r29-c1,headword,,literal
cet4-w-ccdc1694e9478bcb7186,prohibition,cet2016-p110-r29-c2,listed_related,,literal
cet4-w-b5d67fd1562d7265c62f,prohibitive,cet2016-p110-r29-c3,listed_related,,literal
cet4-w-c2bf616f286cc20677f1,project,cet2016-p110-r30-c1,headword,1,literal
cet4-w-c2bf616f286cc20677f1,project,cet2016-p110-r31-c1,headword,2,literal
cet4-w-b2ce75639b8a2c50e6e7,projector,cet2016-p110-r31-c2,listed_related,,literal
cet4-w-49ea6a875da1d71b69c3,projection,cet2016-p110-r31-c3,listed_related,,literal
cet4-w-e458bb6ab77441b7fc6e,prominent,cet2016-p110-r33-c1,headword,,literal
cet4-w-9a323e2320a55e7b688f,prominence,cet2016-p110-r33-c2,listed_related,,literal
cet4-w-2f4078efa2c7408baf3e,promise,cet2016-p110-r34-c1,headword,,literal
cet4-w-a08b8537fe27627f9e7d,promising,cet2016-p110-r34-c2,listed_related,,literal
cet4-w-5c3ac0bb3b28dfacd4f9,promote,cet2016-p110-r35-c1,headword,,literal
cet4-w-1d738f30336e7aa12d6f,promotion,cet2016-p110-r35-c2,listed_related,,literal
cet4-w-29049847076a20b85310,prompt,cet2016-p110-r36-c1,headword,,literal
cet4-w-de06861f9c02f5ffd83d,pronoun,cet2016-p110-r38-c1,headword,,literal
cet4-w-4711685a1b255273fd83,pronounce,cet2016-p110-r39-c1,headword,,literal
cet4-w-7949a6cc853d90ee98af,pronunciation,cet2016-p110-r39-c2,listed_related,,literal
cet4-w-23a8928c589746ad9fd4,proof,cet2016-p110-r40-c1,headword,,literal
cet4-w-08c3bf2612948b323e0e,proper,cet2016-p111-r04-c1,headword,,literal
cet4-w-e0e472674c9900ffe4ce,property,cet2016-p111-r05-c1,headword,,literal
cet4-w-68d725f6dbd690b70621,proportion,cet2016-p111-r06-c1,headword,,literal
cet4-w-c49c54d881454c77a35c,proportional,cet2016-p111-r06-c2,listed_related,,literal
cet4-w-d761a6b669c1f91260d2,propose,cet2016-p111-r07-c1,headword,,literal
cet4-w-3384dcf808f1ef68d0f6,proposal,cet2016-p111-r07-c2,listed_related,,literal
cet4-w-337b1e7c8807844947ed,proposition,cet2016-p111-r07-c3,listed_related,,literal
cet4-w-41a0df052e0373f99a52,prose,cet2016-p111-r08-c1,headword,,literal
cet4-w-f262db840d22de476630,prospect,cet2016-p111-r10-c1,headword,,literal
cet4-w-57b2d331951b5adae7c9,prospective,cet2016-p111-r10-c2,listed_related,,literal
cet4-w-8cd0f88d52501b93cfb9,protect,cet2016-p111-r12-c1,headword,,literal
cet4-w-354803133dd777e663ea,protection,cet2016-p111-r12-c2,listed_related,,literal
cet4-w-420dd674c6ade7e3d185,protective,cet2016-p111-r12-c3,listed_related,,literal
cet4-w-acf84d914e3ef565af95,protein,cet2016-p111-r13-c1,headword,,literal
cet4-w-d8c316c70a6fd53e9620,protest,cet2016-p111-r14-c1,headword,,literal
cet4-w-140cf80359181879f6f6,prove,cet2016-p111-r17-c1,headword,,literal
cet4-w-d29be11069f84d27d6f2,proverb,cet2016-p111-r18-c1,headword,,literal
cet4-w-0f73f67af717da6d7e63,proverbial,cet2016-p111-r18-c2,listed_related,,literal
cet4-w-8249715f89c1c775887c,provide,cet2016-p111-r19-c1,headword,,literal
cet4-w-0c3eff31cac9a9bc1153,provision,cet2016-p111-r19-c2,listed_related,,literal
cet4-w-b7872938f182fd0b12b8,provided,cet2016-p111-r20-c1,headword,,literal
cet4-w-9ff2b9a9d5af0f2f4c2e,province,cet2016-p111-r21-c1,headword,,literal
cet4-w-2c30d3b9ad5710a76cbd,provincial,cet2016-p111-r21-c2,listed_related,,literal
cet4-w-5c8cb0d66aaea55b803f,provoke,cet2016-p111-r22-c1,headword,,literal
cet4-w-4fa556d8007867a4e691,provocation,cet2016-p111-r22-c2,listed_related,,literal
cet4-w-cf5c7e0aa40c95e0a494,provocative,cet2016-p111-r22-c3,listed_related,,literal
cet4-w-c6a8812a8f231ec60d0e,psychology,cet2016-p111-r25-c1,headword,,literal
cet4-w-97acf9c5db84d4568f62,psychological,cet2016-p111-r25-c2,listed_related,,literal
cet4-w-7f430172d4f85563c572,psychologist,cet2016-p111-r25-c3,listed_related,,literal
cet4-w-16ee2e7f43fb992b7281,pub,cet2016-p111-r26-c1,headword,,literal
cet4-w-0eb6b52e6a84e3c8183a,public,cet2016-p111-r27-c1,headword,,literal
cet4-w-3f2bdb17576fe55d7ccb,publicize,cet2016-p111-r27-c2,listed_related,,orthographic
cet4-w-aad49954e2c1e440fe82,publicity,cet2016-p111-r27-c3,listed_related,,literal
cet4-w-71fd062a7ff0d4cd01ff,publicly,cet2016-p111-r27-c4,listed_related,,literal
cet4-w-1cecebc04c27b1cfef28,publish,cet2016-p111-r28-c1,headword,,literal
cet4-w-c172e54d1754819a7f09,publication,cet2016-p111-r28-c2,listed_related,,literal
cet4-w-df1bf3c987481202316d,pull,cet2016-p111-r30-c1,headword,,literal
cet4-w-34ba52c6e51e5221fde4,pulse,cet2016-p111-r31-c1,headword,,literal
cet4-w-8b7d133f568bbf1a0373,pump,cet2016-p111-r32-c1,headword,,literal
cet4-w-3848a9372b39db382296,punch,cet2016-p111-r34-c1,headword,,literal
cet4-w-4eaaaca6cb4b5e035f2b,punctual,cet2016-p111-r35-c1,headword,,literal
cet4-w-a5b0ff31aea63b3e6618,punctuality,cet2016-p111-r35-c2,listed_related,,literal
cet4-w-1b9d9716460d91ff776f,punish,cet2016-p111-r36-c1,headword,,literal
cet4-w-bf36e1b5717b48091173,punishment,cet2016-p111-r36-c2,listed_related,,literal
cet4-w-c6f470e23febe0616338,pupil,cet2016-p111-r37-c1,headword,,literal
cet4-w-9006418e41074473f560,purchase,cet2016-p111-r38-c1,headword,,literal
cet4-w-7d264f5a5671bba1f42e,pure,cet2016-p111-r39-c1,headword,,literal
cet4-w-de7edbed30f907b3c38f,purity,cet2016-p111-r39-c2,listed_related,,literal
cet4-w-4b20e93e4f243f854e74,purify,cet2016-p111-r39-c3,listed_related,,literal
cet4-w-1e26ef82862845123d75,purple,cet2016-p111-r40-c1,headword,,literal
cet4-w-1796e3c80dde8d548cf7,purpose,cet2016-p111-r41-c1,headword,,literal
cet4-w-dab721430255bf934709,purposeful,cet2016-p111-r41-c2,listed_related,,literal
cet4-w-1cd1ca02241887d8f7b1,purse,cet2016-p111-r42-c1,headword,,literal
cet4-w-46c65ad943e8a1536f82,pursue,cet2016-p112-r01-c1,headword,,literal
cet4-w-804d5eb7753edef8e602,pursuit,cet2016-p112-r01-c2,listed_related,,literal
cet4-w-067e3243958b5b2ed302,push,cet2016-p112-r02-c1,headword,,literal
cet4-w-d29a2d45d0677c131e1b,pushy,cet2016-p112-r02-c2,listed_related,,literal
cet4-w-ba3003c302371f3e238c,put,cet2016-p112-r03-c1,headword,,literal
cet4-w-f0c949fd38ef267a7288,puzzle,cet2016-p112-r04-c1,headword,,literal
cet4-w-300fc5d1f221f2ab0baf,puzzlement,cet2016-p112-r04-c2,listed_related,,literal
cet4-w-0b2eab04ada8ed0ba995,quake,cet2016-p112-r06-c1,headword,,literal
cet4-w-61fcdb2b72fa192f637e,qualify,cet2016-p112-r07-c1,headword,,literal
cet4-w-78959f4a33680b2d0422,qualification,cet2016-p112-r07-c2,listed_related,,literal
cet4-w-865ca5f298b64e3cb887,quality,cet2016-p112-r08-c1,headword,,literal
cet4-w-3fd127a1f74200ca88dc,qualitative,cet2016-p112-r08-c2,listed_related,,literal
cet4-w-94085e466fd07a3957fc,quantify,cet2016-p112-r09-c1,headword,,literal
cet4-w-b2f513bfc3e1ce058d75,quantification,cet2016-p112-r09-c2,listed_related,,literal
cet4-w-30ca3ccfea5d5222c9e7,quantity,cet2016-p112-r10-c1,headword,,literal
cet4-w-7ecf220089b749e40c93,quantitative,cet2016-p112-r10-c2,listed_related,,literal
cet4-w-40b4feac8235929d7a02,quarrel,cet2016-p112-r11-c1,headword,,literal
cet4-w-78e3bc95093c72280762,quarrelsome,cet2016-p112-r11-c2,listed_related,,literal
cet4-w-88864172e62aff156317,quarter,cet2016-p112-r13-c1,headword,,literal
cet4-w-dfafe1e2b696b7903343,quarterly,cet2016-p112-r13-c2,listed_related,,literal
cet4-w-369d3ec8d65169896f57,queen,cet2016-p112-r14-c1,headword,,literal
cet4-w-1647ab2be74a3c771be8,question,cet2016-p112-r17-c1,headword,,literal
cet4-w-efea2aeb18d346073879,questionnaire,cet2016-p112-r17-c2,listed_related,,literal
cet4-w-ce1377180b245f0fc097,queue,cet2016-p112-r18-c1,headword,,literal
cet4-w-7359ca8e1ec0f6f52393,quick,cet2016-p112-r19-c1,headword,,literal
cet4-w-4f5b2492353a8041f325,quiet,cet2016-p112-r20-c1,headword,,literal
cet4-w-8955a7631f94b85b4f1b,quit,cet2016-p112-r21-c1,headword,,literal
cet4-w-714d6d9cbc8695e779ce,quite,cet2016-p112-r22-c1,headword,,literal
cet4-w-1a6234e0cf12ce8f3c62,quiz,cet2016-p112-r24-c1,headword,,literal
cet4-w-9c67a821d5e279dd5c80,quota,cet2016-p112-r25-c1,headword,,literal
cet4-w-940ff4051af2229a8d5e,quote,cet2016-p112-r26-c1,headword,,literal
cet4-w-e4d605b16add2e0a7332,quotation,cet2016-p112-r26-c2,listed_related,,literal
cet4-w-d529a71af386efbddf45,rabbit,cet2016-p112-r27-c1,headword,,literal
cet4-w-426d325f58965d43d39f,race,cet2016-p112-r28-c1,headword,1,literal
cet4-w-14f92f776494de7402e1,racial,cet2016-p112-r28-c2,listed_related,,literal
cet4-w-35ee76c60679754b4c4d,racism,cet2016-p112-r28-c3,listed_related,,literal
cet4-w-d3edbd05f48e48821211,racist,cet2016-p112-r28-c4,listed_related,,literal
cet4-w-426d325f58965d43d39f,race,cet2016-p112-r29-c1,headword,2,literal
cet4-w-eed20941443a6c26b60b,rack,cet2016-p112-r30-c1,headword,,literal
cet4-w-af91ba75aba2879feab4,radar,cet2016-p112-r31-c1,headword,,literal
cet4-w-afac14ed92eed83cb2f2,radical,cet2016-p112-r33-c1,headword,,literal
cet4-w-c06470cb05de9f135e69,radio,cet2016-p112-r34-c1,headword,,literal
cet4-w-91815b10c3c2aa303965,rag,cet2016-p112-r36-c1,headword,,literal
cet4-w-701b71ee38626f22b48e,ragged,cet2016-p112-r36-c2,listed_related,,literal
cet4-w-3e73eeb791f4c6e8726e,raggedly,cet2016-p112-r36-c3,listed_related,,literal
cet4-w-c7b97c7b4c31685b30cc,rage,cet2016-p112-r37-c1,headword,,literal
cet4-w-bbcee9d758fc7ba7ca85,raging,cet2016-p112-r37-c2,listed_related,,literal
cet4-w-569ae4dcf724f83ee56c,raid,cet2016-p112-r38-c1,headword,,literal
cet4-w-85156d3bff946efb1434,rail,cet2016-p112-r39-c1,headword,,literal
cet4-w-4f5a77c5dd344aa32677,railway,cet2016-p112-r40-c1,headword,,distinct_lexemes
cet4-w-f52c9407a6b8d4a9bc05,railroad,cet2016-p112-r40-c1,headword,,distinct_lexemes
cet4-w-052a3cf844521bc02e7a,rain,cet2016-p112-r41-c1,headword,,literal
cet4-w-7a22ac184b4251a2f5cc,rainy,cet2016-p112-r41-c2,listed_related,,literal
cet4-w-cce63c5f941b4f36c77f,rainbow,cet2016-p112-r42-c1,headword,,literal
cet4-w-3c320c6c789051eb9f10,raincoat,cet2016-p113-r01-c1,headword,,literal
cet4-w-3ceb9ef2c93ba5528a32,raise,cet2016-p113-r02-c1,headword,,literal
cet4-w-624a7a36b17fdda16f9b,rally,cet2016-p113-r03-c1,headword,,literal
cet4-w-71e377a58836133df41f,range,cet2016-p113-r06-c1,headword,,literal
cet4-w-2afd01b31dcbf4e6b93c,rank,cet2016-p113-r07-c1,headword,,literal
cet4-w-df2b82646ae75bcff240,rapid,cet2016-p113-r10-c1,headword,,literal
cet4-w-62c6d6ad85dbd48467c7,rapidity,cet2016-p113-r10-c2,listed_related,,literal
cet4-w-14fc37abc939993a6807,rare,cet2016-p113-r11-c1,headword,,literal
cet4-w-71f6b76474f0b5e4ebfb,rarely,cet2016-p113-r11-c2,listed_related,,literal
cet4-w-fedff11dc06dad603023,rarity,cet2016-p113-r11-c3,listed_related,,literal
cet4-w-a509dee4d4e02c83dbf5,rat,cet2016-p113-r13-c1,headword,,literal
cet4-w-99d732368fcd1f1fe966,rate,cet2016-p113-r14-c1,headword,,literal
cet4-w-8e092d36dd9f29cde1a0,rating,cet2016-p113-r14-c2,listed_related,,literal
cet4-w-f87ce91cc2f19551a15f,rather,cet2016-p113-r15-c1,headword,,literal
cet4-w-1fdf1c956d66f9491b15,ratio,cet2016-p113-r17-c1,headword,,literal
cet4-w-72c7b9939a316efceecf,rational,cet2016-p113-r19-c1,headword,,literal
cet4-w-1d8767646d9661eafbd3,raw,cet2016-p113-r21-c1,headword,,literal
cet4-w-ce7566b9bca406deb10d,ray,cet2016-p113-r22-c1,headword,,literal
cet4-w-efb26f520dfd02888a1e,reach,cet2016-p113-r23-c1,headword,,literal
cet4-w-25dfe87120b7c0b3f123,react,cet2016-p113-r24-c1,headword,,literal
cet4-w-4dd43083d65394818aa9,reaction,cet2016-p113-r24-c2,listed_related,,literal
cet4-w-f6544ff83c4912ccd222,reactionary,cet2016-p113-r24-c3,listed_related,,literal
cet4-w-42a8c105433e3b29237b,read,cet2016-p113-r25-c1,headword,,literal
cet4-w-5e7b1c4240dbdf224bcb,reading,cet2016-p113-r25-c2,listed_related,,literal
cet4-w-f903463fef18f373a48a,reader,cet2016-p113-r25-c3,listed_related,,literal
cet4-w-e8ff5772d6055044232f,ready,cet2016-p113-r26-c1,headword,,literal
cet4-w-2bd1bc40402d0aab47ba,readily,cet2016-p113-r26-c2,listed_related,,literal
cet4-w-f3d982907eb6ee544ca4,real,cet2016-p113-r27-c1,headword,,literal
cet4-w-02aa9accdebb90c01517,really,cet2016-p113-r27-c2,listed_related,,literal
cet4-w-9d2b2e0aea3b66bc7973,reality,cet2016-p113-r27-c3,listed_related,,literal
cet4-w-82b74bc6951b346c226d,realistic,cet2016-p113-r28-c1,headword,,literal
cet4-w-3fbfb7237004a0fb86f4,realism,cet2016-p113-r28-c2,listed_related,,literal
cet4-w-6d5436f758d90bfc4d1c,realize,cet2016-p113-r29-c1,headword,,orthographic
cet4-w-f9212b13b49640ae408b,realization,cet2016-p113-r29-c2,listed_related,,orthographic
cet4-w-91a91ab9d7447218d5e9,realm,cet2016-p113-r30-c1,headword,,literal
cet4-w-41f5d0f3fd931e499d7e,reap,cet2016-p113-r31-c1,headword,,literal
cet4-w-64226b6440458f2fb129,rear,cet2016-p113-r32-c1,headword,,literal
cet4-w-b89ab0425b63400a5148,reason,cet2016-p113-r33-c1,headword,,literal
cet4-w-020fc0b29a1461875bae,reasonable,cet2016-p113-r33-c2,listed_related,,literal
cet4-w-5d078c24bf23fce566b7,rebel,cet2016-p113-r35-c1,headword,,literal
cet4-w-ad1876a81f68719a21ba,rebellion,cet2016-p113-r35-c2,listed_related,,literal
cet4-w-71ea506c021b16ea1653,rebellious,cet2016-p113-r35-c3,listed_related,,literal
cet4-w-4103265b251268fb59db,recall,cet2016-p113-r36-c1,headword,,literal
cet4-w-2a55c44f59e04d3d6a83,receive,cet2016-p113-r38-c1,headword,,literal
cet4-w-68c9115f6f60973cb893,receipt,cet2016-p113-r38-c2,listed_related,,literal
cet4-w-1d891bf966c82b7ebb39,recipient,cet2016-p113-r38-c3,listed_related,,literal
cet4-w-1fd786cf092833f1cbd7,receptive,cet2016-p113-r38-c4,listed_related,,literal
cet4-w-dda2de13c3d78874385b,receiver,cet2016-p113-r38-c5,listed_related,,literal
cet4-w-9d192333f0ed8437f07d,recent,cet2016-p113-r39-c1,headword,,literal
cet4-w-ce80620475cf8ad4c4de,recently,cet2016-p113-r39-c2,listed_related,,literal
cet4-w-c649cd18297a5378a436,reception,cet2016-p113-r40-c1,headword,,literal
cet4-w-9cefd4943554b1eda933,receptionist,cet2016-p113-r40-c2,listed_related,,literal
cet4-w-a1ca9f8c4160ff850bb8,recession,cet2016-p113-r41-c1,headword,,literal
cet4-w-1b172a66123657e1293b,recite,cet2016-p114-r02-c1,headword,,literal
cet4-w-4a6d2972c67c749189fe,recitation,cet2016-p114-r02-c2,listed_related,,literal
cet4-w-3f34796f073082e5646b,reckon,cet2016-p114-r04-c1,headword,,literal
cet4-w-8de32bcd225a5a590c7f,recognize,cet2016-p114-r05-c1,headword,,orthographic
cet4-w-f62dd39b95e5b7fc2ac4,recognition,cet2016-p114-r05-c2,listed_related,,literal
cet4-w-bc96281a6a7aab40d4b4,recommend,cet2016-p114-r06-c1,headword,,literal
cet4-w-d35261c2a1e538208d91,recommendation,cet2016-p114-r06-c2,listed_related,,literal
cet4-w-ade09701904751dc245c,record,cet2016-p114-r08-c1,headword,,literal
cet4-w-a7f2fc6cffe4667c1932,recorder,cet2016-p114-r08-c2,listed_related,,literal
cet4-w-fece2444728e443c8a70,recording,cet2016-p114-r08-c3,listed_related,,literal
cet4-w-5ee23c2472cd65c9274e,recover,cet2016-p114-r09-c1,headword,,literal
cet4-w-dafee5d4f6a54323a335,recovery,cet2016-p114-r09-c2,listed_related,,literal
cet4-w-9e9da4e06394a77cfa6f,recreation,cet2016-p114-r10-c1,headword,,literal
cet4-w-8e54eb2268e5960820fc,recreational,cet2016-p114-r10-c2,listed_related,,literal
cet4-w-2226d249f560440cd6d3,recruit,cet2016-p114-r11-c1,headword,,literal
cet4-w-7069ec17cfb0741121f0,recruitment,cet2016-p114-r11-c2,listed_related,,literal
cet4-w-677524bcddd72660c013,recycle,cet2016-p114-r14-c1,headword,,literal
cet4-w-106fac4339ee01b1110a,recyclable,cet2016-p114-r14-c2,listed_related,,literal
cet4-w-63c2a00c1f6beb9f2029,red,cet2016-p114-r15-c1,headword,,literal
cet4-w-68b0d6d0a91c8c8f398a,reduce,cet2016-p114-r16-c1,headword,,literal
cet4-w-1905a080239a51310588,reduction,cet2016-p114-r16-c2,listed_related,,literal
cet4-w-e3eed2986b2f19b80259,refer,cet2016-p114-r19-c1,headword,,literal
cet4-w-bfff779163276d119706,reference,cet2016-p114-r19-c2,listed_related,,literal
cet4-w-f9c7e6eac34ac364ca03,refine,cet2016-p114-r22-c1,headword,,literal
cet4-w-42eff2114d275b4272fd,refinery,cet2016-p114-r22-c2,listed_related,,literal
cet4-w-5198ab201a3bbcb7c373,refinement,cet2016-p114-r22-c3,listed_related,,literal
cet4-w-555f2bdbf09d5499e33c,reflect,cet2016-p114-r23-c1,headword,,literal
cet4-w-869fa8f8ffc3d1bcee74,reflection,cet2016-p114-r23-c2,listed_related,,literal
cet4-w-8fb9f7c08d3a54369a68,reflective,cet2016-p114-r23-c3,listed_related,,literal
cet4-w-4b2f7417fc1505f1f149,reform,cet2016-p114-r24-c1,headword,,literal
cet4-w-075694024abd04e1a68b,reformation,cet2016-p114-r24-c2,listed_related,,literal
cet4-w-394e8aa187626d42dc80,reformist,cet2016-p114-r24-c3,listed_related,,literal
cet4-w-921ba4e77524e9d8d1ae,refrain,cet2016-p114-r25-c1,headword,,literal
cet4-w-b624ea17883a2b4ddba8,refresh,cet2016-p114-r26-c1,headword,,literal
cet4-w-2e1653f3946f6701d2fe,refreshment,cet2016-p114-r27-c1,headword,,literal
cet4-w-4449055564c5f4354fd7,refrigerator,cet2016-p114-r28-c1,headword,,distinct_lexemes
cet4-w-32de540362a360baf4b7,fridge,cet2016-p114-r28-c1,headword,,distinct_lexemes
cet4-w-91f0676d6e065719ac90,refrigeration,cet2016-p114-r28-c2,listed_related,,literal
cet4-w-c77eac7567610b5d7c7b,refuse,cet2016-p114-r31-c1,headword,,literal
cet4-w-8935e78dab8ee2fd53f4,refusal,cet2016-p114-r31-c2,listed_related,,literal
cet4-w-89a1645ce04ef84d0c75,regard,cet2016-p114-r33-c1,headword,,literal
cet4-w-c60e3de80e1a5bbe8cf6,regarding,cet2016-p114-r34-c1,headword,,literal
cet4-w-6f32766c5d71d985ce0a,regardless,cet2016-p114-r35-c1,headword,,literal
cet4-w-666e74a196a1199ecd27,region,cet2016-p114-r38-c1,headword,,literal
cet4-w-e8496d8a1e1cacb90504,regional,cet2016-p114-r38-c2,listed_related,,literal
cet4-w-ac411306cdc0ece5bef3,register,cet2016-p114-r39-c1,headword,,literal
cet4-w-9bf1ad0bc6656a4bfde9,registration,cet2016-p114-r39-c2,listed_related,,literal
cet4-w-ca920d04f33b314d9887,registrar,cet2016-p114-r39-c3,listed_related,,literal
cet4-w-a920e809040db3b89523,regret,cet2016-p114-r40-c1,headword,,literal
cet4-w-c71ffbf1e608601815f1,regrettable,cet2016-p114-r40-c2,listed_related,,literal
cet4-w-aa9e2264a304813fecd6,regretful,cet2016-p114-r40-c3,listed_related,,literal
cet4-w-5e216658095ce8c2dfb0,regular,cet2016-p114-r41-c1,headword,,literal
cet4-w-750932aae1d705da31cc,regularity,cet2016-p114-r41-c2,listed_related,,literal
cet4-w-6e6459778ba099c53b5a,regulate,cet2016-p114-r42-c1,headword,,literal
cet4-w-9a8691b8ee332e4c7b21,regulation,cet2016-p114-r42-c2,listed_related,,literal
cet4-w-9a16349d4f651b169c79,regulatory,cet2016-p114-r42-c3,listed_related,,literal
cet4-w-d2bfc0cde0e7db6ca056,regulator,cet2016-p114-r42-c4,listed_related,,literal
cet4-w-6b54164e4e77ea97b867,reinforce,cet2016-p115-r05-c1,headword,,literal
cet4-w-c878aa309604b326033c,reinforcement,cet2016-p115-r05-c2,listed_related,,literal
cet4-w-02f01f7fd2cc9f682749,reject,cet2016-p115-r06-c1,headword,,literal
cet4-w-aacb28a9efbb9ce9ec12,rejection,cet2016-p115-r06-c2,listed_related,,literal
cet4-w-269466d58f17cfbaadc5,relate,cet2016-p115-r08-c1,headword,,literal
cet4-w-5ea620aeb71ebfadd572,relation,cet2016-p115-r08-c2,listed_related,,literal
cet4-w-eeab95c441a7ad4594b1,relationship,cet2016-p115-r08-c3,listed_related,,literal
cet4-w-866267453f2cc6ee6e6b,relative,cet2016-p115-r09-c1,headword,,literal
cet4-w-20f29a362b85f36bc41a,relativity,cet2016-p115-r09-c2,listed_related,,literal
cet4-w-355dc6bbfd12789752d2,relax,cet2016-p115-r10-c1,headword,,literal
cet4-w-2d0e76724ccd9e45e171,relaxation,cet2016-p115-r10-c2,listed_related,,literal
cet4-w-0326fd9cbd0d9c604fd1,relay,cet2016-p115-r11-c1,headword,,literal
cet4-w-f0850f1837c5be7ae0aa,release,cet2016-p115-r12-c1,headword,,literal
cet4-w-096a10711809371c4e57,relevant,cet2016-p115-r14-c1,headword,,literal
cet4-w-9738ae2ae1bc8bed77d9,relevance,cet2016-p115-r14-c2,listed_related,,literal
cet4-w-beaf0134d41b30363a0e,relieve,cet2016-p115-r16-c1,headword,,literal
cet4-w-28ec0af0f41acb699a03,relief,cet2016-p115-r16-c2,listed_related,,literal
cet4-w-d1193b81363cf76f4dba,religion,cet2016-p115-r17-c1,headword,,literal
cet4-w-a6e9bc5316e6650e2d80,religious,cet2016-p115-r17-c2,listed_related,,literal
cet4-w-438deaf99f75e982514c,reluctant,cet2016-p115-r19-c1,headword,,literal
cet4-w-0e6fbc9f82619e684917,reluctance,cet2016-p115-r19-c2,listed_related,,literal
cet4-w-8765de8727917a4393a8,rely,cet2016-p115-r20-c1,headword,,literal
cet4-w-c0879149e1c337888b7c,reliance,cet2016-p115-r20-c2,listed_related,,literal
cet4-w-1f92800666213c816d19,reliable,cet2016-p115-r20-c3,listed_related,,literal
cet4-w-6b735120a2d29f12cc06,remain,cet2016-p115-r21-c1,headword,,literal
cet4-w-f8f9eaced5dc9ca1aa1d,remainder,cet2016-p115-r21-c2,listed_related,,literal
cet4-w-ebd905822b287d4ca109,remark,cet2016-p115-r22-c1,headword,,literal
cet4-w-389252debd659510ab20,remarkable,cet2016-p115-r22-c2,listed_related,,literal
cet4-w-6dc0d3c0c2fdeb85b847,remedy,cet2016-p115-r23-c1,headword,,literal
cet4-w-2f06546720a7444443ab,remedial,cet2016-p115-r23-c2,listed_related,,literal
cet4-w-16c8753f7d7add4b9ca3,remember,cet2016-p115-r24-c1,headword,,literal
cet4-w-360c9c68044b5b6440af,remembrance,cet2016-p115-r24-c2,listed_related,,literal
cet4-w-6662cb3395225ba6e169,remind,cet2016-p115-r25-c1,headword,,literal
cet4-w-7f941c26a22d40562121,reminder,cet2016-p115-r25-c2,listed_related,,literal
cet4-w-a26cd83e102b8780e5d9,remote,cet2016-p115-r28-c1,headword,,literal
cet4-w-b36bdc40d4e9b62762bc,remove,cet2016-p115-r29-c1,headword,,literal
cet4-w-e7597e451be6a4d5e2a8,removal,cet2016-p115-r29-c2,listed_related,,literal
cet4-w-18313161c4a16e342e44,render,cet2016-p115-r31-c1,headword,,literal
cet4-w-6576e7df405fb3e25628,rendering,cet2016-p115-r31-c2,listed_related,,literal
cet4-w-8936cdcf346b929151ab,renew,cet2016-p115-r32-c1,headword,,literal
cet4-w-c18058549582f4c3cd4c,renewal,cet2016-p115-r32-c2,listed_related,,literal
cet4-w-14f16bad882e971c83c5,renewable,cet2016-p115-r32-c3,listed_related,,literal
cet4-w-66bdd4fc5dca2793a3ed,renovate,cet2016-p115-r33-c1,headword,,literal
cet4-w-ea4a9edc8e190f177e6e,renovation,cet2016-p115-r33-c2,listed_related,,literal
cet4-w-76e1635758eff6327345,rent,cet2016-p115-r35-c1,headword,,literal
cet4-w-9557d4fdb9eba681ea11,rental,cet2016-p115-r35-c2,listed_related,,literal
cet4-w-6b500db4c97ecdad5d36,repair,cet2016-p115-r36-c1,headword,,literal
cet4-w-770860d697c4600ee6a2,reparable,cet2016-p115-r36-c2,listed_related,,literal
cet4-w-9f183da65fb8d402385a,repay,cet2016-p115-r37-c1,headword,,literal
cet4-w-3f3015c498a5f209279d,repayment,cet2016-p115-r37-c2,listed_related,,literal
cet4-w-6187a5f3a989b34c4925,repeat,cet2016-p115-r38-c1,headword,,literal
cet4-w-0185d7d8ebaa1e6c910c,repetition,cet2016-p115-r38-c2,listed_related,,literal
cet4-w-78a59db6f5b34c8c24d4,repetitive,cet2016-p115-r38-c3,listed_related,,literal
cet4-w-969912a5f62ad8cbc63a,repeatedly,cet2016-p115-r38-c4,listed_related,,literal
cet4-w-93db14b36ae9cafe2d79,replace,cet2016-p115-r41-c1,headword,,literal
cet4-w-fdb165f5b9d2316bedc7,replacement,cet2016-p115-r41-c2,listed_related,,literal
cet4-w-a7584e063eb48036dbce,reply,cet2016-p115-r42-c1,headword,,literal
cet4-w-d3fb2c3206cf3fc68ee3,report,cet2016-p116-r01-c1,headword,,literal
cet4-w-b7a42d5f374de98d7e11,reporter,cet2016-p116-r01-c2,listed_related,,literal
cet4-w-7bc5783779dc851e7c36,represent,cet2016-p116-r02-c1,headword,,literal
cet4-w-6be7164b87c1fce4da0f,representation,cet2016-p116-r02-c2,listed_related,,literal
cet4-w-5824393ee3572107d3c0,representative,cet2016-p116-r02-c3,listed_related,,literal
cet4-w-3b255b04c28ac3900292,reproduce,cet2016-p116-r05-c1,headword,,literal
cet4-w-5043313fdbc99988a4f6,reproduction,cet2016-p116-r05-c2,listed_related,,literal
cet4-w-909f88e3d1d5d73bc664,reproductive,cet2016-p116-r05-c3,listed_related,,literal
cet4-w-bffee96620eb024a88ab,republic,cet2016-p116-r06-c1,headword,,literal
cet4-w-85a12876b2eaf6fee03a,republican,cet2016-p116-r06-c2,listed_related,,literal
cet4-w-54c66f36da162844764a,reputation,cet2016-p116-r07-c1,headword,,literal
cet4-w-eab257872f6a7da43b97,request,cet2016-p116-r09-c1,headword,,literal
cet4-w-85387189def1a5f4d9e4,require,cet2016-p116-r10-c1,headword,,literal
cet4-w-fde10b4465ef08eefbd5,requirement,cet2016-p116-r10-c2,listed_related,,literal
cet4-w-99f62c7a39df7e6479a1,rescue,cet2016-p116-r11-c1,headword,,literal
cet4-w-b8414be59ab7f1d44c51,research,cet2016-p116-r12-c1,headword,,literal
cet4-w-9d5a4f15df15fb1a64da,researcher,cet2016-p116-r12-c2,listed_related,,literal
cet4-w-7a04d040cef9c0d4f950,resemble,cet2016-p116-r13-c1,headword,,literal
cet4-w-f5458d5d07e08dff3dfd,resemblance,cet2016-p116-r13-c2,listed_related,,literal
cet4-w-de69511c37310dc81ba3,resent,cet2016-p116-r14-c1,headword,,literal
cet4-w-3e59e6ad1f5a2d191a77,resentment,cet2016-p116-r14-c2,listed_related,,literal
cet4-w-8f69cbeccfe94a452222,reserve,cet2016-p116-r15-c1,headword,,literal
cet4-w-7a5105dbf9785ddc430b,reservation,cet2016-p116-r15-c2,listed_related,,literal
cet4-w-fa0d2dceb9d415c4b7cc,reserved,cet2016-p116-r15-c3,listed_related,,literal
cet4-w-2ea0a4488372c8883c82,reside,cet2016-p116-r18-c1,headword,,literal
cet4-w-23336a12420930c16818,residence,cet2016-p116-r18-c2,listed_related,,literal
cet4-w-a27e61e715949b06d09a,resident,cet2016-p116-r18-c3,listed_related,,literal
cet4-w-ff3598f3f58f22e49f5e,residential,cet2016-p116-r18-c4,listed_related,,literal
cet4-w-bfe981b1671af0cb181a,resign,cet2016-p116-r19-c1,headword,,literal
cet4-w-ee3ac69393f478c9385b,resignation,cet2016-p116-r19-c2,listed_related,,literal
cet4-w-68299b8d611ac8ccc543,resist,cet2016-p116-r20-c1,headword,,literal
cet4-w-2faedd75afc91b5543f0,resistance,cet2016-p116-r20-c2,listed_related,,literal
cet4-w-d025d6da2d3d2b910f41,resistant,cet2016-p116-r20-c3,listed_related,,literal
cet4-w-7f4a6c3f8df6638c17c4,resolve,cet2016-p116-r21-c1,headword,,literal
cet4-w-8be0d339ea1e170d5cfb,resolution,cet2016-p116-r21-c2,listed_related,,literal
cet4-w-ceaececab79f561591f9,resolute,cet2016-p116-r21-c3,listed_related,,literal
cet4-w-b943f42b922def677527,resort,cet2016-p116-r22-c1,headword,1,literal
cet4-w-b943f42b922def677527,resort,cet2016-p116-r23-c1,headword,2,literal
cet4-w-634bb47469e257731ec1,resource,cet2016-p116-r24-c1,headword,,literal
cet4-w-55153bb7e1d984206fa2,resourceful,cet2016-p116-r24-c2,listed_related,,literal
cet4-w-9cba42e078093d550bf2,respect,cet2016-p116-r25-c1,headword,,literal
cet4-w-de47469b785f5ef2c75b,respectable,cet2016-p116-r25-c2,listed_related,,literal
cet4-w-7a8d925260742905566f,respectful,cet2016-p116-r25-c3,listed_related,,literal
cet4-w-34b96a37eaaa898f672c,respective,cet2016-p116-r26-c1,headword,,literal
cet4-w-df335799dc925db0316b,respectively,cet2016-p116-r26-c2,listed_related,,literal
cet4-w-045127776e53a1894379,respond,cet2016-p116-r27-c1,headword,,literal
cet4-w-006a97685e55cfb43589,response,cet2016-p116-r27-c2,listed_related,,literal
cet4-w-f20e0711213f53f762d3,responsive,cet2016-p116-r27-c3,listed_related,,literal
cet4-w-87abafb7b850307805f9,respondent,cet2016-p116-r27-c4,listed_related,,literal
cet4-w-c7fb9aa7b15cad0b2052,responsible,cet2016-p116-r28-c1,headword,,literal
cet4-w-d314f6e9acf32d2656c6,responsibility,cet2016-p116-r28-c2,listed_related,,literal
cet4-w-3fe4fac8445c978f2d94,rest,cet2016-p116-r29-c1,headword,1,literal
cet4-w-3fe4fac8445c978f2d94,rest,cet2016-p116-r30-c1,headword,2,literal
cet4-w-a122f23d1e1dfb5ba852,restaurant,cet2016-p116-r31-c1,headword,,literal
cet4-w-efdfd201994fb29636dc,restore,cet2016-p116-r33-c1,headword,,literal
cet4-w-641198234556c2a0c5b9,restoration,cet2016-p116-r33-c2,listed_related,,literal
cet4-w-2f3e7034fe75501e135c,restrain,cet2016-p116-r34-c1,headword,,literal
cet4-w-875fe8bb8abc3d632cf0,restraint,cet2016-p116-r34-c2,listed_related,,literal
cet4-w-4548f94f991a74f5b97d,restrict,cet2016-p116-r35-c1,headword,,literal
cet4-w-b13de430422ce044a432,restriction,cet2016-p116-r35-c2,listed_related,,literal
cet4-w-dd194a1f07642837bbbe,restrictive,cet2016-p116-r35-c3,listed_related,,literal
cet4-w-375984f58c5d1808b3a8,result,cet2016-p116-r36-c1,headword,,literal
cet4-w-4fa9b8eb468f36f26a78,resultant,cet2016-p116-r36-c2,listed_related,,literal
cet4-w-42a1151665c5a9186664,resume,cet2016-p116-r37-c1,headword,,literal
cet4-w-d3af9d0662d40f7aa320,resumption,cet2016-p116-r37-c2,listed_related,,literal
cet4-w-54a2515fc769e3d47eee,résumé,cet2016-p116-r38-c1,headword,,literal
cet4-w-98fd775e39b98383cfc9,retail,cet2016-p116-r39-c1,headword,,literal
cet4-w-dc1c0cedf3d281002456,retailer,cet2016-p116-r39-c2,listed_related,,literal
cet4-w-04178dd86ea0ef8c8b52,retain,cet2016-p116-r40-c1,headword,,literal
cet4-w-efe72c8d083c9e92a8be,retention,cet2016-p116-r40-c2,listed_related,,literal
cet4-w-5c0c65135e2553fd54a8,retell,cet2016-p117-r01-c1,headword,,literal
cet4-w-97e0e1faf06411dcec55,retelling,cet2016-p117-r01-c2,listed_related,,literal
cet4-w-56a922bfe4afab46fd5e,retire,cet2016-p117-r02-c1,headword,,literal
cet4-w-172c9fcaf9aabef5a049,retirement,cet2016-p117-r02-c2,listed_related,,literal
cet4-w-0e572aab150781d5b5cb,retired,cet2016-p117-r02-c3,listed_related,,literal
cet4-w-ae7a14e88b341bddf28f,retreat,cet2016-p117-r04-c1,headword,,literal
cet4-w-8a741173d72c9efb224d,return,cet2016-p117-r07-c1,headword,,literal
cet4-w-a4c4d1e83216a7fcc8c8,reunite,cet2016-p117-r08-c1,headword,,literal
cet4-w-432334d755f2a55e89c7,reunification,cet2016-p117-r08-c2,listed_related,,literal
cet4-w-227614a64810d6765b81,reunion,cet2016-p117-r08-c3,listed_related,,literal
cet4-w-1de7e11800e32616f2c3,reveal,cet2016-p117-r09-c1,headword,,literal
cet4-w-5027923f1847a71897fd,revelation,cet2016-p117-r09-c2,listed_related,,literal
cet4-w-b33e264c040665ae69fc,revenue,cet2016-p117-r11-c1,headword,,literal
cet4-w-d786b318b916e6f39bb5,reverse,cet2016-p117-r12-c1,headword,,literal
cet4-w-fe742d5ac7f0ac331fb3,reversal,cet2016-p117-r12-c2,listed_related,,literal
cet4-w-d8654158d6fe14f14540,reversible,cet2016-p117-r12-c3,listed_related,,literal
cet4-w-e5b819b7cbde339fef32,review,cet2016-p117-r13-c1,headword,,literal
cet4-w-1edd1a5676e9d373490a,reviewer,cet2016-p117-r13-c2,listed_related,,literal
cet4-w-fad0ff1e6dac764db6c3,revise,cet2016-p117-r14-c1,headword,,literal
cet4-w-40410f1f60d18d5f1017,revision,cet2016-p117-r14-c2,listed_related,,literal
cet4-w-8640fd74976cb0b029a9,revolution,cet2016-p117-r17-c1,headword,,literal
cet4-w-e27258f747d10ce3ba03,revolutionary,cet2016-p117-r17-c2,listed_related,,literal
cet4-w-558531d6be68fb333c14,revolve,cet2016-p117-r18-c1,headword,,literal
cet4-w-ab3e5ecec7ab180c5e1b,reward,cet2016-p117-r19-c1,headword,,literal
cet4-w-7e3ba8452b09144ecc1f,rewarding,cet2016-p117-r19-c2,listed_related,,literal
cet4-w-8ff8e5029afded1d9c8c,rhythm,cet2016-p117-r21-c1,headword,,literal
cet4-w-a9cbc8a2dadff283ff97,rhythmic,cet2016-p117-r21-c2,listed_related,,literal
cet4-w-45c9807a96ee2d88fe2b,rib,cet2016-p117-r22-c1,headword,,literal
cet4-w-28209483ff9c225e5f50,ribbon,cet2016-p117-r23-c1,headword,,literal
cet4-w-45d59c4fc00a36bd8d22,rice,cet2016-p117-r24-c1,headword,,literal
cet4-w-e48cc5e46abeb101c57b,rich,cet2016-p117-r25-c1,headword,,literal
cet4-w-d39bc7b4f812dbdb9888,rid,cet2016-p117-r26-c1,headword,,literal
cet4-w-9ba8b36ad16dc5baeff0,riddle,cet2016-p117-r27-c1,headword,,literal
cet4-w-2b7a9ce3e17404e64242,ride,cet2016-p117-r28-c1,headword,,literal
cet4-w-87fbbbce04aae9447646,rider,cet2016-p117-r28-c2,listed_related,,literal
cet4-w-a155c9f5f937b80898f3,ridicule,cet2016-p117-r30-c1,headword,,literal
cet4-w-63a14a48a42012b6e776,ridiculous,cet2016-p117-r30-c2,listed_related,,literal
cet4-w-7d009b447879de327db8,rifle,cet2016-p117-r31-c1,headword,,literal
cet4-w-20365345be1bbb92f2f5,right,cet2016-p117-r33-c1,headword,,literal
cet4-w-87bcb01e8404afcd37e6,ring,cet2016-p117-r37-c1,headword,,literal
cet4-w-3b6f0f9dd55bf6a1a85f,riot,cet2016-p117-r38-c1,headword,,literal
cet4-w-f24e611c9c617612eadc,riotous,cet2016-p117-r38-c2,listed_related,,literal
cet4-w-7ee7d9bd6edd8cb90721,rip,cet2016-p117-r39-c1,headword,,literal
cet4-w-a813ef9b0fc7475cee42,ripe,cet2016-p117-r40-c1,headword,,literal
cet4-w-7bef2abd8e6f54e66f1b,ripen,cet2016-p117-r40-c2,listed_related,,literal
cet4-w-1117d5bfa8e17a62a669,rise,cet2016-p117-r41-c1,headword,,literal
cet4-w-5057d31efb70c67ae6ba,risk,cet2016-p117-r42-c1,headword,,literal
cet4-w-291576bcf190c1de1c0b,risky,cet2016-p117-r42-c2,listed_related,,literal
cet4-w-5439d643663c335b6860,rival,cet2016-p118-r02-c1,headword,,literal
cet4-w-fb9c5ce89d9b1b8f5f97,rivalry,cet2016-p118-r02-c2,listed_related,,literal
cet4-w-07a3933d09be9320f1b6,river,cet2016-p118-r03-c1,headword,,literal
cet4-w-71b6cac2404019e58d8c,road,cet2016-p118-r04-c1,headword,,literal
cet4-w-1a0f1e41811495656508,roar,cet2016-p118-r05-c1,headword,,literal
cet4-w-3574ae46072b26f4b910,roast,cet2016-p118-r06-c1,headword,,literal
cet4-w-0bb617fd1c7410b6ebc3,rob,cet2016-p118-r07-c1,headword,,literal
cet4-w-d09158ceca9b7274d015,robbery,cet2016-p118-r07-c2,listed_related,,literal
cet4-w-d10566819ca995f94024,robot,cet2016-p118-r08-c1,headword,,literal
cet4-w-07bf223589c2d0ad4e6e,robotic,cet2016-p118-r08-c2,listed_related,,literal
cet4-w-c4b713ae9df6a2967d02,rock,cet2016-p118-r10-c1,headword,,literal
cet4-w-ea85d88821fb6f67992d,rocky,cet2016-p118-r10-c2,listed_related,,literal
cet4-w-f205a713630c1b6a0411,rocket,cet2016-p118-r11-c1,headword,,literal
cet4-w-ce20d78e27c30a9ee8d3,rod,cet2016-p118-r12-c1,headword,,literal
cet4-w-1002a874fa18f8d363ba,role,cet2016-p118-r13-c1,headword,,literal
cet4-w-5e60017fd7251edc5f53,roll,cet2016-p118-r14-c1,headword,,literal
cet4-w-407636a897734a3d257d,roller,cet2016-p118-r14-c2,listed_related,,literal
cet4-w-c274c595e7b150530b00,romance,cet2016-p118-r15-c1,headword,,literal
cet4-w-f0d8562f2107398bc7df,romantic,cet2016-p118-r15-c2,listed_related,,literal
cet4-w-6cd1abfa69fe6be3f4da,roof,cet2016-p118-r16-c1,headword,,literal
cet4-w-4486ee645f2acacaf3e9,room,cet2016-p118-r17-c1,headword,,literal
cet4-w-f00429d001c7f6dc16ac,root,cet2016-p118-r18-c1,headword,,literal
cet4-w-3cbbfb5ee2148c2f7b90,rope,cet2016-p118-r19-c1,headword,,literal
cet4-w-9dc2588ece438925684c,rose,cet2016-p118-r20-c1,headword,,literal
cet4-w-fecdd535e22650b189e9,rosy,cet2016-p118-r20-c2,listed_related,,literal
cet4-w-2ef1fd5731ac17405c3a,rough,cet2016-p118-r23-c1,headword,,literal
cet4-w-30964b8172df3093df83,roughly,cet2016-p118-r23-c2,listed_related,,literal
cet4-w-6393305501f869154867,round,cet2016-p118-r24-c1,headword,,literal
cet4-w-24c6bac6c1460a18b8a0,rouse,cet2016-p118-r25-c1,headword,,literal
cet4-w-064c8547db9a770306c9,route,cet2016-p118-r26-c1,headword,,literal
cet4-w-fe060c438fc9bc2fc30e,routine,cet2016-p118-r27-c1,headword,,literal
cet4-w-2b87dba3761b9edeebab,row,cet2016-p118-r28-c1,headword,1,literal
cet4-w-2b87dba3761b9edeebab,row,cet2016-p118-r29-c1,headword,2,literal
cet4-w-4633c9db645fb79e6ac4,royal,cet2016-p118-r30-c1,headword,,literal
cet4-w-d9e4611f596a411df9bb,royalty,cet2016-p118-r30-c2,listed_related,,literal
cet4-w-d463fb3e6f9bcd6283e9,rub,cet2016-p118-r31-c1,headword,,literal
cet4-w-bb395052b30972c8e5ba,rubber,cet2016-p118-r32-c1,headword,,literal
cet4-w-7e601f2a93566cd81840,rubbish,cet2016-p118-r33-c1,headword,,literal
cet4-w-900495d12132f23467f5,rude,cet2016-p118-r34-c1,headword,,literal
cet4-w-2ddfacde608915f0bb32,rug,cet2016-p118-r35-c1,headword,,literal
cet4-w-414a9bed52c078e0d792,ruin,cet2016-p118-r36-c1,headword,,literal
cet4-w-d459fad4cd532572be19,ruinous,cet2016-p118-r36-c2,listed_related,,literal
cet4-w-ff2a883cb911c907a0a9,rule,cet2016-p118-r37-c1,headword,,literal
cet4-w-31be51732fc29fd6d6f9,ruler,cet2016-p118-r37-c2,listed_related,,literal
cet4-w-005ee7c36aef57ae0e19,ruling,cet2016-p118-r37-c3,listed_related,,literal
cet4-w-aa3c95ff397f87905b21,rumor,cet2016-p118-r38-c1,headword,,orthographic
cet4-w-4441a9671aa58cb0300a,run,cet2016-p118-r39-c1,headword,,literal
cet4-w-d1f9df721faa1d6125be,runner,cet2016-p118-r39-c2,listed_related,,literal
cet4-w-08f39012c401499d185e,running,cet2016-p118-r39-c3,listed_related,,literal
cet4-w-c5b30a0798bb4b0993ce,runway,cet2016-p118-r40-c1,headword,,literal
cet4-w-ad6ba2410206c81edcb7,rural,cet2016-p118-r41-c1,headword,,literal
cet4-w-589fa77a7b764fd1e65b,rush,cet2016-p118-r42-c1,headword,,literal
cet4-w-1495f5d5efb6cef80ee2,sack,cet2016-p119-r03-c1,headword,,literal
cet4-w-443c11d2ec3dca6af681,sacrifice,cet2016-p119-r05-c1,headword,,literal
cet4-w-ded7c0f42edc158a866b,sacrificial,cet2016-p119-r05-c2,listed_related,,literal
cet4-w-47911ee7f7e2cc119b98,sad,cet2016-p119-r06-c1,headword,,literal
cet4-w-844ccd766e1ba56d7053,sadness,cet2016-p119-r06-c2,listed_related,,literal
cet4-w-945457583b0a1f948aa1,sadden,cet2016-p119-r06-c3,listed_related,,literal
cet4-w-7b4b87820522c76171c0,safe,cet2016-p119-r08-c1,headword,,literal
cet4-w-8d430a1e0f53893128dc,safety,cet2016-p119-r08-c2,listed_related,,literal
cet4-w-8531539e7c7e80c43476,sail,cet2016-p119-r10-c1,headword,,literal
cet4-w-babca14381e34b62ee9c,sailing,cet2016-p119-r10-c2,listed_related,,literal
cet4-w-e5d3a64ec29537cbb54b,sailor,cet2016-p119-r10-c3,listed_related,,literal
cet4-w-8c46586047dee49c0ef8,saint,cet2016-p119-r11-c1,headword,,literal
cet4-w-a30230576d2cd028a25c,sake,cet2016-p119-r12-c1,headword,,literal
cet4-w-c090497d92ef53d266dc,salad,cet2016-p119-r13-c1,headword,,literal
cet4-w-922f4a62a46fe69ff78b,salary,cet2016-p119-r14-c1,headword,,literal
cet4-w-3bfb1be357c7c5efbc8f,sale,cet2016-p119-r15-c1,headword,,literal
cet4-w-104fb9e28267f29dcb56,salesman,cet2016-p119-r16-c1,headword,,literal
cet4-w-a3f69fad49ceb3bbbc55,salt,cet2016-p119-r19-c1,headword,,literal
cet4-w-4d7ceb1667dcfb5efda0,salty,cet2016-p119-r19-c2,listed_related,,literal
cet4-w-e446ff98c1fa562644f5,same,cet2016-p119-r23-c1,headword,,literal
cet4-w-8990642d48971b3fed99,sample,cet2016-p119-r24-c1,headword,,literal
cet4-w-f2ca72ef61f800020652,sand,cet2016-p119-r27-c1,headword,,literal
cet4-w-8f4b950c2882c35ed548,sandwich,cet2016-p119-r28-c1,headword,,literal
cet4-w-02c29df82f66c6ae1583,satellite,cet2016-p119-r31-c1,headword,,literal
cet4-w-d90c1ea7df51d4a077d1,satisfy,cet2016-p119-r33-c1,headword,,literal
cet4-w-7c30bb9e7f3af45ff93c,satisfaction,cet2016-p119-r33-c2,listed_related,,literal
cet4-w-a490e40a2193718412e6,satisfactory,cet2016-p119-r33-c3,listed_related,,literal
cet4-w-44df8aa6bb5b5c776a0e,Saturday,cet2016-p119-r35-c1,headword,,literal
cet4-w-7d10c3db52835a844002,sauce,cet2016-p119-r36-c1,headword,,literal
cet4-w-de506fa6c65e358f3dd4,sausage,cet2016-p119-r37-c1,headword,,literal
cet4-w-c22a16263cd822ee8f23,save,cet2016-p119-r39-c1,headword,,literal
cet4-w-2b6684347a3a0585dbbd,saving,cet2016-p119-r39-c2,listed_related,,literal
cet4-w-dbf0da7b953fc447515a,say,cet2016-p119-r40-c1,headword,,literal
cet4-w-fdca8fc7cc753500e42f,saying,cet2016-p119-r40-c2,listed_related,,literal
cet4-w-2929804280965dc4d016,scale,cet2016-p119-r41-c1,headword,,literal
cet4-w-34ed33859e3bc58a224c,scan,cet2016-p119-r42-c1,headword,,literal
cet4-w-9d8609081426d0c51b0a,scanner,cet2016-p119-r42-c2,listed_related,,literal
cet4-w-271d3133670cbbb73a16,scandal,cet2016-p120-r01-c1,headword,,literal
cet4-w-97bd4f1f9721446bb683,scandalous,cet2016-p120-r01-c2,listed_related,,literal
cet4-w-a4d075019b315ab91c9a,scar,cet2016-p120-r02-c1,headword,,literal
cet4-w-fcb6cecdfbc85d75b5d5,scarce,cet2016-p120-r03-c1,headword,,literal
cet4-w-a4d823880b96be41876a,scarcity,cet2016-p120-r03-c2,listed_related,,literal
cet4-w-414067c9d6973389efe5,scarcely,cet2016-p120-r03-c3,listed_related,,literal
cet4-w-9afa0e458f58a77c5746,scare,cet2016-p120-r04-c1,headword,,literal
cet4-w-af793f1eebf568df4908,scary,cet2016-p120-r04-c2,listed_related,,literal
cet4-w-39a61d07db0a75ca9d85,scatter,cet2016-p120-r05-c1,headword,,literal
cet4-w-3f84fdb5c3361d6c215e,scene,cet2016-p120-r07-c1,headword,,literal
cet4-w-3a45ed291f5811090694,scenery,cet2016-p120-r07-c2,listed_related,,literal
cet4-w-95e3bfee258628bdcd5f,scenic,cet2016-p120-r07-c3,listed_related,,literal
cet4-w-5484935d561bbd814370,scent,cet2016-p120-r08-c1,headword,,literal
cet4-w-1497c9a4d723e402cabe,schedule,cet2016-p120-r09-c1,headword,,literal
cet4-w-44e50c041eb907a38af6,scheme,cet2016-p120-r10-c1,headword,,literal
cet4-w-b24f35550d7f5a3e748b,scholar,cet2016-p120-r11-c1,headword,,literal
cet4-w-a0f985a111f1447c945a,scholarly,cet2016-p120-r11-c2,listed_related,,literal
cet4-w-59002537a0ed8b6ffa51,scholarship,cet2016-p120-r11-c3,listed_related,,literal
cet4-w-f6a7c7fe13f3c6719037,scholastic,cet2016-p120-r11-c4,listed_related,,literal
cet4-w-1ba43eb5923ea79fd324,school,cet2016-p120-r12-c1,headword,,literal
cet4-w-ae070600afc484c4df96,schooling,cet2016-p120-r12-c2,listed_related,,literal
cet4-w-3911eee2f9a5598d6e07,science,cet2016-p120-r13-c1,headword,,literal
cet4-w-ad50ccd86971ea67b981,scientific,cet2016-p120-r13-c2,listed_related,,literal
cet4-w-807f6fd502507774e4a9,scientist,cet2016-p120-r13-c3,listed_related,,literal
cet4-w-1d172d436f27b3c56636,scissors,cet2016-p120-r14-c1,headword,,literal
cet4-w-7e35514392cbaff28547,scold,cet2016-p120-r15-c1,headword,,literal
cet4-w-98335d5d73fa8c2b3463,scope,cet2016-p120-r16-c1,headword,,literal
cet4-w-60c7a70285af2f318367,score,cet2016-p120-r17-c1,headword,,literal
cet4-w-4f6c7fffb9bc60062513,scout,cet2016-p120-r19-c1,headword,,literal
cet4-w-b5c0a95d751bc7f42bce,scratch,cet2016-p120-r23-c1,headword,,literal
cet4-w-09c86faf6620ea15533e,scream,cet2016-p120-r24-c1,headword,,literal
cet4-w-706f2bc736de5fe5b2c7,screen,cet2016-p120-r25-c1,headword,,literal
cet4-w-fb91ad2ace8ce283a3f9,screw,cet2016-p120-r26-c1,headword,,literal
cet4-w-44e94f212a8d1db23a7b,script,cet2016-p120-r27-c1,headword,,literal
cet4-w-6104d0c480a2a5668df3,scripture,cet2016-p120-r27-c2,listed_related,,literal
cet4-w-2682de7cf33694f08c28,sea,cet2016-p120-r31-c1,headword,,literal
cet4-w-007f9306cfd15fb73f88,seal,cet2016-p120-r32-c1,headword,,literal
cet4-w-142cea2c36e679c23999,search,cet2016-p120-r33-c1,headword,,literal
cet4-w-8ce6ef5f17798c51e63c,season,cet2016-p120-r34-c1,headword,,literal
cet4-w-34b664da0b248ff1e8a4,seasonal,cet2016-p120-r34-c2,listed_related,,literal
cet4-w-e592f637066eeeab732f,seat,cet2016-p120-r35-c1,headword,,literal
cet4-w-71f3c8167c926b1d6915,second,cet2016-p120-r36-c1,headword,1,literal
cet4-w-71f3c8167c926b1d6915,second,cet2016-p120-r37-c1,headword,2,literal
cet4-w-eda5f8514c6445693c04,secondary,cet2016-p120-r38-c1,headword,,literal
cet4-w-17c286176e072f66a750,second-hand,cet2016-p120-r39-c1,headword,,literal
cet4-w-cef8e310a5b04dd46b6a,secret,cet2016-p120-r40-c1,headword,,literal
cet4-w-28945fda4cdef2269af6,secrecy,cet2016-p120-r40-c2,listed_related,,literal
cet4-w-5c97f67e65a72511d8f6,secretive,cet2016-p120-r40-c3,listed_related,,literal
cet4-w-1ce6529000312ffd5e2a,secretary,cet2016-p120-r41-c1,headword,,literal
cet4-w-8748bf4d7d0b258849f6,secretarial,cet2016-p120-r41-c2,listed_related,,literal
cet4-w-52a4035624fb47042348,section,cet2016-p120-r42-c1,headword,,literal
cet4-w-83a5752dd9448db6aaa4,sector,cet2016-p121-r01-c1,headword,,literal
cet4-w-4e3fc976221b82c52ffd,secure,cet2016-p121-r03-c1,headword,,literal
cet4-w-5d41b1bd216815d44528,security,cet2016-p121-r03-c2,listed_related,,literal
cet4-w-a0f1e0b1efd0581a063d,see,cet2016-p121-r05-c1,headword,,literal
cet4-w-aed1a3af4f4a1bd78d90,seed,cet2016-p121-r06-c1,headword,,literal
cet4-w-2ef50fbf7bdc4b848fa0,seedling,cet2016-p121-r06-c2,listed_related,,literal
cet4-w-c097b11911dbd23477e9,seek,cet2016-p121-r07-c1,headword,,literal
cet4-w-873659e5280c238154e1,seem,cet2016-p121-r08-c1,headword,,literal
cet4-w-1bfcee0d4724a27a7b27,seeming,cet2016-p121-r08-c2,listed_related,,literal
cet4-w-9f6f3c04f7aadf75ae4f,seemingly,cet2016-p121-r08-c3,listed_related,,literal
cet4-w-f6bd1fc598a5b8d0c745,segment,cet2016-p121-r09-c1,headword,,literal
cet4-w-0aaf6c2e6f6fb1ca2ffe,segmental,cet2016-p121-r09-c2,listed_related,,literal
cet4-w-9b0ef75cfc35ff1b2f90,seize,cet2016-p121-r11-c1,headword,,literal
cet4-w-65e6befe772c595ec896,seizure,cet2016-p121-r11-c2,listed_related,,literal
cet4-w-d1ee084ae69979c98f49,seldom,cet2016-p121-r12-c1,headword,,literal
cet4-w-13c72997553fc74049a1,select,cet2016-p121-r13-c1,headword,,literal
cet4-w-bad32a27fa8bb0d99203,selection,cet2016-p121-r13-c2,listed_related,,literal
cet4-w-bd4ebbc5d7b1ec8fb64c,selective,cet2016-p121-r13-c3,listed_related,,literal
cet4-w-12ac414e46738eb5274a,self,cet2016-p121-r14-c1,headword,,literal
cet4-w-fb15ccdcd1fa2f726698,selfish,cet2016-p121-r14-c2,listed_related,,literal
cet4-w-651a8b842db6dde8ab0e,selfless,cet2016-p121-r14-c3,listed_related,,literal
cet4-w-f7ee0aeb5574da868bdb,sell,cet2016-p121-r15-c1,headword,,literal
cet4-w-35fbce9602c54710d1f4,semester,cet2016-p121-r16-c1,headword,,literal
cet4-w-008242286f51cd1a1c57,seminar,cet2016-p121-r17-c1,headword,,literal
cet4-w-62374611866f9cac7c78,senate,cet2016-p121-r18-c1,headword,,literal
cet4-w-093e755dcbe0639e9dda,senator,cet2016-p121-r18-c2,listed_related,,literal
cet4-w-0ba2c8b48de77d8e6c31,send,cet2016-p121-r19-c1,headword,,literal
cet4-w-ab1c66b18c8678ddc9e6,senior,cet2016-p121-r20-c1,headword,,literal
cet4-w-557d72fd5c749e74e6a6,seniority,cet2016-p121-r20-c2,listed_related,,literal
cet4-w-71f467d6ea7f545d4cad,sense,cet2016-p121-r22-c1,headword,,literal
cet4-w-00892f9a91d7b5ea65a9,sensible,cet2016-p121-r22-c2,listed_related,,literal
cet4-w-dec293a4c7751bea5389,sensor,cet2016-p121-r22-c3,listed_related,,literal
cet4-w-485b5909ed8715160dd8,sensitive,cet2016-p121-r23-c1,headword,,literal
cet4-w-9d989253bdec0e0aee36,sensitivity,cet2016-p121-r23-c2,listed_related,,literal
cet4-w-d0b0825516e781997acc,sentence,cet2016-p121-r24-c1,headword,,literal
cet4-w-e58dc55ed7fe9ef56059,separate,cet2016-p121-r26-c1,headword,,literal
cet4-w-2ecb3afdb40fbb3876f4,separation,cet2016-p121-r26-c2,listed_related,,literal
cet4-w-38987185bb72ad42c4c6,separatist,cet2016-p121-r26-c3,listed_related,,literal
cet4-w-2a4ba32940a1345c9ea0,September,cet2016-p121-r27-c1,headword,,literal
cet4-w-a06e2dc41964addca05d,sequence,cet2016-p121-r28-c1,headword,,literal
cet4-w-93ab822f42a749141f72,sequential,cet2016-p121-r28-c2,listed_related,,literal
cet4-w-f5c55384aa130d4ac228,series,cet2016-p121-r31-c1,headword,,literal
cet4-w-1843954421166a09c439,serious,cet2016-p121-r32-c1,headword,,literal
cet4-w-b72f4d179f6383e624ec,servant,cet2016-p121-r33-c1,headword,,literal
cet4-w-242b77222389d5921aad,serve,cet2016-p121-r34-c1,headword,,literal
cet4-w-40f6eacbb66da2ba0f66,service,cet2016-p121-r34-c2,listed_related,,literal
cet4-w-891135dc3ae37e758465,serving,cet2016-p121-r34-c3,listed_related,,literal
cet4-w-8dd267da85f99f95dacc,session,cet2016-p121-r35-c1,headword,,literal
cet4-w-ff708bcdc694926ebfea,set,cet2016-p121-r36-c1,headword,,literal
cet4-w-a3eb67e0ca1050814365,setback,cet2016-p121-r37-c1,headword,,literal
cet4-w-3bf09a6ce0bf8d60a851,setting,cet2016-p121-r38-c1,headword,,literal
cet4-w-8a121cdd07de695ccaf9,settle,cet2016-p121-r39-c1,headword,,literal
cet4-w-5f4eae3a8133369790ad,settlement,cet2016-p121-r39-c2,listed_related,,literal
cet4-w-ca0d198f5dbf322f4ff0,seven,cet2016-p121-r40-c1,headword,,literal
cet4-w-9e7adf12bc45a9284951,seventeen,cet2016-p121-r41-c1,headword,,literal
cet4-w-1958ddd8034bf1bfd4a4,seventy,cet2016-p121-r42-c1,headword,,literal
cet4-w-fed23ffbfbef44767127,several,cet2016-p122-r01-c1,headword,,literal
cet4-w-6538ea479d4a1edcff61,severe,cet2016-p122-r02-c1,headword,,literal
cet4-w-0f973ea88781ee6c202a,severity,cet2016-p122-r02-c2,listed_related,,literal
cet4-w-7f2c7657ff5172e58cf0,sew,cet2016-p122-r03-c1,headword,,literal
cet4-w-f52057195dad8c49e550,sex,cet2016-p122-r04-c1,headword,,literal
cet4-w-891ff913be423f101a66,sexy,cet2016-p122-r04-c2,listed_related,,literal
cet4-w-0c6fdddd50aaf0dcaab6,sexual,cet2016-p122-r04-c3,listed_related,,literal
cet4-w-cb4d1b8e93884f08ce84,shade,cet2016-p122-r06-c1,headword,,literal
cet4-w-e95f3406bc98eae07101,shady,cet2016-p122-r06-c2,listed_related,,literal
cet4-w-008ee8db81361aeaf6d5,shadow,cet2016-p122-r07-c1,headword,,literal
cet4-w-329d8650e6d4924f9ead,shake,cet2016-p122-r09-c1,headword,,literal
cet4-w-1c43f0d59d48034ee8ab,shaky,cet2016-p122-r09-c2,listed_related,,literal
cet4-w-447cdbeed5e8ed7e5ae0,shall,cet2016-p122-r10-c1,headword,,literal
cet4-w-e9bb06a9680de34e912f,shallow,cet2016-p122-r11-c1,headword,,literal
cet4-w-0f4a97898b57971fd55a,shame,cet2016-p122-r12-c1,headword,,literal
cet4-w-55eda5819a721af8027b,shameful,cet2016-p122-r12-c2,listed_related,,literal
cet4-w-5bfcd5459288b6f3a353,shameless,cet2016-p122-r12-c3,listed_related,,literal
cet4-w-da697a85f92d78748f21,shape,cet2016-p122-r13-c1,headword,,literal
cet4-w-a621ec4e922de6c0d473,share,cet2016-p122-r14-c1,headword,,literal
cet4-w-06726c132ca3f33c5f3e,sharp,cet2016-p122-r16-c1,headword,,literal
cet4-w-db88a7d42c96544b6e05,sharpen,cet2016-p122-r16-c2,listed_related,,literal
cet4-w-963a16be46f46525f4d5,shave,cet2016-p122-r18-c1,headword,,literal
cet4-w-48fb4b91bdbb85ce9ece,shaver,cet2016-p122-r18-c2,listed_related,,literal
cet4-w-87b8a75b9b3fb0149717,she,cet2016-p122-r19-c1,headword,,literal
cet4-w-f7b342212f0c661d942c,shed,cet2016-p122-r20-c1,headword,,literal
cet4-w-01da06ecad0cdeeb13d1,sheep,cet2016-p122-r21-c1,headword,,literal
cet4-w-21dad086e3efc5270842,sheer,cet2016-p122-r22-c1,headword,,literal
cet4-w-5b8ece635d8fdb795a09,sheet,cet2016-p122-r23-c1,headword,,literal
cet4-w-ad682a4b53a6a1b672d1,shelf,cet2016-p122-r24-c1,headword,,literal
cet4-w-c5a5b565aa168c23ab64,shell,cet2016-p122-r25-c1,headword,,literal
cet4-w-5b9f3f82cc8dc1f32b28,shelter,cet2016-p122-r26-c1,headword,,literal
cet4-w-fe3129a69d7979f87b12,shift,cet2016-p122-r29-c1,headword,,literal
cet4-w-689597fe1aaeba01ca8a,shine,cet2016-p122-r30-c1,headword,,literal
cet4-w-2e90dc9c1179e2a230ca,shiny,cet2016-p122-r30-c2,listed_related,,literal
cet4-w-cdf71459d10505e9bbdf,ship,cet2016-p122-r31-c1,headword,,literal
cet4-w-acc126bcf0120dcaaf3a,shipping,cet2016-p122-r31-c2,listed_related,,literal
cet4-w-63b954223a1bd29be735,shipment,cet2016-p122-r31-c3,listed_related,,literal
cet4-w-aceaf088431819ffe492,shirt,cet2016-p122-r33-c1,headword,,literal
cet4-w-834c950cf8ed32ed2661,shit,cet2016-p122-r34-c1,headword,,literal
cet4-w-d4859cd7fd486f01dce0,shiver,cet2016-p122-r35-c1,headword,,literal
cet4-w-339f3344b68cd7ef1065,shock,cet2016-p122-r36-c1,headword,,literal
cet4-w-828b26b582063da7a469,shoe,cet2016-p122-r37-c1,headword,,literal
cet4-w-4671046181ed0f72c77f,shoot,cet2016-p122-r38-c1,headword,,literal
cet4-w-7b87808b06a1154f3524,shop,cet2016-p122-r39-c1,headword,,literal
cet4-w-f9a4eb2d17e51e60f83d,shopping,cet2016-p122-r39-c2,listed_related,,literal
cet4-w-e3b188395bcbaf82a15d,shore,cet2016-p122-r40-c1,headword,,literal
cet4-w-9a322604446dea5ce795,short,cet2016-p122-r41-c1,headword,,literal
cet4-w-abd23150c4e453764bfb,shortage,cet2016-p122-r41-c2,listed_related,,literal
cet4-w-7361fd533ecd875cf6ca,shorts,cet2016-p122-r41-c3,listed_related,,literal
cet4-w-1e2c5b5b9e9c0fe7a1c1,shortcoming,cet2016-p122-r42-c1,headword,,literal
cet4-w-1c4560710df9a735f4e7,shortly,cet2016-p123-r02-c1,headword,,literal
cet4-w-2f4fc24309319a395a70,shot,cet2016-p123-r03-c1,headword,,literal
cet4-w-a3ab87f70f2ad65f09b2,should,cet2016-p123-r04-c1,headword,,literal
cet4-w-ffd761a83e3a2a1a1de9,shoulder,cet2016-p123-r05-c1,headword,,literal
cet4-w-66bcf1b5359812002dfd,shout,cet2016-p123-r06-c1,headword,,literal
cet4-w-9ad11b06b74ef2591df4,show,cet2016-p123-r08-c1,headword,,literal
cet4-w-0009711414fcf6385f8f,showy,cet2016-p123-r08-c2,listed_related,,literal
cet4-w-aff7b7bdbfc4af6ce7be,shower,cet2016-p123-r10-c1,headword,,literal
cet4-w-3863223549901a4793cf,shrimp,cet2016-p123-r13-c1,headword,,literal
cet4-w-98d857685cd4a8b99cf9,shrink,cet2016-p123-r14-c1,headword,,literal
cet4-w-8c42735f8be8c2e1ead8,shrug,cet2016-p123-r16-c1,headword,,literal
cet4-w-3560cdb5b02dba0a958d,shut,cet2016-p123-r17-c1,headword,,literal
cet4-w-a8ed0886e392c37f1bd1,shuttle,cet2016-p123-r18-c1,headword,,literal
cet4-w-f308385d81d2262e7622,shy,cet2016-p123-r19-c1,headword,,literal
cet4-w-7c0a582c8f2cb444f4a6,shyness,cet2016-p123-r19-c2,listed_related,,literal
cet4-w-c31a4acd8ccdf9afbda1,shyly,cet2016-p123-r19-c3,listed_related,,literal
cet4-w-e3251bf71e9b45b38b4e,sick,cet2016-p123-r20-c1,headword,,literal
cet4-w-24a0092dfab15966ed5e,sicken,cet2016-p123-r20-c2,listed_related,,literal
cet4-w-37f5f7c84fd16a30c7bf,side,cet2016-p123-r21-c1,headword,,literal
cet4-w-c4fa62e6a1fc382e76b6,sideways,cet2016-p123-r22-c1,headword,,literal
cet4-w-b72629f7a7dd450e3049,siege,cet2016-p123-r23-c1,headword,,literal
cet4-w-61022d5787fb7894d286,sigh,cet2016-p123-r24-c1,headword,,literal
cet4-w-36a841acbdab301781e5,sight,cet2016-p123-r25-c1,headword,,literal
cet4-w-a5f14349590d6d335a04,sightseeing,cet2016-p123-r26-c1,headword,,literal
cet4-w-bff7693ea76ce2443bf5,sign,cet2016-p123-r27-c1,headword,,literal
cet4-w-5e344cd7d7ee08f9e45f,signature,cet2016-p123-r27-c2,listed_related,,literal
cet4-w-f5707a7c8b5c676fac7f,signal,cet2016-p123-r28-c1,headword,,literal
cet4-w-0788dcf218eaf9cd5f73,significant,cet2016-p123-r29-c1,headword,,literal
cet4-w-ec4f1cd93b5fdacfd1c0,significance,cet2016-p123-r29-c2,listed_related,,literal
cet4-w-710ab917095dd4523ad3,silent,cet2016-p123-r31-c1,headword,,literal
cet4-w-c7daa7439bb7ceb6c90f,silence,cet2016-p123-r31-c2,listed_related,,literal
cet4-w-704e1092bc485feb9c25,silicon,cet2016-p123-r32-c1,headword,,literal
cet4-w-c33548384209bce7ef6b,silk,cet2016-p123-r33-c1,headword,,literal
cet4-w-ec9f2211f9b2b5dd7616,silky,cet2016-p123-r33-c2,listed_related,,literal
cet4-w-f3b1b0caacbee97030b5,silver,cet2016-p123-r34-c1,headword,,literal
cet4-w-97a2f446da3f7f358ad6,silvery,cet2016-p123-r34-c2,listed_related,,literal
cet4-w-4090f0a91f112464aab7,similar,cet2016-p123-r35-c1,headword,,literal
cet4-w-a68d07d60ce2df96a0fb,similarity,cet2016-p123-r35-c2,listed_related,,literal
cet4-w-12f0c3426ee23eec0a2c,simple,cet2016-p123-r36-c1,headword,,literal
cet4-w-a5c2bb0a879d9b1f5007,simplicity,cet2016-p123-r36-c2,listed_related,,literal
cet4-w-33c63df9f32496597234,simplify,cet2016-p123-r36-c3,listed_related,,literal
cet4-w-71d20682d14e29d8b1e9,simply,cet2016-p123-r36-c4,listed_related,,literal
cet4-w-9ed8740f50ecde7fa9b8,sin,cet2016-p123-r39-c1,headword,,literal
cet4-w-03ba7acf71408e228daf,since,cet2016-p123-r40-c1,headword,,literal
cet4-w-93b7077cab47d3beb0ff,sincere,cet2016-p123-r41-c1,headword,,literal
cet4-w-17ad267e1b78d9bebbce,sincerity,cet2016-p123-r41-c2,listed_related,,literal
cet4-w-1065bd5658fe01e2621c,sing,cet2016-p123-r42-c1,headword,,literal
cet4-w-1dbba2215c29003c1327,singer,cet2016-p123-r42-c2,listed_related,,literal
cet4-w-fe8b46d00b35951b4aad,single,cet2016-p124-r01-c1,headword,,literal
cet4-w-99d68659ae5cf83115e8,singular,cet2016-p124-r02-c1,headword,,literal
cet4-w-280555f313c1f2e777e6,singularity,cet2016-p124-r02-c2,listed_related,,literal
cet4-w-57dbb8a4c6d6d1203867,sink,cet2016-p124-r04-c1,headword,,literal
cet4-w-40aa88af2dc0254b4a55,sip,cet2016-p124-r05-c1,headword,,literal
cet4-w-8edff5ffe11c3644946e,sir,cet2016-p124-r06-c1,headword,,literal
cet4-w-6fd6dbdcd32701157c72,sister,cet2016-p124-r07-c1,headword,,literal
cet4-w-78f54aaa4521b3d1e3b2,sit,cet2016-p124-r08-c1,headword,,literal
cet4-w-b9798f7407880d66b604,sitting,cet2016-p124-r08-c2,listed_related,,literal
cet4-w-1a9b56df7973006744e0,site,cet2016-p124-r09-c1,headword,,literal
cet4-w-e094ab2af9702cf450c6,situation,cet2016-p124-r10-c1,headword,,literal
cet4-w-935f1157b848a1bbcf8d,situate,cet2016-p124-r11-c1,headword,,literal
cet4-w-57b2ae3c470657664b0b,six,cet2016-p124-r12-c1,headword,,literal
cet4-w-b83651010a268fd3e1d0,sixteen,cet2016-p124-r13-c1,headword,,literal
cet4-w-ed67fcd333d3e8326a49,sixty,cet2016-p124-r14-c1,headword,,literal
cet4-w-637dab26b2555a267a73,size,cet2016-p124-r15-c1,headword,,literal
cet4-w-517f9559e572aa9e52a9,sizable,cet2016-p124-r15-c2,listed_related,,literal
cet4-w-1973907aea92f7292356,skate,cet2016-p124-r16-c1,headword,,literal
cet4-w-e7ce0ecbbeea529183c9,skating,cet2016-p124-r16-c2,listed_related,,literal
cet4-w-5370d1d1fc20b556f272,skeleton,cet2016-p124-r17-c1,headword,,literal
cet4-w-5a6291a44e4e9f6bac69,sketch,cet2016-p124-r19-c1,headword,,literal
cet4-w-3f8b873850219e6d66b1,sketchy,cet2016-p124-r19-c2,listed_related,,literal
cet4-w-8b018ee84af131693342,ski,cet2016-p124-r20-c1,headword,,literal
cet4-w-5cc2b7567ca4bf0e1083,skiing,cet2016-p124-r20-c2,listed_related,,literal
cet4-w-d0716f131e5322a72a6f,skill,cet2016-p124-r21-c1,headword,,literal
cet4-w-2dd8cc6643c38965d4e2,skilful,cet2016-p124-r21-c2,listed_related,,orthographic
cet4-w-27b805687af9c64601b2,skilled,cet2016-p124-r21-c3,listed_related,,literal
cet4-w-9b7f71ea36c07827be16,skin,cet2016-p124-r23-c1,headword,,literal
cet4-w-0940f904e1bc831ae9c6,skinny,cet2016-p124-r23-c2,listed_related,,literal
cet4-w-0ced0bde8cfa01feb405,skip,cet2016-p124-r24-c1,headword,,literal
cet4-w-2ea4527f68b8dcf56faf,skirt,cet2016-p124-r25-c1,headword,,literal
cet4-w-3e826a28f35223a53149,sky,cet2016-p124-r27-c1,headword,,literal
cet4-w-b8a16bdff2cc75575ee3,skyline,cet2016-p124-r28-c1,headword,,literal
cet4-w-1c228036b319b14810f7,skyscraper,cet2016-p124-r29-c1,headword,,literal
cet4-w-ca718e02b5d2471bad59,slap,cet2016-p124-r32-c1,headword,,literal
cet4-w-91f2c8ee1e5adc921216,slave,cet2016-p124-r35-c1,headword,,literal
cet4-w-39ff15bf31c2ba187c40,slavery,cet2016-p124-r35-c2,listed_related,,literal
cet4-w-b6f3edf5111df79509ce,sleep,cet2016-p124-r36-c1,headword,,literal
cet4-w-9c5cc66700e57d5df0b0,sleepy,cet2016-p124-r36-c2,listed_related,,literal
cet4-w-7a761164b9e521aa3434,sleepiness,cet2016-p124-r36-c3,listed_related,,literal
cet4-w-0f9c99b07da6ab3e7807,sleeve,cet2016-p124-r37-c1,headword,,literal
cet4-w-1d4cb07f303c8ea178c2,slender,cet2016-p124-r38-c1,headword,,literal
cet4-w-6d20308e48e7490ebf76,slice,cet2016-p124-r39-c1,headword,,literal
cet4-w-329aa4b46d6cf0d1ee06,slide,cet2016-p124-r40-c1,headword,,literal
cet4-w-7635ec51c7b4a7aef408,slight,cet2016-p124-r41-c1,headword,,literal
cet4-w-e91529f915ca881cda84,slightly,cet2016-p124-r41-c2,listed_related,,literal
cet4-w-167381588e253bd20f04,slim,cet2016-p124-r42-c1,headword,,literal
cet4-w-75e317b844e9f5cd6fd8,slip,cet2016-p125-r01-c1,headword,,literal
cet4-w-f4d7f71b4f2a7c13007f,slippery,cet2016-p125-r01-c2,listed_related,,literal
cet4-w-159f1f28db3f7993706a,slipper,cet2016-p125-r01-c3,listed_related,,literal
cet4-w-d3afae7dfa843d5889a4,slogan,cet2016-p125-r02-c1,headword,,literal
cet4-w-7f808fc03e7c9938c429,slope,cet2016-p125-r03-c1,headword,,literal
cet4-w-4d6e50a10a3ab55a74f0,slow,cet2016-p125-r05-c1,headword,,literal
cet4-w-516c782531894029cbd6,small,cet2016-p125-r08-c1,headword,,literal
cet4-w-7a12eb962a8edd2a18a3,smart,cet2016-p125-r09-c1,headword,,literal
cet4-w-6df672109dc7592f2305,smartphone,cet2016-p125-r10-c1,headword,,literal
cet4-w-0049fa893146893f1fb9,smash,cet2016-p125-r11-c1,headword,,literal
cet4-w-af9789ec1edea6592801,smell,cet2016-p125-r12-c1,headword,,literal
cet4-w-afd9d029785c4bdfe85c,smelly,cet2016-p125-r12-c2,listed_related,,literal
cet4-w-a13a6a4d58d1813da67a,smile,cet2016-p125-r13-c1,headword,,literal
cet4-w-c28bc5425fd5439e85e0,smog,cet2016-p125-r14-c1,headword,,literal
cet4-w-10a1a17fbe30e118c616,smoggy,cet2016-p125-r14-c2,listed_related,,literal
cet4-w-3ada8684ce56ee77ad98,smoke,cet2016-p125-r15-c1,headword,,literal
cet4-w-4c79495df77ef6b8b0be,smoky,cet2016-p125-r15-c2,listed_related,,literal
cet4-w-d48d777c3ce4b3557d10,smooth,cet2016-p125-r16-c1,headword,,literal
cet4-w-70a2a64da95979918af5,snack,cet2016-p125-r18-c1,headword,,literal
cet4-w-a723eec938ad4b74298d,snake,cet2016-p125-r20-c1,headword,,literal
cet4-w-b4afe454a9351fe0813e,snow,cet2016-p125-r26-c1,headword,,literal
cet4-w-daf49754f07d08b74924,snowy,cet2016-p125-r26-c2,listed_related,,literal
cet4-w-5731157bcd08ccff4cd7,so,cet2016-p125-r27-c1,headword,,literal
cet4-w-0fabf5d7d57650af02ba,soak,cet2016-p125-r28-c1,headword,,literal
cet4-w-f53bf34941b5ee0e404c,soap,cet2016-p125-r29-c1,headword,,literal
cet4-w-72814ca22c9c05bff401,soar,cet2016-p125-r30-c1,headword,,literal
cet4-w-2ec58147e91afa8ceec7,so-called,cet2016-p125-r33-c1,headword,,literal
cet4-w-19dcc48c003caa0d0d6b,soccer,cet2016-p125-r34-c1,headword,,literal
cet4-w-f625d81c0668fe439f32,society,cet2016-p125-r35-c1,headword,,literal
cet4-w-457322caac94c6580a12,social,cet2016-p125-r35-c2,listed_related,,literal
cet4-w-65d9f9aac6375c0cdf82,socialize,cet2016-p125-r35-c3,listed_related,,orthographic
cet4-w-f21e79c24d7f5dfc5271,sociable,cet2016-p125-r35-c4,listed_related,,literal
cet4-w-8f0523e4d2230bc60938,socialism,cet2016-p125-r36-c1,headword,,literal
cet4-w-47bdb55e746d216f56df,socialist,cet2016-p125-r36-c2,listed_related,,literal
cet4-w-5ba8068ec444bc95277f,sociology,cet2016-p125-r37-c1,headword,,literal
cet4-w-61b17b70d693e7b4886d,sociologist,cet2016-p125-r37-c2,listed_related,,literal
cet4-w-0239a11c2bc23353243c,sock,cet2016-p125-r38-c1,headword,,literal
cet4-w-b529da7b5b304c0f683b,soda,cet2016-p125-r40-c1,headword,,literal
cet4-w-cc68d77ed0b28715f5fc,sofa,cet2016-p125-r42-c1,headword,,literal
cet4-w-9234f5c418cd9b7748a1,soft,cet2016-p126-r01-c1,headword,,literal
cet4-w-57bc49599305d36eed08,soften,cet2016-p126-r01-c2,listed_related,,literal
cet4-w-ca5a65ff8b053b522192,software,cet2016-p126-r02-c1,headword,,literal
cet4-w-0913e2d119f36c9f1b31,soil,cet2016-p126-r03-c1,headword,,literal
cet4-w-4c58e4c02bbb709f347f,solar,cet2016-p126-r04-c1,headword,,literal
cet4-w-3a69b64f55147ee77cc4,soldier,cet2016-p126-r05-c1,headword,,literal
cet4-w-15466c034f83791d4501,sole,cet2016-p126-r06-c1,headword,,literal
cet4-w-94a6e2986515a00b686b,solely,cet2016-p126-r06-c2,listed_related,,literal
cet4-w-c3c2f5fe3613bbcf7831,solemn,cet2016-p126-r07-c1,headword,,literal
cet4-w-4e2b134dedf0e5b32e98,solemnity,cet2016-p126-r07-c2,listed_related,,literal
cet4-w-ab36fcd61cf1861bd2d3,solid,cet2016-p126-r09-c1,headword,,literal
cet4-w-88b214e62497ac627df7,solidity,cet2016-p126-r09-c2,listed_related,,literal
cet4-w-ef05177cce94f8e32134,solidify,cet2016-p126-r09-c3,listed_related,,literal
cet4-w-08d95a5bbfcf1f969e6f,solve,cet2016-p126-r13-c1,headword,,literal
cet4-w-454d4a6bbce2e218eca6,solution,cet2016-p126-r13-c2,listed_related,,literal
cet4-w-054818b710de816bdb15,solvent,cet2016-p126-r13-c3,listed_related,,literal
cet4-w-18357aae2ac0a5503f10,soluble,cet2016-p126-r13-c4,listed_related,,literal
cet4-w-1a895fd4899803961d9e,some,cet2016-p126-r14-c1,headword,,literal
cet4-w-f0b206921b463ab3ee8d,somebody,cet2016-p126-r15-c1,headword,,literal
cet4-w-62aa52922db0204b6ec3,somehow,cet2016-p126-r16-c1,headword,,literal
cet4-w-55f002d24b8298de52fb,someone,cet2016-p126-r17-c1,headword,,literal
cet4-w-7ea56b2bbd0723890124,something,cet2016-p126-r18-c1,headword,,literal
cet4-w-6f15ddbf57168f0c4697,sometime,cet2016-p126-r19-c1,headword,,literal
cet4-w-b3d3bb3c5c896a79ae3a,sometimes,cet2016-p126-r20-c1,headword,,literal
cet4-w-54aa7df06bb0911fef5a,somewhat,cet2016-p126-r21-c1,headword,,literal
cet4-w-5068a91dc4e9e65eedbc,somewhere,cet2016-p126-r22-c1,headword,,literal
cet4-w-af2e97f016a4932eee31,son,cet2016-p126-r23-c1,headword,,literal
cet4-w-c9678ea814f813cc4830,song,cet2016-p126-r24-c1,headword,,literal
cet4-w-83874f2ca243737f80a2,soon,cet2016-p126-r25-c1,headword,,literal
cet4-w-e929e3440d06630730f7,sophisticated,cet2016-p126-r27-c1,headword,,literal
cet4-w-19b44023dad7152dd66a,sophistication,cet2016-p126-r27-c2,listed_related,,literal
cet4-w-26446cd234e6200765a8,sore,cet2016-p126-r28-c1,headword,,literal
cet4-w-95dd20e4fdf888a22ce7,sorrow,cet2016-p126-r29-c1,headword,,literal
cet4-w-0856caae8e05687653ea,sorrowful,cet2016-p126-r29-c2,listed_related,,literal
cet4-w-180e1cb256dbd0233336,sorry,cet2016-p126-r30-c1,headword,,literal
cet4-w-e33f4ded69e75611cb66,sort,cet2016-p126-r31-c1,headword,,literal
cet4-w-72a23ed24b69c862ae78,soul,cet2016-p126-r32-c1,headword,,literal
cet4-w-28f29a144215268374fb,sound,cet2016-p126-r33-c1,headword,1,literal
cet4-w-28f29a144215268374fb,sound,cet2016-p126-r34-c1,headword,2,literal
cet4-w-eb8ae719bccd7b2d50f0,soup,cet2016-p126-r35-c1,headword,,literal
cet4-w-515ad7410a1f9937d3dc,sour,cet2016-p126-r36-c1,headword,,literal
cet4-w-bd20b316ae515f3107dc,source,cet2016-p126-r37-c1,headword,,literal
cet4-w-d440e34da9dc925b2264,south,cet2016-p126-r38-c1,headword,,literal
cet4-w-9b21df8b3af5dfe653d9,southern,cet2016-p126-r38-c2,listed_related,,literal
cet4-w-3e50a7ee12ce92f13342,southeast,cet2016-p126-r39-c1,headword,,literal
cet4-w-32eccbafd2d0e35f159a,southeastern,cet2016-p126-r39-c2,listed_related,,literal
cet4-w-b92974818f516f89245d,southwest,cet2016-p126-r40-c1,headword,,literal
cet4-w-3952cc12d9c881132b51,southwestern,cet2016-p126-r40-c2,listed_related,,literal
cet4-w-679fc76f9b28b0d55976,souvenir,cet2016-p126-r41-c1,headword,,literal
cet4-w-fef6c9b9255474047954,sow,cet2016-p127-r01-c1,headword,,literal
cet4-w-d209e90c6d0b50e80093,space,cet2016-p127-r02-c1,headword,,literal
cet4-w-0bcb08ada028d8a10196,spacious,cet2016-p127-r02-c2,listed_related,,literal
cet4-w-7d899729cc48c6286afe,spatial,cet2016-p127-r02-c3,listed_related,,literal
cet4-w-7ef3a89cee89757f9036,spaceship,cet2016-p127-r03-c1,headword,,distinct_lexemes
cet4-w-eea73ea721fabe17a6bd,spacecraft,cet2016-p127-r03-c1,headword,,distinct_lexemes
cet4-w-5c91f83386dda58c6f1f,spade,cet2016-p127-r04-c1,headword,,literal
cet4-w-a86c6008d1eb114814de,span,cet2016-p127-r06-c1,headword,,literal
cet4-w-a83a370461c5fe7110c4,spare,cet2016-p127-r07-c1,headword,,literal
cet4-w-e6eeceea29ec4fea6de8,sparingly,cet2016-p127-r07-c2,listed_related,,literal
cet4-w-e3169bbbc68ea1943f08,spark,cet2016-p127-r08-c1,headword,,literal
cet4-w-1ae99ef58576ee55bdea,sparkle,cet2016-p127-r09-c1,headword,,literal
cet4-w-18c6f550367e535ec9d3,speak,cet2016-p127-r10-c1,headword,,literal
cet4-w-9d227ef5abb8f5727be8,speaker,cet2016-p127-r10-c2,listed_related,,literal
cet4-w-deacc6196c039957c21d,special,cet2016-p127-r12-c1,headword,,literal
cet4-w-e9bd927d3c77baa654f5,specialize,cet2016-p127-r12-c2,listed_related,,orthographic
cet4-w-6e33bbead2483c2c2a0e,specialization,cet2016-p127-r12-c3,listed_related,,orthographic
cet4-w-a463255463c8264e9adc,specialist,cet2016-p127-r12-c4,listed_related,,literal
cet4-w-dc03e85ce3d4400ad848,species,cet2016-p127-r14-c1,headword,,literal
cet4-w-9bead37d826146267563,specific,cet2016-p127-r15-c1,headword,,literal
cet4-w-03aced3bed5d984e1390,specifically,cet2016-p127-r15-c2,listed_related,,literal
cet4-w-ecde297b6f1b1b2cebd7,specify,cet2016-p127-r16-c1,headword,,literal
cet4-w-5c0505d7c103765f88e1,specification,cet2016-p127-r16-c2,listed_related,,literal
cet4-w-ca8e6bb1aa532b11df93,specimen,cet2016-p127-r17-c1,headword,,literal
cet4-w-a23ff6cc51ee61388f89,speculate,cet2016-p127-r21-c1,headword,,literal
cet4-w-f5e7d2248c95db99aee3,speculation,cet2016-p127-r21-c2,listed_related,,literal
cet4-w-31e24ced8956cfe8917b,speculative,cet2016-p127-r21-c3,listed_related,,literal
cet4-w-e0ef950b0ed480d5a1c2,speech,cet2016-p127-r22-c1,headword,,literal
cet4-w-44d1778f49ca167bd6a4,speechless,cet2016-p127-r22-c2,listed_related,,literal
cet4-w-c898720b2f4ec25268d4,speed,cet2016-p127-r23-c1,headword,,literal
cet4-w-e9d86662ba8fa94aa228,speedy,cet2016-p127-r23-c2,listed_related,,literal
cet4-w-315bfab2a365e3499853,speeding,cet2016-p127-r23-c3,listed_related,,literal
cet4-w-782545c2726e257c77b8,spell,cet2016-p127-r24-c1,headword,,literal
cet4-w-3781d579d7ca26c86353,spelling,cet2016-p127-r24-c2,listed_related,,literal
cet4-w-b83d6eca1e7f3a9f6eb3,spend,cet2016-p127-r25-c1,headword,,literal
cet4-w-7be262e604b319fe2979,spending,cet2016-p127-r25-c2,listed_related,,literal
cet4-w-a265420f8cde596d3c5f,sphere,cet2016-p127-r26-c1,headword,,literal
cet4-w-b9a3d321a21943ca8bad,spherical,cet2016-p127-r26-c2,listed_related,,literal
cet4-w-de7a7af024828ee71d8c,spill,cet2016-p127-r29-c1,headword,,literal
cet4-w-39597abccab1b17c453f,spin,cet2016-p127-r30-c1,headword,,literal
cet4-w-fa695d0d9539a1735819,spirit,cet2016-p127-r33-c1,headword,,literal
cet4-w-31c1c086a171a520077a,spiritual,cet2016-p127-r33-c2,listed_related,,literal
cet4-w-55ce9f87c7fda1ed5166,spit,cet2016-p127-r34-c1,headword,,literal
cet4-w-810a2bb5e07f71d02af0,spite,cet2016-p127-r35-c1,headword,,literal
cet4-w-0ae0ee413447008bb168,splash,cet2016-p127-r36-c1,headword,,literal
cet4-w-10a8278779e9b76167c9,splendid,cet2016-p127-r37-c1,headword,,literal
cet4-w-d20e8e12bbb558de335a,splendor,cet2016-p127-r37-c2,listed_related,,orthographic
cet4-w-58ca2aa88936f74419c7,split,cet2016-p127-r38-c1,headword,,literal
cet4-w-1198a27735ece4c8bbe4,spoil,cet2016-p127-r39-c1,headword,,literal
cet4-w-65636cf48b63e881d913,spokesman,cet2016-p127-r40-c1,headword,,distinct_lexemes
cet4-w-2f0cc2ac715d64c7e690,spokeswoman,cet2016-p127-r40-c1,headword,,distinct_lexemes
cet4-w-b36be6aec3faff5888eb,spokesperson,cet2016-p127-r40-c2,listed_related,,literal
cet4-w-0820bd88d5a47071e79a,sponsor,cet2016-p127-r42-c1,headword,,literal
cet4-w-cab48bb93e5ea4bcb6bf,sponsorship,cet2016-p127-r42-c2,listed_related,,literal
cet4-w-68a1c7b29dced4565995,spontaneous,cet2016-p128-r01-c1,headword,,literal
cet4-w-88ea1582e41ee837dfc8,spontaneity,cet2016-p128-r01-c2,listed_related,,literal
cet4-w-d1efc6c27a25fbf356ea,spoon,cet2016-p128-r02-c1,headword,,literal
cet4-w-0c7ee6f6ed20d80f644c,spoonful,cet2016-p128-r02-c2,listed_related,,literal
cet4-w-7a2b5e23a00ff0b97a91,sport,cet2016-p128-r03-c1,headword,,literal
cet4-w-14aa23e3c1fe5d9adcb3,sportsman,cet2016-p128-r04-c1,headword,,distinct_lexemes
cet4-w-2efeba3708cb1674913c,sportswoman,cet2016-p128-r04-c1,headword,,distinct_lexemes
cet4-w-febbfa21814890283139,spot,cet2016-p128-r05-c1,headword,,literal
cet4-w-ca308a1afdbf25ac83d9,spouse,cet2016-p128-r07-c1,headword,,literal
cet4-w-05afe7805f0bc60a3159,spray,cet2016-p128-r09-c1,headword,,literal
cet4-w-3ab82f8a984c2c43e9fc,spread,cet2016-p128-r10-c1,headword,,literal
cet4-w-250b83feeb248a83bb5b,spring,cet2016-p128-r11-c1,headword,,literal
cet4-w-914b91232a0f239390a5,spur,cet2016-p128-r13-c1,headword,,literal
cet4-w-4e521d48729402742fe2,spy,cet2016-p128-r14-c1,headword,,literal
cet4-w-8da5ef325e70fad0e6be,square,cet2016-p128-r16-c1,headword,,literal
cet4-w-196c730b8240138ae47d,squeeze,cet2016-p128-r17-c1,headword,,literal
cet4-w-57070fbcedf07b7e7335,stable,cet2016-p128-r19-c1,headword,,literal
cet4-w-c88f0f734c0407c5d610,stability,cet2016-p128-r19-c2,listed_related,,literal
cet4-w-2a9e0e44207056712706,stabilize,cet2016-p128-r19-c3,listed_related,,orthographic
cet4-w-fc5d1ae272b407e51f5f,stack,cet2016-p128-r20-c1,headword,,literal
cet4-w-a85c4d942c6244566574,stadium,cet2016-p128-r21-c1,headword,,literal
cet4-w-e58f168daeb13e85b748,staff,cet2016-p128-r22-c1,headword,,literal
cet4-w-216e4d7c8b01d34316f7,stage,cet2016-p128-r23-c1,headword,,literal
cet4-w-59bad27bcfefdb8444ac,stain,cet2016-p128-r26-c1,headword,,literal
cet4-w-e900b56eb476b4cd7d0b,stainless,cet2016-p128-r26-c2,listed_related,,literal
cet4-w-4c8874ed8ccf90cc7e9f,stair,cet2016-p128-r27-c1,headword,,literal
cet4-w-146a943be65c5dd68de8,staircase,cet2016-p128-r28-c1,headword,,literal
cet4-w-381c6fd5737e572368e4,stake,cet2016-p128-r29-c1,headword,,literal
cet4-w-4df91ea868f9a4faa53e,stale,cet2016-p128-r30-c1,headword,,literal
cet4-w-9c8150feffbd277f729c,stamp,cet2016-p128-r34-c1,headword,1,literal
cet4-w-9c8150feffbd277f729c,stamp,cet2016-p128-r35-c1,headword,2,literal
cet4-w-804d6fc3c5fea9e358ac,stand,cet2016-p128-r37-c1,headword,,literal
cet4-w-9d416f7ee6e7604a16f5,standard,cet2016-p128-r38-c1,headword,,literal
cet4-w-866d9adeb9af9bb777d5,standardize,cet2016-p128-r38-c2,listed_related,,orthographic
cet4-w-1b5bc8137aaf8024ea8c,standardization,cet2016-p128-r38-c3,listed_related,,orthographic
cet4-w-7c8efaaa9e107dd38912,standpoint,cet2016-p128-r40-c1,headword,,literal
cet4-w-c687cd696045ea943aab,staple,cet2016-p128-r41-c1,headword,1,literal
cet4-w-32dca47a1f1f3d8e5752,star,cet2016-p129-r01-c1,headword,,literal
cet4-w-2a3c70d6c83db7f93a20,starry,cet2016-p129-r01-c2,listed_related,,literal
cet4-w-0fc3c24d79b69d3108b5,stare,cet2016-p129-r02-c1,headword,,literal
cet4-w-6899cbfb3b8589a18366,start,cet2016-p129-r04-c1,headword,,literal
cet4-w-11bdbe62b3dbc9b5fe0a,starter,cet2016-p129-r04-c2,listed_related,,literal
cet4-w-7bf8ee1ea897afccc776,startle,cet2016-p129-r05-c1,headword,,literal
cet4-w-2620a78346162aae89c6,starve,cet2016-p129-r06-c1,headword,,literal
cet4-w-3f369f4f86d7be4fdf91,starvation,cet2016-p129-r06-c2,listed_related,,literal
cet4-w-e39109dde732058c0ad1,state,cet2016-p129-r07-c1,headword,,literal
cet4-w-eefa69b94f48b018a249,statement,cet2016-p129-r07-c2,listed_related,,literal
cet4-w-f1244d070c349f5e43a5,statesman,cet2016-p129-r08-c1,headword,,literal
cet4-w-e42a540e5d51b2cca742,station,cet2016-p129-r10-c1,headword,,literal
cet4-w-7683494218004c8d339f,stationary,cet2016-p129-r10-c2,listed_related,,literal
cet4-w-5c57f9fa9e95c159e97f,statistic,cet2016-p129-r12-c1,headword,,literal
cet4-w-f449b409acde54739f20,statistical,cet2016-p129-r12-c2,listed_related,,literal
cet4-w-7632775e7253536ba60f,statue,cet2016-p129-r13-c1,headword,,literal
cet4-w-b1748f2c232929f30a8a,status,cet2016-p129-r14-c1,headword,,literal
cet4-w-4bcb6428a1da685af648,stay,cet2016-p129-r16-c1,headword,,literal
cet4-w-e2d06f6e1dcf4af2b654,steady,cet2016-p129-r17-c1,headword,,literal
cet4-w-e52c7abc69385627f512,steadily,cet2016-p129-r17-c2,listed_related,,literal
cet4-w-16b0ddc3a563eec24b79,steak,cet2016-p129-r18-c1,headword,,literal
cet4-w-915f23b8631ec0ef99ad,steal,cet2016-p129-r19-c1,headword,,literal
cet4-w-56f495a4742c944e7e57,steam,cet2016-p129-r20-c1,headword,,literal
cet4-w-8224789f1a4d19d30972,steamy,cet2016-p129-r20-c2,listed_related,,literal
cet4-w-700c970517e9b6f7d148,steamer,cet2016-p129-r20-c3,listed_related,,literal
cet4-w-701a24802f309a10cd81,steel,cet2016-p129-r21-c1,headword,,literal
cet4-w-928cc2b468a51418ed19,steep,cet2016-p129-r22-c1,headword,,literal
cet4-w-b5ca6cd31a2a07ee20be,steer,cet2016-p129-r23-c1,headword,,literal
cet4-w-ba7ee7f8d1feb7423c92,stem,cet2016-p129-r24-c1,headword,1,literal
cet4-w-ba7ee7f8d1feb7423c92,stem,cet2016-p129-r25-c1,headword,2,literal
cet4-w-db7afdb509922f82dda8,step,cet2016-p129-r26-c1,headword,,literal
cet4-w-880e8dd4ecc7fa4e993d,stick,cet2016-p129-r30-c1,headword,1,literal
cet4-w-880e8dd4ecc7fa4e993d,stick,cet2016-p129-r31-c1,headword,2,literal
cet4-w-93114bc5d07b4942e9d8,sticky,cet2016-p129-r31-c2,listed_related,,literal
cet4-w-8e298648be23ee6f406c,stiff,cet2016-p129-r32-c1,headword,,literal
cet4-w-1ca742c6581321e66415,stiffen,cet2016-p129-r32-c2,listed_related,,literal
cet4-w-7d95cdb23e01c36a23bc,still,cet2016-p129-r35-c1,headword,1,literal
cet4-w-7d95cdb23e01c36a23bc,still,cet2016-p129-r36-c1,headword,2,literal
cet4-w-019190bbb895b743c5f5,stimulate,cet2016-p129-r37-c1,headword,,literal
cet4-w-cd568f2e5de41bba1ae9,stimulation,cet2016-p129-r37-c2,listed_related,,literal
cet4-w-e0dadc249017e4bbeffa,stimulus,cet2016-p129-r37-c3,listed_related,,literal
cet4-w-882f568fcd3765bef313,stimulant,cet2016-p129-r37-c4,listed_related,,literal
cet4-w-790ad7ae077c9d032874,sting,cet2016-p129-r38-c1,headword,,literal
cet4-w-7ee0a9cf87147e3cffe4,stir,cet2016-p129-r40-c1,headword,,literal
cet4-w-e2f27bad623e3e7082ba,stock,cet2016-p129-r42-c1,headword,,literal
cet4-w-d99924a7fc8f817edf74,stocking,cet2016-p130-r01-c1,headword,,literal
cet4-w-9db29e753909fd535fc5,stomach,cet2016-p130-r02-c1,headword,,literal
cet4-w-85718ee2616486ee7e8d,stone,cet2016-p130-r03-c1,headword,,literal
cet4-w-13d243bc6968d285f812,stony,cet2016-p130-r03-c2,listed_related,,literal
cet4-w-3598f6f7b382842c383b,stool,cet2016-p130-r04-c1,headword,,literal
cet4-w-166ea745e98873020e63,stop,cet2016-p130-r06-c1,headword,,literal
cet4-w-f1b92b0bf000aaba9e86,stoppage,cet2016-p130-r06-c2,listed_related,,literal
cet4-w-cd34316ae44cbc0e0d3e,store,cet2016-p130-r07-c1,headword,1,literal
cet4-w-cd34316ae44cbc0e0d3e,store,cet2016-p130-r08-c1,headword,2,literal
cet4-w-19e4dfb0ba1af383bf1e,storage,cet2016-p130-r08-c2,listed_related,,literal
cet4-w-267a640334051897b0e5,storm,cet2016-p130-r09-c1,headword,,literal
cet4-w-68c87a73d509f3b4fa46,stormy,cet2016-p130-r09-c2,listed_related,,literal
cet4-w-7a9e0221e1ae687d2519,story,cet2016-p130-r10-c1,headword,1,literal
cet4-w-7a9e0221e1ae687d2519,story,cet2016-p130-r11-c1,headword,2,orthographic
cet4-w-3c3a3a74c6254e3d99aa,stove,cet2016-p130-r13-c1,headword,,literal
cet4-w-a07af3f81da66809a85e,straight,cet2016-p130-r14-c1,headword,,literal
cet4-w-2e28b3f438bdb1d9b2a5,straighten,cet2016-p130-r14-c2,listed_related,,literal
cet4-w-dbbf5f2853654530df4d,straightforward,cet2016-p130-r15-c1,headword,,literal
cet4-w-39c2189647ce6f3536a9,strain,cet2016-p130-r16-c1,headword,1,literal
cet4-w-39c2189647ce6f3536a9,strain,cet2016-p130-r17-c1,headword,2,literal
cet4-w-67d55568c3a32d9bc4cb,strange,cet2016-p130-r20-c1,headword,,literal
cet4-w-7f00452678ca71c44ec1,stranger,cet2016-p130-r20-c2,listed_related,,literal
cet4-w-0efc179cd3ca5981ed8a,strap,cet2016-p130-r22-c1,headword,,literal
cet4-w-b9a76f24e3f0fea802f9,strategy,cet2016-p130-r23-c1,headword,,literal
cet4-w-8e46e5b92a89a720b060,strategic,cet2016-p130-r23-c2,listed_related,,literal
cet4-w-6afd8d958a3c7f26341d,straw,cet2016-p130-r24-c1,headword,,literal
cet4-w-70b96ac2e8af090a7189,stream,cet2016-p130-r27-c1,headword,,literal
cet4-w-da6c78f8b1e4aeb824de,street,cet2016-p130-r29-c1,headword,,literal
cet4-w-4ad4ab9ebe9e8a1a09cf,stress,cet2016-p130-r30-c1,headword,,literal
cet4-w-73ac0fef69b29f79c8bc,stressful,cet2016-p130-r30-c2,listed_related,,literal
cet4-w-0f373de4c230365a332d,stretch,cet2016-p130-r31-c1,headword,,literal
cet4-w-d7653e8710e270c016b4,strict,cet2016-p130-r32-c1,headword,,literal
cet4-w-90b5ad06a85846b1d4b9,stride,cet2016-p130-r33-c1,headword,,literal
cet4-w-d0534b77f408274aec75,strike,cet2016-p130-r34-c1,headword,,literal
cet4-w-f06f260cece268d9f507,striking,cet2016-p130-r34-c2,listed_related,,literal
cet4-w-d6703d2befd1bba4483b,string,cet2016-p130-r35-c1,headword,,literal
cet4-w-3f964322814de2891be6,strip,cet2016-p130-r36-c1,headword,,literal
cet4-w-6369d21c634f26ad09f2,stripe,cet2016-p130-r37-c1,headword,,literal
cet4-w-6ab426a72312d7b723ed,strive,cet2016-p130-r38-c1,headword,,literal
cet4-w-5e60f10f9b58f950c43f,stroke,cet2016-p130-r39-c1,headword,1,literal
cet4-w-5e60f10f9b58f950c43f,stroke,cet2016-p130-r40-c1,headword,2,literal
cet4-w-fc9af338956823d89c30,strong,cet2016-p130-r42-c1,headword,,literal
cet4-w-462af4c808870f4a2020,strength,cet2016-p130-r42-c2,listed_related,,literal
cet4-w-02d317385d89fef11bef,strengthen,cet2016-p130-r42-c3,listed_related,,literal
cet4-w-f1372dd4d25a772af397,structure,cet2016-p131-r01-c1,headword,,literal
cet4-w-4da1d16ede60d3a18f37,structural,cet2016-p131-r01-c2,listed_related,,literal
cet4-w-ce5669c1454104f50578,struggle,cet2016-p131-r02-c1,headword,,literal
cet4-w-f2781deb4e3c9ff8f7ca,student,cet2016-p131-r04-c1,headword,,literal
cet4-w-013949a48cae9a9d7c75,studio,cet2016-p131-r05-c1,headword,,literal
cet4-w-2766db5f81b0e5a65e24,study,cet2016-p131-r06-c1,headword,,literal
cet4-w-99ebfb6a940e5789b8d6,stuff,cet2016-p131-r07-c1,headword,,literal
cet4-w-6ba8bb228cb0b600c49b,stuffy,cet2016-p131-r07-c2,listed_related,,literal
cet4-w-502cf4381edf771eb373,stuffing,cet2016-p131-r07-c3,listed_related,,literal
cet4-w-3c896ea03387e01dbde0,stupid,cet2016-p131-r11-c1,headword,,literal
cet4-w-cba2cab9e3e97af276a7,stupidity,cet2016-p131-r11-c2,listed_related,,literal
cet4-w-04360b00a901d778f400,style,cet2016-p131-r13-c1,headword,,literal
cet4-w-20c9c140a92ef305e66c,stylish,cet2016-p131-r13-c2,listed_related,,literal
cet4-w-3bc5b94e70c5c5908478,subject,cet2016-p131-r14-c1,headword,1,literal
cet4-w-3bc5b94e70c5c5908478,subject,cet2016-p131-r15-c1,headword,2,literal
cet4-w-0e79caffc1c5708aa17f,subjective,cet2016-p131-r16-c1,headword,,literal
cet4-w-d585bfec1893de94a441,submit,cet2016-p131-r19-c1,headword,,literal
cet4-w-83c268559165b22ed1b9,submission,cet2016-p131-r19-c2,listed_related,,literal
cet4-w-f7f901187c7706d99434,submissive,cet2016-p131-r19-c3,listed_related,,literal
cet4-w-d97a58020cfd918c7518,subsequent,cet2016-p131-r22-c1,headword,,literal
cet4-w-0c9efe34647089079b28,substance,cet2016-p131-r25-c1,headword,,literal
cet4-w-27e71db9fb7b57b1e084,substantial,cet2016-p131-r25-c2,listed_related,,literal
cet4-w-389b64838b481a58c87c,substitute,cet2016-p131-r26-c1,headword,,literal
cet4-w-7c0cb620d26bc1db20d5,substitution,cet2016-p131-r26-c2,listed_related,,literal
cet4-w-ba43e4a463aefadf0b8d,subtract,cet2016-p131-r28-c1,headword,,literal
cet4-w-9e2e615bdf01d9efdc2e,subtraction,cet2016-p131-r28-c2,listed_related,,literal
cet4-w-ece0129a9b17e71f79cb,suburb,cet2016-p131-r29-c1,headword,,literal
cet4-w-d0ec87d01b62e0a6440d,suburban,cet2016-p131-r29-c2,listed_related,,literal
cet4-w-044bba3c3a73aa315f1f,subway,cet2016-p131-r30-c1,headword,,literal
cet4-w-9989e9bee6bfe54b8662,succeed,cet2016-p131-r31-c1,headword,,literal
cet4-w-013154b636763a94b6f1,successor,cet2016-p131-r31-c2,listed_related,,literal
cet4-w-d6edb0e9f46dc6ec95bd,succession,cet2016-p131-r31-c3,listed_related,,literal
cet4-w-daaa334bcaa7d3a9af9e,successive,cet2016-p131-r31-c4,listed_related,,literal
cet4-w-1c0c9b38e8c66e6ad49a,success,cet2016-p131-r32-c1,headword,,literal
cet4-w-79f3be233a88ce6fcd4e,successful,cet2016-p131-r32-c2,listed_related,,literal
cet4-w-b6a23fd397f0a261e202,such,cet2016-p131-r33-c1,headword,,literal
cet4-w-2f7656d92eefae8fe4a2,suck,cet2016-p131-r34-c1,headword,,literal
cet4-w-cac79b84445cddb53b7a,sudden,cet2016-p131-r35-c1,headword,,literal
cet4-w-f60137c8e70ebd4eaad5,suddenly,cet2016-p131-r35-c2,listed_related,,literal
cet4-w-51fa19572e07dbcd7a9e,suffer,cet2016-p131-r37-c1,headword,,literal
cet4-w-97f7bb333809b418be8f,suffering,cet2016-p131-r37-c2,listed_related,,literal
cet4-w-6f228dd5ab3fbaf8b0ee,sufficient,cet2016-p131-r39-c1,headword,,literal
cet4-w-77274e3eb9e587370441,sugar,cet2016-p131-r40-c1,headword,,literal
cet4-w-ff1a3cc5eee467427bbc,suggest,cet2016-p131-r41-c1,headword,,literal
cet4-w-9b26cfaa70c54e691ebc,suggestion,cet2016-p131-r41-c2,listed_related,,literal
cet4-w-b6b7aa11661b7163089d,suggestive,cet2016-p131-r41-c3,listed_related,,literal
cet4-w-01a067e222ec7def98c7,suit,cet2016-p132-r01-c1,headword,1,literal
cet4-w-b2c8461426f00c6dd4a0,suitable,cet2016-p132-r01-c2,listed_related,,literal
cet4-w-01a067e222ec7def98c7,suit,cet2016-p132-r02-c1,headword,2,literal
cet4-w-2cdb1fc4b79e0116781f,suitcase,cet2016-p132-r03-c1,headword,,literal
cet4-w-34b54b41c4b987834030,sum,cet2016-p132-r06-c1,headword,,literal
cet4-w-04cc06094c61f4bead81,summary,cet2016-p132-r07-c1,headword,,literal
cet4-w-532339f4d8aea058a389,summarize,cet2016-p132-r07-c2,listed_related,,orthographic
cet4-w-02dd59ebc9fede70410f,summer,cet2016-p132-r08-c1,headword,,literal
cet4-w-1e00f1ffa1a34b31e3a4,summit,cet2016-p132-r09-c1,headword,,literal
cet4-w-13912d4ae377c43b7271,sun,cet2016-p132-r11-c1,headword,,literal
cet4-w-a3e28eef507bfd0601a0,sunny,cet2016-p132-r11-c2,listed_related,,literal
cet4-w-4f1d516080422f5f222a,Sunday,cet2016-p132-r12-c1,headword,,literal
cet4-w-9441aeb406c87de27328,sunlight,cet2016-p132-r13-c1,headword,,literal
cet4-w-8ade9d30544a730a0560,sunrise,cet2016-p132-r14-c1,headword,,literal
cet4-w-cc465c696ef03cf872db,sunset,cet2016-p132-r15-c1,headword,,literal
cet4-w-7dfd3edf16582205c64c,sunshine,cet2016-p132-r16-c1,headword,,literal
cet4-w-d5bc7d9c1aa03708e261,super,cet2016-p132-r17-c1,headword,,literal
cet4-w-ad8217f45b9bda49dd30,superb,cet2016-p132-r18-c1,headword,,literal
cet4-w-146e687e6ba051d2cde3,superficial,cet2016-p132-r19-c1,headword,,literal
cet4-w-a4a896ed908618a32edd,superior,cet2016-p132-r21-c1,headword,,literal
cet4-w-bdcb171f8bb883cbac03,superiority,cet2016-p132-r21-c2,listed_related,,literal
cet4-w-a3bfbec1773aa51e6dbe,supermarket,cet2016-p132-r22-c1,headword,,literal
cet4-w-6bcb27ab20d91e9d6966,supervise,cet2016-p132-r24-c1,headword,,literal
cet4-w-abc6ad7ed3196ff84706,supervision,cet2016-p132-r24-c2,listed_related,,literal
cet4-w-ada120d5d05462acd779,supervisor,cet2016-p132-r24-c3,listed_related,,literal
cet4-w-8849cb7cc117e586851a,supper,cet2016-p132-r25-c1,headword,,literal
cet4-w-d6370dde1fbea347fb00,supplement,cet2016-p132-r26-c1,headword,,literal
cet4-w-6b0d1c28f4f6c7053d28,supplementary,cet2016-p132-r26-c2,listed_related,,literal
cet4-w-370190b561098d12cc1c,supply,cet2016-p132-r27-c1,headword,,literal
cet4-w-7ff28a709677b86c65b4,supplier,cet2016-p132-r27-c2,listed_related,,literal
cet4-w-385010cccc39746e3da1,support,cet2016-p132-r28-c1,headword,,literal
cet4-w-0682177acb7f6a9e9fab,supportive,cet2016-p132-r28-c2,listed_related,,literal
cet4-w-9b4eac808326e903aea1,supporter,cet2016-p132-r28-c3,listed_related,,literal
cet4-w-34561055ab36d9d6f66b,suppose,cet2016-p132-r29-c1,headword,,literal
cet4-w-150a2cc0a6b16e1c0cb3,supposition,cet2016-p132-r29-c2,listed_related,,literal
cet4-w-8e95ed1b0abd8524741e,supposedly,cet2016-p132-r29-c3,listed_related,,literal
cet4-w-8160c489b583fa3dd309,supreme,cet2016-p132-r31-c1,headword,,literal
cet4-w-461c4bf837a371a83bc8,supremacy,cet2016-p132-r31-c2,listed_related,,literal
cet4-w-284af753c0b63336427a,sure,cet2016-p132-r32-c1,headword,,literal
cet4-w-51bb2cde40db8e6c5ee4,surf,cet2016-p132-r33-c1,headword,,literal
cet4-w-c84b9e78282a281845c7,surfing,cet2016-p132-r33-c2,listed_related,,literal
cet4-w-fc90f84cb3181f03a006,surface,cet2016-p132-r34-c1,headword,,literal
cet4-w-c70cbb4a177d441fdcd1,surge,cet2016-p132-r35-c1,headword,,literal
cet4-w-c26cf487bd01b2cb767c,surgery,cet2016-p132-r36-c1,headword,,literal
cet4-w-41eb253f771b4a40d0bb,surgical,cet2016-p132-r36-c2,listed_related,,literal
cet4-w-6bb8f168b1210e9338f7,surgeon,cet2016-p132-r36-c3,listed_related,,literal
cet4-w-acabe367ab82a5bb5f43,surname,cet2016-p132-r37-c1,headword,,literal
cet4-w-5997ac0b17114be06fa5,surplus,cet2016-p132-r39-c1,headword,,literal
cet4-w-f076c8d54d633b8bcd67,surprise,cet2016-p132-r40-c1,headword,,literal
cet4-w-8d83c84d5021167e1657,surrender,cet2016-p132-r41-c1,headword,,literal
cet4-w-30f6f42861f895165f40,surround,cet2016-p132-r42-c1,headword,,literal
cet4-w-edd825fca418a0377fdf,surroundings,cet2016-p132-r42-c2,listed_related,,literal
cet4-w-8868cef6b9f574e7a3f5,survey,cet2016-p133-r02-c1,headword,,literal
cet4-w-80246cfe046db00eef40,survive,cet2016-p133-r03-c1,headword,,literal
cet4-w-abb9ce76d416cabedccb,survival,cet2016-p133-r03-c2,listed_related,,literal
cet4-w-3317d6df351658098ae5,survivor,cet2016-p133-r03-c3,listed_related,,literal
cet4-w-b0a93a682f807478531a,suspect,cet2016-p133-r05-c1,headword,,literal
cet4-w-ce3f52d1c2534ccd0f69,suspend,cet2016-p133-r06-c1,headword,,literal
cet4-w-41f4af9fc0266ad9b5d4,suspension,cet2016-p133-r06-c2,listed_related,,literal
cet4-w-b15ee452196e7c58a88f,suspense,cet2016-p133-r06-c3,listed_related,,literal
cet4-w-4ba3c39e9d369fb6a4fc,suspicion,cet2016-p133-r07-c1,headword,,literal
cet4-w-b5458a2c9cefafccfe88,suspicious,cet2016-p133-r07-c2,listed_related,,literal
cet4-w-58ab246cabc558c09046,sustain,cet2016-p133-r08-c1,headword,,literal
cet4-w-ba29a6c8bdd075a5e100,sustainable,cet2016-p133-r08-c2,listed_related,,literal
cet4-w-b66584152d448577fbf9,sustainability,cet2016-p133-r08-c3,listed_related,,literal
cet4-w-764f99792eb6a3af2f21,swallow,cet2016-p133-r09-c1,headword,1,literal
cet4-w-764f99792eb6a3af2f21,swallow,cet2016-p133-r10-c1,headword,2,literal
cet4-w-4ffb99003ee69486a5a2,sway,cet2016-p133-r13-c1,headword,,literal
cet4-w-044f74b9bf26936f030a,swear,cet2016-p133-r14-c1,headword,,literal
cet4-w-1a822aa1fbca6d69fbb0,sweat,cet2016-p133-r15-c1,headword,,literal
cet4-w-952d1ac4c5865981518d,sweater,cet2016-p133-r15-c2,listed_related,,literal
cet4-w-8300fbbd6f714239b03d,sweep,cet2016-p133-r16-c1,headword,,literal
cet4-w-655441be57c559ea05ca,sweet,cet2016-p133-r17-c1,headword,,literal
cet4-w-575cb28c1253b2fcc9a9,swell,cet2016-p133-r18-c1,headword,,literal
cet4-w-c77017e540c5add6b9c4,swift,cet2016-p133-r19-c1,headword,,literal
cet4-w-2182e52ec45991256428,swim,cet2016-p133-r20-c1,headword,,literal
cet4-w-701b76d45f89927d858d,swimming,cet2016-p133-r20-c2,listed_related,,literal
cet4-w-2b628035368282db7a1a,swimmer,cet2016-p133-r20-c3,listed_related,,literal
cet4-w-b7ead2143bf29c14eaa8,swing,cet2016-p133-r21-c1,headword,,literal
cet4-w-6b922156ac249d3b3031,swipe,cet2016-p133-r22-c1,headword,,literal
cet4-w-f406cfcb96ecdd64be6b,switch,cet2016-p133-r23-c1,headword,,literal
cet4-w-9fe11523c3b9ec924f4d,sword,cet2016-p133-r24-c1,headword,,literal
cet4-w-c150a2888e96b2b27d07,symbol,cet2016-p133-r25-c1,headword,,literal
cet4-w-a07e1d38aca6ebc4029a,symbolic,cet2016-p133-r25-c2,listed_related,,distinct_lexemes
cet4-w-93182a497b1e2c3eb8a9,symbolical,cet2016-p133-r25-c2,listed_related,,distinct_lexemes
cet4-w-33687f73c681d9412021,sympathy,cet2016-p133-r27-c1,headword,,literal
cet4-w-54aae0f0d77590059ae5,sympathetic,cet2016-p133-r27-c2,listed_related,,literal
cet4-w-bbc436c4255bdbcda79c,sympathize,cet2016-p133-r27-c3,listed_related,,orthographic
cet4-w-99b186df571eb71b0a20,symptom,cet2016-p133-r30-c1,headword,,literal
cet4-w-625c4639b67810f0251b,system,cet2016-p133-r35-c1,headword,,literal
cet4-w-0c66f38ba6716fc2d017,systematic,cet2016-p133-r35-c2,listed_related,,literal
cet4-w-494b3d3918d124fe4758,systematically,cet2016-p133-r35-c3,listed_related,,literal
cet4-w-28f62065ab861a94dee3,table,cet2016-p133-r36-c1,headword,,literal
cet4-w-232d766ab875edbe048d,tablet,cet2016-p133-r37-c1,headword,,literal
cet4-w-9c1eeeb08e46efb47761,tackle,cet2016-p133-r40-c1,headword,,literal
cet4-w-6215d9436330ed117dae,tag,cet2016-p134-r01-c1,headword,,literal
cet4-w-ad09aa787c8100f88637,tail,cet2016-p134-r02-c1,headword,,literal
cet4-w-c9e7ef184b65a8ed09b4,tailor,cet2016-p134-r03-c1,headword,,literal
cet4-w-92070c4d988b0e25d5d3,take,cet2016-p134-r04-c1,headword,,literal
cet4-w-4df90faf4249509b4623,takeoff,cet2016-p134-r05-c1,headword,,literal
cet4-w-5920e8de565fbfc15954,tale,cet2016-p134-r06-c1,headword,,literal
cet4-w-eb6ee591c16734125791,talent,cet2016-p134-r07-c1,headword,,literal
cet4-w-ba8a04de048d4bf4ea53,talented,cet2016-p134-r07-c2,listed_related,,literal
cet4-w-2298df933de1a76c94d7,talk,cet2016-p134-r08-c1,headword,,literal
cet4-w-956087cab5f4647af2eb,talkative,cet2016-p134-r08-c2,listed_related,,literal
cet4-w-d9252c6ecea60636cf5c,tall,cet2016-p134-r09-c1,headword,,literal
cet4-w-e6861babc821436b3763,tame,cet2016-p134-r10-c1,headword,,literal
cet4-w-f74bb374a3d5102a3b53,tangible,cet2016-p134-r12-c1,headword,,literal
cet4-w-138e903d472eca5ece10,tank,cet2016-p134-r14-c1,headword,,literal
cet4-w-17f70820113c2e1f0b1a,tap,cet2016-p134-r16-c1,headword,,literal
cet4-w-b1add575518f165832f8,tape,cet2016-p134-r17-c1,headword,,literal
cet4-w-b1ae5038e92bd7061a13,target,cet2016-p134-r18-c1,headword,,literal
cet4-w-707e6b9458d6964613b5,task,cet2016-p134-r20-c1,headword,,literal
cet4-w-9b87020028dc07392adb,taste,cet2016-p134-r21-c1,headword,,literal
cet4-w-7cccb6e5c05cc6a544ad,tasty,cet2016-p134-r21-c2,listed_related,,literal
cet4-w-7852d5df7babbfa37a06,tax,cet2016-p134-r22-c1,headword,,literal
cet4-w-0803c95202b7cd886987,taxation,cet2016-p134-r22-c2,listed_related,,literal
cet4-w-5305fad3f4960a3f23c1,taxi,cet2016-p134-r23-c1,headword,,literal
cet4-w-8b390a97c48718354eaf,tea,cet2016-p134-r24-c1,headword,,literal
cet4-w-ca6c187162e1482b1ead,teach,cet2016-p134-r25-c1,headword,,literal
cet4-w-2fb5cdaeebfe8fff7c57,teacher,cet2016-p134-r25-c2,listed_related,,literal
cet4-w-990b97c678979a6f6a61,teaching,cet2016-p134-r25-c3,listed_related,,literal
cet4-w-e3c6b044494a475fb55c,team,cet2016-p134-r26-c1,headword,,literal
cet4-w-f215919cdbba7119cb5c,tear,cet2016-p134-r27-c1,headword,1,literal
cet4-w-f215919cdbba7119cb5c,tear,cet2016-p134-r28-c1,headword,2,literal
cet4-w-f2eb323c2dfa89b2d7bf,technical,cet2016-p134-r30-c1,headword,,literal
cet4-w-7d0feb7fe40f56403e1e,technician,cet2016-p134-r30-c2,listed_related,,literal
cet4-w-f99deaeec4efe8a089ae,technique,cet2016-p134-r31-c1,headword,,literal
cet4-w-d0da9b2c7fc9302a707b,technology,cet2016-p134-r32-c1,headword,,distinct_lexemes
cet4-w-2c66c6e161a3359b27b5,tech,cet2016-p134-r32-c1,headword,,distinct_lexemes
cet4-w-031a381f6b9a98d167e2,technological,cet2016-p134-r32-c2,listed_related,,literal
cet4-w-f5b328bf5fd48e8d01c8,tedious,cet2016-p134-r33-c1,headword,,literal
cet4-w-3655d4a978c9f655389e,teen,cet2016-p134-r34-c1,headword,,literal
cet4-w-1ca871f6761424fcb591,teenager,cet2016-p134-r35-c1,headword,,literal
cet4-w-8bfadd7cae14b621f539,telecommunications,cet2016-p134-r36-c1,headword,,literal
cet4-w-bca4f1865270edafa204,telephone,cet2016-p134-r37-c1,headword,,distinct_lexemes
cet4-w-31b11d4539661f176227,phone,cet2016-p134-r37-c1,headword,,distinct_lexemes
cet4-w-056ae329871cea7b4439,telescope,cet2016-p134-r38-c1,headword,,literal
cet4-w-f7bb28115f96aa17bbf1,telescopic,cet2016-p134-r38-c2,listed_related,,literal
cet4-w-6af611841e95215eaa7b,television,cet2016-p134-r39-c1,headword,,distinct_lexemes
cet4-w-df8bf507359936641371,TV,cet2016-p134-r39-c1,headword,,distinct_lexemes
cet4-w-842ca8077ef6275b5d32,tell,cet2016-p134-r40-c1,headword,,literal
cet4-w-58042fc06554df5e5293,telling,cet2016-p134-r40-c2,listed_related,,literal
cet4-w-2ac53a4d6449fce0184b,teller,cet2016-p134-r41-c1,headword,,literal
cet4-w-9bb9d13f7328652db9bc,temper,cet2016-p134-r42-c1,headword,,literal
cet4-w-f74362dded25093a86ca,temperature,cet2016-p135-r02-c1,headword,,literal
cet4-w-ba95baf26ca12d568fa0,temple,cet2016-p135-r03-c1,headword,,literal
cet4-w-00ff45645748aa861124,temporary,cet2016-p135-r06-c1,headword,,literal
cet4-w-2ae265b20307348044cf,temporarily,cet2016-p135-r06-c2,listed_related,,literal
cet4-w-5f12ce33399436533f0a,ten,cet2016-p135-r08-c1,headword,,literal
cet4-w-c4c9c0526a6ef386b35b,tend,cet2016-p135-r10-c1,headword,,literal
cet4-w-03b730d1e9aba7fd378b,tendency,cet2016-p135-r10-c2,listed_related,,literal
cet4-w-b9178ff4cca977a5de76,tender,cet2016-p135-r11-c1,headword,,literal
cet4-w-896c0e783da65aaf0b33,tennis,cet2016-p135-r12-c1,headword,,literal
cet4-w-644a0971ccf9ffc2de9e,tense,cet2016-p135-r13-c1,headword,1,literal
cet4-w-ec086c67f5a96a6bf2d6,tension,cet2016-p135-r13-c2,listed_related,,literal
cet4-w-644a0971ccf9ffc2de9e,tense,cet2016-p135-r14-c1,headword,2,literal
cet4-w-99e094982b81571e6958,tent,cet2016-p135-r15-c1,headword,,literal
cet4-w-bf9a6f8ac37655520e10,term,cet2016-p135-r18-c1,headword,,literal
cet4-w-48576c4adc3ddda66791,terminal,cet2016-p135-r19-c1,headword,,literal
cet4-w-471a4644d6dc0fc473e8,terrible,cet2016-p135-r23-c1,headword,,literal
cet4-w-2f392270600e03ac880c,terribly,cet2016-p135-r23-c2,listed_related,,literal
cet4-w-eaf3deebf3f9b4ce6fd5,terrific,cet2016-p135-r24-c1,headword,,literal
cet4-w-c564e553213840f9cd13,territory,cet2016-p135-r25-c1,headword,,literal
cet4-w-61a445707d25e755421f,territorial,cet2016-p135-r25-c2,listed_related,,literal
cet4-w-628431d9845ad2b90845,terror,cet2016-p135-r26-c1,headword,,literal
cet4-w-a417c7d946753705658f,terrify,cet2016-p135-r26-c2,listed_related,,literal
cet4-w-4d48c9c73e9681da037e,terrorism,cet2016-p135-r26-c3,listed_related,,literal
cet4-w-fd078042d7b7967f6fdd,terrorist,cet2016-p135-r26-c4,listed_related,,literal
cet4-w-58da5d100f78c0488355,test,cet2016-p135-r28-c1,headword,,literal
cet4-w-1115aec82b013038e6d8,text,cet2016-p135-r31-c1,headword,,literal
cet4-w-059026674ce79e93fdd1,textbook,cet2016-p135-r32-c1,headword,,literal
cet4-w-9aba31869d0770211f1b,textile,cet2016-p135-r33-c1,headword,,literal
cet4-w-e4fe16e2270762aedb14,than,cet2016-p135-r35-c1,headword,,literal
cet4-w-dced107bbaba73ca571b,thank,cet2016-p135-r36-c1,headword,,literal
cet4-w-c44495f5390485756df9,thankful,cet2016-p135-r36-c2,listed_related,,literal
cet4-w-d401e0d9cf7423d4f710,Thanksgiving,cet2016-p135-r37-c1,headword,,literal
cet4-w-9cd9174159dd418d7ba3,that,cet2016-p135-r38-c1,headword,,literal
cet4-w-e6085903b94ba8475902,the,cet2016-p135-r39-c1,headword,,literal
cet4-w-73dc2f03463b912c8bdd,theater,cet2016-p135-r40-c1,headword,,orthographic
cet4-w-a5423c1f105cca0f810d,theatrical,cet2016-p135-r40-c2,listed_related,,literal
cet4-w-b71d75920921f906dffd,theft,cet2016-p135-r41-c1,headword,,literal
cet4-w-1171e3f32c9c13ec2481,their,cet2016-p135-r42-c1,headword,,literal
cet4-w-d79f1185febb6bf27a51,theirs,cet2016-p136-r01-c1,headword,,literal
cet4-w-c596ea89888638ce60d7,them,cet2016-p136-r02-c1,headword,,literal
cet4-w-a312b49b9fa329deef1a,theme,cet2016-p136-r03-c1,headword,,literal
cet4-w-400d011e66c5a95eb108,themselves,cet2016-p136-r04-c1,headword,,literal
cet4-w-3b4eb5a58e0517adaa80,then,cet2016-p136-r05-c1,headword,,literal
cet4-w-8d94356bdac38b159a1f,theory,cet2016-p136-r06-c1,headword,,literal
cet4-w-5284acf983c6d89d1540,theoretical,cet2016-p136-r06-c2,listed_related,,literal
cet4-w-145746af935928f11ae9,therapy,cet2016-p136-r07-c1,headword,,literal
cet4-w-d53c5ad9e5dffdba6fe6,therapist,cet2016-p136-r07-c2,listed_related,,literal
cet4-w-b278be260d12502dc362,therapeutic,cet2016-p136-r07-c3,listed_related,,distinct_lexemes
cet4-w-6b3fc1bad13caac60c89,therapeutical,cet2016-p136-r07-c3,listed_related,,distinct_lexemes
cet4-w-73ea8c476e65ae8046b3,there,cet2016-p136-r08-c1,headword,,literal
cet4-w-41df69f1e483e6e3649d,thereby,cet2016-p136-r09-c1,headword,,literal
cet4-w-0131e944d24908bc2d37,therefore,cet2016-p136-r10-c1,headword,,literal
cet4-w-f63a18df8331557ee216,thermometer,cet2016-p136-r12-c1,headword,,literal
cet4-w-b01ccd1f9d151315416c,these,cet2016-p136-r13-c1,headword,,literal
cet4-w-d957b6d9c9509ad6d0bb,thesis,cet2016-p136-r14-c1,headword,,literal
cet4-w-c82b846ab429b8137eff,they,cet2016-p136-r15-c1,headword,,literal
cet4-w-3c30f4a76e39580e467a,thick,cet2016-p136-r16-c1,headword,,literal
cet4-w-d68355842ff3f757854d,thief,cet2016-p136-r17-c1,headword,,literal
cet4-w-936be3d7a3c250f65830,thin,cet2016-p136-r19-c1,headword,,literal
cet4-w-d741035bf56bee022233,thing,cet2016-p136-r20-c1,headword,,literal
cet4-w-93b8eb018d7c771f20cd,think,cet2016-p136-r21-c1,headword,,literal
cet4-w-ce7200f93e523c89dc74,thinking,cet2016-p136-r21-c2,listed_related,,literal
cet4-w-5f4306905e5a7651ed53,third,cet2016-p136-r22-c1,headword,,literal
cet4-w-1552752022a726ff94e9,thirst,cet2016-p136-r23-c1,headword,,literal
cet4-w-abc51a5996e19689d6be,thirsty,cet2016-p136-r23-c2,listed_related,,literal
cet4-w-ce4864f5636e0a849a9f,thirteen,cet2016-p136-r24-c1,headword,,literal
cet4-w-278cf96ca13f938cba5f,thirty,cet2016-p136-r25-c1,headword,,literal
cet4-w-813cb7f47982ab6220a2,this,cet2016-p136-r26-c1,headword,,literal
cet4-w-30683083105eb3a361ea,thorough,cet2016-p136-r28-c1,headword,,literal
cet4-w-605aee3081b7a498ba59,those,cet2016-p136-r29-c1,headword,,literal
cet4-w-bddd3b6328ea53143368,though,cet2016-p136-r30-c1,headword,,literal
cet4-w-b91ac6e53938cb55a6fc,thought,cet2016-p136-r31-c1,headword,,literal
cet4-w-19e3d12897cf25259481,thoughtful,cet2016-p136-r31-c2,listed_related,,literal
cet4-w-f9e48cff1e80683481a2,thousand,cet2016-p136-r32-c1,headword,,literal
cet4-w-d3ebb9c915e9d39916f1,thread,cet2016-p136-r33-c1,headword,,literal
cet4-w-7724e26d894157f8ca94,threat,cet2016-p136-r34-c1,headword,,literal
cet4-w-cafbbc645381f4495726,threaten,cet2016-p136-r34-c2,listed_related,,literal
cet4-w-95a71304ef724fd243cf,three,cet2016-p136-r35-c1,headword,,literal
cet4-w-66d119aff2babdcf359a,thrive,cet2016-p136-r39-c1,headword,,literal
cet4-w-2d52476796317ec3613d,throat,cet2016-p136-r40-c1,headword,,literal
cet4-w-22d92415c7ab4e2c5737,through,cet2016-p136-r42-c1,headword,,literal
cet4-w-842da23bc60c618c4051,throughout,cet2016-p137-r01-c1,headword,,literal
cet4-w-45afc174c2e182208e67,throw,cet2016-p137-r02-c1,headword,,literal
cet4-w-2debea1ef60bb8ddd0bd,thrust,cet2016-p137-r03-c1,headword,,literal
cet4-w-33953e4e837546a1d6b4,thumb,cet2016-p137-r04-c1,headword,,literal
cet4-w-6c774e4d877a93525a68,thunder,cet2016-p137-r05-c1,headword,,literal
cet4-w-7fd2df9319e48d727170,thunderous,cet2016-p137-r05-c2,listed_related,,literal
cet4-w-06890bc0b0b054e34d49,Thursday,cet2016-p137-r06-c1,headword,,literal
cet4-w-a5fa27da73180c30f625,thus,cet2016-p137-r07-c1,headword,,literal
cet4-w-dced7fb4f968bc07bad8,tick,cet2016-p137-r08-c1,headword,,literal
cet4-w-a7938020eaa3025d2479,ticket,cet2016-p137-r09-c1,headword,,literal
cet4-w-c27f15368ba1cc7de1da,tide,cet2016-p137-r11-c1,headword,,literal
cet4-w-5b515c5204fc6ca93dd2,tidal,cet2016-p137-r11-c2,listed_related,,literal
cet4-w-f8b857a8c20eb5a8365a,tidy,cet2016-p137-r12-c1,headword,,literal
cet4-w-f1dc7271b6035b082838,tie,cet2016-p137-r13-c1,headword,,literal
cet4-w-2ff614a0cb0580a5b29b,tiger,cet2016-p137-r14-c1,headword,,literal
cet4-w-4b820e6599d06b2297b7,tigress,cet2016-p137-r14-c2,listed_related,,literal
cet4-w-f0e009ed562bc641f462,tight,cet2016-p137-r15-c1,headword,,literal
cet4-w-f5b8f9529c6534f55bb3,tighten,cet2016-p137-r15-c2,listed_related,,literal
cet4-w-1705072ed8667ca1ae80,till,cet2016-p137-r17-c1,headword,,literal
cet4-w-1397c05c4380d7f5e50a,timber,cet2016-p137-r19-c1,headword,,literal
cet4-w-fbdb988da8e049886d1a,time,cet2016-p137-r20-c1,headword,,literal
cet4-w-a0b49e7f44a37534af42,timely,cet2016-p137-r20-c2,listed_related,,literal
cet4-w-09f4f4422c3ed72d11d3,timing,cet2016-p137-r20-c3,listed_related,,literal
cet4-w-6ee02c20d2b8a25db655,tin,cet2016-p137-r22-c1,headword,,literal
cet4-w-7df9c25851f3a311bbd5,tiny,cet2016-p137-r23-c1,headword,,literal
cet4-w-f4d2539904f196ec9173,tip,cet2016-p137-r24-c1,headword,,literal
cet4-w-c1c449901fe050a902be,tire,cet2016-p137-r25-c1,headword,,literal
cet4-w-f6bf2ceda29ffc877d70,tired,cet2016-p137-r25-c2,listed_related,,literal
cet4-w-f0815fe27096e2f84d38,tiring,cet2016-p137-r25-c3,listed_related,,literal
cet4-w-619d779c6714fe2d3307,tireless,cet2016-p137-r25-c4,listed_related,,literal
cet4-w-90ed7f2e8f3ff27ef8dc,tiresome,cet2016-p137-r25-c5,listed_related,,literal
cet4-w-39b1c8bb2cf8454b1ef0,tissue,cet2016-p137-r26-c1,headword,,literal
cet4-w-132283506a4b0bf34c72,title,cet2016-p137-r27-c1,headword,,literal
cet4-w-c577449d22115b30d3f2,to,cet2016-p137-r28-c1,headword,,literal
cet4-w-e2be88b3a46d67c3fccd,toast,cet2016-p137-r29-c1,headword,,literal
cet4-w-e75f48be8c778d3e03e1,tobacco,cet2016-p137-r30-c1,headword,,literal
cet4-w-94edb9610bbd8bd7f0e6,today,cet2016-p137-r31-c1,headword,,literal
cet4-w-7c9b8fb8c82c4f0f160a,toe,cet2016-p137-r32-c1,headword,,literal
cet4-w-256c39ff8e68302092a7,together,cet2016-p137-r33-c1,headword,,literal
cet4-w-4bced8e7d89e225d0925,toilet,cet2016-p137-r35-c1,headword,,literal
cet4-w-7a88e14fecb1ea8a0c48,token,cet2016-p137-r36-c1,headword,,literal
cet4-w-c1fa9f45dbaa87e5bdb6,tolerate,cet2016-p137-r37-c1,headword,,literal
cet4-w-a0e5161cf85675853da2,tolerance,cet2016-p137-r37-c2,listed_related,,literal
cet4-w-d59dc786faef7393f6f6,tolerant,cet2016-p137-r37-c3,listed_related,,literal
cet4-w-4a9d72b370046879d499,tolerable,cet2016-p137-r37-c4,listed_related,,literal
cet4-w-2bc468c5c433794aa8f7,toll,cet2016-p137-r38-c1,headword,,literal
cet4-w-20038ef9e6f50ae37378,tomato,cet2016-p137-r39-c1,headword,,literal
cet4-w-a2cbb2ab45a40e25325e,tomorrow,cet2016-p137-r40-c1,headword,,literal
cet4-w-4a7e03cbeae297b5ed99,ton,cet2016-p137-r41-c1,headword,,literal
cet4-w-60dd4fd9f249725408cb,tonnage,cet2016-p137-r41-c2,listed_related,,literal
cet4-w-b88c426931c2a7e815d9,tone,cet2016-p137-r42-c1,headword,,literal
cet4-w-9e3e765dd169d82a7a8f,tongue,cet2016-p138-r01-c1,headword,,literal
cet4-w-0b5dcd6bbf45adbfbe25,tonight,cet2016-p138-r02-c1,headword,,literal
cet4-w-3f18943a23ff4ace4eff,too,cet2016-p138-r03-c1,headword,,literal
cet4-w-64f49a258a3f22a35646,tool,cet2016-p138-r04-c1,headword,,literal
cet4-w-1caf045fe24960e2208c,tooth,cet2016-p138-r05-c1,headword,,literal
cet4-w-7d4ec8a19b1c1955781b,top,cet2016-p138-r06-c1,headword,,literal
cet4-w-cabd5417fe37b7044dcc,topic,cet2016-p138-r07-c1,headword,,literal
cet4-w-6abe676412c9810f2cdf,topical,cet2016-p138-r07-c2,listed_related,,literal
cet4-w-ab0c8c408de7594787bf,torch,cet2016-p138-r09-c1,headword,,literal
cet4-w-768e4af60826573449c1,torture,cet2016-p138-r11-c1,headword,,literal
cet4-w-b8c11b5de62d9391e99b,toss,cet2016-p138-r12-c1,headword,,literal
cet4-w-5c89b6fcd5559ade4b3a,total,cet2016-p138-r13-c1,headword,,literal
cet4-w-e00802db3724a0d7e969,touch,cet2016-p138-r14-c1,headword,,literal
cet4-w-9d84c53ee1a978b63b9a,tough,cet2016-p138-r15-c1,headword,,literal
cet4-w-9c1f722b25aa79f01426,tour,cet2016-p138-r16-c1,headword,,literal
cet4-w-1f21291f8a11fa9ddd61,tourism,cet2016-p138-r16-c2,listed_related,,literal
cet4-w-097e2d9125b32e2a0401,tourist,cet2016-p138-r16-c3,listed_related,,literal
cet4-w-fc11feba50fb9753f600,toward,cet2016-p138-r19-c1,headword,,orthographic
cet4-w-5635338854f5ac076ba8,towel,cet2016-p138-r20-c1,headword,,literal
cet4-w-4f22b3a60f02c68db820,tower,cet2016-p138-r21-c1,headword,,literal
cet4-w-6e5256eeccc7f3f8c046,town,cet2016-p138-r22-c1,headword,,literal
cet4-w-e39db788989fc061c119,township,cet2016-p138-r22-c2,listed_related,,literal
cet4-w-6ed836ef7e13ad2f9042,toy,cet2016-p138-r24-c1,headword,,literal
cet4-w-49c237b36915aca7d396,trace,cet2016-p138-r25-c1,headword,,literal
cet4-w-4607accb78db83c3da86,track,cet2016-p138-r26-c1,headword,,literal
cet4-w-0ebdcff77a0fbfc69b3f,tractor,cet2016-p138-r28-c1,headword,,literal
cet4-w-a23549dee705af4332ab,trade,cet2016-p138-r29-c1,headword,,literal
cet4-w-3f0e8630f79f881fa976,trademark,cet2016-p138-r30-c1,headword,,literal
cet4-w-d3d0d0a60db6d3afa34e,tradition,cet2016-p138-r31-c1,headword,,literal
cet4-w-2001c6b89ca6d0f85dac,traditional,cet2016-p138-r31-c2,listed_related,,literal
cet4-w-dd4706023ae972e3ed73,traffic,cet2016-p138-r32-c1,headword,,literal
cet4-w-d8d0e308af7956fdedb1,trafficking,cet2016-p138-r32-c2,listed_related,,literal
cet4-w-415ab4316754644bb47a,tragedy,cet2016-p138-r33-c1,headword,,literal
cet4-w-9d206606b920b3efe28f,tragic,cet2016-p138-r33-c2,listed_related,,literal
cet4-w-40a0ad27bf672275ee28,tragically,cet2016-p138-r33-c3,listed_related,,literal
cet4-w-a592ab3659c99f77a756,trail,cet2016-p138-r34-c1,headword,,literal
cet4-w-8f285c2961fd77cc1b83,trailer,cet2016-p138-r34-c2,listed_related,,literal
cet4-w-d7d90f0364955a0b6272,train,cet2016-p138-r35-c1,headword,,literal
cet4-w-3d837e30f2ebba149f0c,trainer,cet2016-p138-r35-c2,listed_related,,literal
cet4-w-3c5fa8947f0c8fecfba2,trainee,cet2016-p138-r35-c3,listed_related,,literal
cet4-w-d6f944de45a974328ec9,training,cet2016-p138-r35-c4,listed_related,,literal
cet4-w-9d91f490ac532db0f2fd,tram,cet2016-p138-r37-c1,headword,,literal
cet4-w-41c7526ba637dfeced01,transaction,cet2016-p138-r39-c1,headword,,literal
cet4-w-ef7acd71194e24121210,transcript,cet2016-p138-r41-c1,headword,,literal
cet4-w-bc277b0a9d5d2699c986,transfer,cet2016-p138-r42-c1,headword,,literal
cet4-w-c36cb1f9f616dda8aac3,transference,cet2016-p138-r42-c2,listed_related,,literal
cet4-w-9c0f98f02835fe8c7b9b,transform,cet2016-p139-r01-c1,headword,,literal
cet4-w-4c5083f08fdf590eb43f,transformation,cet2016-p139-r01-c2,listed_related,,literal
cet4-w-a29bc5646ea94c3d8ace,transit,cet2016-p139-r04-c1,headword,,literal
cet4-w-b914aff68a3dcf7fbbee,translate,cet2016-p139-r06-c1,headword,,literal
cet4-w-17a4e12952c954a59259,translation,cet2016-p139-r06-c2,listed_related,,literal
cet4-w-065a099889f1f0b63922,translator,cet2016-p139-r06-c3,listed_related,,literal
cet4-w-a11ff5d69ae5fb209258,transmit,cet2016-p139-r07-c1,headword,,literal
cet4-w-eb21f3700d8ea1a135de,transmission,cet2016-p139-r07-c2,listed_related,,literal
cet4-w-2744e36ba0df8f0d18ab,transmitter,cet2016-p139-r07-c3,listed_related,,literal
cet4-w-3816a8b13ae8eac22911,transparent,cet2016-p139-r08-c1,headword,,literal
cet4-w-8e8d1f43187484290d93,transparency,cet2016-p139-r08-c2,listed_related,,literal
cet4-w-67297baf6230694c9439,transplant,cet2016-p139-r09-c1,headword,,literal
cet4-w-77d6a4a3c625c005a696,transplantation,cet2016-p139-r09-c2,listed_related,,literal
cet4-w-f51c719af127ab336448,transport,cet2016-p139-r10-c1,headword,,literal
cet4-w-c21c1ff5a149c8d6a7e3,transportation,cet2016-p139-r10-c2,listed_related,,literal
cet4-w-e0f3ca97a5b1424fba8b,trap,cet2016-p139-r11-c1,headword,,literal
cet4-w-4b74016f724a9199a849,trash,cet2016-p139-r12-c1,headword,,literal
cet4-w-5fd466248db9ab88e0ee,travel,cet2016-p139-r14-c1,headword,,literal
cet4-w-0bb5c8fcd7df30c512a5,tray,cet2016-p139-r15-c1,headword,,literal
cet4-w-136c0f2d85ad14938d55,treasure,cet2016-p139-r17-c1,headword,,literal
cet4-w-a030a7329bd3f031bc53,treat,cet2016-p139-r19-c1,headword,,literal
cet4-w-6e6fa5ebf97486da9c7b,treatment,cet2016-p139-r19-c2,listed_related,,literal
cet4-w-6e9f0188bac9814bcd17,treaty,cet2016-p139-r20-c1,headword,,literal
cet4-w-72d2433f2ff3899ed9ce,tree,cet2016-p139-r21-c1,headword,,literal
cet4-w-f0ebe7bf79bfae8e4360,tremble,cet2016-p139-r23-c1,headword,,literal
cet4-w-ee162f6e7bbfbb9fee35,tremendous,cet2016-p139-r24-c1,headword,,literal
cet4-w-3d3970a42300f5fe6a36,trend,cet2016-p139-r26-c1,headword,,literal
cet4-w-7dcef66c8cbe7a32b3fd,trial,cet2016-p139-r27-c1,headword,,literal
cet4-w-87ca19aec85b94ea1179,triangle,cet2016-p139-r28-c1,headword,,literal
cet4-w-d484d21f9b640eb542d1,triangular,cet2016-p139-r28-c2,listed_related,,literal
cet4-w-fae568690d7be9a5e22f,trick,cet2016-p139-r32-c1,headword,,literal
cet4-w-f27079944b932be3e075,tricky,cet2016-p139-r32-c2,listed_related,,literal
cet4-w-538b8cd0d8eb2947a5de,trifle,cet2016-p139-r34-c1,headword,,literal
cet4-w-16fc67c5d490af251a92,trigger,cet2016-p139-r35-c1,headword,,literal
cet4-w-9b3f1b5fb5b0b455752d,trip,cet2016-p139-r38-c1,headword,,literal
cet4-w-0fb31a175ddc37632c57,triple,cet2016-p139-r39-c1,headword,,literal
cet4-w-42fa5b2850d0e2a4a960,triumph,cet2016-p139-r40-c1,headword,,literal
cet4-w-50d80be17cea66540198,triumphant,cet2016-p139-r40-c2,listed_related,,literal
cet4-w-685b906e2c13fb2b19bf,trolley,cet2016-p139-r42-c1,headword,,literal
cet4-w-bf985c1136d6d77c03f2,troop,cet2016-p140-r01-c1,headword,,literal
cet4-w-b258de62501fcfc9e24d,trouble,cet2016-p140-r04-c1,headword,,literal
cet4-w-3ea7c62b5b3ee97c689f,troublesome,cet2016-p140-r04-c2,listed_related,,literal
cet4-w-00ebfa0c1f3c2d8a668b,trousers,cet2016-p140-r05-c1,headword,,literal
cet4-w-42461fc530a1d11a69b0,truck,cet2016-p140-r06-c1,headword,,literal
cet4-w-0cf7d278f79cfc247399,true,cet2016-p140-r07-c1,headword,,literal
cet4-w-58ff7d7ae9bfe0f506e8,truly,cet2016-p140-r07-c2,listed_related,,literal
cet4-w-55d9f52e71ad42b97a7d,trunk,cet2016-p140-r09-c1,headword,,literal
cet4-w-f271da3816d1eac96197,trust,cet2016-p140-r10-c1,headword,,literal
cet4-w-f5cfd89cab68a755e328,trustee,cet2016-p140-r10-c2,listed_related,,literal
cet4-w-29374d6a442d24e664b6,truth,cet2016-p140-r11-c1,headword,,literal
cet4-w-ca9dace9fa4b08e20650,truthful,cet2016-p140-r11-c2,listed_related,,literal
cet4-w-4acf81a84bbdec7df6fa,try,cet2016-p140-r12-c1,headword,,literal
cet4-w-7dcef66c8cbe7a32b3fd,trial,cet2016-p140-r12-c2,listed_related,,literal
cet4-w-fc8a3a3f8bd8974e993e,trying,cet2016-p140-r12-c3,listed_related,,literal
cet4-w-ce1071574863de6b08a6,tube,cet2016-p140-r14-c1,headword,,literal
cet4-w-22566c1cb4c9992c1199,Tuesday,cet2016-p140-r16-c1,headword,,literal
cet4-w-cb532193d37f9d69eaeb,tuition,cet2016-p140-r18-c1,headword,,literal
cet4-w-90e26b7ba2a74b05870d,tumor,cet2016-p140-r20-c1,headword,,orthographic
cet4-w-78a56cdbbd20c819b71f,tune,cet2016-p140-r21-c1,headword,,literal
cet4-w-16a63a59cbbef2277991,tunnel,cet2016-p140-r22-c1,headword,,literal
cet4-w-37b36cde40dd685cbf64,turkey,cet2016-p140-r24-c1,headword,,literal
cet4-w-d45618ac0c4d51c2a3b7,turn,cet2016-p140-r26-c1,headword,,literal
cet4-w-d95b38b76531823a4dab,tutor,cet2016-p140-r30-c1,headword,,literal
cet4-w-16885497cbde853d1f50,tutorial,cet2016-p140-r30-c2,listed_related,,literal
cet4-w-0a57c676ea4c087b6d0d,twelve,cet2016-p140-r31-c1,headword,,literal
cet4-w-0722da6de16af2f831f5,twelfth,cet2016-p140-r31-c2,listed_related,,literal
cet4-w-e12bdf50e83c264054d7,twenty,cet2016-p140-r32-c1,headword,,literal
cet4-w-24f7391b283a970e0830,twentieth,cet2016-p140-r32-c2,listed_related,,literal
cet4-w-95b420e1f223e171de21,twice,cet2016-p140-r33-c1,headword,,literal
cet4-w-24eae2f5093858c0472f,twin,cet2016-p140-r34-c1,headword,,literal
cet4-w-28521b97a349c7dff79b,twist,cet2016-p140-r35-c1,headword,,literal
cet4-w-83db9bcaaae12bc21c1c,two,cet2016-p140-r36-c1,headword,,literal
cet4-w-62cc52603e4ec5202ece,type,cet2016-p140-r37-c1,headword,,literal
cet4-w-4821c17f46c1501b254c,typist,cet2016-p140-r37-c2,listed_related,,literal
cet4-w-192f56a08f42893dae10,typewriter,cet2016-p140-r38-c1,headword,,literal
cet4-w-c02141003e8d46b64104,typical,cet2016-p140-r39-c1,headword,,literal
cet4-w-c1c449901fe050a902be,tire,cet2016-p140-r40-c1,headword,,orthographic
cet4-w-3ed841223682704cec1e,ugly,cet2016-p140-r41-c1,headword,,literal
cet4-w-3eb4636153ecf9ddc708,ugliness,cet2016-p140-r41-c2,listed_related,,literal
cet4-w-2b5acc5dbfbbf9c04f5a,ultimate,cet2016-p140-r42-c1,headword,,literal
cet4-w-a6fb1529ed973e2eba00,ultimately,cet2016-p140-r42-c2,listed_related,,literal
cet4-w-0aca5a8372ead7d1cf61,umbrella,cet2016-p141-r02-c1,headword,,literal
cet4-w-bd44cb0d84fbf7e27677,uncertain,cet2016-p141-r04-c1,headword,,literal
cet4-w-10aa667ae66814d13949,uncertainty,cet2016-p141-r04-c2,listed_related,,literal
cet4-w-06ac4955c9e6b92d93f5,uncle,cet2016-p141-r05-c1,headword,,literal
cet4-w-c5ff14bc63c268e80081,uncover,cet2016-p141-r06-c1,headword,,literal
cet4-w-f85708cc923cf74d8f64,under,cet2016-p141-r07-c1,headword,,literal
cet4-w-099347927fe93ee06f5c,underdeveloped,cet2016-p141-r08-c1,headword,,literal
cet4-w-4db6ad47ba5dad859686,underestimate,cet2016-p141-r09-c1,headword,,literal
cet4-w-9a98a3017329980af6fc,undergo,cet2016-p141-r10-c1,headword,,literal
cet4-w-367244a29f09c2502a07,undergraduate,cet2016-p141-r11-c1,headword,,literal
cet4-w-c76f166f1261b52c70a9,underground,cet2016-p141-r12-c1,headword,,literal
cet4-w-05642ce1449864c54812,underline,cet2016-p141-r14-c1,headword,,literal
cet4-w-49df9c562ffad66588a8,undermine,cet2016-p141-r15-c1,headword,,literal
cet4-w-1686692a9e258ab590f1,underneath,cet2016-p141-r16-c1,headword,,literal
cet4-w-13e9708d46b61c9ed6d8,understand,cet2016-p141-r17-c1,headword,,literal
cet4-w-76965f1198a21f2bd900,understanding,cet2016-p141-r17-c2,listed_related,,literal
cet4-w-7d56d1021b53f3bc8b20,undertake,cet2016-p141-r18-c1,headword,,literal
cet4-w-31da33cd78d42adb2c9c,undertaking,cet2016-p141-r18-c2,listed_related,,literal
cet4-w-0f8aa0d23dc0492f8cd0,underwear,cet2016-p141-r19-c1,headword,,literal
cet4-w-da1f82bd18a42a86b340,undo,cet2016-p141-r20-c1,headword,,literal
cet4-w-7f1d898e0354ddad86de,undoubtedly,cet2016-p141-r21-c1,headword,,literal
cet4-w-7444ce3bec73d5ec65d1,uneasy,cet2016-p141-r22-c1,headword,,literal
cet4-w-bac60151f4223b0dc2e9,unemployed,cet2016-p141-r23-c1,headword,,literal
cet4-w-cb7406bf170d9df087e3,unemployment,cet2016-p141-r23-c2,listed_related,,literal
cet4-w-aab635fba6530c962dbb,uniform,cet2016-p141-r25-c1,headword,,literal
cet4-w-e4f678199eba4c417dd6,uniformity,cet2016-p141-r25-c2,listed_related,,literal
cet4-w-ad34724bc90be8119390,union,cet2016-p141-r28-c1,headword,,literal
cet4-w-f45ea44cae7da27d1a8b,unique,cet2016-p141-r29-c1,headword,,literal
cet4-w-9e88fdeff75630d4fb1c,unit,cet2016-p141-r30-c1,headword,,literal
cet4-w-39c47aa281aa2ca40590,unite,cet2016-p141-r31-c1,headword,,literal
cet4-w-c560c7c4a1118645771e,unity,cet2016-p141-r31-c2,listed_related,,literal
cet4-w-d7f5f8fdeeaf83e2df17,universe,cet2016-p141-r32-c1,headword,,literal
cet4-w-8a0945084118a4894974,universal,cet2016-p141-r32-c2,listed_related,,literal
cet4-w-dba36ac52203d2c1da6a,university,cet2016-p141-r33-c1,headword,,literal
cet4-w-fb6ab6bd63a92b9501f0,unless,cet2016-p141-r35-c1,headword,,literal
cet4-w-f2c8f6192440e82c8d00,until,cet2016-p141-r37-c1,headword,,literal
cet4-w-f302da3eb2533c9061ec,up,cet2016-p141-r39-c1,headword,,literal
cet4-w-fd401cbf1e82702c1b23,update,cet2016-p141-r40-c1,headword,,literal
cet4-w-35fbe2b8fdb28757e732,upgrade,cet2016-p141-r41-c1,headword,,literal
cet4-w-c82c229601f03b0ffd04,upload,cet2016-p142-r01-c1,headword,,literal
cet4-w-fdc93124f54d6e066f21,upon,cet2016-p142-r02-c1,headword,,literal
cet4-w-79e029d5c2fccba0ea08,upper,cet2016-p142-r03-c1,headword,,literal
cet4-w-bddeb8806f0c8c34c719,upright,cet2016-p142-r04-c1,headword,,literal
cet4-w-2c201d5c37a355f5fbee,upset,cet2016-p142-r06-c1,headword,,literal
cet4-w-a46a5e3812d9426d96ac,upstairs,cet2016-p142-r07-c1,headword,,literal
cet4-w-c1b9fce8ba3dcf911928,up-to-date,cet2016-p142-r08-c1,headword,,literal
cet4-w-5b9be1e6f66c2c5b09fe,upward,cet2016-p142-r09-c1,headword,,literal
cet4-w-71ee1d23b6eecffb4ca1,upwards,cet2016-p142-r09-c2,listed_related,,literal
cet4-w-bb90264434c3aaf23b25,urban,cet2016-p142-r11-c1,headword,,literal
cet4-w-5fea63b8027519abdef8,urbanize,cet2016-p142-r11-c2,listed_related,,orthographic
cet4-w-aac648409f485a136092,urbanization,cet2016-p142-r11-c3,listed_related,,orthographic
cet4-w-c90b11ba89f30fc4902b,urge,cet2016-p142-r12-c1,headword,,literal
cet4-w-060f443d1623fcf1b5d1,urgent,cet2016-p142-r13-c1,headword,,literal
cet4-w-b14ee7fe1de0b253ea41,urgency,cet2016-p142-r13-c2,listed_related,,literal
cet4-w-3b9258584061123ba32b,us,cet2016-p142-r15-c1,headword,,literal
cet4-w-e2f2cba16328f7a6ab29,usage,cet2016-p142-r16-c1,headword,,literal
cet4-w-4d77110aab4c5ebf6a40,use,cet2016-p142-r17-c1,headword,,literal
cet4-w-3f82eef9b262b58ef5d1,user,cet2016-p142-r17-c2,listed_related,,literal
cet4-w-cc8c281c4398dda8cc16,useful,cet2016-p142-r17-c3,listed_related,,literal
cet4-w-a3ea865ae39b635ea8fc,useless,cet2016-p142-r17-c4,listed_related,,literal
cet4-w-fdd28331f9b6ef98b09e,used,cet2016-p142-r18-c1,headword,,literal
cet4-w-98535a6444f51a92f1d4,usual,cet2016-p142-r19-c1,headword,,literal
cet4-w-5b345ea304585646448a,usually,cet2016-p142-r19-c2,listed_related,,literal
cet4-w-498bc120fb6a909271f7,utility,cet2016-p142-r20-c1,headword,,literal
cet4-w-b95bf889f29f34a54673,utilize,cet2016-p142-r21-c1,headword,,orthographic
cet4-w-8785178db1b544382c49,utilization,cet2016-p142-r21-c2,listed_related,,orthographic
cet4-w-c464e39b775adad8c4b8,utmost,cet2016-p142-r22-c1,headword,,literal
cet4-w-b806649814bf77da0c1c,utter,cet2016-p142-r23-c1,headword,1,literal
cet4-w-b806649814bf77da0c1c,utter,cet2016-p142-r24-c1,headword,2,literal
cet4-w-8ba284991e087b9e5e8b,utterly,cet2016-p142-r24-c2,listed_related,,literal
cet4-w-82c6379169f1de382ff2,vacant,cet2016-p142-r25-c1,headword,,literal
cet4-w-d0ad2461e63af87492f2,vacancy,cet2016-p142-r25-c2,listed_related,,literal
cet4-w-b1999d773950aa4924b6,vacation,cet2016-p142-r26-c1,headword,,literal
cet4-w-4e5e9cbb54e0593f1d40,vacuum,cet2016-p142-r28-c1,headword,,literal
cet4-w-2c9af958d1646bc710a4,vague,cet2016-p142-r29-c1,headword,,literal
cet4-w-140004ec5f4a0f1d683e,vain,cet2016-p142-r30-c1,headword,,literal
cet4-w-e55e400ff7aa0d41dd37,vanity,cet2016-p142-r30-c2,listed_related,,literal
cet4-w-9ca5ecd2bc43e8e6267a,valid,cet2016-p142-r31-c1,headword,,literal
cet4-w-e52aabb738f5f35b9417,validate,cet2016-p142-r31-c2,listed_related,,literal
cet4-w-9333879800eada1396e0,validity,cet2016-p142-r31-c3,listed_related,,literal
cet4-w-06e1da3d2ca975611704,valley,cet2016-p142-r32-c1,headword,,literal
cet4-w-85c0623c879158e9498a,value,cet2016-p142-r33-c1,headword,,literal
cet4-w-692916c6ddbb374410fa,valuable,cet2016-p142-r33-c2,listed_related,,literal
cet4-w-ecb0befc809395be545b,van,cet2016-p142-r35-c1,headword,,literal
cet4-w-4fd32a3703806f4b2173,vanish,cet2016-p142-r36-c1,headword,,literal
cet4-w-3c9f0dd1f97f075bcfd9,vapor,cet2016-p142-r37-c1,headword,,orthographic
cet4-w-a36bc19de874efc95605,various,cet2016-p142-r38-c1,headword,,literal
cet4-w-e45e61bb2daeed2ad1d0,variety,cet2016-p142-r38-c2,listed_related,,literal
cet4-w-546b701a7bf864284460,vary,cet2016-p142-r39-c1,headword,,literal
cet4-w-f8182d039edeaa5a7b07,variation,cet2016-p142-r39-c2,listed_related,,literal
cet4-w-116a1d8f0766113acaa4,variable,cet2016-p142-r39-c3,listed_related,,literal
cet4-w-da0439fe0b0002f1dafd,variant,cet2016-p142-r39-c4,listed_related,,literal
cet4-w-748b675af624f0def982,vast,cet2016-p142-r40-c1,headword,,literal
cet4-w-44d2a769b744017e4b37,vegetable,cet2016-p142-r41-c1,headword,,literal
cet4-w-b4540dd842ead86a3a05,vegetarian,cet2016-p142-r41-c2,listed_related,,literal
cet4-w-2bd0fac62740d89457ca,vehicle,cet2016-p143-r01-c1,headword,,literal
cet4-w-db9089499964db83f716,veil,cet2016-p143-r02-c1,headword,,literal
cet4-w-4d1f9534e8bedb4c75f0,vendor,cet2016-p143-r06-c1,headword,,literal
cet4-w-7a52a2b9b3962548e58a,venture,cet2016-p143-r09-c1,headword,,literal
cet4-w-e65daeadbd7ea15c6f84,verb,cet2016-p143-r11-c1,headword,,literal
cet4-w-766fd061688cf71d53ae,verbal,cet2016-p143-r11-c2,listed_related,,literal
cet4-w-9e796bc00b51dfa00155,verify,cet2016-p143-r14-c1,headword,,literal
cet4-w-84833db5dc1b6b536548,verification,cet2016-p143-r14-c2,listed_related,,literal
cet4-w-9f3342bcd7b4446763f9,version,cet2016-p143-r17-c1,headword,,literal
cet4-w-a529ddae0f7977e90aac,versus,cet2016-p143-r18-c1,headword,,literal
cet4-w-15af9ba4a560466ac591,vertical,cet2016-p143-r19-c1,headword,,literal
cet4-w-bf0a14781272df9bb1b8,very,cet2016-p143-r20-c1,headword,,literal
cet4-w-86b3c3e452bbc0fe696e,vessel,cet2016-p143-r21-c1,headword,,literal
cet4-w-badca6514395333837c3,veteran,cet2016-p143-r23-c1,headword,,literal
cet4-w-7ce238ec855cb5add3ba,veto,cet2016-p143-r24-c1,headword,,literal
cet4-w-22422048f61d94fea4d9,via,cet2016-p143-r25-c1,headword,,literal
cet4-w-b19e66d05bb7515abf58,victim,cet2016-p143-r31-c1,headword,,literal
cet4-w-053ffc211d4034397efa,victimize,cet2016-p143-r31-c2,listed_related,,literal
cet4-w-8b870d3b9c39facc696d,victory,cet2016-p143-r32-c1,headword,,literal
cet4-w-f010c8c2aabf8e2ee53c,victorious,cet2016-p143-r32-c2,listed_related,,literal
cet4-w-0502e04a07516bde5e10,video,cet2016-p143-r33-c1,headword,,literal
cet4-w-21701ddd5b57106f3670,view,cet2016-p143-r34-c1,headword,,literal
cet4-w-48975a3118d7e41b7422,viewpoint,cet2016-p143-r35-c1,headword,,literal
cet4-w-6ab8edb9e22d0a5e6c35,vigor,cet2016-p143-r36-c1,headword,,literal
cet4-w-abb770693a385b6230d5,vigorous,cet2016-p143-r36-c2,listed_related,,literal
cet4-w-6f377c8834988bce5bc8,village,cet2016-p143-r37-c1,headword,,literal
cet4-w-de621ab135d52ac4b190,villager,cet2016-p143-r37-c2,listed_related,,literal
cet4-w-890bff96237223731010,vinegar,cet2016-p143-r38-c1,headword,,literal
cet4-w-3bbfea62bcde5e36da2a,violate,cet2016-p143-r39-c1,headword,,literal
cet4-w-36d3120813cb12112b4e,violation,cet2016-p143-r39-c2,listed_related,,literal
cet4-w-09cd314088c85fc67d9b,violent,cet2016-p143-r40-c1,headword,,literal
cet4-w-18be217fb854e90ed5d3,violence,cet2016-p143-r40-c2,listed_related,,literal
cet4-w-41e1005d1af51be0c23c,violin,cet2016-p143-r41-c1,headword,,literal
cet4-w-f67e31e9f7205820bbfd,violinist,cet2016-p143-r41-c2,listed_related,,literal
cet4-w-a9bbcfb59ee65d6b44dd,virtual,cet2016-p144-r01-c1,headword,,literal
cet4-w-3f368bf27f3876f7cb90,virtually,cet2016-p144-r01-c2,listed_related,,literal
cet4-w-15cb5a3878149408fafe,virtue,cet2016-p144-r02-c1,headword,,literal
cet4-w-99716598005e2d8a1c9f,virtuous,cet2016-p144-r02-c2,listed_related,,literal
cet4-w-3579948a2975001cc3e3,virus,cet2016-p144-r03-c1,headword,,literal
cet4-w-caee8d76ed5c7518e2c1,visa,cet2016-p144-r04-c1,headword,,literal
cet4-w-796f49b22d07219b8fc3,visible,cet2016-p144-r05-c1,headword,,literal
cet4-w-15004f4beb7f773e686d,visibility,cet2016-p144-r05-c2,listed_related,,literal
cet4-w-9e914fdb4ee1c77cf562,vision,cet2016-p144-r06-c1,headword,,literal
cet4-w-0facb7bd7ac1e49ccf32,visionary,cet2016-p144-r06-c2,listed_related,,literal
cet4-w-5e6604a64b51e081eb09,visit,cet2016-p144-r07-c1,headword,,literal
cet4-w-f91449f0610d5ad1255b,visitor,cet2016-p144-r07-c2,listed_related,,literal
cet4-w-6c1b6c115a1fa6c062ce,visual,cet2016-p144-r08-c1,headword,,literal
cet4-w-130403f23d5d5a176617,visualize,cet2016-p144-r08-c2,listed_related,,orthographic
cet4-w-2d0384179f157c28d59f,vital,cet2016-p144-r09-c1,headword,,literal
cet4-w-bae14f39466cc9259d46,vitality,cet2016-p144-r09-c2,listed_related,,literal
cet4-w-2a653829ab1996c884e7,vitamin,cet2016-p144-r10-c1,headword,,literal
cet4-w-2fd142489d8ef4751941,vivid,cet2016-p144-r11-c1,headword,,literal
cet4-w-dd743b7a1eba0da11402,vocabulary,cet2016-p144-r12-c1,headword,,literal
cet4-w-c594ff58da76e63d34d5,vocation,cet2016-p144-r14-c1,headword,,literal
cet4-w-8b21c40b2a6df7ca245c,vocational,cet2016-p144-r14-c2,listed_related,,literal
cet4-w-d24ccfbf708220513e29,voice,cet2016-p144-r16-c1,headword,,literal
cet4-w-2dd0c9b1ca9802504df6,volcano,cet2016-p144-r19-c1,headword,,literal
cet4-w-8e620a0ba7dbf15a680e,volcanic,cet2016-p144-r19-c2,listed_related,,literal
cet4-w-6a8476a89824d817b60f,volleyball,cet2016-p144-r20-c1,headword,,literal
cet4-w-acc48b584c47df7c65c4,volt,cet2016-p144-r21-c1,headword,,literal
cet4-w-779ceac1719bdecc232e,voltage,cet2016-p144-r21-c2,listed_related,,literal
cet4-w-498f9095f5eb6f02e800,volume,cet2016-p144-r22-c1,headword,,literal
cet4-w-64318b729526d7919409,voluminous,cet2016-p144-r22-c2,listed_related,,literal
cet4-w-9d7ca67fbe8178576167,volunteer,cet2016-p144-r23-c1,headword,,literal
cet4-w-a79279ec09743328fcf5,voluntary,cet2016-p144-r23-c2,listed_related,,literal
cet4-w-f82145481d8bdea74bdf,vote,cet2016-p144-r24-c1,headword,,literal
cet4-w-e58bb53f10eea48fc9db,voter,cet2016-p144-r24-c2,listed_related,,literal
cet4-w-03b04aa5f06d71b80681,voyage,cet2016-p144-r27-c1,headword,,literal
cet4-w-39c1cf4e6fade7f2c987,vulnerable,cet2016-p144-r29-c1,headword,,literal
cet4-w-e8025f3b9a777e7301a0,vulnerability,cet2016-p144-r29-c2,listed_related,,literal
cet4-w-e804aff3febbebc07084,wage,cet2016-p144-r30-c1,headword,,literal
cet4-w-b5613e714aef6a916f56,wagon,cet2016-p144-r31-c1,headword,,orthographic
cet4-w-1a78c95fae68b4d35597,waist,cet2016-p144-r32-c1,headword,,literal
cet4-w-8d699bbc74c275e70478,wait,cet2016-p144-r33-c1,headword,,literal
cet4-w-9cd3e05702d585deba2a,waiter,cet2016-p144-r33-c2,listed_related,,distinct_lexemes
cet4-w-ac5cca7c2691a13fe148,waitress,cet2016-p144-r33-c2,listed_related,,distinct_lexemes
cet4-w-e987e80763c8a8ff492a,wake,cet2016-p144-r35-c1,headword,,literal
cet4-w-ce50e121f5cfa76552e0,waken,cet2016-p144-r35-c2,listed_related,,literal
cet4-w-99dd5da7c7ab0b707cf0,walk,cet2016-p144-r36-c1,headword,,literal
cet4-w-b2032feeae9ff17a4cfc,wall,cet2016-p144-r37-c1,headword,,literal
cet4-w-ba5bca27e16a973f0eed,wallet,cet2016-p144-r38-c1,headword,,literal
cet4-w-aedd836b577592b11103,wander,cet2016-p144-r39-c1,headword,,literal
cet4-w-d8e5cb406d7108bb1521,want,cet2016-p144-r40-c1,headword,,literal
cet4-w-c83a6a22eba4e2a5ece9,war,cet2016-p144-r41-c1,headword,,literal
cet4-w-6e9dcc75828b3fadff6c,ward,cet2016-p144-r42-c1,headword,,literal
cet4-w-a5e8eda45ed95554c46a,ware,cet2016-p145-r02-c1,headword,,literal
cet4-w-7e72b2e5982d983b17bd,warehouse,cet2016-p145-r03-c1,headword,,literal
cet4-w-7e83d7067d03a96d4a2b,warfare,cet2016-p145-r04-c1,headword,,literal
cet4-w-2382da7d2e2befdf2a6b,warm,cet2016-p145-r05-c1,headword,,literal
cet4-w-edd0fb4b9e6b56743392,warmth,cet2016-p145-r05-c2,listed_related,,literal
cet4-w-b3986b21dda08a2841ec,warn,cet2016-p145-r06-c1,headword,,literal
cet4-w-cf5847909ba151b9d350,warning,cet2016-p145-r06-c2,listed_related,,literal
cet4-w-539b5e1e1370c9f4120e,warrior,cet2016-p145-r09-c1,headword,,literal
cet4-w-7e8f7e576ca8d4a2232b,wary,cet2016-p145-r10-c1,headword,,literal
cet4-w-050d2b03846d119b2f7b,wash,cet2016-p145-r11-c1,headword,,literal
cet4-w-fa39d587b5e5e23941e4,washing,cet2016-p145-r11-c2,listed_related,,literal
cet4-w-bed79657905d590bc175,waste,cet2016-p145-r12-c1,headword,,literal
cet4-w-a3ba523db12bca0cb4cb,wasteful,cet2016-p145-r12-c2,listed_related,,literal
cet4-w-a4605194a9976595fe1f,watch,cet2016-p145-r13-c1,headword,,literal
cet4-w-388609b37c689bcfd8cb,watchful,cet2016-p145-r13-c2,listed_related,,literal
cet4-w-0b9b61d5bb52d3cddf10,water,cet2016-p145-r14-c1,headword,,literal
cet4-w-dc6e760b89536c8bc97d,waterproof,cet2016-p145-r15-c1,headword,,literal
cet4-w-48ca04f847cfc24153be,watertight,cet2016-p145-r16-c1,headword,,literal
cet4-w-ed0d2af5180f67e4bea3,wave,cet2016-p145-r18-c1,headword,,literal
cet4-w-69537138f12056be5edf,wavy,cet2016-p145-r18-c2,listed_related,,literal
cet4-w-972487241cd9b0281003,wax,cet2016-p145-r19-c1,headword,,literal
cet4-w-9e072095b6e775b87b41,way,cet2016-p145-r20-c1,headword,,literal
cet4-w-aebeabb1711af78bc5ec,we,cet2016-p145-r21-c1,headword,,literal
cet4-w-9a13b22001673f8f4bad,weak,cet2016-p145-r22-c1,headword,,literal
cet4-w-ba7101bba76ec25c8858,weaken,cet2016-p145-r22-c2,listed_related,,literal
cet4-w-14e8480874f29ba5bbd2,weakness,cet2016-p145-r22-c3,listed_related,,literal
cet4-w-97b2a85bb619e395a60b,wealth,cet2016-p145-r23-c1,headword,,literal
cet4-w-3fbf43fbef97584fd8ec,wealthy,cet2016-p145-r23-c2,listed_related,,literal
cet4-w-81defd1362c2df09bf64,weapon,cet2016-p145-r24-c1,headword,,literal
cet4-w-fb27f0a3ff4b48a054a2,wear,cet2016-p145-r25-c1,headword,,literal
cet4-w-311d7ced1d4b3a64f41c,weather,cet2016-p145-r27-c1,headword,,literal
cet4-w-7a9a2aa758de8445324c,weave,cet2016-p145-r28-c1,headword,,literal
cet4-w-e1393162aad1134c1365,web,cet2016-p145-r29-c1,headword,,literal
cet4-w-fe9cef4924357474ad11,webcast,cet2016-p145-r30-c1,headword,,literal
cet4-w-b5a0f54a9b98b25f084d,website,cet2016-p145-r31-c1,headword,,literal
cet4-w-aa5aebf058aa648f6270,wed,cet2016-p145-r32-c1,headword,,literal
cet4-w-7c04ec4169204cfaeb7e,wedding,cet2016-p145-r32-c2,listed_related,,literal
cet4-w-1cdf21927cabe95491ff,Wednesday,cet2016-p145-r34-c1,headword,,literal
cet4-w-a9f107e38ed6f77a2a1d,weed,cet2016-p145-r35-c1,headword,,literal
cet4-w-39ea2505c20e570a7c38,week,cet2016-p145-r36-c1,headword,,literal
cet4-w-8ee00c86bea6a747823a,weekly,cet2016-p145-r36-c2,listed_related,,literal
cet4-w-f52f4a9db8b6cd8b6bce,weekday,cet2016-p145-r37-c1,headword,,literal
cet4-w-5d39275530dd5c729fde,weekend,cet2016-p145-r38-c1,headword,,literal
cet4-w-e70c58c069e6d9948087,weep,cet2016-p145-r39-c1,headword,,literal
cet4-w-6e21fcd1aa0d31cd017c,weigh,cet2016-p145-r40-c1,headword,,literal
cet4-w-8c641ec54e1e97bff3ea,weight,cet2016-p145-r40-c2,listed_related,,literal
cet4-w-de98ff2fadaec28236c8,weird,cet2016-p145-r41-c1,headword,,literal
cet4-w-aeebafadc4eb1ca1b7fe,welcome,cet2016-p145-r42-c1,headword,,literal
cet4-w-538b71b10feef20386f6,welfare,cet2016-p146-r01-c1,headword,,literal
cet4-w-85b9141ffb068950d88c,well,cet2016-p146-r02-c1,headword,1,literal
cet4-w-85b9141ffb068950d88c,well,cet2016-p146-r03-c1,headword,2,literal
cet4-w-b109087b9ce236dac05a,well-being,cet2016-p146-r04-c1,headword,,literal
cet4-w-da4d2d00a9e5fb8106e9,well-known,cet2016-p146-r05-c1,headword,,literal
cet4-w-3b75f244ea6cd48e04fe,well-off,cet2016-p146-r06-c1,headword,,literal
cet4-w-bb6f644df2449d0a62dd,west,cet2016-p146-r07-c1,headword,,literal
cet4-w-f14932b273edd876050a,western,cet2016-p146-r07-c2,listed_related,,literal
cet4-w-e006256c97b8b34029c5,westerner,cet2016-p146-r07-c3,listed_related,,literal
cet4-w-f801122cf7466cfef739,wet,cet2016-p146-r08-c1,headword,,literal
cet4-w-82f554aac35ba0212eb9,whale,cet2016-p146-r09-c1,headword,,literal
cet4-w-d88d978845bb50335700,what,cet2016-p146-r11-c1,headword,,literal
cet4-w-030a6300fb52295ca0af,whatever,cet2016-p146-r11-c2,listed_related,,literal
cet4-w-34e3ea4616743282a79e,whatsoever,cet2016-p146-r11-c3,listed_related,,literal
cet4-w-c668e53222a8ca934bad,wheat,cet2016-p146-r12-c1,headword,,literal
cet4-w-a8db4662e37b1c7e73d2,wheel,cet2016-p146-r13-c1,headword,,literal
cet4-w-91358d84258f73b86432,when,cet2016-p146-r14-c1,headword,,literal
cet4-w-ae51e78eb49f07ea88aa,whenever,cet2016-p146-r14-c2,listed_related,,literal
cet4-w-fe92836a221a4c389bd5,where,cet2016-p146-r15-c1,headword,,literal
cet4-w-fbd34026742653063fda,wherever,cet2016-p146-r15-c2,listed_related,,literal
cet4-w-1ab2939c46aa4308dd34,whereas,cet2016-p146-r17-c1,headword,,literal
cet4-w-aeb3796c4a209b073980,whether,cet2016-p146-r19-c1,headword,,literal
cet4-w-65305eea4698d2f66b31,which,cet2016-p146-r20-c1,headword,,literal
cet4-w-384873c8e32bd5e304ca,whichever,cet2016-p146-r20-c2,listed_related,,literal
cet4-w-8cc5e2fc1d7b93d2a6cd,while,cet2016-p146-r21-c1,headword,,distinct_lexemes
cet4-w-61636a567564439d0aa4,whilst,cet2016-p146-r21-c1,headword,,distinct_lexemes
cet4-w-b8b65cde6104b2fb28d2,whip,cet2016-p146-r22-c1,headword,,literal
cet4-w-fbe6fe497f94d89420b5,whisky,cet2016-p146-r24-c1,headword,,literal
cet4-w-1beea0beff24c18c3573,whisper,cet2016-p146-r25-c1,headword,,literal
cet4-w-8bf9ffd60f45e640b627,whistle,cet2016-p146-r26-c1,headword,,literal
cet4-w-00b1349d525754ffb103,white,cet2016-p146-r27-c1,headword,,literal
cet4-w-29de5630fa82ad33a95b,who,cet2016-p146-r28-c1,headword,,literal
cet4-w-c308e43eb188187f9855,whoever,cet2016-p146-r28-c2,listed_related,,literal
cet4-w-33ee091f35e2367ff24b,whole,cet2016-p146-r29-c1,headword,,literal
cet4-w-b5da3ccf8b05fe322755,wholly,cet2016-p146-r29-c2,listed_related,,literal
cet4-w-77461fd91832f8249b92,whom,cet2016-p146-r32-c1,headword,,literal
cet4-w-1f24731256e9ec46e352,whose,cet2016-p146-r33-c1,headword,,literal
cet4-w-b5389f9998d1d8bf7f4d,why,cet2016-p146-r34-c1,headword,,literal
cet4-w-9f5cbf66a263e39f4875,wide,cet2016-p146-r36-c1,headword,,literal
cet4-w-dc46dafcb3c2cd1ab10f,width,cet2016-p146-r36-c2,listed_related,,literal
cet4-w-048fcd7f7d4c22e71b16,widen,cet2016-p146-r36-c3,listed_related,,literal
cet4-w-ded25450e026cbd56de1,widespread,cet2016-p146-r37-c1,headword,,literal
cet4-w-a83d15557fdf64165892,widow,cet2016-p146-r38-c1,headword,,literal
cet4-w-4a1c05386fa61aeee8c5,widower,cet2016-p146-r38-c2,listed_related,,literal
cet4-w-636a58384036f0cda8e3,wife,cet2016-p146-r40-c1,headword,,literal
cet4-w-53a5fb17f0601f2f4257,wild,cet2016-p146-r41-c1,headword,,literal
cet4-w-65e02301c47e496fdfd4,wilderness,cet2016-p146-r42-c1,headword,,literal
cet4-w-80ac9f3ae87213aa99a0,wildlife,cet2016-p147-r01-c1,headword,,literal
cet4-w-22f9f43cb22d067ff3d7,will,cet2016-p147-r02-c1,headword,,literal
cet4-w-5332181ff42ae2f71058,willing,cet2016-p147-r02-c2,listed_related,,literal
cet4-w-5ce880b84e240592396c,willingness,cet2016-p147-r02-c3,listed_related,,literal
cet4-w-d9c1980e4cf1930205d2,willpower,cet2016-p147-r03-c1,headword,,literal
cet4-w-d874431a29a9cbe4d63d,win,cet2016-p147-r04-c1,headword,,literal
cet4-w-f601332b87f51b5e79ba,winner,cet2016-p147-r04-c2,listed_related,,literal
cet4-w-63ce5a473bab624d70fc,wind,cet2016-p147-r05-c1,headword,1,literal
cet4-w-1a26b6d816b245349db0,windy,cet2016-p147-r05-c2,listed_related,,literal
cet4-w-63ce5a473bab624d70fc,wind,cet2016-p147-r06-c1,headword,2,literal
cet4-w-053e6e8afee929f5340c,window,cet2016-p147-r07-c1,headword,,literal
cet4-w-5d58e188ccf0d6dc5a84,wine,cet2016-p147-r08-c1,headword,,literal
cet4-w-78ac38da475f506d7ff4,winery,cet2016-p147-r08-c2,listed_related,,literal
cet4-w-aec2b93e0d12851fefd6,wing,cet2016-p147-r09-c1,headword,,literal
cet4-w-d5fe8046eb9b48cc5034,winter,cet2016-p147-r11-c1,headword,,literal
cet4-w-9d2ebe4cd578a7cc9788,wipe,cet2016-p147-r12-c1,headword,,literal
cet4-w-1db76f55957eaa3f25ae,wire,cet2016-p147-r13-c1,headword,,literal
cet4-w-75178902622d5fc460f4,wireless,cet2016-p147-r13-c2,listed_related,,literal
cet4-w-d4daf080de52dad6a049,wise,cet2016-p147-r14-c1,headword,,literal
cet4-w-c36f8c3a1f39ae276099,wisdom,cet2016-p147-r14-c2,listed_related,,literal
cet4-w-997d84b36b10cef95acc,wish,cet2016-p147-r15-c1,headword,,literal
cet4-w-2f7d2ebd913a37bf9e3c,wit,cet2016-p147-r16-c1,headword,,literal
cet4-w-98f627d1623132f71377,witty,cet2016-p147-r16-c2,listed_related,,literal
cet4-w-c0374c8743c0fb28b556,with,cet2016-p147-r18-c1,headword,,literal
cet4-w-7dda03830c3ff73a1a08,withdraw,cet2016-p147-r19-c1,headword,,literal
cet4-w-d47cd99eaa1ab273650e,withdrawal,cet2016-p147-r19-c2,listed_related,,literal
cet4-w-268892a9490d74786c5f,within,cet2016-p147-r22-c1,headword,,literal
cet4-w-0b96e0a240f32f570ef0,without,cet2016-p147-r23-c1,headword,,literal
cet4-w-58aeb1e1d808984e73e1,withstand,cet2016-p147-r24-c1,headword,,literal
cet4-w-bed56c7987088379cf12,witness,cet2016-p147-r25-c1,headword,,literal
cet4-w-28a896f4e22e29f921b4,wolf,cet2016-p147-r26-c1,headword,,literal
cet4-w-688f79b1888f94059619,woman,cet2016-p147-r27-c1,headword,,literal
cet4-w-295fbbd258dfa59af051,wonder,cet2016-p147-r28-c1,headword,,literal
cet4-w-4c797933c207fb56269b,wonderful,cet2016-p147-r28-c2,listed_related,,literal
cet4-w-b6c8ef78df366aab3122,wood,cet2016-p147-r29-c1,headword,,literal
cet4-w-d1859c5ff1307ce49b0f,wooden,cet2016-p147-r29-c2,listed_related,,literal
cet4-w-90ac8ee32d57cf914076,wool,cet2016-p147-r30-c1,headword,,literal
cet4-w-c256685ceb00f1ce3eb3,woolen,cet2016-p147-r30-c2,listed_related,,orthographic
cet4-w-ae28d96cb6bab002ce96,word,cet2016-p147-r31-c1,headword,,literal
cet4-w-fc1984fb158bc7103be3,wording,cet2016-p147-r31-c2,listed_related,,literal
cet4-w-0b632c5e3a3f6bec44eb,work,cet2016-p147-r32-c1,headword,,literal
cet4-w-41ee12eebcb945d55b91,worker,cet2016-p147-r32-c2,listed_related,,literal
cet4-w-06486e843b1a6f721589,workforce,cet2016-p147-r33-c1,headword,,literal
cet4-w-91f678ac5ded3d92095f,workout,cet2016-p147-r34-c1,headword,,literal
cet4-w-4e728b5e4007654d1832,workshop,cet2016-p147-r35-c1,headword,,literal
cet4-w-fe76d0359f625ec7a12a,world,cet2016-p147-r36-c1,headword,,literal
cet4-w-cfabb645d76bb7868b85,worldwide,cet2016-p147-r37-c1,headword,,literal
cet4-w-d995eedf3ad597bb71e3,worm,cet2016-p147-r38-c1,headword,,literal
cet4-w-8e63f35794084900599b,worry,cet2016-p147-r39-c1,headword,,literal
cet4-w-0bbe3441b4e6dd3efb1a,worried,cet2016-p147-r39-c2,listed_related,,literal
cet4-w-ea3e14790fcbd319e152,worse,cet2016-p147-r40-c1,headword,,literal
cet4-w-8216a01154f160ff50b2,worship,cet2016-p147-r41-c1,headword,,literal
cet4-w-0a4f39e1d308f06ecf92,worst,cet2016-p147-r42-c1,headword,,literal
cet4-w-7833c0328189bfdda409,worth,cet2016-p148-r01-c1,headword,,literal
cet4-w-d8f3fdb75292a90c0a9c,worthless,cet2016-p148-r01-c2,listed_related,,literal
cet4-w-d58e975fe56451e48b14,worthwhile,cet2016-p148-r02-c1,headword,,literal
cet4-w-814b32fcee40ff406e75,worthy,cet2016-p148-r03-c1,headword,,literal
cet4-w-8454f17af34e638f5776,worthiness,cet2016-p148-r03-c2,listed_related,,literal
cet4-w-57f8340a81a9e0b2c3d2,would,cet2016-p148-r04-c1,headword,,literal
cet4-w-dc0fa9f48ef0d6abdcd0,wound,cet2016-p148-r05-c1,headword,,literal
cet4-w-9ac8a2d92d460ad51168,wrap,cet2016-p148-r06-c1,headword,,literal
cet4-w-ca63dc7b2e8b33628ab5,wrapping,cet2016-p148-r06-c2,listed_related,,literal
cet4-w-8250f4085f19c0a4329b,wreck,cet2016-p148-r07-c1,headword,,literal
cet4-w-45d11ea81aceb97ea42b,wreckage,cet2016-p148-r07-c2,listed_related,,literal
cet4-w-e183cd1acf11f8ad4034,wrinkle,cet2016-p148-r11-c1,headword,,literal
cet4-w-d579dbe9df130ea2ac82,wrist,cet2016-p148-r12-c1,headword,,literal
cet4-w-ba88255faec00b737c06,write,cet2016-p148-r13-c1,headword,,literal
cet4-w-15daa83363b72d637b0b,writer,cet2016-p148-r13-c2,listed_related,,literal
cet4-w-d9a23f011e913b6ec7c5,writing,cet2016-p148-r13-c3,listed_related,,literal
cet4-w-25f4711677b2f55652e1,wrong,cet2016-p148-r14-c1,headword,,literal
cet4-w-778ea84560380e782217,x-ray,cet2016-p148-r15-c1,headword,,literal
cet4-w-a54a8cef11cfcb87b568,yard,cet2016-p148-r17-c1,headword,,literal
cet4-w-2542cdd403cbbcc5df00,year,cet2016-p148-r19-c1,headword,,literal
cet4-w-cf54ebe9a474abb4657b,yearly,cet2016-p148-r19-c2,listed_related,,literal
cet4-w-d66b2a6306cfa8576d76,yell,cet2016-p148-r21-c1,headword,,literal
cet4-w-b1d8b9ea1de1c35e4055,yellow,cet2016-p148-r22-c1,headword,,literal
cet4-w-8a396338727f099a8c4d,yes,cet2016-p148-r23-c1,headword,,literal
cet4-w-3a1138e374dd3e16ffcf,yeah,cet2016-p148-r23-c2,listed_related,,literal
cet4-w-ae69150016966e9ed9e5,yesterday,cet2016-p148-r24-c1,headword,,literal
cet4-w-b748da59efd633c1ba27,yet,cet2016-p148-r25-c1,headword,,literal
cet4-w-d29518ddb97dfce9b6b8,yield,cet2016-p148-r26-c1,headword,,literal
cet4-w-c5533913b2a1682c9788,yoga,cet2016-p148-r27-c1,headword,,literal
cet4-w-fc7fbd79474946a26f9b,yoghurt,cet2016-p148-r28-c1,headword,,literal
cet4-w-69fca5000734876b6a8c,you,cet2016-p148-r29-c1,headword,,literal
cet4-w-8ae023ece60b4bd0c10a,young,cet2016-p148-r30-c1,headword,,literal
cet4-w-ea7cb3fff9fd0f8380a1,youngster,cet2016-p148-r31-c1,headword,,literal
cet4-w-a0652310ee3bc82b8b2a,your,cet2016-p148-r32-c1,headword,,literal
cet4-w-62694f48e81d9549edaf,yours,cet2016-p148-r33-c1,headword,,literal
cet4-w-8299a57bb35ff7f790c2,yourself,cet2016-p148-r34-c1,headword,,literal
cet4-w-39ce0f87c1a0ad31b0ec,yourselves,cet2016-p148-r34-c2,listed_related,,literal
cet4-w-baa0c859c45a989c7509,youth,cet2016-p148-r35-c1,headword,,literal
cet4-w-c238d9c8ce4666264f66,youthful,cet2016-p148-r35-c2,listed_related,,literal
cet4-w-713b63b7951ed87a9251,zero,cet2016-p148-r37-c1,headword,,literal
cet4-w-e0f1162da15d4cd0d49a,zone,cet2016-p148-r40-c1,headword,,literal
cet4-w-fe7fee251a46ffddfde9,zoo,cet2016-p148-r41-c1,headword,,literal
cet4-w-caacb970ad6ca9cd1f31,zoology,cet2016-p148-r42-c1,headword,,literal
cet4-w-1a5147750cf7039920ff,zoological,cet2016-p148-r42-c2,listed_related,,literal
