word_id,spelling,reason
e29ff563-e1d4-4323-85bb-af6c38dd8ccc,according,当前四级词表及声明变体未直接匹配；不因此将六级词加入四级。
e5ac2120-27fe-42fe-832a-e9a332e4fc13,surrounding,当前四级词表及声明变体未直接匹配；不因此将六级词加入四级。
231cfcab-e78e-458f-9f98-c39b82fca0f2,cognitive,当前四级词表及声明变体未直接匹配；不因此将六级词加入四级。
f30b96b7-f915-43ca-88f0-01929a0c0afb,intimidate,当前四级词表及声明变体未直接匹配；不因此将六级词加入四级。
6b98469f-1de7-4839-8a4e-068efdf255ba,intimidation,当前四级词表及声明变体未直接匹配；不因此将六级词加入四级。
b7589837-adc9-42a5-a4e2-1fc7af1dd24f,unhappy,当前四级词表及声明变体未直接匹配；不因此将六级词加入四级。
a807c19e-43fd-4676-ad8b-83e2478e8c0c,embarrassed,当前四级词表及声明变体未直接匹配；不因此将六级词加入四级。
04e1b368-45bf-4a9f-9b53-383cf384a1bc,embarrassing,当前四级词表及声明变体未直接匹配；不因此将六级词加入四级。
5bcfb925-853e-4fb2-a802-184be749022b,similarly,当前四级词表及声明变体未直接匹配；不因此将六级词加入四级。
71eff7d9-cf4d-4e8f-9c00-c2fb9c388ddc,extremely,当前四级词表及声明变体未直接匹配；不因此将六级词加入四级。
0e62c009-1765-40b2-865d-49c0b59fc74c,plainly,当前四级词表及声明变体未直接匹配；不因此将六级词加入四级。
a1a6af00-0fc2-4a29-90ff-f0e3308d0c65,ecosystem,当前四级词表及声明变体未直接匹配；不因此将六级词加入四级。
9348f902-84e0-4e87-9e9e-9d1a4b0b5c62,inexpensive,当前四级词表及声明变体未直接匹配；不因此将六级词加入四级。
fe935299-f589-4e87-a4f2-54fffe75c722,reachable,当前四级词表及声明变体未直接匹配；不因此将六级词加入四级。
969d634f-3265-481b-9bcc-a9374b65c73e,approachable,当前四级词表及声明变体未直接匹配；不因此将六级词加入四级。
cb753262-5dc4-49e9-9fe1-1c65d065b76e,touched,当前四级词表及声明变体未直接匹配；不因此将六级词加入四级。
881f30cd-a39e-43f8-9720-87ed413bc365,untouched,当前四级词表及声明变体未直接匹配；不因此将六级词加入四级。
51233dec-96ba-427f-b0fc-975d9c8b3aed,stereotype,当前四级词表及声明变体未直接匹配；不因此将六级词加入四级。
73c4d3ba-589c-478e-9c9b-e3aff0be5330,childhood,当前四级词表及声明变体未直接匹配；不因此将六级词加入四级。
f6e102b5-faa9-44df-a28c-896ecde92fcb,conservation,当前四级词表及声明变体未直接匹配；不因此将六级词加入四级。
201dd746-849a-47bd-b28f-40395191fb40,catastrophe,当前四级词表及声明变体未直接匹配；不因此将六级词加入四级。
b1896b79-b491-41e6-ba78-dd7de79515fa,especial,当前四级词表及声明变体未直接匹配；不因此将六级词加入四级。
072bac1c-e325-412d-9fac-0fed134d7ede,morally,当前四级词表及声明变体未直接匹配；不因此将六级词加入四级。
e15be643-1275-41ce-acbe-39f1a94c653c,inconvenience,当前四级词表及声明变体未直接匹配；不因此将六级词加入四级。
9df36b87-3d4b-42bc-8762-d3c331f26e22,inconvenient,当前四级词表及声明变体未直接匹配；不因此将六级词加入四级。
afef50b4-2e53-434a-b3c2-4935f249eddd,adolescent,当前四级词表及声明变体未直接匹配；不因此将六级词加入四级。
c215d81e-a6dc-46af-aef7-76550da468f4,adolescence,当前四级词表及声明变体未直接匹配；不因此将六级词加入四级。
c167b02f-d3b3-4fb9-9e10-6dd83b4a7af2,producer,当前四级词表及声明变体未直接匹配；不因此将六级词加入四级。
a8f7ba06-2b4f-472f-a28b-73fce0d0cc4a,Buddhism,当前四级词表及声明变体未直接匹配；不因此将六级词加入四级。
5dc4e543-6d2f-4834-8e0c-310e4a44e857,perfume,当前四级词表及声明变体未直接匹配；不因此将六级词加入四级。
83e3bb90-52e0-4940-bb44-ea84bb9134b5,unhealthy,当前四级词表及声明变体未直接匹配；不因此将六级词加入四级。
a5b06aad-eb7f-4c53-848b-c4e3f17898cc,haven,当前四级词表及声明变体未直接匹配；不因此将六级词加入四级。
1bcde10a-afc4-46e7-a209-6f9f6d6b8de1,tiredness,当前四级词表及声明变体未直接匹配；不因此将六级词加入四级。
a8661332-e63c-4806-88fc-6f8e3a804b24,unappealing,当前四级词表及声明变体未直接匹配；不因此将六级词加入四级。
8671238a-b4ab-4364-acb8-d36eb79de734,expressionless,当前四级词表及声明变体未直接匹配；不因此将六级词加入四级。
40c4971e-d9d7-47c7-aa7a-38ee178a7566,payable,当前四级词表及声明变体未直接匹配；不因此将六级词加入四级。
90f13f4a-3a9e-4fac-a485-3f3f4abd5301,penguin,当前四级词表及声明变体未直接匹配；不因此将六级词加入四级。
f5f99966-e5dd-4604-baa3-9e4dbeca4f66,creativity,当前四级词表及声明变体未直接匹配；不因此将六级词加入四级。
d1c10601-bd53-4854-a6c2-f7c7e820759b,explorer,当前四级词表及声明变体未直接匹配；不因此将六级词加入四级。
8d73b7d8-9a40-4624-a553-43f00428ec93,portability,当前四级词表及声明变体未直接匹配；不因此将六级词加入四级。
6056e162-d922-4716-a211-a5d66d754750,wearable,当前四级词表及声明变体未直接匹配；不因此将六级词加入四级。
a73f1b85-08ab-412a-b421-09aa7187373c,wearer,当前四级词表及声明变体未直接匹配；不因此将六级词加入四级。
d7eed1dc-5908-4409-9f9c-bad480b5fb4b,worn,当前四级词表及声明变体未直接匹配；不因此将六级词加入四级。
727866b2-e242-4ff7-ad6f-503efef4014d,imaginable,当前四级词表及声明变体未直接匹配；不因此将六级词加入四级。
d65c86a5-f34f-428e-89f4-e1825cbf96c2,regularly,当前四级词表及声明变体未直接匹配；不因此将六级词加入四级。
38c87acf-3205-41e5-a08a-f61e403d823b,debris,当前四级词表及声明变体未直接匹配；不因此将六级词加入四级。
db5935c8-b1c5-45f2-b0e0-5ce735231db0,adoptable,当前四级词表及声明变体未直接匹配；不因此将六级词加入四级。
db5b69fa-f0a8-4829-9515-d1c1d36ae631,obtainable,当前四级词表及声明变体未直接匹配；不因此将六级词加入四级。
18b27c72-3d44-45e1-bb5d-c85c11785b66,radiation,当前四级词表及声明变体未直接匹配；不因此将六级词加入四级。
99b11d82-9461-478c-81ff-f4ba2732f781,transition,当前四级词表及声明变体未直接匹配；不因此将六级词加入四级。
a0ed6072-590e-4179-ba8b-0e80bad9b8cf,transitional,当前四级词表及声明变体未直接匹配；不因此将六级词加入四级。
54a8b259-1593-4a2f-bcb9-de23caa1381a,unguarded,当前四级词表及声明变体未直接匹配；不因此将六级词加入四级。
100b3cdf-7767-4415-b459-9869e3a426a2,prosperity,当前四级词表及声明变体未直接匹配；不因此将六级词加入四级。
d5610494-94f3-4ab2-9d77-c2b3c3293a9b,prosperous,当前四级词表及声明变体未直接匹配；不因此将六级词加入四级。
6996aac2-b9af-46f1-956d-b8e493acaa00,nutritional,当前四级词表及声明变体未直接匹配；不因此将六级词加入四级。
bd761717-1511-4010-b46b-2b9ddee00ce7,diminish,当前四级词表及声明变体未直接匹配；不因此将六级词加入四级。
5cc64fbc-f485-4953-b145-e8cd5bca318c,exotic,当前四级词表及声明变体未直接匹配；不因此将六级词加入四级。
9be4f4bf-7d30-43f8-94e9-7865b006bed8,grandma,当前四级词表及声明变体未直接匹配；不因此将六级词加入四级。
62f6f720-819f-4dbf-ad4d-baa490cb4fa4,momentum,当前四级词表及声明变体未直接匹配；不因此将六级词加入四级。
829c2cb7-a09a-42af-8e2a-31dfd5b362a2,chronic,当前四级词表及声明变体未直接匹配；不因此将六级词加入四级。
84e2d434-ffdd-4c93-9c95-5351549631b2,chronically,当前四级词表及声明变体未直接匹配；不因此将六级词加入四级。
27430e01-df9e-44fd-9e03-e820ad347e36,cognition,当前四级词表及声明变体未直接匹配；不因此将六级词加入四级。
25d1f0c2-dca9-4ca7-900a-19148099661f,sightless,当前四级词表及声明变体未直接匹配；不因此将六级词加入四级。
e9ff7026-1f25-41b4-b9fd-c525c72802e3,vase,当前四级词表及声明变体未直接匹配；不因此将六级词加入四级。
502d4c08-1916-45ef-9fbf-3b07946dbece,indistinguishable,当前四级词表及声明变体未直接匹配；不因此将六级词加入四级。
daef1567-4f79-490e-bc7e-5022cedc6e4d,discouraged,当前四级词表及声明变体未直接匹配；不因此将六级词加入四级。
b0730a27-44ad-41fa-809a-2f1de5253cee,discouraging,当前四级词表及声明变体未直接匹配；不因此将六级词加入四级。
4b71b908-1709-49dd-8846-0d3cd804dccf,extract,当前四级词表及声明变体未直接匹配；不因此将六级词加入四级。
2c8ee0c2-2f32-4fb3-93bb-913e126e041c,extraction,当前四级词表及声明变体未直接匹配；不因此将六级词加入四级。
cbb1e305-6913-4327-a6fc-fe231a5c856b,inaccurate,当前四级词表及声明变体未直接匹配；不因此将六级词加入四级。
b3461dc7-ef81-4297-b803-29fe4ea307f1,census,当前四级词表及声明变体未直接匹配；不因此将六级词加入四级。
11ffc809-27a2-4ee4-961f-069cb6962c6d,incorporate,当前四级词表及声明变体未直接匹配；不因此将六级词加入四级。
d1e8a6f6-488f-45e8-bb3f-6737ead73603,adjustable,当前四级词表及声明变体未直接匹配；不因此将六级词加入四级。
a19a690b-f4ab-4fc6-9a59-1f39afe48439,powerless,当前四级词表及声明变体未直接匹配；不因此将六级词加入四级。
baa70828-42c2-471a-85e7-1f9b009fecb2,alien,当前四级词表及声明变体未直接匹配；不因此将六级词加入四级。
2bd6fb24-1111-4d3f-adc5-8b12296b7583,privately,当前四级词表及声明变体未直接匹配；不因此将六级词加入四级。
d374c27a-b931-45d7-a24b-62906f74b70f,dinosaur,当前四级词表及声明变体未直接匹配；不因此将六级词加入四级。
a9a8ab86-79f7-479d-a415-b1d3748def86,equalization,当前四级词表及声明变体未直接匹配；不因此将六级词加入四级。
034a8277-191a-4b2e-943f-b7bbf7edef95,independently,当前四级词表及声明变体未直接匹配；不因此将六级词加入四级。
6b52fc79-170d-48cb-aefa-7825d08be828,devoted,当前四级词表及声明变体未直接匹配；不因此将六级词加入四级。
a814110e-b734-4cf0-bd59-02aa4440361b,portrait,当前四级词表及声明变体未直接匹配；不因此将六级词加入四级。
555a428b-889a-44f6-951e-90a0e94a66f4,portray,当前四级词表及声明变体未直接匹配；不因此将六级词加入四级。
1f0ec3f9-129a-47e3-96d2-bbd94781404d,bizarre,当前四级词表及声明变体未直接匹配；不因此将六级词加入四级。
942f3a98-0db2-4e00-9735-814e8c607595,correlate,当前四级词表及声明变体未直接匹配；不因此将六级词加入四级。
beb2e267-f52c-4758-9dd0-4698548e4326,lever,当前四级词表及声明变体未直接匹配；不因此将六级词加入四级。
0ab18c92-f88f-4650-aa52-9fd9d485bab1,leverage,当前四级词表及声明变体未直接匹配；不因此将六级词加入四级。
ee541987-0c7c-416e-a68a-56da7b63a274,coral,当前四级词表及声明变体未直接匹配；不因此将六级词加入四级。
d61c0ca8-80f2-4626-ba1f-ed546dfdd770,inadequate,当前四级词表及声明变体未直接匹配；不因此将六级词加入四级。
bee6ce07-6aa7-480c-9248-e8b824b84f58,navigate,当前四级词表及声明变体未直接匹配；不因此将六级词加入四级。
0719e446-63c4-4155-9238-c4a3096ea88a,navigation,当前四级词表及声明变体未直接匹配；不因此将六级词加入四级。
d29414b2-9fb2-494d-9f8a-28952bfbd3d7,approving,当前四级词表及声明变体未直接匹配；不因此将六级词加入四级。
34661a3c-ce29-44ba-94e6-8a18128148b5,predator,当前四级词表及声明变体未直接匹配；不因此将六级词加入四级。
3ff44d02-f1e8-42e0-9b28-87cff9171c3f,predatory,当前四级词表及声明变体未直接匹配；不因此将六级词加入四级。
316eb4d0-49f8-4952-b4af-05d1320b6201,autonomy,当前四级词表及声明变体未直接匹配；不因此将六级词加入四级。
0a2da8df-7a4a-41ad-bfe0-da8e84a967cd,trait,当前四级词表及声明变体未直接匹配；不因此将六级词加入四级。
e46fd8ac-bdc0-4320-b6ef-6b47e8d3aaa2,progressively,当前四级词表及声明变体未直接匹配；不因此将六级词加入四级。
476fbfaf-e23a-4b9e-9f4e-37268b0e194e,celebrity,当前四级词表及声明变体未直接匹配；不因此将六级词加入四级。
8a552bad-8580-42f7-b2ed-3fab5e2a1f88,hypothesis,当前四级词表及声明变体未直接匹配；不因此将六级词加入四级。
8a18605f-e85f-46a1-b215-359f21657543,hypothetical,当前四级词表及声明变体未直接匹配；不因此将六级词加入四级。
daa4c038-cc52-4223-8352-289f31e6b013,legally,当前四级词表及声明变体未直接匹配；不因此将六级词加入四级。
4b1177ee-d6d8-484d-9dbc-b5dee04e1609,unmissable,当前四级词表及声明变体未直接匹配；不因此将六级词加入四级。
107e1d51-5420-4047-a112-021e1920d89a,destructible,当前四级词表及声明变体未直接匹配；不因此将六级词加入四级。
01792bf4-1fa3-4e3d-a76f-70e6caf8881b,epidemic,当前四级词表及声明变体未直接匹配；不因此将六级词加入四级。
e821e04b-3de1-4069-aa6b-11618a9d0785,slowly,当前四级词表及声明变体未直接匹配；不因此将六级词加入四级。
15f77c9d-aa67-4067-9579-4f1bb9d47ab2,slowness,当前四级词表及声明变体未直接匹配；不因此将六级词加入四级。
2277818d-6c7c-4d3d-a77b-754500392b0f,fingernail,当前四级词表及声明变体未直接匹配；不因此将六级词加入四级。
afa9f53d-bf83-409a-993f-4c1dde224129,adverse,当前四级词表及声明变体未直接匹配；不因此将六级词加入四级。
a4a59616-5050-4cc8-8053-7b9da57c06ab,adversity,当前四级词表及声明变体未直接匹配；不因此将六级词加入四级。
e8a10058-d575-4b4b-b9a3-a4de470b9458,assert,当前四级词表及声明变体未直接匹配；不因此将六级词加入四级。
014120bc-44c8-4bd2-892b-23d8ae17bf2f,assertion,当前四级词表及声明变体未直接匹配；不因此将六级词加入四级。
402145dd-055a-4e27-9dbf-fcf0628170f0,assertive,当前四级词表及声明变体未直接匹配；不因此将六级词加入四级。
bc5ff455-3250-48af-91a6-b12564d9d2c9,snail,当前四级词表及声明变体未直接匹配；不因此将六级词加入四级。
3bc6491b-fd56-4b45-b79e-1ba725b2cd98,foster,当前四级词表及声明变体未直接匹配；不因此将六级词加入四级。
314f94ec-18a1-4e6d-b7cb-9102595868f4,acupuncture,当前四级词表及声明变体未直接匹配；不因此将六级词加入四级。
4d687f87-a513-4a52-bccf-f226b83941ad,deplete,当前四级词表及声明变体未直接匹配；不因此将六级词加入四级。
543aa04f-256c-4020-9d40-b62c3b8e82ce,depletion,当前四级词表及声明变体未直接匹配；不因此将六级词加入四级。
fae46b34-055b-4dee-8155-cb89f85da758,irritate,当前四级词表及声明变体未直接匹配；不因此将六级词加入四级。
f56d0567-1c12-4a64-ac47-5b9360f345ca,irritation,当前四级词表及声明变体未直接匹配；不因此将六级词加入四级。
a0800e23-5f11-4af5-a0bb-f0fc22a4ea99,irritating,当前四级词表及声明变体未直接匹配；不因此将六级词加入四级。
9418c0fe-7fb1-47de-a06e-539c15f2ef9c,fuse,当前四级词表及声明变体未直接匹配；不因此将六级词加入四级。
d6d706b2-edcd-453d-b35f-b529c0ff0b38,semicircle,当前四级词表及声明变体未直接匹配；不因此将六级词加入四级。
1d2afdef-1571-4d80-864e-ca0d9ca2c68f,pest,当前四级词表及声明变体未直接匹配；不因此将六级词加入四级。
ae4e45b9-d5cf-45f8-b00a-52efe5987f42,pasta,当前四级词表及声明变体未直接匹配；不因此将六级词加入四级。
3bd0b3f5-0c65-4f0d-95e0-847a23ee13ee,virgin,当前四级词表及声明变体未直接匹配；不因此将六级词加入四级。
22e2bf39-c6b7-4ae8-bdf0-8dd86d0930a0,sacred,当前四级词表及声明变体未直接匹配；不因此将六级词加入四级。
9ce7e804-b8f9-471e-903e-5a50214f473a,tenant,当前四级词表及声明变体未直接匹配；不因此将六级词加入四级。
1a573c10-c776-44e2-ba4f-cab83c6c3605,collector,当前四级词表及声明变体未直接匹配；不因此将六级词加入四级。
924f9b97-5ba5-477a-bd52-bf63332e3a1c,unconscious,当前四级词表及声明变体未直接匹配；不因此将六级词加入四级。
0a60c4a7-4ab5-4104-9cca-3956c3ab05e0,depict,当前四级词表及声明变体未直接匹配；不因此将六级词加入四级。
8d2390ab-2163-4b71-a5d0-d741e900cdf5,depiction,当前四级词表及声明变体未直接匹配；不因此将六级词加入四级。
b573bad6-453b-470f-8a5f-67bb48f7595b,livestock,当前四级词表及声明变体未直接匹配；不因此将六级词加入四级。
27c609a9-b165-49ec-bf9b-459300519682,obsession,当前四级词表及声明变体未直接匹配；不因此将六级词加入四级。
daecfeec-c90e-4aee-9886-7bf8406e8b93,obsess,当前四级词表及声明变体未直接匹配；不因此将六级词加入四级。
8bad626c-874b-41d0-ab28-f854c0e8abda,obsessive,当前四级词表及声明变体未直接匹配；不因此将六级词加入四级。
05faa749-f84f-41e1-a95d-70062e687374,hawk,当前四级词表及声明变体未直接匹配；不因此将六级词加入四级。
c8d3ec54-332c-4069-85af-d5f17d847092,profile,当前四级词表及声明变体未直接匹配；不因此将六级词加入四级。
8cd06e91-559c-4018-8f8e-d10fbef56b0c,unlimited,当前四级词表及声明变体未直接匹配；不因此将六级词加入四级。
89f8b1f6-bdc7-4b5a-ae99-5a03fa94f7aa,suite,当前四级词表及声明变体未直接匹配；不因此将六级词加入四级。
22531ec3-e72d-45cb-9c9b-12686162d2ae,outfit,当前四级词表及声明变体未直接匹配；不因此将六级词加入四级。
8819a45c-4f52-4be8-9df6-9cdbffe2a1e8,prolong,当前四级词表及声明变体未直接匹配；不因此将六级词加入四级。
41ca66eb-7e6d-4a0f-bbfd-bc0ed467015b,rigid,当前四级词表及声明变体未直接匹配；不因此将六级词加入四级。
2ee943bf-e047-4911-bf8c-7721e57bb2e7,rigidity,当前四级词表及声明变体未直接匹配；不因此将六级词加入四级。
20258771-5fb9-47c3-ac18-2ea9c1c5a4d2,rigor,当前四级词表及声明变体未直接匹配；不因此将六级词加入四级。
971e2c65-f386-4c3c-af75-0ae01f8abd24,rigorous,当前四级词表及声明变体未直接匹配；不因此将六级词加入四级。
59d27283-9cd9-4f62-8b7b-89f44f4eec2d,stray,当前四级词表及声明变体未直接匹配；不因此将六级词加入四级。
1d2431d2-63f6-4a22-8591-34ffa1840b1b,wandering,当前四级词表及声明变体未直接匹配；不因此将六级词加入四级。
b841e016-f98e-4b5b-8d45-1d220fe8c058,wanderer,当前四级词表及声明变体未直接匹配；不因此将六级词加入四级。
fc240599-bb6d-489c-9edd-88d287615d41,indulge,当前四级词表及声明变体未直接匹配；不因此将六级词加入四级。
db8cb438-afe9-4e19-87de-7c29d4f9511a,indulgence,当前四级词表及声明变体未直接匹配；不因此将六级词加入四级。
0960bf09-ef7d-4873-9d8e-8170466dc364,indulgent,当前四级词表及声明变体未直接匹配；不因此将六级词加入四级。
b6b1098c-98fa-4bee-b480-d04902c765ef,subtle,当前四级词表及声明变体未直接匹配；不因此将六级词加入四级。
b5cd39a9-125a-4116-a08c-09c84752f95a,subtlety,当前四级词表及声明变体未直接匹配；不因此将六级词加入四级。
f4817c75-0f02-41e5-bcfb-ac1664f3d059,texture,当前四级词表及声明变体未直接匹配；不因此将六级词加入四级。
15f261d7-d74f-4af8-bb6a-ff1efefb09b6,antibiotic,当前四级词表及声明变体未直接匹配；不因此将六级词加入四级。
2904b9e3-c542-44ef-ba5f-50d6d401e27e,conductive,当前四级词表及声明变体未直接匹配；不因此将六级词加入四级。
afeb2ac5-18eb-4096-9c71-6cd1064a6e7d,miner,当前四级词表及声明变体未直接匹配；不因此将六级词加入四级。
5489cb7c-1670-4c69-84d1-c5b939ebd6a4,endorse,当前四级词表及声明变体未直接匹配；不因此将六级词加入四级。
18c7c24b-e893-4536-9bfc-46502ff3a2dc,endorsement,当前四级词表及声明变体未直接匹配；不因此将六级词加入四级。
90abe612-4a1d-4c6d-8c41-835c1930c51e,intentionally,当前四级词表及声明变体未直接匹配；不因此将六级词加入四级。
03158161-092d-495b-80e6-f8f334322f41,ingenuity,当前四级词表及声明变体未直接匹配；不因此将六级词加入四级。
db68e6e7-fc74-4bfd-bbb4-302d99af51b6,unnatural,当前四级词表及声明变体未直接匹配；不因此将六级词加入四级。
c0162181-674e-4891-b050-f92779257649,instantly,当前四级词表及声明变体未直接匹配；不因此将六级词加入四级。
1896dc42-a754-4245-a083-522f4aacd2e6,slash,当前四级词表及声明变体未直接匹配；不因此将六级词加入四级。
cea68dd6-7629-494c-8b9c-8b5bb3d30cce,metabolism,当前四级词表及声明变体未直接匹配；不因此将六级词加入四级。
23dc30a0-617f-4540-aeca-62da73664b58,metabolic,当前四级词表及声明变体未直接匹配；不因此将六级词加入四级。
c2d9ee07-6633-4319-a78a-05f6b2ecb5d8,dedicate,当前四级词表及声明变体未直接匹配；不因此将六级词加入四级。
dc38f01a-ef12-4b36-847b-b6ebba591aa0,dedication,当前四级词表及声明变体未直接匹配；不因此将六级词加入四级。
47e2827e-df3c-4205-afdb-53e1913c0546,pyramid,当前四级词表及声明变体未直接匹配；不因此将六级词加入四级。
8938c1b3-3153-4946-a5aa-a1b098f06297,graze,当前四级词表及声明变体未直接匹配；不因此将六级词加入四级。
bf8b05b7-879b-4021-ac92-711d6b3ba412,scenario,当前四级词表及声明变体未直接匹配；不因此将六级词加入四级。
2adddf81-f8ef-4f9c-8ce6-db7e3a439a15,random,当前四级词表及声明变体未直接匹配；不因此将六级词加入四级。
eafe81f8-2ff7-4e76-aaed-2a7cbe3bbcfb,devastate,当前四级词表及声明变体未直接匹配；不因此将六级词加入四级。
bf398392-9555-4771-8673-a326cb203add,devastating,当前四级词表及声明变体未直接匹配；不因此将六级词加入四级。
754e88a2-a40b-4252-bbf6-f5065068f2dc,devastation,当前四级词表及声明变体未直接匹配；不因此将六级词加入四级。
dfc5fee5-8168-4cb8-9cde-a60a9d42eb73,entity,当前四级词表及声明变体未直接匹配；不因此将六级词加入四级。
554b070d-12d9-47b4-b66d-002602bca363,syndrome,当前四级词表及声明变体未直接匹配；不因此将六级词加入四级。
6422d195-9e7e-455b-bdc1-cbc9b08f098f,prey,当前四级词表及声明变体未直接匹配；不因此将六级词加入四级。
7c8f9e3f-2c16-4bd9-a50c-e4c6633d4c7f,tactic,当前四级词表及声明变体未直接匹配；不因此将六级词加入四级。
5d5f13da-2afc-46fc-bcf8-543c1d680278,tactical,当前四级词表及声明变体未直接匹配；不因此将六级词加入四级。
f8f19037-d663-418f-90b6-2492cf34d855,vocal,当前四级词表及声明变体未直接匹配；不因此将六级词加入四级。
9e4db6bb-a6cd-4010-9d63-8cbec1744ca6,spoken,当前四级词表及声明变体未直接匹配；不因此将六级词加入四级。
ab09bea0-66cd-43a4-8a80-02955c5a73e1,incautious,当前四级词表及声明变体未直接匹配；不因此将六级词加入四级。
83aefc9b-b229-4ca1-950c-4614d018cb4e,logistics,当前四级词表及声明变体未直接匹配；不因此将六级词加入四级。
6fc8c833-22a5-4ca0-a174-7f1cbbef8eae,embed,当前四级词表及声明变体未直接匹配；不因此将六级词加入四级。
4bf148fa-c003-4978-b4bb-6679408e1375,entail,当前四级词表及声明变体未直接匹配；不因此将六级词加入四级。
4c268bfb-8d3b-4af0-b348-8fce202b728e,valueless,当前四级词表及声明变体未直接匹配；不因此将六级词加入四级。
0258258d-eb0c-4cdb-9b6e-344a997513dc,lawsuit,当前四级词表及声明变体未直接匹配；不因此将六级词加入四级。
335b49e0-a124-4d1c-aea4-d41efc468720,merge,当前四级词表及声明变体未直接匹配；不因此将六级词加入四级。
c902e6b1-f6cf-4ca7-8b68-aa6aed0e6551,merger,当前四级词表及声明变体未直接匹配；不因此将六级词加入四级。
18f509ca-5b4f-4c51-bc8a-24ff9cd44db1,multitude,当前四级词表及声明变体未直接匹配；不因此将六级词加入四级。
def4a1f7-9dee-4fd7-9894-eefd16a97575,polytechnic,当前四级词表及声明变体未直接匹配；不因此将六级词加入四级。
d777e3ce-0d20-4aa7-a7a7-d51926469a77,prestige,当前四级词表及声明变体未直接匹配；不因此将六级词加入四级。
89edc2e8-9023-41d6-a040-08c27ce3c35c,presume,当前四级词表及声明变体未直接匹配；不因此将六级词加入四级。
09128544-fde1-424b-8925-3a8f3a6607a3,presumably,当前四级词表及声明变体未直接匹配；不因此将六级词加入四级。
f3bca1c1-91d4-4ab4-b2cd-c32f9c601346,inevitably,当前四级词表及声明变体未直接匹配；不因此将六级词加入四级。
54ff3fb7-185c-4837-8896-84181a78e938,cumulative,当前四级词表及声明变体未直接匹配；不因此将六级词加入四级。
8cb4927a-61e9-452e-8e78-4bc0183103c2,skeptical,当前四级词表及声明变体未直接匹配；不因此将六级词加入四级。
2a33e980-0612-46f5-b6b1-46eb5718af03,snap,当前四级词表及声明变体未直接匹配；不因此将六级词加入四级。
40a6edc8-df7d-425b-a337-71a6cc8fbf12,subsidy,当前四级词表及声明变体未直接匹配；不因此将六级词加入四级。
d43fb858-da8e-471e-9227-69a51d4c027b,subsidize,当前四级词表及声明变体未直接匹配；不因此将六级词加入四级。
ad40b9d9-84fc-4797-a04a-36edafb28893,subsidiary,当前四级词表及声明变体未直接匹配；不因此将六级词加入四级。
871adfa5-45ec-4993-92bd-f4a3aae4f269,physically,当前四级词表及声明变体未直接匹配；不因此将六级词加入四级。
799a97ce-8d71-4b11-b07e-cdd995e28eef,aspire,当前四级词表及声明变体未直接匹配；不因此将六级词加入四级。
eb988bf5-93a1-48b4-97c7-37705b5ec9cc,aspiration,当前四级词表及声明变体未直接匹配；不因此将六级词加入四级。
7c36110f-8d40-444a-ac57-aa6975145ee3,tempt,当前四级词表及声明变体未直接匹配；不因此将六级词加入四级。
74112cae-ad8e-46c6-8f53-e4ab0d8ade1d,temptation,当前四级词表及声明变体未直接匹配；不因此将六级词加入四级。
82f24a7b-4d83-4707-b399-f7d45a6391d7,underlie,当前四级词表及声明变体未直接匹配；不因此将六级词加入四级。
f6f99d0e-9adb-4a32-a5cf-ab9988321d39,underlying,当前四级词表及声明变体未直接匹配；不因此将六级词加入四级。
1b0c0788-41bc-4c13-a6de-89576c3f3c2c,fiercely,当前四级词表及声明变体未直接匹配；不因此将六级词加入四级。
d2609cd5-846e-4baa-9490-6640910006ec,fierceness,当前四级词表及声明变体未直接匹配；不因此将六级词加入四级。
5fdb3599-2b0b-407e-9d07-2667b0ddfe01,bacterium,当前四级词表及声明变体未直接匹配；不因此将六级词加入四级。
f50bc6a7-fbb2-4a3d-b804-a3e4db9152c2,alleviate,当前四级词表及声明变体未直接匹配；不因此将六级词加入四级。
75291ee4-d316-45d2-815e-cde35b604cf6,alleviation,当前四级词表及声明变体未直接匹配；不因此将六级词加入四级。
8efd1421-4a63-477a-b677-c2c4ac3e3cfd,default,当前四级词表及声明变体未直接匹配；不因此将六级词加入四级。
14ceaab4-c8f1-4773-a777-39fd6cb091da,diss,当前四级词表及声明变体未直接匹配；不因此将六级词加入四级。
a897335b-321a-408c-ad91-a2b1fb63931d,adhere,当前四级词表及声明变体未直接匹配；不因此将六级词加入四级。
20009619-86e1-48c1-9eb8-83ea9c56b890,adherence,当前四级词表及声明变体未直接匹配；不因此将六级词加入四级。
c6a77d6d-851f-4825-b614-01b906b2fcb4,expedition,当前四级词表及声明变体未直接匹配；不因此将六级词加入四级。
73ae6b6f-3c69-402a-8c70-1fa6853a27f5,cricket,当前四级词表及声明变体未直接匹配；不因此将六级词加入四级。
bb23316f-c8e4-4f23-93dd-0827d4022cf0,married,当前四级词表及声明变体未直接匹配；不因此将六级词加入四级。
6febbf4f-63b6-4489-9cf1-bec2843ebe04,fiscal,当前四级词表及声明变体未直接匹配；不因此将六级词加入四级。
fc772baf-afdf-478c-ac8e-1157c4d6ec1a,fiscally,当前四级词表及声明变体未直接匹配；不因此将六级词加入四级。
5e8ffc98-adec-4cad-8590-e4ba81ec8503,generously,当前四级词表及声明变体未直接匹配；不因此将六级词加入四级。
c050e86a-4849-4bed-98f3-e2e432e63eff,glamour,当前四级词表及声明变体未直接匹配；不因此将六级词加入四级。
b3b05e3b-33bb-4d4b-89c6-e084b7dda947,glamorous,当前四级词表及声明变体未直接匹配；不因此将六级词加入四级。
477b57d9-8cd6-4b0f-bfd9-674fea90e4a4,hemisphere,当前四级词表及声明变体未直接匹配；不因此将六级词加入四级。
5b16f458-6501-40d8-9344-7d45fa8e9681,ideology,当前四级词表及声明变体未直接匹配；不因此将六级词加入四级。
3d361af8-d827-40b8-b8d1-91cf4e0a798a,ideological,当前四级词表及声明变体未直接匹配；不因此将六级词加入四级。
f24a7a55-23ab-43f1-a003-4193cd121d97,impair,当前四级词表及声明变体未直接匹配；不因此将六级词加入四级。
2aa6c29b-93ac-4a36-8403-9fd48bb3a8c7,indigenous,当前四级词表及声明变体未直接匹配；不因此将六级词加入四级。
e541c64f-4b9f-4c45-9c73-d1073c671af2,distort,当前四级词表及声明变体未直接匹配；不因此将六级词加入四级。
a51f4b0b-ca87-4262-a8a2-9cc2bffc19f3,distortion,当前四级词表及声明变体未直接匹配；不因此将六级词加入四级。
6f827cdb-ef92-4e16-bd34-141191f48e60,allocate,当前四级词表及声明变体未直接匹配；不因此将六级词加入四级。
0e650785-747d-4e60-93d2-3e20b5c2ae33,allocation,当前四级词表及声明变体未直接匹配；不因此将六级词加入四级。
710dbf7d-7709-4d50-9621-bc586be61176,longevity,当前四级词表及声明变体未直接匹配；不因此将六级词加入四级。
5482ab2f-74d0-4944-8adf-de2d1221df6f,toxic,当前四级词表及声明变体未直接匹配；不因此将六级词加入四级。
427a7143-180c-4835-8aff-05617474c3bd,magnify,当前四级词表及声明变体未直接匹配；不因此将六级词加入四级。
97e90297-ccb6-43fe-a110-5190d5c1bcf8,bored,当前四级词表及声明变体未直接匹配；不因此将六级词加入四级。
c8149df8-f73c-4d69-b291-d11c21559a8d,metropolitan,当前四级词表及声明变体未直接匹配；不因此将六级词加入四级。
560af20c-4ef1-4230-9178-c57fb98c81e7,milestone,当前四级词表及声明变体未直接匹配；不因此将六级词加入四级。
bbf1f769-fa66-42c1-aa86-54219be9b687,depot,当前四级词表及声明变体未直接匹配；不因此将六级词加入四级。
e5149dd5-3c37-4c31-b9bb-a576cc6bbafa,mini,当前四级词表及声明变体未直接匹配；不因此将六级词加入四级。
37a66c1d-083a-4089-9853-7c56f4f20c9b,miniature,当前四级词表及声明变体未直接匹配；不因此将六级词加入四级。
065900aa-a29d-4897-8f8f-12e4fab8cb75,nonetheless,当前四级词表及声明变体未直接匹配；不因此将六级词加入四级。
24aab782-905a-4a20-a792-d390b0fc08f6,conserve,当前四级词表及声明变体未直接匹配；不因此将六级词加入四级。
20489ca5-f306-491a-9d42-3b221baf0b58,settled,当前四级词表及声明变体未直接匹配；不因此将六级词加入四级。
214b2d54-7f84-4200-8d20-dd62da674dd7,settler,当前四级词表及声明变体未直接匹配；不因此将六级词加入四级。
29f41d72-3d42-4bd7-ad9c-8ba6640c3635,robust,当前四级词表及声明变体未直接匹配；不因此将六级词加入四级。
dbda894f-fa48-4135-b581-7d0d7800873c,skillfully,当前四级词表及声明变体未直接匹配；不因此将六级词加入四级。
fddd39c9-d3b3-4ef9-bba8-f216e7304050,subsistence,当前四级词表及声明变体未直接匹配；不因此将六级词加入四级。
0d28556a-b922-4c6d-a484-78af8bad85fc,pesticide,当前四级词表及声明变体未直接匹配；不因此将六级词加入四级。
8753b49f-0c1a-4c53-b393-8182b4d2d14e,suicide,当前四级词表及声明变体未直接匹配；不因此将六级词加入四级。
cb8efc2f-7a74-4ac6-8ffa-7f9d4a0f5aa9,suicidal,当前四级词表及声明变体未直接匹配；不因此将六级词加入四级。
ab7c1a27-43ee-4c37-abdd-ba230a1d95f4,gymnastics,当前四级词表及声明变体未直接匹配；不因此将六级词加入四级。
3c980581-4022-45ea-ab45-972b4f20f076,safeguard,当前四级词表及声明变体未直接匹配；不因此将六级词加入四级。
81e8ef11-a4fc-477a-90cd-8256e08e455f,grill,当前四级词表及声明变体未直接匹配；不因此将六级词加入四级。
2dd00201-0bad-422a-a396-ae2fbd470a53,trillion,当前四级词表及声明变体未直接匹配；不因此将六级词加入四级。
d16f55dc-2e02-46f0-a2e8-840971e76d66,watt,当前四级词表及声明变体未直接匹配；不因此将六级词加入四级。
2c43c35a-d80b-4901-b6bb-8b79fc452cb4,chunk,当前四级词表及声明变体未直接匹配；不因此将六级词加入四级。
85895eb6-798c-4937-b438-73e74d2a5418,stun,当前四级词表及声明变体未直接匹配；不因此将六级词加入四级。
4e8e5431-eb9a-44c7-9fe8-025761365da9,stunning,当前四级词表及声明变体未直接匹配；不因此将六级词加入四级。
a2811f2a-7f02-459d-93b3-3c80868e0543,thrill,当前四级词表及声明变体未直接匹配；不因此将六级词加入四级。
dd16dde3-dffc-45c6-84cd-08b4de21586b,thriller,当前四级词表及声明变体未直接匹配；不因此将六级词加入四级。
bb4ca51b-eace-4dbf-828d-d0f1622e9ecb,simultaneous,当前四级词表及声明变体未直接匹配；不因此将六级词加入四级。
b87c0de1-6c8b-4659-98c3-3b418138b3f1,evidently,当前四级词表及声明变体未直接匹配；不因此将六级词加入四级。
dc371f73-a1a1-4c26-9cbc-e39f50c2bff6,fighter,当前四级词表及声明变体未直接匹配；不因此将六级词加入四级。
cc404052-7006-4567-bdcc-739f16cfffd6,feminist,当前四级词表及声明变体未直接匹配；不因此将六级词加入四级。
bc205cd6-d2e0-48e5-8524-7a2b05d1f1f1,feminism,当前四级词表及声明变体未直接匹配；不因此将六级词加入四级。
72b2ffbc-2616-435b-9be5-d75130ab492e,activate,当前四级词表及声明变体未直接匹配；不因此将六级词加入四级。
0716d7cc-12de-4be4-b4de-95418057a13c,fightback,当前四级词表及声明变体未直接匹配；不因此将六级词加入四级。
8a33012a-919b-4b2c-90f3-abe153f5a850,fraud,当前四级词表及声明变体未直接匹配；不因此将六级词加入四级。
5ba272a0-a4c8-408d-86cb-d1ca2c24d71f,grid,当前四级词表及声明变体未直接匹配；不因此将六级词加入四级。
c2761d75-bdfa-41bb-911e-2f26742859e6,calcium,当前四级词表及声明变体未直接匹配；不因此将六级词加入四级。
89d57b7c-3da3-4794-959d-853c614f3062,hectic,当前四级词表及声明变体未直接匹配；不因此将六级词加入四级。
a8b57205-0fd2-4769-b83f-9614f7614acb,illiterate,当前四级词表及声明变体未直接匹配；不因此将六级词加入四级。
dd3e1425-1c97-421c-9e79-589eba34d521,illiteracy,当前四级词表及声明变体未直接匹配；不因此将六级词加入四级。
3cc7b286-5a36-47f9-8b54-01f98e41bbf8,inertia,当前四级词表及声明变体未直接匹配；不因此将六级词加入四级。
51a57ebf-278f-4f91-b38c-09fae68b74aa,inherent,当前四级词表及声明变体未直接匹配；不因此将六级词加入四级。
04ada90b-cb2d-4e42-9add-542aa062d848,intrigue,当前四级词表及声明变体未直接匹配；不因此将六级词加入四级。
bd80d11f-7246-4f34-9e79-c451fe5c95aa,imperative,当前四级词表及声明变体未直接匹配；不因此将六级词加入四级。
94149c03-4b2f-4bff-bc69-def998a944f3,manifest,当前四级词表及声明变体未直接匹配；不因此将六级词加入四级。
c8db25bd-c7e3-4b05-a924-d1a0f3a15f06,discourse,当前四级词表及声明变体未直接匹配；不因此将六级词加入四级。
7cb95a90-4766-4522-9a5a-262fe08ef09d,monopoly,当前四级词表及声明变体未直接匹配；不因此将六级词加入四级。
6e04d43d-cb32-4798-bb70-e0d4046a363c,carbohydrate,当前四级词表及声明变体未直接匹配；不因此将六级词加入四级。
8ab45eaf-ce35-4d8e-91f5-bb804ca78ea4,annoying,当前四级词表及声明变体未直接匹配；不因此将六级词加入四级。
330b6b20-713f-45e1-9d85-441dfcc26013,annoyingly,当前四级词表及声明变体未直接匹配；不因此将六级词加入四级。
0aaf97b9-d40a-4bdc-bf25-84c73ddfc897,autonomous,当前四级词表及声明变体未直接匹配；不因此将六级词加入四级。
df8d70a7-caad-4cdc-992d-8f5964016a35,paradise,当前四级词表及声明变体未直接匹配；不因此将六级词加入四级。
aec41ed8-db8b-4b95-a1e0-1d6d5c5a2516,deploy,当前四级词表及声明变体未直接匹配；不因此将六级词加入四级。
20dc3bdd-e885-42ad-98e1-1ede25e871c7,paradoxically,当前四级词表及声明变体未直接匹配；不因此将六级词加入四级。
a55f7dd0-7e47-46fe-b16c-da692cde595b,vividly,当前四级词表及声明变体未直接匹配；不因此将六级词加入四级。
05a81826-a9b2-449c-b91e-91613b05edfb,pasture,当前四级词表及声明变体未直接匹配；不因此将六级词加入四级。
e73d7a90-7b6d-43fd-a5a6-c6f60a1326b9,practically,当前四级词表及声明变体未直接匹配；不因此将六级词加入四级。
6477c408-5340-4497-8a34-7188b03cef2e,practitioner,当前四级词表及声明变体未直接匹配；不因此将六级词加入四级。
cfb75520-34b5-4a8b-b98d-0628be8d3ed4,probe,当前四级词表及声明变体未直接匹配；不因此将六级词加入四级。
77bbf675-57e4-471f-95bb-07e76a5b87f1,satire,当前四级词表及声明变体未直接匹配；不因此将六级词加入四级。
4058b3d4-a522-46fc-aa42-59a43dae8ad3,recipe,当前四级词表及声明变体未直接匹配；不因此将六级词加入四级。
355ec052-cd3a-4559-a5fb-35b9eafad3e9,freshness,当前四级词表及声明变体未直接匹配；不因此将六级词加入四级。
8425333d-17ac-4b88-b042-d6a37b2a50af,refreshing,当前四级词表及声明变体未直接匹配；不因此将六级词加入四级。
8a71982f-2bb9-48f2-aeaa-de6e67c50a06,medication,当前四级词表及声明变体未直接匹配；不因此将六级词加入四级。
76258413-2810-477e-8c2b-312367783d94,sculpture,当前四级词表及声明变体未直接匹配；不因此将六级词加入四级。
3a5ba7d0-f0d4-4b85-bb03-7d0ed62489a5,signify,当前四级词表及声明变体未直接匹配；不因此将六级词加入四级。
a5c8d405-b0a8-4013-89b7-7ae1edb87fb3,testimony,当前四级词表及声明变体未直接匹配；不因此将六级词加入四级。
d1f7acc8-0c57-47c1-b799-2f353c522ebe,holder,当前四级词表及声明变体未直接匹配；不因此将六级词加入四级。
90bf16b8-114b-4a49-8cd7-05e1ccc8cb57,threshold,当前四级词表及声明变体未直接匹配；不因此将六级词加入四级。
bf03b930-fb55-4f85-b946-08fbb34ef6fb,unfold,当前四级词表及声明变体未直接匹配；不因此将六级词加入四级。
c68b4982-283d-4788-b093-f03a9c921985,unprecedented,当前四级词表及声明变体未直接匹配；不因此将六级词加入四级。
f0f82670-0d01-4c2c-bc0c-c8d51643b5f6,verge,当前四级词表及声明变体未直接匹配；不因此将六级词加入四级。
73838c1f-6f5b-4762-938d-bef8458a566f,aggravate,当前四级词表及声明变体未直接匹配；不因此将六级词加入四级。
e4579fad-66df-4309-ac6b-f4a9ae7bd03e,aggregate,当前四级词表及声明变体未直接匹配；不因此将六级词加入四级。
886fbe2a-ae7f-43cb-90e3-665e0c6e1da8,vice,当前四级词表及声明变体未直接匹配；不因此将六级词加入四级。
ed976922-a9bc-44a5-8ccf-9701f8bb49d8,ape,当前四级词表及声明变体未直接匹配；不因此将六级词加入四级。
b85471d8-44a5-48b1-a9d7-72563c9e7a39,bureaucratic,当前四级词表及声明变体未直接匹配；不因此将六级词加入四级。
eac1fa70-07d1-4fbc-8be1-9507e01ee37c,bureaucracy,当前四级词表及声明变体未直接匹配；不因此将六级词加入四级。
17370737-a93a-4f35-9147-eb4bdf8b2232,bureaucratically,当前四级词表及声明变体未直接匹配；不因此将六级词加入四级。
70508b05-6f8d-426f-b85c-bff8d90a977d,civic,当前四级词表及声明变体未直接匹配；不因此将六级词加入四级。
84ae0cb4-d43f-42d7-9670-8f4f273f5a52,simulate,当前四级词表及声明变体未直接匹配；不因此将六级词加入四级。
7d8f846e-6374-4272-9b4c-b372432f1b26,psychiatrist,当前四级词表及声明变体未直接匹配；不因此将六级词加入四级。
b67441e3-edda-4c51-93d5-2c20b8c53274,refute,当前四级词表及声明变体未直接匹配；不因此将六级词加入四级。
d6bccd20-b539-4d0f-801a-ca2eb3ee4165,refutation,当前四级词表及声明变体未直接匹配；不因此将六级词加入四级。
75b2bc27-fdcb-46d4-821d-050b379e4c92,cozy,当前四级词表及声明变体未直接匹配；不因此将六级词加入四级。
afe92738-4e0f-4901-aa4c-62d326d60649,rudeness,当前四级词表及声明变体未直接匹配；不因此将六级词加入四级。
3e480c10-2a26-4ab8-8c67-663e09b48f78,relentless,当前四级词表及声明变体未直接匹配；不因此将六级词加入四级。
6fd2e8da-4a2e-4c51-9267-430b28ea4320,dazzle,当前四级词表及声明变体未直接匹配；不因此将六级词加入四级。
dcdcadbe-fa7e-4294-914b-4653cf4adea9,collision,当前四级词表及声明变体未直接匹配；不因此将六级词加入四级。
c0727923-0348-4bae-ac30-10065297f2e1,collide,当前四级词表及声明变体未直接匹配；不因此将六级词加入四级。
d8b5e326-eda4-4886-83ff-d7aaf80a08ab,redundant,当前四级词表及声明变体未直接匹配；不因此将六级词加入四级。
b80250e0-2cc8-4b3a-87b1-70be34d37721,continuously,当前四级词表及声明变体未直接匹配；不因此将六级词加入四级。
638f450d-3254-49eb-92af-f91c65179ab4,designate,当前四级词表及声明变体未直接匹配；不因此将六级词加入四级。
3e4d86b0-51f4-474e-a343-445c42f4d520,certify,当前四级词表及声明变体未直接匹配；不因此将六级词加入四级。
0cf783c9-e528-40b4-aecb-297dda296ebc,certification,当前四级词表及声明变体未直接匹配；不因此将六级词加入四级。
e125adb7-aa6f-42e4-b632-18381855f372,chamber,当前四级词表及声明变体未直接匹配；不因此将六级词加入四级。
d0c3f6e6-f28e-42c5-b2f6-dbb98a454d7c,diesel,当前四级词表及声明变体未直接匹配；不因此将六级词加入四级。
d7973527-907c-4f7e-824a-cf21c5523159,rap,当前四级词表及声明变体未直接匹配；不因此将六级词加入四级。
596029b2-fb0c-4485-964c-2ab5e2096194,rhyme,当前四级词表及声明变体未直接匹配；不因此将六级词加入四级。
5e9e52eb-f90d-4c96-aa11-31e59256a3fd,disclose,当前四级词表及声明变体未直接匹配；不因此将六级词加入四级。
05853a41-362f-4bbb-9fcf-ef1db809f294,disclosure,当前四级词表及声明变体未直接匹配；不因此将六级词加入四级。
7457adf0-279e-4300-9e3d-f30ef61a9b9a,crude,当前四级词表及声明变体未直接匹配；不因此将六级词加入四级。
6d856750-995f-4863-918f-a623a02bf120,crudely,当前四级词表及声明变体未直接匹配；不因此将六级词加入四级。
45c44a07-79b0-4a4a-b1c0-c9cdb159a162,crudeness,当前四级词表及声明变体未直接匹配；不因此将六级词加入四级。
08a5d1e3-c44f-4a95-a4eb-5d2777062696,nominate,当前四级词表及声明变体未直接匹配；不因此将六级词加入四级。
37652ec8-4ea7-4c48-80da-7eb0041606a1,nomination,当前四级词表及声明变体未直接匹配；不因此将六级词加入四级。
154a3b80-317e-4364-a496-df03a0e78b6f,nominee,当前四级词表及声明变体未直接匹配；不因此将六级词加入四级。
34d32361-6248-448c-8739-9b42f44abe0f,domain,当前四级词表及声明变体未直接匹配；不因此将六级词加入四级。
31f71a72-503f-4b13-bb3f-711fd24cb0a6,eligible,当前四级词表及声明变体未直接匹配；不因此将六级词加入四级。
a39cb8dd-c17c-4313-bfd0-37ab46cf2aee,eligibility,当前四级词表及声明变体未直接匹配；不因此将六级词加入四级。
791c80ae-3937-4c27-9884-780274a43c8b,refuge,当前四级词表及声明变体未直接匹配；不因此将六级词加入四级。
332b0e9a-87c4-479b-a1d8-854c60187faf,sue,当前四级词表及声明变体未直接匹配；不因此将六级词加入四级。
bdb51b1f-84e7-4919-aced-c9589ed0ae19,empirical,当前四级词表及声明变体未直接匹配；不因此将六级词加入四级。
75a00e33-d517-42e5-84cf-df0e64d0d111,empirically,当前四级词表及声明变体未直接匹配；不因此将六级词加入四级。
8ad37bf9-44ee-4b4c-9bbd-9597474ea2ce,retrieve,当前四级词表及声明变体未直接匹配；不因此将六级词加入四级。
ec7de092-7572-4dc7-afaf-00658c1b7260,brew,当前四级词表及声明变体未直接匹配；不因此将六级词加入四级。
1f6e674d-8a37-41f7-a283-b0093a485644,brewery,当前四级词表及声明变体未直接匹配；不因此将六级词加入四级。
793d78b6-c572-4986-a76f-6c2feb9345a8,erode,当前四级词表及声明变体未直接匹配；不因此将六级词加入四级。
a6c9897e-05f4-403d-bc21-f4915de62c1c,erosion,当前四级词表及声明变体未直接匹配；不因此将六级词加入四级。
f2660b79-f58b-41ef-9757-fa3741568af6,erosive,当前四级词表及声明变体未直接匹配；不因此将六级词加入四级。
00d675c1-948a-42ec-94ba-852545505c95,constantly,当前四级词表及声明变体未直接匹配；不因此将六级词加入四级。
0a7e663b-c4d0-4f53-a606-7ec17090fd30,flip,当前四级词表及声明变体未直接匹配；不因此将六级词加入四级。
34ae84ec-1151-4897-925e-18ea9bc1752b,expire,当前四级词表及声明变体未直接匹配；不因此将六级词加入四级。
2f98ee20-63d6-431b-bef4-7c9521f431e2,expiration,当前四级词表及声明变体未直接匹配；不因此将六级词加入四级。
9a266639-7fcc-472a-91f1-58bd449696d2,glacier,当前四级词表及声明变体未直接匹配；不因此将六级词加入四级。
256965f0-5226-45bc-9b56-15a0cd3f681d,handicraft,当前四级词表及声明变体未直接匹配；不因此将六级词加入四级。
656212f7-f486-406d-a4c4-83b6ded8fcd7,extinction,当前四级词表及声明变体未直接匹配；不因此将六级词加入四级。
38cfecd1-3d5f-43a3-a96c-ff2b39321cda,extinct,当前四级词表及声明变体未直接匹配；不因此将六级词加入四级。
1e079daf-fe77-4cbe-b117-4b2a906cb824,hover,当前四级词表及声明变体未直接匹配；不因此将六级词加入四级。
82032694-d175-4e50-b154-9ba997f606fd,midst,当前四级词表及声明变体未直接匹配；不因此将六级词加入四级。
6a643359-302b-4701-9039-8e869c9fdcff,hybrid,当前四级词表及声明变体未直接匹配；不因此将六级词加入四级。
35999f51-5010-4773-b6ae-03da853cd283,hybridize,当前四级词表及声明变体未直接匹配；不因此将六级词加入四级。
7287d011-b55d-4937-b67b-14d5d8a5feb8,iceberg,当前四级词表及声明变体未直接匹配；不因此将六级词加入四级。
533fdef8-d693-4e06-a93a-f7c29617af9e,eminent,当前四级词表及声明变体未直接匹配；不因此将六级词加入四级。
7c18ebbb-7142-4359-9af7-b27a46c383ca,eminence,当前四级词表及声明变体未直接匹配；不因此将六级词加入四级。
62bb4815-4438-4da8-bd9d-8775772d3c10,imminent,当前四级词表及声明变体未直接匹配；不因此将六级词加入四级。
da030c1c-dfc0-400e-bf7e-c227698184e8,imminence,当前四级词表及声明变体未直接匹配；不因此将六级词加入四级。
a0c06517-e08c-4fc3-8cd0-de01451a9598,prolonged,当前四级词表及声明变体未直接匹配；不因此将六级词加入四级。
26014150-3d1b-43db-b5d8-2f9632046200,finite,当前四级词表及声明变体未直接匹配；不因此将六级词加入四级。
ab956e44-5235-4203-8e06-4c0401003989,lounge,当前四级词表及声明变体未直接匹配；不因此将六级词加入四级。
519ae053-a475-4108-b97a-459b78c60f7d,medieval,当前四级词表及声明变体未直接匹配；不因此将六级词加入四级。
88725b2d-f82d-4cf5-a499-0105739d68c1,jeopardize,当前四级词表及声明变体未直接匹配；不因此将六级词加入四级。
558e8e74-664d-4d1f-968c-642f26cc7975,jeopardy,当前四级词表及声明变体未直接匹配；不因此将六级词加入四级。
7e673d72-0835-4482-94d2-e103853bacbf,kidney,当前四级词表及声明变体未直接匹配；不因此将六级词加入四级。
3c4cc4df-d6a3-4927-bb5b-956a2accfe3b,stance,当前四级词表及声明变体未直接匹配；不因此将六级词加入四级。
12127f62-2c0c-4c78-b32f-a30c3e166f76,impart,当前四级词表及声明变体未直接匹配；不因此将六级词加入四级。
3ddb2246-2419-40c5-9e97-66e668c2cda4,notorious,当前四级词表及声明变体未直接匹配；不因此将六级词加入四级。
277f5516-83b2-4ac4-8c10-0d632b486915,notoriety,当前四级词表及声明变体未直接匹配；不因此将六级词加入四级。
eb2c6697-4c3f-4811-9d95-694240f20baf,legacy,当前四级词表及声明变体未直接匹配；不因此将六级词加入四级。
643a6331-a3e0-44f9-b27e-c49b41bb5aab,mindset,当前四级词表及声明变体未直接匹配；不因此将六级词加入四级。
edef7f77-06fb-4b7e-b29f-ef03cc2c6eb2,olive,当前四级词表及声明变体未直接匹配；不因此将六级词加入四级。
687b25cc-9ba9-4939-8a28-c4fc8b0936ef,pant,当前四级词表及声明变体未直接匹配；不因此将六级词加入四级。
b5bc33c4-2e53-4671-826b-bcf9463dce4d,incur,当前四级词表及声明变体未直接匹配；不因此将六级词加入四级。
50ee9144-2414-4db5-945a-c66cd4d37cb1,surpass,当前四级词表及声明变体未直接匹配；不因此将六级词加入四级。
fe913f16-9e9d-403b-b20b-d08c70254453,propel,当前四级词表及声明变体未直接匹配；不因此将六级词加入四级。
48351032-67f7-4d90-9ccc-87a51a6d6542,propeller,当前四级词表及声明变体未直接匹配；不因此将六级词加入四级。
98b3e4b1-581b-4503-89df-ad37048e7af9,quest,当前四级词表及声明变体未直接匹配；不因此将六级词加入四级。
7a5640c7-c19e-4b3f-ada8-e101484f0224,strand,当前四级词表及声明变体未直接匹配；不因此将六级词加入四级。
763aa7fd-4244-4c74-a651-6539fadbac4a,widely,当前四级词表及声明变体未直接匹配；不因此将六级词加入四级。
61d2db5d-a430-4d6e-89e2-e4eb2a727a79,legitimate,当前四级词表及声明变体未直接匹配；不因此将六级词加入四级。
db09e74d-b7bc-43eb-9ab7-c0990a93654e,legitimacy,当前四级词表及声明变体未直接匹配；不因此将六级词加入四级。
0f64d2b3-892c-4998-a79b-7b0151f74f84,saturate,当前四级词表及声明变体未直接匹配；不因此将六级词加入四级。
22eb8e0d-dc80-4fc6-8460-35720721921a,saturation,当前四级词表及声明变体未直接匹配；不因此将六级词加入四级。
63e6fa52-60e8-495b-bbe9-a571ad1d70d9,specialty,当前四级词表及声明变体未直接匹配；不因此将六级词加入四级。
308a0672-5c52-47a4-900f-04ec1068202e,stigma,当前四级词表及声明变体未直接匹配；不因此将六级词加入四级。
198e6154-d922-4f6a-8911-515d952f59d4,linger,当前四级词表及声明变体未直接匹配；不因此将六级词加入四级。
1fb696f3-99c6-42c8-bb1a-af34f1db5884,suspected,当前四级词表及声明变体未直接匹配；不因此将六级词加入四级。
892639b9-640b-4bc3-b229-8e4dc9cbff3c,susceptible,当前四级词表及声明变体未直接匹配；不因此将六级词加入四级。
6682ae68-b740-41c5-bd8e-2a39705e3e96,questionable,当前四级词表及声明变体未直接匹配；不因此将六级词加入四级。
6b38820d-d8a7-49e5-8e26-26cc445e5008,intrinsic,当前四级词表及声明变体未直接匹配；不因此将六级词加入四级。
5bf50d72-a116-4ede-b147-e6b3d2a320dd,intrinsically,当前四级词表及声明变体未直接匹配；不因此将六级词加入四级。
b9405541-fc69-483c-a476-f496279dd044,owl,当前四级词表及声明变体未直接匹配；不因此将六级词加入四级。
88ccfb0d-9b7b-4f99-a7e6-a539a3620bf1,turnover,当前四级词表及声明变体未直接匹配；不因此将六级词加入四级。
8bb1060d-e837-41ca-81cc-760febbebc47,stumble,当前四级词表及声明变体未直接匹配；不因此将六级词加入四级。
3ce4f363-5a92-484d-b3a3-ebbb45154b86,stump,当前四级词表及声明变体未直接匹配；不因此将六级词加入四级。
45b66f60-2282-4bbd-b3f3-838cad5ac3d9,wrestle,当前四级词表及声明变体未直接匹配；不因此将六级词加入四级。
ef5afb32-22b1-46d9-87c0-ec8a51e09ef3,wrestling,当前四级词表及声明变体未直接匹配；不因此将六级词加入四级。
7873830d-f7bd-4990-b134-4cad2205f55a,viable,当前四级词表及声明变体未直接匹配；不因此将六级词加入四级。
279f65e0-d832-4d8b-ba8b-1f6fa0141d47,overstate,当前四级词表及声明变体未直接匹配；不因此将六级词加入四级。
ef2bc343-fb22-4a1a-95b5-6920975e0944,affectionately,当前四级词表及声明变体未直接匹配；不因此将六级词加入四级。
002120ac-54b8-4d9a-b2ad-aea9ea8e0520,withdrawn,当前四级词表及声明变体未直接匹配；不因此将六级词加入四级。
02c05eb7-9af2-4cbc-aeec-7c77887e46ec,align,当前四级词表及声明变体未直接匹配；不因此将六级词加入四级。
93145714-9e4f-4fc3-bcd5-78f6e5a9030a,alignment,当前四级词表及声明变体未直接匹配；不因此将六级词加入四级。
5ec6ab81-7030-4732-8cc5-f18f63092c90,rot,当前四级词表及声明变体未直接匹配；不因此将六级词加入四级。
4d7e9800-8d06-48b2-bea6-3d91633d57b8,rotten,当前四级词表及声明变体未直接匹配；不因此将六级词加入四级。
92fe6e15-e2ee-4a58-84e6-a377fd64187b,aristocrat,当前四级词表及声明变体未直接匹配；不因此将六级词加入四级。
61259f32-bec3-4fde-95b3-ab5b27467756,aristocratic,当前四级词表及声明变体未直接匹配；不因此将六级词加入四级。
da2d200e-ce97-44ba-b0aa-942d4d684cca,aristocracy,当前四级词表及声明变体未直接匹配；不因此将六级词加入四级。
562c6e4c-cc05-4aef-aefd-53215d971215,assault,当前四级词表及声明变体未直接匹配；不因此将六级词加入四级。
b2a32f7a-4e23-4315-a14c-cd5addd6b267,rein,当前四级词表及声明变体未直接匹配；不因此将六级词加入四级。
a3ca4fd0-fdee-40e2-af35-5d5ea2e2bf50,awkwardly,当前四级词表及声明变体未直接匹配；不因此将六级词加入四级。
e863a06e-69e7-42fb-a90c-60ae726d4c5a,amplify,当前四级词表及声明变体未直接匹配；不因此将六级词加入四级。
ae3eebb5-5872-4c46-9237-2d9f347fc824,amplification,当前四级词表及声明变体未直接匹配；不因此将六级词加入四级。
0ecca063-08b0-46ce-b8ad-2b8968b8b816,edible,当前四级词表及声明变体未直接匹配；不因此将六级词加入四级。
9b2064c8-3ef6-4bf9-8519-61819e288ab6,casually,当前四级词表及声明变体未直接匹配；不因此将六级词加入四级。
d5baf62c-1b0f-4b76-88d2-cde3c2ce328a,casualty,当前四级词表及声明变体未直接匹配；不因此将六级词加入四级。
16dcd12e-9ceb-4d33-85a2-b9ed9e5bd777,coincide,当前四级词表及声明变体未直接匹配；不因此将六级词加入四级。
1b478a51-0515-4548-a26e-8f361add362d,converge,当前四级词表及声明变体未直接匹配；不因此将六级词加入四级。
948ac737-23d9-4190-818d-aba2b80a4755,convergence,当前四级词表及声明变体未直接匹配；不因此将六级词加入四级。
72abc610-487d-4551-95be-1c67545eac83,bust,当前四级词表及声明变体未直接匹配；不因此将六级词加入四级。
378f47d4-8d3d-4c1c-8d92-c51024e5b5e6,crow,当前四级词表及声明变体未直接匹配；不因此将六级词加入四级。
d6e13b21-5b7e-4a6d-a67f-5e478998fa51,compassion,当前四级词表及声明变体未直接匹配；不因此将六级词加入四级。
6cd819e4-917f-4e62-8097-6eea089b6888,compassionate,当前四级词表及声明变体未直接匹配；不因此将六级词加入四级。
acdc8ff8-1ea2-4a24-98b7-593e5fd12f1f,idol,当前四级词表及声明变体未直接匹配；不因此将六级词加入四级。
e52c0959-b5d5-4c9e-b62b-d58496b50aa3,displace,当前四级词表及声明变体未直接匹配；不因此将六级词加入四级。
d401ec38-b5b6-4728-ad7f-9ce99f2a0185,deserted,当前四级词表及声明变体未直接匹配；不因此将六级词加入四级。
96e00b1b-87c9-4024-a85f-2ec0c1c5df54,insulate,当前四级词表及声明变体未直接匹配；不因此将六级词加入四级。
6311e82f-085e-422e-b2cb-fe33dd67a01d,dwell,当前四级词表及声明变体未直接匹配；不因此将六级词加入四级。
e88ad660-5f59-4af6-9b1a-1748e0cd98d6,dweller,当前四级词表及声明变体未直接匹配；不因此将六级词加入四级。
49567a7e-5e4a-482c-99e6-dfad9ee8f278,dwelling,当前四级词表及声明变体未直接匹配；不因此将六级词加入四级。
2b802626-93b4-473f-979e-d5276d3ca0bf,elaborate,当前四级词表及声明变体未直接匹配；不因此将六级词加入四级。
33c02c00-56e6-472a-8121-739c883229f2,elaboration,当前四级词表及声明变体未直接匹配；不因此将六级词加入四级。
a1414e4c-0381-477b-b44c-4a4a539db9fe,embark,当前四级词表及声明变体未直接匹配；不因此将六级词加入四级。
6dcf9139-4696-41d8-84d4-d6c5babe5d16,embody,当前四级词表及声明变体未直接匹配；不因此将六级词加入四级。
0e32e5a6-d203-4173-bd8a-a312a7e3ff8f,embodiment,当前四级词表及声明变体未直接匹配；不因此将六级词加入四级。
c5a2e314-2d46-4b7e-90a3-d14d9b62f08c,butt,当前四级词表及声明变体未直接匹配；不因此将六级词加入四级。
8d45b925-a88b-4365-a9df-f9f98b3da957,endeavor,当前四级词表及声明变体未直接匹配；不因此将六级词加入四级。
98001258-a3c5-4d0e-8a83-a8996b75da79,grim,当前四级词表及声明变体未直接匹配；不因此将六级词加入四级。
10d52596-0bc9-42ee-8e75-2daf7a45d814,envisage,当前四级词表及声明变体未直接匹配；不因此将六级词加入四级。
c764b71e-5a93-4093-a895-8e704bea3022,conspicuous,当前四级词表及声明变体未直接匹配；不因此将六级词加入四级。
730b85c4-fd5b-498d-ad74-c43ffd5d009b,erupt,当前四级词表及声明变体未直接匹配；不因此将六级词加入四级。
b68aea3f-078d-4b62-95ee-690917291aa0,eruption,当前四级词表及声明变体未直接匹配；不因此将六级词加入四级。
56021207-66e1-4055-a8b2-02197b41ab25,evaporate,当前四级词表及声明变体未直接匹配；不因此将六级词加入四级。
937d1a5a-dca5-449e-98d6-0cbce2b89bf3,extraordinarily,当前四级词表及声明变体未直接匹配；不因此将六级词加入四级。
ebeb7305-8c93-48b2-8f47-8695ec39f5cc,feast,当前四级词表及声明变体未直接匹配；不因此将六级词加入四级。
b8091096-e0fd-4714-a7ca-f7a8446cc057,consecutive,当前四级词表及声明变体未直接匹配；不因此将六级词加入四级。
6ad7b579-5e89-425c-8129-f65f6920eb29,balanced,当前四级词表及声明变体未直接匹配；不因此将六级词加入四级。
52bc838e-af41-4b44-9834-263ca544647c,discern,当前四级词表及声明变体未直接匹配；不因此将六级词加入四级。
673571c5-193a-4775-995c-e52a5b6850e0,duplicate,当前四级词表及声明变体未直接匹配；不因此将六级词加入四级。
bee860b4-2140-4a5f-96c8-aee8d00663bd,duplication,当前四级词表及声明变体未直接匹配；不因此将六级词加入四级。
43af0a6a-7bb0-4712-bc6f-83c119cf533e,hamper,当前四级词表及声明变体未直接匹配；不因此将六级词加入四级。
a57b0d40-59ea-4ad1-9d5b-43c7d97808a8,elicit,当前四级词表及声明变体未直接匹配；不因此将六级词加入四级。
79568bf2-06f1-46b2-bca8-958eebe3be5c,hierarchy,当前四级词表及声明变体未直接匹配；不因此将六级词加入四级。
6b3f5d6a-ee75-4401-bd73-c68ede5f03a1,hierarchical,当前四级词表及声明变体未直接匹配；不因此将六级词加入四级。
7dea9f98-4441-4337-9497-a1e5ff5da63a,hop,当前四级词表及声明变体未直接匹配；不因此将六级词加入四级。
16e08674-43b0-4f0f-8bd3-da2cd950b9b8,coalition,当前四级词表及声明变体未直接匹配；不因此将六级词加入四级。
6286eb6f-b4cd-418b-ad43-65476c29d183,equity,当前四级词表及声明变体未直接匹配；不因此将六级词加入四级。
c7f1b201-b739-41ad-ae5c-7f484367b227,equitable,当前四级词表及声明变体未直接匹配；不因此将六级词加入四级。
98061b1e-5f76-461e-b196-59ebffc99ca7,illuminate,当前四级词表及声明变体未直接匹配；不因此将六级词加入四级。
ab5c7841-ab50-4667-a10b-6a2cbc3abf64,illumination,当前四级词表及声明变体未直接匹配；不因此将六级词加入四级。
6e848d07-97fd-4492-a304-fb37f5443762,kidnap,当前四级词表及声明变体未直接匹配；不因此将六级词加入四级。
5cd4d38d-d339-4ad8-bdc4-bc574b6241d6,complement,当前四级词表及声明变体未直接匹配；不因此将六级词加入四级。
361e14c0-6feb-4cff-a31f-f38226c9bf5a,complementary,当前四级词表及声明变体未直接匹配；不因此将六级词加入四级。
856f8628-8bb0-4642-a309-79f4e5c90707,loom,当前四级词表及声明变体未直接匹配；不因此将六级词加入四级。
57eab61e-83bb-4a26-8dfd-4808e3552fc7,dissert,当前四级词表及声明变体未直接匹配；不因此将六级词加入四级。
47da4e70-c4af-487b-8e06-1c2b857279b2,dissertation,当前四级词表及声明变体未直接匹配；不因此将六级词加入四级。
fb087dcf-56a6-43a2-8434-3209470dc593,mansion,当前四级词表及声明变体未直接匹配；不因此将六级词加入四级。
dc1f9549-e6d6-4038-be97-9a087a81b5eb,manuscript,当前四级词表及声明变体未直接匹配；不因此将六级词加入四级。
768810d1-d984-4b78-bfcc-5608039d1188,evade,当前四级词表及声明变体未直接匹配；不因此将六级词加入四级。
fbb25a0e-254a-4587-8890-ebd0475418db,evasive,当前四级词表及声明变体未直接匹配；不因此将六级词加入四级。
37c77207-5b1f-4d5d-81b8-f757d990daec,evasion,当前四级词表及声明变体未直接匹配；不因此将六级词加入四级。
3b283a12-4f66-4ea6-8dd2-17f1a03e0cad,melody,当前四级词表及声明变体未直接匹配；不因此将六级词加入四级。
fe07256d-895e-4677-a0fd-fae4ed7480a5,melodious,当前四级词表及声明变体未直接匹配；不因此将六级词加入四级。
6a495e27-1266-4d2b-91db-baa03a1a62d9,cocaine,当前四级词表及声明变体未直接匹配；不因此将六级词加入四级。
55887267-be59-4c61-b73e-2a5a45a9124c,moan,当前四级词表及声明变体未直接匹配；不因此将六级词加入四级。
26b15789-f604-4560-8e1f-92c67123a0a8,mow,当前四级词表及声明变体未直接匹配；不因此将六级词加入四级。
c2396401-0ebd-4d43-a117-8b317dbb4855,deliberately,当前四级词表及声明变体未直接匹配；不因此将六级词加入四级。
ef8276c6-df7f-44e1-a028-82a2fecae88e,frantic,当前四级词表及声明变体未直接匹配；不因此将六级词加入四级。
91adc7b6-93ea-41d1-bd70-ecea0c48e403,frantically,当前四级词表及声明变体未直接匹配；不因此将六级词加入四级。
ed0f95a8-d1f5-4021-bb2a-18ee31b4e254,oak,当前四级词表及声明变体未直接匹配；不因此将六级词加入四级。
46bb2ea9-656e-4718-b46f-8bd163d185f0,offspring,当前四级词表及声明变体未直接匹配；不因此将六级词加入四级。
652ac954-bbcd-488d-856c-fcf1d62b786d,patrol,当前四级词表及声明变体未直接匹配；不因此将六级词加入四级。
92cf514d-fb10-4e23-a5d7-bf7a1cf4f8a2,sneak,当前四级词表及声明变体未直接匹配；不因此将六级词加入四级。
d30cd5aa-8027-45a1-ab4f-f0114642d0d7,orthodox,当前四级词表及声明变体未直接匹配；不因此将六级词加入四级。
256c7701-ae6f-4976-aed2-b9ceb26a8400,spectator,当前四级词表及声明变体未直接匹配；不因此将六级词加入四级。
df50fc20-a343-42e0-a1de-51fc00247938,overlap,当前四级词表及声明变体未直接匹配；不因此将六级词加入四级。
4e324b9e-36b7-4fe6-97ea-6d5c43d36b94,oxide,当前四级词表及声明变体未直接匹配；不因此将六级词加入四级。
caf41cce-d891-42f2-b96e-42bddd58fcb2,slack,当前四级词表及声明变体未直接匹配；不因此将六级词加入四级。
05606688-a6fa-4a95-934a-b0e716d8ac08,spider,当前四级词表及声明变体未直接匹配；不因此将六级词加入四级。
a74093d2-0239-4aca-a511-7a06bb09550e,unpopular,当前四级词表及声明变体未直接匹配；不因此将六级词加入四级。
b59e8345-9005-45f4-aa8e-e87787049865,popularize,当前四级词表及声明变体未直接匹配；不因此将六级词加入四级。
a1638329-677c-46fd-a366-5860b0045770,amass,当前四级词表及声明变体未直接匹配；不因此将六级词加入四级。
f1bb3684-f729-4356-a7b1-719ef16ae68d,soothe,当前四级词表及声明变体未直接匹配；不因此将六级词加入四级。
0d7b090d-9b70-4479-a2a1-1e4f34a4eec3,soothing,当前四级词表及声明变体未直接匹配；不因此将六级词加入四级。
3dc9ddd5-e866-490e-b62a-606848800c2c,accessory,当前四级词表及声明变体未直接匹配；不因此将六级词加入四级。
0884f042-1d0b-4e99-a5f0-324ead3df39a,anecdote,当前四级词表及声明变体未直接匹配；不因此将六级词加入四级。
a23acb62-2b79-45b7-8c8b-26ecb4107e28,patron,当前四级词表及声明变体未直接匹配；不因此将六级词加入四级。
0d9ac353-e704-49a0-ac08-f8b25f2681eb,patronize,当前四级词表及声明变体未直接匹配；不因此将六级词加入四级。
c6af92fe-3a6b-49c4-bd0f-8cde39fb3f1e,patronage,当前四级词表及声明变体未直接匹配；不因此将六级词加入四级。
e18bf949-35ff-4328-9736-81039377deb9,apt,当前四级词表及声明变体未直接匹配；不因此将六级词加入四级。
755b6d25-b72d-419b-91c9-00dd992f032b,radioactive,当前四级词表及声明变体未直接匹配；不因此将六级词加入四级。
583a7d7f-9e9f-4943-9823-49f77ce77106,radioactivity,当前四级词表及声明变体未直接匹配；不因此将六级词加入四级。
55de1655-ca9e-480d-bf49-e8917cc1db28,stereo,当前四级词表及声明变体未直接匹配；不因此将六级词加入四级。
d92e29f7-3d25-4dc7-89e6-9efeb20946e7,wither,当前四级词表及声明变体未直接匹配；不因此将六级词加入四级。
2c992179-8e1b-4b18-904b-6918a654e9c9,aesthetic,当前四级词表及声明变体未直接匹配；不因此将六级词加入四级。
963da01d-a9c5-4fba-aecc-3252ac2b94cc,aesthetics,当前四级词表及声明变体未直接匹配；不因此将六级词加入四级。
e8954793-9596-4419-b054-aa15933972df,submarine,当前四级词表及声明变体未直接匹配；不因此将六级词加入四级。
3e2f542c-a715-4a61-a359-fc412602746d,submerge,当前四级词表及声明变体未直接匹配；不因此将六级词加入四级。
a5302102-3ebd-4144-97af-114b326a4d5e,aftermath,当前四级词表及声明变体未直接匹配；不因此将六级词加入四级。
13f5010b-1cc9-4c86-8d47-1acfa517e776,peninsula,当前四级词表及声明变体未直接匹配；不因此将六级词加入四级。
1d702e65-43d2-48b8-b196-933613f93df4,ration,当前四级词表及声明变体未直接匹配；不因此将六级词加入四级。
d6c3e365-edf6-4318-9647-bb14be19592d,plausible,当前四级词表及声明变体未直接匹配；不因此将六级词加入四级。
f6aa18aa-9551-4d0d-8bd9-03c054657460,oppress,当前四级词表及声明变体未直接匹配；不因此将六级词加入四级。
8955b4d3-c440-47b0-b7fd-d3606c5545d5,oppression,当前四级词表及声明变体未直接匹配；不因此将六级词加入四级。
238f1a64-28ee-48b3-997e-3bf129040b53,oppressive,当前四级词表及声明变体未直接匹配；不因此将六级词加入四级。
b75dedf3-c5d7-4269-9749-0fd46c43da90,artery,当前四级词表及声明变体未直接匹配；不因此将六级词加入四级。
2a7260bc-6acb-4bc1-9b15-62eaabf7837c,segregate,当前四级词表及声明变体未直接匹配；不因此将六级词加入四级。
9040342c-cd8f-4131-8302-b1277253f3e1,segregation,当前四级词表及声明变体未直接匹配；不因此将六级词加入四级。
b8ebc5b5-54f4-4c31-8dd0-fd111248d1fa,segregated,当前四级词表及声明变体未直接匹配；不因此将六级词加入四级。
d1be15af-e80d-4579-a8cc-81ade2687fde,refund,当前四级词表及声明变体未直接匹配；不因此将六级词加入四级。
41b41bb3-78ff-4efa-b48c-34d4a1855751,swamp,当前四级词表及声明变体未直接匹配；不因此将六级词加入四级。
6eb13c41-6e45-41d3-8ebc-b399a1ec6746,testify,当前四级词表及声明变体未直接匹配；不因此将六级词加入四级。
071718f2-da92-4d47-aa40-5efc90e3b048,tragedian,当前四级词表及声明变体未直接匹配；不因此将六级词加入四级。
f7a0c1fe-7640-4202-880d-967b16c3c60a,advent,当前四级词表及声明变体未直接匹配；不因此将六级词加入四级。
49c240dc-af56-4d83-988e-6599b2476673,slum,当前四级词表及声明变体未直接匹配；不因此将六级词加入四级。
956efe54-96b2-4477-9ad4-b234201511c4,slump,当前四级词表及声明变体未直接匹配；不因此将六级词加入四级。
4a58b9df-ac28-4cca-949a-e0d542d75710,stall,当前四级词表及声明变体未直接匹配；不因此将六级词加入四级。
47226b1f-ec6a-4c40-866c-98974396012a,turmoil,当前四级词表及声明变体未直接匹配；不因此将六级词加入四级。
40a1d261-d6d5-44c9-852f-962ab570d8b0,leash,当前四级词表及声明变体未直接匹配；不因此将六级词加入四级。
173c7cda-84d2-4116-9a08-90f9eb554e48,unleash,当前四级词表及声明变体未直接匹配；不因此将六级词加入四级。
33f336a4-54ba-4eb5-8347-fad165d3931d,ambiguous,当前四级词表及声明变体未直接匹配；不因此将六级词加入四级。
baec101b-19df-42c6-b03e-06c49761899c,solidarity,当前四级词表及声明变体未直接匹配；不因此将六级词加入四级。
016d0887-e4fe-4b4c-8f40-3dc2a18528b9,solitary,当前四级词表及声明变体未直接匹配；不因此将六级词加入四级。
13ddb609-7596-45b9-9532-dc0e6ee20e16,solitude,当前四级词表及声明变体未直接匹配；不因此将六级词加入四级。
d6d86a02-0c15-4d7c-aa24-2e9258021c93,turbulent,当前四级词表及声明变体未直接匹配；不因此将六级词加入四级。
589ac11c-ed78-4bae-aab0-ba4c08807cef,turbulence,当前四级词表及声明变体未直接匹配；不因此将六级词加入四级。
e7e5e911-c95e-46ab-9219-eab74ff63b5c,vaccination,当前四级词表及声明变体未直接匹配；不因此将六级词加入四级。
fc46eba7-478c-4ecc-9a2b-6eafb442fc75,vaccinate,当前四级词表及声明变体未直接匹配；不因此将六级词加入四级。
07fc2e03-1025-47d8-bcb8-102b30db6a29,avert,当前四级词表及声明变体未直接匹配；不因此将六级词加入四级。
4b1750cc-14cf-457d-a539-171a9fe57e2b,warranty,当前四级词表及声明变体未直接匹配；不因此将六级词加入四级。
1fae820e-7383-479d-95c3-5fa26e55abb8,warrant,当前四级词表及声明变体未直接匹配；不因此将六级词加入四级。
ca48d0fc-3119-485a-94fc-5ce4b27609a7,abnormal,当前四级词表及声明变体未直接匹配；不因此将六级词加入四级。
43fbd724-750b-4bc1-8135-e1f18a78efc3,relic,当前四级词表及声明变体未直接匹配；不因此将六级词加入四级。
ac7aab71-8b50-45ae-a17b-65051d3b6742,addicted,当前四级词表及声明变体未直接匹配；不因此将六级词加入四级。
f7ed1c78-f639-41b8-8194-c4e2a2ebaf12,agony,当前四级词表及声明变体未直接匹配；不因此将六级词加入四级。
d6776a68-03cd-4629-9a44-2248fe33ff6c,allergic,当前四级词表及声明变体未直接匹配；不因此将六级词加入四级。
488a8251-89aa-4d47-9052-25d45a488ee7,parameter,当前四级词表及声明变体未直接匹配；不因此将六级词加入四级。
dc3ddbe9-3c29-4172-9bbf-d5309b7185b7,alloy,当前四级词表及声明变体未直接匹配；不因此将六级词加入四级。
cb347f4a-c9e8-4f9f-a6b7-97369f9c334b,amend,当前四级词表及声明变体未直接匹配；不因此将六级词加入四级。
98909896-f308-4011-aaf5-c4eb079b4e59,ordeal,当前四级词表及声明变体未直接匹配；不因此将六级词加入四级。
6aceaa33-1cae-4e36-8c8e-f163f729c2b7,appendix,当前四级词表及声明变体未直接匹配；不因此将六级词加入四级。
e44051fa-2c99-4d10-9268-a98c29b7f67b,articulate,当前四级词表及声明变体未直接匹配；不因此将六级词加入四级。
cd9d1d70-da82-4ec3-aa6b-405fa7380d02,assimilate,当前四级词表及声明变体未直接匹配；不因此将六级词加入四级。
83e103e1-e304-4a7c-be03-5f25388b4ecd,perfectly,当前四级词表及声明变体未直接匹配；不因此将六级词加入四级。
56a602a1-2eac-4a3d-a177-697fd83a6c68,imperfect,当前四级词表及声明变体未直接匹配；不因此将六级词加入四级。
23f95b36-e35d-489f-a9b7-5b82f3fd7f04,atlas,当前四级词表及声明变体未直接匹配；不因此将六级词加入四级。
e0c84d68-aeb0-4ae0-9cb3-2de3a83d43d1,barren,当前四级词表及声明变体未直接匹配；不因此将六级词加入四级。
a8bf7e84-300c-4a39-b762-ecc7231d31d7,acclaim,当前四级词表及声明变体未直接匹配；不因此将六级词加入四级。
f05a07f2-170b-4ac0-85a2-1ea9fec6db1f,animate,当前四级词表及声明变体未直接匹配；不因此将六级词加入四级。
2402eb84-5e3c-45d6-9e5f-394047895aab,barge,当前四级词表及声明变体未直接匹配；不因此将六级词加入四级。
74dc3215-b52f-405e-b0be-769116d8ca4e,benign,当前四级词表及声明变体未直接匹配；不因此将六级词加入四级。
a1968ac0-acc6-4118-8752-50d26019ab1e,benignly,当前四级词表及声明变体未直接匹配；不因此将六级词加入四级。
fd59c065-0a25-4621-bde0-354a6256a123,cluster,当前四级词表及声明变体未直接匹配；不因此将六级词加入四级。
3e745ff2-1a74-40a1-816c-55f6c3be96d6,caravan,当前四级词表及声明变体未直接匹配；不因此将六级词加入四级。
ed614a8c-bbee-4d76-8ab3-087c38cb6a77,detach,当前四级词表及声明变体未直接匹配；不因此将六级词加入四级。
078b94eb-0ff6-4345-9a03-b9a4b7dcb241,bruise,当前四级词表及声明变体未直接匹配；不因此将六级词加入四级。
4e09ee5c-3408-4d22-b617-4b9cf9220f25,chapel,当前四级词表及声明变体未直接匹配；不因此将六级词加入四级。
76424592-3d38-4658-81d0-35fdf8078164,buzz,当前四级词表及声明变体未直接匹配；不因此将六级词加入四级。
8a9eea27-944f-42ae-8e10-fa3e78ac250a,coincidence,当前四级词表及声明变体未直接匹配；不因此将六级词加入四级。
518dfcfd-da3a-4b0e-a22a-12eef7628cdd,compile,当前四级词表及声明变体未直接匹配；不因此将六级词加入四级。
e2ceb207-4cfd-4991-af54-c60dbf12cbc7,eradicate,当前四级词表及声明变体未直接匹配；不因此将六级词加入四级。
e34fe7f0-35ad-4a2d-96ee-52df5772008d,hum,当前四级词表及声明变体未直接匹配；不因此将六级词加入四级。
731bcd95-a474-4a56-816b-5932b8763b1f,delicacy,当前四级词表及声明变体未直接匹配；不因此将六级词加入四级。
7a07faec-3404-4c42-aea3-27d221a61a5b,escort,当前四级词表及声明变体未直接匹配；不因此将六级词加入四级。
05a40edd-ca71-4ac2-9f8d-816c47d07cc1,disregard,当前四级词表及声明变体未直接匹配；不因此将六级词加入四级。
96d6050f-5e3a-4912-9988-e77149591bab,divert,当前四级词表及声明变体未直接匹配；不因此将六级词加入四级。
2de6f552-f591-4c66-8f11-cf058c13a31e,complacent,当前四级词表及声明变体未直接匹配；不因此将六级词加入四级。
8192e1fe-e7a3-4875-8f8e-3a6bbc8c0fdc,dub,当前四级词表及声明变体未直接匹配；不因此将六级词加入四级。
eebde4c8-e265-48f0-a3c3-0ff7ceb658e3,emulate,当前四级词表及声明变体未直接匹配；不因此将六级词加入四级。
788a2256-43bf-4b7e-ab10-45f3827cbbcf,emulation,当前四级词表及声明变体未直接匹配；不因此将六级词加入四级。
12715d7e-a23b-4515-b4a9-bd64e1cdb310,demographic,当前四级词表及声明变体未直接匹配；不因此将六级词加入四级。
7738c190-d62d-45db-bc79-335797a5a7f0,fabricate,当前四级词表及声明变体未直接匹配；不因此将六级词加入四级。
25f49117-98c7-4347-8fec-15331e7f3617,fabrication,当前四级词表及声明变体未直接匹配；不因此将六级词加入四级。
a27109bc-c759-477b-9970-20a9da892694,dodge,当前四级词表及声明变体未直接匹配；不因此将六级词加入四级。
7fd50798-9b78-4502-af17-9e93f7e34b21,disposition,当前四级词表及声明变体未直接匹配；不因此将六级词加入四级。
267c7086-1fd4-4a34-944a-13d85d6c8532,friction,当前四级词表及声明变体未直接匹配；不因此将六级词加入四级。
956d86ef-c90c-4b8f-bda2-9b9bd5f0b1a8,furious,当前四级词表及声明变体未直接匹配；不因此将六级词加入四级。
6735b213-80ca-4659-8a30-0555219cad48,fury,当前四级词表及声明变体未直接匹配；不因此将六级词加入四级。
956ca3e4-66ff-4466-92bc-7c9b9fe57c2b,brisk,当前四级词表及声明变体未直接匹配；不因此将六级词加入四级。
8818ebae-1ad2-4fe9-a3ea-bbf7bf06943b,cripple,当前四级词表及声明变体未直接匹配；不因此将六级词加入四级。
ba1da737-f9dd-42d4-b7f9-4135c649bd4f,constrain,当前四级词表及声明变体未直接匹配；不因此将六级词加入四级。
0a907070-7814-4e4c-8ea4-2741db23ed0e,detriment,当前四级词表及声明变体未直接匹配；不因此将六级词加入四级。
a06bf2da-ce28-4dde-b615-7fcf86c41119,detrimental,当前四级词表及声明变体未直接匹配；不因此将六级词加入四级。
9eb46f1f-7ef9-4ee9-ab40-28f1e07a51d5,genre,当前四级词表及声明变体未直接匹配；不因此将六级词加入四级。
bc39234a-f982-4a40-be9a-56b20263b654,confer,当前四级词表及声明变体未直接匹配；不因此将六级词加入四级。
32c215a4-739b-4082-8405-b1fb3bec0090,undress,当前四级词表及声明变体未直接匹配；不因此将六级词加入四级。
32b4b84b-158a-4fe0-9096-febcf2111213,dressing,当前四级词表及声明变体未直接匹配；不因此将六级词加入四级。
92ca3910-e09b-4780-b1cf-61e299095181,carton,当前四级词表及声明变体未直接匹配；不因此将六级词加入四级。
348481c0-fac1-4b14-8357-f5f990edd5a4,havoc,当前四级词表及声明变体未直接匹配；不因此将六级词加入四级。
17762242-0b91-4998-a259-5c61829cafa8,intuition,当前四级词表及声明变体未直接匹配；不因此将六级词加入四级。
2af7f041-db3f-4977-bbe1-be66d8c4782f,intuitive,当前四级词表及声明变体未直接匹配；不因此将六级词加入四级。
42e75f21-cecf-4d12-8ba4-ba248d939a69,divine,当前四级词表及声明变体未直接匹配；不因此将六级词加入四级。
2c437c71-8685-468b-8cc7-3288f161870d,hitherto,当前四级词表及声明变体未直接匹配；不因此将六级词加入四级。
e6da6705-5245-4dcf-a705-1b093d0c17fa,dwarf,当前四级词表及声明变体未直接匹配；不因此将六级词加入四级。
d0020ee3-b354-48d1-a2aa-f8add52fe8fc,hockey,当前四级词表及声明变体未直接匹配；不因此将六级词加入四级。
ff397c7f-9bda-44b1-99b0-29f354382aac,capsule,当前四级词表及声明变体未直接匹配；不因此将六级词加入四级。
1872289a-71da-434b-b52b-2dc12a5cb7f4,caption,当前四级词表及声明变体未直接匹配；不因此将六级词加入四级。
b538be5d-6ae0-41b1-ba18-10c2c7b51154,integral,当前四级词表及声明变体未直接匹配；不因此将六级词加入四级。
c68091ee-d613-4930-bf69-1234b6ff5f36,escalate,当前四级词表及声明变体未直接匹配；不因此将六级词加入四级。
2baad950-fe15-4ce1-9133-84193a28b152,escalation,当前四级词表及声明变体未直接匹配；不因此将六级词加入四级。
8d559b75-e096-4bc2-a65a-29011cdbfead,complexion,当前四级词表及声明变体未直接匹配；不因此将六级词加入四级。
e24e9332-3fb1-430d-a9eb-0599226bd280,humane,当前四级词表及声明变体未直接匹配；不因此将六级词加入四级。
c95ee6d4-d662-4503-ad54-81299f10ef85,humanist,当前四级词表及声明变体未直接匹配；不因此将六级词加入四级。
06bbd20d-306c-4666-a077-a75c7552707f,humanism,当前四级词表及声明变体未直接匹配；不因此将六级词加入四级。
fac51b58-a2ed-4858-ab36-df32e86d5c88,humanitarian,当前四级词表及声明变体未直接匹配；不因此将六级词加入四级。
63c8fb17-9d3f-4916-9681-e8f41b33e078,continuing,当前四级词表及声明变体未直接匹配；不因此将六级词加入四级。
05c7dc75-2525-424a-ac8a-7fb3509818f8,icon,当前四级词表及声明变体未直接匹配；不因此将六级词加入四级。
3d298ad5-2d3f-47fa-a777-8ab388b4b2ae,fracture,当前四级词表及声明变体未直接匹配；不因此将六级词加入四级。
02422498-21ca-427c-bdcc-52668f43a0b3,fragile,当前四级词表及声明变体未直接匹配；不因此将六级词加入四级。
9b04161f-9744-4a69-b2db-e4030470e771,fragility,当前四级词表及声明变体未直接匹配；不因此将六级词加入四级。
c74b4b3e-d7e0-43c0-9e71-d5df04389228,ignite,当前四级词表及声明变体未直接匹配；不因此将六级词加入四级。
b76cd01e-fb2d-4407-b80b-8bc454552b17,ignition,当前四级词表及声明变体未直接匹配；不因此将六级词加入四级。
b6160f6b-1e35-4a7f-8ed6-7371ec29f086,immerse,当前四级词表及声明变体未直接匹配；不因此将六级词加入四级。
ef050b69-e086-470c-aa3f-ace9fb62cdbb,immersion,当前四级词表及声明变体未直接匹配；不因此将六级词加入四级。
03e2db6c-14f2-49a1-a374-93851426727f,indefinite,当前四级词表及声明变体未直接匹配；不因此将六级词加入四级。
211c7613-b40c-437e-a794-2827fb89d860,habitually,当前四级词表及声明变体未直接匹配；不因此将六级词加入四级。
4b776e88-b933-4724-86b9-cd19c154d0d8,intersection,当前四级词表及声明变体未直接匹配；不因此将六级词加入四级。
67ee655f-6a56-490c-940a-d842d980268f,intervene,当前四级词表及声明变体未直接匹配；不因此将六级词加入四级。
52908f49-6dd8-4b59-a2fd-284f3a9549de,intervention,当前四级词表及声明变体未直接匹配；不因此将六级词加入四级。
f09cc6fa-6947-441a-8195-5a0f91772bd3,contemplate,当前四级词表及声明变体未直接匹配；不因此将六级词加入四级。
8bfa31b3-85e3-47bc-811d-9c8428c3a2a3,mandate,当前四级词表及声明变体未直接匹配；不因此将六级词加入四级。
38acf722-55df-4f07-9786-1130a6bd0e43,mandatory,当前四级词表及声明变体未直接匹配；不因此将六级词加入四级。
1b535fb6-de2d-4501-95f2-a2d6a8683366,juvenile,当前四级词表及声明变体未直接匹配；不因此将六级词加入四级。
e470e02f-9aa9-4139-a57d-7aa34b557d9a,discrepancy,当前四级词表及声明变体未直接匹配；不因此将六级词加入四级。
e440fa1e-744d-4496-930e-89e8970c8759,inventive,当前四级词表及声明变体未直接匹配；不因此将六级词加入四级。
7fa5f7a8-bf61-4e83-a5bb-dfa82aec58f9,inventory,当前四级词表及声明变体未直接匹配；不因此将六级词加入四级。
646c0769-b9f9-4b22-8f8e-05b2d9301657,compartment,当前四级词表及声明变体未直接匹配；不因此将六级词加入四级。
c5a1f118-85d2-4829-92eb-fea4a7ca8717,loop,当前四级词表及声明变体未直接匹配；不因此将六级词加入四级。
78371c09-7fc4-4b3d-9234-07a6d7df2e36,lottery,当前四级词表及声明变体未直接匹配；不因此将六级词加入四级。
6ea0efb9-699b-47fa-81ef-dfb352559599,lucrative,当前四级词表及声明变体未直接匹配；不因此将六级词加入四级。
f141733b-5dc0-4f0d-a258-1ab5fbc6714c,magnitude,当前四级词表及声明变体未直接匹配；不因此将六级词加入四级。
e76a5f5e-6245-475f-9731-30d8bf54c317,injection,当前四级词表及声明变体未直接匹配；不因此将六级词加入四级。
7632731a-d19e-4ea5-ad4b-f547d00f1248,inject,当前四级词表及声明变体未直接匹配；不因此将六级词加入四级。
55f9eb8c-030f-4a90-94e6-e1680f7ebf43,malignant,当前四级词表及声明变体未直接匹配；不因此将六级词加入四级。
abc2559b-3b58-490e-b27d-d1690ae20517,malpractice,当前四级词表及声明变体未直接匹配；不因此将六级词加入四级。
efc77c94-63d1-4cae-a07a-48315581b54f,mar,当前四级词表及声明变体未直接匹配；不因此将六级词加入四级。
cad8760c-d0d5-411a-a606-aa564f85eb76,restless,当前四级词表及声明变体未直接匹配；不因此将六级词加入四级。
1f2d45cc-2ed6-441e-83e1-df94421cbf94,nominal,当前四级词表及声明变体未直接匹配；不因此将六级词加入四级。
bdb630b9-ae0d-472d-be29-cec73bd698c9,disobey,当前四级词表及声明变体未直接匹配；不因此将六级词加入四级。
9d333555-d4ee-4cf1-94ec-051596b20d54,remnant,当前四级词表及声明变体未直接匹配；不因此将六级词加入四级。
6349a294-4eb5-4dba-8367-39ed4ecc6159,mourn,当前四级词表及声明变体未直接匹配；不因此将六级词加入四级。
cd8dd5a3-b3c1-4a61-a436-8136a6ef6168,offence,当前四级词表及声明变体未直接匹配；不因此将六级词加入四级。
7d2ab812-81cd-479c-8115-1fdb6e49a086,physiological,当前四级词表及声明变体未直接匹配；不因此将六级词加入四级。
a167dfab-2643-4291-845c-78a32d3d1d33,ponder,当前四级词表及声明变体未直接匹配；不因此将六级词加入四级。
9e7ca995-c03f-473b-a7fb-133e90330ce6,obscure,当前四级词表及声明变体未直接匹配；不因此将六级词加入四级。
9da44b1b-472f-4b74-9fa7-6be296d91bfe,obscurity,当前四级词表及声明变体未直接匹配；不因此将六级词加入四级。
a63cb129-cf45-4602-bc09-ff429d24a2a3,premature,当前四级词表及声明变体未直接匹配；不因此将六级词加入四级。
2f83a3c8-5939-449d-b571-276b6b7cae98,potent,当前四级词表及声明变体未直接匹配；不因此将六级词加入四级。
9e58427e-4302-4d37-9bf0-b37df8bffd57,quartz,当前四级词表及声明变体未直接匹配；不因此将六级词加入四级。
8a7b0a72-91d9-4b58-9a7b-8d0bc87085f4,smuggle,当前四级词表及声明变体未直接匹配；不因此将六级词加入四级。
f5188523-e5aa-4c7f-b569-35fabf59e897,smuggling,当前四级词表及声明变体未直接匹配；不因此将六级词加入四级。
fe5c9d18-6fe3-4f4d-b3e1-d6f278abc3d3,smuggler,当前四级词表及声明变体未直接匹配；不因此将六级词加入四级。
342bd78f-cd46-41df-ba1b-b06c00c58583,racket,当前四级词表及声明变体未直接匹配；不因此将六级词加入四级。
e45f74a2-51c3-4744-bde0-ce5accc1f415,reconcile,当前四级词表及声明变体未直接匹配；不因此将六级词加入四级。
a50d8b28-d501-4aa0-adba-07f122c4d149,reconciliation,当前四级词表及声明变体未直接匹配；不因此将六级词加入四级。
8ddc8216-7b1c-46c6-b9e0-e98c56c0a567,reconciliatory,当前四级词表及声明变体未直接匹配；不因此将六级词加入四级。
d4dc8d81-8cb0-4a25-bfe3-6af76d041595,module,当前四级词表及声明变体未直接匹配；不因此将六级词加入四级。
907da6bb-5799-4687-98cd-5e2579224be8,rhetoric,当前四级词表及声明变体未直接匹配；不因此将六级词加入四级。
c0d1d5d4-85d5-4528-863b-4aad2f402ef2,rhetorical,当前四级词表及声明变体未直接匹配；不因此将六级词加入四级。
c1558ecb-fe39-4f0f-8111-58a78e562937,arena,当前四级词表及声明变体未直接匹配；不因此将六级词加入四级。
9889bd22-affd-4e84-b7e3-391ec0fa3d70,sanitation,当前四级词表及声明变体未直接匹配；不因此将六级词加入四级。
d4e5781b-38bf-4eb5-85d2-194a040f6aba,sanitary,当前四级词表及声明变体未直接匹配；不因此将六级词加入四级。
385764df-064b-4c02-b5a0-fa2c7040fd1f,ritual,当前四级词表及声明变体未直接匹配；不因此将六级词加入四级。
60834b90-744e-4017-bab1-efd5ed4366a4,mentor,当前四级词表及声明变体未直接匹配；不因此将六级词加入四级。
dccc8358-02a8-4a71-8e90-210231376986,savage,当前四级词表及声明变体未直接匹配；不因此将六级词加入四级。
4b10b31e-b3dc-429c-8537-cbb59b24e2b4,scrutiny,当前四级词表及声明变体未直接匹配；不因此将六级词加入四级。
df2345d3-0771-4184-aca4-c28b1ce64025,scrutinize,当前四级词表及声明变体未直接匹配；不因此将六级词加入四级。
c29f095c-61b9-4e48-8d91-5e3ca3105cb1,overturn,当前四级词表及声明变体未直接匹配；不因此将六级词加入四级。
503ac91d-3a06-4d4f-85e1-d676e2143e1e,sentiment,当前四级词表及声明变体未直接匹配；不因此将六级词加入四级。
2df0b66c-11bf-4cb7-bda9-4fdfa01d5839,sentimental,当前四级词表及声明变体未直接匹配；不因此将六级词加入四级。
2a59bb3f-a348-46b6-8d43-318295cb9f1f,whereby,当前四级词表及声明变体未直接匹配；不因此将六级词加入四级。
4480db98-93d2-459a-9839-a9f0e6860866,airborne,当前四级词表及声明变体未直接匹配；不因此将六级词加入四级。
287366d2-ab2f-47d2-ae3d-a176063c873b,nurture,当前四级词表及声明变体未直接匹配；不因此将六级词加入四级。
df137463-1123-41f6-bb9f-17dabf68f497,shark,当前四级词表及声明变体未直接匹配；不因此将六级词加入四级。
0652abcf-b677-419e-a185-5a901c250e2f,revive,当前四级词表及声明变体未直接匹配；不因此将六级词加入四级。
e53b7c02-792a-4423-b6c6-9436713694f2,revival,当前四级词表及声明变体未直接匹配；不因此将六级词加入四级。
18ca103d-f46e-40d2-a526-a88b50fd60eb,shatter,当前四级词表及声明变体未直接匹配；不因此将六级词加入四级。
1f5bb3cc-a103-4049-b9bf-66e8f6945351,optimum,当前四级词表及声明变体未直接匹配；不因此将六级词加入四级。
45e86ed2-f0fa-4bac-9da2-5bb88e942ba0,optimal,当前四级词表及声明变体未直接匹配；不因此将六级词加入四级。
350e4dcc-efcd-4198-84b9-368b962ec1cb,ail,当前四级词表及声明变体未直接匹配；不因此将六级词加入四级。
89088d31-80bb-450c-ba18-e2942ea7ef57,ailment,当前四级词表及声明变体未直接匹配；不因此将六级词加入四级。
800eb4d0-ee0e-4a41-8449-668276049cbd,requisite,当前四级词表及声明变体未直接匹配；不因此将六级词加入四级。
265a32dc-585e-444f-ba48-4f13f672ffc9,prerequisite,当前四级词表及声明变体未直接匹配；不因此将六级词加入四级。
58ee379c-9b3c-4cde-99cc-ccce2f674712,ventilate,当前四级词表及声明变体未直接匹配；不因此将六级词加入四级。
f2a7568f-dd6e-4ca4-8070-5b7fee3a6d41,ventilation,当前四级词表及声明变体未直接匹配；不因此将六级词加入四级。
94e79b72-4541-499a-aa0a-30b2f5194ca3,spectacle,当前四级词表及声明变体未直接匹配；不因此将六级词加入四级。
5c21466d-f934-4568-88b3-2b9bcc6e2145,spectrum,当前四级词表及声明变体未直接匹配；不因此将六级词加入四级。
ac6c8264-c078-434b-8d5f-c5ee664abc9a,alternate,当前四级词表及声明变体未直接匹配；不因此将六级词加入四级。
57bf409a-af3a-4828-baf4-769a119a1b9c,alternation,当前四级词表及声明变体未直接匹配；不因此将六级词加入四级。
4f70b2b9-649b-4295-8c60-9eba3e1118bf,alternately,当前四级词表及声明变体未直接匹配；不因此将六级词加入四级。
0d9986ef-d47b-469e-9c14-62c79c7cc274,trivial,当前四级词表及声明变体未直接匹配；不因此将六级词加入四级。
b864df3d-bd0b-453f-a82e-5fea41ec8ee5,absurd,当前四级词表及声明变体未直接匹配；不因此将六级词加入四级。
2da76ded-0e0d-4a74-a615-560615c8b4f6,sprawl,当前四级词表及声明变体未直接匹配；不因此将六级词加入四级。
d76383bc-fcb8-4286-a06e-c81b74e5c939,radiate,当前四级词表及声明变体未直接匹配；不因此将六级词加入四级。
e243f1a0-c844-4c2e-b852-38b44424e0ca,subjectively,当前四级词表及声明变体未直接匹配；不因此将六级词加入四级。
6f8b9a43-f220-4ebb-a739-89f7b167cc6f,recede,当前四级词表及声明变体未直接匹配；不因此将六级词加入四级。
652245a3-6347-4c16-8daa-6da992448018,subordinate,当前四级词表及声明变体未直接匹配；不因此将六级词加入四级。
7ca88f82-b85c-4c1f-bad0-f63499f420bc,subordination,当前四级词表及声明变体未直接匹配；不因此将六级词加入四级。
fe01e511-34b1-4939-865b-f0422f3e9d59,rape,当前四级词表及声明变体未直接匹配；不因此将六级词加入四级。
79b06973-683a-472e-ab87-9fa439831319,surveillance,当前四级词表及声明变体未直接匹配；不因此将六级词加入四级。
508bce88-e602-4e6f-87d6-ce0d31802605,perpetual,当前四级词表及声明变体未直接匹配；不因此将六级词加入四级。
bc4dc4c3-2613-4b76-81d4-2e6f6eb9c1b9,stapler,当前四级词表及声明变体未直接匹配；不因此将六级词加入四级。
2aed6cf8-d371-4141-a088-82add956d406,tract,当前四级词表及声明变体未直接匹配；不因此将六级词加入四级。
b70c1798-0be0-4afd-a744-acdc783ed4ad,stubborn,当前四级词表及声明变体未直接匹配；不因此将六级词加入四级。
5cc4aca6-6490-42f6-85de-7b9a4937cbe2,slam,当前四级词表及声明变体未直接匹配；不因此将六级词加入四级。
6bff67cb-7661-487b-92a1-19af63c8d300,trek,当前四级词表及声明变体未直接匹配；不因此将六级词加入四级。
0f9bd542-d217-4a7d-ac89-11c20574c4ef,shield,当前四级词表及声明变体未直接匹配；不因此将六级词加入四级。
c491775c-2f86-447d-8ca2-a52ae718277f,trophy,当前四级词表及声明变体未直接匹配；不因此将六级词加入四级。
9fa475dd-abc1-4f1b-8ae6-8f9845f1e8d0,ultra,当前四级词表及声明变体未直接匹配；不因此将六级词加入四级。
53914142-8814-49b8-abc9-07aedc128019,ascribe,当前四级词表及声明变体未直接匹配；不因此将六级词加入四级。
e22a5652-743e-48ef-9a83-772efc87cfed,recur,当前四级词表及声明变体未直接匹配；不因此将六级词加入四级。
eff7d9e6-bda4-4c57-a9a0-62466668a8c2,recurrence,当前四级词表及声明变体未直接匹配；不因此将六级词加入四级。
bab53832-6ba9-49c3-bd34-258cff3a1f85,suppress,当前四级词表及声明变体未直接匹配；不因此将六级词加入四级。
dfe29ac3-750f-4bbd-9faa-e88870ea4ed2,suppression,当前四级词表及声明变体未直接匹配；不因此将六级词加入四级。
bfebc1e8-8a65-4c3e-ad21-d384195ca89e,suppressive,当前四级词表及声明变体未直接匹配；不因此将六级词加入四级。
38109377-0409-41f8-b551-7e4b3fc5ba5a,aide,当前四级词表及声明变体未直接匹配；不因此将六级词加入四级。
33af27cc-cd89-4df9-a365-f38f1178f533,robber,当前四级词表及声明变体未直接匹配；不因此将六级词加入四级。
4972b4dd-a37f-40ad-ad29-c77fbdc4e9b6,wardrobe,当前四级词表及声明变体未直接匹配；不因此将六级词加入四级。
c58d1083-fbd3-49db-8671-5424d2f3b8b0,swap,当前四级词表及声明变体未直接匹配；不因此将六级词加入四级。
3da3c104-b18d-4b98-966f-f4d2778e5f60,vicinity,当前四级词表及声明变体未直接匹配；不因此将六级词加入四级。
1c62aacb-5908-4298-8700-e65030596549,yearn,当前四级词表及声明变体未直接匹配；不因此将六级词加入四级。
85084060-5765-4b30-bf7f-469b6dfb727a,yearning,当前四级词表及声明变体未直接匹配；不因此将六级词加入四级。
3970c5ca-3094-4b47-a869-9ace021c8c2d,adore,当前四级词表及声明变体未直接匹配；不因此将六级词加入四级。
c0066b6b-0569-4c7d-9a15-0711a22a9141,afflict,当前四级词表及声明变体未直接匹配；不因此将六级词加入四级。
5c8a96b1-9a95-4a05-9543-41048521a6da,trickle,当前四级词表及声明变体未直接匹配；不因此将六级词加入四级。
1c424e43-de5c-46d9-afef-56c81ab4aa08,affiliate,当前四级词表及声明变体未直接匹配；不因此将六级词加入四级。
303ae067-ad8c-452e-88f1-e2b778d71b7f,affix,当前四级词表及声明变体未直接匹配；不因此将六级词加入四级。
71ed2f08-7d07-439c-b840-c5532a93ea72,affixation,当前四级词表及声明变体未直接匹配；不因此将六级词加入四级。
50884744-2811-4fc0-861f-d99812a94944,trumpet,当前四级词表及声明变体未直接匹配；不因此将六级词加入四级。
76a5d334-61cc-474d-b24d-36e140b1b514,trumpeter,当前四级词表及声明变体未直接匹配；不因此将六级词加入四级。
71cff60c-c584-461b-9899-6fa5326048d4,akin,当前四级词表及声明变体未直接匹配；不因此将六级词加入四级。
44fef064-0bd9-4775-bb77-a9bd09d2374c,allot,当前四级词表及声明变体未直接匹配；不因此将六级词加入四级。
b621a398-73bb-4da9-907b-c70431fbb91b,allotment,当前四级词表及声明变体未直接匹配；不因此将六级词加入四级。
20b665f1-dc6c-41f3-86d5-d7c219b05eb2,suffice,当前四级词表及声明变体未直接匹配；不因此将六级词加入四级。
2fbb6883-28fb-49a7-a88f-ee8a44bb9302,unprepared,当前四级词表及声明变体未直接匹配；不因此将六级词加入四级。
8f1a7135-e75f-48f1-8282-0df1114eda28,conceit,当前四级词表及声明变体未直接匹配；不因此将六级词加入四级。
f7662a15-76e2-4ee8-b0e3-d24ec3c17c3a,conceited,当前四级词表及声明变体未直接匹配；不因此将六级词加入四级。
c524ebfb-1482-4f2b-8c63-93cdb87ad82d,arrogant,当前四级词表及声明变体未直接匹配；不因此将六级词加入四级。
9064b6d8-46f7-486a-bc49-64ee5b536ba1,arrogance,当前四级词表及声明变体未直接匹配；不因此将六级词加入四级。
0d6705d1-19c8-48c6-9eb4-00b646dd75ab,ascend,当前四级词表及声明变体未直接匹配；不因此将六级词加入四级。
5028dd9b-b8a6-4875-8451-fd8303206cd1,abortion,当前四级词表及声明变体未直接匹配；不因此将六级词加入四级。
1bd11949-af31-45da-8918-87eec4eb5a2b,abort,当前四级词表及声明变体未直接匹配；不因此将六级词加入四级。
6ea59938-d611-483a-8712-e92664931437,assassinate,当前四级词表及声明变体未直接匹配；不因此将六级词加入四级。
90cbf0da-a4dd-418d-ace0-6decc8447ebf,assassin,当前四级词表及声明变体未直接匹配；不因此将六级词加入四级。
ced149f8-5219-4445-9678-a8be3641fff8,assassination,当前四级词表及声明变体未直接匹配；不因此将六级词加入四级。
269cbe8f-8ba0-425e-93bc-577a56a865bd,bibliography,当前四级词表及声明变体未直接匹配；不因此将六级词加入四级。
33e10614-5a0c-4546-9d8c-1b997bd08ccd,dome,当前四级词表及声明变体未直接匹配；不因此将六级词加入四级。
ee0ca65c-b161-4412-ba87-d9d62f080841,cape,当前四级词表及声明变体未直接匹配；不因此将六级词加入四级。
f39815fc-d691-4ff0-98e2-ffebc09e5003,closet,当前四级词表及声明变体未直接匹配；不因此将六级词加入四级。
45d819eb-2fd1-485f-a885-50caabe17c29,besiege,当前四级词表及声明变体未直接匹配；不因此将六级词加入四级。
cf4cd5d4-ea6f-42ad-a1dc-63c43c4e9e96,blackmail,当前四级词表及声明变体未直接匹配；不因此将六级词加入四级。
4de46233-0212-443c-8ddb-2d737dd0db11,credentials,当前四级词表及声明变体未直接匹配；不因此将六级词加入四级。
65f61451-b03d-456c-a3fb-bd6c641b795e,credential,当前四级词表及声明变体未直接匹配；不因此将六级词加入四级。
2d0543b9-7886-494f-80fc-30ebdf757047,credible,当前四级词表及声明变体未直接匹配；不因此将六级词加入四级。
a68adc4a-4f82-4320-bbad-eac3eff95296,credibility,当前四级词表及声明变体未直接匹配；不因此将六级词加入四级。
3dc516ce-86fa-40e4-9548-769ada56bbe8,dispatch,当前四级词表及声明变体未直接匹配；不因此将六级词加入四级。
5d94a86e-3116-4302-bb53-1a83749d21ef,augment,当前四级词表及声明变体未直接匹配；不因此将六级词加入四级。
2129430f-6d5e-4461-9131-072515ed9a93,augmentation,当前四级词表及声明变体未直接匹配；不因此将六级词加入四级。
58fb56ce-df15-45ee-b584-8ac038895395,comic,当前四级词表及声明变体未直接匹配；不因此将六级词加入四级。
fe078c49-1756-4620-a7f4-6c62ccbf6c1a,canoe,当前四级词表及声明变体未直接匹配；不因此将六级词加入四级。
3d697b8f-5072-4429-8adc-06f3171af235,canoeist,当前四级词表及声明变体未直接匹配；不因此将六级词加入四级。
dfc2abe2-15ba-4f32-b31a-abf462bc258b,Catholic,当前四级词表及声明变体未直接匹配；不因此将六级词加入四级。
e3066e13-85e4-413b-bd9a-ee0707fb8fca,ceramic,当前四级词表及声明变体未直接匹配；不因此将六级词加入四级。
be66a5ce-37a5-4129-acba-5a25d364bd21,auxiliary,当前四级词表及声明变体未直接匹配；不因此将六级词加入四级。
079051a9-1caf-4696-a483-c3480e52ee5d,destiny,当前四级词表及声明变体未直接匹配；不因此将六级词加入四级。
6001df51-e989-4698-93ec-515ac7f5bd48,destined,当前四级词表及声明变体未直接匹配；不因此将六级词加入四级。
860bfaba-5560-467d-9ab9-17e752f2a08d,chord,当前四级词表及声明变体未直接匹配；不因此将六级词加入四级。
ff7cd931-b3e9-403e-b1d3-bdc1eacd0788,buffalo,当前四级词表及声明变体未直接匹配；不因此将六级词加入四级。
a26db9b0-055f-4c03-9191-f82436cfaf8d,cosmetic,当前四级词表及声明变体未直接匹配；不因此将六级词加入四级。
d100c1a2-70ba-4a38-88d8-fbac57c35ef7,concede,当前四级词表及声明变体未直接匹配；不因此将六级词加入四级。
611a4a07-ed91-4155-a28e-ca53e1d641c2,concession,当前四级词表及声明变体未直接匹配；不因此将六级词加入四级。
e6c6eb87-2146-476e-8737-2089d9249282,benevolent,当前四级词表及声明变体未直接匹配；不因此将六级词加入四级。
79c02de4-d436-4b29-8193-db0b08c68058,benevolence,当前四级词表及声明变体未直接匹配；不因此将六级词加入四级。
8ce34d3b-ed6d-47f2-b81b-df18bf850836,console,当前四级词表及声明变体未直接匹配；不因此将六级词加入四级。
1c8ec43c-4b6f-46b1-8bd3-cfafc4629930,consolation,当前四级词表及声明变体未直接匹配；不因此将六级词加入四级。
b2f4c29a-f287-496f-b1cd-a3f031b2575d,devour,当前四级词表及声明变体未直接匹配；不因此将六级词加入四级。
2d801f1c-d710-41ef-be71-ff6418e65cab,dart,当前四级词表及声明变体未直接匹配；不因此将六级词加入四级。
de1be7fa-73aa-42b3-85de-5d76d46c8a4c,contagious,当前四级词表及声明变体未直接匹配；不因此将六级词加入四级。
371851ba-ad67-404e-bf68-42c4f9f56a54,contagion,当前四级词表及声明变体未直接匹配；不因此将六级词加入四级。
cd51261b-2bd1-49e3-9075-0afe71fabcd4,contagiously,当前四级词表及声明变体未直接匹配；不因此将六级词加入四级。
bd14a896-ad19-44eb-b8ea-9e9aa8111fa8,degenerate,当前四级词表及声明变体未直接匹配；不因此将六级词加入四级。
156077b1-672a-4936-9be6-334d158978e6,degeneration,当前四级词表及声明变体未直接匹配；不因此将六级词加入四级。
b63c2ea8-1951-4b37-975c-b1b257cac72d,denote,当前四级词表及声明变体未直接匹配；不因此将六级词加入四级。
b720e469-04c4-413a-bd4c-c27d508e5a68,denotation,当前四级词表及声明变体未直接匹配；不因此将六级词加入四级。
513ce9e8-86e9-4e72-bd70-d31ee9852498,clearing,当前四级词表及声明变体未直接匹配；不因此将六级词加入四级。
90eaa7b4-f0f1-4e3d-8836-08e3e27c5e5b,deviate,当前四级词表及声明变体未直接匹配；不因此将六级词加入四级。
a2144926-aba3-4c21-86b5-7c6fafd401ac,deviation,当前四级词表及声明变体未直接匹配；不因此将六级词加入四级。
1d3e3cf7-7329-4503-bd24-6e96c2cb0338,blunt,当前四级词表及声明变体未直接匹配；不因此将六级词加入四级。
ce66e0a0-fa4b-4925-8df5-df7421924c16,configuration,当前四级词表及声明变体未直接匹配；不因此将六级词加入四级。
dbfbd421-f573-4b01-a08d-cab2ff220b75,differentiate,当前四级词表及声明变体未直接匹配；不因此将六级词加入四级。
53fdb7b8-6777-4d93-9eb8-4518de9ee1ec,differentiation,当前四级词表及声明变体未直接匹配；不因此将六级词加入四级。
a01530c6-ec83-446c-ab12-f7bf28c55c49,concise,当前四级词表及声明变体未直接匹配；不因此将六级词加入四级。
21c2df5a-b860-43a0-97c8-e6c91a7d11c7,dilute,当前四级词表及声明变体未直接匹配；不因此将六级词加入四级。
04f89f8c-3307-4f58-8d5f-692a71a3eb1b,dilution,当前四级词表及声明变体未直接匹配；不因此将六级词加入四级。
b3c67a6e-cbcb-449b-9a7d-baf8a74a9b8b,chancellor,当前四级词表及声明变体未直接匹配；不因此将六级词加入四级。
7f3aeefd-9501-431c-b18e-2e831e3ddc90,dispense,当前四级词表及声明变体未直接匹配；不因此将六级词加入四级。
cd334e9b-edab-4ea3-b6f1-7fc3728ee908,conceive,当前四级词表及声明变体未直接匹配；不因此将六级词加入四级。
ef625331-a691-448f-b71a-a3e184b45e9e,conception,当前四级词表及声明变体未直接匹配；不因此将六级词加入四级。
6a897092-ff3b-49da-a964-1cfd14b82a21,cardinal,当前四级词表及声明变体未直接匹配；不因此将六级词加入四级。
3dde0318-eac0-4905-a934-9578c173c136,deter,当前四级词表及声明变体未直接匹配；不因此将六级词加入四级。
80ef946c-3abc-446f-a6b4-63b33dae93f2,deterrent,当前四级词表及声明变体未直接匹配；不因此将六级词加入四级。
87029175-d72b-45e1-ac20-89f53b06e0c1,detergent,当前四级词表及声明变体未直接匹配；不因此将六级词加入四级。
2ebe9285-f6e3-42b2-951a-71f280ba8346,bass,当前四级词表及声明变体未直接匹配；不因此将六级词加入四级。
3db78d22-5fdb-4b7c-9fbc-09fb97270b5f,evoke,当前四级词表及声明变体未直接匹配；不因此将六级词加入四级。
88cf6b53-bf61-4297-b4ac-2bf6df0f8f91,counterfeit,当前四级词表及声明变体未直接匹配；不因此将六级词加入四级。
83e382be-8e87-430b-9ac9-f091266f4abb,counterfeiter,当前四级词表及声明变体未直接匹配；不因此将六级词加入四级。
559b3f32-0e27-433b-9486-9f84fbe54761,ego,当前四级词表及声明变体未直接匹配；不因此将六级词加入四级。
fa1fea6d-03f4-4d6a-abe6-98267c44a484,egoism,当前四级词表及声明变体未直接匹配；不因此将六级词加入四级。
451bf7bc-df25-4940-a69b-1f8db4c7a1ee,egoist,当前四级词表及声明变体未直接匹配；不因此将六级词加入四级。
7dc40f7b-a494-4e05-a8aa-12f014d6cb6a,breach,当前四级词表及声明变体未直接匹配；不因此将六级词加入四级。
3bfb14fd-37ec-4299-aba6-b52319a9dd57,eccentric,当前四级词表及声明变体未直接匹配；不因此将六级词加入四级。
f0f959df-3cae-4a44-8596-7aa0eec73991,derail,当前四级词表及声明变体未直接匹配；不因此将六级词加入四级。
6a174fda-2231-4aec-98e4-8c30a6095d00,derailment,当前四级词表及声明变体未直接匹配；不因此将六级词加入四级。
299962e2-ab0f-42d2-bbb7-119f1416dd0b,connotation,当前四级词表及声明变体未直接匹配；不因此将六级词加入四级。
9fcaea1b-3ddc-4f55-9fe9-cdb431d0cd2c,enact,当前四级词表及声明变体未直接匹配；不因此将六级词加入四级。
ff45acb8-8056-4a31-9a4d-6cac75376412,enactment,当前四级词表及声明变体未直接匹配；不因此将六级词加入四级。
3c5b496d-3332-44e3-8ab2-8ebc5556b82a,cemetery,当前四级词表及声明变体未直接匹配；不因此将六级词加入四级。
63abb5f6-ec5d-4326-a16d-ffcf2f1a6c8b,endow,当前四级词表及声明变体未直接匹配；不因此将六级词加入四级。
7f75f132-35a8-4d41-918c-fc67802fb0f5,endowment,当前四级词表及声明变体未直接匹配；不因此将六级词加入四级。
9379bdda-12b7-4439-b162-931decedb675,enlist,当前四级词表及声明变体未直接匹配；不因此将六级词加入四级。
104f314f-93e9-4d31-8678-c01209d87f3f,enlistment,当前四级词表及声明变体未直接匹配；不因此将六级词加入四级。
963b27d7-dfdf-475a-98be-096085070cfb,brink,当前四级词表及声明变体未直接匹配；不因此将六级词加入四级。
09f1eec8-1cf4-4578-9321-5e2b34475805,cuisine,当前四级词表及声明变体未直接匹配；不因此将六级词加入四级。
02facdb5-0c45-4101-a2a7-20ca24ee614d,trustful,当前四级词表及声明变体未直接匹配；不因此将六级词加入四级。
4110c2db-ae3e-4186-a4e1-e07c30a8fda8,trustfully,当前四级词表及声明变体未直接匹配；不因此将六级词加入四级。
f392b229-f3da-4d76-a8ad-a8e2a18c7a39,entrust,当前四级词表及声明变体未直接匹配；不因此将六级词加入四级。
88a3c648-c8a2-43da-9602-0182c16d3a2c,chronicle,当前四级词表及声明变体未直接匹配；不因此将六级词加入四级。
50c9486b-4169-418a-a59d-f4717d0de210,equate,当前四级词表及声明变体未直接匹配；不因此将六级词加入四级。
91f4d335-db72-44d0-9550-f78ea188f71e,equation,当前四级词表及声明变体未直接匹配；不因此将六级词加入四级。
bbe59fe1-7f5b-4c3c-9239-e79ecf9e2e04,directly,当前四级词表及声明变体未直接匹配；不因此将六级词加入四级。
d1739cb9-8f62-40a2-8c51-f5305c0514d2,indirect,当前四级词表及声明变体未直接匹配；不因此将六级词加入四级。
48bb1e81-9f09-4d23-92da-360550b6b276,erect,当前四级词表及声明变体未直接匹配；不因此将六级词加入四级。
eb1cde4c-957f-4489-924a-4a09c54fbb9e,erection,当前四级词表及声明变体未直接匹配；不因此将六级词加入四级。
9e1da1cc-9765-4f39-8bef-f55faf7d3ee2,denounce,当前四级词表及声明变体未直接匹配；不因此将六级词加入四级。
e85a667f-7507-480d-92e1-296a3ea1d6da,etiquette,当前四级词表及声明变体未直接匹配；不因此将六级词加入四级。
043564ec-5d34-48a0-9d14-d68214f6efd6,counteract,当前四级词表及声明变体未直接匹配；不因此将六级词加入四级。
e4007615-8d7e-481a-aa4e-5ac066375964,counteraction,当前四级词表及声明变体未直接匹配；不因此将六级词加入四级。
ce9b37a8-ad72-4956-8b88-6a331e0d62ba,evacuate,当前四级词表及声明变体未直接匹配；不因此将六级词加入四级。
01ba99a5-498c-4ee6-9a70-ece10a192e74,evacuation,当前四级词表及声明变体未直接匹配；不因此将六级词加入四级。
c9dc7047-da99-4126-8a86-32b7f2b56d93,dogma,当前四级词表及声明变体未直接匹配；不因此将六级词加入四级。
5a9b82f9-09a5-44dd-abf9-a7386a625807,dogmatic,当前四级词表及声明变体未直接匹配；不因此将六级词加入四级。
7415f669-71ec-420c-b073-6aa20017ce45,dread,当前四级词表及声明变体未直接匹配；不因此将六级词加入四级。
bafebf54-b733-4bd7-b0fe-3d45a025df0c,dreadful,当前四级词表及声明变体未直接匹配；不因此将六级词加入四级。
9f25cfc6-0a4e-44c0-9885-0682be6b67ad,exempt,当前四级词表及声明变体未直接匹配；不因此将六级词加入四级。
eb9c239b-019d-4a8e-8000-013e557f1ed3,exemption,当前四级词表及声明变体未直接匹配；不因此将六级词加入四级。
5746778c-685a-4835-ac51-2bd78eb94b21,downgrade,当前四级词表及声明变体未直接匹配；不因此将六级词加入四级。
e547a3fc-0bfe-4241-a628-e3dbbeb41411,downgrading,当前四级词表及声明变体未直接匹配；不因此将六级词加入四级。
d8792d31-f0e6-4fcc-b499-24c3e0046ab6,conspire,当前四级词表及声明变体未直接匹配；不因此将六级词加入四级。
65f9a4ba-0a88-4c53-a2a2-363ad420fb67,conspiracy,当前四级词表及声明变体未直接匹配；不因此将六级词加入四级。
4e9946c9-5675-4ef4-9be5-38db0c978da4,culminate,当前四级词表及声明变体未直接匹配；不因此将六级词加入四级。
40fad723-e8ee-473a-a749-3f91528cecc1,culmination,当前四级词表及声明变体未直接匹配；不因此将六级词加入四级。
1ea08456-2ab0-4f67-a7d7-767ce64fd14e,foe,当前四级词表及声明变体未直接匹配；不因此将六级词加入四级。
f7e11bfa-16df-4213-a0ac-54b5a483a483,extravagant,当前四级词表及声明变体未直接匹配；不因此将六级词加入四级。
c6186576-0d5f-4515-920b-5d84bdce3591,extravagance,当前四级词表及声明变体未直接匹配；不因此将六级词加入四级。
20b4df71-be45-4a83-bb48-1375fe9749b0,facet,当前四级词表及声明变体未直接匹配；不因此将六级词加入四级。
f62ad8a5-36e9-48f3-8b61-47e8fd7ce981,commend,当前四级词表及声明变体未直接匹配；不因此将六级词加入四级。
a5328c5f-e998-4e02-94da-df6aed94f3c6,eject,当前四级词表及声明变体未直接匹配；不因此将六级词加入四级。
6a451023-9191-4880-affc-46518ac70e3c,ejection,当前四级词表及声明变体未直接匹配；不因此将六级词加入四级。
16043d33-334f-4aa0-8f01-618a3e14df8c,disperse,当前四级词表及声明变体未直接匹配；不因此将六级词加入四级。
3ae69a1a-3f54-448f-9fe1-f8c9dcdc66cd,fitting,当前四级词表及声明变体未直接匹配；不因此将六级词加入四级。
71760c27-9bcc-4900-804e-7c402cf75ca9,flatter,当前四级词表及声明变体未直接匹配；不因此将六级词加入四级。
3cb6b4ba-4382-4957-becd-76b5a43fe65c,flattery,当前四级词表及声明变体未直接匹配；不因此将六级词加入四级。
d4be8681-a454-4f0b-b43e-95c7ab6e4a8f,deplore,当前四级词表及声明变体未直接匹配；不因此将六级词加入四级。
09b78cc8-b65d-438e-935d-74d0aea56502,flirt,当前四级词表及声明变体未直接匹配；不因此将六级词加入四级。
f82049e7-13c3-40c6-b02d-516864cd9812,flirtation,当前四级词表及声明变体未直接匹配；不因此将六级词加入四级。
28747f6f-d065-4d72-b27c-c1261819b844,canvas,当前四级词表及声明变体未直接匹配；不因此将六级词加入四级。
dad691f0-268b-4699-a968-3ded3ccf115d,folklore,当前四级词表及声明变体未直接匹配；不因此将六级词加入四级。
3ac6636c-45ed-4bea-8ac8-7c6a07a31874,lore,当前四级词表及声明变体未直接匹配；不因此将六级词加入四级。
3dde8e5b-0271-4bec-8e99-6f778e207a5c,furnished,当前四级词表及声明变体未直接匹配；不因此将六级词加入四级。
3ccbad3a-27a2-4a43-8753-19645c39a152,typhoon,当前四级词表及声明变体未直接匹配；不因此将六级词加入四级。
26fc89bd-806c-4ede-aa5d-51fc0e9874fd,heave,当前四级词表及声明变体未直接匹配；不因此将六级词加入四级。
7c3300ac-ec99-4353-a376-5fd2ba631537,galaxy,当前四级词表及声明变体未直接匹配；不因此将六级词加入四级。
c90dd1e8-ae56-430a-bb70-d39c70a98aeb,gland,当前四级词表及声明变体未直接匹配；不因此将六级词加入四级。
7b271073-bd2c-4217-9d13-f7d30d1ecde3,grope,当前四级词表及声明变体未直接匹配；不因此将六级词加入四级。
25600f8e-56ce-487f-869c-d8479bed121f,globalization,当前四级词表及声明变体未直接匹配；不因此将六级词加入四级。
1fac6a32-82f5-464c-ba78-23cb4213d59c,frightened,当前四级词表及声明变体未直接匹配；不因此将六级词加入四级。
a2194752-4862-4cfb-8394-f420c8399aab,frightening,当前四级词表及声明变体未直接匹配；不因此将六级词加入四级。
5abb9d14-10c3-410b-969e-901ad95ae7e2,scared,当前四级词表及声明变体未直接匹配；不因此将六级词加入四级。
08471d20-f541-4abd-a8cf-85711efa4343,hike,当前四级词表及声明变体未直接匹配；不因此将六级词加入四级。
96dd86ab-da91-4155-9301-841cdf902070,hurl,当前四级词表及声明变体未直接匹配；不因此将六级词加入四级。
9a9c3151-f02b-4391-a2bf-61e7ad604724,futile,当前四级词表及声明变体未直接匹配；不因此将六级词加入四级。
3054253c-2dc0-4bf7-9cc9-7b30fef73a58,futility,当前四级词表及声明变体未直接匹配；不因此将六级词加入四级。
1abe783d-3cee-4d6b-99d8-ec48448ac249,hurricane,当前四级词表及声明变体未直接匹配；不因此将六级词加入四级。
ae879790-b96b-4ba0-be0b-d3264d77139b,leaflet,当前四级词表及声明变体未直接匹配；不因此将六级词加入四级。
95b9c7f8-9e01-4f6f-ad6b-fb7eddbeb6fc,patiently,当前四级词表及声明变体未直接匹配；不因此将六级词加入四级。
d785e5a3-3360-4a6f-b49e-8f44a52cd683,impatiently,当前四级词表及声明变体未直接匹配；不因此将六级词加入四级。
02b9a718-abf9-4e00-b216-5871e9451edb,huddle,当前四级词表及声明变体未直接匹配；不因此将六级词加入四级。
31be864e-0edd-4697-b8c8-d5b87f5dfabd,fusion,当前四级词表及声明变体未直接匹配；不因此将六级词加入四级。
b8989a81-0f7f-4203-880c-e6b6b8667af4,inborn,当前四级词表及声明变体未直接匹配；不因此将六级词加入四级。
06327fe6-7193-4f0b-b583-003796ac9b35,bent,当前四级词表及声明变体未直接匹配；不因此将六级词加入四级。
a0ba5a76-c100-4a75-8f11-27fcbe414367,incumbent,当前四级词表及声明变体未直接匹配；不因此将六级词加入四级。
7dea366e-223d-4c40-80fd-15cf2b999ea4,monotony,当前四级词表及声明变体未直接匹配；不因此将六级词加入四级。
c126b8e3-f106-410b-b64c-f785d2d20b12,monotonous,当前四级词表及声明变体未直接匹配；不因此将六级词加入四级。
a3e626ad-db02-4101-9dea-c9449860bad6,indebted,当前四级词表及声明变体未直接匹配；不因此将六级词加入四级。
454ee7d8-f27a-424c-aa78-f8e0a2163779,indebtedness,当前四级词表及声明变体未直接匹配；不因此将六级词加入四级。
6e862b06-5a4d-4795-b146-4339283c75e2,foretell,当前四级词表及声明变体未直接匹配；不因此将六级词加入四级。
fb4c0d44-582e-4dc3-9c41-5d5853ad917a,foul,当前四级词表及声明变体未直接匹配；不因此将六级词加入四级。
6142a050-80ca-497d-ba3c-0c1067ee6910,imprison,当前四级词表及声明变体未直接匹配；不因此将六级词加入四级。
a07e7604-b1c4-47a6-97a5-5ca2be281176,imprisonment,当前四级词表及声明变体未直接匹配；不因此将六级词加入四级。
848c02e4-e38a-47b4-91e0-42681ccec092,intellect,当前四级词表及声明变体未直接匹配；不因此将六级词加入四级。
7b96ad4a-2609-46f7-a794-5f706ab47eab,intelligible,当前四级词表及声明变体未直接匹配；不因此将六级词加入四级。
081bd26d-06ba-412f-9f75-c5e69fea69b7,intricate,当前四级词表及声明变体未直接匹配；不因此将六级词加入四级。
0221473e-38b2-4891-9a9f-5e36ab6ff142,intricacy,当前四级词表及声明变体未直接匹配；不因此将六级词加入四级。
6d6192d7-5494-4522-9cf3-1ec884d8133d,naive,当前四级词表及声明变体未直接匹配；不因此将六级词加入四级。
dfd7c716-12de-4caf-8416-fabb2f632729,naivety,当前四级词表及声明变体未直接匹配；不因此将六级词加入四级。
63c8fb50-027d-4dcf-942d-ba9857e283f3,junction,当前四级词表及声明变体未直接匹配；不因此将六级词加入四级。
a0a42fa3-ea3b-46c8-b58f-6d2b0db8c6c8,landmark,当前四级词表及声明变体未直接匹配；不因此将六级词加入四级。
f0c52e6e-6bb4-417b-b573-9fef925477ad,lavish,当前四级词表及声明变体未直接匹配；不因此将六级词加入四级。
6b987c9f-2d9f-40a0-871a-307902cb8096,fringe,当前四级词表及声明变体未直接匹配；不因此将六级词加入四级。
9ec21112-1067-4431-9157-f52d73f9fd09,locomotive,当前四级词表及声明变体未直接匹配；不因此将六级词加入四级。
26ebe5da-2b07-4e64-b490-d3eecdd871d5,noteworthy,当前四级词表及声明变体未直接匹配；不因此将六级词加入四级。
7ddf7bc0-7c25-40d1-a2e0-c5f3f3cd45ab,lure,当前四级词表及声明变体未直接匹配；不因此将六级词加入四级。
7b1f5f17-4617-4659-b129-abf9678588cd,maritime,当前四级词表及声明变体未直接匹配；不因此将六级词加入四级。
35a9b75e-487d-4360-869c-ad75d3738c88,mediate,当前四级词表及声明变体未直接匹配；不因此将六级词加入四级。
27fb1e97-031a-4aba-98ce-344fbb7ccb5b,mediation,当前四级词表及声明变体未直接匹配；不因此将六级词加入四级。
88dfa73a-dc79-4a6c-9524-e02d06ad4f7b,mediator,当前四级词表及声明变体未直接匹配；不因此将六级词加入四级。
d2b518bf-95a0-4a9c-bf4e-e56c33f900aa,merchandise,当前四级词表及声明变体未直接匹配；不因此将六级词加入四级。
ba593b9d-2f17-4488-a6f4-6b0feb32cf6b,forfeit,当前四级词表及声明变体未直接匹配；不因此将六级词加入四级。
00af2392-4dec-45fc-89de-edda08cd2b93,forfeiture,当前四级词表及声明变体未直接匹配；不因此将六级词加入四级。
0edde139-4c15-4d05-a378-5897d8e2db35,irrespective,当前四级词表及声明变体未直接匹配；不因此将六级词加入四级。
e3e60389-2f1d-4a14-bdf0-9cc7000377a0,metaphor,当前四级词表及声明变体未直接匹配；不因此将六级词加入四级。
e164094d-f9cc-4488-acd6-2822efdae9d4,metaphorical,当前四级词表及声明变体未直接匹配；不因此将六级词加入四级。
948415a8-46b3-4417-b334-b1690af6f7c9,loft,当前四级词表及声明变体未直接匹配；不因此将六级词加入四级。
01c41fb2-bcea-4844-a9c8-d33057776fa0,lofty,当前四级词表及声明变体未直接匹配；不因此将六级词加入四级。
4c493359-47bc-4857-993c-c7480063db71,molecule,当前四级词表及声明变体未直接匹配；不因此将六级词加入四级。
2efb2a85-8b21-4e0f-b352-be8b0c4cb602,homogeneous,当前四级词表及声明变体未直接匹配；不因此将六级词加入四级。
1046c727-f79c-4b5e-9b99-9a459f53e830,mosquito,当前四级词表及声明变体未直接匹配；不因此将六级词加入四级。
1b63afb7-61e9-4ed3-a5fd-70e1557994e4,levy,当前四级词表及声明变体未直接匹配；不因此将六级词加入四级。
2cbb9332-9407-48f2-83fd-fa1326c8ac6e,mutter,当前四级词表及声明变体未直接匹配；不因此将六级词加入四级。
20929288-efe4-4f27-9088-6e2d9fb39822,negligent,当前四级词表及声明变体未直接匹配；不因此将六级词加入四级。
b026e0d4-4045-48ed-8a1b-86796127dfe5,negligence,当前四级词表及声明变体未直接匹配；不因此将六级词加入四级。
a0be00fe-4195-4c97-b2bb-1990e252bdd0,negligible,当前四级词表及声明变体未直接匹配；不因此将六级词加入四级。
e47d73fe-6dee-4d33-b37c-5a515bc63165,mortal,当前四级词表及声明变体未直接匹配；不因此将六级词加入四级。
6bef386b-4d40-4147-a5d1-74347555e1ac,mortality,当前四级词表及声明变体未直接匹配；不因此将六级词加入四级。
ea71f605-f558-427f-a0f6-1b7980e9e868,nickname,当前四级词表及声明变体未直接匹配；不因此将六级词加入四级。
21da9155-6631-478a-a68f-759ace298928,morale,当前四级词表及声明变体未直接匹配；不因此将六级词加入四级。
94e20fca-823d-4b5a-b319-e2935df1d673,notwithstanding,当前四级词表及声明变体未直接匹配；不因此将六级词加入四级。
8d9e56de-a678-4761-8e3d-186819877662,nourishing,当前四级词表及声明变体未直接匹配；不因此将六级词加入四级。
f4187e42-7f76-469f-8a76-ddd78f5cd7c0,fully,当前四级词表及声明变体未直接匹配；不因此将六级词加入四级。
83ee9724-8801-4498-bc42-44ce9a6c25cc,numerical,当前四级词表及声明变体未直接匹配；不因此将六级词加入四级。
52cd6176-df86-4f3a-a776-4f85a44a971a,groan,当前四级词表及声明变体未直接匹配；不因此将六级词加入四级。
bf93a372-3123-4151-ac84-c2e833f32102,oath,当前四级词表及声明变体未直接匹配；不因此将六级词加入四级。
289e650e-e5a1-48e9-bcca-dd84090c1a65,operative,当前四级词表及声明变体未直接匹配；不因此将六级词加入四级。
a10c40fc-5afe-46e9-b0c2-7f4b497ac004,invert,当前四级词表及声明变体未直接匹配；不因此将六级词加入四级。
3d48c792-c93b-4c75-b834-c3e6d4da3b3b,inversion,当前四级词表及声明变体未直接匹配；不因此将六级词加入四级。
51b0b3d5-3638-40fb-95fb-bde80c2dfa41,herald,当前四级词表及声明变体未直接匹配；不因此将六级词加入四级。
a7f88bf6-92d6-4015-a705-2f9228ed4b2d,innumerable,当前四级词表及声明变体未直接匹配；不因此将六级词加入四级。
7f359ceb-fdfc-4137-9957-1f6c42c0f1c9,outrage,当前四级词表及声明变体未直接匹配；不因此将六级词加入四级。
eed4fc25-728a-4fe3-b328-71957cb7c8f4,overhaul,当前四级词表及声明变体未直接匹配；不因此将六级词加入四级。
f31ffdea-7c00-4c57-9dde-524c817e867c,pending,当前四级词表及声明变体未直接匹配；不因此将六级词加入四级。
85751154-ee34-44cb-bb06-91a5b0ade957,pendulum,当前四级词表及声明变体未直接匹配；不因此将六级词加入四级。
55b72998-ac9b-46c3-88ae-7252ef471c99,reciprocal,当前四级词表及声明变体未直接匹配；不因此将六级词加入四级。
a309f53d-a7ef-4391-ab7d-e5d8c58a8f3d,toothpaste,当前四级词表及声明变体未直接匹配；不因此将六级词加入四级。
1e8fc056-bcff-4901-abe2-f054ff00fdde,plaster,当前四级词表及声明变体未直接匹配；不因此将六级词加入四级。
a8dab5f6-b673-4ed2-b843-edc353df4c91,showcase,当前四级词表及声明变体未直接匹配；不因此将六级词加入四级。
f38ce7f1-8517-4379-9124-5eee0a04a9d0,reign,当前四级词表及声明变体未直接匹配；不因此将六级词加入四级。
c3627493-ee5f-4b21-9a80-6a1a5b6b3c41,regime,当前四级词表及声明变体未直接匹配；不因此将六级词加入四级。
30567c08-3e95-4dc3-8b04-209d8fc98cb4,query,当前四级词表及声明变体未直接匹配；不因此将六级词加入四级。
3525ac5d-c8e8-4c44-970e-ddde1769ee97,reckless,当前四级词表及声明变体未直接匹配；不因此将六级词加入四级。
e975a1ab-832c-45bd-aae3-59189e43c50a,streak,当前四级词表及声明变体未直接匹配；不因此将六级词加入四级。
d1e524ea-7dfa-45dd-8bd3-6e1926ccddd3,retort,当前四级词表及声明变体未直接匹配；不因此将六级词加入四级。
7e71fadd-9f4d-40bd-81fe-2443ccc7b93e,rushed,当前四级词表及声明变体未直接匹配；不因此将六级词加入四级。
d4fd94d2-b77e-431c-b81e-3731bd1406f4,rash,当前四级词表及声明变体未直接匹配；不因此将六级词加入四级。
ecb7a48d-bb2a-421c-8b81-a5297bcd7e1e,rehearse,当前四级词表及声明变体未直接匹配；不因此将六级词加入四级。
35c34606-6a6d-490b-b55c-3b17d0217d7b,rehearsal,当前四级词表及声明变体未直接匹配；不因此将六级词加入四级。
8cc7e5fb-34d0-44da-9d70-e34973fe63cf,salmon,当前四级词表及声明变体未直接匹配；不因此将六级词加入四级。
bfee0a65-2c39-4677-b576-ad92e7319997,plead,当前四级词表及声明变体未直接匹配；不因此将六级词加入四级。
ba938500-effe-4288-b5b6-3bcf41dfbbf9,shred,当前四级词表及声明变体未直接匹配；不因此将六级词加入四级。
7925d41e-f343-40cf-915c-be3ad8f6a030,relish,当前四级词表及声明变体未直接匹配；不因此将六级词加入四级。
a15844e2-2205-49d1-8517-8265eab83b68,renaissance,当前四级词表及声明变体未直接匹配；不因此将六级词加入四级。
b615e953-90c3-4b87-807e-55e399934ad6,repress,当前四级词表及声明变体未直接匹配；不因此将六级词加入四级。
7305a360-67e5-4083-b93e-575ee08a736e,prone,当前四级词表及声明变体未直接匹配；不因此将六级词加入四级。
7777cc46-8422-4e0c-b535-ff9b7abc4327,reservoir,当前四级词表及声明变体未直接匹配；不因此将六级词加入四级。
3c8cb538-cd76-4131-a229-bc3b11ed6457,rust,当前四级词表及声明变体未直接匹配；不因此将六级词加入四级。
5fba5f0f-d9ba-48bd-8c79-56fea8a32d1b,rusty,当前四级词表及声明变体未直接匹配；不因此将六级词加入四级。
f86f6062-0b88-4e9c-bf72-7cf869cd47dd,repertoire,当前四级词表及声明变体未直接匹配；不因此将六级词加入四级。
69c54e09-21a9-48ef-bb98-17156ffec181,sanction,当前四级词表及声明变体未直接匹配；不因此将六级词加入四级。
7e0c89d9-f658-46a4-a191-1ad4fc1cb71c,scrape,当前四级词表及声明变体未直接匹配；不因此将六级词加入四级。
9e098558-e27e-4484-8223-d25fdab101c2,seduce,当前四级词表及声明变体未直接匹配；不因此将六级词加入四级。
6c8cae09-2224-4dc8-99f6-c293c0de5c69,seduction,当前四级词表及声明变体未直接匹配；不因此将六级词加入四级。
b7e9cd77-4c01-4ed8-9f3d-980cd26450d1,seductive,当前四级词表及声明变体未直接匹配；不因此将六级词加入四级。
21f891d0-63bc-4d04-a837-d472738a3dc4,reshuffle,当前四级词表及声明变体未直接匹配；不因此将六级词加入四级。
38cccdbd-6d5d-46a3-ac34-f886efa32fbc,reassure,当前四级词表及声明变体未直接匹配；不因此将六级词加入四级。
4dcc59d4-0668-4d5d-be24-98bc3d531bcc,reassurance,当前四级词表及声明变体未直接匹配；不因此将六级词加入四级。
27743817-c7c4-4953-ab7b-cdf829df45ba,sensation,当前四级词表及声明变体未直接匹配；不因此将六级词加入四级。
28969d19-406c-4532-aaa6-84dcda405409,herb,当前四级词表及声明变体未直接匹配；不因此将六级词加入四级。
d44b971e-a264-4859-a0aa-4108c91b871c,herbal,当前四级词表及声明变体未直接匹配；不因此将六级词加入四级。
22f426e9-4b74-430e-bf09-9dcf1bb5ddd0,rectify,当前四级词表及声明变体未直接匹配；不因此将六级词加入四级。
ba401ce3-3c60-483d-b4c2-f42e9e537b76,rectification,当前四级词表及声明变体未直接匹配；不因此将六级词加入四级。
8474e714-85b8-425a-8be3-73de7c839593,petition,当前四级词表及声明变体未直接匹配；不因此将六级词加入四级。
5846d700-84f3-47b7-8994-3d794307d4d8,petitioner,当前四级词表及声明变体未直接匹配；不因此将六级词加入四级。
e65d218b-7088-4be4-81a2-7506dbe26623,shepherd,当前四级词表及声明变体未直接匹配；不因此将六级词加入四级。
edc58d2d-2824-4fea-9d88-cc294541054e,poke,当前四级词表及声明变体未直接匹配；不因此将六级词加入四级。
0bab20b8-441f-4729-8ee0-f5aea4aada13,shrub,当前四级词表及声明变体未直接匹配；不因此将六级词加入四级。
3a320ca6-e473-4fc7-bec8-f0e7625885b8,shrubbery,当前四级词表及声明变体未直接匹配；不因此将六级词加入四级。
9818e1b9-115d-4b05-94be-efef4d150e84,permeate,当前四级词表及声明变体未直接匹配；不因此将六级词加入四级。
41c215c4-3eb2-49cf-a23d-bb2e12475c32,permeation,当前四级词表及声明变体未直接匹配；不因此将六级词加入四级。
fc21275c-c3d3-4bf2-a886-2c78f5a1de70,sinister,当前四级词表及声明变体未直接匹配；不因此将六级词加入四级。
3a5b4ec6-4b8f-4ba2-be21-5e29b972b97d,prototype,当前四级词表及声明变体未直接匹配；不因此将六级词加入四级。
543154b4-cfc8-4f02-9cf9-9f7dfb086c2e,solicit,当前四级词表及声明变体未直接匹配；不因此将六级词加入四级。
0e3676ca-5ae4-4766-af48-57b46e8092a3,skim,当前四级词表及声明变体未直接匹配；不因此将六级词加入四级。
ef253ef0-c395-4115-aa3d-71055c449857,slaughter,当前四级词表及声明变体未直接匹配；不因此将六级词加入四级。
4c73670e-455d-489f-8696-c167fe1d2229,snatch,当前四级词表及声明变体未直接匹配；不因此将六级词加入四级。
e0fa0ef0-589b-4b11-b3a5-3befd37d71ad,parole,当前四级词表及声明变体未直接匹配；不因此将六级词加入四级。
92310401-5c8a-4063-ad47-346553527044,salvage,当前四级词表及声明变体未直接匹配；不因此将六级词加入四级。
d54d6bb5-4166-4937-b9db-69307d3312b7,salvation,当前四级词表及声明变体未直接匹配；不因此将六级词加入四级。
5071ecd7-2fef-4c77-ba4c-67353c5f0c31,sniff,当前四级词表及声明变体未直接匹配；不因此将六级词加入四级。
985990d4-f79d-4688-bb94-37b3fbca4c34,sodium,当前四级词表及声明变体未直接匹配；不因此将六级词加入四级。
c7a1a279-c106-4ded-b75d-bf02db2bac21,plateau,当前四级词表及声明变体未直接匹配；不因此将六级词加入四级。
c6b9eb42-29b7-42bb-bd15-1ff0f486291c,sovereign,当前四级词表及声明变体未直接匹配；不因此将六级词加入四级。
45783b24-d59d-405e-a320-06105079ee47,sovereignty,当前四级词表及声明变体未直接匹配；不因此将六级词加入四级。
20f035ff-fefa-4c67-b520-2a8a59372877,porcelain,当前四级词表及声明变体未直接匹配；不因此将六级词加入四级。
95f51bd0-0434-4483-86c9-6fd611956058,spaghetti,当前四级词表及声明变体未直接匹配；不因此将六级词加入四级。
074371b3-5ab3-4d0b-8be0-e818915b6c83,spotlight,当前四级词表及声明变体未直接匹配；不因此将六级词加入四级。
5ba4f6cd-f3e1-4469-a6ae-76d752ace68c,paradigm,当前四级词表及声明变体未直接匹配；不因此将六级词加入四级。
6cda6ae2-529c-42c2-b495-5072e6b20389,stalk,当前四级词表及声明变体未直接匹配；不因此将六级词加入四级。
2bfbead9-8f61-4acd-906c-49c9993d903f,sturdy,当前四级词表及声明变体未直接匹配；不因此将六级词加入四级。
f7d7f80e-e91b-4d56-bc6c-9b3bf7bc99e5,peel,当前四级词表及声明变体未直接匹配；不因此将六级词加入四级。
1cbb8e30-2bfa-4f5e-8fc2-ef7ba655e45c,subscribe,当前四级词表及声明变体未直接匹配；不因此将六级词加入四级。
91df2123-9a23-46e5-b317-599e0d783172,subscription,当前四级词表及声明变体未直接匹配；不因此将六级词加入四级。
fbb57a9e-c294-421f-b1aa-f5035429ef6e,subscriber,当前四级词表及声明变体未直接匹配；不因此将六级词加入四级。
19177551-5875-4598-8759-b1d812392664,psychiatry,当前四级词表及声明变体未直接匹配；不因此将六级词加入四级。
bbd7a126-de60-4952-8dfd-7ec5bd31bdf4,psychiatric,当前四级词表及声明变体未直接匹配；不因此将六级词加入四级。
af77c89e-0b7b-4a9c-a75e-ac7e5b19d84e,summon,当前四级词表及声明变体未直接匹配；不因此将六级词加入四级。
9df5256d-9361-4fe7-83ab-a04af6f099c8,symphony,当前四级词表及声明变体未直接匹配；不因此将六级词加入四级。
e7a4e426-b4e3-4969-a757-f03ce03c35ab,thrift,当前四级词表及声明变体未直接匹配；不因此将六级词加入四级。
9cde3601-a3b9-4bf6-9a7c-2d9677a2b901,thrifty,当前四级词表及声明变体未直接匹配；不因此将六级词加入四级。
d9028176-cda8-49ce-b3d5-31f47bff30b1,pharmacy,当前四级词表及声明变体未直接匹配；不因此将六级词加入四级。
6bd52acc-cf1a-4aa4-9dd3-83146fcb1bd7,pharmaceutical,当前四级词表及声明变体未直接匹配；不因此将六级词加入四级。
9d39405f-1bc8-44d4-9ecd-4b9946a6a8d2,stifle,当前四级词表及声明变体未直接匹配；不因此将六级词加入四级。
aaeb6908-2198-42b3-bb0b-b0e6e6bdb427,tact,当前四级词表及声明变体未直接匹配；不因此将六级词加入四级。
9c29aab1-861d-4e7b-b380-fccb61b3ce90,tactful,当前四级词表及声明变体未直接匹配；不因此将六级词加入四级。
1be63681-3f81-4ac9-80d7-199a9093afd4,tan,当前四级词表及声明变体未直接匹配；不因此将六级词加入四级。
42e289ec-cc68-402b-9335-ba5f770647db,tangle,当前四级词表及声明变体未直接匹配；不因此将六级词加入四级。
24b86c32-d275-42e4-afd9-2cb7c95cb24f,perish,当前四级词表及声明变体未直接匹配；不因此将六级词加入四级。
bd484688-fb6b-4595-bb5e-ee1266ebd76b,tease,当前四级词表及声明变体未直接匹配；不因此将六级词加入四级。
fe048d46-8c6a-47ac-844c-cde6beb73543,prosper,当前四级词表及声明变体未直接匹配；不因此将六级词加入四级。
3e5224b0-deb6-4652-9303-f1a93552eae0,terminate,当前四级词表及声明变体未直接匹配；不因此将六级词加入四级。
1146ec7e-ac90-46ca-a1e5-2b2ddf6af904,termination,当前四级词表及声明变体未直接匹配；不因此将六级词加入四级。
7c671304-55c8-4819-a042-ebde44d16692,stagger,当前四级词表及声明变体未直接匹配；不因此将六级词加入四级。
ed3cc752-b61c-4c7f-bf8a-7a8e3d6a32da,terrain,当前四级词表及声明变体未直接匹配；不因此将六级词加入四级。
d9f503f5-7e11-4713-a703-81edf8be0794,terrace,当前四级词表及声明变体未直接匹配；不因此将六级词加入四级。
c84b04a4-6538-4614-abfc-3614fe0d03a7,prop,当前四级词表及声明变体未直接匹配；不因此将六级词加入四级。
2b5dc22a-65cf-4520-8893-9da64ea73bdb,revolt,当前四级词表及声明变体未直接匹配；不因此将六级词加入四级。
4b94f328-1ef4-44d4-8798-b41beb15c9c9,revolting,当前四级词表及声明变体未直接匹配；不因此将六级词加入四级。
53f803e9-9ff9-4a66-9bbc-0c78a06df307,temporal,当前四级词表及声明变体未直接匹配；不因此将六级词加入四级。
5c0b58f1-7422-4d30-bb02-59813e68467e,precede,当前四级词表及声明变体未直接匹配；不因此将六级词加入四级。
22060091-fe91-4c82-81e8-21a5a38bcec4,preceding,当前四级词表及声明变体未直接匹配；不因此将六级词加入四级。
801baf82-b489-4271-ae42-7eb1aabe1612,precedent,当前四级词表及声明变体未直接匹配；不因此将六级词加入四级。
94aa4ea1-8a6c-48d0-ac6c-7984ae8a5f48,symposium,当前四级词表及声明变体未直接匹配；不因此将六级词加入四级。
17600f32-e1f7-45bd-923a-06fc46581b22,tertiary,当前四级词表及声明变体未直接匹配；不因此将六级词加入四级。
e434721e-e690-478a-adae-d4bc720d6cc0,thermos,当前四级词表及声明变体未直接匹配；不因此将六级词加入四级。
ed64b676-c59e-44be-b093-11a24e1dd4af,thermal,当前四级词表及声明变体未直接匹配；不因此将六级词加入四级。
7d02a858-3f03-40e3-8759-e1778d502c80,strangely,当前四级词表及声明变体未直接匹配；不因此将六级词加入四级。
75111607-00bf-497c-a9f1-7ad0f9ad4eac,strangle,当前四级词表及声明变体未直接匹配；不因此将六级词加入四级。
bdc1797b-73f6-4452-8452-9e26c9bb238f,thorn,当前四级词表及声明变体未直接匹配；不因此将六级词加入四级。
a192fea6-7f59-48ac-90fd-d25c4d642f65,thorny,当前四级词表及声明变体未直接匹配；不因此将六级词加入四级。
40bc80bf-138e-429e-8cb1-23c8a7cf71d9,throne,当前四级词表及声明变体未直接匹配；不因此将六级词加入四级。
23c85574-9601-4c1c-ab8a-c2c3c2028d4d,stark,当前四级词表及声明变体未直接匹配；不因此将六级词加入四级。
c881df0d-1238-48b4-994e-34f93c38c019,tickle,当前四级词表及声明变体未直接匹配；不因此将六级词加入四级。
c90d5b95-f727-4ae2-b54f-0e4df02d24ff,tilt,当前四级词表及声明变体未直接匹配；不因此将六级词加入四级。
f28b79ca-9ea3-4846-8c27-6866a15471f7,tornado,当前四级词表及声明变体未直接匹配；不因此将六级词加入四级。
6b0cdbac-a7c8-4f62-8683-27d82e739402,tread,当前四级词表及声明变体未直接匹配；不因此将六级词加入四级。
15bf3c86-4976-46c2-bc27-b6ffb1596445,unveil,当前四级词表及声明变体未直接匹配；不因此将六级词加入四级。
79219fef-a4c9-408e-8094-fa3f08b2da5f,vicious,当前四级词表及声明变体未直接匹配；不因此将六级词加入四级。
27ccf1cd-185c-4d74-a00c-4606a8d99107,viciously,当前四级词表及声明变体未直接匹配；不因此将六级词加入四级。
f737f0d2-283c-4481-841e-2c23416ab9bb,zip,当前四级词表及声明变体未直接匹配；不因此将六级词加入四级。
42bd17d4-eade-4142-982e-bbab74b3fbcd,zipper,当前四级词表及声明变体未直接匹配；不因此将六级词加入四级。
7d6c5a0a-7e19-4091-888d-071ccc3073af,pact,当前四级词表及声明变体未直接匹配；不因此将六级词加入四级。
8856fa16-44aa-48b1-83ff-11a66ff30f61,choir,当前四级词表及声明变体未直接匹配；不因此将六级词加入四级。
512e4bf3-3a5e-42de-a3b5-fb0dd5c6beae,vulgar,当前四级词表及声明变体未直接匹配；不因此将六级词加入四级。
81ef49af-a18b-4857-bf79-c538a3b036e1,stern,当前四级词表及声明变体未直接匹配；不因此将六级词加入四级。
dda992c6-5914-4b28-abc1-44341ee889aa,errand,当前四级词表及声明变体未直接匹配；不因此将六级词加入四级。
49bbcc12-b369-4a23-a6df-d6a952f883fa,desolate,当前四级词表及声明变体未直接匹配；不因此将六级词加入四级。
8bd9abc1-64b6-41c2-abb6-b3221ff7c77a,desolation,当前四级词表及声明变体未直接匹配；不因此将六级词加入四级。
db674b26-c740-42f6-a7c7-81163db6a0cf,trauma,当前四级词表及声明变体未直接匹配；不因此将六级词加入四级。
14444cd6-66b0-4841-b551-1eab34e605ce,traumatic,当前四级词表及声明变体未直接匹配；不因此将六级词加入四级。
0e47a1cb-c687-4a87-b778-32dd3116aff4,glitter,当前四级词表及声明变体未直接匹配；不因此将六级词加入四级。
963d69c3-7fea-4e2b-81a4-292c7e6475ba,indignant,当前四级词表及声明变体未直接匹配；不因此将六级词加入四级。
a5c5ec8d-d36e-4c4e-a04d-ea2bb88bd08a,indignation,当前四级词表及声明变体未直接匹配；不因此将六级词加入四级。
0e2e92d9-0a44-4f69-8875-0413e6c34eeb,linguistic,当前四级词表及声明变体未直接匹配；不因此将六级词加入四级。
5a74f4c7-285b-4353-b599-03c458a06e93,linguistics,当前四级词表及声明变体未直接匹配；不因此将六级词加入四级。
e4dfcd58-3a7c-41a0-a78c-93de4869f82f,predominate,当前四级词表及声明变体未直接匹配；不因此将六级词加入四级。
7fe72ba2-c2e5-4424-913f-d23aba9e9652,predominant,当前四级词表及声明变体未直接匹配；不因此将六级词加入四级。
6d9e3a34-073c-469d-a2aa-fe34a47464d2,predominance,当前四级词表及声明变体未直接匹配；不因此将六级词加入四级。
2dd03f7f-5bf9-4b22-b4e5-1d5cc2923bc0,enclose,当前四级词表及声明变体未直接匹配；不因此将六级词加入四级。
2a0bee58-42be-4de2-85d1-0b321007ee74,enclosure,当前四级词表及声明变体未直接匹配；不因此将六级词加入四级。
52d4e1fd-f8f3-4b99-9ef5-2d0789e52f1e,sprinkle,当前四级词表及声明变体未直接匹配；不因此将六级词加入四级。
6b351a80-7579-4a75-8696-a89143e5ab2c,scorn,当前四级词表及声明变体未直接匹配；不因此将六级词加入四级。
64143aac-a520-4d1d-b16a-e3d218a96b10,scornful,当前四级词表及声明变体未直接匹配；不因此将六级词加入四级。
19a497ff-9013-4882-ad8e-693e8109482a,salute,当前四级词表及声明变体未直接匹配；不因此将六级词加入四级。
655904c8-52ea-4401-8e24-5fbd15a81424,tack,当前四级词表及声明变体未直接匹配；不因此将六级词加入四级。
564972dd-f654-475c-8d63-2ef53521fd01,panorama,当前四级词表及声明变体未直接匹配；不因此将六级词加入四级。
f4ad6253-5542-4310-b077-f4bd423526f9,panoramic,当前四级词表及声明变体未直接匹配；不因此将六级词加入四级。
b27290d0-d18c-4f65-9832-241737571630,judiciary,当前四级词表及声明变体未直接匹配；不因此将六级词加入四级。
fe58cdd5-cd29-47f0-9df7-fc8b3987aa77,judicial,当前四级词表及声明变体未直接匹配；不因此将六级词加入四级。
82912bc2-05b2-4cbc-a5ae-890287ed8980,porridge,当前四级词表及声明变体未直接匹配；不因此将六级词加入四级。
c18aa183-7c39-4479-a277-adda362ab100,tub,当前四级词表及声明变体未直接匹配；不因此将六级词加入四级。
5bf96140-d0a9-499b-bc32-07ed058688f7,bloc,当前四级词表及声明变体未直接匹配；不因此将六级词加入四级。
a6f8437d-1a2c-4730-95ce-50545636c81a,vegetation,当前四级词表及声明变体未直接匹配；不因此将六级词加入四级。
f82a3f2f-4abd-4940-8ca9-7de8cf5bd158,lime,当前四级词表及声明变体未直接匹配；不因此将六级词加入四级。
c5a2919c-9696-4708-9874-fbceb8891ebd,limelight,当前四级词表及声明变体未直接匹配；不因此将六级词加入四级。
ee768569-7af9-4570-a5b7-b27cb5d55695,tariff,当前四级词表及声明变体未直接匹配；不因此将六级词加入四级。
bbd69998-fef3-4c27-8a1d-0140615e78f4,confide,当前四级词表及声明变体未直接匹配；不因此将六级词加入四级。
99d7b3d2-5f60-4810-8823-88a007b967f6,confidant,当前四级词表及声明变体未直接匹配；不因此将六级词加入四级。
7dca64ec-0cc0-4532-9ead-d117547cb7db,idiot,当前四级词表及声明变体未直接匹配；不因此将六级词加入四级。
1ce909b7-47e6-4bb1-b9d8-131c0bf87158,idiotic,当前四级词表及声明变体未直接匹配；不因此将六级词加入四级。
d2b922f3-f1c5-4dcd-ae91-db6db4bd0a88,amiable,当前四级词表及声明变体未直接匹配；不因此将六级词加入四级。
08e5167e-43b2-486d-8f3a-5a9dfd4e6baa,amiability,当前四级词表及声明变体未直接匹配；不因此将六级词加入四级。
e94dbd8c-a158-450a-a7b7-bd8f94fbfaaf,glossary,当前四级词表及声明变体未直接匹配；不因此将六级词加入四级。
848f8fd8-3516-40fd-8df9-fdd79bbdaf96,traveler,当前四级词表及声明变体未直接匹配；不因此将六级词加入四级。
eb3274eb-a573-43f9-91fe-1e4626246947,traverse,当前四级词表及声明变体未直接匹配；不因此将六级词加入四级。
c2d5051f-29c6-458e-8f67-24ad5f6573e1,withhold,当前四级词表及声明变体未直接匹配；不因此将六级词加入四级。
6160eaa9-d3f5-4ef1-86e5-3b95b06a8e33,deduct,当前四级词表及声明变体未直接匹配；不因此将六级词加入四级。
5092ef70-b830-4716-88f7-0deddf4c976e,deduction,当前四级词表及声明变体未直接匹配；不因此将六级词加入四级。
d0a027c6-8c10-4298-8f69-d04ca4b1babf,deductive,当前四级词表及声明变体未直接匹配；不因此将六级词加入四级。
dbcd4f7b-89bf-4524-a74d-17d18942b4ad,deductible,当前四级词表及声明变体未直接匹配；不因此将六级词加入四级。
3e65ad82-cf15-4e83-a9e5-091c78420d0c,trim,当前四级词表及声明变体未直接匹配；不因此将六级词加入四级。
9e02e314-939b-4543-8ed4-94ce6d6a3ace,coexist,当前四级词表及声明变体未直接匹配；不因此将六级词加入四级。
b5d8194e-bb50-460d-983a-c4ac09990989,coexistence,当前四级词表及声明变体未直接匹配；不因此将六级词加入四级。
887e22b7-9a62-400f-a4cc-ecf08500bb4a,boycott,当前四级词表及声明变体未直接匹配；不因此将六级词加入四级。
473b581f-7576-4a9b-a12e-5b0a9ff5780c,crate,当前四级词表及声明变体未直接匹配；不因此将六级词加入四级。
7676b1db-fb47-47a7-8ab2-4199a0cb1d34,dole,当前四级词表及声明变体未直接匹配；不因此将六级词加入四级。
70371afd-e3c7-460c-9a5e-36429fe05052,asylum,当前四级词表及声明变体未直接匹配；不因此将六级词加入四级。
c720b27e-279b-44a2-a7a0-60ffa8e70ede,zinc,当前四级词表及声明变体未直接匹配；不因此将六级词加入四级。
2055309b-c048-473d-8127-b3d95e8efeb0,regiment,当前四级词表及声明变体未直接匹配；不因此将六级词加入四级。
142ef91e-506a-4be5-b8ac-b94071fe9336,regimental,当前四级词表及声明变体未直接匹配；不因此将六级词加入四级。
7bbdac38-6806-49f9-8504-5bbd3bbfd7a4,dubious,当前四级词表及声明变体未直接匹配；不因此将六级词加入四级。
7b4f48ec-95d5-4caa-bc97-5b69a7e24cee,bureaucrat,当前四级词表及声明变体未直接匹配；不因此将六级词加入四级。
1f0dff41-06ab-431e-8d6a-348cee154077,propaganda,当前四级词表及声明变体未直接匹配；不因此将六级词加入四级。
2eb21d15-9d04-460e-9e5b-64c4f98f9660,propagate,当前四级词表及声明变体未直接匹配；不因此将六级词加入四级。
2dfefdd2-ee2a-4a11-834f-4301d87e4419,versatile,当前四级词表及声明变体未直接匹配；不因此将六级词加入四级。
bcb372fe-a6cd-4ed0-a8c5-affd35a9eb37,trader,当前四级词表及声明变体未直接匹配；不因此将六级词加入四级。
22a09faa-7197-431a-9e6b-92209634d77a,bilateral,当前四级词表及声明变体未直接匹配；不因此将六级词加入四级。
036dbc94-0ea0-432a-9098-7e8767ad0dba,bilaterally,当前四级词表及声明变体未直接匹配；不因此将六级词加入四级。
294daf89-49ac-4831-ab97-86da5a1dbebe,pottery,当前四级词表及声明变体未直接匹配；不因此将六级词加入四级。
3da8f9c5-ad5b-4dbe-a916-b9b32f700cb3,cannon,当前四级词表及声明变体未直接匹配；不因此将六级词加入四级。
edeb0987-205e-4fca-9e95-106dcfa26ba2,sinking,当前四级词表及声明变体未直接匹配；不因此将六级词加入四级。
14d85f15-9c1d-46d8-a54c-e6fcbe8aa7b8,unsinkable,当前四级词表及声明变体未直接匹配；不因此将六级词加入四级。
5234b0ea-1d4c-4c7b-9eea-b711aacd86b7,afloat,当前四级词表及声明变体未直接匹配；不因此将六级词加入四级。
35ba81d5-adba-42b0-b26f-6314da633cb7,wholesale,当前四级词表及声明变体未直接匹配；不因此将六级词加入四级。
9c5dcab7-4030-4beb-8caa-30f1c8646d74,wholesome,当前四级词表及声明变体未直接匹配；不因此将六级词加入四级。
68ed25f6-0b6a-4d13-8732-87ad3628c8ad,peep,当前四级词表及声明变体未直接匹配；不因此将六级词加入四级。
7942e791-8747-41fb-927f-b0d029b40ea2,slot,当前四级词表及声明变体未直接匹配；不因此将六级词加入四级。
05a8a7b6-f771-4495-bd73-75b5ab85dae4,brood,当前四级词表及声明变体未直接匹配；不因此将六级词加入四级。
5782c993-4ce8-4560-b0dd-9714a2588b0d,velocity,当前四级词表及声明变体未直接匹配；不因此将六级词加入四级。
13ab92da-dc80-4382-b9d6-0ab7a506b132,batter,当前四级词表及声明变体未直接匹配；不因此将六级词加入四级。
b1bc001b-e4f8-4e62-a63e-607c0d070c6f,void,当前四级词表及声明变体未直接匹配；不因此将六级词加入四级。
3b3fefb7-9d6d-4980-aca4-f79ab6e002e1,fort,当前四级词表及声明变体未直接匹配；不因此将六级词加入四级。
bf234e66-9bc9-4bf5-b6cf-ad5304600b3e,fortify,当前四级词表及声明变体未直接匹配；不因此将六级词加入四级。
f9a796f3-2cd5-420f-9cd3-a0bef005a66e,fortification,当前四级词表及声明变体未直接匹配；不因此将六级词加入四级。
6a31a850-a6c2-4ddb-8ad7-2ba58db36aa4,crunch,当前四级词表及声明变体未直接匹配；不因此将六级词加入四级。
5ba81725-13cd-4fdd-a021-5a5f5f96ebe5,crunchy,当前四级词表及声明变体未直接匹配；不因此将六级词加入四级。
02a0953d-e24b-4cad-9722-aa6294afddcf,flask,当前四级词表及声明变体未直接匹配；不因此将六级词加入四级。
7f478053-66ba-4801-9a86-03197275c614,brace,当前四级词表及声明变体未直接匹配；不因此将六级词加入四级。
bd17a211-886e-4f9d-b320-bb39e1fd0384,socket,当前四级词表及声明变体未直接匹配；不因此将六级词加入四级。
f5d92ddb-d5cf-4d99-a754-b2a010e49cdf,proceeding,当前四级词表及声明变体未直接匹配；不因此将六级词加入四级。
32bcf8a9-e2d8-498b-b0b5-e4a1df08b6e3,stitch,当前四级词表及声明变体未直接匹配；不因此将六级词加入四级。
12a55bce-2aa4-4d93-a23d-72084514f314,discreet,当前四级词表及声明变体未直接匹配；不因此将六级词加入四级。
7beca020-c503-4ab1-8c39-233c4d66017f,fragrant,当前四级词表及声明变体未直接匹配；不因此将六级词加入四级。
2da8f197-f4c3-486f-974c-0d33e9decdeb,casino,当前四级词表及声明变体未直接匹配；不因此将六级词加入四级。
faff2ace-f2fe-45c0-84ab-bb11836cfecb,cockpit,当前四级词表及声明变体未直接匹配；不因此将六级词加入四级。
0c036ffe-13d4-4f78-888b-77c346dee280,tuck,当前四级词表及声明变体未直接匹配；不因此将六级词加入四级。
bcb1ae98-4380-41ef-a980-6c4b6936c270,wedge,当前四级词表及声明变体未直接匹配；不因此将六级词加入四级。
11259079-f7a6-49d5-a5e3-e171af50cf9d,retaliate,当前四级词表及声明变体未直接匹配；不因此将六级词加入四级。
bbd8f3d5-7074-4c18-9fb2-139344c5c968,tug,当前四级词表及声明变体未直接匹配；不因此将六级词加入四级。
f24438fc-2136-454a-a78c-d56cde3e3616,rotate,当前四级词表及声明变体未直接匹配；不因此将六级词加入四级。
e1983aa3-827e-4216-8734-f1878a0ee21f,rotation,当前四级词表及声明变体未直接匹配；不因此将六级词加入四级。
dadcca83-846f-49a4-be74-95ae7373002d,verse,当前四级词表及声明变体未直接匹配；不因此将六级词加入四级。
677fd00e-bbb9-4741-9bf1-3cb09dcf2ce7,spine,当前四级词表及声明变体未直接匹配；不因此将六级词加入四级。
0d483f16-1d1f-4474-8bad-397b483d3ef0,militia,当前四级词表及声明变体未直接匹配；不因此将六级词加入四级。
286b862c-1c96-4ad0-a248-4f85166fcc76,recordable,当前四级词表及声明变体未直接匹配；不因此将六级词加入四级。
4b813f27-ce63-487e-a6fb-08bcae290d71,vein,当前四级词表及声明变体未直接匹配；不因此将六级词加入四级。
8247f158-111e-4b6f-8a87-2bd9152fde9e,cathedral,当前四级词表及声明变体未直接匹配；不因此将六级词加入四级。
25010273-b2a5-4e9b-bd76-6871d03fad19,jelly,当前四级词表及声明变体未直接匹配；不因此将六级词加入四级。
2f2d6a96-5f44-481d-9c64-67c0bff452e1,shorthand,当前四级词表及声明变体未直接匹配；不因此将六级词加入四级。
cf719dc9-8c6a-46e3-a98b-481d9f1bca51,coup,当前四级词表及声明变体未直接匹配；不因此将六级词加入四级。
80049ee2-8094-46db-99b0-7f3b3b8d3e0c,degrade,当前四级词表及声明变体未直接匹配；不因此将六级词加入四级。
3f05406a-70e6-473a-a96b-5d3e7f4fb95e,apron,当前四级词表及声明变体未直接匹配；不因此将六级词加入四级。
91639df8-cb10-4e40-8053-2c4b3a3bd386,preclude,当前四级词表及声明变体未直接匹配；不因此将六级词加入四级。
5770f8e5-2079-48b3-82a7-967d0f3c00eb,assorted,当前四级词表及声明变体未直接匹配；不因此将六级词加入四级。
52e16dd2-139f-46cb-bc78-d90f4a6916b2,reclaim,当前四级词表及声明变体未直接匹配；不因此将六级词加入四级。
d5c85c6d-9d4a-40c9-9efc-2c1026072b5b,tile,当前四级词表及声明变体未直接匹配；不因此将六级词加入四级。
f08def20-ca13-405a-905c-f9759a07d25c,crackdown,当前四级词表及声明变体未直接匹配；不因此将六级词加入四级。
14cbdbd6-9aef-44e2-9973-489bd356662c,folio,当前四级词表及声明变体未直接匹配；不因此将六级词加入四级。
05ce5c83-ee64-4fcf-8124-0938e16a133c,portfolio,当前四级词表及声明变体未直接匹配；不因此将六级词加入四级。
d475d461-9638-4ba3-af85-7226c17e5822,contrive,当前四级词表及声明变体未直接匹配；不因此将六级词加入四级。
f16b94de-67e8-4307-ad47-4e00ab9cb3e2,overflow,当前四级词表及声明变体未直接匹配；不因此将六级词加入四级。
dc5a584a-c576-41e6-baa4-02d0db5e3a12,unnecessary,当前四级词表及声明变体未直接匹配；不因此将六级词加入四级。
938d1c9d-aaa0-428d-ae45-6a5bec7dc8d9,verdict,当前四级词表及声明变体未直接匹配；不因此将六级词加入四级。
735709c5-91cd-495e-bf32-2e8abf597c22,statute,当前四级词表及声明变体未直接匹配；不因此将六级词加入四级。
0d48ea9f-2706-4fa7-a9f6-024185490794,statutory,当前四级词表及声明变体未直接匹配；不因此将六级词加入四级。
96110e88-444b-424a-bb35-dcfbc4ea2f2f,prosecute,当前四级词表及声明变体未直接匹配；不因此将六级词加入四级。
afb47450-8faa-415e-9180-4cdef10de042,jurisdiction,当前四级词表及声明变体未直接匹配；不因此将六级词加入四级。
5f098837-b447-404f-8866-b3d09142a5eb,clan,当前四级词表及声明变体未直接匹配；不因此将六级词加入四级。
4ab0bb31-e7a3-491e-9793-c50e10866e76,wildly,当前四级词表及声明变体未直接匹配；不因此将六级词加入四级。
2548eac5-d6d1-4259-84e9-d5ddf77d2133,ammunition,当前四级词表及声明变体未直接匹配；不因此将六级词加入四级。
276058b7-a476-4aad-8c83-4b926b1bc6af,revenge,当前四级词表及声明变体未直接匹配；不因此将六级词加入四级。
a1750010-287a-4586-a175-7e36f9e7248a,revengeful,当前四级词表及声明变体未直接匹配；不因此将六级词加入四级。
ea8657af-9ae9-4f15-914c-a54194542769,spiral,当前四级词表及声明变体未直接匹配；不因此将六级词加入四级。
50e54db5-dc9b-4f9e-8831-652cda70900c,barracks,当前四级词表及声明变体未直接匹配；不因此将六级词加入四级。
cddec877-161f-40bb-86c3-8303bbe3c714,compliment,当前四级词表及声明变体未直接匹配；不因此将六级词加入四级。
c68f4838-f1ed-4264-9bce-dfeabf6ab2b4,complimentary,当前四级词表及声明变体未直接匹配；不因此将六级词加入四级。
f143f06d-7e1b-49cc-8a37-e97e8398c6f3,crisp,当前四级词表及声明变体未直接匹配；不因此将六级词加入四级。
dd009709-fcd2-4e1d-a7da-92e5aadf6dc1,poultry,当前四级词表及声明变体未直接匹配；不因此将六级词加入四级。
6e2fbb6a-af2c-4ff3-824d-11a886bcfc18,arch,当前四级词表及声明变体未直接匹配；不因此将六级词加入四级。
8df229e2-2de5-435c-9a4d-fcbe67e1be49,monarchy,当前四级词表及声明变体未直接匹配；不因此将六级词加入四级。
91ebee69-52cd-4570-ad0b-fb8068225101,monarch,当前四级词表及声明变体未直接匹配；不因此将六级词加入四级。
16770635-14d6-4bd3-af6c-facd16b720e2,magistrate,当前四级词表及声明变体未直接匹配；不因此将六级词加入四级。
395311d8-996e-4bf0-a740-e7c9ffed0773,delude,当前四级词表及声明变体未直接匹配；不因此将六级词加入四级。
51d49f16-c8d1-4f1b-a72d-9de67a95371d,delusion,当前四级词表及声明变体未直接匹配；不因此将六级词加入四级。
2315e878-91ee-4fd1-a6e3-e2b7e1555ea7,persecute,当前四级词表及声明变体未直接匹配；不因此将六级词加入四级。
06b6c501-7ebf-4c7d-b759-847f90cd1a4d,persecution,当前四级词表及声明变体未直接匹配；不因此将六级词加入四级。
f708c6a7-6b07-4556-93f1-0c50c648be0e,antisocial,当前四级词表及声明变体未直接匹配；不因此将六级词加入四级。
441a4599-d029-4a32-b612-2b972f31a9f3,antagonism,当前四级词表及声明变体未直接匹配；不因此将六级词加入四级。
bef60361-e318-4174-aa7e-e6b3606e978a,antagonist,当前四级词表及声明变体未直接匹配；不因此将六级词加入四级。
44ed4a13-64d7-4240-a2a2-5960aa1b3c76,antagonistic,当前四级词表及声明变体未直接匹配；不因此将六级词加入四级。
e491aa9e-c1a0-4258-ae06-243f8ff39110,antagonistically,当前四级词表及声明变体未直接匹配；不因此将六级词加入四级。
1e8631f5-8adc-4e10-af6b-cf97bed8c3d1,override,当前四级词表及声明变体未直接匹配；不因此将六级词加入四级。
c0200345-44f2-4d03-ba5c-b50200075653,overriding,当前四级词表及声明变体未直接匹配；不因此将六级词加入四级。
cc9475a4-093d-4d2c-86d4-906565b7f2f5,howl,当前四级词表及声明变体未直接匹配；不因此将六级词加入四级。
f83d8cef-b25a-45d1-bffa-430cc3196300,salon,当前四级词表及声明变体未直接匹配；不因此将六级词加入四级。
a9fe6ae9-306f-4699-aa39-1e079cecf275,armor,当前四级词表及声明变体未直接匹配；不因此将六级词加入四级。
302a211d-0162-44b8-a5dd-22f6487bcadd,bewilder,当前四级词表及声明变体未直接匹配；不因此将六级词加入四级。
c6db65b8-0238-4a4f-b2a6-8de7e93e53f0,bewilderment,当前四级词表及声明变体未直接匹配；不因此将六级词加入四级。
ed7b4165-cc5e-4bce-a88e-d8d662bc822f,hinge,当前四级词表及声明变体未直接匹配；不因此将六级词加入四级。
24b8c0c9-b41d-4a74-a652-d3644bdd873b,waive,当前四级词表及声明变体未直接匹配；不因此将六级词加入四级。
979ae56c-8ee0-4ce0-99c9-e1445a3b93f4,waiver,当前四级词表及声明变体未直接匹配；不因此将六级词加入四级。
e8b0c691-364f-4eeb-9750-1ac1809e77d9,passer-by,当前四级词表及声明变体未直接匹配；不因此将六级词加入四级。
3887f7dd-8786-417e-9b37-be0ae5395632,auction,当前四级词表及声明变体未直接匹配；不因此将六级词加入四级。
6e76a273-063e-4afe-a5c1-ec8ab36bc9d5,auctioneer,当前四级词表及声明变体未直接匹配；不因此将六级词加入四级。
5cb1fbdb-42a6-44e9-8132-5f4e975aaf41,violet,当前四级词表及声明变体未直接匹配；不因此将六级词加入四级。
de4ab1ed-13dc-4b36-8006-7ca715219364,ultraviolet,当前四级词表及声明变体未直接匹配；不因此将六级词加入四级。
e6f60aa8-d68d-427a-b1f9-3284368dd8f5,curfew,当前四级词表及声明变体未直接匹配；不因此将六级词加入四级。
74818a87-5c41-46d1-88c4-4a9db9b8ee45,menace,当前四级词表及声明变体未直接匹配；不因此将六级词加入四级。
36d53bc6-2747-43e6-ba59-97e54df82373,barricade,当前四级词表及声明变体未直接匹配；不因此将六级词加入四级。
a80c51a2-aafb-4bcf-8144-411a939690b9,patriot,当前四级词表及声明变体未直接匹配；不因此将六级词加入四级。
f7fe73cb-56ca-4359-8618-05f87c833a19,patriotism,当前四级词表及声明变体未直接匹配；不因此将六级词加入四级。
e0154d64-6154-4848-b370-0473a1d8a002,patriotic,当前四级词表及声明变体未直接匹配；不因此将六级词加入四级。
36a8ca0e-bf95-4621-be47-adb08bca6b5b,corpse,当前四级词表及声明变体未直接匹配；不因此将六级词加入四级。
ed9738b8-f92a-40e5-ba85-16d84024051d,peddle,当前四级词表及声明变体未直接匹配；不因此将六级词加入四级。
50ebb6bd-a042-4e52-8949-21bcee0e97ef,peddler,当前四级词表及声明变体未直接匹配；不因此将六级词加入四级。
2865ed94-2efb-4985-a85f-3ec139f7841f,emigrate,当前四级词表及声明变体未直接匹配；不因此将六级词加入四级。
e2fd7839-bd99-47e1-b2e3-f7ec15811145,emigration,当前四级词表及声明变体未直接匹配；不因此将六级词加入四级。
52381755-57dc-4bce-abcd-1c56eb2e8d5c,sober,当前四级词表及声明变体未直接匹配；不因此将六级词加入四级。
d28e269a-3bd7-467e-8f4f-6a0c6c9a6bfe,shabby,当前四级词表及声明变体未直接匹配；不因此将六级词加入四级。
b2fb5d8c-b42c-40c7-b144-e4df36382c7d,conditioning,当前四级词表及声明变体未直接匹配；不因此将六级词加入四级。
aa0c1d31-288e-423b-b211-d05f0dc08684,epoch,当前四级词表及声明变体未直接匹配；不因此将六级词加入四级。
04bda72d-1020-4806-ac12-d26d06bc4ecd,cram,当前四级词表及声明变体未直接匹配；不因此将六级词加入四级。
8c739ad9-28cc-4659-8c12-bd0975f97e4c,crammed,当前四级词表及声明变体未直接匹配；不因此将六级词加入四级。
0df7a687-e4bd-435d-ac8c-be2e8d160587,autobiography,当前四级词表及声明变体未直接匹配；不因此将六级词加入四级。
057b1dcb-80ba-4631-b729-fdf9d94179c7,autobiographic,当前四级词表及声明变体未直接匹配；不因此将六级词加入四级。
fa374f73-d15d-4053-a907-2b57f54aed02,uphold,当前四级词表及声明变体未直接匹配；不因此将六级词加入四级。
fa6690bd-176e-440f-95bf-66ffcc2a355f,glare,当前四级词表及声明变体未直接匹配；不因此将六级词加入四级。
ce842312-e623-4de1-8237-ff7f1c112a2d,corrected,当前四级词表及声明变体未直接匹配；不因此将六级词加入四级。
703ab902-b4a1-4a25-8001-5d7b0d9215b2,situated,当前四级词表及声明变体未直接匹配；不因此将六级词加入四级。
e9cca546-5729-4712-ad06-24196393406f,layman,当前四级词表及声明变体未直接匹配；不因此将六级词加入四级。
980884ed-0cde-4ad7-9ad6-dc46ae4749ab,humid,当前四级词表及声明变体未直接匹配；不因此将六级词加入四级。
509c2e73-0e8a-45e7-9d08-ea12ddf4a117,humidity,当前四级词表及声明变体未直接匹配；不因此将六级词加入四级。
42dc51e0-f723-466f-97e1-b3cef34e5e32,referendum,当前四级词表及声明变体未直接匹配；不因此将六级词加入四级。
427c6035-d099-4319-ad75-eebf1219fd21,parrot,当前四级词表及声明变体未直接匹配；不因此将六级词加入四级。
7013b614-e960-4369-94fc-373ac44a99c0,atrocity,当前四级词表及声明变体未直接匹配；不因此将六级词加入四级。
70c826a2-51e0-4a88-a139-240fec479502,atrocious,当前四级词表及声明变体未直接匹配；不因此将六级词加入四级。
7d6d5e2b-21cf-4321-bf4c-1676de03b2c3,cordial,当前四级词表及声明变体未直接匹配；不因此将六级词加入四级。
34209581-e243-479c-bd2c-9a48021c6056,cordiality,当前四级词表及声明变体未直接匹配；不因此将六级词加入四级。
17761086-028b-4b79-b7f6-6815c0cd8b8d,weakly,当前四级词表及声明变体未直接匹配；不因此将六级词加入四级。
01c3ac3f-8cc0-41b1-83ee-1fc28902cbb3,wicked,当前四级词表及声明变体未直接匹配；不因此将六级词加入四级。
f39d9234-b922-41c4-976c-cf2ef9fc284b,corrode,当前四级词表及声明变体未直接匹配；不因此将六级词加入四级。
0e6ea629-a506-463d-8937-64b8f3ca912c,corrosion,当前四级词表及声明变体未直接匹配；不因此将六级词加入四级。
27d43b87-f75c-483f-a797-4c373a3961e6,cavity,当前四级词表及声明变体未直接匹配；不因此将六级词加入四级。
51664dd2-8084-4110-b2ae-d3d4210905f9,rim,当前四级词表及声明变体未直接匹配；不因此将六级词加入四级。
b78723ff-47ff-4cbf-83e8-89a0f2e05908,militant,当前四级词表及声明变体未直接匹配；不因此将六级词加入四级。
254b301f-2290-4313-a38c-9e8bc6657cd9,militancy,当前四级词表及声明变体未直接匹配；不因此将六级词加入四级。
4a2fc6dd-9311-4d8a-bf38-ffa90e8bca8c,turnout,当前四级词表及声明变体未直接匹配；不因此将六级词加入四级。
6e82230a-28e4-48c6-9679-c2c30e869224,cult,当前四级词表及声明变体未直接匹配；不因此将六级词加入四级。
48dd025d-45cb-482a-93fc-784485729984,diffuse,当前四级词表及声明变体未直接匹配；不因此将六级词加入四级。
564bcea8-a7e5-480c-84bb-11ecdcd747f3,diffusion,当前四级词表及声明变体未直接匹配；不因此将六级词加入四级。
9b0eab0d-805f-453d-b577-758afcdddf63,groove,当前四级词表及声明变体未直接匹配；不因此将六级词加入四级。
e541b710-6a84-411d-b6ca-2dde136513f7,garlic,当前四级词表及声明变体未直接匹配；不因此将六级词加入四级。
0cdcc7ff-0c7e-448c-b998-e58fd4688fa1,velvet,当前四级词表及声明变体未直接匹配；不因此将六级词加入四级。
7e9c4579-2942-420c-a658-dade591bfd4a,definitive,当前四级词表及声明变体未直接匹配；不因此将六级词加入四级。
2430be2e-1f6f-4f31-afb3-df7a15ee8da5,petrochemical,当前四级词表及声明变体未直接匹配；不因此将六级词加入四级。
78533546-d098-4852-8f72-2fae9db78366,onset,当前四级词表及声明变体未直接匹配；不因此将六级词加入四级。
d939442b-9148-47e6-a843-1ec0d0ae180b,thereafter,当前四级词表及声明变体未直接匹配；不因此将六级词加入四级。
11a6fdc2-8e68-4150-a76b-bed62d34a16a,shaft,当前四级词表及声明变体未直接匹配；不因此将六级词加入四级。
68c79efe-c69e-4368-8c85-00c633c378df,doze,当前四级词表及声明变体未直接匹配；不因此将六级词加入四级。
7065d938-2365-415f-8d88-79d1603758f9,dozy,当前四级词表及声明变体未直接匹配；不因此将六级词加入四级。
d3bb9a27-2881-44d4-a3ce-49253531835e,venue,当前四级词表及声明变体未直接匹配；不因此将六级词加入四级。
4226b4b2-e770-42bd-b073-70aa1283f457,impromptu,当前四级词表及声明变体未直接匹配；不因此将六级词加入四级。
b2790343-951c-4bfe-8a17-3ebb28850bf0,composite,当前四级词表及声明变体未直接匹配；不因此将六级词加入四级。
d9bf86e3-0564-4a9d-9347-8716279bd716,tranquil,当前四级词表及声明变体未直接匹配；不因此将六级词加入四级。
4a965099-1956-4817-bab2-4c1896be18a7,tranquility,当前四级词表及声明变体未直接匹配；不因此将六级词加入四级。
0adb3608-aee3-4f29-980f-85db4714f646,proofread,当前四级词表及声明变体未直接匹配；不因此将六级词加入四级。
fed9c018-5747-48b0-8727-222201956950,proofreader,当前四级词表及声明变体未直接匹配；不因此将六级词加入四级。
c1c55f06-2789-4f5e-bc4b-20ed202b8fec,coconut,当前四级词表及声明变体未直接匹配；不因此将六级词加入四级。
d58098aa-2976-4510-b49d-1a59399e4ce7,mock,当前四级词表及声明变体未直接匹配；不因此将六级词加入四级。
d1b3f923-9771-434e-abad-ef013d2e76aa,embroidery,当前四级词表及声明变体未直接匹配；不因此将六级词加入四级。
f2771196-3e46-4df2-adfb-719cf9cb7f4a,spicy,当前四级词表及声明变体未直接匹配；不因此将六级词加入四级。
ae2f9762-c34c-44ce-bef4-54ac341494df,spice,当前四级词表及声明变体未直接匹配；不因此将六级词加入四级。
645eb2dd-2ee2-4997-a283-4dddc9c62a10,interim,当前四级词表及声明变体未直接匹配；不因此将六级词加入四级。
ab36d3e2-8232-4563-b819-30c29d10b2d1,prune,当前四级词表及声明变体未直接匹配；不因此将六级词加入四级。
62fba4d4-4de5-4014-8fce-d8eda799cfc9,illicit,当前四级词表及声明变体未直接匹配；不因此将六级词加入四级。
0c6ff2db-0390-492a-ae06-7961c5fc6f7b,hound,当前四级词表及声明变体未直接匹配；不因此将六级词加入四级。
4bcd146c-127d-484f-a700-217303e86881,colonel,当前四级词表及声明变体未直接匹配；不因此将六级词加入四级。
21fe5293-a8c4-421e-ad2d-ff9aa154d473,drawback,当前四级词表及声明变体未直接匹配；不因此将六级词加入四级。
39ffae66-5263-4377-a690-2f8d97e763d9,jargon,当前四级词表及声明变体未直接匹配；不因此将六级词加入四级。
e6218ca6-f6ff-498b-81dc-554496993720,weary,当前四级词表及声明变体未直接匹配；不因此将六级词加入四级。
6b794c5d-f67f-4242-8d6f-41909ef4b943,weariness,当前四级词表及声明变体未直接匹配；不因此将六级词加入四级。
f7475bbc-320d-4b55-b224-df180072f88f,volatile,当前四级词表及声明变体未直接匹配；不因此将六级词加入四级。
4a1e16de-af2b-4c4b-aa3e-66112f6962d2,volatility,当前四级词表及声明变体未直接匹配；不因此将六级词加入四级。
62451715-7efd-4c5b-a297-8bda78ff4765,convict,当前四级词表及声明变体未直接匹配；不因此将六级词加入四级。
053a563f-55d5-4d3d-95af-fccc7b313ba2,conviction,当前四级词表及声明变体未直接匹配；不因此将六级词加入四级。
e556e040-770d-4b64-b423-534190c9d0fd,uranium,当前四级词表及声明变体未直接匹配；不因此将六级词加入四级。
1b709422-fdcf-4d1d-9cf4-5c1178f766ad,pedal,当前四级词表及声明变体未直接匹配；不因此将六级词加入四级。
58c30c6a-5bd3-4feb-9594-c8455f8666f2,abrupt,当前四级词表及声明变体未直接匹配；不因此将六级词加入四级。
a8ecbe93-7488-4a12-ad01-6a819ba9d623,disarm,当前四级词表及声明变体未直接匹配；不因此将六级词加入四级。
9f540912-140b-4596-81bd-7cfe4d8929da,disarmament,当前四级词表及声明变体未直接匹配；不因此将六级词加入四级。
40b89a19-ca51-46b2-a173-be1b86507197,disarming,当前四级词表及声明变体未直接匹配；不因此将六级词加入四级。
e1c144d6-b832-4df6-bdbd-4a5d2bb1ecc4,gorge,当前四级词表及声明变体未直接匹配；不因此将六级词加入四级。
b891db81-381a-44bb-ac71-41c891cb87ef,franc,当前四级词表及声明变体未直接匹配；不因此将六级词加入四级。
f3ddcd21-7b55-4146-b4e9-d21b40f5dd36,franchise,当前四级词表及声明变体未直接匹配；不因此将六级词加入四级。
ee25e7d0-2c82-4731-b867-2e02920c0e70,franchisee,当前四级词表及声明变体未直接匹配；不因此将六级词加入四级。
d8335602-6ff2-42bb-89c7-f03a2e532e44,seam,当前四级词表及声明变体未直接匹配；不因此将六级词加入四级。
c401c74f-cf44-43ab-9075-250847028b1b,prophet,当前四级词表及声明变体未直接匹配；不因此将六级词加入四级。
d139f082-79be-4636-882b-f83112ca9f3e,crouch,当前四级词表及声明变体未直接匹配；不因此将六级词加入四级。
ddce345d-d045-4318-911b-ffa9c6c2df68,appraise,当前四级词表及声明变体未直接匹配；不因此将六级词加入四级。
b8f51e12-585a-470f-99a5-a8fa636b7d98,observatory,当前四级词表及声明变体未直接匹配；不因此将六级词加入四级。
5e47c1cf-6a60-47e6-9445-c07062f9a742,infringe,当前四级词表及声明变体未直接匹配；不因此将六级词加入四级。
db97c5ba-db4d-47e0-8eda-e6d033f5c645,infringement,当前四级词表及声明变体未直接匹配；不因此将六级词加入四级。
89be17c2-05eb-4c66-931d-bae840dc4f1e,zeal,当前四级词表及声明变体未直接匹配；不因此将六级词加入四级。
ed7a3013-ebbf-4017-a1e8-e7736988b5df,zealous,当前四级词表及声明变体未直接匹配；不因此将六级词加入四级。
6b5ae1de-29df-4f2b-9472-e67bd8a65882,steward,当前四级词表及声明变体未直接匹配；不因此将六级词加入四级。
7114f539-46b4-4c34-9524-a34ac21e4dc8,solo,当前四级词表及声明变体未直接匹配；不因此将六级词加入四级。
844111a4-313b-449f-b48b-654bb7e271da,mob,当前四级词表及声明变体未直接匹配；不因此将六级词加入四级。
76764a6c-fafb-4f76-8616-02aecb4b29ce,cunning,当前四级词表及声明变体未直接匹配；不因此将六级词加入四级。
5a72be55-d3b2-44fe-bcb8-7104244189d2,cunningly,当前四级词表及声明变体未直接匹配；不因此将六级词加入四级。
c19ca860-00a8-4e9d-849f-1511ea7eb2b3,stagnate,当前四级词表及声明变体未直接匹配；不因此将六级词加入四级。
ba642082-8c0f-4afc-bb70-898acff505a7,stagnation,当前四级词表及声明变体未直接匹配；不因此将六级词加入四级。
3febd55c-a614-4c42-9a95-b8cae7b0b0f9,stagnant,当前四级词表及声明变体未直接匹配；不因此将六级词加入四级。
470a3d07-6735-4847-a7be-e008cdc9dde1,chant,当前四级词表及声明变体未直接匹配；不因此将六级词加入四级。
93c69974-c15f-40b5-93cf-94071d9333a5,hypocrisy,当前四级词表及声明变体未直接匹配；不因此将六级词加入四级。
62dbef46-0dde-42f5-961a-33da8e4cefaa,hypocritical,当前四级词表及声明变体未直接匹配；不因此将六级词加入四级。
10d7665b-d8ed-4293-bcc3-675923bbd916,hypocrite,当前四级词表及声明变体未直接匹配；不因此将六级词加入四级。
6831725c-6999-4af8-acba-73618e9ed8b9,tempo,当前四级词表及声明变体未直接匹配；不因此将六级词加入四级。
bafeb327-5ccc-428f-b331-a2b7d39d7aa8,stipulate,当前四级词表及声明变体未直接匹配；不因此将六级词加入四级。
49dbf266-5fb2-4fff-a4a9-ab45ed6ab440,stipulation,当前四级词表及声明变体未直接匹配；不因此将六级词加入四级。
217a468e-9ed0-4a86-bf97-3e80a5ca5836,rehabilitate,当前四级词表及声明变体未直接匹配；不因此将六级词加入四级。
126c0877-7555-43b5-98c7-33816e62c84b,rehabilitation,当前四级词表及声明变体未直接匹配；不因此将六级词加入四级。
3905b782-1007-4e5f-b3a5-0a96c3681236,scrub,当前四级词表及声明变体未直接匹配；不因此将六级词加入四级。
222f549d-f2a1-49db-b60d-7bb8789bf1e9,jerk,当前四级词表及声明变体未直接匹配；不因此将六级词加入四级。
6028bbd9-1907-4284-b24b-70c74366e9f6,skull,当前四级词表及声明变体未直接匹配；不因此将六级词加入四级。
38e30351-072c-4c4a-bcaf-8b585d4a8392,majesty,当前四级词表及声明变体未直接匹配；不因此将六级词加入四级。
6ff23901-879a-4d32-b28d-456e58f09a59,majestic,当前四级词表及声明变体未直接匹配；不因此将六级词加入四级。
e2a9330c-24ae-4bf1-bec1-f63e9b7f9334,saddle,当前四级词表及声明变体未直接匹配；不因此将六级词加入四级。
34c4f1f5-8507-466d-a2a3-b4ee4a9f4de0,strait,当前四级词表及声明变体未直接匹配；不因此将六级词加入四级。
a25352c9-5f54-4e93-af6a-6346f166cd2c,ale,当前四级词表及声明变体未直接匹配；不因此将六级词加入四级。
d3faac4f-9f0b-46eb-88ec-2fb609020827,tow,当前四级词表及声明变体未直接匹配；不因此将六级词加入四级。
cbde8bb5-754f-4808-93e4-f56770e31c96,plumbing,当前四级词表及声明变体未直接匹配；不因此将六级词加入四级。
fd30f60b-daf6-4a96-b1ea-817d9d4dbf07,plumber,当前四级词表及声明变体未直接匹配；不因此将六级词加入四级。
bd06c45d-8628-4fe3-a584-26eedc1af903,lipstick,当前四级词表及声明变体未直接匹配；不因此将六级词加入四级。
5ed8f413-0331-4aec-97db-0211d26687b5,treasury,当前四级词表及声明变体未直接匹配；不因此将六级词加入四级。
15e18a43-b952-4398-b8fa-1bcddda8c6ad,treasurer,当前四级词表及声明变体未直接匹配；不因此将六级词加入四级。
3658e261-23c3-4690-80ee-f605c2aa573a,astray,当前四级词表及声明变体未直接匹配；不因此将六级词加入四级。
94ab2da3-62f9-4448-9816-95c2dcab27eb,beckon,当前四级词表及声明变体未直接匹配；不因此将六级词加入四级。
ef40833c-cde2-470b-8b15-7fb6ffb7da56,artifact,当前四级词表及声明变体未直接匹配；不因此将六级词加入四级。
43c395a7-28c9-4010-bc9f-e3ecaf24d317,parish,当前四级词表及声明变体未直接匹配；不因此将六级词加入四级。
74ca043e-0ca7-48f4-bcc2-0f7d006822ae,sponge,当前四级词表及声明变体未直接匹配；不因此将六级词加入四级。
97a67a3f-dec9-4859-ac22-5a489778cc86,spongy,当前四级词表及声明变体未直接匹配；不因此将六级词加入四级。
2933792d-391b-4941-8d10-0c508c6ca719,feminine,当前四级词表及声明变体未直接匹配；不因此将六级词加入四级。
3b101ae5-d7a6-454e-8a1d-8d88448a98d4,femininity,当前四级词表及声明变体未直接匹配；不因此将六级词加入四级。
f2fbb0ca-316d-44ff-8f2a-f40df7d5dceb,isle,当前四级词表及声明变体未直接匹配；不因此将六级词加入四级。
1b3af4f8-4a84-4d54-bb0e-bd547a4cdbc2,syndicate,当前四级词表及声明变体未直接匹配；不因此将六级词加入四级。
c1dec620-0c4a-47dc-876c-f61b51710c89,referee,当前四级词表及声明变体未直接匹配；不因此将六级词加入四级。
78cd13f9-b8ab-42c8-a9ba-1f76eb27cb54,yoke,当前四级词表及声明变体未直接匹配；不因此将六级词加入四级。
3fadfb0a-dad6-4e35-8e67-a54c78c91811,elastic,当前四级词表及声明变体未直接匹配；不因此将六级词加入四级。
bc5103b1-5436-4d70-8a6e-63013bf3eb5f,elasticity,当前四级词表及声明变体未直接匹配；不因此将六级词加入四级。
15cd6599-0da9-4f8d-b21c-3de6ac205c09,malice,当前四级词表及声明变体未直接匹配；不因此将六级词加入四级。
499d0c41-dc7f-4ccb-98fc-4f79887986f1,malicious,当前四级词表及声明变体未直接匹配；不因此将六级词加入四级。
e4382ac2-e66e-4750-bbed-d397334addbe,outlaw,当前四级词表及声明变体未直接匹配；不因此将六级词加入四级。
2ce89a37-f0c6-4c4b-a0a1-8eef4b00e335,peck,当前四级词表及声明变体未直接匹配；不因此将六级词加入四级。
4ce4dd59-33ea-476b-8669-cc7d6baa85e7,picker,当前四级词表及声明变体未直接匹配；不因此将六级词加入四级。
5d75fb44-135a-4704-aa46-f68340a64504,tropic,当前四级词表及声明变体未直接匹配；不因此将六级词加入四级。
cdaa351d-9df3-4a5d-a90b-9056352bbe0b,tropical,当前四级词表及声明变体未直接匹配；不因此将六级词加入四级。
d05f5dac-67db-417a-850b-54e5645ffbcd,dismantle,当前四级词表及声明变体未直接匹配；不因此将六级词加入四级。
a471978c-8878-4c10-872d-6f3693627289,dismantling,当前四级词表及声明变体未直接匹配；不因此将六级词加入四级。
4bf817c5-20a2-40a9-9fa8-29fcc4ef14eb,booklet,当前四级词表及声明变体未直接匹配；不因此将六级词加入四级。
1070c264-a208-4d9d-a4f5-ec3e82047e03,lotion,当前四级词表及声明变体未直接匹配；不因此将六级词加入四级。
87be5be3-1c16-4298-9c50-35662da5ed5a,porch,当前四级词表及声明变体未直接匹配；不因此将六级词加入四级。
85e5bab6-c1a6-416c-aeb7-ae7be9e9129f,lad,当前四级词表及声明变体未直接匹配；不因此将六级词加入四级。
0249616b-e2b3-4606-86ef-3a3911ebd462,preside,当前四级词表及声明变体未直接匹配；不因此将六级词加入四级。
ab58c866-8438-4e50-b078-0041e9d6fe9b,numb,当前四级词表及声明变体未直接匹配；不因此将六级词加入四级。
91e32286-8d2a-4c6a-99d8-25a3b85c33e6,tumble,当前四级词表及声明变体未直接匹配；不因此将六级词加入四级。
989776a1-fa25-479f-bbd1-d5a726f08fcc,zoom,当前四级词表及声明变体未直接匹配；不因此将六级词加入四级。
3adcda89-e2d8-426a-9c0a-7e09e507aa24,linen,当前四级词表及声明变体未直接匹配；不因此将六级词加入四级。
233b4acb-ddc1-44fe-b67a-5de695391131,murmur,当前四级词表及声明变体未直接匹配；不因此将六级词加入四级。
b9c013ca-af31-4b96-bd3b-e5e6803535d6,tribe,当前四级词表及声明变体未直接匹配；不因此将六级词加入四级。
3b181dfb-ee28-455c-99d9-e5ec3a412192,tribune,当前四级词表及声明变体未直接匹配；不因此将六级词加入四级。
c8076bbe-1a35-4715-973e-a510bd7162e8,unanimous,当前四级词表及声明变体未直接匹配；不因此将六级词加入四级。
db0cd541-dc77-4d7d-bb85-03d19b31513d,corporal,当前四级词表及声明变体未直接匹配；不因此将六级词加入四级。
79464802-ee45-4372-a7ae-d64cbfea65e6,lieutenant,当前四级词表及声明变体未直接匹配；不因此将六级词加入四级。
da123b0c-63dc-45fc-b632-767610656251,squad,当前四级词表及声明变体未直接匹配；不因此将六级词加入四级。
51724a99-3816-4123-9733-003cff359c56,decree,当前四级词表及声明变体未直接匹配；不因此将六级词加入四级。
6a12e85c-ba19-4bc8-99af-8dc53ca6a1b9,discrete,当前四级词表及声明变体未直接匹配；不因此将六级词加入四级。
0b3400f9-04fb-4fd0-a043-3b80bfd6bdf3,tightly,当前四级词表及声明变体未直接匹配；不因此将六级词加入四级。
2581c660-250e-429a-a8e3-a950c312f136,partition,当前四级词表及声明变体未直接匹配；不因此将六级词加入四级。
41e4004f-76ee-4561-a9c3-cc45c4d76b6b,formidable,当前四级词表及声明变体未直接匹配；不因此将六级词加入四级。
6ad0e56a-10b5-41c0-8bd5-b066ad126610,feeble,当前四级词表及声明变体未直接匹配；不因此将六级词加入四级。
dcd05928-c9d3-4c4c-ae6b-7e3beb3cb04f,stab,当前四级词表及声明变体未直接匹配；不因此将六级词加入四级。
02c8aff5-67e5-442e-8d1d-88c3303bd277,confederation,当前四级词表及声明变体未直接匹配；不因此将六级词加入四级。
f03235b4-4dc3-4da0-aeef-a921ca682068,deport,当前四级词表及声明变体未直接匹配；不因此将六级词加入四级。
50f063f9-4c04-45f9-ba1b-d6d4be9d1b62,deportation,当前四级词表及声明变体未直接匹配；不因此将六级词加入四级。
78fc53e3-473e-4b54-99b1-e1891a7d1905,lash,当前四级词表及声明变体未直接匹配；不因此将六级词加入四级。
4bbd8b23-c13a-4c76-bd4b-5e80640b2014,carve,当前四级词表及声明变体未直接匹配；不因此将六级词加入四级。
84173942-0038-4f16-ada1-cfb8a5d85f58,wield,当前四级词表及声明变体未直接匹配；不因此将六级词加入四级。
cd4a6661-29e5-4c3b-a581-b58500403d6e,cork,当前四级词表及声明变体未直接匹配；不因此将六级词加入四级。
35d3b7e4-7d32-47eb-b7dd-a88423674da9,vow,当前四级词表及声明变体未直接匹配；不因此将六级词加入四级。
746cd86a-40c0-4b96-99e7-24629b53893a,obstruct,当前四级词表及声明变体未直接匹配；不因此将六级词加入四级。
061485f1-feca-4474-9f12-e953ea110aed,obstruction,当前四级词表及声明变体未直接匹配；不因此将六级词加入四级。
26e88ee3-2aba-4afe-8896-2260ca57f259,shutter,当前四级词表及声明变体未直接匹配；不因此将六级词加入四级。
c1289637-d60e-49dd-81a5-51c1df2e64d0,artillery,当前四级词表及声明变体未直接匹配；不因此将六级词加入四级。
3aa09597-aac2-432a-bf7a-79677a135fe1,taboo,当前四级词表及声明变体未直接匹配；不因此将六级词加入四级。
462b008f-f87a-498d-aea1-1f67c3112aa5,contingent,当前四级词表及声明变体未直接匹配；不因此将六级词加入四级。
cafe22b5-baa9-4016-8e25-884c1c463379,avenge,当前四级词表及声明变体未直接匹配；不因此将六级词加入四级。
8f9810a6-aee6-403a-bdfe-36602b2ab8f9,avenger,当前四级词表及声明变体未直接匹配；不因此将六级词加入四级。
4e5d5d47-1e0d-433d-a612-4f94a8f65c07,plea,当前四级词表及声明变体未直接匹配；不因此将六级词加入四级。
86952145-e06c-4c5e-808f-4adeb51bd9e9,parasite,当前四级词表及声明变体未直接匹配；不因此将六级词加入四级。
edbb21ff-b614-475c-8500-6248b81506a3,peg,当前四级词表及声明变体未直接匹配；不因此将六级词加入四级。
20ebade2-d7bd-4556-a238-485b2f37297d,massacre,当前四级词表及声明变体未直接匹配；不因此将六级词加入四级。
cb836916-f794-474b-9dcc-2eafb289bfb0,courtesy,当前四级词表及声明变体未直接匹配；不因此将六级词加入四级。
d71f3593-393a-4c92-9403-633ad6f3a581,interrogate,当前四级词表及声明变体未直接匹配；不因此将六级词加入四级。
ef0bae22-0f1f-4d4f-8c9e-cc3e99a14d9f,interrogation,当前四级词表及声明变体未直接匹配；不因此将六级词加入四级。
62a898d2-a9a2-43c3-bcdd-0ac71f48fa58,sergeant,当前四级词表及声明变体未直接匹配；不因此将六级词加入四级。
ec871554-3f27-489a-8c98-c4064949f094,pumpkin,当前四级词表及声明变体未直接匹配；不因此将六级词加入四级。
3f40998a-35bf-428d-861a-92c5147b303b,memorable,当前四级词表及声明变体未直接匹配；不因此将六级词加入四级。
072d3e7c-8c7d-42fd-a048-634b70c8b7ac,commemorate,当前四级词表及声明变体未直接匹配；不因此将六级词加入四级。
b460e3ef-e30f-490e-8b33-2e19c180fc72,commemoration,当前四级词表及声明变体未直接匹配；不因此将六级词加入四级。
8433409c-6131-4afb-9028-d9fd08171ff8,abreast,当前四级词表及声明变体未直接匹配；不因此将六级词加入四级。
46641831-189e-4ab9-a416-7190264b57c5,multilateral,当前四级词表及声明变体未直接匹配；不因此将六级词加入四级。
e00b6595-add3-4aac-8b20-ab5790ad8dfc,anonymous,当前四级词表及声明变体未直接匹配；不因此将六级词加入四级。
365a1b6f-1b75-448d-b802-ec216e550749,depreciate,当前四级词表及声明变体未直接匹配；不因此将六级词加入四级。
e95a179b-1c98-4c50-84a2-36cb50e847c1,depreciation,当前四级词表及声明变体未直接匹配；不因此将六级词加入四级。
025b7bf2-1f81-4332-8691-3d385223e3a8,vogue,当前四级词表及声明变体未直接匹配；不因此将六级词加入四级。
50711db8-d6c5-4515-ae98-8b074cc1244b,vest,当前四级词表及声明变体未直接匹配；不因此将六级词加入四级。
97fbbed5-172b-436b-80a9-1af3b1c77843,humiliate,当前四级词表及声明变体未直接匹配；不因此将六级词加入四级。
7fcdab5c-6f41-41ac-96ed-66ee1ff0f548,humiliation,当前四级词表及声明变体未直接匹配；不因此将六级词加入四级。
bc637f94-908f-430c-ad8e-3800bc3681c1,flap,当前四级词表及声明变体未直接匹配；不因此将六级词加入四级。
fe2d7afb-3787-40b0-bd94-b431403aff24,solicitor,当前四级词表及声明变体未直接匹配；不因此将六级词加入四级。
ec48a85a-60cd-48b7-a39e-a2bff248fc13,censor,当前四级词表及声明变体未直接匹配；不因此将六级词加入四级。
b762c6be-3e21-4fb6-a6ab-d34a6af3c5c0,censorious,当前四级词表及声明变体未直接匹配；不因此将六级词加入四级。
73712f7c-57da-4e4b-ac09-6747c2370ff1,censorship,当前四级词表及声明变体未直接匹配；不因此将六级词加入四级。
8f5b2561-cbe1-4cc4-80b3-b393c14dbf3b,exposition,当前四级词表及声明变体未直接匹配；不因此将六级词加入四级。
072ae105-f2a7-4f92-a923-97c6dc7e9028,clearance,当前四级词表及声明变体未直接匹配；不因此将六级词加入四级。
5aaaa1f8-3f76-4599-adb2-f5f149bd92b7,retrospect,当前四级词表及声明变体未直接匹配；不因此将六级词加入四级。
eb9bd5e1-8f50-4b58-bc53-ea7dcedefa81,retrospective,当前四级词表及声明变体未直接匹配；不因此将六级词加入四级。
2d3f714e-63f2-4ba4-a111-b44b2dcf8229,aloft,当前四级词表及声明变体未直接匹配；不因此将六级词加入四级。
2986cbe6-b92c-4d8f-ba5e-8fd33c9e3365,equator,当前四级词表及声明变体未直接匹配；不因此将六级词加入四级。
975bf167-b970-47e8-8c01-cf4fbfc1c295,preoccupy,当前四级词表及声明变体未直接匹配；不因此将六级词加入四级。
02ba412a-c658-430a-a559-23b5cc32696b,preoccupied,当前四级词表及声明变体未直接匹配；不因此将六级词加入四级。
0dbfae73-dca0-47d9-8fcb-eb769936e2bf,sieve,当前四级词表及声明变体未直接匹配；不因此将六级词加入四级。
595b7f9f-a5a8-43f5-841d-b08f487b049d,cradle,当前四级词表及声明变体未直接匹配；不因此将六级词加入四级。
4b57ccf9-0679-45de-9713-44059533bb69,elapse,当前四级词表及声明变体未直接匹配；不因此将六级词加入四级。
3b572d15-0414-4fbe-a874-909c6c199133,inlet,当前四级词表及声明变体未直接匹配；不因此将六级词加入四级。
f10d2215-3d8d-417e-9c60-b166ab122a25,rectangle,当前四级词表及声明变体未直接匹配；不因此将六级词加入四级。
2f1f8ada-0c2d-4dd8-9283-ef2bbe9c84b8,rectangular,当前四级词表及声明变体未直接匹配；不因此将六级词加入四级。
53c8bdda-387a-40d9-9cbf-2af706099da1,parachute,当前四级词表及声明变体未直接匹配；不因此将六级词加入四级。
ac7a4feb-833d-4c77-b497-4581010e7a24,grease,当前四级词表及声明变体未直接匹配；不因此将六级词加入四级。
8cacfaf4-3e28-4d06-bf5f-64504802461b,greasy,当前四级词表及声明变体未直接匹配；不因此将六级词加入四级。
bb0e1ff0-2f3a-4781-96fa-3e8abf8cf231,ridge,当前四级词表及声明变体未直接匹配；不因此将六级词加入四级。
a8383ff0-c5a6-4b8b-94cf-2a5b24b6481d,mingle,当前四级词表及声明变体未直接匹配；不因此将六级词加入四级。
554e597e-d86a-48e2-a897-a0e6383da43f,cliche,当前四级词表及声明变体未直接匹配；不因此将六级词加入四级。
586bc5fa-0b2e-4f2f-9707-4e19666901c3,cliched,当前四级词表及声明变体未直接匹配；不因此将六级词加入四级。
93969008-ff6d-4c0b-96cb-b631c1785138,shrewd,当前四级词表及声明变体未直接匹配；不因此将六级词加入四级。
4b25da95-9d69-4110-b071-8c6f7d1c83c8,temperament,当前四级词表及声明变体未直接匹配；不因此将六级词加入四级。
6c95e738-d943-42bc-9d75-3ef2af06a87b,individuality,当前四级词表及声明变体未直接匹配；不因此将六级词加入四级。
9038ab04-083b-4ef5-bb5c-673d1c27cfb3,brigade,当前四级词表及声明变体未直接匹配；不因此将六级词加入四级。
6758a0ec-acbe-4144-be31-843a1aff3cce,brigadier,当前四级词表及声明变体未直接匹配；不因此将六级词加入四级。
437e9810-5172-409a-8da6-3fa4b1858f8a,mercury,当前四级词表及声明变体未直接匹配；不因此将六级词加入四级。
1ffed2d2-215f-4050-98ff-f4e3d4b35360,intermittent,当前四级词表及声明变体未直接匹配；不因此将六级词加入四级。
7daeb821-e71d-46f5-885c-6660347d5dfc,curtail,当前四级词表及声明变体未直接匹配；不因此将六级词加入四级。
5463572e-57a5-4ca4-b05f-efbe3efda4e1,curtailment,当前四级词表及声明变体未直接匹配；不因此将六级词加入四级。
676bd03a-346a-4c01-9c0d-a9bb3b198df1,marble,当前四级词表及声明变体未直接匹配；不因此将六级词加入四级。
496d3ed2-4985-4ad4-906b-32d501780f29,ardent,当前四级词表及声明变体未直接匹配；不因此将六级词加入四级。
e2bd21d0-3501-4a95-aeb3-cc4d440cc670,archive,当前四级词表及声明变体未直接匹配；不因此将六级词加入四级。
5a720ce5-745f-4c44-994f-0032dfa0367a,archivist,当前四级词表及声明变体未直接匹配；不因此将六级词加入四级。
e094d9e8-c471-4044-b03b-048c0104fb25,lyric,当前四级词表及声明变体未直接匹配；不因此将六级词加入四级。
c15a67ef-3b1d-464f-a991-7ebcf3e2f14c,lyrical,当前四级词表及声明变体未直接匹配；不因此将六级词加入四级。
b00e1e31-ec9d-4a25-971a-6ab15ef81b96,overpass,当前四级词表及声明变体未直接匹配；不因此将六级词加入四级。
e6f0360d-24e9-46dd-a31e-820e02855070,snob,当前四级词表及声明变体未直接匹配；不因此将六级词加入四级。
1c986d9b-eeaa-4a3d-9636-202915a8e78d,snobbish,当前四级词表及声明变体未直接匹配；不因此将六级词加入四级。
8c98fa31-376f-44b5-82c6-f05a94c6443f,transient,当前四级词表及声明变体未直接匹配；不因此将六级词加入四级。
6d54778b-ec54-4bc4-82b4-ea42a81b8b8d,dissent,当前四级词表及声明变体未直接匹配；不因此将六级词加入四级。
9b5d51af-bb47-4451-aab4-e3f57b6e516e,dissenter,当前四级词表及声明变体未直接匹配；不因此将六级词加入四级。
78e1f791-53a4-46df-ab47-38f0ce8ec12d,latitude,当前四级词表及声明变体未直接匹配；不因此将六级词加入四级。
b11902c8-2ba3-4d34-ae51-d03b5b92f377,tanker,当前四级词表及声明变体未直接匹配；不因此将六级词加入四级。
36c7a202-d06b-496f-b618-4c994e40db42,affirm,当前四级词表及声明变体未直接匹配；不因此将六级词加入四级。
50b040f0-5b20-412d-a27c-806daadf805d,jolly,当前四级词表及声明变体未直接匹配；不因此将六级词加入四级。
fb5ac652-0218-4dd2-9dd8-9fc80e10bae2,jollity,当前四级词表及声明变体未直接匹配；不因此将六级词加入四级。
1c3c0a0b-ffff-48f0-bc51-a76c7753c295,fling,当前四级词表及声明变体未直接匹配；不因此将六级词加入四级。
58626821-bbdb-4b23-8924-fecc458a0967,unify,当前四级词表及声明变体未直接匹配；不因此将六级词加入四级。
41bf0b85-10a5-4f3b-ba9d-3197ba7a0dfa,analogue,当前四级词表及声明变体未直接匹配；不因此将六级词加入四级。
88b9bb30-c273-4167-8a48-38e0160f4307,analogous,当前四级词表及声明变体未直接匹配；不因此将六级词加入四级。
54255b08-42f0-4cef-b3af-40541e61698b,stationery,当前四级词表及声明变体未直接匹配；不因此将六级词加入四级。
5fcbd821-abce-4319-9a22-64006db1214a,minibus,当前四级词表及声明变体未直接匹配；不因此将六级词加入四级。
776abbae-5326-4302-8753-f94dbed7bc8b,gleam,当前四级词表及声明变体未直接匹配；不因此将六级词加入四级。
a3e0995c-9048-40d9-a21c-2add74e07bc1,buffer,当前四级词表及声明变体未直接匹配；不因此将六级词加入四级。
bbbf2946-d61b-454e-bb73-94dddfc8055f,detain,当前四级词表及声明变体未直接匹配；不因此将六级词加入四级。
6f972b5a-b0f2-4bcd-bc21-cf47875c9db7,detention,当前四级词表及声明变体未直接匹配；不因此将六级词加入四级。
b7ab5c19-cfbd-4576-a6dc-639836121dad,synthetic,当前四级词表及声明变体未直接匹配；不因此将六级词加入四级。
d5c0a9c4-0333-4981-a5d4-4fa78bf0d806,synonym,当前四级词表及声明变体未直接匹配；不因此将六级词加入四级。
facfb735-b9df-4ed8-9691-302862ecc008,synonymous,当前四级词表及声明变体未直接匹配；不因此将六级词加入四级。
fcf0d378-640e-41a6-962b-d70aabdc88a5,Easter,当前四级词表及声明变体未直接匹配；不因此将六级词加入四级。
11821b7b-e4da-4a6a-8aeb-a929529b3107,maternal,当前四级词表及声明变体未直接匹配；不因此将六级词加入四级。
470a25d9-c6aa-401c-a247-3d7689d0bd16,maternity,当前四级词表及声明变体未直接匹配；不因此将六级词加入四级。
1b1e74c3-1451-4cb9-acd1-a229ed28b922,symmetry,当前四级词表及声明变体未直接匹配；不因此将六级词加入四级。
ab4fafd8-1800-4311-894f-a4de7ed8206e,whirl,当前四级词表及声明变体未直接匹配；不因此将六级词加入四级。
01bbdb95-0a6a-4619-9bdd-6ede0e8057a2,almighty,当前四级词表及声明变体未直接匹配；不因此将六级词加入四级。
c6528d25-32d0-4420-bf00-7677fb2e86bc,wink,当前四级词表及声明变体未直接匹配；不因此将六级词加入四级。
48d5507f-6747-49e8-be1f-33d9d5ce6392,meticulous,当前四级词表及声明变体未直接匹配；不因此将六级词加入四级。
80554fdd-36aa-42cf-b621-9ee7718a0598,meticulously,当前四级词表及声明变体未直接匹配；不因此将六级词加入四级。
d342eb7a-e5ac-4e49-b782-45f1b8c90e16,frown,当前四级词表及声明变体未直接匹配；不因此将六级词加入四级。
ccc8f259-92c8-4d9f-8a3b-a199cd96ebd6,electoral,当前四级词表及声明变体未直接匹配；不因此将六级词加入四级。
8c0f5771-4ab5-4a8a-bcb6-813c3c36d13f,electorate,当前四级词表及声明变体未直接匹配；不因此将六级词加入四级。
45301c94-535e-484f-9fb2-e7d12ab4af08,commonwealth,当前四级词表及声明变体未直接匹配；不因此将六级词加入四级。
6e212df2-f531-43a2-a7a1-5d0d349572d6,appraisal,当前四级词表及声明变体未直接匹配；不因此将六级词加入四级。
5bfde166-12b7-4f58-b4f5-bc461dfbdfde,timid,当前四级词表及声明变体未直接匹配；不因此将六级词加入四级。
5fa723f6-446b-4001-aeb9-a00adb221c5d,crumble,当前四级词表及声明变体未直接匹配；不因此将六级词加入四级。
1c68ef02-0de1-44be-bfbc-f2692d5e231d,serial,当前四级词表及声明变体未直接匹配；不因此将六级词加入四级。
6942b128-fb09-44c0-9336-d7cde3dd17ff,greed,当前四级词表及声明变体未直接匹配；不因此将六级词加入四级。
073a5a0f-8bd7-4dfc-8e62-88e93845e2b8,greedy,当前四级词表及声明变体未直接匹配；不因此将六级词加入四级。
05edb3ea-f500-4ac9-bf70-b8da9cd1ecc4,greediness,当前四级词表及声明变体未直接匹配；不因此将六级词加入四级。
51a929c0-9de7-4ea3-a5b5-b4174f9d46bf,protocol,当前四级词表及声明变体未直接匹配；不因此将六级词加入四级。
1e0e2317-4ed2-44e3-9bf7-1c479bd43cea,intercourse,当前四级词表及声明变体未直接匹配；不因此将六级词加入四级。
e98528b4-74c2-40f1-9c98-864656c365a4,superstition,当前四级词表及声明变体未直接匹配；不因此将六级词加入四级。
1caa893e-09b0-463e-8caa-82eb780faa85,superstitious,当前四级词表及声明变体未直接匹配；不因此将六级词加入四级。
82924200-ad3a-4e36-b2c0-ea9ad9b3a39c,giggle,当前四级词表及声明变体未直接匹配；不因此将六级词加入四级。
5268e2ff-5526-4534-98ef-6e7e74b7ca42,pope,当前四级词表及声明变体未直接匹配；不因此将六级词加入四级。
5fbf7e07-0088-4b0a-9f5c-84a9ea3d1d6f,unilateral,当前四级词表及声明变体未直接匹配；不因此将六级词加入四级。
cc977c8d-7c1b-4421-9d71-aa8d59c27cdd,wharf,当前四级词表及声明变体未直接匹配；不因此将六级词加入四级。
363ee04e-5f91-482d-a7e8-cee0a69d7506,antenna,当前四级词表及声明变体未直接匹配；不因此将六级词加入四级。
c317cf88-5d09-4b09-8660-344ee819ced3,despise,当前四级词表及声明变体未直接匹配；不因此将六级词加入四级。
98e172cf-07d9-457b-8166-bba5bd330580,allude,当前四级词表及声明变体未直接匹配；不因此将六级词加入四级。
c97b629c-b1ad-47f5-b68f-d0937662f44c,allusion,当前四级词表及声明变体未直接匹配；不因此将六级词加入四级。
1869b203-ee18-4500-bcd5-c65480acdf9c,oar,当前四级词表及声明变体未直接匹配；不因此将六级词加入四级。
228697d5-9a41-4465-8c67-f32905b0fc99,knob,当前四级词表及声明变体未直接匹配；不因此将六级词加入四级。
a6603897-89e3-458e-ba92-3886d2cecfb0,distill,当前四级词表及声明变体未直接匹配；不因此将六级词加入四级。
a8f3e1f9-ed9f-474d-ab56-988ce3fb2221,flutter,当前四级词表及声明变体未直接匹配；不因此将六级词加入四级。
5bebd52c-a599-4840-ba11-406dd8f9d11b,transistor,当前四级词表及声明变体未直接匹配；不因此将六级词加入四级。
7957c91f-e5be-422b-915a-bdc74948ae73,limp,当前四级词表及声明变体未直接匹配；不因此将六级词加入四级。
5b64507a-c886-44b3-852a-b460b037c341,turtle,当前四级词表及声明变体未直接匹配；不因此将六级词加入四级。
6c1cca9a-c09b-4fc6-a704-8bb493c2371b,stammer,当前四级词表及声明变体未直接匹配；不因此将六级词加入四级。
52752f5e-2068-4186-83bf-bd1e7d850205,eloquent,当前四级词表及声明变体未直接匹配；不因此将六级词加入四级。
9e1fd59c-d3f6-4d52-b4a2-ab739bd0afd6,eloquence,当前四级词表及声明变体未直接匹配；不因此将六级词加入四级。
3c9e9409-e52c-460b-b9dd-b42602f47a6d,envoy,当前四级词表及声明变体未直接匹配；不因此将六级词加入四级。
791c2526-2417-4d94-ba54-e1effecc1e59,constituent,当前四级词表及声明变体未直接匹配；不因此将六级词加入四级。
7f2592ca-6823-4a0b-804a-af621e139698,reproach,当前四级词表及声明变体未直接匹配；不因此将六级词加入四级。
6658f561-715a-4a05-9aa7-8ccf7500a1b1,quiver,当前四级词表及声明变体未直接匹配；不因此将六级词加入四级。
b5f37720-2fd0-4397-817e-ec48ca0ee4db,beset,当前四级词表及声明变体未直接匹配；不因此将六级词加入四级。
034e162a-7e81-4068-8d6e-c36608c91c1c,bleach,当前四级词表及声明变体未直接匹配；不因此将六级词加入四级。
30064387-0471-4a3f-a4cd-62677aef972c,pathetic,当前四级词表及声明变体未直接匹配；不因此将六级词加入四级。
459ce8e9-68f7-4425-9522-65158da15f9e,urine,当前四级词表及声明变体未直接匹配；不因此将六级词加入四级。
ccd70f0d-3a23-4b7b-bfc7-3008470630a3,bouquet,当前四级词表及声明变体未直接匹配；不因此将六级词加入四级。
487c5bd9-363c-4f59-b288-b585cc3d0c9f,cleanse,当前四级词表及声明变体未直接匹配；不因此将六级词加入四级。
7da7d0c8-e03e-4ec6-8fdd-7522ea9f2473,cleanser,当前四级词表及声明变体未直接匹配；不因此将六级词加入四级。
b6ff7f0f-fe2f-437c-b00f-cbeb33fdb95f,repel,当前四级词表及声明变体未直接匹配；不因此将六级词加入四级。
d2e807f8-ceb3-4fbc-afa2-166646975ee9,topple,当前四级词表及声明变体未直接匹配；不因此将六级词加入四级。
86770857-5121-42f8-aa3e-b8f450b758ed,ivory,当前四级词表及声明变体未直接匹配；不因此将六级词加入四级。
a9e749d4-43ee-4b01-a83a-976dc6534901,lesbian,当前四级词表及声明变体未直接匹配；不因此将六级词加入四级。
cdf1fd65-6517-4bec-9c7b-ee555e9d350d,lesbianism,当前四级词表及声明变体未直接匹配；不因此将六级词加入四级。
76b6ca22-f5d8-4ff4-809e-ee18953b9912,quart,当前四级词表及声明变体未直接匹配；不因此将六级词加入四级。
0d10cf7f-b745-4ca4-8d99-a395b747349e,congregate,当前四级词表及声明变体未直接匹配；不因此将六级词加入四级。
a882c26e-8426-47f1-bb6e-ddec9d395ace,pore,当前四级词表及声明变体未直接匹配；不因此将六级词加入四级。
75be6c93-4562-48b1-b74b-bce812b2d199,cloak,当前四级词表及声明变体未直接匹配；不因此将六级词加入四级。
85a0d919-9f33-4709-8a85-b81933779c13,stroll,当前四级词表及声明变体未直接匹配；不因此将六级词加入四级。
e5149180-1263-478e-b683-8b08fc8077d2,annex,当前四级词表及声明变体未直接匹配；不因此将六级词加入四级。
5f90c52f-1e20-4db7-b19d-d1598ac31c3b,annexation,当前四级词表及声明变体未直接匹配；不因此将六级词加入四级。
1e8f748c-5573-49bf-b161-7cc6799fc05f,sob,当前四级词表及声明变体未直接匹配；不因此将六级词加入四级。
9e7ab523-6a2f-4f8a-9c1c-d4062794c276,static,当前四级词表及声明变体未直接匹配；不因此将六级词加入四级。
3e63a91b-6e4a-4cfe-90a4-844359015760,convoy,当前四级词表及声明变体未直接匹配；不因此将六级词加入四级。
abe149a2-5530-438d-aa77-0a67100e9f31,obscene,当前四级词表及声明变体未直接匹配；不因此将六级词加入四级。
737ac235-9666-4c7c-b4e7-830df658eab6,obscenity,当前四级词表及声明变体未直接匹配；不因此将六级词加入四级。
3c80bad1-cb62-46ee-a506-cc07c995504c,analogy,当前四级词表及声明变体未直接匹配；不因此将六级词加入四级。
449e8cfc-e9e7-4c42-9afe-05bcce1452e0,hardy,当前四级词表及声明变体未直接匹配；不因此将六级词加入四级。
3a00b736-8579-48c4-bd10-b305f7b33e28,radius,当前四级词表及声明变体未直接匹配；不因此将六级词加入四级。
5879738a-2a52-4592-8915-811a8fc65d55,reminiscent,当前四级词表及声明变体未直接匹配；不因此将六级词加入四级。
0a9fce07-5837-47b3-abcf-7fe9de8671f9,reminiscence,当前四级词表及声明变体未直接匹配；不因此将六级词加入四级。
7063a425-39f8-4edc-ba7e-b1f1610a1f34,helmet,当前四级词表及声明变体未直接匹配；不因此将六级词加入四级。
09720696-cee0-47ae-9a92-b82605b51f3f,beware,当前四级词表及声明变体未直接匹配；不因此将六级词加入四级。
40945ffc-39e5-4196-a135-bd79f288292f,cylinder,当前四级词表及声明变体未直接匹配；不因此将六级词加入四级。
8eaa4330-f137-4fe2-b12e-e9f3b49e899c,perch,当前四级词表及声明变体未直接匹配；不因此将六级词加入四级。
df974e39-22bd-43d0-8521-9516f46ed079,bluff,当前四级词表及声明变体未直接匹配；不因此将六级词加入四级。
8c744e9f-ce06-4517-9063-797323220b20,flush,当前四级词表及声明变体未直接匹配；不因此将六级词加入四级。
ca2a5dee-6d4e-4b1b-82da-ee1566abddf9,blunder,当前四级词表及声明变体未直接匹配；不因此将六级词加入四级。
5b75cf76-fcc5-4d86-920f-8c614e0ad920,opaque,当前四级词表及声明变体未直接匹配；不因此将六级词加入四级。
012bd094-db05-4a54-adab-e9687a816a12,rotary,当前四级词表及声明变体未直接匹配；不因此将六级词加入四级。
5e9e0d91-2bba-4458-a014-f9d0e30ef665,ensue,当前四级词表及声明变体未直接匹配；不因此将六级词加入四级。
0e49a057-3b2c-4673-84ae-8aa14796be5d,anguish,当前四级词表及声明变体未直接匹配；不因此将六级词加入四级。
e715630a-2aa8-4c29-a9f0-b87f6f55e3a0,anguished,当前四级词表及声明变体未直接匹配；不因此将六级词加入四级。
b2f670d4-da5e-4aad-a596-19ccb4cd8e2f,sarcasm,当前四级词表及声明变体未直接匹配；不因此将六级词加入四级。
9c9ccb86-486f-4f70-a144-d501118ff8c3,sarcastic,当前四级词表及声明变体未直接匹配；不因此将六级词加入四级。
e5120bf7-6e13-4dd5-a25b-9ddd88dbb985,pastry,当前四级词表及声明变体未直接匹配；不因此将六级词加入四级。
40efaa5c-faa7-484a-9f4a-5a9cea32ba90,ruthless,当前四级词表及声明变体未直接匹配；不因此将六级词加入四级。
8cf8adb9-bdb9-4836-b3fe-6c13ef6b24bc,ruthlessly,当前四级词表及声明变体未直接匹配；不因此将六级词加入四级。
d624e53e-118b-45d5-9bc1-4a64824b5332,ruthlessness,当前四级词表及声明变体未直接匹配；不因此将六级词加入四级。
f17eaeae-ce81-4c91-a3db-f3535181f9b9,fortnight,当前四级词表及声明变体未直接匹配；不因此将六级词加入四级。
f27d1b03-c5d4-447c-9693-ba7f58f33843,tenure,当前四级词表及声明变体未直接匹配；不因此将六级词加入四级。
b0965623-bc22-44c4-8c9a-65cd499312bd,hurdle,当前四级词表及声明变体未直接匹配；不因此将六级词加入四级。
a43181f3-4ac1-462b-b713-8b4dec9a23e6,scramble,当前四级词表及声明变体未直接匹配；不因此将六级词加入四级。
c8d73c70-cf68-4c77-bc6c-95e4c76939d2,harass,当前四级词表及声明变体未直接匹配；不因此将六级词加入四级。
52b1d0b5-678a-42b2-95a5-b540f5cf8ff2,harassment,当前四级词表及声明变体未直接匹配；不因此将六级词加入四级。
d233d2f8-486d-499e-b313-31dd1839b603,adversary,当前四级词表及声明变体未直接匹配；不因此将六级词加入四级。
8ee15a8a-7b31-4778-b06c-313ec41b1740,toil,当前四级词表及声明变体未直接匹配；不因此将六级词加入四级。
a123919e-9ac1-4ecb-b5ff-f26ad6307d3b,meadow,当前四级词表及声明变体未直接匹配；不因此将六级词加入四级。
cfb83958-a5d9-4375-95a1-11b14555ff84,eclipse,当前四级词表及声明变体未直接匹配；不因此将六级词加入四级。
2ccc570a-f711-4740-8985-b03802aced68,rupture,当前四级词表及声明变体未直接匹配；不因此将六级词加入四级。
df0ea27b-b1ea-4c2b-9ba9-d2cca376d3f5,concurrent,当前四级词表及声明变体未直接匹配；不因此将六级词加入四级。
2bbb7916-8b9a-494c-8694-012ef591000b,concurrence,当前四级词表及声明变体未直接匹配；不因此将六级词加入四级。
bd6eb934-8e4e-4d1f-93f0-5ed31bcb8780,dismay,当前四级词表及声明变体未直接匹配；不因此将六级词加入四级。
19c47867-0a4e-4eae-bacd-c77ef8b8f40b,ascertain,当前四级词表及声明变体未直接匹配；不因此将六级词加入四级。
3bd2b1e9-a331-42aa-9371-f47cc3dea31e,repute,当前四级词表及声明变体未直接匹配；不因此将六级词加入四级。
72866100-7ed0-4efe-8b90-54e1f3772967,fascist,当前四级词表及声明变体未直接匹配；不因此将六级词加入四级。
3f4ac71a-9f77-4899-937a-f3ccec88b785,fascism,当前四级词表及声明变体未直接匹配；不因此将六级词加入四级。
5588c03d-53e3-454a-a1d0-f1eddc0eebb9,deregulate,当前四级词表及声明变体未直接匹配；不因此将六级词加入四级。
91f7e5f6-f1c6-40e2-8397-844d7f41907a,luminous,当前四级词表及声明变体未直接匹配；不因此将六级词加入四级。
d690cc6a-9201-419b-aa48-a6499712b551,pretext,当前四级词表及声明变体未直接匹配；不因此将六级词加入四级。
935808ec-8ea2-437e-a8b1-fd47e9cba084,emancipate,当前四级词表及声明变体未直接匹配；不因此将六级词加入四级。
36b4d81c-8ccd-4cd8-a71c-e6f46abb7f4b,bronze,当前四级词表及声明变体未直接匹配；不因此将六级词加入四级。
901f77f2-6034-421b-8004-82aacc258733,apprentice,当前四级词表及声明变体未直接匹配；不因此将六级词加入四级。
70053536-5af4-4928-8703-37503c510c8c,crust,当前四级词表及声明变体未直接匹配；不因此将六级词加入四级。
0862237f-d988-4e9b-9bff-8c40f6565c68,thigh,当前四级词表及声明变体未直接匹配；不因此将六级词加入四级。
f674b1e6-93b8-456c-a31b-a82ee6204145,loot,当前四级词表及声明变体未直接匹配；不因此将六级词加入四级。
4e69547e-8352-4e06-9c2f-7724543c0591,looter,当前四级词表及声明变体未直接匹配；不因此将六级词加入四级。
ad90179e-5386-41f7-a7a2-c98fe7123179,adjacent,当前四级词表及声明变体未直接匹配；不因此将六级词加入四级。
43d28449-5ab2-4fe5-8c59-d547ac4f5a2f,barn,当前四级词表及声明变体未直接匹配；不因此将六级词加入四级。
83d62011-5477-4554-abae-e5150413d34f,burglar,当前四级词表及声明变体未直接匹配；不因此将六级词加入四级。
1293bebc-27c3-419d-b13e-2bd53e94e87d,wrench,当前四级词表及声明变体未直接匹配；不因此将六级词加入四级。
c474b697-b4c6-4cb1-a2f8-b890997ae0cb,uprising,当前四级词表及声明变体未直接匹配；不因此将六级词加入四级。
e40115c6-b8af-4457-a5d3-8eb533a21775,nitrogen,当前四级词表及声明变体未直接匹配；不因此将六级词加入四级。
570718b2-5f7d-4026-a57b-6cfb1b420c25,dissident,当前四级词表及声明变体未直接匹配；不因此将六级词加入四级。
056c6e0f-7a9b-4ed1-8aca-6f8cceb4bc4b,dissidence,当前四级词表及声明变体未直接匹配；不因此将六级词加入四级。
62080ce8-8d85-4df8-bf6d-3e737ac89454,bout,当前四级词表及声明变体未直接匹配；不因此将六级词加入四级。
e877acc2-c563-4162-b511-4373dc0a0f35,voucher,当前四级词表及声明变体未直接匹配；不因此将六级词加入四级。
c3fc5b1d-99c2-427e-a791-b572c1f9acad,appease,当前四级词表及声明变体未直接匹配；不因此将六级词加入四级。
b5159e4f-b8d9-459a-b108-1bcda992a3e1,cauliflower,当前四级词表及声明变体未直接匹配；不因此将六级词加入四级。
0fe02c14-20ca-477c-b7fe-367627d81bf9,exponent,当前四级词表及声明变体未直接匹配；不因此将六级词加入四级。
d27be29e-78e0-4525-826f-1aaf3e617b8d,inflict,当前四级词表及声明变体未直接匹配；不因此将六级词加入四级。
74d04924-317b-4271-8ee9-b1460c607b78,infliction,当前四级词表及声明变体未直接匹配；不因此将六级词加入四级。
2a2f78cc-7753-4791-ad23-9f1df667517c,blink,当前四级词表及声明变体未直接匹配；不因此将六级词加入四级。
63981927-4e49-404f-92d4-f8c2934a7781,barometer,当前四级词表及声明变体未直接匹配；不因此将六级词加入四级。
2989e994-36b9-48a1-a9d0-a87fe898993c,barometric,当前四级词表及声明变体未直接匹配；不因此将六级词加入四级。
253ae772-4421-41d7-a73a-5eb34cea1722,vibrate,当前四级词表及声明变体未直接匹配；不因此将六级词加入四级。
0869fe01-5fd4-4026-8d3b-582a453c2400,vibration,当前四级词表及声明变体未直接匹配；不因此将六级词加入四级。
d41eae54-d5b9-4776-986b-9e339c92bc64,deduce,当前四级词表及声明变体未直接匹配；不因此将六级词加入四级。
3857d155-e1bd-4991-95fa-583074c36c78,deducible,当前四级词表及声明变体未直接匹配；不因此将六级词加入四级。
c9440734-baee-4d0f-a32e-91ca3827632c,latent,当前四级词表及声明变体未直接匹配；不因此将六级词加入四级。
e8505a0b-c477-4569-b5ca-9052241900c0,yawn,当前四级词表及声明变体未直接匹配；不因此将六级词加入四级。
39e41775-1f00-4f3b-8210-80573e688a0c,henceforth,当前四级词表及声明变体未直接匹配；不因此将六级词加入四级。
2b314a8b-10e7-4ba6-896b-9fff08b496ec,pudding,当前四级词表及声明变体未直接匹配；不因此将六级词加入四级。
6f09a0b1-74bd-49f1-833b-caecb0af172c,avail,当前四级词表及声明变体未直接匹配；不因此将六级词加入四级。
a2ccf71e-443e-49e3-9d32-68c04fe65355,hive,当前四级词表及声明变体未直接匹配；不因此将六级词加入四级。
89a66a8e-dc54-4365-869a-896ce76c90c9,lenient,当前四级词表及声明变体未直接匹配；不因此将六级词加入四级。
6c9bd8da-21ee-4a3a-954d-da1bd4b60524,leniency,当前四级词表及声明变体未直接匹配；不因此将六级词加入四级。
92b66426-11dd-462e-aade-6faa08a862f6,mistakenly,当前四级词表及声明变体未直接匹配；不因此将六级词加入四级。
4c07d366-5cf7-4254-8c39-4b0e8458e295,inhibit,当前四级词表及声明变体未直接匹配；不因此将六级词加入四级。
b059dc30-a031-483d-b2dd-53eba74f9ff9,inhibition,当前四级词表及声明变体未直接匹配；不因此将六级词加入四级。
7d121d95-7119-478a-9df6-f6aaacd14a61,glide,当前四级词表及声明变体未直接匹配；不因此将六级词加入四级。
7f11ec23-8b4b-4f6c-8dad-f1d4daf203d2,glider,当前四级词表及声明变体未直接匹配；不因此将六级词加入四级。
4fb8af96-5853-4dff-b0c8-f00c799c1c80,stout,当前四级词表及声明变体未直接匹配；不因此将六级词加入四级。
d8a1df15-a289-45ac-b2aa-dc6795d66597,indict,当前四级词表及声明变体未直接匹配；不因此将六级词加入四级。
feece34d-6e2b-4f20-9d0d-1117fabc709c,indictment,当前四级词表及声明变体未直接匹配；不因此将六级词加入四级。
ca356853-1745-41c1-b908-2279998169bb,encyclopedia,当前四级词表及声明变体未直接匹配；不因此将六级词加入四级。
0ec3608c-41df-4e3f-9e9f-f708bf618aaa,synthesis,当前四级词表及声明变体未直接匹配；不因此将六级词加入四级。
947d5bb0-4fd8-43bc-8415-073709e8456d,synthesize,当前四级词表及声明变体未直接匹配；不因此将六级词加入四级。
c7c3a556-2a0a-48c3-b6ed-fe0e34ac5a5f,partisan,当前四级词表及声明变体未直接匹配；不因此将六级词加入四级。
27a5999c-f580-4850-a588-3628c8ddb278,partisanship,当前四级词表及声明变体未直接匹配；不因此将六级词加入四级。
1844b6e4-baa4-4b2a-9374-c7c28b08274c,sulfur,当前四级词表及声明变体未直接匹配；不因此将六级词加入四级。
bfe634cf-8ee8-4524-aa24-28cefd6245e1,plaza,当前四级词表及声明变体未直接匹配；不因此将六级词加入四级。
3c08e8e3-000b-4279-86ed-f6def6ff59d7,liner,当前四级词表及声明变体未直接匹配；不因此将六级词加入四级。
de02bea0-4432-4a92-b75a-aa2513f7ee48,supersonic,当前四级词表及声明变体未直接匹配；不因此将六级词加入四级。
bae6dd27-aacb-4186-9bdb-03d9b7c418a1,inaugurate,当前四级词表及声明变体未直接匹配；不因此将六级词加入四级。
a7d5ca24-fa04-4769-b506-4a7aadd6a3ad,inauguration,当前四级词表及声明变体未直接匹配；不因此将六级词加入四级。
09a47641-8a58-429b-af61-3f6ba36ba87c,jockey,当前四级词表及声明变体未直接匹配；不因此将六级词加入四级。
4cc5b9ac-57ce-485d-a64e-e873e4854cd0,bishop,当前四级词表及声明变体未直接匹配；不因此将六级词加入四级。
c231b194-ac46-4b56-9139-3d5c83ba42ae,dissipate,当前四级词表及声明变体未直接匹配；不因此将六级词加入四级。
dc9ad1f0-142f-4584-afff-8453003c63ce,hose,当前四级词表及声明变体未直接匹配；不因此将六级词加入四级。
e86d9442-68cb-4a50-93f1-2c5fa23022ca,paralyze,当前四级词表及声明变体未直接匹配；不因此将六级词加入四级。
b4a77078-6b46-4ef3-9141-b1d0a660437d,abide,当前四级词表及声明变体未直接匹配；不因此将六级词加入四级。
a30bbebe-4eeb-441f-88c9-353e1154ee37,appal,当前四级词表及声明变体未直接匹配；不因此将六级词加入四级。
97299abe-e28e-4306-bc36-a573ca3bad10,appalling,当前四级词表及声明变体未直接匹配；不因此将六级词加入四级。
4d4f220e-2a47-43bc-93fa-56d81b508b69,slick,当前四级词表及声明变体未直接匹配；不因此将六级词加入四级。
1dbf1d46-ff16-484e-a333-c732a491c095,deafen,当前四级词表及声明变体未直接匹配；不因此将六级词加入四级。
62c7490e-aae9-40e2-8efa-5eaa23d57224,blindness,当前四级词表及声明变体未直接匹配；不因此将六级词加入四级。
3dc2b66e-36e8-482c-8c20-41e3a4d9baf3,mobilize,当前四级词表及声明变体未直接匹配；不因此将六级词加入四级。
6834e832-c805-4b1c-be2f-c2910dda3cf9,witch,当前四级词表及声明变体未直接匹配；不因此将六级词加入四级。
c70cb96d-89af-4430-a64e-85493cb080d5,optic,当前四级词表及声明变体未直接匹配；不因此将六级词加入四级。
cbd20a8b-1024-4634-943b-f89e1c08501d,optical,当前四级词表及声明变体未直接匹配；不因此将六级词加入四级。
133b7320-1862-4ae3-b857-0fa658ca0a1f,ranch,当前四级词表及声明变体未直接匹配；不因此将六级词加入四级。
cb2e0b56-e56e-43ed-af50-c9445ead7fa3,rancher,当前四级词表及声明变体未直接匹配；不因此将六级词加入四级。
fe3e7c80-657d-429f-a1f0-4ce652f09179,mute,当前四级词表及声明变体未直接匹配；不因此将六级词加入四级。
16e1f959-3fe8-4645-be86-1bb950ebd05a,consulate,当前四级词表及声明变体未直接匹配；不因此将六级词加入四级。
57c7e75f-d46a-4146-8dd7-bdaf9488e073,consul,当前四级词表及声明变体未直接匹配；不因此将六级词加入四级。
787b6b48-c315-475b-961a-ea6f671aff8c,flare,当前四级词表及声明变体未直接匹配；不因此将六级词加入四级。
222140f3-ea6c-4fb1-b485-58cb218e5349,longitude,当前四级词表及声明变体未直接匹配；不因此将六级词加入四级。
e98f570f-93e9-412c-b70c-fe0a38fef432,longitudinal,当前四级词表及声明变体未直接匹配；不因此将六级词加入四级。
0e1c915e-8dfb-4812-bd2a-ceddd1feaa01,agitate,当前四级词表及声明变体未直接匹配；不因此将六级词加入四级。
7ee5af2a-c3c0-43d3-a4f7-620736ed12a1,agitation,当前四级词表及声明变体未直接匹配；不因此将六级词加入四级。
c71a1ed4-a8c0-456a-a910-57cdc8783b43,pilgrim,当前四级词表及声明变体未直接匹配；不因此将六级词加入四级。
70f874de-3dc6-4e20-93e3-8c3992976c3a,pilgrimage,当前四级词表及声明变体未直接匹配；不因此将六级词加入四级。
e2f839ba-74d8-4fa7-b753-87666f2e9f11,doctrine,当前四级词表及声明变体未直接匹配；不因此将六级词加入四级。
9948002b-d1a5-49b9-b787-c5e525277fd6,yacht,当前四级词表及声明变体未直接匹配；不因此将六级词加入四级。
6f14fa6b-e82a-4271-87b6-790be8ad1f3a,martyr,当前四级词表及声明变体未直接匹配；不因此将六级词加入四级。
257c56b4-fef2-41be-8f2f-e09147f4412d,martyrdom,当前四级词表及声明变体未直接匹配；不因此将六级词加入四级。
b50fd1e7-a5c5-4513-9efe-d34b65989f23,stoop,当前四级词表及声明变体未直接匹配；不因此将六级词加入四级。
e2176f59-b718-4fac-a426-9f2ec707f931,nil,当前四级词表及声明变体未直接匹配；不因此将六级词加入四级。
0853a96a-911b-495f-b49d-149f6044f379,arbitrate,当前四级词表及声明变体未直接匹配；不因此将六级词加入四级。
31e3b4fa-fc88-4d3c-9e5a-9a9e23c9d85a,arbitration,当前四级词表及声明变体未直接匹配；不因此将六级词加入四级。
dcb55586-e22e-4dfa-8640-70c94596c27b,standby,当前四级词表及声明变体未直接匹配；不因此将六级词加入四级。
fb5f4d41-9967-48a9-8ae2-5337925902fa,retarded,当前四级词表及声明变体未直接匹配；不因此将六级词加入四级。
33f9a4a8-1480-4f28-b6df-20165d371bc9,retard,当前四级词表及声明变体未直接匹配；不因此将六级词加入四级。
7dcbfaf0-3880-4a83-8b98-fd2a117b322a,retardation,当前四级词表及声明变体未直接匹配；不因此将六级词加入四级。
f7f6e9ed-0f2d-40cc-8e80-134e6392f36d,whereabouts,当前四级词表及声明变体未直接匹配；不因此将六级词加入四级。
3b35fae5-8503-47ec-a49b-3ffe210899b4,proximate,当前四级词表及声明变体未直接匹配；不因此将六级词加入四级。
00d27b30-b953-44bc-967d-464593fbca43,proximity,当前四级词表及声明变体未直接匹配；不因此将六级词加入四级。
35aa3535-9e8c-42eb-a420-4050c22bf351,wretched,当前四级词表及声明变体未直接匹配；不因此将六级词加入四级。
091ae791-aeef-4005-8172-1a984b116b0b,missionary,当前四级词表及声明变体未直接匹配；不因此将六级词加入四级。
b58882b0-be72-4c64-9b09-141d983ed6c1,perplex,当前四级词表及声明变体未直接匹配；不因此将六级词加入四级。
7e04d05c-25ec-4f5e-950d-4b22e165371b,perplexity,当前四级词表及声明变体未直接匹配；不因此将六级词加入四级。
60c8b1f5-0a1d-464a-adce-ff6d2e0650c7,binoculars,当前四级词表及声明变体未直接匹配；不因此将六级词加入四级。
17764d41-1db5-430f-b082-835bf571d11d,blush,当前四级词表及声明变体未直接匹配；不因此将六级词加入四级。
1a30fa55-db0a-4068-a1c7-2c96b7feff1f,hoist,当前四级词表及声明变体未直接匹配；不因此将六级词加入四级。
952b62a0-2197-4358-8273-3b07898dd998,clasp,当前四级词表及声明变体未直接匹配；不因此将六级词加入四级。
2824f6d9-b138-4acf-adda-3a0f727e9a10,shove,当前四级词表及声明变体未直接匹配；不因此将六级词加入四级。
815cf99a-dea5-4f54-bd44-b397ecfc40d7,tentative,当前四级词表及声明变体未直接匹配；不因此将六级词加入四级。
3d02a93c-0cef-467d-b157-050fe74c7e7f,clog,当前四级词表及声明变体未直接匹配；不因此将六级词加入四级。
69fd142e-b5de-4654-a117-6abbeb2fd22e,poise,当前四级词表及声明变体未直接匹配；不因此将六级词加入四级。
ceff3dde-2139-43f1-86ca-c2cbce5ff784,poised,当前四级词表及声明变体未直接匹配；不因此将六级词加入四级。
916b69dc-aecb-4f1c-983a-1c9446acb060,foil,当前四级词表及声明变体未直接匹配；不因此将六级词加入四级。
d89f6a48-833d-4baa-b714-eeceb43c5361,rejoice,当前四级词表及声明变体未直接匹配；不因此将六级词加入四级。
e57d96ae-a31b-49ff-82a1-3a5a17ff1d63,rejoicing,当前四级词表及声明变体未直接匹配；不因此将六级词加入四级。
01b1ccde-c5b9-4408-b6c9-acc623df0aeb,reel,当前四级词表及声明变体未直接匹配；不因此将六级词加入四级。
ba25fed6-7a8c-4a45-ab3f-f44657151801,inmate,当前四级词表及声明变体未直接匹配；不因此将六级词加入四级。
d823546a-adad-474f-bbfa-45af2945718d,hibernate,当前四级词表及声明变体未直接匹配；不因此将六级词加入四级。
99cebaed-00e6-417c-8d2f-4cd629a11ea1,hibernation,当前四级词表及声明变体未直接匹配；不因此将六级词加入四级。
3a1a17fa-5ee6-40e3-8d4f-fb5eb32a869d,deadlock,当前四级词表及声明变体未直接匹配；不因此将六级词加入四级。
deff2b01-5c5b-4b96-a730-b71d5ebfdccb,deadlocked,当前四级词表及声明变体未直接匹配；不因此将六级词加入四级。
b998fcad-787c-4b4e-858c-ec53e44d956b,trench,当前四级词表及声明变体未直接匹配；不因此将六级词加入四级。
f9170e98-ae37-4c3c-82e1-ae8e52be818c,decimal,当前四级词表及声明变体未直接匹配；不因此将六级词加入四级。
d2783af3-4163-45c6-a1be-c2436e7b4696,queer,当前四级词表及声明变体未直接匹配；不因此将六级词加入四级。
f06d9533-632c-4d5d-8fc5-cac7e11f9395,ratify,当前四级词表及声明变体未直接匹配；不因此将六级词加入四级。
5449e228-acf7-4c5c-abd4-5b6b73a8e9b6,ratification,当前四级词表及声明变体未直接匹配；不因此将六级词加入四级。
b30b8895-4882-4b05-b756-9cc0545137eb,flank,当前四级词表及声明变体未直接匹配；不因此将六级词加入四级。
d61e228a-a9c0-4964-8d9e-9ded0ad177b5,directory,当前四级词表及声明变体未直接匹配；不因此将六级词加入四级。
c20e2ff8-66ac-4ee2-805b-0ad612a9b5e7,gospel,当前四级词表及声明变体未直接匹配；不因此将六级词加入四级。
55c28267-003e-409d-a2d7-88c0695b0bd2,masculine,当前四级词表及声明变体未直接匹配；不因此将六级词加入四级。
799b09ee-64a3-4af4-babe-c0aa09ce8f82,masculinity,当前四级词表及声明变体未直接匹配；不因此将六级词加入四级。
9cc7527a-e452-498d-b73f-5c5ee7a02178,audit,当前四级词表及声明变体未直接匹配；不因此将六级词加入四级。
b14933ea-7c2f-49b5-bc00-7d8162d6e5e4,auditing,当前四级词表及声明变体未直接匹配；不因此将六级词加入四级。
6e08a19b-3fb5-442b-babd-2ef1eb6fa7e8,auditor,当前四级词表及声明变体未直接匹配；不因此将六级词加入四级。
c1dd4a27-8fa2-4b5e-8a78-e0168b6dc089,plaintiff,当前四级词表及声明变体未直接匹配；不因此将六级词加入四级。
fc0760a3-bb75-4967-9dbf-e946e4b0dd84,captive,当前四级词表及声明变体未直接匹配；不因此将六级词加入四级。
26cfccf5-edd6-4929-94e1-3c3d4a72dfd4,abbreviation,当前四级词表及声明变体未直接匹配；不因此将六级词加入四级。
b26e33ea-1670-414e-b71b-b3cdfe966afe,embargo,当前四级词表及声明变体未直接匹配；不因此将六级词加入四级。
18e5e495-4708-4fbd-8e5b-43790b5becdf,blaze,当前四级词表及声明变体未直接匹配；不因此将六级词加入四级。
622788c9-6bf9-4973-aca4-591a445994e0,clamp,当前四级词表及声明变体未直接匹配；不因此将六级词加入四级。
93afd2d0-e4c3-4111-807f-42194f5107aa,clutch,当前四级词表及声明变体未直接匹配；不因此将六级词加入四级。
8c616966-2419-404a-8dc9-af81c5de0fc1,renown,当前四级词表及声明变体未直接匹配；不因此将六级词加入四级。
a0534e24-53d0-4702-9603-4bd9e7b7e926,secular,当前四级词表及声明变体未直接匹配；不因此将六级词加入四级。
0700f6d4-2429-4561-a523-d0cb7f1ce7a9,foam,当前四级词表及声明变体未直接匹配；不因此将六级词加入四级。
e974b459-2dd3-4fa8-8e6b-4ae96ab72910,silently,当前四级词表及声明变体未直接匹配；不因此将六级词加入四级。
6ba89c2e-aa9a-4dd0-a144-f315cb4f3e38,condolence,当前四级词表及声明变体未直接匹配；不因此将六级词加入四级。
0483da58-b0aa-438c-b6de-94be36e1df69,quench,当前四级词表及声明变体未直接匹配；不因此将六级词加入四级。
76ca0bd8-0121-4154-b3c5-dfac6e41425b,maneuver,当前四级词表及声明变体未直接匹配；不因此将六级词加入四级。
e5cd693b-bf09-45dd-890a-c5c987134332,debut,当前四级词表及声明变体未直接匹配；不因此将六级词加入四级。
b19571fa-5a2b-4bac-b23b-9377710cfe95,tournament,当前四级词表及声明变体未直接匹配；不因此将六级词加入四级。
ff1efd88-802b-4a61-9880-aff1cc703e63,convene,当前四级词表及声明变体未直接匹配；不因此将六级词加入四级。
ec5775f5-49bf-41ee-8639-0ccbdb21723a,overt,当前四级词表及声明变体未直接匹配；不因此将六级词加入四级。
1f4178f4-1e1b-4181-b2b3-14fef18937dd,gasp,当前四级词表及声明变体未直接匹配；不因此将六级词加入四级。
e0625ba9-fb28-48f0-aafd-216b7f2e27b8,streamline,当前四级词表及声明变体未直接匹配；不因此将六级词加入四级。
604f8e0b-66bb-4676-95e2-670138d2e52b,adjoin,当前四级词表及声明变体未直接匹配；不因此将六级词加入四级。
7c9ecabc-966c-40cc-a9ce-023355434646,discord,当前四级词表及声明变体未直接匹配；不因此将六级词加入四级。
239b2590-ebb2-436f-b65c-db113885e113,cynical,当前四级词表及声明变体未直接匹配；不因此将六级词加入四级。
96430697-4e30-4990-8e0a-890dcd9d7797,spear,当前四级词表及声明变体未直接匹配；不因此将六级词加入四级。
3fe377cd-f3a2-464e-90ad-f38d99c9d244,clergy,当前四级词表及声明变体未直接匹配；不因此将六级词加入四级。
3cef8eb1-af70-4a9b-9901-a311edb42042,shipyard,当前四级词表及声明变体未直接匹配；不因此将六级词加入四级。
37344f44-6b79-4457-8d7f-d77c0eb96e1b,defer,当前四级词表及声明变体未直接匹配；不因此将六级词加入四级。
eb5e5177-7ed6-4427-bfc3-68cbca750788,zigzag,当前四级词表及声明变体未直接匹配；不因此将六级词加入四级。
fe80017e-8c97-4038-b55c-29e014dc5d0d,faction,当前四级词表及声明变体未直接匹配；不因此将六级词加入四级。
ff362e9d-31a0-4321-9ce5-f7c4ff1e0cc4,rattle,当前四级词表及声明变体未直接匹配；不因此将六级词加入四级。
74c9c7b8-bc9e-4408-aa9d-7303d3c10944,dough,当前四级词表及声明变体未直接匹配；不因此将六级词加入四级。
4d6bb87f-6b12-4aab-a982-fc2e8c524d97,arc,当前四级词表及声明变体未直接匹配；不因此将六级词加入四级。
c34274fe-e83e-4f81-acbe-10bcea8fe6e3,momentous,当前四级词表及声明变体未直接匹配；不因此将六级词加入四级。
3d6fc30f-2f07-4b09-a7d3-50a120676cfb,cosmopolitan,当前四级词表及声明变体未直接匹配；不因此将六级词加入四级。
a8c114e0-1fb6-413f-a7ed-12f5428f76ce,scrap,当前四级词表及声明变体未直接匹配；不因此将六级词加入四级。
441763f2-c7ba-4dcc-8650-188238f5b3e1,hostage,当前四级词表及声明变体未直接匹配；不因此将六级词加入四级。
05e7da1f-456a-4082-8c30-feb1ef2ad6ef,cocktail,当前四级词表及声明变体未直接匹配；不因此将六级词加入四级。
cb0a8d60-a990-4df4-b3da-d4a0340f8fad,profess,当前四级词表及声明变体未直接匹配；不因此将六级词加入四级。
0aeaa963-af96-49cf-9ed0-3c11179485a0,superintendent,当前四级词表及声明变体未直接匹配；不因此将六级词加入四级。
6a08e06b-97a2-49e6-939b-4694c0e74208,lubricate,当前四级词表及声明变体未直接匹配；不因此将六级词加入四级。
55c3641f-a7be-4b28-8a01-2fc3560b30c9,midwife,当前四级词表及声明变体未直接匹配；不因此将六级词加入四级。
651ceca4-e115-4bd0-aa40-8304e5c9506d,beetle,当前四级词表及声明变体未直接匹配；不因此将六级词加入四级。
827387f0-f73d-40d9-b1eb-3bd7572222e7,custody,当前四级词表及声明变体未直接匹配；不因此将六级词加入四级。
fa2f3bc7-640d-411d-98bd-c89f96395dcc,botany,当前四级词表及声明变体未直接匹配；不因此将六级词加入四级。
11f6a50c-28b0-449a-9aa8-b31fd35cd2a4,knight,当前四级词表及声明变体未直接匹配；不因此将六级词加入四级。
e1757cda-3225-4c61-aba7-7ca204961891,comet,当前四级词表及声明变体未直接匹配；不因此将六级词加入四级。
93b042f8-a214-4569-8678-86ab21a159c4,bead,当前四级词表及声明变体未直接匹配；不因此将六级词加入四级。
c7bfc5ad-5ad6-41dd-b121-ef34e4229008,antonym,当前四级词表及声明变体未直接匹配；不因此将六级词加入四级。
12a265ae-8d7c-4089-b531-26382ab227b0,cub,当前四级词表及声明变体未直接匹配；不因此将六级词加入四级。
72e58e85-03a4-4670-8386-106bf889501b,pamphlet,当前四级词表及声明变体未直接匹配；不因此将六级词加入四级。
e9b46ce8-62cc-4ae2-b630-b0e966aac6b3,exquisite,当前四级词表及声明变体未直接匹配；不因此将六级词加入四级。
53b42e7f-eb15-498a-afd9-2f7ba82c634f,hysterical,当前四级词表及声明变体未直接匹配；不因此将六级词加入四级。
9ccb181f-9b83-4961-a661-7fc668b55c5f,clench,当前四级词表及声明变体未直接匹配；不因此将六级词加入四级。
a84460f8-445a-4492-a2aa-d78a72783c80,beak,当前四级词表及声明变体未直接匹配；不因此将六级词加入四级。
65c3fea7-e6f1-4961-8ed2-4078ac3ffa8a,bowling,当前四级词表及声明变体未直接匹配；不因此将六级词加入四级。
030aef1b-d582-498b-b73a-1971b7167393,reasoning,当前四级词表及声明变体未直接匹配；不因此将六级词加入四级。
b20ad5e7-a14d-4ab1-b112-3b96f6c79303,secondly,当前四级词表及声明变体未直接匹配；不因此将六级词加入四级。
d5728a90-5754-4fa0-860a-b6163787ddc9,breathless,当前四级词表及声明变体未直接匹配；不因此将六级词加入四级。
