word_id,spelling,source_roles,ecdict_cet4_tag,cet6_word_id,cet6_spelling,match_method,reuse_status,reason
cet4-w-22115abbb1dbe5b95403,a,headword,false,,,none,new_content_required,无六级同词；后续查找有证据的词族关系。
cet4-w-bacdccd06e173fd821b1,abandon,headword,true,7b6a2661-7176-4815-bf66-cf76e87f43aa,abandon,exact,pending_content_review,同词命中仅建立审核入口；不自动复制释义、拆词或巧记。
cet4-w-798668299e6f528c3725,ability,listed_related,true,06e8440a-380f-4f9f-8c12-277742898a1b,ability,exact,pending_content_review,同词命中仅建立审核入口；不自动复制释义、拆词或巧记。
cet4-w-4336a9e7fc5d08328b8e,able,headword,false,80a8386c-c36f-4e63-8296-cca67958693e,able,exact,pending_content_review,同词命中仅建立审核入口；不自动复制释义、拆词或巧记。
cet4-w-9d84219b0f257903f894,aboard,headword,true,,,none,new_content_required,无六级同词；后续查找有证据的词族关系。
cet4-w-b888b06eecfb1127e3bb,abolish,headword,false,9ffca7ac-a778-40e0-9494-7b93c0c90d8a,abolish,exact,pending_content_review,同词命中仅建立审核入口；不自动复制释义、拆词或巧记。
cet4-w-74ca0e6dddfece3e09eb,abolition,listed_related,false,8f8136fa-df90-4a3a-beb6-33759ea3e48d,abolition,exact,pending_content_review,同词命中仅建立审核入口；不自动复制释义、拆词或巧记。
cet4-w-10ad00b3ccf681d53631,about,headword,false,,,none,new_content_required,无六级同词；后续查找有证据的词族关系。
cet4-w-90aa713e8ba73eb8b681,above,headword,false,2a32292e-7159-4fb2-ad18-26536456ef09,above,exact,pending_content_review,同词命中仅建立审核入口；不自动复制释义、拆词或巧记。
cet4-w-901037a8628671fdfc19,abroad,headword,false,,,none,new_content_required,无六级同词；后续查找有证据的词族关系。
cet4-w-16cc55aac24767aa14bb,absence,listed_related,true,247d2f68-8f2a-4d53-ae1d-f70577bb87ee,absence,exact,pending_content_review,同词命中仅建立审核入口；不自动复制释义、拆词或巧记。
cet4-w-58351a181b08549dad1a,absent,headword,true,79f63d3a-77f3-4287-b62f-44e743b22bee,absent,exact,pending_content_review,同词命中仅建立审核入口；不自动复制释义、拆词或巧记。
cet4-w-728ab43dd091b054e608,absolute,headword,true,d2dbe77d-c518-4910-9651-fcb5d8c50d7a,absolute,exact,pending_content_review,同词命中仅建立审核入口；不自动复制释义、拆词或巧记。
cet4-w-4c1c8e3c067f577174b4,absorb,headword,true,4f55739e-89d4-4483-bf09-caaf8217debe,absorb,exact,pending_content_review,同词命中仅建立审核入口；不自动复制释义、拆词或巧记。
cet4-w-a04d74b471996c660373,absorption,listed_related,false,fd36380f-e5c1-4f27-b2f9-6cab8c594bc4,absorption,exact,pending_content_review,同词命中仅建立审核入口；不自动复制释义、拆词或巧记。
cet4-w-056469f90b3da87387a9,abstract,headword,true,7bd101f6-2bfe-4fc9-a335-23dd73fb7429,abstract,exact,pending_content_review,同词命中仅建立审核入口；不自动复制释义、拆词或巧记。
cet4-w-6637e09f7003f326c224,abundance,listed_related,false,11009ac9-de08-486b-907a-ea9ac3d0396f,abundance,exact,pending_content_review,同词命中仅建立审核入口；不自动复制释义、拆词或巧记。
cet4-w-ff701617e9aaa921796f,abundant,headword,true,c636bdbc-9171-4934-84cf-ba85914208e2,abundant,exact,pending_content_review,同词命中仅建立审核入口；不自动复制释义、拆词或巧记。
cet4-w-b64c7215f2b60d098f09,abuse,headword,true,1e1d9025-b807-4504-ab30-deca4f5c6104,abuse,exact,pending_content_review,同词命中仅建立审核入口；不自动复制释义、拆词或巧记。
cet4-w-99b2e6fe3c2fe7bae70f,abusive,listed_related,false,0a33b684-8f07-4879-8a4c-e1063a57aa50,abusive,exact,pending_content_review,同词命中仅建立审核入口；不自动复制释义、拆词或巧记。
cet4-w-adc37503995395872304,academic,listed_related,true,945877c0-c2a2-4071-81c1-454c3a957338,academic,exact,pending_content_review,同词命中仅建立审核入口；不自动复制释义、拆词或巧记。
cet4-w-22dd7b5151742e07ab2b,academician,listed_related,false,,,none,new_content_required,无六级同词；后续查找有证据的词族关系。
cet4-w-552641985e4cd047e28b,academy,headword,true,,,none,new_content_required,无六级同词；后续查找有证据的词族关系。
cet4-w-ea78159e6b442c05331c,accelerate,headword,true,490b04a9-d441-4938-9f88-20cc0e9c84b4,accelerate,exact,pending_content_review,同词命中仅建立审核入口；不自动复制释义、拆词或巧记。
cet4-w-05e383312cbf7488687e,acceleration,listed_related,true,fb95f5e3-a498-4484-82b2-14c36bbb41ce,acceleration,exact,pending_content_review,同词命中仅建立审核入口；不自动复制释义、拆词或巧记。
cet4-w-a74d5aaf2d89f72b022e,accent,headword,true,6875ec8c-992a-4af5-90f5-6011c3d3603a,accent,exact,pending_content_review,同词命中仅建立审核入口；不自动复制释义、拆词或巧记。
cet4-w-fe986222f5116ea3b17e,accept,headword,true,48454765-83e1-47d5-b298-ad99af610529,accept,exact,pending_content_review,同词命中仅建立审核入口；不自动复制释义、拆词或巧记。
cet4-w-6cd94ae4886768d442f2,acceptable,listed_related,true,0b3f60ec-610a-4196-a6f5-6bb74a2e01c9,acceptable,exact,pending_content_review,同词命中仅建立审核入口；不自动复制释义、拆词或巧记。
cet4-w-45d62199f67daa2d9ed8,acceptance,listed_related,true,34b6baa4-ec7f-4879-a91b-d60d32c20539,acceptance,exact,pending_content_review,同词命中仅建立审核入口；不自动复制释义、拆词或巧记。
cet4-w-6884dbea1171da92f87d,access,headword,true,3e02e135-28cd-4d89-8216-dd4fad2cafb2,access,exact,pending_content_review,同词命中仅建立审核入口；不自动复制释义、拆词或巧记。
cet4-w-5caf0a3aa0c59b821237,accessible,listed_related,false,3c9140b3-d8c8-4dd7-8c73-7a1d9eb67d48,accessible,exact,pending_content_review,同词命中仅建立审核入口；不自动复制释义、拆词或巧记。
cet4-w-0f4159cadc2af6a38502,accident,headword,true,338f4c58-2a30-417a-b30e-0bd2295e1abf,accident,exact,pending_content_review,同词命中仅建立审核入口；不自动复制释义、拆词或巧记。
cet4-w-df7ac4809139e92350df,accidental,listed_related,true,5ff110be-679d-4d51-b6b3-38cda4fc53f1,accidental,exact,pending_content_review,同词命中仅建立审核入口；不自动复制释义、拆词或巧记。
cet4-w-1f2a401710d0596de35f,accommodate,headword,true,d6f3f60f-f49a-4e2a-915e-6e166894be5c,accommodate,exact,pending_content_review,同词命中仅建立审核入口；不自动复制释义、拆词或巧记。
cet4-w-1edda9ffe6c8d05f5ef0,accommodation,listed_related,true,804c3bf7-f589-491f-9b3b-1e4c5e942c93,accommodation,exact,pending_content_review,同词命中仅建立审核入口；不自动复制释义、拆词或巧记。
cet4-w-7580e0daca7bf28654b8,accompany,headword,true,2d1746dd-ae68-432a-85e1-a609af5addff,accompany,exact,pending_content_review,同词命中仅建立审核入口；不自动复制释义、拆词或巧记。
cet4-w-d740153e791bc21b4bd6,accomplish,headword,true,dd8cfba4-7a8b-4fb0-8833-b900e37c770b,accomplish,exact,pending_content_review,同词命中仅建立审核入口；不自动复制释义、拆词或巧记。
cet4-w-e8eb86c966ce85884d0d,accomplishment,listed_related,false,3b68d00a-25cc-4e19-873e-367a70506783,accomplishment,exact,pending_content_review,同词命中仅建立审核入口；不自动复制释义、拆词或巧记。
cet4-w-d74307e606e88ed5867e,accord,headword,true,91419fea-861e-4ab8-aae0-19725782dfe8,accord,exact,pending_content_review,同词命中仅建立审核入口；不自动复制释义、拆词或巧记。
cet4-w-26b19ca0db642361e9b8,accordance,headword,true,31293e9a-ef5e-471d-8aed-7d82a1d3e8a6,accordance,exact,pending_content_review,同词命中仅建立审核入口；不自动复制释义、拆词或巧记。
cet4-w-593fc9aa437f4a7f8a46,according to,headword,false,,,none,new_content_required,无六级同词；后续查找有证据的词族关系。
cet4-w-4c4dbcf45110b86d739b,accordingly,headword,true,,,none,new_content_required,无六级同词；后续查找有证据的词族关系。
cet4-w-502dc8470d46995e3b29,account,headword,true,24c369d5-b60f-4de3-a957-094cd8a0e455,account,exact,pending_content_review,同词命中仅建立审核入口；不自动复制释义、拆词或巧记。
cet4-w-d3767c473ce4cee7c457,accountability,listed_related,false,,,none,new_content_required,无六级同词；后续查找有证据的词族关系。
cet4-w-9f4e5df3b88f94a08810,accountable,headword,false,,,none,new_content_required,无六级同词；后续查找有证据的词族关系。
cet4-w-fe4295e59378fe30b6a6,accountancy,listed_related,false,,,none,new_content_required,无六级同词；后续查找有证据的词族关系。
cet4-w-b70f4d52f626613ef678,accountant,listed_related,false,,,none,new_content_required,无六级同词；后续查找有证据的词族关系。
cet4-w-2a5ce4035df85fb684d5,accounting,listed_related,false,,,none,new_content_required,无六级同词；后续查找有证据的词族关系。
cet4-w-b5bb411c0158c87ffbb7,accumulate,headword,true,7c8756e1-76c7-4a8c-998d-823dc1009379,accumulate,exact,pending_content_review,同词命中仅建立审核入口；不自动复制释义、拆词或巧记。
cet4-w-de298b2a0b4e2bf1363b,accumulation,listed_related,false,a2d91d13-1311-4d3d-b5f8-c7046636b9da,accumulation,exact,pending_content_review,同词命中仅建立审核入口；不自动复制释义、拆词或巧记。
cet4-w-df9f11ffa31110b2f2c1,accumulative,listed_related,false,21faaa63-3f16-4bff-ac65-0ba0856cc33b,accumulative,exact,pending_content_review,同词命中仅建立审核入口；不自动复制释义、拆词或巧记。
cet4-w-01f16ae66e034320cb43,accuracy,listed_related,true,cd2099cf-eadf-4fc6-9be2-5cd563b42135,accuracy,exact,pending_content_review,同词命中仅建立审核入口；不自动复制释义、拆词或巧记。
cet4-w-7a7aa95ab6907ff16ef0,accurate,headword,true,fdc183be-6717-42b5-926e-23bcad735620,accurate,exact,pending_content_review,同词命中仅建立审核入口；不自动复制释义、拆词或巧记。
cet4-w-0272a83810fd03a3dbf0,accusation,listed_related,false,a9598a3d-d26a-4f9d-8ff0-fe65c2c9dee1,accusation,exact,pending_content_review,同词命中仅建立审核入口；不自动复制释义、拆词或巧记。
cet4-w-f5ff766854c64e6a7f21,accuse,headword,true,4f2a0c06-5c46-416d-9982-c51addcc864a,accuse,exact,pending_content_review,同词命中仅建立审核入口；不自动复制释义、拆词或巧记。
cet4-w-44f596d480d72894a730,accustom,headword,true,6e2244a7-4cf9-4415-a9ad-6ca182491848,accustom,exact,pending_content_review,同词命中仅建立审核入口；不自动复制释义、拆词或巧记。
cet4-w-5100359a7add5be3f74e,accustomed,listed_related,true,36d08331-7509-450f-98b5-ce1899459bb8,accustomed,exact,pending_content_review,同词命中仅建立审核入口；不自动复制释义、拆词或巧记。
cet4-w-5e1e85c25cb975a5f639,ace,headword,false,,,none,new_content_required,无六级同词；后续查找有证据的词族关系。
cet4-w-c423ac00896004d5e86c,ache,headword,true,,,none,new_content_required,无六级同词；后续查找有证据的词族关系。
cet4-w-3fdc7170836acb699c27,achieve,headword,true,c4033193-752c-48d9-88ed-3c9e34d8325e,achieve,exact,pending_content_review,同词命中仅建立审核入口；不自动复制释义、拆词或巧记。
cet4-w-c0fd2ee8dcbbb3b36504,achievement,listed_related,true,51771213-9e10-4b3f-a7e6-4a49e4fa71b0,achievement,exact,pending_content_review,同词命中仅建立审核入口；不自动复制释义、拆词或巧记。
cet4-w-6db3ca8c9f5f7f74501f,acid,headword,true,7e30a685-59a9-4b8c-ad0d-24cf7a90c008,acid,exact,pending_content_review,同词命中仅建立审核入口；不自动复制释义、拆词或巧记。
cet4-w-bfffcba4cb08b4f5422e,acidity,listed_related,false,395c1c0d-0d77-4f29-bf27-8e86bd9b40f4,acidity,exact,pending_content_review,同词命中仅建立审核入口；不自动复制释义、拆词或巧记。
cet4-w-5e9f2bb803ec3bbd7f59,acknowledge,headword,true,78364e25-3eaf-4978-bbcc-ec12eb570772,acknowledge,exact,pending_content_review,同词命中仅建立审核入口；不自动复制释义、拆词或巧记。
cet4-w-c2c4b9de3e51ca864c7d,acknowledgement,listed_related,false,8e01ef3c-cbe8-4330-bae1-7d4c9470e460,acknowledgement,exact,pending_content_review,同词命中仅建立审核入口；不自动复制释义、拆词或巧记。
cet4-w-029cb66143b2c6377b03,acquaint,headword,false,dcf7b0fe-d6ce-44e8-8a00-b0447c2c35e9,acquaint,exact,pending_content_review,同词命中仅建立审核入口；不自动复制释义、拆词或巧记。
cet4-w-ca462313c254fd6ecb87,acquaintance,listed_related,true,c9c4e14d-8521-40ec-b403-d7fee8bdceb1,acquaintance,exact,pending_content_review,同词命中仅建立审核入口；不自动复制释义、拆词或巧记。
cet4-w-81853f95f10e012cafad,acquire,headword,true,46977c12-6e88-44d1-ba8d-7698dc22ef03,acquire,exact,pending_content_review,同词命中仅建立审核入口；不自动复制释义、拆词或巧记。
cet4-w-bdb4812be6fe730050b8,acquisition,listed_related,true,03ee27cc-1064-48e0-be81-4694fbf464f1,acquisition,exact,pending_content_review,同词命中仅建立审核入口；不自动复制释义、拆词或巧记。
cet4-w-71a91c5bc1d36cf51b9e,acre,headword,true,7fc45a1b-2613-4f3d-9b15-1b1b5ce03807,acre,exact,pending_content_review,同词命中仅建立审核入口；不自动复制释义、拆词或巧记。
cet4-w-479267915f30dce80612,across,headword,false,,,none,new_content_required,无六级同词；后续查找有证据的词族关系。
cet4-w-dcc6b6de5d3f3f80ff02,act,headword,true,f6c6ec73-4848-4690-a4b6-c7be1e84aa13,act,exact,pending_content_review,同词命中仅建立审核入口；不自动复制释义、拆词或巧记。
cet4-w-12952370deeb322c92b6,acting,listed_related,false,,,none,new_content_required,无六级同词；后续查找有证据的词族关系。
cet4-w-b4e76965b5a7943279ac,action,listed_related,true,9892b3f2-1d29-4b3e-9b2c-39cab7d9a34e,action,exact,pending_content_review,同词命中仅建立审核入口；不自动复制释义、拆词或巧记。
cet4-w-560e8b954a1a6e8c9768,active,headword,true,f33b3449-2cf6-473b-b26f-048f79a209e2,active,exact,pending_content_review,同词命中仅建立审核入口；不自动复制释义、拆词或巧记。
cet4-w-fe4ad424f609f1c6e502,activist,listed_related,false,,,none,new_content_required,无六级同词；后续查找有证据的词族关系。
cet4-w-4ced4a567905ee623d9d,activity,listed_related,true,,,none,new_content_required,无六级同词；后续查找有证据的词族关系。
cet4-w-45384c5a5727e65aeb71,actor,headword,true,,,none,new_content_required,无六级同词；后续查找有证据的词族关系。
cet4-w-996e8063308235c5ef59,actress,listed_related,true,,,none,new_content_required,无六级同词；后续查找有证据的词族关系。
cet4-w-1585d72748c764fdc715,actual,headword,true,,,none,new_content_required,无六级同词；后续查找有证据的词族关系。
cet4-w-35933c866d479febfd5d,actually,listed_related,true,,,none,new_content_required,无六级同词；后续查找有证据的词族关系。
cet4-w-3d98e5db5ab2fed7b3a1,acute,headword,true,bc606fd6-caee-4585-8d1f-9702ad916725,acute,exact,pending_content_review,同词命中仅建立审核入口；不自动复制释义、拆词或巧记。
cet4-w-e7cddeac5a76bef5c4f9,ad,listed_related,true,,,none,new_content_required,无六级同词；后续查找有证据的词族关系。
cet4-w-ce5ce25d8f0e7194cc10,adapt,headword,true,8f536cc2-d638-4e9a-9c7a-416b920d6343,adapt,exact,pending_content_review,同词命中仅建立审核入口；不自动复制释义、拆词或巧记。
cet4-w-9ee5467ce2af9057e724,adaptation,listed_related,false,,,none,new_content_required,无六级同词；后续查找有证据的词族关系。
cet4-w-39fd41b2a3a0a3778170,adaptive,listed_related,false,,,none,new_content_required,无六级同词；后续查找有证据的词族关系。
cet4-w-9103ec43533f3656675e,add,headword,true,77fd5f3a-23ba-4209-9e07-5617eb760024,add,exact,pending_content_review,同词命中仅建立审核入口；不自动复制释义、拆词或巧记。
cet4-w-827192b236adae6222d6,addict,headword,false,c891015e-9943-4e63-8f28-5554b7f4b962,addict,exact,pending_content_review,同词命中仅建立审核入口；不自动复制释义、拆词或巧记。
cet4-w-375e71f085b055138a30,addiction,listed_related,false,,,none,new_content_required,无六级同词；后续查找有证据的词族关系。
cet4-w-445db3c0e8ea30789839,addictive,listed_related,false,,,none,new_content_required,无六级同词；后续查找有证据的词族关系。
cet4-w-1f43ac46516340a2c567,addition,listed_related,true,b50dc97e-5fa6-4cf2-ab50-4c2e8b1953b4,addition,exact,pending_content_review,同词命中仅建立审核入口；不自动复制释义、拆词或巧记。
cet4-w-402de9743b898c93a5a7,additional,listed_related,true,cad8e612-f736-47fc-9a7c-f8f3f75891ed,additional,exact,pending_content_review,同词命中仅建立审核入口；不自动复制释义、拆词或巧记。
cet4-w-4ad740efa6ce91ebdc49,address,headword,true,,,none,new_content_required,无六级同词；后续查找有证据的词族关系。
cet4-w-db3240a754a4f0cc1b95,adequacy,listed_related,false,0ea0efbd-bf3d-435f-8568-e84fd4aafa9e,adequacy,exact,pending_content_review,同词命中仅建立审核入口；不自动复制释义、拆词或巧记。
cet4-w-3280840e02945516df84,adequate,headword,true,06b7901b-8f99-4aa6-a83f-13861e87780a,adequate,exact,pending_content_review,同词命中仅建立审核入口；不自动复制释义、拆词或巧记。
cet4-w-ee44dcf4e7327fd686b6,adequately,listed_related,false,369f6e97-8ce1-4681-95f5-950e0fbc7aec,adequately,exact,pending_content_review,同词命中仅建立审核入口；不自动复制释义、拆词或巧记。
cet4-w-c01fb4394e58c21d5942,adjective,headword,true,,,none,new_content_required,无六级同词；后续查找有证据的词族关系。
cet4-w-a8695ab2eba26f553554,adjust,headword,true,30c1758e-3529-4900-819e-7d04f25e6a18,adjust,exact,pending_content_review,同词命中仅建立审核入口；不自动复制释义、拆词或巧记。
cet4-w-0d8ec86f80e83f53213b,adjustment,listed_related,false,fcdd5ab8-3884-46c4-a5d0-477ac9cf7614,adjustment,exact,pending_content_review,同词命中仅建立审核入口；不自动复制释义、拆词或巧记。
cet4-w-db28876203b12b88803d,administer,headword,false,e7a379ec-f97c-4f32-8775-3710b49cbe84,administer,exact,pending_content_review,同词命中仅建立审核入口；不自动复制释义、拆词或巧记。
cet4-w-03984bdffe6b68219b40,administrate,headword,false,,,none,new_content_required,无六级同词；后续查找有证据的词族关系。
cet4-w-b94968e5eac90a8ffb83,administration,listed_related,true,8ca613a8-2bc4-4121-9f91-b27021f1a8b4,administration,exact,pending_content_review,同词命中仅建立审核入口；不自动复制释义、拆词或巧记。
cet4-w-01b85c6f210de37c958d,administrative,listed_related,false,2eb1cb67-bcd2-44ad-b33f-def2f0ad5913,administrative,exact,pending_content_review,同词命中仅建立审核入口；不自动复制释义、拆词或巧记。
cet4-w-7de8c50c6f946d536170,admirable,listed_related,false,,,none,new_content_required,无六级同词；后续查找有证据的词族关系。
cet4-w-bef87b82e32c217096a0,admiration,listed_related,false,,,none,new_content_required,无六级同词；后续查找有证据的词族关系。
cet4-w-29ee784062f13fd44f42,admire,headword,true,,,none,new_content_required,无六级同词；后续查找有证据的词族关系。
cet4-w-3d9d3f4d63716d89da4e,admission,listed_related,true,,,none,new_content_required,无六级同词；后续查找有证据的词族关系。
cet4-w-7905547b4c80ee139e80,admit,headword,true,f2246f88-6183-4861-916e-1bc68f163c4b,admit,exact,pending_content_review,同词命中仅建立审核入口；不自动复制释义、拆词或巧记。
cet4-w-5c470c33e99ab3fbe53a,admittance,listed_related,false,,,none,new_content_required,无六级同词；后续查找有证据的词族关系。
cet4-w-3b7e41309708613fda45,admittedly,listed_related,false,,,none,new_content_required,无六级同词；后续查找有证据的词族关系。
cet4-w-e594ff5e95ec239dbedd,adopt,headword,true,ce309ae0-58b9-4528-b9ce-40918f8f8cef,adopt,exact,pending_content_review,同词命中仅建立审核入口；不自动复制释义、拆词或巧记。
cet4-w-6173b818a073ca33d313,adoption,listed_related,false,0ea84361-029f-48ab-a754-93957b76212c,adoption,exact,pending_content_review,同词命中仅建立审核入口；不自动复制释义、拆词或巧记。
cet4-w-976ec6c3c634655b51ca,adult,headword,true,f59fcb5b-8765-4f56-8ec9-326e8b21179f,adult,exact,pending_content_review,同词命中仅建立审核入口；不自动复制释义、拆词或巧记。
cet4-w-afaba24a71230fb313cd,adulthood,listed_related,false,5b87832b-cfb9-4445-bd67-3af9d1a426a5,adulthood,exact,pending_content_review,同词命中仅建立审核入口；不自动复制释义、拆词或巧记。
cet4-w-9a5bf6b697d3a4612ad8,advance,headword,true,,,none,new_content_required,无六级同词；后续查找有证据的词族关系。
cet4-w-7d7b5cb0fd482530edf8,advanced,listed_related,true,,,none,new_content_required,无六级同词；后续查找有证据的词族关系。
cet4-w-59ed917fcb3700668e3d,advancement,listed_related,false,,,none,new_content_required,无六级同词；后续查找有证据的词族关系。
cet4-w-2c156f3c4527e4e2edab,advantage,headword,true,b73da79b-8309-44e7-9f67-92beac400c22,advantage,exact,pending_content_review,同词命中仅建立审核入口；不自动复制释义、拆词或巧记。
cet4-w-979341795d0eb537a232,advantageous,listed_related,false,,,none,new_content_required,无六级同词；后续查找有证据的词族关系。
cet4-w-4175a16ea1d2763efce0,adventure,headword,true,853673d8-0d7d-4476-ab35-030e06366478,adventure,exact,pending_content_review,同词命中仅建立审核入口；不自动复制释义、拆词或巧记。
cet4-w-a82e1cc5a628eaaf39a2,adventurer,listed_related,false,77b10f7f-7e92-468c-8fd2-8af35b26da4c,adventurer,exact,pending_content_review,同词命中仅建立审核入口；不自动复制释义、拆词或巧记。
cet4-w-01e950ac441cc4232030,adventurous,listed_related,false,d3e51621-5ae1-4fea-8717-ca3ee31cff8e,adventurous,exact,pending_content_review,同词命中仅建立审核入口；不自动复制释义、拆词或巧记。
cet4-w-cb23720950cec8a0717e,adverb,headword,true,,,none,new_content_required,无六级同词；后续查找有证据的词族关系。
cet4-w-2b53d6d596a94aab7358,advertise,headword,true,0b29638b-5869-4466-8371-597540ff1186,advertise,exact,pending_content_review,同词命中仅建立审核入口；不自动复制释义、拆词或巧记。
cet4-w-438d3f65382c41b03b15,advertisement,listed_related,true,973539aa-22d5-4c9c-b4b3-15c0fca5363b,advertisement,exact,pending_content_review,同词命中仅建立审核入口；不自动复制释义、拆词或巧记。
cet4-w-1018a0539949f94604bd,advertising,listed_related,false,,,none,new_content_required,无六级同词；后续查找有证据的词族关系。
cet4-w-31464168a4e20e190caf,advice,headword,true,,,none,new_content_required,无六级同词；后续查找有证据的词族关系。
cet4-w-b14a7223a66a4be986cc,advisable,listed_related,true,,,none,new_content_required,无六级同词；后续查找有证据的词族关系。
cet4-w-dfacdd38e988155c0bb9,advise,headword,true,,,none,new_content_required,无六级同词；后续查找有证据的词族关系。
cet4-w-211094416f1ff22ea84a,advisor,listed_related,false,,,none,new_content_required,无六级同词；后续查找有证据的词族关系。
cet4-w-d30b2492217a40d9bd08,advisory,listed_related,false,,,none,new_content_required,无六级同词；后续查找有证据的词族关系。
cet4-w-368c2c88f345d91626d9,advocacy,listed_related,false,8b25657b-db43-4236-9194-95d9f9302836,advocacy,exact,pending_content_review,同词命中仅建立审核入口；不自动复制释义、拆词或巧记。
cet4-w-d95035938f8c5b5efc85,advocate,headword,true,c0f57f2c-eab1-4e4a-aba6-a6d3c20068b1,advocate,exact,pending_content_review,同词命中仅建立审核入口；不自动复制释义、拆词或巧记。
cet4-w-7daf933ef1e7c44bbc39,aerial,headword,false,422f4870-66c2-44fd-80c0-72d6e38e6ea7,aerial,exact,pending_content_review,同词命中仅建立审核入口；不自动复制释义、拆词或巧记。
cet4-w-3411c399a443eb0c2c39,affair,headword,true,,,none,new_content_required,无六级同词；后续查找有证据的词族关系。
cet4-w-be633f3beaca7dbb4b35,affect,headword,true,9005d805-e7c7-4cee-92b3-840f01f20bdf,affect,exact,pending_content_review,同词命中仅建立审核入口；不自动复制释义、拆词或巧记。
cet4-w-2b0394fab5af21678a68,affection,headword,true,2b17ac60-4713-4dd1-b9e3-be5e56861555,affection,exact,pending_content_review,同词命中仅建立审核入口；不自动复制释义、拆词或巧记。
cet4-w-9b7a6510e8e95a50590a,affectionate,listed_related,false,f0770246-79ae-45a5-a852-c205fd5c468c,affectionate,exact,pending_content_review,同词命中仅建立审核入口；不自动复制释义、拆词或巧记。
cet4-w-c9d31b7c1301fec90168,affluence,listed_related,false,,,none,new_content_required,无六级同词；后续查找有证据的词族关系。
cet4-w-2799d885f6e074f1938f,affluent,headword,true,,,none,new_content_required,无六级同词；后续查找有证据的词族关系。
cet4-w-607185ce10e7e8f817dc,afford,headword,true,8fde3948-05fc-416c-b525-13c5646b69b3,afford,exact,pending_content_review,同词命中仅建立审核入口；不自动复制释义、拆词或巧记。
cet4-w-afa4f241b338911cf139,affordability,listed_related,false,5b678798-60b9-49f6-a09e-0475a3e7efe9,affordability,exact,pending_content_review,同词命中仅建立审核入口；不自动复制释义、拆词或巧记。
cet4-w-266baf20928a5f822bdb,affordable,listed_related,false,2b4d9d9d-052b-4ce3-9035-9775a394c2ea,affordable,exact,pending_content_review,同词命中仅建立审核入口；不自动复制释义、拆词或巧记。
cet4-w-bcc73171d7284ddbed21,afraid,headword,false,13fe094c-76c2-418c-b6e5-93070134ffbd,afraid,exact,pending_content_review,同词命中仅建立审核入口；不自动复制释义、拆词或巧记。
cet4-w-6ad0b2b05252086404a8,after,headword,false,28df639c-129e-4871-bb62-2530cc437eac,after,exact,pending_content_review,同词命中仅建立审核入口；不自动复制释义、拆词或巧记。
cet4-w-fbd9414580850975bc60,afternoon,headword,false,,,none,new_content_required,无六级同词；后续查找有证据的词族关系。
cet4-w-87da8d1254b2b8adff0f,afterward,headword,true,,,none,new_content_required,无六级同词；后续查找有证据的词族关系。
cet4-w-a5a7f55370c1ccdf1a9c,again,headword,false,,,none,new_content_required,无六级同词；后续查找有证据的词族关系。
cet4-w-dd9ddbde077c248d2ad9,against,headword,true,,,none,new_content_required,无六级同词；后续查找有证据的词族关系。
cet4-w-0ca0b488abbadcf6d000,age,headword,false,49d05b22-2649-4206-bec0-fc5bfb91edc2,age,exact,pending_content_review,同词命中仅建立审核入口；不自动复制释义、拆词或巧记。
cet4-w-3b16e43a39094468b1ab,aged,listed_related,false,,,none,new_content_required,无六级同词；后续查找有证据的词族关系。
cet4-w-8ac5f01ee2a3a56cb08c,agency,listed_related,true,b8526bf0-228f-40ae-9d75-2a05518596aa,agency,exact,pending_content_review,同词命中仅建立审核入口；不自动复制释义、拆词或巧记。
cet4-w-9a29847f7a9d8a0025aa,agenda,headword,false,,,none,new_content_required,无六级同词；后续查找有证据的词族关系。
cet4-w-e095d12bbceea91468be,agent,headword,true,80f6abe4-dcf5-432b-9d21-1c8ebd19ccf4,agent,exact,pending_content_review,同词命中仅建立审核入口；不自动复制释义、拆词或巧记。
cet4-w-ac7028003b190af110ef,aggression,listed_related,false,017e3ba9-61ed-47d8-a841-166317279de0,aggression,exact,pending_content_review,同词命中仅建立审核入口；不自动复制释义、拆词或巧记。
cet4-w-e18276e410584ed9a4b1,aggressive,headword,true,2ac53730-7a00-4b79-8da5-b800662f7aad,aggressive,exact,pending_content_review,同词命中仅建立审核入口；不自动复制释义、拆词或巧记。
cet4-w-2951fba0d3bc5f2b9808,aging,listed_related,false,,,none,new_content_required,无六级同词；后续查找有证据的词族关系。
cet4-w-23d56d7973abcce39362,ago,headword,false,,,none,new_content_required,无六级同词；后续查找有证据的词族关系。
cet4-w-224bd7f9b49f95bb44ce,agree,headword,false,0c5405e2-d05b-4c8b-911a-e455ada9c952,agree,exact,pending_content_review,同词命中仅建立审核入口；不自动复制释义、拆词或巧记。
cet4-w-53f07797255530c3b3b6,agreeable,listed_related,false,229a4439-4cbd-4a9b-9b12-fa0306f0d9cc,agreeable,exact,pending_content_review,同词命中仅建立审核入口；不自动复制释义、拆词或巧记。
cet4-w-d838b6d9a7780a95dbe5,agreement,listed_related,false,073c6ba9-64b0-4681-85f6-5afdc2574e42,agreement,exact,pending_content_review,同词命中仅建立审核入口；不自动复制释义、拆词或巧记。
cet4-w-2b23e713fdd5ad208ff1,agricultural,listed_related,false,7c45cfde-56a0-4bd9-8605-6ace885c5a66,agricultural,exact,pending_content_review,同词命中仅建立审核入口；不自动复制释义、拆词或巧记。
cet4-w-7050d50383e85d57962a,agriculture,headword,true,262982b8-7feb-48e5-a0d4-d2d4ad9cb06a,agriculture,exact,pending_content_review,同词命中仅建立审核入口；不自动复制释义、拆词或巧记。
cet4-w-dc8e38ed4d43cbd7145b,ahead,headword,false,,,none,new_content_required,无六级同词；后续查找有证据的词族关系。
cet4-w-6ec1d4570e178f8bc45f,aid,headword,true,3271f71a-9653-4669-b720-8f7739880379,aid,exact,pending_content_review,同词命中仅建立审核入口；不自动复制释义、拆词或巧记。
cet4-w-0723e3d778f3f044c45b,AIDS,headword,false,f08cf88e-f21b-4980-87a9-8ff2716d825f,AIDS,exact,pending_content_review,同词命中仅建立审核入口；不自动复制释义、拆词或巧记。
cet4-w-5273b9826de04f678d1b,aim,headword,true,115b3cb1-b96a-42a4-a9d5-dddb16433997,aim,exact,pending_content_review,同词命中仅建立审核入口；不自动复制释义、拆词或巧记。
cet4-w-754a622547c2b0e21879,air,headword,false,9626b66e-4873-4129-9b40-4997f3d8cbf3,air,exact,pending_content_review,同词命中仅建立审核入口；不自动复制释义、拆词或巧记。
cet4-w-d601f47662d997b92b2e,air-conditioner,listed_related,false,,,none,new_content_required,无六级同词；后续查找有证据的词族关系。
cet4-w-dd0e523c2a7c752a7b46,air-conditioning,headword,false,a8da72a0-6d96-4544-8ff1-5d2c3d5defe2,air-conditioning,exact,pending_content_review,同词命中仅建立审核入口；不自动复制释义、拆词或巧记。
cet4-w-8cf065b326b5bc0e282f,aircraft,headword,true,,,none,new_content_required,无六级同词；后续查找有证据的词族关系。
cet4-w-4410c4b245aa7dc880b5,airline,headword,true,,,none,new_content_required,无六级同词；后续查找有证据的词族关系。
cet4-w-f2ec9ab237f25e3fdc36,airplane,headword,true,664cf7a3-d380-4836-bb29-6521189b2e97,airplane,exact,pending_content_review,同词命中仅建立审核入口；不自动复制释义、拆词或巧记。
cet4-w-196eea6931afa61926c6,airport,headword,false,,,none,new_content_required,无六级同词；后续查找有证据的词族关系。
cet4-w-1994cbe07b013902544c,aisle,headword,false,4d7723c0-dd07-4342-9829-39cd0d478afd,aisle,exact,pending_content_review,同词命中仅建立审核入口；不自动复制释义、拆词或巧记。
cet4-w-6f63df0ae27e11526e7c,alarm,headword,true,33864107-637d-4648-be00-75281484aa30,alarm,exact,pending_content_review,同词命中仅建立审核入口；不自动复制释义、拆词或巧记。
cet4-w-49d3fb0f33fba522db3f,album,headword,false,e7446253-b64f-4566-a193-d215a6e8dc78,album,exact,pending_content_review,同词命中仅建立审核入口；不自动复制释义、拆词或巧记。
cet4-w-2c66662e02ac749156f4,alcohol,headword,true,c5534703-d1e7-4e68-ac00-300bfc574c0d,alcohol,exact,pending_content_review,同词命中仅建立审核入口；不自动复制释义、拆词或巧记。
cet4-w-7bec91eab8ce33a8b863,alcoholic,listed_related,false,5a1b6e31-b9fb-4deb-8ac8-9fd2452def64,alcoholic,exact,pending_content_review,同词命中仅建立审核入口；不自动复制释义、拆词或巧记。
cet4-w-5cba5a09b090025e5acd,alert,headword,true,ebbbd142-1d89-4514-a7a0-981ee72cbafb,alert,exact,pending_content_review,同词命中仅建立审核入口；不自动复制释义、拆词或巧记。
cet4-w-cee170e7a1791bfc2289,algebra,headword,true,,,none,new_content_required,无六级同词；后续查找有证据的词族关系。
cet4-w-0f7836947bf55564497f,alike,headword,true,,,none,new_content_required,无六级同词；后续查找有证据的词族关系。
cet4-w-da93fcfc874bba0a6298,alive,headword,true,,,none,new_content_required,无六级同词；后续查找有证据的词族关系。
cet4-w-f4529162f8a32de913fa,all,headword,false,1e210516-afc8-46dd-8111-c350ceb861c0,all,exact,pending_content_review,同词命中仅建立审核入口；不自动复制释义、拆词或巧记。
cet4-w-4a575d2852cbab8a12ff,allegation,listed_related,false,9705f513-ef52-4ccd-bb0d-f959b524c719,allegation,exact,pending_content_review,同词命中仅建立审核入口；不自动复制释义、拆词或巧记。
cet4-w-4f94e9dc1e5aaee7b1e0,allege,headword,false,e8f0a532-b6ce-4f2e-b657-924dc034081d,allege,exact,pending_content_review,同词命中仅建立审核入口；不自动复制释义、拆词或巧记。
cet4-w-760c96a5ae4e10b05524,alleged,listed_related,false,6cd2277f-9405-4209-a29b-0777a73a6e7e,alleged,exact,pending_content_review,同词命中仅建立审核入口；不自动复制释义、拆词或巧记。
cet4-w-62b83d1aad1ae8708b1b,allegedly,listed_related,false,052033a2-296f-43de-b9b4-70cd230479e3,allegedly,exact,pending_content_review,同词命中仅建立审核入口；不自动复制释义、拆词或巧记。
cet4-w-3d3fc6af3a30dd9e0a8b,alley,headword,false,,,none,new_content_required,无六级同词；后续查找有证据的词族关系。
cet4-w-3ea1205fb033f1fef975,alliance,listed_related,false,a2c9be2e-88b5-4f14-a17d-f0c5dfc9ddae,alliance,exact,pending_content_review,同词命中仅建立审核入口；不自动复制释义、拆词或巧记。
cet4-w-5aa40972f773c5c445f8,allow,headword,true,39bcb370-86fb-490b-9036-0673998bf185,allow,exact,pending_content_review,同词命中仅建立审核入口；不自动复制释义、拆词或巧记。
cet4-w-0927f885f060d30e32f1,allowance,headword,false,e828428a-f472-471d-904c-53a3946cb540,allowance,exact,pending_content_review,同词命中仅建立审核入口；不自动复制释义、拆词或巧记。
cet4-w-d757fb4d56efefde3164,ally,headword,false,aca021f1-53ac-4608-8e1c-7525d1c1bdea,ally,exact,pending_content_review,同词命中仅建立审核入口；不自动复制释义、拆词或巧记。
cet4-w-a2ba1da37002e751a2c0,almost,headword,false,,,none,new_content_required,无六级同词；后续查找有证据的词族关系。
cet4-w-861169b4b0999421460f,alone,headword,true,,,none,new_content_required,无六级同词；后续查找有证据的词族关系。
cet4-w-623184b3e2dd80ac964b,along,headword,false,56d5e1ee-f68c-489f-a16a-7492bab04f85,along,exact,pending_content_review,同词命中仅建立审核入口；不自动复制释义、拆词或巧记。
cet4-w-5f21d0590a638703c767,alongside,headword,false,8a83f655-8c1b-4e88-ae8f-1b2a46abaf92,alongside,exact,pending_content_review,同词命中仅建立审核入口；不自动复制释义、拆词或巧记。
cet4-w-8680684c9767ed4fd4e1,aloud,headword,true,00707979-c709-4d30-b7f2-f43dac05fccc,aloud,exact,pending_content_review,同词命中仅建立审核入口；不自动复制释义、拆词或巧记。
cet4-w-560ed2b14539b745119d,alphabet,headword,true,,,none,new_content_required,无六级同词；后续查找有证据的词族关系。
cet4-w-22bd9a7c4a06152e3ff9,alphabetic,listed_related,false,,,none,new_content_required,无六级同词；后续查找有证据的词族关系。
cet4-w-b23adfa2394d209677b1,alphabetical,listed_related,false,,,none,new_content_required,无六级同词；后续查找有证据的词族关系。
cet4-w-b8ca14ca458b83a7e387,already,headword,false,,,none,new_content_required,无六级同词；后续查找有证据的词族关系。
cet4-w-616217d737552f428ae0,also,headword,false,,,none,new_content_required,无六级同词；后续查找有证据的词族关系。
cet4-w-694001720536556bbe57,alter,headword,true,5ddbe4d2-1ac9-4f73-82c8-4849349fc0ad,alter,exact,pending_content_review,同词命中仅建立审核入口；不自动复制释义、拆词或巧记。
cet4-w-0c0043d3ff5bfcdfecb7,alteration,listed_related,false,cb66e49b-e686-4380-90cf-b4899b343fe7,alteration,exact,pending_content_review,同词命中仅建立审核入口；不自动复制释义、拆词或巧记。
cet4-w-83a6505d7459c8b13290,alternative,headword,true,aca26edc-6503-4515-ab2b-efa9f707c0aa,alternative,exact,pending_content_review,同词命中仅建立审核入口；不自动复制释义、拆词或巧记。
cet4-w-a940391ad98858bac4fa,although,headword,true,,,none,new_content_required,无六级同词；后续查找有证据的词族关系。
cet4-w-935e4a4f2f3a467fc95c,altitude,headword,true,ca513b75-f10f-4ccc-bc4c-ee732d844e55,altitude,exact,pending_content_review,同词命中仅建立审核入口；不自动复制释义、拆词或巧记。
cet4-w-35bb080edbee5d1f0811,altogether,headword,true,,,none,new_content_required,无六级同词；后续查找有证据的词族关系。
cet4-w-ee23a76d3ebef6ab2996,aluminum,headword,true,,,none,new_content_required,无六级同词；后续查找有证据的词族关系。
cet4-w-844574a162b66a44530a,always,headword,false,,,none,new_content_required,无六级同词；后续查找有证据的词族关系。
cet4-w-9abaabc5da76a61b7552,am,headword,false,,,none,new_content_required,无六级同词；后续查找有证据的词族关系。
cet4-w-b966f0ae1c7c963a1cdd,amateur,headword,false,,,none,new_content_required,无六级同词；后续查找有证据的词族关系。
cet4-w-c9392ff234740072f584,amaze,headword,true,,,none,new_content_required,无六级同词；后续查找有证据的词族关系。
cet4-w-a84f40110841666e28ee,amazement,listed_related,false,,,none,new_content_required,无六级同词；后续查找有证据的词族关系。
cet4-w-f5bac0fa1f386f0c80c5,amazing,listed_related,false,,,none,new_content_required,无六级同词；后续查找有证据的词族关系。
cet4-w-14d09063097084c59b4f,ambassador,headword,false,,,none,new_content_required,无六级同词；后续查找有证据的词族关系。
cet4-w-a46d21aa45222636575d,ambition,headword,true,abe480ce-5472-42a4-874a-cdd390b0b95c,ambition,exact,pending_content_review,同词命中仅建立审核入口；不自动复制释义、拆词或巧记。
cet4-w-533e66b7f7b0ce9a0fb7,ambitious,listed_related,false,b77c0678-764d-451a-b7a3-52fc5dc886fc,ambitious,exact,pending_content_review,同词命中仅建立审核入口；不自动复制释义、拆词或巧记。
cet4-w-bbe1eb3b830d2c906bac,ambulance,headword,true,,,none,new_content_required,无六级同词；后续查找有证据的词族关系。
cet4-w-3a5fdb686a55ff051478,amid,headword,false,ab3083e5-be89-4790-8496-35f1f93d21a7,amid,exact,pending_content_review,同词命中仅建立审核入口；不自动复制释义、拆词或巧记。
cet4-w-6a4fca45569f0be5a649,amidst,headword,false,,,none,new_content_required,无六级同词；后续查找有证据的词族关系。
cet4-w-3e2f49591a323f85109a,among,headword,false,,,none,new_content_required,无六级同词；后续查找有证据的词族关系。
cet4-w-6ae6c59d7e99c29634c4,amongst,headword,true,,,none,new_content_required,无六级同词；后续查找有证据的词族关系。
cet4-w-f8949da5acaeb5b586ed,amount,headword,true,,,none,new_content_required,无六级同词；后续查找有证据的词族关系。
cet4-w-c1f5b37ad27abe8e10e1,ample,headword,false,f67c28a4-fa3f-4f54-8718-46fdf3416a18,ample,exact,pending_content_review,同词命中仅建立审核入口；不自动复制释义、拆词或巧记。
cet4-w-d36366b630c6ae234f4a,amuse,headword,true,,,none,new_content_required,无六级同词；后续查找有证据的词族关系。
cet4-w-2eef0e8448e32dca9c15,amusement,listed_related,false,,,none,new_content_required,无六级同词；后续查找有证据的词族关系。
cet4-w-946ef6c0a5e9e67b210f,amusing,listed_related,false,,,none,new_content_required,无六级同词；后续查找有证据的词族关系。
cet4-w-9287ba6d9732d3125de7,an,headword,false,,,none,new_content_required,无六级同词；后续查找有证据的词族关系。
cet4-w-22634c370b80850c5995,analysis,listed_related,true,7be97d1d-68ac-4579-a0a5-99ae2a4e0a19,analysis,exact,pending_content_review,同词命中仅建立审核入口；不自动复制释义、拆词或巧记。
cet4-w-1fb18acce56d40da1cdf,analyst,listed_related,false,f508c70d-1294-4feb-a91d-0057def806ee,analyst,exact,pending_content_review,同词命中仅建立审核入口；不自动复制释义、拆词或巧记。
cet4-w-04e137a56a2d32f678c6,analytic,listed_related,false,,,none,new_content_required,无六级同词；后续查找有证据的词族关系。
cet4-w-037fe5ee5cd36a0eb53d,analytical,listed_related,false,,,none,new_content_required,无六级同词；后续查找有证据的词族关系。
cet4-w-72121a255b55512b0829,analyze,headword,true,0b0a3117-8119-4ffe-87e9-5faf05714299,analyse,declared_variant,pending_content_review,同词命中仅建立审核入口；不自动复制释义、拆词或巧记。
cet4-w-9a5a729da4af60d63315,ancestor,headword,true,0aa9527a-2eff-454f-b529-7e0342087f75,ancestor,exact,pending_content_review,同词命中仅建立审核入口；不自动复制释义、拆词或巧记。
cet4-w-96505aaf3b2bba8e10b6,ancestry,listed_related,false,247ffebc-53d3-497c-910b-829fdce22d98,ancestry,exact,pending_content_review,同词命中仅建立审核入口；不自动复制释义、拆词或巧记。
cet4-w-6bf8b2748a6f1aca62c4,anchor,headword,true,,,none,new_content_required,无六级同词；后续查找有证据的词族关系。
cet4-w-ff2284821991e91b0453,anchorage,listed_related,false,,,none,new_content_required,无六级同词；后续查找有证据的词族关系。
cet4-w-837c23faa4406003a563,ancient,headword,true,1ad44126-5306-471e-8335-a4264a508f2d,ancient,exact,pending_content_review,同词命中仅建立审核入口；不自动复制释义、拆词或巧记。
cet4-w-07aa968e2f009036bddb,and,headword,false,,,none,new_content_required,无六级同词；后续查找有证据的词族关系。
cet4-w-9e3b48342b97b434a5da,anew,headword,false,,,none,new_content_required,无六级同词；后续查找有证据的词族关系。
cet4-w-ee55f3b8d37e28c8d97b,angel,headword,true,21f381ba-df3b-4d88-913f-d058a208ddb7,angel,exact,pending_content_review,同词命中仅建立审核入口；不自动复制释义、拆词或巧记。
cet4-w-8428fb5d16ae88f4d10c,anger,listed_related,true,,,none,new_content_required,无六级同词；后续查找有证据的词族关系。
cet4-w-49117f7c63f3d4a37396,angle,headword,true,39bd0112-bd98-46c5-9579-93cc3414a468,angle,exact,pending_content_review,同词命中仅建立审核入口；不自动复制释义、拆词或巧记。
cet4-w-0146ac7e5ee863bf63dc,angry,headword,false,d787bb54-4ffb-4979-a9de-c3f62d260533,angry,exact,pending_content_review,同词命中仅建立审核入口；不自动复制释义、拆词或巧记。
cet4-w-53ffb765fb21bf9bea7c,animal,headword,false,60645740-becd-42a9-8f70-52bc9391dbf0,animal,exact,pending_content_review,同词命中仅建立审核入口；不自动复制释义、拆词或巧记。
cet4-w-50a4233a71e998c53963,ankle,headword,true,,,none,new_content_required,无六级同词；后续查找有证据的词族关系。
cet4-w-d43ff44e9fc4df536ed7,anniversary,headword,false,,,none,new_content_required,无六级同词；后续查找有证据的词族关系。
cet4-w-4d9986dc667a2f581b53,announce,headword,true,,,none,new_content_required,无六级同词；后续查找有证据的词族关系。
cet4-w-a876a0b1bc4df6651be0,announcement,listed_related,false,,,none,new_content_required,无六级同词；后续查找有证据的词族关系。
cet4-w-36b2982adfd418aa4a62,annoy,headword,false,4cd0018f-815c-41e3-8613-35b2d0ab2bb3,annoy,exact,pending_content_review,同词命中仅建立审核入口；不自动复制释义、拆词或巧记。
cet4-w-c4488a82187c3cb7d85e,annoyance,listed_related,false,b3a1b154-5592-4ad8-9a61-439a7600fd39,annoyance,exact,pending_content_review,同词命中仅建立审核入口；不自动复制释义、拆词或巧记。
cet4-w-50b92d83ee9e11e9431d,annual,headword,true,1571947a-5b15-4f2f-afec-24b57cd2d520,annual,exact,pending_content_review,同词命中仅建立审核入口；不自动复制释义、拆词或巧记。
cet4-w-ce6923dac3707851adbd,another,headword,false,,,none,new_content_required,无六级同词；后续查找有证据的词族关系。
cet4-w-9d3f710e8fcbb3733ebe,answer,headword,false,,,none,new_content_required,无六级同词；后续查找有证据的词族关系。
cet4-w-5e12aa41f2153d9ac4a0,ant,headword,true,946c0580-afa2-4b75-b336-fbe090571a9e,ant,exact,pending_content_review,同词命中仅建立审核入口；不自动复制释义、拆词或巧记。
cet4-w-b4584c44c522fde52fdb,anticipate,headword,true,0af007ef-0560-45f4-9fb0-d51912c7bbbf,anticipate,exact,pending_content_review,同词命中仅建立审核入口；不自动复制释义、拆词或巧记。
cet4-w-22e13ffdef3c8e52c7fa,anticipation,listed_related,false,6d3ab4d5-44ce-4771-81f3-f9ca3b6f1423,anticipation,exact,pending_content_review,同词命中仅建立审核入口；不自动复制释义、拆词或巧记。
cet4-w-2a4c3d98bcbd0448e362,antique,headword,false,,,none,new_content_required,无六级同词；后续查找有证据的词族关系。
cet4-w-f093cde3b0f743f1ce19,anxiety,listed_related,true,56b7b65b-9838-4fa1-a10f-d9b09fd49e4b,anxiety,exact,pending_content_review,同词命中仅建立审核入口；不自动复制释义、拆词或巧记。
cet4-w-b677938ef5a39fd1dad1,anxious,headword,true,,,none,new_content_required,无六级同词；后续查找有证据的词族关系。
cet4-w-7adfab203e9832b97dc6,any,headword,false,,,none,new_content_required,无六级同词；后续查找有证据的词族关系。
cet4-w-b87d418f4cd0f9554e6c,anybody,headword,false,,,none,new_content_required,无六级同词；后续查找有证据的词族关系。
cet4-w-c737bb5ea9d8ffbbec08,anyhow,headword,true,,,none,new_content_required,无六级同词；后续查找有证据的词族关系。
cet4-w-ff5adfbe9ab5141ce510,anyone,headword,true,,,none,new_content_required,无六级同词；后续查找有证据的词族关系。
cet4-w-1e7dbad6163b1ced83e7,anything,headword,false,,,none,new_content_required,无六级同词；后续查找有证据的词族关系。
cet4-w-1fa4d6aa4dca3f759aef,anyway,headword,true,,,none,new_content_required,无六级同词；后续查找有证据的词族关系。
cet4-w-82f791b812f13fcea10b,anywhere,headword,true,,,none,new_content_required,无六级同词；后续查找有证据的词族关系。
cet4-w-b1c53517898417b71f5d,apart,headword,true,4c8396a7-fb02-4a1a-a3f2-0177346bbf15,apart,exact,pending_content_review,同词命中仅建立审核入口；不自动复制释义、拆词或巧记。
cet4-w-03f83ec82b5b625c6a62,apartment,headword,true,d308a291-1a36-428e-9f2c-f7b2eee551c8,apartment,exact,pending_content_review,同词命中仅建立审核入口；不自动复制释义、拆词或巧记。
cet4-w-d8bd73e2ba3c529e2372,apologetic,listed_related,false,a42a9165-d109-40f2-96ad-b9a1b9e0159c,apologetic,exact,pending_content_review,同词命中仅建立审核入口；不自动复制释义、拆词或巧记。
cet4-w-5d54bae3b0ba2b0c6a03,apologize,listed_related,true,5220daaa-2aeb-412d-97c4-3d17e0b96178,apologize,exact,pending_content_review,同词命中仅建立审核入口；不自动复制释义、拆词或巧记。
cet4-w-1a3dcb6d78be9bb0296b,apology,headword,true,a31083ce-d7c1-434b-83ff-39ff236760e6,apology,exact,pending_content_review,同词命中仅建立审核入口；不自动复制释义、拆词或巧记。
cet4-w-adcd0136bc40f341f949,app,headword,false,,,none,new_content_required,无六级同词；后续查找有证据的词族关系。
cet4-w-cde5edffd797692c9b89,apparatus,headword,true,01c70477-f18a-44b7-8f90-1b17ec3de778,apparatus,exact,pending_content_review,同词命中仅建立审核入口；不自动复制释义、拆词或巧记。
cet4-w-ee2fba930bb896c41212,apparent,headword,true,2490a401-bb98-4d24-a2af-ec6501b1938c,apparent,exact,pending_content_review,同词命中仅建立审核入口；不自动复制释义、拆词或巧记。
cet4-w-9ba053a901a7ee559db3,apparently,listed_related,false,ba890ddd-e1bb-4f9d-8350-e133eef7d542,apparently,exact,pending_content_review,同词命中仅建立审核入口；不自动复制释义、拆词或巧记。
cet4-w-428e2818cd3935caa63f,appeal,headword,true,c1667ab4-bc22-44a8-877b-da44c9213a94,appeal,exact,pending_content_review,同词命中仅建立审核入口；不自动复制释义、拆词或巧记。
cet4-w-6ebe7811deb3d5c6ea1c,appealing,listed_related,false,58c6a7f3-fb63-40e1-9e96-18294f4dc108,appealing,exact,pending_content_review,同词命中仅建立审核入口；不自动复制释义、拆词或巧记。
cet4-w-309794b87f51c124f6c6,appear,headword,true,fee4d8ef-2efb-4fc3-8080-a15d3db523d5,appear,exact,pending_content_review,同词命中仅建立审核入口；不自动复制释义、拆词或巧记。
cet4-w-70e3f62aa429ba4f094c,appearance,listed_related,true,2267e29f-b11d-4e82-a830-6ad30c7f8332,appearance,exact,pending_content_review,同词命中仅建立审核入口；不自动复制释义、拆词或巧记。
cet4-w-bc06b56e0f2a16d46350,appetite,headword,true,,,none,new_content_required,无六级同词；后续查找有证据的词族关系。
cet4-w-5174f4f7e49d850e7f06,applaud,headword,false,d49f4ce6-2cd5-4f7e-8c0c-6d44fc67ae76,applaud,exact,pending_content_review,同词命中仅建立审核入口；不自动复制释义、拆词或巧记。
cet4-w-084d5ef605b65703820d,applause,listed_related,true,08c97211-1f5d-4ea3-a593-a35467b06f95,applause,exact,pending_content_review,同词命中仅建立审核入口；不自动复制释义、拆词或巧记。
cet4-w-09d5fd01a45f480eb6a3,apple,headword,false,dadf82a9-eaef-4571-a631-2ca61fa75bf7,apple,exact,pending_content_review,同词命中仅建立审核入口；不自动复制释义、拆词或巧记。
cet4-w-6146e9fd034a80285ce1,appliance,headword,true,b1b87d7e-46d8-4b03-a24f-83fe27c66452,appliance,exact,pending_content_review,同词命中仅建立审核入口；不自动复制释义、拆词或巧记。
cet4-w-7a2d3543f26fdfd8a71b,applicable,listed_related,true,,,none,new_content_required,无六级同词；后续查找有证据的词族关系。
cet4-w-bc5d61a8856cd514893e,applicant,listed_related,true,,,none,new_content_required,无六级同词；后续查找有证据的词族关系。
cet4-w-4618626c765e847a5fee,application,listed_related,true,cd52ddb5-1906-4969-b576-73722c1e50fb,application,exact,pending_content_review,同词命中仅建立审核入口；不自动复制释义、拆词或巧记。
cet4-w-2893a9438e61e4a55e4a,apply,headword,true,594e513c-9ada-4313-9b93-a5a30881358e,apply,exact,pending_content_review,同词命中仅建立审核入口；不自动复制释义、拆词或巧记。
cet4-w-6949df1d52b59dd7720f,appoint,headword,true,ffa22a5d-34ca-4a05-a4a2-434862f27082,appoint,exact,pending_content_review,同词命中仅建立审核入口；不自动复制释义、拆词或巧记。
cet4-w-09ed4117a60a72ea0019,appointment,listed_related,true,03a95fc4-fdb4-459d-8b63-e662ecff8fbf,appointment,exact,pending_content_review,同词命中仅建立审核入口；不自动复制释义、拆词或巧记。
cet4-w-90196a7db3bdd617f271,appreciate,headword,true,,,none,new_content_required,无六级同词；后续查找有证据的词族关系。
cet4-w-ecd40a18c98d929a3c1f,appreciation,listed_related,false,,,none,new_content_required,无六级同词；后续查找有证据的词族关系。
cet4-w-91ec86513865f0a79531,appreciative,listed_related,false,,,none,new_content_required,无六级同词；后续查找有证据的词族关系。
cet4-w-9dd729ca25bdcdd216d2,approach,headword,true,82cf9ae9-56ea-49a6-8946-2f5a8d6078a5,approach,exact,pending_content_review,同词命中仅建立审核入口；不自动复制释义、拆词或巧记。
cet4-w-78dcb122ac6f71cdb1dc,appropriate,headword,true,b7b1ea72-9a65-4164-82c7-f1b8df8bcdb8,appropriate,exact,pending_content_review,同词命中仅建立审核入口；不自动复制释义、拆词或巧记。
cet4-w-2f0bdd4a84722aaf026f,approval,listed_related,true,4e5a6579-83a6-4f10-a613-98f7c0dabf1b,approval,exact,pending_content_review,同词命中仅建立审核入口；不自动复制释义、拆词或巧记。
cet4-w-9325dbfc433f4cabc115,approve,headword,true,2bc4c901-7426-42f0-98b4-7fea75921834,approve,exact,pending_content_review,同词命中仅建立审核入口；不自动复制释义、拆词或巧记。
cet4-w-d29399f138a17bd3e03a,approximate,headword,true,6d7ef09d-1f42-4911-83ba-9c6220f57221,approximate,exact,pending_content_review,同词命中仅建立审核入口；不自动复制释义、拆词或巧记。
cet4-w-f00bac260b0aced56b26,approximately,listed_related,true,413a0e0f-ec9f-4ad4-95c1-4d9afc9f67ea,approximately,exact,pending_content_review,同词命中仅建立审核入口；不自动复制释义、拆词或巧记。
cet4-w-3e8ada347ab741b62bab,approximation,listed_related,false,468cdd15-8e01-4679-a743-ae6a77064ea5,approximation,exact,pending_content_review,同词命中仅建立审核入口；不自动复制释义、拆词或巧记。
cet4-w-cd4c9c74c26931e719ce,April,headword,false,,,none,new_content_required,无六级同词；后续查找有证据的词族关系。
cet4-w-b30f02fe974b5cbd9cce,apt.,headword,false,,,none,new_content_required,无六级同词；后续查找有证据的词族关系。
cet4-w-dc7cfbccb1f0f16004f4,aptitude,headword,false,,,none,new_content_required,无六级同词；后续查找有证据的词族关系。
cet4-w-5069f85307984a496695,arbitrarily,listed_related,false,fc91bd36-5bfb-4be1-bd7f-e9fb8d4c0a5f,arbitrarily,exact,pending_content_review,同词命中仅建立审核入口；不自动复制释义、拆词或巧记。
cet4-w-f1f6e5e513e437c99383,arbitrary,headword,true,9b874772-b560-4599-a699-bc221634e952,arbitrary,exact,pending_content_review,同词命中仅建立审核入口；不自动复制释义、拆词或巧记。
cet4-w-b51c6e6d03f20d34b3a8,architect,headword,true,,,none,new_content_required,无六级同词；后续查找有证据的词族关系。
cet4-w-370f524dcf643b1ca5f5,architecture,headword,true,,,none,new_content_required,无六级同词；后续查找有证据的词族关系。
cet4-w-1d41a2b8bd900c1c72e1,area,headword,true,8516bce1-dffb-41e3-b238-8eb8457fc3ec,area,exact,pending_content_review,同词命中仅建立审核入口；不自动复制释义、拆词或巧记。
cet4-w-75a7047e183f9493c916,arguable,listed_related,false,,,none,new_content_required,无六级同词；后续查找有证据的词族关系。
cet4-w-1a8da4d0fc91c2d75621,argue,headword,true,20321abf-6c52-4f20-b584-665077cb0581,argue,exact,pending_content_review,同词命中仅建立审核入口；不自动复制释义、拆词或巧记。
cet4-w-dbbec5738ed144a8e44d,argument,listed_related,true,7eee6b38-273d-4f6a-8ca1-1135a5c0f9bf,argument,exact,pending_content_review,同词命中仅建立审核入口；不自动复制释义、拆词或巧记。
cet4-w-d95c78bca0c6715a7120,argumentation,listed_related,false,,,none,new_content_required,无六级同词；后续查找有证据的词族关系。
cet4-w-f6e6d44255e13355f205,argumentative,listed_related,false,,,none,new_content_required,无六级同词；后续查找有证据的词族关系。
cet4-w-8a3458c69c2660a55ba4,arise,headword,true,6e99081f-3240-4cde-add1-30aa0a31ce53,arise,exact,pending_content_review,同词命中仅建立审核入口；不自动复制释义、拆词或巧记。
cet4-w-cca2db25dcba975aa40a,arithmetic,headword,true,,,none,new_content_required,无六级同词；后续查找有证据的词族关系。
cet4-w-9856934ff36142c57b73,arm,headword,false,515aa981-c0fb-422b-9e44-ffd3f80e2ce9,arm,exact,pending_content_review,同词命中仅建立审核入口；不自动复制释义、拆词或巧记。
cet4-w-206142eb0da9a97c1f36,armament,listed_related,false,,,none,new_content_required,无六级同词；后续查找有证据的词族关系。
cet4-w-0d55240645fed95d2958,army,headword,true,,,none,new_content_required,无六级同词；后续查找有证据的词族关系。
cet4-w-648117f33f0814480409,around,headword,false,,,none,new_content_required,无六级同词；后续查找有证据的词族关系。
cet4-w-f916ad23b9cf53fff462,arousal,listed_related,false,,,none,new_content_required,无六级同词；后续查找有证据的词族关系。
cet4-w-b8f0e962fac1f83e15d7,arouse,headword,true,bacc157d-4d4a-4a3f-9843-a7800239df5a,arouse,exact,pending_content_review,同词命中仅建立审核入口；不自动复制释义、拆词或巧记。
cet4-w-17bd774f2cced0df2d35,arrange,headword,true,6df4f85d-bfb8-4813-b2de-1a6423b36abb,arrange,exact,pending_content_review,同词命中仅建立审核入口；不自动复制释义、拆词或巧记。
cet4-w-a0b3627fb5842e64c4c5,arrangement,listed_related,true,28e199f1-d3e6-450d-9cac-15e86b3beaa3,arrangement,exact,pending_content_review,同词命中仅建立审核入口；不自动复制释义、拆词或巧记。
cet4-w-b3e6c925dcfac0fe9df5,arrest,headword,true,9e3e7b03-4ae4-46d4-bcd8-eabb7db61f3e,arrest,exact,pending_content_review,同词命中仅建立审核入口；不自动复制释义、拆词或巧记。
cet4-w-457222f132b15bc88919,arrival,listed_related,true,7740bfeb-d9ac-49c9-9724-8258bad21649,arrival,exact,pending_content_review,同词命中仅建立审核入口；不自动复制释义、拆词或巧记。
cet4-w-bac8030fda6c0d947a2f,arrive,headword,false,,,none,new_content_required,无六级同词；后续查找有证据的词族关系。
cet4-w-3799e09f8b80d1639dd9,arrow,headword,true,,,none,new_content_required,无六级同词；后续查找有证据的词族关系。
cet4-w-f1eac6bcf3553530c532,art,headword,true,3b06b0e8-def4-4b20-9225-139c459a238d,art,exact,pending_content_review,同词命中仅建立审核入口；不自动复制释义、拆词或巧记。
cet4-w-abd46d4a0a47b296853c,article,headword,true,75c1d334-85c5-4272-a1d0-a0acf844ba78,article,exact,pending_content_review,同词命中仅建立审核入口；不自动复制释义、拆词或巧记。
cet4-w-be9dab3ed815e9ca8e7a,artificial,headword,true,09bed1c7-540f-4366-9288-25a574e09093,artificial,exact,pending_content_review,同词命中仅建立审核入口；不自动复制释义、拆词或巧记。
cet4-w-31c54e3a0b0eac3b8552,artist,listed_related,true,a83893b8-a41b-4cdf-a6e1-9ec88751a934,artist,exact,pending_content_review,同词命中仅建立审核入口；不自动复制释义、拆词或巧记。
cet4-w-cb72822ff4564f9469b5,artistic,listed_related,true,,,none,new_content_required,无六级同词；后续查找有证据的词族关系。
cet4-w-31b54bd437309a7bf7ce,artistically,listed_related,false,,,none,new_content_required,无六级同词；后续查找有证据的词族关系。
cet4-w-5e29932f7f9e4d4cea10,as,headword,false,a7a8635e-5db0-471f-a519-91896425616e,as,exact,pending_content_review,同词命中仅建立审核入口；不自动复制释义、拆词或巧记。
cet4-w-5b92b7642af36a95241e,ash,headword,true,d0a1f9a1-f847-477b-839a-f4ecd1b32432,ash,exact,pending_content_review,同词命中仅建立审核入口；不自动复制释义、拆词或巧记。
cet4-w-16dc1a9cbcc074c252f9,ashamed,headword,true,,,none,new_content_required,无六级同词；后续查找有证据的词族关系。
cet4-w-73d1b4483101b3a57c80,ashore,headword,false,,,none,new_content_required,无六级同词；后续查找有证据的词族关系。
cet4-w-056c04c439cf37f363f6,aside,headword,true,,,none,new_content_required,无六级同词；后续查找有证据的词族关系。
cet4-w-cc3c7d273ab9082e41d1,ask,headword,false,407e869c-4ae4-4bbe-8a06-c8e029bd6cb0,ask,exact,pending_content_review,同词命中仅建立审核入口；不自动复制释义、拆词或巧记。
cet4-w-d67837f987635b3765f8,asleep,headword,true,,,none,new_content_required,无六级同词；后续查找有证据的词族关系。
cet4-w-ea857d820f0fcc91529e,aspect,headword,true,e43e2596-cce4-4378-b519-70f46fa5d5e7,aspect,exact,pending_content_review,同词命中仅建立审核入口；不自动复制释义、拆词或巧记。
cet4-w-0478e2ae6a316e07b3b6,ass,headword,false,84435736-a8a7-4016-931c-c3e2788805eb,ass,exact,pending_content_review,同词命中仅建立审核入口；不自动复制释义、拆词或巧记。
cet4-w-eb61b009a6d79125b8d2,assemble,headword,true,811df0de-f83d-4a80-8796-faa7c113a564,assemble,exact,pending_content_review,同词命中仅建立审核入口；不自动复制释义、拆词或巧记。
cet4-w-94991584bc110978d077,assembly,listed_related,true,61277772-5a22-490e-94b9-0ccc3a149fad,assembly,exact,pending_content_review,同词命中仅建立审核入口；不自动复制释义、拆词或巧记。
cet4-w-7c985884c091cccaadfe,assess,headword,true,d9f782f5-001a-4ab8-91e7-54393f163168,assess,exact,pending_content_review,同词命中仅建立审核入口；不自动复制释义、拆词或巧记。
cet4-w-ec6d7f52ac0c26e5fc16,assessment,listed_related,false,b5ff0a9c-2fc0-449d-85d7-ff63b50a8955,assessment,exact,pending_content_review,同词命中仅建立审核入口；不自动复制释义、拆词或巧记。
cet4-w-865c9173335bfd9d78fc,asset,headword,false,fa30db29-e806-4b7d-af29-6fbc2ce8cd74,asset,exact,pending_content_review,同词命中仅建立审核入口；不自动复制释义、拆词或巧记。
cet4-w-1706ba9fffc673ec12ee,assign,headword,true,2bbdc457-fd84-4f36-9280-21793eace5b7,assign,exact,pending_content_review,同词命中仅建立审核入口；不自动复制释义、拆词或巧记。
cet4-w-fae25a51352f4900db93,assignment,listed_related,true,3a2b7741-bd52-4264-9dda-adc119fae7bc,assignment,exact,pending_content_review,同词命中仅建立审核入口；不自动复制释义、拆词或巧记。
cet4-w-b2b62691cc586039d49b,assist,headword,true,6287e2f3-7f54-4a4b-ba16-391d8308ea82,assist,exact,pending_content_review,同词命中仅建立审核入口；不自动复制释义、拆词或巧记。
cet4-w-d6e0d1aeb4ac0d1225f2,assistance,listed_related,false,0fc2c2b2-9d24-49df-a845-c57486ef116e,assistance,exact,pending_content_review,同词命中仅建立审核入口；不自动复制释义、拆词或巧记。
cet4-w-33b66e9809cb46c8dc1c,assistant,listed_related,true,eed4458f-4d47-4336-ac00-6ccc98ff36ba,assistant,exact,pending_content_review,同词命中仅建立审核入口；不自动复制释义、拆词或巧记。
cet4-w-0ff9815fcc9c884e601f,associate,headword,true,4ed039ea-542b-48d6-96e4-2d4ff2cac4ce,associate,exact,pending_content_review,同词命中仅建立审核入口；不自动复制释义、拆词或巧记。
cet4-w-085009a48d1fe132f0dc,association,listed_related,true,1691bca8-f82c-4565-bf22-4c5d950e456d,association,exact,pending_content_review,同词命中仅建立审核入口；不自动复制释义、拆词或巧记。
cet4-w-0072054bd3af469f0501,assume,headword,true,e7a9f01f-7734-4ac1-8925-85cd0a07fe2c,assume,exact,pending_content_review,同词命中仅建立审核入口；不自动复制释义、拆词或巧记。
cet4-w-c1bafb570c7afe728ed6,assumption,listed_related,true,a37210a7-655c-4d9b-a88e-36595d0791ee,assumption,exact,pending_content_review,同词命中仅建立审核入口；不自动复制释义、拆词或巧记。
cet4-w-6206a1f73d8ae3e27c28,assurance,listed_related,false,7dd85047-0351-4ae5-84f5-48831c17e520,assurance,exact,pending_content_review,同词命中仅建立审核入口；不自动复制释义、拆词或巧记。
cet4-w-cf78dc4b366595885b95,assure,headword,true,dea8dfa5-3785-41e7-8212-c42656b66d06,assure,exact,pending_content_review,同词命中仅建立审核入口；不自动复制释义、拆词或巧记。
cet4-w-9ceceab1588ac63abb2e,astonish,headword,true,5f813bb4-968b-41d6-82d6-6e40f3019f86,astonish,exact,pending_content_review,同词命中仅建立审核入口；不自动复制释义、拆词或巧记。
cet4-w-966d313f50e798b500b6,astonishment,listed_related,false,6ac53dfc-1f62-474d-ab80-5b43f6c36223,astonishment,exact,pending_content_review,同词命中仅建立审核入口；不自动复制释义、拆词或巧记。
cet4-w-4298244d072382aa19e7,astronaut,headword,true,,,none,new_content_required,无六级同词；后续查找有证据的词族关系。
cet4-w-67b503f820741b9262d0,astronomer,listed_related,false,,,none,new_content_required,无六级同词；后续查找有证据的词族关系。
cet4-w-7ca1b50729666ad769f1,astronomical,listed_related,false,,,none,new_content_required,无六级同词；后续查找有证据的词族关系。
cet4-w-1a9e226641a00d434cda,astronomy,headword,false,,,none,new_content_required,无六级同词；后续查找有证据的词族关系。
cet4-w-2e98689985fa82a9a795,at,headword,false,,,none,new_content_required,无六级同词；后续查找有证据的词族关系。
cet4-w-20c8707e2293f3a40a1b,athlete,headword,true,007372c6-e4dd-4e90-8575-c2adaaa01632,athlete,exact,pending_content_review,同词命中仅建立审核入口；不自动复制释义、拆词或巧记。
cet4-w-0d12baa289f3e36bbad7,athletic,listed_related,false,54b24876-84e2-4edd-a9c5-e09e14cc67c0,athletic,exact,pending_content_review,同词命中仅建立审核入口；不自动复制释义、拆词或巧记。
cet4-w-4313cdb45b0ef18eb9e4,atmosphere,headword,true,d22ecb8e-958a-4234-b9af-d23d56fa30ac,atmosphere,exact,pending_content_review,同词命中仅建立审核入口；不自动复制释义、拆词或巧记。
cet4-w-2bbaf5a66d656792cb91,atmospheric,listed_related,true,,,none,new_content_required,无六级同词；后续查找有证据的词族关系。
cet4-w-b999f1e7dcc88e96271a,atom,headword,true,,,none,new_content_required,无六级同词；后续查找有证据的词族关系。
cet4-w-f4fbf3825f5d6ce5dc7d,atomic,listed_related,true,,,none,new_content_required,无六级同词；后续查找有证据的词族关系。
cet4-w-fb47abe44d05a0e13afd,atop,headword,false,,,none,new_content_required,无六级同词；后续查找有证据的词族关系。
cet4-w-bc45a4dcd2c0ab07e392,attach,headword,true,6dc070b7-43df-4c10-a302-fb25d8a643ea,attach,exact,pending_content_review,同词命中仅建立审核入口；不自动复制释义、拆词或巧记。
cet4-w-eb943673bbc9e275a829,attachment,listed_related,false,2f723b38-d3cd-49ab-8451-617030674278,attachment,exact,pending_content_review,同词命中仅建立审核入口；不自动复制释义、拆词或巧记。
cet4-w-46d3956d191d0c91dce2,attack,headword,true,669f7d0a-c69b-4643-9e66-a447d4010d53,attack,exact,pending_content_review,同词命中仅建立审核入口；不自动复制释义、拆词或巧记。
cet4-w-4a8068604e8ac48ded06,attain,headword,true,318e2833-58b6-45e0-9bcc-2eac9bee6154,attain,exact,pending_content_review,同词命中仅建立审核入口；不自动复制释义、拆词或巧记。
cet4-w-ec6a8348f3fdbace4752,attainment,listed_related,false,3b2e5b5d-6c40-4988-9c1c-8181642fd41f,attainment,exact,pending_content_review,同词命中仅建立审核入口；不自动复制释义、拆词或巧记。
cet4-w-ba69d4ab912303b6e80e,attempt,headword,true,065e4ac1-1456-40f0-ab82-3627864b082d,attempt,exact,pending_content_review,同词命中仅建立审核入口；不自动复制释义、拆词或巧记。
cet4-w-6137b9fe11b015369fad,attend,headword,true,cf3a4a6d-973b-49bf-9a8e-7450e2b4f159,attend,exact,pending_content_review,同词命中仅建立审核入口；不自动复制释义、拆词或巧记。
cet4-w-5b72f32903b6fd08802b,attendance,listed_related,false,,,none,new_content_required,无六级同词；后续查找有证据的词族关系。
cet4-w-3b6d5ace5c7770aa3ac0,attendant,listed_related,false,086a1f89-a88f-4067-b64d-6778eaf89c33,attendant,exact,pending_content_review,同词命中仅建立审核入口；不自动复制释义、拆词或巧记。
cet4-w-e2d9a1585b273d854b11,attention,headword,true,6bbf003c-1b3b-4dee-ac0a-430ddcd6abb5,attention,exact,pending_content_review,同词命中仅建立审核入口；不自动复制释义、拆词或巧记。
cet4-w-a6a516c08d4fc4eec085,attentive,listed_related,true,,,none,new_content_required,无六级同词；后续查找有证据的词族关系。
cet4-w-b18dc31886cca34c9322,attic,headword,false,,,none,new_content_required,无六级同词；后续查找有证据的词族关系。
cet4-w-9f3b888b9d8c916f356d,attitude,headword,true,d6c342d1-51e6-4fcc-9f86-b950917b2ad6,attitude,exact,pending_content_review,同词命中仅建立审核入口；不自动复制释义、拆词或巧记。
cet4-w-77fdfa8f9d3537d52180,attorney,headword,false,85289bcd-2313-4f32-b7e5-4da6deb1c38c,attorney,exact,pending_content_review,同词命中仅建立审核入口；不自动复制释义、拆词或巧记。
cet4-w-660e1fe2c82d8bb6e9cb,attract,headword,true,2d72bc0a-1e50-41e4-b458-e8e152d3d8c4,attract,exact,pending_content_review,同词命中仅建立审核入口；不自动复制释义、拆词或巧记。
cet4-w-8f63a7e693675b9e3051,attraction,listed_related,true,,,none,new_content_required,无六级同词；后续查找有证据的词族关系。
cet4-w-5a522d9021570e30890a,attractive,listed_related,true,808f1290-285b-4405-9605-8c0d32506f26,attractive,exact,pending_content_review,同词命中仅建立审核入口；不自动复制释义、拆词或巧记。
cet4-w-19b776538fb88db4ba61,attributable,listed_related,false,,,none,new_content_required,无六级同词；后续查找有证据的词族关系。
cet4-w-18d40fee29d30dec145a,attribute,headword,true,4353fe74-ab49-4532-99d3-44870ce3dcea,attribute,exact,pending_content_review,同词命中仅建立审核入口；不自动复制释义、拆词或巧记。
cet4-w-7ff84ec6fad1c3b78837,attributive,listed_related,false,,,none,new_content_required,无六级同词；后续查找有证据的词族关系。
cet4-w-2b7611fd48ffc1a7f6d6,audience,headword,true,443d0a9c-6308-46f8-80c4-87099369e681,audience,exact,pending_content_review,同词命中仅建立审核入口；不自动复制释义、拆词或巧记。
cet4-w-47b0c2bce4b312aa1794,audio,headword,true,,,none,new_content_required,无六级同词；后续查找有证据的词族关系。
cet4-w-b234a5642b4abd299e77,auditorium,headword,false,803bf8dc-e220-4c47-8f8e-772e2efa77f9,auditorium,exact,pending_content_review,同词命中仅建立审核入口；不自动复制释义、拆词或巧记。
cet4-w-17ee5472351971811cd3,August,headword,false,,,none,new_content_required,无六级同词；后续查找有证据的词族关系。
cet4-w-0ece9261fee17d5bef6e,aunt,headword,false,ee913fdb-ab89-4a5a-9ddd-48e823570cde,aunt,exact,pending_content_review,同词命中仅建立审核入口；不自动复制释义、拆词或巧记。
cet4-w-b5de09dde37b56e035e5,auntie,listed_related,false,,,none,new_content_required,无六级同词；后续查找有证据的词族关系。
cet4-w-035603d3f8926d2aa15d,authentic,headword,false,ba3fd9a8-2900-4771-a51d-a87dad13bcdf,authentic,exact,pending_content_review,同词命中仅建立审核入口；不自动复制释义、拆词或巧记。
cet4-w-c1f02abee7293114c8b2,authenticity,listed_related,false,ba79093d-a96f-4a23-8bd7-2694007c4413,authenticity,exact,pending_content_review,同词命中仅建立审核入口；不自动复制释义、拆词或巧记。
cet4-w-fa901343db59be844452,author,headword,true,d669f094-000d-4b69-b62c-882b59b154e4,author,exact,pending_content_review,同词命中仅建立审核入口；不自动复制释义、拆词或巧记。
cet4-w-fd781b744873c8062f66,authoritative,listed_related,false,541afaf1-4781-42a7-96b4-ccb24cf458ca,authoritative,exact,pending_content_review,同词命中仅建立审核入口；不自动复制释义、拆词或巧记。
cet4-w-d8daff3913f46a15685a,authority,headword,true,e98042c3-bc57-4079-a2fa-1c811006edb4,authority,exact,pending_content_review,同词命中仅建立审核入口；不自动复制释义、拆词或巧记。
cet4-w-d7872b06d0dc35ee4696,authorization,listed_related,false,c16866a0-b043-49fe-bc47-f359a2e207df,authorization,exact,pending_content_review,同词命中仅建立审核入口；不自动复制释义、拆词或巧记。
cet4-w-685604036d2bb1b6aaee,authorize,headword,false,e0f5441f-5149-448c-83a4-fcb103a69953,authorize,exact,pending_content_review,同词命中仅建立审核入口；不自动复制释义、拆词或巧记。
cet4-w-27856a051d7fab27f6f2,auto,headword,true,,,none,new_content_required,无六级同词；后续查找有证据的词族关系。
cet4-w-ec0451c49058796ca633,automate,headword,false,,,none,new_content_required,无六级同词；后续查找有证据的词族关系。
cet4-w-cc36bc3612feb10f7dfc,automatic,listed_related,true,e0a5233c-91bf-46f7-9f7f-343381f0e855,automatic,exact,pending_content_review,同词命中仅建立审核入口；不自动复制释义、拆词或巧记。
cet4-w-9ee79b97433ec5443642,automatically,listed_related,true,1d0fa964-f3d7-4344-9b39-d28c48a6020a,automatically,exact,pending_content_review,同词命中仅建立审核入口；不自动复制释义、拆词或巧记。
cet4-w-7754d4b8c59055258466,automation,listed_related,true,,,none,new_content_required,无六级同词；后续查找有证据的词族关系。
cet4-w-2bb6a6302ef7baa442f3,automobile,headword,true,,,none,new_content_required,无六级同词；后续查找有证据的词族关系。
cet4-w-32321e39be529215191f,autumn,headword,false,a2ed16c1-85d9-4f4c-8d13-39db19ee33c2,autumn,exact,pending_content_review,同词命中仅建立审核入口；不自动复制释义、拆词或巧记。
cet4-w-98fac819132f8c6b535f,availability,listed_related,false,484b6394-33fc-436b-a02c-cbae0f1d07f9,availability,exact,pending_content_review,同词命中仅建立审核入口；不自动复制释义、拆词或巧记。
cet4-w-7d09a98a1bac6d62529c,available,headword,true,7590780b-589b-4d38-ae33-6a865d323a88,available,exact,pending_content_review,同词命中仅建立审核入口；不自动复制释义、拆词或巧记。
cet4-w-4fa3d3645dbd9afed5ca,avenue,headword,true,18d3d8dc-2860-4869-9e75-9bf67041cf53,avenue,exact,pending_content_review,同词命中仅建立审核入口；不自动复制释义、拆词或巧记。
cet4-w-3e300ac51c6cf5315d86,average,headword,true,1df084f8-91fb-41fd-9d72-7c5b353cd15b,average,exact,pending_content_review,同词命中仅建立审核入口；不自动复制释义、拆词或巧记。
cet4-w-8d422fafd29246a4ff80,aviation,headword,true,14828f0c-1e48-421f-b036-e0f3b3a84ad9,aviation,exact,pending_content_review,同词命中仅建立审核入口；不自动复制释义、拆词或巧记。
cet4-w-7e8174a878cc960e7d4a,avoid,headword,true,a972c964-a2e4-43ea-b1e9-bfae0c2904ee,avoid,exact,pending_content_review,同词命中仅建立审核入口；不自动复制释义、拆词或巧记。
cet4-w-9ced9168ee34d9ee440a,avoidance,listed_related,false,,,none,new_content_required,无六级同词；后续查找有证据的词族关系。
cet4-w-b0ee90c744fd2125d2c7,await,headword,true,,,none,new_content_required,无六级同词；后续查找有证据的词族关系。
cet4-w-1d25b95b798dab39b124,awake,headword,true,662c7136-264c-4da1-ba6b-7078316ee73b,awake,exact,pending_content_review,同词命中仅建立审核入口；不自动复制释义、拆词或巧记。
cet4-w-68a371b076a81e883ae4,award,headword,true,f9234452-8989-4670-997f-1ec058a852d2,award,exact,pending_content_review,同词命中仅建立审核入口；不自动复制释义、拆词或巧记。
cet4-w-a1799db592c10e6f4fd6,aware,headword,true,ba597fa2-2c91-4735-9aa1-9831c5560854,aware,exact,pending_content_review,同词命中仅建立审核入口；不自动复制释义、拆词或巧记。
cet4-w-9196ffea18deeafcac6a,awareness,listed_related,false,1207f857-78fc-4c57-b3f0-79fe9a461fe7,awareness,exact,pending_content_review,同词命中仅建立审核入口；不自动复制释义、拆词或巧记。
cet4-w-e112300ff81bb00f1e11,away,headword,false,,,none,new_content_required,无六级同词；后续查找有证据的词族关系。
cet4-w-f33383e981b129e4f91e,awe,headword,false,,,none,new_content_required,无六级同词；后续查找有证据的词族关系。
cet4-w-29aca0f7fe30a0224a02,awesome,headword,false,,,none,new_content_required,无六级同词；后续查找有证据的词族关系。
cet4-w-3888294532f27c7dd1f0,awful,headword,true,,,none,new_content_required,无六级同词；后续查找有证据的词族关系。
cet4-w-c54dbffdef2e05d5c32b,awkward,headword,true,b828b40d-92cb-4adb-82c7-5e3bd1428328,awkward,exact,pending_content_review,同词命中仅建立审核入口；不自动复制释义、拆词或巧记。
cet4-w-9d3a5c61e10d4a61b254,ax,headword,true,,,none,new_content_required,无六级同词；后续查找有证据的词族关系。
cet4-w-44af3dd7cafca19f7b27,axis,headword,true,7acf8b7f-7030-46c0-b127-e42832ad83ab,axis,exact,pending_content_review,同词命中仅建立审核入口；不自动复制释义、拆词或巧记。
cet4-w-2d9ac4cb378648979c1e,baby,headword,false,,,none,new_content_required,无六级同词；后续查找有证据的词族关系。
cet4-w-d32e665b30c18fb85c1d,baby boom,headword,false,,,none,new_content_required,无六级同词；后续查找有证据的词族关系。
cet4-w-22191f8909a765c321bf,baby boomer,listed_related,false,,,none,new_content_required,无六级同词；后续查找有证据的词族关系。
cet4-w-240294ae7d81f2bdfbbd,bachelor,headword,true,,,none,new_content_required,无六级同词；后续查找有证据的词族关系。
cet4-w-1c7f03b3bb01b54f6833,back,headword,false,40a409cf-8d84-4623-8363-a0a8dcb6f0ae,back,exact,pending_content_review,同词命中仅建立审核入口；不自动复制释义、拆词或巧记。
cet4-w-c9556ba077937b30828a,background,headword,true,6a4dc3af-7569-43ff-b0ae-574f690bf2f2,background,exact,pending_content_review,同词命中仅建立审核入口；不自动复制释义、拆词或巧记。
cet4-w-5873f854e644065163ac,backup,headword,false,,,none,new_content_required,无六级同词；后续查找有证据的词族关系。
cet4-w-39f033d8eac3ce6d5e5d,backward,headword,true,,,none,new_content_required,无六级同词；后续查找有证据的词族关系。
cet4-w-1a6b1db28813dcff590f,backwards,listed_related,false,,,none,new_content_required,无六级同词；后续查找有证据的词族关系。
cet4-w-9860fb772965835fa56d,backyard,headword,false,,,none,new_content_required,无六级同词；后续查找有证据的词族关系。
cet4-w-915f1ad436049895179e,bacon,headword,false,9425308d-30d3-44c6-930e-4808c9560e58,bacon,exact,pending_content_review,同词命中仅建立审核入口；不自动复制释义、拆词或巧记。
cet4-w-e9718e53908641cd97e0,bacteria,headword,true,d6f68a17-eed1-4c50-859a-d756f36bf3ef,bacteria,exact,pending_content_review,同词命中仅建立审核入口；不自动复制释义、拆词或巧记。
cet4-w-237c4cbe4c5177ac65a4,bad,headword,false,a44fe7fb-d20d-4512-840c-0b9cb2333414,bad,exact,pending_content_review,同词命中仅建立审核入口；不自动复制释义、拆词或巧记。
cet4-w-61e3179065276ea99edd,badge,headword,false,,,none,new_content_required,无六级同词；后续查找有证据的词族关系。
cet4-w-fa37c6e2855ab6467591,badly,headword,true,,,none,new_content_required,无六级同词；后续查找有证据的词族关系。
cet4-w-91e34f4859b09ee1c401,badminton,headword,true,,,none,new_content_required,无六级同词；后续查找有证据的词族关系。
cet4-w-877feeab6f03f2b9f23e,bag,headword,false,c94459b5-0ffc-48f9-aa87-2a8bca6f1f4f,bag,exact,pending_content_review,同词命中仅建立审核入口；不自动复制释义、拆词或巧记。
cet4-w-e022bb3e5cd931889647,baggage,headword,true,3c920f9a-8763-40d0-88d5-abc919bdac81,baggage,exact,pending_content_review,同词命中仅建立审核入口；不自动复制释义、拆词或巧记。
cet4-w-9afb56ecd0a3ca25a45e,bail,headword,false,,,none,new_content_required,无六级同词；后续查找有证据的词族关系。
cet4-w-9027d3496bc595ee3dea,bait,headword,false,,,none,new_content_required,无六级同词；后续查找有证据的词族关系。
cet4-w-7ee0d70331472e6f8f35,bake,headword,true,3a1eb6b4-c6e7-4b62-9a65-3e876264b489,bake,exact,pending_content_review,同词命中仅建立审核入口；不自动复制释义、拆词或巧记。
cet4-w-050ddd16c0b3022fb991,bakery,listed_related,false,73ab4b15-2192-4f98-a3ce-d842b91d660e,bakery,exact,pending_content_review,同词命中仅建立审核入口；不自动复制释义、拆词或巧记。
cet4-w-45c499a6f8828cfb7de9,balance,headword,true,66525a37-1efb-4d8b-af11-fc5e824783b8,balance,exact,pending_content_review,同词命中仅建立审核入口；不自动复制释义、拆词或巧记。
cet4-w-046e70f4956dbc4859a4,balcony,headword,true,02d4f3f6-c76d-4d62-ae43-4d7df396dbc2,balcony,exact,pending_content_review,同词命中仅建立审核入口；不自动复制释义、拆词或巧记。
cet4-w-92db3c173511959d2ed9,ball,headword,false,ff1bd5ce-aee2-435d-a1a4-f76f0d86978c,ball,exact,pending_content_review,同词命中仅建立审核入口；不自动复制释义、拆词或巧记。
cet4-w-151d83c00b5aab894068,ballet,headword,false,70f9dcb1-56ce-41b3-a3cd-339daef0b5cf,ballet,exact,pending_content_review,同词命中仅建立审核入口；不自动复制释义、拆词或巧记。
cet4-w-dba1a0128f38c3feaa01,balloon,headword,true,,,none,new_content_required,无六级同词；后续查找有证据的词族关系。
cet4-w-992371b6c01f2b0b043f,ballot,headword,false,,,none,new_content_required,无六级同词；后续查找有证据的词族关系。
cet4-w-209087acc74f72602c5c,bamboo,headword,false,1ac033af-0c6b-4899-a993-eb791f1b97da,bamboo,exact,pending_content_review,同词命中仅建立审核入口；不自动复制释义、拆词或巧记。
cet4-w-d3362c07660d01450e14,ban,headword,true,,,none,new_content_required,无六级同词；后续查找有证据的词族关系。
cet4-w-1b598a803dfe44ab00ae,banana,headword,false,,,none,new_content_required,无六级同词；后续查找有证据的词族关系。
cet4-w-d9f1866f884bea0e0bc9,band,headword,true,07bf6377-61d1-42cf-a012-79ac4eeceea5,band,exact,pending_content_review,同词命中仅建立审核入口；不自动复制释义、拆词或巧记。
cet4-w-5aadf7b94d96f3f50ca9,bandage,headword,false,47f9c00c-3ad6-4ce4-864e-5d1e2e99a933,bandage,exact,pending_content_review,同词命中仅建立审核入口；不自动复制释义、拆词或巧记。
cet4-w-07a1c956f9f51c9f0db1,bang,headword,true,f30d9559-c323-4ebb-b54e-1530405f22bd,bang,exact,pending_content_review,同词命中仅建立审核入口；不自动复制释义、拆词或巧记。
cet4-w-caa70f2896d819b4114a,bank,headword,false,81a9bbab-69b5-4eb2-b048-8b4da84600cc,bank,exact,pending_content_review,同词命中仅建立审核入口；不自动复制释义、拆词或巧记。
cet4-w-ee54f12601442d6dec16,banker,listed_related,false,,,none,new_content_required,无六级同词；后续查找有证据的词族关系。
cet4-w-2f40e346a5e8e9a8a296,banking,listed_related,false,,,none,new_content_required,无六级同词；后续查找有证据的词族关系。
cet4-w-ea6d36ee7ff8fd4e7955,banknote,headword,false,,,none,new_content_required,无六级同词；后续查找有证据的词族关系。
cet4-w-7961526a3bc0d260f61c,bankrupt,headword,false,d86e6004-1a0d-403e-9d63-788a0f7fd9db,bankrupt,exact,pending_content_review,同词命中仅建立审核入口；不自动复制释义、拆词或巧记。
cet4-w-b614199ec7c84d520853,bankruptcy,listed_related,false,401479b8-c8c0-416b-b04b-87be2d48b0ac,bankruptcy,exact,pending_content_review,同词命中仅建立审核入口；不自动复制释义、拆词或巧记。
cet4-w-05143694932447f04d9e,banner,headword,true,,,none,new_content_required,无六级同词；后续查找有证据的词族关系。
cet4-w-3c48f94f0f28b30a9fc2,banquet,headword,false,1af493a4-83ae-4152-a4c2-614e92bb098d,banquet,exact,pending_content_review,同词命中仅建立审核入口；不自动复制释义、拆词或巧记。
cet4-w-ca630d88ac0e2da2a7b7,bar,headword,true,eeb1330f-bb2f-4ae7-ad1b-d321ac346750,bar,exact,pending_content_review,同词命中仅建立审核入口；不自动复制释义、拆词或巧记。
cet4-w-03e655c20ed5ef6f24ef,barbecue,headword,false,,,none,new_content_required,无六级同词；后续查找有证据的词族关系。
cet4-w-8beac5c131fc2af89a89,barber,headword,true,,,none,new_content_required,无六级同词；后续查找有证据的词族关系。
cet4-w-5268cd667bd1c7dca8a6,bare,headword,true,79944869-401f-4dae-b2db-b889788a3bd1,bare,exact,pending_content_review,同词命中仅建立审核入口；不自动复制释义、拆词或巧记。
cet4-w-9b38e9d8dffc5adcff02,barely,listed_related,true,c9637960-7adf-4794-be31-71dd4d171f5b,barely,exact,pending_content_review,同词命中仅建立审核入口；不自动复制释义、拆词或巧记。
cet4-w-8481e71badf45e723ea0,bargain,headword,true,e5e218c3-a7e3-43a6-bb3b-a665b632b81c,bargain,exact,pending_content_review,同词命中仅建立审核入口；不自动复制释义、拆词或巧记。
cet4-w-361e3c712ce27f31fa8a,bark,headword,true,0a1874ad-d11f-4eed-8345-e3533f3482f8,bark,exact,pending_content_review,同词命中仅建立审核入口；不自动复制释义、拆词或巧记。
cet4-w-19ae388f207765152b52,barrel,headword,true,,,none,new_content_required,无六级同词；后续查找有证据的词族关系。
cet4-w-0e3512910d6695297b6b,barrier,headword,true,04b01a25-c509-4b09-ba9b-d7b803a1a28b,barrier,exact,pending_content_review,同词命中仅建立审核入口；不自动复制释义、拆词或巧记。
cet4-w-7ce1a2c3271991727b12,base,headword,true,9a9812dc-287d-4493-9531-e489c63b9cdc,base,exact,pending_content_review,同词命中仅建立审核入口；不自动复制释义、拆词或巧记。
cet4-w-6c14d7dfa1ee669ff8c6,baseball,headword,true,11ac748b-bc7a-46ad-a12f-9ce96a0dbf61,baseball,exact,pending_content_review,同词命中仅建立审核入口；不自动复制释义、拆词或巧记。
cet4-w-69d1b341013c14e32b8e,basement,headword,false,8f5ebf50-4055-402a-80e9-8b50ace7f65a,basement,exact,pending_content_review,同词命中仅建立审核入口；不自动复制释义、拆词或巧记。
cet4-w-f1940bdf6870b57c14e1,basic,headword,true,,,none,new_content_required,无六级同词；后续查找有证据的词族关系。
cet4-w-369040694f7e892a9d9d,basically,listed_related,true,,,none,new_content_required,无六级同词；后续查找有证据的词族关系。
cet4-w-aaabef482cc6785b0541,basin,headword,true,,,none,new_content_required,无六级同词；后续查找有证据的词族关系。
cet4-w-491ab3e7b0a64ec5a20f,basis,headword,true,0a1ea628-dd14-484f-ae06-3ed74f78532a,basis,exact,pending_content_review,同词命中仅建立审核入口；不自动复制释义、拆词或巧记。
cet4-w-3a551ad6b326344e0901,basket,headword,false,,,none,new_content_required,无六级同词；后续查找有证据的词族关系。
cet4-w-512625827bf8eae69296,basketball,headword,false,,,none,new_content_required,无六级同词；后续查找有证据的词族关系。
cet4-w-4b3a2039ead1e852ec8b,bat,headword,true,91636529-ee56-4ff9-b69c-eb0890cbb821,bat,exact,pending_content_review,同词命中仅建立审核入口；不自动复制释义、拆词或巧记。
cet4-w-f444e4035cc89e9fc34f,batch,headword,false,b149f9ae-ee2d-4012-b43e-efee42b3fd3e,batch,exact,pending_content_review,同词命中仅建立审核入口；不自动复制释义、拆词或巧记。
cet4-w-598fce4b55070c3535d7,bath,headword,true,,,none,new_content_required,无六级同词；后续查找有证据的词族关系。
cet4-w-a4dff886bd7f282251a3,bathe,headword,true,,,none,new_content_required,无六级同词；后续查找有证据的词族关系。
cet4-w-bf758c7727d4f3d581f5,bathroom,headword,true,,,none,new_content_required,无六级同词；后续查找有证据的词族关系。
cet4-w-8fca367c0407dcd43623,battalion,headword,false,,,none,new_content_required,无六级同词；后续查找有证据的词族关系。
cet4-w-e697f36632cc8f447a40,battery,headword,true,,,none,new_content_required,无六级同词；后续查找有证据的词族关系。
cet4-w-38fd09764fc89d90b821,battle,headword,true,bfbc4ed9-4bd5-4468-a4fd-fb492f411a71,battle,exact,pending_content_review,同词命中仅建立审核入口；不自动复制释义、拆词或巧记。
cet4-w-c433d2ca5f79d3352dc5,bay,headword,true,,,none,new_content_required,无六级同词；后续查找有证据的词族关系。
cet4-w-af9e9f5e27c9efb68029,BBQ,headword,false,,,none,new_content_required,无六级同词；后续查找有证据的词族关系。
cet4-w-baa827dd6094913e2274,be,headword,false,b69fb320-451c-499a-aa11-cf1594799ba3,be,exact,pending_content_review,同词命中仅建立审核入口；不自动复制释义、拆词或巧记。
cet4-w-7ac9c97493792c2cc6f9,beach,headword,true,,,none,new_content_required,无六级同词；后续查找有证据的词族关系。
cet4-w-798656dd6130eb4faa64,beam,headword,true,,,none,new_content_required,无六级同词；后续查找有证据的词族关系。
cet4-w-ffbd6e8c423a62a8da91,bean,headword,true,2334e8f1-14bf-4bf7-827e-719298ff38d5,bean,exact,pending_content_review,同词命中仅建立审核入口；不自动复制释义、拆词或巧记。
cet4-w-758d66e0330f655d2969,bear,headword,false,5125c429-50b2-46da-95c7-a1a4d4f8f1ef,bear,exact,pending_content_review,同词命中仅建立审核入口；不自动复制释义、拆词或巧记。
cet4-w-6999b387af92d6db847d,beard,headword,true,,,none,new_content_required,无六级同词；后续查找有证据的词族关系。
cet4-w-4dfd084c6de0495a2bde,bearing,headword,false,,,none,new_content_required,无六级同词；后续查找有证据的词族关系。
cet4-w-35786dff5bb8560e4a86,beast,headword,true,,,none,new_content_required,无六级同词；后续查找有证据的词族关系。
cet4-w-3e33b50bf860cf3894e2,beat,headword,false,,,none,new_content_required,无六级同词；后续查找有证据的词族关系。
cet4-w-48f1047695bc1d87c91f,beautiful,listed_related,false,,,none,new_content_required,无六级同词；后续查找有证据的词族关系。
cet4-w-97b9e972b14e3137d4b3,beautify,listed_related,false,,,none,new_content_required,无六级同词；后续查找有证据的词族关系。
cet4-w-31e882bc715978e5fc34,beauty,headword,true,,,none,new_content_required,无六级同词；后续查找有证据的词族关系。
cet4-w-37c75596bb63fe228e4a,because,headword,false,,,none,new_content_required,无六级同词；后续查找有证据的词族关系。
cet4-w-e64cc5a8798fc7049609,become,headword,false,,,none,new_content_required,无六级同词；后续查找有证据的词族关系。
cet4-w-63736d031290138c0f26,bed,headword,false,c29bd5f8-b909-4df5-a6ca-d4d07900c466,bed,exact,pending_content_review,同词命中仅建立审核入口；不自动复制释义、拆词或巧记。
cet4-w-98e29c79a2bfdad7a335,bedding,listed_related,false,,,none,new_content_required,无六级同词；后续查找有证据的词族关系。
cet4-w-953b41b72da6c30e8cfe,bee,headword,true,,,none,new_content_required,无六级同词；后续查找有证据的词族关系。
cet4-w-9bef39743f024cbd2d4a,beef,headword,false,,,none,new_content_required,无六级同词；后续查找有证据的词族关系。
cet4-w-7e4b7c47dc0bcb9e3c24,beer,headword,false,18abbfc7-073d-4aed-bfe0-af6e4ed8d777,beer,exact,pending_content_review,同词命中仅建立审核入口；不自动复制释义、拆词或巧记。
cet4-w-37f6571c869ac377ffd5,before,headword,false,,,none,new_content_required,无六级同词；后续查找有证据的词族关系。
cet4-w-2bacbc602e7cc3631156,beforehand,headword,true,9fe69382-3374-483c-8f6a-cad1990607d8,beforehand,exact,pending_content_review,同词命中仅建立审核入口；不自动复制释义、拆词或巧记。
cet4-w-693e85d6526dd59d7cca,beg,headword,true,fed422ec-781a-46bb-ac58-07fba35d41e0,beg,exact,pending_content_review,同词命中仅建立审核入口；不自动复制释义、拆词或巧记。
cet4-w-89ac04f7499d9aab3caa,beggar,listed_related,true,ca3b2154-bcbb-49b4-8385-e0041ac92e30,beggar,exact,pending_content_review,同词命中仅建立审核入口；不自动复制释义、拆词或巧记。
cet4-w-42401fd7fbf88108c7df,begin,headword,false,,,none,new_content_required,无六级同词；后续查找有证据的词族关系。
cet4-w-97fc225684c868ce0315,beginning,listed_related,true,,,none,new_content_required,无六级同词；后续查找有证据的词族关系。
cet4-w-60813c4a19052ce57074,behalf,headword,true,,,none,new_content_required,无六级同词；后续查找有证据的词族关系。
cet4-w-16435730d0a115cb0e1f,behave,headword,true,0ffd8012-9ddf-43bc-9bca-eefa7c2bff3f,behave,exact,pending_content_review,同词命中仅建立审核入口；不自动复制释义、拆词或巧记。
cet4-w-1ae75c1f030bded253cb,behavior,listed_related,true,34ce42d7-a655-4d7b-9b76-abe62712d620,behavior,exact,pending_content_review,同词命中仅建立审核入口；不自动复制释义、拆词或巧记。
cet4-w-de0ae56e824dd5d52cc1,behavioral,listed_related,false,2f275fb6-1560-47e5-a87c-4ea1571d63bc,behavioral,exact,pending_content_review,同词命中仅建立审核入口；不自动复制释义、拆词或巧记。
cet4-w-dd8c04c23816c453fddc,behind,headword,false,8b65ab7b-98d9-4d27-8a70-30e22a78ff2b,behind,exact,pending_content_review,同词命中仅建立审核入口；不自动复制释义、拆词或巧记。
cet4-w-728655f6e5db49abd4ff,being,headword,true,,,none,new_content_required,无六级同词；后续查找有证据的词族关系。
cet4-w-54126f3b862595d3c7cb,belief,headword,true,,,none,new_content_required,无六级同词；后续查找有证据的词族关系。
cet4-w-103a714f3451525c281b,believe,headword,false,,,none,new_content_required,无六级同词；后续查找有证据的词族关系。
cet4-w-3aa868c6e817a25f40c5,bell,headword,false,7f226022-2819-4855-8bd8-3b8abc6d9f15,bell,exact,pending_content_review,同词命中仅建立审核入口；不自动复制释义、拆词或巧记。
cet4-w-185cc2f3b80aeeb42b1e,belly,headword,false,ed4d0002-b13d-444d-9b29-7bf7d6b54a60,belly,exact,pending_content_review,同词命中仅建立审核入口；不自动复制释义、拆词或巧记。
cet4-w-894cb3182538e4a596bb,belong,headword,true,,,none,new_content_required,无六级同词；后续查找有证据的词族关系。
cet4-w-6ec027cc0283069e27e9,belongings,listed_related,false,,,none,new_content_required,无六级同词；后续查找有证据的词族关系。
cet4-w-f842f7cf61caa9c785e9,beloved,headword,true,083aabb1-e9dc-4c6d-b800-547f4e6a396c,beloved,exact,pending_content_review,同词命中仅建立审核入口；不自动复制释义、拆词或巧记。
cet4-w-2d51fd4d1b1a8a084ff9,below,headword,false,15c49d45-9f0f-47a8-a39e-b43a55341ead,below,exact,pending_content_review,同词命中仅建立审核入口；不自动复制释义、拆词或巧记。
cet4-w-0d7cf9aae3f7ae32f2cf,belt,headword,true,e053c579-c687-4100-9ea2-5100386e05f0,belt,exact,pending_content_review,同词命中仅建立审核入口；不自动复制释义、拆词或巧记。
cet4-w-67e0c0971d73ea6f2d7c,bench,headword,true,,,none,new_content_required,无六级同词；后续查找有证据的词族关系。
cet4-w-07b8cc7a511847836e5c,bend,headword,true,13636c3d-6046-4dd7-b6a9-1aeeb23d2fc5,bend,exact,pending_content_review,同词命中仅建立审核入口；不自动复制释义、拆词或巧记。
cet4-w-70d9707362fd65086c86,beneath,headword,true,,,none,new_content_required,无六级同词；后续查找有证据的词族关系。
cet4-w-7a0a158e4a3fa68dfe02,beneficial,listed_related,true,3d7384f0-021f-425e-97cb-4eeb4a0eaeb2,beneficial,exact,pending_content_review,同词命中仅建立审核入口；不自动复制释义、拆词或巧记。
cet4-w-c61553fc325351be6281,beneficiary,listed_related,false,,,none,new_content_required,无六级同词；后续查找有证据的词族关系。
cet4-w-13a6344fd09d8f7f775f,benefit,headword,true,3d2cb9a3-0b11-4c3e-a0b9-8ad72732ab25,benefit,exact,pending_content_review,同词命中仅建立审核入口；不自动复制释义、拆词或巧记。
cet4-w-ba54578086968d5b3e2f,berry,headword,true,,,none,new_content_required,无六级同词；后续查找有证据的词族关系。
cet4-w-3f8b40fed946929daa3b,beside,headword,false,,,none,new_content_required,无六级同词；后续查找有证据的词族关系。
cet4-w-00f4499c72be6c6c6640,besides,headword,true,c61a70e7-05d4-48f2-9032-bdb9a92943e7,besides,exact,pending_content_review,同词命中仅建立审核入口；不自动复制释义、拆词或巧记。
cet4-w-7e74cfd51d6156a18345,best,headword,false,,,none,new_content_required,无六级同词；后续查找有证据的词族关系。
cet4-w-445f9caffafc66afacdc,best-seller,headword,false,,,none,new_content_required,无六级同词；后续查找有证据的词族关系。
cet4-w-cd30decc231a941c41e5,best-selling,listed_related,false,,,none,new_content_required,无六级同词；后续查找有证据的词族关系。
cet4-w-0279ba21f587ef8d016f,bet,headword,true,cae887b9-24e7-493c-b943-7c09f2954bf7,bet,exact,pending_content_review,同词命中仅建立审核入口；不自动复制释义、拆词或巧记。
cet4-w-423c0594866f66619fe6,betray,headword,true,da322127-1200-4f83-b283-ae695aeb44ee,betray,exact,pending_content_review,同词命中仅建立审核入口；不自动复制释义、拆词或巧记。
cet4-w-b5232e69dea109168877,betrayal,listed_related,false,85d56f34-60d7-4e8c-bf58-3f7620a01956,betrayal,exact,pending_content_review,同词命中仅建立审核入口；不自动复制释义、拆词或巧记。
cet4-w-96700ce8fe4d5fa4593f,better,headword,false,,,none,new_content_required,无六级同词；后续查找有证据的词族关系。
cet4-w-840de32aef0010146229,between,headword,false,,,none,new_content_required,无六级同词；后续查找有证据的词族关系。
cet4-w-188ba13575c24412af70,beverage,headword,false,,,none,new_content_required,无六级同词；后续查找有证据的词族关系。
cet4-w-62eb7081273ac0ace3ec,beyond,headword,true,45c9b63b-9d6c-43e0-8919-f27cb6d27cb9,beyond,exact,pending_content_review,同词命中仅建立审核入口；不自动复制释义、拆词或巧记。
cet4-w-5791a4aa939347dec843,bias,headword,false,,,none,new_content_required,无六级同词；后续查找有证据的词族关系。
cet4-w-fa54589dceb0ad1b9b1b,Bible,headword,true,,,none,new_content_required,无六级同词；后续查找有证据的词族关系。
cet4-w-2944443465ccf503f00a,Biblical,listed_related,false,,,none,new_content_required,无六级同词；后续查找有证据的词族关系。
cet4-w-cea717bcf783333bc654,bicycle,headword,true,86eb449b-e74e-4538-ab27-b90870278dc0,bicycle,exact,pending_content_review,同词命中仅建立审核入口；不自动复制释义、拆词或巧记。
cet4-w-bbc514997156fd3bfa53,bid,headword,false,,,none,new_content_required,无六级同词；后续查找有证据的词族关系。
cet4-w-7e51bf14adbab44dfbd8,big,headword,false,,,none,new_content_required,无六级同词；后续查找有证据的词族关系。
cet4-w-1db0e127549b8d801147,bike,headword,false,90237459-40a8-497f-ade7-5a180ade7851,bike,exact,pending_content_review,同词命中仅建立审核入口；不自动复制释义、拆词或巧记。
cet4-w-a3df9c239b5b09c2fc0c,bill,headword,true,,,none,new_content_required,无六级同词；后续查找有证据的词族关系。
cet4-w-b530f7ab7224ce60bfdc,billion,headword,true,5be5b1d2-8f39-45f5-9ca8-300ea9299bff,billion,exact,pending_content_review,同词命中仅建立审核入口；不自动复制释义、拆词或巧记。
cet4-w-873b642e1b753da8d313,billionaire,listed_related,false,176a6646-4985-435a-8780-1001b19c991c,billionaire,exact,pending_content_review,同词命中仅建立审核入口；不自动复制释义、拆词或巧记。
cet4-w-1a9a90527738dc747e27,bin,headword,false,,,none,new_content_required,无六级同词；后续查找有证据的词族关系。
cet4-w-39817aa1273c9544cbe4,bind,headword,true,,,none,new_content_required,无六级同词；后续查找有证据的词族关系。
cet4-w-1996833fbda4fc305393,biochemical,listed_related,false,,,none,new_content_required,无六级同词；后续查找有证据的词族关系。
cet4-w-f8cedf6beeace8b60c1f,biochemist,listed_related,false,,,none,new_content_required,无六级同词；后续查找有证据的词族关系。
cet4-w-01e7847e5cf8fab8ade2,biochemistry,headword,false,2a33faef-b465-4fa9-9e75-76015f8bca48,biochemistry,exact,pending_content_review,同词命中仅建立审核入口；不自动复制释义、拆词或巧记。
cet4-w-a66a1b55072108e2b659,biographer,listed_related,false,e73f9c19-e21e-4d51-9ffd-80283f8c115f,biographer,exact,pending_content_review,同词命中仅建立审核入口；不自动复制释义、拆词或巧记。
cet4-w-9d7122ace76c5192b0af,biographical,listed_related,false,f7766ada-829e-4b8e-a957-4741e91ae116,biographical,exact,pending_content_review,同词命中仅建立审核入口；不自动复制释义、拆词或巧记。
cet4-w-65ea0ef67dd6b5010e75,biography,headword,false,48ec9b5f-b377-4742-ba27-c866c0211c5e,biography,exact,pending_content_review,同词命中仅建立审核入口；不自动复制释义、拆词或巧记。
cet4-w-781616d7c4c2371ca699,biological,listed_related,false,ce1b0839-8707-44d2-9090-82e01ec9c510,biological,exact,pending_content_review,同词命中仅建立审核入口；不自动复制释义、拆词或巧记。
cet4-w-c9eebb775225a9264c87,biologist,listed_related,false,bd0978bc-ee12-4bf7-8cfe-9fb5055ea729,biologist,exact,pending_content_review,同词命中仅建立审核入口；不自动复制释义、拆词或巧记。
cet4-w-793f39bfe8ffd816b6a3,biology,headword,true,3319ed87-1dc8-436f-bc4d-f46eb6e8632c,biology,exact,pending_content_review,同词命中仅建立审核入口；不自动复制释义、拆词或巧记。
cet4-w-55b5cf4c561f5fab0b57,biotechnology,headword,false,,,none,new_content_required,无六级同词；后续查找有证据的词族关系。
cet4-w-dd123819e942e9003354,bird,headword,false,,,none,new_content_required,无六级同词；后续查找有证据的词族关系。
cet4-w-03efa2369734880c2211,birth,headword,true,,,none,new_content_required,无六级同词；后续查找有证据的词族关系。
cet4-w-b2bf6e5b427345da21d7,birthday,headword,false,,,none,new_content_required,无六级同词；后续查找有证据的词族关系。
cet4-w-4739fa21476ffbd07210,biscuit,headword,true,,,none,new_content_required,无六级同词；后续查找有证据的词族关系。
cet4-w-27f74e7c9c3dd68895c9,bit,headword,false,cb8abf5c-2d54-4d55-a9f0-1b4adc337174,bit,exact,pending_content_review,同词命中仅建立审核入口；不自动复制释义、拆词或巧记。
cet4-w-bf7c61539dc52995bd58,bitch,headword,false,0d3ae831-16e3-45a7-a834-bc6cb8298238,bitch,exact,pending_content_review,同词命中仅建立审核入口；不自动复制释义、拆词或巧记。
cet4-w-77d08d572ca90dd9a168,bite,headword,true,,,none,new_content_required,无六级同词；后续查找有证据的词族关系。
cet4-w-4bc30df26207fa315d34,bitter,headword,true,,,none,new_content_required,无六级同词；后续查找有证据的词族关系。
cet4-w-0d0a284d12a3d49df30d,black,headword,false,810f2f03-786e-4cd8-aee2-ad371fef6ab5,black,exact,pending_content_review,同词命中仅建立审核入口；不自动复制释义、拆词或巧记。
cet4-w-50a30d1bad42f8113242,blackboard,headword,false,ebb2c235-133f-4b8d-aea3-1739a6e1e705,blackboard,exact,pending_content_review,同词命中仅建立审核入口；不自动复制释义、拆词或巧记。
cet4-w-0a0f031ce6e6392174c9,blade,headword,true,,,none,new_content_required,无六级同词；后续查找有证据的词族关系。
cet4-w-0eea1ad100e7c86f1171,blame,headword,true,87ab915b-2a6d-49ea-ba26-79b23845a5c6,blame,exact,pending_content_review,同词命中仅建立审核入口；不自动复制释义、拆词或巧记。
cet4-w-82ab4fe60b55c2b60cd8,blank,headword,true,7e0a0dfa-25d5-459f-b40d-29be55e4ccd6,blank,exact,pending_content_review,同词命中仅建立审核入口；不自动复制释义、拆词或巧记。
cet4-w-5d894c6de3494b4193b7,blanket,headword,true,,,none,new_content_required,无六级同词；后续查找有证据的词族关系。
cet4-w-925021c1d51c5e62f8fc,blast,headword,true,90b2dc0a-a970-4975-a676-352140125fd2,blast,exact,pending_content_review,同词命中仅建立审核入口；不自动复制释义、拆词或巧记。
cet4-w-04306f19e6787fcff4ac,bleed,headword,true,b782f2ed-eef3-4a3d-9fc1-0b9f4fe3b703,bleed,exact,pending_content_review,同词命中仅建立审核入口；不自动复制释义、拆词或巧记。
cet4-w-293588a0babe7f5ea546,blend,headword,true,,,none,new_content_required,无六级同词；后续查找有证据的词族关系。
cet4-w-9b3211aee7f12dc35a1b,bless,headword,true,,,none,new_content_required,无六级同词；后续查找有证据的词族关系。
cet4-w-219f8ce640e8ab9d26ee,blessing,listed_related,false,,,none,new_content_required,无六级同词；后续查找有证据的词族关系。
cet4-w-4f249d764e7110767deb,blind,headword,true,ee137fa2-101a-42ab-b201-e5f2fb4784df,blind,exact,pending_content_review,同词命中仅建立审核入口；不自动复制释义、拆词或巧记。
cet4-w-6a5461fbd472a09161f0,block,headword,false,0af8fb52-8625-4b5a-825c-d9d0c910790a,block,exact,pending_content_review,同词命中仅建立审核入口；不自动复制释义、拆词或巧记。
cet4-w-8a6b055214921fc016a5,blog,headword,false,,,none,new_content_required,无六级同词；后续查找有证据的词族关系。
cet4-w-069f0a535b434bc15097,blond,headword,false,,,none,new_content_required,无六级同词；后续查找有证据的词族关系。
cet4-w-928215e9f3e8e3858c1f,blood,headword,true,,,none,new_content_required,无六级同词；后续查找有证据的词族关系。
cet4-w-2ad703d600d3b8efca01,bloody,listed_related,false,,,none,new_content_required,无六级同词；后续查找有证据的词族关系。
cet4-w-fbdcf3328202d277a416,bloom,headword,true,288895c5-94bc-46ca-86d4-b81b042bbc8e,bloom,exact,pending_content_review,同词命中仅建立审核入口；不自动复制释义、拆词或巧记。
cet4-w-213feb856eb1a59d8396,blossom,headword,true,ebdb30f4-aada-4ccf-9890-245bea4a1484,blossom,exact,pending_content_review,同词命中仅建立审核入口；不自动复制释义、拆词或巧记。
cet4-w-6c36770fce59873f8212,blouse,headword,false,,,none,new_content_required,无六级同词；后续查找有证据的词族关系。
cet4-w-710e02c8d06562266ffc,blow,headword,false,,,none,new_content_required,无六级同词；后续查找有证据的词族关系。
cet4-w-9abb88e8546735abad60,blue,headword,false,,,none,new_content_required,无六级同词；后续查找有证据的词族关系。
cet4-w-c1cc1247933a3cd2b4a0,blueprint,headword,false,,,none,new_content_required,无六级同词；后续查找有证据的词族关系。
cet4-w-31bfec8adfc621ea31e9,blur,headword,false,349113ff-ce2f-42a6-b46d-417eb2456386,blur,exact,pending_content_review,同词命中仅建立审核入口；不自动复制释义、拆词或巧记。
cet4-w-3a4c136be2f3c428a211,board,headword,true,fa5c24d4-5fd6-47e5-bcfb-052f909940df,board,exact,pending_content_review,同词命中仅建立审核入口；不自动复制释义、拆词或巧记。
cet4-w-b8dcd6ff964ea15458fb,boast,headword,true,0c0f2541-aea5-44c0-bce2-44b00fc70233,boast,exact,pending_content_review,同词命中仅建立审核入口；不自动复制释义、拆词或巧记。
cet4-w-bf2d63b41b9d51cbfdf9,boastful,listed_related,false,b1bea874-fa87-455b-83bf-de9f32bcff08,boastful,exact,pending_content_review,同词命中仅建立审核入口；不自动复制释义、拆词或巧记。
cet4-w-dc5cf386712b933b40f7,boat,headword,false,,,none,new_content_required,无六级同词；后续查找有证据的词族关系。
cet4-w-ad026e898185446bb9f9,bodily,listed_related,false,,,none,new_content_required,无六级同词；后续查找有证据的词族关系。
cet4-w-1e4ab700d3e5e37e14c8,body,headword,false,4b9e8908-b370-4c87-8599-955f6b583bc0,body,exact,pending_content_review,同词命中仅建立审核入口；不自动复制释义、拆词或巧记。
cet4-w-ef5fbe557fe0ce475b98,boil,headword,true,b325d333-7b19-4460-b06c-5a816adb0c4a,boil,exact,pending_content_review,同词命中仅建立审核入口；不自动复制释义、拆词或巧记。
cet4-w-ace4acec85c9c840cc0f,boiler,listed_related,false,,,none,new_content_required,无六级同词；后续查找有证据的词族关系。
cet4-w-33d3da728f4b5230d393,bold,headword,true,c2bea419-77e8-4bba-841e-570ba0b9f086,bold,exact,pending_content_review,同词命中仅建立审核入口；不自动复制释义、拆词或巧记。
cet4-w-74e169616471183c84b2,bolt,headword,true,,,none,new_content_required,无六级同词；后续查找有证据的词族关系。
cet4-w-4cdd97db3766fe83a17d,bomb,headword,true,,,none,new_content_required,无六级同词；后续查找有证据的词族关系。
cet4-w-0ae0ddf1c753e71b69a8,bond,headword,true,,,none,new_content_required,无六级同词；后续查找有证据的词族关系。
cet4-w-dff5498672d447a022dd,bondage,listed_related,false,,,none,new_content_required,无六级同词；后续查找有证据的词族关系。
cet4-w-5ab50972b9b459883933,bone,headword,true,,,none,new_content_required,无六级同词；后续查找有证据的词族关系。
cet4-w-3d92914a295bd239ded8,bonus,headword,false,56f90132-1893-4759-9a50-429d80c1f905,bonus,exact,pending_content_review,同词命中仅建立审核入口；不自动复制释义、拆词或巧记。
cet4-w-4d6731183345afe6bdde,bony,listed_related,false,,,none,new_content_required,无六级同词；后续查找有证据的词族关系。
cet4-w-dc8ed021f0688c2a0f75,book,headword,false,bdd11446-4c08-4f58-9e1e-17330e85bd10,book,exact,pending_content_review,同词命中仅建立审核入口；不自动复制释义、拆词或巧记。
cet4-w-08c88458ce42cb411faa,boom,headword,false,4e4a56ae-8b76-4c89-9a7f-c6837a5bd0dd,boom,exact,pending_content_review,同词命中仅建立审核入口；不自动复制释义、拆词或巧记。
cet4-w-214bd877abb4c173665b,boost,headword,true,,,none,new_content_required,无六级同词；后续查找有证据的词族关系。
cet4-w-c1f24dc7fdef862320f0,boot,headword,true,837429f6-9dd8-4092-93d3-e7a9ca23901f,boot,exact,pending_content_review,同词命中仅建立审核入口；不自动复制释义、拆词或巧记。
cet4-w-d6719c24655ad798933d,booth,headword,true,464c43db-3e96-405f-8bb8-85b3af3f3060,booth,exact,pending_content_review,同词命中仅建立审核入口；不自动复制释义、拆词或巧记。
cet4-w-e6cebf2094c2cb1530b6,border,headword,true,2baff32e-04ae-41c6-8959-30eaacf0323f,border,exact,pending_content_review,同词命中仅建立审核入口；不自动复制释义、拆词或巧记。
cet4-w-05bbeec750c9c2e09f44,bore,headword,true,,,none,new_content_required,无六级同词；后续查找有证据的词族关系。
cet4-w-29f2992bac1ebb252c56,boring,listed_related,false,5c3f3890-4298-4c2f-b912-8e4bc5495cb2,boring,exact,pending_content_review,同词命中仅建立审核入口；不自动复制释义、拆词或巧记。
cet4-w-305b0b496be89016a9d0,born,headword,true,1ccdcbd9-9e30-481b-a04e-bbf8972c7010,born,exact,pending_content_review,同词命中仅建立审核入口；不自动复制释义、拆词或巧记。
cet4-w-fa1abfac3b5b279692db,borrow,headword,false,,,none,new_content_required,无六级同词；后续查找有证据的词族关系。
cet4-w-fba659d508dfcb4d04a8,boss,headword,true,,,none,new_content_required,无六级同词；后续查找有证据的词族关系。
cet4-w-94b90ed8731880548b25,both,headword,false,,,none,new_content_required,无六级同词；后续查找有证据的词族关系。
cet4-w-f27744ff156e45a805d6,bother,headword,false,,,none,new_content_required,无六级同词；后续查找有证据的词族关系。
cet4-w-947cf514457a45275d02,bottle,headword,false,4a4c16bf-227a-46d9-9682-d3f0b62f700a,bottle,exact,pending_content_review,同词命中仅建立审核入口；不自动复制释义、拆词或巧记。
cet4-w-18c0dac6b58dc0830171,bottom,headword,true,12792fd2-45a7-4bde-a23d-c290513744fd,bottom,exact,pending_content_review,同词命中仅建立审核入口；不自动复制释义、拆词或巧记。
cet4-w-a11e17eb6d399a09e7a2,bounce,headword,true,b13a124e-4d5f-4d19-9b76-ed37b8cd7ef1,bounce,exact,pending_content_review,同词命中仅建立审核入口；不自动复制释义、拆词或巧记。
cet4-w-e2bc673172f86b1d0bbb,bound,headword,true,ee2d169e-d49a-41b7-aa93-2bf741f9c3e6,bound,exact,pending_content_review,同词命中仅建立审核入口；不自动复制释义、拆词或巧记。
cet4-w-ca8a67421e033a20d664,boundary,headword,true,c697bdd0-def4-4470-8dcc-6950ed986961,boundary,exact,pending_content_review,同词命中仅建立审核入口；不自动复制释义、拆词或巧记。
cet4-w-ed0c57d62ab630d15ce9,bow,headword,true,e4850eed-98bb-4d91-b31e-b419edd18668,bow,exact,pending_content_review,同词命中仅建立审核入口；不自动复制释义、拆词或巧记。
cet4-w-9153858b3c0e8c84c9f8,bowel,headword,false,2bbb06ab-1957-484f-8a72-ac9f94159d42,bowel,exact,pending_content_review,同词命中仅建立审核入口；不自动复制释义、拆词或巧记。
cet4-w-c53c0d2d94ceb7ca24d9,bowl,headword,true,7ae72109-8844-4531-9601-e2bf9db6bb3c,bowl,exact,pending_content_review,同词命中仅建立审核入口；不自动复制释义、拆词或巧记。
cet4-w-476d3706ccfa6cdadfb6,box,headword,false,,,none,new_content_required,无六级同词；后续查找有证据的词族关系。
cet4-w-52b71831eedcfc500805,boxing,headword,false,,,none,new_content_required,无六级同词；后续查找有证据的词族关系。
cet4-w-d671091a7d2c7235c76e,boy,headword,false,3004f27a-574e-4c16-af95-c3b4f24da2ca,boy,exact,pending_content_review,同词命中仅建立审核入口；不自动复制释义、拆词或巧记。
cet4-w-0b5e798922633541feec,bracket,headword,false,08b5b6d9-4774-4a91-b368-385d6d6c5f93,bracket,exact,pending_content_review,同词命中仅建立审核入口；不自动复制释义、拆词或巧记。
cet4-w-3eaf99819cb04b6b3d03,brag,headword,false,,,none,new_content_required,无六级同词；后续查找有证据的词族关系。
cet4-w-44b88f9a9bc9eb0d76e4,brain,headword,true,a630b3c8-450b-416f-9fa7-f3b8a7379515,brain,exact,pending_content_review,同词命中仅建立审核入口；不自动复制释义、拆词或巧记。
cet4-w-6a658d644826e62498fc,brake,headword,true,c1b4a2fb-56ae-4b6a-b2fa-993acf4e8bbd,brake,exact,pending_content_review,同词命中仅建立审核入口；不自动复制释义、拆词或巧记。
cet4-w-7dd32fb0cc8d297bc59c,branch,headword,true,,,none,new_content_required,无六级同词；后续查找有证据的词族关系。
cet4-w-5336011b62198f738386,brand,headword,true,a15cacb0-f10d-484c-aa0e-371a74b9d365,brand,exact,pending_content_review,同词命中仅建立审核入口；不自动复制释义、拆词或巧记。
cet4-w-4e22c9d985b2fcd9c641,brand-new,headword,false,,,none,new_content_required,无六级同词；后续查找有证据的词族关系。
cet4-w-dc7abf5ef592689d05cd,brandy,headword,true,,,none,new_content_required,无六级同词；后续查找有证据的词族关系。
cet4-w-22dba84e950e40f6bd8a,brass,headword,true,,,none,new_content_required,无六级同词；后续查找有证据的词族关系。
cet4-w-4eb8b2c46f0bd8bd61a4,brave,headword,true,1e472bbd-98a0-4333-ba16-960da6e2a251,brave,exact,pending_content_review,同词命中仅建立审核入口；不自动复制释义、拆词或巧记。
cet4-w-ee9eb45e49387cae3f5d,bravery,listed_related,false,dab57d5a-6ec5-4443-9db6-8f2e46fbcbca,bravery,exact,pending_content_review,同词命中仅建立审核入口；不自动复制释义、拆词或巧记。
cet4-w-ea0172a95852a53132aa,bread,headword,false,981591b4-33c0-41d2-8f2e-45c8790eff82,bread,exact,pending_content_review,同词命中仅建立审核入口；不自动复制释义、拆词或巧记。
cet4-w-e4ea1d0ec72eecdf3146,breadth,listed_related,true,,,none,new_content_required,无六级同词；后续查找有证据的词族关系。
cet4-w-a7b3b2f31bb89a15e023,break,headword,false,a80cd7db-8bb4-44d6-ac08-497b3b106a82,break,exact,pending_content_review,同词命中仅建立审核入口；不自动复制释义、拆词或巧记。
cet4-w-c46a172cf8780406ced8,breakdown,headword,false,54a2a08d-c972-4019-9dab-4e732095c6e7,breakdown,exact,pending_content_review,同词命中仅建立审核入口；不自动复制释义、拆词或巧记。
cet4-w-788376f56b6fb519e671,breakfast,headword,false,1099754a-a7e6-4583-ad2e-8b3d7c79d584,breakfast,exact,pending_content_review,同词命中仅建立审核入口；不自动复制释义、拆词或巧记。
cet4-w-bad5f59b8eb085367581,breakthrough,headword,false,b19fcef5-0d08-45ca-bcb7-327e9072d520,breakthrough,exact,pending_content_review,同词命中仅建立审核入口；不自动复制释义、拆词或巧记。
cet4-w-f6ea8eb7abe5c389bc4c,breast,headword,true,42791cf1-7722-4a09-91db-3f69033290c4,breast,exact,pending_content_review,同词命中仅建立审核入口；不自动复制释义、拆词或巧记。
cet4-w-a6327dc94f454dbece78,breath,headword,true,6f82dc8e-ce64-4820-add1-96277051d3d4,breath,exact,pending_content_review,同词命中仅建立审核入口；不自动复制释义、拆词或巧记。
cet4-w-736aae4280ee64b6138d,breathe,headword,true,a53be7e5-d975-4c23-8589-a1090220c333,breathe,exact,pending_content_review,同词命中仅建立审核入口；不自动复制释义、拆词或巧记。
cet4-w-701bcff67ef0a354501a,breed,headword,true,6ce79d4a-4d3e-4ade-93f0-939813abec56,breed,exact,pending_content_review,同词命中仅建立审核入口；不自动复制释义、拆词或巧记。
cet4-w-86a9e0e96af2739a15e5,breeze,headword,true,b7b4cbe6-e4da-41e3-9ecb-842a3293f327,breeze,exact,pending_content_review,同词命中仅建立审核入口；不自动复制释义、拆词或巧记。
cet4-w-877b8e6e8675505ea457,bribe,headword,false,e21dd211-1137-4f59-8012-887dac75b289,bribe,exact,pending_content_review,同词命中仅建立审核入口；不自动复制释义、拆词或巧记。
cet4-w-4744623b09374a6238f1,bribery,listed_related,false,2a8252c0-9979-4520-b50f-01b6bf40cfb0,bribery,exact,pending_content_review,同词命中仅建立审核入口；不自动复制释义、拆词或巧记。
cet4-w-b1a16eb0b9876d446efe,brick,headword,true,7f79e51f-63c6-4f39-a72c-57b76f1ea4b5,brick,exact,pending_content_review,同词命中仅建立审核入口；不自动复制释义、拆词或巧记。
cet4-w-a1ef86fa3d30e2ac9788,bride,headword,false,7521dcb6-47ab-44d7-b446-05a6d78e9fd9,bride,exact,pending_content_review,同词命中仅建立审核入口；不自动复制释义、拆词或巧记。
cet4-w-5e96a0fc5f64aa38dd5d,bridegroom,headword,false,45feb9d8-0341-4d2f-8aca-59733fe86c9a,bridegroom,exact,pending_content_review,同词命中仅建立审核入口；不自动复制释义、拆词或巧记。
cet4-w-6f785870e7c65a755695,bridge,headword,false,a037d414-4cc7-413a-a2eb-ef43c255de8a,bridge,exact,pending_content_review,同词命中仅建立审核入口；不自动复制释义、拆词或巧记。
cet4-w-8cc8ef565034fdc16977,brief,headword,true,ed0f3f61-97bb-48fc-93ed-953f227cd7f8,brief,exact,pending_content_review,同词命中仅建立审核入口；不自动复制释义、拆词或巧记。
cet4-w-0561de55cd50122be071,briefcase,headword,false,f897e248-a3af-4ca3-901b-53953aaa0ece,briefcase,exact,pending_content_review,同词命中仅建立审核入口；不自动复制释义、拆词或巧记。
cet4-w-1a2b3ce9a736184068bc,briefing,listed_related,false,,,none,new_content_required,无六级同词；后续查找有证据的词族关系。
cet4-w-4f6ede95d14b38649dbe,bright,headword,false,e45412ee-3bc3-47ac-a6ee-e946f31704d3,bright,exact,pending_content_review,同词命中仅建立审核入口；不自动复制释义、拆词或巧记。
cet4-w-7fbc84daea7794ea3ac8,brighten,listed_related,true,,,none,new_content_required,无六级同词；后续查找有证据的词族关系。
cet4-w-cecefcef2c7edfa2ddba,brilliance,listed_related,false,,,none,new_content_required,无六级同词；后续查找有证据的词族关系。
cet4-w-4c2aaa16cd9abcdd7ca5,brilliant,headword,true,40e8d894-7d21-4f3d-8af8-8a70f478e91f,brilliant,exact,pending_content_review,同词命中仅建立审核入口；不自动复制释义、拆词或巧记。
cet4-w-34492c7ce15a5119372c,bring,headword,false,0be39cdc-e152-46b7-a465-63ab1f3b27bc,bring,exact,pending_content_review,同词命中仅建立审核入口；不自动复制释义、拆词或巧记。
cet4-w-c3d89a1c911713c2e9bc,broad,headword,true,,,none,new_content_required,无六级同词；后续查找有证据的词族关系。
cet4-w-3881dbea8a179b8146e5,broadcast,headword,true,,,none,new_content_required,无六级同词；后续查找有证据的词族关系。
cet4-w-c5729a076b335e181c16,broaden,listed_related,false,,,none,new_content_required,无六级同词；后续查找有证据的词族关系。
cet4-w-04f963b773b379b10def,brochure,headword,false,,,none,new_content_required,无六级同词；后续查找有证据的词族关系。
cet4-w-81570b03050d59e427f7,broke,headword,false,,,none,new_content_required,无六级同词；后续查找有证据的词族关系。
cet4-w-c60ea83ccf14a2f68318,broker,headword,false,,,none,new_content_required,无六级同词；后续查找有证据的词族关系。
cet4-w-19f552ddce061af1558f,broom,headword,true,,,none,new_content_required,无六级同词；后续查找有证据的词族关系。
cet4-w-9f21c2d079fa870034e1,brother,headword,false,,,none,new_content_required,无六级同词；后续查找有证据的词族关系。
cet4-w-9b928968b2656a6b89a3,brow,headword,true,,,none,new_content_required,无六级同词；后续查找有证据的词族关系。
cet4-w-f0701123bc7c42705c3a,brown,headword,false,,,none,new_content_required,无六级同词；后续查找有证据的词族关系。
cet4-w-d4fd907069043245a558,browse,headword,false,,,none,new_content_required,无六级同词；后续查找有证据的词族关系。
cet4-w-89ef0e076510741ef472,browser,listed_related,false,,,none,new_content_required,无六级同词；后续查找有证据的词族关系。
cet4-w-9273b11dfe7c3b8bf917,brunch,headword,false,c6d01326-c71e-4156-a8d8-910bcacd03d0,brunch,exact,pending_content_review,同词命中仅建立审核入口；不自动复制释义、拆词或巧记。
cet4-w-f5c9314c94ced8ea1376,brush,headword,false,,,none,new_content_required,无六级同词；后续查找有证据的词族关系。
cet4-w-1323fadacfcf4fa1c355,brutal,headword,false,893de1c0-101d-4dc2-a917-342c5633a5ff,brutal,exact,pending_content_review,同词命中仅建立审核入口；不自动复制释义、拆词或巧记。
cet4-w-c4e555360ac3c4ea2365,brutality,listed_related,false,e3a3596b-62c2-41fe-ae43-f0bb0e53234b,brutality,exact,pending_content_review,同词命中仅建立审核入口；不自动复制释义、拆词或巧记。
cet4-w-47975f815ab25e89af04,bubble,headword,true,,,none,new_content_required,无六级同词；后续查找有证据的词族关系。
cet4-w-e9a2a0a2a57cc177b030,buck,headword,false,95e34421-ccf6-4b9e-8bda-89d7dfb6e133,buck,exact,pending_content_review,同词命中仅建立审核入口；不自动复制释义、拆词或巧记。
cet4-w-8e3786fed6978196830e,bucket,headword,true,,,none,new_content_required,无六级同词；后续查找有证据的词族关系。
cet4-w-a34182aa38fbe2c0826b,buckle,headword,false,,,none,new_content_required,无六级同词；后续查找有证据的词族关系。
cet4-w-4c70bf229a6be196ba7d,bud,headword,true,c127c226-b10a-4a7d-85d9-bdc1c805348e,bud,exact,pending_content_review,同词命中仅建立审核入口；不自动复制释义、拆词或巧记。
cet4-w-8d742b6a1d2fd7ad191f,buddy,headword,false,,,none,new_content_required,无六级同词；后续查找有证据的词族关系。
cet4-w-8f21df0d32a4d483edd2,budget,headword,true,ca7d4bab-b5e3-40cc-b558-13b8b8b41452,budget,exact,pending_content_review,同词命中仅建立审核入口；不自动复制释义、拆词或巧记。
cet4-w-3f05f899a20421c18b7d,budgetary,listed_related,false,0ace1e96-d2a1-43fa-8cb0-360a7d987cc4,budgetary,exact,pending_content_review,同词命中仅建立审核入口；不自动复制释义、拆词或巧记。
cet4-w-a522181e9be69dbedd4a,buffet,headword,false,,,none,new_content_required,无六级同词；后续查找有证据的词族关系。
cet4-w-51681264160f420c662d,bug,headword,false,e07b4411-d610-4693-8153-f69c21a2575c,bug,exact,pending_content_review,同词命中仅建立审核入口；不自动复制释义、拆词或巧记。
cet4-w-3ee336b9368b1a03f610,build,headword,false,,,none,new_content_required,无六级同词；后续查找有证据的词族关系。
cet4-w-3ee2972d6114ed86308c,building,listed_related,false,,,none,new_content_required,无六级同词；后续查找有证据的词族关系。
cet4-w-80c16db5003e0f20192a,bulb,headword,true,,,none,new_content_required,无六级同词；后续查找有证据的词族关系。
cet4-w-f96e04a9e987792959cf,bulk,headword,true,9931cec8-655c-4d6d-9e66-de5308fa7c5e,bulk,exact,pending_content_review,同词命中仅建立审核入口；不自动复制释义、拆词或巧记。
cet4-w-3905a82d0f97da502e1e,bulky,listed_related,false,96f0b57a-ad11-4c4e-bf27-88cb679bcb7e,bulky,exact,pending_content_review,同词命中仅建立审核入口；不自动复制释义、拆词或巧记。
cet4-w-890b14b94f5d7eb7a072,bull,headword,true,3ed80dcb-f49c-4bdb-af1e-bb6ab8ee5b05,bull,exact,pending_content_review,同词命中仅建立审核入口；不自动复制释义、拆词或巧记。
cet4-w-51e91c216375044ab2d5,bullet,headword,true,e559ee12-d7cd-4890-9b48-fc9db419862b,bullet,exact,pending_content_review,同词命中仅建立审核入口；不自动复制释义、拆词或巧记。
cet4-w-668d9fd40946bf9e5996,bulletin,headword,false,020f2871-0dfa-4bc4-82a2-b1411725e803,bulletin,exact,pending_content_review,同词命中仅建立审核入口；不自动复制释义、拆词或巧记。
cet4-w-ebc540d9b52a886e3032,bully,headword,false,3c44c2fc-c14f-489c-ae86-470f995fa565,bully,exact,pending_content_review,同词命中仅建立审核入口；不自动复制释义、拆词或巧记。
cet4-w-90582992a5c4b15aa5c3,bump,headword,false,5be44804-69fc-4c5c-887f-01481377f35b,bump,exact,pending_content_review,同词命中仅建立审核入口；不自动复制释义、拆词或巧记。
cet4-w-b1f5296a902fa3dc2c7f,bumper,headword,false,,,none,new_content_required,无六级同词；后续查找有证据的词族关系。
cet4-w-ee202cc4db57403e8a26,bunch,headword,true,3d30cbae-0080-40bb-bcc3-8295837da038,bunch,exact,pending_content_review,同词命中仅建立审核入口；不自动复制释义、拆词或巧记。
cet4-w-a3f12ab34fd918964144,bundle,headword,true,,,none,new_content_required,无六级同词；后续查找有证据的词族关系。
cet4-w-6fedef481b52aed07fc7,burden,headword,true,01567f8c-62b4-46de-ba9d-bffe6c825368,burden,exact,pending_content_review,同词命中仅建立审核入口；不自动复制释义、拆词或巧记。
cet4-w-2b1a170ace2a107d66ae,bureau,headword,true,3a544c5c-286b-46cf-ae2a-0084a9af93da,bureau,exact,pending_content_review,同词命中仅建立审核入口；不自动复制释义、拆词或巧记。
cet4-w-3244fe3e3e1d1f0f8c74,burger,headword,false,,,none,new_content_required,无六级同词；后续查找有证据的词族关系。
cet4-w-8b672b81c505e7d9c86b,burial,listed_related,false,f8b78815-4729-4dab-8928-4495f554214f,burial,exact,pending_content_review,同词命中仅建立审核入口；不自动复制释义、拆词或巧记。
cet4-w-8b8a6935d749f2e81d49,burn,headword,true,fddfa36b-aaf8-40b9-81ec-ed9497f7bbb9,burn,exact,pending_content_review,同词命中仅建立审核入口；不自动复制释义、拆词或巧记。
cet4-w-a8b18f193839dd12b48c,burst,headword,true,956c3613-4865-4fac-9ce0-0fb54600d8a6,burst,exact,pending_content_review,同词命中仅建立审核入口；不自动复制释义、拆词或巧记。
cet4-w-efbb11383813665f6214,bury,headword,true,f1404bef-cda3-46e1-b579-5029546d0631,bury,exact,pending_content_review,同词命中仅建立审核入口；不自动复制释义、拆词或巧记。
cet4-w-e48b0eec08a65db081fe,bus,headword,false,16f4f7bd-e794-454b-9be7-a75569b5fa50,bus,exact,pending_content_review,同词命中仅建立审核入口；不自动复制释义、拆词或巧记。
cet4-w-84764fc2b5bdff17f0f2,bush,headword,true,a4c8573a-ac59-433b-93f0-5c777c03acb2,bush,exact,pending_content_review,同词命中仅建立审核入口；不自动复制释义、拆词或巧记。
cet4-w-33bc5fded7fc24544d7a,bushy,listed_related,false,,,none,new_content_required,无六级同词；后续查找有证据的词族关系。
cet4-w-7e6e6666d047f87a9f4f,business,headword,true,,,none,new_content_required,无六级同词；后续查找有证据的词族关系。
cet4-w-e5bf26319d83b8cd40c6,businessman,headword,false,,,none,new_content_required,无六级同词；后续查找有证据的词族关系。
cet4-w-97553fd3b85c2f967fe3,busy,headword,false,,,none,new_content_required,无六级同词；后续查找有证据的词族关系。
cet4-w-0494114ad933c59d4693,but,headword,false,,,none,new_content_required,无六级同词；后续查找有证据的词族关系。
cet4-w-fe8aa388bfaf187e49fb,butcher,headword,true,,,none,new_content_required,无六级同词；后续查找有证据的词族关系。
cet4-w-27ed2b40a0aa2d73a4a7,butter,headword,true,2037f4d1-c278-4cbc-b593-d1e6e8554e7b,butter,exact,pending_content_review,同词命中仅建立审核入口；不自动复制释义、拆词或巧记。
cet4-w-4feedc68c7f648de0de4,butterfly,headword,true,d8b5e146-f12e-4b99-aa75-973bce9cd80a,butterfly,exact,pending_content_review,同词命中仅建立审核入口；不自动复制释义、拆词或巧记。
cet4-w-cecd13e4b342b5bff718,button,headword,true,,,none,new_content_required,无六级同词；后续查找有证据的词族关系。
cet4-w-a237ca848667fda1edf6,buy,headword,false,,,none,new_content_required,无六级同词；后续查找有证据的词族关系。
cet4-w-e4e42ea5113d4f30d495,buyer,listed_related,false,,,none,new_content_required,无六级同词；后续查找有证据的词族关系。
cet4-w-7fb7c3b72167b46337b8,by,headword,false,8b0eb09f-5d83-4dd7-845c-7b50c477a214,by,exact,pending_content_review,同词命中仅建立审核入口；不自动复制释义、拆词或巧记。
cet4-w-5344361024f751810521,bypass,headword,false,156c9132-c55b-4546-922d-9925f9d71bcb,bypass,exact,pending_content_review,同词命中仅建立审核入口；不自动复制释义、拆词或巧记。
cet4-w-057e5cdb764582b6e22b,bystander,headword,false,,,none,new_content_required,无六级同词；后续查找有证据的词族关系。
cet4-w-25ecdf152fc45d7920ba,cab,headword,false,999a0334-427d-4fc6-b59e-38f5e0092258,cab,exact,pending_content_review,同词命中仅建立审核入口；不自动复制释义、拆词或巧记。
cet4-w-045457a0cea747dd320b,cabbage,headword,true,,,none,new_content_required,无六级同词；后续查找有证据的词族关系。
cet4-w-b99e17300c56fdec7573,cabin,headword,true,a1f66ecb-8fd5-4b8a-adff-89410f78d5b3,cabin,exact,pending_content_review,同词命中仅建立审核入口；不自动复制释义、拆词或巧记。
cet4-w-afc71f3e62259522c3ea,cabinet,headword,true,488aebf3-5d62-4716-baeb-bb0bc67adf28,cabinet,exact,pending_content_review,同词命中仅建立审核入口；不自动复制释义、拆词或巧记。
cet4-w-986dddec84ce65b219a6,cable,headword,true,6cdbe5b9-72e6-417d-9cbf-1767f1fc1fee,cable,exact,pending_content_review,同词命中仅建立审核入口；不自动复制释义、拆词或巧记。
cet4-w-e3b7f0bb0a49f9a5ed47,cafe,headword,true,,,none,new_content_required,无六级同词；后续查找有证据的词族关系。
cet4-w-ed01bf8f19a0e07cdb9b,cafeteria,headword,true,2e912090-424f-4bae-a76c-9ebfcb69eda3,cafeteria,exact,pending_content_review,同词命中仅建立审核入口；不自动复制释义、拆词或巧记。
cet4-w-930ed6e43dc85587f2d6,cage,headword,true,,,none,new_content_required,无六级同词；后续查找有证据的词族关系。
cet4-w-fdcda560df766d8d6201,cake,headword,true,,,none,new_content_required,无六级同词；后续查找有证据的词族关系。
cet4-w-a992641b7ddd31bcb5c9,calculate,headword,true,6538406c-421f-483e-b42e-c341d113dcdd,calculate,exact,pending_content_review,同词命中仅建立审核入口；不自动复制释义、拆词或巧记。
cet4-w-5267f172cc91ccaa2452,calculating,listed_related,false,48ed1236-b425-4823-ade9-f45df88c8104,calculating,exact,pending_content_review,同词命中仅建立审核入口；不自动复制释义、拆词或巧记。
cet4-w-a415fe97bc41e2a8539a,calculation,listed_related,true,81e2d436-a5ed-4a80-9cee-c0ded584a4ba,calculation,exact,pending_content_review,同词命中仅建立审核入口；不自动复制释义、拆词或巧记。
cet4-w-3c3767bf88134a3770db,calculator,listed_related,true,65f6dc38-7b39-418b-87a3-62b57d2c84e1,calculator,exact,pending_content_review,同词命中仅建立审核入口；不自动复制释义、拆词或巧记。
cet4-w-2840969c465a2654ce67,calendar,headword,true,,,none,new_content_required,无六级同词；后续查找有证据的词族关系。
cet4-w-663cd7d97aaa2816d712,calf,headword,false,,,none,new_content_required,无六级同词；后续查找有证据的词族关系。
cet4-w-def3bceefc0ed435e43a,call,headword,false,3f69eeb1-4b76-4cfd-a575-3ee368f9b53e,call,exact,pending_content_review,同词命中仅建立审核入口；不自动复制释义、拆词或巧记。
cet4-w-f33dd244a0c0043dba33,calling,headword,false,,,none,new_content_required,无六级同词；后续查找有证据的词族关系。
cet4-w-fd4ff0dcfdb76b158217,calm,headword,true,,,none,new_content_required,无六级同词；后续查找有证据的词族关系。
cet4-w-08514777dd76e217b688,calorie,headword,false,02818bb3-51c6-49ec-93b3-faa3e3fcb612,calorie,exact,pending_content_review,同词命中仅建立审核入口；不自动复制释义、拆词或巧记。
cet4-w-f702ba6bdd533a06a24d,camel,headword,true,,,none,new_content_required,无六级同词；后续查找有证据的词族关系。
cet4-w-bd6b0cd601478fdc1206,camera,headword,true,,,none,new_content_required,无六级同词；后续查找有证据的词族关系。
cet4-w-7f2a6c488e90ef1673d1,camp,headword,true,6588206e-38a5-400f-95cf-fd187b6b403f,camp,exact,pending_content_review,同词命中仅建立审核入口；不自动复制释义、拆词或巧记。
cet4-w-ffe93e40d76d796247a0,campaign,headword,true,7cc6a1b0-42cc-4d44-a16b-cbe7a94fbe1c,campaign,exact,pending_content_review,同词命中仅建立审核入口；不自动复制释义、拆词或巧记。
cet4-w-8e477c4126119db5470a,campus,headword,true,,,none,new_content_required,无六级同词；后续查找有证据的词族关系。
cet4-w-44ca47ce3bb7259c70f4,can,headword,false,,,none,new_content_required,无六级同词；后续查找有证据的词族关系。
cet4-w-fb8ec95ff1283b6c7ce7,canal,headword,true,,,none,new_content_required,无六级同词；后续查找有证据的词族关系。
cet4-w-ad04c178f05e93d4a24b,cancel,headword,true,6c947c34-3cd6-47dd-b2f4-97cfe44a802e,cancel,exact,pending_content_review,同词命中仅建立审核入口；不自动复制释义、拆词或巧记。
cet4-w-99e0997467bcfc7ab552,cancellation,listed_related,false,,,none,new_content_required,无六级同词；后续查找有证据的词族关系。
cet4-w-1adf0b906f034f4dcd6a,cancer,headword,true,09de1433-a968-4c63-8675-67544cfd973b,cancer,exact,pending_content_review,同词命中仅建立审核入口；不自动复制释义、拆词或巧记。
cet4-w-362e71f315e2714a1b57,candidacy,listed_related,false,94cd4277-5023-4f0b-b2eb-4c8bd1bfc399,candidacy,exact,pending_content_review,同词命中仅建立审核入口；不自动复制释义、拆词或巧记。
cet4-w-712e6a41310c4bfe3ccd,candidate,headword,true,a9c2f632-8457-4569-9f36-3a3fa3eb1aea,candidate,exact,pending_content_review,同词命中仅建立审核入口；不自动复制释义、拆词或巧记。
cet4-w-c3a1c960c06215b7c82e,candle,headword,true,,,none,new_content_required,无六级同词；后续查找有证据的词族关系。
cet4-w-a5087af30fb38292cfa8,candy,headword,true,1f8d54d2-3f12-4d1a-ac39-666c10a1dd2d,candy,exact,pending_content_review,同词命中仅建立审核入口；不自动复制释义、拆词或巧记。
cet4-w-571193dea68212808268,cane,headword,false,2550247f-b08c-4451-a797-5634f132f3a5,cane,exact,pending_content_review,同词命中仅建立审核入口；不自动复制释义、拆词或巧记。
cet4-w-6d8d79be9560426db944,canteen,headword,true,,,none,new_content_required,无六级同词；后续查找有证据的词族关系。
cet4-w-3807fc45c5f96854e7db,cap,headword,true,d8e837ef-8b5d-4318-86d9-25e9f930b6a1,cap,exact,pending_content_review,同词命中仅建立审核入口；不自动复制释义、拆词或巧记。
cet4-w-04742591da1fa4fed8d5,capability,listed_related,false,60ad142c-3c2a-4177-850a-fc3bda2eeda8,capability,exact,pending_content_review,同词命中仅建立审核入口；不自动复制释义、拆词或巧记。
cet4-w-750a1f2cc567abff88f3,capable,headword,true,98b3bce3-b09e-4ec7-be45-b9d791f6bfaa,capable,exact,pending_content_review,同词命中仅建立审核入口；不自动复制释义、拆词或巧记。
cet4-w-816c22f2c2068a716d0e,capacity,headword,true,7b8108d9-5fcc-40b0-8716-f55b3798f69b,capacity,exact,pending_content_review,同词命中仅建立审核入口；不自动复制释义、拆词或巧记。
cet4-w-20f4eea774ef00a9cb39,capital,headword,true,,,none,new_content_required,无六级同词；后续查找有证据的词族关系。
cet4-w-368c5ae020c3d377b57c,capitalism,listed_related,false,,,none,new_content_required,无六级同词；后续查找有证据的词族关系。
cet4-w-27eb1de075a577f2559e,capitalist,listed_related,false,,,none,new_content_required,无六级同词；后续查找有证据的词族关系。
cet4-w-7a38c78e1d7963de0cfd,captain,headword,true,,,none,new_content_required,无六级同词；后续查找有证据的词族关系。
cet4-w-cb15438785b3a9752242,capture,headword,true,2831f2eb-6a39-4fe7-95d6-5f3955598316,capture,exact,pending_content_review,同词命中仅建立审核入口；不自动复制释义、拆词或巧记。
cet4-w-f1b512761668b355dba4,car,headword,false,2d33e9fa-c949-42a2-882a-31c4e9f79491,car,exact,pending_content_review,同词命中仅建立审核入口；不自动复制释义、拆词或巧记。
cet4-w-399c7d536a90e1740666,carbon,headword,true,24bced38-61da-4a67-b277-c273f1fd7190,carbon,exact,pending_content_review,同词命中仅建立审核入口；不自动复制释义、拆词或巧记。
cet4-w-35b62fef19d278e85ef1,card,headword,false,d905022a-9053-44a6-807f-bcd9f5025165,card,exact,pending_content_review,同词命中仅建立审核入口；不自动复制释义、拆词或巧记。
cet4-w-63d1049fe501f94b0fb3,cardboard,headword,false,,,none,new_content_required,无六级同词；后续查找有证据的词族关系。
cet4-w-1aa34961dbb949d2b082,care,headword,false,,,none,new_content_required,无六级同词；后续查找有证据的词族关系。
cet4-w-1b75a76672c6a4b9442f,career,headword,true,,,none,new_content_required,无六级同词；后续查找有证据的词族关系。
cet4-w-e6fee93c0fd1ee819ba7,careful,listed_related,false,,,none,new_content_required,无六级同词；后续查找有证据的词族关系。
cet4-w-e8dfdd88e6569eff65e6,careless,listed_related,true,,,none,new_content_required,无六级同词；后续查找有证据的词族关系。
cet4-w-96791b6d8d46f137bddc,cargo,headword,true,,,none,new_content_required,无六级同词；后续查找有证据的词族关系。
cet4-w-9e21ac329cad101a00c0,carpenter,headword,true,,,none,new_content_required,无六级同词；后续查找有证据的词族关系。
cet4-w-9159addbfc8e4a865511,carpet,headword,true,fe77c927-8e13-4c6d-a347-c9c2319a2e72,carpet,exact,pending_content_review,同词命中仅建立审核入口；不自动复制释义、拆词或巧记。
cet4-w-e58b6aa2f27899d71156,carriage,headword,true,,,none,new_content_required,无六级同词；后续查找有证据的词族关系。
cet4-w-4f242d90889afd63a023,carrier,headword,true,5b3d8cd5-f40a-4c27-b39c-5020b937db94,carrier,exact,pending_content_review,同词命中仅建立审核入口；不自动复制释义、拆词或巧记。
cet4-w-adff2593249fe954f8ea,carrot,headword,true,38e58f8a-e375-4c34-89dd-9e932751374c,carrot,exact,pending_content_review,同词命中仅建立审核入口；不自动复制释义、拆词或巧记。
cet4-w-1f0b3e1ea68a9d5f09c8,carry,headword,false,ea5d276e-2407-4e4b-84ac-af2ad70d4f50,carry,exact,pending_content_review,同词命中仅建立审核入口；不自动复制释义、拆词或巧记。
cet4-w-89e5570743ad71446e2a,cart,headword,true,c2177088-610d-4b17-9359-90eafbd1c77e,cart,exact,pending_content_review,同词命中仅建立审核入口；不自动复制释义、拆词或巧记。
cet4-w-ebeb7f85d124add6386c,cartoon,headword,false,,,none,new_content_required,无六级同词；后续查找有证据的词族关系。
cet4-w-6d3e566a4ac8becd0e35,cartoonist,listed_related,false,,,none,new_content_required,无六级同词；后续查找有证据的词族关系。
cet4-w-b36df35a2a69ca9266f0,case,headword,false,31b7cd70-c824-47b9-b94c-7aa29ff97829,case,exact,pending_content_review,同词命中仅建立审核入口；不自动复制释义、拆词或巧记。
cet4-w-dbfce41f35727a3f97ff,cash,headword,true,f22f8470-b3e5-4c62-9906-7f561ed3a594,cash,exact,pending_content_review,同词命中仅建立审核入口；不自动复制释义、拆词或巧记。
cet4-w-45c3bc9fe270c958bcf3,cashier,headword,false,,,none,new_content_required,无六级同词；后续查找有证据的词族关系。
cet4-w-6e703c65abccd2549239,cast,headword,true,5faca6f2-18e8-4c07-8e26-c201873c48e3,cast,exact,pending_content_review,同词命中仅建立审核入口；不自动复制释义、拆词或巧记。
cet4-w-6bb08d2a399924ed70e7,castle,headword,true,,,none,new_content_required,无六级同词；后续查找有证据的词族关系。
cet4-w-f13ddeb44556dd36f827,casual,headword,true,e9555d9e-768a-4e1f-a69b-7d8e9c19a559,casual,exact,pending_content_review,同词命中仅建立审核入口；不自动复制释义、拆词或巧记。
cet4-w-f581ba7cb9ed53267dc1,cat,headword,false,eb5d6a2d-d561-45a7-9d5d-6c6b1fc3cae4,cat,exact,pending_content_review,同词命中仅建立审核入口；不自动复制释义、拆词或巧记。
cet4-w-67200dfbd8493720eab3,catalog,headword,true,7892661a-d011-4c68-8f47-d67feb2da9e7,catalogue,declared_variant,pending_content_review,同词命中仅建立审核入口；不自动复制释义、拆词或巧记。
cet4-w-5ac7a395fe5ba09445bc,catch,headword,false,6cf04f3f-5c86-433e-aff4-7effd69ff7f5,catch,exact,pending_content_review,同词命中仅建立审核入口；不自动复制释义、拆词或巧记。
cet4-w-44e30685b4030c66309a,category,headword,false,,,none,new_content_required,无六级同词；后续查找有证据的词族关系。
cet4-w-5f3ecc6f5e8026ee9e59,cater,headword,false,d0c1c4ce-18c4-4c95-9c49-abd54119db25,cater,exact,pending_content_review,同词命中仅建立审核入口；不自动复制释义、拆词或巧记。
cet4-w-db12da512dcdee815294,cattle,headword,true,,,none,new_content_required,无六级同词；后续查找有证据的词族关系。
cet4-w-4597ad804e5aad563761,cause,headword,true,,,none,new_content_required,无六级同词；后续查找有证据的词族关系。
cet4-w-297f3fb68a36325bcb53,caution,headword,false,20a84325-adf8-42bc-ac2d-54830f8e1804,caution,exact,pending_content_review,同词命中仅建立审核入口；不自动复制释义、拆词或巧记。
cet4-w-b13f39966d5c49bfd8e6,cautious,listed_related,true,67b1d033-6fc3-4ac1-bad9-77c238d8b23e,cautious,exact,pending_content_review,同词命中仅建立审核入口；不自动复制释义、拆词或巧记。
cet4-w-455031dc89f2f5ba58e6,cave,headword,true,d8cd64e3-d73b-4bd2-a812-0fe8783ecd24,cave,exact,pending_content_review,同词命中仅建立审核入口；不自动复制释义、拆词或巧记。
cet4-w-e8f998d51869db890813,cease,headword,true,,,none,new_content_required,无六级同词；后续查找有证据的词族关系。
cet4-w-0505f283751b898fea9c,ceiling,headword,true,,,none,new_content_required,无六级同词；后续查找有证据的词族关系。
cet4-w-6abcb6328da5a5307d99,celebrate,headword,true,5f04d3a0-3341-4a97-975e-072f0ef25b10,celebrate,exact,pending_content_review,同词命中仅建立审核入口；不自动复制释义、拆词或巧记。
cet4-w-841ee87e9b13976a3dca,celebration,listed_related,false,f31be69d-c7d0-4904-bb93-99864cd80214,celebration,exact,pending_content_review,同词命中仅建立审核入口；不自动复制释义、拆词或巧记。
cet4-w-be6c1e0d58a64d665923,cell,headword,true,9f3129cb-96d5-47e0-aa8f-70f0445c2990,cell,exact,pending_content_review,同词命中仅建立审核入口；不自动复制释义、拆词或巧记。
cet4-w-40f88564fa90547238ca,cell-phone,headword,false,,,none,new_content_required,无六级同词；后续查找有证据的词族关系。
cet4-w-0e59dadbef792de9dbe7,cellar,headword,true,7692f53f-9881-4784-ba79-471e0639fedd,cellar,exact,pending_content_review,同词命中仅建立审核入口；不自动复制释义、拆词或巧记。
cet4-w-b69be7712b43e9428ab4,Celsius,headword,false,,,none,new_content_required,无六级同词；后续查找有证据的词族关系。
cet4-w-e9ad73364127488efc04,cement,headword,true,,,none,new_content_required,无六级同词；后续查找有证据的词族关系。
cet4-w-e9c6524fe487f02fe8b7,cent,headword,true,121e81e4-caa1-4fe1-bdc4-7c73c8398efc,cent,exact,pending_content_review,同词命中仅建立审核入口；不自动复制释义、拆词或巧记。
cet4-w-3308cb456c6b0372bc83,center,headword,true,fa67e567-de32-46c2-be5b-772afc89b0fe,center,exact,pending_content_review,同词命中仅建立审核入口；不自动复制释义、拆词或巧记。
cet4-w-0ec30b62a1ca17c7f2be,centigrade,headword,true,,,none,new_content_required,无六级同词；后续查找有证据的词族关系。
cet4-w-cc982aff6553769131ca,centimeter,headword,true,,,none,new_content_required,无六级同词；后续查找有证据的词族关系。
cet4-w-4e4690b497f120492956,central,listed_related,true,7b8cbff4-6f64-426f-8539-50ac14af7f06,central,exact,pending_content_review,同词命中仅建立审核入口；不自动复制释义、拆词或巧记。
cet4-w-1eaf6ccbcc36bbc9a731,centralize,listed_related,false,87a0aa9a-46a9-4560-999a-161d36985d01,centralize,exact,pending_content_review,同词命中仅建立审核入口；不自动复制释义、拆词或巧记。
cet4-w-adeb83284190de37855e,century,headword,true,,,none,new_content_required,无六级同词；后续查找有证据的词族关系。
cet4-w-e61b4a15f052a5a92e13,cereal,headword,false,28dbc1ba-6301-4765-b8cb-0b33083ea130,cereal,exact,pending_content_review,同词命中仅建立审核入口；不自动复制释义、拆词或巧记。
cet4-w-dda3b4ba3b877e59c87a,ceremonial,listed_related,false,,,none,new_content_required,无六级同词；后续查找有证据的词族关系。
cet4-w-203a352fc6ef54a26007,ceremony,headword,true,,,none,new_content_required,无六级同词；后续查找有证据的词族关系。
cet4-w-a5ba230e0eb53b65fb1c,certain,headword,true,ff0acf27-3858-477b-9bf6-163447fe38f2,certain,exact,pending_content_review,同词命中仅建立审核入口；不自动复制释义、拆词或巧记。
cet4-w-bc00611e9e674f5cabd2,certainly,listed_related,false,,,none,new_content_required,无六级同词；后续查找有证据的词族关系。
cet4-w-4fe7cdfc2eb7d7244817,certainty,listed_related,true,e94d41fa-ef48-4d72-a526-0bd3d618f3df,certainty,exact,pending_content_review,同词命中仅建立审核入口；不自动复制释义、拆词或巧记。
cet4-w-9a5ce3a1fbe954602b26,certificate,headword,true,863145af-bf51-46df-9e6a-b3f670051872,certificate,exact,pending_content_review,同词命中仅建立审核入口；不自动复制释义、拆词或巧记。
cet4-w-78b11cdf91a8189aad91,chain,headword,true,,,none,new_content_required,无六级同词；后续查找有证据的词族关系。
cet4-w-44f1c4c44d59d417bb44,chair,headword,false,,,none,new_content_required,无六级同词；后续查找有证据的词族关系。
cet4-w-0a4146f93c81a09013b0,chairman,headword,true,,,none,new_content_required,无六级同词；后续查找有证据的词族关系。
cet4-w-7fb8c7d558e710e50328,chairperson,headword,false,,,none,new_content_required,无六级同词；后续查找有证据的词族关系。
cet4-w-a31669e4d94a0a4b1a70,chalk,headword,true,,,none,new_content_required,无六级同词；后续查找有证据的词族关系。
cet4-w-8f4599a245a69a9b6b13,challenge,headword,true,a072ec55-08fe-4374-b5e6-d5a29eb1439b,challenge,exact,pending_content_review,同词命中仅建立审核入口；不自动复制释义、拆词或巧记。
cet4-w-d169357c4b44d892ab63,challenging,listed_related,false,,,none,new_content_required,无六级同词；后续查找有证据的词族关系。
cet4-w-c96f8dd7a0b71c368099,champagne,headword,false,57867dda-57db-47f6-bf32-653d8ade88d8,champagne,exact,pending_content_review,同词命中仅建立审核入口；不自动复制释义、拆词或巧记。
cet4-w-4ee52c41d5a8701f697b,champion,headword,true,5df356e0-2c3a-4200-a014-70ab2f8798fd,champion,exact,pending_content_review,同词命中仅建立审核入口；不自动复制释义、拆词或巧记。
cet4-w-b569312d11aa9a0f1ddf,championship,listed_related,false,7ad49873-6c69-4c54-9022-e8c993a35a66,championship,exact,pending_content_review,同词命中仅建立审核入口；不自动复制释义、拆词或巧记。
cet4-w-492359869349d01531c2,chance,headword,true,0274fe97-ae3c-4f53-b4ac-a8ff3d8f2dd9,chance,exact,pending_content_review,同词命中仅建立审核入口；不自动复制释义、拆词或巧记。
cet4-w-4166b9ba35447fc442e1,change,headword,false,041525f4-3fd6-48b0-8805-78b914b6e6d4,change,exact,pending_content_review,同词命中仅建立审核入口；不自动复制释义、拆词或巧记。
cet4-w-3069b923d82857c39a99,channel,headword,true,b298070c-d0e1-411c-a587-06cd8fd21ec8,channel,exact,pending_content_review,同词命中仅建立审核入口；不自动复制释义、拆词或巧记。
cet4-w-1c92d9f285ff53704f0e,chaos,headword,true,,,none,new_content_required,无六级同词；后续查找有证据的词族关系。
cet4-w-92337ff65752b546407e,chaotic,listed_related,false,,,none,new_content_required,无六级同词；后续查找有证据的词族关系。
cet4-w-e6dac2d3e4d746e316a2,chapter,headword,true,,,none,new_content_required,无六级同词；后续查找有证据的词族关系。
cet4-w-10b509d88b6087e1ec27,character,headword,true,df8ceae2-7fa2-4457-832b-967a8058fe41,character,exact,pending_content_review,同词命中仅建立审核入口；不自动复制释义、拆词或巧记。
cet4-w-dcc1cee0599400415718,characteristic,listed_related,true,6d2b4ccb-1277-4a39-9563-1d57b42b0541,characteristic,exact,pending_content_review,同词命中仅建立审核入口；不自动复制释义、拆词或巧记。
cet4-w-0dfa4a6815c81480ccfb,characterize,listed_related,true,55d7cc1e-405c-4d59-aac6-e4ad5953353a,characterize,exact,pending_content_review,同词命中仅建立审核入口；不自动复制释义、拆词或巧记。
cet4-w-81fab503de71f9d2e01c,charge,headword,true,cc45b813-91f9-493d-baa0-e265033196f7,charge,exact,pending_content_review,同词命中仅建立审核入口；不自动复制释义、拆词或巧记。
cet4-w-a897356a7d7c07375ab1,charitable,listed_related,false,,,none,new_content_required,无六级同词；后续查找有证据的词族关系。
cet4-w-3c7341e26cb352644114,charity,headword,true,,,none,new_content_required,无六级同词；后续查找有证据的词族关系。
cet4-w-f6092178fe5d65b3496f,charm,headword,false,,,none,new_content_required,无六级同词；后续查找有证据的词族关系。
cet4-w-6ff4a3da5ce47e9a1735,charming,listed_related,true,,,none,new_content_required,无六级同词；后续查找有证据的词族关系。
cet4-w-13d750c7867e9c8e9adf,chart,headword,true,,,none,new_content_required,无六级同词；后续查找有证据的词族关系。
cet4-w-201afd57ea6afe1f6bc4,charter,headword,false,,,none,new_content_required,无六级同词；后续查找有证据的词族关系。
cet4-w-3b354c19dd9f74340eeb,chase,headword,true,dd5e022a-6fc0-45e5-9056-8dd69851e211,chase,exact,pending_content_review,同词命中仅建立审核入口；不自动复制释义、拆词或巧记。
cet4-w-5366708f9ad63c5d3776,chat,headword,false,,,none,new_content_required,无六级同词；后续查找有证据的词族关系。
cet4-w-918d45725908e3772a8b,cheap,headword,false,,,none,new_content_required,无六级同词；后续查找有证据的词族关系。
cet4-w-f78f6e3210ce913873c2,cheat,headword,true,,,none,new_content_required,无六级同词；后续查找有证据的词族关系。
cet4-w-0e17f6b3a819213f5943,check,headword,true,bb4c7b8f-d458-4b11-8bda-80a308c1cc8b,check,exact,pending_content_review,同词命中仅建立审核入口；不自动复制释义、拆词或巧记。
cet4-w-9a72d978ec06fb5668ad,cheek,headword,true,,,none,new_content_required,无六级同词；后续查找有证据的词族关系。
cet4-w-4b10be0dbddeda512d82,cheer,headword,true,,,none,new_content_required,无六级同词；后续查找有证据的词族关系。
cet4-w-a4ba4224c42604a58449,cheerful,listed_related,true,,,none,new_content_required,无六级同词；后续查找有证据的词族关系。
cet4-w-3cf757af287d87939f3f,cheese,headword,true,,,none,new_content_required,无六级同词；后续查找有证据的词族关系。
cet4-w-3312f8d8c75ea2e9e392,chef,headword,false,,,none,new_content_required,无六级同词；后续查找有证据的词族关系。
cet4-w-191e491a880c3b547242,chemical,listed_related,true,202490df-0e72-4ae5-8012-2593150a2f9e,chemical,exact,pending_content_review,同词命中仅建立审核入口；不自动复制释义、拆词或巧记。
cet4-w-0c414d5b0c52173ecf02,chemist,listed_related,true,,,none,new_content_required,无六级同词；后续查找有证据的词族关系。
cet4-w-0701f32572b1cea0911b,chemistry,headword,true,273c6069-9efb-43fb-b572-57e75903f45f,chemistry,exact,pending_content_review,同词命中仅建立审核入口；不自动复制释义、拆词或巧记。
cet4-w-a274addadb4a28825ba0,cherish,headword,false,10cc2558-4f14-4a9f-b54f-03b22ae4218f,cherish,exact,pending_content_review,同词命中仅建立审核入口；不自动复制释义、拆词或巧记。
cet4-w-73cd11b03e3e068037fd,chess,headword,true,,,none,new_content_required,无六级同词；后续查找有证据的词族关系。
cet4-w-9fc995eec5ea96bfcbc0,chest,headword,true,536452b3-5554-4937-9055-fbf9a5a729cf,chest,exact,pending_content_review,同词命中仅建立审核入口；不自动复制释义、拆词或巧记。
cet4-w-2ce9d3be5bcd127eb907,chew,headword,true,,,none,new_content_required,无六级同词；后续查找有证据的词族关系。
cet4-w-836ceb7af83f3dc03cc1,chicken,headword,true,,,none,new_content_required,无六级同词；后续查找有证据的词族关系。
cet4-w-fd61f23e6cbf92cf418e,chief,headword,true,5b4ec5c2-bd82-4388-aef1-1ee48f6a7e1b,chief,exact,pending_content_review,同词命中仅建立审核入口；不自动复制释义、拆词或巧记。
cet4-w-d84a36499767c2a3d0e3,child,headword,false,e7433002-4d86-45b3-89be-c561e2ffc2a1,child,exact,pending_content_review,同词命中仅建立审核入口；不自动复制释义、拆词或巧记。
cet4-w-2de2b88c297dc2b33c90,childish,listed_related,true,,,none,new_content_required,无六级同词；后续查找有证据的词族关系。
cet4-w-bb8021c47c2d86db42e2,chill,headword,true,95529fac-4f20-4b32-a67f-122fef11830e,chill,exact,pending_content_review,同词命中仅建立审核入口；不自动复制释义、拆词或巧记。
cet4-w-d5a6f1ef041dc3cf5190,chilly,listed_related,false,c7c853bd-f793-47d5-b89f-3cea012bd818,chilly,exact,pending_content_review,同词命中仅建立审核入口；不自动复制释义、拆词或巧记。
cet4-w-efafc87e37472fc2008e,chimney,headword,true,,,none,new_content_required,无六级同词；后续查找有证据的词族关系。
cet4-w-b48029847489b044d632,chin,headword,true,,,none,new_content_required,无六级同词；后续查找有证据的词族关系。
cet4-w-23095cd139bdbdd3eb2e,china,headword,false,,,none,new_content_required,无六级同词；后续查找有证据的词族关系。
cet4-w-dc0d1486eb84365f0ef1,chip,headword,false,54547b41-69ad-4b7b-b349-e6e651e8c5b8,chip,exact,pending_content_review,同词命中仅建立审核入口；不自动复制释义、拆词或巧记。
cet4-w-c2483115edf2c72c76a3,chocolate,headword,true,,,none,new_content_required,无六级同词；后续查找有证据的词族关系。
cet4-w-89d526ee0e35216c62b0,choice,headword,true,,,none,new_content_required,无六级同词；后续查找有证据的词族关系。
cet4-w-b829bae036c0fa6a39e8,choke,headword,true,2377b099-a13a-46b2-86a2-2b2eadbcbff8,choke,exact,pending_content_review,同词命中仅建立审核入口；不自动复制释义、拆词或巧记。
cet4-w-9e39114d995b03dc2266,cholesterol,headword,false,2f3ebf93-23fe-4ddf-ad07-ba5a0b37942b,cholesterol,exact,pending_content_review,同词命中仅建立审核入口；不自动复制释义、拆词或巧记。
cet4-w-ac35d361f697f1f97bb7,choose,headword,true,f5e3d1eb-8c49-479f-a6c8-4883adf7a8c3,choose,exact,pending_content_review,同词命中仅建立审核入口；不自动复制释义、拆词或巧记。
cet4-w-b645abd8f073bae1ed15,choosy,listed_related,false,,,none,new_content_required,无六级同词；后续查找有证据的词族关系。
cet4-w-627038c8848a9d09e999,chop,headword,true,,,none,new_content_required,无六级同词；后续查找有证据的词族关系。
cet4-w-76c26329051dc6e8f8c4,chopstick,headword,false,,,none,new_content_required,无六级同词；后续查找有证据的词族关系。
cet4-w-ded695194312b331d841,chore,headword,false,,,none,new_content_required,无六级同词；后续查找有证据的词族关系。
cet4-w-b9dec86a5cc73d78d513,chorus,headword,false,9588662d-20da-4789-a302-dbf54d40dcb3,chorus,exact,pending_content_review,同词命中仅建立审核入口；不自动复制释义、拆词或巧记。
cet4-w-bcf13defcd4975f17cda,Christ,headword,false,,,none,new_content_required,无六级同词；后续查找有证据的词族关系。
cet4-w-e76c98f5604b068fec2a,Christian,listed_related,true,,,none,new_content_required,无六级同词；后续查找有证据的词族关系。
cet4-w-a6e578aa4cb0f01c047a,Christianity,listed_related,false,,,none,new_content_required,无六级同词；后续查找有证据的词族关系。
cet4-w-c47bb4699fa0a6904158,Christmas,listed_related,true,e12fc9f7-8b94-48b4-8add-4478d672f84b,Christmas,exact,pending_content_review,同词命中仅建立审核入口；不自动复制释义、拆词或巧记。
cet4-w-adb2f95fd400b147360e,church,headword,true,,,none,new_content_required,无六级同词；后续查找有证据的词族关系。
cet4-w-483df03b44eaf205d105,cigar,headword,false,,,none,new_content_required,无六级同词；后续查找有证据的词族关系。
cet4-w-35c94477ad7d2d34553f,cigaret,headword,true,,,none,new_content_required,无六级同词；后续查找有证据的词族关系。
cet4-w-82a0110adab0333f5e46,cinema,headword,false,,,none,new_content_required,无六级同词；后续查找有证据的词族关系。
cet4-w-6169b308d7d62b0acce3,circle,headword,true,4b3cb745-6c2e-440b-a995-dcb57a5f00c6,circle,exact,pending_content_review,同词命中仅建立审核入口；不自动复制释义、拆词或巧记。
cet4-w-961879ce60f1c9ea0b5b,circuit,headword,true,3f698dbe-4384-4459-9260-608a2bc9e76c,circuit,exact,pending_content_review,同词命中仅建立审核入口；不自动复制释义、拆词或巧记。
cet4-w-7bdd6c56d7e7156c64c5,circular,listed_related,true,9b316ae4-a8eb-4479-9add-2dbe2661b29a,circular,exact,pending_content_review,同词命中仅建立审核入口；不自动复制释义、拆词或巧记。
cet4-w-45ce6c64e7b0720d4bb3,circulate,headword,true,,,none,new_content_required,无六级同词；后续查找有证据的词族关系。
cet4-w-e55bcfc76823bf8689ee,circulation,listed_related,false,3012b5fc-bcbc-4e44-b987-cddd04040fa5,circulation,exact,pending_content_review,同词命中仅建立审核入口；不自动复制释义、拆词或巧记。
cet4-w-25b5a6ec8bb828fcb229,circumstance,headword,true,195ed666-7375-4fd9-8927-a35fb69f3420,circumstance,exact,pending_content_review,同词命中仅建立审核入口；不自动复制释义、拆词或巧记。
cet4-w-af30679f06ccdba29b66,circus,headword,false,155df9cc-b19c-427c-be9b-546d1289cb42,circus,exact,pending_content_review,同词命中仅建立审核入口；不自动复制释义、拆词或巧记。
cet4-w-ab3ecfc34030393802d3,citation,listed_related,false,950845d7-2d40-46b6-a13b-5ff00ef17eeb,citation,exact,pending_content_review,同词命中仅建立审核入口；不自动复制释义、拆词或巧记。
cet4-w-dd78d6c1158bcd532dd1,cite,headword,false,2d8aa3bb-ba72-427f-ab3a-fc1a955fa9f8,cite,exact,pending_content_review,同词命中仅建立审核入口；不自动复制释义、拆词或巧记。
cet4-w-2424f7335515012f0131,citizen,headword,true,,,none,new_content_required,无六级同词；后续查找有证据的词族关系。
cet4-w-eecc5af8a3dd8731d2d9,citizenship,listed_related,false,,,none,new_content_required,无六级同词；后续查找有证据的词族关系。
cet4-w-9f339c23a832077269d8,city,headword,false,e8a18158-8cad-4339-bc73-0bd06cb69f9b,city,exact,pending_content_review,同词命中仅建立审核入口；不自动复制释义、拆词或巧记。
cet4-w-2b263ed09bef956b6357,civil,headword,true,1329d857-7c04-4580-bafd-b1dcb30c7b5e,civil,exact,pending_content_review,同词命中仅建立审核入口；不自动复制释义、拆词或巧记。
cet4-w-57fb82f6d07da0eaef64,civilian,headword,true,2d91eaab-c65a-4742-83e1-bba825602192,civilian,exact,pending_content_review,同词命中仅建立审核入口；不自动复制释义、拆词或巧记。
cet4-w-eaa21e0c509c1db2126f,civilization,listed_related,true,26ed1f99-fab1-4d5d-b6ff-da366cd4e10d,civilization,exact,pending_content_review,同词命中仅建立审核入口；不自动复制释义、拆词或巧记。
cet4-w-b39cf359e718ef3a84b1,civilize,listed_related,true,f4da9a2a-7574-4b85-a364-7f3052f51c95,civilize,exact,pending_content_review,同词命中仅建立审核入口；不自动复制释义、拆词或巧记。
cet4-w-3f860a91da24573cc6cb,claim,headword,true,75e045e6-7ddf-4083-b80d-40cb2af374a5,claim,exact,pending_content_review,同词命中仅建立审核入口；不自动复制释义、拆词或巧记。
cet4-w-a54088ed5d15e8fe8604,clap,headword,true,,,none,new_content_required,无六级同词；后续查找有证据的词族关系。
cet4-w-585d6fd7bcc49d53b464,clarification,listed_related,false,1db3677a-ea7d-49a8-a0e3-3fe38fb3f6fd,clarification,exact,pending_content_review,同词命中仅建立审核入口；不自动复制释义、拆词或巧记。
cet4-w-6a464da3e0c6bf4069c7,clarify,listed_related,true,a387f5d1-1e5f-4325-aaa1-9e8fc743029b,clarify,exact,pending_content_review,同词命中仅建立审核入口；不自动复制释义、拆词或巧记。
cet4-w-98f21cf325154cc67553,clarity,headword,false,77d90481-6512-418d-aed7-5d731e8e699c,clarity,exact,pending_content_review,同词命中仅建立审核入口；不自动复制释义、拆词或巧记。
cet4-w-8b65d3685a3f323a458e,clash,headword,false,162358e6-f91c-46df-9ffb-9ec710688354,clash,exact,pending_content_review,同词命中仅建立审核入口；不自动复制释义、拆词或巧记。
cet4-w-08ff990e798f6c0c5045,class,headword,false,17759820-1b15-455c-82f2-dbab00f00ed5,class,exact,pending_content_review,同词命中仅建立审核入口；不自动复制释义、拆词或巧记。
cet4-w-a0ed20988f2976c1bb67,classic,headword,true,6be00da2-212a-41c2-88f1-20b0d73dc48c,classic,exact,pending_content_review,同词命中仅建立审核入口；不自动复制释义、拆词或巧记。
cet4-w-eb4e7a895c755826d934,classical,listed_related,true,431405d8-528c-4fb9-80f5-50245a24a26f,classical,exact,pending_content_review,同词命中仅建立审核入口；不自动复制释义、拆词或巧记。
cet4-w-1ede50341224621faaee,classification,listed_related,true,4b06d76c-5266-4b36-a9a5-77c9f187082a,classification,exact,pending_content_review,同词命中仅建立审核入口；不自动复制释义、拆词或巧记。
cet4-w-e3a052bfcd2176b6c6dc,classified,listed_related,false,,,none,new_content_required,无六级同词；后续查找有证据的词族关系。
cet4-w-02979527737a219dd701,classify,headword,true,,,none,new_content_required,无六级同词；后续查找有证据的词族关系。
cet4-w-605dc18eb6d2a0838861,classmate,headword,true,1931e56d-5daf-4fe8-837b-c1330df9b4c3,classmate,exact,pending_content_review,同词命中仅建立审核入口；不自动复制释义、拆词或巧记。
cet4-w-aef3be74ca48b7eb3d7b,classroom,headword,false,,,none,new_content_required,无六级同词；后续查找有证据的词族关系。
cet4-w-f9c9beecbc2eaf35363f,clause,headword,false,,,none,new_content_required,无六级同词；后续查找有证据的词族关系。
cet4-w-d37e88931444e51fdda4,claw,headword,true,,,none,new_content_required,无六级同词；后续查找有证据的词族关系。
cet4-w-6f5e8518ce542f20e3be,clay,headword,true,,,none,new_content_required,无六级同词；后续查找有证据的词族关系。
cet4-w-5deefe79dd13b5155513,clean,headword,false,b1b11868-bb9d-40f0-8587-8558eb4c1065,clean,exact,pending_content_review,同词命中仅建立审核入口；不自动复制释义、拆词或巧记。
cet4-w-479d7345f2628e144161,clear,headword,false,8646538c-59e4-4b52-9e84-f84d5f91d6bf,clear,exact,pending_content_review,同词命中仅建立审核入口；不自动复制释义、拆词或巧记。
cet4-w-aee48d35b16272e120a3,clear-cut,headword,false,,,none,new_content_required,无六级同词；后续查找有证据的词族关系。
cet4-w-2789643dc811d77414ab,clearly,listed_related,true,,,none,new_content_required,无六级同词；后续查找有证据的词族关系。
cet4-w-12f10874858b33e49903,clerical,listed_related,false,9db2642e-24fa-47af-a306-512d72cfaf0b,clerical,exact,pending_content_review,同词命中仅建立审核入口；不自动复制释义、拆词或巧记。
cet4-w-4c351f331784295061d8,clerk,headword,true,d6c99bef-1949-4d6f-a7e3-5d1f53975c50,clerk,exact,pending_content_review,同词命中仅建立审核入口；不自动复制释义、拆词或巧记。
cet4-w-a4e3013bfe7207871d0e,clever,headword,true,,,none,new_content_required,无六级同词；后续查找有证据的词族关系。
cet4-w-0e4be1f4db48e940eb4d,click,headword,false,,,none,new_content_required,无六级同词；后续查找有证据的词族关系。
cet4-w-6b330b7fdcbbbbcdbde9,client,headword,false,bdb25cef-8ace-488c-9a03-2fb67aa28251,client,exact,pending_content_review,同词命中仅建立审核入口；不自动复制释义、拆词或巧记。
cet4-w-983af59b8d1178812f9c,cliff,headword,true,a951da3b-eb75-4f11-ad51-b49dc504c9f1,cliff,exact,pending_content_review,同词命中仅建立审核入口；不自动复制释义、拆词或巧记。
cet4-w-10a10e8a7b263b5b0837,climate,headword,true,29c5e590-bd90-4881-b45d-5c91388d69e7,climate,exact,pending_content_review,同词命中仅建立审核入口；不自动复制释义、拆词或巧记。
cet4-w-60ee699068ead6def7a6,climatic,listed_related,false,,,none,new_content_required,无六级同词；后续查找有证据的词族关系。
cet4-w-cba8ca4e35a8afef28ab,climax,headword,false,227c7f94-0717-4404-b068-d94bbc461c86,climax,exact,pending_content_review,同词命中仅建立审核入口；不自动复制释义、拆词或巧记。
cet4-w-a50c942799122b9eb9f5,climb,headword,true,4b53b55f-3d7d-4824-8c78-e12ad3cee386,climb,exact,pending_content_review,同词命中仅建立审核入口；不自动复制释义、拆词或巧记。
cet4-w-cf91485621b01577c92f,cling,headword,false,0acf788b-7116-4018-9519-58362dd5f061,cling,exact,pending_content_review,同词命中仅建立审核入口；不自动复制释义、拆词或巧记。
cet4-w-8e9e45ef8d475842ea3d,clinic,headword,false,,,none,new_content_required,无六级同词；后续查找有证据的词族关系。
cet4-w-13c33acd16b9472a72c0,clinical,listed_related,false,,,none,new_content_required,无六级同词；后续查找有证据的词族关系。
cet4-w-f6c2e8fcc9d67fd3bf68,clip,headword,false,a5eccbc5-db31-47de-915f-cff5a206b94d,clip,exact,pending_content_review,同词命中仅建立审核入口；不自动复制释义、拆词或巧记。
cet4-w-24b596b488ff93c3038b,clock,headword,true,0ba1676e-4dac-49b6-837c-a33eefccb626,clock,exact,pending_content_review,同词命中仅建立审核入口；不自动复制释义、拆词或巧记。
cet4-w-8cb804dfbb9586e4b80d,clockwise,headword,false,60cb65ee-adf3-40c0-9f96-782cc658e6ae,clockwise,exact,pending_content_review,同词命中仅建立审核入口；不自动复制释义、拆词或巧记。
cet4-w-cf6174022158d8dd6920,clone,headword,false,dec80c33-dfb5-494a-b33d-5acb1b2317d6,clone,exact,pending_content_review,同词命中仅建立审核入口；不自动复制释义、拆词或巧记。
cet4-w-3291fe74b24416bfb464,close,headword,false,75783059-b4cc-4780-b52a-b83fab946700,close,exact,pending_content_review,同词命中仅建立审核入口；不自动复制释义、拆词或巧记。
cet4-w-899892d0e43fa8e3cac5,cloth,headword,true,,,none,new_content_required,无六级同词；后续查找有证据的词族关系。
cet4-w-de0051eda1b0b59874d8,clothe,headword,true,,,none,new_content_required,无六级同词；后续查找有证据的词族关系。
cet4-w-e4dd3c0ee9188acdd0d1,clothes,headword,false,,,none,new_content_required,无六级同词；后续查找有证据的词族关系。
cet4-w-c0dc40cb754bc4706eb2,clothing,listed_related,true,,,none,new_content_required,无六级同词；后续查找有证据的词族关系。
cet4-w-7c9741074edbba42955b,cloud,headword,false,,,none,new_content_required,无六级同词；后续查找有证据的词族关系。
cet4-w-24c2aa7eee8862a81435,cloudy,listed_related,false,,,none,new_content_required,无六级同词；后续查找有证据的词族关系。
cet4-w-1e8e3c7ff2a6993d9df8,clown,headword,false,,,none,new_content_required,无六级同词；后续查找有证据的词族关系。
cet4-w-e3d97ddac010e7ec21de,club,headword,true,2044b023-f83b-4f53-9086-700debc3bb1e,club,exact,pending_content_review,同词命中仅建立审核入口；不自动复制释义、拆词或巧记。
cet4-w-eeed1117c809f3f9b5f0,clue,headword,true,34b6ef1a-5778-429a-a79e-02ab53f6f75a,clue,exact,pending_content_review,同词命中仅建立审核入口；不自动复制释义、拆词或巧记。
cet4-w-2be7333ea627a4886667,clumsy,headword,true,,,none,new_content_required,无六级同词；后续查找有证据的词族关系。
cet4-w-282c24d73bf0ea294f63,coach,headword,true,ae9009a0-7954-433c-9a63-4db50a08baeb,coach,exact,pending_content_review,同词命中仅建立审核入口；不自动复制释义、拆词或巧记。
cet4-w-b9fc111aec39e34a190f,coal,headword,true,2303b036-fc71-4666-b87e-93d9cf8524bf,coal,exact,pending_content_review,同词命中仅建立审核入口；不自动复制释义、拆词或巧记。
cet4-w-0bc543054a4e1153d818,coarse,headword,true,ca0e7ed9-027d-4eab-b7d5-008920a1c410,coarse,exact,pending_content_review,同词命中仅建立审核入口；不自动复制释义、拆词或巧记。
cet4-w-07465e04a8ba4b8fb51e,coast,headword,true,,,none,new_content_required,无六级同词；后续查找有证据的词族关系。
cet4-w-390704f108848553e3ed,coastal,listed_related,false,,,none,new_content_required,无六级同词；后续查找有证据的词族关系。
cet4-w-78c83cfae6eda5df859b,coat,headword,true,,,none,new_content_required,无六级同词；后续查找有证据的词族关系。
cet4-w-4951d153238880090fe8,cock,headword,true,c68b1471-22b3-4568-80bb-0959e411afdd,cock,exact,pending_content_review,同词命中仅建立审核入口；不自动复制释义、拆词或巧记。
cet4-w-48aa9e216989cf52d9c7,code,headword,true,,,none,new_content_required,无六级同词；后续查找有证据的词族关系。
cet4-w-ca078839eedf1799bfdf,coffee,headword,false,819642be-8250-42ec-bce2-fe3b3655516c,coffee,exact,pending_content_review,同词命中仅建立审核入口；不自动复制释义、拆词或巧记。
cet4-w-919748af866293d21ce3,coherence,listed_related,false,73e9e739-fa48-40f0-8f09-218568dcb80a,coherence,exact,pending_content_review,同词命中仅建立审核入口；不自动复制释义、拆词或巧记。
cet4-w-f43efa04d89b6bcfe967,coherent,headword,false,549b0deb-95e5-496a-addb-2704584537d4,coherent,exact,pending_content_review,同词命中仅建立审核入口；不自动复制释义、拆词或巧记。
cet4-w-2459d15e64f4c32d06dc,cohesion,headword,false,,,none,new_content_required,无六级同词；后续查找有证据的词族关系。
cet4-w-d3b3b63309e73a82dec2,cohesive,listed_related,false,,,none,new_content_required,无六级同词；后续查找有证据的词族关系。
cet4-w-9a43b4824be4a0e3b348,coil,headword,true,,,none,new_content_required,无六级同词；后续查找有证据的词族关系。
cet4-w-151b43178be467da99ba,coin,headword,true,,,none,new_content_required,无六级同词；后续查找有证据的词族关系。
cet4-w-c5a2f5de5ea1a4e18de8,coinage,listed_related,false,,,none,new_content_required,无六级同词；后续查找有证据的词族关系。
cet4-w-644d27d1d7b3a340f1fa,cold,headword,true,,,none,new_content_required,无六级同词；后续查找有证据的词族关系。
cet4-w-fb15d76ce51e0fb4d6c4,collaborate,headword,true,f387947d-55af-4a6c-8919-9cdd0348c47d,collaborate,exact,pending_content_review,同词命中仅建立审核入口；不自动复制释义、拆词或巧记。
cet4-w-d7fcc4b2a6e665cbc29c,collaboration,listed_related,false,5901ce82-9982-4fe5-814c-8df8141c19ae,collaboration,exact,pending_content_review,同词命中仅建立审核入口；不自动复制释义、拆词或巧记。
cet4-w-e85769d3c4c8554ea7ad,collaborative,listed_related,false,a4d7af6e-070c-4d4b-be10-2182b11188d2,collaborative,exact,pending_content_review,同词命中仅建立审核入口；不自动复制释义、拆词或巧记。
cet4-w-d2ec91efec43841e42b5,collapse,headword,true,152cbca2-9727-443f-a154-076d92347a9b,collapse,exact,pending_content_review,同词命中仅建立审核入口；不自动复制释义、拆词或巧记。
cet4-w-582fdc2b430d00fd69f8,collar,headword,true,9674b2f3-b68f-4c73-970c-9298907b94cb,collar,exact,pending_content_review,同词命中仅建立审核入口；不自动复制释义、拆词或巧记。
cet4-w-fbde4557c49d9ed74404,colleague,headword,true,09370f89-9e0c-48ef-9876-8790e5f1d145,colleague,exact,pending_content_review,同词命中仅建立审核入口；不自动复制释义、拆词或巧记。
cet4-w-7fc24c55dbf04a7d0c5b,collect,headword,true,9895b130-b085-44ef-86d3-cd7c5db25c78,collect,exact,pending_content_review,同词命中仅建立审核入口；不自动复制释义、拆词或巧记。
cet4-w-b25bebbcc11b890043c7,collection,listed_related,true,72132f7b-d4cf-4be2-b59f-7a0851a7e894,collection,exact,pending_content_review,同词命中仅建立审核入口；不自动复制释义、拆词或巧记。
cet4-w-8a0895dc86295e5edde7,collective,headword,true,72aa6208-19b8-4b15-9dbb-e26c7ab1b950,collective,exact,pending_content_review,同词命中仅建立审核入口；不自动复制释义、拆词或巧记。
cet4-w-a92cfb2129d70069e327,college,headword,false,caca9ce4-e081-4e78-953a-f7b46b0227f7,college,exact,pending_content_review,同词命中仅建立审核入口；不自动复制释义、拆词或巧记。
cet4-w-e2e92549339b588635bd,colon,headword,false,,,none,new_content_required,无六级同词；后续查找有证据的词族关系。
cet4-w-b248e2866932ddd609aa,colonial,listed_related,false,8abd7670-09c3-481f-9eb5-3d1289eb0f3c,colonial,exact,pending_content_review,同词命中仅建立审核入口；不自动复制释义、拆词或巧记。
cet4-w-79880777bba93bcdf163,colonialism,listed_related,false,503e8b59-2a25-4fda-a2df-501f19ae5a57,colonialism,exact,pending_content_review,同词命中仅建立审核入口；不自动复制释义、拆词或巧记。
cet4-w-23b4c733c6de6fdca995,colonize,listed_related,false,,,none,new_content_required,无六级同词；后续查找有证据的词族关系。
cet4-w-d5b09a22db030ea994c4,colony,headword,true,60a24034-504b-4c5f-989f-120f43893b38,colony,exact,pending_content_review,同词命中仅建立审核入口；不自动复制释义、拆词或巧记。
cet4-w-ddf68ca6cd54aa5da878,color,headword,true,b953b67b-6efe-4724-874b-a92ddca513cd,color,exact,pending_content_review,同词命中仅建立审核入口；不自动复制释义、拆词或巧记。
cet4-w-29b1cf9d6e1ebb88cc3b,colorful,listed_related,false,2e1e3840-e823-4076-b268-0c5cedab6000,colorful,exact,pending_content_review,同词命中仅建立审核入口；不自动复制释义、拆词或巧记。
cet4-w-aa98b9ac382e253f2f87,column,headword,true,ff21c8c2-ed8a-493d-8154-4fdf977d2c17,column,exact,pending_content_review,同词命中仅建立审核入口；不自动复制释义、拆词或巧记。
cet4-w-dbe0d486a36e5dae51f6,columnist,listed_related,false,6f99d1ef-6d27-4f2b-ab29-38fc846bc51a,columnist,exact,pending_content_review,同词命中仅建立审核入口；不自动复制释义、拆词或巧记。
cet4-w-2ca822cb0435351bab99,comb,headword,true,,,none,new_content_required,无六级同词；后续查找有证据的词族关系。
cet4-w-6c50935f729833b83f28,combat,headword,false,571edf7e-d4db-40b1-b1eb-f2a074a762fa,combat,exact,pending_content_review,同词命中仅建立审核入口；不自动复制释义、拆词或巧记。
cet4-w-78b4348e9770cb00a180,combative,listed_related,false,6d07312c-15d3-4258-ba8f-eb2d564b5e58,combative,exact,pending_content_review,同词命中仅建立审核入口；不自动复制释义、拆词或巧记。
cet4-w-533e0e66843aa9b2fb59,combination,listed_related,true,e3d25d1e-d7d3-4e85-a140-bcc18503d6cd,combination,exact,pending_content_review,同词命中仅建立审核入口；不自动复制释义、拆词或巧记。
cet4-w-31fa36966c4c4e0beee5,combine,headword,true,771d7080-bacf-4ed2-a102-c7071c2726ae,combine,exact,pending_content_review,同词命中仅建立审核入口；不自动复制释义、拆词或巧记。
cet4-w-d2721d81d6029c46469a,come,headword,false,bed2da61-da50-4e6e-ad60-0caa543d62a8,come,exact,pending_content_review,同词命中仅建立审核入口；不自动复制释义、拆词或巧记。
cet4-w-4624051671e9a4df7ddf,comedy,headword,true,c9de4ac6-28e1-44f9-9adf-c971c488554c,comedy,exact,pending_content_review,同词命中仅建立审核入口；不自动复制释义、拆词或巧记。
cet4-w-7629d782a5f7ebea3814,comfort,headword,true,,,none,new_content_required,无六级同词；后续查找有证据的词族关系。
cet4-w-47f2f064b5a7b879e45c,comfortable,listed_related,true,,,none,new_content_required,无六级同词；后续查找有证据的词族关系。
cet4-w-e8115c55e016e59917b8,comma,headword,false,,,none,new_content_required,无六级同词；后续查找有证据的词族关系。
cet4-w-c3b7a9e68ba1b1a2c57a,command,headword,true,b0805971-d99c-41de-bb21-9d9ff49693a4,command,exact,pending_content_review,同词命中仅建立审核入口；不自动复制释义、拆词或巧记。
cet4-w-8c4f7b3feb6d56bfd745,commander,listed_related,true,,,none,new_content_required,无六级同词；后续查找有证据的词族关系。
cet4-w-ea82a98a7a6b6ba96aa6,commence,headword,false,ea2d4a70-019b-4514-b479-a56a2ac73815,commence,exact,pending_content_review,同词命中仅建立审核入口；不自动复制释义、拆词或巧记。
cet4-w-03ebed875c932743971b,commencement,listed_related,false,82d1e2f4-1f78-4184-9537-11e24d177e3c,commencement,exact,pending_content_review,同词命中仅建立审核入口；不自动复制释义、拆词或巧记。
cet4-w-f4ca56177b24339c54a8,comment,headword,true,a28653ec-ecdc-4867-8710-4c60955e2c9c,comment,exact,pending_content_review,同词命中仅建立审核入口；不自动复制释义、拆词或巧记。
cet4-w-cc4098f20b675b9eadd7,commentary,listed_related,false,9356489d-52ed-4617-9fe4-6793a88636b0,commentary,exact,pending_content_review,同词命中仅建立审核入口；不自动复制释义、拆词或巧记。
cet4-w-30edeb411c6c9fa20e1d,commentator,listed_related,false,e2abc50c-d875-4437-a4b3-4caa40eaa731,commentator,exact,pending_content_review,同词命中仅建立审核入口；不自动复制释义、拆词或巧记。
cet4-w-992b96a0d9b1847db9e6,commerce,headword,true,94f40d06-d252-4e24-9716-e94b7e0a50f6,commerce,exact,pending_content_review,同词命中仅建立审核入口；不自动复制释义、拆词或巧记。
cet4-w-fe5af48c4b2e1ef7f804,commercial,listed_related,true,3839f333-3ed7-410d-8152-806b674dba69,commercial,exact,pending_content_review,同词命中仅建立审核入口；不自动复制释义、拆词或巧记。
cet4-w-d47163164a928cf5700a,commercialize,listed_related,false,,,none,new_content_required,无六级同词；后续查找有证据的词族关系。
cet4-w-b4c986393a5a82516002,commission,headword,true,5a19a074-009a-4433-b3e1-1e566efbc23f,commission,exact,pending_content_review,同词命中仅建立审核入口；不自动复制释义、拆词或巧记。
cet4-w-d6860652ff28b72a5f11,commit,headword,true,a19db34f-8590-4904-8767-ac640a8c217c,commit,exact,pending_content_review,同词命中仅建立审核入口；不自动复制释义、拆词或巧记。
cet4-w-343f38ffb2eb6b8b4f36,commitment,listed_related,true,709d2c40-fbe8-4c6e-a2f0-38f9e683bca1,commitment,exact,pending_content_review,同词命中仅建立审核入口；不自动复制释义、拆词或巧记。
cet4-w-eeda8a3754d43d868a04,committee,headword,true,8518478a-0068-46fa-8a94-c9e52664b0e5,committee,exact,pending_content_review,同词命中仅建立审核入口；不自动复制释义、拆词或巧记。
cet4-w-b42f66bd83d6cd3c4bcf,commodity,headword,false,6d69bfe2-74fa-4b97-85a0-576ea0b4a19e,commodity,exact,pending_content_review,同词命中仅建立审核入口；不自动复制释义、拆词或巧记。
cet4-w-cd15579636baabd4c224,common,headword,true,07502a02-e613-4133-9a19-30331cf18de7,common,exact,pending_content_review,同词命中仅建立审核入口；不自动复制释义、拆词或巧记。
cet4-w-736622d80e88f645eea0,commonplace,headword,false,a69e6f95-08cc-435c-bc97-91977ff5b031,commonplace,exact,pending_content_review,同词命中仅建立审核入口；不自动复制释义、拆词或巧记。
cet4-w-f0ed66681b7ed5671e09,commune,headword,false,,,none,new_content_required,无六级同词；后续查找有证据的词族关系。
cet4-w-df062b6484f85e5b055b,communicate,headword,true,09de9eb6-5bde-44b4-81c1-5145759489af,communicate,exact,pending_content_review,同词命中仅建立审核入口；不自动复制释义、拆词或巧记。
cet4-w-bef72891cf02b6936435,communication,listed_related,true,664ad8e8-765c-4906-bffe-67c49bc501d0,communication,exact,pending_content_review,同词命中仅建立审核入口；不自动复制释义、拆词或巧记。
cet4-w-d2d1dcff1324ca71e764,communicative,listed_related,false,,,none,new_content_required,无六级同词；后续查找有证据的词族关系。
cet4-w-da6cdea0805dccf68be5,communism,listed_related,true,,,none,new_content_required,无六级同词；后续查找有证据的词族关系。
cet4-w-40b1da07a1e5a1914444,communist,listed_related,true,,,none,new_content_required,无六级同词；后续查找有证据的词族关系。
cet4-w-db11af5169a5137a6c5e,community,headword,true,8f4dafed-ccc8-417e-adec-bc10c39d86ec,community,exact,pending_content_review,同词命中仅建立审核入口；不自动复制释义、拆词或巧记。
cet4-w-f8f690f309100bcbefca,commute,headword,false,2e2bae50-286a-4a75-a0a0-0cff7c93a258,commute,exact,pending_content_review,同词命中仅建立审核入口；不自动复制释义、拆词或巧记。
cet4-w-3eed37d812672285445b,commuter,listed_related,false,f7a21488-2f11-44e1-8375-7a6d77a5a249,commuter,exact,pending_content_review,同词命中仅建立审核入口；不自动复制释义、拆词或巧记。
cet4-w-3a0cd647d980a0dd24f5,compact,headword,false,4a715e0f-4d7b-458d-81a1-6375e23ebabe,compact,exact,pending_content_review,同词命中仅建立审核入口；不自动复制释义、拆词或巧记。
cet4-w-2da024a6aebe2166c6e2,companion,headword,true,ee811d7e-ec91-4f9a-b0aa-92a04bc530be,companion,exact,pending_content_review,同词命中仅建立审核入口；不自动复制释义、拆词或巧记。
cet4-w-55bba39ae77560e26ba8,companionship,listed_related,false,45f0ed11-c501-423e-92d1-4ff792690801,companionship,exact,pending_content_review,同词命中仅建立审核入口；不自动复制释义、拆词或巧记。
cet4-w-d3645c4b1a6d4019cf0d,company,headword,false,09e94f01-9e26-488b-8721-8d672d3c2acf,company,exact,pending_content_review,同词命中仅建立审核入口；不自动复制释义、拆词或巧记。
cet4-w-9839925814444e6bdb88,comparable,listed_related,true,6432d82f-e71f-4d2c-99b4-2de977ddfb2d,comparable,exact,pending_content_review,同词命中仅建立审核入口；不自动复制释义、拆词或巧记。
cet4-w-39c1a691f80b0c78fd6c,comparative,listed_related,true,,,none,new_content_required,无六级同词；后续查找有证据的词族关系。
cet4-w-e6867606f02db815b508,compare,headword,true,266f87e2-2d93-4ad2-a791-db3db12a0b98,compare,exact,pending_content_review,同词命中仅建立审核入口；不自动复制释义、拆词或巧记。
cet4-w-42dd0b84322a7227a615,comparison,listed_related,true,b7a2a5f7-638e-4307-adf3-f0befaa76edd,comparison,exact,pending_content_review,同词命中仅建立审核入口；不自动复制释义、拆词或巧记。
cet4-w-935ad1753faf23c903fb,compass,headword,true,,,none,new_content_required,无六级同词；后续查找有证据的词族关系。
cet4-w-39ca7b81efc5878f46b8,compatibility,listed_related,false,985c066d-dc35-483b-a349-70e4cc124c56,compatibility,exact,pending_content_review,同词命中仅建立审核入口；不自动复制释义、拆词或巧记。
cet4-w-88868eeb2d09d11c14a2,compatible,headword,false,54b7be05-dbad-4360-9bbf-fb704987affe,compatible,exact,pending_content_review,同词命中仅建立审核入口；不自动复制释义、拆词或巧记。
cet4-w-ade508857f9a8948aac6,compel,headword,true,cb455c2b-6861-4c10-97cc-3b620032d9c7,compel,exact,pending_content_review,同词命中仅建立审核入口；不自动复制释义、拆词或巧记。
cet4-w-6af5dd75fda7b45e411d,compelling,listed_related,false,,,none,new_content_required,无六级同词；后续查找有证据的词族关系。
cet4-w-c96ffb065c08c3464b5d,compensate,headword,false,714bcb5e-a64e-45ca-b5ec-a1f6322a3886,compensate,exact,pending_content_review,同词命中仅建立审核入口；不自动复制释义、拆词或巧记。
cet4-w-9319f31bfe108bea7cdc,compensation,listed_related,false,fd14b44f-43a8-4ddc-b969-75de63f5d198,compensation,exact,pending_content_review,同词命中仅建立审核入口；不自动复制释义、拆词或巧记。
cet4-w-6924697bc85f1d8deec3,compensatory,listed_related,false,ddf84679-b06b-4d3b-9c25-82253a5c15ca,compensatory,exact,pending_content_review,同词命中仅建立审核入口；不自动复制释义、拆词或巧记。
cet4-w-1657b980078b1352c535,compete,headword,true,4829b57f-57a5-44c5-a6d1-c90d6e812ee0,compete,exact,pending_content_review,同词命中仅建立审核入口；不自动复制释义、拆词或巧记。
cet4-w-01baa1f2f4f7bf9d640e,competence,listed_related,false,e8ed61f9-f948-4d9d-9559-0fb1d9660e6b,competence,exact,pending_content_review,同词命中仅建立审核入口；不自动复制释义、拆词或巧记。
cet4-w-7808bf0ca9b8b7cfaef7,competent,headword,true,246aa184-ff5c-4e58-ab93-ca7ab98bf9b6,competent,exact,pending_content_review,同词命中仅建立审核入口；不自动复制释义、拆词或巧记。
cet4-w-a970d28326e883ea7205,competition,listed_related,true,1ae89f0f-ba99-4c8b-9414-40810bec4231,competition,exact,pending_content_review,同词命中仅建立审核入口；不自动复制释义、拆词或巧记。
cet4-w-080f6a5c8d19cef500e2,competitive,listed_related,true,91d95756-d598-47c4-812f-08f0b602cde4,competitive,exact,pending_content_review,同词命中仅建立审核入口；不自动复制释义、拆词或巧记。
cet4-w-92f0b5c582731f9b1ef9,competitor,listed_related,false,fa3cec21-84ad-4874-9090-18de1d7e5f20,competitor,exact,pending_content_review,同词命中仅建立审核入口；不自动复制释义、拆词或巧记。
cet4-w-318de8726a99f5ca3660,complain,headword,true,72cfda17-980d-453b-ada5-7f5f026cc6a1,complain,exact,pending_content_review,同词命中仅建立审核入口；不自动复制释义、拆词或巧记。
cet4-w-64c8f88d5363730b8730,complaint,listed_related,true,95a50d0f-1795-4310-b6cf-6b78952f234f,complaint,exact,pending_content_review,同词命中仅建立审核入口；不自动复制释义、拆词或巧记。
cet4-w-64ce44f216c408b07d47,complete,headword,true,e8ae34a1-4edf-4d03-8329-b3ec7f4bde77,complete,exact,pending_content_review,同词命中仅建立审核入口；不自动复制释义、拆词或巧记。
cet4-w-8f3b57d5384ae0ed3f84,completion,listed_related,false,,,none,new_content_required,无六级同词；后续查找有证据的词族关系。
cet4-w-95ac2fbb1d60e88dec84,complex,headword,true,1ae31c42-23e3-4796-ad65-ea2490e277c1,complex,exact,pending_content_review,同词命中仅建立审核入口；不自动复制释义、拆词或巧记。
cet4-w-01a27715b0518577003e,complexity,listed_related,false,,,none,new_content_required,无六级同词；后续查找有证据的词族关系。
cet4-w-70848edd08ae9b2ba28f,compliance,listed_related,false,d87da2d8-d0cb-4362-a1c5-24bf38b067fd,compliance,exact,pending_content_review,同词命中仅建立审核入口；不自动复制释义、拆词或巧记。
cet4-w-b12e4e28152334225bc6,complicate,headword,true,f73ff946-4518-41ed-95a7-8947dbe49bfe,complicate,exact,pending_content_review,同词命中仅建立审核入口；不自动复制释义、拆词或巧记。
cet4-w-0cbc0408862c10bc3a25,complicated,listed_related,true,661a9dd7-8b38-4ddd-83f7-3d845e66d296,complicated,exact,pending_content_review,同词命中仅建立审核入口；不自动复制释义、拆词或巧记。
cet4-w-2230d07a9ed67355a418,complication,listed_related,false,860c37f5-92e6-4c1f-a6fa-f3765cdb61f2,complication,exact,pending_content_review,同词命中仅建立审核入口；不自动复制释义、拆词或巧记。
cet4-w-6079c31130b64c57f95b,comply,headword,false,7eb8512f-9ce7-4c44-9250-e59f1b118e34,comply,exact,pending_content_review,同词命中仅建立审核入口；不自动复制释义、拆词或巧记。
cet4-w-6dec3aa1dbfab3d6b27d,component,headword,true,d9ac0762-1173-49bd-8c20-03e79c322798,component,exact,pending_content_review,同词命中仅建立审核入口；不自动复制释义、拆词或巧记。
cet4-w-03c9e0a7fe5436084018,compose,headword,true,eca00205-f081-41d6-8b7f-83c21b275508,compose,exact,pending_content_review,同词命中仅建立审核入口；不自动复制释义、拆词或巧记。
cet4-w-edae39f8b3f4fe990285,composer,listed_related,false,8b4965a7-c9e6-4079-a0ef-2da16614e178,composer,exact,pending_content_review,同词命中仅建立审核入口；不自动复制释义、拆词或巧记。
cet4-w-51e03ca41a023ef54117,composition,listed_related,true,7b51b760-e920-4af5-860c-bb9c102bef6e,composition,exact,pending_content_review,同词命中仅建立审核入口；不自动复制释义、拆词或巧记。
cet4-w-816d91459516e705577d,compound,headword,true,329983df-86b3-41b7-aa51-223737d70f7c,compound,exact,pending_content_review,同词命中仅建立审核入口；不自动复制释义、拆词或巧记。
cet4-w-044f0becb4d9e3f89ec0,comprehend,headword,false,,,none,new_content_required,无六级同词；后续查找有证据的词族关系。
cet4-w-b37f030c245e45e7c74c,comprehension,listed_related,true,16e35e09-d4c0-4371-8494-275aa35ac078,comprehension,exact,pending_content_review,同词命中仅建立审核入口；不自动复制释义、拆词或巧记。
cet4-w-6392b7a64632c986bb9c,comprehensive,headword,true,99ce1076-76bd-4596-8e37-47624735c15b,comprehensive,exact,pending_content_review,同词命中仅建立审核入口；不自动复制释义、拆词或巧记。
cet4-w-64090add3915a26f4336,comprise,headword,true,,,none,new_content_required,无六级同词；后续查找有证据的词族关系。
cet4-w-341dd596b181aee5883d,compromise,headword,true,31d6181c-c15a-40de-a409-73a28ea3d6bf,compromise,exact,pending_content_review,同词命中仅建立审核入口；不自动复制释义、拆词或巧记。
cet4-w-fcb7303f73d5f95553d9,compulsory,headword,false,731b3f60-9173-4448-aae9-e767fe38c0b5,compulsory,exact,pending_content_review,同词命中仅建立审核入口；不自动复制释义、拆词或巧记。
cet4-w-5f5d36dad3506e17356a,computation,listed_related,false,,,none,new_content_required,无六级同词；后续查找有证据的词族关系。
cet4-w-7d22e3cfb092df96a8bc,compute,headword,true,a4fad531-da5b-4b53-9472-880e8f0d8238,compute,exact,pending_content_review,同词命中仅建立审核入口；不自动复制释义、拆词或巧记。
cet4-w-316008c7e207affc55b6,computer,listed_related,false,5e0b01a7-460c-4245-bf7c-be08a266955b,computer,exact,pending_content_review,同词命中仅建立审核入口；不自动复制释义、拆词或巧记。
cet4-w-b9b3ec69e847d274aba7,computerize,listed_related,false,,,none,new_content_required,无六级同词；后续查找有证据的词族关系。
cet4-w-ae6d531b9d642bb29b6f,comrade,headword,true,,,none,new_content_required,无六级同词；后续查找有证据的词族关系。
cet4-w-1d196f0e5ab308738079,conceal,headword,true,,,none,new_content_required,无六级同词；后续查找有证据的词族关系。
cet4-w-0a9a579e56af0ee48a8d,concealment,listed_related,false,,,none,new_content_required,无六级同词；后续查找有证据的词族关系。
cet4-w-a9ba33f71a2f24e77036,concentrate,headword,true,dcf3527b-6d65-4f87-ab48-1a0c3ef7c289,concentrate,exact,pending_content_review,同词命中仅建立审核入口；不自动复制释义、拆词或巧记。
cet4-w-b17dae8ff9410a29f40d,concentration,listed_related,true,1d017888-1740-4956-8507-9d3aa6e8463d,concentration,exact,pending_content_review,同词命中仅建立审核入口；不自动复制释义、拆词或巧记。
cet4-w-689fdc605568a9e9b8a9,concept,headword,true,ae5c1d4a-0be4-475c-9456-af95bcaaa4ae,concept,exact,pending_content_review,同词命中仅建立审核入口；不自动复制释义、拆词或巧记。
cet4-w-6f556adcb97e22b3209e,conceptual,listed_related,false,9a1675c8-b608-438a-ae99-236f5f7db84b,conceptual,exact,pending_content_review,同词命中仅建立审核入口；不自动复制释义、拆词或巧记。
cet4-w-49548c3f63084ea45115,concern,headword,true,68ab6915-216f-4cb9-ac5b-f4770ae7bebd,concern,exact,pending_content_review,同词命中仅建立审核入口；不自动复制释义、拆词或巧记。
cet4-w-10276a9700d2a00b8427,concerned,listed_related,false,,,none,new_content_required,无六级同词；后续查找有证据的词族关系。
cet4-w-7fade0b6e4380dd2c13b,concerning,listed_related,true,,,none,new_content_required,无六级同词；后续查找有证据的词族关系。
cet4-w-4d96746bbd7be68f35fd,concert,headword,true,,,none,new_content_required,无六级同词；后续查找有证据的词族关系。
cet4-w-ce455b4d519ff04b1316,concerted,listed_related,false,,,none,new_content_required,无六级同词；后续查找有证据的词族关系。
cet4-w-27c2c4a792b5c12e4553,conclude,headword,true,bd30f524-d9b3-41cf-afd1-ba6b714c1960,conclude,exact,pending_content_review,同词命中仅建立审核入口；不自动复制释义、拆词或巧记。
cet4-w-8c624d928b7d364d82b5,conclusion,listed_related,true,13c3d6b2-bc9c-4e9e-a5de-fa2949464945,conclusion,exact,pending_content_review,同词命中仅建立审核入口；不自动复制释义、拆词或巧记。
cet4-w-8eb8e9598e3e9400e744,conclusive,listed_related,false,2f80d2cd-9a5f-4fd2-9159-506fd5d3e565,conclusive,exact,pending_content_review,同词命中仅建立审核入口；不自动复制释义、拆词或巧记。
cet4-w-4a16258064aac8caea1b,concrete,headword,true,,,none,new_content_required,无六级同词；后续查找有证据的词族关系。
cet4-w-1c2ceba50fcb160bba1b,condemn,headword,true,88c3b48a-68f7-4f5f-a679-d497c75eed4a,condemn,exact,pending_content_review,同词命中仅建立审核入口；不自动复制释义、拆词或巧记。
cet4-w-73e7d8ecb45aecd54a62,condemnation,listed_related,false,ac7539cb-729e-4265-a273-7d72cb8284f9,condemnation,exact,pending_content_review,同词命中仅建立审核入口；不自动复制释义、拆词或巧记。
cet4-w-86db7c5056ba52b0d9ff,condensation,listed_related,false,52bc3952-7b72-451c-84ba-6e6e0f72f02e,condensation,exact,pending_content_review,同词命中仅建立审核入口；不自动复制释义、拆词或巧记。
cet4-w-2222a5e65be4b3a2d2c4,condense,headword,true,797fb852-7d37-4a6e-942e-799abdb42820,condense,exact,pending_content_review,同词命中仅建立审核入口；不自动复制释义、拆词或巧记。
cet4-w-d6bd5c8f7d059ee5ec8c,condition,headword,true,9172792e-4e23-4ebd-a498-0d8b733d41c9,condition,exact,pending_content_review,同词命中仅建立审核入口；不自动复制释义、拆词或巧记。
cet4-w-07eb5ab461a801c115f0,conditional,listed_related,false,4268d227-ead8-4cc8-b1ce-9d9976f670f0,conditional,exact,pending_content_review,同词命中仅建立审核入口；不自动复制释义、拆词或巧记。
cet4-w-a3aa41c1c3959741545a,conditioner,listed_related,false,,,none,new_content_required,无六级同词；后续查找有证据的词族关系。
cet4-w-9e927f863dd6836cb55a,conduct,headword,true,355f7f24-f581-441d-a752-dda4fa80d78c,conduct,exact,pending_content_review,同词命中仅建立审核入口；不自动复制释义、拆词或巧记。
cet4-w-e61aca5f4fada61c0a69,conductor,listed_related,true,6f54ce00-ed1c-4c50-8361-e699e96af5cc,conductor,exact,pending_content_review,同词命中仅建立审核入口；不自动复制释义、拆词或巧记。
cet4-w-7cb7e9d11db30527ed88,conference,headword,true,558b68e1-0694-4ad3-aa5c-bd2075b9d665,conference,exact,pending_content_review,同词命中仅建立审核入口；不自动复制释义、拆词或巧记。
cet4-w-438dde35e7695d11523d,confess,headword,true,,,none,new_content_required,无六级同词；后续查找有证据的词族关系。
cet4-w-865d201dcb1344ff700c,confession,listed_related,false,,,none,new_content_required,无六级同词；后续查找有证据的词族关系。
cet4-w-22ee6ab04dfa239283e9,confidence,headword,true,ee9a0744-75cc-41b6-a004-23d2ea0442a1,confidence,exact,pending_content_review,同词命中仅建立审核入口；不自动复制释义、拆词或巧记。
cet4-w-60d66b91fbbdd59771a5,confident,listed_related,true,09c282db-420f-4a4e-abe9-118eb75a6c55,confident,exact,pending_content_review,同词命中仅建立审核入口；不自动复制释义、拆词或巧记。
cet4-w-40ac99cb550652a4153a,confidential,listed_related,false,5de927e9-b6e0-4bb6-81ca-5141bd5615f7,confidential,exact,pending_content_review,同词命中仅建立审核入口；不自动复制释义、拆词或巧记。
cet4-w-a1382da203947e760b2c,confine,headword,true,a3039cc5-4f8d-4379-8b66-bd6811c98123,confine,exact,pending_content_review,同词命中仅建立审核入口；不自动复制释义、拆词或巧记。
cet4-w-741d933c9b6f8ec25d9f,confinement,listed_related,false,1e166bf9-8253-499e-82ed-3bd3ce94829e,confinement,exact,pending_content_review,同词命中仅建立审核入口；不自动复制释义、拆词或巧记。
cet4-w-38a124d83f31622696e0,confirm,headword,true,f992f7ec-dad8-4ef6-9310-fb48bf3c3735,confirm,exact,pending_content_review,同词命中仅建立审核入口；不自动复制释义、拆词或巧记。
cet4-w-77a4fa663d3e8b99c6d9,confirmation,listed_related,false,,,none,new_content_required,无六级同词；后续查找有证据的词族关系。
cet4-w-28114c2e13caf109c1d8,conflict,headword,true,b8fa200f-0cc0-4e87-85f2-0ec39a11076e,conflict,exact,pending_content_review,同词命中仅建立审核入口；不自动复制释义、拆词或巧记。
cet4-w-7cc391219810cf0b035e,conform,headword,false,82033ef9-7e6f-4789-ac62-df780a4c8a3a,conform,exact,pending_content_review,同词命中仅建立审核入口；不自动复制释义、拆词或巧记。
cet4-w-0e3d72b0b43b95f132cc,conformity,listed_related,false,32e5407b-3d23-43e4-b2d8-7b43d4d068c6,conformity,exact,pending_content_review,同词命中仅建立审核入口；不自动复制释义、拆词或巧记。
cet4-w-7bd165895cd90f00bff3,confront,headword,false,6536d59b-ee2e-49e8-8b44-0f3b5e4ca6db,confront,exact,pending_content_review,同词命中仅建立审核入口；不自动复制释义、拆词或巧记。
cet4-w-baf9b835e901a2a7fb83,confrontation,listed_related,false,12d91b48-13f4-4bc3-a0b0-cf8fd1fc431c,confrontation,exact,pending_content_review,同词命中仅建立审核入口；不自动复制释义、拆词或巧记。
cet4-w-8e02082f52604f9caa07,Confucian,headword,false,,,none,new_content_required,无六级同词；后续查找有证据的词族关系。
cet4-w-ccff81da2b637425fccd,Confucianism,listed_related,false,,,none,new_content_required,无六级同词；后续查找有证据的词族关系。
cet4-w-1f2699fea99123d572b8,confuse,headword,true,47bdc213-f20a-4714-9866-88d2b1c7c080,confuse,exact,pending_content_review,同词命中仅建立审核入口；不自动复制释义、拆词或巧记。
cet4-w-0d5e7c251332728e496b,confusion,listed_related,true,ab1c0a62-2f88-4529-b350-fa0f4a70db72,confusion,exact,pending_content_review,同词命中仅建立审核入口；不自动复制释义、拆词或巧记。
cet4-w-60c2797f74413d0b043a,congratulate,headword,true,,,none,new_content_required,无六级同词；后续查找有证据的词族关系。
cet4-w-9b35ab95995c2070c7ff,congratulation,listed_related,true,,,none,new_content_required,无六级同词；后续查找有证据的词族关系。
cet4-w-d30599d5f0059fb49103,congratulatory,listed_related,false,,,none,new_content_required,无六级同词；后续查找有证据的词族关系。
cet4-w-20e6df501c857e157a2a,congress,headword,true,89d49c6c-3e2f-434e-ab92-1d1bd07bc662,congress,exact,pending_content_review,同词命中仅建立审核入口；不自动复制释义、拆词或巧记。
cet4-w-d005bf8c21dbcd01ff53,congressional,listed_related,false,1324a595-3a85-4dce-9756-e61bdeefc562,congressional,exact,pending_content_review,同词命中仅建立审核入口；不自动复制释义、拆词或巧记。
cet4-w-ee31196d1e9468f89e57,conjunction,headword,true,e3c65b3f-52db-4c67-95b1-021ba5b2820a,conjunction,exact,pending_content_review,同词命中仅建立审核入口；不自动复制释义、拆词或巧记。
cet4-w-90ee81ebfe8ab3b51de6,connect,headword,true,,,none,new_content_required,无六级同词；后续查找有证据的词族关系。
cet4-w-19f56af00e0f3c5f3acc,connection,listed_related,true,,,none,new_content_required,无六级同词；后续查找有证据的词族关系。
cet4-w-201d9cd1b10d13a94af5,conquer,headword,true,,,none,new_content_required,无六级同词；后续查找有证据的词族关系。
cet4-w-f4cdbdf64d9ef7dcf88f,conqueror,listed_related,false,,,none,new_content_required,无六级同词；后续查找有证据的词族关系。
cet4-w-9e9bf6113cf70240326d,conquest,listed_related,true,,,none,new_content_required,无六级同词；后续查找有证据的词族关系。
cet4-w-d24d7e363168b43d5c28,conscience,headword,true,94df1479-5d70-49a1-9536-a7521a427115,conscience,exact,pending_content_review,同词命中仅建立审核入口；不自动复制释义、拆词或巧记。
cet4-w-2f535cec01850de5e989,conscientious,headword,false,4a4c438c-be21-4931-8d37-b779ea91b9ec,conscientious,exact,pending_content_review,同词命中仅建立审核入口；不自动复制释义、拆词或巧记。
cet4-w-1563bafcd84c54ffedba,conscious,headword,true,c8875e97-c2e3-4c73-8710-4a8bf89e7b32,conscious,exact,pending_content_review,同词命中仅建立审核入口；不自动复制释义、拆词或巧记。
cet4-w-10737f77b96c5dbb120b,consciousness,listed_related,true,a4e0b4c0-7566-4830-8ec7-68df79be93d7,consciousness,exact,pending_content_review,同词命中仅建立审核入口；不自动复制释义、拆词或巧记。
cet4-w-c00c780b6ba58cbce460,consensus,headword,false,c7225615-659c-4e03-9e3a-a566c815655f,consensus,exact,pending_content_review,同词命中仅建立审核入口；不自动复制释义、拆词或巧记。
cet4-w-1a8e01ba0a9198d4ccd3,consent,headword,true,3611161d-4044-4484-8f73-29ed318e4630,consent,exact,pending_content_review,同词命中仅建立审核入口；不自动复制释义、拆词或巧记。
cet4-w-b0e3340aea3a003ab421,consequence,headword,true,c2f11384-4a9a-47ae-ad58-a49c13c4dfd0,consequence,exact,pending_content_review,同词命中仅建立审核入口；不自动复制释义、拆词或巧记。
cet4-w-ff761a7650a4d217a2f8,consequent,listed_related,false,e10baad9-2f59-47da-bd71-90c794a01b9f,consequent,exact,pending_content_review,同词命中仅建立审核入口；不自动复制释义、拆词或巧记。
cet4-w-4b86e2f5cbd81117a3ec,consequently,listed_related,true,25a532a2-5281-40b0-8a1e-732be5515330,consequently,exact,pending_content_review,同词命中仅建立审核入口；不自动复制释义、拆词或巧记。
cet4-w-a4d8f7d30848970bbefd,conservative,headword,true,e6165985-ca31-450d-861b-8abbe125dc32,conservative,exact,pending_content_review,同词命中仅建立审核入口；不自动复制释义、拆词或巧记。
cet4-w-49fe9dca3633a1df0b64,consider,headword,true,e3989bf0-455d-4f23-97ea-be58751d46ef,consider,exact,pending_content_review,同词命中仅建立审核入口；不自动复制释义、拆词或巧记。
cet4-w-a4ef2ebe3999af04921c,considerable,headword,true,1ff274ea-f718-4baf-a18f-5a11b8f6e621,considerable,exact,pending_content_review,同词命中仅建立审核入口；不自动复制释义、拆词或巧记。
cet4-w-d88d501a5742fc4ef7c9,considerate,headword,true,2b4f8fd3-efb5-4a3c-99ee-03d6e7045de0,considerate,exact,pending_content_review,同词命中仅建立审核入口；不自动复制释义、拆词或巧记。
cet4-w-19eb5436efdc4d48b2c6,consideration,listed_related,true,4f31ba8c-433d-4da5-84ea-e4d2eb818c4e,consideration,exact,pending_content_review,同词命中仅建立审核入口；不自动复制释义、拆词或巧记。
cet4-w-e43f37ad4b770818e4c0,considering,listed_related,false,94f14d4d-c93a-4792-b297-1a424cc51dd9,considering,exact,pending_content_review,同词命中仅建立审核入口；不自动复制释义、拆词或巧记。
cet4-w-68c7b95667006ca5f9c0,consist,headword,true,7d9d1181-f539-4cdf-9bb7-ba6c578ebf65,consist,exact,pending_content_review,同词命中仅建立审核入口；不自动复制释义、拆词或巧记。
cet4-w-03fd526fa1149efc3961,consistency,listed_related,false,5ba0bdc2-647f-4722-b88a-88aaab6076b2,consistency,exact,pending_content_review,同词命中仅建立审核入口；不自动复制释义、拆词或巧记。
cet4-w-5de5ce007db1666d7589,consistent,headword,true,67e330f5-e813-44fd-ba1e-0e6fbbcd7483,consistent,exact,pending_content_review,同词命中仅建立审核入口；不自动复制释义、拆词或巧记。
cet4-w-68d48b5981341d21c16a,consolidate,headword,false,3b52f349-5d21-4677-a407-8c816394ba2a,consolidate,exact,pending_content_review,同词命中仅建立审核入口；不自动复制释义、拆词或巧记。
cet4-w-c543755400d98d099b64,consolidation,listed_related,false,c75d146a-645c-4568-8b6b-aa7e18aad3a3,consolidation,exact,pending_content_review,同词命中仅建立审核入口；不自动复制释义、拆词或巧记。
cet4-w-d7d63153fb90b6b97ae5,constant,headword,true,b8b4f8e8-8bcf-4a1d-a4cc-2335a83b0d92,constant,exact,pending_content_review,同词命中仅建立审核入口；不自动复制释义、拆词或巧记。
cet4-w-1bf6fb37a2228983965d,constitute,headword,false,65816098-9508-4ff1-ba0f-8d02fbae9fc4,constitute,exact,pending_content_review,同词命中仅建立审核入口；不自动复制释义、拆词或巧记。
cet4-w-ffab8a7fe2f5c17eab56,constitution,headword,true,c0023077-aa79-4909-9cce-e2c15c4f7891,constitution,exact,pending_content_review,同词命中仅建立审核入口；不自动复制释义、拆词或巧记。
cet4-w-56a086a23cb3b583f191,constitutional,listed_related,false,c408fe32-a9d4-48d8-8702-6b043049b648,constitutional,exact,pending_content_review,同词命中仅建立审核入口；不自动复制释义、拆词或巧记。
cet4-w-31e9c35b66fadd0c7f77,construct,headword,true,fa118226-096c-4f04-80f7-b540c139564f,construct,exact,pending_content_review,同词命中仅建立审核入口；不自动复制释义、拆词或巧记。
cet4-w-5438526911401d59324b,construction,listed_related,true,ee83baa4-828f-4ffe-b503-86c0c7250dac,construction,exact,pending_content_review,同词命中仅建立审核入口；不自动复制释义、拆词或巧记。
cet4-w-275435633a41b5835018,consult,headword,true,cf1886dd-3020-488c-a224-138be6897681,consult,exact,pending_content_review,同词命中仅建立审核入口；不自动复制释义、拆词或巧记。
cet4-w-c62a5ee4f071b2717beb,consultant,listed_related,false,8f4452f8-3387-4c25-bf57-04734749dffa,consultant,exact,pending_content_review,同词命中仅建立审核入口；不自动复制释义、拆词或巧记。
cet4-w-f772cf0eab6097247243,consultation,listed_related,false,,,none,new_content_required,无六级同词；后续查找有证据的词族关系。
cet4-w-8bbe7d62e4c8ca397b8a,consultative,listed_related,false,d0c1cb7e-466c-4816-bb99-96f7123f9e4e,consultative,exact,pending_content_review,同词命中仅建立审核入口；不自动复制释义、拆词或巧记。
cet4-w-88e269fad556616e4782,consume,headword,true,e6ada86c-cdcf-4b63-bbeb-093b0ca9f2ce,consume,exact,pending_content_review,同词命中仅建立审核入口；不自动复制释义、拆词或巧记。
cet4-w-5897d91f14d2a28afa36,consumer,listed_related,true,f4ba8625-46be-47f9-ba0c-db387f938c67,consumer,exact,pending_content_review,同词命中仅建立审核入口；不自动复制释义、拆词或巧记。
cet4-w-f4a6606206db056094c2,consumption,listed_related,true,053b527c-20ca-460c-b950-91803c785614,consumption,exact,pending_content_review,同词命中仅建立审核入口；不自动复制释义、拆词或巧记。
cet4-w-0da6e450ccff0a5f06f4,contact,headword,true,04036a9d-883e-461f-9411-72270b774cde,contact,exact,pending_content_review,同词命中仅建立审核入口；不自动复制释义、拆词或巧记。
cet4-w-312af100298f9f5cc06a,contain,headword,true,40860f0a-69d4-4d94-8f4f-55c1657f37aa,contain,exact,pending_content_review,同词命中仅建立审核入口；不自动复制释义、拆词或巧记。
cet4-w-1d92ddf88de556818528,container,listed_related,true,1957183f-5548-4d71-94fa-2cdc6776102e,container,exact,pending_content_review,同词命中仅建立审核入口；不自动复制释义、拆词或巧记。
cet4-w-0248aa17b99df9d4e8d4,containment,listed_related,false,,,none,new_content_required,无六级同词；后续查找有证据的词族关系。
cet4-w-6b4758216d62219c1237,contaminate,headword,false,d21eb0c3-b1b4-48c3-9554-0770667d0bbb,contaminate,exact,pending_content_review,同词命中仅建立审核入口；不自动复制释义、拆词或巧记。
cet4-w-addfb7ceb3bd92854730,contamination,listed_related,false,f37ec451-fa47-47e8-b175-ab646671c671,contamination,exact,pending_content_review,同词命中仅建立审核入口；不自动复制释义、拆词或巧记。
cet4-w-4dcbcfe39153db3fff07,contemporary,headword,true,,,none,new_content_required,无六级同词；后续查找有证据的词族关系。
cet4-w-01dd8787af81e69a3bfd,contempt,headword,true,15668674-e18e-455e-b434-a79b10ab73f6,contempt,exact,pending_content_review,同词命中仅建立审核入口；不自动复制释义、拆词或巧记。
cet4-w-74a27920e46a86e043f2,contemptible,listed_related,false,359478f8-a64b-4bf3-9975-c5267981c11a,contemptible,exact,pending_content_review,同词命中仅建立审核入口；不自动复制释义、拆词或巧记。
cet4-w-db5873dff371b16018f2,contend,headword,false,ae526d5d-7a65-4391-a1bb-ce208eaa5d0d,contend,exact,pending_content_review,同词命中仅建立审核入口；不自动复制释义、拆词或巧记。
cet4-w-02985ccd240ba1ca5124,content,headword,true,,,none,new_content_required,无六级同词；后续查找有证据的词族关系。
cet4-w-f3d22936262a03311713,contented,listed_related,false,,,none,new_content_required,无六级同词；后续查找有证据的词族关系。
cet4-w-d2bbaa64df04acf7c689,contention,listed_related,false,ab21075b-75a8-4ece-b0dd-5b384118f804,contention,exact,pending_content_review,同词命中仅建立审核入口；不自动复制释义、拆词或巧记。
cet4-w-fd242dd0afb0b987dd5b,contentious,listed_related,false,,,none,new_content_required,无六级同词；后续查找有证据的词族关系。
cet4-w-1b8b83e9e6f4a33db21d,contest,headword,true,9d90c4f1-748d-4ff8-9448-45b5848fd126,contest,exact,pending_content_review,同词命中仅建立审核入口；不自动复制释义、拆词或巧记。
cet4-w-8af23d0161f07bfebbae,contestant,listed_related,false,ff42be5a-c94d-4aca-a31d-3ad73347ad30,contestant,exact,pending_content_review,同词命中仅建立审核入口；不自动复制释义、拆词或巧记。
cet4-w-9d1f8fda41116bbaca5a,context,headword,false,,,none,new_content_required,无六级同词；后续查找有证据的词族关系。
cet4-w-f3794b2bf2c015cd6376,contextual,listed_related,false,,,none,new_content_required,无六级同词；后续查找有证据的词族关系。
cet4-w-ba368b0479ace1fa79e2,continent,headword,true,,,none,new_content_required,无六级同词；后续查找有证据的词族关系。
cet4-w-0b3d556d1f577e729a9e,continental,listed_related,false,,,none,new_content_required,无六级同词；后续查找有证据的词族关系。
cet4-w-8b66d2782ac2f927a893,continual,listed_related,true,7eb79a94-ef94-406c-9044-ea9ca934b2f7,continual,exact,pending_content_review,同词命中仅建立审核入口；不自动复制释义、拆词或巧记。
cet4-w-899697310c10c9579431,continuation,listed_related,false,,,none,new_content_required,无六级同词；后续查找有证据的词族关系。
cet4-w-42d8bce0ba9d655e4f03,continue,headword,true,bfe11b56-4f84-443c-b6d9-1f636864c96c,continue,exact,pending_content_review,同词命中仅建立审核入口；不自动复制释义、拆词或巧记。
cet4-w-b085510a5544058ad245,continuity,listed_related,false,e335846e-6654-4eb5-b2d2-b6bbe63bbd90,continuity,exact,pending_content_review,同词命中仅建立审核入口；不自动复制释义、拆词或巧记。
cet4-w-a32b39c8d79e917a4344,continuous,listed_related,true,,,none,new_content_required,无六级同词；后续查找有证据的词族关系。
cet4-w-9611438bf1169458f389,contract,headword,true,8e275605-9f74-45f2-8991-1155e440ef73,contract,exact,pending_content_review,同词命中仅建立审核入口；不自动复制释义、拆词或巧记。
cet4-w-344c5ffb3c433fd38535,contraction,listed_related,false,77182f8d-de66-452b-8076-90fcb7a846e5,contraction,exact,pending_content_review,同词命中仅建立审核入口；不自动复制释义、拆词或巧记。
cet4-w-46320b2410bcbae43dac,contractor,listed_related,false,bcc8e213-428d-425a-9c8d-1737df42985b,contractor,exact,pending_content_review,同词命中仅建立审核入口；不自动复制释义、拆词或巧记。
cet4-w-301425a009e56bef5c4d,contradict,headword,false,3b7dea58-d169-4597-a06d-56f208a99f00,contradict,exact,pending_content_review,同词命中仅建立审核入口；不自动复制释义、拆词或巧记。
cet4-w-0804d86695dc847f28a0,contradiction,listed_related,true,,,none,new_content_required,无六级同词；后续查找有证据的词族关系。
cet4-w-76f3721ac3efe0a02ba6,contradictory,listed_related,false,,,none,new_content_required,无六级同词；后续查找有证据的词族关系。
cet4-w-5b49b227e7d7dcc8e63e,contrary,headword,true,b9c91503-1075-4fb0-8b58-e6f9b2a2da0a,contrary,exact,pending_content_review,同词命中仅建立审核入口；不自动复制释义、拆词或巧记。
cet4-w-6aaca3a7d15028e78a8c,contrast,headword,true,2c8681c3-68b9-423f-8b16-7299a8850664,contrast,exact,pending_content_review,同词命中仅建立审核入口；不自动复制释义、拆词或巧记。
cet4-w-3945cf2d3d49d0a447e6,contribute,headword,true,890ae9d5-f16b-499f-b1a0-f06dfb765f50,contribute,exact,pending_content_review,同词命中仅建立审核入口；不自动复制释义、拆词或巧记。
cet4-w-0f9f6a17ff85f9446eb5,contribution,listed_related,true,b78a2f42-08dc-4cf4-b97b-d6248a8ffe28,contribution,exact,pending_content_review,同词命中仅建立审核入口；不自动复制释义、拆词或巧记。
cet4-w-7c0f51895360accc7374,contributor,listed_related,false,55988bb6-475e-4899-b12f-27e8a6eb2078,contributor,exact,pending_content_review,同词命中仅建立审核入口；不自动复制释义、拆词或巧记。
cet4-w-f09361f479c4b5c9ad3d,control,headword,true,10fd399e-8cbf-4255-ad48-8cd6ec379d62,control,exact,pending_content_review,同词命中仅建立审核入口；不自动复制释义、拆词或巧记。
cet4-w-a68f3c010c71d9e9a666,controversial,listed_related,false,b5a3bd8e-5b4b-486b-bd91-d8e461009240,controversial,exact,pending_content_review,同词命中仅建立审核入口；不自动复制释义、拆词或巧记。
cet4-w-ccf3021a6fffa04b38c1,controversy,headword,false,68c8606c-97f2-4ef5-a8f1-d9683ec23333,controversy,exact,pending_content_review,同词命中仅建立审核入口；不自动复制释义、拆词或巧记。
cet4-w-b3109b42b35cc95761cc,convenience,listed_related,true,5ba59421-0e98-4b19-97a9-4f455eeeb119,convenience,exact,pending_content_review,同词命中仅建立审核入口；不自动复制释义、拆词或巧记。
cet4-w-f8e16846bba8725e9829,convenient,headword,true,bb3d1798-3a94-42ef-b37c-652245c1b758,convenient,exact,pending_content_review,同词命中仅建立审核入口；不自动复制释义、拆词或巧记。
cet4-w-21dab57456749e1cbf0d,convention,headword,true,05195b4d-9c01-47c9-b535-02a6fe2b37f4,convention,exact,pending_content_review,同词命中仅建立审核入口；不自动复制释义、拆词或巧记。
cet4-w-d50f8341c4444cf915a0,conventional,listed_related,true,bf91333b-2e5e-481e-8678-ba7c1c41a7dc,conventional,exact,pending_content_review,同词命中仅建立审核入口；不自动复制释义、拆词或巧记。
cet4-w-d984c80a2433a2cb89ae,conversation,listed_related,false,e83e81e0-6475-4342-880d-75124edfb32c,conversation,exact,pending_content_review,同词命中仅建立审核入口；不自动复制释义、拆词或巧记。
cet4-w-54e76e5d7ce3f2667177,converse,headword,false,ccb0001d-10f3-4b47-941d-283cda80d78b,converse,exact,pending_content_review,同词命中仅建立审核入口；不自动复制释义、拆词或巧记。
cet4-w-ec84020e7910b5f9676c,conversion,listed_related,true,1b61c882-f28d-483f-b761-42ad3815a092,conversion,exact,pending_content_review,同词命中仅建立审核入口；不自动复制释义、拆词或巧记。
cet4-w-82a2355da44bd5be610d,convert,headword,true,2c894d24-cd21-4f5b-86b1-7842503b6aed,convert,exact,pending_content_review,同词命中仅建立审核入口；不自动复制释义、拆词或巧记。
cet4-w-9fb34364473784b66a6d,convertible,listed_related,false,65b8a611-88d5-4fd8-95ff-2a62f514d911,convertible,exact,pending_content_review,同词命中仅建立审核入口；不自动复制释义、拆词或巧记。
cet4-w-fe5284f88afd73c8152f,convey,headword,true,bedaa0aa-1f7d-4d38-8fcc-0313e267182c,convey,exact,pending_content_review,同词命中仅建立审核入口；不自动复制释义、拆词或巧记。
cet4-w-9bcc6b8b0f5681e27ae4,conveyance,listed_related,false,5246c8a5-b619-4675-be8f-214e8910708a,conveyance,exact,pending_content_review,同词命中仅建立审核入口；不自动复制释义、拆词或巧记。
cet4-w-dc794aa58654b55410b8,convince,headword,true,e5b3a899-4ae2-4c09-8edf-e897fcc20c21,convince,exact,pending_content_review,同词命中仅建立审核入口；不自动复制释义、拆词或巧记。
cet4-w-e5088d65fe59d6b0eaa0,convincing,listed_related,false,7dc85979-da74-46d8-89dc-940d92ddf264,convincing,exact,pending_content_review,同词命中仅建立审核入口；不自动复制释义、拆词或巧记。
cet4-w-b80bd1d58c8fb75aff74,cook,headword,false,,,none,new_content_required,无六级同词；后续查找有证据的词族关系。
cet4-w-494c41132467fa7192b1,cooker,listed_related,false,,,none,new_content_required,无六级同词；后续查找有证据的词族关系。
cet4-w-4097e9d6aefd436b9573,cookie,headword,false,,,none,new_content_required,无六级同词；后续查找有证据的词族关系。
cet4-w-24621b82b6f929ce722a,cool,headword,false,,,none,new_content_required,无六级同词；后续查找有证据的词族关系。
cet4-w-df55c8bbab6d8a89dcf3,cooperate,headword,true,cb6dd02a-2f03-4004-b3cd-ddcbdea43ddd,cooperate,exact,pending_content_review,同词命中仅建立审核入口；不自动复制释义、拆词或巧记。
cet4-w-91b5fc303e544e952c6f,cooperation,listed_related,false,b7203f9a-0458-4156-934f-78c6f2bca222,cooperation,exact,pending_content_review,同词命中仅建立审核入口；不自动复制释义、拆词或巧记。
cet4-w-b796e3f4eb2fbda0d8af,cooperative,listed_related,false,411e1801-5cf6-4446-953c-c74eb97df161,cooperative,exact,pending_content_review,同词命中仅建立审核入口；不自动复制释义、拆词或巧记。
cet4-w-1cb7d7c4a0570c5a0897,coordinate,headword,true,,,none,new_content_required,无六级同词；后续查找有证据的词族关系。
cet4-w-b6c836a1878be497d1ef,coordination,listed_related,false,,,none,new_content_required,无六级同词；后续查找有证据的词族关系。
cet4-w-6691744065d673e93801,coordinator,listed_related,false,,,none,new_content_required,无六级同词；后续查找有证据的词族关系。
cet4-w-61c9b4be86888891f7a6,cop,headword,false,,,none,new_content_required,无六级同词；后续查找有证据的词族关系。
cet4-w-aa2bbd1145485cd102de,cope,headword,true,bfdc771a-e6ae-42b7-ab1a-455eac730af7,cope,exact,pending_content_review,同词命中仅建立审核入口；不自动复制释义、拆词或巧记。
cet4-w-fe0e8a6803bb96f86d7e,copper,headword,true,,,none,new_content_required,无六级同词；后续查找有证据的词族关系。
cet4-w-9d3e25c32872e286d1df,copy,headword,false,d06206a9-0f27-4321-b7fb-421ea7d1c8d5,copy,exact,pending_content_review,同词命中仅建立审核入口；不自动复制释义、拆词或巧记。
cet4-w-8f3f5163625db94de638,copyright,headword,false,,,none,new_content_required,无六级同词；后续查找有证据的词族关系。
cet4-w-f505127e0266a74c76f6,cord,headword,true,0aced021-c7b8-44af-9e1c-66de7ecbff94,cord,exact,pending_content_review,同词命中仅建立审核入口；不自动复制释义、拆词或巧记。
cet4-w-0eeb20b9665089aed5b8,core,headword,true,,,none,new_content_required,无六级同词；后续查找有证据的词族关系。
cet4-w-041cf623f24f24a14bfe,corn,headword,true,e6018d5b-f992-4ca3-9267-b2b59533efcc,corn,exact,pending_content_review,同词命中仅建立审核入口；不自动复制释义、拆词或巧记。
cet4-w-ec566b2e2123fb6cd1b2,corner,headword,false,,,none,new_content_required,无六级同词；后续查找有证据的词族关系。
cet4-w-f1035f8dff688eb68645,cornerstone,headword,false,,,none,new_content_required,无六级同词；后续查找有证据的词族关系。
cet4-w-93e50f24bab8455df444,corporate,listed_related,false,830806f6-b92c-4096-a613-85da328320fd,corporate,exact,pending_content_review,同词命中仅建立审核入口；不自动复制释义、拆词或巧记。
cet4-w-4a222aa0e8941d33052a,corporation,headword,true,7f399453-3f03-4958-8228-6c7b53209d9f,corporation,exact,pending_content_review,同词命中仅建立审核入口；不自动复制释义、拆词或巧记。
cet4-w-abdfba15bd651920fa1a,corps,headword,false,0a018fbb-9bc4-4ed9-b438-4d9d59b53b01,corps,exact,pending_content_review,同词命中仅建立审核入口；不自动复制释义、拆词或巧记。
cet4-w-ab3b0107bdb8ec2e2f66,correct,headword,true,d176707e-eb96-4bf1-9f3c-8a134d9d84c5,correct,exact,pending_content_review,同词命中仅建立审核入口；不自动复制释义、拆词或巧记。
cet4-w-22ef06f81e133ca8dcec,correction,listed_related,true,a7339fb7-3b09-4427-a684-dac059e6c42d,correction,exact,pending_content_review,同词命中仅建立审核入口；不自动复制释义、拆词或巧记。
cet4-w-fbddcd83938e1ff8def7,corrective,listed_related,false,8f301089-820a-41f3-b35f-c279341a0bff,corrective,exact,pending_content_review,同词命中仅建立审核入口；不自动复制释义、拆词或巧记。
cet4-w-32795218b7c61bf78715,correspond,headword,true,6c70d63d-20e3-46f2-af00-7aa5ed5674f8,correspond,exact,pending_content_review,同词命中仅建立审核入口；不自动复制释义、拆词或巧记。
cet4-w-793c8a3c925578e53c75,correspondence,listed_related,false,39bb157e-5033-477f-be76-4624ee3c7aa3,correspondence,exact,pending_content_review,同词命中仅建立审核入口；不自动复制释义、拆词或巧记。
cet4-w-515674f0783d656cb1bd,correspondent,listed_related,true,4fa6a995-59c9-4c96-b9df-aed35970310c,correspondent,exact,pending_content_review,同词命中仅建立审核入口；不自动复制释义、拆词或巧记。
cet4-w-02a556cb45788b318903,corresponding,listed_related,true,2f462012-fd30-4909-b0aa-57cfebe635d5,corresponding,exact,pending_content_review,同词命中仅建立审核入口；不自动复制释义、拆词或巧记。
cet4-w-1425f06a1df01d82ccff,corridor,headword,true,,,none,new_content_required,无六级同词；后续查找有证据的词族关系。
cet4-w-b62b4bd77c86646bf8fb,corrupt,headword,false,70a93bb3-f794-44b8-bb76-7fd824a0094b,corrupt,exact,pending_content_review,同词命中仅建立审核入口；不自动复制释义、拆词或巧记。
cet4-w-9e26f3c7b27cfcea56cb,corruption,listed_related,false,3a47317b-e80f-49cb-b8db-66858037cb98,corruption,exact,pending_content_review,同词命中仅建立审核入口；不自动复制释义、拆词或巧记。
cet4-w-1b5d90b32b212e16d5d5,cosmic,listed_related,false,25996d9b-1220-4f47-bcc8-4815f9c5f609,cosmic,exact,pending_content_review,同词命中仅建立审核入口；不自动复制释义、拆词或巧记。
cet4-w-ad8197a838fce84bae04,cosmos,headword,false,d18c347c-a68c-4479-bc32-a713803cf85c,cosmos,exact,pending_content_review,同词命中仅建立审核入口；不自动复制释义、拆词或巧记。
cet4-w-ffa3f845c7e7bda73e2b,cost,headword,false,a0bfdb2c-9300-48a0-b73b-8344125e402d,cost,exact,pending_content_review,同词命中仅建立审核入口；不自动复制释义、拆词或巧记。
cet4-w-be7211a98d3a8a88c226,costly,listed_related,true,405b5349-ed2f-41d2-b547-46c60b6fa849,costly,exact,pending_content_review,同词命中仅建立审核入口；不自动复制释义、拆词或巧记。
cet4-w-592f01fda2cdc22f7ce9,costume,headword,false,d2ee8240-2035-42b6-a96c-e2e49d50555e,costume,exact,pending_content_review,同词命中仅建立审核入口；不自动复制释义、拆词或巧记。
cet4-w-10b0a1864915fe9965d3,cottage,headword,true,cb0be37f-33f7-4e7b-9754-dc748726f172,cottage,exact,pending_content_review,同词命中仅建立审核入口；不自动复制释义、拆词或巧记。
cet4-w-bceb964da0e23fc4b8f3,cotton,headword,true,,,none,new_content_required,无六级同词；后续查找有证据的词族关系。
cet4-w-87d97ffe57233fab6ea5,couch,headword,false,2bd12f72-4775-4d1d-90ff-a4a565179770,couch,exact,pending_content_review,同词命中仅建立审核入口；不自动复制释义、拆词或巧记。
cet4-w-8fd47f24d37aa14298e2,cough,headword,true,,,none,new_content_required,无六级同词；后续查找有证据的词族关系。
cet4-w-c28510e7de46aa9a7810,could,headword,false,,,none,new_content_required,无六级同词；后续查找有证据的词族关系。
cet4-w-fddc2b822e534087deb2,council,headword,true,e0c1b0cb-e30f-48c8-8671-7c4c31748601,council,exact,pending_content_review,同词命中仅建立审核入口；不自动复制释义、拆词或巧记。
cet4-w-43e9c7238f29069ff3b5,councilor,listed_related,false,,,none,new_content_required,无六级同词；后续查找有证据的词族关系。
cet4-w-fb1671f007dca68335af,counsel,headword,false,8bb76873-5463-4d70-b859-d8979cec0e17,counsel,exact,pending_content_review,同词命中仅建立审核入口；不自动复制释义、拆词或巧记。
cet4-w-651b11ac3b7826c071e0,counselor,listed_related,false,a6cfb89d-b2fb-45ac-831e-ebf403bf022e,counselor,exact,pending_content_review,同词命中仅建立审核入口；不自动复制释义、拆词或巧记。
cet4-w-2b85ad17529cf7ac786d,count,headword,true,7219d316-4469-4b1a-bfcd-168b46cb8db9,count,exact,pending_content_review,同词命中仅建立审核入口；不自动复制释义、拆词或巧记。
cet4-w-c88797803c235a4c2908,countdown,headword,false,,,none,new_content_required,无六级同词；后续查找有证据的词族关系。
cet4-w-c6ba697c2c1b9a2234ba,counter,headword,true,b1d12772-9803-4408-b669-e572c61414c9,counter,exact,pending_content_review,同词命中仅建立审核入口；不自动复制释义、拆词或巧记。
cet4-w-099afe974153a347d051,counterpart,headword,false,d00555fc-9975-4c8d-a1b7-e4912575e5ff,counterpart,exact,pending_content_review,同词命中仅建立审核入口；不自动复制释义、拆词或巧记。
cet4-w-d2ea7bd8ea3c4c3fd230,country,headword,false,,,none,new_content_required,无六级同词；后续查找有证据的词族关系。
cet4-w-067a6e37fbf364f8cd00,countryside,headword,false,,,none,new_content_required,无六级同词；后续查找有证据的词族关系。
cet4-w-d2e043732ae59ed20939,county,headword,true,,,none,new_content_required,无六级同词；后续查找有证据的词族关系。
cet4-w-a7dad1a48d97771aecd3,couple,headword,true,,,none,new_content_required,无六级同词；后续查找有证据的词族关系。
cet4-w-8df22cac410b48d9fd07,coupon,headword,false,4eeaf225-4617-4445-887c-86bdd6d2c54f,coupon,exact,pending_content_review,同词命中仅建立审核入口；不自动复制释义、拆词或巧记。
cet4-w-276580c609334b5bbc7e,courage,headword,true,dd9b3783-754e-4bea-81dd-f91fc4cd8ef6,courage,exact,pending_content_review,同词命中仅建立审核入口；不自动复制释义、拆词或巧记。
cet4-w-08bb518e7b1ceb5215ca,courageous,listed_related,false,,,none,new_content_required,无六级同词；后续查找有证据的词族关系。
cet4-w-0f10d0cccf2b1043f076,course,headword,true,a69f8d93-70de-4465-834e-7d3753da429c,course,exact,pending_content_review,同词命中仅建立审核入口；不自动复制释义、拆词或巧记。
cet4-w-46260295c6907563f5b3,court,headword,true,7f36b380-6dc9-46e4-b5ee-c90ab3b911a2,court,exact,pending_content_review,同词命中仅建立审核入口；不自动复制释义、拆词或巧记。
cet4-w-23963f84fda523bb2017,courtyard,headword,false,818f57a1-405d-4a86-82d2-b4f8fe024843,courtyard,exact,pending_content_review,同词命中仅建立审核入口；不自动复制释义、拆词或巧记。
cet4-w-145468abfda7daecf5fa,cousin,headword,true,,,none,new_content_required,无六级同词；后续查找有证据的词族关系。
cet4-w-9211beac6d5d9d5f0656,cover,headword,false,013e27fd-e596-43ea-adcf-cdaad469e44e,cover,exact,pending_content_review,同词命中仅建立审核入口；不自动复制释义、拆词或巧记。
cet4-w-68dd71e99866a643e56f,coverage,listed_related,false,826f13e7-1a8b-484d-9944-72a284bb1bdd,coverage,exact,pending_content_review,同词命中仅建立审核入口；不自动复制释义、拆词或巧记。
cet4-w-45b1a318118a220bec2d,cow,headword,true,5b691362-b115-4e56-9ed7-8b22fe07dbb2,cow,exact,pending_content_review,同词命中仅建立审核入口；不自动复制释义、拆词或巧记。
cet4-w-4ebab9b62939651d6875,coward,headword,true,e60bcfff-9166-4e3b-8884-2b1145910d63,coward,exact,pending_content_review,同词命中仅建立审核入口；不自动复制释义、拆词或巧记。
cet4-w-81059566dac614c80d6b,cowardice,listed_related,false,,,none,new_content_required,无六级同词；后续查找有证据的词族关系。
cet4-w-0129c2cdc66b2d4105c5,cowardly,listed_related,false,,,none,new_content_required,无六级同词；后续查找有证据的词族关系。
cet4-w-370ac0b379af2efcd670,cowboy,headword,false,,,none,new_content_required,无六级同词；后续查找有证据的词族关系。
cet4-w-e08b2d7352b0253589ff,crab,headword,false,,,none,new_content_required,无六级同词；后续查找有证据的词族关系。
cet4-w-fe8cb734ab76714a4480,crack,headword,true,16116450-d171-4b9f-9c31-6438a6cb43b1,crack,exact,pending_content_review,同词命中仅建立审核入口；不自动复制释义、拆词或巧记。
cet4-w-e3e7ab6f235c9e76fc83,cracker,headword,false,,,none,new_content_required,无六级同词；后续查找有证据的词族关系。
cet4-w-dab9c5f629addb9d97c9,craft,headword,true,c4d5a484-d04e-4803-9825-6d1b5465b6b1,craft,exact,pending_content_review,同词命中仅建立审核入口；不自动复制释义、拆词或巧记。
cet4-w-9b5c78b5188097a8493a,crane,headword,true,,,none,new_content_required,无六级同词；后续查找有证据的词族关系。
cet4-w-5566481b340ba536c05d,crash,headword,true,1b5e8c2c-676b-4692-bf33-e909f4f5f424,crash,exact,pending_content_review,同词命中仅建立审核入口；不自动复制释义、拆词或巧记。
cet4-w-dfa09f82adc99aa340ad,crawl,headword,true,9d54226d-515c-416d-8d82-ef1c815e7fb0,crawl,exact,pending_content_review,同词命中仅建立审核入口；不自动复制释义、拆词或巧记。
cet4-w-77621a640a1881038f7a,craze,listed_related,false,,,none,new_content_required,无六级同词；后续查找有证据的词族关系。
cet4-w-fed5e535e77aacb11904,crazy,headword,true,958b7216-fa13-43ba-819f-a20a7ca76e57,crazy,exact,pending_content_review,同词命中仅建立审核入口；不自动复制释义、拆词或巧记。
cet4-w-5f51a852bb354e04bcc7,cream,headword,true,e5f40ac2-2133-4dc9-a254-4c7bbc2930fd,cream,exact,pending_content_review,同词命中仅建立审核入口；不自动复制释义、拆词或巧记。
cet4-w-545a218bb0f346561330,creamy,listed_related,false,,,none,new_content_required,无六级同词；后续查找有证据的词族关系。
cet4-w-983212b756bebf4755f1,create,headword,true,1e0b051c-c04c-400e-a079-9f8948111d41,create,exact,pending_content_review,同词命中仅建立审核入口；不自动复制释义、拆词或巧记。
cet4-w-b9f63240e57748c9f6b8,creation,listed_related,false,f75ac46d-6f5d-451d-8310-a61ea6947623,creation,exact,pending_content_review,同词命中仅建立审核入口；不自动复制释义、拆词或巧记。
cet4-w-7a83818d86a409b6584a,creative,listed_related,true,79cdb157-ba47-47c8-9f33-3c2827e2d92c,creative,exact,pending_content_review,同词命中仅建立审核入口；不自动复制释义、拆词或巧记。
cet4-w-baf61f16140fa4e622ad,creator,listed_related,false,c1f8a1ee-78a9-44ec-abe5-969b0dd03599,creator,exact,pending_content_review,同词命中仅建立审核入口；不自动复制释义、拆词或巧记。
cet4-w-6a711cc419c918106e92,creature,headword,true,affdecd9-8784-43d3-b3a6-a7881c801a0e,creature,exact,pending_content_review,同词命中仅建立审核入口；不自动复制释义、拆词或巧记。
cet4-w-46b2ca948cc917d847b6,credit,headword,false,b4c2f137-7e74-46a1-8036-8150762c889a,credit,exact,pending_content_review,同词命中仅建立审核入口；不自动复制释义、拆词或巧记。
cet4-w-1aec27ce9a8b1901aa77,creditable,listed_related,false,,,none,new_content_required,无六级同词；后续查找有证据的词族关系。
cet4-w-55149edcdba6a555bc91,creep,headword,true,,,none,new_content_required,无六级同词；后续查找有证据的词族关系。
cet4-w-7a5f7868f0739fa70e1c,crew,headword,true,3866b3c4-56e9-4846-a6d3-88befd4ad4b9,crew,exact,pending_content_review,同词命中仅建立审核入口；不自动复制释义、拆词或巧记。
cet4-w-0bd0052bf525246f2ede,crime,headword,true,d63c698d-c172-4ffe-9adf-7e1bb18f6350,crime,exact,pending_content_review,同词命中仅建立审核入口；不自动复制释义、拆词或巧记。
cet4-w-f5ca25e333053ee3871c,criminal,listed_related,true,488801fc-1917-49f0-ac87-561143cce897,criminal,exact,pending_content_review,同词命中仅建立审核入口；不自动复制释义、拆词或巧记。
cet4-w-7f435199fa7f9de30ee7,crisis,headword,true,6314ee01-a74d-4254-945b-4366c46a71ca,crisis,exact,pending_content_review,同词命中仅建立审核入口；不自动复制释义、拆词或巧记。
cet4-w-a74a7c5a724302371670,criterion,headword,false,d3cc0af7-1625-4ff4-9694-9b67924815a9,criterion,exact,pending_content_review,同词命中仅建立审核入口；不自动复制释义、拆词或巧记。
cet4-w-b93085e2d8d02d02e849,critic,listed_related,true,f3d585ed-e470-4963-ab54-69b0c69b649d,critic,exact,pending_content_review,同词命中仅建立审核入口；不自动复制释义、拆词或巧记。
cet4-w-5bdd81bb396fc5c9a707,critical,listed_related,true,40a8091d-7343-4887-9c5c-fa37c0e5dc22,critical,exact,pending_content_review,同词命中仅建立审核入口；不自动复制释义、拆词或巧记。
cet4-w-3fe33a297dc0cf59939d,criticism,listed_related,true,35fb3c4b-014a-4bc6-bc6c-175744e4f6e5,criticism,exact,pending_content_review,同词命中仅建立审核入口；不自动复制释义、拆词或巧记。
cet4-w-e7a08c2f3e5fe26a30b3,criticize,headword,true,ed21cf33-ce90-4aff-9462-77944c93de6d,criticize,exact,pending_content_review,同词命中仅建立审核入口；不自动复制释义、拆词或巧记。
cet4-w-d463a2d051a01c53c1b3,crocodile,headword,false,,,none,new_content_required,无六级同词；后续查找有证据的词族关系。
cet4-w-ca3cc425c0bad2c66074,crop,headword,true,,,none,new_content_required,无六级同词；后续查找有证据的词族关系。
cet4-w-050939a859ab8fe696cb,cross,headword,true,,,none,new_content_required,无六级同词；后续查找有证据的词族关系。
cet4-w-83c322b375aa7e9b6805,crossing,listed_related,false,,,none,new_content_required,无六级同词；后续查找有证据的词族关系。
cet4-w-b87d034a7470f1213882,crowd,headword,true,312b4f40-6f58-4bd2-9494-2c735c99e401,crowd,exact,pending_content_review,同词命中仅建立审核入口；不自动复制释义、拆词或巧记。
cet4-w-e1b28e200b35c37e2b5a,crowded,listed_related,false,,,none,new_content_required,无六级同词；后续查找有证据的词族关系。
cet4-w-4663daf46f10dc12d0b1,crown,headword,true,,,none,new_content_required,无六级同词；后续查找有证据的词族关系。
cet4-w-17e8d96f060acfbf3c39,crucial,headword,true,99aa4a26-c2af-4d19-a2bf-31e5308b2dd0,crucial,exact,pending_content_review,同词命中仅建立审核入口；不自动复制释义、拆词或巧记。
cet4-w-72fe85beb13cee797e9d,cruel,headword,true,177fca8e-780f-4a99-bb6a-a724c216ddac,cruel,exact,pending_content_review,同词命中仅建立审核入口；不自动复制释义、拆词或巧记。
cet4-w-bd9c3dd9ef15b77c5305,cruelty,listed_related,false,6543e43f-e421-427e-af1b-25ee0ebcf76f,cruelty,exact,pending_content_review,同词命中仅建立审核入口；不自动复制释义、拆词或巧记。
cet4-w-f8346c8c1bada1e8a9dc,cruise,headword,false,,,none,new_content_required,无六级同词；后续查找有证据的词族关系。
cet4-w-0a07cc778113cd84c263,cruiser,listed_related,false,,,none,new_content_required,无六级同词；后续查找有证据的词族关系。
cet4-w-095e70042531b4e8ceda,crush,headword,true,e4d6bc07-c856-4b8b-ad1d-9b5f81188006,crush,exact,pending_content_review,同词命中仅建立审核入口；不自动复制释义、拆词或巧记。
cet4-w-5eb18da689ea36639989,cry,headword,false,8b272839-b86d-4bfc-8ff1-004eed622fbc,cry,exact,pending_content_review,同词命中仅建立审核入口；不自动复制释义、拆词或巧记。
cet4-w-484a751ca3267efce547,crystal,headword,true,,,none,new_content_required,无六级同词；后续查找有证据的词族关系。
cet4-w-cde92a8e2b9e4410ff6b,cube,headword,true,,,none,new_content_required,无六级同词；后续查找有证据的词族关系。
cet4-w-b5cc87f545ccef2ca015,cubic,listed_related,true,,,none,new_content_required,无六级同词；后续查找有证据的词族关系。
cet4-w-b15e7655f85095935b91,cucumber,headword,true,71c5ccb8-9a5f-4139-a495-a41146260916,cucumber,exact,pending_content_review,同词命中仅建立审核入口；不自动复制释义、拆词或巧记。
cet4-w-a9c7845f5244537eaa30,cue,headword,true,eb7133aa-f903-4a36-94d4-49632306f302,cue,exact,pending_content_review,同词命中仅建立审核入口；不自动复制释义、拆词或巧记。
cet4-w-2e55ab106249d969086d,cultivate,headword,true,66546b7c-e1a3-4635-8946-89d05ed88aea,cultivate,exact,pending_content_review,同词命中仅建立审核入口；不自动复制释义、拆词或巧记。
cet4-w-c7e1a656115bd0fc6762,cultivation,listed_related,false,f882beb4-c409-477b-b6c4-a1e9ffec6f7c,cultivation,exact,pending_content_review,同词命中仅建立审核入口；不自动复制释义、拆词或巧记。
cet4-w-d2a356101300d02bad77,cultural,listed_related,false,,,none,new_content_required,无六级同词；后续查找有证据的词族关系。
cet4-w-dac7db93b57a7a1ca4cb,culture,headword,true,f981276c-6c25-491d-a65a-5132dd7699a0,culture,exact,pending_content_review,同词命中仅建立审核入口；不自动复制释义、拆词或巧记。
cet4-w-4ccf69b5b9d58b066edc,cup,headword,false,,,none,new_content_required,无六级同词；后续查找有证据的词族关系。
cet4-w-06314ca15829ba2fb958,cupboard,headword,true,,,none,new_content_required,无六级同词；后续查找有证据的词族关系。
cet4-w-ab2d88110a84ea68fe90,curable,listed_related,false,,,none,new_content_required,无六级同词；后续查找有证据的词族关系。
cet4-w-df1210aa5c66836c7488,curb,headword,false,cf2c01a4-0d3e-41c1-b149-2629829a8877,curb,exact,pending_content_review,同词命中仅建立审核入口；不自动复制释义、拆词或巧记。
cet4-w-756e890f809915763878,cure,headword,true,,,none,new_content_required,无六级同词；后续查找有证据的词族关系。
cet4-w-1329f0feeb197807ff62,curiosity,listed_related,true,,,none,new_content_required,无六级同词；后续查找有证据的词族关系。
cet4-w-8fd403fcd8bb86773a20,curious,headword,true,,,none,new_content_required,无六级同词；后续查找有证据的词族关系。
cet4-w-d40cb9b818b84fdf41a9,curl,headword,true,,,none,new_content_required,无六级同词；后续查找有证据的词族关系。
cet4-w-f164849d4c455c2f3aba,currency,headword,false,164fca39-df76-4eb9-bc6e-350366591a6c,currency,exact,pending_content_review,同词命中仅建立审核入口；不自动复制释义、拆词或巧记。
cet4-w-745ce6c2b249e2cf3759,current,headword,true,00a62e6f-48f3-4ac1-80c9-ec016c8047bd,current,exact,pending_content_review,同词命中仅建立审核入口；不自动复制释义、拆词或巧记。
cet4-w-b24ee211ed99e09f74e1,currently,listed_related,false,9b5cef5c-2fb7-4754-8ba1-419b431df50c,currently,exact,pending_content_review,同词命中仅建立审核入口；不自动复制释义、拆词或巧记。
cet4-w-4a8294f38be67f8c9198,curriculum,headword,false,,,none,new_content_required,无六级同词；后续查找有证据的词族关系。
cet4-w-e9dec2d2ac5b131ca1d5,curse,headword,true,19e43ce6-0758-41fb-bfa7-bf57adfbd4d7,curse,exact,pending_content_review,同词命中仅建立审核入口；不自动复制释义、拆词或巧记。
cet4-w-5bb77be159b4ecf9ae47,curtain,headword,true,,,none,new_content_required,无六级同词；后续查找有证据的词族关系。
cet4-w-15541b62490ce452af57,curve,headword,true,,,none,new_content_required,无六级同词；后续查找有证据的词族关系。
cet4-w-b9afc4fcb7f84f2943d3,cushion,headword,true,,,none,new_content_required,无六级同词；后续查找有证据的词族关系。
cet4-w-ba322b14ab9faf63e2e9,custom,headword,true,60664a8a-24d4-4fe7-92c9-3c97002e9b0a,custom,exact,pending_content_review,同词命中仅建立审核入口；不自动复制释义、拆词或巧记。
cet4-w-d70f7f367d4796cda551,customary,listed_related,false,dd9704b8-2404-4a3c-bc63-043237d3d6e9,customary,exact,pending_content_review,同词命中仅建立审核入口；不自动复制释义、拆词或巧记。
cet4-w-e65d2cb9b82d8e294a75,customer,headword,true,,,none,new_content_required,无六级同词；后续查找有证据的词族关系。
cet4-w-8f1e80c80964947107da,customs,headword,false,,,none,new_content_required,无六级同词；后续查找有证据的词族关系。
cet4-w-e745c68efbbe14a95f55,cut,headword,false,41f9bab6-adf2-4ff3-be59-48e216f94cf7,cut,exact,pending_content_review,同词命中仅建立审核入口；不自动复制释义、拆词或巧记。
cet4-w-08e2aa66e907c68193b9,cute,headword,false,9afbcdf5-01a5-4bbe-9877-fe33d2e57ffa,cute,exact,pending_content_review,同词命中仅建立审核入口；不自动复制释义、拆词或巧记。
cet4-w-a8253ea06a5a0b35b5db,cyberspace,headword,false,,,none,new_content_required,无六级同词；后续查找有证据的词族关系。
cet4-w-eab136afd95b5b822fa7,cycle,headword,true,8efe1f8e-ce5e-4fc0-bcf3-126d00dbd042,cycle,exact,pending_content_review,同词命中仅建立审核入口；不自动复制释义、拆词或巧记。
cet4-w-5f05488a7f1273c35739,cycling,listed_related,false,,,none,new_content_required,无六级同词；后续查找有证据的词族关系。
cet4-w-b6db9785ba3fc538f756,cyclist,listed_related,false,,,none,new_content_required,无六级同词；后续查找有证据的词族关系。
cet4-w-f0446011da13cd1d3a74,dad,headword,false,,,none,new_content_required,无六级同词；后续查找有证据的词族关系。
cet4-w-6d38f6741784f834b449,daddy,headword,false,,,none,new_content_required,无六级同词；后续查找有证据的词族关系。
cet4-w-f0534ba92419147c818f,daily,headword|listed_related,true,fb964479-00de-4a9e-a21a-b6c780e24503,daily,exact,pending_content_review,同词命中仅建立审核入口；不自动复制释义、拆词或巧记。
cet4-w-954115af2f218077f33e,dairy,headword,true,,,none,new_content_required,无六级同词；后续查找有证据的词族关系。
cet4-w-0c877fd3b9f54e91b1d1,dam,headword,true,,,none,new_content_required,无六级同词；后续查找有证据的词族关系。
cet4-w-f3375d88278db365a425,damage,headword,true,,,none,new_content_required,无六级同词；后续查找有证据的词族关系。
cet4-w-17a7b8b82373ba383800,damn,headword,false,,,none,new_content_required,无六级同词；后续查找有证据的词族关系。
cet4-w-99c3662cef525894dac0,damp,headword,true,,,none,new_content_required,无六级同词；后续查找有证据的词族关系。
cet4-w-f00e6c59e448e434eab5,dampen,listed_related,false,,,none,new_content_required,无六级同词；后续查找有证据的词族关系。
cet4-w-43b6ebab03052bd72946,dance,headword,false,,,none,new_content_required,无六级同词；后续查找有证据的词族关系。
cet4-w-db2b20d806c4d6742c8f,danger,headword,true,,,none,new_content_required,无六级同词；后续查找有证据的词族关系。
cet4-w-f141c5043cf2e8070569,dangerous,listed_related,true,,,none,new_content_required,无六级同词；后续查找有证据的词族关系。
cet4-w-80fea99b9d93c86ff651,dare,headword,true,,,none,new_content_required,无六级同词；后续查找有证据的词族关系。
cet4-w-81455c50f12eb556b2c7,daring,listed_related,true,,,none,new_content_required,无六级同词；后续查找有证据的词族关系。
cet4-w-2718aa5d87ea0b08a954,dark,headword,false,dcc735b2-2987-4030-ad9d-6ef9216ffc4d,dark,exact,pending_content_review,同词命中仅建立审核入口；不自动复制释义、拆词或巧记。
cet4-w-aa47ac8b128d0ade8e1c,darken,listed_related,false,,,none,new_content_required,无六级同词；后续查找有证据的词族关系。
cet4-w-588e174bdb886f96eb7b,darkness,listed_related,false,c41bdd0c-40b9-4d16-9ca3-e6e9b153daef,darkness,exact,pending_content_review,同词命中仅建立审核入口；不自动复制释义、拆词或巧记。
cet4-w-8896232bd2f9e273f51e,darling,headword,true,,,none,new_content_required,无六级同词；后续查找有证据的词族关系。
cet4-w-e95785df654cfd8cbcad,dash,headword,true,758d6822-9ed0-4568-9629-2e6173e73db5,dash,exact,pending_content_review,同词命中仅建立审核入口；不自动复制释义、拆词或巧记。
cet4-w-c8392144ce93fad1caef,data,headword,true,5a9bc4f6-729f-4243-a3fe-ecc28b3e61c3,data,exact,pending_content_review,同词命中仅建立审核入口；不自动复制释义、拆词或巧记。
cet4-w-0c3c169a3e258c8cd764,database,headword,false,1e35e6cb-ec38-431d-9553-e8a4620c72a5,database,exact,pending_content_review,同词命中仅建立审核入口；不自动复制释义、拆词或巧记。
cet4-w-bd3606a95b39597ce442,date,headword,false,42cab8e3-17cb-4c11-bb08-238e311f248f,date,exact,pending_content_review,同词命中仅建立审核入口；不自动复制释义、拆词或巧记。
cet4-w-c58294afad9cc3d74011,dating,listed_related,false,,,none,new_content_required,无六级同词；后续查找有证据的词族关系。
cet4-w-01341613c1ea4d92a8e5,datum,listed_related,false,,,none,new_content_required,无六级同词；后续查找有证据的词族关系。
cet4-w-6aab952d49b8f173cc52,daughter,headword,false,,,none,new_content_required,无六级同词；后续查找有证据的词族关系。
cet4-w-be64d78de36e2e445a25,dawn,headword,true,,,none,new_content_required,无六级同词；后续查找有证据的词族关系。
cet4-w-dde23774d53d074b99f4,day,headword,false,,,none,new_content_required,无六级同词；后续查找有证据的词族关系。
cet4-w-c6c4fe145c00448e56a5,daylight,headword,true,,,none,new_content_required,无六级同词；后续查找有证据的词族关系。
cet4-w-00f8fcd3cf28349f1e94,dead,headword,false,f53b26b6-600f-4c80-a0a6-579df534a954,dead,exact,pending_content_review,同词命中仅建立审核入口；不自动复制释义、拆词或巧记。
cet4-w-ae9df0dfa054d634cf3f,deadline,headword,false,c5a6a952-7840-4c8b-8617-1dd2bc650e3c,deadline,exact,pending_content_review,同词命中仅建立审核入口；不自动复制释义、拆词或巧记。
cet4-w-fda634c3062aca4bdfe9,deadly,headword,true,8e38948e-4d47-4bfc-abea-ac840714323e,deadly,exact,pending_content_review,同词命中仅建立审核入口；不自动复制释义、拆词或巧记。
cet4-w-7c3aca9ba09580c205e2,deaf,headword,true,a0a023b0-37c2-4f37-bb5d-707ee9680eb2,deaf,exact,pending_content_review,同词命中仅建立审核入口；不自动复制释义、拆词或巧记。
cet4-w-f8bd9c09f0b3c9e14d9d,deal,headword,true,8118d41e-61ff-48ff-a159-8a990dcb3787,deal,exact,pending_content_review,同词命中仅建立审核入口；不自动复制释义、拆词或巧记。
cet4-w-693fe8ea7591783aaa85,dealer,listed_related,false,1eda8811-ad9b-4d92-8e85-87c261159023,dealer,exact,pending_content_review,同词命中仅建立审核入口；不自动复制释义、拆词或巧记。
cet4-w-f9805f4336b7049923f3,dealing,listed_related,false,,,none,new_content_required,无六级同词；后续查找有证据的词族关系。
cet4-w-a7119ab4ca5a41f8521f,dean,headword,false,0265b059-9e28-4f49-85e3-cd7e0be01150,dean,exact,pending_content_review,同词命中仅建立审核入口；不自动复制释义、拆词或巧记。
cet4-w-2cda1ccc912e6156ecf6,dear,headword,false,,,none,new_content_required,无六级同词；后续查找有证据的词族关系。
cet4-w-2cbedc6eb8d0a3393055,death,headword,true,5d0b9d17-598b-4937-b7a3-01a3a6553850,death,exact,pending_content_review,同词命中仅建立审核入口；不自动复制释义、拆词或巧记。
cet4-w-f509d94edb426639900e,debate,headword,true,d2121964-5715-4d68-aa7b-5fd0e92d9fd2,debate,exact,pending_content_review,同词命中仅建立审核入口；不自动复制释义、拆词或巧记。
cet4-w-0726856bcc7c8e4b30ba,debt,headword,true,1e2bfae6-010e-4c32-a55f-c346b1b95369,debt,exact,pending_content_review,同词命中仅建立审核入口；不自动复制释义、拆词或巧记。
cet4-w-df3bec671140af9b31c8,debtor,listed_related,false,7da6497e-dcb8-49f5-b143-526216aefc20,debtor,exact,pending_content_review,同词命中仅建立审核入口；不自动复制释义、拆词或巧记。
cet4-w-2bc1173aa7b90daecd55,decade,headword,true,149ffc3d-71e1-44dd-a403-b92ce9a6a0a5,decade,exact,pending_content_review,同词命中仅建立审核入口；不自动复制释义、拆词或巧记。
cet4-w-d666fd9dfb06039659c0,decay,headword,true,1767fe07-f513-4f7e-bae9-ce53724d5f74,decay,exact,pending_content_review,同词命中仅建立审核入口；不自动复制释义、拆词或巧记。
cet4-w-2d8cd068d59b838b2923,deceit,listed_related,true,cdb74b81-8310-40a8-b1b0-0ed0ad4d3dc5,deceit,exact,pending_content_review,同词命中仅建立审核入口；不自动复制释义、拆词或巧记。
cet4-w-c7a62dcb337d47003d58,deceive,headword,true,3cc351fd-dc2d-494a-bc4d-1edee74959fd,deceive,exact,pending_content_review,同词命中仅建立审核入口；不自动复制释义、拆词或巧记。
cet4-w-a4f82e273c1f050d2952,December,headword,false,,,none,new_content_required,无六级同词；后续查找有证据的词族关系。
cet4-w-28afe999360ef415511d,decent,headword,true,3eba3d6d-9152-444d-8f63-2fb77160a49a,decent,exact,pending_content_review,同词命中仅建立审核入口；不自动复制释义、拆词或巧记。
cet4-w-c0137c78da05744bb4ae,deception,listed_related,false,acef729e-24b7-4c41-8f1a-24bd0e989cec,deception,exact,pending_content_review,同词命中仅建立审核入口；不自动复制释义、拆词或巧记。
cet4-w-b3d76b030d218251d21a,deceptive,listed_related,false,dc1d875f-be70-4b4a-9d39-ae3e1a5b2e5c,deceptive,exact,pending_content_review,同词命中仅建立审核入口；不自动复制释义、拆词或巧记。
cet4-w-eb44086fa44e91c8b70d,decide,headword,false,9677adc8-f900-4bb1-972f-d2133f9c7800,decide,exact,pending_content_review,同词命中仅建立审核入口；不自动复制释义、拆词或巧记。
cet4-w-7e5e49056bf3cb9d92a6,decision,listed_related,true,,,none,new_content_required,无六级同词；后续查找有证据的词族关系。
cet4-w-bbab34f1e3a3ae6b0045,decisive,listed_related,false,c38a3eb0-20d3-4908-9027-5ef2bddccd9e,decisive,exact,pending_content_review,同词命中仅建立审核入口；不自动复制释义、拆词或巧记。
cet4-w-ff55e0ac309b6e401f8c,deck,headword,true,,,none,new_content_required,无六级同词；后续查找有证据的词族关系。
cet4-w-03be3cdd664f221b12ce,declaration,listed_related,false,,,none,new_content_required,无六级同词；后续查找有证据的词族关系。
cet4-w-5aa7fac3def1db074ea8,declarative,listed_related,false,,,none,new_content_required,无六级同词；后续查找有证据的词族关系。
cet4-w-4e93cd05c4018613263a,declare,headword,true,f8f44428-a2af-4a51-bcec-4c26d1c3178a,declare,exact,pending_content_review,同词命中仅建立审核入口；不自动复制释义、拆词或巧记。
cet4-w-9d1b81d6278ca4687a93,decline,headword,true,02d538e6-d83b-4d2d-abc9-c47b82f8f741,decline,exact,pending_content_review,同词命中仅建立审核入口；不自动复制释义、拆词或巧记。
cet4-w-1e1423c0bfd86122381d,decorate,headword,true,f1aa501d-6b72-40ec-9bf8-f6057af92235,decorate,exact,pending_content_review,同词命中仅建立审核入口；不自动复制释义、拆词或巧记。
cet4-w-0fb21f6e3938d49787fc,decoration,listed_related,false,71736ad4-2272-45f4-a41d-01866e598ff1,decoration,exact,pending_content_review,同词命中仅建立审核入口；不自动复制释义、拆词或巧记。
cet4-w-a9a4c6b4d887f1efbb07,decorative,listed_related,false,1a29c9fa-30a7-4f1f-a9e5-2f0dbcd49b96,decorative,exact,pending_content_review,同词命中仅建立审核入口；不自动复制释义、拆词或巧记。
cet4-w-f5f1ce7013c8b1d281e9,decrease,headword,true,6a6789e9-b893-4f74-be59-54f2005e907d,decrease,exact,pending_content_review,同词命中仅建立审核入口；不自动复制释义、拆词或巧记。
cet4-w-8e4bf51058790d09720d,deed,headword,true,,,none,new_content_required,无六级同词；后续查找有证据的词族关系。
cet4-w-93340f15a928680cbcd9,deem,headword,false,bea529cf-0173-4a7c-af79-00087ff991da,deem,exact,pending_content_review,同词命中仅建立审核入口；不自动复制释义、拆词或巧记。
cet4-w-a975c1218b8ff98c121c,deep,headword,false,,,none,new_content_required,无六级同词；后续查找有证据的词族关系。
cet4-w-a88e785e239dbc5700c7,deeply,listed_related,false,,,none,new_content_required,无六级同词；后续查找有证据的词族关系。
cet4-w-ef7ce832977837fcdd37,deer,headword,true,,,none,new_content_required,无六级同词；后续查找有证据的词族关系。
cet4-w-507c32e39c375f36e278,defeat,headword,true,b7c14e0b-e73d-408b-9904-14ad0800693b,defeat,exact,pending_content_review,同词命中仅建立审核入口；不自动复制释义、拆词或巧记。
cet4-w-be6434b654a8399751d8,defect,headword,true,c2a80261-f5f7-421d-a798-02fdf37e2f83,defect,exact,pending_content_review,同词命中仅建立审核入口；不自动复制释义、拆词或巧记。
cet4-w-fdfd1e06569a58689515,defection,listed_related,false,,,none,new_content_required,无六级同词；后续查找有证据的词族关系。
cet4-w-78c46ac39a833f9462e0,defective,listed_related,false,367b3a3a-c106-4f9b-a9c2-781767f2cf51,defective,exact,pending_content_review,同词命中仅建立审核入口；不自动复制释义、拆词或巧记。
cet4-w-3a8465276f0abc298ef7,defend,headword,true,04be1e86-bab7-4ea9-ac92-825c587c532a,defend,exact,pending_content_review,同词命中仅建立审核入口；不自动复制释义、拆词或巧记。
cet4-w-b15885379ad18d09d8e7,defendant,listed_related,false,9271df44-6866-4110-9937-b8ca012d99c8,defendant,exact,pending_content_review,同词命中仅建立审核入口；不自动复制释义、拆词或巧记。
cet4-w-e54e1d893a9c1297f9db,defense,listed_related,true,fa9e92a1-4571-4a5e-97ba-ea2e48a4849a,defence,declared_variant,pending_content_review,同词命中仅建立审核入口；不自动复制释义、拆词或巧记。
cet4-w-ab0a9a54b304164ca66f,defensive,listed_related,false,,,none,new_content_required,无六级同词；后续查找有证据的词族关系。
cet4-w-03c5c9bbe5ac6f8aae8c,defiance,listed_related,false,da59172c-6d94-408b-9148-94fb0e8f11fa,defiance,exact,pending_content_review,同词命中仅建立审核入口；不自动复制释义、拆词或巧记。
cet4-w-a45b694c67dc2ed5afce,defiant,listed_related,false,,,none,new_content_required,无六级同词；后续查找有证据的词族关系。
cet4-w-8b195add62f13cc5fe55,deficiency,listed_related,false,44cb5bc3-d88f-4cac-be2b-302522d35d4b,deficiency,exact,pending_content_review,同词命中仅建立审核入口；不自动复制释义、拆词或巧记。
cet4-w-9e480b209823b8f961bf,deficient,headword,false,b94c63f5-48c7-4e94-8adf-7bef7550a040,deficient,exact,pending_content_review,同词命中仅建立审核入口；不自动复制释义、拆词或巧记。
cet4-w-806940b51ed7f4396244,deficit,headword,false,e82730e8-b111-425c-9905-97f9118a823f,deficit,exact,pending_content_review,同词命中仅建立审核入口；不自动复制释义、拆词或巧记。
cet4-w-a169780abf7de7786d15,define,headword,true,e9a8ae03-2473-49c2-b224-750009e2d9df,define,exact,pending_content_review,同词命中仅建立审核入口；不自动复制释义、拆词或巧记。
cet4-w-63f9017958c1e16a95b1,definite,headword,true,c0a978e9-2225-4824-85c0-ce7087bba7e4,definite,exact,pending_content_review,同词命中仅建立审核入口；不自动复制释义、拆词或巧记。
cet4-w-5ade6c46f9c35c1dc1ac,definitely,listed_related,true,25117393-1cd0-49b7-8e3e-2d0b3f6c02ab,definitely,exact,pending_content_review,同词命中仅建立审核入口；不自动复制释义、拆词或巧记。
cet4-w-443d2cc0526b75359d8d,definition,listed_related,true,c3364496-7aac-4638-bca9-8dfdf958e603,definition,exact,pending_content_review,同词命中仅建立审核入口；不自动复制释义、拆词或巧记。
cet4-w-c725858775098877dfaa,defy,headword,false,e35ac198-944c-48fc-99ce-53b36c1918a8,defy,exact,pending_content_review,同词命中仅建立审核入口；不自动复制释义、拆词或巧记。
cet4-w-9569506b3101ddd43afc,degree,headword,true,51aba54e-82ff-4040-9c6a-1e96f6e1e051,degree,exact,pending_content_review,同词命中仅建立审核入口；不自动复制释义、拆词或巧记。
cet4-w-f5c083c2c5c6ea81d710,delay,headword,true,,,none,new_content_required,无六级同词；后续查找有证据的词族关系。
cet4-w-c574c71e601def6e7ce1,delegate,headword,true,,,none,new_content_required,无六级同词；后续查找有证据的词族关系。
cet4-w-3e60dfe82550f7780fab,delegation,listed_related,true,,,none,new_content_required,无六级同词；后续查找有证据的词族关系。
cet4-w-f8437483852ef2b3b4d0,delete,headword,true,918d2ac0-3551-4656-b9a2-c4633d25313b,delete,exact,pending_content_review,同词命中仅建立审核入口；不自动复制释义、拆词或巧记。
cet4-w-e99f0448c2707291ff20,deletion,listed_related,false,3f9ab1ae-f008-4ddc-9158-977e43547700,deletion,exact,pending_content_review,同词命中仅建立审核入口；不自动复制释义、拆词或巧记。
cet4-w-7a80dae242aa1c45ac2c,deliberate,headword,true,f267417d-1c30-4551-a7d2-29b123ac2019,deliberate,exact,pending_content_review,同词命中仅建立审核入口；不自动复制释义、拆词或巧记。
cet4-w-e53e4427fbe7c5d51988,deliberation,listed_related,false,2cef2b43-ed76-4869-8662-4a841b75fbc1,deliberation,exact,pending_content_review,同词命中仅建立审核入口；不自动复制释义、拆词或巧记。
cet4-w-b35a6fb697e3976de94d,delicate,headword,true,3aae7f2f-bb92-4a67-ba11-0358bfa28e4a,delicate,exact,pending_content_review,同词命中仅建立审核入口；不自动复制释义、拆词或巧记。
cet4-w-6de4aefe6cba340bf7d6,delicious,headword,true,,,none,new_content_required,无六级同词；后续查找有证据的词族关系。
cet4-w-fd80f80bee3c253c9498,delight,headword,true,,,none,new_content_required,无六级同词；后续查找有证据的词族关系。
cet4-w-d5418fe00ca0746c12b0,delightful,listed_related,false,,,none,new_content_required,无六级同词；后续查找有证据的词族关系。
cet4-w-8d02b5972de44ca18052,deliver,headword,true,,,none,new_content_required,无六级同词；后续查找有证据的词族关系。
cet4-w-eea6b2618370a78065b8,delivery,listed_related,true,,,none,new_content_required,无六级同词；后续查找有证据的词族关系。
cet4-w-e788ae1b30300c3d5fd1,demand,headword,true,443c4f81-060e-4551-aaac-16368efcbc88,demand,exact,pending_content_review,同词命中仅建立审核入口；不自动复制释义、拆词或巧记。
cet4-w-ae2be157fca25b88dc79,demanding,listed_related,false,,,none,new_content_required,无六级同词；后续查找有证据的词族关系。
cet4-w-43cbd9b34cd10a37b01d,demo,listed_related,false,,,none,new_content_required,无六级同词；后续查找有证据的词族关系。
cet4-w-bf4878b984879fed4b24,democracy,headword,true,3a7f220d-6fdb-47d5-9390-8cde3f171c84,democracy,exact,pending_content_review,同词命中仅建立审核入口；不自动复制释义、拆词或巧记。
cet4-w-fb7ee2121bd5c43d6e40,democrat,listed_related,false,360b7a49-3328-4848-84fe-c1c5784c6e40,democrat,exact,pending_content_review,同词命中仅建立审核入口；不自动复制释义、拆词或巧记。
cet4-w-6790c074cfabeb446ac7,democratic,listed_related,true,612d3344-974c-40eb-80e3-85a95d8e394e,democratic,exact,pending_content_review,同词命中仅建立审核入口；不自动复制释义、拆词或巧记。
cet4-w-e07128afa06e20c99912,demonstrate,headword,true,58fdcafc-1a71-468b-9903-c4e8be9f07fc,demonstrate,exact,pending_content_review,同词命中仅建立审核入口；不自动复制释义、拆词或巧记。
cet4-w-e922fff69a6df6a183b6,demonstration,listed_related,false,77024e55-1a74-4d91-aa75-81ccd500bbd1,demonstration,exact,pending_content_review,同词命中仅建立审核入口；不自动复制释义、拆词或巧记。
cet4-w-337a854689c936ff6121,demonstrative,listed_related,false,,,none,new_content_required,无六级同词；后续查找有证据的词族关系。
cet4-w-c344dfe701600d89d85b,denial,listed_related,false,2ce80b24-893c-4a8f-8409-1d5df124175b,denial,exact,pending_content_review,同词命中仅建立审核入口；不自动复制释义、拆词或巧记。
cet4-w-d8e0d05433e3d711f979,dense,headword,true,79577ccf-ae55-45f7-94ca-a1a0e346f2ab,dense,exact,pending_content_review,同词命中仅建立审核入口；不自动复制释义、拆词或巧记。
cet4-w-a9683b19f5604294e40c,density,listed_related,true,,,none,new_content_required,无六级同词；后续查找有证据的词族关系。
cet4-w-76d8900e9fdce7ecc303,dent,headword,false,,,none,new_content_required,无六级同词；后续查找有证据的词族关系。
cet4-w-99368fa566196f354acf,dental,headword,false,,,none,new_content_required,无六级同词；后续查找有证据的词族关系。
cet4-w-8bfb6bdb009000e7f45c,dentist,headword,false,b0886c3f-328e-4df6-8e1d-47f1253a6288,dentist,exact,pending_content_review,同词命中仅建立审核入口；不自动复制释义、拆词或巧记。
cet4-w-fdeb4354c9b368057533,deny,headword,true,84247cf0-f44f-49ac-9323-6ee8673b917a,deny,exact,pending_content_review,同词命中仅建立审核入口；不自动复制释义、拆词或巧记。
cet4-w-0fdebd5fa4a9e2f00269,depart,headword,true,3b90f00a-f0a2-44b6-b309-e50676d9c443,depart,exact,pending_content_review,同词命中仅建立审核入口；不自动复制释义、拆词或巧记。
cet4-w-ceb4d8f5ae1829320b1a,department,headword,true,,,none,new_content_required,无六级同词；后续查找有证据的词族关系。
cet4-w-ca667a2aa41172205b11,departure,listed_related,true,43afec92-cfa6-4d4c-ae32-0771817ddcb8,departure,exact,pending_content_review,同词命中仅建立审核入口；不自动复制释义、拆词或巧记。
cet4-w-619fa19156232f114636,depend,headword,true,b4607a62-8012-4c61-9309-76a7d4e35c40,depend,exact,pending_content_review,同词命中仅建立审核入口；不自动复制释义、拆词或巧记。
cet4-w-14ef9d419c1ce60541fb,dependable,listed_related,false,,,none,new_content_required,无六级同词；后续查找有证据的词族关系。
cet4-w-5fe22645b51a916e6ef8,dependence,listed_related,false,,,none,new_content_required,无六级同词；后续查找有证据的词族关系。
cet4-w-ccc256cf4245a29a2f1b,dependent,listed_related,true,,,none,new_content_required,无六级同词；后续查找有证据的词族关系。
cet4-w-42a56df6c5757749079d,deposit,headword,true,3ffd51d3-5594-4b07-9828-c3ce33c06784,deposit,exact,pending_content_review,同词命中仅建立审核入口；不自动复制释义、拆词或巧记。
cet4-w-cd0fa4719c2ed848c7ce,depress,headword,true,cebb212d-6670-4a0d-bd8d-fb906fe95542,depress,exact,pending_content_review,同词命中仅建立审核入口；不自动复制释义、拆词或巧记。
cet4-w-2f8902e563b130793d6b,depression,listed_related,true,d1eca9d7-926d-4f41-8925-0b4b08c31d20,depression,exact,pending_content_review,同词命中仅建立审核入口；不自动复制释义、拆词或巧记。
cet4-w-f77e431d72f47abee64d,deprivation,listed_related,false,7a7407d8-f220-49cc-94a2-8128b478224b,deprivation,exact,pending_content_review,同词命中仅建立审核入口；不自动复制释义、拆词或巧记。
cet4-w-bc1b9fea2c13fd98e45d,deprive,headword,false,36422c9c-d967-4dd5-96d7-6c64d4411b06,deprive,exact,pending_content_review,同词命中仅建立审核入口；不自动复制释义、拆词或巧记。
cet4-w-dc7d51efc22c2764cecc,depth,headword|listed_related,true,,,none,new_content_required,无六级同词；后续查找有证据的词族关系。
cet4-w-e219f37363dc7ff22f18,deputy,headword,true,,,none,new_content_required,无六级同词；后续查找有证据的词族关系。
cet4-w-7c4a95e44fa8090d7645,derivation,listed_related,false,66671d58-cace-4139-8445-cf9b260d6d3d,derivation,exact,pending_content_review,同词命中仅建立审核入口；不自动复制释义、拆词或巧记。
cet4-w-69fd94068968e1f41368,derivative,listed_related,false,,,none,new_content_required,无六级同词；后续查找有证据的词族关系。
cet4-w-44c9428904d1a5da9bf0,derive,headword,true,6baa2a6f-72cc-4f3f-bd8d-e26cf27d5601,derive,exact,pending_content_review,同词命中仅建立审核入口；不自动复制释义、拆词或巧记。
cet4-w-96726e7b27ab910df932,descend,headword,true,a3fc8ab3-b7fa-4fb0-8296-e56f8a6307cb,descend,exact,pending_content_review,同词命中仅建立审核入口；不自动复制释义、拆词或巧记。
cet4-w-ff222937856c35c5c5fe,descendant,listed_related,false,36db6aca-17d6-457e-b900-39954ab7592f,descendant,exact,pending_content_review,同词命中仅建立审核入口；不自动复制释义、拆词或巧记。
cet4-w-c8ef8554490d04c1d8d9,descent,listed_related,false,89f3a4ad-18d2-4498-9b41-af46b343fdf6,descent,exact,pending_content_review,同词命中仅建立审核入口；不自动复制释义、拆词或巧记。
cet4-w-3d115ac72f6ca75bfc87,describe,headword,true,ad7df724-82b1-4fca-8d7d-c9ff1b183367,describe,exact,pending_content_review,同词命中仅建立审核入口；不自动复制释义、拆词或巧记。
cet4-w-dfff57c29a53faabbe00,description,listed_related,true,cf33c8c7-14f7-427a-a8aa-8d4d52a13992,description,exact,pending_content_review,同词命中仅建立审核入口；不自动复制释义、拆词或巧记。
cet4-w-cae796ee1b18bde01e4e,descriptive,listed_related,false,e3c2dc4a-4465-471a-9a43-f9b3a60d3c22,descriptive,exact,pending_content_review,同词命中仅建立审核入口；不自动复制释义、拆词或巧记。
cet4-w-38b7900b2e2919f0c8fd,desert,headword,true,5232981e-08e4-4bd7-956b-6350f5615b6b,desert,exact,pending_content_review,同词命中仅建立审核入口；不自动复制释义、拆词或巧记。
cet4-w-b58e1d54da2a93dcf231,desertion,listed_related,false,,,none,new_content_required,无六级同词；后续查找有证据的词族关系。
cet4-w-641b0a20e6d1f2b76a21,deserve,headword,true,7a939956-8f74-469d-9b6f-68bf5f24d116,deserve,exact,pending_content_review,同词命中仅建立审核入口；不自动复制释义、拆词或巧记。
cet4-w-f77357c16ffd794c446f,design,headword,true,36911b43-31e2-4d1d-8fcd-8d26a12012d6,design,exact,pending_content_review,同词命中仅建立审核入口；不自动复制释义、拆词或巧记。
cet4-w-4ed4ede9b3189e291a4e,designer,listed_related,false,d925d36e-7b8b-4147-99b4-140a3b1534aa,designer,exact,pending_content_review,同词命中仅建立审核入口；不自动复制释义、拆词或巧记。
cet4-w-b6c48b39f341ad902af7,desirability,listed_related,false,fb6de196-167c-4a89-8e52-34d80502b8e0,desirability,exact,pending_content_review,同词命中仅建立审核入口；不自动复制释义、拆词或巧记。
cet4-w-8914c1fd627f039efe18,desirable,listed_related,true,6cf1d874-47de-4487-b944-377b8c9e9130,desirable,exact,pending_content_review,同词命中仅建立审核入口；不自动复制释义、拆词或巧记。
cet4-w-cc80d38eba81cc655e76,desire,headword,true,620fe4d0-edcc-4fe5-8073-c90689c9d8f9,desire,exact,pending_content_review,同词命中仅建立审核入口；不自动复制释义、拆词或巧记。
cet4-w-20fbc13c11a7338f02db,desirous,listed_related,false,,,none,new_content_required,无六级同词；后续查找有证据的词族关系。
cet4-w-1657dd07e38f29d1e264,desk,headword,false,b3d3e1a5-d0b0-43c9-af63-7c04db3aee34,desk,exact,pending_content_review,同词命中仅建立审核入口；不自动复制释义、拆词或巧记。
cet4-w-cbf376fed6b3bd5336bc,desktop,headword,false,,,none,new_content_required,无六级同词；后续查找有证据的词族关系。
cet4-w-151e582294fa5fc5958a,despair,headword,true,,,none,new_content_required,无六级同词；后续查找有证据的词族关系。
cet4-w-17e22819a92bdc6ccd4a,despatch,headword,false,,,none,new_content_required,无六级同词；后续查找有证据的词族关系。
cet4-w-5bffffd768f190b56772,desperate,listed_related,true,37350da0-3612-4b2e-9897-5590785837ee,desperate,exact,pending_content_review,同词命中仅建立审核入口；不自动复制释义、拆词或巧记。
cet4-w-199474581cd95f61906f,despite,headword,true,e47b69c2-2705-4e49-884e-803732e7c663,despite,exact,pending_content_review,同词命中仅建立审核入口；不自动复制释义、拆词或巧记。
cet4-w-3bc6d4c4eb9549dbd85a,dessert,headword,false,bcb270eb-b1ae-4ff0-b270-a9a30fa82a6f,dessert,exact,pending_content_review,同词命中仅建立审核入口；不自动复制释义、拆词或巧记。
cet4-w-7713623899fa42f58bf7,destination,headword,true,32481c28-e42d-4c51-ae41-85ad48709d6e,destination,exact,pending_content_review,同词命中仅建立审核入口；不自动复制释义、拆词或巧记。
cet4-w-90ba04db02cdc6ed2347,destroy,headword,true,315e2ec8-156d-465f-964c-4d59a70099c2,destroy,exact,pending_content_review,同词命中仅建立审核入口；不自动复制释义、拆词或巧记。
cet4-w-ddabef2e01a6261ccd4d,destruction,listed_related,true,f3bab13f-b7c6-4008-8216-ea2d35ec9695,destruction,exact,pending_content_review,同词命中仅建立审核入口；不自动复制释义、拆词或巧记。
cet4-w-323f5a6a6a46ad24d0e0,destructive,listed_related,true,aa06e839-183f-427b-8120-010e6349f497,destructive,exact,pending_content_review,同词命中仅建立审核入口；不自动复制释义、拆词或巧记。
cet4-w-63162a181a2a111537db,detail,headword,true,e264128c-5fa4-4a89-9331-f31b922ab80a,detail,exact,pending_content_review,同词命中仅建立审核入口；不自动复制释义、拆词或巧记。
cet4-w-6ad4be45db50b1d446c3,detailed,listed_related,false,d3b66353-15ea-42f8-8d2f-eb50c77ac846,detailed,exact,pending_content_review,同词命中仅建立审核入口；不自动复制释义、拆词或巧记。
cet4-w-917fc4ce1630f426008e,detect,headword,true,1099d61e-6112-4a70-8ac6-c5d4866e5516,detect,exact,pending_content_review,同词命中仅建立审核入口；不自动复制释义、拆词或巧记。
cet4-w-26c454a331e3451e96ca,detection,listed_related,true,28860aa5-ea24-4602-9db1-f34355e086f4,detection,exact,pending_content_review,同词命中仅建立审核入口；不自动复制释义、拆词或巧记。
cet4-w-e2c4ef839c230f510870,detective,listed_related,false,15963430-7534-4819-8e21-e62c21507cd9,detective,exact,pending_content_review,同词命中仅建立审核入口；不自动复制释义、拆词或巧记。
cet4-w-217964b89203792e585c,deteriorate,headword,false,19468bf3-a409-4b02-a779-e9206706fed9,deteriorate,exact,pending_content_review,同词命中仅建立审核入口；不自动复制释义、拆词或巧记。
cet4-w-51892a4346c6d6cb4cd1,deterioration,listed_related,false,4d83b0bd-137c-4577-bdb4-182d79151c91,deterioration,exact,pending_content_review,同词命中仅建立审核入口；不自动复制释义、拆词或巧记。
cet4-w-7d720497dea5ebdac773,determination,listed_related,true,,,none,new_content_required,无六级同词；后续查找有证据的词族关系。
cet4-w-8c6609513564399a14df,determine,headword,true,,,none,new_content_required,无六级同词；后续查找有证据的词族关系。
cet4-w-9fb7d6f40584b1aa38ff,determined,listed_related,false,,,none,new_content_required,无六级同词；后续查找有证据的词族关系。
cet4-w-8ad101938247e6865c88,develop,headword,false,,,none,new_content_required,无六级同词；后续查找有证据的词族关系。
cet4-w-c5c54afccb31e70c42fd,developer,listed_related,false,,,none,new_content_required,无六级同词；后续查找有证据的词族关系。
cet4-w-a5e7a1ee70f4a4aee040,development,listed_related,false,,,none,new_content_required,无六级同词；后续查找有证据的词族关系。
cet4-w-ff5d800c557fab9799c9,developmental,listed_related,false,,,none,new_content_required,无六级同词；后续查找有证据的词族关系。
cet4-w-4b5f624085344c7da1a5,device,headword,true,3390f1f3-b7be-4f63-900a-7064bc3a0393,device,exact,pending_content_review,同词命中仅建立审核入口；不自动复制释义、拆词或巧记。
cet4-w-c6d84120f93cca32129f,devil,headword,true,dd9bf75e-3c31-47f7-a067-e61ca74ab396,devil,exact,pending_content_review,同词命中仅建立审核入口；不自动复制释义、拆词或巧记。
cet4-w-c6b7d4634bf43142fe7a,devise,headword,true,60cdbf38-9964-46da-b2e1-bc1b075249bf,devise,exact,pending_content_review,同词命中仅建立审核入口；不自动复制释义、拆词或巧记。
cet4-w-6781c6d624ece6c65cc6,devote,headword,true,b0c2d93b-9a01-4c9c-a53e-51719c87186f,devote,exact,pending_content_review,同词命中仅建立审核入口；不自动复制释义、拆词或巧记。
cet4-w-2dd3f2d3aa5040107557,devotion,listed_related,false,053a3137-ee90-4f3f-a691-00cc17db8d78,devotion,exact,pending_content_review,同词命中仅建立审核入口；不自动复制释义、拆词或巧记。
cet4-w-7bc065b7da6e5437ba0e,dew,headword,true,,,none,new_content_required,无六级同词；后续查找有证据的词族关系。
cet4-w-c5de5459534274f0f98e,diabetes,headword,false,,,none,new_content_required,无六级同词；后续查找有证据的词族关系。
cet4-w-9b6a8d25e15f7ad675cb,diagnose,headword,false,376834d8-b85d-4796-912c-3a946f7a0933,diagnose,exact,pending_content_review,同词命中仅建立审核入口；不自动复制释义、拆词或巧记。
cet4-w-9240b2796ecc109168ef,diagnosis,listed_related,false,666c7671-4902-431c-814f-8d0c25c513da,diagnosis,exact,pending_content_review,同词命中仅建立审核入口；不自动复制释义、拆词或巧记。
cet4-w-8670a68c27b471b5d3ed,diagram,headword,true,,,none,new_content_required,无六级同词；后续查找有证据的词族关系。
cet4-w-3509008c2e757155c1de,dial,headword,true,3e40d506-dc89-41c0-8d43-d9316732d833,dial,exact,pending_content_review,同词命中仅建立审核入口；不自动复制释义、拆词或巧记。
cet4-w-499999cdfee9a8d76d45,dialect,headword,true,,,none,new_content_required,无六级同词；后续查找有证据的词族关系。
cet4-w-4e771276a3380b45b2e0,dialog,headword,true,d4225556-7ad1-4b57-ab84-5fe69a211db7,dialogue,declared_variant,pending_content_review,同词命中仅建立审核入口；不自动复制释义、拆词或巧记。
cet4-w-1ed319891f2050b4d8ab,diameter,headword,true,,,none,new_content_required,无六级同词；后续查找有证据的词族关系。
cet4-w-61edd191040dcabbb321,diamond,headword,true,,,none,new_content_required,无六级同词；后续查找有证据的词族关系。
cet4-w-4ec39bd33fc5c0e6b26e,diary,headword,true,,,none,new_content_required,无六级同词；后续查找有证据的词族关系。
cet4-w-858bd1d1f00343af13d6,dictate,headword,true,d7a30b66-61a4-410a-8ec2-b72ce9d764bb,dictate,exact,pending_content_review,同词命中仅建立审核入口；不自动复制释义、拆词或巧记。
cet4-w-06d8e940c183f2e10ee8,dictation,listed_related,true,bbf44d9d-e377-4114-a0d0-a7063f0f1053,dictation,exact,pending_content_review,同词命中仅建立审核入口；不自动复制释义、拆词或巧记。
cet4-w-d6e4a4618314a746c6a0,dictator,listed_related,false,e65f26d3-80be-4bbb-bd67-4623b044c832,dictator,exact,pending_content_review,同词命中仅建立审核入口；不自动复制释义、拆词或巧记。
cet4-w-03e3a42d4d90437e8b65,dictionary,headword,false,,,none,new_content_required,无六级同词；后续查找有证据的词族关系。
cet4-w-64a0fb9bca3888223de9,die,headword,false,,,none,new_content_required,无六级同词；后续查找有证据的词族关系。
cet4-w-2e5db707fd8c3c4b696c,diet,headword,true,,,none,new_content_required,无六级同词；后续查找有证据的词族关系。
cet4-w-3760f784a5cf1f6291f1,dietary,listed_related,false,,,none,new_content_required,无六级同词；后续查找有证据的词族关系。
cet4-w-e015872387d059c5ca84,differ,headword,true,,,none,new_content_required,无六级同词；后续查找有证据的词族关系。
cet4-w-ed0731476593cef2bc34,difference,listed_related,true,,,none,new_content_required,无六级同词；后续查找有证据的词族关系。
cet4-w-dc52205333f217840d59,different,listed_related,false,ca520c00-74a7-4609-975d-996331f58b31,different,exact,pending_content_review,同词命中仅建立审核入口；不自动复制释义、拆词或巧记。
cet4-w-60cc8c7c162f25ca6a0c,difficult,headword,false,,,none,new_content_required,无六级同词；后续查找有证据的词族关系。
cet4-w-81df663c991fc6c3fbc8,difficulty,listed_related,true,,,none,new_content_required,无六级同词；后续查找有证据的词族关系。
cet4-w-b22dfcbf836799acf9c6,dig,headword,false,be6ff9ee-deea-4e42-a3c0-f2db741f8cb7,dig,exact,pending_content_review,同词命中仅建立审核入口；不自动复制释义、拆词或巧记。
cet4-w-5b6da06f1aebd98486ad,digest,headword,true,e2485b92-182d-4f91-9462-dfb785ee8e9d,digest,exact,pending_content_review,同词命中仅建立审核入口；不自动复制释义、拆词或巧记。
cet4-w-66d923e8c1cd8b18bbd8,digestion,listed_related,false,d45ce9aa-22fd-431e-97a2-8d0c331ca802,digestion,exact,pending_content_review,同词命中仅建立审核入口；不自动复制释义、拆词或巧记。
cet4-w-a697b8f35c9da39e6ce8,digestive,listed_related,false,47c57fa1-b988-4ec8-b48a-a02125c460b7,digestive,exact,pending_content_review,同词命中仅建立审核入口；不自动复制释义、拆词或巧记。
cet4-w-6d7407cc43a662079311,digit,headword,false,,,none,new_content_required,无六级同词；后续查找有证据的词族关系。
cet4-w-7d5be192840dd39ee523,digital,listed_related,true,,,none,new_content_required,无六级同词；后续查找有证据的词族关系。
cet4-w-708aa497ea2895c7dfac,dignify,listed_related,false,,,none,new_content_required,无六级同词；后续查找有证据的词族关系。
cet4-w-9ae5d7b513bae979ba30,dignity,headword,false,a3197867-0800-4e90-9a98-2d4890c74853,dignity,exact,pending_content_review,同词命中仅建立审核入口；不自动复制释义、拆词或巧记。
cet4-w-7d2236ffca269e8ae080,dilemma,headword,false,d6dee250-1d13-4587-b946-30b9bc9213c7,dilemma,exact,pending_content_review,同词命中仅建立审核入口；不自动复制释义、拆词或巧记。
cet4-w-11ae5db018daf3d699ab,diligence,listed_related,false,3c5feb05-b310-4ba7-8f47-79baa4125c51,diligence,exact,pending_content_review,同词命中仅建立审核入口；不自动复制释义、拆词或巧记。
cet4-w-4b1ec4406cfc3d8c9a48,diligent,headword,true,77d3952e-0162-4926-9f1b-695c907e875a,diligent,exact,pending_content_review,同词命中仅建立审核入口；不自动复制释义、拆词或巧记。
cet4-w-816f2406db54ddff539f,dim,headword,true,ad0c0c2c-a7ab-41df-935c-1de0f68c0198,dim,exact,pending_content_review,同词命中仅建立审核入口；不自动复制释义、拆词或巧记。
cet4-w-ec9cdde5f6f1315a4dbd,dime,headword,false,,,none,new_content_required,无六级同词；后续查找有证据的词族关系。
cet4-w-043cd07aec5df2bfcb2f,dimension,headword,true,1e2a425a-d0db-412c-a885-dc12c0296eee,dimension,exact,pending_content_review,同词命中仅建立审核入口；不自动复制释义、拆词或巧记。
cet4-w-1a5e782e0634b9ad0dca,dimensional,listed_related,false,ec0d1e23-e405-4fa2-8feb-46881b44f5bf,dimensional,exact,pending_content_review,同词命中仅建立审核入口；不自动复制释义、拆词或巧记。
cet4-w-a1bff3891a4c5073f952,dine,headword,false,68580510-d969-4d44-b327-1446c83a6650,dine,exact,pending_content_review,同词命中仅建立审核入口；不自动复制释义、拆词或巧记。
cet4-w-2e972c6cd2fb9280b844,diner,listed_related,false,ebf84b7b-b6d3-4000-8b5b-1450c5c5f312,diner,exact,pending_content_review,同词命中仅建立审核入口；不自动复制释义、拆词或巧记。
cet4-w-ddf3f3071024eaae1d0a,dinner,headword,false,76afc2d3-afab-452d-8990-5184fe241f10,dinner,exact,pending_content_review,同词命中仅建立审核入口；不自动复制释义、拆词或巧记。
cet4-w-34c0646ee0feeadc07ed,dioxide,headword,false,4832e929-41aa-4b03-b5cf-08c94c2db27b,dioxide,exact,pending_content_review,同词命中仅建立审核入口；不自动复制释义、拆词或巧记。
cet4-w-32a06f240f92bec5ed74,dip,headword,true,,,none,new_content_required,无六级同词；后续查找有证据的词族关系。
cet4-w-78be4da2531122a0190f,diploma,headword,false,378ecc9f-901b-4cf4-8238-b88206627769,diploma,exact,pending_content_review,同词命中仅建立审核入口；不自动复制释义、拆词或巧记。
cet4-w-4620aa543a8e5bd5799d,diplomacy,listed_related,false,bd6f70e0-7570-449a-84ec-e7a64eb537d9,diplomacy,exact,pending_content_review,同词命中仅建立审核入口；不自动复制释义、拆词或巧记。
cet4-w-6842f549991043a3a4a7,diplomat,headword,false,538cdeb4-6fdd-4dda-bd9b-b01639b9a92a,diplomat,exact,pending_content_review,同词命中仅建立审核入口；不自动复制释义、拆词或巧记。
cet4-w-f83dc1993b9e002423fb,diplomatic,listed_related,false,,,none,new_content_required,无六级同词；后续查找有证据的词族关系。
cet4-w-dc4c39ebe4e9ee871dcf,direct,headword,true,88323c21-6ab4-4258-b618-762b40583bea,direct,exact,pending_content_review,同词命中仅建立审核入口；不自动复制释义、拆词或巧记。
cet4-w-38edc1525248153d2f97,direction,listed_related,true,,,none,new_content_required,无六级同词；后续查找有证据的词族关系。
cet4-w-0c732c2817c1048f0403,director,listed_related,true,48f0d7ef-8165-493d-8d1b-64768973dddf,director,exact,pending_content_review,同词命中仅建立审核入口；不自动复制释义、拆词或巧记。
cet4-w-317660b4edbcac5f03d3,dirt,headword,true,,,none,new_content_required,无六级同词；后续查找有证据的词族关系。
cet4-w-db423eede47f0a97893c,dirty,listed_related,false,,,none,new_content_required,无六级同词；后续查找有证据的词族关系。
cet4-w-bb2167868de68dff35f9,disability,listed_related,false,db448baf-1ad9-4b3c-83d7-b801ecb5f002,disability,exact,pending_content_review,同词命中仅建立审核入口；不自动复制释义、拆词或巧记。
cet4-w-f41aa887a6195a11b2ae,disable,headword,true,6914e165-c908-497f-8d3f-25414e409d85,disable,exact,pending_content_review,同词命中仅建立审核入口；不自动复制释义、拆词或巧记。
cet4-w-8bcbba84a7d7eab25b03,disabled,listed_related,false,bdbec4e3-6649-4c31-981c-b5fb4c1f0667,disabled,exact,pending_content_review,同词命中仅建立审核入口；不自动复制释义、拆词或巧记。
cet4-w-47da75230a7f7c2cbcf7,disagree,headword,true,318796cf-b684-4a58-b945-2ddcc5609c55,disagree,exact,pending_content_review,同词命中仅建立审核入口；不自动复制释义、拆词或巧记。
cet4-w-cbf74c2b9c351b133282,disagreement,listed_related,false,f33b38f6-79bb-4750-9a0e-c5067cf2886c,disagreement,exact,pending_content_review,同词命中仅建立审核入口；不自动复制释义、拆词或巧记。
cet4-w-387a88fcc798a6cf8d7d,disappear,headword,true,,,none,new_content_required,无六级同词；后续查找有证据的词族关系。
cet4-w-822f11c9ffc53739f541,disappearance,listed_related,false,,,none,new_content_required,无六级同词；后续查找有证据的词族关系。
cet4-w-347329d75f319ea07cec,disappoint,headword,true,,,none,new_content_required,无六级同词；后续查找有证据的词族关系。
cet4-w-ca7afabfdc32e9e04f63,disappointing,listed_related,false,,,none,new_content_required,无六级同词；后续查找有证据的词族关系。
cet4-w-48f3a1a1c8cd4370d14c,disappointment,listed_related,false,,,none,new_content_required,无六级同词；后续查找有证据的词族关系。
cet4-w-14b9863c13d25d01adb9,disapproval,listed_related,false,,,none,new_content_required,无六级同词；后续查找有证据的词族关系。
cet4-w-35ee5d5d152784575824,disapprove,headword,true,,,none,new_content_required,无六级同词；后续查找有证据的词族关系。
cet4-w-1725dc094c894600ca24,disaster,headword,true,828459cc-a3f4-4e66-9776-b781ea9d3c27,disaster,exact,pending_content_review,同词命中仅建立审核入口；不自动复制释义、拆词或巧记。
cet4-w-a650ecae8629e92ce7b0,disastrous,listed_related,false,116944b6-bb2e-4987-af9d-d9e9560a9a23,disastrous,exact,pending_content_review,同词命中仅建立审核入口；不自动复制释义、拆词或巧记。
cet4-w-ecee7b4c23662558890c,discard,headword,true,3484d219-af05-46f1-b98a-c5d3e2b56c86,discard,exact,pending_content_review,同词命中仅建立审核入口；不自动复制释义、拆词或巧记。
cet4-w-c864c2c64efc018ced94,discharge,headword,true,9cbddc3d-0ae9-46db-b81c-48b8163b9c27,discharge,exact,pending_content_review,同词命中仅建立审核入口；不自动复制释义、拆词或巧记。
cet4-w-b349b7c51252222688d7,disciplinary,listed_related,false,,,none,new_content_required,无六级同词；后续查找有证据的词族关系。
cet4-w-441b6a6180ed5033824d,discipline,headword,true,da56a481-7a5f-424e-8276-4f444a9b3e19,discipline,exact,pending_content_review,同词命中仅建立审核入口；不自动复制释义、拆词或巧记。
cet4-w-f9edcd3213541606b12b,disciplined,listed_related,false,3cf67b51-bf27-408a-bddd-09a6805f45e6,disciplined,exact,pending_content_review,同词命中仅建立审核入口；不自动复制释义、拆词或巧记。
cet4-w-77808d401f494a705d2b,disco,headword,false,,,none,new_content_required,无六级同词；后续查找有证据的词族关系。
cet4-w-1f436a85b06327a31b24,discount,headword,true,2beb53c6-823b-4981-89cb-74fbfe52c19a,discount,exact,pending_content_review,同词命中仅建立审核入口；不自动复制释义、拆词或巧记。
cet4-w-bddc7a1e3ac6213eca97,discourage,headword,true,92203f09-3981-4b0f-a6c6-f0f7179c4c09,discourage,exact,pending_content_review,同词命中仅建立审核入口；不自动复制释义、拆词或巧记。
cet4-w-2ee4ac12b52bbd7d9bdc,discover,headword,true,,,none,new_content_required,无六级同词；后续查找有证据的词族关系。
cet4-w-1997ffa03bcc9336e9d5,discovery,listed_related,true,,,none,new_content_required,无六级同词；后续查找有证据的词族关系。
cet4-w-fd69cc28f1ff3746fb6a,discriminate,headword,false,42ec8eae-9fb9-4ae2-98e3-64c791ed9fb9,discriminate,exact,pending_content_review,同词命中仅建立审核入口；不自动复制释义、拆词或巧记。
cet4-w-9b3b7ed08b6e25848592,discrimination,listed_related,true,9e780e65-beff-49ad-a531-5353f000d2f2,discrimination,exact,pending_content_review,同词命中仅建立审核入口；不自动复制释义、拆词或巧记。
cet4-w-0af7a5b1a71d093a1afb,discriminatory,listed_related,false,b0359584-0876-4471-8fa7-9d71ad1293a4,discriminatory,exact,pending_content_review,同词命中仅建立审核入口；不自动复制释义、拆词或巧记。
cet4-w-6af3212ae9f03fafe886,discuss,headword,false,,,none,new_content_required,无六级同词；后续查找有证据的词族关系。
cet4-w-fc460eda29ee3643e579,discussion,listed_related,true,,,none,new_content_required,无六级同词；后续查找有证据的词族关系。
cet4-w-525cc27b6b8dfd55fcca,disease,headword,true,db1ffd14-5244-4145-9328-763b789ad78a,disease,exact,pending_content_review,同词命中仅建立审核入口；不自动复制释义、拆词或巧记。
cet4-w-04794c482f37798497cc,disguise,headword,true,06ffbc10-b7e4-4a18-b22e-85f6e04a4313,disguise,exact,pending_content_review,同词命中仅建立审核入口；不自动复制释义、拆词或巧记。
cet4-w-2efa814ad246900aff22,disgust,headword,true,81ef97e1-91ce-4adb-8b91-ad9ac2f5b2f8,disgust,exact,pending_content_review,同词命中仅建立审核入口；不自动复制释义、拆词或巧记。
cet4-w-ad5ad651c93ba3d65d11,disgusting,listed_related,false,895436f7-a340-47eb-8d8b-df363e164ff2,disgusting,exact,pending_content_review,同词命中仅建立审核入口；不自动复制释义、拆词或巧记。
cet4-w-1a3fc3ea42100fdae5c4,dish,headword,false,,,none,new_content_required,无六级同词；后续查找有证据的词族关系。
cet4-w-1163e94226e0e76a9589,disintegrate,headword,false,,,none,new_content_required,无六级同词；后续查找有证据的词族关系。
cet4-w-5715fb1412bb7bd62d3e,disintegration,listed_related,false,,,none,new_content_required,无六级同词；后续查找有证据的词族关系。
cet4-w-5ca17bfe64caf6cf9d68,disk,headword,true,,,none,new_content_required,无六级同词；后续查找有证据的词族关系。
cet4-w-ff6cc4843f138fc9ca8e,dislike,headword,true,79bf3859-b380-46e1-826d-11b5a82939d0,dislike,exact,pending_content_review,同词命中仅建立审核入口；不自动复制释义、拆词或巧记。
cet4-w-4d3b4a821c5baecdd951,dismiss,headword,true,c47d59b8-b1db-4e23-9418-340c36d90314,dismiss,exact,pending_content_review,同词命中仅建立审核入口；不自动复制释义、拆词或巧记。
cet4-w-6c57cae5eb10599841cb,dismissal,listed_related,false,e2882320-3832-4de5-b78d-07e8f2d3faf3,dismissal,exact,pending_content_review,同词命中仅建立审核入口；不自动复制释义、拆词或巧记。
cet4-w-6811e24c6ca73d13f7a9,disorder,headword,true,560a69bb-c5c8-44a1-b2a2-b84f6f7cf823,disorder,exact,pending_content_review,同词命中仅建立审核入口；不自动复制释义、拆词或巧记。
cet4-w-755e10ce5742bd7137b3,display,headword,true,adda2809-952b-4f93-96a8-f671a978220f,display,exact,pending_content_review,同词命中仅建立审核入口；不自动复制释义、拆词或巧记。
cet4-w-efbbca4e7b89cd74aff5,disposal,listed_related,true,7661f38f-868b-40db-b5e6-0d8870245ac6,disposal,exact,pending_content_review,同词命中仅建立审核入口；不自动复制释义、拆词或巧记。
cet4-w-62a7416c0f1ef07e7568,dispose,headword,true,e3e5014d-271b-4b8c-adae-e72d2e6b4ef1,dispose,exact,pending_content_review,同词命中仅建立审核入口；不自动复制释义、拆词或巧记。
cet4-w-c9820b234a1880192020,disputable,listed_related,false,ee019d53-86a7-4d90-98c5-22fcb18da2b0,disputable,exact,pending_content_review,同词命中仅建立审核入口；不自动复制释义、拆词或巧记。
cet4-w-b86d0ef2293bca139a8b,dispute,headword,true,ca619d95-cf02-4363-a847-8b9878e0b057,dispute,exact,pending_content_review,同词命中仅建立审核入口；不自动复制释义、拆词或巧记。
cet4-w-f3b4dcad4258d6257053,disrupt,headword,false,335a2168-5dfb-4479-b6eb-39f32060f431,disrupt,exact,pending_content_review,同词命中仅建立审核入口；不自动复制释义、拆词或巧记。
cet4-w-60a1f92a4911b0f4db46,disruption,listed_related,false,44aae446-b925-40f5-bfdc-3525ec531723,disruption,exact,pending_content_review,同词命中仅建立审核入口；不自动复制释义、拆词或巧记。
cet4-w-77523b3aa61de53c8c34,disruptive,listed_related,false,7afe1701-b77c-495c-bf4e-8e9f835a9108,disruptive,exact,pending_content_review,同词命中仅建立审核入口；不自动复制释义、拆词或巧记。
cet4-w-2dd9c102360a3087669e,dissolve,headword,true,1da0126d-29df-4db3-b671-4b31ec162214,dissolve,exact,pending_content_review,同词命中仅建立审核入口；不自动复制释义、拆词或巧记。
cet4-w-79d11cda7dad77f3f195,distance,headword,true,d7c74686-3284-4a60-b760-de5b29c90c1b,distance,exact,pending_content_review,同词命中仅建立审核入口；不自动复制释义、拆词或巧记。
cet4-w-ce70810ad0a2809f11fa,distant,listed_related,true,278b104f-5f8a-48bb-bfcb-59f0622e0325,distant,exact,pending_content_review,同词命中仅建立审核入口；不自动复制释义、拆词或巧记。
cet4-w-28e7767ac041107bd1d1,distinct,headword,true,6b648358-28cf-4789-826a-4f349648c6fb,distinct,exact,pending_content_review,同词命中仅建立审核入口；不自动复制释义、拆词或巧记。
cet4-w-0bdd8c2b5d1ea9962442,distinction,listed_related,true,2fbbde49-698d-44c2-8457-dadc86d3050d,distinction,exact,pending_content_review,同词命中仅建立审核入口；不自动复制释义、拆词或巧记。
cet4-w-fa0ee8f89436d077805b,distinctive,listed_related,false,55da594e-f160-48ad-9cb3-bddacc080ca8,distinctive,exact,pending_content_review,同词命中仅建立审核入口；不自动复制释义、拆词或巧记。
cet4-w-2214cc47356831dafced,distinguish,headword,true,8d2cce12-10d6-45ae-b07a-ec29cec78a4a,distinguish,exact,pending_content_review,同词命中仅建立审核入口；不自动复制释义、拆词或巧记。
cet4-w-3c3090d32021ed638a64,distinguishable,listed_related,false,19fd79f0-171a-461d-bbd7-60401909935f,distinguishable,exact,pending_content_review,同词命中仅建立审核入口；不自动复制释义、拆词或巧记。
cet4-w-36a2aad4c2d2a043f02f,distract,headword,false,50ba7f89-5a42-495b-b502-6c57b8a1451c,distract,exact,pending_content_review,同词命中仅建立审核入口；不自动复制释义、拆词或巧记。
cet4-w-10f385cef849b5593801,distraction,listed_related,false,8c582d4b-1a2d-420e-bf1c-060cbd693d20,distraction,exact,pending_content_review,同词命中仅建立审核入口；不自动复制释义、拆词或巧记。
cet4-w-e931e6d68361d2916192,distress,headword,true,,,none,new_content_required,无六级同词；后续查找有证据的词族关系。
cet4-w-cae0e3bc1e2040be648d,distressful,listed_related,false,,,none,new_content_required,无六级同词；后续查找有证据的词族关系。
cet4-w-1f45be9473d623c78561,distribute,headword,true,0b80e982-3d17-4ed4-8699-3a9feaa8443b,distribute,exact,pending_content_review,同词命中仅建立审核入口；不自动复制释义、拆词或巧记。
cet4-w-1379a24120b10f800ad9,distribution,listed_related,true,a9fb393f-2089-4921-a57b-d53f56fe16af,distribution,exact,pending_content_review,同词命中仅建立审核入口；不自动复制释义、拆词或巧记。
cet4-w-feb4ba73e9c045b15291,distributive,listed_related,false,23ddfe89-09e1-4ced-b717-c740e12705fe,distributive,exact,pending_content_review,同词命中仅建立审核入口；不自动复制释义、拆词或巧记。
cet4-w-ccfae1707fd6c09a58fe,district,headword,true,,,none,new_content_required,无六级同词；后续查找有证据的词族关系。
cet4-w-1022fc8f891c9507a2d5,disturb,headword,true,f61838aa-1a4f-40c0-b35e-9f87403ec854,disturb,exact,pending_content_review,同词命中仅建立审核入口；不自动复制释义、拆词或巧记。
cet4-w-18749922cfb217095122,disturbance,listed_related,false,7674f79a-35e7-4c9a-82fd-20a2d3b73a66,disturbance,exact,pending_content_review,同词命中仅建立审核入口；不自动复制释义、拆词或巧记。
cet4-w-3e67b74dd7ef56b041f0,ditch,headword,true,,,none,new_content_required,无六级同词；后续查找有证据的词族关系。
cet4-w-b3b8146751e8f9cb70bf,dive,headword,true,,,none,new_content_required,无六级同词；后续查找有证据的词族关系。
cet4-w-6703db938d8e2726616c,diverse,headword,true,0147fe9e-829b-4d2f-8ef2-fdddeacc913f,diverse,exact,pending_content_review,同词命中仅建立审核入口；不自动复制释义、拆词或巧记。
cet4-w-d10c37338a93e7e6cdd6,diversify,listed_related,false,d3fa8e6c-fcbf-4788-a85b-16235438b792,diversify,exact,pending_content_review,同词命中仅建立审核入口；不自动复制释义、拆词或巧记。
cet4-w-d297a7e0cd38e2afc489,diversity,listed_related,false,c68d6b2d-156e-44da-a5b8-0b4531faefa6,diversity,exact,pending_content_review,同词命中仅建立审核入口；不自动复制释义、拆词或巧记。
cet4-w-8d73f2e50238a73581c5,divide,headword,true,4dab4c11-8ee4-443a-b76f-b51e0635e3ea,divide,exact,pending_content_review,同词命中仅建立审核入口；不自动复制释义、拆词或巧记。
cet4-w-43d5d3b2eb71158c60e1,division,listed_related,true,,,none,new_content_required,无六级同词；后续查找有证据的词族关系。
cet4-w-d10a0c9a9dfd43bb0fac,divisive,listed_related,false,,,none,new_content_required,无六级同词；后续查找有证据的词族关系。
cet4-w-6cb270be7283dc5cf7dd,divorce,headword,true,29d899f8-1854-43bc-9119-6d170e772dc0,divorce,exact,pending_content_review,同词命中仅建立审核入口；不自动复制释义、拆词或巧记。
cet4-w-e7bcdb7bacfde2f680ca,dizzy,headword,false,62477e8c-f09e-43c2-951b-132710cda0aa,dizzy,exact,pending_content_review,同词命中仅建立审核入口；不自动复制释义、拆词或巧记。
cet4-w-48f7296638bf133bf6cf,do,headword,false,,,none,new_content_required,无六级同词；后续查找有证据的词族关系。
cet4-w-5a993723fe809b667bf0,dock,headword,true,001afbad-8238-4ca3-aa1b-e9672c7f9254,dock,exact,pending_content_review,同词命中仅建立审核入口；不自动复制释义、拆词或巧记。
cet4-w-a707497b1f093a71b15d,doctor,headword,false,,,none,new_content_required,无六级同词；后续查找有证据的词族关系。
cet4-w-64a76bf870c872f8d508,doctoral,listed_related,false,,,none,new_content_required,无六级同词；后续查找有证据的词族关系。
cet4-w-be8bd00fe1fb8834e983,doctorate,listed_related,false,,,none,new_content_required,无六级同词；后续查找有证据的词族关系。
cet4-w-9ccb69358fd2b9255e2f,document,headword,true,,,none,new_content_required,无六级同词；后续查找有证据的词族关系。
cet4-w-f9ab8d52c296f228709a,documentary,listed_related,false,,,none,new_content_required,无六级同词；后续查找有证据的词族关系。
cet4-w-0655c308433e28948724,dog,headword,false,452a00e1-a307-4af5-bd72-637651f450f9,dog,exact,pending_content_review,同词命中仅建立审核入口；不自动复制释义、拆词或巧记。
cet4-w-eac26a436dbb1e6b4d72,doll,headword,false,,,none,new_content_required,无六级同词；后续查找有证据的词族关系。
cet4-w-1b6cf8c4f40e1c104a36,dollar,headword,false,,,none,new_content_required,无六级同词；后续查找有证据的词族关系。
cet4-w-c8dfd7acd3b3c15354d2,dolphin,headword,false,a22c4fe2-fc32-47c8-842c-445cc8021e7f,dolphin,exact,pending_content_review,同词命中仅建立审核入口；不自动复制释义、拆词或巧记。
cet4-w-5cc87bf4559216113ce7,domestic,headword,true,688831db-5cec-451e-9797-c687c02ded92,domestic,exact,pending_content_review,同词命中仅建立审核入口；不自动复制释义、拆词或巧记。
cet4-w-6e74169ca489a07e937b,dominance,listed_related,false,d9588342-92e0-4dac-89aa-96d864f1cd3c,dominance,exact,pending_content_review,同词命中仅建立审核入口；不自动复制释义、拆词或巧记。
cet4-w-cc4efc17aadb84d52ea6,dominant,listed_related,false,6c419149-0e9f-4939-91b0-6a5ccbdd7578,dominant,exact,pending_content_review,同词命中仅建立审核入口；不自动复制释义、拆词或巧记。
cet4-w-e8b3b236f23de683e84a,dominate,headword,true,2658990c-cfff-447c-b726-f788857b0414,dominate,exact,pending_content_review,同词命中仅建立审核入口；不自动复制释义、拆词或巧记。
cet4-w-298b013c5861142efbcb,domination,listed_related,false,c8f419f9-0fd9-4938-a629-5fae079bdacf,domination,exact,pending_content_review,同词命中仅建立审核入口；不自动复制释义、拆词或巧记。
cet4-w-accd15dca672e64dea3a,donate,headword,false,bcd119d6-164b-434d-9a11-20aedb4d7c27,donate,exact,pending_content_review,同词命中仅建立审核入口；不自动复制释义、拆词或巧记。
cet4-w-b8a224eb19f1dbe4be51,donation,listed_related,false,611550e1-d998-48af-a227-a2d6d2b7b967,donation,exact,pending_content_review,同词命中仅建立审核入口；不自动复制释义、拆词或巧记。
cet4-w-727b6c55b6585f9a67f0,donkey,headword,true,,,none,new_content_required,无六级同词；后续查找有证据的词族关系。
cet4-w-570b9efd2c5cd2c89180,donor,listed_related,false,,,none,new_content_required,无六级同词；后续查找有证据的词族关系。
cet4-w-12ccbed0bc706ef2839a,doom,headword,false,af847e58-aadb-44d2-87db-0a2087c48a95,doom,exact,pending_content_review,同词命中仅建立审核入口；不自动复制释义、拆词或巧记。
cet4-w-8e3ce57cc020d54acb5b,door,headword,false,ba34f186-79ba-4c37-8ad8-4f2cd24f2415,door,exact,pending_content_review,同词命中仅建立审核入口；不自动复制释义、拆词或巧记。
cet4-w-e06d995f644b107c651d,dorm,headword,true,,,none,new_content_required,无六级同词；后续查找有证据的词族关系。
cet4-w-b29b404d69035fc98c28,dormitory,headword,true,,,none,new_content_required,无六级同词；后续查找有证据的词族关系。
cet4-w-228ca54e38503eb1d77f,dosage,listed_related,false,fbf269c7-649f-4baf-b48d-0ce9f0029a3d,dosage,exact,pending_content_review,同词命中仅建立审核入口；不自动复制释义、拆词或巧记。
cet4-w-1e7924933ac59ad5714d,dose,headword,true,0cbba865-96c5-4f6d-b69d-aa71f1622d79,dose,exact,pending_content_review,同词命中仅建立审核入口；不自动复制释义、拆词或巧记。
cet4-w-86f3b57bbf85476d3ad2,dot,headword,true,24b2603f-aac7-44c9-bbaa-f2ac8aa95fe4,dot,exact,pending_content_review,同词命中仅建立审核入口；不自动复制释义、拆词或巧记。
cet4-w-9fe5758ed4e2c54017fd,double,headword,false,1bb3005f-c292-497d-81c8-6433273179ee,double,exact,pending_content_review,同词命中仅建立审核入口；不自动复制释义、拆词或巧记。
cet4-w-08137cb0538fa44dedcf,doubt,headword,true,b32a7e72-8190-4249-b02a-73e2d4ce1edc,doubt,exact,pending_content_review,同词命中仅建立审核入口；不自动复制释义、拆词或巧记。
cet4-w-4fb1b2a5e13dc3b2c60e,doubtful,listed_related,true,02a8ccdb-2fb1-4f2e-92d3-6eff248079eb,doubtful,exact,pending_content_review,同词命中仅建立审核入口；不自动复制释义、拆词或巧记。
cet4-w-f4484d48e3d33ecaa476,doubtless,listed_related,true,575818c0-ff44-4fb6-96d1-4fb1406f6660,doubtless,exact,pending_content_review,同词命中仅建立审核入口；不自动复制释义、拆词或巧记。
cet4-w-d0ba34157a83e1d457a4,dove,headword,false,,,none,new_content_required,无六级同词；后续查找有证据的词族关系。
cet4-w-0ebf23713fa90c4319f4,down,headword,false,06e140d2-619c-4f69-9a05-bdc97e304787,down,exact,pending_content_review,同词命中仅建立审核入口；不自动复制释义、拆词或巧记。
cet4-w-f94975f22f52d0261fc7,download,headword,false,,,none,new_content_required,无六级同词；后续查找有证据的词族关系。
cet4-w-7be7e12f9067d4b4a437,downstairs,headword,true,,,none,new_content_required,无六级同词；后续查找有证据的词族关系。
cet4-w-6ab56344e254e9c0c1c7,downtown,headword,false,,,none,new_content_required,无六级同词；后续查找有证据的词族关系。
cet4-w-4d7f48fb2458c9a753f2,downward,headword,true,,,none,new_content_required,无六级同词；后续查找有证据的词族关系。
cet4-w-ccc4090fae557503520e,downwards,listed_related,false,,,none,new_content_required,无六级同词；后续查找有证据的词族关系。
cet4-w-3ae5b423e9e0cb7a2102,dozen,headword,true,,,none,new_content_required,无六级同词；后续查找有证据的词族关系。
cet4-w-d782433d07bdaba6321e,draft,headword,true,4e72ca3d-7fca-4c50-9e00-3d91d3756629,draft,exact,pending_content_review,同词命中仅建立审核入口；不自动复制释义、拆词或巧记。
cet4-w-2473bae77d7fa0fd743d,drag,headword,true,bafffad3-2864-4a60-80f0-820b1926b3ce,drag,exact,pending_content_review,同词命中仅建立审核入口；不自动复制释义、拆词或巧记。
cet4-w-bfb296b0e2f9e2e59714,dragon,headword,true,,,none,new_content_required,无六级同词；后续查找有证据的词族关系。
cet4-w-db5f16003d6fbae55e81,drain,headword,true,a205f216-8bd6-4c4d-ae02-42e4f9696399,drain,exact,pending_content_review,同词命中仅建立审核入口；不自动复制释义、拆词或巧记。
cet4-w-a3d72b0a0bfb316f59f7,drainage,listed_related,false,5dd65959-a1eb-4155-9b5f-19cd1da106e7,drainage,exact,pending_content_review,同词命中仅建立审核入口；不自动复制释义、拆词或巧记。
cet4-w-76904706385cb479dfea,drama,headword,true,4c500938-a77c-472c-a68a-4aa3299321b2,drama,exact,pending_content_review,同词命中仅建立审核入口；不自动复制释义、拆词或巧记。
cet4-w-a33e57ae120ffad8a6e7,dramatic,listed_related,true,ea45f0ac-bf15-4ccc-af13-74506307afad,dramatic,exact,pending_content_review,同词命中仅建立审核入口；不自动复制释义、拆词或巧记。
cet4-w-b8ea5d62542d771316cf,dramatically,listed_related,false,69083992-bb5d-4e47-b811-1808fb0e8f27,dramatically,exact,pending_content_review,同词命中仅建立审核入口；不自动复制释义、拆词或巧记。
cet4-w-583d344a97ccfbc5e7c0,drastic,headword,false,6bf60c87-76a3-43d5-b772-e3d27dfa35c4,drastic,exact,pending_content_review,同词命中仅建立审核入口；不自动复制释义、拆词或巧记。
cet4-w-9315ab5452e0dfbe1c26,drastically,listed_related,false,,,none,new_content_required,无六级同词；后续查找有证据的词族关系。
cet4-w-e090aab1e1c5a8a9c26a,draw,headword,false,c2864c80-c7c9-44a9-8fc8-4aebebbf0551,draw,exact,pending_content_review,同词命中仅建立审核入口；不自动复制释义、拆词或巧记。
cet4-w-3f8776f5aa055c40f3d3,drawer,headword,true,81ded94c-4634-4618-9805-04f033e4425e,drawer,exact,pending_content_review,同词命中仅建立审核入口；不自动复制释义、拆词或巧记。
cet4-w-f77dc220af04385ebe48,drawing,listed_related,true,b28900aa-6278-4451-a098-4d8dacd047c5,drawing,exact,pending_content_review,同词命中仅建立审核入口；不自动复制释义、拆词或巧记。
cet4-w-8af74a935c2fb09e7098,dream,headword,true,,,none,new_content_required,无六级同词；后续查找有证据的词族关系。
cet4-w-90041357fc622eb2c307,dreamy,listed_related,false,,,none,new_content_required,无六级同词；后续查找有证据的词族关系。
cet4-w-9b75f9d409e316dbeb9d,dress,headword,false,e1ffe0b5-5684-43c2-a059-7fc5034bd757,dress,exact,pending_content_review,同词命中仅建立审核入口；不自动复制释义、拆词或巧记。
cet4-w-de79e69442ffbc9c1e3d,drift,headword,true,,,none,new_content_required,无六级同词；后续查找有证据的词族关系。
cet4-w-6e5fa4316b643aca4619,drill,headword,true,083731fc-2e40-411d-87f2-7b72d674bc53,drill,exact,pending_content_review,同词命中仅建立审核入口；不自动复制释义、拆词或巧记。
cet4-w-2be6f1a4008c256d0871,drink,headword,false,983a3a81-ad49-4dfe-b974-f09f78144fd4,drink,exact,pending_content_review,同词命中仅建立审核入口；不自动复制释义、拆词或巧记。
cet4-w-2b35201e2177a7bff587,drip,headword,true,,,none,new_content_required,无六级同词；后续查找有证据的词族关系。
cet4-w-476d40e07ad2f673c414,drive,headword,false,,,none,new_content_required,无六级同词；后续查找有证据的词族关系。
cet4-w-0b184963287d18223581,driver,listed_related,false,,,none,new_content_required,无六级同词；后续查找有证据的词族关系。
cet4-w-0a5fa7c0517d8d24849f,drop,headword,true,951210f2-2d25-47e7-8fe4-729d4b32e057,drop,exact,pending_content_review,同词命中仅建立审核入口；不自动复制释义、拆词或巧记。
cet4-w-a4104c15f25b0d01b39d,dropout,headword,false,,,none,new_content_required,无六级同词；后续查找有证据的词族关系。
cet4-w-38f657db091c32bcc741,drought,headword,true,5fa77b6f-1bf3-47d9-b7a9-31de6daddf0a,drought,exact,pending_content_review,同词命中仅建立审核入口；不自动复制释义、拆词或巧记。
cet4-w-2e4740f35b7df715fdb9,drown,headword,true,,,none,new_content_required,无六级同词；后续查找有证据的词族关系。
cet4-w-f8fd116deab6a9c8d193,drug,headword,true,2ab76785-4f49-4d10-b308-4a9ae6c5d4ec,drug,exact,pending_content_review,同词命中仅建立审核入口；不自动复制释义、拆词或巧记。
cet4-w-dea28738be0a0f47d0e1,drum,headword,true,,,none,new_content_required,无六级同词；后续查找有证据的词族关系。
cet4-w-f58a56e08652f19cefb5,drunk,headword,true,,,none,new_content_required,无六级同词；后续查找有证据的词族关系。
cet4-w-98b2fd7b44f4b34b7209,drunkard,listed_related,false,,,none,new_content_required,无六级同词；后续查找有证据的词族关系。
cet4-w-0135e57d71378cc0c016,drunken,listed_related,false,,,none,new_content_required,无六级同词；后续查找有证据的词族关系。
cet4-w-02620c855d1e31ebc054,dry,headword,false,698c97e6-208d-4bcc-b585-debccaaa0925,dry,exact,pending_content_review,同词命中仅建立审核入口；不自动复制释义、拆词或巧记。
cet4-w-6816af060d1af77da11f,dryer,listed_related,false,,,none,new_content_required,无六级同词；后续查找有证据的词族关系。
cet4-w-41f1c386ce2d9dd87d07,dual,headword,false,3e720c10-5b0b-4c43-9e9b-a2be5f5c2ea7,dual,exact,pending_content_review,同词命中仅建立审核入口；不自动复制释义、拆词或巧记。
cet4-w-e2504efbc5a59a32cccf,duck,headword,true,7e80d44e-7c0b-46b9-aed8-ccdbe5253229,duck,exact,pending_content_review,同词命中仅建立审核入口；不自动复制释义、拆词或巧记。
cet4-w-102222a4ee4985e06330,due,headword,true,,,none,new_content_required,无六级同词；后续查找有证据的词族关系。
cet4-w-dc86fc811d21b87c4d4e,dull,headword,true,,,none,new_content_required,无六级同词；后续查找有证据的词族关系。
cet4-w-9daa944d51fd7fdc3d2c,duly,listed_related,false,,,none,new_content_required,无六级同词；后续查找有证据的词族关系。
cet4-w-ca143fcc14c3a26365a7,dumb,headword,true,,,none,new_content_required,无六级同词；后续查找有证据的词族关系。
cet4-w-4aee95e5706efb102236,dump,headword,true,,,none,new_content_required,无六级同词；后续查找有证据的词族关系。
cet4-w-ded187fc1f119c9ec704,durability,listed_related,false,,,none,new_content_required,无六级同词；后续查找有证据的词族关系。
cet4-w-3a2a2c5d2fc91cd814f4,durable,headword,true,,,none,new_content_required,无六级同词；后续查找有证据的词族关系。
cet4-w-a6c9001f1f7f875d4ff4,duration,headword,true,,,none,new_content_required,无六级同词；后续查找有证据的词族关系。
cet4-w-707d8c42465d0704451d,during,headword,false,2f0c5c52-69de-4aeb-9e82-cf51a4aaa85f,during,exact,pending_content_review,同词命中仅建立审核入口；不自动复制释义、拆词或巧记。
cet4-w-7a5c79713714883b6a80,dusk,headword,true,,,none,new_content_required,无六级同词；后续查找有证据的词族关系。
cet4-w-c1472f54ac2acf65ca67,dust,headword,true,4e16ce71-b1dc-4a28-bf14-5db2262560b2,dust,exact,pending_content_review,同词命中仅建立审核入口；不自动复制释义、拆词或巧记。
cet4-w-fcdc17ca618f3c2c1886,dusty,listed_related,false,90dac86c-7c2a-4d61-b6bf-bbb632ecacdc,dusty,exact,pending_content_review,同词命中仅建立审核入口；不自动复制释义、拆词或巧记。
cet4-w-9a9c3aa05b614df77cc0,duty,headword,true,,,none,new_content_required,无六级同词；后续查找有证据的词族关系。
cet4-w-aabd5ca28d696915bb4b,dye,headword,true,,,none,new_content_required,无六级同词；后续查找有证据的词族关系。
cet4-w-5b1264beb21f1da02ba9,dying,listed_related,true,,,none,new_content_required,无六级同词；后续查找有证据的词族关系。
cet4-w-1e0a74b5de6421f65221,dynamic,headword,true,,,none,new_content_required,无六级同词；后续查找有证据的词族关系。
cet4-w-bee75fa4f9c473316ef4,dynamics,listed_related,false,,,none,new_content_required,无六级同词；后续查找有证据的词族关系。
cet4-w-6382fb8e5cee23461ed0,dynasty,headword,false,,,none,new_content_required,无六级同词；后续查找有证据的词族关系。
cet4-w-92a2934a97854c8395fc,each,headword,false,,,none,new_content_required,无六级同词；后续查找有证据的词族关系。
cet4-w-b23c6f4c7ca3e00a35e3,eager,headword,true,,,none,new_content_required,无六级同词；后续查找有证据的词族关系。
cet4-w-e47dad92352f6b05087a,eagle,headword,true,aa095fba-904a-491a-984d-3d5abcffc10f,eagle,exact,pending_content_review,同词命中仅建立审核入口；不自动复制释义、拆词或巧记。
cet4-w-fe9a7f2256a365b83b29,ear,headword,false,a4b17f97-cbfd-4766-a14d-d3bca30133aa,ear,exact,pending_content_review,同词命中仅建立审核入口；不自动复制释义、拆词或巧记。
cet4-w-a909691a64f2a6bf4247,early,headword,false,,,none,new_content_required,无六级同词；后续查找有证据的词族关系。
cet4-w-e0a8fbf7b0c3e65346ae,earn,headword,true,,,none,new_content_required,无六级同词；后续查找有证据的词族关系。
cet4-w-bdd1c5413ca942b91479,earnest,headword,true,,,none,new_content_required,无六级同词；后续查找有证据的词族关系。
cet4-w-23d03fe64bba9019bc3b,earnings,listed_related,false,,,none,new_content_required,无六级同词；后续查找有证据的词族关系。
cet4-w-a007aa081f00edc76c9f,earth,headword,false,,,none,new_content_required,无六级同词；后续查找有证据的词族关系。
cet4-w-43c9ba30a23f52ed55d2,earthquake,headword,true,,,none,new_content_required,无六级同词；后续查找有证据的词族关系。
cet4-w-b0d8521d27faeb701aa8,ease,headword,true,fc8bc6e3-ca2b-4c73-9991-b0e87f5ac70a,ease,exact,pending_content_review,同词命中仅建立审核入口；不自动复制释义、拆词或巧记。
cet4-w-89ae4148866d718eb202,easily,listed_related,true,,,none,new_content_required,无六级同词；后续查找有证据的词族关系。
cet4-w-6eb25f3300182028dc84,east,headword,false,4e2cf8a2-3f0b-4be3-9342-74ccd01c5394,east,exact,pending_content_review,同词命中仅建立审核入口；不自动复制释义、拆词或巧记。
cet4-w-0e47eff4c3b489e9f823,eastern,listed_related,true,64888bd6-2705-4641-848b-9b6ef945adbf,eastern,exact,pending_content_review,同词命中仅建立审核入口；不自动复制释义、拆词或巧记。
cet4-w-80cf32d1b0fa93e1119d,easy,headword,false,457c7e84-50f3-4cf8-9233-e729083463ec,easy,exact,pending_content_review,同词命中仅建立审核入口；不自动复制释义、拆词或巧记。
cet4-w-d517a3ce82d582c4f83b,easy-going,headword,false,,,none,new_content_required,无六级同词；后续查找有证据的词族关系。
cet4-w-7e208210e91eae52ad9f,eat,headword,false,dad251fe-fa3a-420a-9a47-02bb73c9083d,eat,exact,pending_content_review,同词命中仅建立审核入口；不自动复制释义、拆词或巧记。
cet4-w-aa2f4bbf45bfc4eabd8d,echo,headword,true,,,none,new_content_required,无六级同词；后续查找有证据的词族关系。
cet4-w-4ef1d4e47f7926d44338,ecological,listed_related,false,e26a7b78-f2a1-46db-aec7-a1403655d607,ecological,exact,pending_content_review,同词命中仅建立审核入口；不自动复制释义、拆词或巧记。
cet4-w-5bc1c46231d50f6b250b,ecology,headword,false,8cb9f11a-3fa2-486f-97da-85f07dbfc34e,ecology,exact,pending_content_review,同词命中仅建立审核入口；不自动复制释义、拆词或巧记。
cet4-w-37386e789aedadddfea8,economic,listed_related,true,149a3e48-c4aa-4e05-8b47-4a0c107b4888,economic,exact,pending_content_review,同词命中仅建立审核入口；不自动复制释义、拆词或巧记。
cet4-w-af40f4c468d81d1feb40,economical,listed_related,true,34a7763e-927e-4409-82b4-b75c55f44f26,economical,exact,pending_content_review,同词命中仅建立审核入口；不自动复制释义、拆词或巧记。
cet4-w-ee990516a5ee58a7aeaa,economics,headword,true,7e25fcb0-7027-47f8-85e3-add575b0f267,economics,exact,pending_content_review,同词命中仅建立审核入口；不自动复制释义、拆词或巧记。
cet4-w-99a73817d2bc585fb284,economist,listed_related,false,,,none,new_content_required,无六级同词；后续查找有证据的词族关系。
cet4-w-b580555c3d78fe9424cf,economy,headword,true,6ccd24f7-ab9a-4722-911f-583315e1071a,economy,exact,pending_content_review,同词命中仅建立审核入口；不自动复制释义、拆词或巧记。
cet4-w-127056da48afdf6946c5,edge,headword,true,45ab1199-fc42-4f81-9408-bb2fcba3640b,edge,exact,pending_content_review,同词命中仅建立审核入口；不自动复制释义、拆词或巧记。
cet4-w-12d2c0bcc43e45400232,edit,headword,false,b65a9634-3855-410f-bb10-eaa7a8cd623a,edit,exact,pending_content_review,同词命中仅建立审核入口；不自动复制释义、拆词或巧记。
cet4-w-3066ebacf712b0d133b0,edition,listed_related,true,f8258767-ee0b-4719-87c4-d490d16031f0,edition,exact,pending_content_review,同词命中仅建立审核入口；不自动复制释义、拆词或巧记。
cet4-w-c49ebe5abc58c64e2c01,editor,listed_related,true,638a3778-6c5c-4f89-bf84-24f3f6614637,editor,exact,pending_content_review,同词命中仅建立审核入口；不自动复制释义、拆词或巧记。
cet4-w-2b642be7b33a52841c5d,editorial,headword,true,69b65641-af66-4d7a-b219-4604133cb076,editorial,exact,pending_content_review,同词命中仅建立审核入口；不自动复制释义、拆词或巧记。
cet4-w-aed0b1472ac8797f3e91,educate,headword,true,,,none,new_content_required,无六级同词；后续查找有证据的词族关系。
cet4-w-f086911b1637a99e7586,education,listed_related,true,,,none,new_content_required,无六级同词；后续查找有证据的词族关系。
cet4-w-c9980cf4f78af7d9b133,educational,listed_related,false,,,none,new_content_required,无六级同词；后续查找有证据的词族关系。
cet4-w-2c9d106135ef0b8c5dfa,educator,listed_related,false,,,none,new_content_required,无六级同词；后续查找有证据的词族关系。
cet4-w-76288eafb4032e494803,effect,headword,true,6f2d4a13-2515-4034-a108-1e16105b9663,effect,exact,pending_content_review,同词命中仅建立审核入口；不自动复制释义、拆词或巧记。
cet4-w-20862e6595ab6cc4f589,effective,listed_related,true,00159592-e62b-46e2-9c49-0f0687a4e2d9,effective,exact,pending_content_review,同词命中仅建立审核入口；不自动复制释义、拆词或巧记。
cet4-w-94443591cca1b51da9df,efficiency,listed_related,true,0351dd92-4972-4671-bc8c-1c8a8a2cb394,efficiency,exact,pending_content_review,同词命中仅建立审核入口；不自动复制释义、拆词或巧记。
cet4-w-09dd840e52cd9ed53f40,efficient,headword,true,8abe1a29-9bed-456d-87cb-b6cab5868c5e,efficient,exact,pending_content_review,同词命中仅建立审核入口；不自动复制释义、拆词或巧记。
cet4-w-84b460d8275a3097e1a9,effort,headword,true,,,none,new_content_required,无六级同词；后续查找有证据的词族关系。
cet4-w-976b1ce18de54421c6a6,egg,headword,false,,,none,new_content_required,无六级同词；后续查找有证据的词族关系。
cet4-w-cbe43958e474c51d9c66,eggplant,headword,false,,,none,new_content_required,无六级同词；后续查找有证据的词族关系。
cet4-w-a7282a2309433d8e63a3,eight,headword,false,,,none,new_content_required,无六级同词；后续查找有证据的词族关系。
cet4-w-2c9a06c91b15c80a3781,eighteen,headword,true,,,none,new_content_required,无六级同词；后续查找有证据的词族关系。
cet4-w-75542c7b8d628f9edf33,eighth,headword,false,,,none,new_content_required,无六级同词；后续查找有证据的词族关系。
cet4-w-3ed99a0cdd21a93098e8,eighty,headword,true,,,none,new_content_required,无六级同词；后续查找有证据的词族关系。
cet4-w-b8c7c44c621e120f57aa,either,headword,false,,,none,new_content_required,无六级同词；后续查找有证据的词族关系。
cet4-w-277dfc113609160679a6,elbow,headword,true,,,none,new_content_required,无六级同词；后续查找有证据的词族关系。
cet4-w-51bbfee70b7711755b45,elder,headword,true,,,none,new_content_required,无六级同词；后续查找有证据的词族关系。
cet4-w-49290be752bb39a6b246,elderly,listed_related,true,,,none,new_content_required,无六级同词；后续查找有证据的词族关系。
cet4-w-1ccea80bb4ec72f6237f,elect,headword,true,c188eb41-36ec-4ebd-aa50-f1e565f268f2,elect,exact,pending_content_review,同词命中仅建立审核入口；不自动复制释义、拆词或巧记。
cet4-w-c19f84f4f18614cf3f87,election,listed_related,true,af1cd9d1-92b2-4cd2-b8cf-06b06b324aa9,election,exact,pending_content_review,同词命中仅建立审核入口；不自动复制释义、拆词或巧记。
cet4-w-b86eaf338b251e7c4d99,elective,listed_related,false,,,none,new_content_required,无六级同词；后续查找有证据的词族关系。
cet4-w-994a35a0b5e5bd3dec7a,electric,listed_related,true,eaec6260-6ebb-40f8-ad29-49d9837f9feb,electric,exact,pending_content_review,同词命中仅建立审核入口；不自动复制释义、拆词或巧记。
cet4-w-9d3581155f9980612d7c,electrical,listed_related,true,1f1091a0-7996-4887-99da-b2fed0a53af1,electrical,exact,pending_content_review,同词命中仅建立审核入口；不自动复制释义、拆词或巧记。
cet4-w-88e42761fcc92f5785b0,electrician,listed_related,false,69941099-c095-47ed-82df-94349919bfcc,electrician,exact,pending_content_review,同词命中仅建立审核入口；不自动复制释义、拆词或巧记。
cet4-w-b0a13ca44330bf5f6cc8,electricity,headword,true,5459cf26-0aea-4c42-8515-0261d71684e1,electricity,exact,pending_content_review,同词命中仅建立审核入口；不自动复制释义、拆词或巧记。
cet4-w-5905f90b55479e94ec44,electron,headword,true,aea0b594-4592-49fa-b98e-58187578f34f,electron,exact,pending_content_review,同词命中仅建立审核入口；不自动复制释义、拆词或巧记。
cet4-w-813a0e670245295bc0be,electronic,listed_related,true,25f7cffe-d797-4761-9304-cc5dba4d7a1e,electronic,exact,pending_content_review,同词命中仅建立审核入口；不自动复制释义、拆词或巧记。
cet4-w-14a2e497681233a5a1ef,electronically,listed_related,false,b7f15442-0ac7-4498-9cc9-891992fec71a,electronically,exact,pending_content_review,同词命中仅建立审核入口；不自动复制释义、拆词或巧记。
cet4-w-0f4f827e1d9b82cbe7a3,electronics,listed_related,true,,,none,new_content_required,无六级同词；后续查找有证据的词族关系。
cet4-w-d2b18605bad1d78a8f1c,elegance,listed_related,false,c567bd30-9165-407d-b826-5382db7bee94,elegance,exact,pending_content_review,同词命中仅建立审核入口；不自动复制释义、拆词或巧记。
cet4-w-cc09cdf63e2431751281,elegant,headword,false,f7cf9306-28d0-400a-a07d-2342c868cf6d,elegant,exact,pending_content_review,同词命中仅建立审核入口；不自动复制释义、拆词或巧记。
cet4-w-f31955cd24765a200371,element,headword,true,b91133e3-1062-4d0e-817c-eb19c19cc7f9,element,exact,pending_content_review,同词命中仅建立审核入口；不自动复制释义、拆词或巧记。
cet4-w-69f9cc83b7110e767ccd,elementary,headword,true,ce66594e-b63a-4922-a7b7-9f6a1df4776d,elementary,exact,pending_content_review,同词命中仅建立审核入口；不自动复制释义、拆词或巧记。
cet4-w-3797e7214fce6e5cccd5,elephant,headword,true,,,none,new_content_required,无六级同词；后续查找有证据的词族关系。
cet4-w-94a0af509e6de50259bb,elevate,headword,false,e3dc0f7c-a9bb-4695-a62b-c3a32e941156,elevate,exact,pending_content_review,同词命中仅建立审核入口；不自动复制释义、拆词或巧记。
cet4-w-51f53696d47a4ed555c1,elevation,listed_related,false,59a0df1f-8f8b-4e9b-bbaa-d8be608375d6,elevation,exact,pending_content_review,同词命中仅建立审核入口；不自动复制释义、拆词或巧记。
cet4-w-05ab3e49542d3954e719,elevator,listed_related,true,827fa741-29f1-468d-83d0-349de57ffbcb,elevator,exact,pending_content_review,同词命中仅建立审核入口；不自动复制释义、拆词或巧记。
cet4-w-cc9bfb9fc057604d688d,eleven,headword,false,,,none,new_content_required,无六级同词；后续查找有证据的词族关系。
cet4-w-49c98b5c53462141023a,eliminate,headword,true,140b2d2c-cf43-4bf1-99ad-33665831d89b,eliminate,exact,pending_content_review,同词命中仅建立审核入口；不自动复制释义、拆词或巧记。
cet4-w-4af13d2e14bb38a32c4b,elimination,listed_related,true,c07dd82b-1770-4920-bf3d-247be340b95d,elimination,exact,pending_content_review,同词命中仅建立审核入口；不自动复制释义、拆词或巧记。
cet4-w-ca71192cdaf0ee0eff54,elite,headword,false,c9af1186-7ba9-4d61-8c18-b64e3ca14ddc,elite,exact,pending_content_review,同词命中仅建立审核入口；不自动复制释义、拆词或巧记。
cet4-w-4e3e225c7b509ed503bf,else,headword,false,,,none,new_content_required,无六级同词；后续查找有证据的词族关系。
cet4-w-962c2082101e7e09090d,elsewhere,headword,true,,,none,new_content_required,无六级同词；后续查找有证据的词族关系。
cet4-w-3082490e0a4d6321da6a,email,headword,false,,,none,new_content_required,无六级同词；后续查找有证据的词族关系。
cet4-w-dd0b2fe634f320233385,embarrass,headword,true,bee11f4c-f1fb-4fcc-b02d-45f1054e161d,embarrass,exact,pending_content_review,同词命中仅建立审核入口；不自动复制释义、拆词或巧记。
cet4-w-dd507291e6e9e40d487a,embarrassment,listed_related,false,,,none,new_content_required,无六级同词；后续查找有证据的词族关系。
cet4-w-08f80748e27dd97f98d4,embassy,headword,false,,,none,new_content_required,无六级同词；后续查找有证据的词族关系。
cet4-w-b229bb75a66e39b9bc73,embrace,headword,true,090cdf36-aff1-4301-ab9d-fab65e6ef978,embrace,exact,pending_content_review,同词命中仅建立审核入口；不自动复制释义、拆词或巧记。
cet4-w-fc955721cdeab3fdf902,emerge,headword,true,321d0d3d-dc5c-4b1d-8655-01ea267bb346,emerge,exact,pending_content_review,同词命中仅建立审核入口；不自动复制释义、拆词或巧记。
cet4-w-bc033379588f6dba4bf5,emergence,listed_related,false,,,none,new_content_required,无六级同词；后续查找有证据的词族关系。
cet4-w-e638b9b0eab75e3936d4,emergency,headword,true,c5032cdb-9461-4039-9102-457130d5cb42,emergency,exact,pending_content_review,同词命中仅建立审核入口；不自动复制释义、拆词或巧记。
cet4-w-69fd62b0d2a568d9230c,emission,listed_related,false,,,none,new_content_required,无六级同词；后续查找有证据的词族关系。
cet4-w-485c595d07aa4877fc41,emit,headword,true,,,none,new_content_required,无六级同词；后续查找有证据的词族关系。
cet4-w-7b5a9936882014052480,emotion,headword,true,4896c161-4fb0-4cdd-ba73-03582f46f96a,emotion,exact,pending_content_review,同词命中仅建立审核入口；不自动复制释义、拆词或巧记。
cet4-w-7f3c8a41714d7460cb7c,emotional,listed_related,true,144d99e2-cc1c-452d-af80-08bdb12ee29f,emotional,exact,pending_content_review,同词命中仅建立审核入口；不自动复制释义、拆词或巧记。
cet4-w-98e427a7c23588cf7b80,emperor,headword,true,0b1cabf4-635a-4c07-9536-842efd4023d8,emperor,exact,pending_content_review,同词命中仅建立审核入口；不自动复制释义、拆词或巧记。
cet4-w-f336bc2a623e3cff7f67,emphasis,headword,true,62728e79-e6f6-47c9-931e-122821db78fa,emphasis,exact,pending_content_review,同词命中仅建立审核入口；不自动复制释义、拆词或巧记。
cet4-w-d516617c53a98c547c83,emphasize,listed_related,true,4ceeaab0-2be3-41f3-89b2-d9dad58622f3,emphasize,exact,pending_content_review,同词命中仅建立审核入口；不自动复制释义、拆词或巧记。
cet4-w-807d1deb9daa4e35a79a,emphatic,listed_related,false,,,none,new_content_required,无六级同词；后续查找有证据的词族关系。
cet4-w-893ac5d14998bae31676,empire,headword,true,,,none,new_content_required,无六级同词；后续查找有证据的词族关系。
cet4-w-e66d250ef65008b7031c,employ,headword,true,c75130a0-be0c-4de2-914e-578688acac54,employ,exact,pending_content_review,同词命中仅建立审核入口；不自动复制释义、拆词或巧记。
cet4-w-3dd065df60d7ca9814c8,employee,listed_related,true,8077083d-ceb6-40d1-802d-0682b2cf436d,employee,exact,pending_content_review,同词命中仅建立审核入口；不自动复制释义、拆词或巧记。
cet4-w-0401d032f51dec55a6f9,employer,listed_related,true,a25e6655-4c35-4e5b-8e58-1baadef2ff7c,employer,exact,pending_content_review,同词命中仅建立审核入口；不自动复制释义、拆词或巧记。
cet4-w-87c3d06396be69e907b2,employment,listed_related,true,7877c61c-ab13-487b-951b-c180dbe28f33,employment,exact,pending_content_review,同词命中仅建立审核入口；不自动复制释义、拆词或巧记。
cet4-w-e8fb4980874cb59a6d91,empress,listed_related,false,,,none,new_content_required,无六级同词；后续查找有证据的词族关系。
cet4-w-df094af781fe3042d293,emptiness,listed_related,false,,,none,new_content_required,无六级同词；后续查找有证据的词族关系。
cet4-w-ec5bc59d2369556e6c96,empty,headword,false,a1a012a3-20ff-4a55-bb1a-96a07d1e8248,empty,exact,pending_content_review,同词命中仅建立审核入口；不自动复制释义、拆词或巧记。
cet4-w-c87b5d351d670ef64440,enable,headword,true,,,none,new_content_required,无六级同词；后续查找有证据的词族关系。
cet4-w-63b776f270dd41c9d047,encounter,headword,true,21dcdecb-f236-449c-96b2-3fdc1ff08a5e,encounter,exact,pending_content_review,同词命中仅建立审核入口；不自动复制释义、拆词或巧记。
cet4-w-bbc492236f73766777b2,encourage,headword,true,b04b2bfd-c811-4daf-975f-2558361f4aac,encourage,exact,pending_content_review,同词命中仅建立审核入口；不自动复制释义、拆词或巧记。
cet4-w-dcd3ff93b255a8dcca92,encouragement,listed_related,false,9ce1db83-5de1-4c0b-9753-bed99a4351f2,encouragement,exact,pending_content_review,同词命中仅建立审核入口；不自动复制释义、拆词或巧记。
cet4-w-78b7cef442f54f2f186a,encouraging,listed_related,false,d6468400-fceb-4bb4-b7cf-a64d800da7b2,encouraging,exact,pending_content_review,同词命中仅建立审核入口；不自动复制释义、拆词或巧记。
cet4-w-23cf0a8084d1ca5f6df1,end,headword,false,0ba73777-c3d9-4bfa-8e79-e65cc83b04ae,end,exact,pending_content_review,同词命中仅建立审核入口；不自动复制释义、拆词或巧记。
cet4-w-318d73384ffda7ff0955,endanger,headword,false,,,none,new_content_required,无六级同词；后续查找有证据的词族关系。
cet4-w-978c97ec4cddf1442181,ending,listed_related,true,7e13f552-0325-49fd-9537-89464dabfaf3,ending,exact,pending_content_review,同词命中仅建立审核入口；不自动复制释义、拆词或巧记。
cet4-w-e60249a42a5fe2a797f0,endless,listed_related,true,,,none,new_content_required,无六级同词；后续查找有证据的词族关系。
cet4-w-c5408f2dae3b05c2923b,endurance,listed_related,false,4e4c1a5b-c122-41c1-a937-66200b34a1ef,endurance,exact,pending_content_review,同词命中仅建立审核入口；不自动复制释义、拆词或巧记。
cet4-w-46c634a763ad995bbdbd,endure,headword,true,34bff7e2-ab17-47d7-8a6b-4e5a74b02ea5,endure,exact,pending_content_review,同词命中仅建立审核入口；不自动复制释义、拆词或巧记。
cet4-w-d70c5d60e4464843dcaf,enemy,headword,true,,,none,new_content_required,无六级同词；后续查找有证据的词族关系。
cet4-w-ff3465947feae4510e04,energetic,listed_related,false,711230bc-c6dd-4ae4-860b-506e2685473d,energetic,exact,pending_content_review,同词命中仅建立审核入口；不自动复制释义、拆词或巧记。
cet4-w-45e8cf6e96fb8e5b6864,energetically,listed_related,false,9dfec9ab-7c50-4ed5-b23c-750d94f5a1ae,energetically,exact,pending_content_review,同词命中仅建立审核入口；不自动复制释义、拆词或巧记。
cet4-w-5b86c4b6f5203f8e9151,energy,headword,true,7a8ce9ab-17d2-4bb5-87a2-d033fbc1c471,energy,exact,pending_content_review,同词命中仅建立审核入口；不自动复制释义、拆词或巧记。
cet4-w-f9b21b585055e631a64f,enforce,headword,true,a5f78854-d4c6-4859-9ffd-267cc1c140ae,enforce,exact,pending_content_review,同词命中仅建立审核入口；不自动复制释义、拆词或巧记。
cet4-w-c6c97c39c1f6da8e658e,enforcement,listed_related,false,521078a1-23cb-4af5-9ed4-400b9b413c01,enforcement,exact,pending_content_review,同词命中仅建立审核入口；不自动复制释义、拆词或巧记。
cet4-w-13a2acf04c20dfaaf34b,engage,headword,true,f7eb273f-bb07-48c0-a062-a6160ef50d8f,engage,exact,pending_content_review,同词命中仅建立审核入口；不自动复制释义、拆词或巧记。
cet4-w-73e123af766bdf86df8a,engagement,listed_related,false,bf295b30-140d-4792-9a6e-b274081b35b9,engagement,exact,pending_content_review,同词命中仅建立审核入口；不自动复制释义、拆词或巧记。
cet4-w-07b15b1453fc7dfc093d,engine,headword,true,5d85bb50-8731-4aa2-8ecd-5ac18f42e6ee,engine,exact,pending_content_review,同词命中仅建立审核入口；不自动复制释义、拆词或巧记。
cet4-w-e6bf243dba8e797b2c16,engineer,headword,true,,,none,new_content_required,无六级同词；后续查找有证据的词族关系。
cet4-w-76ccd0b3bb54c9593755,engineering,listed_related,true,,,none,new_content_required,无六级同词；后续查找有证据的词族关系。
cet4-w-08f09c987bdcd12e1411,enhance,headword,true,4a1bdc73-b307-41d7-b7a2-01d9677bdff5,enhance,exact,pending_content_review,同词命中仅建立审核入口；不自动复制释义、拆词或巧记。
cet4-w-befd31d0642227a58c01,enhancement,listed_related,false,c43be42f-c6d0-488a-863b-ed767cea28e9,enhancement,exact,pending_content_review,同词命中仅建立审核入口；不自动复制释义、拆词或巧记。
cet4-w-b9a13283b7bf3fb3b4d0,enjoy,headword,false,,,none,new_content_required,无六级同词；后续查找有证据的词族关系。
cet4-w-34dca7e8394c71359b28,enjoyable,listed_related,false,,,none,new_content_required,无六级同词；后续查找有证据的词族关系。
cet4-w-001c168bc69807a74e4c,enjoyment,listed_related,false,,,none,new_content_required,无六级同词；后续查找有证据的词族关系。
cet4-w-dbffa6787f1b22820b5f,enlarge,headword,true,,,none,new_content_required,无六级同词；后续查找有证据的词族关系。
cet4-w-2bfefadbb0a4c0c9913d,enlighten,headword,false,f1ec67e3-6fe8-4de5-b67e-998c9d5cec8b,enlighten,exact,pending_content_review,同词命中仅建立审核入口；不自动复制释义、拆词或巧记。
cet4-w-e6ecbd4b1ded9aecf0f4,enlightening,listed_related,false,5f0d442d-0428-40f6-beba-f35d59c6a4f5,enlightening,exact,pending_content_review,同词命中仅建立审核入口；不自动复制释义、拆词或巧记。
cet4-w-b81dff054b3cc611e563,enlightenment,listed_related,false,e0c43c8d-83e5-4257-a6ef-bfdfa181070f,enlightenment,exact,pending_content_review,同词命中仅建立审核入口；不自动复制释义、拆词或巧记。
cet4-w-d68add0e3ad6e92b6f2d,enormous,headword,true,e89b796b-c7c2-4c69-ae6a-d34e1e6593ec,enormous,exact,pending_content_review,同词命中仅建立审核入口；不自动复制释义、拆词或巧记。
cet4-w-d2f75b9440cfdac08be9,enough,headword,false,,,none,new_content_required,无六级同词；后续查找有证据的词族关系。
cet4-w-064a55ee1b864d41291a,enquire,headword,true,,,none,new_content_required,无六级同词；后续查找有证据的词族关系。
cet4-w-df2e0e43d20670896f30,enquiry,listed_related,true,,,none,new_content_required,无六级同词；后续查找有证据的词族关系。
cet4-w-f554ae88badabaf5df5f,enrich,headword,false,514df12b-2cad-49e4-b324-e5f486be73c6,enrich,exact,pending_content_review,同词命中仅建立审核入口；不自动复制释义、拆词或巧记。
cet4-w-e16f179c2052565d4a03,enrol,headword,true,3523e57b-ba36-42ee-a78b-8e9db626e46e,enroll,declared_variant,pending_content_review,同词命中仅建立审核入口；不自动复制释义、拆词或巧记。
cet4-w-bf68bb8942bef50b17eb,enrolment,listed_related,false,8ed70ded-f47b-469f-9684-88ff3a201c70,enrollment,declared_variant,pending_content_review,同词命中仅建立审核入口；不自动复制释义、拆词或巧记。
cet4-w-5bd9188546abff1b1a5c,ensure,headword,true,,,none,new_content_required,无六级同词；后续查找有证据的词族关系。
cet4-w-adde5c46496b14ff05ae,enter,headword,true,597eb4d1-348d-47dc-9bb7-dfcf1712cfa1,enter,exact,pending_content_review,同词命中仅建立审核入口；不自动复制释义、拆词或巧记。
cet4-w-3ffa82d0e69e5f956433,enterprise,headword,false,d4b18f23-a974-47b7-9843-8812f819d87f,enterprise,exact,pending_content_review,同词命中仅建立审核入口；不自动复制释义、拆词或巧记。
cet4-w-5e7c6fdccd5001537df9,enterprising,listed_related,false,,,none,new_content_required,无六级同词；后续查找有证据的词族关系。
cet4-w-a0e3fd3b77355e696733,entertain,headword,true,,,none,new_content_required,无六级同词；后续查找有证据的词族关系。
cet4-w-924c96f538d5cdc7dea8,entertaining,listed_related,false,,,none,new_content_required,无六级同词；后续查找有证据的词族关系。
cet4-w-fb9005ef665f6c50d87a,entertainment,listed_related,true,,,none,new_content_required,无六级同词；后续查找有证据的词族关系。
cet4-w-47f5fef12cefed39e6b5,enthusiasm,headword,true,4afb19a6-c143-43e9-8a3c-0233ac6fedac,enthusiasm,exact,pending_content_review,同词命中仅建立审核入口；不自动复制释义、拆词或巧记。
cet4-w-90b4131f7ea31878ce46,enthusiast,listed_related,false,a6ff497c-204f-4363-9484-55f91bf07d2e,enthusiast,exact,pending_content_review,同词命中仅建立审核入口；不自动复制释义、拆词或巧记。
cet4-w-cf4af8bfd7d7050f1db0,enthusiastic,listed_related,true,529d8212-9952-40d9-8adb-c12699f1aa09,enthusiastic,exact,pending_content_review,同词命中仅建立审核入口；不自动复制释义、拆词或巧记。
cet4-w-c95874e333cfa81274b7,enthusiastically,listed_related,false,ef83e52a-e7e6-493b-b6ef-d5dc5e19a929,enthusiastically,exact,pending_content_review,同词命中仅建立审核入口；不自动复制释义、拆词或巧记。
cet4-w-ddebba8f844d63ec66b0,entire,headword,true,,,none,new_content_required,无六级同词；后续查找有证据的词族关系。
cet4-w-79b324e593813ac799af,entirety,listed_related,false,,,none,new_content_required,无六级同词；后续查找有证据的词族关系。
cet4-w-bdeaf677d3ef139afbfa,entitle,headword,true,b87081ed-8870-4d80-bdc9-17f1b8e7caaf,entitle,exact,pending_content_review,同词命中仅建立审核入口；不自动复制释义、拆词或巧记。
cet4-w-f80c1f333878872d6e84,entrance,listed_related,true,,,none,new_content_required,无六级同词；后续查找有证据的词族关系。
cet4-w-02ef8b1f34eee1ed1020,entrepreneur,headword,false,4db9657f-80b5-4e72-9d8d-15914a9276f8,entrepreneur,exact,pending_content_review,同词命中仅建立审核入口；不自动复制释义、拆词或巧记。
cet4-w-6c42c02858e1b5bf9d9d,entrepreneurial,listed_related,false,7bec3c0d-3352-44b3-92c4-38dfd2d08a58,entrepreneurial,exact,pending_content_review,同词命中仅建立审核入口；不自动复制释义、拆词或巧记。
cet4-w-2ee836e047732c8ba260,entry,listed_related,true,,,none,new_content_required,无六级同词；后续查找有证据的词族关系。
cet4-w-791728a895f14ca0b8d9,envelope,headword,true,91e23f76-792a-48df-a8c4-c9c230f460b7,envelope,exact,pending_content_review,同词命中仅建立审核入口；不自动复制释义、拆词或巧记。
cet4-w-237909aaf79a44e61abc,envious,listed_related,false,07093332-be08-4421-b113-2d6e4c7ef47f,envious,exact,pending_content_review,同词命中仅建立审核入口；不自动复制释义、拆词或巧记。
cet4-w-c1aca416bd255d2254ff,environment,headword,true,e560a365-f384-48ea-bb0e-16f83cb10387,environment,exact,pending_content_review,同词命中仅建立审核入口；不自动复制释义、拆词或巧记。
cet4-w-e286b0a197cbeff976bc,environmental,listed_related,false,,,none,new_content_required,无六级同词；后续查找有证据的词族关系。
cet4-w-b45249ce8e520122efce,environmentalist,listed_related,false,,,none,new_content_required,无六级同词；后续查找有证据的词族关系。
cet4-w-e397d7dc650cc99ec5d1,envy,headword,true,7c691bc7-f73c-4b8b-bc73-35b00ae16f4b,envy,exact,pending_content_review,同词命中仅建立审核入口；不自动复制释义、拆词或巧记。
cet4-w-216b9db4abd9f69c8fa9,episode,headword,true,,,none,new_content_required,无六级同词；后续查找有证据的词族关系。
cet4-w-7e1a30e2d9a7be355212,equal,headword,true,16397cd7-b802-4bc1-9e8f-64d2aad4b3ca,equal,exact,pending_content_review,同词命中仅建立审核入口；不自动复制释义、拆词或巧记。
cet4-w-79e4f0ad47056b2235e1,equality,listed_related,true,056f4924-3611-48d4-8142-015601ce2ea8,equality,exact,pending_content_review,同词命中仅建立审核入口；不自动复制释义、拆词或巧记。
cet4-w-c272936cd911204a9449,equally,listed_related,false,28a71c37-e61a-48bd-bde2-526911d8e2f3,equally,exact,pending_content_review,同词命中仅建立审核入口；不自动复制释义、拆词或巧记。
cet4-w-5f1080c271a40d87944d,equip,headword,true,ab957ed4-c10f-4d85-b295-7ea808cf81b1,equip,exact,pending_content_review,同词命中仅建立审核入口；不自动复制释义、拆词或巧记。
cet4-w-0cdba6737b86f653ddf1,equipment,listed_related,true,57ae4ef1-882c-45d5-8c82-bf0de72e2dae,equipment,exact,pending_content_review,同词命中仅建立审核入口；不自动复制释义、拆词或巧记。
cet4-w-355d2717836739e02da2,equivalence,listed_related,false,5d030181-3e65-4187-b5de-6073bad49994,equivalence,exact,pending_content_review,同词命中仅建立审核入口；不自动复制释义、拆词或巧记。
cet4-w-645a604d189e8e98f0ef,equivalent,headword,true,040ed47a-6be7-4d53-82ca-72a55537ae3e,equivalent,exact,pending_content_review,同词命中仅建立审核入口；不自动复制释义、拆词或巧记。
cet4-w-d1e70f879c62aae7733d,era,headword,true,dfeb09ef-dff8-4329-9340-e0e40ccbcbca,era,exact,pending_content_review,同词命中仅建立审核入口；不自动复制释义、拆词或巧记。
cet4-w-86280938a86569284fc7,erase,headword,false,,,none,new_content_required,无六级同词；后续查找有证据的词族关系。
cet4-w-dbfe2c2fde046a08aa60,eraser,listed_related,false,,,none,new_content_required,无六级同词；后续查找有证据的词族关系。
cet4-w-80e75584a0741b72274d,err,headword,false,,,none,new_content_required,无六级同词；后续查找有证据的词族关系。
cet4-w-69ca9c22a668f159a1a7,erroneous,listed_related,false,f69727cf-5ad7-40a3-a0f9-4845326eac20,erroneous,exact,pending_content_review,同词命中仅建立审核入口；不自动复制释义、拆词或巧记。
cet4-w-4b461f428a545e61a329,error,listed_related,true,6ef26a82-a5d9-4431-a831-d9352c203a0b,error,exact,pending_content_review,同词命中仅建立审核入口；不自动复制释义、拆词或巧记。
cet4-w-51f9bd62ee55e62e7217,escape,headword,true,0991058b-9847-4c2f-a807-3ec203f06752,escape,exact,pending_content_review,同词命中仅建立审核入口；不自动复制释义、拆词或巧记。
cet4-w-7065c90b837a84ff6149,especially,headword,true,,,none,new_content_required,无六级同词；后续查找有证据的词族关系。
cet4-w-c29894d9868fcb987964,essay,headword,true,,,none,new_content_required,无六级同词；后续查找有证据的词族关系。
cet4-w-647aa00295725d3870f8,essayist,listed_related,false,,,none,new_content_required,无六级同词；后续查找有证据的词族关系。
cet4-w-ea776993b2628b107361,essence,headword,false,061cc621-ee8d-4119-8af4-478a40ea4b91,essence,exact,pending_content_review,同词命中仅建立审核入口；不自动复制释义、拆词或巧记。
cet4-w-399a06ace2af5f904435,essential,listed_related,true,41db9722-e6de-4971-a573-710c643ad943,essential,exact,pending_content_review,同词命中仅建立审核入口；不自动复制释义、拆词或巧记。
cet4-w-9acd3ae09e5820df61c5,establish,headword,true,ae62023b-1f3c-4b06-94fc-d9f029db2da7,establish,exact,pending_content_review,同词命中仅建立审核入口；不自动复制释义、拆词或巧记。
cet4-w-0948402f28879714cb30,establishment,listed_related,true,1d51a5c3-fab4-4aca-a71e-386f9b8428cc,establishment,exact,pending_content_review,同词命中仅建立审核入口；不自动复制释义、拆词或巧记。
cet4-w-582fe4270eb66c62ed79,estate,headword,true,,,none,new_content_required,无六级同词；后续查找有证据的词族关系。
cet4-w-9ade57898f806adaee53,estimate,headword,true,53949bae-ce91-4266-bf23-ffe38bdae4a5,estimate,exact,pending_content_review,同词命中仅建立审核入口；不自动复制释义、拆词或巧记。
cet4-w-8ee67bf03d61c45072d0,estimation,listed_related,false,,,none,new_content_required,无六级同词；后续查找有证据的词族关系。
cet4-w-8aa99c66bcda76ae5a9f,eternal,headword,false,e294a63f-0832-4ac3-bf57-936719b3e0c8,eternal,exact,pending_content_review,同词命中仅建立审核入口；不自动复制释义、拆词或巧记。
cet4-w-94063e89e077c3b9301a,eternity,listed_related,false,7efa2c5b-dbaa-4837-afa4-2b59126579e9,eternity,exact,pending_content_review,同词命中仅建立审核入口；不自动复制释义、拆词或巧记。
cet4-w-5d5b7569171eae8f9586,ethic,headword,false,,,none,new_content_required,无六级同词；后续查找有证据的词族关系。
cet4-w-fc236cdab0eb67a6fe18,ethics,listed_related,false,,,none,new_content_required,无六级同词；后续查找有证据的词族关系。
cet4-w-782a4816564b947bd5e3,ethnic,headword,false,96230012-2f3b-46db-82ca-145c64a3ba0f,ethnic,exact,pending_content_review,同词命中仅建立审核入口；不自动复制释义、拆词或巧记。
cet4-w-719092ffe8bbb599d008,euro,headword,false,,,none,new_content_required,无六级同词；后续查找有证据的词族关系。
cet4-w-d038a26537eecc04c457,evaluate,headword,true,045091fa-88f9-450f-9b3a-80692f4b2392,evaluate,exact,pending_content_review,同词命中仅建立审核入口；不自动复制释义、拆词或巧记。
cet4-w-79f8b5e2ec55922be2f3,evaluation,listed_related,false,4d75816a-dc90-4625-9b27-02c70ad81ca7,evaluation,exact,pending_content_review,同词命中仅建立审核入口；不自动复制释义、拆词或巧记。
cet4-w-27a229f2179d5af3b6f5,eve,headword,true,,,none,new_content_required,无六级同词；后续查找有证据的词族关系。
cet4-w-fa35880a34c0a4ec7cab,even,headword,false,,,none,new_content_required,无六级同词；后续查找有证据的词族关系。
cet4-w-e3f1bdff6f5765e79972,evening,headword,false,,,none,new_content_required,无六级同词；后续查找有证据的词族关系。
cet4-w-47a24ba05bc15f34d55c,evenly,listed_related,false,,,none,new_content_required,无六级同词；后续查找有证据的词族关系。
cet4-w-7fd30832678bf36b6cd5,event,headword,true,1c6fc853-9f91-4f79-9e03-4359141cd4c2,event,exact,pending_content_review,同词命中仅建立审核入口；不自动复制释义、拆词或巧记。
cet4-w-c748ed0adeec55e3ceb8,eventful,listed_related,false,88cd0338-a82d-4a47-b2b9-ae41029e1fa8,eventful,exact,pending_content_review,同词命中仅建立审核入口；不自动复制释义、拆词或巧记。
cet4-w-4f697eb83cf550c8294a,eventual,listed_related,false,,,none,new_content_required,无六级同词；后续查找有证据的词族关系。
cet4-w-03603ea215c66d11412e,eventuality,listed_related,false,,,none,new_content_required,无六级同词；后续查找有证据的词族关系。
cet4-w-38823b3d6a68d28ae641,eventually,headword,true,,,none,new_content_required,无六级同词；后续查找有证据的词族关系。
cet4-w-c1746cd110e970acb9a1,ever,headword,false,80d4acff-10a5-49be-9ea4-8e08a6d2b913,ever,exact,pending_content_review,同词命中仅建立审核入口；不自动复制释义、拆词或巧记。
cet4-w-d4ac4a602d268d047530,every,headword,false,,,none,new_content_required,无六级同词；后续查找有证据的词族关系。
cet4-w-2f0e2e7ce46091ab1240,everybody,headword,false,,,none,new_content_required,无六级同词；后续查找有证据的词族关系。
cet4-w-da913e535065593f5adc,everyday,headword,true,,,none,new_content_required,无六级同词；后续查找有证据的词族关系。
cet4-w-c5978be815517050445e,everyone,headword,false,,,none,new_content_required,无六级同词；后续查找有证据的词族关系。
cet4-w-fc1cd63e6f95e312483b,everything,headword,false,,,none,new_content_required,无六级同词；后续查找有证据的词族关系。
cet4-w-c20ba2e2a336c6e737ed,everywhere,headword,false,,,none,new_content_required,无六级同词；后续查找有证据的词族关系。
cet4-w-3676a3f0ea228087d8b1,evidence,listed_related,true,8aa56e7c-48c1-41ad-be5b-b27e8b544462,evidence,exact,pending_content_review,同词命中仅建立审核入口；不自动复制释义、拆词或巧记。
cet4-w-9dbc11e3018570fcb05a,evident,headword,true,3d0f661a-8d49-4002-9a49-d9143a38e305,evident,exact,pending_content_review,同词命中仅建立审核入口；不自动复制释义、拆词或巧记。
cet4-w-8cd48d8da4b185f0cfd8,evil,headword,true,bada05b0-17d0-430e-a4df-cbecc05a2d9e,evil,exact,pending_content_review,同词命中仅建立审核入口；不自动复制释义、拆词或巧记。
cet4-w-4dc8db865bc9036053e9,evolution,listed_related,true,c04dffc8-3532-4d56-9ff6-4a0b3f3ad692,evolution,exact,pending_content_review,同词命中仅建立审核入口；不自动复制释义、拆词或巧记。
cet4-w-d3f43ea664d036648d22,evolutionary,listed_related,false,3101cfae-ddbf-4b7d-8ca1-8bf9ac755530,evolutionary,exact,pending_content_review,同词命中仅建立审核入口；不自动复制释义、拆词或巧记。
cet4-w-fa5a06ea1a4a9ab7b8c8,evolve,headword,true,1046713a-525b-4a5e-9afb-0d415b521ea4,evolve,exact,pending_content_review,同词命中仅建立审核入口；不自动复制释义、拆词或巧记。
cet4-w-debeb5d4beebc1db25a1,exact,headword,true,,,none,new_content_required,无六级同词；后续查找有证据的词族关系。
cet4-w-4439e23ad97db07aca1d,exaggerate,headword,true,5fff9b79-9a3c-4262-9e0d-32591123bdbe,exaggerate,exact,pending_content_review,同词命中仅建立审核入口；不自动复制释义、拆词或巧记。
cet4-w-be43d3e1acd76a0de9e1,exaggeration,listed_related,false,7ec72f08-331f-445f-b0f8-db88d3635dde,exaggeration,exact,pending_content_review,同词命中仅建立审核入口；不自动复制释义、拆词或巧记。
cet4-w-90d48a4d7b70b89aafb3,exam,listed_related,false,329ac200-8489-4142-b17f-b577e59b6c98,exam,exact,pending_content_review,同词命中仅建立审核入口；不自动复制释义、拆词或巧记。
cet4-w-37292d0b28fd0e4cdb46,examination,listed_related,true,,,none,new_content_required,无六级同词；后续查找有证据的词族关系。
cet4-w-3ab09e224473b7cb39c9,examine,headword,true,989b7674-d59e-4abc-b08e-853704fe7f53,examine,exact,pending_content_review,同词命中仅建立审核入口；不自动复制释义、拆词或巧记。
cet4-w-73fdae0b7392c4b05148,examinee,listed_related,false,,,none,new_content_required,无六级同词；后续查找有证据的词族关系。
cet4-w-be3a53f834bf6637a499,examiner,listed_related,false,,,none,new_content_required,无六级同词；后续查找有证据的词族关系。
cet4-w-e01b3159f8d25396835a,example,headword,false,e9e6e311-1563-440b-86b2-1afa13da3e7a,example,exact,pending_content_review,同词命中仅建立审核入口；不自动复制释义、拆词或巧记。
cet4-w-37faf8a0cde0a0b0064a,exceed,headword,true,e918b777-c7d9-4a17-aa51-fbac3e46fded,exceed,exact,pending_content_review,同词命中仅建立审核入口；不自动复制释义、拆词或巧记。
cet4-w-5f9ed82c7ab6ebc6e7b1,exceedingly,listed_related,true,a80d71bf-61ca-4c92-bc3d-72c2f588e0fa,exceedingly,exact,pending_content_review,同词命中仅建立审核入口；不自动复制释义、拆词或巧记。
cet4-w-f244c04f9fbeedb367a3,excel,headword,false,,,none,new_content_required,无六级同词；后续查找有证据的词族关系。
cet4-w-3360a60bf0cfead551fe,excellence,listed_related,false,,,none,new_content_required,无六级同词；后续查找有证据的词族关系。
cet4-w-8f9e171f98b34468082e,excellent,headword,true,,,none,new_content_required,无六级同词；后续查找有证据的词族关系。
cet4-w-763746fba2a3fed7bc98,except,headword,false,1116c7f3-c899-4e03-850b-c8389792baac,except,exact,pending_content_review,同词命中仅建立审核入口；不自动复制释义、拆词或巧记。
cet4-w-d0368513806da3e108d5,exception,headword,true,adbecc15-491f-442f-902a-e52044d96d06,exception,exact,pending_content_review,同词命中仅建立审核入口；不自动复制释义、拆词或巧记。
cet4-w-a9a9d763d9aaca592d5d,exceptional,listed_related,false,2702710e-310d-409d-a7f3-3bebbdf84d5b,exceptional,exact,pending_content_review,同词命中仅建立审核入口；不自动复制释义、拆词或巧记。
cet4-w-7ce2a22a2ccce2aa4df5,excess,headword,true,64fcdd51-f9b2-4a31-8ac2-c71cc50369eb,excess,exact,pending_content_review,同词命中仅建立审核入口；不自动复制释义、拆词或巧记。
cet4-w-46ea1aa8d842f3106e57,excessive,listed_related,true,4641fd89-9290-42ae-a472-8ca778db6678,excessive,exact,pending_content_review,同词命中仅建立审核入口；不自动复制释义、拆词或巧记。
cet4-w-ded743def51da77f7338,exchange,headword,true,671b4241-bcfa-4f4f-ad47-6c21fe4ffac3,exchange,exact,pending_content_review,同词命中仅建立审核入口；不自动复制释义、拆词或巧记。
cet4-w-e6399b805d77547c76ca,excite,headword,true,,,none,new_content_required,无六级同词；后续查找有证据的词族关系。
cet4-w-df37736c626f1054697f,excitement,listed_related,true,,,none,new_content_required,无六级同词；后续查找有证据的词族关系。
cet4-w-69672e704061d981f249,exciting,listed_related,true,,,none,new_content_required,无六级同词；后续查找有证据的词族关系。
cet4-w-ed0a8402063be93dbb5d,exclaim,headword,true,ce2eb99f-8c24-4ef9-b6f6-8166f26ce357,exclaim,exact,pending_content_review,同词命中仅建立审核入口；不自动复制释义、拆词或巧记。
cet4-w-526fbf6a8c6c9ee18ced,exclamation,listed_related,false,99538d9f-db99-4561-b468-290f74e1c397,exclamation,exact,pending_content_review,同词命中仅建立审核入口；不自动复制释义、拆词或巧记。
cet4-w-7b8fac25fc47a1bb46fb,exclamatory,listed_related,false,bf56c526-df19-47b9-a710-727b64387098,exclamatory,exact,pending_content_review,同词命中仅建立审核入口；不自动复制释义、拆词或巧记。
cet4-w-49a922944a5b9e809bbe,exclude,headword,true,e4bd0111-940c-4b99-a474-8912d89e3ffb,exclude,exact,pending_content_review,同词命中仅建立审核入口；不自动复制释义、拆词或巧记。
cet4-w-7a16c7dcb3abce707f3b,exclusion,listed_related,false,d87db12c-b9c6-4c07-af63-b7d08fd70b3a,exclusion,exact,pending_content_review,同词命中仅建立审核入口；不自动复制释义、拆词或巧记。
cet4-w-42c3822c0aa32c2b871d,exclusive,listed_related,true,4b1157f9-0d10-454f-b750-c1e669faaf3e,exclusive,exact,pending_content_review,同词命中仅建立审核入口；不自动复制释义、拆词或巧记。
cet4-w-e990425f794149600572,excursion,headword,true,,,none,new_content_required,无六级同词；后续查找有证据的词族关系。
cet4-w-f0ef5ac9ffb833b35d24,excuse,headword,false,aa2c8716-ea78-4362-8c30-d51546c7ee02,excuse,exact,pending_content_review,同词命中仅建立审核入口；不自动复制释义、拆词或巧记。
cet4-w-e156b321b452d2902a9b,execute,headword,true,a484403c-0eb2-4f85-a4c5-7b41b753a036,execute,exact,pending_content_review,同词命中仅建立审核入口；不自动复制释义、拆词或巧记。
cet4-w-060a1bb1993588525793,execution,listed_related,false,7cb4ed5d-1d62-4147-9dfb-3192584ffae1,execution,exact,pending_content_review,同词命中仅建立审核入口；不自动复制释义、拆词或巧记。
cet4-w-0cb6b3a9da28efbf7bf5,executive,listed_related,true,11b44f3d-99e0-4125-821e-defe6570f65f,executive,exact,pending_content_review,同词命中仅建立审核入口；不自动复制释义、拆词或巧记。
cet4-w-e5a51116becf48d0e665,exemplary,listed_related,false,,,none,new_content_required,无六级同词；后续查找有证据的词族关系。
cet4-w-80c9281e746ca0238a68,exemplify,listed_related,false,12ba8b19-da31-4f39-b581-8356a701dc8b,exemplify,exact,pending_content_review,同词命中仅建立审核入口；不自动复制释义、拆词或巧记。
cet4-w-2c806d2399171c86aa55,exercise,headword,false,,,none,new_content_required,无六级同词；后续查找有证据的词族关系。
cet4-w-5d445e3d209009d45ada,exert,headword,true,9c6e095a-7a32-4c84-9984-10de13ccce2b,exert,exact,pending_content_review,同词命中仅建立审核入口；不自动复制释义、拆词或巧记。
cet4-w-b5566529888a63090c6d,exertion,listed_related,false,6fefb1bb-8ba2-49bc-9d9c-f88933fd944e,exertion,exact,pending_content_review,同词命中仅建立审核入口；不自动复制释义、拆词或巧记。
cet4-w-f8d330d2d518193530bd,exhaust,headword,true,11743f67-c836-49bc-a8bb-f93b62ffcef8,exhaust,exact,pending_content_review,同词命中仅建立审核入口；不自动复制释义、拆词或巧记。
cet4-w-3c2058d7b2ac8a7ee0eb,exhaustion,listed_related,true,6d0527da-5ebc-454a-a49e-3164494b7d3f,exhaustion,exact,pending_content_review,同词命中仅建立审核入口；不自动复制释义、拆词或巧记。
cet4-w-6fddfcd32be3fad0b2f3,exhaustive,listed_related,false,,,none,new_content_required,无六级同词；后续查找有证据的词族关系。
cet4-w-2d1f624c2adf2eb716ad,exhibit,headword,true,49e72853-b308-4384-80a8-78571b445d2b,exhibit,exact,pending_content_review,同词命中仅建立审核入口；不自动复制释义、拆词或巧记。
cet4-w-f50a686fdf033f8fd6fa,exhibition,listed_related,true,ba4b9dbf-0f71-49d0-b0cd-fe3d47510721,exhibition,exact,pending_content_review,同词命中仅建立审核入口；不自动复制释义、拆词或巧记。
cet4-w-f3c5a976b2f38d941b1f,exile,headword,false,f27b4925-44a7-4aa7-9d36-ce4bc0bd780d,exile,exact,pending_content_review,同词命中仅建立审核入口；不自动复制释义、拆词或巧记。
cet4-w-12b2612b94b0f5322744,exist,headword,true,a13503d1-991a-4a96-8b06-b0ec7924f083,exist,exact,pending_content_review,同词命中仅建立审核入口；不自动复制释义、拆词或巧记。
cet4-w-a0e2bae416dc497f1b52,existence,listed_related,true,47b6add7-1918-4f39-9503-b56cdb8e278a,existence,exact,pending_content_review,同词命中仅建立审核入口；不自动复制释义、拆词或巧记。
cet4-w-3e68a8ddd1a18bf64930,existent,listed_related,false,a452c0a9-a356-4a3b-baac-6ee67091e9c4,existent,exact,pending_content_review,同词命中仅建立审核入口；不自动复制释义、拆词或巧记。
cet4-w-112059f76d47759539f8,existing,listed_related,false,,,none,new_content_required,无六级同词；后续查找有证据的词族关系。
cet4-w-d8b24a6b0779b050dc52,exit,headword,true,f6ffe559-161c-4f13-9dfc-cfdaefcf9d4a,exit,exact,pending_content_review,同词命中仅建立审核入口；不自动复制释义、拆词或巧记。
cet4-w-0d6748453ca6da541ac8,expand,headword,true,c526a12f-4fb7-4a70-ad1e-d4b5c103b31e,expand,exact,pending_content_review,同词命中仅建立审核入口；不自动复制释义、拆词或巧记。
cet4-w-06ac1d3fe36086b61cec,expansion,listed_related,true,7534c469-0535-48e8-bf44-91326a77d1f4,expansion,exact,pending_content_review,同词命中仅建立审核入口；不自动复制释义、拆词或巧记。
cet4-w-ae9d552c7868382a15a4,expansive,listed_related,false,d2cadbbe-4483-4afc-b9e5-60919bbe878d,expansive,exact,pending_content_review,同词命中仅建立审核入口；不自动复制释义、拆词或巧记。
cet4-w-7b27c3e81299f870cb00,expect,headword,false,5261fe5d-fc83-4e98-8cc2-72281f89ebf0,expect,exact,pending_content_review,同词命中仅建立审核入口；不自动复制释义、拆词或巧记。
cet4-w-42fe9638a2b7e28d49b2,expectancy,listed_related,false,,,none,new_content_required,无六级同词；后续查找有证据的词族关系。
cet4-w-35326b8c909202b6fb66,expectation,listed_related,true,,,none,new_content_required,无六级同词；后续查找有证据的词族关系。
cet4-w-1af07d1503470ebfdf7d,expel,headword,true,7930eadb-19d9-42d3-a012-79516bcc0a00,expel,exact,pending_content_review,同词命中仅建立审核入口；不自动复制释义、拆词或巧记。
cet4-w-b3aa8d382534be205de3,expend,headword,true,,,none,new_content_required,无六级同词；后续查找有证据的词族关系。
cet4-w-905df230e1f173b1d090,expenditure,listed_related,true,dba7591b-2e64-4bcc-a890-e1d1a6f9becd,expenditure,exact,pending_content_review,同词命中仅建立审核入口；不自动复制释义、拆词或巧记。
cet4-w-82b9ec933c996ac1da6b,expense,headword,true,ac3812d4-62d9-4ba8-8e46-644be2fa6c11,expense,exact,pending_content_review,同词命中仅建立审核入口；不自动复制释义、拆词或巧记。
cet4-w-41afabff53914559db35,expensive,listed_related,false,4f676617-1ee6-40ba-9539-79afae65939e,expensive,exact,pending_content_review,同词命中仅建立审核入口；不自动复制释义、拆词或巧记。
cet4-w-4b2d05f83d276e637e6f,experience,headword,true,,,none,new_content_required,无六级同词；后续查找有证据的词族关系。
cet4-w-1d9735e1cf33b291617c,experienced,listed_related,false,,,none,new_content_required,无六级同词；后续查找有证据的词族关系。
cet4-w-d02f11b53c7a3f7a7216,experiment,headword,true,,,none,new_content_required,无六级同词；后续查找有证据的词族关系。
cet4-w-442086d27c3b0b686381,experimental,listed_related,true,,,none,new_content_required,无六级同词；后续查找有证据的词族关系。
cet4-w-c8834f99ec2d2c9bb76e,expert,headword,true,ddcc579b-8efe-41f6-907e-a2235a56125a,expert,exact,pending_content_review,同词命中仅建立审核入口；不自动复制释义、拆词或巧记。
cet4-w-df964e958ddb0f370f4e,expertise,headword,false,38644c88-1825-4205-b3d5-791917cd0b1e,expertise,exact,pending_content_review,同词命中仅建立审核入口；不自动复制释义、拆词或巧记。
cet4-w-e01912296a8a69b9b856,explain,headword,true,,,none,new_content_required,无六级同词；后续查找有证据的词族关系。
cet4-w-522a83dda197fd700993,explanation,listed_related,true,,,none,new_content_required,无六级同词；后续查找有证据的词族关系。
cet4-w-7598b5939d34687b908d,explanatory,listed_related,false,,,none,new_content_required,无六级同词；后续查找有证据的词族关系。
cet4-w-1ec710d3ee7590dd72a2,explicit,headword,false,2dd41004-3957-457b-bb1d-a0e5cd78bf8a,explicit,exact,pending_content_review,同词命中仅建立审核入口；不自动复制释义、拆词或巧记。
cet4-w-9e65885025efc6343932,explode,headword,true,,,none,new_content_required,无六级同词；后续查找有证据的词族关系。
cet4-w-e3d683adae474e253793,exploit,headword,true,5abe71f4-49ac-485d-9198-1fef2f7f33b2,exploit,exact,pending_content_review,同词命中仅建立审核入口；不自动复制释义、拆词或巧记。
cet4-w-02462c990ff851ef7354,exploitation,listed_related,false,55bc23b1-f8ed-4a9b-817d-6423fe42c251,exploitation,exact,pending_content_review,同词命中仅建立审核入口；不自动复制释义、拆词或巧记。
cet4-w-763d56b2fecb4d600c36,exploration,listed_related,false,6f411f76-3652-42ef-9865-c8d252ae6809,exploration,exact,pending_content_review,同词命中仅建立审核入口；不自动复制释义、拆词或巧记。
cet4-w-5b8cf425aeb76ee90c87,explore,headword,true,3681282d-7bc2-4e97-b350-ea82ddab451b,explore,exact,pending_content_review,同词命中仅建立审核入口；不自动复制释义、拆词或巧记。
cet4-w-8f5ed2b573829071e691,explosion,listed_related,true,,,none,new_content_required,无六级同词；后续查找有证据的词族关系。
cet4-w-ce035522f6ffb6072b26,explosive,listed_related,true,,,none,new_content_required,无六级同词；后续查找有证据的词族关系。
cet4-w-8c8d138547024805cf9e,export,headword,true,,,none,new_content_required,无六级同词；后续查找有证据的词族关系。
cet4-w-c9c2eea08ff717062fad,exportation,listed_related,false,,,none,new_content_required,无六级同词；后续查找有证据的词族关系。
cet4-w-0c49e64c22dfb2c78289,expose,headword,true,eba9570c-5d41-4764-a7a8-996a3c608197,expose,exact,pending_content_review,同词命中仅建立审核入口；不自动复制释义、拆词或巧记。
cet4-w-83ce3a02676b33cc76ed,exposure,listed_related,true,67b4e3db-b406-4752-a1ba-2ee9b4af0270,exposure,exact,pending_content_review,同词命中仅建立审核入口；不自动复制释义、拆词或巧记。
cet4-w-ebdcb2bc085fa62433b4,express,headword,true,77f3ac4d-7ffa-4ef5-8bdd-ce8d162a37ce,express,exact,pending_content_review,同词命中仅建立审核入口；不自动复制释义、拆词或巧记。
cet4-w-4aa53351fcd2903887fd,expression,listed_related,true,ea6f7ee6-1c59-49fd-837d-8b78d041710b,expression,exact,pending_content_review,同词命中仅建立审核入口；不自动复制释义、拆词或巧记。
cet4-w-b1cca4c39783436c8777,expressive,listed_related,false,,,none,new_content_required,无六级同词；后续查找有证据的词族关系。
cet4-w-0c00b00bf857b0df82f2,expressway,headword,false,,,none,new_content_required,无六级同词；后续查找有证据的词族关系。
cet4-w-5c9b072dae66976bf09f,extend,headword,true,,,none,new_content_required,无六级同词；后续查找有证据的词族关系。
cet4-w-3806aed7f8dad6096432,extended,listed_related,false,,,none,new_content_required,无六级同词；后续查找有证据的词族关系。
cet4-w-e9c354fa4c5d175130b6,extension,listed_related,true,9435b95b-dffa-479e-946f-5303eaa77d30,extension,exact,pending_content_review,同词命中仅建立审核入口；不自动复制释义、拆词或巧记。
cet4-w-34edb0232b28c7d26332,extensive,listed_related,true,50185eea-7ba3-4d1e-b4c0-bb06c942b6d7,extensive,exact,pending_content_review,同词命中仅建立审核入口；不自动复制释义、拆词或巧记。
cet4-w-0260306647749ad08952,extent,headword,true,77cddfe9-216f-4695-8aff-ba9093a95e2a,extent,exact,pending_content_review,同词命中仅建立审核入口；不自动复制释义、拆词或巧记。
cet4-w-28357c347bb32d494f27,exterior,headword,true,002f473f-bf8c-48ce-89c0-9bc8d341dade,exterior,exact,pending_content_review,同词命中仅建立审核入口；不自动复制释义、拆词或巧记。
cet4-w-2cddbaa7cdcf5ca549c5,external,headword,true,68e32be4-416d-4c17-a0c1-f5ce6a2dc030,external,exact,pending_content_review,同词命中仅建立审核入口；不自动复制释义、拆词或巧记。
cet4-w-d494ec31c002acc002b4,extinguish,headword,false,7c675748-7564-4473-9ebf-3ffdfc78541e,extinguish,exact,pending_content_review,同词命中仅建立审核入口；不自动复制释义、拆词或巧记。
cet4-w-e42d7e888c0a061afde2,extra,headword,true,b2625710-1a54-4fbe-89e9-3c3a4731769c,extra,exact,pending_content_review,同词命中仅建立审核入口；不自动复制释义、拆词或巧记。
cet4-w-8e6cd9e3f7e2d9d1a412,extraordinary,headword,true,e3d3e57f-b98c-4467-b3ea-e527cd8f128e,extraordinary,exact,pending_content_review,同词命中仅建立审核入口；不自动复制释义、拆词或巧记。
cet4-w-6cd314611cc0e2526b4e,extreme,headword,true,4ee1cc0b-ee4a-4f1d-9ba0-89c8d784cc42,extreme,exact,pending_content_review,同词命中仅建立审核入口；不自动复制释义、拆词或巧记。
cet4-w-683de94947b776cfaf74,extremity,listed_related,false,,,none,new_content_required,无六级同词；后续查找有证据的词族关系。
cet4-w-f88cc502b9a09b124210,eye,headword,false,e05a2023-3899-4e15-9a0f-853e09c3df35,eye,exact,pending_content_review,同词命中仅建立审核入口；不自动复制释义、拆词或巧记。
cet4-w-27af6dad220217948e1f,eyebrow,headword,false,1be4449f-146b-4044-b3ac-0f307176e65f,eyebrow,exact,pending_content_review,同词命中仅建立审核入口；不自动复制释义、拆词或巧记。
cet4-w-e366ccd29ec07f6af995,eyesight,headword,true,,,none,new_content_required,无六级同词；后续查找有证据的词族关系。
cet4-w-638d9bc57dbb3089f583,fable,headword,false,,,none,new_content_required,无六级同词；后续查找有证据的词族关系。
cet4-w-1d0a6304e06cc5033782,fabric,headword,true,59d2b202-3cee-4ca4-b700-22f169eee3ae,fabric,exact,pending_content_review,同词命中仅建立审核入口；不自动复制释义、拆词或巧记。
cet4-w-ad20c44849e893327311,face,headword,false,3a47415d-ff76-4095-ab3b-66152fbe1bf2,face,exact,pending_content_review,同词命中仅建立审核入口；不自动复制释义、拆词或巧记。
cet4-w-cd83417ae02cc70baf0c,facial,listed_related,false,e90862db-fdc9-4dbf-8e14-cf550ed83f71,facial,exact,pending_content_review,同词命中仅建立审核入口；不自动复制释义、拆词或巧记。
cet4-w-52c4c78fbc48e53ee3f2,facilitate,listed_related,false,6f50a865-f40d-46b9-b2d9-d27a081653cc,facilitate,exact,pending_content_review,同词命中仅建立审核入口；不自动复制释义、拆词或巧记。
cet4-w-f4f98e5a50fb1af193ff,facilitation,listed_related,false,,,none,new_content_required,无六级同词；后续查找有证据的词族关系。
cet4-w-025f114d5a92ddd87e65,facility,headword,true,be378cad-48fa-4141-be1f-09d7e3a35025,facility,exact,pending_content_review,同词命中仅建立审核入口；不自动复制释义、拆词或巧记。
cet4-w-62704a73281991bea318,fact,headword,true,a06d4163-66da-4d5e-9fed-b65dd7e7614c,fact,exact,pending_content_review,同词命中仅建立审核入口；不自动复制释义、拆词或巧记。
cet4-w-05fb443601b343460b56,factor,headword,true,ca2bfdbb-9fb8-49ef-8f89-f10e7a04333d,factor,exact,pending_content_review,同词命中仅建立审核入口；不自动复制释义、拆词或巧记。
cet4-w-576012f32386d3a871fd,factory,headword,false,,,none,new_content_required,无六级同词；后续查找有证据的词族关系。
cet4-w-19bc1778e878ef9e8e60,factual,listed_related,false,,,none,new_content_required,无六级同词；后续查找有证据的词族关系。
cet4-w-83f4f5ff8e69a1dd2840,faculty,headword,true,b397b4e3-0b76-4355-a59f-6b64fb87d434,faculty,exact,pending_content_review,同词命中仅建立审核入口；不自动复制释义、拆词或巧记。
cet4-w-ccc7c75a8943e3a53bfb,fade,headword,true,,,none,new_content_required,无六级同词；后续查找有证据的词族关系。
cet4-w-38b86ad4a334ce175d12,fail,headword,false,,,none,new_content_required,无六级同词；后续查找有证据的词族关系。
cet4-w-1766aeff2b1c3a8cf3cf,failure,listed_related,true,,,none,new_content_required,无六级同词；后续查找有证据的词族关系。
cet4-w-cc980f1b59708861e759,faint,headword,true,,,none,new_content_required,无六级同词；后续查找有证据的词族关系。
cet4-w-89b8812f9f1b52193808,fair,headword,true,,,none,new_content_required,无六级同词；后续查找有证据的词族关系。
cet4-w-95f5abdc6fc8f8fb8383,fairly,listed_related,true,,,none,new_content_required,无六级同词；后续查找有证据的词族关系。
cet4-w-747890756833c742cafb,fairy,headword,false,,,none,new_content_required,无六级同词；后续查找有证据的词族关系。
cet4-w-4a8461a121ccbe724113,faith,headword,true,c3232386-7d54-49ce-b761-b744c90d968b,faith,exact,pending_content_review,同词命中仅建立审核入口；不自动复制释义、拆词或巧记。
cet4-w-f8cd5985c1f2bd63d21f,faithful,listed_related,true,9dcecc5a-084c-4460-973d-e26249b729bf,faithful,exact,pending_content_review,同词命中仅建立审核入口；不自动复制释义、拆词或巧记。
cet4-w-b9c06ef2c2bcae5ff473,fake,headword,false,6e82d17e-149d-411c-ace6-318b66600a6a,fake,exact,pending_content_review,同词命中仅建立审核入口；不自动复制释义、拆词或巧记。
cet4-w-5ffac72348cfc9141e65,fall,headword,false,,,none,new_content_required,无六级同词；后续查找有证据的词族关系。
cet4-w-eee7957ddd59f44476b3,false,headword,true,,,none,new_content_required,无六级同词；后续查找有证据的词族关系。
cet4-w-f32c4b9de43563e76778,falsehood,listed_related,false,,,none,new_content_required,无六级同词；后续查找有证据的词族关系。
cet4-w-a0a7298b437f8d0dbb06,fame,headword,true,,,none,new_content_required,无六级同词；后续查找有证据的词族关系。
cet4-w-dc0b02e55c7675c8b526,familiar,headword,true,9ab8094a-c408-4c26-b230-c6ae990f57f9,familiar,exact,pending_content_review,同词命中仅建立审核入口；不自动复制释义、拆词或巧记。
cet4-w-06e4fbbbfa36b5d44ad3,familiarity,listed_related,false,,,none,new_content_required,无六级同词；后续查找有证据的词族关系。
cet4-w-2b96436c58455cbbfbae,familiarize,listed_related,false,,,none,new_content_required,无六级同词；后续查找有证据的词族关系。
cet4-w-c111a7377d0b979aa2c9,family,headword,false,,,none,new_content_required,无六级同词；后续查找有证据的词族关系。
cet4-w-a18f6ec96a631011ec9f,famine,headword,true,c16eddd8-8edc-485b-b4ca-cf8f3187333c,famine,exact,pending_content_review,同词命中仅建立审核入口；不自动复制释义、拆词或巧记。
cet4-w-b625290229daff1ec306,famous,listed_related,false,,,none,new_content_required,无六级同词；后续查找有证据的词族关系。
cet4-w-3eaa2eb6be31ad11eea2,fan,headword,true,,,none,new_content_required,无六级同词；后续查找有证据的词族关系。
cet4-w-56e413a66622649769ae,fancy,headword,true,53da8ade-18a2-4936-8971-be158f377281,fancy,exact,pending_content_review,同词命中仅建立审核入口；不自动复制释义、拆词或巧记。
cet4-w-74a40aa309352512aea9,fantastic,listed_related,false,7b617a32-f580-4d18-8ee2-bc7be80f8966,fantastic,exact,pending_content_review,同词命中仅建立审核入口；不自动复制释义、拆词或巧记。
cet4-w-2675d2a6e31e968b6be1,fantasy,headword,true,126fde00-aec9-49de-aa86-3af64b99dc69,fantasy,exact,pending_content_review,同词命中仅建立审核入口；不自动复制释义、拆词或巧记。
cet4-w-0182092d292d19c022ff,far,headword,false,a8e68251-3a7c-45d0-9f57-a60c3f700b6e,far,exact,pending_content_review,同词命中仅建立审核入口；不自动复制释义、拆词或巧记。
cet4-w-45683d5eeca3eb57c120,fare,headword,true,15dc9f0a-4095-49d8-b9c0-82d75f9484a2,fare,exact,pending_content_review,同词命中仅建立审核入口；不自动复制释义、拆词或巧记。
cet4-w-9da13ecbf00d4c6319a3,farewell,headword,true,,,none,new_content_required,无六级同词；后续查找有证据的词族关系。
cet4-w-78e2cab4e420258a870e,farm,headword,false,,,none,new_content_required,无六级同词；后续查找有证据的词族关系。
cet4-w-91c84b021e064116efe3,farmer,listed_related,true,,,none,new_content_required,无六级同词；后续查找有证据的词族关系。
cet4-w-51c23e1da50ebac844be,farming,listed_related,false,,,none,new_content_required,无六级同词；后续查找有证据的词族关系。
cet4-w-e7d16e878ae22f89df79,farther,headword,true,,,none,new_content_required,无六级同词；后续查找有证据的词族关系。
cet4-w-38af00c29ec0ab7c6c9d,fascinate,headword,false,83f7945b-8370-43fc-894a-e663ef32197d,fascinate,exact,pending_content_review,同词命中仅建立审核入口；不自动复制释义、拆词或巧记。
cet4-w-6ee60c3bad92b4272163,fascinating,listed_related,false,,,none,new_content_required,无六级同词；后续查找有证据的词族关系。
cet4-w-faa3a3fd635d720f7433,fascination,listed_related,false,8b8de7ad-275e-479a-adde-954ee1eda69b,fascination,exact,pending_content_review,同词命中仅建立审核入口；不自动复制释义、拆词或巧记。
cet4-w-bbb450a7646a881fcfb2,fashion,headword,true,,,none,new_content_required,无六级同词；后续查找有证据的词族关系。
cet4-w-fcca30431367b15a3021,fashionable,listed_related,true,,,none,new_content_required,无六级同词；后续查找有证据的词族关系。
cet4-w-769f9e505a45ba66c74b,fast,headword,false,8e881ccc-773f-4356-a4ae-1f464539f9a7,fast,exact,pending_content_review,同词命中仅建立审核入口；不自动复制释义、拆词或巧记。
cet4-w-5d4f4005fe1b69ec5773,fasten,headword,true,,,none,new_content_required,无六级同词；后续查找有证据的词族关系。
cet4-w-95fd5dbdf818a2e34490,fat,headword,false,238b3ffc-9009-4beb-b2cc-ac7e1f1db8ca,fat,exact,pending_content_review,同词命中仅建立审核入口；不自动复制释义、拆词或巧记。
cet4-w-12b570ed36d4715b5e27,fatal,headword,true,efb95a59-0212-4348-b740-425134384df2,fatal,exact,pending_content_review,同词命中仅建立审核入口；不自动复制释义、拆词或巧记。
cet4-w-ee07812e912d9908f5b2,fatality,listed_related,false,f8a54ad5-1e73-42cc-812a-0e2b6eda83d9,fatality,exact,pending_content_review,同词命中仅建立审核入口；不自动复制释义、拆词或巧记。
cet4-w-1a9ae499d8f3957ea795,fate,headword,true,1319b23b-04f5-4739-a073-ce85974fa8c6,fate,exact,pending_content_review,同词命中仅建立审核入口；不自动复制释义、拆词或巧记。
cet4-w-39c7ff5ec2a82f74859f,father,headword,false,a40678b3-1178-4f83-acc0-14347cc82842,father,exact,pending_content_review,同词命中仅建立审核入口；不自动复制释义、拆词或巧记。
cet4-w-d0b01efee129fe276ee6,fatherly,listed_related,false,,,none,new_content_required,无六级同词；后续查找有证据的词族关系。
cet4-w-cc24650df3fcaf7b29e6,fatigue,headword,true,c402f29f-7990-4778-9866-4104d3edcb16,fatigue,exact,pending_content_review,同词命中仅建立审核入口；不自动复制释义、拆词或巧记。
cet4-w-3055bea5366e68c01f71,fault,headword,true,7584568d-43fb-419f-80fe-3727542ef06b,fault,exact,pending_content_review,同词命中仅建立审核入口；不自动复制释义、拆词或巧记。
cet4-w-c091a8821849d3c6bd2f,faulty,listed_related,true,af401291-c44b-4f15-b9cb-a4d3a2baae9a,faulty,exact,pending_content_review,同词命中仅建立审核入口；不自动复制释义、拆词或巧记。
cet4-w-462d663680e235f6320c,favor,headword,true,,,none,new_content_required,无六级同词；后续查找有证据的词族关系。
cet4-w-d3145321da22e775bc3a,favorable,listed_related,true,,,none,new_content_required,无六级同词；后续查找有证据的词族关系。
cet4-w-48373dd6312318e3fdc1,favorite,listed_related,true,,,none,new_content_required,无六级同词；后续查找有证据的词族关系。
cet4-w-412f66798046b816f2d9,fax,headword,true,,,none,new_content_required,无六级同词；后续查找有证据的词族关系。
cet4-w-7b67419ee831ffd50ef1,fear,headword,true,d03d4226-146a-4813-b5ec-f687f3c3cfe7,fear,exact,pending_content_review,同词命中仅建立审核入口；不自动复制释义、拆词或巧记。
cet4-w-01a25075b0d22f794cfa,fearful,listed_related,true,,,none,new_content_required,无六级同词；后续查找有证据的词族关系。
cet4-w-1579797c5d18bea9e758,feasibility,listed_related,false,93b05794-3dce-4eb7-af3e-9e45f6d6276f,feasibility,exact,pending_content_review,同词命中仅建立审核入口；不自动复制释义、拆词或巧记。
cet4-w-35f33ec463595308f242,feasible,headword,true,a615b43c-3889-4218-9b14-69bf593568af,feasible,exact,pending_content_review,同词命中仅建立审核入口；不自动复制释义、拆词或巧记。
cet4-w-139b2d018e0c0e3a11a3,feather,headword,true,71cfe034-6cfd-45ee-b043-ab25dcec3ecd,feather,exact,pending_content_review,同词命中仅建立审核入口；不自动复制释义、拆词或巧记。
cet4-w-59c3dae8221044db6a02,feature,headword,true,fce3703e-a34c-4e47-bafa-5d2e1fdf9364,feature,exact,pending_content_review,同词命中仅建立审核入口；不自动复制释义、拆词或巧记。
cet4-w-28e44d73367fbfa7e27a,February,headword,false,,,none,new_content_required,无六级同词；后续查找有证据的词族关系。
cet4-w-4c9e77567c412b33c4de,federal,headword,true,85a2fe16-7de9-4028-a39f-aff3988f22f6,federal,exact,pending_content_review,同词命中仅建立审核入口；不自动复制释义、拆词或巧记。
cet4-w-e0ae86fa3a56a345d6f0,federation,headword,false,caa687a9-cc0f-4343-b5cc-2ebd01d4b460,federation,exact,pending_content_review,同词命中仅建立审核入口；不自动复制释义、拆词或巧记。
cet4-w-6698197bc10875da4d61,fee,headword,true,d026ca91-e1eb-413f-8e5a-0cb936fbea4f,fee,exact,pending_content_review,同词命中仅建立审核入口；不自动复制释义、拆词或巧记。
cet4-w-50e89701d6a0b59d8518,feed,headword,true,47241416-cd0d-4bb1-a1b9-7894e110f5f7,feed,exact,pending_content_review,同词命中仅建立审核入口；不自动复制释义、拆词或巧记。
cet4-w-3742f90f4ee224f43be9,feedback,headword,true,,,none,new_content_required,无六级同词；后续查找有证据的词族关系。
cet4-w-c94ad96ffd09f1a92ffb,feel,headword,false,419daf6a-b9c0-4186-bd8d-e6aad36a074e,feel,exact,pending_content_review,同词命中仅建立审核入口；不自动复制释义、拆词或巧记。
cet4-w-9e08b8ed639c89cb82af,feeling,listed_related,true,88525ec6-fd89-4b05-be0a-104b54a6cbe3,feeling,exact,pending_content_review,同词命中仅建立审核入口；不自动复制释义、拆词或巧记。
cet4-w-736998a7d96702c1aa29,fellow,headword,true,8ad975b6-0058-4b83-9f20-6113ff7202c3,fellow,exact,pending_content_review,同词命中仅建立审核入口；不自动复制释义、拆词或巧记。
cet4-w-e26a50077ad122a06e1f,fellowship,listed_related,false,6d74373a-85ce-4bee-9d09-30a287d0191c,fellowship,exact,pending_content_review,同词命中仅建立审核入口；不自动复制释义、拆词或巧记。
cet4-w-48813fa85f1543390d76,female,headword,true,64afa25c-621b-4a3a-b5db-bc2dcc0cc372,female,exact,pending_content_review,同词命中仅建立审核入口；不自动复制释义、拆词或巧记。
cet4-w-f2aab4f1145f9dcc40e8,fence,headword,true,8e100839-13e5-4fdf-8437-8172031b0426,fence,exact,pending_content_review,同词命中仅建立审核入口；不自动复制释义、拆词或巧记。
cet4-w-d19db9e7e0693d5b00eb,ferry,headword,false,92fde68b-4e06-4689-8327-bdc53ff37eef,ferry,exact,pending_content_review,同词命中仅建立审核入口；不自动复制释义、拆词或巧记。
cet4-w-a512073e35985674e579,fertile,headword,true,9604dad2-f053-45bc-8d7c-290ebe95230e,fertile,exact,pending_content_review,同词命中仅建立审核入口；不自动复制释义、拆词或巧记。
cet4-w-5ec89c9e52e365149ccb,fertility,listed_related,false,3117ebf8-d72d-4915-8861-53904df26fe6,fertility,exact,pending_content_review,同词命中仅建立审核入口；不自动复制释义、拆词或巧记。
cet4-w-3e17327c41f2f55e032b,fertilizer,listed_related,true,96686f39-15aa-437c-812c-1d28dea843f7,fertilizer,exact,pending_content_review,同词命中仅建立审核入口；不自动复制释义、拆词或巧记。
cet4-w-53d106403e87abbfd4fe,festival,headword,true,,,none,new_content_required,无六级同词；后续查找有证据的词族关系。
cet4-w-5653972a4c42dda889e3,fetch,headword,true,,,none,new_content_required,无六级同词；后续查找有证据的词族关系。
cet4-w-12b56c85b5aef36fcec2,fever,headword,true,,,none,new_content_required,无六级同词；后续查找有证据的词族关系。
cet4-w-a0554349292723da808c,feverish,listed_related,false,,,none,new_content_required,无六级同词；后续查找有证据的词族关系。
cet4-w-a8ca30dad3cf787197ae,few,headword,false,,,none,new_content_required,无六级同词；后续查找有证据的词族关系。
cet4-w-f4f00dc99822f0de1d22,fiber,headword,true,,,none,new_content_required,无六级同词；后续查找有证据的词族关系。
cet4-w-52a2ff5bbd1df0a56109,fiction,headword,true,dc6ab888-d7c4-49ec-95ad-b975cc2fbfe2,fiction,exact,pending_content_review,同词命中仅建立审核入口；不自动复制释义、拆词或巧记。
cet4-w-f52c4da7e65cbabb7e44,fictional,listed_related,false,4c4b4033-1773-4dc0-a988-e42144008456,fictional,exact,pending_content_review,同词命中仅建立审核入口；不自动复制释义、拆词或巧记。
cet4-w-d995acf2dd8a5ef00864,field,headword,false,b0574ed5-8eab-44c4-b852-a39f42bd783a,field,exact,pending_content_review,同词命中仅建立审核入口；不自动复制释义、拆词或巧记。
cet4-w-f0d5b64277e06aa32c9f,fierce,headword,true,00fdf711-bab3-4b9c-9ea2-d11f991dfe6c,fierce,exact,pending_content_review,同词命中仅建立审核入口；不自动复制释义、拆词或巧记。
cet4-w-d362a1996dabf0f8a540,fifteen,headword,false,,,none,new_content_required,无六级同词；后续查找有证据的词族关系。
cet4-w-22d64e8018a6d2a57937,fifth,headword,false,,,none,new_content_required,无六级同词；后续查找有证据的词族关系。
cet4-w-345e1c15d7add3f9f121,fifty,headword,false,,,none,new_content_required,无六级同词；后续查找有证据的词族关系。
cet4-w-75ff86c21384fe95a559,fight,headword,true,9e3689c2-de37-4b85-aea6-2b09963af679,fight,exact,pending_content_review,同词命中仅建立审核入口；不自动复制释义、拆词或巧记。
cet4-w-6ad4eaf63381c5736159,figurative,listed_related,false,,,none,new_content_required,无六级同词；后续查找有证据的词族关系。
cet4-w-8d50b9f5594363cb4d23,figure,headword,true,b7e9b18e-0d39-474a-afc8-18731b58679a,figure,exact,pending_content_review,同词命中仅建立审核入口；不自动复制释义、拆词或巧记。
cet4-w-5759493de3ea2044e8ec,file,headword,true,64398806-47a9-4d7f-aab3-6d192894f504,file,exact,pending_content_review,同词命中仅建立审核入口；不自动复制释义、拆词或巧记。
cet4-w-243834ff065aef188253,fill,headword,false,eda2d9b8-8dd8-48ed-92a8-ca21e92d279a,fill,exact,pending_content_review,同词命中仅建立审核入口；不自动复制释义、拆词或巧记。
cet4-w-ecefc86f83da8a8bb5bf,filling,listed_related,false,,,none,new_content_required,无六级同词；后续查找有证据的词族关系。
cet4-w-f68626d265cfb472138f,film,headword,false,,,none,new_content_required,无六级同词；后续查找有证据的词族关系。
cet4-w-94f10c1b5fb4e45c3183,filter,headword,true,,,none,new_content_required,无六级同词；后续查找有证据的词族关系。
cet4-w-2997e7cec682ecaf60d0,final,headword,true,,,none,new_content_required,无六级同词；后续查找有证据的词族关系。
cet4-w-f5d3d8dfc22dbdad4750,finalize,listed_related,false,,,none,new_content_required,无六级同词；后续查找有证据的词族关系。
cet4-w-c836b9bdebb2bd4ff56d,finally,listed_related,true,,,none,new_content_required,无六级同词；后续查找有证据的词族关系。
cet4-w-4ea9e0ecdf347afa5a37,finance,headword,true,9068a6ac-aab1-4516-9d00-f872ca5368d7,finance,exact,pending_content_review,同词命中仅建立审核入口；不自动复制释义、拆词或巧记。
cet4-w-0423e76f12e1b419fa8d,financial,listed_related,true,87f92c50-d208-4093-a080-88d9b2e3e53a,financial,exact,pending_content_review,同词命中仅建立审核入口；不自动复制释义、拆词或巧记。
cet4-w-a10ae25d451382f25040,find,headword,false,a13e8790-c3f8-4020-bf05-0fd7a08383e0,find,exact,pending_content_review,同词命中仅建立审核入口；不自动复制释义、拆词或巧记。
cet4-w-b64488cbd449a51e39b7,finding,listed_related,true,,,none,new_content_required,无六级同词；后续查找有证据的词族关系。
cet4-w-d0ae0afa8905ba21ad2a,fine,headword,false,bfefd974-debc-4826-8d5a-76e09a7507e5,fine,exact,pending_content_review,同词命中仅建立审核入口；不自动复制释义、拆词或巧记。
cet4-w-6c365ec44d5909e1c6d2,finger,headword,true,12aa4cb9-0f1f-4a0f-b6e2-af58e4705090,finger,exact,pending_content_review,同词命中仅建立审核入口；不自动复制释义、拆词或巧记。
cet4-w-6cf6bc51a173126d2cc8,fingerprint,headword,false,,,none,new_content_required,无六级同词；后续查找有证据的词族关系。
cet4-w-dbf953e2f7f4791f11ad,finish,headword,false,bbea1ea4-b9f4-45db-b840-9e4170017889,finish,exact,pending_content_review,同词命中仅建立审核入口；不自动复制释义、拆词或巧记。
cet4-w-4f52278d40e26c1a32f2,fire,headword,false,,,none,new_content_required,无六级同词；后续查找有证据的词族关系。
cet4-w-1a162d10c8e4bf7de8f1,fireman,headword,true,,,none,new_content_required,无六级同词；后续查找有证据的词族关系。
cet4-w-c2554700fcc8dd16f279,fireplace,headword,false,,,none,new_content_required,无六级同词；后续查找有证据的词族关系。
cet4-w-36ca0971ace261bc8b21,fireworks,headword,false,,,none,new_content_required,无六级同词；后续查找有证据的词族关系。
cet4-w-6579c1cd11d56b29bd14,firm,headword,true,1b28da07-c470-4d29-8814-43f2774a878a,firm,exact,pending_content_review,同词命中仅建立审核入口；不自动复制释义、拆词或巧记。
cet4-w-1b1694b37b86e425b62a,first,headword,false,,,none,new_content_required,无六级同词；后续查找有证据的词族关系。
cet4-w-1c115d1ae70075f96191,firstly,listed_related,false,,,none,new_content_required,无六级同词；后续查找有证据的词族关系。
cet4-w-0ab9b465827d0caa52d6,fish,headword,false,14ac3c33-87b8-400c-bc2d-fd25685b5910,fish,exact,pending_content_review,同词命中仅建立审核入口；不自动复制释义、拆词或巧记。
cet4-w-ff173c1a29035ee504e4,fisherman,listed_related,true,,,none,new_content_required,无六级同词；后续查找有证据的词族关系。
cet4-w-20d93a003f78e3997afe,fishing,listed_related,false,,,none,new_content_required,无六级同词；后续查找有证据的词族关系。
cet4-w-b2947f24a29a708ecd0b,fist,headword,true,,,none,new_content_required,无六级同词；后续查找有证据的词族关系。
cet4-w-746a14cc1b64c480f972,fit,headword,false,d5eabdf6-9134-439f-a602-a5bc3427d60b,fit,exact,pending_content_review,同词命中仅建立审核入口；不自动复制释义、拆词或巧记。
cet4-w-4ae184136ae8e8cece35,five,headword,false,,,none,new_content_required,无六级同词；后续查找有证据的词族关系。
cet4-w-d47da2583bb5a0f75186,fix,headword,true,aa11a46a-f540-4f5b-89f0-d1539d390c06,fix,exact,pending_content_review,同词命中仅建立审核入口；不自动复制释义、拆词或巧记。
cet4-w-cb383676ff4414c121d2,fixation,listed_related,false,,,none,new_content_required,无六级同词；后续查找有证据的词族关系。
cet4-w-6b92b3d93810d1018549,fixed,listed_related,false,,,none,new_content_required,无六级同词；后续查找有证据的词族关系。
cet4-w-3163ef076f6d1d972a92,fixture,listed_related,false,8e13a759-fc4a-440c-96a7-6915688b1afb,fixture,exact,pending_content_review,同词命中仅建立审核入口；不自动复制释义、拆词或巧记。
cet4-w-5c417005616d42ba9ab4,flag,headword,true,4ab84e41-4701-4d84-8bb1-bda460ca91ac,flag,exact,pending_content_review,同词命中仅建立审核入口；不自动复制释义、拆词或巧记。
cet4-w-907c4fb4f3e6d6c8ba7a,flame,headword,true,ff22a240-067c-4c4e-9eb4-8bb9e24d6ab0,flame,exact,pending_content_review,同词命中仅建立审核入口；不自动复制释义、拆词或巧记。
cet4-w-caa0ca2cc63bf5e6d916,flash,headword,true,487ddb6f-3626-4eeb-b8c5-131d9ed74ad1,flash,exact,pending_content_review,同词命中仅建立审核入口；不自动复制释义、拆词或巧记。
cet4-w-3d0ace86dd18cabe5671,flat,headword,true,35a84c5b-613a-4af9-bc3a-41233db40ef7,flat,exact,pending_content_review,同词命中仅建立审核入口；不自动复制释义、拆词或巧记。
cet4-w-0a84a2a55199fe5654d8,flavor,headword,true,,,none,new_content_required,无六级同词；后续查找有证据的词族关系。
cet4-w-741a8310e9b74dde2889,flaw,headword,false,563aa339-0ddd-4a48-8860-c78032fb1d58,flaw,exact,pending_content_review,同词命中仅建立审核入口；不自动复制释义、拆词或巧记。
cet4-w-f415bb35b92e1def9952,flawless,listed_related,false,,,none,new_content_required,无六级同词；后续查找有证据的词族关系。
cet4-w-46b27690e26a837a9f2a,flee,headword,true,,,none,new_content_required,无六级同词；后续查找有证据的词族关系。
cet4-w-0d4fb29f994dda2c44e9,fleet,headword,true,,,none,new_content_required,无六级同词；后续查找有证据的词族关系。
cet4-w-352e1d6962dfbd0ab1f3,flesh,headword,true,,,none,new_content_required,无六级同词；后续查找有证据的词族关系。
cet4-w-7771e99a0c2cfad9f38d,flexibility,listed_related,false,550f68db-9cf8-433c-9099-e244e8cc03db,flexibility,exact,pending_content_review,同词命中仅建立审核入口；不自动复制释义、拆词或巧记。
cet4-w-ec22d0f68d7b9061fca8,flexible,headword,true,64308338-cf09-4164-8b23-c3c86ed39227,flexible,exact,pending_content_review,同词命中仅建立审核入口；不自动复制释义、拆词或巧记。
cet4-w-15e9701dacacb32e033e,flight,listed_related,false,,,none,new_content_required,无六级同词；后续查找有证据的词族关系。
cet4-w-23e22e0bcfeb8b7524a2,float,headword,true,29c013a5-990e-4cd8-b35d-c79f74a54f1c,float,exact,pending_content_review,同词命中仅建立审核入口；不自动复制释义、拆词或巧记。
cet4-w-d99db60c3ec48171088c,flock,headword,true,,,none,new_content_required,无六级同词；后续查找有证据的词族关系。
cet4-w-e661e3de1e0d9afa3233,flood,headword,true,,,none,new_content_required,无六级同词；后续查找有证据的词族关系。
cet4-w-3b716320f8ca9232ee01,floor,headword,false,,,none,new_content_required,无六级同词；后续查找有证据的词族关系。
cet4-w-1ae0f9dead3b57edccc8,flour,headword,true,,,none,new_content_required,无六级同词；后续查找有证据的词族关系。
cet4-w-002759122742c2c4af25,flourish,headword,true,,,none,new_content_required,无六级同词；后续查找有证据的词族关系。
cet4-w-261bd06a13bc475ef197,flow,headword,true,a6979ef5-850d-4462-83d0-48817dc5d5c5,flow,exact,pending_content_review,同词命中仅建立审核入口；不自动复制释义、拆词或巧记。
cet4-w-d19e4d5fdee3dd94530a,flower,headword,false,26916287-6bdb-4af4-88e4-cb93dbf901bf,flower,exact,pending_content_review,同词命中仅建立审核入口；不自动复制释义、拆词或巧记。
cet4-w-ad21098dfb6ad2358689,flu,headword,true,,,none,new_content_required,无六级同词；后续查找有证据的词族关系。
cet4-w-da770b2ec8a616554889,fluctuate,headword,false,348890d3-deef-4ded-a8ac-c17788b3477c,fluctuate,exact,pending_content_review,同词命中仅建立审核入口；不自动复制释义、拆词或巧记。
cet4-w-44ad4c5af3658ccc17e9,fluctuation,listed_related,false,39c6dc56-e4e1-4a65-82d4-b141c4d7392c,fluctuation,exact,pending_content_review,同词命中仅建立审核入口；不自动复制释义、拆词或巧记。
cet4-w-0854885c1d75f9cc3f4e,fluency,listed_related,false,65e0309a-3317-4afc-941a-6239be28ab08,fluency,exact,pending_content_review,同词命中仅建立审核入口；不自动复制释义、拆词或巧记。
cet4-w-ac2044128a11ca7e669f,fluent,headword,true,573829ee-36ec-4c6d-8797-16855e4e4c8a,fluent,exact,pending_content_review,同词命中仅建立审核入口；不自动复制释义、拆词或巧记。
cet4-w-877d8f1391b578aeb7af,fluid,headword,true,,,none,new_content_required,无六级同词；后续查找有证据的词族关系。
cet4-w-e56d549654a312462ee5,fly,headword,false,80a344d1-ea33-4ee0-a570-d44b43d61a0d,fly,exact,pending_content_review,同词命中仅建立审核入口；不自动复制释义、拆词或巧记。
cet4-w-6ff6eef543f48ee6be2b,focus,headword,true,69701105-fe5a-4890-9c5e-cdf2d27fd130,focus,exact,pending_content_review,同词命中仅建立审核入口；不自动复制释义、拆词或巧记。
cet4-w-347bfa9a01062798c533,fog,headword,true,,,none,new_content_required,无六级同词；后续查找有证据的词族关系。
cet4-w-f6a41eaf046689f4bd97,foggy,listed_related,false,,,none,new_content_required,无六级同词；后续查找有证据的词族关系。
cet4-w-7a64bd2280bd1af666a8,fold,headword,true,e188d597-5a65-46e2-b03b-18fd25823d9b,fold,exact,pending_content_review,同词命中仅建立审核入口；不自动复制释义、拆词或巧记。
cet4-w-37dd2729d79ec9657629,folk,headword,true,d8c69df2-0fe8-4d5f-9e43-d5571e87352a,folk,exact,pending_content_review,同词命中仅建立审核入口；不自动复制释义、拆词或巧记。
cet4-w-90ff622a6f39c2e561b5,follow,headword,true,2bdcd280-ee2e-414c-ad63-a020d9a411f9,follow,exact,pending_content_review,同词命中仅建立审核入口；不自动复制释义、拆词或巧记。
cet4-w-0d5a54368772f4274af5,following,listed_related,true,b2ab0cd4-fe4b-46b6-8012-0bbcfadfe318,following,exact,pending_content_review,同词命中仅建立审核入口；不自动复制释义、拆词或巧记。
cet4-w-99b344f2bbea993d3a59,fond,headword,true,,,none,new_content_required,无六级同词；后续查找有证据的词族关系。
cet4-w-d3ff3565a8a3bb2afd2c,food,headword,false,,,none,new_content_required,无六级同词；后续查找有证据的词族关系。
cet4-w-4a22d708e432e460c664,fool,headword,true,,,none,new_content_required,无六级同词；后续查找有证据的词族关系。
cet4-w-c2385db02a5b7a93f7de,foolish,listed_related,true,,,none,new_content_required,无六级同词；后续查找有证据的词族关系。
cet4-w-47abd9e705864716b1ec,foot,headword,false,39f4dc20-1218-4ed8-9842-9612573ab1be,foot,exact,pending_content_review,同词命中仅建立审核入口；不自动复制释义、拆词或巧记。
cet4-w-57917a703211b147a6ca,football,headword,false,,,none,new_content_required,无六级同词；后续查找有证据的词族关系。
cet4-w-27f852fab9b5c5088d32,footprint,headword,false,,,none,new_content_required,无六级同词；后续查找有证据的词族关系。
cet4-w-9644649d57704bbb047f,for,headword,false,8bef9b92-5887-4bb7-8a29-33c374a32f34,for,exact,pending_content_review,同词命中仅建立审核入口；不自动复制释义、拆词或巧记。
cet4-w-619bdd72ad520cd7c462,forbid,headword,true,,,none,new_content_required,无六级同词；后续查找有证据的词族关系。
cet4-w-10c5c9d82d7be3c136a1,force,headword,true,13996482-4892-48a1-9f37-e67ff5ad1f6a,force,exact,pending_content_review,同词命中仅建立审核入口；不自动复制释义、拆词或巧记。
cet4-w-59d820a5b6212011a5da,forceful,listed_related,false,c7bda84b-30ab-4dc0-ab2f-8e0bed840adb,forceful,exact,pending_content_review,同词命中仅建立审核入口；不自动复制释义、拆词或巧记。
cet4-w-7eaa43f4cd3b4ec95eae,forecast,headword,true,,,none,new_content_required,无六级同词；后续查找有证据的词族关系。
cet4-w-3e68ad11a197604883cd,forehead,headword,true,,,none,new_content_required,无六级同词；后续查找有证据的词族关系。
cet4-w-4eceb78a18418950c620,foreign,headword,false,,,none,new_content_required,无六级同词；后续查找有证据的词族关系。
cet4-w-2d4651904203a48163ea,foreigner,listed_related,true,,,none,new_content_required,无六级同词；后续查找有证据的词族关系。
cet4-w-c1b2aad6901e32765049,foremost,headword,true,de914903-3bfa-415d-b5bb-11f1443df583,foremost,exact,pending_content_review,同词命中仅建立审核入口；不自动复制释义、拆词或巧记。
cet4-w-8ef12373e4636d46922d,foresee,headword,false,d7177796-d9fd-4880-aa51-0baee5222e3e,foresee,exact,pending_content_review,同词命中仅建立审核入口；不自动复制释义、拆词或巧记。
cet4-w-15d8193f76953babf5f4,foreseeable,listed_related,false,,,none,new_content_required,无六级同词；后续查找有证据的词族关系。
cet4-w-ccfd88a658438caa9479,foresight,headword,false,,,none,new_content_required,无六级同词；后续查找有证据的词族关系。
cet4-w-0d4a3f290c086ba83e16,forest,headword,true,47ea147b-0820-45a2-9a5a-3707b83a977c,forest,exact,pending_content_review,同词命中仅建立审核入口；不自动复制释义、拆词或巧记。
cet4-w-9c98057bf2e8cb9a0c77,forestry,listed_related,false,,,none,new_content_required,无六级同词；后续查找有证据的词族关系。
cet4-w-6f18980169960c3fa8ca,forever,headword,true,8730fca9-65ea-4737-a2af-6bb722d3d578,forever,exact,pending_content_review,同词命中仅建立审核入口；不自动复制释义、拆词或巧记。
cet4-w-59f2942b4bef7ee02661,forge,headword,false,cd67ee2b-40a8-4e6e-a9eb-5d04797edc6e,forge,exact,pending_content_review,同词命中仅建立审核入口；不自动复制释义、拆词或巧记。
cet4-w-f1a5d0a9dd2cf23424ee,forgery,listed_related,false,cd3205b4-1797-4ebd-9e69-469c1fed927d,forgery,exact,pending_content_review,同词命中仅建立审核入口；不自动复制释义、拆词或巧记。
cet4-w-b89018a8d3a9251ea202,forget,headword,false,5b9321b3-a5d8-44c7-8783-69cc61fd5764,forget,exact,pending_content_review,同词命中仅建立审核入口；不自动复制释义、拆词或巧记。
cet4-w-bc1c475d85560fdb08e0,forgetful,listed_related,false,c4efc52f-4737-4799-87f6-b9442d92eec5,forgetful,exact,pending_content_review,同词命中仅建立审核入口；不自动复制释义、拆词或巧记。
cet4-w-6a7dc10948c5ee7c8082,forgettable,listed_related,false,,,none,new_content_required,无六级同词；后续查找有证据的词族关系。
cet4-w-44c26ae2dbef590c88bc,forgive,headword,true,811db763-fb32-4424-b8f6-7163907ad0e0,forgive,exact,pending_content_review,同词命中仅建立审核入口；不自动复制释义、拆词或巧记。
cet4-w-2568812accbcbce8fa8d,forgiving,listed_related,false,,,none,new_content_required,无六级同词；后续查找有证据的词族关系。
cet4-w-30d08e4779dcb61f69db,fork,headword,true,d6ab98c1-6f2a-43a9-be43-50f8ffd0138e,fork,exact,pending_content_review,同词命中仅建立审核入口；不自动复制释义、拆词或巧记。
cet4-w-9c5f82af8565320d1e8e,form,headword,false,bf24a206-d6b8-4b58-bd08-aee22a3d5808,form,exact,pending_content_review,同词命中仅建立审核入口；不自动复制释义、拆词或巧记。
cet4-w-ad1feba0697d8ebbcdbf,formal,headword,true,e6d84cf9-68c4-4a1b-b638-62cbcf6f0ddb,formal,exact,pending_content_review,同词命中仅建立审核入口；不自动复制释义、拆词或巧记。
cet4-w-8fc6bc1f5dbcb438f61a,formality,listed_related,false,,,none,new_content_required,无六级同词；后续查找有证据的词族关系。
cet4-w-cce4ede7813ad881e831,format,headword,false,4cf558fd-32fa-488a-98d8-77f1c3be4780,format,exact,pending_content_review,同词命中仅建立审核入口；不自动复制释义、拆词或巧记。
cet4-w-817da9a2b9ed5729a4e8,formation,listed_related,true,,,none,new_content_required,无六级同词；后续查找有证据的词族关系。
cet4-w-c7d81c8d9213763b157f,former,headword,true,,,none,new_content_required,无六级同词；后续查找有证据的词族关系。
cet4-w-04d53d55413878a9fd02,formula,headword,true,97b40544-0a82-49ea-8793-fe91037f05c5,formula,exact,pending_content_review,同词命中仅建立审核入口；不自动复制释义、拆词或巧记。
cet4-w-2ade6cde2ec8eb043cf0,formulate,headword,false,e92ecb37-ec5f-4cc6-a570-c51a8594460a,formulate,exact,pending_content_review,同词命中仅建立审核入口；不自动复制释义、拆词或巧记。
cet4-w-e7cb05905ef93f774219,formulation,listed_related,false,,,none,new_content_required,无六级同词；后续查找有证据的词族关系。
cet4-w-2f2b4ca326af3e5b4773,forth,headword,true,0618ef60-fe47-4e40-857f-0cb8677f9bc8,forth,exact,pending_content_review,同词命中仅建立审核入口；不自动复制释义、拆词或巧记。
cet4-w-debc690c49da757807e2,forthcoming,headword,false,1d664ecb-c4be-4659-8f59-4b100b9e1402,forthcoming,exact,pending_content_review,同词命中仅建立审核入口；不自动复制释义、拆词或巧记。
cet4-w-3f6a4a8e66d72c6014fe,fortunate,listed_related,true,79fde949-e734-48eb-9a31-ad19848188c2,fortunate,exact,pending_content_review,同词命中仅建立审核入口；不自动复制释义、拆词或巧记。
cet4-w-08f68c54599e778cd120,fortune,headword,true,0b93bbef-4ab9-40be-b3d5-610723cb1157,fortune,exact,pending_content_review,同词命中仅建立审核入口；不自动复制释义、拆词或巧记。
cet4-w-96f48c5224a6ea91a6a1,forty,headword,false,17e8f86f-dc46-43ba-bf73-585ef4bcd219,forty,exact,pending_content_review,同词命中仅建立审核入口；不自动复制释义、拆词或巧记。
cet4-w-3bfde35cb226baed9205,forum,headword,false,5f00d72e-a063-466e-ab81-34e0cd66992f,forum,exact,pending_content_review,同词命中仅建立审核入口；不自动复制释义、拆词或巧记。
cet4-w-782a2763814061b9ed10,forward,headword,false,6d2769b8-fb93-44fc-952d-0cb29cadb430,forward,exact,pending_content_review,同词命中仅建立审核入口；不自动复制释义、拆词或巧记。
cet4-w-93bae26e7a501467924b,fossil,headword,false,ab581f99-0217-41d0-a399-67dfd813b352,fossil,exact,pending_content_review,同词命中仅建立审核入口；不自动复制释义、拆词或巧记。
cet4-w-061c67da9148dbd355d2,found,headword,true,9753faa3-f3f0-4d40-a678-f66aa9f0047e,found,exact,pending_content_review,同词命中仅建立审核入口；不自动复制释义、拆词或巧记。
cet4-w-eb19929c92001c42974d,foundation,headword,true,,,none,new_content_required,无六级同词；后续查找有证据的词族关系。
cet4-w-4b79f95b852e01d1609f,founder,listed_related,false,,,none,new_content_required,无六级同词；后续查找有证据的词族关系。
cet4-w-1b6e0ec6b3c9eb6a6edd,founding,listed_related,false,,,none,new_content_required,无六级同词；后续查找有证据的词族关系。
cet4-w-e894c5c206a0bbb0c091,fountain,headword,true,,,none,new_content_required,无六级同词；后续查找有证据的词族关系。
cet4-w-2534abd82f60f3248623,four,headword,false,,,none,new_content_required,无六级同词；后续查找有证据的词族关系。
cet4-w-b329618c336fcbb15070,fourteen,headword,false,,,none,new_content_required,无六级同词；后续查找有证据的词族关系。
cet4-w-cd8c36fcc67779d5c0d9,fox,headword,true,edcecb3f-14c7-4682-8a9b-708c9d79f85e,fox,exact,pending_content_review,同词命中仅建立审核入口；不自动复制释义、拆词或巧记。
cet4-w-b77d02cac0007ea83bd4,fraction,headword,true,f0cc09d8-e46f-4da1-9a76-6a3c4cefe233,fraction,exact,pending_content_review,同词命中仅建立审核入口；不自动复制释义、拆词或巧记。
cet4-w-474d22edc44fb6593271,fragment,headword,true,9bc5a050-408b-4241-8bff-6b3cc5a0a7c7,fragment,exact,pending_content_review,同词命中仅建立审核入口；不自动复制释义、拆词或巧记。
cet4-w-e5995bf54035f24d57f3,fragmentary,listed_related,false,53bb3fe9-1485-4b7f-aa2c-05b077dc3bf2,fragmentary,exact,pending_content_review,同词命中仅建立审核入口；不自动复制释义、拆词或巧记。
cet4-w-07b1c332b47381a59442,fragmentation,listed_related,false,9024de37-059e-4c34-8409-4440c0713270,fragmentation,exact,pending_content_review,同词命中仅建立审核入口；不自动复制释义、拆词或巧记。
cet4-w-30c9c68ff6144013c7cb,frame,headword,true,e8f9a8ee-132a-49cf-89dd-6e44b03fdade,frame,exact,pending_content_review,同词命中仅建立审核入口；不自动复制释义、拆词或巧记。
cet4-w-745635c59ac782a9b51b,framework,headword,true,01f234f3-bc56-4f30-8508-521158f6b319,framework,exact,pending_content_review,同词命中仅建立审核入口；不自动复制释义、拆词或巧记。
cet4-w-e8a896c58c9e655f6efa,frank,headword,true,,,none,new_content_required,无六级同词；后续查找有证据的词族关系。
cet4-w-c1b6c5b218ce77f8b600,free,headword,false,7d30b2ea-825d-4f95-a648-dd79f5dbf4fd,free,exact,pending_content_review,同词命中仅建立审核入口；不自动复制释义、拆词或巧记。
cet4-w-3181677481c618cc041a,freedom,listed_related,true,e65c5f8c-04ce-496a-90e4-177b65c2fcb5,freedom,exact,pending_content_review,同词命中仅建立审核入口；不自动复制释义、拆词或巧记。
cet4-w-646aaaf8855d19ca55e2,freeway,headword,false,,,none,new_content_required,无六级同词；后续查找有证据的词族关系。
cet4-w-e6b70b8c928aaeac5fbe,freeze,headword,true,0b23c08f-1017-467e-b333-3a4920d67bc0,freeze,exact,pending_content_review,同词命中仅建立审核入口；不自动复制释义、拆词或巧记。
cet4-w-dc536b21ebe60bcf2622,freight,headword,true,d886612f-4db2-4cdf-9da3-e72a56dfd622,freight,exact,pending_content_review,同词命中仅建立审核入口；不自动复制释义、拆词或巧记。
cet4-w-13d7f72c6971d7c98a3a,frequency,listed_related,true,73dc3e31-b9c6-48da-b147-58335e059430,frequency,exact,pending_content_review,同词命中仅建立审核入口；不自动复制释义、拆词或巧记。
cet4-w-ccf8216bdcab98cbf1b4,frequent,headword,true,4c088c15-e7e9-40c8-80fb-d6f4d2e496c2,frequent,exact,pending_content_review,同词命中仅建立审核入口；不自动复制释义、拆词或巧记。
cet4-w-bb89e3d14e5e3cd24c41,fresh,headword,true,bdd78bd1-5143-4902-906d-f162c567ed4c,fresh,exact,pending_content_review,同词命中仅建立审核入口；不自动复制释义、拆词或巧记。
cet4-w-f52e288e19e08af87474,freshman,headword,false,,,none,new_content_required,无六级同词；后续查找有证据的词族关系。
cet4-w-5ee6fc9c531fa7f1b1e3,Friday,headword,false,,,none,new_content_required,无六级同词；后续查找有证据的词族关系。
cet4-w-32de540362a360baf4b7,fridge,headword,true,8c4391fe-2e65-4b0c-874b-4bef9c824507,fridge,exact,pending_content_review,同词命中仅建立审核入口；不自动复制释义、拆词或巧记。
cet4-w-9b5aceb7882ed6aa4524,friend,headword,false,,,none,new_content_required,无六级同词；后续查找有证据的词族关系。
cet4-w-84cc742510ed48b46540,friendly,listed_related,false,,,none,new_content_required,无六级同词；后续查找有证据的词族关系。
cet4-w-30bd8cb5fa08dacc6e3c,friendship,listed_related,false,,,none,new_content_required,无六级同词；后续查找有证据的词族关系。
cet4-w-7d3ea04a5c9402671b55,fright,headword,false,,,none,new_content_required,无六级同词；后续查找有证据的词族关系。
cet4-w-9e00a199ae0f6d024481,frighten,listed_related,true,aa31d065-274e-4f80-9c60-0587d450365b,frighten,exact,pending_content_review,同词命中仅建立审核入口；不自动复制释义、拆词或巧记。
cet4-w-63955e831c20a50f3bf9,frog,headword,true,,,none,new_content_required,无六级同词；后续查找有证据的词族关系。
cet4-w-d207e68a60ee621f72dc,from,headword,false,,,none,new_content_required,无六级同词；后续查找有证据的词族关系。
cet4-w-9fdb97e8473806746a6b,front,headword,false,df9f9fa9-5b54-4e02-89b0-fe76f3db9da0,front,exact,pending_content_review,同词命中仅建立审核入口；不自动复制释义、拆词或巧记。
cet4-w-66ecbc267b135c8a0662,frontier,headword,true,9a5c0822-8a06-4959-baff-de464e1b69eb,frontier,exact,pending_content_review,同词命中仅建立审核入口；不自动复制释义、拆词或巧记。
cet4-w-f009c76f89dd6a1d2d2e,frost,headword,true,,,none,new_content_required,无六级同词；后续查找有证据的词族关系。
cet4-w-c1740c30c9444b8c29ab,frosty,listed_related,false,,,none,new_content_required,无六级同词；后续查找有证据的词族关系。
cet4-w-098ffe42eef0d08b4d46,fruit,headword,false,,,none,new_content_required,无六级同词；后续查找有证据的词族关系。
cet4-w-e06cd7c779eeb1b1f0d4,fruitful,listed_related,true,,,none,new_content_required,无六级同词；后续查找有证据的词族关系。
cet4-w-df9f6482f6e68bf99922,frustrate,headword,true,,,none,new_content_required,无六级同词；后续查找有证据的词族关系。
cet4-w-a9dfef5e7dcd8565d094,frustrating,listed_related,false,,,none,new_content_required,无六级同词；后续查找有证据的词族关系。
cet4-w-7dfc580aaf0e22dc1337,frustration,listed_related,false,,,none,new_content_required,无六级同词；后续查找有证据的词族关系。
cet4-w-68410374f4ca744132a7,fry,headword,true,2b6e67e7-ce7c-4f37-bf6f-abee7533c22b,fry,exact,pending_content_review,同词命中仅建立审核入口；不自动复制释义、拆词或巧记。
cet4-w-c4b039f1d6a89f02e838,fuck,headword,false,,,none,new_content_required,无六级同词；后续查找有证据的词族关系。
cet4-w-527ea542f03354088ca3,fuel,headword,true,dc0ab1c7-3193-46e0-bfd0-63ff5d73bf89,fuel,exact,pending_content_review,同词命中仅建立审核入口；不自动复制释义、拆词或巧记。
cet4-w-65e8a82a1709fbcd81cd,fulfil,headword,true,bc0d2d3e-e3bc-4b93-8ea9-cd73e700166b,fulfill,declared_variant,pending_content_review,同词命中仅建立审核入口；不自动复制释义、拆词或巧记。
cet4-w-08528e77d0f36c2c9bc0,fulfilment,listed_related,false,b98a695f-bc32-4966-8ebb-b9352e9d3b03,fulfillment,declared_variant,pending_content_review,同词命中仅建立审核入口；不自动复制释义、拆词或巧记。
cet4-w-f4a5af0f694b078115dc,full,headword,false,57f212b5-6465-4292-b087-15e558bedae6,full,exact,pending_content_review,同词命中仅建立审核入口；不自动复制释义、拆词或巧记。
cet4-w-5af88db5145842d25232,fun,headword,false,,,none,new_content_required,无六级同词；后续查找有证据的词族关系。
cet4-w-adddad17fef1cd470e62,function,headword,true,2cb911c2-fbde-4994-8f22-66231e60eb83,function,exact,pending_content_review,同词命中仅建立审核入口；不自动复制释义、拆词或巧记。
cet4-w-6c703f13de916dad4235,functional,listed_related,false,,,none,new_content_required,无六级同词；后续查找有证据的词族关系。
cet4-w-0c92130eb9f1d08e0944,fund,headword,true,6d31a750-ef68-4b94-b4ea-bb80b0280437,fund,exact,pending_content_review,同词命中仅建立审核入口；不自动复制释义、拆词或巧记。
cet4-w-da834e901d59ac7689f5,fundamental,headword,true,66015a91-11c0-479c-825e-05eebc797b2a,fundamental,exact,pending_content_review,同词命中仅建立审核入口；不自动复制释义、拆词或巧记。
cet4-w-af19924cccad60ad3b1d,funding,listed_related,false,c45d9be2-9f18-4d55-9e29-ff2d8b562221,funding,exact,pending_content_review,同词命中仅建立审核入口；不自动复制释义、拆词或巧记。
cet4-w-0573ddb671dc98d4ca78,funeral,headword,true,,,none,new_content_required,无六级同词；后续查找有证据的词族关系。
cet4-w-3495bcccb28a7d890023,funny,listed_related,true,,,none,new_content_required,无六级同词；后续查找有证据的词族关系。
cet4-w-2043e97c4bcb0bd4cd6e,fur,headword,true,2fd620a5-8c03-4102-843d-3f166906e51d,fur,exact,pending_content_review,同词命中仅建立审核入口；不自动复制释义、拆词或巧记。
cet4-w-3a409cb41e499936c39f,furnace,headword,true,,,none,new_content_required,无六级同词；后续查找有证据的词族关系。
cet4-w-9c73fc5dd41ff7ac0e2c,furnish,headword,true,e1ef5665-4e7a-42f2-875e-58fb77ec1f92,furnish,exact,pending_content_review,同词命中仅建立审核入口；不自动复制释义、拆词或巧记。
cet4-w-7573ace409a9045f189d,furniture,headword,true,5b8748c1-a08b-4202-830d-7fb5260b28e8,furniture,exact,pending_content_review,同词命中仅建立审核入口；不自动复制释义、拆词或巧记。
cet4-w-beac2ae534b13a56b4a2,further,headword,true,0c1fa019-18fa-4762-89b3-7b2fb49ff7ef,further,exact,pending_content_review,同词命中仅建立审核入口；不自动复制释义、拆词或巧记。
cet4-w-582a3ff0a35bd053be1d,furthermore,headword,true,f3b1d817-a09b-453e-be0c-634f060b3f09,furthermore,exact,pending_content_review,同词命中仅建立审核入口；不自动复制释义、拆词或巧记。
cet4-w-eba2e5a6568aa6cd0f7b,fuss,headword,false,,,none,new_content_required,无六级同词；后续查找有证据的词族关系。
cet4-w-494b0d5018f97c865e78,future,headword,false,24ea0d45-ba12-479b-b0b6-f75edc2be2c5,future,exact,pending_content_review,同词命中仅建立审核入口；不自动复制释义、拆词或巧记。
cet4-w-daeef0d27170ddf74e34,gadget,headword,false,,,none,new_content_required,无六级同词；后续查找有证据的词族关系。
cet4-w-5e4b8c273d96c6b24b91,gadgetry,listed_related,false,,,none,new_content_required,无六级同词；后续查找有证据的词族关系。
cet4-w-59011d2a324608d15335,gain,headword,true,,,none,new_content_required,无六级同词；后续查找有证据的词族关系。
cet4-w-3010641a1eec9d5c8f7f,gallery,headword,true,98fd3b95-fa3c-4c0e-8978-614e1043c3d9,gallery,exact,pending_content_review,同词命中仅建立审核入口；不自动复制释义、拆词或巧记。
cet4-w-7c057c68540c835be93d,gallon,headword,true,,,none,new_content_required,无六级同词；后续查找有证据的词族关系。
cet4-w-7300d4b49bef46025079,gamble,headword,false,1f7127f4-a571-4096-972a-4fc95d94d0d0,gamble,exact,pending_content_review,同词命中仅建立审核入口；不自动复制释义、拆词或巧记。
cet4-w-a7d8a4459aa92bb677a8,game,headword,false,,,none,new_content_required,无六级同词；后续查找有证据的词族关系。
cet4-w-1849c5922277b2b6c9fd,gang,headword,true,,,none,new_content_required,无六级同词；后续查找有证据的词族关系。
cet4-w-caa913882f46fb21e243,gangster,listed_related,false,,,none,new_content_required,无六级同词；后续查找有证据的词族关系。
cet4-w-8a89fda604432e4643e5,gaol,headword,true,,,none,new_content_required,无六级同词；后续查找有证据的词族关系。
cet4-w-dd5c27bafbfec27fe2b0,gap,headword,true,,,none,new_content_required,无六级同词；后续查找有证据的词族关系。
cet4-w-d49d579f1f4b6769208e,garage,headword,true,,,none,new_content_required,无六级同词；后续查找有证据的词族关系。
cet4-w-4e2c5e1004d84855a537,garbage,headword,true,58709095-1e8c-4848-bb07-dac39bbc6d78,garbage,exact,pending_content_review,同词命中仅建立审核入口；不自动复制释义、拆词或巧记。
cet4-w-6fe311f1b3257728e58f,garden,headword,false,,,none,new_content_required,无六级同词；后续查找有证据的词族关系。
cet4-w-d9de350275a80535d0df,gardener,listed_related,true,,,none,new_content_required,无六级同词；后续查找有证据的词族关系。
cet4-w-0512b7ae0579c8136236,gardening,listed_related,false,,,none,new_content_required,无六级同词；后续查找有证据的词族关系。
cet4-w-d88daab7e11b0d09216e,garment,headword,false,f94e6ded-089d-46bc-ae00-5588d0142cb9,garment,exact,pending_content_review,同词命中仅建立审核入口；不自动复制释义、拆词或巧记。
cet4-w-8ed6f84436cb30477912,gas,headword,true,f1c34030-dea5-41b4-a3c3-e1ae800e8b97,gas,exact,pending_content_review,同词命中仅建立审核入口；不自动复制释义、拆词或巧记。
cet4-w-aa3a95d6f4a07b7baabe,gasoline,headword,true,d00effbf-5264-4119-b67d-4f1b17671674,gasoline,exact,pending_content_review,同词命中仅建立审核入口；不自动复制释义、拆词或巧记。
cet4-w-d9916d3cbbda8541fd6f,gate,headword,false,5762c724-c4cf-4c4d-abe7-6842d418c29e,gate,exact,pending_content_review,同词命中仅建立审核入口；不自动复制释义、拆词或巧记。
cet4-w-ad5e9479fa5b79000b3c,gather,headword,true,04690531-bcc5-49fa-b025-63df14a2c5b5,gather,exact,pending_content_review,同词命中仅建立审核入口；不自动复制释义、拆词或巧记。
cet4-w-bd2df0c96a74fff87398,gathering,listed_related,false,c6436b70-7a33-4c3f-8a71-4aa69bd064f0,gathering,exact,pending_content_review,同词命中仅建立审核入口；不自动复制释义、拆词或巧记。
cet4-w-cb7837f0bf187eca0c2a,gay,headword,true,,,none,new_content_required,无六级同词；后续查找有证据的词族关系。
cet4-w-cb6eca9ad995fd51d3a5,gaze,headword,true,983e8f44-caef-46d6-a3d8-4916fbba8ae9,gaze,exact,pending_content_review,同词命中仅建立审核入口；不自动复制释义、拆词或巧记。
cet4-w-796c5c684518c3ad4cdb,gear,headword,true,15b315f3-415f-4aba-9ad3-94db4e897aa9,gear,exact,pending_content_review,同词命中仅建立审核入口；不自动复制释义、拆词或巧记。
cet4-w-4fe4ae11d505ca827973,gender,headword,false,,,none,new_content_required,无六级同词；后续查找有证据的词族关系。
cet4-w-66d3dee29a254e77b37a,gene,headword,true,a2e9bcaf-38bf-4929-affc-c084db8cd5e4,gene,exact,pending_content_review,同词命中仅建立审核入口；不自动复制释义、拆词或巧记。
cet4-w-a5a0134f39f19e256c4c,general,headword,true,1a5d8b8f-02d7-40d9-bd95-c62f3f8d4995,general,exact,pending_content_review,同词命中仅建立审核入口；不自动复制释义、拆词或巧记。
cet4-w-cf5af6975ab785aa0c03,generalize,listed_related,false,7513304f-7591-4e3d-b8c6-fecf9291cf9f,generalize,exact,pending_content_review,同词命中仅建立审核入口；不自动复制释义、拆词或巧记。
cet4-w-358faf103d89f67bc95c,generally,listed_related,true,6275a509-6bd2-4ccb-9fc1-3394ce9f0219,generally,exact,pending_content_review,同词命中仅建立审核入口；不自动复制释义、拆词或巧记。
cet4-w-af755b5c3e26b077a212,generate,headword,true,d47b5eb9-28e9-4256-b91f-e8f6b15269f6,generate,exact,pending_content_review,同词命中仅建立审核入口；不自动复制释义、拆词或巧记。
cet4-w-cb0b02f9f270b328305c,generation,headword,true,439b2fc9-bb59-4ea6-902c-04d5b32560d1,generation,exact,pending_content_review,同词命中仅建立审核入口；不自动复制释义、拆词或巧记。
cet4-w-e68dad95a6cbe92639f5,generator,listed_related,true,,,none,new_content_required,无六级同词；后续查找有证据的词族关系。
cet4-w-58961c605917450a6992,generosity,listed_related,false,,,none,new_content_required,无六级同词；后续查找有证据的词族关系。
cet4-w-8faca6352211f299dec5,generous,headword,true,7b922f0c-bc8b-453e-847d-7542fde0b716,generous,exact,pending_content_review,同词命中仅建立审核入口；不自动复制释义、拆词或巧记。
cet4-w-146d810906f431902cbd,genetic,listed_related,true,fe3d6ee2-93ed-4009-a0af-8f141473d9dd,genetic,exact,pending_content_review,同词命中仅建立审核入口；不自动复制释义、拆词或巧记。
cet4-w-a4f168878a4beaa3f9e0,genetically,listed_related,false,,,none,new_content_required,无六级同词；后续查找有证据的词族关系。
cet4-w-28048179230cd89b3391,genius,headword,true,cc7445bf-1dae-4894-9942-b73d670e8d67,genius,exact,pending_content_review,同词命中仅建立审核入口；不自动复制释义、拆词或巧记。
cet4-w-cf4f9fcdc6d0766d9faa,gentle,headword,true,,,none,new_content_required,无六级同词；后续查找有证据的词族关系。
cet4-w-04e5fdc40231f4a1f6e8,gentleman,headword,true,,,none,new_content_required,无六级同词；后续查找有证据的词族关系。
cet4-w-b9a56c31c8411143aa42,genuine,headword,true,655c44f9-da8b-4c3d-aec7-7b2b8bb38f5b,genuine,exact,pending_content_review,同词命中仅建立审核入口；不自动复制释义、拆词或巧记。
cet4-w-d16cd96d028960fe4194,geographic,listed_related,false,,,none,new_content_required,无六级同词；后续查找有证据的词族关系。
cet4-w-6a94b87e3d6f67cdfe5a,geographically,listed_related,false,,,none,new_content_required,无六级同词；后续查找有证据的词族关系。
cet4-w-96e6ee81e43c6e97bbe5,geography,headword,true,7eceb5e1-250a-4c82-a623-47564722a137,geography,exact,pending_content_review,同词命中仅建立审核入口；不自动复制释义、拆词或巧记。
cet4-w-74a8bd33f35112c92a5a,geological,listed_related,false,0715b1ab-79f8-474b-a93b-cd99650ef7d6,geological,exact,pending_content_review,同词命中仅建立审核入口；不自动复制释义、拆词或巧记。
cet4-w-702ee508b0fbc0cc717c,geologically,listed_related,false,a7867bc0-ea29-4006-8b4e-d81aa2142651,geologically,exact,pending_content_review,同词命中仅建立审核入口；不自动复制释义、拆词或巧记。
cet4-w-e6fcd8b15a879d85f5f3,geology,headword,true,40818637-115d-4704-8844-770e0571ca37,geology,exact,pending_content_review,同词命中仅建立审核入口；不自动复制释义、拆词或巧记。
cet4-w-c3554012106d82686831,geometric,listed_related,false,,,none,new_content_required,无六级同词；后续查找有证据的词族关系。
cet4-w-7f15a4e3da7344a8714c,geometrically,listed_related,false,,,none,new_content_required,无六级同词；后续查找有证据的词族关系。
cet4-w-7ffd692529e5e6247fcd,geometry,headword,true,,,none,new_content_required,无六级同词；后续查找有证据的词族关系。
cet4-w-bfca1940664d0878ae89,germ,headword,true,,,none,new_content_required,无六级同词；后续查找有证据的词族关系。
cet4-w-1ec4d313f13563fd4967,gesture,headword,true,,,none,new_content_required,无六级同词；后续查找有证据的词族关系。
cet4-w-cd9fee77925936404bd7,get,headword,false,,,none,new_content_required,无六级同词；后续查找有证据的词族关系。
cet4-w-f1b95814ce85ba630e25,ghost,headword,true,,,none,new_content_required,无六级同词；后续查找有证据的词族关系。
cet4-w-355a7c232a380c51ebb6,giant,headword,true,a0a9b0f4-9d6a-4420-a79a-e6a2aa001f08,giant,exact,pending_content_review,同词命中仅建立审核入口；不自动复制释义、拆词或巧记。
cet4-w-2a5bbf326ca4edf62dc6,gift,headword,false,,,none,new_content_required,无六级同词；后续查找有证据的词族关系。
cet4-w-c777bc60f3e6d2548406,gifted,listed_related,false,,,none,new_content_required,无六级同词；后续查找有证据的词族关系。
cet4-w-49b86000df11667c13c1,gigantic,listed_related,false,b84e1867-136b-4207-bea8-02e5c95d81b2,gigantic,exact,pending_content_review,同词命中仅建立审核入口；不自动复制释义、拆词或巧记。
cet4-w-d99babe238571da3a1e9,girl,headword,false,3c522106-0c41-467f-b787-de56fd2e4bdc,girl,exact,pending_content_review,同词命中仅建立审核入口；不自动复制释义、拆词或巧记。
cet4-w-79bce8eeb76464a93311,give,headword,false,c0d8129d-ad91-407d-83a6-99d0de44eb69,give,exact,pending_content_review,同词命中仅建立审核入口；不自动复制释义、拆词或巧记。
cet4-w-8d351268e14f26d569da,given,headword,false,a263bca4-7881-4286-b1b0-7ed173d9ab78,given,exact,pending_content_review,同词命中仅建立审核入口；不自动复制释义、拆词或巧记。
cet4-w-208b56bd0d59421133f8,glad,headword,false,,,none,new_content_required,无六级同词；后续查找有证据的词族关系。
cet4-w-9668fb1401be9af0f900,glance,headword,true,3fe4983a-6644-416a-b8a4-c612e226c741,glance,exact,pending_content_review,同词命中仅建立审核入口；不自动复制释义、拆词或巧记。
cet4-w-76bfa0791ffc3e427a73,glass,headword,false,,,none,new_content_required,无六级同词；后续查找有证据的词族关系。
cet4-w-ba695b39800d56fe085a,glimpse,headword,true,,,none,new_content_required,无六级同词；后续查找有证据的词族关系。
cet4-w-56b646d110fb6f959be8,global,listed_related,true,6edd0326-5c6b-48f3-99f8-03d938b28196,global,exact,pending_content_review,同词命中仅建立审核入口；不自动复制释义、拆词或巧记。
cet4-w-bba0cb850918e94dae9b,globalize,listed_related,false,d8bf6189-c212-4de4-8d0f-7d965ff573ca,globalize,exact,pending_content_review,同词命中仅建立审核入口；不自动复制释义、拆词或巧记。
cet4-w-7836f336659db622d214,globe,headword,true,004c4f26-ad55-41f2-b317-305996b0ec96,globe,exact,pending_content_review,同词命中仅建立审核入口；不自动复制释义、拆词或巧记。
cet4-w-c85a9b647f783591585f,gloom,headword,false,4a3ffb1b-5942-45fd-be18-d788a52c24f4,gloom,exact,pending_content_review,同词命中仅建立审核入口；不自动复制释义、拆词或巧记。
cet4-w-b9d0877f5ed3083512ab,gloomy,listed_related,true,35e7e6e0-92ff-4ce6-8270-a41a46e5d471,gloomy,exact,pending_content_review,同词命中仅建立审核入口；不自动复制释义、拆词或巧记。
cet4-w-ce2e4ede9be838066c62,glorious,listed_related,true,,,none,new_content_required,无六级同词；后续查找有证据的词族关系。
cet4-w-5ce4ace5891fbc6192f0,glory,headword,true,,,none,new_content_required,无六级同词；后续查找有证据的词族关系。
cet4-w-7521b9118f142ae0222e,glove,headword,true,,,none,new_content_required,无六级同词；后续查找有证据的词族关系。
cet4-w-4ce9c143275da5a0f4c4,glow,headword,true,4d89189b-d1ec-4af1-88a4-85ec832ae0e2,glow,exact,pending_content_review,同词命中仅建立审核入口；不自动复制释义、拆词或巧记。
cet4-w-21359743ff1ef99a1e40,glue,headword,true,,,none,new_content_required,无六级同词；后续查找有证据的词族关系。
cet4-w-324acd54045af7360d43,go,headword,false,,,none,new_content_required,无六级同词；后续查找有证据的词族关系。
cet4-w-07947bba75174ed2aa1e,goal,headword,true,,,none,new_content_required,无六级同词；后续查找有证据的词族关系。
cet4-w-01eceb996ea6924031dc,goat,headword,true,,,none,new_content_required,无六级同词；后续查找有证据的词族关系。
cet4-w-563bc9987868065dcca7,god,headword,true,8688fcf3-3cb8-4b5b-b501-82b24e37de75,god,exact,pending_content_review,同词命中仅建立审核入口；不自动复制释义、拆词或巧记。
cet4-w-eeefb2a5a7244a8080b0,gold,headword,true,,,none,new_content_required,无六级同词；后续查找有证据的词族关系。
cet4-w-dccb85bac56069b7f055,golden,listed_related,true,,,none,new_content_required,无六级同词；后续查找有证据的词族关系。
cet4-w-11c7a7d6562db42f18cd,golf,headword,true,,,none,new_content_required,无六级同词；后续查找有证据的词族关系。
cet4-w-e116ccb84729217d08db,good,headword,false,,,none,new_content_required,无六级同词；后续查找有证据的词族关系。
cet4-w-8f9f0dd7e544c097aa22,goodbye,headword,false,,,none,new_content_required,无六级同词；后续查找有证据的词族关系。
cet4-w-cae84fb979e60a7569c5,goodness,headword,true,,,none,new_content_required,无六级同词；后续查找有证据的词族关系。
cet4-w-4c427babcae2270abbed,goods,headword,true,,,none,new_content_required,无六级同词；后续查找有证据的词族关系。
cet4-w-95ff782a3d8b6f3f2bd2,goose,headword,true,,,none,new_content_required,无六级同词；后续查找有证据的词族关系。
cet4-w-b6642c9da130cdfd6ad6,gorgeous,headword,false,796455f0-2535-4d7a-8c16-a68c4ac5b49c,gorgeous,exact,pending_content_review,同词命中仅建立审核入口；不自动复制释义、拆词或巧记。
cet4-w-e602522205c0b1c633c6,gossip,headword,false,041e23a3-ad8c-4d9a-a1a1-9d772548f83f,gossip,exact,pending_content_review,同词命中仅建立审核入口；不自动复制释义、拆词或巧记。
cet4-w-f941892bdef600f6c519,govern,headword,true,41517971-de6f-4fe0-b243-3d8a12b168ef,govern,exact,pending_content_review,同词命中仅建立审核入口；不自动复制释义、拆词或巧记。
cet4-w-e8caa0a83b008f1e21e7,government,listed_related,true,3e931c59-c7fc-4150-bde5-fbf12fe6d936,government,exact,pending_content_review,同词命中仅建立审核入口；不自动复制释义、拆词或巧记。
cet4-w-8cdf3635589491daa420,governor,listed_related,true,,,none,new_content_required,无六级同词；后续查找有证据的词族关系。
cet4-w-e3c67d608d9b49ac4708,gown,headword,true,06c7b7ea-edcd-4d27-80b7-f24d9e761d74,gown,exact,pending_content_review,同词命中仅建立审核入口；不自动复制释义、拆词或巧记。
cet4-w-6d29ea963c6e548c28e8,grab,headword,false,,,none,new_content_required,无六级同词；后续查找有证据的词族关系。
cet4-w-ee47bfb2d73473885f95,grace,headword,true,9b397289-e91c-4229-9fa0-a68b3d871fb7,grace,exact,pending_content_review,同词命中仅建立审核入口；不自动复制释义、拆词或巧记。
cet4-w-c21b496e163588daa6cc,graceful,listed_related,true,231a27a7-6c39-4f1f-b72b-5c485154a63f,graceful,exact,pending_content_review,同词命中仅建立审核入口；不自动复制释义、拆词或巧记。
cet4-w-13f033de2401c2be5760,gracious,listed_related,true,f136cc73-3dad-40b2-9383-1234c4b15557,gracious,exact,pending_content_review,同词命中仅建立审核入口；不自动复制释义、拆词或巧记。
cet4-w-515e8ee32aae073314df,grade,headword,false,e82de23b-7ee6-47f2-8db6-bb367ebe1155,grade,exact,pending_content_review,同词命中仅建立审核入口；不自动复制释义、拆词或巧记。
cet4-w-0e1e5ca543b83e8d922f,gradual,headword,true,,,none,new_content_required,无六级同词；后续查找有证据的词族关系。
cet4-w-b20711d0bd066d322ddf,gradually,listed_related,true,,,none,new_content_required,无六级同词；后续查找有证据的词族关系。
cet4-w-6269f666fe37c125d3cb,graduate,headword,true,e127cbaf-3f17-41f0-965d-5edd14b4cd7e,graduate,exact,pending_content_review,同词命中仅建立审核入口；不自动复制释义、拆词或巧记。
cet4-w-d32e4b54ee1eb1a6abec,graduation,listed_related,false,2a6138d0-bac6-47eb-a241-6de56d59b0af,graduation,exact,pending_content_review,同词命中仅建立审核入口；不自动复制释义、拆词或巧记。
cet4-w-7534c63e0c92f88a61be,grain,headword,true,e44b2213-76d4-4912-ab69-8888bdd7ee4a,grain,exact,pending_content_review,同词命中仅建立审核入口；不自动复制释义、拆词或巧记。
cet4-w-7ffa9b268a16abb6b88a,gram,headword,true,,,none,new_content_required,无六级同词；后续查找有证据的词族关系。
cet4-w-bbbce3dd5108ba295412,grammar,headword,true,,,none,new_content_required,无六级同词；后续查找有证据的词族关系。
cet4-w-29e0e8ca3c5a2df140fb,grammatical,listed_related,true,,,none,new_content_required,无六级同词；后续查找有证据的词族关系。
cet4-w-0591efe41ffcca42f3d5,grand,headword,true,e7d9577e-f338-483b-a2ec-7e69c05f906f,grand,exact,pending_content_review,同词命中仅建立审核入口；不自动复制释义、拆词或巧记。
cet4-w-8cfea19df05be9dc9397,grandchild,headword,false,,,none,new_content_required,无六级同词；后续查找有证据的词族关系。
cet4-w-832b5e112e55f7438ef2,grandchildren,listed_related,false,,,none,new_content_required,无六级同词；后续查找有证据的词族关系。
cet4-w-62da543b65a571d9e0bc,granddaughter,listed_related,true,,,none,new_content_required,无六级同词；后续查找有证据的词族关系。
cet4-w-05acdfde18cf9ba19e23,grandfather,listed_related,true,,,none,new_content_required,无六级同词；后续查找有证据的词族关系。
cet4-w-452846c2ae5dad07704a,grandmother,listed_related,true,,,none,new_content_required,无六级同词；后续查找有证据的词族关系。
cet4-w-1ca1aabcb98ec93b8ed7,grandparent,headword,false,,,none,new_content_required,无六级同词；后续查找有证据的词族关系。
cet4-w-afc13c38e1ef46a0c563,grandson,listed_related,true,,,none,new_content_required,无六级同词；后续查找有证据的词族关系。
cet4-w-c054c8216e5a4dba1e95,grant,headword,true,d132bf99-6535-4088-a28b-9fa870cf14a2,grant,exact,pending_content_review,同词命中仅建立审核入口；不自动复制释义、拆词或巧记。
cet4-w-0310a6c10477251e0168,granted,listed_related,false,,,none,new_content_required,无六级同词；后续查找有证据的词族关系。
cet4-w-4416e78409e6f8fed576,grape,headword,true,,,none,new_content_required,无六级同词；后续查找有证据的词族关系。
cet4-w-186e21a5a486cb6361d5,graph,headword,true,ff8386ce-5716-4a2f-80dd-7d614579a394,graph,exact,pending_content_review,同词命中仅建立审核入口；不自动复制释义、拆词或巧记。
cet4-w-82976c2c50de9f045830,graphic,listed_related,false,1f956edf-8363-4d71-80ed-1eede674a953,graphic,exact,pending_content_review,同词命中仅建立审核入口；不自动复制释义、拆词或巧记。
cet4-w-c245eec8fe2887a1a123,graphically,listed_related,false,9d2f0c8c-e1e7-4ace-a227-84a5fac42ea3,graphically,exact,pending_content_review,同词命中仅建立审核入口；不自动复制释义、拆词或巧记。
cet4-w-2582532fa5efeba7126c,grasp,headword,true,30d37550-8f38-4ed2-adf3-c51b372a9bae,grasp,exact,pending_content_review,同词命中仅建立审核入口；不自动复制释义、拆词或巧记。
cet4-w-74c222d570e76b382b70,grass,headword,false,55167bae-d225-4885-91f5-b14202f10f58,grass,exact,pending_content_review,同词命中仅建立审核入口；不自动复制释义、拆词或巧记。
cet4-w-6d44c221edfda10e4cbb,grassy,listed_related,false,,,none,new_content_required,无六级同词；后续查找有证据的词族关系。
cet4-w-c31efee0d543ad88b75e,grateful,headword,true,,,none,new_content_required,无六级同词；后续查找有证据的词族关系。
cet4-w-2a98a94a7fb6e00cfd1e,gratitude,headword,true,,,none,new_content_required,无六级同词；后续查找有证据的词族关系。
cet4-w-35b2122c5ec7503a4567,grave,headword,true,03d1c6e1-4eaf-4bbb-8a85-72e23c98b199,grave,exact,pending_content_review,同词命中仅建立审核入口；不自动复制释义、拆词或巧记。
cet4-w-987df3bfbef2a46d0cd5,gravitation,headword,false,,,none,new_content_required,无六级同词；后续查找有证据的词族关系。
cet4-w-2464f8a1f3c657b2c659,gravity,headword,true,9bbee3ad-91ee-4fa9-a694-f58209f88093,gravity,exact,pending_content_review,同词命中仅建立审核入口；不自动复制释义、拆词或巧记。
cet4-w-19dead6b649b9a651926,gray,headword,true,18ed8894-94b5-4b61-8a6f-2290c6f6d963,grey,declared_variant,pending_content_review,同词命中仅建立审核入口；不自动复制释义、拆词或巧记。
cet4-w-e86690c3076408cae5e5,great,headword,false,54eb13d2-581c-4fcc-bb20-3ee00fbe0a21,great,exact,pending_content_review,同词命中仅建立审核入口；不自动复制释义、拆词或巧记。
cet4-w-9c8570463dff115deabd,green,headword,false,,,none,new_content_required,无六级同词；后续查找有证据的词族关系。
cet4-w-75238e8224ee06f26bc1,greenhouse,headword,true,,,none,new_content_required,无六级同词；后续查找有证据的词族关系。
cet4-w-3b8ddbf19894165af961,greet,headword,true,,,none,new_content_required,无六级同词；后续查找有证据的词族关系。
cet4-w-dfee3bcfbe8f6aaeaea5,greeting,listed_related,true,,,none,new_content_required,无六级同词；后续查找有证据的词族关系。
cet4-w-3f1ef79f80815605e1ca,grief,headword,false,694a43dc-b0f8-46ed-8ad9-f36d3acf33f6,grief,exact,pending_content_review,同词命中仅建立审核入口；不自动复制释义、拆词或巧记。
cet4-w-748fd712802a91e4ba93,grieve,listed_related,true,6982f104-9f51-4a0d-9f90-a9d08a72f457,grieve,exact,pending_content_review,同词命中仅建立审核入口；不自动复制释义、拆词或巧记。
cet4-w-2bc50dd7f70cce3aa9ba,grievous,listed_related,false,,,none,new_content_required,无六级同词；后续查找有证据的词族关系。
cet4-w-2487da508b2b2862bef8,grin,headword,false,0ce126b4-ceef-4076-8b51-4ffec2c823e2,grin,exact,pending_content_review,同词命中仅建立审核入口；不自动复制释义、拆词或巧记。
cet4-w-5b29fd555f01faae5719,grind,headword,true,,,none,new_content_required,无六级同词；后续查找有证据的词族关系。
cet4-w-573ad3317709dbb0410e,grip,headword,true,464fcd36-90e0-48fb-9863-2eed5e1638eb,grip,exact,pending_content_review,同词命中仅建立审核入口；不自动复制释义、拆词或巧记。
cet4-w-eaf3ea5a4cfe767a6020,grocer,headword,true,,,none,new_content_required,无六级同词；后续查找有证据的词族关系。
cet4-w-e4809c4752f2e8d7b473,grocery,listed_related,true,,,none,new_content_required,无六级同词；后续查找有证据的词族关系。
cet4-w-e698cf7577e6763dda1b,gross,headword,true,51ebb885-8cf0-4890-ae20-ac8c3c631af9,gross,exact,pending_content_review,同词命中仅建立审核入口；不自动复制释义、拆词或巧记。
cet4-w-6670eb63d00350c182a9,ground,headword,false,,,none,new_content_required,无六级同词；后续查找有证据的词族关系。
cet4-w-4f1abf62365dadd9d197,group,headword,false,,,none,new_content_required,无六级同词；后续查找有证据的词族关系。
cet4-w-1e8b3b81b29f94a45be9,grow,headword,false,,,none,new_content_required,无六级同词；后续查找有证据的词族关系。
cet4-w-9b459ecb1e8d9d220ba1,growth,listed_related,true,,,none,new_content_required,无六级同词；后续查找有证据的词族关系。
cet4-w-32bd9054dba543473cd3,guarantee,headword,true,e50c0ac8-e75f-4434-85b9-703d89759541,guarantee,exact,pending_content_review,同词命中仅建立审核入口；不自动复制释义、拆词或巧记。
cet4-w-4f46a95ced714b6024ee,guard,headword,true,5e84c1fd-f42b-4a17-863c-099abcd61750,guard,exact,pending_content_review,同词命中仅建立审核入口；不自动复制释义、拆词或巧记。
cet4-w-21332fce1a0fed3999b7,guardian,listed_related,false,d175f34c-7a57-492d-8cb5-e8aff746c3cb,guardian,exact,pending_content_review,同词命中仅建立审核入口；不自动复制释义、拆词或巧记。
cet4-w-c271dcb0600020c7f64f,guess,headword,false,,,none,new_content_required,无六级同词；后续查找有证据的词族关系。
cet4-w-993225c47e8fe9e5e606,guest,headword,false,5397eb55-b3fc-413f-8441-690f50064bf8,guest,exact,pending_content_review,同词命中仅建立审核入口；不自动复制释义、拆词或巧记。
cet4-w-b1808c2cc7c1c336607c,guidance,listed_related,true,e1e25b02-972f-435d-b061-cb17e62a72db,guidance,exact,pending_content_review,同词命中仅建立审核入口；不自动复制释义、拆词或巧记。
cet4-w-22098c47fba9bf2c44d3,guide,headword,true,a41cb7da-3515-4a72-8366-27a623268441,guide,exact,pending_content_review,同词命中仅建立审核入口；不自动复制释义、拆词或巧记。
cet4-w-d3f487a368ae5f0e6276,guideline,headword,false,,,none,new_content_required,无六级同词；后续查找有证据的词族关系。
cet4-w-db97f13d3cfbff59f41b,guilt,headword,false,,,none,new_content_required,无六级同词；后续查找有证据的词族关系。
cet4-w-4e74808c213ea96bdd95,guilty,listed_related,true,,,none,new_content_required,无六级同词；后续查找有证据的词族关系。
cet4-w-74250fa2d892a328ae9a,guitar,headword,false,,,none,new_content_required,无六级同词；后续查找有证据的词族关系。
cet4-w-5f34b1fb087d4c4dc78f,guitarist,listed_related,false,,,none,new_content_required,无六级同词；后续查找有证据的词族关系。
cet4-w-ecfe0ff818b3543dca27,gulf,headword,true,,,none,new_content_required,无六级同词；后续查找有证据的词族关系。
cet4-w-3c63da440a331431f7ba,gum,headword,true,,,none,new_content_required,无六级同词；后续查找有证据的词族关系。
cet4-w-abae648f3dc0a9fee908,gun,headword,true,,,none,new_content_required,无六级同词；后续查找有证据的词族关系。
cet4-w-6689f2dc6d918b1d9705,gut,headword,false,,,none,new_content_required,无六级同词；后续查找有证据的词族关系。
cet4-w-6d7f0e21103f9d3aea29,guy,headword,true,,,none,new_content_required,无六级同词；后续查找有证据的词族关系。
cet4-w-3f73bf4ac195bdd80b8f,gym,headword,false,7d8d3b70-27d3-4f38-80d5-e0661e19cd4a,gym,exact,pending_content_review,同词命中仅建立审核入口；不自动复制释义、拆词或巧记。
cet4-w-e8b3f17dbb31d1191048,gymnasium,headword,true,,,none,new_content_required,无六级同词；后续查找有证据的词族关系。
cet4-w-8b55a1dbd297a648c390,habit,headword,true,8f108ffe-bc56-46eb-a866-6238b95ed293,habit,exact,pending_content_review,同词命中仅建立审核入口；不自动复制释义、拆词或巧记。
cet4-w-b254c54178736f1583a4,habitat,headword,false,6c6baf39-2133-4e9b-bbd8-387c1552721b,habitat,exact,pending_content_review,同词命中仅建立审核入口；不自动复制释义、拆词或巧记。
cet4-w-f475ae559aa47ec77974,habitual,listed_related,true,40c57554-bb5d-437d-a59d-0549bfbb1f59,habitual,exact,pending_content_review,同词命中仅建立审核入口；不自动复制释义、拆词或巧记。
cet4-w-2092636b60ea832aa132,hack,headword,false,,,none,new_content_required,无六级同词；后续查找有证据的词族关系。
cet4-w-0e99f5eeb0c29ba61ad9,hacker,listed_related,false,,,none,new_content_required,无六级同词；后续查找有证据的词族关系。
cet4-w-0618ca87580b26bb4711,hail,headword,false,,,none,new_content_required,无六级同词；后续查找有证据的词族关系。
cet4-w-6e11950fd34c63dc7c9f,hair,headword,false,,,none,new_content_required,无六级同词；后续查找有证据的词族关系。
cet4-w-01a762c7dd0029dd3b91,hairy,listed_related,false,,,none,new_content_required,无六级同词；后续查找有证据的词族关系。
cet4-w-93b6083a21bc105a24b5,half,headword,false,,,none,new_content_required,无六级同词；后续查找有证据的词族关系。
cet4-w-2ec27b43420638bb3de3,halfway,headword,false,,,none,new_content_required,无六级同词；后续查找有证据的词族关系。
cet4-w-53db7bb6b18a140a5bd5,hall,headword,true,,,none,new_content_required,无六级同词；后续查找有证据的词族关系。
cet4-w-045a9fef238d198b6671,halt,headword,true,c86a4f99-f6de-4449-85f7-a3021fb45e28,halt,exact,pending_content_review,同词命中仅建立审核入口；不自动复制释义、拆词或巧记。
cet4-w-3038c1a55ca8f45dfa36,ham,headword,false,,,none,new_content_required,无六级同词；后续查找有证据的词族关系。
cet4-w-7ccfbdfcad1d11631bc6,hamburger,headword,true,,,none,new_content_required,无六级同词；后续查找有证据的词族关系。
cet4-w-66432ddf5799affc760d,hammer,headword,true,6f2a1c8d-151f-4823-9339-2ae07db4dc30,hammer,exact,pending_content_review,同词命中仅建立审核入口；不自动复制释义、拆词或巧记。
cet4-w-ee5246818c9a24a31ae2,hand,headword,false,63577aa8-bd7a-4f78-8d17-c826ccd457ef,hand,exact,pending_content_review,同词命中仅建立审核入口；不自动复制释义、拆词或巧记。
cet4-w-f7c6a07828a170ac57de,handbook,headword,false,0698af3a-8ded-4f89-a3ec-d67c8e43eff6,handbook,exact,pending_content_review,同词命中仅建立审核入口；不自动复制释义、拆词或巧记。
cet4-w-a0f6e029066f82e6d55d,handful,listed_related,true,,,none,new_content_required,无六级同词；后续查找有证据的词族关系。
cet4-w-edfaec01571d51f668e0,handicap,headword,false,7e30c100-f28e-44d3-b4a7-72ebdb87be95,handicap,exact,pending_content_review,同词命中仅建立审核入口；不自动复制释义、拆词或巧记。
cet4-w-0d5fa73900f7bb9b3e7a,handicapped,listed_related,false,1253be45-6972-4285-a782-6471418d8153,handicapped,exact,pending_content_review,同词命中仅建立审核入口；不自动复制释义、拆词或巧记。
cet4-w-d0c205fbd8eace3a926d,handle,headword,true,585cc618-5462-46b3-ad7e-3cafd544f38c,handle,exact,pending_content_review,同词命中仅建立审核入口；不自动复制释义、拆词或巧记。
cet4-w-03defda7bf19619965fb,handsome,headword,true,,,none,new_content_required,无六级同词；后续查找有证据的词族关系。
cet4-w-f90abe848106c44df99b,handwriting,headword,true,,,none,new_content_required,无六级同词；后续查找有证据的词族关系。
cet4-w-a1a68b7a3d89edc52366,handy,headword,true,,,none,new_content_required,无六级同词；后续查找有证据的词族关系。
cet4-w-df0bd537aab758045b61,hang,headword,true,,,none,new_content_required,无六级同词；后续查找有证据的词族关系。
cet4-w-7d1606b4110b3c24cb5f,happen,headword,true,,,none,new_content_required,无六级同词；后续查找有证据的词族关系。
cet4-w-eaf87adb666be46fdc11,happily,listed_related,false,,,none,new_content_required,无六级同词；后续查找有证据的词族关系。
cet4-w-4a5f18ba5ffc5baa1f7f,happiness,listed_related,true,,,none,new_content_required,无六级同词；后续查找有证据的词族关系。
cet4-w-2790d317f9216f9f5d03,happy,headword,false,,,none,new_content_required,无六级同词；后续查找有证据的词族关系。
cet4-w-ed17fdf7435321d45621,harbor,headword,true,,,none,new_content_required,无六级同词；后续查找有证据的词族关系。
cet4-w-ff879447124e5faca3d1,hard,headword,false,6097fbf3-6e83-47d0-913d-c93cb494eee3,hard,exact,pending_content_review,同词命中仅建立审核入口；不自动复制释义、拆词或巧记。
cet4-w-dd382f0d130286a5a72a,harden,listed_related,true,,,none,new_content_required,无六级同词；后续查找有证据的词族关系。
cet4-w-b073f1aeb436ea079a2f,hardly,headword,true,,,none,new_content_required,无六级同词；后续查找有证据的词族关系。
cet4-w-cacdc2510e02854cce61,hardship,headword,true,,,none,new_content_required,无六级同词；后续查找有证据的词族关系。
cet4-w-7fe7a9c9b39a73611724,hardware,headword,true,f27fab45-516c-429a-ba9c-03451706fc90,hardware,exact,pending_content_review,同词命中仅建立审核入口；不自动复制释义、拆词或巧记。
cet4-w-8f368e283f3d94ab3454,harm,headword,true,f8f68b0f-6246-4e9f-a493-9d0028f5e916,harm,exact,pending_content_review,同词命中仅建立审核入口；不自动复制释义、拆词或巧记。
cet4-w-5e4f2cb67589227de5a5,harmful,listed_related,true,1a6c473c-eec5-40ec-917d-50ae40444c77,harmful,exact,pending_content_review,同词命中仅建立审核入口；不自动复制释义、拆词或巧记。
cet4-w-ce5068533eb6dbb0cdb9,harmless,listed_related,false,459be1d7-eba6-485c-8fc7-da22c3f5175f,harmless,exact,pending_content_review,同词命中仅建立审核入口；不自动复制释义、拆词或巧记。
cet4-w-f38ff75631c34164189e,harmonious,listed_related,false,d9a2c233-8bf2-4cdb-b073-a359f89d0cbf,harmonious,exact,pending_content_review,同词命中仅建立审核入口；不自动复制释义、拆词或巧记。
cet4-w-cc84f410e50a3a9f6c85,harmony,headword,true,4d677d61-5e3d-4a50-b679-a4f7fce10f46,harmony,exact,pending_content_review,同词命中仅建立审核入口；不自动复制释义、拆词或巧记。
cet4-w-99115cbec027e97ab51e,harness,headword,true,,,none,new_content_required,无六级同词；后续查找有证据的词族关系。
cet4-w-309c4d74fc4fdca86e5c,harsh,headword,true,,,none,new_content_required,无六级同词；后续查找有证据的词族关系。
cet4-w-200b392ab7bec0d0cefc,harvest,headword,true,,,none,new_content_required,无六级同词；后续查找有证据的词族关系。
cet4-w-86329bdb084c4bb9b090,haste,headword,true,,,none,new_content_required,无六级同词；后续查找有证据的词族关系。
cet4-w-7f3fe3d66d4e013812d6,hasten,listed_related,true,,,none,new_content_required,无六级同词；后续查找有证据的词族关系。
cet4-w-7413bdfc8508080af2a2,hasty,listed_related,true,68a64500-4c90-4c28-a1f9-819d0b2b3342,hasty,exact,pending_content_review,同词命中仅建立审核入口；不自动复制释义、拆词或巧记。
cet4-w-54ff1253a3697685d556,hat,headword,false,8978a87b-dc2c-4a8d-95f0-946bcd672874,hat,exact,pending_content_review,同词命中仅建立审核入口；不自动复制释义、拆词或巧记。
cet4-w-3b6157f7384aba74be05,hatch,headword,true,8d1c2068-7b1d-4e47-94a9-bd1b04e33c20,hatch,exact,pending_content_review,同词命中仅建立审核入口；不自动复制释义、拆词或巧记。
cet4-w-e9e562a8271e4f87d420,hate,headword,true,2dc57e1a-b1e0-4f3c-ba3f-691e8f987566,hate,exact,pending_content_review,同词命中仅建立审核入口；不自动复制释义、拆词或巧记。
cet4-w-0146a6d4335278b587db,hateful,listed_related,true,263e28d8-d8c2-4290-b2ac-30607be830c2,hateful,exact,pending_content_review,同词命中仅建立审核入口；不自动复制释义、拆词或巧记。
cet4-w-ed0a6236c6b7154178bd,hatred,listed_related,true,e0645cfa-fe6f-40da-ab01-0d5e417e3bb6,hatred,exact,pending_content_review,同词命中仅建立审核入口；不自动复制释义、拆词或巧记。
cet4-w-2720349bb74204fc4f90,haul,headword,false,ff4c3248-da17-49cb-8118-53bd60720c2d,haul,exact,pending_content_review,同词命中仅建立审核入口；不自动复制释义、拆词或巧记。
cet4-w-81afdd0dd32886ec9f41,haunt,headword,false,128fe33b-d038-4f66-8e5d-e2920d541fc5,haunt,exact,pending_content_review,同词命中仅建立审核入口；不自动复制释义、拆词或巧记。
cet4-w-e92563253d5346447bfe,have,headword,false,1caf16a2-bdea-4704-b119-50af402b3b77,have,exact,pending_content_review,同词命中仅建立审核入口；不自动复制释义、拆词或巧记。
cet4-w-95af7f0859009cecfd7e,hay,headword,true,,,none,new_content_required,无六级同词；后续查找有证据的词族关系。
cet4-w-37343539fe742520e777,hazard,headword,true,709a406e-c031-4f0b-abcb-8afb6f9d40ed,hazard,exact,pending_content_review,同词命中仅建立审核入口；不自动复制释义、拆词或巧记。
cet4-w-0a452cd2a962cc175c19,hazardous,listed_related,false,e4874f1a-3d26-4f60-ac7a-4ad11cfe846a,hazardous,exact,pending_content_review,同词命中仅建立审核入口；不自动复制释义、拆词或巧记。
cet4-w-31b6cae5150d83e01cc4,haze,headword,false,,,none,new_content_required,无六级同词；后续查找有证据的词族关系。
cet4-w-22e8bdb2c75a892be1ad,hazy,listed_related,false,,,none,new_content_required,无六级同词；后续查找有证据的词族关系。
cet4-w-36a82edbb83932dbead1,he,headword,false,,,none,new_content_required,无六级同词；后续查找有证据的词族关系。
cet4-w-1302358756cafbbc3c1b,head,headword,false,d1fe9861-647c-48d3-a3d3-a0fde09d8f2e,head,exact,pending_content_review,同词命中仅建立审核入口；不自动复制释义、拆词或巧记。
cet4-w-908e21867625e8e447fa,headache,headword,true,,,none,new_content_required,无六级同词；后续查找有证据的词族关系。
cet4-w-9377f21d61b121f485ba,heading,headword,true,,,none,new_content_required,无六级同词；后续查找有证据的词族关系。
cet4-w-bb52d3abf9e64e877b9a,headline,headword,true,550fdd6c-2f7a-4f24-abcc-eba8cee10aa2,headline,exact,pending_content_review,同词命中仅建立审核入口；不自动复制释义、拆词或巧记。
cet4-w-533efef213575f33c125,headmaster,headword,true,,,none,new_content_required,无六级同词；后续查找有证据的词族关系。
cet4-w-710968c0b503baa6a680,headmistress,listed_related,false,,,none,new_content_required,无六级同词；后续查找有证据的词族关系。
cet4-w-9a5440aa70f2c2720a3f,headquarters,headword,true,,,none,new_content_required,无六级同词；后续查找有证据的词族关系。
cet4-w-e4d75f097550c97da5fa,heal,headword,true,,,none,new_content_required,无六级同词；后续查找有证据的词族关系。
cet4-w-038b42878e56bc530c81,health,headword,false,fadbacd1-ae6c-4dad-aa3f-da2cf5865399,health,exact,pending_content_review,同词命中仅建立审核入口；不自动复制释义、拆词或巧记。
cet4-w-d74e97d032c88eecfdb9,healthful,listed_related,false,,,none,new_content_required,无六级同词；后续查找有证据的词族关系。
cet4-w-cdb12a98cf1755c13588,healthy,listed_related,false,81905f64-6c01-4ed1-9cb4-8de2e27ecbfb,healthy,exact,pending_content_review,同词命中仅建立审核入口；不自动复制释义、拆词或巧记。
cet4-w-9e2864b324e8c9c721a2,heap,headword,true,d7937515-cb41-4a99-bbdc-b7b586040dcb,heap,exact,pending_content_review,同词命中仅建立审核入口；不自动复制释义、拆词或巧记。
cet4-w-c59330ed62b997ba9ad0,hear,headword,false,4e272c9d-a8ff-48c0-8ffd-38bca4314051,hear,exact,pending_content_review,同词命中仅建立审核入口；不自动复制释义、拆词或巧记。
cet4-w-d577cc7393b24c03d348,hearing,listed_related,false,ae947dad-a41c-4401-9409-c51a86bc4f13,hearing,exact,pending_content_review,同词命中仅建立审核入口；不自动复制释义、拆词或巧记。
cet4-w-29ef2e139769e0c6b935,heart,headword,false,d414cdde-7f7b-4e05-8fc6-aaefd2ccc28d,heart,exact,pending_content_review,同词命中仅建立审核入口；不自动复制释义、拆词或巧记。
cet4-w-846ea107d6bb06e5f473,heartfelt,headword,false,,,none,new_content_required,无六级同词；后续查找有证据的词族关系。
cet4-w-1f43c75288fad259b53d,hearty,listed_related,false,,,none,new_content_required,无六级同词；后续查找有证据的词族关系。
cet4-w-cdc867f8d555ce2e3e02,heat,headword,true,ad0bb14c-1692-4e43-843e-6902d1a0ae5e,heat,exact,pending_content_review,同词命中仅建立审核入口；不自动复制释义、拆词或巧记。
cet4-w-eee01c4c2ef587308cd4,heated,listed_related,false,,,none,new_content_required,无六级同词；后续查找有证据的词族关系。
cet4-w-5e0fb787cd1d2bb5c05a,heating,listed_related,true,,,none,new_content_required,无六级同词；后续查找有证据的词族关系。
cet4-w-a1a19e55a73a027d3c58,heaven,headword,true,afbbabbc-6b93-42d1-9172-9c1a02bf479d,heaven,exact,pending_content_review,同词命中仅建立审核入口；不自动复制释义、拆词或巧记。
cet4-w-d89bf6adc63fe11f6c95,heavy,headword,false,,,none,new_content_required,无六级同词；后续查找有证据的词族关系。
cet4-w-1beb86b91bba7c85e865,hectare,headword,false,,,none,new_content_required,无六级同词；后续查找有证据的词族关系。
cet4-w-07025b88352ac8198b45,hedge,headword,true,,,none,new_content_required,无六级同词；后续查找有证据的词族关系。
cet4-w-ea4772c86b4bd83c5836,heel,headword,true,323af8b9-7b22-470f-a101-9f0662de6f21,heel,exact,pending_content_review,同词命中仅建立审核入口；不自动复制释义、拆词或巧记。
cet4-w-4f1a7ada8dd8db1b5279,height,headword,true,1357987b-8a5e-4ed0-8b69-df654d062cd9,height,exact,pending_content_review,同词命中仅建立审核入口；不自动复制释义、拆词或巧记。
cet4-w-101cdeb2ecee9e68ddaf,heighten,listed_related,false,7fcb2654-cd7a-432b-8b0c-40966a011dc4,heighten,exact,pending_content_review,同词命中仅建立审核入口；不自动复制释义、拆词或巧记。
cet4-w-ee357a2c71168cc3bdd5,heir,headword,true,494e8dab-524e-4661-97bb-3d174e894711,heir,exact,pending_content_review,同词命中仅建立审核入口；不自动复制释义、拆词或巧记。
cet4-w-f4ba671d493e4c3a24d0,heiress,listed_related,false,24417bb6-9841-41e0-94e3-9ed0cd9b7e96,heiress,exact,pending_content_review,同词命中仅建立审核入口；不自动复制释义、拆词或巧记。
cet4-w-e77b1714b1dc31dd9087,helicopter,headword,true,,,none,new_content_required,无六级同词；后续查找有证据的词族关系。
cet4-w-a5c0840bfdf64fa5756c,hell,headword,true,,,none,new_content_required,无六级同词；后续查找有证据的词族关系。
cet4-w-2b6c48959bed0d6f56c8,hello,headword,false,,,none,new_content_required,无六级同词；后续查找有证据的词族关系。
cet4-w-96fe5ee8fb6124de408f,help,headword,false,,,none,new_content_required,无六级同词；后续查找有证据的词族关系。
cet4-w-295f468a050c1942a77a,helpful,listed_related,true,,,none,new_content_required,无六级同词；后续查找有证据的词族关系。
cet4-w-d0981ee8f2febfcf792c,helpless,listed_related,true,,,none,new_content_required,无六级同词；后续查找有证据的词族关系。
cet4-w-2473d1bc26290474767d,helplessly,listed_related,false,,,none,new_content_required,无六级同词；后续查找有证据的词族关系。
cet4-w-934ac402cbd98001b780,hen,headword,true,,,none,new_content_required,无六级同词；后续查找有证据的词族关系。
cet4-w-0753db39f56efbad6773,hence,headword,true,5adde7ac-4a1d-49fc-93cc-dbdff6510f96,hence,exact,pending_content_review,同词命中仅建立审核入口；不自动复制释义、拆词或巧记。
cet4-w-6747f44adfc654be7b4d,her,headword,false,,,none,new_content_required,无六级同词；后续查找有证据的词族关系。
cet4-w-471eafdde4e79310601c,herd,headword,true,7b8f2348-8256-4b15-a639-f07f67f46d98,herd,exact,pending_content_review,同词命中仅建立审核入口；不自动复制释义、拆词或巧记。
cet4-w-d3c3e49a8b6a2a56fc1c,here,headword,false,,,none,new_content_required,无六级同词；后续查找有证据的词族关系。
cet4-w-ee7e07122ce779b6449d,hereby,headword,false,,,none,new_content_required,无六级同词；后续查找有证据的词族关系。
cet4-w-db5409f57343c4146707,heritage,headword,false,6d10d626-6a6f-4c85-928f-d015ac6ddf4d,heritage,exact,pending_content_review,同词命中仅建立审核入口；不自动复制释义、拆词或巧记。
cet4-w-add2f28e850b382384d4,hero,headword,true,0e4efb2e-4daf-44a2-927a-6ccead1d7ab4,hero,exact,pending_content_review,同词命中仅建立审核入口；不自动复制释义、拆词或巧记。
cet4-w-04eac3380c4c4e285005,heroic,listed_related,true,,,none,new_content_required,无六级同词；后续查找有证据的词族关系。
cet4-w-8a8c5069c1164bdbf7a6,heroine,headword,true,0e41c6cc-bd18-40b5-9bf9-1e3d27add583,heroine,exact,pending_content_review,同词命中仅建立审核入口；不自动复制释义、拆词或巧记。
cet4-w-d9c091e767ee836599e6,heroism,listed_related,false,,,none,new_content_required,无六级同词；后续查找有证据的词族关系。
cet4-w-a33f831b00340c226a2a,hers,headword,false,,,none,new_content_required,无六级同词；后续查找有证据的词族关系。
cet4-w-ed40fda87bc0a124dbe4,herself,headword,false,,,none,new_content_required,无六级同词；后续查找有证据的词族关系。
cet4-w-076da0ca746697422f69,hesitant,listed_related,false,fbe35855-3d5a-4796-847f-d35d61ccfa7f,hesitant,exact,pending_content_review,同词命中仅建立审核入口；不自动复制释义、拆词或巧记。
cet4-w-717b0b33db556c46a94d,hesitate,headword,true,9f641a42-860f-44af-bfc6-8d034d5a31f7,hesitate,exact,pending_content_review,同词命中仅建立审核入口；不自动复制释义、拆词或巧记。
cet4-w-d8ab77421262c07d79a3,hesitation,listed_related,false,524325f5-fb6d-4eeb-b6e0-4b27a3e05d9e,hesitation,exact,pending_content_review,同词命中仅建立审核入口；不自动复制释义、拆词或巧记。
cet4-w-8f13471233489aa32621,hi,headword,false,,,none,new_content_required,无六级同词；后续查找有证据的词族关系。
cet4-w-3b57761c8917961c3f1a,hide,headword,true,e63fa872-2b28-4a8a-85c1-1b0475d08912,hide,exact,pending_content_review,同词命中仅建立审核入口；不自动复制释义、拆词或巧记。
cet4-w-22b8b04ce288a54c2827,hiding,listed_related,false,,,none,new_content_required,无六级同词；后续查找有证据的词族关系。
cet4-w-d8fee166209be93b9986,high,headword,false,50adf631-5483-4945-b981-2bff0d75999f,high,exact,pending_content_review,同词命中仅建立审核入口；不自动复制释义、拆词或巧记。
cet4-w-ee07b53bfb404d8bfd55,high-tech,headword,false,,,none,new_content_required,无六级同词；后续查找有证据的词族关系。
cet4-w-f8c4fe944541c718df1d,highlight,headword,true,e179fb9e-9509-4855-9781-2c9e215d8604,highlight,exact,pending_content_review,同词命中仅建立审核入口；不自动复制释义、拆词或巧记。
cet4-w-7445381d81d6f3bb8fc3,highly,listed_related,true,,,none,new_content_required,无六级同词；后续查找有证据的词族关系。
cet4-w-1f62f38ed43600f0a6d5,highway,headword,true,,,none,new_content_required,无六级同词；后续查找有证据的词族关系。
cet4-w-29db3ca882d11fc3b869,hijack,headword,false,fa9d6732-1f90-42e5-9b1d-df0121f8f2a0,hijack,exact,pending_content_review,同词命中仅建立审核入口；不自动复制释义、拆词或巧记。
cet4-w-1bb08b4bf860c8fc0750,hill,headword,false,18312b81-cdbf-4928-b231-011745e999be,hill,exact,pending_content_review,同词命中仅建立审核入口；不自动复制释义、拆词或巧记。
cet4-w-f2e99c0e7682678701f7,hilly,listed_related,false,,,none,new_content_required,无六级同词；后续查找有证据的词族关系。
cet4-w-536e6a61d3cbeb256706,him,headword,false,,,none,new_content_required,无六级同词；后续查找有证据的词族关系。
cet4-w-e616acd6029ab75ab8a9,himself,headword,false,,,none,new_content_required,无六级同词；后续查找有证据的词族关系。
cet4-w-00166284a69dc465eae6,hinder,headword,false,8d89102c-df04-4095-8990-e463e93cd2ad,hinder,exact,pending_content_review,同词命中仅建立审核入口；不自动复制释义、拆词或巧记。
cet4-w-9c8bb5b94c8d404c7e4d,hindrance,listed_related,false,,,none,new_content_required,无六级同词；后续查找有证据的词族关系。
cet4-w-0cd1cd438c16c645f24d,hint,headword,true,30d59e83-d1e4-4884-8319-b1866c2ca661,hint,exact,pending_content_review,同词命中仅建立审核入口；不自动复制释义、拆词或巧记。
cet4-w-0f5c1c07169c55f693ea,hip,headword,false,,,none,new_content_required,无六级同词；后续查找有证据的词族关系。
cet4-w-598e1f6bf5a328991656,hire,headword,true,,,none,new_content_required,无六级同词；后续查找有证据的词族关系。
cet4-w-e9f250c35de3ccf4fdf7,his,headword,false,,,none,new_content_required,无六级同词；后续查找有证据的词族关系。
cet4-w-7b09d14051b1f9ccf415,historian,listed_related,false,163e18a4-7097-45c6-a491-4294591eabf7,historian,exact,pending_content_review,同词命中仅建立审核入口；不自动复制释义、拆词或巧记。
cet4-w-01c94913ee11a34a121a,historic,listed_related,false,,,none,new_content_required,无六级同词；后续查找有证据的词族关系。
cet4-w-f67791b085cd2b0b1182,historical,listed_related,true,dfd38491-4b06-41c0-ab8a-d9314e603c91,historical,exact,pending_content_review,同词命中仅建立审核入口；不自动复制释义、拆词或巧记。
cet4-w-d53cab9366cf0067f93a,history,headword,true,d2a68966-949c-46fd-bdb6-af36c9590d06,history,exact,pending_content_review,同词命中仅建立审核入口；不自动复制释义、拆词或巧记。
cet4-w-900c3e0612544c25045c,hit,headword,true,47b10f56-793f-464e-a291-be3407e41e55,hit,exact,pending_content_review,同词命中仅建立审核入口；不自动复制释义、拆词或巧记。
cet4-w-50ab9daf305f5d4f2f54,hobby,headword,false,8fee8bda-378e-4fe1-a41c-8bd160022e09,hobby,exact,pending_content_review,同词命中仅建立审核入口；不自动复制释义、拆词或巧记。
cet4-w-1c0523b1302e18d13bab,hold,headword,false,8b8a10d9-9381-4ba2-9d52-15d6630b50ee,hold,exact,pending_content_review,同词命中仅建立审核入口；不自动复制释义、拆词或巧记。
cet4-w-c68199cf0550642a765c,hole,headword,true,5358c6e1-267f-4dc7-b5c6-6be86af1c578,hole,exact,pending_content_review,同词命中仅建立审核入口；不自动复制释义、拆词或巧记。
cet4-w-0de78635e08a56e28653,holiday,headword,false,,,none,new_content_required,无六级同词；后续查找有证据的词族关系。
cet4-w-7873e73b3323e0175df2,holiness,listed_related,false,,,none,new_content_required,无六级同词；后续查找有证据的词族关系。
cet4-w-d7f0084f990749e3c918,hollow,headword,true,93cbe4db-c619-4aae-a8dc-8d68c1c1c0c1,hollow,exact,pending_content_review,同词命中仅建立审核入口；不自动复制释义、拆词或巧记。
cet4-w-a806282f09758b93da94,holy,headword,true,,,none,new_content_required,无六级同词；后续查找有证据的词族关系。
cet4-w-9c4b247c1e76023635c9,home,headword,false,80b6eb4a-30da-4d2a-b9fd-26e812f177e1,home,exact,pending_content_review,同词命中仅建立审核入口；不自动复制释义、拆词或巧记。
cet4-w-799b3492c587b5413f32,homeland,headword,false,,,none,new_content_required,无六级同词；后续查找有证据的词族关系。
cet4-w-f5148fb7eaa125a5d96e,homeless,listed_related,false,,,none,new_content_required,无六级同词；后续查找有证据的词族关系。
cet4-w-462e76750eb4ad8673c7,homely,listed_related,false,,,none,new_content_required,无六级同词；后续查找有证据的词族关系。
cet4-w-40ebd206eb6013e568f9,homework,headword,false,,,none,new_content_required,无六级同词；后续查找有证据的词族关系。
cet4-w-81f1c081248caabfa678,homo,headword,false,,,none,new_content_required,无六级同词；后续查找有证据的词族关系。
cet4-w-f686797aa79d1e169488,homosexual,headword,false,ddcef20b-b909-41be-b0ed-96715feccf55,homosexual,exact,pending_content_review,同词命中仅建立审核入口；不自动复制释义、拆词或巧记。
cet4-w-8ef8e830cf6c706c4c79,honest,headword,true,,,none,new_content_required,无六级同词；后续查找有证据的词族关系。
cet4-w-df014cadfab84f4c7415,honesty,listed_related,true,,,none,new_content_required,无六级同词；后续查找有证据的词族关系。
cet4-w-1c21b6144713ef62409d,honey,headword,true,,,none,new_content_required,无六级同词；后续查找有证据的词族关系。
cet4-w-37868b401a48a9a03cb7,honeymoon,headword,true,,,none,new_content_required,无六级同词；后续查找有证据的词族关系。
cet4-w-7fdf5e450e0222102b73,honor,headword,true,202303cd-a42c-439b-880a-b059b8362935,honor,exact,pending_content_review,同词命中仅建立审核入口；不自动复制释义、拆词或巧记。
cet4-w-258da2b0932054b6201e,honorable,listed_related,true,,,none,new_content_required,无六级同词；后续查找有证据的词族关系。
cet4-w-a945a19d477cbb8d7fc5,honorary,listed_related,false,,,none,new_content_required,无六级同词；后续查找有证据的词族关系。
cet4-w-59b05f9602d87937e790,hook,headword,true,89fe4e1e-15f1-44aa-a16e-1931120fb58b,hook,exact,pending_content_review,同词命中仅建立审核入口；不自动复制释义、拆词或巧记。
cet4-w-91ab31e39c0e27df6534,hope,headword,false,,,none,new_content_required,无六级同词；后续查找有证据的词族关系。
cet4-w-c6b3fcb5951c59e0bed0,hopeful,listed_related,true,,,none,new_content_required,无六级同词；后续查找有证据的词族关系。
cet4-w-263c27c0a497febd6f6a,hopeless,listed_related,true,,,none,new_content_required,无六级同词；后续查找有证据的词族关系。
cet4-w-48f751bcc61cb723faa6,horizon,headword,true,,,none,new_content_required,无六级同词；后续查找有证据的词族关系。
cet4-w-8ed2825ff3dcec9e69b3,horizontal,listed_related,true,,,none,new_content_required,无六级同词；后续查找有证据的词族关系。
cet4-w-09dd8f36bf05c93bb583,horn,headword,true,,,none,new_content_required,无六级同词；后续查找有证据的词族关系。
cet4-w-0ac6b32240d36b41122c,horrible,listed_related,true,eed1578f-3c13-4171-934e-c2ef18b20829,horrible,exact,pending_content_review,同词命中仅建立审核入口；不自动复制释义、拆词或巧记。
cet4-w-0f2bcf66ca2723c40b88,horrify,listed_related,false,86f86e63-5b3e-4bba-8857-03a855d1df32,horrify,exact,pending_content_review,同词命中仅建立审核入口；不自动复制释义、拆词或巧记。
cet4-w-5516191ecafb0f06a4ab,horror,headword,true,7240dea5-7014-455b-b001-b0ea0c6f288e,horror,exact,pending_content_review,同词命中仅建立审核入口；不自动复制释义、拆词或巧记。
cet4-w-154a05bfd6c994e2ed59,horse,headword,false,,,none,new_content_required,无六级同词；后续查找有证据的词族关系。
cet4-w-42fb814c02dc48f5bb5a,horsepower,headword,true,,,none,new_content_required,无六级同词；后续查找有证据的词族关系。
cet4-w-341387a7c3e3ea49ae4e,hospitable,headword,false,c3c70566-23e0-4bbe-b2b9-9cce83cbae7b,hospitable,exact,pending_content_review,同词命中仅建立审核入口；不自动复制释义、拆词或巧记。
cet4-w-4ee17ca397b6513bfa8c,hospital,headword,false,9d7aca13-0992-4882-b4b1-5c0a58d1e742,hospital,exact,pending_content_review,同词命中仅建立审核入口；不自动复制释义、拆词或巧记。
cet4-w-6ef53c606d65a582b306,hospitality,listed_related,false,93809271-814e-40d5-a210-d3709f9afb2a,hospitality,exact,pending_content_review,同词命中仅建立审核入口；不自动复制释义、拆词或巧记。
cet4-w-fcb0cb822242cfde13f2,hospitalize,listed_related,false,,,none,new_content_required,无六级同词；后续查找有证据的词族关系。
cet4-w-2231ed715258df96e075,host,headword,true,a2c86686-a8d6-4d6a-8537-8fcf3c1237a8,host,exact,pending_content_review,同词命中仅建立审核入口；不自动复制释义、拆词或巧记。
cet4-w-26d8b74f23d21a1b88d2,hostess,listed_related,true,8f69bf18-4123-4582-93e7-3bae37a503d4,hostess,exact,pending_content_review,同词命中仅建立审核入口；不自动复制释义、拆词或巧记。
cet4-w-6b78b7b7e5cc468608f3,hostile,headword,true,da4ad4b3-849a-4dd0-9ba5-ea4638ce26ed,hostile,exact,pending_content_review,同词命中仅建立审核入口；不自动复制释义、拆词或巧记。
cet4-w-3dba86dbcb406b92ca67,hostility,listed_related,false,439cfa23-92d4-4ecd-beb4-635a18a67e7c,hostility,exact,pending_content_review,同词命中仅建立审核入口；不自动复制释义、拆词或巧记。
cet4-w-35c32c536363fdc67716,hot,headword,false,9da8b70f-2d4a-4e10-804f-052132de8730,hot,exact,pending_content_review,同词命中仅建立审核入口；不自动复制释义、拆词或巧记。
cet4-w-7f592644cbb0b45712af,hotdog,headword,false,,,none,new_content_required,无六级同词；后续查找有证据的词族关系。
cet4-w-842089764f6707512751,hotel,headword,false,53b3ae82-ef23-4b57-a10b-725aa8ad31c3,hotel,exact,pending_content_review,同词命中仅建立审核入口；不自动复制释义、拆词或巧记。
cet4-w-2ab5fdf71104572d6fd4,hour,headword,false,,,none,new_content_required,无六级同词；后续查找有证据的词族关系。
cet4-w-b3431b6b03a2d95b6670,hourly,listed_related,false,,,none,new_content_required,无六级同词；后续查找有证据的词族关系。
cet4-w-f9527c7d12015aa4c21c,house,headword,false,,,none,new_content_required,无六级同词；后续查找有证据的词族关系。
cet4-w-98bdde0545416b7d35f5,household,headword,true,276907b7-9c44-419e-81d3-cb91fa993b3d,household,exact,pending_content_review,同词命中仅建立审核入口；不自动复制释义、拆词或巧记。
cet4-w-1f3d0b29c8815a1fe5aa,housewife,headword,true,,,none,new_content_required,无六级同词；后续查找有证据的词族关系。
cet4-w-c767f641ac6782b4e223,housework,headword,false,,,none,new_content_required,无六级同词；后续查找有证据的词族关系。
cet4-w-e8f3db190e926d96f676,housing,listed_related,false,,,none,new_content_required,无六级同词；后续查找有证据的词族关系。
cet4-w-4ef1c1b0669b5178ae7e,how,headword,false,,,none,new_content_required,无六级同词；后续查找有证据的词族关系。
cet4-w-02e121dcc89ab06b6dfe,however,headword,true,,,none,new_content_required,无六级同词；后续查找有证据的词族关系。
cet4-w-ccbba3bd877817aa155b,hug,headword,false,5a205568-83a3-4253-b116-0b09c56241fb,hug,exact,pending_content_review,同词命中仅建立审核入口；不自动复制释义、拆词或巧记。
cet4-w-ff9dab9fb431dbb17254,huge,headword,true,89d76338-7a4c-4205-b890-56c74bfdfe25,huge,exact,pending_content_review,同词命中仅建立审核入口；不自动复制释义、拆词或巧记。
cet4-w-2d6ad5a6f043d7cb279c,human,headword,true,1fb29b43-4e71-498e-9d44-ff0ae523b6b6,human,exact,pending_content_review,同词命中仅建立审核入口；不自动复制释义、拆词或巧记。
cet4-w-282bd638cd9818af05ff,humanity,listed_related,false,5610e82f-e597-43ee-8697-638d9da2cf97,humanity,exact,pending_content_review,同词命中仅建立审核入口；不自动复制释义、拆词或巧记。
cet4-w-593390557ad8270b11eb,humble,headword,true,10a0a0ef-0120-40cb-afc9-c8072e0dfc67,humble,exact,pending_content_review,同词命中仅建立审核入口；不自动复制释义、拆词或巧记。
cet4-w-bfd725a5d1a1447fe11b,humbly,listed_related,false,fa301ee0-0da2-4641-8428-4f64ba516264,humbly,exact,pending_content_review,同词命中仅建立审核入口；不自动复制释义、拆词或巧记。
cet4-w-9de707f6615b83550fe2,humor,headword,true,,,none,new_content_required,无六级同词；后续查找有证据的词族关系。
cet4-w-58bd7776b53faf6b20d8,humorous,listed_related,true,,,none,new_content_required,无六级同词；后续查找有证据的词族关系。
cet4-w-e2a840c351ffbd4f7909,hundred,headword,false,,,none,new_content_required,无六级同词；后续查找有证据的词族关系。
cet4-w-9f94bb4475d19033b677,hunger,headword,true,62928384-3db9-409c-abf3-5c111e4be75c,hunger,exact,pending_content_review,同词命中仅建立审核入口；不自动复制释义、拆词或巧记。
cet4-w-629fda7a63f749137260,hungry,listed_related,false,7f4b5fd9-f5be-419f-8378-65fef0a30c22,hungry,exact,pending_content_review,同词命中仅建立审核入口；不自动复制释义、拆词或巧记。
cet4-w-9dd0324cafd4afb42b0b,hunt,headword,true,bab29c57-d8f9-4716-85c8-eb693211cee4,hunt,exact,pending_content_review,同词命中仅建立审核入口；不自动复制释义、拆词或巧记。
cet4-w-b3f50198af3278c2946e,hunter,listed_related,false,6c02e3b8-c07d-4d71-85bf-39f1f2c14039,hunter,exact,pending_content_review,同词命中仅建立审核入口；不自动复制释义、拆词或巧记。
cet4-w-bd6c4e0c5385ee9eb3de,hunting,listed_related,false,a4865ba0-c1c0-488b-8494-8374edacc792,hunting,exact,pending_content_review,同词命中仅建立审核入口；不自动复制释义、拆词或巧记。
cet4-w-dacaf67ce0241ca49c6c,hurriedly,listed_related,false,,,none,new_content_required,无六级同词；后续查找有证据的词族关系。
cet4-w-3695f88fa62e420a15e8,hurry,headword,false,b92ad406-1c8e-4fd0-be3a-9dba74b7295f,hurry,exact,pending_content_review,同词命中仅建立审核入口；不自动复制释义、拆词或巧记。
cet4-w-b81c0dadc086ad17f095,hurt,headword,true,283ad3f1-9f7b-4a95-9374-2b06917ac4c4,hurt,exact,pending_content_review,同词命中仅建立审核入口；不自动复制释义、拆词或巧记。
cet4-w-716b54b012ea6d89d41a,hurtful,listed_related,false,,,none,new_content_required,无六级同词；后续查找有证据的词族关系。
cet4-w-e092f02b64d9f1170e7c,husband,headword,false,,,none,new_content_required,无六级同词；后续查找有证据的词族关系。
cet4-w-9c1c5cbfbf61a8fee35d,hut,headword,true,fc2016fc-ddc3-418c-8b2d-e0a9552e27b2,hut,exact,pending_content_review,同词命中仅建立审核入口；不自动复制释义、拆词或巧记。
cet4-w-b9f78ceec81dd40b3c86,hydrogen,headword,true,3a45bb37-0b06-4e59-abd6-f03619773a19,hydrogen,exact,pending_content_review,同词命中仅建立审核入口；不自动复制释义、拆词或巧记。
cet4-w-c5c4169bacbdfff03105,hyphen,headword,false,,,none,new_content_required,无六级同词；后续查找有证据的词族关系。
cet4-w-a04b630cc03e55679d67,I,headword,false,,,none,new_content_required,无六级同词；后续查找有证据的词族关系。
cet4-w-2ee86659a278b02a8205,ice,headword,false,2200701a-d5c9-481a-a2cc-7a3b63d81b20,ice,exact,pending_content_review,同词命中仅建立审核入口；不自动复制释义、拆词或巧记。
cet4-w-b25c38ddc687968b5b2c,ice-cream,headword,true,188b1ada-edb9-49c0-bcf6-a4803ce375cb,ice-cream,exact,pending_content_review,同词命中仅建立审核入口；不自动复制释义、拆词或巧记。
cet4-w-c5dfddc7dcc5cfb8f746,icy,listed_related,false,63b1beb4-290c-43b0-adff-4486b933441c,icy,exact,pending_content_review,同词命中仅建立审核入口；不自动复制释义、拆词或巧记。
cet4-w-3b489d42606d58c5b24b,idea,headword,false,b97d78a7-0b66-473f-b732-0f68b8a2e3d2,idea,exact,pending_content_review,同词命中仅建立审核入口；不自动复制释义、拆词或巧记。
cet4-w-ef40c73d70a2b72cb095,ideal,headword,true,4190dc7c-aadb-4c81-8aa2-528ea6caf3d1,ideal,exact,pending_content_review,同词命中仅建立审核入口；不自动复制释义、拆词或巧记。
cet4-w-c3c158013b077dd52ded,idealism,listed_related,false,438f311f-0256-43c3-b1be-a5a229a8ade6,idealism,exact,pending_content_review,同词命中仅建立审核入口；不自动复制释义、拆词或巧记。
cet4-w-5f741bf40174b7f20945,idealistic,listed_related,false,cd57c864-1ec9-46cb-9285-2eef47c5aa65,idealistic,exact,pending_content_review,同词命中仅建立审核入口；不自动复制释义、拆词或巧记。
cet4-w-5fcdb4999518c9714621,identical,listed_related,true,793a484c-cfb3-4469-a157-2edbc9270540,identical,exact,pending_content_review,同词命中仅建立审核入口；不自动复制释义、拆词或巧记。
cet4-w-b590802b8a886365f169,identification,listed_related,true,b7299251-35b2-4f37-807c-f59852af4186,identification,exact,pending_content_review,同词命中仅建立审核入口；不自动复制释义、拆词或巧记。
cet4-w-bf5f926f0f547d75d06e,identify,headword,true,1420ef01-c974-49c6-96d1-1e1f75feea27,identify,exact,pending_content_review,同词命中仅建立审核入口；不自动复制释义、拆词或巧记。
cet4-w-0ab6d01042573943961d,identity,headword,true,eeebc9db-9520-44df-aa1c-897cf23fd77d,identity,exact,pending_content_review,同词命中仅建立审核入口；不自动复制释义、拆词或巧记。
cet4-w-c294981dafcb4c3e78b2,idiom,headword,true,8050b1d8-0366-46b1-b8d3-7ed957467dcb,idiom,exact,pending_content_review,同词命中仅建立审核入口；不自动复制释义、拆词或巧记。
cet4-w-678cd3eb6a544a82d6f7,idiomatic,listed_related,false,bfa9407e-b4e0-41d6-9e58-b3377591d9e6,idiomatic,exact,pending_content_review,同词命中仅建立审核入口；不自动复制释义、拆词或巧记。
cet4-w-a71c177927b47113083a,idle,headword,true,,,none,new_content_required,无六级同词；后续查找有证据的词族关系。
cet4-w-9c959711c4fe3efd31db,idly,listed_related,false,,,none,new_content_required,无六级同词；后续查找有证据的词族关系。
cet4-w-ba10738f7a5723d5ab44,if,headword,false,,,none,new_content_required,无六级同词；后续查找有证据的词族关系。
cet4-w-97af6535be2ee55e45a2,ignorance,listed_related,false,6208fa8a-5714-459a-bcb6-c6c418e38adc,ignorance,exact,pending_content_review,同词命中仅建立审核入口；不自动复制释义、拆词或巧记。
cet4-w-2d0fbd720dc5d3f8ea75,ignorant,headword,true,459fb790-cb96-44f1-8a1c-22338bd081b7,ignorant,exact,pending_content_review,同词命中仅建立审核入口；不自动复制释义、拆词或巧记。
cet4-w-4e8bfcf478749962e1eb,ignore,headword,true,408f99bf-f4d5-42e9-9eaf-925d79d6f132,ignore,exact,pending_content_review,同词命中仅建立审核入口；不自动复制释义、拆词或巧记。
cet4-w-b7c045a0b36ff89add0c,ill,headword,false,637e0be3-caf5-435c-9596-0c58a5faa8b9,ill,exact,pending_content_review,同词命中仅建立审核入口；不自动复制释义、拆词或巧记。
cet4-w-bf985bb0ce0a853accc1,illegal,headword,true,bc377ee4-f864-4fbe-9e5d-9e9b73c43590,illegal,exact,pending_content_review,同词命中仅建立审核入口；不自动复制释义、拆词或巧记。
cet4-w-52864f4eeee2fc1654f2,illness,listed_related,true,,,none,new_content_required,无六级同词；后续查找有证据的词族关系。
cet4-w-c337237b3183c27ae858,illusion,headword,true,25c0fe84-0781-4537-bbf4-f17fb22f7624,illusion,exact,pending_content_review,同词命中仅建立审核入口；不自动复制释义、拆词或巧记。
cet4-w-be03b9b177e12ab10b9c,illusory,listed_related,false,2aac9f6f-db71-410e-9c86-f44c72d3b13b,illusory,exact,pending_content_review,同词命中仅建立审核入口；不自动复制释义、拆词或巧记。
cet4-w-cbd68edca6aa96343082,illustrate,headword,true,10be2cdf-9a48-416f-980c-0e88782f2b1f,illustrate,exact,pending_content_review,同词命中仅建立审核入口；不自动复制释义、拆词或巧记。
cet4-w-9eaa0b7a21c524603db9,illustration,listed_related,true,e6c1773d-df83-44c0-a310-76bdb3104bb9,illustration,exact,pending_content_review,同词命中仅建立审核入口；不自动复制释义、拆词或巧记。
cet4-w-86dea7c68d99563117bd,illustrative,listed_related,false,6c39e484-51c9-45a7-a939-6bc57e60d1f1,illustrative,exact,pending_content_review,同词命中仅建立审核入口；不自动复制释义、拆词或巧记。
cet4-w-0e781a58e139b6f7eb4e,image,headword,true,,,none,new_content_required,无六级同词；后续查找有证据的词族关系。
cet4-w-35bbde1e5585287abad8,imaginary,listed_related,true,a4a44ced-c01b-4196-975a-629913c4be76,imaginary,exact,pending_content_review,同词命中仅建立审核入口；不自动复制释义、拆词或巧记。
cet4-w-039ca79ff365f038810b,imagination,listed_related,true,1e45174b-e80a-4a79-94a2-e89d59c55a06,imagination,exact,pending_content_review,同词命中仅建立审核入口；不自动复制释义、拆词或巧记。
cet4-w-fd0fb7de2440bddab6d3,imaginative,listed_related,false,2526a44f-27a1-4032-9229-1baad1ca18d9,imaginative,exact,pending_content_review,同词命中仅建立审核入口；不自动复制释义、拆词或巧记。
cet4-w-84962b876614cf12a758,imagine,headword,true,3832d631-fd51-49ff-91eb-d35adcb37015,imagine,exact,pending_content_review,同词命中仅建立审核入口；不自动复制释义、拆词或巧记。
cet4-w-922d8fa9245fa206e980,imaging,listed_related,false,,,none,new_content_required,无六级同词；后续查找有证据的词族关系。
cet4-w-4e001e5f1579478559df,imitate,headword,true,b3bd6726-429c-45f5-8994-16448537b3c6,imitate,exact,pending_content_review,同词命中仅建立审核入口；不自动复制释义、拆词或巧记。
cet4-w-7d3ac6a73ded907b372a,imitation,listed_related,false,08d5740e-1ca1-48d8-a586-c42427aaf438,imitation,exact,pending_content_review,同词命中仅建立审核入口；不自动复制释义、拆词或巧记。
cet4-w-6d8952e42eb3d06ae5b3,imitative,listed_related,false,3228601d-4db3-4c13-8bb4-f599a69da99d,imitative,exact,pending_content_review,同词命中仅建立审核入口；不自动复制释义、拆词或巧记。
cet4-w-e08c1ef924c1baebb33f,immediate,headword,true,,,none,new_content_required,无六级同词；后续查找有证据的词族关系。
cet4-w-c05f1b41ca2692abb174,immediately,listed_related,true,,,none,new_content_required,无六级同词；后续查找有证据的词族关系。
cet4-w-a7b93c588a9a498db68f,immense,headword,true,,,none,new_content_required,无六级同词；后续查找有证据的词族关系。
cet4-w-1695c5de6ac46da67964,immensely,listed_related,false,,,none,new_content_required,无六级同词；后续查找有证据的词族关系。
cet4-w-8ce539c7ce7ec37db520,immensity,listed_related,false,,,none,new_content_required,无六级同词；后续查找有证据的词族关系。
cet4-w-15d6492af488e44f0fef,immigrant,listed_related,true,f3cde8bd-c24b-4ef1-b811-77bcec331660,immigrant,exact,pending_content_review,同词命中仅建立审核入口；不自动复制释义、拆词或巧记。
cet4-w-357bfec510c0776a8fc1,immigrate,headword,true,615bfe38-cedb-4414-80bb-a896f156c8e1,immigrate,exact,pending_content_review,同词命中仅建立审核入口；不自动复制释义、拆词或巧记。
cet4-w-707a2aec8946bbcc53ac,immigration,listed_related,false,64612f4d-beb3-4164-a36c-7f079405ed6d,immigration,exact,pending_content_review,同词命中仅建立审核入口；不自动复制释义、拆词或巧记。
cet4-w-53ba7498cda4a09fd8f5,immune,headword,false,a91c525e-f593-4459-97ca-1a3292354186,immune,exact,pending_content_review,同词命中仅建立审核入口；不自动复制释义、拆词或巧记。
cet4-w-32c29a051276f0c0eeb1,immunity,listed_related,false,4af2dfbd-6288-4153-8bc7-4a93e64c4b3f,immunity,exact,pending_content_review,同词命中仅建立审核入口；不自动复制释义、拆词或巧记。
cet4-w-6db925d5ca2b157b964e,immunize,listed_related,false,64d7357a-55de-4a00-92a8-dc07edd170c7,immunize,exact,pending_content_review,同词命中仅建立审核入口；不自动复制释义、拆词或巧记。
cet4-w-254b8e2231171da2f892,impact,headword,true,226e03a3-dcd5-4f9d-ae27-b04fc5517ab2,impact,exact,pending_content_review,同词命中仅建立审核入口；不自动复制释义、拆词或巧记。
cet4-w-f7382850100bce419978,impatience,listed_related,false,,,none,new_content_required,无六级同词；后续查找有证据的词族关系。
cet4-w-95e2aef101893e03c6cb,impatient,headword,true,e8796a97-86a9-4368-9472-c2024f396088,impatient,exact,pending_content_review,同词命中仅建立审核入口；不自动复制释义、拆词或巧记。
cet4-w-745335434abbf181f40f,imperial,headword,false,9d22a2a6-ec50-4e08-9641-79d9f60db6e8,imperial,exact,pending_content_review,同词命中仅建立审核入口；不自动复制释义、拆词或巧记。
cet4-w-35a52bdeb82190fd72f1,imperialism,listed_related,false,c5ed7dec-6dba-492f-af15-c12dfbf90e81,imperialism,exact,pending_content_review,同词命中仅建立审核入口；不自动复制释义、拆词或巧记。
cet4-w-03eb1913cf2bcfaa1e3b,imperialist,listed_related,false,4ab05008-b871-4fff-9477-97ffaf99e776,imperialist,exact,pending_content_review,同词命中仅建立审核入口；不自动复制释义、拆词或巧记。
cet4-w-f2fa1ae111c3147bf003,implement,headword,true,bda403bf-037d-4169-be78-4a4ff0316531,implement,exact,pending_content_review,同词命中仅建立审核入口；不自动复制释义、拆词或巧记。
cet4-w-f7a08704a6a3d9463d08,implementation,listed_related,false,77278168-d6a5-4d28-94dd-a14e369c8673,implementation,exact,pending_content_review,同词命中仅建立审核入口；不自动复制释义、拆词或巧记。
cet4-w-ff59eec91c480c4205f0,implication,listed_related,true,03b6e7a3-829f-478c-a2f5-4907c9e24613,implication,exact,pending_content_review,同词命中仅建立审核入口；不自动复制释义、拆词或巧记。
cet4-w-ca5747717ababe7fd5c5,implicit,headword,false,102feae0-17aa-4f19-99a9-87a79a6ec66e,implicit,exact,pending_content_review,同词命中仅建立审核入口；不自动复制释义、拆词或巧记。
cet4-w-cc4f623aaf0eb2f1801b,imply,headword,true,98b0089e-6cd4-425a-a13c-6953d3313fad,imply,exact,pending_content_review,同词命中仅建立审核入口；不自动复制释义、拆词或巧记。
cet4-w-43ac0394e915760d27a8,import,headword,true,,,none,new_content_required,无六级同词；后续查找有证据的词族关系。
cet4-w-989fbd04978d47ed3c7b,importance,listed_related,true,,,none,new_content_required,无六级同词；后续查找有证据的词族关系。
cet4-w-78c4e15f16b23ffe725b,important,headword,false,e1b8ac9c-b1d3-4f09-b7e0-ec2f4f71ecf8,important,exact,pending_content_review,同词命中仅建立审核入口；不自动复制释义、拆词或巧记。
cet4-w-311bee88ec2f0b66e598,importation,listed_related,false,,,none,new_content_required,无六级同词；后续查找有证据的词族关系。
cet4-w-4993e5f70fa0648190e3,impose,headword,true,fc92dc96-f006-4c6c-b893-c31a3467022d,impose,exact,pending_content_review,同词命中仅建立审核入口；不自动复制释义、拆词或巧记。
cet4-w-8ab646c912a25e8eb253,imposing,listed_related,false,,,none,new_content_required,无六级同词；后续查找有证据的词族关系。
cet4-w-0aa77507d27cd84985f2,imposition,listed_related,false,c9e895bd-5f54-4c98-b4fa-7866477db648,imposition,exact,pending_content_review,同词命中仅建立审核入口；不自动复制释义、拆词或巧记。
cet4-w-04758b9ab15b3812f0a5,impossibility,listed_related,false,,,none,new_content_required,无六级同词；后续查找有证据的词族关系。
cet4-w-b875afceda9fdb77faa1,impossible,headword,true,f4e3f7a0-5902-4ce2-a010-4663b0af6b90,impossible,exact,pending_content_review,同词命中仅建立审核入口；不自动复制释义、拆词或巧记。
cet4-w-2fcffb32692d4ee244cc,impress,headword,true,62d634bd-98da-477d-9a73-ec79a9314413,impress,exact,pending_content_review,同词命中仅建立审核入口；不自动复制释义、拆词或巧记。
cet4-w-e5ae2645c2f980963072,impression,listed_related,true,580591f7-679a-464e-a558-64a93f343641,impression,exact,pending_content_review,同词命中仅建立审核入口；不自动复制释义、拆词或巧记。
cet4-w-6b311d8a9d3d393b9a6b,impressive,listed_related,true,bcac2c96-7014-45de-b670-53ee482ae8b0,impressive,exact,pending_content_review,同词命中仅建立审核入口；不自动复制释义、拆词或巧记。
cet4-w-0764ea0e4769e3fa3e63,improve,headword,true,e154fada-ea2e-4eb5-8a33-3b55576f991b,improve,exact,pending_content_review,同词命中仅建立审核入口；不自动复制释义、拆词或巧记。
cet4-w-d93d20dcc07618ac7b13,improvement,listed_related,true,3f4fea77-5ecf-41d4-97af-a436d0867874,improvement,exact,pending_content_review,同词命中仅建立审核入口；不自动复制释义、拆词或巧记。
cet4-w-8545b99643159c7f6cd3,impulse,headword,false,7f905ca0-a747-4e3c-ac97-eaa739ebc53d,impulse,exact,pending_content_review,同词命中仅建立审核入口；不自动复制释义、拆词或巧记。
cet4-w-bf4856b508997dc20b49,impulsive,listed_related,false,bb319f2c-24f0-4b58-99fa-80d0a7779ced,impulsive,exact,pending_content_review,同词命中仅建立审核入口；不自动复制释义、拆词或巧记。
cet4-w-17da645d5be89948215b,in,headword,false,84b42a02-b972-4109-ac42-7d04746f07c8,in,exact,pending_content_review,同词命中仅建立审核入口；不自动复制释义、拆词或巧记。
cet4-w-e6d641751ac72c824a27,incentive,headword,false,6f8ceaf6-a170-4319-8cd7-011b151bd370,incentive,exact,pending_content_review,同词命中仅建立审核入口；不自动复制释义、拆词或巧记。
cet4-w-8d56ec5e44334471e039,inch,headword,true,,,none,new_content_required,无六级同词；后续查找有证据的词族关系。
cet4-w-8e5a8284010957611554,incidence,headword,false,05ce0fe3-6cb3-43ef-ab00-10a82c1e360d,incidence,exact,pending_content_review,同词命中仅建立审核入口；不自动复制释义、拆词或巧记。
cet4-w-39e5983a1a29731e766f,incident,headword,true,14a161a8-d89c-4e0e-9612-3a862b926e0a,incident,exact,pending_content_review,同词命中仅建立审核入口；不自动复制释义、拆词或巧记。
cet4-w-4d4e94464f5d514db9df,incidental,listed_related,false,,,none,new_content_required,无六级同词；后续查找有证据的词族关系。
cet4-w-d234806360a57b266b99,incidentally,listed_related,false,01dda992-e644-426e-8207-3375b45fa59f,incidentally,exact,pending_content_review,同词命中仅建立审核入口；不自动复制释义、拆词或巧记。
cet4-w-64ccec02e7c53290fc2a,inclination,listed_related,false,00839c18-5d94-454c-9224-2d4328c7c3ac,inclination,exact,pending_content_review,同词命中仅建立审核入口；不自动复制释义、拆词或巧记。
cet4-w-ff73df0508174aca8cb3,incline,headword,true,c8bc88ce-9066-4c4e-a1e1-b0c65ef48fff,incline,exact,pending_content_review,同词命中仅建立审核入口；不自动复制释义、拆词或巧记。
cet4-w-ad2dd80ba9230bfd5e55,inclined,listed_related,false,11b80079-6693-4813-a2bc-46c43fee214a,inclined,exact,pending_content_review,同词命中仅建立审核入口；不自动复制释义、拆词或巧记。
cet4-w-30f4cb774bd882a65683,include,headword,true,8fafca74-fb35-4621-a60d-b588917c0f46,include,exact,pending_content_review,同词命中仅建立审核入口；不自动复制释义、拆词或巧记。
cet4-w-a814ea0e5ceea9d8c99a,including,listed_related,false,68dbbb08-3882-4114-96c1-dca8b4af094d,including,exact,pending_content_review,同词命中仅建立审核入口；不自动复制释义、拆词或巧记。
cet4-w-0f8bece0651f6f8818c1,inclusion,listed_related,false,82e5da09-9205-456b-9e3b-e5932f9736f6,inclusion,exact,pending_content_review,同词命中仅建立审核入口；不自动复制释义、拆词或巧记。
cet4-w-7d5f56e7d43193c1be81,inclusive,listed_related,false,3344cd57-27c7-46e0-83a0-e1c4a33335a6,inclusive,exact,pending_content_review,同词命中仅建立审核入口；不自动复制释义、拆词或巧记。
cet4-w-a032d1db77d3aa485854,income,headword,true,e042c2a6-4122-40f7-be23-7e3f599fc02c,income,exact,pending_content_review,同词命中仅建立审核入口；不自动复制释义、拆词或巧记。
cet4-w-0f26ff275b9332537821,increase,headword,true,f2aa422a-d767-414b-bec3-86e45fc49c6c,increase,exact,pending_content_review,同词命中仅建立审核入口；不自动复制释义、拆词或巧记。
cet4-w-b740b256421c6a85d41a,increasingly,listed_related,true,,,none,new_content_required,无六级同词；后续查找有证据的词族关系。
cet4-w-8f755918257ff327d6d6,incredible,headword,false,36ea6ee6-1d82-4f5e-a28b-e8719a5fec58,incredible,exact,pending_content_review,同词命中仅建立审核入口；不自动复制释义、拆词或巧记。
cet4-w-37b382351861cfbf9ea5,incredibly,listed_related,false,984a1daf-1363-42ea-b25a-a5957de5694b,incredibly,exact,pending_content_review,同词命中仅建立审核入口；不自动复制释义、拆词或巧记。
cet4-w-f1e1f35d313e50408169,indeed,headword,true,,,none,new_content_required,无六级同词；后续查找有证据的词族关系。
cet4-w-e65ff04cfda0cfd80548,independence,listed_related,true,80b15d4b-5479-4893-852a-edffedc84195,independence,exact,pending_content_review,同词命中仅建立审核入口；不自动复制释义、拆词或巧记。
cet4-w-c04bf320e2b3c4de873f,independent,headword,true,846a8ccf-ab91-43ce-8bdd-2760ec9b7250,independent,exact,pending_content_review,同词命中仅建立审核入口；不自动复制释义、拆词或巧记。
cet4-w-ad5fa8dcf48ede7e133f,index,headword,true,,,none,new_content_required,无六级同词；后续查找有证据的词族关系。
cet4-w-fc197a7324dc751d9ebc,indicate,headword,true,985a1fb3-9a00-4e0c-a97e-1529b9068be1,indicate,exact,pending_content_review,同词命中仅建立审核入口；不自动复制释义、拆词或巧记。
cet4-w-d4b74880f4159e11fb61,indication,listed_related,true,,,none,new_content_required,无六级同词；后续查找有证据的词族关系。
cet4-w-be036755b5ab059a51b0,indicative,listed_related,false,e36befd7-9f14-4de8-b513-47ea7ce3f53c,indicative,exact,pending_content_review,同词命中仅建立审核入口；不自动复制释义、拆词或巧记。
cet4-w-6e6a01b7b930cb3b3771,indicator,listed_related,false,9664a543-f1e9-48ff-9647-99a180d18ed9,indicator,exact,pending_content_review,同词命中仅建立审核入口；不自动复制释义、拆词或巧记。
cet4-w-8ee0984c5da77d87c314,indifference,listed_related,false,ddc6cf6c-02bb-487f-86dd-4b9945173519,indifference,exact,pending_content_review,同词命中仅建立审核入口；不自动复制释义、拆词或巧记。
cet4-w-0a4926cefd95f9c38e08,indifferent,headword,true,eb732470-3fee-46eb-bf70-d70054979c22,indifferent,exact,pending_content_review,同词命中仅建立审核入口；不自动复制释义、拆词或巧记。
cet4-w-f742d486efa2d4c36060,indispensable,headword,true,64a160cb-162b-4146-b387-098ce8f1c166,indispensable,exact,pending_content_review,同词命中仅建立审核入口；不自动复制释义、拆词或巧记。
cet4-w-533bfae3f7f616924922,individual,headword,true,3c1f093c-3bca-4b0d-bec1-684e50dbe669,individual,exact,pending_content_review,同词命中仅建立审核入口；不自动复制释义、拆词或巧记。
cet4-w-65a8b6bc976a76620748,individualism,listed_related,false,,,none,new_content_required,无六级同词；后续查找有证据的词族关系。
cet4-w-06fe3699b8f4a4767362,indoor,headword,true,,,none,new_content_required,无六级同词；后续查找有证据的词族关系。
cet4-w-faffdef5ac98f3635971,indoors,listed_related,true,,,none,new_content_required,无六级同词；后续查找有证据的词族关系。
cet4-w-00741bec2dd7cae2083b,induce,headword,false,a95733f6-818f-4251-815d-550f4f7656ca,induce,exact,pending_content_review,同词命中仅建立审核入口；不自动复制释义、拆词或巧记。
cet4-w-60934f436e5ad3101efa,inducement,listed_related,false,,,none,new_content_required,无六级同词；后续查找有证据的词族关系。
cet4-w-9afe5f7682d928f29e33,industrial,listed_related,true,59771529-b141-49f6-9d7f-696d17903c73,industrial,exact,pending_content_review,同词命中仅建立审核入口；不自动复制释义、拆词或巧记。
cet4-w-d7875b8d8bd6159c1df8,industrialize,listed_related,true,1611c5bb-1f5e-497e-87bc-498737cc255d,industrialize,exact,pending_content_review,同词命中仅建立审核入口；不自动复制释义、拆词或巧记。
cet4-w-20a03c11880130f10d97,industrious,listed_related,false,,,none,new_content_required,无六级同词；后续查找有证据的词族关系。
cet4-w-4f033a920fc30063b517,industry,headword,true,282d1f0d-79b6-4e04-9b58-61e8137d59c4,industry,exact,pending_content_review,同词命中仅建立审核入口；不自动复制释义、拆词或巧记。
cet4-w-79a3a683803b1ef8bc13,inevitable,headword,true,773350cb-887d-4bf5-b15d-32124ed5832c,inevitable,exact,pending_content_review,同词命中仅建立审核入口；不自动复制释义、拆词或巧记。
cet4-w-074097e4f7cbb9a0664f,infant,headword,true,8cd8114c-7309-4950-b28f-aa31e1c1dc83,infant,exact,pending_content_review,同词命中仅建立审核入口；不自动复制释义、拆词或巧记。
cet4-w-5a0d49d0853d7033de0c,infect,headword,true,5259d764-b915-441e-a03c-19d21a5dad23,infect,exact,pending_content_review,同词命中仅建立审核入口；不自动复制释义、拆词或巧记。
cet4-w-2b5d82d7494cc89083cd,infection,listed_related,false,2f2cc292-d58c-468d-9ee1-99377dbfaff5,infection,exact,pending_content_review,同词命中仅建立审核入口；不自动复制释义、拆词或巧记。
cet4-w-6febc0d143060941abae,infectious,listed_related,false,77687800-2789-446c-a10d-a7b0f85fdcdb,infectious,exact,pending_content_review,同词命中仅建立审核入口；不自动复制释义、拆词或巧记。
cet4-w-d95acbcd3e9802741ee1,infer,headword,true,,,none,new_content_required,无六级同词；后续查找有证据的词族关系。
cet4-w-dd27aa7cad2d352db4ce,inference,listed_related,false,,,none,new_content_required,无六级同词；后续查找有证据的词族关系。
cet4-w-a43bbe2cb975fb7da53a,inferior,headword,true,83ed320a-ee7f-4380-b102-c83a99059222,inferior,exact,pending_content_review,同词命中仅建立审核入口；不自动复制释义、拆词或巧记。
cet4-w-a2140e8abe1dcf162e05,inferiority,listed_related,false,38588b63-0de3-46e3-9db4-d5a465c598b1,inferiority,exact,pending_content_review,同词命中仅建立审核入口；不自动复制释义、拆词或巧记。
cet4-w-d85add8c2add004a321e,infinite,headword,true,164307e5-e69d-4d52-bc94-ccadf075a687,infinite,exact,pending_content_review,同词命中仅建立审核入口；不自动复制释义、拆词或巧记。
cet4-w-122aedbdedade642db88,infinitive,listed_related,false,,,none,new_content_required,无六级同词；后续查找有证据的词族关系。
cet4-w-0f797ef3604894058625,infinity,listed_related,false,,,none,new_content_required,无六级同词；后续查找有证据的词族关系。
cet4-w-9ca5fa843123d952a311,inflate,headword,false,,,none,new_content_required,无六级同词；后续查找有证据的词族关系。
cet4-w-f044774f2b1067969ef1,inflation,listed_related,false,,,none,new_content_required,无六级同词；后续查找有证据的词族关系。
cet4-w-dc23b1f1aad8406b87b4,influence,headword,true,14b2cf64-540e-48da-883e-550cc3253c36,influence,exact,pending_content_review,同词命中仅建立审核入口；不自动复制释义、拆词或巧记。
cet4-w-edfcab24df957b086f85,influential,listed_related,true,,,none,new_content_required,无六级同词；后续查找有证据的词族关系。
cet4-w-f600f6ae67aa001a8fd7,influenza,headword,false,,,none,new_content_required,无六级同词；后续查找有证据的词族关系。
cet4-w-7e4295ad05938fd97624,inform,headword,true,,,none,new_content_required,无六级同词；后续查找有证据的词族关系。
cet4-w-00d0c989a142d8727092,informant,listed_related,false,,,none,new_content_required,无六级同词；后续查找有证据的词族关系。
cet4-w-f8d6a4b2f6df6be72e57,information,listed_related,false,,,none,new_content_required,无六级同词；后续查找有证据的词族关系。
cet4-w-0abff77d4aed19b418d3,informative,listed_related,false,,,none,new_content_required,无六级同词；后续查找有证据的词族关系。
cet4-w-9c20fd39fbc3a081fc3d,infrastructure,headword,false,,,none,new_content_required,无六级同词；后续查找有证据的词族关系。
cet4-w-21c08aa1e14b1193eb44,ingredient,headword,true,6a2e8bcc-f9d8-42e0-b20e-b4b15a3592c1,ingredient,exact,pending_content_review,同词命中仅建立审核入口；不自动复制释义、拆词或巧记。
cet4-w-c3eec6d3e65db0a240ab,inhabit,headword,true,cf4779e2-c109-4f97-884f-92be6c8bc6b2,inhabit,exact,pending_content_review,同词命中仅建立审核入口；不自动复制释义、拆词或巧记。
cet4-w-fcade8682f92a048463d,inhabitant,listed_related,true,1f3d54b9-ba1d-4b50-98ce-30c0588963f5,inhabitant,exact,pending_content_review,同词命中仅建立审核入口；不自动复制释义、拆词或巧记。
cet4-w-6f26f79c62c1bcee33ea,inherit,headword,true,da94648b-de4e-46c5-aa42-3c4cba2e2b22,inherit,exact,pending_content_review,同词命中仅建立审核入口；不自动复制释义、拆词或巧记。
cet4-w-bb074bfa2e3f10801b72,inheritance,listed_related,false,198ae03f-17a4-451a-b661-c50a51f75223,inheritance,exact,pending_content_review,同词命中仅建立审核入口；不自动复制释义、拆词或巧记。
cet4-w-b4a039a0d6bc9363ed5b,initial,headword,true,7c09d6b3-8172-457c-86f7-15ea8e68fee1,initial,exact,pending_content_review,同词命中仅建立审核入口；不自动复制释义、拆词或巧记。
cet4-w-e2aa91433c94b4bffd86,initially,listed_related,false,35743948-7935-4255-a865-3de6fcd631be,initially,exact,pending_content_review,同词命中仅建立审核入口；不自动复制释义、拆词或巧记。
cet4-w-bde71fa28a73709d54e7,initiate,headword,false,6973debb-531a-4fcb-b726-cd07808519e7,initiate,exact,pending_content_review,同词命中仅建立审核入口；不自动复制释义、拆词或巧记。
cet4-w-c8475ea2ea343d9e14c2,initiation,listed_related,false,3e471ff8-d8d2-4aec-8ba0-42345e08448c,initiation,exact,pending_content_review,同词命中仅建立审核入口；不自动复制释义、拆词或巧记。
cet4-w-ae856d2f200f489b7f32,initiative,listed_related,true,1dd9ec12-13a2-473f-81a1-e18fd8bfebd0,initiative,exact,pending_content_review,同词命中仅建立审核入口；不自动复制释义、拆词或巧记。
cet4-w-acf5f15ba902cfbf1a67,injure,headword,true,,,none,new_content_required,无六级同词；后续查找有证据的词族关系。
cet4-w-e88e4438dd2abb19bcc2,injurious,listed_related,false,,,none,new_content_required,无六级同词；后续查找有证据的词族关系。
cet4-w-3bccdd3481dae134a404,injury,listed_related,true,,,none,new_content_required,无六级同词；后续查找有证据的词族关系。
cet4-w-6db1c975a148502356cd,ink,headword,true,,,none,new_content_required,无六级同词；后续查找有证据的词族关系。
cet4-w-920b90b090a012e2d63e,inland,headword,false,e1c93382-e6ba-40fd-98db-04d05d215de4,inland,exact,pending_content_review,同词命中仅建立审核入口；不自动复制释义、拆词或巧记。
cet4-w-59b89aa150be0cc7ac04,inn,headword,true,,,none,new_content_required,无六级同词；后续查找有证据的词族关系。
cet4-w-623ff3d8b47a6f966b6b,inner,headword,true,,,none,new_content_required,无六级同词；后续查找有证据的词族关系。
cet4-w-be6aecdc3df66049b863,innocence,listed_related,false,,,none,new_content_required,无六级同词；后续查找有证据的词族关系。
cet4-w-4dcf515213eb7488f64d,innocent,headword,true,,,none,new_content_required,无六级同词；后续查找有证据的词族关系。
cet4-w-7e194c86e67b741cd24c,innovate,headword,false,5fb0877f-0f53-4f82-8207-298aaeed2f34,innovate,exact,pending_content_review,同词命中仅建立审核入口；不自动复制释义、拆词或巧记。
cet4-w-f3994a47aa7631ebb7b5,innovation,listed_related,false,4c9c7221-44b8-4111-8dcb-1f4625dd8285,innovation,exact,pending_content_review,同词命中仅建立审核入口；不自动复制释义、拆词或巧记。
cet4-w-e3fe8e48d0e77912446d,innovative,listed_related,false,,,none,new_content_required,无六级同词；后续查找有证据的词族关系。
cet4-w-48b692252911a02d3a79,input,headword,true,ce96f86b-d1ab-4c72-a742-7befdcde8626,input,exact,pending_content_review,同词命中仅建立审核入口；不自动复制释义、拆词或巧记。
cet4-w-5a67f392bee8e4125f28,inquisitive,listed_related,false,,,none,new_content_required,无六级同词；后续查找有证据的词族关系。
cet4-w-3695838efe4ac566f2cf,insane,headword,false,f1290a97-5421-4f93-abb3-a46995761f76,insane,exact,pending_content_review,同词命中仅建立审核入口；不自动复制释义、拆词或巧记。
cet4-w-ff1f510b6d2ef260d1ab,insanity,listed_related,false,35643b10-e638-4202-a9ea-1716630634ed,insanity,exact,pending_content_review,同词命中仅建立审核入口；不自动复制释义、拆词或巧记。
cet4-w-5cfab18a4f4b2dddde47,insect,headword,true,c05f9f7c-5461-4c5e-99bc-2c466aae29b0,insect,exact,pending_content_review,同词命中仅建立审核入口；不自动复制释义、拆词或巧记。
cet4-w-c122c706848ec9e30dec,insert,headword,true,7db8a53e-00ba-435c-b1fa-ec97f98c62e0,insert,exact,pending_content_review,同词命中仅建立审核入口；不自动复制释义、拆词或巧记。
cet4-w-ef848b7d320c5e3fe4cf,insertion,listed_related,false,284361b9-eefb-4f42-b4be-1c2c43175739,insertion,exact,pending_content_review,同词命中仅建立审核入口；不自动复制释义、拆词或巧记。
cet4-w-91cad9977818538cf143,inside,headword,true,,,none,new_content_required,无六级同词；后续查找有证据的词族关系。
cet4-w-b380e07085e741654252,insider,listed_related,false,,,none,new_content_required,无六级同词；后续查找有证据的词族关系。
cet4-w-1c7d9fe4eea5d20b369b,insight,headword,true,df284d7a-02fb-4b7c-9a12-9d2fc6edc2ff,insight,exact,pending_content_review,同词命中仅建立审核入口；不自动复制释义、拆词或巧记。
cet4-w-807698a82849239a035b,insightful,listed_related,false,9d7aad29-f727-476a-8e38-7ce1bee6beab,insightful,exact,pending_content_review,同词命中仅建立审核入口；不自动复制释义、拆词或巧记。
cet4-w-392b49b5cbabc0a87d62,insist,headword,true,148d2165-81b2-4e1e-92ad-821ed07ad800,insist,exact,pending_content_review,同词命中仅建立审核入口；不自动复制释义、拆词或巧记。
cet4-w-9d3f762768032600333a,insistence,listed_related,false,,,none,new_content_required,无六级同词；后续查找有证据的词族关系。
cet4-w-12f9a4b7f66bba834d3d,insistent,listed_related,false,acb990fd-8bd4-4b37-a47f-9170e4f7c968,insistent,exact,pending_content_review,同词命中仅建立审核入口；不自动复制释义、拆词或巧记。
cet4-w-88452520399cf5c4e49e,inspect,headword,true,6e2d89ed-d19a-4a2c-a58a-808ddc072bc8,inspect,exact,pending_content_review,同词命中仅建立审核入口；不自动复制释义、拆词或巧记。
cet4-w-0a0d83eaf4a558f00a54,inspection,listed_related,true,e796fcba-66fd-45dd-912e-71cc802aee4a,inspection,exact,pending_content_review,同词命中仅建立审核入口；不自动复制释义、拆词或巧记。
cet4-w-6ecf32549b5df2eee4c5,inspector,listed_related,false,87d6d3d8-efb1-481d-aea8-7c1d65bdfb92,inspector,exact,pending_content_review,同词命中仅建立审核入口；不自动复制释义、拆词或巧记。
cet4-w-d5edafe880b9d69cfc8f,inspiration,listed_related,false,90ea8ce4-e9f0-42ec-ad3f-51ec00034da6,inspiration,exact,pending_content_review,同词命中仅建立审核入口；不自动复制释义、拆词或巧记。
cet4-w-7b75ef42dae643dc2671,inspirational,listed_related,false,,,none,new_content_required,无六级同词；后续查找有证据的词族关系。
cet4-w-a5ea000c7b8574b3f21f,inspire,headword,true,8f2ca0c6-169b-41de-891b-4cf92a3cd4e4,inspire,exact,pending_content_review,同词命中仅建立审核入口；不自动复制释义、拆词或巧记。
cet4-w-3d9f59ba242e4442a067,instal,headword,true,e594fc3c-a54d-4e5b-abd6-07df634acc6b,install,declared_variant,pending_content_review,同词命中仅建立审核入口；不自动复制释义、拆词或巧记。
cet4-w-feeb5d88b6eee93f99ff,instalation,listed_related,true,8e3566bd-737a-4ba6-a5e2-52a6e868e8ce,installation,declared_variant,pending_content_review,同词命中仅建立审核入口；不自动复制释义、拆词或巧记。
cet4-w-53acf45ddf81bed02137,instalment,headword,false,99de282e-5cbc-43e4-b8d3-8e8daf4a99f4,installment,declared_variant,pending_content_review,同词命中仅建立审核入口；不自动复制释义、拆词或巧记。
cet4-w-c816bbd1d1efe32ae07f,instance,headword,true,0bb1708d-4ce9-4a20-9855-252ea0e87e98,instance,exact,pending_content_review,同词命中仅建立审核入口；不自动复制释义、拆词或巧记。
cet4-w-7b17831dd79835b620b2,instant,headword,true,20af8817-5363-4ffb-83d9-f8b6f64ae5b1,instant,exact,pending_content_review,同词命中仅建立审核入口；不自动复制释义、拆词或巧记。
cet4-w-ccaddbe051b463c189cf,instantaneous,listed_related,false,3242715c-6e07-461e-ab4c-6baafdc8262b,instantaneous,exact,pending_content_review,同词命中仅建立审核入口；不自动复制释义、拆词或巧记。
cet4-w-c38dadd40517b4101d82,instead,headword,false,,,none,new_content_required,无六级同词；后续查找有证据的词族关系。
cet4-w-32324e75afe87c2d3c6a,instinct,headword,true,96f75e9b-c075-4620-83e3-8af964e3bae2,instinct,exact,pending_content_review,同词命中仅建立审核入口；不自动复制释义、拆词或巧记。
cet4-w-e2ca9d63e6f2bd3aefc0,instinctive,listed_related,false,a0ca5459-389a-4488-b627-0a2d04313707,instinctive,exact,pending_content_review,同词命中仅建立审核入口；不自动复制释义、拆词或巧记。
cet4-w-d91774d9dd54e94d6a2f,institute,headword,true,3a0471ae-c47b-4a2b-92c5-20b66df31e93,institute,exact,pending_content_review,同词命中仅建立审核入口；不自动复制释义、拆词或巧记。
cet4-w-ebc5d1acff71417012c1,institution,headword,true,62c81eeb-f3f2-40d8-936c-75edbf2fd8da,institution,exact,pending_content_review,同词命中仅建立审核入口；不自动复制释义、拆词或巧记。
cet4-w-5eeec9c25ebf85909873,institutional,listed_related,false,,,none,new_content_required,无六级同词；后续查找有证据的词族关系。
cet4-w-9895612a93f07407c028,instruct,headword,true,5ef24a55-00f0-44cc-9019-5a3b15abb641,instruct,exact,pending_content_review,同词命中仅建立审核入口；不自动复制释义、拆词或巧记。
cet4-w-a86388d08a245c301330,instruction,listed_related,true,01b9b267-a642-4c3c-bd08-31630d8133e2,instruction,exact,pending_content_review,同词命中仅建立审核入口；不自动复制释义、拆词或巧记。
cet4-w-64e73632d4a9cdb8e80e,instructive,listed_related,false,f5d311b4-eef9-4b3e-a7f8-90e65003db8f,instructive,exact,pending_content_review,同词命中仅建立审核入口；不自动复制释义、拆词或巧记。
cet4-w-21055627e2cccc870839,instructor,listed_related,false,bbc42948-5831-4abc-a1f0-bb250b51bdb4,instructor,exact,pending_content_review,同词命中仅建立审核入口；不自动复制释义、拆词或巧记。
cet4-w-ef63a62cb2ecc4796b18,instrument,headword,true,65267935-0f96-4ef2-a4ba-729da74e01b7,instrument,exact,pending_content_review,同词命中仅建立审核入口；不自动复制释义、拆词或巧记。
cet4-w-d13dc373801ec4595df1,instrumental,listed_related,false,4346c702-e625-4105-aa6f-4065587c5f76,instrumental,exact,pending_content_review,同词命中仅建立审核入口；不自动复制释义、拆词或巧记。
cet4-w-4aff5a0b143d607e1e0c,insult,headword,true,c3151d00-c962-47f6-8442-8a3371ff03c8,insult,exact,pending_content_review,同词命中仅建立审核入口；不自动复制释义、拆词或巧记。
cet4-w-be9f107add668a9bd251,insurance,listed_related,true,e716187e-c3be-4f6d-ac7b-7dc0b2d15d9e,insurance,exact,pending_content_review,同词命中仅建立审核入口；不自动复制释义、拆词或巧记。
cet4-w-478fc51525417f155e8b,insure,headword,true,cecd313e-b2cb-4a52-ae5f-718063c44d2d,insure,exact,pending_content_review,同词命中仅建立审核入口；不自动复制释义、拆词或巧记。
cet4-w-58301d4cadcc369cad5e,intact,headword,false,d801eb22-8194-4391-b3fa-ef087112ef30,intact,exact,pending_content_review,同词命中仅建立审核入口；不自动复制释义、拆词或巧记。
cet4-w-84ad9b120effed0291b8,intake,headword,false,,,none,new_content_required,无六级同词；后续查找有证据的词族关系。
cet4-w-e7bfa16594fe52b760a1,intangible,headword,false,,,none,new_content_required,无六级同词；后续查找有证据的词族关系。
cet4-w-db51c3b730f4a563ad85,integrate,headword,true,a48d01e3-ec33-41a4-a482-4775c66698f5,integrate,exact,pending_content_review,同词命中仅建立审核入口；不自动复制释义、拆词或巧记。
cet4-w-f80376668df9e28ef1b9,integration,listed_related,false,,,none,new_content_required,无六级同词；后续查找有证据的词族关系。
cet4-w-3ee1ce467dd4a8c1a1f2,integrity,headword,false,3435a29a-8321-4b09-80ea-55a3afb38658,integrity,exact,pending_content_review,同词命中仅建立审核入口；不自动复制释义、拆词或巧记。
cet4-w-ce74e7b88c5a62b35400,intellectual,headword,true,50877a8f-6884-4aed-bd08-4ae78ef57222,intellectual,exact,pending_content_review,同词命中仅建立审核入口；不自动复制释义、拆词或巧记。
cet4-w-e034f4dbd7796df42e84,intelligence,listed_related,true,e9a7bbbd-e754-4b8a-bd26-790570c34d86,intelligence,exact,pending_content_review,同词命中仅建立审核入口；不自动复制释义、拆词或巧记。
cet4-w-c5c22dfe1e36f4851e5a,intelligent,headword,true,d570f595-3c9d-473d-af9b-1e2269630b08,intelligent,exact,pending_content_review,同词命中仅建立审核入口；不自动复制释义、拆词或巧记。
cet4-w-00567ba5815d10563bcd,intend,headword,true,51d30d71-a45a-4f44-a627-3440a008e848,intend,exact,pending_content_review,同词命中仅建立审核入口；不自动复制释义、拆词或巧记。
cet4-w-07e75bf212f3331c0c06,intense,headword,true,396b3704-9923-44c3-b27b-dbd16551b665,intense,exact,pending_content_review,同词命中仅建立审核入口；不自动复制释义、拆词或巧记。
cet4-w-831f140c9ea5d818eae5,intensify,listed_related,false,6ea8d502-700f-439e-90e1-ed2dd00ebd08,intensify,exact,pending_content_review,同词命中仅建立审核入口；不自动复制释义、拆词或巧记。
cet4-w-924c2edeebe1ec5be1c9,intensity,listed_related,true,31f2f1b7-d787-47dc-b11a-377071ad1ad3,intensity,exact,pending_content_review,同词命中仅建立审核入口；不自动复制释义、拆词或巧记。
cet4-w-17b3503a299f6caa58a7,intensive,headword,true,89e39eb3-c493-4132-9a16-61c7d973dd4d,intensive,exact,pending_content_review,同词命中仅建立审核入口；不自动复制释义、拆词或巧记。
cet4-w-1dee7aad8e2a3a6c63f4,intent,listed_related,false,0b6b379b-9b72-488c-a7fd-7de80b3752ab,intent,exact,pending_content_review,同词命中仅建立审核入口；不自动复制释义、拆词或巧记。
cet4-w-1c174222165959b54ec8,intention,listed_related,true,02f196ea-3cd0-4479-84cd-832cf55c85ce,intention,exact,pending_content_review,同词命中仅建立审核入口；不自动复制释义、拆词或巧记。
cet4-w-e2f24a13b680a104882b,intentional,listed_related,true,08313c68-0df5-4b3c-83b7-8b30c9c42d4c,intentional,exact,pending_content_review,同词命中仅建立审核入口；不自动复制释义、拆词或巧记。
cet4-w-c3775da607c927aa962e,interact,headword,false,64d73420-abd0-4d5b-a0dd-99fe205c39d8,interact,exact,pending_content_review,同词命中仅建立审核入口；不自动复制释义、拆词或巧记。
cet4-w-1ca95267fd00d74d2003,interaction,listed_related,true,5729c906-cc89-4f2d-93e5-9ea08cbabca6,interaction,exact,pending_content_review,同词命中仅建立审核入口；不自动复制释义、拆词或巧记。
cet4-w-998a59532834f0fe7278,interactive,listed_related,false,,,none,new_content_required,无六级同词；后续查找有证据的词族关系。
cet4-w-01972089b99056429d22,interest,headword,true,,,none,new_content_required,无六级同词；后续查找有证据的词族关系。
cet4-w-c7965a5e8de3fecb09d5,interested,listed_related,false,,,none,new_content_required,无六级同词；后续查找有证据的词族关系。
cet4-w-4b93b769f4d056d7f5e6,interesting,listed_related,false,,,none,new_content_required,无六级同词；后续查找有证据的词族关系。
cet4-w-6cec91d913f11f832072,interfere,headword,true,cdcfa559-d428-4695-a3f0-a1cb6005a310,interfere,exact,pending_content_review,同词命中仅建立审核入口；不自动复制释义、拆词或巧记。
cet4-w-10c66187f515b1614796,interference,listed_related,true,6074eaa4-8f55-4c82-a899-823aab9e120f,interference,exact,pending_content_review,同词命中仅建立审核入口；不自动复制释义、拆词或巧记。
cet4-w-89275feed304c87725df,interior,headword,true,,,none,new_content_required,无六级同词；后续查找有证据的词族关系。
cet4-w-1ad3bbc9c0fadde43ac5,intermediary,listed_related,false,,,none,new_content_required,无六级同词；后续查找有证据的词族关系。
cet4-w-739a558f3c1e56efb5b6,intermediate,headword,true,,,none,new_content_required,无六级同词；后续查找有证据的词族关系。
cet4-w-79829ac863d304464a36,internal,headword,true,6c5b7e54-6bcf-46c4-85dc-22b87ea0b088,internal,exact,pending_content_review,同词命中仅建立审核入口；不自动复制释义、拆词或巧记。
cet4-w-d9a4e864a0080f09f575,international,headword,true,9ddf389c-7b2e-47f0-b09b-b9490d7be229,international,exact,pending_content_review,同词命中仅建立审核入口；不自动复制释义、拆词或巧记。
cet4-w-66f10265879b2a439fb2,Internet,headword,true,,,none,new_content_required,无六级同词；后续查找有证据的词族关系。
cet4-w-c9796c50e89aa0d7c986,interpret,headword,true,77aed33f-fbdd-4a5f-94cd-354b552dd7b8,interpret,exact,pending_content_review,同词命中仅建立审核入口；不自动复制释义、拆词或巧记。
cet4-w-b993a5a040a3f0de5cfb,interpretation,listed_related,true,,,none,new_content_required,无六级同词；后续查找有证据的词族关系。
cet4-w-a948a682f4795335c114,interpreter,listed_related,true,5abd27b2-b9c1-4423-aeb4-f8c938291c29,interpreter,exact,pending_content_review,同词命中仅建立审核入口；不自动复制释义、拆词或巧记。
cet4-w-4ddcce00a6c7bc07aefe,interrupt,headword,true,0e331e0a-71a5-40a3-8dcd-890632285177,interrupt,exact,pending_content_review,同词命中仅建立审核入口；不自动复制释义、拆词或巧记。
cet4-w-5a641051cc7b399ef9c7,interruption,listed_related,true,69f4a821-c401-4b7a-bb82-cd2bd2ca34ad,interruption,exact,pending_content_review,同词命中仅建立审核入口；不自动复制释义、拆词或巧记。
cet4-w-fab7e13b3f4b0077a28c,interval,headword,true,,,none,new_content_required,无六级同词；后续查找有证据的词族关系。
cet4-w-da26002ce5a3e0b95969,interview,headword,true,32ff5a0f-0ec5-4b47-b396-cd016ffc6100,interview,exact,pending_content_review,同词命中仅建立审核入口；不自动复制释义、拆词或巧记。
cet4-w-d3655fd664510c3eaefc,interviewee,listed_related,false,7fe9e896-2af6-4a64-b9f3-de4e3a3ec2f6,interviewee,exact,pending_content_review,同词命中仅建立审核入口；不自动复制释义、拆词或巧记。
cet4-w-9518e72ce95c0f89bdfd,interviewer,listed_related,false,cea2c6aa-8ed7-40c5-9e16-565cd6b34de7,interviewer,exact,pending_content_review,同词命中仅建立审核入口；不自动复制释义、拆词或巧记。
cet4-w-407eafb0c1f40db85f39,intimacy,listed_related,false,2db79fe5-3d2f-4c82-bbab-7f16b0886bde,intimacy,exact,pending_content_review,同词命中仅建立审核入口；不自动复制释义、拆词或巧记。
cet4-w-0b816580b428c5f8652b,intimate,headword,true,d223a44b-259a-41d9-9181-8caafbcb11f3,intimate,exact,pending_content_review,同词命中仅建立审核入口；不自动复制释义、拆词或巧记。
cet4-w-883557694783f76cbe01,into,headword,false,,,none,new_content_required,无六级同词；后续查找有证据的词族关系。
cet4-w-b7dc60b4776866a26256,introduce,headword,true,,,none,new_content_required,无六级同词；后续查找有证据的词族关系。
cet4-w-b39923ad3ddb40fd96b6,introduction,listed_related,true,,,none,new_content_required,无六级同词；后续查找有证据的词族关系。
cet4-w-34373b211c6d5d9ef9f2,introductory,listed_related,false,,,none,new_content_required,无六级同词；后续查找有证据的词族关系。
cet4-w-4eef4b3e5b0708c2f634,intrude,headword,false,,,none,new_content_required,无六级同词；后续查找有证据的词族关系。
cet4-w-cfffb9d9543e4b3be982,intruder,listed_related,false,,,none,new_content_required,无六级同词；后续查找有证据的词族关系。
cet4-w-2c4fa1368a8b9a9e8b38,intrusion,listed_related,false,,,none,new_content_required,无六级同词；后续查找有证据的词族关系。
cet4-w-45c36058e0e7086db8cb,invade,headword,true,,,none,new_content_required,无六级同词；后续查找有证据的词族关系。
cet4-w-8d4cf9049028fa285a43,invader,listed_related,false,,,none,new_content_required,无六级同词；后续查找有证据的词族关系。
cet4-w-3e3840d43a7884ac8350,invalid,headword,false,3ec0b335-99cb-47cb-a7d1-48d0eafe07c6,invalid,exact,pending_content_review,同词命中仅建立审核入口；不自动复制释义、拆词或巧记。
cet4-w-9c554a1727b5af8a8f4d,invaluable,headword,false,d04dfd7c-5f02-476c-9d6c-706777a56ccc,invaluable,exact,pending_content_review,同词命中仅建立审核入口；不自动复制释义、拆词或巧记。
cet4-w-49f17fb112276a0dd15f,invariably,headword,false,886ff16e-3dcc-4d15-8cfe-989972e905e3,invariably,exact,pending_content_review,同词命中仅建立审核入口；不自动复制释义、拆词或巧记。
cet4-w-a4229d89bc68a1655ae9,invasion,listed_related,true,,,none,new_content_required,无六级同词；后续查找有证据的词族关系。
cet4-w-82babfeae64167ab4668,invasive,listed_related,false,,,none,new_content_required,无六级同词；后续查找有证据的词族关系。
cet4-w-1e7e4b1c6930042337cc,invent,headword,true,d9d9e0f4-2839-42dc-9bb9-1f1556cd1d74,invent,exact,pending_content_review,同词命中仅建立审核入口；不自动复制释义、拆词或巧记。
cet4-w-a36b1bbc74b4d6616ec4,invention,listed_related,true,bc603272-7c07-4c77-aed3-e0dd917301da,invention,exact,pending_content_review,同词命中仅建立审核入口；不自动复制释义、拆词或巧记。
cet4-w-f3b7f0eb033b3476e252,inventor,listed_related,true,07b735d6-5fbd-4715-a0d2-56ac89baae0b,inventor,exact,pending_content_review,同词命中仅建立审核入口；不自动复制释义、拆词或巧记。
cet4-w-366388ea62f265ada0cb,invest,headword,true,685589a6-a8a5-4d85-a342-38c8eec29b48,invest,exact,pending_content_review,同词命中仅建立审核入口；不自动复制释义、拆词或巧记。
cet4-w-30cc007df638b84242f3,investigate,headword,true,8cade1ae-5cff-4d18-8098-10cbd506906f,investigate,exact,pending_content_review,同词命中仅建立审核入口；不自动复制释义、拆词或巧记。
cet4-w-a29450b5c17883b951ff,investigation,listed_related,true,,,none,new_content_required,无六级同词；后续查找有证据的词族关系。
cet4-w-278c8dd02dc54a89ad4f,investigator,listed_related,false,,,none,new_content_required,无六级同词；后续查找有证据的词族关系。
cet4-w-ade72e935f2732cbddc8,investment,listed_related,true,9f75bc6d-6f83-434f-ab1c-390e187369e6,investment,exact,pending_content_review,同词命中仅建立审核入口；不自动复制释义、拆词或巧记。
cet4-w-898e88d64c9f49179154,investor,listed_related,false,53ac5fd2-dcca-47ba-94e7-94deb4456df8,investor,exact,pending_content_review,同词命中仅建立审核入口；不自动复制释义、拆词或巧记。
cet4-w-64c3eb0823eab6085040,invisible,headword,true,9045e44f-c807-4f9c-b175-fcadce69fb67,invisible,exact,pending_content_review,同词命中仅建立审核入口；不自动复制释义、拆词或巧记。
cet4-w-c40acd613584f801f343,invitation,listed_related,true,,,none,new_content_required,无六级同词；后续查找有证据的词族关系。
cet4-w-b58237d1e68e89f77ab2,invite,headword,true,,,none,new_content_required,无六级同词；后续查找有证据的词族关系。
cet4-w-586ad8852b0ce897beae,inviting,listed_related,false,,,none,new_content_required,无六级同词；后续查找有证据的词族关系。
cet4-w-32a5bfcf4c6ccb7e24ba,involve,headword,true,04e2c888-2ea9-4b54-98ac-abdb9c754bff,involve,exact,pending_content_review,同词命中仅建立审核入口；不自动复制释义、拆词或巧记。
cet4-w-d8bf0b3998d0da4826dc,involved,listed_related,false,,,none,new_content_required,无六级同词；后续查找有证据的词族关系。
cet4-w-fb1a7eedff664ed0da1b,involvement,listed_related,false,,,none,new_content_required,无六级同词；后续查找有证据的词族关系。
cet4-w-7a53679e304bd134e17f,inward,headword,true,,,none,new_content_required,无六级同词；后续查找有证据的词族关系。
cet4-w-bc7cc06cfb9129dc959b,iron,headword,true,666cdf2c-fe61-4cec-b4fb-b6bc6ff96eb3,iron,exact,pending_content_review,同词命中仅建立审核入口；不自动复制释义、拆词或巧记。
cet4-w-73991d24497e2ac83fcd,ironic,listed_related,false,1e892c5f-6dc2-4597-9992-5c51e1595d58,ironic,exact,pending_content_review,同词命中仅建立审核入口；不自动复制释义、拆词或巧记。
cet4-w-8c9bf57caa5e43d628a0,ironical,listed_related,false,,,none,new_content_required,无六级同词；后续查找有证据的词族关系。
cet4-w-43fd38cea5b042d3eb9d,ironically,listed_related,false,,,none,new_content_required,无六级同词；后续查找有证据的词族关系。
cet4-w-f63e6c1830ce7a34e9db,irony,headword,false,2cec9d65-b064-4654-beaf-0f387b4e81cd,irony,exact,pending_content_review,同词命中仅建立审核入口；不自动复制释义、拆词或巧记。
cet4-w-188d47845f12d50a2a31,irrational,headword,false,,,none,new_content_required,无六级同词；后续查找有证据的词族关系。
cet4-w-6f3e6c2f79d07be79db7,irregular,headword,true,,,none,new_content_required,无六级同词；后续查找有证据的词族关系。
cet4-w-1e43e5f2db2cc7061190,irrigate,headword,false,3499f530-f2b9-442c-8d78-1abb03a1bb9e,irrigate,exact,pending_content_review,同词命中仅建立审核入口；不自动复制释义、拆词或巧记。
cet4-w-9aacc375625d162eb802,irrigation,listed_related,false,62c2bdb9-be60-452e-8e0e-4a71d369a1bd,irrigation,exact,pending_content_review,同词命中仅建立审核入口；不自动复制释义、拆词或巧记。
cet4-w-a724cdefd5feb8872404,island,headword,true,e7b12a5a-0f3f-4832-a5e6-931fcf3d5cc0,island,exact,pending_content_review,同词命中仅建立审核入口；不自动复制释义、拆词或巧记。
cet4-w-e6a8c96b82a4bcf2e828,isolate,headword,true,6f1567e4-bc67-41fd-b530-fca00104317b,isolate,exact,pending_content_review,同词命中仅建立审核入口；不自动复制释义、拆词或巧记。
cet4-w-c25a0eef34ecf2d782ee,isolation,listed_related,false,,,none,new_content_required,无六级同词；后续查找有证据的词族关系。
cet4-w-763018db6f9b1365351e,issue,headword,true,5bde7089-ec23-447e-9c99-0afd1c68a366,issue,exact,pending_content_review,同词命中仅建立审核入口；不自动复制释义、拆词或巧记。
cet4-w-24502f98d95327e20e99,it,headword,false,b53c2e40-e251-43a1-90b3-1d0a5f9f9dff,it,exact,pending_content_review,同词命中仅建立审核入口；不自动复制释义、拆词或巧记。
cet4-w-45d3825392a2e8a1f135,item,headword,true,929604ab-19e1-4e18-8060-2bdbdfdedd67,item,exact,pending_content_review,同词命中仅建立审核入口；不自动复制释义、拆词或巧记。
cet4-w-8d3c60102f50d0965895,its,headword,false,,,none,new_content_required,无六级同词；后续查找有证据的词族关系。
cet4-w-6ccbdc55860f500f058f,itself,headword,false,,,none,new_content_required,无六级同词；后续查找有证据的词族关系。
cet4-w-cb0d0714c829676f7c32,jacket,headword,true,,,none,new_content_required,无六级同词；后续查找有证据的词族关系。
cet4-w-cac4b83fd2ab0b979659,jam,headword,true,,,none,new_content_required,无六级同词；后续查找有证据的词族关系。
cet4-w-048def17b9fea3e90140,January,headword,false,,,none,new_content_required,无六级同词；后续查找有证据的词族关系。
cet4-w-faa27af4cf1432cf3893,jar,headword,true,,,none,new_content_required,无六级同词；后续查找有证据的词族关系。
cet4-w-ea09f94f347a7d26b587,jaw,headword,true,,,none,new_content_required,无六级同词；后续查找有证据的词族关系。
cet4-w-56de0bbd65e6b2e66b37,jazz,headword,true,,,none,new_content_required,无六级同词；后续查找有证据的词族关系。
cet4-w-e545d6ee4ef3c4ecc8c9,jealous,headword,true,,,none,new_content_required,无六级同词；后续查找有证据的词族关系。
cet4-w-4a9e0f59e25a14462a0b,jealousy,listed_related,false,,,none,new_content_required,无六级同词；后续查找有证据的词族关系。
cet4-w-c7f11f429f17d79107a8,jeans,headword,true,,,none,new_content_required,无六级同词；后续查找有证据的词族关系。
cet4-w-0d53c0c035dec2652379,jeep,headword,false,,,none,new_content_required,无六级同词；后续查找有证据的词族关系。
cet4-w-653206d3cff9bbde590c,jet,headword,true,,,none,new_content_required,无六级同词；后续查找有证据的词族关系。
cet4-w-cefdcf67731fe459906c,jetlag,headword,false,,,none,new_content_required,无六级同词；后续查找有证据的词族关系。
cet4-w-499a372be2886a3410ab,jewel,headword,true,7ae0e3a7-d8bc-4789-a0a3-32b47aaf52e1,jewel,exact,pending_content_review,同词命中仅建立审核入口；不自动复制释义、拆词或巧记。
cet4-w-783223a5d84f667aaa5d,jewelry,listed_related,false,80db3ecb-d80c-4d76-9934-b16072850d58,jewelry,exact,pending_content_review,同词命中仅建立审核入口；不自动复制释义、拆词或巧记。
cet4-w-a518529281f7ec72802e,job,headword,false,,,none,new_content_required,无六级同词；后续查找有证据的词族关系。
cet4-w-479dfe86458d022ef0ce,jog,headword,false,3f2b8dd3-0123-401c-9568-6f156b735ef8,jog,exact,pending_content_review,同词命中仅建立审核入口；不自动复制释义、拆词或巧记。
cet4-w-dc3f975fa79eb2c66910,join,headword,false,a0673789-6198-48e6-bd11-87022a5a8189,join,exact,pending_content_review,同词命中仅建立审核入口；不自动复制释义、拆词或巧记。
cet4-w-740c893336d5f9b38769,joint,headword,true,,,none,new_content_required,无六级同词；后续查找有证据的词族关系。
cet4-w-2e390b1f96f57f1d0770,joke,headword,true,b6617667-4769-40f1-9f63-b80a7fb30b7c,joke,exact,pending_content_review,同词命中仅建立审核入口；不自动复制释义、拆词或巧记。
cet4-w-421e27137d5914416ad8,journal,headword,true,f7085a8d-68a7-467a-bb75-63c307819a87,journal,exact,pending_content_review,同词命中仅建立审核入口；不自动复制释义、拆词或巧记。
cet4-w-376bf6b56b1b9da603bf,journalism,headword,false,2d5b5041-a57c-4214-b1ad-4a0c00dd71fc,journalism,exact,pending_content_review,同词命中仅建立审核入口；不自动复制释义、拆词或巧记。
cet4-w-2e4563e05df4905f1531,journalist,listed_related,true,f4278050-3f56-446a-bdab-97cec0e2ee4c,journalist,exact,pending_content_review,同词命中仅建立审核入口；不自动复制释义、拆词或巧记。
cet4-w-ac6775b49d9fc35d796d,journey,headword,true,380ef193-a4a2-4564-ad88-3f30c5927309,journey,exact,pending_content_review,同词命中仅建立审核入口；不自动复制释义、拆词或巧记。
cet4-w-eb2b4f970da87b2b08f3,joy,headword,true,2b8b1271-1a7c-46a1-8e34-db8489d05675,joy,exact,pending_content_review,同词命中仅建立审核入口；不自动复制释义、拆词或巧记。
cet4-w-384bdc64ebda75afe785,joyful,listed_related,true,,,none,new_content_required,无六级同词；后续查找有证据的词族关系。
cet4-w-d1f97613f11248272d1c,joyous,listed_related,false,,,none,new_content_required,无六级同词；后续查找有证据的词族关系。
cet4-w-0d6dd27e33383ada3a9c,judge,headword,true,ee979132-30b4-4a1d-aec8-b3ce2d5fcff5,judge,exact,pending_content_review,同词命中仅建立审核入口；不自动复制释义、拆词或巧记。
cet4-w-dde48ae1b927e6f585f4,judgment,listed_related,true,,,none,new_content_required,无六级同词；后续查找有证据的词族关系。
cet4-w-59e49e8e86e9b9177144,juice,headword,false,,,none,new_content_required,无六级同词；后续查找有证据的词族关系。
cet4-w-4832a48f5cd6756945a6,juicy,listed_related,false,,,none,new_content_required,无六级同词；后续查找有证据的词族关系。
cet4-w-281ad7a79cde0229ffbc,July,headword,false,,,none,new_content_required,无六级同词；后续查找有证据的词族关系。
cet4-w-5cdb888ed2fec990c628,jump,headword,false,e70466e1-3790-445b-9907-b1e543178763,jump,exact,pending_content_review,同词命中仅建立审核入口；不自动复制释义、拆词或巧记。
cet4-w-f7423d2ceb36a01257e1,June,headword,false,,,none,new_content_required,无六级同词；后续查找有证据的词族关系。
cet4-w-be72420e38940889fb12,jungle,headword,true,,,none,new_content_required,无六级同词；后续查找有证据的词族关系。
cet4-w-a15610234b6a01c283e5,junior,headword,true,e8c307e4-6181-4478-930a-1c921f90249c,junior,exact,pending_content_review,同词命中仅建立审核入口；不自动复制释义、拆词或巧记。
cet4-w-ca9fd7579414e9004937,junk,headword,false,b70a8ce8-a51b-42b9-b23c-a2e14b0ae667,junk,exact,pending_content_review,同词命中仅建立审核入口；不自动复制释义、拆词或巧记。
cet4-w-fca511bc3756ccf4a226,juror,listed_related,false,,,none,new_content_required,无六级同词；后续查找有证据的词族关系。
cet4-w-51f5607b7cc55d021476,jury,headword,true,3e95214a-aeed-460f-9487-98648d74e843,jury,exact,pending_content_review,同词命中仅建立审核入口；不自动复制释义、拆词或巧记。
cet4-w-fc4202e15031da21349b,just,headword,false,c5d0be60-aaf1-41e7-bc07-83c51e2dddf7,just,exact,pending_content_review,同词命中仅建立审核入口；不自动复制释义、拆词或巧记。
cet4-w-c2c430e818e789c2f5bf,justice,headword,true,5d25fe2d-cf02-4c3e-9c63-529388e3d27d,justice,exact,pending_content_review,同词命中仅建立审核入口；不自动复制释义、拆词或巧记。
cet4-w-639b7da199b5d86e78b3,justification,listed_related,false,1a31f49b-e517-4385-8616-ce2bd51d2844,justification,exact,pending_content_review,同词命中仅建立审核入口；不自动复制释义、拆词或巧记。
cet4-w-9f731d4fdccece20be02,justify,headword,true,bac2b77e-1302-48e8-92c4-6f83ebe1e568,justify,exact,pending_content_review,同词命中仅建立审核入口；不自动复制释义、拆词或巧记。
cet4-w-d4297f3008055e7fe5d4,keen,headword,true,487580f5-5325-4624-ba0d-22a3264f885a,keen,exact,pending_content_review,同词命中仅建立审核入口；不自动复制释义、拆词或巧记。
cet4-w-0b06c92d34b4546bd385,keep,headword,false,,,none,new_content_required,无六级同词；后续查找有证据的词族关系。
cet4-w-272edcf4b884cbf580bb,kettle,headword,true,,,none,new_content_required,无六级同词；后续查找有证据的词族关系。
cet4-w-492f8a41b2880297eb29,key,headword,false,,,none,new_content_required,无六级同词；后续查找有证据的词族关系。
cet4-w-e53546def39b41cbaa9d,keyboard,headword,true,,,none,new_content_required,无六级同词；后续查找有证据的词族关系。
cet4-w-0531fd2a2501c2f5cb5f,kick,headword,true,,,none,new_content_required,无六级同词；后续查找有证据的词族关系。
cet4-w-1dc6a117a7b8d5286d16,kid,headword,true,,,none,new_content_required,无六级同词；后续查找有证据的词族关系。
cet4-w-3c1bb6d647461c4c17a3,kill,headword,true,ba6d17e0-535e-4529-ad6f-a91c1e716ada,kill,exact,pending_content_review,同词命中仅建立审核入口；不自动复制释义、拆词或巧记。
cet4-w-0d08f9432c1c39225be8,kilo,headword,false,,,none,new_content_required,无六级同词；后续查找有证据的词族关系。
cet4-w-0bf1b15997cc9ec4231e,kilogram,headword,true,,,none,new_content_required,无六级同词；后续查找有证据的词族关系。
cet4-w-5238d4d966f8e7649f8d,kilometer,headword,true,,,none,new_content_required,无六级同词；后续查找有证据的词族关系。
cet4-w-c8e41e753757ef1db49b,kin,headword,false,,,none,new_content_required,无六级同词；后续查找有证据的词族关系。
cet4-w-8557d29be152eeaa8189,kind,headword,false,,,none,new_content_required,无六级同词；后续查找有证据的词族关系。
cet4-w-a589892b3de4f7876814,kindergarten,headword,false,,,none,new_content_required,无六级同词；后续查找有证据的词族关系。
cet4-w-c978f3ed794862456a2c,kindness,listed_related,true,eb5a1b08-f339-414c-a82d-9ec0aaf5894a,kindness,exact,pending_content_review,同词命中仅建立审核入口；不自动复制释义、拆词或巧记。
cet4-w-dd132d204d77d38f0acb,king,headword,true,,,none,new_content_required,无六级同词；后续查找有证据的词族关系。
cet4-w-d138467a1f5750bf41cc,kingdom,headword,true,,,none,new_content_required,无六级同词；后续查找有证据的词族关系。
cet4-w-7afabcce8fe30176d128,kiss,headword,true,,,none,new_content_required,无六级同词；后续查找有证据的词族关系。
cet4-w-0999caa44ccfcd2c4952,kit,headword,false,2e1844d1-769d-44c7-b6f8-37026bd655e4,kit,exact,pending_content_review,同词命中仅建立审核入口；不自动复制释义、拆词或巧记。
cet4-w-57160e8f536c89c2b660,kitchen,headword,false,,,none,new_content_required,无六级同词；后续查找有证据的词族关系。
cet4-w-d95b73a207f95bc15fd0,kite,headword,true,,,none,new_content_required,无六级同词；后续查找有证据的词族关系。
cet4-w-6c7e4554def2f151cb41,knee,headword,true,,,none,new_content_required,无六级同词；后续查找有证据的词族关系。
cet4-w-e5486e3f21acb74e7603,kneel,headword,true,,,none,new_content_required,无六级同词；后续查找有证据的词族关系。
cet4-w-84e0ff7a8e6f63584abb,knife,headword,false,,,none,new_content_required,无六级同词；后续查找有证据的词族关系。
cet4-w-3d8b389cffe54957f5ae,knit,headword,true,38803707-bd66-4524-9c0f-901ca36b4921,knit,exact,pending_content_review,同词命中仅建立审核入口；不自动复制释义、拆词或巧记。
cet4-w-200025ccae72494ce849,knock,headword,false,,,none,new_content_required,无六级同词；后续查找有证据的词族关系。
cet4-w-e17e3fb9b6711f40f896,knot,headword,true,,,none,new_content_required,无六级同词；后续查找有证据的词族关系。
cet4-w-f79a4e72641cb03de922,knotty,listed_related,false,,,none,new_content_required,无六级同词；后续查找有证据的词族关系。
cet4-w-66230c68d76518a77870,know,headword,false,c719a600-5928-4bf7-bdf6-fde64f9b3177,know,exact,pending_content_review,同词命中仅建立审核入口；不自动复制释义、拆词或巧记。
cet4-w-b39a4fb935183d565cae,knowhow,headword,false,,,none,new_content_required,无六级同词；后续查找有证据的词族关系。
cet4-w-b5a0da6800498d012f90,knowledge,listed_related,true,1f5e7611-cbd1-4bea-82a4-0c1d50e61a05,knowledge,exact,pending_content_review,同词命中仅建立审核入口；不自动复制释义、拆词或巧记。
cet4-w-c70d6d3644ab79dca87f,knowledgeable,listed_related,false,,,none,new_content_required,无六级同词；后续查找有证据的词族关系。
cet4-w-320cf6f0d9beacf7ac46,lab,headword,true,,,none,new_content_required,无六级同词；后续查找有证据的词族关系。
cet4-w-e94f5eb45b3968539530,label,headword,true,d5978bee-6237-4bd3-9c7e-752905c17c7a,label,exact,pending_content_review,同词命中仅建立审核入口；不自动复制释义、拆词或巧记。
cet4-w-d3cb0e47d53da8bdf248,labor,headword,true,3407bb2c-6089-4b45-b3f8-e7f744b85b00,labor,exact,pending_content_review,同词命中仅建立审核入口；不自动复制释义、拆词或巧记。
cet4-w-6d1a4b5a817614a166e7,laboratory,headword,true,,,none,new_content_required,无六级同词；后续查找有证据的词族关系。
cet4-w-632223254090b6d0f90d,laborious,listed_related,false,,,none,new_content_required,无六级同词；后续查找有证据的词族关系。
cet4-w-4bee7de3a24788e59791,lace,headword,true,7dcac0ec-f80d-4d7c-8edd-d22133c38a68,lace,exact,pending_content_review,同词命中仅建立审核入口；不自动复制释义、拆词或巧记。
cet4-w-751131d8ac8a9271b9ad,lack,headword,true,efcbc0a3-0302-49c5-b531-50eef3757e44,lack,exact,pending_content_review,同词命中仅建立审核入口；不自动复制释义、拆词或巧记。
cet4-w-542ff8896d3448cfee7f,ladder,headword,true,,,none,new_content_required,无六级同词；后续查找有证据的词族关系。
cet4-w-2efc0e0470ed9c74a4fb,lady,headword,true,,,none,new_content_required,无六级同词；后续查找有证据的词族关系。
cet4-w-37004bd65f5f14bd7980,lag,headword,true,,,none,new_content_required,无六级同词；后续查找有证据的词族关系。
cet4-w-4f8e0bf589a439f831b8,lake,headword,false,,,none,new_content_required,无六级同词；后续查找有证据的词族关系。
cet4-w-b7102bb01077ce9ba7b1,lamb,headword,true,,,none,new_content_required,无六级同词；后续查找有证据的词族关系。
cet4-w-21cad71852324000e801,lame,headword,true,18f3bd45-2809-4817-8623-ec89b9caf9e7,lame,exact,pending_content_review,同词命中仅建立审核入口；不自动复制释义、拆词或巧记。
cet4-w-54d79ce88f94c6fe5871,lamp,headword,true,,,none,new_content_required,无六级同词；后续查找有证据的词族关系。
cet4-w-e101a302a5ec82d21cb3,land,headword,false,ae22396a-a60b-43fd-9861-d6556061e2f7,land,exact,pending_content_review,同词命中仅建立审核入口；不自动复制释义、拆词或巧记。
cet4-w-55bf16aba7fa8123ed18,landing,listed_related,true,,,none,new_content_required,无六级同词；后续查找有证据的词族关系。
cet4-w-8cd8cbc7adfdb71c514a,landlady,headword,true,,,none,new_content_required,无六级同词；后续查找有证据的词族关系。
cet4-w-86c4e5803e6a915aef43,landlord,headword,true,,,none,new_content_required,无六级同词；后续查找有证据的词族关系。
cet4-w-1e16247a228eee94b6be,landscape,headword,false,,,none,new_content_required,无六级同词；后续查找有证据的词族关系。
cet4-w-d9cd1220e4906a2df18c,lane,headword,true,6b774fab-2207-46fc-8381-746126e38dcb,lane,exact,pending_content_review,同词命中仅建立审核入口；不自动复制释义、拆词或巧记。
cet4-w-a281d11a8c25ea859a18,language,headword,false,,,none,new_content_required,无六级同词；后续查找有证据的词族关系。
cet4-w-49eb0637392e30f5411e,lap,headword,true,4445c594-bc24-4f76-939c-1b3e6f321d62,lap,exact,pending_content_review,同词命中仅建立审核入口；不自动复制释义、拆词或巧记。
cet4-w-0561959abc24b0e0441c,laptop,headword,false,,,none,new_content_required,无六级同词；后续查找有证据的词族关系。
cet4-w-9792189a663197cff4e3,large,headword,false,6e92b4de-de4b-46c4-9509-9ddc62a8a378,large,exact,pending_content_review,同词命中仅建立审核入口；不自动复制释义、拆词或巧记。
cet4-w-0971f76b615f04d4b1a7,largely,listed_related,true,6ad039ec-16fd-466d-b162-af326cfb86f3,largely,exact,pending_content_review,同词命中仅建立审核入口；不自动复制释义、拆词或巧记。
cet4-w-c25040ffd242f0941e05,laser,headword,true,,,none,new_content_required,无六级同词；后续查找有证据的词族关系。
cet4-w-183d007d9aa727013b25,lass,headword,false,,,none,new_content_required,无六级同词；后续查找有证据的词族关系。
cet4-w-2f45b8fbf985c0f1787f,last,headword,false,,,none,new_content_required,无六级同词；后续查找有证据的词族关系。
cet4-w-6c3d2da01d3420431ba3,lastly,listed_related,false,,,none,new_content_required,无六级同词；后续查找有证据的词族关系。
cet4-w-4f1c2e5235778fd15695,late,headword,false,4e8f6e9b-619f-4fe3-95c6-8f2fd01997dc,late,exact,pending_content_review,同词命中仅建立审核入口；不自动复制释义、拆词或巧记。
cet4-w-9ece0302d8aeacfb7414,lately,headword,true,,,none,new_content_required,无六级同词；后续查找有证据的词族关系。
cet4-w-e661a46d5a1744b48f2e,later,listed_related,true,,,none,new_content_required,无六级同词；后续查找有证据的词族关系。
cet4-w-2a3244833314994495bb,latter,headword,true,e14f37aa-ac64-4b30-adb1-f782385ec36d,latter,exact,pending_content_review,同词命中仅建立审核入口；不自动复制释义、拆词或巧记。
cet4-w-68951b11b9b64fdf483c,laugh,headword,false,,,none,new_content_required,无六级同词；后续查找有证据的词族关系。
cet4-w-9eb748f6089eb2c328cf,laughter,listed_related,true,721ff2ac-61cf-46e5-bde9-6759940a8383,laughter,exact,pending_content_review,同词命中仅建立审核入口；不自动复制释义、拆词或巧记。
cet4-w-8cde0ecae22568fad5ec,launch,headword,true,,,none,new_content_required,无六级同词；后续查找有证据的词族关系。
cet4-w-39ed8637abd4256e6b7b,laundry,headword,true,,,none,new_content_required,无六级同词；后续查找有证据的词族关系。
cet4-w-c7690792bc6bc9a75e78,lavatory,headword,true,345f6bc4-3a0c-41a4-8ca1-f8ee809980ff,lavatory,exact,pending_content_review,同词命中仅建立审核入口；不自动复制释义、拆词或巧记。
cet4-w-bbdf401336ff7f20ef8b,law,headword,true,812fa545-399d-4e1a-8f1a-6c04c4cdc74e,law,exact,pending_content_review,同词命中仅建立审核入口；不自动复制释义、拆词或巧记。
cet4-w-632c0d42938eff04b401,lawful,listed_related,false,,,none,new_content_required,无六级同词；后续查找有证据的词族关系。
cet4-w-bfced1f4a05c86273ce5,lawn,headword,true,,,none,new_content_required,无六级同词；后续查找有证据的词族关系。
cet4-w-9f6d6c7a7d9370fe0401,lawyer,headword,true,,,none,new_content_required,无六级同词；后续查找有证据的词族关系。
cet4-w-0287e7f24b809f85d98d,lay,headword,true,e3fe0f7a-f0ee-4f24-a293-467f05dedda0,lay,exact,pending_content_review,同词命中仅建立审核入口；不自动复制释义、拆词或巧记。
cet4-w-1631c7cafceb7fe5b045,layer,headword,true,0c8b9716-e52d-4e58-aea9-9ece917d2471,layer,exact,pending_content_review,同词命中仅建立审核入口；不自动复制释义、拆词或巧记。
cet4-w-aee7d2e83ba69c400bdd,layoff,headword,false,,,none,new_content_required,无六级同词；后续查找有证据的词族关系。
cet4-w-bcbf7dcf8a7366ba97f3,layout,headword,true,,,none,new_content_required,无六级同词；后续查找有证据的词族关系。
cet4-w-de0caa14407646bf4950,laziness,listed_related,false,,,none,new_content_required,无六级同词；后续查找有证据的词族关系。
cet4-w-c02eb929938a82b6316f,lazy,headword,true,,,none,new_content_required,无六级同词；后续查找有证据的词族关系。
cet4-w-21d0a8e59285a5242568,lead,headword,true,7a7dd85b-64fd-49b5-ba3e-a6fa90c316b5,lead,exact,pending_content_review,同词命中仅建立审核入口；不自动复制释义、拆词或巧记。
cet4-w-56d32fddecfefbe065b4,leader,listed_related,true,,,none,new_content_required,无六级同词；后续查找有证据的词族关系。
cet4-w-91d2194035318609dc8c,leadership,listed_related,true,,,none,new_content_required,无六级同词；后续查找有证据的词族关系。
cet4-w-366f95811fa9e85bcc9a,leading,listed_related,true,,,none,new_content_required,无六级同词；后续查找有证据的词族关系。
cet4-w-be6b3a05c2a8e4ae833e,leaf,headword,true,297fc7ed-c548-49a4-86ff-250087a7fa66,leaf,exact,pending_content_review,同词命中仅建立审核入口；不自动复制释义、拆词或巧记。
cet4-w-0399f8ed08a870c12ff1,league,headword,false,,,none,new_content_required,无六级同词；后续查找有证据的词族关系。
cet4-w-c07ebdf4e16b60f4dfff,leak,headword,true,,,none,new_content_required,无六级同词；后续查找有证据的词族关系。
cet4-w-30ef1019a47d706288f5,lean,headword,true,,,none,new_content_required,无六级同词；后续查找有证据的词族关系。
cet4-w-ed9bb13663d44d455cf8,leap,headword,true,34d200ec-c2e2-4cab-9a4f-9d628d48bc27,leap,exact,pending_content_review,同词命中仅建立审核入口；不自动复制释义、拆词或巧记。
cet4-w-312a24873bbaa213abfa,learn,headword,false,,,none,new_content_required,无六级同词；后续查找有证据的词族关系。
cet4-w-35246d78d4aaac3c248b,learned,listed_related,true,,,none,new_content_required,无六级同词；后续查找有证据的词族关系。
cet4-w-aec8dfd87e9c54fffe1e,learner,listed_related,false,,,none,new_content_required,无六级同词；后续查找有证据的词族关系。
cet4-w-a3c527992464b0a5a2a0,learning,listed_related,true,,,none,new_content_required,无六级同词；后续查找有证据的词族关系。
cet4-w-207f71cc7d5dc6947e46,lease,headword,false,7406a81c-7225-4a8c-acbb-68b4ec0b5400,lease,exact,pending_content_review,同词命中仅建立审核入口；不自动复制释义、拆词或巧记。
cet4-w-a3b4f15cd5bdd8bdd263,least,headword,true,,,none,new_content_required,无六级同词；后续查找有证据的词族关系。
cet4-w-8626e3a8f0cac9c9b250,leather,headword,true,5df6915e-e1de-4a0c-bf5a-d66c28f71e28,leather,exact,pending_content_review,同词命中仅建立审核入口；不自动复制释义、拆词或巧记。
cet4-w-d8bb29b437fc7ea56e17,leave,headword,false,55507e09-2df1-4e9e-a215-364f6cc4088d,leave,exact,pending_content_review,同词命中仅建立审核入口；不自动复制释义、拆词或巧记。
cet4-w-7ce5226a5bafca5462e8,lecture,headword,true,7a014ba6-d468-4a1e-8e73-f45d493c0c24,lecture,exact,pending_content_review,同词命中仅建立审核入口；不自动复制释义、拆词或巧记。
cet4-w-43aa9de489a1cbe8335d,lecturer,listed_related,false,,,none,new_content_required,无六级同词；后续查找有证据的词族关系。
cet4-w-099c2b502dfe15f90e44,left,headword,false,,,none,new_content_required,无六级同词；后续查找有证据的词族关系。
cet4-w-156bc10c22f217bf7775,leftist,listed_related,false,,,none,new_content_required,无六级同词；后续查找有证据的词族关系。
cet4-w-7d331a811ff05ac47836,leg,headword,false,f92139d7-f0ff-4112-8a18-cd2ae9a68f55,leg,exact,pending_content_review,同词命中仅建立审核入口；不自动复制释义、拆词或巧记。
cet4-w-ee1fb32fd1af1b24d1c4,legal,headword,true,c76e8d85-8bee-434e-981b-7f7158971b62,legal,exact,pending_content_review,同词命中仅建立审核入口；不自动复制释义、拆词或巧记。
cet4-w-716c66a4b71e4d4409be,legalize,listed_related,false,121cf01b-6621-451f-9089-bcb101beec29,legalize,exact,pending_content_review,同词命中仅建立审核入口；不自动复制释义、拆词或巧记。
cet4-w-b31af463c0078042a58c,legend,headword,true,8435b693-f5fa-4b0c-b158-cd06fd69e4ec,legend,exact,pending_content_review,同词命中仅建立审核入口；不自动复制释义、拆词或巧记。
cet4-w-64d6cf6d233a40bace8b,legendary,listed_related,false,,,none,new_content_required,无六级同词；后续查找有证据的词族关系。
cet4-w-d766c386870c7ea9ee17,legislate,headword,false,,,none,new_content_required,无六级同词；后续查找有证据的词族关系。
cet4-w-65256a4bac007ed401a6,legislation,listed_related,true,9c708563-e7a9-437b-8725-6d476347c53e,legislation,exact,pending_content_review,同词命中仅建立审核入口；不自动复制释义、拆词或巧记。
cet4-w-b3a8cb6db5cb3bd06772,legislative,listed_related,false,,,none,new_content_required,无六级同词；后续查找有证据的词族关系。
cet4-w-2d575fc21cef991e5981,legislator,listed_related,false,,,none,new_content_required,无六级同词；后续查找有证据的词族关系。
cet4-w-3c5a33ee0bc74d6d7711,leisure,headword,true,5f21dc9b-da01-4e02-bd0e-34648c3ea32f,leisure,exact,pending_content_review,同词命中仅建立审核入口；不自动复制释义、拆词或巧记。
cet4-w-2f6abd6e96f661c8e020,leisurely,listed_related,false,b756b715-4946-4c1d-8e18-7a2eab619d1e,leisurely,exact,pending_content_review,同词命中仅建立审核入口；不自动复制释义、拆词或巧记。
cet4-w-b3862552ccb8837351ac,lemon,headword,true,4f483a39-8bec-4157-b96d-7521f3644c53,lemon,exact,pending_content_review,同词命中仅建立审核入口；不自动复制释义、拆词或巧记。
cet4-w-5ddc43a3cc5e6437e6de,lemonade,listed_related,false,119b3ff0-0059-46f9-839e-28683ec5b9e5,lemonade,exact,pending_content_review,同词命中仅建立审核入口；不自动复制释义、拆词或巧记。
cet4-w-b157425a327a5178afbc,lend,headword,false,18bc2d52-56e1-4c44-b982-4be41308734d,lend,exact,pending_content_review,同词命中仅建立审核入口；不自动复制释义、拆词或巧记。
cet4-w-322f63e067d441b96bcc,length,listed_related,true,,,none,new_content_required,无六级同词；后续查找有证据的词族关系。
cet4-w-fbbda38b0240162d089d,lengthy,listed_related,false,,,none,new_content_required,无六级同词；后续查找有证据的词族关系。
cet4-w-7dc9267bcc4b490452fd,lens,headword,true,14adf84f-6ea6-4353-bd38-5ba2cf2c729c,lens,exact,pending_content_review,同词命中仅建立审核入口；不自动复制释义、拆词或巧记。
cet4-w-66f83f433b117ca1a689,less,headword,true,,,none,new_content_required,无六级同词；后续查找有证据的词族关系。
cet4-w-a2b0e88004d8ddf96905,lesson,headword,false,,,none,new_content_required,无六级同词；后续查找有证据的词族关系。
cet4-w-397ecf92bdd16c4a79a4,lest,headword,true,,,none,new_content_required,无六级同词；后续查找有证据的词族关系。
cet4-w-c2a30731777416a69854,let,headword,false,,,none,new_content_required,无六级同词；后续查找有证据的词族关系。
cet4-w-f4fa19c1f6bf26940fd1,letter,headword,false,,,none,new_content_required,无六级同词；后续查找有证据的词族关系。
cet4-w-f8a9aecaeda029e1e79a,level,headword,true,54947c83-ec2b-490d-9bbf-04ee2710df17,level,exact,pending_content_review,同词命中仅建立审核入口；不自动复制释义、拆词或巧记。
cet4-w-d1f7ec74d5f0c8a4ebd8,liability,listed_related,false,ea658f31-c8d5-4c7d-b6ae-68e5cf93fcb1,liability,exact,pending_content_review,同词命中仅建立审核入口；不自动复制释义、拆词或巧记。
cet4-w-37d475e23eba56f2a9d1,liable,headword,true,b0779866-653d-4861-ba34-4ed702d0ae75,liable,exact,pending_content_review,同词命中仅建立审核入口；不自动复制释义、拆词或巧记。
cet4-w-c901718c5d25debbca06,liar,listed_related,true,,,none,new_content_required,无六级同词；后续查找有证据的词族关系。
cet4-w-a3206edd409355a0ee76,liberal,headword,true,b5a36f71-ffb9-475d-83d2-73b8e3477e89,liberal,exact,pending_content_review,同词命中仅建立审核入口；不自动复制释义、拆词或巧记。
cet4-w-4c5288758b4b96c1d04d,liberate,headword,true,,,none,new_content_required,无六级同词；后续查找有证据的词族关系。
cet4-w-9fe86ce9c48bd7b131a0,liberation,listed_related,true,,,none,new_content_required,无六级同词；后续查找有证据的词族关系。
cet4-w-6279841a52ceb94f2c55,liberty,headword,true,ed1013cd-ffc9-46ed-857b-674e82e9637b,liberty,exact,pending_content_review,同词命中仅建立审核入口；不自动复制释义、拆词或巧记。
cet4-w-717c2138528ff81383f7,librarian,listed_related,true,c8cd73f1-b2c0-4bf4-ad12-fdf579b3a8c8,librarian,exact,pending_content_review,同词命中仅建立审核入口；不自动复制释义、拆词或巧记。
cet4-w-613f80b3dffd9108fff2,library,headword,false,35e998ac-8002-4212-84f2-16873d65b773,library,exact,pending_content_review,同词命中仅建立审核入口；不自动复制释义、拆词或巧记。
cet4-w-8574d36b0509c2e5148f,license,headword,true,,,none,new_content_required,无六级同词；后续查找有证据的词族关系。
cet4-w-edd000def3bd58bd6c11,lick,headword,true,,,none,new_content_required,无六级同词；后续查找有证据的词族关系。
cet4-w-f4dc1c87820879cf7aee,lid,headword,true,,,none,new_content_required,无六级同词；后续查找有证据的词族关系。
cet4-w-e4047d04a0d729f9bdaf,lie,headword,false,a89fce0d-8493-4cf5-8fa1-fe5ff19c541e,lie,exact,pending_content_review,同词命中仅建立审核入口；不自动复制释义、拆词或巧记。
cet4-w-0533c47c40ae485b8f0d,life,headword,false,a347cf72-e1a9-43a4-b5e7-9e829835dde4,life,exact,pending_content_review,同词命中仅建立审核入口；不自动复制释义、拆词或巧记。
cet4-w-601dbbda45a63600b3a3,lift,headword,true,,,none,new_content_required,无六级同词；后续查找有证据的词族关系。
cet4-w-94b6ff62e47f6e805197,light,headword,false,b02050ef-f305-4cda-aefd-21358408d11b,light,exact,pending_content_review,同词命中仅建立审核入口；不自动复制释义、拆词或巧记。
cet4-w-e946b1890e1037dbfab4,lighting,listed_related,false,,,none,new_content_required,无六级同词；后续查找有证据的词族关系。
cet4-w-3e0517a3772419774dae,lightning,headword,true,,,none,new_content_required,无六级同词；后续查找有证据的词族关系。
cet4-w-7036e4a1898ab194d2bb,like,headword,false,,,none,new_content_required,无六级同词；后续查找有证据的词族关系。
cet4-w-7de78f98e1505eb0534e,likelihood,listed_related,true,367bae1b-7ca4-49a5-89fe-2fbc1b0bd2d9,likelihood,exact,pending_content_review,同词命中仅建立审核入口；不自动复制释义、拆词或巧记。
cet4-w-e360f9e98ebe2e7ea7b3,likely,listed_related,true,,,none,new_content_required,无六级同词；后续查找有证据的词族关系。
cet4-w-8db42bc524ca7df03616,likewise,headword,true,,,none,new_content_required,无六级同词；后续查找有证据的词族关系。
cet4-w-a8aef363e57ac8739637,lily,headword,false,,,none,new_content_required,无六级同词；后续查找有证据的词族关系。
cet4-w-857b0ca4b193e7399770,limb,headword,true,26ad8762-ae26-4290-9e12-cbd8843e7208,limb,exact,pending_content_review,同词命中仅建立审核入口；不自动复制释义、拆词或巧记。
cet4-w-cfe08811373e7aa527be,limit,headword,true,93cca6b4-ff24-454f-819b-a12c75c71be4,limit,exact,pending_content_review,同词命中仅建立审核入口；不自动复制释义、拆词或巧记。
cet4-w-efd13d8414df09e20af4,limitation,listed_related,true,daade570-ba9e-48ed-bc16-2694b19e2e49,limitation,exact,pending_content_review,同词命中仅建立审核入口；不自动复制释义、拆词或巧记。
cet4-w-0312f9f2afc8eb5f7025,limited,listed_related,true,e66e927c-487f-46f6-810d-0419c3bbffb6,limited,exact,pending_content_review,同词命中仅建立审核入口；不自动复制释义、拆词或巧记。
cet4-w-6e1b3be60836834a0d11,line,headword,true,04c3191a-6520-41f3-b8cc-32c582038e9f,line,exact,pending_content_review,同词命中仅建立审核入口；不自动复制释义、拆词或巧记。
cet4-w-62dbc0f58a00647bffd4,linear,listed_related,false,4d0c10d0-bbcb-46fd-a718-383e8953cf4d,linear,exact,pending_content_review,同词命中仅建立审核入口；不自动复制释义、拆词或巧记。
cet4-w-aef282e97b796e1b5dd3,link,headword,true,0b975e70-b86e-43ee-84b1-1cbbbeb24622,link,exact,pending_content_review,同词命中仅建立审核入口；不自动复制释义、拆词或巧记。
cet4-w-2f1e3a9592c6531de577,linkage,listed_related,false,46b76fae-a606-49b0-aa84-f7f3df28adf2,linkage,exact,pending_content_review,同词命中仅建立审核入口；不自动复制释义、拆词或巧记。
cet4-w-6bed76d99fd44a144bee,lion,headword,true,,,none,new_content_required,无六级同词；后续查找有证据的词族关系。
cet4-w-c3108cae0ae182f90428,lioness,listed_related,false,,,none,new_content_required,无六级同词；后续查找有证据的词族关系。
cet4-w-5d02db79b7f01b04b38e,lip,headword,true,216259f7-5140-4c0d-976a-639915bc978b,lip,exact,pending_content_review,同词命中仅建立审核入口；不自动复制释义、拆词或巧记。
cet4-w-ade06892ddd24735058e,liquid,headword,true,,,none,new_content_required,无六级同词；后续查找有证据的词族关系。
cet4-w-e36a054c93b1ec0d367b,liquor,headword,true,,,none,new_content_required,无六级同词；后续查找有证据的词族关系。
cet4-w-71347878c53e309e51a0,list,headword,true,25b92825-d865-4ad2-9e9c-6138ad480e0a,list,exact,pending_content_review,同词命中仅建立审核入口；不自动复制释义、拆词或巧记。
cet4-w-02144c27d7038f688e2b,listen,headword,false,,,none,new_content_required,无六级同词；后续查找有证据的词族关系。
cet4-w-26aeb4f0869dbb39dc9e,listener,listed_related,true,,,none,new_content_required,无六级同词；后续查找有证据的词族关系。
cet4-w-a797c6fe60b9b5abd35a,liter,headword,true,73ae9796-2bed-4b59-8b06-867d62dfc80e,liter,exact,pending_content_review,同词命中仅建立审核入口；不自动复制释义、拆词或巧记。
cet4-w-d97bf93a3dda01d7d351,literacy,listed_related,false,3bd04dda-4b22-44b5-9391-4a68505d450a,literacy,exact,pending_content_review,同词命中仅建立审核入口；不自动复制释义、拆词或巧记。
cet4-w-7b2c9caad5c937423b50,literal,headword,false,19fffe2c-3f18-4d3e-84d4-1848d7f863c8,literal,exact,pending_content_review,同词命中仅建立审核入口；不自动复制释义、拆词或巧记。
cet4-w-0681d294a31a9017c5c7,literally,listed_related,false,,,none,new_content_required,无六级同词；后续查找有证据的词族关系。
cet4-w-869160b6af4bb63b2c3e,literary,headword,true,ef4bf819-bd13-4487-bf15-7e678682624a,literary,exact,pending_content_review,同词命中仅建立审核入口；不自动复制释义、拆词或巧记。
cet4-w-e9a7891aa5f1f8952439,literate,listed_related,false,5e32710b-22bd-470b-ac6c-61bc09da6b83,literate,exact,pending_content_review,同词命中仅建立审核入口；不自动复制释义、拆词或巧记。
cet4-w-6319544373f81638084b,literature,listed_related,true,66f3309e-b4e8-4fb6-9dca-705761797c81,literature,exact,pending_content_review,同词命中仅建立审核入口；不自动复制释义、拆词或巧记。
cet4-w-6c2409beff88e13c0cbf,litter,headword,false,db29435d-454c-4f71-8548-c36b365f4106,litter,exact,pending_content_review,同词命中仅建立审核入口；不自动复制释义、拆词或巧记。
cet4-w-87ad3637ec8f453a44e6,little,headword,false,,,none,new_content_required,无六级同词；后续查找有证据的词族关系。
cet4-w-cc232b788ec767c2b38b,live,headword,false,ca0057a5-e962-4226-ba53-40589cae8dc0,live,exact,pending_content_review,同词命中仅建立审核入口；不自动复制释义、拆词或巧记。
cet4-w-571e2304b9559b7bd1c7,livelihood,headword,false,,,none,new_content_required,无六级同词；后续查找有证据的词族关系。
cet4-w-546a5f6f752ee6367a22,lively,headword,true,,,none,new_content_required,无六级同词；后续查找有证据的词族关系。
cet4-w-f9235532f22b94813e0e,liver,headword,true,,,none,new_content_required,无六级同词；后续查找有证据的词族关系。
cet4-w-fedc8659e09758a3b1ff,living,listed_related,true,,,none,new_content_required,无六级同词；后续查找有证据的词族关系。
cet4-w-6a06a6b86ff12cf30127,living-room,headword,true,,,none,new_content_required,无六级同词；后续查找有证据的词族关系。
cet4-w-aee7a96fd58d562bc49a,load,headword,true,,,none,new_content_required,无六级同词；后续查找有证据的词族关系。
cet4-w-792c4b3e5db8223d8ed3,loaf,headword,true,,,none,new_content_required,无六级同词；后续查找有证据的词族关系。
cet4-w-c5f90da5720177cfc37f,loan,headword,true,,,none,new_content_required,无六级同词；后续查找有证据的词族关系。
cet4-w-5a8c1b42837ffb494762,lobby,headword,false,b398d43c-4e2a-4106-aeae-4dba49f18d1d,lobby,exact,pending_content_review,同词命中仅建立审核入口；不自动复制释义、拆词或巧记。
cet4-w-2f347db7bc0da4c4c40f,lobbyist,listed_related,false,bdfb24e3-4368-4f6d-b940-a56acf8d99b2,lobbyist,exact,pending_content_review,同词命中仅建立审核入口；不自动复制释义、拆词或巧记。
cet4-w-4bccdc4209c4c5ed460e,local,headword,true,52e57afe-8dcc-46d0-a31f-a7a10a41b9d4,local,exact,pending_content_review,同词命中仅建立审核入口；不自动复制释义、拆词或巧记。
cet4-w-7f33c7011fff1a42784d,locality,listed_related,false,21a25bc6-4352-4126-a305-c3a618d6be08,locality,exact,pending_content_review,同词命中仅建立审核入口；不自动复制释义、拆词或巧记。
cet4-w-8fe2cdee80ba1b0ef62c,locate,headword,true,01678d1e-cad6-4f77-8d51-3555e693184a,locate,exact,pending_content_review,同词命中仅建立审核入口；不自动复制释义、拆词或巧记。
cet4-w-aef22dfedef8f581c271,location,listed_related,true,33f7ee93-c880-4a0c-8e8b-a2c646002cb8,location,exact,pending_content_review,同词命中仅建立审核入口；不自动复制释义、拆词或巧记。
cet4-w-871662eb4e212d8e08a8,lock,headword,true,00d20b44-58b0-4aff-8111-a0fd411a7d26,lock,exact,pending_content_review,同词命中仅建立审核入口；不自动复制释义、拆词或巧记。
cet4-w-d933fcdee5431a1885a2,locker,listed_related,false,,,none,new_content_required,无六级同词；后续查找有证据的词族关系。
cet4-w-351aa68a0c44546698bc,lodge,headword,true,1edc3fbf-696d-4947-935c-c563d14930f3,lodge,exact,pending_content_review,同词命中仅建立审核入口；不自动复制释义、拆词或巧记。
cet4-w-3aa6f265dc543e463697,lodging,listed_related,false,d664033f-5fc5-435f-b981-24dab6e6ec23,lodging,exact,pending_content_review,同词命中仅建立审核入口；不自动复制释义、拆词或巧记。
cet4-w-623d7e0d27531fed08f2,log,headword,true,86986ba8-4ac0-424a-839b-bee93f2cf357,log,exact,pending_content_review,同词命中仅建立审核入口；不自动复制释义、拆词或巧记。
cet4-w-3ee656807acd169c04aa,logic,headword,true,1ba8c692-d5ad-4fec-b33a-26df3e14572d,logic,exact,pending_content_review,同词命中仅建立审核入口；不自动复制释义、拆词或巧记。
cet4-w-a9de2611a19be525d74d,logical,listed_related,true,307dbed4-495c-481a-b679-bb4ab2ba9ee0,logical,exact,pending_content_review,同词命中仅建立审核入口；不自动复制释义、拆词或巧记。
cet4-w-6361feb83cd6b48c7f0d,logo,headword,false,,,none,new_content_required,无六级同词；后续查找有证据的词族关系。
cet4-w-a4d19a733ded7f0c6406,loneliness,listed_related,false,,,none,new_content_required,无六级同词；后续查找有证据的词族关系。
cet4-w-620c838028bfc34d44e5,lonely,headword,true,,,none,new_content_required,无六级同词；后续查找有证据的词族关系。
cet4-w-4dabed8adb49510992bd,long,headword,false,46dfd8f8-98ef-42a8-95e9-5793efa28d03,long,exact,pending_content_review,同词命中仅建立审核入口；不自动复制释义、拆词或巧记。
cet4-w-82a1664c4af5a87b9ac3,look,headword,false,,,none,new_content_required,无六级同词；后续查找有证据的词族关系。
cet4-w-0e1e60dfc2149166b4ad,loophole,headword,false,,,none,new_content_required,无六级同词；后续查找有证据的词族关系。
cet4-w-bbc087ce9b9e4e9bdb5d,loose,headword,true,,,none,new_content_required,无六级同词；后续查找有证据的词族关系。
cet4-w-a853b88b0c775aa4e4b3,loosen,listed_related,true,,,none,new_content_required,无六级同词；后续查找有证据的词族关系。
cet4-w-22de045e2f753ae8b03b,lord,headword,true,,,none,new_content_required,无六级同词；后续查找有证据的词族关系。
cet4-w-b9f2ae44db291e77517e,lorry,headword,true,,,none,new_content_required,无六级同词；后续查找有证据的词族关系。
cet4-w-ce6211d16cb3c480c55c,lose,headword,true,3e56f0e6-d61b-4159-9156-f08b29607c9d,lose,exact,pending_content_review,同词命中仅建立审核入口；不自动复制释义、拆词或巧记。
cet4-w-14980ebc37e9f3423862,loss,listed_related,true,97f26558-42d1-4561-8aba-3f9620b958d3,loss,exact,pending_content_review,同词命中仅建立审核入口；不自动复制释义、拆词或巧记。
cet4-w-6e9c102acf6f18b5bdaa,lot,headword,false,15757ab1-a81b-4bfd-a79c-75eade2d3106,lot,exact,pending_content_review,同词命中仅建立审核入口；不自动复制释义、拆词或巧记。
cet4-w-f1ba1304656d090e9d2f,loud,headword,true,507621f5-b831-477c-a5f7-619886c8ec5a,loud,exact,pending_content_review,同词命中仅建立审核入口；不自动复制释义、拆词或巧记。
cet4-w-153452808cb45d6a73fa,loudly,listed_related,false,576bf8b4-0b6d-455d-8a65-134d321b0efb,loudly,exact,pending_content_review,同词命中仅建立审核入口；不自动复制释义、拆词或巧记。
cet4-w-13eddc333b60b35cfb14,love,headword,false,876a97fd-5a0f-4ee2-bf57-1444f32daec5,love,exact,pending_content_review,同词命中仅建立审核入口；不自动复制释义、拆词或巧记。
cet4-w-79e8cbbc19c0a8e5fb50,lovely,listed_related,false,,,none,new_content_required,无六级同词；后续查找有证据的词族关系。
cet4-w-ffa07ac6637e130ff29c,lover,listed_related,true,,,none,new_content_required,无六级同词；后续查找有证据的词族关系。
cet4-w-2ebfc07ff715b09913f7,low,headword,false,b82adcc3-5c4a-4220-b591-43c4089fb2ff,low,exact,pending_content_review,同词命中仅建立审核入口；不自动复制释义、拆词或巧记。
cet4-w-cf6fab02898bc07fd3c8,lower,listed_related,true,,,none,new_content_required,无六级同词；后续查找有证据的词族关系。
cet4-w-ef2ea506f80689c95ca5,loyal,headword,true,1e92a12c-2f06-41e5-bf46-8a228277fd5f,loyal,exact,pending_content_review,同词命中仅建立审核入口；不自动复制释义、拆词或巧记。
cet4-w-933a585f1ab5b800f4fb,loyalty,listed_related,true,a1f1a719-6c58-4ae5-ac27-9c6dceee1d01,loyalty,exact,pending_content_review,同词命中仅建立审核入口；不自动复制释义、拆词或巧记。
cet4-w-00156789289d3ce29951,luck,headword,true,b99a2573-f3d6-4abc-bb12-b8a2acf962fc,luck,exact,pending_content_review,同词命中仅建立审核入口；不自动复制释义、拆词或巧记。
cet4-w-3f997b94a200ee13d1f5,lucky,listed_related,true,,,none,new_content_required,无六级同词；后续查找有证据的词族关系。
cet4-w-76e484bbc0f001e1bbc6,luggage,headword,true,37994738-d05b-4c1d-a723-055f61b2ad24,luggage,exact,pending_content_review,同词命中仅建立审核入口；不自动复制释义、拆词或巧记。
cet4-w-7ad9feef06c35b2a167e,lump,headword,true,,,none,new_content_required,无六级同词；后续查找有证据的词族关系。
cet4-w-014fdadf251bbefd8309,lunar,headword,true,23ee31b8-d22b-43b5-95c6-b2ab520e8367,lunar,exact,pending_content_review,同词命中仅建立审核入口；不自动复制释义、拆词或巧记。
cet4-w-a379f71baedfd11b4e07,lunch,headword,false,246c2ac2-b844-4882-8dfb-b3a9c2ae1d07,lunch,exact,pending_content_review,同词命中仅建立审核入口；不自动复制释义、拆词或巧记。
cet4-w-efc4b7d17ea93bf71dfd,luncheon,listed_related,false,,,none,new_content_required,无六级同词；后续查找有证据的词族关系。
cet4-w-b8ba7913b74e1a599cbb,lung,headword,true,,,none,new_content_required,无六级同词；后续查找有证据的词族关系。
cet4-w-08a93a648c000fe724e0,luxurious,listed_related,false,95137184-7da5-4dc2-9353-68c61f6b3ac8,luxurious,exact,pending_content_review,同词命中仅建立审核入口；不自动复制释义、拆词或巧记。
cet4-w-592793ac059aa704300a,luxury,headword,true,961ebc02-e8c0-49eb-b8fa-b42b91f432d5,luxury,exact,pending_content_review,同词命中仅建立审核入口；不自动复制释义、拆词或巧记。
cet4-w-e239ab994128d11d1fdd,machine,headword,false,841284ac-2f5a-4b18-8033-36a81df4f2d9,machine,exact,pending_content_review,同词命中仅建立审核入口；不自动复制释义、拆词或巧记。
cet4-w-ae41ea977cf6aad7ab03,machinery,listed_related,false,fc373a80-bb6b-4b3e-9bf0-98949b4ce942,machinery,exact,pending_content_review,同词命中仅建立审核入口；不自动复制释义、拆词或巧记。
cet4-w-935293f05de02c57d46a,mad,headword,true,,,none,new_content_required,无六级同词；后续查找有证据的词族关系。
cet4-w-e845281567344b972491,madam,headword,true,,,none,new_content_required,无六级同词；后续查找有证据的词族关系。
cet4-w-dd8a7865d52f80681509,madden,listed_related,false,,,none,new_content_required,无六级同词；后续查找有证据的词族关系。
cet4-w-8da2dc15f21fb80215d3,magazine,headword,true,,,none,new_content_required,无六级同词；后续查找有证据的词族关系。
cet4-w-02f5a4205c2d41fed9ac,magic,headword,true,9967897e-a050-41ec-8368-2d8c0fe6038b,magic,exact,pending_content_review,同词命中仅建立审核入口；不自动复制释义、拆词或巧记。
cet4-w-dcf3802d2bce2e9a436d,magical,listed_related,false,f76caaf7-dec6-49c1-8f3d-f4362c7f8aec,magical,exact,pending_content_review,同词命中仅建立审核入口；不自动复制释义、拆词或巧记。
cet4-w-1ab3d2c92069bc7dcf0b,magnet,headword,true,61354096-1f02-4e52-a466-1abfb504cdbb,magnet,exact,pending_content_review,同词命中仅建立审核入口；不自动复制释义、拆词或巧记。
cet4-w-0236a02d5cbdcbabccc2,magnetic,listed_related,true,e42870ed-dfc5-4042-887f-f3a1f137f9a4,magnetic,exact,pending_content_review,同词命中仅建立审核入口；不自动复制释义、拆词或巧记。
cet4-w-da720c6c65f8168c499b,magnificence,listed_related,false,826c411e-1542-4d65-bea8-7500ca3cb88b,magnificence,exact,pending_content_review,同词命中仅建立审核入口；不自动复制释义、拆词或巧记。
cet4-w-b485b13327ffde0f1f77,magnificent,headword,true,868e1286-755a-47d8-98a7-b03bb1c2aeb3,magnificent,exact,pending_content_review,同词命中仅建立审核入口；不自动复制释义、拆词或巧记。
cet4-w-0cf82ac918d4f8087e39,maid,headword,true,,,none,new_content_required,无六级同词；后续查找有证据的词族关系。
cet4-w-b92e49855c5cd8a30d65,maiden,headword,false,,,none,new_content_required,无六级同词；后续查找有证据的词族关系。
cet4-w-51fc24d12808eb71528f,mail,headword,false,07c423f3-879e-490d-aecd-2fa5b0808f2d,mail,exact,pending_content_review,同词命中仅建立审核入口；不自动复制释义、拆词或巧记。
cet4-w-04e015411b96c94b11bf,main,headword,true,6799d17e-fb26-46fe-a222-acd8b3d5c8b8,main,exact,pending_content_review,同词命中仅建立审核入口；不自动复制释义、拆词或巧记。
cet4-w-d85a73b8871d360a0f78,mainland,headword,true,,,none,new_content_required,无六级同词；后续查找有证据的词族关系。
cet4-w-8ca2b771a70b4db4bfdf,mainstream,headword,false,1c1bca7b-d21f-4010-8fde-cb934c060464,mainstream,exact,pending_content_review,同词命中仅建立审核入口；不自动复制释义、拆词或巧记。
cet4-w-ab271417b0cb91f43585,maintain,headword,true,b24fe997-d595-4e54-a144-a57b78d76550,maintain,exact,pending_content_review,同词命中仅建立审核入口；不自动复制释义、拆词或巧记。
cet4-w-4cf6ce89a37074e4155b,maintenance,listed_related,true,,,none,new_content_required,无六级同词；后续查找有证据的词族关系。
cet4-w-ec746b3a6c8e6f97cfde,major,headword,true,a76ca8b0-25fa-412c-9add-ce70e42f68da,major,exact,pending_content_review,同词命中仅建立审核入口；不自动复制释义、拆词或巧记。
cet4-w-27c97a10cf0100fc3401,majority,listed_related,true,08597f6f-a877-4d2e-8979-9bba59c24d99,majority,exact,pending_content_review,同词命中仅建立审核入口；不自动复制释义、拆词或巧记。
cet4-w-6bef829b4a216a0a6e73,make,headword,false,b8fbdda2-a72d-48f4-b3af-cae411865619,make,exact,pending_content_review,同词命中仅建立审核入口；不自动复制释义、拆词或巧记。
cet4-w-377cf6f9050961f8a12e,makeup,headword,false,,,none,new_content_required,无六级同词；后续查找有证据的词族关系。
cet4-w-b705e8dcedd307db69b4,male,headword,true,b5e2e155-5570-4095-bbd9-ab13c741ad7c,male,exact,pending_content_review,同词命中仅建立审核入口；不自动复制释义、拆词或巧记。
cet4-w-ff31836349ad835369ed,mall,headword,false,c8013c4b-265e-4fac-8701-bffc10cedc1f,mall,exact,pending_content_review,同词命中仅建立审核入口；不自动复制释义、拆词或巧记。
cet4-w-14778df5f37fb2fa9a13,mammal,headword,false,,,none,new_content_required,无六级同词；后续查找有证据的词族关系。
cet4-w-a2b60c28f31ba49716e7,man,headword,false,,,none,new_content_required,无六级同词；后续查找有证据的词族关系。
cet4-w-8b40d013319fe1c1b54a,manage,headword,true,2e2cbf9d-2e21-4eb5-a751-c5c31dd10e07,manage,exact,pending_content_review,同词命中仅建立审核入口；不自动复制释义、拆词或巧记。
cet4-w-62aa0644d069a54653aa,management,listed_related,true,bbaa98ad-99b6-464a-b30d-184ed476130f,management,exact,pending_content_review,同词命中仅建立审核入口；不自动复制释义、拆词或巧记。
cet4-w-a11bb9bad3866f0612e5,manager,listed_related,false,d57613e6-e0c7-4fbf-9e74-ee008ce4d627,manager,exact,pending_content_review,同词命中仅建立审核入口；不自动复制释义、拆词或巧记。
cet4-w-9db44496b76c4f67499c,managerial,listed_related,false,15cdb56c-6848-4571-8723-be473b219dfd,managerial,exact,pending_content_review,同词命中仅建立审核入口；不自动复制释义、拆词或巧记。
cet4-w-9f35872ade1d336bb7a7,manhood,listed_related,false,,,none,new_content_required,无六级同词；后续查找有证据的词族关系。
cet4-w-0c4e4a7d799feb432d86,manipulate,headword,false,064c6348-075c-4639-9b09-2cc45c0b10de,manipulate,exact,pending_content_review,同词命中仅建立审核入口；不自动复制释义、拆词或巧记。
cet4-w-773ac75f9fdc12ca2949,manipulation,listed_related,false,,,none,new_content_required,无六级同词；后续查找有证据的词族关系。
cet4-w-32d4cc032dd8e92730cd,manipulative,listed_related,false,,,none,new_content_required,无六级同词；后续查找有证据的词族关系。
cet4-w-b8c772ce05fdc893dfa8,mankind,headword,true,,,none,new_content_required,无六级同词；后续查找有证据的词族关系。
cet4-w-dea2b40d8c814aa93f1a,manly,listed_related,true,,,none,new_content_required,无六级同词；后续查找有证据的词族关系。
cet4-w-75636021ad6f1e4ef527,manner,headword,true,,,none,new_content_required,无六级同词；后续查找有证据的词族关系。
cet4-w-8adaf3f479a7827b9d65,manual,headword,true,3f37e0d1-4f3d-4d4c-9c1d-2f57bb512f6b,manual,exact,pending_content_review,同词命中仅建立审核入口；不自动复制释义、拆词或巧记。
cet4-w-eb44a3c9cc92e7b5e517,manufacture,headword,true,634f97a1-01e2-4be7-95e0-6b00cb6bd9e1,manufacture,exact,pending_content_review,同词命中仅建立审核入口；不自动复制释义、拆词或巧记。
cet4-w-e9673d55a16f70e70a3b,manufacturer,listed_related,true,59c87af3-be87-422b-b444-6aca6d6bb978,manufacturer,exact,pending_content_review,同词命中仅建立审核入口；不自动复制释义、拆词或巧记。
cet4-w-7c928429ce81972ec924,many,headword,false,,,none,new_content_required,无六级同词；后续查找有证据的词族关系。
cet4-w-92b9f5f948e32e3e6534,map,headword,false,6b39ea76-f485-4dc5-b3da-6365748ac6ea,map,exact,pending_content_review,同词命中仅建立审核入口；不自动复制释义、拆词或巧记。
cet4-w-488a559813e4e25eea42,marathon,headword,false,,,none,new_content_required,无六级同词；后续查找有证据的词族关系。
cet4-w-010a0041daa4573239cd,March,headword,false,92510058-9663-4203-9a42-8816f0699c81,march,exact,pending_content_review,同词命中仅建立审核入口；不自动复制释义、拆词或巧记。
cet4-w-b693ad61db3e365b3984,margin,headword,true,ee717118-b277-4a26-b8ce-b01f420ac1d5,margin,exact,pending_content_review,同词命中仅建立审核入口；不自动复制释义、拆词或巧记。
cet4-w-243980bc93a58adf1eaa,marginal,listed_related,false,74693551-29b0-40a4-aa6f-c0a829a0a4f3,marginal,exact,pending_content_review,同词命中仅建立审核入口；不自动复制释义、拆词或巧记。
cet4-w-c4ccde275f95a3f42bea,marine,headword,true,9f779860-8220-45bd-8ce1-28b9c842f21d,marine,exact,pending_content_review,同词命中仅建立审核入口；不自动复制释义、拆词或巧记。
cet4-w-a719d6033b2bc74afad4,marital,listed_related,false,4229fd5f-1c26-4e4e-9b8c-568111f0ebfb,marital,exact,pending_content_review,同词命中仅建立审核入口；不自动复制释义、拆词或巧记。
cet4-w-f3b29d8b930f19b8583b,mark,headword,true,9ae7c7d0-4538-49a4-a521-329547352094,mark,exact,pending_content_review,同词命中仅建立审核入口；不自动复制释义、拆词或巧记。
cet4-w-eca9283e1cf9fa855bd7,market,headword,false,,,none,new_content_required,无六级同词；后续查找有证据的词族关系。
cet4-w-e6e797535ce198358805,marketing,listed_related,false,,,none,new_content_required,无六级同词；后续查找有证据的词族关系。
cet4-w-de3ddcbb564a6fe42d60,marriage,listed_related,true,c969c701-6a32-4209-944c-e4d5712a0e84,marriage,exact,pending_content_review,同词命中仅建立审核入口；不自动复制释义、拆词或巧记。
cet4-w-982ba8e39974bfa1a35b,marry,headword,true,a498dc77-916d-4eca-9cc4-dbed08eec793,marry,exact,pending_content_review,同词命中仅建立审核入口；不自动复制释义、拆词或巧记。
cet4-w-67decc135d808751569b,marsh,headword,false,51e2a9b7-0135-4913-b3d4-6de4afb0e064,marsh,exact,pending_content_review,同词命中仅建立审核入口；不自动复制释义、拆词或巧记。
cet4-w-3f58a3c98b421ec0f6f3,marshal,headword,false,9fbe6b65-4649-4374-af55-0251fd5318ca,marshal,exact,pending_content_review,同词命中仅建立审核入口；不自动复制释义、拆词或巧记。
cet4-w-15694a919af2dee2d152,marvel,headword,false,,,none,new_content_required,无六级同词；后续查找有证据的词族关系。
cet4-w-a208bf2cf07eefbda9bd,marvelous,listed_related,true,314dfeb0-5f7b-46ba-8f87-99c15663df03,marvelous,exact,pending_content_review,同词命中仅建立审核入口；不自动复制释义、拆词或巧记。
cet4-w-8ae5e7b857ded5d4391c,Marxism,headword,false,,,none,new_content_required,无六级同词；后续查找有证据的词族关系。
cet4-w-38fcf9261404bd520aed,Marxist,listed_related,true,,,none,new_content_required,无六级同词；后续查找有证据的词族关系。
cet4-w-b204b93d163318348150,mask,headword,true,641dd215-830e-4413-9ee6-87a39480b7ce,mask,exact,pending_content_review,同词命中仅建立审核入口；不自动复制释义、拆词或巧记。
cet4-w-9e1b8ab2f02bfddbec78,mass,headword,true,bfef09ff-2ab9-432a-987d-74e0ef0f487e,mass,exact,pending_content_review,同词命中仅建立审核入口；不自动复制释义、拆词或巧记。
cet4-w-aaceb301766e5ecc0d90,massage,headword,false,,,none,new_content_required,无六级同词；后续查找有证据的词族关系。
cet4-w-b506892e5dbdeb47da13,massive,listed_related,true,f5eb744e-c576-4838-82b3-26f70830fd12,massive,exact,pending_content_review,同词命中仅建立审核入口；不自动复制释义、拆词或巧记。
cet4-w-a34c24da14411033a853,master,headword,true,60e8467c-ae2c-40b6-90d7-4f567682cddd,master,exact,pending_content_review,同词命中仅建立审核入口；不自动复制释义、拆词或巧记。
cet4-w-039e357dfc24f584556f,masterpiece,headword,true,2d3c3e99-d402-4268-b1ee-879d741ea346,masterpiece,exact,pending_content_review,同词命中仅建立审核入口；不自动复制释义、拆词或巧记。
cet4-w-986d3ae70778f9c2c61a,mastery,listed_related,false,,,none,new_content_required,无六级同词；后续查找有证据的词族关系。
cet4-w-77c662f6544be4bd16eb,mat,headword,true,7594a186-4ac3-43fd-b13d-6a319af9f8ee,mat,exact,pending_content_review,同词命中仅建立审核入口；不自动复制释义、拆词或巧记。
cet4-w-7a8ffe5d8153eb02a164,match,headword,false,3d4cb6aa-e934-4a2a-a0d3-fd1520a49e4c,match,exact,pending_content_review,同词命中仅建立审核入口；不自动复制释义、拆词或巧记。
cet4-w-e96d0fd75e5a574145cc,mate,headword,true,dd63b5fb-0630-4771-b9c8-61a65da20bde,mate,exact,pending_content_review,同词命中仅建立审核入口；不自动复制释义、拆词或巧记。
cet4-w-434ecfcfc78f59a55d78,material,headword,true,,,none,new_content_required,无六级同词；后续查找有证据的词族关系。
cet4-w-11c0c48d077323ec36ba,materialism,listed_related,true,,,none,new_content_required,无六级同词；后续查找有证据的词族关系。
cet4-w-5d12a62264b980764ebd,materialist,listed_related,false,,,none,new_content_required,无六级同词；后续查找有证据的词族关系。
cet4-w-8856ab6b1272ff73e14e,materialize,listed_related,false,,,none,new_content_required,无六级同词；后续查找有证据的词族关系。
cet4-w-eee11c81fd14c965af83,math,headword,true,,,none,new_content_required,无六级同词；后续查找有证据的词族关系。
cet4-w-d2d5646ff2a4e2fe724c,mathematical,listed_related,true,,,none,new_content_required,无六级同词；后续查找有证据的词族关系。
cet4-w-8e6cb2d6d9a54b23db95,mathematics,headword,true,,,none,new_content_required,无六级同词；后续查找有证据的词族关系。
cet4-w-ec20a8c8b01db2bf811d,matter,headword,false,,,none,new_content_required,无六级同词；后续查找有证据的词族关系。
cet4-w-6f8afd47cf3021364b46,mature,headword,true,f436f801-e15c-4a7d-9bd7-2daed383b0e4,mature,exact,pending_content_review,同词命中仅建立审核入口；不自动复制释义、拆词或巧记。
cet4-w-412916d81d12b36b2ac9,maturity,listed_related,false,dd159a3c-3610-4bb0-aef3-0c66aaaa4a78,maturity,exact,pending_content_review,同词命中仅建立审核入口；不自动复制释义、拆词或巧记。
cet4-w-53c4a171a317be18a477,maximal,listed_related,false,09fbfa70-2757-4427-822f-7e56ccc5b4eb,maximal,exact,pending_content_review,同词命中仅建立审核入口；不自动复制释义、拆词或巧记。
cet4-w-dfa44123fcedeacae028,maximize,listed_related,false,ebc52292-aeb3-4f68-b4f8-963cff777429,maximize,exact,pending_content_review,同词命中仅建立审核入口；不自动复制释义、拆词或巧记。
cet4-w-754ee3de4a0933b5baee,maximum,headword,true,8b514cb7-728d-4139-a93b-911959b23ff4,maximum,exact,pending_content_review,同词命中仅建立审核入口；不自动复制释义、拆词或巧记。
cet4-w-1760f169bd4d76753937,May,headword,false,2341634a-fb39-4722-8a80-ec142c3973cf,may,exact,pending_content_review,同词命中仅建立审核入口；不自动复制释义、拆词或巧记。
cet4-w-c54a4f4a4a6d93b77a4d,maybe,headword,false,,,none,new_content_required,无六级同词；后续查找有证据的词族关系。
cet4-w-aa82bbb65147ca3d2998,mayor,headword,true,,,none,new_content_required,无六级同词；后续查找有证据的词族关系。
cet4-w-ce223376164244f3a30c,me,headword,false,b3ef4c67-512d-4bef-9811-4278dfc494c0,me,exact,pending_content_review,同词命中仅建立审核入口；不自动复制释义、拆词或巧记。
cet4-w-43939f2fb431df7ae932,meal,headword,false,bb579196-8b02-4b50-b1bb-e12b8dd632cc,meal,exact,pending_content_review,同词命中仅建立审核入口；不自动复制释义、拆词或巧记。
cet4-w-e9e8b878a19bbf84cc9a,mean,headword,false,,,none,new_content_required,无六级同词；后续查找有证据的词族关系。
cet4-w-dcc51bd7ebc6dc650eea,meaning,listed_related,false,,,none,new_content_required,无六级同词；后续查找有证据的词族关系。
cet4-w-a8c2dd39d35bfe61150a,meaningful,listed_related,false,,,none,new_content_required,无六级同词；后续查找有证据的词族关系。
cet4-w-c591527a740d890f968e,means,headword,true,,,none,new_content_required,无六级同词；后续查找有证据的词族关系。
cet4-w-d22c056c8e233f22dc31,meantime,headword,true,,,none,new_content_required,无六级同词；后续查找有证据的词族关系。
cet4-w-dfbe6886a01362a445e4,meanwhile,headword,true,,,none,new_content_required,无六级同词；后续查找有证据的词族关系。
cet4-w-b7ddfa472f04bc4e340a,measurable,listed_related,true,,,none,new_content_required,无六级同词；后续查找有证据的词族关系。
cet4-w-b0fc9bc1afd95f4faaf7,measure,headword,true,,,none,new_content_required,无六级同词；后续查找有证据的词族关系。
cet4-w-9bfab551116f66a0b03f,measurement,listed_related,true,,,none,new_content_required,无六级同词；后续查找有证据的词族关系。
cet4-w-10d1b1284dadd86b8f09,meat,headword,false,7b8133a8-6649-427c-a979-34b206ddc2c9,meat,exact,pending_content_review,同词命中仅建立审核入口；不自动复制释义、拆词或巧记。
cet4-w-0c59e5bc78381228da51,meaty,listed_related,false,,,none,new_content_required,无六级同词；后续查找有证据的词族关系。
cet4-w-eda2c9c73cb6eb9500d9,mechanic,headword,true,ebc39f44-5d76-4186-8707-00db87d014f4,mechanic,exact,pending_content_review,同词命中仅建立审核入口；不自动复制释义、拆词或巧记。
cet4-w-c310ab69faa042fee0bc,mechanical,listed_related,true,828dc09a-ac9c-4685-a3f7-30746578788b,mechanical,exact,pending_content_review,同词命中仅建立审核入口；不自动复制释义、拆词或巧记。
cet4-w-3018c1abc3106407ea79,mechanics,listed_related,true,0fba0d79-a5d4-4a0b-9876-b8b45ed7ba9a,mechanics,exact,pending_content_review,同词命中仅建立审核入口；不自动复制释义、拆词或巧记。
cet4-w-e4fcc58754450ae23618,mechanism,listed_related,false,27b3f388-c34a-45fa-a961-68dcc3d4a69b,mechanism,exact,pending_content_review,同词命中仅建立审核入口；不自动复制释义、拆词或巧记。
cet4-w-55f12824ae5ef9dff3e2,mechanization,listed_related,false,,,none,new_content_required,无六级同词；后续查找有证据的词族关系。
cet4-w-c47341f667da1f7ea33e,mechanize,headword,false,,,none,new_content_required,无六级同词；后续查找有证据的词族关系。
cet4-w-87c96fac42cac1daa9be,medal,headword,true,05fa653d-632e-4826-90ed-8d579aade75a,medal,exact,pending_content_review,同词命中仅建立审核入口；不自动复制释义、拆词或巧记。
cet4-w-4a3668d63ea806fe2861,media,listed_related,true,,,none,new_content_required,无六级同词；后续查找有证据的词族关系。
cet4-w-0e0734ec2e83d8bed766,medical,headword,true,ff9f1b5a-5d64-4584-ae33-c04caebd4c57,medical,exact,pending_content_review,同词命中仅建立审核入口；不自动复制释义、拆词或巧记。
cet4-w-1282fb5ef0a9fc45d1fa,Medicare,headword,false,,,none,new_content_required,无六级同词；后续查找有证据的词族关系。
cet4-w-57b240d2f7807726e316,medicinal,listed_related,false,,,none,new_content_required,无六级同词；后续查找有证据的词族关系。
cet4-w-93294b0cf87889d5c335,medicine,headword,false,c0d4834d-a0bb-452a-9081-35fb7a03eb36,medicine,exact,pending_content_review,同词命中仅建立审核入口；不自动复制释义、拆词或巧记。
cet4-w-6bb7b7c1b333545141f5,medium,headword,true,b43a9f9d-b11f-485f-8f57-e26adfe58791,medium,exact,pending_content_review,同词命中仅建立审核入口；不自动复制释义、拆词或巧记。
cet4-w-74140c0def21d3d95c16,meet,headword,false,67d23437-39c8-427c-9f66-9ebeadd9e51e,meet,exact,pending_content_review,同词命中仅建立审核入口；不自动复制释义、拆词或巧记。
cet4-w-410b5e6b5fb30ace8f33,meeting,headword,false,,,none,new_content_required,无六级同词；后续查找有证据的词族关系。
cet4-w-5f2e4b6b232019615cd8,melon,headword,true,,,none,new_content_required,无六级同词；后续查找有证据的词族关系。
cet4-w-5bf2d7df4f286b7f1cda,melt,headword,true,012c08d7-3724-4914-9e4a-569e01febc9d,melt,exact,pending_content_review,同词命中仅建立审核入口；不自动复制释义、拆词或巧记。
cet4-w-79a7c866d0f3bf134296,member,headword,false,,,none,new_content_required,无六级同词；后续查找有证据的词族关系。
cet4-w-8799ab24b8e114504fca,membership,listed_related,false,,,none,new_content_required,无六级同词；后续查找有证据的词族关系。
cet4-w-14f62f36c4c981538460,memo,headword,false,,,none,new_content_required,无六级同词；后续查找有证据的词族关系。
cet4-w-37d2df158403a8604e6d,memorandum,headword,false,,,none,new_content_required,无六级同词；后续查找有证据的词族关系。
cet4-w-6695a21003618fd387a9,memorial,headword,true,83640dbe-9c73-482c-964f-333563add897,memorial,exact,pending_content_review,同词命中仅建立审核入口；不自动复制释义、拆词或巧记。
cet4-w-4eff97e7a1ac8f094dfa,memorize,listed_related,false,b81ed055-fc78-40f1-9dbe-b4033b0420b8,memorize,exact,pending_content_review,同词命中仅建立审核入口；不自动复制释义、拆词或巧记。
cet4-w-33809c221e2bfb745cb4,memory,headword,true,cb01059c-5d52-4fc5-a898-b2daba8dc1b7,memory,exact,pending_content_review,同词命中仅建立审核入口；不自动复制释义、拆词或巧记。
cet4-w-5fb7b70b143fad31bbd5,mend,headword,false,01c0c290-5860-4956-b75d-871d585d12e8,mend,exact,pending_content_review,同词命中仅建立审核入口；不自动复制释义、拆词或巧记。
cet4-w-8d1f55824baf4e47c5e1,mental,headword,true,f511b2e0-e72d-4b5e-b9e3-202ed9d46351,mental,exact,pending_content_review,同词命中仅建立审核入口；不自动复制释义、拆词或巧记。
cet4-w-fd3851479ec7c915313b,mentality,listed_related,false,,,none,new_content_required,无六级同词；后续查找有证据的词族关系。
cet4-w-354d7efc0954f3db8800,mention,headword,false,,,none,new_content_required,无六级同词；后续查找有证据的词族关系。
cet4-w-4955b7bea296d780cc2b,menu,headword,false,,,none,new_content_required,无六级同词；后续查找有证据的词族关系。
cet4-w-a00eb494c6325063a04d,merchant,headword,true,36f45243-16fa-4020-9df4-573a2e2b658e,merchant,exact,pending_content_review,同词命中仅建立审核入口；不自动复制释义、拆词或巧记。
cet4-w-f684796a575f72981c0a,merciful,listed_related,false,,,none,new_content_required,无六级同词；后续查找有证据的词族关系。
cet4-w-881ee609bcfba7dfc9f0,mercy,headword,true,,,none,new_content_required,无六级同词；后续查找有证据的词族关系。
cet4-w-f89504b0b20c222ee04f,mere,headword,true,10ee1f0c-ca58-4f38-9d65-03b0db023709,mere,exact,pending_content_review,同词命中仅建立审核入口；不自动复制释义、拆词或巧记。
cet4-w-caaa4d5e47626c3a7ee4,merely,listed_related,true,2337f75c-ff7e-481c-a8b9-af988b247aae,merely,exact,pending_content_review,同词命中仅建立审核入口；不自动复制释义、拆词或巧记。
cet4-w-26b80827876357acf032,merit,headword,true,f3572e6d-b9d2-4e97-ac58-4787a043c361,merit,exact,pending_content_review,同词命中仅建立审核入口；不自动复制释义、拆词或巧记。
cet4-w-4d52701ce4e55d082498,meritorious,listed_related,false,fe8ac98f-5dc7-47e6-aed1-d35ceca8ae72,meritorious,exact,pending_content_review,同词命中仅建立审核入口；不自动复制释义、拆词或巧记。
cet4-w-e4f6cdc0df6de42e3602,merriment,listed_related,false,1c94d479-34a7-4f4c-aaf4-2ba0f67c41ba,merriment,exact,pending_content_review,同词命中仅建立审核入口；不自动复制释义、拆词或巧记。
cet4-w-82b2b6f279ff962706db,merry,headword,true,b0946be3-22c3-4bf0-aca2-3d1278eaced5,merry,exact,pending_content_review,同词命中仅建立审核入口；不自动复制释义、拆词或巧记。
cet4-w-98419f16a9177ee624df,mess,headword,true,,,none,new_content_required,无六级同词；后续查找有证据的词族关系。
cet4-w-0ae693a119ae82846eb2,message,headword,true,4937d7a3-2ede-47b3-afe8-b36d3041bb58,message,exact,pending_content_review,同词命中仅建立审核入口；不自动复制释义、拆词或巧记。
cet4-w-7a8c434c2792a80aba9b,messenger,listed_related,true,a90ac760-7004-46c7-8554-133032e1d391,messenger,exact,pending_content_review,同词命中仅建立审核入口；不自动复制释义、拆词或巧记。
cet4-w-5896fbb7396c2d7ea087,messy,listed_related,false,,,none,new_content_required,无六级同词；后续查找有证据的词族关系。
cet4-w-0d7fbfab7b0cb7236142,metal,headword,true,aa0ff996-1fb6-4ec0-9950-e811db7d333d,metal,exact,pending_content_review,同词命中仅建立审核入口；不自动复制释义、拆词或巧记。
cet4-w-7611b227bf51e8274e5d,metallic,listed_related,false,c37a9e5b-0730-43ce-ba11-907f6d74f13b,metallic,exact,pending_content_review,同词命中仅建立审核入口；不自动复制释义、拆词或巧记。
cet4-w-7b2fc9981d79d26bd9d6,meter,headword,true,b34e0d89-a3a5-4e25-b923-df6ef853c990,meter,exact,pending_content_review,同词命中仅建立审核入口；不自动复制释义、拆词或巧记。
cet4-w-1df1d26e21b27e2a9fcd,method,headword,true,01b516d3-0c5a-4850-86fd-b33fe320f59d,method,exact,pending_content_review,同词命中仅建立审核入口；不自动复制释义、拆词或巧记。
cet4-w-f08ac15b177028efac0f,methodical,listed_related,false,,,none,new_content_required,无六级同词；后续查找有证据的词族关系。
cet4-w-f78902e20436656b2fcc,methodology,listed_related,false,,,none,new_content_required,无六级同词；后续查找有证据的词族关系。
cet4-w-9fcf6f7120d1ae37bb6f,metric,listed_related,true,,,none,new_content_required,无六级同词；后续查找有证据的词族关系。
cet4-w-4c13141942f286786a1c,metro,headword,false,,,none,new_content_required,无六级同词；后续查找有证据的词族关系。
cet4-w-27c25a6fb76e85c38c48,microphone,headword,true,,,none,new_content_required,无六级同词；后续查找有证据的词族关系。
cet4-w-0208af7cf6c8c849d503,microscope,headword,true,013e604d-81d0-4296-a2ba-c4faf7038d80,microscope,exact,pending_content_review,同词命中仅建立审核入口；不自动复制释义、拆词或巧记。
cet4-w-9fc038d1dde8e6b3109c,microscopic,listed_related,false,,,none,new_content_required,无六级同词；后续查找有证据的词族关系。
cet4-w-bff4aea49aafe87440e5,microwavable,listed_related,false,,,none,new_content_required,无六级同词；后续查找有证据的词族关系。
cet4-w-d7f8edc836384b33c235,microwave,headword,false,,,none,new_content_required,无六级同词；后续查找有证据的词族关系。
cet4-w-5ff5540dec9588f5bfd8,midday,headword,true,,,none,new_content_required,无六级同词；后续查找有证据的词族关系。
cet4-w-d0369346bd92257e0644,middle,headword,false,97b485b0-9f36-4d4c-b17b-4f2306d5fb6f,middle,exact,pending_content_review,同词命中仅建立审核入口；不自动复制释义、拆词或巧记。
cet4-w-8036a1bc18845b067b5b,middle-class,headword,false,,,none,new_content_required,无六级同词；后续查找有证据的词族关系。
cet4-w-60751f17e825c3ebceff,midnight,headword,true,,,none,new_content_required,无六级同词；后续查找有证据的词族关系。
cet4-w-06bc9bc3698321a48d23,might,headword,true,6589e801-a25c-41c4-9ec7-f29e03d883d2,might,exact,pending_content_review,同词命中仅建立审核入口；不自动复制释义、拆词或巧记。
cet4-w-cde70d4ae7b1ed247d9d,mighty,listed_related,false,,,none,new_content_required,无六级同词；后续查找有证据的词族关系。
cet4-w-cc2ed01472dc4b245a06,migrant,listed_related,false,593aba3d-9b54-42d7-a57c-37fdf768b69b,migrant,exact,pending_content_review,同词命中仅建立审核入口；不自动复制释义、拆词或巧记。
cet4-w-540ffbc9128d8f7e6c60,migrate,headword,false,1d96aed4-dfd4-48be-aedd-49b9b9782262,migrate,exact,pending_content_review,同词命中仅建立审核入口；不自动复制释义、拆词或巧记。
cet4-w-c7eb9786343b3cec59c5,migration,listed_related,false,57422480-96c1-40ba-95de-9678b5c1002a,migration,exact,pending_content_review,同词命中仅建立审核入口；不自动复制释义、拆词或巧记。
cet4-w-41b66748e9c280c48e2f,mild,headword,true,5518c403-c2af-4866-9851-143e2b920052,mild,exact,pending_content_review,同词命中仅建立审核入口；不自动复制释义、拆词或巧记。
cet4-w-d4270d85b88aaf1ab810,mile,headword,true,1686562d-68f7-4c10-89d0-7063d39bac64,mile,exact,pending_content_review,同词命中仅建立审核入口；不自动复制释义、拆词或巧记。
cet4-w-05e90f3c8a14486294f3,mileage,listed_related,false,,,none,new_content_required,无六级同词；后续查找有证据的词族关系。
cet4-w-dd53c76f48f811137727,military,headword,true,8e505ecd-ba6a-417f-a980-ea93f43a4385,military,exact,pending_content_review,同词命中仅建立审核入口；不自动复制释义、拆词或巧记。
cet4-w-55d7b088a3134c325043,milk,headword,false,3687ede4-5496-43e7-bd8c-b0cb95c11989,milk,exact,pending_content_review,同词命中仅建立审核入口；不自动复制释义、拆词或巧记。
cet4-w-c27eeec2913ea756d357,milky,listed_related,false,,,none,new_content_required,无六级同词；后续查找有证据的词族关系。
cet4-w-84f3c4bff02695d30729,mill,headword,true,,,none,new_content_required,无六级同词；后续查找有证据的词族关系。
cet4-w-ad08b4ca051165732c42,millimeter,headword,true,,,none,new_content_required,无六级同词；后续查找有证据的词族关系。
cet4-w-800599577d718b13196d,million,headword,false,,,none,new_content_required,无六级同词；后续查找有证据的词族关系。
cet4-w-23239f6db59590c49568,millionaire,listed_related,false,c37c1bac-5df5-4895-adc5-4ae21744d305,millionaire,exact,pending_content_review,同词命中仅建立审核入口；不自动复制释义、拆词或巧记。
cet4-w-ee5c082c6c4d64023956,mind,headword,false,c87d61db-8e1b-426d-a2f5-494532ab100f,mind,exact,pending_content_review,同词命中仅建立审核入口；不自动复制释义、拆词或巧记。
cet4-w-01870ed727d661dfa2df,mine,headword,false,ad5826c6-2095-4503-9786-e4c58a0d7772,mine,exact,pending_content_review,同词命中仅建立审核入口；不自动复制释义、拆词或巧记。
cet4-w-15ab3a31db8ae83d41df,mineral,listed_related,false,,,none,new_content_required,无六级同词；后续查找有证据的词族关系。
cet4-w-62dd2b959e3414f89f91,minimal,listed_related,false,46a946c5-e114-4b16-9390-957ddf4253ad,minimal,exact,pending_content_review,同词命中仅建立审核入口；不自动复制释义、拆词或巧记。
cet4-w-fd36f3f89b2e125868ba,minimize,listed_related,false,e61eaf17-9528-466b-9f98-e7e2cc75e59a,minimize,exact,pending_content_review,同词命中仅建立审核入口；不自动复制释义、拆词或巧记。
cet4-w-0f836d4d3c62af8b3911,minimum,headword,true,239b5b73-f50b-4cc5-bf9f-d384dbabb1ab,minimum,exact,pending_content_review,同词命中仅建立审核入口；不自动复制释义、拆词或巧记。
cet4-w-132e12c23e7b1f992e95,mining,listed_related,false,,,none,new_content_required,无六级同词；后续查找有证据的词族关系。
cet4-w-d18789b35360722d1f35,minister,headword,true,f5ca5ab1-1fc4-4760-944e-184ba408fad3,minister,exact,pending_content_review,同词命中仅建立审核入口；不自动复制释义、拆词或巧记。
cet4-w-4db0151d6996f3c8c448,ministerial,listed_related,false,a535ba39-70ec-4b20-ae59-4723229e12d4,ministerial,exact,pending_content_review,同词命中仅建立审核入口；不自动复制释义、拆词或巧记。
cet4-w-17591da0b28a9024ae61,ministry,listed_related,true,28cccba8-33b7-4516-a65c-7270373bddb7,ministry,exact,pending_content_review,同词命中仅建立审核入口；不自动复制释义、拆词或巧记。
cet4-w-87fc0be235b638855e08,minor,headword,true,43d0bc99-8799-4ef2-a21b-a1c0ca372d0b,minor,exact,pending_content_review,同词命中仅建立审核入口；不自动复制释义、拆词或巧记。
cet4-w-2f3d5752eec0af2f44fb,minority,listed_related,true,37152562-a96c-4cb5-92f3-9e045d6f3bc3,minority,exact,pending_content_review,同词命中仅建立审核入口；不自动复制释义、拆词或巧记。
cet4-w-720cf86a52454e687fd0,minus,headword,true,,,none,new_content_required,无六级同词；后续查找有证据的词族关系。
cet4-w-7e9ae77942f7178553b1,minute,headword,false,be1aa372-f4ed-44f4-8180-fa93ed38f480,minute,exact,pending_content_review,同词命中仅建立审核入口；不自动复制释义、拆词或巧记。
cet4-w-0870a26e015fecee2c9d,miracle,headword,true,,,none,new_content_required,无六级同词；后续查找有证据的词族关系。
cet4-w-bf47c150d86bd4e4a24f,miraculous,listed_related,false,,,none,new_content_required,无六级同词；后续查找有证据的词族关系。
cet4-w-c2b981b1c69988c22d8d,mirror,headword,true,,,none,new_content_required,无六级同词；后续查找有证据的词族关系。
cet4-w-1e63c66314844b58ce9a,miserable,headword,true,7f949096-cee8-4fa1-8be4-3ea8631b66c5,miserable,exact,pending_content_review,同词命中仅建立审核入口；不自动复制释义、拆词或巧记。
cet4-w-1a81cc35d1f73932c2af,misery,listed_related,false,f296a1e6-ba94-46c4-a0f1-fd852985118e,misery,exact,pending_content_review,同词命中仅建立审核入口；不自动复制释义、拆词或巧记。
cet4-w-ae2e8d3007e55188c21a,misfortune,headword,false,defdf22b-a49d-41d1-af58-b79a69aab78a,misfortune,exact,pending_content_review,同词命中仅建立审核入口；不自动复制释义、拆词或巧记。
cet4-w-17d19f0ad2f658fb113a,mislead,headword,true,,,none,new_content_required,无六级同词；后续查找有证据的词族关系。
cet4-w-09a54f950ec4c5364ef9,misleading,listed_related,false,,,none,new_content_required,无六级同词；后续查找有证据的词族关系。
cet4-w-2dd0197ffdc22df85ba6,miss,headword,false,c0f4ee99-0bd2-43f0-9125-b66fa2dba6af,miss,exact,pending_content_review,同词命中仅建立审核入口；不自动复制释义、拆词或巧记。
cet4-w-370278f3cc5ad0c53152,missile,headword,true,,,none,new_content_required,无六级同词；后续查找有证据的词族关系。
cet4-w-2951f66b6d2dbd227e34,missing,headword,true,137b781f-76b3-472f-9121-9080cfe187c3,missing,exact,pending_content_review,同词命中仅建立审核入口；不自动复制释义、拆词或巧记。
cet4-w-4ee402a623ab72da9482,mission,headword,true,d983ccf1-b77c-4266-b2db-4f957ae7b323,mission,exact,pending_content_review,同词命中仅建立审核入口；不自动复制释义、拆词或巧记。
cet4-w-23e4c4e829be83f0f5e7,mist,headword,true,,,none,new_content_required,无六级同词；后续查找有证据的词族关系。
cet4-w-d9fe14ee6376ab274468,mistake,headword,false,60978844-6b92-4045-9c8d-b0338ee4a5dc,mistake,exact,pending_content_review,同词命中仅建立审核入口；不自动复制释义、拆词或巧记。
cet4-w-85c297570918277162a6,mistaken,listed_related,false,379bd8ab-64ae-423f-ac6f-f0b6d83a90ad,mistaken,exact,pending_content_review,同词命中仅建立审核入口；不自动复制释义、拆词或巧记。
cet4-w-5b3029c5328ba38c716c,mister,headword,true,,,none,new_content_required,无六级同词；后续查找有证据的词族关系。
cet4-w-bc4cc2b96605583d7fcd,mistress,headword,true,d7228bde-78ef-47be-ac6b-38b67fcce6f1,mistress,exact,pending_content_review,同词命中仅建立审核入口；不自动复制释义、拆词或巧记。
cet4-w-13086b70037fb3c165c0,misty,listed_related,false,,,none,new_content_required,无六级同词；后续查找有证据的词族关系。
cet4-w-fe276e0300ebe5168614,misunderstand,headword,true,770e969a-d030-4017-8e13-de4911a4ee10,misunderstand,exact,pending_content_review,同词命中仅建立审核入口；不自动复制释义、拆词或巧记。
cet4-w-7296b2a783e60d77d6df,misunderstanding,listed_related,false,57a14675-f55b-4464-82c0-4fe2d8d72cec,misunderstanding,exact,pending_content_review,同词命中仅建立审核入口；不自动复制释义、拆词或巧记。
cet4-w-792ef1b863121304f228,mix,headword,true,994f01b5-3662-4cbf-af84-acce3ef80364,mix,exact,pending_content_review,同词命中仅建立审核入口；不自动复制释义、拆词或巧记。
cet4-w-6b450c9f39c52681383f,mixer,listed_related,false,,,none,new_content_required,无六级同词；后续查找有证据的词族关系。
cet4-w-d68ffb009535ea8f639c,mixture,listed_related,true,b22a4b52-7a29-4708-b681-618e2a1b628b,mixture,exact,pending_content_review,同词命中仅建立审核入口；不自动复制释义、拆词或巧记。
cet4-w-c82894ad8a13e9fad9a3,mobile,headword,true,6e0bc9b5-8c62-4af9-8fb7-646b9634d616,mobile,exact,pending_content_review,同词命中仅建立审核入口；不自动复制释义、拆词或巧记。
cet4-w-80b25b6bcadb06533f75,mode,headword,true,55ef874e-1f1e-4ca4-b841-4a6eadfc37a1,mode,exact,pending_content_review,同词命中仅建立审核入口；不自动复制释义、拆词或巧记。
cet4-w-3d9836099af1ab9f379a,model,headword,true,ca326208-5d00-42b7-8354-255b29e46a46,model,exact,pending_content_review,同词命中仅建立审核入口；不自动复制释义、拆词或巧记。
cet4-w-8bbdcc7074ba0257634f,moderate,headword,true,,,none,new_content_required,无六级同词；后续查找有证据的词族关系。
cet4-w-c72b6e5da96b70113329,moderation,listed_related,false,,,none,new_content_required,无六级同词；后续查找有证据的词族关系。
cet4-w-4621034e69a6c9f9a4cd,moderator,listed_related,false,,,none,new_content_required,无六级同词；后续查找有证据的词族关系。
cet4-w-e366a0bb20f4bebf16cb,modern,headword,false,,,none,new_content_required,无六级同词；后续查找有证据的词族关系。
cet4-w-2ee39dafc9fae15aab9d,modernization,listed_related,false,,,none,new_content_required,无六级同词；后续查找有证据的词族关系。
cet4-w-95725cc2bedc56edc939,modernize,listed_related,false,,,none,new_content_required,无六级同词；后续查找有证据的词族关系。
cet4-w-ae5869d28bbe12b1ea80,modest,headword,true,2d842c5b-d9fc-468d-be1b-fa357ba5ae94,modest,exact,pending_content_review,同词命中仅建立审核入口；不自动复制释义、拆词或巧记。
cet4-w-13d356e424b228723e62,modesty,listed_related,false,a30832ea-3a76-47ed-808b-cd880e2449eb,modesty,exact,pending_content_review,同词命中仅建立审核入口；不自动复制释义、拆词或巧记。
cet4-w-275a0d5b855e3c2a429f,modification,listed_related,false,ad550243-1818-4afa-8a7d-921d4429ec6c,modification,exact,pending_content_review,同词命中仅建立审核入口；不自动复制释义、拆词或巧记。
cet4-w-6fd74e98bcbd53ee59d7,modifier,listed_related,false,4b61eadc-cc83-4713-ac6a-81aff621f02b,modifier,exact,pending_content_review,同词命中仅建立审核入口；不自动复制释义、拆词或巧记。
cet4-w-b4192ae140cac268b212,modify,headword,true,00312465-cf91-46fc-a302-4d977dc567b6,modify,exact,pending_content_review,同词命中仅建立审核入口；不自动复制释义、拆词或巧记。
cet4-w-5950a569e60387894130,moist,headword,true,,,none,new_content_required,无六级同词；后续查找有证据的词族关系。
cet4-w-49d85415900ae77ca88e,moisture,listed_related,true,,,none,new_content_required,无六级同词；后续查找有证据的词族关系。
cet4-w-7c7392f8975a1e8240bf,mold,headword,true,,,none,new_content_required,无六级同词；后续查找有证据的词族关系。
cet4-w-b0dd8518bfb80d806723,moldy,listed_related,false,,,none,new_content_required,无六级同词；后续查找有证据的词族关系。
cet4-w-c4ae34e4d8ab0b5a8a14,mom,headword,false,,,none,new_content_required,无六级同词；后续查找有证据的词族关系。
cet4-w-72901efd10ce8e327445,moment,headword,false,cd7a630d-de58-4300-8fa1-a7b192fb65e7,moment,exact,pending_content_review,同词命中仅建立审核入口；不自动复制释义、拆词或巧记。
cet4-w-406482c44fa0be51f75a,momentarily,listed_related,false,,,none,new_content_required,无六级同词；后续查找有证据的词族关系。
cet4-w-8e85ce484ab7f1d5d1b2,momentary,listed_related,false,,,none,new_content_required,无六级同词；后续查找有证据的词族关系。
cet4-w-79063717dad04b7cd340,mommy,headword,false,,,none,new_content_required,无六级同词；后续查找有证据的词族关系。
cet4-w-f5ed9e3d6e90e77bbd35,Monday,headword,false,,,none,new_content_required,无六级同词；后续查找有证据的词族关系。
cet4-w-4eb4a3613463f89b2dfd,monetary,listed_related,false,3ed2d33a-880c-4a01-b8d9-fd0d2815225c,monetary,exact,pending_content_review,同词命中仅建立审核入口；不自动复制释义、拆词或巧记。
cet4-w-4127670fbe242065dc1b,money,headword,false,bc528e39-0095-481a-9cc6-80b43a5b898e,money,exact,pending_content_review,同词命中仅建立审核入口；不自动复制释义、拆词或巧记。
cet4-w-a86189a49786cf29d235,monitor,headword,true,1e9722ac-80d5-465a-95d4-67acd8107ca2,monitor,exact,pending_content_review,同词命中仅建立审核入口；不自动复制释义、拆词或巧记。
cet4-w-21e38e6c45c04c4110dd,monkey,headword,true,,,none,new_content_required,无六级同词；后续查找有证据的词族关系。
cet4-w-c26e109083909b571826,monster,headword,false,847a8a77-1524-44d3-80a9-e363d108136d,monster,exact,pending_content_review,同词命中仅建立审核入口；不自动复制释义、拆词或巧记。
cet4-w-bc2675ecac1bf3fb3c29,monstrous,listed_related,false,,,none,new_content_required,无六级同词；后续查找有证据的词族关系。
cet4-w-fd7f7944850171f5590c,month,headword,false,,,none,new_content_required,无六级同词；后续查找有证据的词族关系。
cet4-w-ba951d5eec740ef6993a,monthly,listed_related,true,,,none,new_content_required,无六级同词；后续查找有证据的词族关系。
cet4-w-f60113c573c0d4893597,monument,headword,true,,,none,new_content_required,无六级同词；后续查找有证据的词族关系。
cet4-w-f9a99de75a99a573504a,monumental,listed_related,false,,,none,new_content_required,无六级同词；后续查找有证据的词族关系。
cet4-w-f16b74de31247ce8967c,mood,headword,true,0617047d-69fc-4660-9311-dc4b8801a98c,mood,exact,pending_content_review,同词命中仅建立审核入口；不自动复制释义、拆词或巧记。
cet4-w-f7c135917ddedb458818,moody,listed_related,false,7524403d-9973-48d6-bea0-6869f18e6608,moody,exact,pending_content_review,同词命中仅建立审核入口；不自动复制释义、拆词或巧记。
cet4-w-5d7a4315dcb0a19c8e81,moon,headword,false,f93dd867-4b80-40a7-b5fc-8faf5e029e89,moon,exact,pending_content_review,同词命中仅建立审核入口；不自动复制释义、拆词或巧记。
cet4-w-7018d6a119f2d62365e3,mop,headword,false,,,none,new_content_required,无六级同词；后续查找有证据的词族关系。
cet4-w-e03bb35f42d818f655cb,moral,headword,true,c09430ec-8404-411a-9f43-bc576d64f761,moral,exact,pending_content_review,同词命中仅建立审核入口；不自动复制释义、拆词或巧记。
cet4-w-a23162db38ef472886de,morality,listed_related,false,e56ae18f-9900-41b0-8385-5eddd74996dc,morality,exact,pending_content_review,同词命中仅建立审核入口；不自动复制释义、拆词或巧记。
cet4-w-de5640bae0df6d15ea33,more,headword,false,8bba4210-52af-472e-840c-c960473af24e,more,exact,pending_content_review,同词命中仅建立审核入口；不自动复制释义、拆词或巧记。
cet4-w-2396927da75d11a6eac0,moreover,headword,true,e0a5bcf4-f8b3-4025-849d-6a32427c32f4,moreover,exact,pending_content_review,同词命中仅建立审核入口；不自动复制释义、拆词或巧记。
cet4-w-aa99f0c455c38cd61689,morning,headword,false,,,none,new_content_required,无六级同词；后续查找有证据的词族关系。
cet4-w-07efc8a6f799cf3de9cf,mortgage,headword,false,8f7de59a-acd9-41ce-b746-61b2cc2be577,mortgage,exact,pending_content_review,同词命中仅建立审核入口；不自动复制释义、拆词或巧记。
cet4-w-3fc299086d30985e5876,most,headword,false,,,none,new_content_required,无六级同词；后续查找有证据的词族关系。
cet4-w-c73395a576891c1d20bb,mostly,listed_related,true,,,none,new_content_required,无六级同词；后续查找有证据的词族关系。
cet4-w-3bbca525cb5dae9ed609,motel,headword,true,a5ee6328-bd0c-41fd-97ab-96b08072f160,motel,exact,pending_content_review,同词命中仅建立审核入口；不自动复制释义、拆词或巧记。
cet4-w-67cda47365cf2945fae0,mother,headword,false,c3a07d0c-0ffd-4184-b2c8-3c98a3a995a1,mother,exact,pending_content_review,同词命中仅建立审核入口；不自动复制释义、拆词或巧记。
cet4-w-5fd5face4342de48bdbc,motherly,listed_related,false,,,none,new_content_required,无六级同词；后续查找有证据的词族关系。
cet4-w-d1701caabb455e80a975,motion,headword,true,ed1bcd0b-141e-4879-85c1-0118dadd8007,motion,exact,pending_content_review,同词命中仅建立审核入口；不自动复制释义、拆词或巧记。
cet4-w-4dd8acb5c9426d21d6cb,motivate,headword,true,cd829ce7-5ba3-4a46-b0ac-af87407f907f,motivate,exact,pending_content_review,同词命中仅建立审核入口；不自动复制释义、拆词或巧记。
cet4-w-9409d2b2936125dd833d,motivation,listed_related,false,9be4fda7-64f9-4357-a1be-daef9029f3ed,motivation,exact,pending_content_review,同词命中仅建立审核入口；不自动复制释义、拆词或巧记。
cet4-w-8e75a1a9694b2ae6d533,motive,headword,true,bb8eaade-8a83-4f86-8ea3-b141e2ae939c,motive,exact,pending_content_review,同词命中仅建立审核入口；不自动复制释义、拆词或巧记。
cet4-w-7cb409680e85ebbc08b7,motor,headword,true,e2b564b4-b6c2-49cb-bbdc-45947e9402c0,motor,exact,pending_content_review,同词命中仅建立审核入口；不自动复制释义、拆词或巧记。
cet4-w-b854695663f46322ca90,motorway,headword,false,,,none,new_content_required,无六级同词；后续查找有证据的词族关系。
cet4-w-81af1d4836ee3b1e7780,mount,headword,true,,,none,new_content_required,无六级同词；后续查找有证据的词族关系。
cet4-w-310fa0ed7a82cf0cda48,mountain,headword,false,,,none,new_content_required,无六级同词；后续查找有证据的词族关系。
cet4-w-9ac5d1cfcbf693d9cc3f,mountainous,listed_related,false,,,none,new_content_required,无六级同词；后续查找有证据的词族关系。
cet4-w-402d1b7c42f48239e7fb,mounting,listed_related,false,,,none,new_content_required,无六级同词；后续查找有证据的词族关系。
cet4-w-1dd4c58c856870aeff9a,mouse,headword,true,13ca5307-2567-412c-b285-cd8e0221584e,mouse,exact,pending_content_review,同词命中仅建立审核入口；不自动复制释义、拆词或巧记。
cet4-w-9b46a136a087030a1b71,mouth,headword,false,935fe896-4309-441e-ba29-b1f4d74d373b,mouth,exact,pending_content_review,同词命中仅建立审核入口；不自动复制释义、拆词或巧记。
cet4-w-a6fedc7ad6c7c9b8d7f9,mouthful,listed_related,true,,,none,new_content_required,无六级同词；后续查找有证据的词族关系。
cet4-w-87d6a1aac532cc8a72ac,move,headword,false,,,none,new_content_required,无六级同词；后续查找有证据的词族关系。
cet4-w-6f1684f134a13c0128cb,movement,listed_related,true,,,none,new_content_required,无六级同词；后续查找有证据的词族关系。
cet4-w-5045fa822452e8616fb9,movie,headword,true,,,none,new_content_required,无六级同词；后续查找有证据的词族关系。
cet4-w-c2ad1ccac6e4f62c0d25,much,headword,false,,,none,new_content_required,无六级同词；后续查找有证据的词族关系。
cet4-w-685bd722c22cb45aad90,mud,headword,true,2d8a0610-f7d4-4d47-a7bc-8de86c4291bf,mud,exact,pending_content_review,同词命中仅建立审核入口；不自动复制释义、拆词或巧记。
cet4-w-72c1a0b3a0abfb59c0a1,muddy,listed_related,true,c1e87e6c-49c7-4318-89c4-b4586fc54417,muddy,exact,pending_content_review,同词命中仅建立审核入口；不自动复制释义、拆词或巧记。
cet4-w-9e8c416784ba8bc56b9e,mug,headword,true,,,none,new_content_required,无六级同词；后续查找有证据的词族关系。
cet4-w-1ebb145410bbd68fec9d,mule,headword,false,,,none,new_content_required,无六级同词；后续查找有证据的词族关系。
cet4-w-a3473e21d3af4b69fba8,multiple,headword,true,ec1860f0-21bd-427c-b462-70aca1675938,multiple,exact,pending_content_review,同词命中仅建立审核入口；不自动复制释义、拆词或巧记。
cet4-w-c28c50e186ee51627770,multiplication,listed_related,false,7aa8de7a-aa30-4189-8037-d917d916341f,multiplication,exact,pending_content_review,同词命中仅建立审核入口；不自动复制释义、拆词或巧记。
cet4-w-8f2b5050505ada5f2e87,multiply,listed_related,true,92bb8b49-69d6-4bf6-9ab1-2a0bcd4fd24b,multiply,exact,pending_content_review,同词命中仅建立审核入口；不自动复制释义、拆词或巧记。
cet4-w-78f8e3b897a72d9bd5fa,municipal,headword,false,f9262e91-4970-4387-bf67-2045fd0013ec,municipal,exact,pending_content_review,同词命中仅建立审核入口；不自动复制释义、拆词或巧记。
cet4-w-c20cf0e98be475229352,municipality,listed_related,false,93a2ba10-e7d6-4a2e-90db-c7b55d978ca4,municipality,exact,pending_content_review,同词命中仅建立审核入口；不自动复制释义、拆词或巧记。
cet4-w-68eb11014334ac356f7a,murder,headword,true,,,none,new_content_required,无六级同词；后续查找有证据的词族关系。
cet4-w-9dd6d14b0c9969cd19ad,murderous,listed_related,false,,,none,new_content_required,无六级同词；后续查找有证据的词族关系。
cet4-w-3524bea7f31f2f0b8a47,muscle,headword,true,b6920389-e56c-4d29-8ecf-db9a90a51ebd,muscle,exact,pending_content_review,同词命中仅建立审核入口；不自动复制释义、拆词或巧记。
cet4-w-e3a016fddb3457faf228,muscular,listed_related,false,31b1ada6-3a89-4080-a4e1-4ebbacbf14e4,muscular,exact,pending_content_review,同词命中仅建立审核入口；不自动复制释义、拆词或巧记。
cet4-w-672ba37fd3d6b076f811,museum,headword,true,,,none,new_content_required,无六级同词；后续查找有证据的词族关系。
cet4-w-d222cc478f1db7f83373,mushroom,headword,true,,,none,new_content_required,无六级同词；后续查找有证据的词族关系。
cet4-w-4eb25ee509da78f336ef,music,headword,false,,,none,new_content_required,无六级同词；后续查找有证据的词族关系。
cet4-w-c6adcc076a569b6ce38c,musical,listed_related,true,,,none,new_content_required,无六级同词；后续查找有证据的词族关系。
cet4-w-81da823ba05786a06b88,musician,listed_related,true,,,none,new_content_required,无六级同词；后续查找有证据的词族关系。
cet4-w-342c5f982af261d9bc9b,must,headword,false,4f6e77bb-d124-481d-9873-049d0637fefe,must,exact,pending_content_review,同词命中仅建立审核入口；不自动复制释义、拆词或巧记。
cet4-w-c84a12ca97576d4362b8,mutual,headword,true,60a56564-4824-46e3-a2b0-62a36d96f40a,mutual,exact,pending_content_review,同词命中仅建立审核入口；不自动复制释义、拆词或巧记。
cet4-w-ac9c6c4399d841276c63,my,headword,false,,,none,new_content_required,无六级同词；后续查找有证据的词族关系。
cet4-w-0cbf1959a0a92c992adb,myself,headword,false,,,none,new_content_required,无六级同词；后续查找有证据的词族关系。
cet4-w-79904116558b64dc3174,mysterious,listed_related,true,,,none,new_content_required,无六级同词；后续查找有证据的词族关系。
cet4-w-e2fd64f7fb9b9b1a4bf8,mystery,headword,true,,,none,new_content_required,无六级同词；后续查找有证据的词族关系。
cet4-w-addc3e647d3878869d8a,myth,headword,false,2eaa70c6-1c36-4880-9291-f7b6a28577ab,myth,exact,pending_content_review,同词命中仅建立审核入口；不自动复制释义、拆词或巧记。
cet4-w-6b6959b6dc62b15f81cd,mythical,listed_related,false,,,none,new_content_required,无六级同词；后续查找有证据的词族关系。
cet4-w-01a9d9740ad1af89a339,mythology,listed_related,false,,,none,new_content_required,无六级同词；后续查找有证据的词族关系。
cet4-w-7fbd3f6350f76f9ae69c,nail,headword,true,87d521dd-066c-4e00-8ea8-05de4f538d51,nail,exact,pending_content_review,同词命中仅建立审核入口；不自动复制释义、拆词或巧记。
cet4-w-540d546c2b8b81641b0a,naked,headword,true,,,none,new_content_required,无六级同词；后续查找有证据的词族关系。
cet4-w-7de52587d927fb2a8a4c,name,headword,false,c396d3cd-e68a-4f03-b25a-750ab0e1d41e,name,exact,pending_content_review,同词命中仅建立审核入口；不自动复制释义、拆词或巧记。
cet4-w-e0b873b6c0bc3ea668e8,namely,headword,true,,,none,new_content_required,无六级同词；后续查找有证据的词族关系。
cet4-w-9b61ebf5988006d25562,nap,headword,true,7796fcc3-45d8-42a4-9213-7fe7f98c2883,nap,exact,pending_content_review,同词命中仅建立审核入口；不自动复制释义、拆词或巧记。
cet4-w-75907434d3650f202a52,napkin,headword,false,c6ac1acb-36bb-4841-b0fa-710f0aae74e1,napkin,exact,pending_content_review,同词命中仅建立审核入口；不自动复制释义、拆词或巧记。
cet4-w-095bdfc0195f61963787,narrate,headword,false,70ceb7af-0991-41a2-bfa7-22fef704427f,narrate,exact,pending_content_review,同词命中仅建立审核入口；不自动复制释义、拆词或巧记。
cet4-w-671fa6bcfc77568ddfe3,narration,listed_related,false,bd344297-be67-4cc1-8c71-44230dc2e514,narration,exact,pending_content_review,同词命中仅建立审核入口；不自动复制释义、拆词或巧记。
cet4-w-6e375f68231a42b96533,narrative,listed_related,false,add6bba3-0fcc-4067-89cd-5d76d3c841b4,narrative,exact,pending_content_review,同词命中仅建立审核入口；不自动复制释义、拆词或巧记。
cet4-w-6ba72d61f7c19318f09c,narrator,listed_related,false,,,none,new_content_required,无六级同词；后续查找有证据的词族关系。
cet4-w-b7d6cb81c70a0fb8c028,narrow,headword,true,,,none,new_content_required,无六级同词；后续查找有证据的词族关系。
cet4-w-ff8f95c27b537c118b55,narrowly,listed_related,false,,,none,new_content_required,无六级同词；后续查找有证据的词族关系。
cet4-w-7f897690b93b4f3d24fc,nasty,headword,true,b3567e76-a79f-470a-ae5e-5dee5b8615e9,nasty,exact,pending_content_review,同词命中仅建立审核入口；不自动复制释义、拆词或巧记。
cet4-w-1340277ef76cfc85471f,nation,headword,true,29c5af13-d604-45ef-be4b-e9c56189acae,nation,exact,pending_content_review,同词命中仅建立审核入口；不自动复制释义、拆词或巧记。
cet4-w-3ba058bdbef6113ae98e,national,listed_related,true,e55c88bc-bc96-4307-a797-c5aa808cc734,national,exact,pending_content_review,同词命中仅建立审核入口；不自动复制释义、拆词或巧记。
cet4-w-0198d85fe823d142d7bf,nationalism,listed_related,false,,,none,new_content_required,无六级同词；后续查找有证据的词族关系。
cet4-w-9ad31c381972d6871f07,nationalist,listed_related,false,,,none,new_content_required,无六级同词；后续查找有证据的词族关系。
cet4-w-377119164ad50cbd2ece,nationality,listed_related,true,,,none,new_content_required,无六级同词；后续查找有证据的词族关系。
cet4-w-c6554db19c424772f85a,nationwide,headword,false,,,none,new_content_required,无六级同词；后续查找有证据的词族关系。
cet4-w-cd27b09a401c5fa0ad97,native,headword,true,,,none,new_content_required,无六级同词；后续查找有证据的词族关系。
cet4-w-5d2bfed61867af92d955,natural,listed_related,true,2e969c15-b522-4a62-8356-c785741d6b56,natural,exact,pending_content_review,同词命中仅建立审核入口；不自动复制释义、拆词或巧记。
cet4-w-903695a96bc50f66667d,naturally,listed_related,true,eadca536-6313-43e2-b105-37dc2543360d,naturally,exact,pending_content_review,同词命中仅建立审核入口；不自动复制释义、拆词或巧记。
cet4-w-6e7d586693335ac35181,nature,headword,true,77c1449c-df19-4d26-8a54-f22a094e8dba,nature,exact,pending_content_review,同词命中仅建立审核入口；不自动复制释义、拆词或巧记。
cet4-w-b2d1d70ad5283faa9bdb,naughty,headword,true,,,none,new_content_required,无六级同词；后续查找有证据的词族关系。
cet4-w-b29d4e60aeae1aa3b87a,naval,listed_related,true,06c4c325-ce01-45f8-95d3-9234263ce0b1,naval,exact,pending_content_review,同词命中仅建立审核入口；不自动复制释义、拆词或巧记。
cet4-w-5687f84757e6e72d7ae3,navy,headword,true,8118d16c-1b43-45b3-b111-9df9459925cf,navy,exact,pending_content_review,同词命中仅建立审核入口；不自动复制释义、拆词或巧记。
cet4-w-f2524ee58795a9fb4f6c,near,headword,false,,,none,new_content_required,无六级同词；后续查找有证据的词族关系。
cet4-w-ebcc51f0d03728545693,nearby,headword,true,,,none,new_content_required,无六级同词；后续查找有证据的词族关系。
cet4-w-4004d3e35c2b2d4d8959,nearly,listed_related,false,,,none,new_content_required,无六级同词；后续查找有证据的词族关系。
cet4-w-67d42f42418b2eaf1a6c,neat,headword,true,,,none,new_content_required,无六级同词；后续查找有证据的词族关系。
cet4-w-034b66a5f356d25e3871,necessarily,listed_related,true,,,none,new_content_required,无六级同词；后续查找有证据的词族关系。
cet4-w-a49a2c5b1472dfa96a83,necessary,headword,false,08191841-1b01-420e-b1f7-5aa53cc30283,necessary,exact,pending_content_review,同词命中仅建立审核入口；不自动复制释义、拆词或巧记。
cet4-w-1182305c3b853adbea12,necessitate,listed_related,false,264b1c88-e3d4-4c04-b47c-b3ec143255f1,necessitate,exact,pending_content_review,同词命中仅建立审核入口；不自动复制释义、拆词或巧记。
cet4-w-4fe42db77271ebc4afff,necessity,headword,true,2b48eda9-6257-4977-a38e-f120b160e6b0,necessity,exact,pending_content_review,同词命中仅建立审核入口；不自动复制释义、拆词或巧记。
cet4-w-576cf6276dd48175e418,neck,headword,true,f98102c7-9f0a-4da9-a6f0-782dabd8bb62,neck,exact,pending_content_review,同词命中仅建立审核入口；不自动复制释义、拆词或巧记。
cet4-w-05728fdf1d9ab0f94564,necklace,headword,true,,,none,new_content_required,无六级同词；后续查找有证据的词族关系。
cet4-w-ba467fdfc4fa6a3b758b,need,headword,false,,,none,new_content_required,无六级同词；后续查找有证据的词族关系。
cet4-w-592efbc998804ed4805b,needle,headword,true,,,none,new_content_required,无六级同词；后续查找有证据的词族关系。
cet4-w-e9b22f353deb84c2c3a7,needy,listed_related,false,,,none,new_content_required,无六级同词；后续查找有证据的词族关系。
cet4-w-b3053cfe0fa854d3d61e,negate,headword,false,,,none,new_content_required,无六级同词；后续查找有证据的词族关系。
cet4-w-134a64d061615ac8ddc6,negation,listed_related,false,,,none,new_content_required,无六级同词；后续查找有证据的词族关系。
cet4-w-201105310dda6bc19956,negative,listed_related,true,79b31af7-b49f-42d9-b595-8a463d7a022c,negative,exact,pending_content_review,同词命中仅建立审核入口；不自动复制释义、拆词或巧记。
cet4-w-577d05bac5a94fe8de7b,neglect,headword,true,baf6a3bd-6887-4959-8571-65a1e6d938a0,neglect,exact,pending_content_review,同词命中仅建立审核入口；不自动复制释义、拆词或巧记。
cet4-w-185c9e90c62f04507514,neglectful,listed_related,false,e6197b9f-6260-479d-b13e-87fe7adb6cde,neglectful,exact,pending_content_review,同词命中仅建立审核入口；不自动复制释义、拆词或巧记。
cet4-w-5539b7c5632e04fa409b,negotiable,listed_related,false,e229d957-03d6-4935-91f3-ec224af4d761,negotiable,exact,pending_content_review,同词命中仅建立审核入口；不自动复制释义、拆词或巧记。
cet4-w-f1e9efe2de8c22c0052a,negotiate,headword,false,e7f91d12-2e22-4a4e-91fc-7a4829e09668,negotiate,exact,pending_content_review,同词命中仅建立审核入口；不自动复制释义、拆词或巧记。
cet4-w-c9a3fa48a47cbdbeaa80,negotiation,listed_related,false,9a895542-c99c-452f-8678-1cae260da62e,negotiation,exact,pending_content_review,同词命中仅建立审核入口；不自动复制释义、拆词或巧记。
cet4-w-fea6469ec28e11caece5,neighbor,headword,true,,,none,new_content_required,无六级同词；后续查找有证据的词族关系。
cet4-w-d21a3159eabbc5a80ce9,neighborhood,listed_related,true,,,none,new_content_required,无六级同词；后续查找有证据的词族关系。
cet4-w-2f458e7dd2895bdb5070,neither,headword,false,,,none,new_content_required,无六级同词；后续查找有证据的词族关系。
cet4-w-fc56c8c616b25925ce8f,nephew,headword,true,,,none,new_content_required,无六级同词；后续查找有证据的词族关系。
cet4-w-a14e221fa5f9f5a94613,nerve,headword,true,,,none,new_content_required,无六级同词；后续查找有证据的词族关系。
cet4-w-e99b4690425c998121f6,nervous,listed_related,true,,,none,new_content_required,无六级同词；后续查找有证据的词族关系。
cet4-w-d792d505f0b68a7f1809,nest,headword,true,,,none,new_content_required,无六级同词；后续查找有证据的词族关系。
cet4-w-f62cb5f609182c8534d9,net,headword,true,,,none,new_content_required,无六级同词；后续查找有证据的词族关系。
cet4-w-8be8e79fd166f596b7eb,network,headword,true,,,none,new_content_required,无六级同词；后续查找有证据的词族关系。
cet4-w-65cd27db40c741faafc8,networking,listed_related,false,,,none,new_content_required,无六级同词；后续查找有证据的词族关系。
cet4-w-ee1f2d5a92cfa67b7860,neutral,headword,true,ae2acad2-0b06-4530-9756-d203598eb1bf,neutral,exact,pending_content_review,同词命中仅建立审核入口；不自动复制释义、拆词或巧记。
cet4-w-5efc1815f36a581e70d0,neutrality,listed_related,false,2ce66a5f-26c4-4e74-a6cd-6948f7f3ed48,neutrality,exact,pending_content_review,同词命中仅建立审核入口；不自动复制释义、拆词或巧记。
cet4-w-ad45a2419581ee5b2e7c,neutralize,listed_related,false,c1d8502b-e158-4adf-9885-b9e273b6757b,neutralize,exact,pending_content_review,同词命中仅建立审核入口；不自动复制释义、拆词或巧记。
cet4-w-babf092c4fdb177a94b3,never,headword,false,,,none,new_content_required,无六级同词；后续查找有证据的词族关系。
cet4-w-9e2557a8ec7d1c6c9019,nevertheless,headword,true,,,none,new_content_required,无六级同词；后续查找有证据的词族关系。
cet4-w-2174b079a5c348096021,new,headword,false,,,none,new_content_required,无六级同词；后续查找有证据的词族关系。
cet4-w-5717d2c57921f707fd55,news,headword,false,,,none,new_content_required,无六级同词；后续查找有证据的词族关系。
cet4-w-ef0a124f24fcdea9f25a,newspaper,headword,false,,,none,new_content_required,无六级同词；后续查找有证据的词族关系。
cet4-w-567852a93094c238ad5d,next,headword,false,c9119ce6-349d-424f-a794-9b3a34989fb9,next,exact,pending_content_review,同词命中仅建立审核入口；不自动复制释义、拆词或巧记。
cet4-w-5a19de448e7ec0c21103,nice,headword,false,,,none,new_content_required,无六级同词；后续查找有证据的词族关系。
cet4-w-c19cb61ada5b05a09f63,nicety,listed_related,false,,,none,new_content_required,无六级同词；后续查找有证据的词族关系。
cet4-w-7a6ce0f04f97b4882b97,nickel,headword,false,,,none,new_content_required,无六级同词；后续查找有证据的词族关系。
cet4-w-8c786400de7cd258eec7,niece,headword,true,,,none,new_content_required,无六级同词；后续查找有证据的词族关系。
cet4-w-8394c3ee6ec020e1a2f2,night,headword,false,213b810b-45ab-4535-982a-b7985934372a,night,exact,pending_content_review,同词命中仅建立审核入口；不自动复制释义、拆词或巧记。
cet4-w-8c37cb7bba2cadaf469d,nightly,listed_related,false,,,none,new_content_required,无六级同词；后续查找有证据的词族关系。
cet4-w-5e6d1bac995f1ac6ad02,nightmare,headword,false,,,none,new_content_required,无六级同词；后续查找有证据的词族关系。
cet4-w-de720a7a01a4edb91e84,nine,headword,false,,,none,new_content_required,无六级同词；后续查找有证据的词族关系。
cet4-w-58daac4f915c578bbf5d,nineteen,headword,true,,,none,new_content_required,无六级同词；后续查找有证据的词族关系。
cet4-w-c7f160ec762d70f15882,ninety,headword,false,,,none,new_content_required,无六级同词；后续查找有证据的词族关系。
cet4-w-76154221802a52efcea3,ninth,headword,false,,,none,new_content_required,无六级同词；后续查找有证据的词族关系。
cet4-w-ab6b8f610837afe9c074,no,headword,false,,,none,new_content_required,无六级同词；后续查找有证据的词族关系。
cet4-w-1d78bab849e9c3669c0b,nobility,listed_related,false,,,none,new_content_required,无六级同词；后续查找有证据的词族关系。
cet4-w-0f1f351abeb72d2f348b,noble,headword,true,,,none,new_content_required,无六级同词；后续查找有证据的词族关系。
cet4-w-1ad2bcbfca64eac26454,nobody,headword,false,,,none,new_content_required,无六级同词；后续查找有证据的词族关系。
cet4-w-64af3a67aed9c3f1958b,nod,headword,true,,,none,new_content_required,无六级同词；后续查找有证据的词族关系。
cet4-w-e1ae3e6dd865f8ed0cae,noise,headword,false,,,none,new_content_required,无六级同词；后续查找有证据的词族关系。
cet4-w-bdfb8d139e3480c9a7ae,noisy,listed_related,true,,,none,new_content_required,无六级同词；后续查找有证据的词族关系。
cet4-w-3284808d1454f164967b,none,headword,false,d9f99950-e2d6-4812-a3e4-f658903672d3,none,exact,pending_content_review,同词命中仅建立审核入口；不自动复制释义、拆词或巧记。
cet4-w-f11c14f3351436c58508,nonsense,headword,true,,,none,new_content_required,无六级同词；后续查找有证据的词族关系。
cet4-w-3e551f0d9963e78e5eb5,noodle,headword,false,,,none,new_content_required,无六级同词；后续查找有证据的词族关系。
cet4-w-c919b173bdf2f74d202a,noon,headword,false,,,none,new_content_required,无六级同词；后续查找有证据的词族关系。
cet4-w-175f6acbce4e98878f69,nor,headword,false,,,none,new_content_required,无六级同词；后续查找有证据的词族关系。
cet4-w-d6e4f2dc38675fd29830,norm,headword,false,0cb98fce-79d9-423b-a0ca-1563eeae8563,norm,exact,pending_content_review,同词命中仅建立审核入口；不自动复制释义、拆词或巧记。
cet4-w-2b047061126e5997cff6,normal,headword,true,ec4eb4b0-4baf-458b-90f5-7a322476129b,normal,exact,pending_content_review,同词命中仅建立审核入口；不自动复制释义、拆词或巧记。
cet4-w-262543a3677bbdb1cbbc,normalization,listed_related,false,,,none,new_content_required,无六级同词；后续查找有证据的词族关系。
cet4-w-ba3332685b8727788429,normalize,listed_related,false,b4f7ae7b-97ca-45ba-b9da-e7651fa12fc4,normalize,exact,pending_content_review,同词命中仅建立审核入口；不自动复制释义、拆词或巧记。
cet4-w-e54068437d5f6bddd87e,normally,listed_related,true,afc23002-7eed-4bf6-b0b8-f3512f6569e2,normally,exact,pending_content_review,同词命中仅建立审核入口；不自动复制释义、拆词或巧记。
cet4-w-441fed11977ccaf97392,north,headword,false,,,none,new_content_required,无六级同词；后续查找有证据的词族关系。
cet4-w-3e315e24bddfcc452a2b,northeast,headword,true,,,none,new_content_required,无六级同词；后续查找有证据的词族关系。
cet4-w-1482774eabfa1b259671,northeastern,listed_related,false,,,none,new_content_required,无六级同词；后续查找有证据的词族关系。
cet4-w-82b48e7d16d0d69af23c,northern,listed_related,true,,,none,new_content_required,无六级同词；后续查找有证据的词族关系。
cet4-w-faa444aad2b91184b22f,northwest,headword,true,,,none,new_content_required,无六级同词；后续查找有证据的词族关系。
cet4-w-73cbb974250186046e82,northwestern,listed_related,false,,,none,new_content_required,无六级同词；后续查找有证据的词族关系。
cet4-w-49f15187413548a0ecd8,nose,headword,false,,,none,new_content_required,无六级同词；后续查找有证据的词族关系。
cet4-w-76d383a914d180bdfba9,nosy,listed_related,false,,,none,new_content_required,无六级同词；后续查找有证据的词族关系。
cet4-w-01015734c7e89c117b92,not,headword,false,,,none,new_content_required,无六级同词；后续查找有证据的词族关系。
cet4-w-de39ee7e7049e883a4be,notable,listed_related,false,e7562c4d-56e6-4a7f-aeb6-6b74618951a0,notable,exact,pending_content_review,同词命中仅建立审核入口；不自动复制释义、拆词或巧记。
cet4-w-8d6c88462c6bb934cf3a,notation,listed_related,false,1136aa6c-c20d-4b7c-bc94-b03c156b969a,notation,exact,pending_content_review,同词命中仅建立审核入口；不自动复制释义、拆词或巧记。
cet4-w-dfab53c57ce08dc95823,note,headword,false,01445cbc-0a8e-4511-9cce-42a8d1c6b19c,note,exact,pending_content_review,同词命中仅建立审核入口；不自动复制释义、拆词或巧记。
cet4-w-6adc6d99c9c75dc625dd,notebook,headword,true,,,none,new_content_required,无六级同词；后续查找有证据的词族关系。
cet4-w-657fb589136154eca644,nothing,headword,false,,,none,new_content_required,无六级同词；后续查找有证据的词族关系。
cet4-w-5cf23c36701b075fe6e6,notice,headword,true,827d431b-1de8-4984-9aa4-8f7e0aac1c83,notice,exact,pending_content_review,同词命中仅建立审核入口；不自动复制释义、拆词或巧记。
cet4-w-0dcc55a9ce2720c0e320,noticeable,listed_related,true,55f3199b-3413-444c-a937-5c34e9afcb75,noticeable,exact,pending_content_review,同词命中仅建立审核入口；不自动复制释义、拆词或巧记。
cet4-w-d23501334810de6d4f34,notification,listed_related,false,,,none,new_content_required,无六级同词；后续查找有证据的词族关系。
cet4-w-5adb037cd11fdf769aef,notify,headword,true,74a643f3-d34f-4b4e-a6e9-a32e6b051e61,notify,exact,pending_content_review,同词命中仅建立审核入口；不自动复制释义、拆词或巧记。
cet4-w-44c21f95e39f67712f4e,notion,headword,true,54a34a23-f212-4873-a02b-22407ce57c7c,notion,exact,pending_content_review,同词命中仅建立审核入口；不自动复制释义、拆词或巧记。
cet4-w-ffc1a283cc36aaa8f175,notional,listed_related,false,8c305b15-feda-47e8-82b5-77924ab4956a,notional,exact,pending_content_review,同词命中仅建立审核入口；不自动复制释义、拆词或巧记。
cet4-w-f159f6cb49253c0ff8db,noun,headword,true,,,none,new_content_required,无六级同词；后续查找有证据的词族关系。
cet4-w-f4fc4a0b054a868f953c,nourish,headword,false,55f0f8b0-5690-436d-ad9c-539d8724abf8,nourish,exact,pending_content_review,同词命中仅建立审核入口；不自动复制释义、拆词或巧记。
cet4-w-5b604fb309785cf8d07a,nourishment,listed_related,false,77385c53-438a-4b58-88ca-3bbc8f4008bb,nourishment,exact,pending_content_review,同词命中仅建立审核入口；不自动复制释义、拆词或巧记。
cet4-w-6038da16ada031bcd82b,novel,headword,true,5e0f4e3b-5f6d-47d3-b9aa-3562a78b026b,novel,exact,pending_content_review,同词命中仅建立审核入口；不自动复制释义、拆词或巧记。
cet4-w-f6076aa0f658a072cd72,novelist,listed_related,false,,,none,new_content_required,无六级同词；后续查找有证据的词族关系。
cet4-w-879c42ac36d7c21eebd5,novelty,listed_related,false,f247007c-bef5-49a1-8bf4-d314fb82f935,novelty,exact,pending_content_review,同词命中仅建立审核入口；不自动复制释义、拆词或巧记。
cet4-w-c3c99bbc80997c2eafe5,November,headword,false,,,none,new_content_required,无六级同词；后续查找有证据的词族关系。
cet4-w-c19200eacc72bd8415b5,now,headword,false,,,none,new_content_required,无六级同词；后续查找有证据的词族关系。
cet4-w-eb83e61dd14addaaa5f9,nowadays,headword,true,,,none,new_content_required,无六级同词；后续查找有证据的词族关系。
cet4-w-36d8e386bd58c179164a,nowhere,headword,true,a34cefa5-4fc0-45f8-b828-394a7ae6d106,nowhere,exact,pending_content_review,同词命中仅建立审核入口；不自动复制释义、拆词或巧记。
cet4-w-5b47971d64e8f3b94127,nuclear,headword,true,1e8807b4-95d9-4b00-813b-a7d73694b821,nuclear,exact,pending_content_review,同词命中仅建立审核入口；不自动复制释义、拆词或巧记。
cet4-w-37aa6ddce89d88132ea1,nucleus,listed_related,true,ca395ffd-30f5-4db7-80ea-b7d2424b3cf4,nucleus,exact,pending_content_review,同词命中仅建立审核入口；不自动复制释义、拆词或巧记。
cet4-w-7a39ef1db671473d8aca,nude,headword,false,,,none,new_content_required,无六级同词；后续查找有证据的词族关系。
cet4-w-c4acf03266b17db9edab,nudity,listed_related,false,,,none,new_content_required,无六级同词；后续查找有证据的词族关系。
cet4-w-e409a216d7e69035e60e,nuisance,headword,true,,,none,new_content_required,无六级同词；后续查找有证据的词族关系。
cet4-w-f93105df517938a0619d,number,headword,false,da092ac2-1ea1-4939-a629-9d931572ced8,number,exact,pending_content_review,同词命中仅建立审核入口；不自动复制释义、拆词或巧记。
cet4-w-45ed6dcbda582c02a78a,numerous,headword,true,2c4c7d33-affe-4459-8f71-ba3315c0ec69,numerous,exact,pending_content_review,同词命中仅建立审核入口；不自动复制释义、拆词或巧记。
cet4-w-7e46723da861b5bd4bcd,nurse,headword,false,,,none,new_content_required,无六级同词；后续查找有证据的词族关系。
cet4-w-e7ac1059db14138ad219,nursery,headword,true,,,none,new_content_required,无六级同词；后续查找有证据的词族关系。
cet4-w-3d2d0edfb8464ae73ae9,nut,headword,true,61fe6362-1331-48fa-8656-31a84f0cb31c,nut,exact,pending_content_review,同词命中仅建立审核入口；不自动复制释义、拆词或巧记。
cet4-w-36be4f5b3cc009bf343e,nutrient,listed_related,false,,,none,new_content_required,无六级同词；后续查找有证据的词族关系。
cet4-w-dcce2f68e38b65407225,nutrition,headword,false,5586c443-a770-4458-88a4-2d44159b7b65,nutrition,exact,pending_content_review,同词命中仅建立审核入口；不自动复制释义、拆词或巧记。
cet4-w-647d71898dfd17644421,o'clock,headword,false,,,none,new_content_required,无六级同词；后续查找有证据的词族关系。
cet4-w-0df8e5051007e005e116,obedience,listed_related,false,e0c4baca-d6f0-4086-a48c-869f2fa67a9f,obedience,exact,pending_content_review,同词命中仅建立审核入口；不自动复制释义、拆词或巧记。
cet4-w-91c7a77c4382204fe130,obedient,listed_related,false,fe10f182-5d44-42b5-b943-9a4be260a413,obedient,exact,pending_content_review,同词命中仅建立审核入口；不自动复制释义、拆词或巧记。
cet4-w-8ba43753eb8bd499b3eb,obese,headword,false,,,none,new_content_required,无六级同词；后续查找有证据的词族关系。
cet4-w-fdef699b471ba01878c6,obesity,listed_related,false,,,none,new_content_required,无六级同词；后续查找有证据的词族关系。
cet4-w-2868dfbbe96e3f1b2924,obey,headword,true,9f3a744f-a79a-4709-90ea-f005ce8bf12a,obey,exact,pending_content_review,同词命中仅建立审核入口；不自动复制释义、拆词或巧记。
cet4-w-6f452b8726b980a0430f,object,headword,true,04ced793-31e3-4b33-b3e1-409ded541ce2,object,exact,pending_content_review,同词命中仅建立审核入口；不自动复制释义、拆词或巧记。
cet4-w-2c00d214731747562b0d,objection,listed_related,true,e7460c9c-cdf8-4e2f-bf52-1ae71742b316,objection,exact,pending_content_review,同词命中仅建立审核入口；不自动复制释义、拆词或巧记。
cet4-w-03676b8c6f9844cb1cfe,objective,headword,true,91e62da3-9ff3-4840-ae89-c5b0dcb8c199,objective,exact,pending_content_review,同词命中仅建立审核入口；不自动复制释义、拆词或巧记。
cet4-w-4786b7a0e6ac4c8b9673,obligation,listed_related,true,e0ef614f-b4a0-47be-91d0-4cb165a432c4,obligation,exact,pending_content_review,同词命中仅建立审核入口；不自动复制释义、拆词或巧记。
cet4-w-78d47e6d319914573452,obligatory,listed_related,false,c1d50fd9-6c6b-46c7-b1bb-318be39c3d19,obligatory,exact,pending_content_review,同词命中仅建立审核入口；不自动复制释义、拆词或巧记。
cet4-w-c42eeaa5eef8dc9fbbec,oblige,headword,true,,,none,new_content_required,无六级同词；后续查找有证据的词族关系。
cet4-w-5eba5c2841337182d5b8,obliged,listed_related,false,,,none,new_content_required,无六级同词；后续查找有证据的词族关系。
cet4-w-bf1d4cc75ea968e0049e,observant,listed_related,false,c7bedc4d-619d-4df0-b9be-b4cb6785f23a,observant,exact,pending_content_review,同词命中仅建立审核入口；不自动复制释义、拆词或巧记。
cet4-w-d73e0e1554053ae4bd53,observation,listed_related,true,69d25d53-b875-439a-ae49-4fc8c0e65f35,observation,exact,pending_content_review,同词命中仅建立审核入口；不自动复制释义、拆词或巧记。
cet4-w-b5a1e6d1dfdc42de42bb,observe,headword,true,c2dd3f28-f646-460e-b3e2-c03b931b2760,observe,exact,pending_content_review,同词命中仅建立审核入口；不自动复制释义、拆词或巧记。
cet4-w-e66e4d4cc6830198989b,observer,listed_related,true,9c4a4aa2-b771-4cb3-834b-9b5599e0872d,observer,exact,pending_content_review,同词命中仅建立审核入口；不自动复制释义、拆词或巧记。
cet4-w-8d9380c574d4c2790790,obstacle,headword,true,f1c5afb4-73ae-4ada-9d45-4306a9fca877,obstacle,exact,pending_content_review,同词命中仅建立审核入口；不自动复制释义、拆词或巧记。
cet4-w-eaf59a354e8b7cf4297a,obtain,headword,true,c2abfa31-193a-4d8b-8ffa-6eda9c21936c,obtain,exact,pending_content_review,同词命中仅建立审核入口；不自动复制释义、拆词或巧记。
cet4-w-f91cb316659a68d4c780,obtainment,listed_related,false,,,none,new_content_required,无六级同词；后续查找有证据的词族关系。
cet4-w-baf7c396a6ddc75e4fbe,obvious,headword,true,,,none,new_content_required,无六级同词；后续查找有证据的词族关系。
cet4-w-29bf06b3a9bcadca3157,obviously,listed_related,true,,,none,new_content_required,无六级同词；后续查找有证据的词族关系。
cet4-w-8c41a86bb84c1b407930,occasion,headword,true,24bebad7-4252-4ed2-a456-2dd324a95d00,occasion,exact,pending_content_review,同词命中仅建立审核入口；不自动复制释义、拆词或巧记。
cet4-w-150ab72d1726f27a54bf,occasional,listed_related,true,e8aba5b5-4472-4042-aaa8-8b0a424f8c22,occasional,exact,pending_content_review,同词命中仅建立审核入口；不自动复制释义、拆词或巧记。
cet4-w-4b7d0cce6c9315c54284,occasionally,listed_related,true,8ed14034-0e85-41d8-83cc-ef5dcae2f0d3,occasionally,exact,pending_content_review,同词命中仅建立审核入口；不自动复制释义、拆词或巧记。
cet4-w-d37162ed5fee323d86c2,occupancy,listed_related,false,,,none,new_content_required,无六级同词；后续查找有证据的词族关系。
cet4-w-c7427809fc2c9cc17e81,occupant,listed_related,false,c3b98a83-9d4e-401f-8dec-bbbf7266a538,occupant,exact,pending_content_review,同词命中仅建立审核入口；不自动复制释义、拆词或巧记。
cet4-w-af4511541b2a55dc7cc0,occupation,headword,true,ed8418d1-e035-4a6f-9bca-cfefc8660611,occupation,exact,pending_content_review,同词命中仅建立审核入口；不自动复制释义、拆词或巧记。
cet4-w-2b7b27b6416e972e9380,occupational,listed_related,false,c0cb3c88-4ff9-4fd6-9288-c8e5340fb8e0,occupational,exact,pending_content_review,同词命中仅建立审核入口；不自动复制释义、拆词或巧记。
cet4-w-ef6864bd8ac441e8ba9d,occupy,headword,true,c76c6a33-4594-4f9b-8720-0d95975a3101,occupy,exact,pending_content_review,同词命中仅建立审核入口；不自动复制释义、拆词或巧记。
cet4-w-1b1571021dd594e7868d,occur,headword,true,51506c5e-1407-4287-90d9-83b953a2571a,occur,exact,pending_content_review,同词命中仅建立审核入口；不自动复制释义、拆词或巧记。
cet4-w-d3314abcdb0d8c665af3,occurrence,listed_related,true,dd7df190-f0c2-459e-b58e-5741db00cd88,occurrence,exact,pending_content_review,同词命中仅建立审核入口；不自动复制释义、拆词或巧记。
cet4-w-ad1f1ea4c23d757171be,ocean,headword,true,,,none,new_content_required,无六级同词；后续查找有证据的词族关系。
cet4-w-04003944345005b4f8f2,oceanic,listed_related,false,,,none,new_content_required,无六级同词；后续查找有证据的词族关系。
cet4-w-31cef69018ad6d60179d,October,headword,false,,,none,new_content_required,无六级同词；后续查找有证据的词族关系。
cet4-w-fd6003110a56f3af9c39,odd,headword,true,,,none,new_content_required,无六级同词；后续查找有证据的词族关系。
cet4-w-a86bb33f5b15b65073ef,oddity,listed_related,false,,,none,new_content_required,无六级同词；后续查找有证据的词族关系。
cet4-w-c00e6f9227505d5443e0,odds,headword,false,,,none,new_content_required,无六级同词；后续查找有证据的词族关系。
cet4-w-ca0f2dc53b0d3b66b597,odor,headword,true,d31288f2-6b1f-48e5-9008-ba6df2a4b74a,odor,exact,pending_content_review,同词命中仅建立审核入口；不自动复制释义、拆词或巧记。
cet4-w-f50c5f92691eb519295f,odorous,listed_related,false,49025601-0171-4d07-97f1-7bf7f73ea8a0,odorous,exact,pending_content_review,同词命中仅建立审核入口；不自动复制释义、拆词或巧记。
cet4-w-be7874648934612b4c3a,of,headword,false,,,none,new_content_required,无六级同词；后续查找有证据的词族关系。
cet4-w-2e36fdff598733e447df,off,headword,false,0eb5ce01-069a-4f04-af8b-739861ed8129,off,exact,pending_content_review,同词命中仅建立审核入口；不自动复制释义、拆词或巧记。
cet4-w-9923bd2e99733e6b3c0e,offend,headword,true,f82eef8e-ef96-49b0-8d46-8bd2bfd16475,offend,exact,pending_content_review,同词命中仅建立审核入口；不自动复制释义、拆词或巧记。
cet4-w-a2a28d11999d08801241,offender,listed_related,false,8f0dcf5c-bcd3-466d-8bbb-9b1cc7608729,offender,exact,pending_content_review,同词命中仅建立审核入口；不自动复制释义、拆词或巧记。
cet4-w-16dd8723183f4e0c73bd,offense,listed_related,false,9583322d-2896-4645-be89-da62176e342d,offense,exact,pending_content_review,同词命中仅建立审核入口；不自动复制释义、拆词或巧记。
cet4-w-b57428478a6b463fe6c7,offensive,listed_related,false,acd8d49f-4b2d-4cda-bcec-c4274f90f0d6,offensive,exact,pending_content_review,同词命中仅建立审核入口；不自动复制释义、拆词或巧记。
cet4-w-56c1cf9c7cd080f1fbda,offer,headword,true,4a8d82c4-efee-4a19-ba1b-025f360c3404,offer,exact,pending_content_review,同词命中仅建立审核入口；不自动复制释义、拆词或巧记。
cet4-w-0e3245882363cacf69bd,offering,listed_related,false,,,none,new_content_required,无六级同词；后续查找有证据的词族关系。
cet4-w-2e6623eb3cd211442a0c,office,headword,false,,,none,new_content_required,无六级同词；后续查找有证据的词族关系。
cet4-w-eeb33f0a98e452a0404c,officer,headword,true,,,none,new_content_required,无六级同词；后续查找有证据的词族关系。
cet4-w-cf433a6ef0a7730ad999,official,headword,true,,,none,new_content_required,无六级同词；后续查找有证据的词族关系。
cet4-w-8be558ef695c6fedcd6a,often,headword,false,,,none,new_content_required,无六级同词；后续查找有证据的词族关系。
cet4-w-241514685889d0980201,oftentimes,headword,false,,,none,new_content_required,无六级同词；后续查找有证据的词族关系。
cet4-w-56e806f45e59d1d4cf31,oil,headword,true,96d74c35-c7e6-43ed-a255-1630ff9bc034,oil,exact,pending_content_review,同词命中仅建立审核入口；不自动复制释义、拆词或巧记。
cet4-w-4903046a3e591aaf96c4,oily,listed_related,false,,,none,new_content_required,无六级同词；后续查找有证据的词族关系。
cet4-w-5c44e511d6dcd2a5a4b4,okay,headword,true,,,none,new_content_required,无六级同词；后续查找有证据的词族关系。
cet4-w-213a5286180f4bcd1387,old,headword,false,,,none,new_content_required,无六级同词；后续查找有证据的词族关系。
cet4-w-73885a17ff86b8b27f32,old-fashioned,headword,false,,,none,new_content_required,无六级同词；后续查找有证据的词族关系。
cet4-w-a4df0aebc66e5fabd3d9,Olympiad,listed_related,false,,,none,new_content_required,无六级同词；后续查找有证据的词族关系。
cet4-w-e7419bfa557afb675252,Olympic,headword,false,,,none,new_content_required,无六级同词；后续查找有证据的词族关系。
cet4-w-f72cca3b2235143e9d03,Olympics,listed_related,false,,,none,new_content_required,无六级同词；后续查找有证据的词族关系。
cet4-w-05b19ea5e2e343e4832a,omission,listed_related,false,,,none,new_content_required,无六级同词；后续查找有证据的词族关系。
cet4-w-edf5e5ea3fa8a480b044,omit,headword,true,,,none,new_content_required,无六级同词；后续查找有证据的词族关系。
cet4-w-1393c06bc1701e7fd1d7,on,headword,false,3090e71f-ead1-49e6-8ef2-520fb888aaf2,on,exact,pending_content_review,同词命中仅建立审核入口；不自动复制释义、拆词或巧记。
cet4-w-3b7dcda15607866b1834,once,headword,false,,,none,new_content_required,无六级同词；后续查找有证据的词族关系。
cet4-w-f2468d8058e3e645bda3,one,headword,false,,,none,new_content_required,无六级同词；后续查找有证据的词族关系。
cet4-w-6f0a3825e89b97babac1,oneself,headword,true,,,none,new_content_required,无六级同词；后续查找有证据的词族关系。
cet4-w-66f439fcdb9f3a814819,ongoing,headword,false,,,none,new_content_required,无六级同词；后续查找有证据的词族关系。
cet4-w-fc4bfc5fbb02a858fcea,onion,headword,true,,,none,new_content_required,无六级同词；后续查找有证据的词族关系。
cet4-w-19a87c938d8a621f5048,online,headword,false,,,none,new_content_required,无六级同词；后续查找有证据的词族关系。
cet4-w-b1bbc853b53d72a2db86,only,headword,false,6bf0967d-e569-468b-8a97-de0aebdf3bc5,only,exact,pending_content_review,同词命中仅建立审核入口；不自动复制释义、拆词或巧记。
cet4-w-c807d0a9f6c1dd675ee8,onto,headword,true,,,none,new_content_required,无六级同词；后续查找有证据的词族关系。
cet4-w-0598d40b52c08e897f44,onward,headword,false,,,none,new_content_required,无六级同词；后续查找有证据的词族关系。
cet4-w-87ddb25d08d257b2ee1c,open,headword,false,,,none,new_content_required,无六级同词；后续查找有证据的词族关系。
cet4-w-51f0e8b2e84b331f8fc7,opener,listed_related,false,,,none,new_content_required,无六级同词；后续查找有证据的词族关系。
cet4-w-6f96468bcfa4e49268b4,opening,listed_related,true,62b41a3d-7fac-448d-b0ff-d8b9ffc38eb5,opening,exact,pending_content_review,同词命中仅建立审核入口；不自动复制释义、拆词或巧记。
cet4-w-126e2b5b729a6e71567e,openly,listed_related,false,,,none,new_content_required,无六级同词；后续查找有证据的词族关系。
cet4-w-94926474cf9cdce5b713,opera,headword,true,,,none,new_content_required,无六级同词；后续查找有证据的词族关系。
cet4-w-ae997decc31d57429de4,operate,headword,true,3697b98a-c7fb-4349-bf76-dde4db1fe62d,operate,exact,pending_content_review,同词命中仅建立审核入口；不自动复制释义、拆词或巧记。
cet4-w-444c738880687a180cbb,operation,listed_related,true,b2add5d3-351e-43a0-92ef-7681e1297d2f,operation,exact,pending_content_review,同词命中仅建立审核入口；不自动复制释义、拆词或巧记。
cet4-w-dab8b68307844239131f,operational,listed_related,true,,,none,new_content_required,无六级同词；后续查找有证据的词族关系。
cet4-w-04a97a5c04519441b147,operator,listed_related,true,642656ba-5323-4961-82b3-64643c7cd222,operator,exact,pending_content_review,同词命中仅建立审核入口；不自动复制释义、拆词或巧记。
cet4-w-c11fb8b5d7b72b32a3f8,opinion,headword,true,,,none,new_content_required,无六级同词；后续查找有证据的词族关系。
cet4-w-40d035010240700ea942,opponent,listed_related,true,b6effefd-cba8-4c6e-b1d3-e4f099608d52,opponent,exact,pending_content_review,同词命中仅建立审核入口；不自动复制释义、拆词或巧记。
cet4-w-380381f7ee29a115db07,opportunity,headword,true,,,none,new_content_required,无六级同词；后续查找有证据的词族关系。
cet4-w-2243132d496cef2c9c6c,oppose,headword,true,1acd9334-d4dc-49e6-8be1-e9cbc1b23a22,oppose,exact,pending_content_review,同词命中仅建立审核入口；不自动复制释义、拆词或巧记。
cet4-w-f93df862ac89e0fecba4,opposite,headword,true,922257db-6fd5-4a2c-9428-d2fa28a15a70,opposite,exact,pending_content_review,同词命中仅建立审核入口；不自动复制释义、拆词或巧记。
cet4-w-858d97ba9e9b0e3fb91a,opposition,listed_related,false,3a606982-fe36-4eb5-ae10-777ef2f24796,opposition,exact,pending_content_review,同词命中仅建立审核入口；不自动复制释义、拆词或巧记。
cet4-w-dbdf134e80c25c32c266,opt,headword,false,,,none,new_content_required,无六级同词；后续查找有证据的词族关系。
cet4-w-60f69620c1b831dc6301,optimism,headword,false,0b16dcd0-fb7c-4eec-8822-c8f758bdad9f,optimism,exact,pending_content_review,同词命中仅建立审核入口；不自动复制释义、拆词或巧记。
cet4-w-3e46060867008e754a76,optimist,listed_related,false,,,none,new_content_required,无六级同词；后续查找有证据的词族关系。
cet4-w-1397b890deac5467c09d,optimistic,listed_related,true,27481197-eda9-48a6-a04d-a39bc3703d6c,optimistic,exact,pending_content_review,同词命中仅建立审核入口；不自动复制释义、拆词或巧记。
cet4-w-8502293550e011902640,option,listed_related,true,0adf0c0b-9e00-4148-9ee2-3c9502db8560,option,exact,pending_content_review,同词命中仅建立审核入口；不自动复制释义、拆词或巧记。
cet4-w-dbadc8c40027481df94d,optional,listed_related,true,badec43b-daf1-4f25-a19a-39c39ea80e6f,optional,exact,pending_content_review,同词命中仅建立审核入口；不自动复制释义、拆词或巧记。
cet4-w-48468f44fc4231758769,or,headword,false,,,none,new_content_required,无六级同词；后续查找有证据的词族关系。
cet4-w-53ee0e11ef68299259c5,oral,headword,true,db291125-d727-46da-ab5b-e72437a69552,oral,exact,pending_content_review,同词命中仅建立审核入口；不自动复制释义、拆词或巧记。
cet4-w-cfb09700d49484a8299c,orange,headword,false,,,none,new_content_required,无六级同词；后续查找有证据的词族关系。
cet4-w-1c73b04b296014006709,orbit,headword,true,e468aa48-8c0a-4430-b969-7d5a5302251b,orbit,exact,pending_content_review,同词命中仅建立审核入口；不自动复制释义、拆词或巧记。
cet4-w-9b17beecd9118af31bdc,orbital,listed_related,false,aa3c093b-492a-4580-97a0-8bea7e791b42,orbital,exact,pending_content_review,同词命中仅建立审核入口；不自动复制释义、拆词或巧记。
cet4-w-6b90edc75ceb04307391,orchestra,headword,true,b781e155-f9d1-4088-b711-982853e9e023,orchestra,exact,pending_content_review,同词命中仅建立审核入口；不自动复制释义、拆词或巧记。
cet4-w-b14f4d2b04028d2bcac8,order,headword,false,244422e0-e517-4ce7-8caf-f7d2d544b3d0,order,exact,pending_content_review,同词命中仅建立审核入口；不自动复制释义、拆词或巧记。
cet4-w-c4df4445e2d96eb749e3,orderly,listed_related,true,,,none,new_content_required,无六级同词；后续查找有证据的词族关系。
cet4-w-e06d2b0d437c8bb4d519,ordinary,headword,true,12441980-2c16-4ec0-bf3f-7c7a659ae10b,ordinary,exact,pending_content_review,同词命中仅建立审核入口；不自动复制释义、拆词或巧记。
cet4-w-3070dbc4c2b7dfa98596,ore,headword,true,9f07c362-89ea-45dd-8b5f-40275f39c2c5,ore,exact,pending_content_review,同词命中仅建立审核入口；不自动复制释义、拆词或巧记。
cet4-w-0962bb48459d82b64a9e,organ,headword,true,,,none,new_content_required,无六级同词；后续查找有证据的词族关系。
cet4-w-2562b37badc816f764c7,organic,headword,true,,,none,new_content_required,无六级同词；后续查找有证据的词族关系。
cet4-w-97e61d685d9caa68d61e,organism,headword,true,,,none,new_content_required,无六级同词；后续查找有证据的词族关系。
cet4-w-a3e2e30e441013371acf,organization,listed_related,true,,,none,new_content_required,无六级同词；后续查找有证据的词族关系。
cet4-w-c52cd879764aeca9ca68,organizational,listed_related,false,,,none,new_content_required,无六级同词；后续查找有证据的词族关系。
cet4-w-e2d0356a75684a22bd79,organize,headword,true,,,none,new_content_required,无六级同词；后续查找有证据的词族关系。
cet4-w-aa91d266b430f6c94810,orient,headword,true,b2a25efa-2395-4e58-acba-7df37d193892,orient,exact,pending_content_review,同词命中仅建立审核入口；不自动复制释义、拆词或巧记。
cet4-w-bd310b86c3db72bb1f89,oriental,listed_related,true,cd6425c9-a4ba-4479-bb1d-4c023ebd5174,oriental,exact,pending_content_review,同词命中仅建立审核入口；不自动复制释义、拆词或巧记。
cet4-w-0ba755c23fa6261b8c52,orientation,listed_related,false,4a40b1ad-384b-4764-a675-c77d1ea212f0,orientation,exact,pending_content_review,同词命中仅建立审核入口；不自动复制释义、拆词或巧记。
cet4-w-959cdba89bafc1973b35,origin,headword,true,7f747f9e-b4ed-4995-8ebb-dd9a32afb36f,origin,exact,pending_content_review,同词命中仅建立审核入口；不自动复制释义、拆词或巧记。
cet4-w-24e0bc920542dac47c05,original,listed_related,true,9c362c65-5a6f-4d39-aef4-0d4360e42f99,original,exact,pending_content_review,同词命中仅建立审核入口；不自动复制释义、拆词或巧记。
cet4-w-21ca2c9a234420be9a57,originality,listed_related,false,ef422259-bb76-4771-aa8e-fc6459ffc8fb,originality,exact,pending_content_review,同词命中仅建立审核入口；不自动复制释义、拆词或巧记。
cet4-w-13b7df9604549d80d415,originate,listed_related,true,e8c54574-5d8b-4c2d-8fad-d8abfb12489e,originate,exact,pending_content_review,同词命中仅建立审核入口；不自动复制释义、拆词或巧记。
cet4-w-4bd84d0d88c5cb38886b,ornament,headword,true,5257b0e0-3581-4dd3-a6ae-370d7c2a8ef9,ornament,exact,pending_content_review,同词命中仅建立审核入口；不自动复制释义、拆词或巧记。
cet4-w-68a732b402cb6c809311,ornamental,listed_related,false,b0bed008-19f3-4d69-a701-31f85b0ef289,ornamental,exact,pending_content_review,同词命中仅建立审核入口；不自动复制释义、拆词或巧记。
cet4-w-17c3b8cfcb05f6de6f62,orphan,headword,true,,,none,new_content_required,无六级同词；后续查找有证据的词族关系。
cet4-w-f800e64f8c784ab5be9d,orphanage,listed_related,false,,,none,new_content_required,无六级同词；后续查找有证据的词族关系。
cet4-w-dfdeb7b8d889abb11be8,other,headword,false,,,none,new_content_required,无六级同词；后续查找有证据的词族关系。
cet4-w-f60174db60207f6f8b02,otherwise,headword,true,,,none,new_content_required,无六级同词；后续查找有证据的词族关系。
cet4-w-504dfe3baf71f34ef8f3,ought to,headword,false,,,none,new_content_required,无六级同词；后续查找有证据的词族关系。
cet4-w-2c557c612ec8eaeafc66,ounce,headword,true,,,none,new_content_required,无六级同词；后续查找有证据的词族关系。
cet4-w-0c7cd9e36ededca58081,our,headword,false,72059c9c-698a-453b-b37b-e6c41fb530f2,our,exact,pending_content_review,同词命中仅建立审核入口；不自动复制释义、拆词或巧记。
cet4-w-c4774b71eb275630ad4e,ours,headword,false,,,none,new_content_required,无六级同词；后续查找有证据的词族关系。
cet4-w-a4d7936acf42eee1c254,ourselves,headword,false,,,none,new_content_required,无六级同词；后续查找有证据的词族关系。
cet4-w-6a4d5216a3ca1221dd08,out,headword,false,2d8448d3-514e-49e3-97f9-290a5c552d4a,out,exact,pending_content_review,同词命中仅建立审核入口；不自动复制释义、拆词或巧记。
cet4-w-d4cd5f70bf24098a8feb,outbreak,headword,false,fe01d66b-ca54-431b-bd48-6028dec4b58b,outbreak,exact,pending_content_review,同词命中仅建立审核入口；不自动复制释义、拆词或巧记。
cet4-w-7d8fffa3bc3035c27c7e,outcome,headword,true,,,none,new_content_required,无六级同词；后续查找有证据的词族关系。
cet4-w-d002d5d8723218dbb2fe,outdated,headword,false,,,none,new_content_required,无六级同词；后续查找有证据的词族关系。
cet4-w-b4e19fbb0552eeac9419,outdoor,headword,true,,,none,new_content_required,无六级同词；后续查找有证据的词族关系。
cet4-w-ebafc50215d0a5f9ed51,outdoors,listed_related,true,,,none,new_content_required,无六级同词；后续查找有证据的词族关系。
cet4-w-e926e8704ef5c21bd935,outer,headword,true,f715d384-6f5b-4088-b661-52d5fe25e70b,outer,exact,pending_content_review,同词命中仅建立审核入口；不自动复制释义、拆词或巧记。
cet4-w-575f95ad9ddc9b1bb3e7,outgoing,headword,false,,,none,new_content_required,无六级同词；后续查找有证据的词族关系。
cet4-w-7019c7670baea72dd8b2,outing,headword,false,,,none,new_content_required,无六级同词；后续查找有证据的词族关系。
cet4-w-56452548261104a1bae4,outlet,headword,true,,,none,new_content_required,无六级同词；后续查找有证据的词族关系。
cet4-w-74bfc53405bdfbbbd4a0,outline,headword,true,09a90296-aede-47e3-b3f6-f72b0022f6a5,outline,exact,pending_content_review,同词命中仅建立审核入口；不自动复制释义、拆词或巧记。
cet4-w-2017a9771008d681e9c9,outlook,headword,true,,,none,new_content_required,无六级同词；后续查找有证据的词族关系。
cet4-w-b15de643e2b155faab24,output,headword,true,a3e49616-872f-4600-b774-572d8bb395f1,output,exact,pending_content_review,同词命中仅建立审核入口；不自动复制释义、拆词或巧记。
cet4-w-8885b9efeee53741b9ed,outset,headword,true,77dd2066-b22d-4d8d-9f83-c7c6aa84a89f,outset,exact,pending_content_review,同词命中仅建立审核入口；不自动复制释义、拆词或巧记。
cet4-w-18c3977dda12d3de7e75,outside,headword,false,36fa9763-b793-44c3-8517-81dee7049c41,outside,exact,pending_content_review,同词命中仅建立审核入口；不自动复制释义、拆词或巧记。
cet4-w-4b39f599ab4c47510dcf,outsider,listed_related,false,765fd6b8-5534-4034-baa3-cab592159d4d,outsider,exact,pending_content_review,同词命中仅建立审核入口；不自动复制释义、拆词或巧记。
cet4-w-9585cc1259c73ac3bd84,outskirts,headword,false,,,none,new_content_required,无六级同词；后续查找有证据的词族关系。
cet4-w-b5fab7b93ddcc5fae16f,outstanding,headword,true,31d60fdf-85fc-4bf9-8374-dc067b0ca512,outstanding,exact,pending_content_review,同词命中仅建立审核入口；不自动复制释义、拆词或巧记。
cet4-w-ca4721cce623ef54f294,outward,headword,true,099f4398-9a56-4a0e-a999-703752f949df,outward,exact,pending_content_review,同词命中仅建立审核入口；不自动复制释义、拆词或巧记。
cet4-w-3891a0900c4307488835,outwards,listed_related,true,821e6af9-f638-469b-85f6-0c6c5c4c035a,outwards,exact,pending_content_review,同词命中仅建立审核入口；不自动复制释义、拆词或巧记。
cet4-w-d896d554b163b7cda478,oval,headword,true,,,none,new_content_required,无六级同词；后续查找有证据的词族关系。
cet4-w-676398d02b41d2e5994a,oven,headword,true,,,none,new_content_required,无六级同词；后续查找有证据的词族关系。
cet4-w-f27f59f216591d6a89b6,over,headword,false,5bbd5dbe-032d-4060-936c-4088d18dce41,over,exact,pending_content_review,同词命中仅建立审核入口；不自动复制释义、拆词或巧记。
cet4-w-4274f846a3501537b0b1,overall,headword,true,,,none,new_content_required,无六级同词；后续查找有证据的词族关系。
cet4-w-d5edcaa754be6a15615f,overcoat,headword,true,,,none,new_content_required,无六级同词；后续查找有证据的词族关系。
cet4-w-57ef7280a8b54c8fd959,overcome,headword,true,f80e3267-4c21-42bb-b975-23291fc7757d,overcome,exact,pending_content_review,同词命中仅建立审核入口；不自动复制释义、拆词或巧记。
cet4-w-5e4293db7ad137393f1a,overdue,headword,true,,,none,new_content_required,无六级同词；后续查找有证据的词族关系。
cet4-w-f0eff42f088027bd3eec,overhead,headword,true,adbf5445-de19-41fd-a791-c16116b1a37e,overhead,exact,pending_content_review,同词命中仅建立审核入口；不自动复制释义、拆词或巧记。
cet4-w-a6195562b86ee3fcbf5b,overhear,headword,false,1a181463-977e-4f45-8659-7b2b10024f6c,overhear,exact,pending_content_review,同词命中仅建立审核入口；不自动复制释义、拆词或巧记。
cet4-w-e13e951f03e651552ce9,overlook,headword,true,607c4f5f-d08f-4c82-9a60-5ef418e28745,overlook,exact,pending_content_review,同词命中仅建立审核入口；不自动复制释义、拆词或巧记。
cet4-w-6337a03245089e923dd3,overnight,headword,true,,,none,new_content_required,无六级同词；后续查找有证据的词族关系。
cet4-w-826df320270fc9350ee0,overseas,headword,true,,,none,new_content_required,无六级同词；后续查找有证据的词族关系。
cet4-w-ab5b09a300c8a263364e,oversee,headword,false,,,none,new_content_required,无六级同词；后续查找有证据的词族关系。
cet4-w-d694875fe737ffda1eae,oversight,headword,false,,,none,new_content_required,无六级同词；后续查找有证据的词族关系。
cet4-w-636caafcba46b9f69044,overtake,headword,true,0bcba624-d3fd-44f9-a6a2-55aca4fc72e6,overtake,exact,pending_content_review,同词命中仅建立审核入口；不自动复制释义、拆词或巧记。
cet4-w-0fd325335d24d98ffc37,overthrow,headword,false,2b7ab5e7-0f5c-43fb-99c8-ac29437235c8,overthrow,exact,pending_content_review,同词命中仅建立审核入口；不自动复制释义、拆词或巧记。
cet4-w-b12b39a51ca9310c1d93,overtime,headword,true,,,none,new_content_required,无六级同词；后续查找有证据的词族关系。
cet4-w-96f661e66eb9b3ee60d5,overwhelm,headword,false,58a48290-3888-455c-8c0a-271d90690e26,overwhelm,exact,pending_content_review,同词命中仅建立审核入口；不自动复制释义、拆词或巧记。
cet4-w-1fc7f87a2b99df359815,overwhelming,listed_related,false,e0adeb9a-81be-4e49-af80-a96ac3ed6f11,overwhelming,exact,pending_content_review,同词命中仅建立审核入口；不自动复制释义、拆词或巧记。
cet4-w-fa13b6252340b416d98d,overwhelmingly,listed_related,false,17ea9cac-7045-4763-a0fe-a313536ea6a2,overwhelmingly,exact,pending_content_review,同词命中仅建立审核入口；不自动复制释义、拆词或巧记。
cet4-w-dd6952edde705dadac3f,owe,headword,true,ec82a694-dea6-4890-beb5-c5c24a993926,owe,exact,pending_content_review,同词命中仅建立审核入口；不自动复制释义、拆词或巧记。
cet4-w-9a34825f0534e542b966,owing to,listed_related,false,,,none,new_content_required,无六级同词；后续查找有证据的词族关系。
cet4-w-f13320f9132ef6a58e27,own,headword,false,e238ed73-5e33-4db2-a03e-7409f13d657e,own,exact,pending_content_review,同词命中仅建立审核入口；不自动复制释义、拆词或巧记。
cet4-w-bf94d75c2472428dd948,owner,listed_related,true,ac6ebf5d-70d2-47bf-a8f7-fe2d511a739e,owner,exact,pending_content_review,同词命中仅建立审核入口；不自动复制释义、拆词或巧记。
cet4-w-ff188d0e7a14d0224539,ownership,listed_related,true,d962e732-af5e-4488-9759-808b23d42ea9,ownership,exact,pending_content_review,同词命中仅建立审核入口；不自动复制释义、拆词或巧记。
cet4-w-a1ada086b3c07a1317b9,ox,headword,true,,,none,new_content_required,无六级同词；后续查找有证据的词族关系。
cet4-w-ff604362211d133f816b,oxygen,headword,true,145e4d28-8092-4d4c-a80e-f7a259c022c2,oxygen,exact,pending_content_review,同词命中仅建立审核入口；不自动复制释义、拆词或巧记。
cet4-w-d632eeb9e2654572074c,ozone,headword,false,58ba2866-8f2b-4029-82d4-3203d92c7c5a,ozone,exact,pending_content_review,同词命中仅建立审核入口；不自动复制释义、拆词或巧记。
cet4-w-6c52d1457dff6b1e3eba,pace,headword,true,,,none,new_content_required,无六级同词；后续查找有证据的词族关系。
cet4-w-97145140727f7a32a8a7,pack,headword,true,f276f494-1631-4922-820c-b178f41ac00d,pack,exact,pending_content_review,同词命中仅建立审核入口；不自动复制释义、拆词或巧记。
cet4-w-f0d599ae49fb8c32d084,package,headword,true,b9775d39-9565-41b4-9bb2-5212bab5219d,package,exact,pending_content_review,同词命中仅建立审核入口；不自动复制释义、拆词或巧记。
cet4-w-8dd6576827140bea7e2b,packet,headword,true,,,none,new_content_required,无六级同词；后续查找有证据的词族关系。
cet4-w-a9e0db8bc0f323e26b21,pad,headword,true,,,none,new_content_required,无六级同词；后续查找有证据的词族关系。
cet4-w-81505576573f30e4287f,paddy,headword,false,,,none,new_content_required,无六级同词；后续查找有证据的词族关系。
cet4-w-fc8d6bf339c0238599f6,page,headword,false,,,none,new_content_required,无六级同词；后续查找有证据的词族关系。
cet4-w-2ccb97b9f4b9b005479e,pain,headword,true,ed0aa2a8-4071-4e21-9031-170784ca82ba,pain,exact,pending_content_review,同词命中仅建立审核入口；不自动复制释义、拆词或巧记。
cet4-w-e870076a1cdddaedf961,painful,listed_related,true,,,none,new_content_required,无六级同词；后续查找有证据的词族关系。
cet4-w-f9b2ba2bea8be12592c7,paint,headword,true,,,none,new_content_required,无六级同词；后续查找有证据的词族关系。
cet4-w-d773a14e1eccff7a4ae4,painter,listed_related,true,,,none,new_content_required,无六级同词；后续查找有证据的词族关系。
cet4-w-db926a9dfe31781d7629,painting,listed_related,true,,,none,new_content_required,无六级同词；后续查找有证据的词族关系。
cet4-w-af577de424255e1cd9c2,pair,headword,false,c9f296b0-f279-4ee8-9d96-341b61cdf520,pair,exact,pending_content_review,同词命中仅建立审核入口；不自动复制释义、拆词或巧记。
cet4-w-3762db998f82d9368c28,palace,headword,false,,,none,new_content_required,无六级同词；后续查找有证据的词族关系。
cet4-w-3a7397bbd8787e44086c,pale,headword,true,,,none,new_content_required,无六级同词；后续查找有证据的词族关系。
cet4-w-e560f0b951b75d9405ee,palm,headword,true,bb2f39ce-d103-407a-b934-f3a7a28a021c,palm,exact,pending_content_review,同词命中仅建立审核入口；不自动复制释义、拆词或巧记。
cet4-w-ac8049503dbff3033998,pan,headword,true,,,none,new_content_required,无六级同词；后续查找有证据的词族关系。
cet4-w-69621f380d9c2017ad19,panda,headword,true,,,none,new_content_required,无六级同词；后续查找有证据的词族关系。
cet4-w-7bdc345565fe532d3a14,panel,headword,true,,,none,new_content_required,无六级同词；后续查找有证据的词族关系。
cet4-w-7ced4abcd2e2f228a746,panic,headword,false,a8f58b06-6a8e-4964-838c-990ef0aadb1e,panic,exact,pending_content_review,同词命中仅建立审核入口；不自动复制释义、拆词或巧记。
cet4-w-578912c95096b82aad57,pants,headword,true,,,none,new_content_required,无六级同词；后续查找有证据的词族关系。
cet4-w-fd0acd0837a5624bcf4e,paper,headword,false,4037aafa-8113-471a-9093-de48074667ff,paper,exact,pending_content_review,同词命中仅建立审核入口；不自动复制释义、拆词或巧记。
cet4-w-3acd1b2f54efa9984c31,paperback,headword,false,9c2a72ac-600c-421b-b13d-3aed173b76e2,paperback,exact,pending_content_review,同词命中仅建立审核入口；不自动复制释义、拆词或巧记。
cet4-w-44c291da10f405852c7b,parade,headword,true,,,none,new_content_required,无六级同词；后续查找有证据的词族关系。
cet4-w-dd1d1a611c8f0bfcdd7e,paradox,headword,false,dc05f4f3-0ba2-41f8-9494-79ee92744d32,paradox,exact,pending_content_review,同词命中仅建立审核入口；不自动复制释义、拆词或巧记。
cet4-w-290634df2297ab9432bf,paradoxical,listed_related,false,f9f9d7f3-9360-4ad1-aa4a-2e233772d06e,paradoxical,exact,pending_content_review,同词命中仅建立审核入口；不自动复制释义、拆词或巧记。
cet4-w-30169ece8c770a35ee63,paragraph,headword,true,712f06c9-26ef-431b-bf6a-412f5d9b37e9,paragraph,exact,pending_content_review,同词命中仅建立审核入口；不自动复制释义、拆词或巧记。
cet4-w-ad963d5b29a5584603ef,parallel,headword,true,9316e6de-73b6-43be-991e-b7bc5dd2118e,parallel,exact,pending_content_review,同词命中仅建立审核入口；不自动复制释义、拆词或巧记。
cet4-w-bfeaaa669947f1adfc8c,parcel,headword,true,,,none,new_content_required,无六级同词；后续查找有证据的词族关系。
cet4-w-2e663b4d4b7b7f80ca7b,pardon,headword,false,,,none,new_content_required,无六级同词；后续查找有证据的词族关系。
cet4-w-f29f4628065155dddb24,parent,headword,false,,,none,new_content_required,无六级同词；后续查找有证据的词族关系。
cet4-w-2e399208307f42e0f2e1,parental,listed_related,false,,,none,new_content_required,无六级同词；后续查找有证据的词族关系。
cet4-w-1b8390a9608099a22be2,parenting,listed_related,false,,,none,new_content_required,无六级同词；后续查找有证据的词族关系。
cet4-w-e4675501d1a67a0bc00a,park,headword,false,907d688d-937f-4144-8ce3-23d4186bab9c,park,exact,pending_content_review,同词命中仅建立审核入口；不自动复制释义、拆词或巧记。
cet4-w-09b98b780b69d7456e51,parking,listed_related,false,,,none,new_content_required,无六级同词；后续查找有证据的词族关系。
cet4-w-111d929be12d4a1e9e75,parliament,headword,true,,,none,new_content_required,无六级同词；后续查找有证据的词族关系。
cet4-w-1ddefc23c6438d90bf80,parliamentary,listed_related,false,,,none,new_content_required,无六级同词；后续查找有证据的词族关系。
cet4-w-ac8891c4c990baafaecf,part,headword,true,be52536a-1b7a-4072-83eb-233ffce24c93,part,exact,pending_content_review,同词命中仅建立审核入口；不自动复制释义、拆词或巧记。
cet4-w-ccd968290e22af4ffc4f,partial,listed_related,true,05cb04e6-9494-4116-886f-51c0b2a5e025,partial,exact,pending_content_review,同词命中仅建立审核入口；不自动复制释义、拆词或巧记。
cet4-w-9585c18cf08b7cfac345,partially,listed_related,true,3c7c3e5b-897c-45aa-9e46-72181a0ed4fb,partially,exact,pending_content_review,同词命中仅建立审核入口；不自动复制释义、拆词或巧记。
cet4-w-389712345c6b6add3170,participant,listed_related,false,659a2814-a80a-4728-b6ab-272fc0703d51,participant,exact,pending_content_review,同词命中仅建立审核入口；不自动复制释义、拆词或巧记。
cet4-w-abd820bede7d657d1e01,participate,headword,true,0e9c67a2-16ae-4f65-ab84-050e039df715,participate,exact,pending_content_review,同词命中仅建立审核入口；不自动复制释义、拆词或巧记。
cet4-w-7134f5599a4b9e04dd91,participation,listed_related,false,00b166d5-1ef2-4961-93d1-112cc4595a12,participation,exact,pending_content_review,同词命中仅建立审核入口；不自动复制释义、拆词或巧记。
cet4-w-19189eac26e173da7424,particle,headword,true,,,none,new_content_required,无六级同词；后续查找有证据的词族关系。
cet4-w-e09c252e5f47f0ae10cd,particular,headword,true,,,none,new_content_required,无六级同词；后续查找有证据的词族关系。
cet4-w-8f24c8904d4490bfbbd0,particularly,listed_related,true,,,none,new_content_required,无六级同词；后续查找有证据的词族关系。
cet4-w-54619e9d0faae9f6d1d3,partly,headword,true,,,none,new_content_required,无六级同词；后续查找有证据的词族关系。
cet4-w-1c45e02faf8a8d78c75c,partner,headword,true,,,none,new_content_required,无六级同词；后续查找有证据的词族关系。
cet4-w-676b659731cb69461bd2,partnership,listed_related,false,,,none,new_content_required,无六级同词；后续查找有证据的词族关系。
cet4-w-6c7af4f0c78349a4f6ac,party,headword,false,338dcde0-16d4-494c-ba10-55773a9b9d2d,party,exact,pending_content_review,同词命中仅建立审核入口；不自动复制释义、拆词或巧记。
cet4-w-7d4717ff34ccebcee019,pass,headword,false,56d684a4-53dd-4d2f-a4aa-e62dc06fbda6,pass,exact,pending_content_review,同词命中仅建立审核入口；不自动复制释义、拆词或巧记。
cet4-w-2a7e9329b53649eacb09,passage,headword,false,,,none,new_content_required,无六级同词；后续查找有证据的词族关系。
cet4-w-d9a6f450b8b7f662dfe9,passenger,headword,true,,,none,new_content_required,无六级同词；后续查找有证据的词族关系。
cet4-w-58443fdb459dc7b2daa3,passion,headword,true,59f0e00a-94d9-4394-925a-4f6c11592274,passion,exact,pending_content_review,同词命中仅建立审核入口；不自动复制释义、拆词或巧记。
cet4-w-cbe42559a900072faad3,passionate,listed_related,false,0e80b679-f7b7-4ace-815d-a4d45dde5a5d,passionate,exact,pending_content_review,同词命中仅建立审核入口；不自动复制释义、拆词或巧记。
cet4-w-4e26b0bf02f245e2072e,passive,headword,true,ee509035-52e2-42d5-af8e-44cab931c3df,passive,exact,pending_content_review,同词命中仅建立审核入口；不自动复制释义、拆词或巧记。
cet4-w-1589ca8cd8014965c9f7,passport,headword,false,4ee3682a-8537-486d-9da1-67bbccb7d35f,passport,exact,pending_content_review,同词命中仅建立审核入口；不自动复制释义、拆词或巧记。
cet4-w-a0ccc1ffcaac0dda5d8c,password,headword,false,,,none,new_content_required,无六级同词；后续查找有证据的词族关系。
cet4-w-496c8bbe662fabc3a28d,past,headword,false,e399b051-cec9-4e88-85e7-d643e7b34e59,past,exact,pending_content_review,同词命中仅建立审核入口；不自动复制释义、拆词或巧记。
cet4-w-473329a970fa539a6d39,paste,headword,true,448fd262-afef-40ce-8bec-d1e3cb6245e9,paste,exact,pending_content_review,同词命中仅建立审核入口；不自动复制释义、拆词或巧记。
cet4-w-63dc2f38fa1c3f148c13,pastime,headword,true,ba4400da-7fb1-4b5c-9f57-d8b041c2b990,pastime,exact,pending_content_review,同词命中仅建立审核入口；不自动复制释义、拆词或巧记。
cet4-w-894b95da160d4aeeee0a,pat,headword,true,719cf42a-7109-4d34-b680-639f9ee1b9e8,pat,exact,pending_content_review,同词命中仅建立审核入口；不自动复制释义、拆词或巧记。
cet4-w-6ed5257250b8891921cd,patch,headword,true,,,none,new_content_required,无六级同词；后续查找有证据的词族关系。
cet4-w-edb235c608270ef60632,patent,headword,false,1848b698-e3a8-45f9-aab5-76091696a5d1,patent,exact,pending_content_review,同词命中仅建立审核入口；不自动复制释义、拆词或巧记。
cet4-w-cfc27a04acfa9a8631f9,path,headword,true,bcdc21e5-b351-4feb-933a-ab3211d7075e,path,exact,pending_content_review,同词命中仅建立审核入口；不自动复制释义、拆词或巧记。
cet4-w-14a4fa41b52fe5ed4a11,patience,listed_related,true,,,none,new_content_required,无六级同词；后续查找有证据的词族关系。
cet4-w-94f79d874b669ce96a1a,patient,headword,true,50773505-9b98-444a-98a9-b463183fb30a,patient,exact,pending_content_review,同词命中仅建立审核入口；不自动复制释义、拆词或巧记。
cet4-w-cee11b6515da884ab20a,pattern,headword,true,c4ee3477-cfee-4d14-adb0-2cd48c86e0c7,pattern,exact,pending_content_review,同词命中仅建立审核入口；不自动复制释义、拆词或巧记。
cet4-w-715d306877c2b3224cae,pause,headword,true,,,none,new_content_required,无六级同词；后续查找有证据的词族关系。
cet4-w-dbf73c5ba4ba4fc8f732,pave,headword,true,03173d9c-3635-4824-8317-b0c81662b78f,pave,exact,pending_content_review,同词命中仅建立审核入口；不自动复制释义、拆词或巧记。
cet4-w-43739d7fbf903773e2ed,pavement,listed_related,true,,,none,new_content_required,无六级同词；后续查找有证据的词族关系。
cet4-w-5c8ecbc6564720528328,paw,headword,true,ac324fae-1767-49b3-903d-6f359465bb3f,paw,exact,pending_content_review,同词命中仅建立审核入口；不自动复制释义、拆词或巧记。
cet4-w-4dc0c59b8a9ead5993f3,pay,headword,false,5a6ec44b-5a12-4462-91e2-4de444a51fa3,pay,exact,pending_content_review,同词命中仅建立审核入口；不自动复制释义、拆词或巧记。
cet4-w-28caefc08a0120d08e10,payment,listed_related,true,a8b6c2cd-802e-4d20-b2ee-9e3d0b9f073e,payment,exact,pending_content_review,同词命中仅建立审核入口；不自动复制释义、拆词或巧记。
cet4-w-101116d06b61af992dea,payroll,headword,false,,,none,new_content_required,无六级同词；后续查找有证据的词族关系。
cet4-w-edf34ab24a8f8eb8190f,pea,headword,true,,,none,new_content_required,无六级同词；后续查找有证据的词族关系。
cet4-w-ede2a5036de4fc9f6a78,peace,headword,true,58f89707-adcc-4337-b44f-79a4480ad9e0,peace,exact,pending_content_review,同词命中仅建立审核入口；不自动复制释义、拆词或巧记。
cet4-w-ec66f1a72ea632c27493,peaceful,listed_related,true,,,none,new_content_required,无六级同词；后续查找有证据的词族关系。
cet4-w-4f43bb991e9a88763d15,peach,headword,true,,,none,new_content_required,无六级同词；后续查找有证据的词族关系。
cet4-w-58a5493ebe1110218a71,peak,headword,true,fdb8f3e6-4a50-4f74-ae1c-74d1d6b64492,peak,exact,pending_content_review,同词命中仅建立审核入口；不自动复制释义、拆词或巧记。
cet4-w-3954062352efde8b927f,peanut,headword,false,,,none,new_content_required,无六级同词；后续查找有证据的词族关系。
cet4-w-d0c103ee522b8a838f53,pear,headword,true,,,none,new_content_required,无六级同词；后续查找有证据的词族关系。
cet4-w-6d15d296ef91bc2c3132,pearl,headword,true,79a726e9-d8e1-4b4e-8873-3f5e9bb34eba,pearl,exact,pending_content_review,同词命中仅建立审核入口；不自动复制释义、拆词或巧记。
cet4-w-bc81f3c407220a872f3a,peasant,headword,true,,,none,new_content_required,无六级同词；后续查找有证据的词族关系。
cet4-w-d3be08c3003560da92f9,peculiar,headword,true,ca0698a9-6589-4289-b459-b18cc350b2a5,peculiar,exact,pending_content_review,同词命中仅建立审核入口；不自动复制释义、拆词或巧记。
cet4-w-a5b2a5e38b4b678f5265,peculiarity,listed_related,false,604f0472-5ad9-4cc1-aa78-d5a6bfc89d41,peculiarity,exact,pending_content_review,同词命中仅建立审核入口；不自动复制释义、拆词或巧记。
cet4-w-c0147ee4dd8b5420e08b,pedestrian,headword,false,144dcef5-8a17-49b1-9e59-72972fa8b007,pedestrian,exact,pending_content_review,同词命中仅建立审核入口；不自动复制释义、拆词或巧记。
cet4-w-9c35d395c8d509130a98,peer,headword,false,,,none,new_content_required,无六级同词；后续查找有证据的词族关系。
cet4-w-539de0d54538e53dbc72,pen,headword,false,a78fd673-7cbb-42b2-b05c-653517f4925d,pen,exact,pending_content_review,同词命中仅建立审核入口；不自动复制释义、拆词或巧记。
cet4-w-4710b4bbf9948034d94c,penalize,listed_related,false,,,none,new_content_required,无六级同词；后续查找有证据的词族关系。
cet4-w-42c668c0406d6512c98f,penalty,headword,false,31636dc3-d2ce-4be6-8c75-885e301763ff,penalty,exact,pending_content_review,同词命中仅建立审核入口；不自动复制释义、拆词或巧记。
cet4-w-a2d237cee283767ce268,pencil,headword,false,,,none,new_content_required,无六级同词；后续查找有证据的词族关系。
cet4-w-634427303cd163220e2f,penetrate,headword,true,,,none,new_content_required,无六级同词；后续查找有证据的词族关系。
cet4-w-f40291ca2f913c9135e4,penetration,listed_related,false,,,none,new_content_required,无六级同词；后续查找有证据的词族关系。
cet4-w-faaafcd74c3099e8d8ce,penny,headword,true,,,none,new_content_required,无六级同词；后续查找有证据的词族关系。
cet4-w-f53c50dade69e7b068fb,pension,headword,true,,,none,new_content_required,无六级同词；后续查找有证据的词族关系。
cet4-w-0777b2a19527326fc50e,pensioner,listed_related,false,,,none,new_content_required,无六级同词；后续查找有证据的词族关系。
cet4-w-87593375d4eb826fb9ff,people,headword,false,dedd6c70-ce50-4ed5-b110-8a12695b8fe1,people,exact,pending_content_review,同词命中仅建立审核入口；不自动复制释义、拆词或巧记。
cet4-w-a63cbbb75feefaef1394,pepper,headword,true,,,none,new_content_required,无六级同词；后续查找有证据的词族关系。
cet4-w-c04bd377e8029d8df4f8,per,headword,false,,,none,new_content_required,无六级同词；后续查找有证据的词族关系。
cet4-w-14b351ed9bddce6ace77,perceive,headword,true,,,none,new_content_required,无六级同词；后续查找有证据的词族关系。
cet4-w-1c31c51b0b04fa7e9ffd,percent,headword,true,,,none,new_content_required,无六级同词；后续查找有证据的词族关系。
cet4-w-b8fa30c7d1e0dd97b321,percentage,listed_related,true,,,none,new_content_required,无六级同词；后续查找有证据的词族关系。
cet4-w-83982aabd8f648e85d20,perception,listed_related,false,4062aef5-0089-454f-be62-235c25df6e3e,perception,exact,pending_content_review,同词命中仅建立审核入口；不自动复制释义、拆词或巧记。
cet4-w-4516a3cf596bb6a2a36e,perceptive,listed_related,false,eb5dda07-8dc1-47a5-a8ad-9c5959db60e8,perceptive,exact,pending_content_review,同词命中仅建立审核入口；不自动复制释义、拆词或巧记。
cet4-w-1f5a8833a39493ec61ba,perfect,headword,false,b63e1996-c84e-4d7b-b6f3-48f27b7b895c,perfect,exact,pending_content_review,同词命中仅建立审核入口；不自动复制释义、拆词或巧记。
cet4-w-981b4bbc480a66375540,perfection,listed_related,false,7364183f-4aa8-420d-871a-2a8ec3b75e3d,perfection,exact,pending_content_review,同词命中仅建立审核入口；不自动复制释义、拆词或巧记。
cet4-w-e4caaf0371836a4fe773,perform,headword,true,4778cd3f-bc4f-4132-9328-d25bf386abdf,perform,exact,pending_content_review,同词命中仅建立审核入口；不自动复制释义、拆词或巧记。
cet4-w-4523047e93085c44f439,performance,listed_related,true,fc4070f8-bf57-4626-aea1-1cb127778a1c,performance,exact,pending_content_review,同词命中仅建立审核入口；不自动复制释义、拆词或巧记。
cet4-w-2dfccf2dfdb11333af1e,performer,listed_related,false,,,none,new_content_required,无六级同词；后续查找有证据的词族关系。
cet4-w-79941248fd7a0dddbae7,perhaps,headword,true,,,none,new_content_required,无六级同词；后续查找有证据的词族关系。
cet4-w-c93d9b55e3bbd87a8952,peril,headword,false,,,none,new_content_required,无六级同词；后续查找有证据的词族关系。
cet4-w-00b545d39b8843477e66,perilous,listed_related,false,,,none,new_content_required,无六级同词；后续查找有证据的词族关系。
cet4-w-9c7eb04001b42d1fea47,period,headword,true,6b084e87-28a6-420e-88e8-8efa4a01d472,period,exact,pending_content_review,同词命中仅建立审核入口；不自动复制释义、拆词或巧记。
cet4-w-c396af4b95550ba19888,periodic,listed_related,false,27fd3e5a-8e28-407a-b3e9-61286ecaffa5,periodic,exact,pending_content_review,同词命中仅建立审核入口；不自动复制释义、拆词或巧记。
cet4-w-a8c1ab2658bf05f196ff,periodical,listed_related,false,9845f787-01c6-46eb-86f0-55fb9077af56,periodical,exact,pending_content_review,同词命中仅建立审核入口；不自动复制释义、拆词或巧记。
cet4-w-ba941202d679e4baec15,permanence,listed_related,false,a79cd0ac-997f-47d1-9d52-03efde6d7ede,permanence,exact,pending_content_review,同词命中仅建立审核入口；不自动复制释义、拆词或巧记。
cet4-w-85c8fc735368e0d54d4a,permanent,headword,true,fbb14ed0-87de-4849-a5af-9a05c4c6a105,permanent,exact,pending_content_review,同词命中仅建立审核入口；不自动复制释义、拆词或巧记。
cet4-w-9bd7df92e400a94e4a45,permissible,listed_related,false,dec4b5cf-7f8f-4a7c-a7d4-0be7ce189ad5,permissible,exact,pending_content_review,同词命中仅建立审核入口；不自动复制释义、拆词或巧记。
cet4-w-82f823ea468d636b68ce,permission,listed_related,true,0764fb03-4c0e-4e13-8d2a-c206470372ec,permission,exact,pending_content_review,同词命中仅建立审核入口；不自动复制释义、拆词或巧记。
cet4-w-c1a6c2e8d36517757c05,permissive,listed_related,false,,,none,new_content_required,无六级同词；后续查找有证据的词族关系。
cet4-w-61013f03b1fcd5a346af,permit,headword,true,3c124513-6a6b-4b23-8593-9216c752b960,permit,exact,pending_content_review,同词命中仅建立审核入口；不自动复制释义、拆词或巧记。
cet4-w-9b9c6bb146a29622aab7,perseverance,listed_related,false,,,none,new_content_required,无六级同词；后续查找有证据的词族关系。
cet4-w-5eb284ddde8638bbb0ba,persevere,headword,false,,,none,new_content_required,无六级同词；后续查找有证据的词族关系。
cet4-w-12ebf61f0fb72dbc2b9f,persist,headword,true,a9417b3b-8bb1-4aac-9ee2-5a03e82c99c4,persist,exact,pending_content_review,同词命中仅建立审核入口；不自动复制释义、拆词或巧记。
cet4-w-665feca380f5c1243d4f,persistence,listed_related,false,,,none,new_content_required,无六级同词；后续查找有证据的词族关系。
cet4-w-bdd3b2ebd8a18637f4e5,persistent,listed_related,false,0606080e-a2cc-460a-9f17-0702affbec01,persistent,exact,pending_content_review,同词命中仅建立审核入口；不自动复制释义、拆词或巧记。
cet4-w-b1056c9b9014972ade11,person,headword,false,854e8119-ed2c-4af0-8a1d-30db5b702563,person,exact,pending_content_review,同词命中仅建立审核入口；不自动复制释义、拆词或巧记。
cet4-w-f090bbf683ef7c6c58ca,personal,listed_related,true,395f0c6d-1c01-4538-94a1-f6d15488c3c8,personal,exact,pending_content_review,同词命中仅建立审核入口；不自动复制释义、拆词或巧记。
cet4-w-2987e91892ada547d02a,personality,listed_related,true,e0de392b-0676-4b3d-96d1-852435b5fad4,personality,exact,pending_content_review,同词命中仅建立审核入口；不自动复制释义、拆词或巧记。
cet4-w-5b62e2708a7ae3058eff,personally,listed_related,false,,,none,new_content_required,无六级同词；后续查找有证据的词族关系。
cet4-w-e711b27cd36f0180fc6d,personnel,headword,true,,,none,new_content_required,无六级同词；后续查找有证据的词族关系。
cet4-w-3693cbb01a1855d84301,perspective,headword,true,aa8d0f6a-325c-40ad-bcf4-02d322eeee82,perspective,exact,pending_content_review,同词命中仅建立审核入口；不自动复制释义、拆词或巧记。
cet4-w-625d544fe2c8a749dd97,persuade,headword,true,fd15f70b-ffa5-4c30-8823-d9b89c457a59,persuade,exact,pending_content_review,同词命中仅建立审核入口；不自动复制释义、拆词或巧记。
cet4-w-e0ec5347c00b2fa9295a,persuasion,listed_related,false,9a532622-a562-4469-8439-209f2bef98ef,persuasion,exact,pending_content_review,同词命中仅建立审核入口；不自动复制释义、拆词或巧记。
cet4-w-de3361b955f6f14d155f,persuasive,listed_related,false,,,none,new_content_required,无六级同词；后续查找有证据的词族关系。
cet4-w-94f23252e66059016a5b,pessimism,headword,false,6866c5f4-3f61-4e44-8783-3ea6efa86059,pessimism,exact,pending_content_review,同词命中仅建立审核入口；不自动复制释义、拆词或巧记。
cet4-w-774dbf9c29a286af3d9a,pessimist,listed_related,false,3822b4e7-8c5c-4985-baed-cc554cbec523,pessimist,exact,pending_content_review,同词命中仅建立审核入口；不自动复制释义、拆词或巧记。
cet4-w-3350cf94aff24eaddd14,pessimistic,listed_related,true,4468f77a-15f7-43ba-bce4-6b69b50ded50,pessimistic,exact,pending_content_review,同词命中仅建立审核入口；不自动复制释义、拆词或巧记。
cet4-w-6a94ddc001fc2c50b245,pet,headword,true,69d61800-25b0-4756-8407-82f2f17e0b80,pet,exact,pending_content_review,同词命中仅建立审核入口；不自动复制释义、拆词或巧记。
cet4-w-a28a1b16ea3315a68820,petrol,headword,true,aecd769c-39b6-4947-8881-8f7685992672,petrol,exact,pending_content_review,同词命中仅建立审核入口；不自动复制释义、拆词或巧记。
cet4-w-1e1a7f8d6025a5a03495,petroleum,headword,true,1f55dcc4-3238-4ccb-93ac-b1ebba3fb373,petroleum,exact,pending_content_review,同词命中仅建立审核入口；不自动复制释义、拆词或巧记。
cet4-w-d87ebfb3977836a66814,petty,headword,false,c2a3a406-a87d-4cb4-ad0d-f78ce3a4c3c6,petty,exact,pending_content_review,同词命中仅建立审核入口；不自动复制释义、拆词或巧记。
cet4-w-57d7e063012d8fb8369d,phase,headword,true,1f9c1962-ba8e-4a02-aa9c-2a387e971eff,phase,exact,pending_content_review,同词命中仅建立审核入口；不自动复制释义、拆词或巧记。
cet4-w-a030f9ee076ddb7defd1,phenomenon,headword,true,7fd74071-1446-46dc-9287-aca3af8e2d47,phenomenon,exact,pending_content_review,同词命中仅建立审核入口；不自动复制释义、拆词或巧记。
cet4-w-19a0cdbe8d63ddacec50,philosopher,listed_related,true,,,none,new_content_required,无六级同词；后续查找有证据的词族关系。
cet4-w-fb1ca97e6f3ad407b5ee,philosophical,listed_related,false,,,none,new_content_required,无六级同词；后续查找有证据的词族关系。
cet4-w-5c5b4c2f7b5822ce552c,philosophy,headword,true,,,none,new_content_required,无六级同词；后续查找有证据的词族关系。
cet4-w-31b11d4539661f176227,phone,headword,true,e3b017e2-7ad4-40d0-a342-a0fb4a315a43,phone,exact,pending_content_review,同词命中仅建立审核入口；不自动复制释义、拆词或巧记。
cet4-w-7d8cc5c7f0ae096e2fed,photo,headword,false,831edf0c-9803-4673-b111-13b490f04b89,photo,exact,pending_content_review,同词命中仅建立审核入口；不自动复制释义、拆词或巧记。
cet4-w-5fd1b274596cd90d6c86,photograph,headword,true,,,none,new_content_required,无六级同词；后续查找有证据的词族关系。
cet4-w-60f96c7dbc6d774cfcb7,photographer,listed_related,false,,,none,new_content_required,无六级同词；后续查找有证据的词族关系。
cet4-w-0b0c088b779d1ee70502,photographic,listed_related,true,,,none,new_content_required,无六级同词；后续查找有证据的词族关系。
cet4-w-e093a254128ac5778c9e,photography,listed_related,false,,,none,new_content_required,无六级同词；后续查找有证据的词族关系。
cet4-w-d5148118ec6cedf99467,phrasal,listed_related,false,,,none,new_content_required,无六级同词；后续查找有证据的词族关系。
cet4-w-c14782805017bf31046a,phrase,headword,true,,,none,new_content_required,无六级同词；后续查找有证据的词族关系。
cet4-w-9c4bcedfc41d1821ae08,physical,headword,true,70495397-e412-4e30-8596-9828d2cf76f7,physical,exact,pending_content_review,同词命中仅建立审核入口；不自动复制释义、拆词或巧记。
cet4-w-e5a7f319137ea98bc2c1,physician,headword,true,4d0dc32b-1ce0-45d4-8977-ecb4b98cb42c,physician,exact,pending_content_review,同词命中仅建立审核入口；不自动复制释义、拆词或巧记。
cet4-w-2467a881ceb1a198a87a,physicist,listed_related,true,,,none,new_content_required,无六级同词；后续查找有证据的词族关系。
cet4-w-033402302166f6a74a30,physics,headword,true,,,none,new_content_required,无六级同词；后续查找有证据的词族关系。
cet4-w-c1cd12c9875cee21ddcd,pianist,listed_related,false,,,none,new_content_required,无六级同词；后续查找有证据的词族关系。
cet4-w-15525f6e69981b157d25,piano,headword,false,,,none,new_content_required,无六级同词；后续查找有证据的词族关系。
cet4-w-6cceed662b896fc0db13,pick,headword,false,e5cc11d8-c524-4791-b19c-f4dc2b649280,pick,exact,pending_content_review,同词命中仅建立审核入口；不自动复制释义、拆词或巧记。
cet4-w-987fe5a96be3dd032e6e,picky,listed_related,false,,,none,new_content_required,无六级同词；后续查找有证据的词族关系。
cet4-w-810161c4b10dc9ea71d7,picnic,headword,true,0cf84a5a-34a7-43d6-853b-f4ccacfe3c36,picnic,exact,pending_content_review,同词命中仅建立审核入口；不自动复制释义、拆词或巧记。
cet4-w-a81fa6162c2de98aa464,picture,headword,false,7eb38f04-7745-448f-993c-ded0eea30a48,picture,exact,pending_content_review,同词命中仅建立审核入口；不自动复制释义、拆词或巧记。
cet4-w-8020aad5b187b0463f6e,picturesque,listed_related,false,,,none,new_content_required,无六级同词；后续查找有证据的词族关系。
cet4-w-8c206aa349cf26c8ea7b,pie,headword,true,,,none,new_content_required,无六级同词；后续查找有证据的词族关系。
cet4-w-5c29615bde3503389dee,piece,headword,false,7fb560fc-72d1-4175-a439-d1b7db6eeb26,piece,exact,pending_content_review,同词命中仅建立审核入口；不自动复制释义、拆词或巧记。
cet4-w-ac06136924af6ca9b509,pierce,headword,true,,,none,new_content_required,无六级同词；后续查找有证据的词族关系。
cet4-w-de546fff309c30f507cf,pig,headword,true,,,none,new_content_required,无六级同词；后续查找有证据的词族关系。
cet4-w-93c85698e981a3e94651,pigeon,headword,true,,,none,new_content_required,无六级同词；后续查找有证据的词族关系。
cet4-w-17edb7976eb1c301f99b,pile,headword,true,f53a1ff4-389f-4ecf-b841-e6aa2362ed62,pile,exact,pending_content_review,同词命中仅建立审核入口；不自动复制释义、拆词或巧记。
cet4-w-2aa1ca3f6e4de2b198c5,pill,headword,true,ba6b9734-269e-40c8-8313-eaba3319db22,pill,exact,pending_content_review,同词命中仅建立审核入口；不自动复制释义、拆词或巧记。
cet4-w-248bee3ce574b6877960,pillar,headword,true,,,none,new_content_required,无六级同词；后续查找有证据的词族关系。
cet4-w-037f7ac770617fd4623e,pillow,headword,true,,,none,new_content_required,无六级同词；后续查找有证据的词族关系。
cet4-w-b9d89c39d2fd7a18ec8b,pilot,headword,true,,,none,new_content_required,无六级同词；后续查找有证据的词族关系。
cet4-w-7b70a363ccce0f959fdb,pin,headword,true,,,none,new_content_required,无六级同词；后续查找有证据的词族关系。
cet4-w-07252f1ce24372c63349,pinch,headword,true,,,none,new_content_required,无六级同词；后续查找有证据的词族关系。
cet4-w-5c3fe368f41dc8f37e81,pine,headword,true,,,none,new_content_required,无六级同词；后续查找有证据的词族关系。
cet4-w-2e86fad37b092d752049,pink,headword,true,,,none,new_content_required,无六级同词；后续查找有证据的词族关系。
cet4-w-0afc72451e2e0aa06e2f,pint,headword,true,,,none,new_content_required,无六级同词；后续查找有证据的词族关系。
cet4-w-c21addb2b217c12dacd6,pioneer,headword,false,,,none,new_content_required,无六级同词；后续查找有证据的词族关系。
cet4-w-a86f00f2e7dc4e3009f7,pipe,headword,true,,,none,new_content_required,无六级同词；后续查找有证据的词族关系。
cet4-w-43a3e284e08fb2ef70bd,piracy,listed_related,false,c6479d92-aec8-4a46-b6a3-57dd0de61a3a,piracy,exact,pending_content_review,同词命中仅建立审核入口；不自动复制释义、拆词或巧记。
cet4-w-6f51cd214de479cfb123,pirate,headword,false,7c63aa4c-5f7c-4852-827b-5b1840bc971b,pirate,exact,pending_content_review,同词命中仅建立审核入口；不自动复制释义、拆词或巧记。
cet4-w-a2410d718ad84068f0fa,pistol,headword,true,63d464f8-254b-4c6c-b8a7-d8aada3d5100,pistol,exact,pending_content_review,同词命中仅建立审核入口；不自动复制释义、拆词或巧记。
cet4-w-db0954617e6beda6cd10,pit,headword,true,2369d077-d369-494d-8df4-69e91e3f5283,pit,exact,pending_content_review,同词命中仅建立审核入口；不自动复制释义、拆词或巧记。
cet4-w-d98620f9508e8313c599,pitch,headword,true,77e184b5-d72f-4759-ab58-1de6a29cf168,pitch,exact,pending_content_review,同词命中仅建立审核入口；不自动复制释义、拆词或巧记。
cet4-w-2f359bd389de2b0f617d,pity,headword,false,4f9a3855-9625-4b8b-b0e5-5f4e8057378f,pity,exact,pending_content_review,同词命中仅建立审核入口；不自动复制释义、拆词或巧记。
cet4-w-ca28e88c2679a56a3840,pizza,headword,false,,,none,new_content_required,无六级同词；后续查找有证据的词族关系。
cet4-w-cdbc9aa7758cdfaaac49,place,headword,false,b926db50-6c63-4f85-b78a-229e655f822d,place,exact,pending_content_review,同词命中仅建立审核入口；不自动复制释义、拆词或巧记。
cet4-w-bf6383464fc100fbf6ba,placement,listed_related,false,,,none,new_content_required,无六级同词；后续查找有证据的词族关系。
cet4-w-d65c5fd83dc3616dd802,plague,headword,false,9df4599d-1378-45f9-a53f-8b3398d21299,plague,exact,pending_content_review,同词命中仅建立审核入口；不自动复制释义、拆词或巧记。
cet4-w-e2d62fa39ef64b96e4b4,plain,headword,true,59519300-06d1-4e59-b262-af895315431f,plain,exact,pending_content_review,同词命中仅建立审核入口；不自动复制释义、拆词或巧记。
cet4-w-29923906f4c664327cb5,plan,headword,false,e82d2eca-6d0c-4df4-9cf2-3a25d0f422cc,plan,exact,pending_content_review,同词命中仅建立审核入口；不自动复制释义、拆词或巧记。
cet4-w-1a9599cc18503cc0cad6,plane,headword,false,22c12c78-d07c-44c7-8393-c9ee2226fa21,plane,exact,pending_content_review,同词命中仅建立审核入口；不自动复制释义、拆词或巧记。
cet4-w-dcbad5f3c346d9f63e9c,planet,headword,true,b8fbd7d6-ad21-4765-a6c6-8aba5dece1e7,planet,exact,pending_content_review,同词命中仅建立审核入口；不自动复制释义、拆词或巧记。
cet4-w-303c65dabbbbe1db311e,planetary,listed_related,false,95768061-0565-4ff5-b774-6342aa2cf8c2,planetary,exact,pending_content_review,同词命中仅建立审核入口；不自动复制释义、拆词或巧记。
cet4-w-caf0aacb0b846d7e9aa3,planner,listed_related,false,8d68f079-5e83-4217-b07f-de47f40eb8b3,planner,exact,pending_content_review,同词命中仅建立审核入口；不自动复制释义、拆词或巧记。
cet4-w-cf14b16e2aa42e145c80,planning,listed_related,false,1187c2b4-9b62-4231-858a-e7c81fecd32b,planning,exact,pending_content_review,同词命中仅建立审核入口；不自动复制释义、拆词或巧记。
cet4-w-dac46f048aac4e74d55c,plant,headword,false,3a1dcf2c-0e3b-4b51-bba1-5070cd40b7cf,plant,exact,pending_content_review,同词命中仅建立审核入口；不自动复制释义、拆词或巧记。
cet4-w-5ec5d246b2af6ff49a16,plantation,listed_related,true,,,none,new_content_required,无六级同词；后续查找有证据的词族关系。
cet4-w-aa40f554c427bc3ca2d3,plastic,headword,true,,,none,new_content_required,无六级同词；后续查找有证据的词族关系。
cet4-w-00d035ee2989beefcb42,plate,headword,false,3f7b51ac-a337-44b4-8816-c502c306f1e1,plate,exact,pending_content_review,同词命中仅建立审核入口；不自动复制释义、拆词或巧记。
cet4-w-70e283c671ce5220d850,platform,headword,true,,,none,new_content_required,无六级同词；后续查找有证据的词族关系。
cet4-w-90bd7b73b74b68af4c44,play,headword,false,,,none,new_content_required,无六级同词；后续查找有证据的词族关系。
cet4-w-eb272c62d18e90b38b00,player,listed_related,true,,,none,new_content_required,无六级同词；后续查找有证据的词族关系。
cet4-w-23ac15d77829cb74e368,playground,headword,true,,,none,new_content_required,无六级同词；后续查找有证据的词族关系。
cet4-w-581e8925b87930bc4824,pleasant,listed_related,true,,,none,new_content_required,无六级同词；后续查找有证据的词族关系。
cet4-w-96a68923ce2d3d172eb5,please,headword,false,dbc2828d-5707-4ad0-8428-5950112b9835,please,exact,pending_content_review,同词命中仅建立审核入口；不自动复制释义、拆词或巧记。
cet4-w-de4e03339d4155a13802,pleasing,listed_related,false,,,none,new_content_required,无六级同词；后续查找有证据的词族关系。
cet4-w-64a015bc0bd2f982bcdc,pleasure,listed_related,false,2ed59ede-89b1-40dd-9302-d43d88364892,pleasure,exact,pending_content_review,同词命中仅建立审核入口；不自动复制释义、拆词或巧记。
cet4-w-c1eb1fa591f86658e514,pledge,headword,false,e06f3f57-bcdc-460c-9703-b2af5d0a2c93,pledge,exact,pending_content_review,同词命中仅建立审核入口；不自动复制释义、拆词或巧记。
cet4-w-2cfc98c8cd2300bc1baa,plentiful,listed_related,true,,,none,new_content_required,无六级同词；后续查找有证据的词族关系。
cet4-w-43963df3c0b42ed59b1e,plenty,headword,true,,,none,new_content_required,无六级同词；后续查找有证据的词族关系。
cet4-w-ee5dd011520d342c3828,plot,headword,true,364f700b-8f08-42c4-b53b-bbe0c60c2447,plot,exact,pending_content_review,同词命中仅建立审核入口；不自动复制释义、拆词或巧记。
cet4-w-e14ab9a96c67a7c88360,plough,headword,true,,,none,new_content_required,无六级同词；后续查找有证据的词族关系。
cet4-w-096d22559273dea75cb2,plug,headword,true,,,none,new_content_required,无六级同词；后续查找有证据的词族关系。
cet4-w-aeadb74e6d2f4d0029d5,plunge,headword,true,9d00d736-08a3-4038-9438-60e88582130f,plunge,exact,pending_content_review,同词命中仅建立审核入口；不自动复制释义、拆词或巧记。
cet4-w-2d03b371b73d16b1ee6c,plural,headword,true,,,none,new_content_required,无六级同词；后续查找有证据的词族关系。
cet4-w-e65ccd583d19d059db14,plus,headword,true,ee653428-fe12-4dd6-9ea9-a82e02328b37,plus,exact,pending_content_review,同词命中仅建立审核入口；不自动复制释义、拆词或巧记。
cet4-w-8ef4c90381ecfef914e0,pocket,headword,true,,,none,new_content_required,无六级同词；后续查找有证据的词族关系。
cet4-w-b2a24a876c97be99b102,podcast,headword,false,,,none,new_content_required,无六级同词；后续查找有证据的词族关系。
cet4-w-8354090ca6cfa90b84f9,poem,headword,true,c449f5d7-dd3b-4a4a-a1c2-f9fcd1c5ccc7,poem,exact,pending_content_review,同词命中仅建立审核入口；不自动复制释义、拆词或巧记。
cet4-w-f2b5017a4085ec443648,poet,headword,true,5962c213-537e-4111-99d8-7f510755542a,poet,exact,pending_content_review,同词命中仅建立审核入口；不自动复制释义、拆词或巧记。
cet4-w-6e517f3c7ee000693286,poetic,listed_related,false,,,none,new_content_required,无六级同词；后续查找有证据的词族关系。
cet4-w-0e08cfb88952fba4553e,poetry,listed_related,true,69b9e31d-475e-4e73-aea3-b395eb657c76,poetry,exact,pending_content_review,同词命中仅建立审核入口；不自动复制释义、拆词或巧记。
cet4-w-7d62df2eaeed2c0f45e5,point,headword,true,0d9a9dfc-b873-4374-8c3d-793e53ac0fef,point,exact,pending_content_review,同词命中仅建立审核入口；不自动复制释义、拆词或巧记。
cet4-w-51d8f0b7406358efc0f2,pointless,listed_related,false,,,none,new_content_required,无六级同词；后续查找有证据的词族关系。
cet4-w-f852f82e660adf140123,poison,headword,true,14a455df-84ce-4b21-b96c-3b0a58ffb9d8,poison,exact,pending_content_review,同词命中仅建立审核入口；不自动复制释义、拆词或巧记。
cet4-w-fe05c0fd859298633a0e,poisonous,listed_related,true,c28eff9b-ef9f-4c54-a217-243dac6715bb,poisonous,exact,pending_content_review,同词命中仅建立审核入口；不自动复制释义、拆词或巧记。
cet4-w-5457a9c1a1c8aa0e1e51,polar,listed_related,false,0d8af578-0117-4983-84cf-9762c3e16f12,polar,exact,pending_content_review,同词命中仅建立审核入口；不自动复制释义、拆词或巧记。
cet4-w-649d33a7e632f5a26669,pole,headword,true,93f7a90e-c8c3-4bc2-8cd6-5a17a5668fe2,pole,exact,pending_content_review,同词命中仅建立审核入口；不自动复制释义、拆词或巧记。
cet4-w-2e75ce855297a4575e14,police,headword,true,583dade0-e7b4-44c1-84a8-3c5d80eac050,police,exact,pending_content_review,同词命中仅建立审核入口；不自动复制释义、拆词或巧记。
cet4-w-11aab8a6428b80cf7e22,policeman,listed_related,false,,,none,new_content_required,无六级同词；后续查找有证据的词族关系。
cet4-w-d6ea449aeb93a1aca9b7,policy,headword,true,,,none,new_content_required,无六级同词；后续查找有证据的词族关系。
cet4-w-c92f88e9b9f71c54aa18,polish,headword,true,f0448546-cbc3-489f-a661-a4c59476172b,polish,exact,pending_content_review,同词命中仅建立审核入口；不自动复制释义、拆词或巧记。
cet4-w-891eb2cce9e01ffdce83,polite,headword,false,4593a26e-a73a-4b31-a747-f05932efaa66,polite,exact,pending_content_review,同词命中仅建立审核入口；不自动复制释义、拆词或巧记。
cet4-w-d44565b061edfb27e665,politeness,listed_related,false,,,none,new_content_required,无六级同词；后续查找有证据的词族关系。
cet4-w-64ce058561af7bfc974f,political,listed_related,true,2c5eb7a6-7703-4088-a0f6-987d2fe213d1,political,exact,pending_content_review,同词命中仅建立审核入口；不自动复制释义、拆词或巧记。
cet4-w-7a5e2769f37fdda2a59d,politician,listed_related,true,7c419ce6-e6c7-486a-8c09-30f12d0364a8,politician,exact,pending_content_review,同词命中仅建立审核入口；不自动复制释义、拆词或巧记。
cet4-w-c99ac9a0d5de62c470e0,politics,headword,true,,,none,new_content_required,无六级同词；后续查找有证据的词族关系。
cet4-w-65f25f7efbebd0b0434b,poll,headword,true,,,none,new_content_required,无六级同词；后续查找有证据的词族关系。
cet4-w-817c6df3c1e91cd272b9,pollster,listed_related,false,,,none,new_content_required,无六级同词；后续查找有证据的词族关系。
cet4-w-c9733623b7e097adf4cb,pollutant,listed_related,false,,,none,new_content_required,无六级同词；后续查找有证据的词族关系。
cet4-w-d8a7d7f4192485d7f1c3,pollute,headword,true,,,none,new_content_required,无六级同词；后续查找有证据的词族关系。
cet4-w-fa62e6a64562f97b5cfd,pollution,listed_related,true,,,none,new_content_required,无六级同词；后续查找有证据的词族关系。
cet4-w-df72d32ddda6a8b944f9,pond,headword,true,,,none,new_content_required,无六级同词；后续查找有证据的词族关系。
cet4-w-db983d468ce62be389a7,pool,headword,true,,,none,new_content_required,无六级同词；后续查找有证据的词族关系。
cet4-w-6321733d5e750ed65b90,poor,headword,false,e43fb088-5c13-4118-baa4-6109467c0d4f,poor,exact,pending_content_review,同词命中仅建立审核入口；不自动复制释义、拆词或巧记。
cet4-w-13cfbd762b7fad26f184,pop,headword,true,,,none,new_content_required,无六级同词；后续查找有证据的词族关系。
cet4-w-6d3338e8e266f962ab82,popular,headword,true,a52952e1-c6c3-4e7f-b587-867498b1f0dc,popular,exact,pending_content_review,同词命中仅建立审核入口；不自动复制释义、拆词或巧记。
cet4-w-aee2778cf0426a9f7087,popularity,listed_related,false,8ce13ac2-0f43-4806-81e0-a0ad3557d4a5,popularity,exact,pending_content_review,同词命中仅建立审核入口；不自动复制释义、拆词或巧记。
cet4-w-c2d9135cd3ac10862e03,populate,listed_related,false,,,none,new_content_required,无六级同词；后续查找有证据的词族关系。
cet4-w-1ceb293f9200d5a3fc8d,population,headword,true,,,none,new_content_required,无六级同词；后续查找有证据的词族关系。
cet4-w-f1a85032b3817931e42c,populous,listed_related,false,,,none,new_content_required,无六级同词；后续查找有证据的词族关系。
cet4-w-4347f814689c8f267afd,pork,headword,false,,,none,new_content_required,无六级同词；后续查找有证据的词族关系。
cet4-w-28bf662aa965e276b6f1,port,headword,true,224ddd1c-df38-4652-bb1f-618c0a65b511,port,exact,pending_content_review,同词命中仅建立审核入口；不自动复制释义、拆词或巧记。
cet4-w-715ad92a98f37b8e657f,portable,listed_related,true,28f2bbfb-625b-4b81-b573-93b0b7326cc8,portable,exact,pending_content_review,同词命中仅建立审核入口；不自动复制释义、拆词或巧记。
cet4-w-a1dcb43e07e4931cd788,porter,listed_related,true,eb023e95-7474-41a7-bd96-9c31ace8dcbe,porter,exact,pending_content_review,同词命中仅建立审核入口；不自动复制释义、拆词或巧记。
cet4-w-5667c9e13ec424468116,portion,headword,true,ce483aee-71ce-4a31-8984-884061e0ec43,portion,exact,pending_content_review,同词命中仅建立审核入口；不自动复制释义、拆词或巧记。
cet4-w-1b3b76ab325e307972b8,pose,headword,true,4a3458b5-0cb6-41ac-99d8-6254eacb5376,pose,exact,pending_content_review,同词命中仅建立审核入口；不自动复制释义、拆词或巧记。
cet4-w-69b3c4f5fcced1cb4f77,position,headword,true,91c9e2c5-0653-4a4c-9cdb-2460331dbd83,position,exact,pending_content_review,同词命中仅建立审核入口；不自动复制释义、拆词或巧记。
cet4-w-3f459c021f271687b257,positive,headword,true,dfc0fc95-d463-4a0e-b57f-97240bb3ee99,positive,exact,pending_content_review,同词命中仅建立审核入口；不自动复制释义、拆词或巧记。
cet4-w-796ff48e70ed0d3ae65a,possess,headword,true,ab5a72ef-4535-4f61-aea3-8e1f05b1a47a,possess,exact,pending_content_review,同词命中仅建立审核入口；不自动复制释义、拆词或巧记。
cet4-w-44703161d23f1ca58836,possession,listed_related,true,b1aae129-8efd-4a05-a97d-6464c46919b4,possession,exact,pending_content_review,同词命中仅建立审核入口；不自动复制释义、拆词或巧记。
cet4-w-1f9931e44a73d365a5bc,possessive,listed_related,false,c8379807-d9dd-408a-81bc-74e3c4f566d8,possessive,exact,pending_content_review,同词命中仅建立审核入口；不自动复制释义、拆词或巧记。
cet4-w-997dbf12a8c5d96089ec,possibility,listed_related,true,,,none,new_content_required,无六级同词；后续查找有证据的词族关系。
cet4-w-788b4b8dc351812eca41,possible,headword,false,accdbce8-733c-4bda-aebb-cfddc6ec0208,possible,exact,pending_content_review,同词命中仅建立审核入口；不自动复制释义、拆词或巧记。
cet4-w-9f4462f20875c3b9db6b,possibly,listed_related,true,,,none,new_content_required,无六级同词；后续查找有证据的词族关系。
cet4-w-34dae300f3b1295a18d2,post,headword,false,0f207564-6c8b-4f3b-8f90-db97522cc097,post,exact,pending_content_review,同词命中仅建立审核入口；不自动复制释义、拆词或巧记。
cet4-w-59957ecc215a30840591,postage,listed_related,true,,,none,new_content_required,无六级同词；后续查找有证据的词族关系。
cet4-w-57d2f9f737ed806d24d1,postcard,headword,false,,,none,new_content_required,无六级同词；后续查找有证据的词族关系。
cet4-w-539762b9d701ac16203b,poster,headword,false,,,none,new_content_required,无六级同词；后续查找有证据的词族关系。
cet4-w-1844d76638eb05760039,postman,listed_related,true,,,none,new_content_required,无六级同词；后续查找有证据的词族关系。
cet4-w-c47683b41e78209bdbc1,postpone,headword,true,,,none,new_content_required,无六级同词；后续查找有证据的词族关系。
cet4-w-5cf646aac68b8ef1e21d,postponement,listed_related,false,,,none,new_content_required,无六级同词；后续查找有证据的词族关系。
cet4-w-dbf56267998ef3b2986f,posture,listed_related,false,496dc2aa-832e-4061-b584-864d454af95f,posture,exact,pending_content_review,同词命中仅建立审核入口；不自动复制释义、拆词或巧记。
cet4-w-ac78b40ba753cc0a72f8,pot,headword,true,,,none,new_content_required,无六级同词；后续查找有证据的词族关系。
cet4-w-9035b0fc877addb816ae,potato,headword,false,,,none,new_content_required,无六级同词；后续查找有证据的词族关系。
cet4-w-5f7911a38fbefd7c4f12,potential,headword,true,60b2441a-5f64-4d9c-95df-ded5ef1760e4,potential,exact,pending_content_review,同词命中仅建立审核入口；不自动复制释义、拆词或巧记。
cet4-w-ee8858e4458e320792e6,potentiality,listed_related,false,,,none,new_content_required,无六级同词；后续查找有证据的词族关系。
cet4-w-4f8221e48155a487966a,pound,headword,true,,,none,new_content_required,无六级同词；后续查找有证据的词族关系。
cet4-w-e39f01777ee8a180e1cc,pour,headword,true,,,none,new_content_required,无六级同词；后续查找有证据的词族关系。
cet4-w-e6a76c58b8ddb7cfadc4,poverty,listed_related,true,a924f8ee-89b4-414c-bd06-c57cd9e03c10,poverty,exact,pending_content_review,同词命中仅建立审核入口；不自动复制释义、拆词或巧记。
cet4-w-3f27fb8e0d3bca3b6732,powder,headword,true,,,none,new_content_required,无六级同词；后续查找有证据的词族关系。
cet4-w-2ce7a5d345c787af277e,power,headword,true,4db5cee1-dc49-497f-8e51-acdfe11848af,power,exact,pending_content_review,同词命中仅建立审核入口；不自动复制释义、拆词或巧记。
cet4-w-ccef5a6793bdd87533db,powerful,listed_related,true,,,none,new_content_required,无六级同词；后续查找有证据的词族关系。
cet4-w-37ae217d698bc1e106ae,practicable,listed_related,true,ebacca9c-bb91-49b8-b575-9f119aabe9c7,practicable,exact,pending_content_review,同词命中仅建立审核入口；不自动复制释义、拆词或巧记。
cet4-w-210644ae9316bd5866ee,practical,headword,true,0eb398fe-3856-43e3-a5b0-4c06cbb60fea,practical,exact,pending_content_review,同词命中仅建立审核入口；不自动复制释义、拆词或巧记。
cet4-w-6dfb813f131b29fcee80,practicality,listed_related,false,,,none,new_content_required,无六级同词；后续查找有证据的词族关系。
cet4-w-933fb89378391255294a,practise,headword,true,00294c8d-649c-43b2-ac26-654d2f887793,practice,declared_variant,pending_content_review,同词命中仅建立审核入口；不自动复制释义、拆词或巧记。
cet4-w-d0b4fd7ba8fca4e85f22,praise,headword,true,6d88dddd-0133-45a9-8e33-79176fca2b6e,praise,exact,pending_content_review,同词命中仅建立审核入口；不自动复制释义、拆词或巧记。
cet4-w-ad71174797a229b6d859,pray,headword,true,338e791e-73dd-4d02-8b97-202d12d1350f,pray,exact,pending_content_review,同词命中仅建立审核入口；不自动复制释义、拆词或巧记。
cet4-w-5813c081806be89ff431,prayer,listed_related,true,c80e1fa4-fe55-4530-a318-44a4197a989d,prayer,exact,pending_content_review,同词命中仅建立审核入口；不自动复制释义、拆词或巧记。
cet4-w-cfac1aebfde3c198a406,preach,headword,false,f5633bda-6220-4195-aa0c-a1bb62f15fec,preach,exact,pending_content_review,同词命中仅建立审核入口；不自动复制释义、拆词或巧记。
cet4-w-3cefcae91628c8716124,preacher,listed_related,false,db0b9565-bf37-4364-93c0-af0a5373a846,preacher,exact,pending_content_review,同词命中仅建立审核入口；不自动复制释义、拆词或巧记。
cet4-w-43c0b19374f58efdf609,precaution,headword,true,8ba15786-ef9a-4fbe-90cc-2ba8e06dde98,precaution,exact,pending_content_review,同词命中仅建立审核入口；不自动复制释义、拆词或巧记。
cet4-w-e6cb5c6ebd7b7215a123,precautionary,listed_related,false,aba74c42-039a-4633-a470-599e86fb0022,precautionary,exact,pending_content_review,同词命中仅建立审核入口；不自动复制释义、拆词或巧记。
cet4-w-88a5fa35f5caf33515b2,precious,headword,true,e1201bfa-ff23-4c9b-8360-0f7bb5bd2985,precious,exact,pending_content_review,同词命中仅建立审核入口；不自动复制释义、拆词或巧记。
cet4-w-8ab5da1135d8b3b089d4,precise,headword,true,4410383f-ba6d-4207-b946-ea35717adca2,precise,exact,pending_content_review,同词命中仅建立审核入口；不自动复制释义、拆词或巧记。
cet4-w-5a4bcf4671462596e920,precisely,listed_related,false,8937134a-8ae5-410b-9d38-4dad90303f41,precisely,exact,pending_content_review,同词命中仅建立审核入口；不自动复制释义、拆词或巧记。
cet4-w-de100e35ea8b294ef61c,precision,listed_related,true,0e60721a-eaf1-4261-9556-81406cc2f664,precision,exact,pending_content_review,同词命中仅建立审核入口；不自动复制释义、拆词或巧记。
cet4-w-a6f1d1273857ca289747,predict,headword,true,6d823fdc-71a1-407b-ba4a-43632225c911,predict,exact,pending_content_review,同词命中仅建立审核入口；不自动复制释义、拆词或巧记。
cet4-w-b7348b5491b04fd4ff90,predictable,listed_related,false,4631edbd-21f3-4259-a907-a42afa5a7050,predictable,exact,pending_content_review,同词命中仅建立审核入口；不自动复制释义、拆词或巧记。
cet4-w-bd47fe4ca041918d9ab5,prediction,listed_related,false,e08560b1-ed6e-4463-8c10-10d8e258b268,prediction,exact,pending_content_review,同词命中仅建立审核入口；不自动复制释义、拆词或巧记。
cet4-w-308a10897e4a3089c377,preface,headword,true,,,none,new_content_required,无六级同词；后续查找有证据的词族关系。
cet4-w-282fbd1a959e4c7d2521,prefer,headword,true,2469e4b7-b03d-46e1-9c4f-7f02c5a9390b,prefer,exact,pending_content_review,同词命中仅建立审核入口；不自动复制释义、拆词或巧记。
cet4-w-0149ce1d0be9dadcbfec,preferable,listed_related,true,66dd956c-3737-49b7-a4ed-54e50a44bcdb,preferable,exact,pending_content_review,同词命中仅建立审核入口；不自动复制释义、拆词或巧记。
cet4-w-9f547d2dbbe002e08b87,preference,listed_related,true,12871f73-f477-46e9-82c2-787f796e63e5,preference,exact,pending_content_review,同词命中仅建立审核入口；不自动复制释义、拆词或巧记。
cet4-w-622acab7c9787aa7cdf5,preferential,listed_related,false,,,none,new_content_required,无六级同词；后续查找有证据的词族关系。
cet4-w-1785801efe03d2f83277,pregnancy,listed_related,false,4bb0c59f-3015-4a6a-b15e-72371074ba99,pregnancy,exact,pending_content_review,同词命中仅建立审核入口；不自动复制释义、拆词或巧记。
cet4-w-41b0d7a054d09d746f9a,pregnant,headword,false,cea29248-d53c-4c63-bdce-478bda3f1cde,pregnant,exact,pending_content_review,同词命中仅建立审核入口；不自动复制释义、拆词或巧记。
cet4-w-9496399260e7a9be69e4,prejudice,headword,true,9636915c-d962-4e45-80a4-a95978bb90f3,prejudice,exact,pending_content_review,同词命中仅建立审核入口；不自动复制释义、拆词或巧记。
cet4-w-0927d5c3f334c68f47e7,preliminary,headword,true,dd93b10c-a11e-4493-a7cc-7f0c7e06af1b,preliminary,exact,pending_content_review,同词命中仅建立审核入口；不自动复制释义、拆词或巧记。
cet4-w-7d1ded735d87a363ceec,premier,headword,true,81ebd87b-8be0-4e5f-b512-2ff61604d528,premier,exact,pending_content_review,同词命中仅建立审核入口；不自动复制释义、拆词或巧记。
cet4-w-d667f879350655fbb155,preparation,listed_related,true,57c5d55f-150e-41f3-935b-ac0fc0802bb7,preparation,exact,pending_content_review,同词命中仅建立审核入口；不自动复制释义、拆词或巧记。
cet4-w-1242a17b36dead764b75,preparatory,listed_related,false,,,none,new_content_required,无六级同词；后续查找有证据的词族关系。
cet4-w-ce5aea2f557599008cb6,prepare,headword,true,7679921a-a0db-4ce8-8081-b36024d19277,prepare,exact,pending_content_review,同词命中仅建立审核入口；不自动复制释义、拆词或巧记。
cet4-w-bcae3f415727ff2ee323,preposition,headword,true,,,none,new_content_required,无六级同词；后续查找有证据的词族关系。
cet4-w-cc5960b607a0c9ff396d,prescribe,headword,true,7202ddc7-31f1-483e-a2d1-352d2424dad7,prescribe,exact,pending_content_review,同词命中仅建立审核入口；不自动复制释义、拆词或巧记。
cet4-w-d29d0701301042905a8f,prescription,listed_related,false,c5b3831b-40eb-478f-b60a-4a86e8916959,prescription,exact,pending_content_review,同词命中仅建立审核入口；不自动复制释义、拆词或巧记。
cet4-w-8cf784e55d69a14c3d1e,presence,listed_related,true,c946d3e8-c018-4139-90de-cf44bb05ce55,presence,exact,pending_content_review,同词命中仅建立审核入口；不自动复制释义、拆词或巧记。
cet4-w-95b349270d8e6f53ae8a,present,headword,false,13d51750-674a-40b1-bd57-06b2a334314e,present,exact,pending_content_review,同词命中仅建立审核入口；不自动复制释义、拆词或巧记。
cet4-w-83bfc9459e92b2e0db35,presentation,listed_related,false,6ab447bb-1cf6-4415-8af1-fd70cac051b6,presentation,exact,pending_content_review,同词命中仅建立审核入口；不自动复制释义、拆词或巧记。
cet4-w-38840c855d828f8b5341,presently,listed_related,true,,,none,new_content_required,无六级同词；后续查找有证据的词族关系。
cet4-w-76bc91b7f037e3e7d473,preservation,listed_related,false,36c3959d-bb12-4399-bd2a-c86f94c38eb7,preservation,exact,pending_content_review,同词命中仅建立审核入口；不自动复制释义、拆词或巧记。
cet4-w-4c80a7f684bd871eb6ec,preservative,listed_related,false,,,none,new_content_required,无六级同词；后续查找有证据的词族关系。
cet4-w-f6781ff591201d2b20ba,preserve,headword,true,3c1eb9c2-3b45-45cf-9001-2c9be555af38,preserve,exact,pending_content_review,同词命中仅建立审核入口；不自动复制释义、拆词或巧记。
cet4-w-aac32ab0a1f021da674b,presidency,listed_related,false,,,none,new_content_required,无六级同词；后续查找有证据的词族关系。
cet4-w-72dcfe19d22198c99fb5,president,headword,true,4a38a66e-0ee9-40ef-9fbf-c287368f0c9c,president,exact,pending_content_review,同词命中仅建立审核入口；不自动复制释义、拆词或巧记。
cet4-w-9b7e0b65f5a6135b535c,presidential,listed_related,false,,,none,new_content_required,无六级同词；后续查找有证据的词族关系。
cet4-w-a2b4f16643a29faef0ca,press,headword,true,d560157b-0bdf-46a8-b682-7a4dccd6e105,press,exact,pending_content_review,同词命中仅建立审核入口；不自动复制释义、拆词或巧记。
cet4-w-95b78e9b109355167769,pressing,listed_related,false,,,none,new_content_required,无六级同词；后续查找有证据的词族关系。
cet4-w-1fe1868903e6639c94c3,pressure,listed_related,true,691b7a7b-29d7-4d99-b6ec-9aa114c9dbc8,pressure,exact,pending_content_review,同词命中仅建立审核入口；不自动复制释义、拆词或巧记。
cet4-w-cc960672d1a45a8b687a,pretend,headword,true,,,none,new_content_required,无六级同词；后续查找有证据的词族关系。
cet4-w-dfc3a1f2fc35ab72cace,pretense,listed_related,false,,,none,new_content_required,无六级同词；后续查找有证据的词族关系。
cet4-w-eb0e96b8b11c1b0cdc61,pretty,headword,true,,,none,new_content_required,无六级同词；后续查找有证据的词族关系。
cet4-w-02b714805da9433ee16b,prevail,headword,true,18502412-52a6-44b7-bc70-7db734f1b88e,prevail,exact,pending_content_review,同词命中仅建立审核入口；不自动复制释义、拆词或巧记。
cet4-w-35db154be0072a19840a,prevalence,listed_related,false,,,none,new_content_required,无六级同词；后续查找有证据的词族关系。
cet4-w-e109951d7c7a0d5c7519,prevalent,listed_related,false,3d0e3dc3-c51d-4801-ac95-228c12301f56,prevalent,exact,pending_content_review,同词命中仅建立审核入口；不自动复制释义、拆词或巧记。
cet4-w-cb2b5c31522d9e7927a6,prevent,headword,true,,,none,new_content_required,无六级同词；后续查找有证据的词族关系。
cet4-w-2cf2904d5411b1f1a7d7,prevention,listed_related,false,,,none,new_content_required,无六级同词；后续查找有证据的词族关系。
cet4-w-7a0260496ae3a863c3e9,preventive,listed_related,false,,,none,new_content_required,无六级同词；后续查找有证据的词族关系。
cet4-w-0208f784a1a355e9719e,preview,headword,false,36da1946-43ae-4dfb-a43a-bd3ef286db77,preview,exact,pending_content_review,同词命中仅建立审核入口；不自动复制释义、拆词或巧记。
cet4-w-fc1435bfee5d756e4809,previous,headword,true,ee7588ae-1bd0-448f-84ad-71c90627a4cb,previous,exact,pending_content_review,同词命中仅建立审核入口；不自动复制释义、拆词或巧记。
cet4-w-895aedd848b2e72896e8,price,headword,false,f0d85ef1-a91b-448d-b9f0-08c21600c128,price,exact,pending_content_review,同词命中仅建立审核入口；不自动复制释义、拆词或巧记。
cet4-w-0b90557ad9364453a38d,priceless,listed_related,false,,,none,new_content_required,无六级同词；后续查找有证据的词族关系。
cet4-w-c5b3715438001bbc5c5c,pride,headword,true,8c6db189-aa2a-4232-bcc4-bdda0f23a3f1,pride,exact,pending_content_review,同词命中仅建立审核入口；不自动复制释义、拆词或巧记。
cet4-w-f256f0c21091210b3630,priest,headword,true,d12eaeaa-55fc-4372-9057-400fd1cb533b,priest,exact,pending_content_review,同词命中仅建立审核入口；不自动复制释义、拆词或巧记。
cet4-w-8f9cc7d940d19011f2f8,primarily,listed_related,true,c28de61d-d1d2-4bb7-9160-be54edcc0740,primarily,exact,pending_content_review,同词命中仅建立审核入口；不自动复制释义、拆词或巧记。
cet4-w-44f38a203badbabf17f7,primary,headword,true,8b528fac-a61f-430f-b396-5b05c9dd4a6e,primary,exact,pending_content_review,同词命中仅建立审核入口；不自动复制释义、拆词或巧记。
cet4-w-a0090b274a0169532435,prime,headword,true,e62004d2-bec7-40e6-93ef-047afcf51828,prime,exact,pending_content_review,同词命中仅建立审核入口；不自动复制释义、拆词或巧记。
cet4-w-9567abcfe16330bf7185,primitive,headword,true,69707175-1d1e-4b88-9809-d65d24a4b68b,primitive,exact,pending_content_review,同词命中仅建立审核入口；不自动复制释义、拆词或巧记。
cet4-w-279f0b7d8685981a8e67,prince,headword,true,,,none,new_content_required,无六级同词；后续查找有证据的词族关系。
cet4-w-6100aa1f6b7963fb74ca,princess,headword,true,,,none,new_content_required,无六级同词；后续查找有证据的词族关系。
cet4-w-31dcd8793539c3fd041d,principal,headword,true,9ebb674d-e502-4002-8c26-e72c4a3ea624,principal,exact,pending_content_review,同词命中仅建立审核入口；不自动复制释义、拆词或巧记。
cet4-w-455e6748b4d325a3e606,principle,headword,true,0b4e2e0b-94ad-4a5b-bce6-2292a698f505,principle,exact,pending_content_review,同词命中仅建立审核入口；不自动复制释义、拆词或巧记。
cet4-w-1a2afefe5c4b039f012c,print,headword,true,,,none,new_content_required,无六级同词；后续查找有证据的词族关系。
cet4-w-5fa35ec97eb19dd96041,printer,listed_related,false,,,none,new_content_required,无六级同词；后续查找有证据的词族关系。
cet4-w-cdfde1df5e1179a4fb44,printing,listed_related,false,,,none,new_content_required,无六级同词；后续查找有证据的词族关系。
cet4-w-1fcdfa0c8ac75f42074b,prior,headword,true,,,none,new_content_required,无六级同词；后续查找有证据的词族关系。
cet4-w-3b1e06154d1e1da9af08,priority,listed_related,true,698a7b81-e321-4535-9c8d-1081921f6345,priority,exact,pending_content_review,同词命中仅建立审核入口；不自动复制释义、拆词或巧记。
cet4-w-17dddca769ccd2e9a66c,prison,headword,true,f2a29bce-6448-449c-99b2-d87c068540eb,prison,exact,pending_content_review,同词命中仅建立审核入口；不自动复制释义、拆词或巧记。
cet4-w-2c3e9b618e10ad8249d9,prisoner,listed_related,true,,,none,new_content_required,无六级同词；后续查找有证据的词族关系。
cet4-w-027d0bc3d00291a91cb1,privacy,listed_related,false,2a29b8d1-d831-4f5a-8b91-2ac3bcc384ac,privacy,exact,pending_content_review,同词命中仅建立审核入口；不自动复制释义、拆词或巧记。
cet4-w-48b2237078cf0b1206ab,private,headword,true,a838badb-45e0-4e06-b967-38d522f0705a,private,exact,pending_content_review,同词命中仅建立审核入口；不自动复制释义、拆词或巧记。
cet4-w-4d7687f2d8f73003778b,privatization,listed_related,false,,,none,new_content_required,无六级同词；后续查找有证据的词族关系。
cet4-w-5ce83452fb06e5825db2,privatize,listed_related,false,3273d8a2-4ab3-4c24-b95c-a378ca7aeb56,privatize,exact,pending_content_review,同词命中仅建立审核入口；不自动复制释义、拆词或巧记。
cet4-w-c1a6f68dcf75bd8f8686,privilege,headword,true,4d911e09-39ee-4c04-97ef-4e2bdab7004d,privilege,exact,pending_content_review,同词命中仅建立审核入口；不自动复制释义、拆词或巧记。
cet4-w-323389565a4034a1693f,privileged,listed_related,false,3f40ad3a-071e-4a7e-acbc-abd3300284db,privileged,exact,pending_content_review,同词命中仅建立审核入口；不自动复制释义、拆词或巧记。
cet4-w-5417338e237745f6b181,prize,headword,true,84b93138-54b5-4131-a775-e1056fdb1492,prize,exact,pending_content_review,同词命中仅建立审核入口；不自动复制释义、拆词或巧记。
cet4-w-039ec3896a36b78e159f,probability,listed_related,true,cda5d035-87c3-4edb-a2c6-88438062badb,probability,exact,pending_content_review,同词命中仅建立审核入口；不自动复制释义、拆词或巧记。
cet4-w-b49dc85d716562b90105,probable,headword,true,303fd5aa-e82a-48e9-a9d8-d9ae4a4976af,probable,exact,pending_content_review,同词命中仅建立审核入口；不自动复制释义、拆词或巧记。
cet4-w-86708441d619a4cffa34,probably,listed_related,true,7b66bb70-a458-4157-9871-6f3713f2784d,probably,exact,pending_content_review,同词命中仅建立审核入口；不自动复制释义、拆词或巧记。
cet4-w-ed88f6038f9a3bfab5bd,problem,headword,false,6cf2668e-101a-4f7a-a287-eb07614fea0b,problem,exact,pending_content_review,同词命中仅建立审核入口；不自动复制释义、拆词或巧记。
cet4-w-d916f24b2f22dd4c8d2b,problematic,listed_related,false,,,none,new_content_required,无六级同词；后续查找有证据的词族关系。
cet4-w-2c6720758036ff8785c4,procedure,headword,true,5a7c8c35-e5e4-4b9d-a92c-a32d3db31cae,procedure,exact,pending_content_review,同词命中仅建立审核入口；不自动复制释义、拆词或巧记。
cet4-w-b2f3c93dcb40273a5726,proceed,headword,true,9d9262a7-2c22-4c68-b0a0-b4de1e6ced58,proceed,exact,pending_content_review,同词命中仅建立审核入口；不自动复制释义、拆词或巧记。
cet4-w-9bbbc863ffbfc0c56b8e,proceedings,listed_related,false,,,none,new_content_required,无六级同词；后续查找有证据的词族关系。
cet4-w-1660ad04da5a63af629b,process,headword,true,57a78b1c-e985-4e8f-8fbc-486776feaf6c,process,exact,pending_content_review,同词命中仅建立审核入口；不自动复制释义、拆词或巧记。
cet4-w-076090bc14018b5559fe,procession,headword,true,,,none,new_content_required,无六级同词；后续查找有证据的词族关系。
cet4-w-165aafb028ac79d427e1,processor,listed_related,false,,,none,new_content_required,无六级同词；后续查找有证据的词族关系。
cet4-w-72d4f8899d7f6be1f46d,proclaim,headword,true,0564de84-f445-4c88-a463-f111cec876da,proclaim,exact,pending_content_review,同词命中仅建立审核入口；不自动复制释义、拆词或巧记。
cet4-w-9069885f8d91840ffa9f,proclamation,listed_related,false,b130f1de-8b1c-446c-918e-e979a62b7f37,proclamation,exact,pending_content_review,同词命中仅建立审核入口；不自动复制释义、拆词或巧记。
cet4-w-a87084012183e25887ae,produce,headword,true,ce100fa4-a80d-4789-b99b-9ee4c9c6e81d,produce,exact,pending_content_review,同词命中仅建立审核入口；不自动复制释义、拆词或巧记。
cet4-w-d13e0bc857cdaab0c197,product,headword,true,9a48aa50-6f8e-4fb3-add2-e565f975d57e,product,exact,pending_content_review,同词命中仅建立审核入口；不自动复制释义、拆词或巧记。
cet4-w-baf93f1c7522160e2938,production,listed_related,true,796eb12c-58f6-4b5f-95f4-082f3639b276,production,exact,pending_content_review,同词命中仅建立审核入口；不自动复制释义、拆词或巧记。
cet4-w-015e941e489248b0e16e,productive,listed_related,true,c5968009-9b03-458c-9c31-a585aa065185,productive,exact,pending_content_review,同词命中仅建立审核入口；不自动复制释义、拆词或巧记。
cet4-w-96e7e040d2db71c5f4c6,productivity,listed_related,false,21876003-ef15-4d34-a97e-e29a128e6db5,productivity,exact,pending_content_review,同词命中仅建立审核入口；不自动复制释义、拆词或巧记。
cet4-w-b7b2d07824f211421b54,profession,headword,true,6827fc7c-16a4-457a-a96c-3121bb85925e,profession,exact,pending_content_review,同词命中仅建立审核入口；不自动复制释义、拆词或巧记。
cet4-w-99fd8e2fc0fc0610aca4,professional,listed_related,true,258c724a-e05d-403a-8ce9-352c9f66a47e,professional,exact,pending_content_review,同词命中仅建立审核入口；不自动复制释义、拆词或巧记。
cet4-w-7651de3a5b233835a924,professor,headword,true,a2ed2fb5-7b8f-4f5a-81b1-e449cd8fec2c,professor,exact,pending_content_review,同词命中仅建立审核入口；不自动复制释义、拆词或巧记。
cet4-w-b2d959c9c2b0c1432a60,proficiency,listed_related,false,2a23b14d-e60a-4b54-954c-769c85c6eb72,proficiency,exact,pending_content_review,同词命中仅建立审核入口；不自动复制释义、拆词或巧记。
cet4-w-a34a4ee6153a10edbde2,proficient,headword,false,6a4b571b-51c0-485d-b20a-ed4274227203,proficient,exact,pending_content_review,同词命中仅建立审核入口；不自动复制释义、拆词或巧记。
cet4-w-43a03774aed13b550370,profit,headword,true,1e4ebd9a-6fd7-498c-9ed5-03b074ec1542,profit,exact,pending_content_review,同词命中仅建立审核入口；不自动复制释义、拆词或巧记。
cet4-w-a3875266c236678143c7,profitable,listed_related,true,25a52cbf-0a7c-45a4-849f-2875cb16f017,profitable,exact,pending_content_review,同词命中仅建立审核入口；不自动复制释义、拆词或巧记。
cet4-w-cd701e6505544ba5beba,profound,headword,false,287ec1a8-0eb5-4e61-b261-185c6a6becfc,profound,exact,pending_content_review,同词命中仅建立审核入口；不自动复制释义、拆词或巧记。
cet4-w-1fdfdec531a328082d8a,program,headword,true,,,none,new_content_required,无六级同词；后续查找有证据的词族关系。
cet4-w-bc702afec494d9bd0d8b,progress,headword,true,194eff34-b5b9-4871-a5e4-3ebd7db3e3a8,progress,exact,pending_content_review,同词命中仅建立审核入口；不自动复制释义、拆词或巧记。
cet4-w-72fc37b7908a3871640f,progression,listed_related,false,,,none,new_content_required,无六级同词；后续查找有证据的词族关系。
cet4-w-789c8881f8b6b16e83b6,progressive,listed_related,true,c8faf755-a566-459e-9d32-9544bab6c23d,progressive,exact,pending_content_review,同词命中仅建立审核入口；不自动复制释义、拆词或巧记。
cet4-w-c149552fea317fd045aa,prohibit,headword,true,2605d0c6-ebdc-4615-bd98-b3ad1c5029df,prohibit,exact,pending_content_review,同词命中仅建立审核入口；不自动复制释义、拆词或巧记。
cet4-w-ccdc1694e9478bcb7186,prohibition,listed_related,false,86c9aa71-e4a0-4975-9b42-c26c0d7f045d,prohibition,exact,pending_content_review,同词命中仅建立审核入口；不自动复制释义、拆词或巧记。
cet4-w-b5d67fd1562d7265c62f,prohibitive,listed_related,false,5479f022-087f-409b-8176-617444dcc6a9,prohibitive,exact,pending_content_review,同词命中仅建立审核入口；不自动复制释义、拆词或巧记。
cet4-w-c2bf616f286cc20677f1,project,headword,true,91dff230-2655-403b-8e7f-52fd78ec08aa,project,exact,pending_content_review,同词命中仅建立审核入口；不自动复制释义、拆词或巧记。
cet4-w-49ea6a875da1d71b69c3,projection,listed_related,false,,,none,new_content_required,无六级同词；后续查找有证据的词族关系。
cet4-w-b2ce75639b8a2c50e6e7,projector,listed_related,false,,,none,new_content_required,无六级同词；后续查找有证据的词族关系。
cet4-w-9a323e2320a55e7b688f,prominence,listed_related,false,1280e358-805e-49a0-8b00-62e11ef4b01a,prominence,exact,pending_content_review,同词命中仅建立审核入口；不自动复制释义、拆词或巧记。
cet4-w-e458bb6ab77441b7fc6e,prominent,headword,true,3ad64326-e0df-4e18-b5cf-732d2fef0aeb,prominent,exact,pending_content_review,同词命中仅建立审核入口；不自动复制释义、拆词或巧记。
cet4-w-2f4078efa2c7408baf3e,promise,headword,true,d74933b2-5b73-4cc0-b80b-e123959c8ab3,promise,exact,pending_content_review,同词命中仅建立审核入口；不自动复制释义、拆词或巧记。
cet4-w-a08b8537fe27627f9e7d,promising,listed_related,true,5429f25e-50d0-4d4a-88c5-9c1f1511582d,promising,exact,pending_content_review,同词命中仅建立审核入口；不自动复制释义、拆词或巧记。
cet4-w-5c3ac0bb3b28dfacd4f9,promote,headword,true,2385cb79-80b5-46a8-a6f2-0d6480511e67,promote,exact,pending_content_review,同词命中仅建立审核入口；不自动复制释义、拆词或巧记。
cet4-w-1d738f30336e7aa12d6f,promotion,listed_related,false,895dbe32-6185-4d36-9760-5562bbe061ff,promotion,exact,pending_content_review,同词命中仅建立审核入口；不自动复制释义、拆词或巧记。
cet4-w-29049847076a20b85310,prompt,headword,true,,,none,new_content_required,无六级同词；后续查找有证据的词族关系。
cet4-w-de06861f9c02f5ffd83d,pronoun,headword,true,,,none,new_content_required,无六级同词；后续查找有证据的词族关系。
cet4-w-4711685a1b255273fd83,pronounce,headword,true,,,none,new_content_required,无六级同词；后续查找有证据的词族关系。
cet4-w-7949a6cc853d90ee98af,pronunciation,listed_related,true,,,none,new_content_required,无六级同词；后续查找有证据的词族关系。
cet4-w-23a8928c589746ad9fd4,proof,headword,true,f7e0a60c-0f5e-4204-8f8b-c6a738513942,proof,exact,pending_content_review,同词命中仅建立审核入口；不自动复制释义、拆词或巧记。
cet4-w-08c3bf2612948b323e0e,proper,headword,true,11a2f3de-4bd9-4a55-9ba9-091d914d94b8,proper,exact,pending_content_review,同词命中仅建立审核入口；不自动复制释义、拆词或巧记。
cet4-w-e0e472674c9900ffe4ce,property,headword,true,952992f3-206e-4312-a02d-ec7945631738,property,exact,pending_content_review,同词命中仅建立审核入口；不自动复制释义、拆词或巧记。
cet4-w-68d725f6dbd690b70621,proportion,headword,true,,,none,new_content_required,无六级同词；后续查找有证据的词族关系。
cet4-w-c49c54d881454c77a35c,proportional,listed_related,true,,,none,new_content_required,无六级同词；后续查找有证据的词族关系。
cet4-w-3384dcf808f1ef68d0f6,proposal,listed_related,true,30b61dd0-12a4-417d-8727-7be674df2238,proposal,exact,pending_content_review,同词命中仅建立审核入口；不自动复制释义、拆词或巧记。
cet4-w-d761a6b669c1f91260d2,propose,headword,true,e534fb48-fa20-4e05-8c29-261ee8f55be3,propose,exact,pending_content_review,同词命中仅建立审核入口；不自动复制释义、拆词或巧记。
cet4-w-337b1e7c8807844947ed,proposition,listed_related,false,44363b69-d1d2-4c9b-8bfe-55761db80cc6,proposition,exact,pending_content_review,同词命中仅建立审核入口；不自动复制释义、拆词或巧记。
cet4-w-41a0df052e0373f99a52,prose,headword,false,034c2886-790b-4e73-828e-0ccf66a5b492,prose,exact,pending_content_review,同词命中仅建立审核入口；不自动复制释义、拆词或巧记。
cet4-w-f262db840d22de476630,prospect,headword,true,ceaf5574-6fbb-440c-b19b-bade02c169a0,prospect,exact,pending_content_review,同词命中仅建立审核入口；不自动复制释义、拆词或巧记。
cet4-w-57b2d331951b5adae7c9,prospective,listed_related,false,343a54bc-f0c6-4926-9695-ddb2bbb0cc7b,prospective,exact,pending_content_review,同词命中仅建立审核入口；不自动复制释义、拆词或巧记。
cet4-w-8cd0f88d52501b93cfb9,protect,headword,true,,,none,new_content_required,无六级同词；后续查找有证据的词族关系。
cet4-w-354803133dd777e663ea,protection,listed_related,true,,,none,new_content_required,无六级同词；后续查找有证据的词族关系。
cet4-w-420dd674c6ade7e3d185,protective,listed_related,true,,,none,new_content_required,无六级同词；后续查找有证据的词族关系。
cet4-w-acf84d914e3ef565af95,protein,headword,true,0a6a6e76-f01d-4a87-a3a7-5a7cd4baf2f3,protein,exact,pending_content_review,同词命中仅建立审核入口；不自动复制释义、拆词或巧记。
cet4-w-d8c316c70a6fd53e9620,protest,headword,true,e1e9acf4-b685-4605-b7af-f0c6378ea61f,protest,exact,pending_content_review,同词命中仅建立审核入口；不自动复制释义、拆词或巧记。
cet4-w-000d36c81dbff910a045,proud,listed_related,true,7493f8c2-ab98-4aa6-97d2-856a4fd06722,proud,exact,pending_content_review,同词命中仅建立审核入口；不自动复制释义、拆词或巧记。
cet4-w-140cf80359181879f6f6,prove,headword,true,6fe0e8ac-aa41-41d3-88f8-18ba684e1aa1,prove,exact,pending_content_review,同词命中仅建立审核入口；不自动复制释义、拆词或巧记。
cet4-w-d29be11069f84d27d6f2,proverb,headword,false,,,none,new_content_required,无六级同词；后续查找有证据的词族关系。
cet4-w-0f73f67af717da6d7e63,proverbial,listed_related,false,,,none,new_content_required,无六级同词；后续查找有证据的词族关系。
cet4-w-8249715f89c1c775887c,provide,headword,true,73a233ca-d5a2-4ec2-9567-8087cccd7740,provide,exact,pending_content_review,同词命中仅建立审核入口；不自动复制释义、拆词或巧记。
cet4-w-b7872938f182fd0b12b8,provided,headword,true,442d6247-c06d-4831-ac85-317b9d5b8020,provided,exact,pending_content_review,同词命中仅建立审核入口；不自动复制释义、拆词或巧记。
cet4-w-9ff2b9a9d5af0f2f4c2e,province,headword,true,,,none,new_content_required,无六级同词；后续查找有证据的词族关系。
cet4-w-2c30d3b9ad5710a76cbd,provincial,listed_related,false,,,none,new_content_required,无六级同词；后续查找有证据的词族关系。
cet4-w-0c3eff31cac9a9bc1153,provision,listed_related,true,8b5d72eb-7559-4e9c-aac3-c9e041fbedfd,provision,exact,pending_content_review,同词命中仅建立审核入口；不自动复制释义、拆词或巧记。
cet4-w-4fa556d8007867a4e691,provocation,listed_related,false,0cf55246-6880-4518-826a-831cd8bd0c90,provocation,exact,pending_content_review,同词命中仅建立审核入口；不自动复制释义、拆词或巧记。
cet4-w-cf5c7e0aa40c95e0a494,provocative,listed_related,false,1a3ae415-76d6-4db6-9599-8910b4fcdd7c,provocative,exact,pending_content_review,同词命中仅建立审核入口；不自动复制释义、拆词或巧记。
cet4-w-5c8cb0d66aaea55b803f,provoke,headword,false,bb71c988-62e0-4427-b79d-01446e0da398,provoke,exact,pending_content_review,同词命中仅建立审核入口；不自动复制释义、拆词或巧记。
cet4-w-97acf9c5db84d4568f62,psychological,listed_related,true,2a725236-5d27-4ad0-bdd2-2868e0e7d8f0,psychological,exact,pending_content_review,同词命中仅建立审核入口；不自动复制释义、拆词或巧记。
cet4-w-7f430172d4f85563c572,psychologist,listed_related,false,,,none,new_content_required,无六级同词；后续查找有证据的词族关系。
cet4-w-c6a8812a8f231ec60d0e,psychology,headword,false,8f07113f-28dc-446b-b505-995432933fc5,psychology,exact,pending_content_review,同词命中仅建立审核入口；不自动复制释义、拆词或巧记。
cet4-w-16ee2e7f43fb992b7281,pub,headword,false,,,none,new_content_required,无六级同词；后续查找有证据的词族关系。
cet4-w-0eb6b52e6a84e3c8183a,public,headword,true,,,none,new_content_required,无六级同词；后续查找有证据的词族关系。
cet4-w-c172e54d1754819a7f09,publication,listed_related,true,,,none,new_content_required,无六级同词；后续查找有证据的词族关系。
cet4-w-aad49954e2c1e440fe82,publicity,listed_related,false,,,none,new_content_required,无六级同词；后续查找有证据的词族关系。
cet4-w-3f2bdb17576fe55d7ccb,publicize,listed_related,false,,,none,new_content_required,无六级同词；后续查找有证据的词族关系。
cet4-w-71fd062a7ff0d4cd01ff,publicly,listed_related,false,,,none,new_content_required,无六级同词；后续查找有证据的词族关系。
cet4-w-1cecebc04c27b1cfef28,publish,headword,true,,,none,new_content_required,无六级同词；后续查找有证据的词族关系。
cet4-w-df1bf3c987481202316d,pull,headword,false,599f7680-ef1d-47b8-9259-c439e2284a5e,pull,exact,pending_content_review,同词命中仅建立审核入口；不自动复制释义、拆词或巧记。
cet4-w-34ba52c6e51e5221fde4,pulse,headword,true,704dee52-eff7-464e-b947-6d946f143d61,pulse,exact,pending_content_review,同词命中仅建立审核入口；不自动复制释义、拆词或巧记。
cet4-w-8b7d133f568bbf1a0373,pump,headword,true,b92619ae-61aa-4682-bd9a-ff9e53f836df,pump,exact,pending_content_review,同词命中仅建立审核入口；不自动复制释义、拆词或巧记。
cet4-w-3848a9372b39db382296,punch,headword,true,,,none,new_content_required,无六级同词；后续查找有证据的词族关系。
cet4-w-4eaaaca6cb4b5e035f2b,punctual,headword,true,a3203a04-f8dd-4095-abb8-1268dd81db41,punctual,exact,pending_content_review,同词命中仅建立审核入口；不自动复制释义、拆词或巧记。
cet4-w-a5b0ff31aea63b3e6618,punctuality,listed_related,false,03b2a014-58a6-4e60-b379-4a6d1ad6417d,punctuality,exact,pending_content_review,同词命中仅建立审核入口；不自动复制释义、拆词或巧记。
cet4-w-1b9d9716460d91ff776f,punish,headword,true,f60cadeb-cd30-4d9f-823c-87a413c61d32,punish,exact,pending_content_review,同词命中仅建立审核入口；不自动复制释义、拆词或巧记。
cet4-w-bf36e1b5717b48091173,punishment,listed_related,true,ce635986-4fc9-4879-8600-c3e43a0106b1,punishment,exact,pending_content_review,同词命中仅建立审核入口；不自动复制释义、拆词或巧记。
cet4-w-c6f470e23febe0616338,pupil,headword,false,,,none,new_content_required,无六级同词；后续查找有证据的词族关系。
cet4-w-9006418e41074473f560,purchase,headword,true,53c8b8b6-70a6-479a-9985-ff6cc9735c4f,purchase,exact,pending_content_review,同词命中仅建立审核入口；不自动复制释义、拆词或巧记。
cet4-w-7d264f5a5671bba1f42e,pure,headword,true,fa73678b-e8bc-4892-b418-79376a03f735,pure,exact,pending_content_review,同词命中仅建立审核入口；不自动复制释义、拆词或巧记。
cet4-w-4b20e93e4f243f854e74,purify,listed_related,true,f4139b0c-8157-4d3b-ac34-0b2776969272,purify,exact,pending_content_review,同词命中仅建立审核入口；不自动复制释义、拆词或巧记。
cet4-w-de7edbed30f907b3c38f,purity,listed_related,true,61132730-25e4-4625-8402-36a19b108120,purity,exact,pending_content_review,同词命中仅建立审核入口；不自动复制释义、拆词或巧记。
cet4-w-1e26ef82862845123d75,purple,headword,true,,,none,new_content_required,无六级同词；后续查找有证据的词族关系。
cet4-w-1796e3c80dde8d548cf7,purpose,headword,true,,,none,new_content_required,无六级同词；后续查找有证据的词族关系。
cet4-w-dab721430255bf934709,purposeful,listed_related,false,,,none,new_content_required,无六级同词；后续查找有证据的词族关系。
cet4-w-1cd1ca02241887d8f7b1,purse,headword,true,,,none,new_content_required,无六级同词；后续查找有证据的词族关系。
cet4-w-46c65ad943e8a1536f82,pursue,headword,true,8b3d45dd-cd7d-4e1e-ae45-9fff37267d9f,pursue,exact,pending_content_review,同词命中仅建立审核入口；不自动复制释义、拆词或巧记。
cet4-w-804d5eb7753edef8e602,pursuit,listed_related,true,1889d94f-1324-43cb-99b2-ca52fb46a3e7,pursuit,exact,pending_content_review,同词命中仅建立审核入口；不自动复制释义、拆词或巧记。
cet4-w-067e3243958b5b2ed302,push,headword,false,40bad968-376c-4b4a-a5e5-2ddcd67a3fcc,push,exact,pending_content_review,同词命中仅建立审核入口；不自动复制释义、拆词或巧记。
cet4-w-d29a2d45d0677c131e1b,pushy,listed_related,false,,,none,new_content_required,无六级同词；后续查找有证据的词族关系。
cet4-w-ba3003c302371f3e238c,put,headword,false,76430a21-02e0-4bd2-843f-ea010743d95c,put,exact,pending_content_review,同词命中仅建立审核入口；不自动复制释义、拆词或巧记。
cet4-w-f0c949fd38ef267a7288,puzzle,headword,true,,,none,new_content_required,无六级同词；后续查找有证据的词族关系。
cet4-w-300fc5d1f221f2ab0baf,puzzlement,listed_related,false,,,none,new_content_required,无六级同词；后续查找有证据的词族关系。
cet4-w-0b2eab04ada8ed0ba995,quake,headword,false,,,none,new_content_required,无六级同词；后续查找有证据的词族关系。
cet4-w-78959f4a33680b2d0422,qualification,listed_related,false,,,none,new_content_required,无六级同词；后续查找有证据的词族关系。
cet4-w-61fcdb2b72fa192f637e,qualify,headword,true,,,none,new_content_required,无六级同词；后续查找有证据的词族关系。
cet4-w-3fd127a1f74200ca88dc,qualitative,listed_related,false,6d291ecb-a9fc-43e9-80f9-1d11c56b2141,qualitative,exact,pending_content_review,同词命中仅建立审核入口；不自动复制释义、拆词或巧记。
cet4-w-865ca5f298b64e3cb887,quality,headword,true,d46bc329-5217-4538-b801-2fa3b325f2e6,quality,exact,pending_content_review,同词命中仅建立审核入口；不自动复制释义、拆词或巧记。
cet4-w-b2f513bfc3e1ce058d75,quantification,listed_related,false,,,none,new_content_required,无六级同词；后续查找有证据的词族关系。
cet4-w-94085e466fd07a3957fc,quantify,headword,false,c772dda3-2b6a-4947-ab81-da3844bb8fa2,quantify,exact,pending_content_review,同词命中仅建立审核入口；不自动复制释义、拆词或巧记。
cet4-w-7ecf220089b749e40c93,quantitative,listed_related,false,11c803d0-c291-4c19-8c3f-e50033a4c8c5,quantitative,exact,pending_content_review,同词命中仅建立审核入口；不自动复制释义、拆词或巧记。
cet4-w-30ca3ccfea5d5222c9e7,quantity,headword,true,dbd73ec1-a059-431b-9a7e-ecc453ec99e1,quantity,exact,pending_content_review,同词命中仅建立审核入口；不自动复制释义、拆词或巧记。
cet4-w-40b4feac8235929d7a02,quarrel,headword,true,,,none,new_content_required,无六级同词；后续查找有证据的词族关系。
cet4-w-78e3bc95093c72280762,quarrelsome,listed_related,false,,,none,new_content_required,无六级同词；后续查找有证据的词族关系。
cet4-w-88864172e62aff156317,quarter,headword,false,c95808a9-0be1-4527-acad-fa1976460f2e,quarter,exact,pending_content_review,同词命中仅建立审核入口；不自动复制释义、拆词或巧记。
cet4-w-dfafe1e2b696b7903343,quarterly,listed_related,true,da40ff14-3965-4989-868f-d2c571c93f0d,quarterly,exact,pending_content_review,同词命中仅建立审核入口；不自动复制释义、拆词或巧记。
cet4-w-369d3ec8d65169896f57,queen,headword,true,,,none,new_content_required,无六级同词；后续查找有证据的词族关系。
cet4-w-1647ab2be74a3c771be8,question,headword,false,a9061134-fa96-4701-83b2-a2b40e1fa455,question,exact,pending_content_review,同词命中仅建立审核入口；不自动复制释义、拆词或巧记。
cet4-w-efea2aeb18d346073879,questionnaire,listed_related,false,c945ec32-e74d-4a3a-803e-2e5e56bbd1fb,questionnaire,exact,pending_content_review,同词命中仅建立审核入口；不自动复制释义、拆词或巧记。
cet4-w-ce1377180b245f0fc097,queue,headword,true,6db5e135-00e7-46d7-a339-fbe4baf49e5f,queue,exact,pending_content_review,同词命中仅建立审核入口；不自动复制释义、拆词或巧记。
cet4-w-7359ca8e1ec0f6f52393,quick,headword,false,,,none,new_content_required,无六级同词；后续查找有证据的词族关系。
cet4-w-4f5b2492353a8041f325,quiet,headword,false,8bd66a44-45f4-4c16-9d20-bc12b324e36e,quiet,exact,pending_content_review,同词命中仅建立审核入口；不自动复制释义、拆词或巧记。
cet4-w-8955a7631f94b85b4f1b,quit,headword,true,,,none,new_content_required,无六级同词；后续查找有证据的词族关系。
cet4-w-714d6d9cbc8695e779ce,quite,headword,false,,,none,new_content_required,无六级同词；后续查找有证据的词族关系。
cet4-w-1a6234e0cf12ce8f3c62,quiz,headword,true,,,none,new_content_required,无六级同词；后续查找有证据的词族关系。
cet4-w-9c67a821d5e279dd5c80,quota,headword,false,285fb948-cd96-415d-8dfc-496a1eb89533,quota,exact,pending_content_review,同词命中仅建立审核入口；不自动复制释义、拆词或巧记。
cet4-w-e4d605b16add2e0a7332,quotation,listed_related,true,,,none,new_content_required,无六级同词；后续查找有证据的词族关系。
cet4-w-940ff4051af2229a8d5e,quote,headword,true,,,none,new_content_required,无六级同词；后续查找有证据的词族关系。
cet4-w-d529a71af386efbddf45,rabbit,headword,true,,,none,new_content_required,无六级同词；后续查找有证据的词族关系。
cet4-w-426d325f58965d43d39f,race,headword,true,4ed3b1f8-618e-4fd9-902a-c8ed4c098950,race,exact,pending_content_review,同词命中仅建立审核入口；不自动复制释义、拆词或巧记。
cet4-w-14f92f776494de7402e1,racial,listed_related,true,450eadc3-d86e-4d10-9218-dee2daa40e17,racial,exact,pending_content_review,同词命中仅建立审核入口；不自动复制释义、拆词或巧记。
cet4-w-35ee76c60679754b4c4d,racism,listed_related,false,,,none,new_content_required,无六级同词；后续查找有证据的词族关系。
cet4-w-d3edbd05f48e48821211,racist,listed_related,false,,,none,new_content_required,无六级同词；后续查找有证据的词族关系。
cet4-w-eed20941443a6c26b60b,rack,headword,true,1661b1dd-7210-41b0-9eb8-0da5fcb2e99e,rack,exact,pending_content_review,同词命中仅建立审核入口；不自动复制释义、拆词或巧记。
cet4-w-af91ba75aba2879feab4,radar,headword,true,,,none,new_content_required,无六级同词；后续查找有证据的词族关系。
cet4-w-afac14ed92eed83cb2f2,radical,headword,true,9f60e575-0b80-4e9c-ba66-25e4bd2e2075,radical,exact,pending_content_review,同词命中仅建立审核入口；不自动复制释义、拆词或巧记。
cet4-w-c06470cb05de9f135e69,radio,headword,false,f732010a-70ff-417b-b80d-78b93a4591fb,radio,exact,pending_content_review,同词命中仅建立审核入口；不自动复制释义、拆词或巧记。
cet4-w-91815b10c3c2aa303965,rag,headword,true,29b9aba8-8ba2-4e33-8665-9e55fad3ed37,rag,exact,pending_content_review,同词命中仅建立审核入口；不自动复制释义、拆词或巧记。
cet4-w-c7b97c7b4c31685b30cc,rage,headword,true,dc65f192-4a2a-4791-8f65-4698ce08ed81,rage,exact,pending_content_review,同词命中仅建立审核入口；不自动复制释义、拆词或巧记。
cet4-w-701b71ee38626f22b48e,ragged,listed_related,false,56e4262b-376d-408c-a592-b26a87d4426e,ragged,exact,pending_content_review,同词命中仅建立审核入口；不自动复制释义、拆词或巧记。
cet4-w-3e73eeb791f4c6e8726e,raggedly,listed_related,false,883da31c-66c1-460b-bc31-be32ef15353b,raggedly,exact,pending_content_review,同词命中仅建立审核入口；不自动复制释义、拆词或巧记。
cet4-w-bbcee9d758fc7ba7ca85,raging,listed_related,false,8f5f84e1-d2d5-4294-9d31-837a984557be,raging,exact,pending_content_review,同词命中仅建立审核入口；不自动复制释义、拆词或巧记。
cet4-w-569ae4dcf724f83ee56c,raid,headword,true,98c0ca7f-5c69-4aff-8ce6-9846368ad437,raid,exact,pending_content_review,同词命中仅建立审核入口；不自动复制释义、拆词或巧记。
cet4-w-85156d3bff946efb1434,rail,headword,true,02f7ec89-4f4e-4144-8404-7bbb9da796e4,rail,exact,pending_content_review,同词命中仅建立审核入口；不自动复制释义、拆词或巧记。
cet4-w-f52c9407a6b8d4a9bc05,railroad,headword,true,,,none,new_content_required,无六级同词；后续查找有证据的词族关系。
cet4-w-4f5a77c5dd344aa32677,railway,headword,false,,,none,new_content_required,无六级同词；后续查找有证据的词族关系。
cet4-w-052a3cf844521bc02e7a,rain,headword,false,ad8e2059-3d5c-4a20-a841-0e0ac5cab03a,rain,exact,pending_content_review,同词命中仅建立审核入口；不自动复制释义、拆词或巧记。
cet4-w-cce63c5f941b4f36c77f,rainbow,headword,true,,,none,new_content_required,无六级同词；后续查找有证据的词族关系。
cet4-w-3c320c6c789051eb9f10,raincoat,headword,false,,,none,new_content_required,无六级同词；后续查找有证据的词族关系。
cet4-w-7a22ac184b4251a2f5cc,rainy,listed_related,true,,,none,new_content_required,无六级同词；后续查找有证据的词族关系。
cet4-w-3ceb9ef2c93ba5528a32,raise,headword,false,7ccf26cb-30e4-4f8f-a641-2831229a9799,raise,exact,pending_content_review,同词命中仅建立审核入口；不自动复制释义、拆词或巧记。
cet4-w-624a7a36b17fdda16f9b,rally,headword,false,,,none,new_content_required,无六级同词；后续查找有证据的词族关系。
cet4-w-71e377a58836133df41f,range,headword,true,,,none,new_content_required,无六级同词；后续查找有证据的词族关系。
cet4-w-2afd01b31dcbf4e6b93c,rank,headword,true,c41ab386-d637-4bf2-bae2-75cebf0bd2a8,rank,exact,pending_content_review,同词命中仅建立审核入口；不自动复制释义、拆词或巧记。
cet4-w-df2b82646ae75bcff240,rapid,headword,true,,,none,new_content_required,无六级同词；后续查找有证据的词族关系。
cet4-w-62c6d6ad85dbd48467c7,rapidity,listed_related,false,,,none,new_content_required,无六级同词；后续查找有证据的词族关系。
cet4-w-14fc37abc939993a6807,rare,headword,true,c6279663-8f39-4aa8-8cc5-efec50747e3f,rare,exact,pending_content_review,同词命中仅建立审核入口；不自动复制释义、拆词或巧记。
cet4-w-71f6b76474f0b5e4ebfb,rarely,listed_related,true,e51bbe15-b489-469b-9ef0-8b299e36a65f,rarely,exact,pending_content_review,同词命中仅建立审核入口；不自动复制释义、拆词或巧记。
cet4-w-fedff11dc06dad603023,rarity,listed_related,false,8f6c7249-c3fd-48f1-897b-ae03494dab61,rarity,exact,pending_content_review,同词命中仅建立审核入口；不自动复制释义、拆词或巧记。
cet4-w-a509dee4d4e02c83dbf5,rat,headword,true,8eafbb37-3bb8-43e7-86b2-e7f4ca946852,rat,exact,pending_content_review,同词命中仅建立审核入口；不自动复制释义、拆词或巧记。
cet4-w-99d732368fcd1f1fe966,rate,headword,true,a206b5ce-4419-4583-aaf1-2605c1c468cc,rate,exact,pending_content_review,同词命中仅建立审核入口；不自动复制释义、拆词或巧记。
cet4-w-f87ce91cc2f19551a15f,rather,headword,true,a013d602-2072-4692-b014-1f9094fda509,rather,exact,pending_content_review,同词命中仅建立审核入口；不自动复制释义、拆词或巧记。
cet4-w-8e092d36dd9f29cde1a0,rating,listed_related,false,9616c98c-cc0b-46c2-9c47-a15f5d52baff,rating,exact,pending_content_review,同词命中仅建立审核入口；不自动复制释义、拆词或巧记。
cet4-w-1fdf1c956d66f9491b15,ratio,headword,true,,,none,new_content_required,无六级同词；后续查找有证据的词族关系。
cet4-w-72c7b9939a316efceecf,rational,headword,true,35a0aff5-a463-429f-be9e-5c891418037e,rational,exact,pending_content_review,同词命中仅建立审核入口；不自动复制释义、拆词或巧记。
cet4-w-1d8767646d9661eafbd3,raw,headword,true,50f6b07c-596d-43d6-b656-db2450874a65,raw,exact,pending_content_review,同词命中仅建立审核入口；不自动复制释义、拆词或巧记。
cet4-w-ce7566b9bca406deb10d,ray,headword,true,eb28941b-424b-4256-a3d9-606342d41a6c,ray,exact,pending_content_review,同词命中仅建立审核入口；不自动复制释义、拆词或巧记。
cet4-w-efb26f520dfd02888a1e,reach,headword,true,f6b1d2db-c97f-403a-bc1f-749863673267,reach,exact,pending_content_review,同词命中仅建立审核入口；不自动复制释义、拆词或巧记。
cet4-w-25dfe87120b7c0b3f123,react,headword,true,366601f4-6cad-462d-8b57-406132ff3246,react,exact,pending_content_review,同词命中仅建立审核入口；不自动复制释义、拆词或巧记。
cet4-w-4dd43083d65394818aa9,reaction,listed_related,true,484fdd3e-86e4-4227-969a-efd4186df243,reaction,exact,pending_content_review,同词命中仅建立审核入口；不自动复制释义、拆词或巧记。
cet4-w-f6544ff83c4912ccd222,reactionary,listed_related,false,,,none,new_content_required,无六级同词；后续查找有证据的词族关系。
cet4-w-42a8c105433e3b29237b,read,headword,false,d42c6203-4da5-48e3-9f95-158e628cc1c1,read,exact,pending_content_review,同词命中仅建立审核入口；不自动复制释义、拆词或巧记。
cet4-w-f903463fef18f373a48a,reader,listed_related,true,,,none,new_content_required,无六级同词；后续查找有证据的词族关系。
cet4-w-2bd1bc40402d0aab47ba,readily,listed_related,true,a0431691-9a24-4e10-8a40-0e4d44df0539,readily,exact,pending_content_review,同词命中仅建立审核入口；不自动复制释义、拆词或巧记。
cet4-w-5e7b1c4240dbdf224bcb,reading,listed_related,true,,,none,new_content_required,无六级同词；后续查找有证据的词族关系。
cet4-w-e8ff5772d6055044232f,ready,headword,false,,,none,new_content_required,无六级同词；后续查找有证据的词族关系。
cet4-w-f3d982907eb6ee544ca4,real,headword,true,f6da7831-c03a-4814-a250-f3ddbc25fe52,real,exact,pending_content_review,同词命中仅建立审核入口；不自动复制释义、拆词或巧记。
cet4-w-3fbfb7237004a0fb86f4,realism,listed_related,false,a73e5e02-00a7-4809-ab31-518377710e29,realism,exact,pending_content_review,同词命中仅建立审核入口；不自动复制释义、拆词或巧记。
cet4-w-82b74bc6951b346c226d,realistic,headword,false,c885873f-a3a2-46c0-b623-84fcb2f64e7d,realistic,exact,pending_content_review,同词命中仅建立审核入口；不自动复制释义、拆词或巧记。
cet4-w-9d2b2e0aea3b66bc7973,reality,listed_related,true,5f19c809-feeb-45af-9c71-bcc936b556f1,reality,exact,pending_content_review,同词命中仅建立审核入口；不自动复制释义、拆词或巧记。
cet4-w-f9212b13b49640ae408b,realization,listed_related,false,,,none,new_content_required,无六级同词；后续查找有证据的词族关系。
cet4-w-6d5436f758d90bfc4d1c,realize,headword,true,,,none,new_content_required,无六级同词；后续查找有证据的词族关系。
cet4-w-02aa9accdebb90c01517,really,listed_related,false,e9e50d0c-8ecf-4360-82a5-2cbce319dc37,really,exact,pending_content_review,同词命中仅建立审核入口；不自动复制释义、拆词或巧记。
cet4-w-91a91ab9d7447218d5e9,realm,headword,true,,,none,new_content_required,无六级同词；后续查找有证据的词族关系。
cet4-w-41f5d0f3fd931e499d7e,reap,headword,true,802f5258-d558-46e6-9550-c085104404ff,reap,exact,pending_content_review,同词命中仅建立审核入口；不自动复制释义、拆词或巧记。
cet4-w-64226b6440458f2fb129,rear,headword,true,,,none,new_content_required,无六级同词；后续查找有证据的词族关系。
cet4-w-b89ab0425b63400a5148,reason,headword,false,6753d9ae-52fd-4e44-a452-5c77e68d19ed,reason,exact,pending_content_review,同词命中仅建立审核入口；不自动复制释义、拆词或巧记。
cet4-w-020fc0b29a1461875bae,reasonable,listed_related,true,ac90afe3-604e-44df-acd1-1cf30456fefc,reasonable,exact,pending_content_review,同词命中仅建立审核入口；不自动复制释义、拆词或巧记。
cet4-w-5d078c24bf23fce566b7,rebel,headword,true,a99bf5fb-811f-4126-9f8e-6e40f9629402,rebel,exact,pending_content_review,同词命中仅建立审核入口；不自动复制释义、拆词或巧记。
cet4-w-ad1876a81f68719a21ba,rebellion,listed_related,true,a09eda46-2323-4a41-9fe5-dbae49976163,rebellion,exact,pending_content_review,同词命中仅建立审核入口；不自动复制释义、拆词或巧记。
cet4-w-71ea506c021b16ea1653,rebellious,listed_related,false,13a46149-192c-4371-8ddd-56423de67191,rebellious,exact,pending_content_review,同词命中仅建立审核入口；不自动复制释义、拆词或巧记。
cet4-w-4103265b251268fb59db,recall,headword,true,e49a0cde-fe82-4090-8d2b-095e2ddf5e00,recall,exact,pending_content_review,同词命中仅建立审核入口；不自动复制释义、拆词或巧记。
cet4-w-68c9115f6f60973cb893,receipt,listed_related,false,2f9503de-962c-4b1d-8e22-43adaf44ae84,receipt,exact,pending_content_review,同词命中仅建立审核入口；不自动复制释义、拆词或巧记。
cet4-w-2a55c44f59e04d3d6a83,receive,headword,false,5932d5e6-b167-4e43-a0e5-a34f47759591,receive,exact,pending_content_review,同词命中仅建立审核入口；不自动复制释义、拆词或巧记。
cet4-w-dda2de13c3d78874385b,receiver,listed_related,true,,,none,new_content_required,无六级同词；后续查找有证据的词族关系。
cet4-w-9d192333f0ed8437f07d,recent,headword,true,,,none,new_content_required,无六级同词；后续查找有证据的词族关系。
cet4-w-ce80620475cf8ad4c4de,recently,listed_related,true,,,none,new_content_required,无六级同词；后续查找有证据的词族关系。
cet4-w-c649cd18297a5378a436,reception,headword,true,75b4b035-4da3-4e05-afa2-42f173ec0841,reception,exact,pending_content_review,同词命中仅建立审核入口；不自动复制释义、拆词或巧记。
cet4-w-9cefd4943554b1eda933,receptionist,listed_related,false,,,none,new_content_required,无六级同词；后续查找有证据的词族关系。
cet4-w-1fd786cf092833f1cbd7,receptive,listed_related,false,,,none,new_content_required,无六级同词；后续查找有证据的词族关系。
cet4-w-a1ca9f8c4160ff850bb8,recession,headword,false,e06930e9-acc7-4a6e-b7f5-71e116735c8d,recession,exact,pending_content_review,同词命中仅建立审核入口；不自动复制释义、拆词或巧记。
cet4-w-1d891bf966c82b7ebb39,recipient,listed_related,false,956089dd-0296-4647-9973-dc2074f27862,recipient,exact,pending_content_review,同词命中仅建立审核入口；不自动复制释义、拆词或巧记。
cet4-w-4a6d2972c67c749189fe,recitation,listed_related,false,5599a20b-dc3b-49c2-84f2-6b4135e2c5ab,recitation,exact,pending_content_review,同词命中仅建立审核入口；不自动复制释义、拆词或巧记。
cet4-w-1b172a66123657e1293b,recite,headword,true,b2d07a20-0619-4920-a168-e2b33d5029d5,recite,exact,pending_content_review,同词命中仅建立审核入口；不自动复制释义、拆词或巧记。
cet4-w-3f34796f073082e5646b,reckon,headword,false,e80d63ab-5a8e-4ee7-930b-a3127dcddab8,reckon,exact,pending_content_review,同词命中仅建立审核入口；不自动复制释义、拆词或巧记。
cet4-w-f62dd39b95e5b7fc2ac4,recognition,listed_related,true,2636665f-c18a-4cf7-8124-086a897a2857,recognition,exact,pending_content_review,同词命中仅建立审核入口；不自动复制释义、拆词或巧记。
cet4-w-8de32bcd225a5a590c7f,recognize,headword,true,2eb080a9-bc73-46b5-9cbf-5eeb238bd387,recognize,exact,pending_content_review,同词命中仅建立审核入口；不自动复制释义、拆词或巧记。
cet4-w-bc96281a6a7aab40d4b4,recommend,headword,true,989ea3bf-b2d5-44f4-8280-587c2bca482f,recommend,exact,pending_content_review,同词命中仅建立审核入口；不自动复制释义、拆词或巧记。
cet4-w-d35261c2a1e538208d91,recommendation,listed_related,true,4f538085-0ac3-4978-9be4-4ff1f97803df,recommendation,exact,pending_content_review,同词命中仅建立审核入口；不自动复制释义、拆词或巧记。
cet4-w-ade09701904751dc245c,record,headword,true,631824d9-1ff3-47a4-9ca9-987da70bd73b,record,exact,pending_content_review,同词命中仅建立审核入口；不自动复制释义、拆词或巧记。
cet4-w-a7f2fc6cffe4667c1932,recorder,listed_related,true,,,none,new_content_required,无六级同词；后续查找有证据的词族关系。
cet4-w-fece2444728e443c8a70,recording,listed_related,false,,,none,new_content_required,无六级同词；后续查找有证据的词族关系。
cet4-w-5ee23c2472cd65c9274e,recover,headword,true,ae469d92-3811-479f-8683-538d54757625,recover,exact,pending_content_review,同词命中仅建立审核入口；不自动复制释义、拆词或巧记。
cet4-w-dafee5d4f6a54323a335,recovery,listed_related,true,58651127-452b-4e77-83d1-a265e4548fb1,recovery,exact,pending_content_review,同词命中仅建立审核入口；不自动复制释义、拆词或巧记。
cet4-w-9e9da4e06394a77cfa6f,recreation,headword,true,f04fe771-be23-4627-bd78-8a6bd1d35246,recreation,exact,pending_content_review,同词命中仅建立审核入口；不自动复制释义、拆词或巧记。
cet4-w-8e54eb2268e5960820fc,recreational,listed_related,false,e2f10e8a-9333-414d-8a7d-565ab0d65c92,recreational,exact,pending_content_review,同词命中仅建立审核入口；不自动复制释义、拆词或巧记。
cet4-w-2226d249f560440cd6d3,recruit,headword,true,02c7d663-dec4-4bbe-8b92-0234dcd19908,recruit,exact,pending_content_review,同词命中仅建立审核入口；不自动复制释义、拆词或巧记。
cet4-w-7069ec17cfb0741121f0,recruitment,listed_related,false,ae6fd0bc-65b8-4672-ba7d-af26611b8543,recruitment,exact,pending_content_review,同词命中仅建立审核入口；不自动复制释义、拆词或巧记。
cet4-w-106fac4339ee01b1110a,recyclable,listed_related,false,a83ae2b1-cc69-4597-971f-3cb78ca829c9,recyclable,exact,pending_content_review,同词命中仅建立审核入口；不自动复制释义、拆词或巧记。
cet4-w-677524bcddd72660c013,recycle,headword,false,96a9cac4-49ca-4ee9-ac0d-b31123862966,recycle,exact,pending_content_review,同词命中仅建立审核入口；不自动复制释义、拆词或巧记。
cet4-w-63c2a00c1f6beb9f2029,red,headword,false,,,none,new_content_required,无六级同词；后续查找有证据的词族关系。
cet4-w-68b0d6d0a91c8c8f398a,reduce,headword,true,6b3f0705-3876-4780-82a9-a16a68e7e6d9,reduce,exact,pending_content_review,同词命中仅建立审核入口；不自动复制释义、拆词或巧记。
cet4-w-1905a080239a51310588,reduction,listed_related,true,,,none,new_content_required,无六级同词；后续查找有证据的词族关系。
cet4-w-e3eed2986b2f19b80259,refer,headword,true,4ce6ec1c-3bd4-4f88-b6fc-67629c071f63,refer,exact,pending_content_review,同词命中仅建立审核入口；不自动复制释义、拆词或巧记。
cet4-w-bfff779163276d119706,reference,listed_related,true,f65dc3c5-2bb7-4dd5-a6c4-8315736c2700,reference,exact,pending_content_review,同词命中仅建立审核入口；不自动复制释义、拆词或巧记。
cet4-w-f9c7e6eac34ac364ca03,refine,headword,true,5f578552-6df1-41fd-8a0a-fd9e488040b8,refine,exact,pending_content_review,同词命中仅建立审核入口；不自动复制释义、拆词或巧记。
cet4-w-5198ab201a3bbcb7c373,refinement,listed_related,false,,,none,new_content_required,无六级同词；后续查找有证据的词族关系。
cet4-w-42eff2114d275b4272fd,refinery,listed_related,false,,,none,new_content_required,无六级同词；后续查找有证据的词族关系。
cet4-w-555f2bdbf09d5499e33c,reflect,headword,true,0e62b486-7689-4263-90e0-bbcdfaeb27b7,reflect,exact,pending_content_review,同词命中仅建立审核入口；不自动复制释义、拆词或巧记。
cet4-w-869fa8f8ffc3d1bcee74,reflection,listed_related,true,00ca2ad7-53c1-4618-baa5-9e99fa01bb8f,reflection,exact,pending_content_review,同词命中仅建立审核入口；不自动复制释义、拆词或巧记。
cet4-w-8fb9f7c08d3a54369a68,reflective,listed_related,false,4b2274d4-06c1-4ac6-bc65-40ec46f5b99c,reflective,exact,pending_content_review,同词命中仅建立审核入口；不自动复制释义、拆词或巧记。
cet4-w-4b2f7417fc1505f1f149,reform,headword,true,66df985d-7cd9-4ea2-9157-7d5adbc68548,reform,exact,pending_content_review,同词命中仅建立审核入口；不自动复制释义、拆词或巧记。
cet4-w-075694024abd04e1a68b,reformation,listed_related,false,413c91f8-3dc5-4239-8f5f-9c7c7e3d3bfc,reformation,exact,pending_content_review,同词命中仅建立审核入口；不自动复制释义、拆词或巧记。
cet4-w-394e8aa187626d42dc80,reformist,listed_related,false,818471c4-4f14-4ba5-8877-d24ea744ad2f,reformist,exact,pending_content_review,同词命中仅建立审核入口；不自动复制释义、拆词或巧记。
cet4-w-921ba4e77524e9d8d1ae,refrain,headword,false,7674224a-cd08-45d3-921d-4ed7987da883,refrain,exact,pending_content_review,同词命中仅建立审核入口；不自动复制释义、拆词或巧记。
cet4-w-b624ea17883a2b4ddba8,refresh,headword,true,25222fea-6b69-4be0-a975-1be3b36c59bd,refresh,exact,pending_content_review,同词命中仅建立审核入口；不自动复制释义、拆词或巧记。
cet4-w-2e1653f3946f6701d2fe,refreshment,headword,true,766b836b-05aa-435b-b09a-fffdd19048b1,refreshment,exact,pending_content_review,同词命中仅建立审核入口；不自动复制释义、拆词或巧记。
cet4-w-91f0676d6e065719ac90,refrigeration,listed_related,false,51a927d8-68c1-4d60-b05b-75400417cbc8,refrigeration,exact,pending_content_review,同词命中仅建立审核入口；不自动复制释义、拆词或巧记。
cet4-w-4449055564c5f4354fd7,refrigerator,headword,true,f65d5a06-7f8d-4e80-9532-b6dd55817ac6,refrigerator,exact,pending_content_review,同词命中仅建立审核入口；不自动复制释义、拆词或巧记。
cet4-w-8935e78dab8ee2fd53f4,refusal,listed_related,true,bf2fd1c9-d3a1-4b9c-8ed4-cf27888957da,refusal,exact,pending_content_review,同词命中仅建立审核入口；不自动复制释义、拆词或巧记。
cet4-w-c77eac7567610b5d7c7b,refuse,headword,true,47911cfa-3bd1-4c23-ad6d-c0ef2446ee08,refuse,exact,pending_content_review,同词命中仅建立审核入口；不自动复制释义、拆词或巧记。
cet4-w-89a1645ce04ef84d0c75,regard,headword,true,a000dc8f-4042-473c-a5bb-59c017a0d2f7,regard,exact,pending_content_review,同词命中仅建立审核入口；不自动复制释义、拆词或巧记。
cet4-w-c60e3de80e1a5bbe8cf6,regarding,headword,true,,,none,new_content_required,无六级同词；后续查找有证据的词族关系。
cet4-w-6f32766c5d71d985ce0a,regardless,headword,true,,,none,new_content_required,无六级同词；后续查找有证据的词族关系。
cet4-w-666e74a196a1199ecd27,region,headword,true,05947739-2df7-420a-bbb3-329dd51f8cd1,region,exact,pending_content_review,同词命中仅建立审核入口；不自动复制释义、拆词或巧记。
cet4-w-e8496d8a1e1cacb90504,regional,listed_related,false,be00046f-4666-40fd-b9b5-fae7b353b2d6,regional,exact,pending_content_review,同词命中仅建立审核入口；不自动复制释义、拆词或巧记。
cet4-w-ac411306cdc0ece5bef3,register,headword,true,9a1cceb4-ef71-4bf8-82f4-6a6db18fbb22,register,exact,pending_content_review,同词命中仅建立审核入口；不自动复制释义、拆词或巧记。
cet4-w-ca920d04f33b314d9887,registrar,listed_related,false,,,none,new_content_required,无六级同词；后续查找有证据的词族关系。
cet4-w-9bf1ad0bc6656a4bfde9,registration,listed_related,false,726efb49-3792-47bb-8bae-2f0f1847e782,registration,exact,pending_content_review,同词命中仅建立审核入口；不自动复制释义、拆词或巧记。
cet4-w-a920e809040db3b89523,regret,headword,true,,,none,new_content_required,无六级同词；后续查找有证据的词族关系。
cet4-w-aa9e2264a304813fecd6,regretful,listed_related,false,,,none,new_content_required,无六级同词；后续查找有证据的词族关系。
cet4-w-c71ffbf1e608601815f1,regrettable,listed_related,false,,,none,new_content_required,无六级同词；后续查找有证据的词族关系。
cet4-w-5e216658095ce8c2dfb0,regular,headword,true,5eba67eb-2548-489c-bc71-3c23a3d3add1,regular,exact,pending_content_review,同词命中仅建立审核入口；不自动复制释义、拆词或巧记。
cet4-w-750932aae1d705da31cc,regularity,listed_related,false,,,none,new_content_required,无六级同词；后续查找有证据的词族关系。
cet4-w-6e6459778ba099c53b5a,regulate,headword,true,d5d524f4-df4f-4ced-838d-14d0d87bc2a0,regulate,exact,pending_content_review,同词命中仅建立审核入口；不自动复制释义、拆词或巧记。
cet4-w-9a8691b8ee332e4c7b21,regulation,listed_related,true,e1651922-bc4e-427e-b1f5-2f19103fa44a,regulation,exact,pending_content_review,同词命中仅建立审核入口；不自动复制释义、拆词或巧记。
cet4-w-d2bfc0cde0e7db6ca056,regulator,listed_related,false,1b4150dc-0755-4048-884b-49ad9ccff464,regulator,exact,pending_content_review,同词命中仅建立审核入口；不自动复制释义、拆词或巧记。
cet4-w-9a16349d4f651b169c79,regulatory,listed_related,false,db0cb22e-c694-4210-b0f4-d11aa1ad6917,regulatory,exact,pending_content_review,同词命中仅建立审核入口；不自动复制释义、拆词或巧记。
cet4-w-6b54164e4e77ea97b867,reinforce,headword,true,33e2433a-1921-4e8d-9c7e-318f5b692e90,reinforce,exact,pending_content_review,同词命中仅建立审核入口；不自动复制释义、拆词或巧记。
cet4-w-c878aa309604b326033c,reinforcement,listed_related,false,8a90cdad-4109-4cae-85a5-650f5326cad7,reinforcement,exact,pending_content_review,同词命中仅建立审核入口；不自动复制释义、拆词或巧记。
cet4-w-02f01f7fd2cc9f682749,reject,headword,true,49712486-7250-4285-8335-3214c46da5d8,reject,exact,pending_content_review,同词命中仅建立审核入口；不自动复制释义、拆词或巧记。
cet4-w-aacb28a9efbb9ce9ec12,rejection,listed_related,false,,,none,new_content_required,无六级同词；后续查找有证据的词族关系。
cet4-w-269466d58f17cfbaadc5,relate,headword,true,1c43f716-e61a-4d51-a30e-3b2e6776a9a0,relate,exact,pending_content_review,同词命中仅建立审核入口；不自动复制释义、拆词或巧记。
cet4-w-5ea620aeb71ebfadd572,relation,listed_related,true,780c935d-fffb-4b50-82cd-1e766b8aad85,relation,exact,pending_content_review,同词命中仅建立审核入口；不自动复制释义、拆词或巧记。
cet4-w-eeab95c441a7ad4594b1,relationship,listed_related,true,2fc82019-f10d-4057-96d9-73c714c533f7,relationship,exact,pending_content_review,同词命中仅建立审核入口；不自动复制释义、拆词或巧记。
cet4-w-866267453f2cc6ee6e6b,relative,headword,true,bbf02b8b-5c57-4543-9bac-ab71eae3d3ab,relative,exact,pending_content_review,同词命中仅建立审核入口；不自动复制释义、拆词或巧记。
cet4-w-20f29a362b85f36bc41a,relativity,listed_related,true,,,none,new_content_required,无六级同词；后续查找有证据的词族关系。
cet4-w-355dc6bbfd12789752d2,relax,headword,true,,,none,new_content_required,无六级同词；后续查找有证据的词族关系。
cet4-w-2d0e76724ccd9e45e171,relaxation,listed_related,false,,,none,new_content_required,无六级同词；后续查找有证据的词族关系。
cet4-w-0326fd9cbd0d9c604fd1,relay,headword,false,ccace763-1026-476d-8653-0b2d0296973b,relay,exact,pending_content_review,同词命中仅建立审核入口；不自动复制释义、拆词或巧记。
cet4-w-f0850f1837c5be7ae0aa,release,headword,true,e8a18786-2de8-4ceb-be9e-7b19f4f56cee,release,exact,pending_content_review,同词命中仅建立审核入口；不自动复制释义、拆词或巧记。
cet4-w-9738ae2ae1bc8bed77d9,relevance,listed_related,false,ef925719-b048-433f-bc2c-5e8d60e2d957,relevance,exact,pending_content_review,同词命中仅建立审核入口；不自动复制释义、拆词或巧记。
cet4-w-096a10711809371c4e57,relevant,headword,true,313d7cd2-27ce-4fa5-9134-d07e1e38e272,relevant,exact,pending_content_review,同词命中仅建立审核入口；不自动复制释义、拆词或巧记。
cet4-w-1f92800666213c816d19,reliable,listed_related,true,acaae4d6-818a-4e4d-9dd8-430971ebe678,reliable,exact,pending_content_review,同词命中仅建立审核入口；不自动复制释义、拆词或巧记。
cet4-w-c0879149e1c337888b7c,reliance,listed_related,true,9783ebf7-a511-47aa-87b8-c2a76de53121,reliance,exact,pending_content_review,同词命中仅建立审核入口；不自动复制释义、拆词或巧记。
cet4-w-28ec0af0f41acb699a03,relief,listed_related,true,d99070d2-e724-4282-802c-24174f5fbd7c,relief,exact,pending_content_review,同词命中仅建立审核入口；不自动复制释义、拆词或巧记。
cet4-w-beaf0134d41b30363a0e,relieve,headword,true,bc91e8e5-f3c3-426b-8928-111010c81a25,relieve,exact,pending_content_review,同词命中仅建立审核入口；不自动复制释义、拆词或巧记。
cet4-w-d1193b81363cf76f4dba,religion,headword,true,3076facf-32f1-4dc1-a7a9-cd946a1ef60b,religion,exact,pending_content_review,同词命中仅建立审核入口；不自动复制释义、拆词或巧记。
cet4-w-a6e9bc5316e6650e2d80,religious,listed_related,true,c8a93e48-0b9f-4d25-989d-fa3381568862,religious,exact,pending_content_review,同词命中仅建立审核入口；不自动复制释义、拆词或巧记。
cet4-w-0e6fbc9f82619e684917,reluctance,listed_related,false,b6e9c7a5-0485-4c00-8155-b812d17f65b1,reluctance,exact,pending_content_review,同词命中仅建立审核入口；不自动复制释义、拆词或巧记。
cet4-w-438deaf99f75e982514c,reluctant,headword,true,35c7fc49-36f8-4525-82be-3de81e366099,reluctant,exact,pending_content_review,同词命中仅建立审核入口；不自动复制释义、拆词或巧记。
cet4-w-8765de8727917a4393a8,rely,headword,true,8a43387e-f079-464c-9b39-c61a3b0e6d55,rely,exact,pending_content_review,同词命中仅建立审核入口；不自动复制释义、拆词或巧记。
cet4-w-6b735120a2d29f12cc06,remain,headword,true,e2e76bc6-ac70-4680-a68e-64a85d9e5b50,remain,exact,pending_content_review,同词命中仅建立审核入口；不自动复制释义、拆词或巧记。
cet4-w-f8f9eaced5dc9ca1aa1d,remainder,listed_related,false,d1709b57-ccab-4b6b-ace6-098edc86eba6,remainder,exact,pending_content_review,同词命中仅建立审核入口；不自动复制释义、拆词或巧记。
cet4-w-ebd905822b287d4ca109,remark,headword,true,1ac86af8-35e9-4d1a-98d1-d655e7d5799a,remark,exact,pending_content_review,同词命中仅建立审核入口；不自动复制释义、拆词或巧记。
cet4-w-389252debd659510ab20,remarkable,listed_related,true,cd77b75e-3a01-4197-b949-12f4ca1e2cf0,remarkable,exact,pending_content_review,同词命中仅建立审核入口；不自动复制释义、拆词或巧记。
cet4-w-2f06546720a7444443ab,remedial,listed_related,false,3ce554ab-8eba-4d7e-ba32-7ebb18092338,remedial,exact,pending_content_review,同词命中仅建立审核入口；不自动复制释义、拆词或巧记。
cet4-w-6dc0d3c0c2fdeb85b847,remedy,headword,true,59935a00-61eb-48f4-98ca-a89f8c6302e0,remedy,exact,pending_content_review,同词命中仅建立审核入口；不自动复制释义、拆词或巧记。
cet4-w-16c8753f7d7add4b9ca3,remember,headword,false,cde6da16-29ad-4e35-8562-fb8b4f0603b4,remember,exact,pending_content_review,同词命中仅建立审核入口；不自动复制释义、拆词或巧记。
cet4-w-360c9c68044b5b6440af,remembrance,listed_related,false,,,none,new_content_required,无六级同词；后续查找有证据的词族关系。
cet4-w-6662cb3395225ba6e169,remind,headword,true,,,none,new_content_required,无六级同词；后续查找有证据的词族关系。
cet4-w-7f941c26a22d40562121,reminder,listed_related,false,,,none,new_content_required,无六级同词；后续查找有证据的词族关系。
cet4-w-a26cd83e102b8780e5d9,remote,headword,true,3332a6c6-d236-4ee4-a4a4-5135547fe968,remote,exact,pending_content_review,同词命中仅建立审核入口；不自动复制释义、拆词或巧记。
cet4-w-e7597e451be6a4d5e2a8,removal,listed_related,true,,,none,new_content_required,无六级同词；后续查找有证据的词族关系。
cet4-w-b36bdc40d4e9b62762bc,remove,headword,true,,,none,new_content_required,无六级同词；后续查找有证据的词族关系。
cet4-w-18313161c4a16e342e44,render,headword,true,9ae70412-a7a7-4843-8fbb-15fb909517fe,render,exact,pending_content_review,同词命中仅建立审核入口；不自动复制释义、拆词或巧记。
cet4-w-6576e7df405fb3e25628,rendering,listed_related,false,,,none,new_content_required,无六级同词；后续查找有证据的词族关系。
cet4-w-8936cdcf346b929151ab,renew,headword,true,,,none,new_content_required,无六级同词；后续查找有证据的词族关系。
cet4-w-14f16bad882e971c83c5,renewable,listed_related,false,,,none,new_content_required,无六级同词；后续查找有证据的词族关系。
cet4-w-c18058549582f4c3cd4c,renewal,listed_related,false,,,none,new_content_required,无六级同词；后续查找有证据的词族关系。
cet4-w-66bdd4fc5dca2793a3ed,renovate,headword,false,,,none,new_content_required,无六级同词；后续查找有证据的词族关系。
cet4-w-ea4a9edc8e190f177e6e,renovation,listed_related,false,,,none,new_content_required,无六级同词；后续查找有证据的词族关系。
cet4-w-76e1635758eff6327345,rent,headword,true,12eb8d3e-1a6a-463f-acd5-6689c81a5b42,rent,exact,pending_content_review,同词命中仅建立审核入口；不自动复制释义、拆词或巧记。
cet4-w-9557d4fdb9eba681ea11,rental,listed_related,false,d98ee812-0f23-4f83-b71a-6a7d76f9da28,rental,exact,pending_content_review,同词命中仅建立审核入口；不自动复制释义、拆词或巧记。
cet4-w-6b500db4c97ecdad5d36,repair,headword,true,,,none,new_content_required,无六级同词；后续查找有证据的词族关系。
cet4-w-770860d697c4600ee6a2,reparable,listed_related,false,,,none,new_content_required,无六级同词；后续查找有证据的词族关系。
cet4-w-9f183da65fb8d402385a,repay,headword,false,c957be11-2de2-40b7-a654-85b901281533,repay,exact,pending_content_review,同词命中仅建立审核入口；不自动复制释义、拆词或巧记。
cet4-w-3f3015c498a5f209279d,repayment,listed_related,false,6d291bee-b2ba-49e8-a6ee-057728b71949,repayment,exact,pending_content_review,同词命中仅建立审核入口；不自动复制释义、拆词或巧记。
cet4-w-6187a5f3a989b34c4925,repeat,headword,true,,,none,new_content_required,无六级同词；后续查找有证据的词族关系。
cet4-w-969912a5f62ad8cbc63a,repeatedly,listed_related,true,,,none,new_content_required,无六级同词；后续查找有证据的词族关系。
cet4-w-0185d7d8ebaa1e6c910c,repetition,listed_related,true,,,none,new_content_required,无六级同词；后续查找有证据的词族关系。
cet4-w-78a59db6f5b34c8c24d4,repetitive,listed_related,false,,,none,new_content_required,无六级同词；后续查找有证据的词族关系。
cet4-w-93db14b36ae9cafe2d79,replace,headword,true,,,none,new_content_required,无六级同词；后续查找有证据的词族关系。
cet4-w-fdb165f5b9d2316bedc7,replacement,listed_related,false,,,none,new_content_required,无六级同词；后续查找有证据的词族关系。
cet4-w-a7584e063eb48036dbce,reply,headword,true,,,none,new_content_required,无六级同词；后续查找有证据的词族关系。
cet4-w-d3fb2c3206cf3fc68ee3,report,headword,false,91a3d867-6aae-474e-a9dd-f6e9645232fa,report,exact,pending_content_review,同词命中仅建立审核入口；不自动复制释义、拆词或巧记。
cet4-w-b7a42d5f374de98d7e11,reporter,listed_related,true,,,none,new_content_required,无六级同词；后续查找有证据的词族关系。
cet4-w-7bc5783779dc851e7c36,represent,headword,true,a043b8b0-8bf9-4519-b1eb-6a9f57f54e50,represent,exact,pending_content_review,同词命中仅建立审核入口；不自动复制释义、拆词或巧记。
cet4-w-6be7164b87c1fce4da0f,representation,listed_related,false,08a7949e-21d4-4374-86fb-4d5ba5534bf4,representation,exact,pending_content_review,同词命中仅建立审核入口；不自动复制释义、拆词或巧记。
cet4-w-5824393ee3572107d3c0,representative,listed_related,true,,,none,new_content_required,无六级同词；后续查找有证据的词族关系。
cet4-w-3b255b04c28ac3900292,reproduce,headword,true,d90fcf7d-10dc-4db0-bbdc-9043d825b87f,reproduce,exact,pending_content_review,同词命中仅建立审核入口；不自动复制释义、拆词或巧记。
cet4-w-5043313fdbc99988a4f6,reproduction,listed_related,false,03679f04-d601-4647-a2dc-6f6130cb82e8,reproduction,exact,pending_content_review,同词命中仅建立审核入口；不自动复制释义、拆词或巧记。
cet4-w-909f88e3d1d5d73bc664,reproductive,listed_related,false,e4a2e9e8-680c-43ca-a12e-0935a405c428,reproductive,exact,pending_content_review,同词命中仅建立审核入口；不自动复制释义、拆词或巧记。
cet4-w-bffee96620eb024a88ab,republic,headword,true,,,none,new_content_required,无六级同词；后续查找有证据的词族关系。
cet4-w-85a12876b2eaf6fee03a,republican,listed_related,true,,,none,new_content_required,无六级同词；后续查找有证据的词族关系。
cet4-w-54c66f36da162844764a,reputation,headword,true,f0615c5e-79ff-4830-9158-258f870529c7,reputation,exact,pending_content_review,同词命中仅建立审核入口；不自动复制释义、拆词或巧记。
cet4-w-eab257872f6a7da43b97,request,headword,true,4b382b92-f1ff-477d-97d2-d82e4993f351,request,exact,pending_content_review,同词命中仅建立审核入口；不自动复制释义、拆词或巧记。
cet4-w-85387189def1a5f4d9e4,require,headword,true,9e9e4729-b04c-404e-adc0-3efa83af80ba,require,exact,pending_content_review,同词命中仅建立审核入口；不自动复制释义、拆词或巧记。
cet4-w-fde10b4465ef08eefbd5,requirement,listed_related,true,7083dab8-0219-4491-8d26-cb7c857d5618,requirement,exact,pending_content_review,同词命中仅建立审核入口；不自动复制释义、拆词或巧记。
cet4-w-99f62c7a39df7e6479a1,rescue,headword,true,4dbc243d-820f-4283-9159-71355832abdc,rescue,exact,pending_content_review,同词命中仅建立审核入口；不自动复制释义、拆词或巧记。
cet4-w-b8414be59ab7f1d44c51,research,headword,true,,,none,new_content_required,无六级同词；后续查找有证据的词族关系。
cet4-w-9d5a4f15df15fb1a64da,researcher,listed_related,true,,,none,new_content_required,无六级同词；后续查找有证据的词族关系。
cet4-w-f5458d5d07e08dff3dfd,resemblance,listed_related,false,7a11437b-932b-4a5d-87e4-425c4b4b22e5,resemblance,exact,pending_content_review,同词命中仅建立审核入口；不自动复制释义、拆词或巧记。
cet4-w-7a04d040cef9c0d4f950,resemble,headword,true,36c9a749-f0d3-4cc3-86a5-2f6dc52b8f4e,resemble,exact,pending_content_review,同词命中仅建立审核入口；不自动复制释义、拆词或巧记。
cet4-w-de69511c37310dc81ba3,resent,headword,false,0382072e-927a-4883-bdb5-8ae34c1b9704,resent,exact,pending_content_review,同词命中仅建立审核入口；不自动复制释义、拆词或巧记。
cet4-w-3e59e6ad1f5a2d191a77,resentment,listed_related,false,,,none,new_content_required,无六级同词；后续查找有证据的词族关系。
cet4-w-7a5105dbf9785ddc430b,reservation,listed_related,true,01c44416-3a29-4072-b097-b69018233377,reservation,exact,pending_content_review,同词命中仅建立审核入口；不自动复制释义、拆词或巧记。
cet4-w-8f69cbeccfe94a452222,reserve,headword,true,27928a6a-1e62-4edc-92ef-da0beb7fdd9f,reserve,exact,pending_content_review,同词命中仅建立审核入口；不自动复制释义、拆词或巧记。
cet4-w-fa0d2dceb9d415c4b7cc,reserved,listed_related,false,,,none,new_content_required,无六级同词；后续查找有证据的词族关系。
cet4-w-2ea0a4488372c8883c82,reside,headword,false,46edb185-81bd-449a-b88c-d05b49a3f60b,reside,exact,pending_content_review,同词命中仅建立审核入口；不自动复制释义、拆词或巧记。
cet4-w-23336a12420930c16818,residence,listed_related,true,,,none,new_content_required,无六级同词；后续查找有证据的词族关系。
cet4-w-a27e61e715949b06d09a,resident,listed_related,true,c468e6c6-3c6f-46bf-a259-854199a07601,resident,exact,pending_content_review,同词命中仅建立审核入口；不自动复制释义、拆词或巧记。
cet4-w-ff3598f3f58f22e49f5e,residential,listed_related,false,031b45b8-e9a7-4685-ab11-b15800793ad6,residential,exact,pending_content_review,同词命中仅建立审核入口；不自动复制释义、拆词或巧记。
cet4-w-bfe981b1671af0cb181a,resign,headword,true,66b99c8f-0072-4196-8e98-93400264ed95,resign,exact,pending_content_review,同词命中仅建立审核入口；不自动复制释义、拆词或巧记。
cet4-w-ee3ac69393f478c9385b,resignation,listed_related,true,043d6b48-37ac-442c-a544-7f15b6fce9d3,resignation,exact,pending_content_review,同词命中仅建立审核入口；不自动复制释义、拆词或巧记。
cet4-w-68299b8d611ac8ccc543,resist,headword,true,,,none,new_content_required,无六级同词；后续查找有证据的词族关系。
cet4-w-2faedd75afc91b5543f0,resistance,listed_related,true,,,none,new_content_required,无六级同词；后续查找有证据的词族关系。
cet4-w-d025d6da2d3d2b910f41,resistant,listed_related,true,,,none,new_content_required,无六级同词；后续查找有证据的词族关系。
cet4-w-ceaececab79f561591f9,resolute,listed_related,false,,,none,new_content_required,无六级同词；后续查找有证据的词族关系。
cet4-w-8be0d339ea1e170d5cfb,resolution,listed_related,true,,,none,new_content_required,无六级同词；后续查找有证据的词族关系。
cet4-w-7f4a6c3f8df6638c17c4,resolve,headword,true,926e0aad-9160-48e1-9006-659f8ee1bfba,resolve,exact,pending_content_review,同词命中仅建立审核入口；不自动复制释义、拆词或巧记。
cet4-w-b943f42b922def677527,resort,headword,true,31274361-6dec-4098-9a74-891e29878181,resort,exact,pending_content_review,同词命中仅建立审核入口；不自动复制释义、拆词或巧记。
cet4-w-634bb47469e257731ec1,resource,headword,true,,,none,new_content_required,无六级同词；后续查找有证据的词族关系。
cet4-w-55153bb7e1d984206fa2,resourceful,listed_related,false,,,none,new_content_required,无六级同词；后续查找有证据的词族关系。
cet4-w-9cba42e078093d550bf2,respect,headword,true,06113a1b-9c64-4741-88c2-8d6f07fd5339,respect,exact,pending_content_review,同词命中仅建立审核入口；不自动复制释义、拆词或巧记。
cet4-w-de47469b785f5ef2c75b,respectable,listed_related,false,f188c233-d0b7-4a29-a36e-ca04b31a4d29,respectable,exact,pending_content_review,同词命中仅建立审核入口；不自动复制释义、拆词或巧记。
cet4-w-7a8d925260742905566f,respectful,listed_related,true,8294469a-e205-4d16-871c-fe87c9a4a1e7,respectful,exact,pending_content_review,同词命中仅建立审核入口；不自动复制释义、拆词或巧记。
cet4-w-34b96a37eaaa898f672c,respective,headword,true,8798a64d-01d2-4545-b636-6ede48ea1eaa,respective,exact,pending_content_review,同词命中仅建立审核入口；不自动复制释义、拆词或巧记。
cet4-w-df335799dc925db0316b,respectively,listed_related,true,ef4ab0e0-77c5-4b3d-98de-0d541153938a,respectively,exact,pending_content_review,同词命中仅建立审核入口；不自动复制释义、拆词或巧记。
cet4-w-045127776e53a1894379,respond,headword,true,b689380c-c94b-4f37-894d-e769caa5d96b,respond,exact,pending_content_review,同词命中仅建立审核入口；不自动复制释义、拆词或巧记。
cet4-w-87abafb7b850307805f9,respondent,listed_related,false,d913effd-e3ff-41a0-9c5c-05951636924c,respondent,exact,pending_content_review,同词命中仅建立审核入口；不自动复制释义、拆词或巧记。
cet4-w-006a97685e55cfb43589,response,listed_related,true,608bb8d6-be53-472f-9530-26d96d503339,response,exact,pending_content_review,同词命中仅建立审核入口；不自动复制释义、拆词或巧记。
cet4-w-d314f6e9acf32d2656c6,responsibility,listed_related,true,c08fa2d5-392d-4c67-a11b-1c200b4c404a,responsibility,exact,pending_content_review,同词命中仅建立审核入口；不自动复制释义、拆词或巧记。
cet4-w-c7fb9aa7b15cad0b2052,responsible,headword,true,d2eeb45f-dba2-4448-9de4-29eae65c7088,responsible,exact,pending_content_review,同词命中仅建立审核入口；不自动复制释义、拆词或巧记。
cet4-w-f20e0711213f53f762d3,responsive,listed_related,false,03f8f548-1152-4ed0-9630-fd10691b7c59,responsive,exact,pending_content_review,同词命中仅建立审核入口；不自动复制释义、拆词或巧记。
cet4-w-3fe4fac8445c978f2d94,rest,headword,false,67066dc7-cad3-4d0a-b645-930c8267aba1,rest,exact,pending_content_review,同词命中仅建立审核入口；不自动复制释义、拆词或巧记。
cet4-w-a122f23d1e1dfb5ba852,restaurant,headword,false,,,none,new_content_required,无六级同词；后续查找有证据的词族关系。
cet4-w-641198234556c2a0c5b9,restoration,listed_related,false,,,none,new_content_required,无六级同词；后续查找有证据的词族关系。
cet4-w-efdfd201994fb29636dc,restore,headword,true,21bbe3b4-700f-41a2-bf27-e0b5b7f10970,restore,exact,pending_content_review,同词命中仅建立审核入口；不自动复制释义、拆词或巧记。
cet4-w-2f3e7034fe75501e135c,restrain,headword,true,7b6eab8b-d191-41da-aec0-ac035a0ba5a6,restrain,exact,pending_content_review,同词命中仅建立审核入口；不自动复制释义、拆词或巧记。
cet4-w-875fe8bb8abc3d632cf0,restraint,listed_related,true,aa92c49b-2a0f-457c-a1fb-090933b59712,restraint,exact,pending_content_review,同词命中仅建立审核入口；不自动复制释义、拆词或巧记。
cet4-w-4548f94f991a74f5b97d,restrict,headword,true,31b7fa84-b6e2-4fe9-867a-afd6bf0961be,restrict,exact,pending_content_review,同词命中仅建立审核入口；不自动复制释义、拆词或巧记。
cet4-w-b13de430422ce044a432,restriction,listed_related,true,4e24be71-5bea-417a-84fe-87a4a695bf78,restriction,exact,pending_content_review,同词命中仅建立审核入口；不自动复制释义、拆词或巧记。
cet4-w-dd194a1f07642837bbbe,restrictive,listed_related,false,a8a58877-0766-4628-8a55-5f5b33f33e17,restrictive,exact,pending_content_review,同词命中仅建立审核入口；不自动复制释义、拆词或巧记。
cet4-w-375984f58c5d1808b3a8,result,headword,true,86322bf3-4486-4736-bef1-a6d58ade6d3c,result,exact,pending_content_review,同词命中仅建立审核入口；不自动复制释义、拆词或巧记。
cet4-w-4fa9b8eb468f36f26a78,resultant,listed_related,false,e13a543f-9563-4abb-8f5f-ac1be0ab96df,resultant,exact,pending_content_review,同词命中仅建立审核入口；不自动复制释义、拆词或巧记。
cet4-w-42a1151665c5a9186664,resume,headword,true,1dd39ea8-79fe-415b-b29b-5144768e10cf,resume,exact,pending_content_review,同词命中仅建立审核入口；不自动复制释义、拆词或巧记。
cet4-w-d3af9d0662d40f7aa320,resumption,listed_related,false,b5ba67ed-de3d-49a1-9346-e3a23e42cdb0,resumption,exact,pending_content_review,同词命中仅建立审核入口；不自动复制释义、拆词或巧记。
cet4-w-98fd775e39b98383cfc9,retail,headword,true,,,none,new_content_required,无六级同词；后续查找有证据的词族关系。
cet4-w-dc1c0cedf3d281002456,retailer,listed_related,false,,,none,new_content_required,无六级同词；后续查找有证据的词族关系。
cet4-w-04178dd86ea0ef8c8b52,retain,headword,true,fe9d37d3-0720-448d-bcc1-1768ce74a3a3,retain,exact,pending_content_review,同词命中仅建立审核入口；不自动复制释义、拆词或巧记。
cet4-w-5c0c65135e2553fd54a8,retell,headword,true,,,none,new_content_required,无六级同词；后续查找有证据的词族关系。
cet4-w-97e0e1faf06411dcec55,retelling,listed_related,false,,,none,new_content_required,无六级同词；后续查找有证据的词族关系。
cet4-w-efe72c8d083c9e92a8be,retention,listed_related,false,5dfa8c85-a9e9-4017-90d8-3a2364caebb8,retention,exact,pending_content_review,同词命中仅建立审核入口；不自动复制释义、拆词或巧记。
cet4-w-56a922bfe4afab46fd5e,retire,headword,true,,,none,new_content_required,无六级同词；后续查找有证据的词族关系。
cet4-w-0e572aab150781d5b5cb,retired,listed_related,false,,,none,new_content_required,无六级同词；后续查找有证据的词族关系。
cet4-w-172c9fcaf9aabef5a049,retirement,listed_related,false,,,none,new_content_required,无六级同词；后续查找有证据的词族关系。
cet4-w-ae7a14e88b341bddf28f,retreat,headword,true,,,none,new_content_required,无六级同词；后续查找有证据的词族关系。
cet4-w-8a741173d72c9efb224d,return,headword,false,,,none,new_content_required,无六级同词；后续查找有证据的词族关系。
cet4-w-432334d755f2a55e89c7,reunification,listed_related,false,,,none,new_content_required,无六级同词；后续查找有证据的词族关系。
cet4-w-227614a64810d6765b81,reunion,listed_related,false,b8421571-b480-4de2-838f-122b842c14e1,reunion,exact,pending_content_review,同词命中仅建立审核入口；不自动复制释义、拆词或巧记。
cet4-w-a4c4d1e83216a7fcc8c8,reunite,headword,false,,,none,new_content_required,无六级同词；后续查找有证据的词族关系。
cet4-w-1de7e11800e32616f2c3,reveal,headword,true,60f42c6e-278f-4c74-8f65-6ccbaedc52de,reveal,exact,pending_content_review,同词命中仅建立审核入口；不自动复制释义、拆词或巧记。
cet4-w-5027923f1847a71897fd,revelation,listed_related,false,ccea00d4-5a5d-4668-b914-ca72f3997abd,revelation,exact,pending_content_review,同词命中仅建立审核入口；不自动复制释义、拆词或巧记。
cet4-w-b33e264c040665ae69fc,revenue,headword,true,667d76a3-257e-47f5-a98c-d45eae995974,revenue,exact,pending_content_review,同词命中仅建立审核入口；不自动复制释义、拆词或巧记。
cet4-w-fe742d5ac7f0ac331fb3,reversal,listed_related,false,b68b22da-f8e4-4cbf-9971-a3367cd4ed5c,reversal,exact,pending_content_review,同词命中仅建立审核入口；不自动复制释义、拆词或巧记。
cet4-w-d786b318b916e6f39bb5,reverse,headword,true,8e9e1591-1510-402c-8629-5bc8f18cdaf7,reverse,exact,pending_content_review,同词命中仅建立审核入口；不自动复制释义、拆词或巧记。
cet4-w-d8654158d6fe14f14540,reversible,listed_related,false,29093059-8674-405f-aeee-90959d54b766,reversible,exact,pending_content_review,同词命中仅建立审核入口；不自动复制释义、拆词或巧记。
cet4-w-e5b819b7cbde339fef32,review,headword,true,fc47af4e-bc29-4b9a-b2e3-8a7b8c9720b3,review,exact,pending_content_review,同词命中仅建立审核入口；不自动复制释义、拆词或巧记。
cet4-w-1edd1a5676e9d373490a,reviewer,listed_related,false,525801b6-3130-4ac1-841b-fd26a60f5031,reviewer,exact,pending_content_review,同词命中仅建立审核入口；不自动复制释义、拆词或巧记。
cet4-w-fad0ff1e6dac764db6c3,revise,headword,true,b6b96503-4af7-4e6f-9815-d6cecd18c5f0,revise,exact,pending_content_review,同词命中仅建立审核入口；不自动复制释义、拆词或巧记。
cet4-w-40410f1f60d18d5f1017,revision,listed_related,false,f00bc5f8-497b-482a-a158-d6096b8f599b,revision,exact,pending_content_review,同词命中仅建立审核入口；不自动复制释义、拆词或巧记。
cet4-w-8640fd74976cb0b029a9,revolution,headword,true,8e3c403f-a130-479d-a70f-bbc1d17ea543,revolution,exact,pending_content_review,同词命中仅建立审核入口；不自动复制释义、拆词或巧记。
cet4-w-e27258f747d10ce3ba03,revolutionary,listed_related,true,,,none,new_content_required,无六级同词；后续查找有证据的词族关系。
cet4-w-558531d6be68fb333c14,revolve,headword,false,481921c9-5789-4caf-b961-a62f91ef846a,revolve,exact,pending_content_review,同词命中仅建立审核入口；不自动复制释义、拆词或巧记。
cet4-w-ab3e5ecec7ab180c5e1b,reward,headword,true,4bbaf2a4-bef8-494b-9a3c-b179e1d63d4a,reward,exact,pending_content_review,同词命中仅建立审核入口；不自动复制释义、拆词或巧记。
cet4-w-7e3ba8452b09144ecc1f,rewarding,listed_related,false,,,none,new_content_required,无六级同词；后续查找有证据的词族关系。
cet4-w-8ff8e5029afded1d9c8c,rhythm,headword,true,685619a6-b869-49db-a75e-27c17552ec9b,rhythm,exact,pending_content_review,同词命中仅建立审核入口；不自动复制释义、拆词或巧记。
cet4-w-a9cbc8a2dadff283ff97,rhythmic,listed_related,false,4f94a8dd-1cc5-4c98-85af-2ca74661d4a5,rhythmic,exact,pending_content_review,同词命中仅建立审核入口；不自动复制释义、拆词或巧记。
cet4-w-45c9807a96ee2d88fe2b,rib,headword,true,,,none,new_content_required,无六级同词；后续查找有证据的词族关系。
cet4-w-28209483ff9c225e5f50,ribbon,headword,true,,,none,new_content_required,无六级同词；后续查找有证据的词族关系。
cet4-w-45d59c4fc00a36bd8d22,rice,headword,false,dc899fca-da4d-457e-87a0-672992a3c17b,rice,exact,pending_content_review,同词命中仅建立审核入口；不自动复制释义、拆词或巧记。
cet4-w-e48cc5e46abeb101c57b,rich,headword,false,b799ffa0-80cf-44b0-a183-30d272cd3a06,rich,exact,pending_content_review,同词命中仅建立审核入口；不自动复制释义、拆词或巧记。
cet4-w-d39bc7b4f812dbdb9888,rid,headword,true,beda193f-58c3-46cb-9d43-a829845683b6,rid,exact,pending_content_review,同词命中仅建立审核入口；不自动复制释义、拆词或巧记。
cet4-w-9ba8b36ad16dc5baeff0,riddle,headword,true,,,none,new_content_required,无六级同词；后续查找有证据的词族关系。
cet4-w-2b7a9ce3e17404e64242,ride,headword,false,c41a846d-5e1f-41c9-b176-98236da7af27,ride,exact,pending_content_review,同词命中仅建立审核入口；不自动复制释义、拆词或巧记。
cet4-w-87fbbbce04aae9447646,rider,listed_related,true,,,none,new_content_required,无六级同词；后续查找有证据的词族关系。
cet4-w-a155c9f5f937b80898f3,ridicule,headword,false,,,none,new_content_required,无六级同词；后续查找有证据的词族关系。
cet4-w-63a14a48a42012b6e776,ridiculous,listed_related,true,c9616211-1821-47c2-9239-8cacdec53f57,ridiculous,exact,pending_content_review,同词命中仅建立审核入口；不自动复制释义、拆词或巧记。
cet4-w-7d009b447879de327db8,rifle,headword,true,,,none,new_content_required,无六级同词；后续查找有证据的词族关系。
cet4-w-20365345be1bbb92f2f5,right,headword,false,d6279605-602d-4ba7-a950-98ce5252432c,right,exact,pending_content_review,同词命中仅建立审核入口；不自动复制释义、拆词或巧记。
cet4-w-87bcb01e8404afcd37e6,ring,headword,false,ca07a574-d256-4770-b1b4-926df4715d50,ring,exact,pending_content_review,同词命中仅建立审核入口；不自动复制释义、拆词或巧记。
cet4-w-3b6f0f9dd55bf6a1a85f,riot,headword,false,2d06cd25-edb6-4a34-8063-691f9b975f73,riot,exact,pending_content_review,同词命中仅建立审核入口；不自动复制释义、拆词或巧记。
cet4-w-f24e611c9c617612eadc,riotous,listed_related,false,06158fe9-7762-4cd7-9e0c-1bb17f2bd9b7,riotous,exact,pending_content_review,同词命中仅建立审核入口；不自动复制释义、拆词或巧记。
cet4-w-7ee7d9bd6edd8cb90721,rip,headword,false,12100447-f456-4d9e-b57f-f5d6592670c4,rip,exact,pending_content_review,同词命中仅建立审核入口；不自动复制释义、拆词或巧记。
cet4-w-a813ef9b0fc7475cee42,ripe,headword,true,384308c4-deb4-4eaf-8519-764aaf7a3a9c,ripe,exact,pending_content_review,同词命中仅建立审核入口；不自动复制释义、拆词或巧记。
cet4-w-7bef2abd8e6f54e66f1b,ripen,listed_related,true,df223cca-3192-468f-b046-20a38c4c3257,ripen,exact,pending_content_review,同词命中仅建立审核入口；不自动复制释义、拆词或巧记。
cet4-w-1117d5bfa8e17a62a669,rise,headword,true,fb400050-45ec-426a-91e1-ab7b87a46232,rise,exact,pending_content_review,同词命中仅建立审核入口；不自动复制释义、拆词或巧记。
cet4-w-5057d31efb70c67ae6ba,risk,headword,true,,,none,new_content_required,无六级同词；后续查找有证据的词族关系。
cet4-w-291576bcf190c1de1c0b,risky,listed_related,false,,,none,new_content_required,无六级同词；后续查找有证据的词族关系。
cet4-w-5439d643663c335b6860,rival,headword,true,fb5c26b7-b838-4db4-ac74-5873f3efab9d,rival,exact,pending_content_review,同词命中仅建立审核入口；不自动复制释义、拆词或巧记。
cet4-w-fb9c5ce89d9b1b8f5f97,rivalry,listed_related,false,d5fb9f02-90d0-4352-996a-8875295d1978,rivalry,exact,pending_content_review,同词命中仅建立审核入口；不自动复制释义、拆词或巧记。
cet4-w-07a3933d09be9320f1b6,river,headword,false,e440d30d-a5dd-4ccf-b496-8c30519c98dd,river,exact,pending_content_review,同词命中仅建立审核入口；不自动复制释义、拆词或巧记。
cet4-w-71b6cac2404019e58d8c,road,headword,false,,,none,new_content_required,无六级同词；后续查找有证据的词族关系。
cet4-w-1a0f1e41811495656508,roar,headword,true,,,none,new_content_required,无六级同词；后续查找有证据的词族关系。
cet4-w-3574ae46072b26f4b910,roast,headword,true,,,none,new_content_required,无六级同词；后续查找有证据的词族关系。
cet4-w-0bb617fd1c7410b6ebc3,rob,headword,true,ee5c2f51-ab9a-4df7-ac7f-57e6a1c8e4b0,rob,exact,pending_content_review,同词命中仅建立审核入口；不自动复制释义、拆词或巧记。
cet4-w-d09158ceca9b7274d015,robbery,listed_related,true,4fa0606b-adce-4df8-bc46-2466055e3e6b,robbery,exact,pending_content_review,同词命中仅建立审核入口；不自动复制释义、拆词或巧记。
cet4-w-d10566819ca995f94024,robot,headword,true,1011adaa-be45-4195-9729-6dff2a6c4213,robot,exact,pending_content_review,同词命中仅建立审核入口；不自动复制释义、拆词或巧记。
cet4-w-07bf223589c2d0ad4e6e,robotic,listed_related,false,,,none,new_content_required,无六级同词；后续查找有证据的词族关系。
cet4-w-c4b713ae9df6a2967d02,rock,headword,true,a5bd26f8-0cca-48a6-bcdf-99c7c8d57883,rock,exact,pending_content_review,同词命中仅建立审核入口；不自动复制释义、拆词或巧记。
cet4-w-f205a713630c1b6a0411,rocket,headword,true,33ac3013-382b-40c9-966b-3431d291f993,rocket,exact,pending_content_review,同词命中仅建立审核入口；不自动复制释义、拆词或巧记。
cet4-w-ea85d88821fb6f67992d,rocky,listed_related,false,,,none,new_content_required,无六级同词；后续查找有证据的词族关系。
cet4-w-ce20d78e27c30a9ee8d3,rod,headword,true,fa7b8549-d376-4ba1-adf3-35e847b2cece,rod,exact,pending_content_review,同词命中仅建立审核入口；不自动复制释义、拆词或巧记。
cet4-w-1002a874fa18f8d363ba,role,headword,true,ba10f540-224e-4ffa-b01f-43f61edd09ff,role,exact,pending_content_review,同词命中仅建立审核入口；不自动复制释义、拆词或巧记。
cet4-w-5e60017fd7251edc5f53,roll,headword,true,2157fd32-649a-4aca-b67c-f55f1e8401f1,roll,exact,pending_content_review,同词命中仅建立审核入口；不自动复制释义、拆词或巧记。
cet4-w-407636a897734a3d257d,roller,listed_related,true,,,none,new_content_required,无六级同词；后续查找有证据的词族关系。
cet4-w-c274c595e7b150530b00,romance,headword,false,9588b21b-bfb0-42b2-915d-1562e1a95911,romance,exact,pending_content_review,同词命中仅建立审核入口；不自动复制释义、拆词或巧记。
cet4-w-f0d8562f2107398bc7df,romantic,listed_related,true,1c1c4bda-e859-4a0a-ab67-ac7a840e31f6,romantic,exact,pending_content_review,同词命中仅建立审核入口；不自动复制释义、拆词或巧记。
cet4-w-6cd1abfa69fe6be3f4da,roof,headword,true,,,none,new_content_required,无六级同词；后续查找有证据的词族关系。
cet4-w-4486ee645f2acacaf3e9,room,headword,false,ccd756e1-2353-46d3-b87f-ee47d2b8291a,room,exact,pending_content_review,同词命中仅建立审核入口；不自动复制释义、拆词或巧记。
cet4-w-f00429d001c7f6dc16ac,root,headword,true,,,none,new_content_required,无六级同词；后续查找有证据的词族关系。
cet4-w-3cbbfb5ee2148c2f7b90,rope,headword,true,a2a57ba8-3025-4734-b5e3-222754cc3b1d,rope,exact,pending_content_review,同词命中仅建立审核入口；不自动复制释义、拆词或巧记。
cet4-w-9dc2588ece438925684c,rose,headword,true,2c761c44-31ef-4f05-aaeb-14ed62b3c2ea,rose,exact,pending_content_review,同词命中仅建立审核入口；不自动复制释义、拆词或巧记。
cet4-w-fecdd535e22650b189e9,rosy,listed_related,false,,,none,new_content_required,无六级同词；后续查找有证据的词族关系。
cet4-w-2ef1fd5731ac17405c3a,rough,headword,true,,,none,new_content_required,无六级同词；后续查找有证据的词族关系。
cet4-w-30964b8172df3093df83,roughly,listed_related,true,,,none,new_content_required,无六级同词；后续查找有证据的词族关系。
cet4-w-6393305501f869154867,round,headword,false,,,none,new_content_required,无六级同词；后续查找有证据的词族关系。
cet4-w-24c6bac6c1460a18b8a0,rouse,headword,true,,,none,new_content_required,无六级同词；后续查找有证据的词族关系。
cet4-w-064c8547db9a770306c9,route,headword,true,,,none,new_content_required,无六级同词；后续查找有证据的词族关系。
cet4-w-fe060c438fc9bc2fc30e,routine,headword,true,c6b8f710-0b0c-4c42-971e-d831845e2634,routine,exact,pending_content_review,同词命中仅建立审核入口；不自动复制释义、拆词或巧记。
cet4-w-2b87dba3761b9edeebab,row,headword,true,ae1f7ed5-cd94-4c26-ab8c-41c0d4837271,row,exact,pending_content_review,同词命中仅建立审核入口；不自动复制释义、拆词或巧记。
cet4-w-4633c9db645fb79e6ac4,royal,headword,true,ec10073a-ef7a-4521-bccf-4d176455b9be,royal,exact,pending_content_review,同词命中仅建立审核入口；不自动复制释义、拆词或巧记。
cet4-w-d9e4611f596a411df9bb,royalty,listed_related,false,4806426b-39eb-4aa0-9bbe-723a7ca38bbb,royalty,exact,pending_content_review,同词命中仅建立审核入口；不自动复制释义、拆词或巧记。
cet4-w-d463fb3e6f9bcd6283e9,rub,headword,true,db629cdb-efc6-4df6-8642-3f62b61dbcab,rub,exact,pending_content_review,同词命中仅建立审核入口；不自动复制释义、拆词或巧记。
cet4-w-bb395052b30972c8e5ba,rubber,headword,true,793ea521-8d5d-462b-afb6-9df551946968,rubber,exact,pending_content_review,同词命中仅建立审核入口；不自动复制释义、拆词或巧记。
cet4-w-7e601f2a93566cd81840,rubbish,headword,true,,,none,new_content_required,无六级同词；后续查找有证据的词族关系。
cet4-w-900495d12132f23467f5,rude,headword,true,0970b721-c0bd-439e-a039-8a4adf9b8132,rude,exact,pending_content_review,同词命中仅建立审核入口；不自动复制释义、拆词或巧记。
cet4-w-2ddfacde608915f0bb32,rug,headword,true,,,none,new_content_required,无六级同词；后续查找有证据的词族关系。
cet4-w-414a9bed52c078e0d792,ruin,headword,true,24bb12fb-76d7-410e-8751-7dafca8891eb,ruin,exact,pending_content_review,同词命中仅建立审核入口；不自动复制释义、拆词或巧记。
cet4-w-d459fad4cd532572be19,ruinous,listed_related,false,506faccc-20de-4077-9ae1-c580704131fd,ruinous,exact,pending_content_review,同词命中仅建立审核入口；不自动复制释义、拆词或巧记。
cet4-w-ff2a883cb911c907a0a9,rule,headword,true,0f4e19d1-a1a5-42f5-894a-ca0613476b70,rule,exact,pending_content_review,同词命中仅建立审核入口；不自动复制释义、拆词或巧记。
cet4-w-31be51732fc29fd6d6f9,ruler,listed_related,true,,,none,new_content_required,无六级同词；后续查找有证据的词族关系。
cet4-w-005ee7c36aef57ae0e19,ruling,listed_related,false,,,none,new_content_required,无六级同词；后续查找有证据的词族关系。
cet4-w-aa3c95ff397f87905b21,rumor,headword,true,,,none,new_content_required,无六级同词；后续查找有证据的词族关系。
cet4-w-4441a9671aa58cb0300a,run,headword,false,2e3e406a-0279-4c36-83fd-9afd6db3b8c3,run,exact,pending_content_review,同词命中仅建立审核入口；不自动复制释义、拆词或巧记。
cet4-w-d1f9df721faa1d6125be,runner,listed_related,true,,,none,new_content_required,无六级同词；后续查找有证据的词族关系。
cet4-w-08f39012c401499d185e,running,listed_related,false,,,none,new_content_required,无六级同词；后续查找有证据的词族关系。
cet4-w-c5b30a0798bb4b0993ce,runway,headword,false,,,none,new_content_required,无六级同词；后续查找有证据的词族关系。
cet4-w-ad6ba2410206c81edcb7,rural,headword,true,,,none,new_content_required,无六级同词；后续查找有证据的词族关系。
cet4-w-589fa77a7b764fd1e65b,rush,headword,true,02a38602-7f17-4a2b-9462-9128f5c321bf,rush,exact,pending_content_review,同词命中仅建立审核入口；不自动复制释义、拆词或巧记。
cet4-w-54a2515fc769e3d47eee,résumé,headword,false,,,none,new_content_required,无六级同词；后续查找有证据的词族关系。
cet4-w-1495f5d5efb6cef80ee2,sack,headword,true,,,none,new_content_required,无六级同词；后续查找有证据的词族关系。
cet4-w-443c11d2ec3dca6af681,sacrifice,headword,true,746273ec-6a57-44cc-a078-48fb092798c7,sacrifice,exact,pending_content_review,同词命中仅建立审核入口；不自动复制释义、拆词或巧记。
cet4-w-ded7c0f42edc158a866b,sacrificial,listed_related,false,,,none,new_content_required,无六级同词；后续查找有证据的词族关系。
cet4-w-47911ee7f7e2cc119b98,sad,headword,false,ca9eb970-cd10-4cdb-9c05-3139df81a768,sad,exact,pending_content_review,同词命中仅建立审核入口；不自动复制释义、拆词或巧记。
cet4-w-945457583b0a1f948aa1,sadden,listed_related,false,,,none,new_content_required,无六级同词；后续查找有证据的词族关系。
cet4-w-844ccd766e1ba56d7053,sadness,listed_related,true,198fbfab-4536-4348-8753-394ffb178c36,sadness,exact,pending_content_review,同词命中仅建立审核入口；不自动复制释义、拆词或巧记。
cet4-w-7b4b87820522c76171c0,safe,headword,true,b4cf7b75-3f4d-44e7-874a-4cd2407500ea,safe,exact,pending_content_review,同词命中仅建立审核入口；不自动复制释义、拆词或巧记。
cet4-w-8d430a1e0f53893128dc,safety,listed_related,true,,,none,new_content_required,无六级同词；后续查找有证据的词族关系。
cet4-w-8531539e7c7e80c43476,sail,headword,true,,,none,new_content_required,无六级同词；后续查找有证据的词族关系。
cet4-w-babca14381e34b62ee9c,sailing,listed_related,false,,,none,new_content_required,无六级同词；后续查找有证据的词族关系。
cet4-w-e5d3a64ec29537cbb54b,sailor,listed_related,true,,,none,new_content_required,无六级同词；后续查找有证据的词族关系。
cet4-w-8c46586047dee49c0ef8,saint,headword,true,,,none,new_content_required,无六级同词；后续查找有证据的词族关系。
cet4-w-a30230576d2cd028a25c,sake,headword,true,2c3a6ee0-52ec-438a-94e4-7bf5c32c493e,sake,exact,pending_content_review,同词命中仅建立审核入口；不自动复制释义、拆词或巧记。
cet4-w-c090497d92ef53d266dc,salad,headword,true,f43c4d4a-65d1-472e-8c3f-6ece521471ad,salad,exact,pending_content_review,同词命中仅建立审核入口；不自动复制释义、拆词或巧记。
cet4-w-922f4a62a46fe69ff78b,salary,headword,true,,,none,new_content_required,无六级同词；后续查找有证据的词族关系。
cet4-w-3bfb1be357c7c5efbc8f,sale,headword,true,0efee991-b295-4781-b7bb-c27a7981e050,sale,exact,pending_content_review,同词命中仅建立审核入口；不自动复制释义、拆词或巧记。
cet4-w-104fb9e28267f29dcb56,salesman,headword,true,,,none,new_content_required,无六级同词；后续查找有证据的词族关系。
cet4-w-a3f69fad49ceb3bbbc55,salt,headword,true,6b866b19-e785-42c6-8e4c-ae80790ce529,salt,exact,pending_content_review,同词命中仅建立审核入口；不自动复制释义、拆词或巧记。
cet4-w-4d7ceb1667dcfb5efda0,salty,listed_related,false,,,none,new_content_required,无六级同词；后续查找有证据的词族关系。
cet4-w-e446ff98c1fa562644f5,same,headword,false,1752d7ee-7a13-4c8c-8925-6bd2319a1abe,same,exact,pending_content_review,同词命中仅建立审核入口；不自动复制释义、拆词或巧记。
cet4-w-8990642d48971b3fed99,sample,headword,true,8f6af29e-dcd0-4b71-85be-6145075bbe60,sample,exact,pending_content_review,同词命中仅建立审核入口；不自动复制释义、拆词或巧记。
cet4-w-f2ca72ef61f800020652,sand,headword,true,,,none,new_content_required,无六级同词；后续查找有证据的词族关系。
cet4-w-8f4b950c2882c35ed548,sandwich,headword,true,,,none,new_content_required,无六级同词；后续查找有证据的词族关系。
cet4-w-02c29df82f66c6ae1583,satellite,headword,true,,,none,new_content_required,无六级同词；后续查找有证据的词族关系。
cet4-w-7c30bb9e7f3af45ff93c,satisfaction,listed_related,true,,,none,new_content_required,无六级同词；后续查找有证据的词族关系。
cet4-w-a490e40a2193718412e6,satisfactory,listed_related,true,,,none,new_content_required,无六级同词；后续查找有证据的词族关系。
cet4-w-d90c1ea7df51d4a077d1,satisfy,headword,true,,,none,new_content_required,无六级同词；后续查找有证据的词族关系。
cet4-w-44df8aa6bb5b5c776a0e,Saturday,headword,false,,,none,new_content_required,无六级同词；后续查找有证据的词族关系。
cet4-w-7d10c3db52835a844002,sauce,headword,true,,,none,new_content_required,无六级同词；后续查找有证据的词族关系。
cet4-w-de506fa6c65e358f3dd4,sausage,headword,true,,,none,new_content_required,无六级同词；后续查找有证据的词族关系。
cet4-w-c22a16263cd822ee8f23,save,headword,true,47fefbaa-db3b-4946-972c-28882a17310f,save,exact,pending_content_review,同词命中仅建立审核入口；不自动复制释义、拆词或巧记。
cet4-w-2b6684347a3a0585dbbd,saving,listed_related,true,,,none,new_content_required,无六级同词；后续查找有证据的词族关系。
cet4-w-dbf0da7b953fc447515a,say,headword,false,,,none,new_content_required,无六级同词；后续查找有证据的词族关系。
cet4-w-fdca8fc7cc753500e42f,saying,listed_related,false,,,none,new_content_required,无六级同词；后续查找有证据的词族关系。
cet4-w-2929804280965dc4d016,scale,headword,true,de94e26a-770d-4c74-bb84-ab42811edd00,scale,exact,pending_content_review,同词命中仅建立审核入口；不自动复制释义、拆词或巧记。
cet4-w-34ed33859e3bc58a224c,scan,headword,true,a0cff918-26ae-4142-b529-0441f0c4e168,scan,exact,pending_content_review,同词命中仅建立审核入口；不自动复制释义、拆词或巧记。
cet4-w-271d3133670cbbb73a16,scandal,headword,true,a89609d7-4d79-404c-b963-8edd9f943f6a,scandal,exact,pending_content_review,同词命中仅建立审核入口；不自动复制释义、拆词或巧记。
cet4-w-97bd4f1f9721446bb683,scandalous,listed_related,false,,,none,new_content_required,无六级同词；后续查找有证据的词族关系。
cet4-w-9d8609081426d0c51b0a,scanner,listed_related,false,,,none,new_content_required,无六级同词；后续查找有证据的词族关系。
cet4-w-a4d075019b315ab91c9a,scar,headword,true,dd9caabf-812b-4edd-b802-5bdc2692fc91,scar,exact,pending_content_review,同词命中仅建立审核入口；不自动复制释义、拆词或巧记。
cet4-w-fcb6cecdfbc85d75b5d5,scarce,headword,true,,,none,new_content_required,无六级同词；后续查找有证据的词族关系。
cet4-w-414067c9d6973389efe5,scarcely,listed_related,true,,,none,new_content_required,无六级同词；后续查找有证据的词族关系。
cet4-w-a4d823880b96be41876a,scarcity,listed_related,false,,,none,new_content_required,无六级同词；后续查找有证据的词族关系。
cet4-w-9afa0e458f58a77c5746,scare,headword,true,b656913b-6585-45f1-9716-7e366f02df2c,scare,exact,pending_content_review,同词命中仅建立审核入口；不自动复制释义、拆词或巧记。
cet4-w-af793f1eebf568df4908,scary,listed_related,false,2d0413dc-6afb-47a8-a025-e31a683ca178,scary,exact,pending_content_review,同词命中仅建立审核入口；不自动复制释义、拆词或巧记。
cet4-w-39a61d07db0a75ca9d85,scatter,headword,true,39e43f1f-42a5-4613-9148-7a4839ff952f,scatter,exact,pending_content_review,同词命中仅建立审核入口；不自动复制释义、拆词或巧记。
cet4-w-3f84fdb5c3361d6c215e,scene,headword,true,4134ef08-b9e6-410b-b1a8-63b391415e9f,scene,exact,pending_content_review,同词命中仅建立审核入口；不自动复制释义、拆词或巧记。
cet4-w-3a45ed291f5811090694,scenery,listed_related,true,0f14bfda-63d8-4068-a39e-a9b177f0541d,scenery,exact,pending_content_review,同词命中仅建立审核入口；不自动复制释义、拆词或巧记。
cet4-w-95e3bfee258628bdcd5f,scenic,listed_related,false,,,none,new_content_required,无六级同词；后续查找有证据的词族关系。
cet4-w-5484935d561bbd814370,scent,headword,true,8ccf7e29-d566-4ed1-be19-dd86610e0317,scent,exact,pending_content_review,同词命中仅建立审核入口；不自动复制释义、拆词或巧记。
cet4-w-1497c9a4d723e402cabe,schedule,headword,true,a5fe21db-17f3-4699-aebf-c3ac2b857eac,schedule,exact,pending_content_review,同词命中仅建立审核入口；不自动复制释义、拆词或巧记。
cet4-w-44e50c041eb907a38af6,scheme,headword,true,aab40d1c-179c-405a-97aa-508b93b08826,scheme,exact,pending_content_review,同词命中仅建立审核入口；不自动复制释义、拆词或巧记。
cet4-w-b24f35550d7f5a3e748b,scholar,headword,true,,,none,new_content_required,无六级同词；后续查找有证据的词族关系。
cet4-w-a0f985a111f1447c945a,scholarly,listed_related,false,,,none,new_content_required,无六级同词；后续查找有证据的词族关系。
cet4-w-59002537a0ed8b6ffa51,scholarship,listed_related,true,,,none,new_content_required,无六级同词；后续查找有证据的词族关系。
cet4-w-f6a7c7fe13f3c6719037,scholastic,listed_related,false,,,none,new_content_required,无六级同词；后续查找有证据的词族关系。
cet4-w-1ba43eb5923ea79fd324,school,headword,false,,,none,new_content_required,无六级同词；后续查找有证据的词族关系。
cet4-w-ae070600afc484c4df96,schooling,listed_related,false,,,none,new_content_required,无六级同词；后续查找有证据的词族关系。
cet4-w-3911eee2f9a5598d6e07,science,headword,false,fb9a96e2-4ad1-49ae-b6a5-53883099fccc,science,exact,pending_content_review,同词命中仅建立审核入口；不自动复制释义、拆词或巧记。
cet4-w-ad50ccd86971ea67b981,scientific,listed_related,true,,,none,new_content_required,无六级同词；后续查找有证据的词族关系。
cet4-w-807f6fd502507774e4a9,scientist,listed_related,true,,,none,new_content_required,无六级同词；后续查找有证据的词族关系。
cet4-w-1d172d436f27b3c56636,scissors,headword,true,,,none,new_content_required,无六级同词；后续查找有证据的词族关系。
cet4-w-7e35514392cbaff28547,scold,headword,true,,,none,new_content_required,无六级同词；后续查找有证据的词族关系。
cet4-w-98335d5d73fa8c2b3463,scope,headword,true,548ee385-6e6a-4ee8-995d-3a5d4b7a63a0,scope,exact,pending_content_review,同词命中仅建立审核入口；不自动复制释义、拆词或巧记。
cet4-w-60c7a70285af2f318367,score,headword,true,ea1e022f-608e-448d-abce-9745c8ccfb76,score,exact,pending_content_review,同词命中仅建立审核入口；不自动复制释义、拆词或巧记。
cet4-w-4f6c7fffb9bc60062513,scout,headword,true,,,none,new_content_required,无六级同词；后续查找有证据的词族关系。
cet4-w-b5c0a95d751bc7f42bce,scratch,headword,true,fa48f675-c1b0-4586-b711-81cd9e18edd1,scratch,exact,pending_content_review,同词命中仅建立审核入口；不自动复制释义、拆词或巧记。
cet4-w-09c86faf6620ea15533e,scream,headword,true,06900131-7dcc-4376-9411-b08587619bd2,scream,exact,pending_content_review,同词命中仅建立审核入口；不自动复制释义、拆词或巧记。
cet4-w-706f2bc736de5fe5b2c7,screen,headword,true,,,none,new_content_required,无六级同词；后续查找有证据的词族关系。
cet4-w-fb91ad2ace8ce283a3f9,screw,headword,true,ce258a80-4031-425f-b956-94b106ea5862,screw,exact,pending_content_review,同词命中仅建立审核入口；不自动复制释义、拆词或巧记。
cet4-w-44e94f212a8d1db23a7b,script,headword,false,de1b4d95-c7ea-4a67-9966-c0d422ee2b94,script,exact,pending_content_review,同词命中仅建立审核入口；不自动复制释义、拆词或巧记。
cet4-w-6104d0c480a2a5668df3,scripture,listed_related,false,,,none,new_content_required,无六级同词；后续查找有证据的词族关系。
cet4-w-2682de7cf33694f08c28,sea,headword,false,6cc2b674-0884-476a-8340-19dc1c80f4f1,sea,exact,pending_content_review,同词命中仅建立审核入口；不自动复制释义、拆词或巧记。
cet4-w-007f9306cfd15fb73f88,seal,headword,true,,,none,new_content_required,无六级同词；后续查找有证据的词族关系。
cet4-w-142cea2c36e679c23999,search,headword,true,,,none,new_content_required,无六级同词；后续查找有证据的词族关系。
cet4-w-8ce6ef5f17798c51e63c,season,headword,false,,,none,new_content_required,无六级同词；后续查找有证据的词族关系。
cet4-w-34b664da0b248ff1e8a4,seasonal,listed_related,false,,,none,new_content_required,无六级同词；后续查找有证据的词族关系。
cet4-w-e592f637066eeeab732f,seat,headword,false,,,none,new_content_required,无六级同词；后续查找有证据的词族关系。
cet4-w-71f3c8167c926b1d6915,second,headword,false,2e143812-1aeb-49d4-91a9-0ad3f7b43c95,second,exact,pending_content_review,同词命中仅建立审核入口；不自动复制释义、拆词或巧记。
cet4-w-17c286176e072f66a750,second-hand,headword,false,,,none,new_content_required,无六级同词；后续查找有证据的词族关系。
cet4-w-eda5f8514c6445693c04,secondary,headword,true,194fc0ef-7caa-431f-b9dc-007b84c0c70c,secondary,exact,pending_content_review,同词命中仅建立审核入口；不自动复制释义、拆词或巧记。
cet4-w-28945fda4cdef2269af6,secrecy,listed_related,false,,,none,new_content_required,无六级同词；后续查找有证据的词族关系。
cet4-w-cef8e310a5b04dd46b6a,secret,headword,true,6577795c-d266-4a95-90e8-b4636b4c4d74,secret,exact,pending_content_review,同词命中仅建立审核入口；不自动复制释义、拆词或巧记。
cet4-w-8748bf4d7d0b258849f6,secretarial,listed_related,false,,,none,new_content_required,无六级同词；后续查找有证据的词族关系。
cet4-w-1ce6529000312ffd5e2a,secretary,headword,false,,,none,new_content_required,无六级同词；后续查找有证据的词族关系。
cet4-w-5c97f67e65a72511d8f6,secretive,listed_related,false,,,none,new_content_required,无六级同词；后续查找有证据的词族关系。
cet4-w-52a4035624fb47042348,section,headword,true,4d3b1984-6f37-4b1a-92ae-c172a757d5bd,section,exact,pending_content_review,同词命中仅建立审核入口；不自动复制释义、拆词或巧记。
cet4-w-83a5752dd9448db6aaa4,sector,headword,false,,,none,new_content_required,无六级同词；后续查找有证据的词族关系。
cet4-w-4e3fc976221b82c52ffd,secure,headword,true,ee158c28-cd41-40db-b57b-a1e57eaee8bb,secure,exact,pending_content_review,同词命中仅建立审核入口；不自动复制释义、拆词或巧记。
cet4-w-5d41b1bd216815d44528,security,listed_related,true,2a88e20a-bfc3-40b6-95ee-3b3a0c8d99d7,security,exact,pending_content_review,同词命中仅建立审核入口；不自动复制释义、拆词或巧记。
cet4-w-a0f1e0b1efd0581a063d,see,headword,false,e7c93797-0833-40e6-b0db-eff1df71c656,see,exact,pending_content_review,同词命中仅建立审核入口；不自动复制释义、拆词或巧记。
cet4-w-aed1a3af4f4a1bd78d90,seed,headword,true,,,none,new_content_required,无六级同词；后续查找有证据的词族关系。
cet4-w-2ef50fbf7bdc4b848fa0,seedling,listed_related,false,,,none,new_content_required,无六级同词；后续查找有证据的词族关系。
cet4-w-c097b11911dbd23477e9,seek,headword,true,,,none,new_content_required,无六级同词；后续查找有证据的词族关系。
cet4-w-873659e5280c238154e1,seem,headword,false,6996e937-b741-403b-ac03-6ba0a92d968a,seem,exact,pending_content_review,同词命中仅建立审核入口；不自动复制释义、拆词或巧记。
cet4-w-1bfcee0d4724a27a7b27,seeming,listed_related,false,,,none,new_content_required,无六级同词；后续查找有证据的词族关系。
cet4-w-9f6f3c04f7aadf75ae4f,seemingly,listed_related,false,2878fd51-964b-4a26-8362-48417bc90364,seemingly,exact,pending_content_review,同词命中仅建立审核入口；不自动复制释义、拆词或巧记。
cet4-w-f6bd1fc598a5b8d0c745,segment,headword,true,65a33858-aad9-4532-b77b-20f966a59ce1,segment,exact,pending_content_review,同词命中仅建立审核入口；不自动复制释义、拆词或巧记。
cet4-w-0aaf6c2e6f6fb1ca2ffe,segmental,listed_related,false,2b25f0fb-1e08-4c5e-aae9-0a1ffff748b3,segmental,exact,pending_content_review,同词命中仅建立审核入口；不自动复制释义、拆词或巧记。
cet4-w-9b0ef75cfc35ff1b2f90,seize,headword,true,,,none,new_content_required,无六级同词；后续查找有证据的词族关系。
cet4-w-65e6befe772c595ec896,seizure,listed_related,false,,,none,new_content_required,无六级同词；后续查找有证据的词族关系。
cet4-w-d1ee084ae69979c98f49,seldom,headword,true,,,none,new_content_required,无六级同词；后续查找有证据的词族关系。
cet4-w-13c72997553fc74049a1,select,headword,true,eb16de08-a0e4-4dcc-9335-ef437927c9f2,select,exact,pending_content_review,同词命中仅建立审核入口；不自动复制释义、拆词或巧记。
cet4-w-bad32a27fa8bb0d99203,selection,listed_related,true,57515681-f34e-4b36-976a-151b6513cfe9,selection,exact,pending_content_review,同词命中仅建立审核入口；不自动复制释义、拆词或巧记。
cet4-w-bd4ebbc5d7b1ec8fb64c,selective,listed_related,false,067aeb5e-2032-4fea-b05b-a25ddb8e0262,selective,exact,pending_content_review,同词命中仅建立审核入口；不自动复制释义、拆词或巧记。
cet4-w-12ac414e46738eb5274a,self,headword,true,,,none,new_content_required,无六级同词；后续查找有证据的词族关系。
cet4-w-fb15ccdcd1fa2f726698,selfish,listed_related,true,,,none,new_content_required,无六级同词；后续查找有证据的词族关系。
cet4-w-651a8b842db6dde8ab0e,selfless,listed_related,false,,,none,new_content_required,无六级同词；后续查找有证据的词族关系。
cet4-w-f7ee0aeb5574da868bdb,sell,headword,false,,,none,new_content_required,无六级同词；后续查找有证据的词族关系。
cet4-w-35fbce9602c54710d1f4,semester,headword,true,e7002028-7cf8-418d-b057-1275625da824,semester,exact,pending_content_review,同词命中仅建立审核入口；不自动复制释义、拆词或巧记。
cet4-w-64721a126ca07a3b44e0,semi-colon,listed_related,false,,,none,new_content_required,无六级同词；后续查找有证据的词族关系。
cet4-w-008242286f51cd1a1c57,seminar,headword,true,,,none,new_content_required,无六级同词；后续查找有证据的词族关系。
cet4-w-62374611866f9cac7c78,senate,headword,true,e8eb87a4-4ff5-40e0-85f9-3c8b024a7221,senate,exact,pending_content_review,同词命中仅建立审核入口；不自动复制释义、拆词或巧记。
cet4-w-093e755dcbe0639e9dda,senator,listed_related,false,cb15b0c9-d3d2-4b49-98e1-ea10836102c7,senator,exact,pending_content_review,同词命中仅建立审核入口；不自动复制释义、拆词或巧记。
cet4-w-0ba2c8b48de77d8e6c31,send,headword,false,e9967f4b-cf7e-4700-8adc-06a2a2e630f7,send,exact,pending_content_review,同词命中仅建立审核入口；不自动复制释义、拆词或巧记。
cet4-w-ab1c66b18c8678ddc9e6,senior,headword,true,64881192-f5c0-466e-bc07-d96a22c6cb51,senior,exact,pending_content_review,同词命中仅建立审核入口；不自动复制释义、拆词或巧记。
cet4-w-557d72fd5c749e74e6a6,seniority,listed_related,false,,,none,new_content_required,无六级同词；后续查找有证据的词族关系。
cet4-w-71f467d6ea7f545d4cad,sense,headword,true,ae0a110b-6ffe-426d-a92c-ea8f41ae6322,sense,exact,pending_content_review,同词命中仅建立审核入口；不自动复制释义、拆词或巧记。
cet4-w-00892f9a91d7b5ea65a9,sensible,listed_related,true,eff5dbeb-e06a-446e-8b94-72116a3391ec,sensible,exact,pending_content_review,同词命中仅建立审核入口；不自动复制释义、拆词或巧记。
cet4-w-485b5909ed8715160dd8,sensitive,headword,true,4ff85862-d1a1-4372-8400-ce9d81b51186,sensitive,exact,pending_content_review,同词命中仅建立审核入口；不自动复制释义、拆词或巧记。
cet4-w-9d989253bdec0e0aee36,sensitivity,listed_related,false,78dc601d-11b2-4450-a424-bc72da0298dd,sensitivity,exact,pending_content_review,同词命中仅建立审核入口；不自动复制释义、拆词或巧记。
cet4-w-dec293a4c7751bea5389,sensor,listed_related,false,,,none,new_content_required,无六级同词；后续查找有证据的词族关系。
cet4-w-d0b0825516e781997acc,sentence,headword,true,,,none,new_content_required,无六级同词；后续查找有证据的词族关系。
cet4-w-e58dc55ed7fe9ef56059,separate,headword,true,,,none,new_content_required,无六级同词；后续查找有证据的词族关系。
cet4-w-2ecb3afdb40fbb3876f4,separation,listed_related,true,,,none,new_content_required,无六级同词；后续查找有证据的词族关系。
cet4-w-38987185bb72ad42c4c6,separatist,listed_related,false,,,none,new_content_required,无六级同词；后续查找有证据的词族关系。
cet4-w-2a4ba32940a1345c9ea0,September,headword,false,,,none,new_content_required,无六级同词；后续查找有证据的词族关系。
cet4-w-a06e2dc41964addca05d,sequence,headword,true,7c6ab201-a322-415c-b721-6a7aea9b8da9,sequence,exact,pending_content_review,同词命中仅建立审核入口；不自动复制释义、拆词或巧记。
cet4-w-93ab822f42a749141f72,sequential,listed_related,false,6310859e-6c97-41f1-a8f4-e97b8cdc55b0,sequential,exact,pending_content_review,同词命中仅建立审核入口；不自动复制释义、拆词或巧记。
cet4-w-f5c55384aa130d4ac228,series,headword,true,65959ca6-45df-4435-9952-bd9802bbdd0e,series,exact,pending_content_review,同词命中仅建立审核入口；不自动复制释义、拆词或巧记。
cet4-w-1843954421166a09c439,serious,headword,true,,,none,new_content_required,无六级同词；后续查找有证据的词族关系。
cet4-w-b72f4d179f6383e624ec,servant,headword,true,f1812770-e8eb-49e3-b9d5-85a6242ba497,servant,exact,pending_content_review,同词命中仅建立审核入口；不自动复制释义、拆词或巧记。
cet4-w-242b77222389d5921aad,serve,headword,false,d89080a3-7a00-4a04-8b66-3dc4fd722e49,serve,exact,pending_content_review,同词命中仅建立审核入口；不自动复制释义、拆词或巧记。
cet4-w-40f6eacbb66da2ba0f66,service,listed_related,false,d1b0af5c-0980-47bc-b201-d4fe3f068f08,service,exact,pending_content_review,同词命中仅建立审核入口；不自动复制释义、拆词或巧记。
cet4-w-891135dc3ae37e758465,serving,listed_related,false,,,none,new_content_required,无六级同词；后续查找有证据的词族关系。
cet4-w-8dd267da85f99f95dacc,session,headword,true,78d39328-0e90-4a22-99fd-f11c669b899e,session,exact,pending_content_review,同词命中仅建立审核入口；不自动复制释义、拆词或巧记。
cet4-w-ff708bcdc694926ebfea,set,headword,false,a1488259-baaa-45dc-946b-03b0c9f4dec1,set,exact,pending_content_review,同词命中仅建立审核入口；不自动复制释义、拆词或巧记。
cet4-w-a3eb67e0ca1050814365,setback,headword,false,bb9396c7-2f4f-4402-bb38-4153fc4d6c13,setback,exact,pending_content_review,同词命中仅建立审核入口；不自动复制释义、拆词或巧记。
cet4-w-3bf09a6ce0bf8d60a851,setting,headword,true,,,none,new_content_required,无六级同词；后续查找有证据的词族关系。
cet4-w-8a121cdd07de695ccaf9,settle,headword,true,73e3d2e6-b8d8-47ef-ab75-88e47f51584c,settle,exact,pending_content_review,同词命中仅建立审核入口；不自动复制释义、拆词或巧记。
cet4-w-5f4eae3a8133369790ad,settlement,listed_related,true,4012d7ba-7c46-400b-bb47-fbc3bb5b3563,settlement,exact,pending_content_review,同词命中仅建立审核入口；不自动复制释义、拆词或巧记。
cet4-w-ca0d198f5dbf322f4ff0,seven,headword,false,,,none,new_content_required,无六级同词；后续查找有证据的词族关系。
cet4-w-9e7adf12bc45a9284951,seventeen,headword,true,,,none,new_content_required,无六级同词；后续查找有证据的词族关系。
cet4-w-1958ddd8034bf1bfd4a4,seventy,headword,true,,,none,new_content_required,无六级同词；后续查找有证据的词族关系。
cet4-w-fed23ffbfbef44767127,several,headword,false,,,none,new_content_required,无六级同词；后续查找有证据的词族关系。
cet4-w-6538ea479d4a1edcff61,severe,headword,true,3269c977-5dc9-448f-8714-0d1b5b96fb25,severe,exact,pending_content_review,同词命中仅建立审核入口；不自动复制释义、拆词或巧记。
cet4-w-0f973ea88781ee6c202a,severity,listed_related,false,30eebc17-6a94-4244-a95f-07be8893328e,severity,exact,pending_content_review,同词命中仅建立审核入口；不自动复制释义、拆词或巧记。
cet4-w-7f2c7657ff5172e58cf0,sew,headword,true,,,none,new_content_required,无六级同词；后续查找有证据的词族关系。
cet4-w-f52057195dad8c49e550,sex,headword,true,c7691b77-13de-498e-929b-cbd0a217c44b,sex,exact,pending_content_review,同词命中仅建立审核入口；不自动复制释义、拆词或巧记。
cet4-w-0c6fdddd50aaf0dcaab6,sexual,listed_related,true,05903fb2-df56-448a-a7c4-3e36700ddce9,sexual,exact,pending_content_review,同词命中仅建立审核入口；不自动复制释义、拆词或巧记。
cet4-w-891ff913be423f101a66,sexy,listed_related,false,,,none,new_content_required,无六级同词；后续查找有证据的词族关系。
cet4-w-cb4d1b8e93884f08ce84,shade,headword,true,,,none,new_content_required,无六级同词；后续查找有证据的词族关系。
cet4-w-008ee8db81361aeaf6d5,shadow,headword,true,,,none,new_content_required,无六级同词；后续查找有证据的词族关系。
cet4-w-e95f3406bc98eae07101,shady,listed_related,true,,,none,new_content_required,无六级同词；后续查找有证据的词族关系。
cet4-w-329d8650e6d4924f9ead,shake,headword,true,,,none,new_content_required,无六级同词；后续查找有证据的词族关系。
cet4-w-1c43f0d59d48034ee8ab,shaky,listed_related,false,,,none,new_content_required,无六级同词；后续查找有证据的词族关系。
cet4-w-447cdbeed5e8ed7e5ae0,shall,headword,false,,,none,new_content_required,无六级同词；后续查找有证据的词族关系。
cet4-w-e9bb06a9680de34e912f,shallow,headword,true,,,none,new_content_required,无六级同词；后续查找有证据的词族关系。
cet4-w-0f4a97898b57971fd55a,shame,headword,true,40c4b694-e815-499a-9e27-c63504982ed9,shame,exact,pending_content_review,同词命中仅建立审核入口；不自动复制释义、拆词或巧记。
cet4-w-55eda5819a721af8027b,shameful,listed_related,false,565c7aad-daeb-494d-ba9d-18fae1aeef4d,shameful,exact,pending_content_review,同词命中仅建立审核入口；不自动复制释义、拆词或巧记。
cet4-w-5bfcd5459288b6f3a353,shameless,listed_related,false,31896bf5-1ab2-481f-a34a-df99082a4393,shameless,exact,pending_content_review,同词命中仅建立审核入口；不自动复制释义、拆词或巧记。
cet4-w-da697a85f92d78748f21,shape,headword,true,,,none,new_content_required,无六级同词；后续查找有证据的词族关系。
cet4-w-a621ec4e922de6c0d473,share,headword,true,,,none,new_content_required,无六级同词；后续查找有证据的词族关系。
cet4-w-06726c132ca3f33c5f3e,sharp,headword,true,06c81508-5a1b-4679-aacf-bc9d9cd9642d,sharp,exact,pending_content_review,同词命中仅建立审核入口；不自动复制释义、拆词或巧记。
cet4-w-db88a7d42c96544b6e05,sharpen,listed_related,true,6884360b-9008-4863-a21e-1b27bb554817,sharpen,exact,pending_content_review,同词命中仅建立审核入口；不自动复制释义、拆词或巧记。
cet4-w-963a16be46f46525f4d5,shave,headword,true,5809ed02-5bba-4272-b7cd-d6c9762e845a,shave,exact,pending_content_review,同词命中仅建立审核入口；不自动复制释义、拆词或巧记。
cet4-w-48fb4b91bdbb85ce9ece,shaver,listed_related,false,ca7312de-9c9d-4a34-9c57-34d920371503,shaver,exact,pending_content_review,同词命中仅建立审核入口；不自动复制释义、拆词或巧记。
cet4-w-87b8a75b9b3fb0149717,she,headword,false,,,none,new_content_required,无六级同词；后续查找有证据的词族关系。
cet4-w-f7b342212f0c661d942c,shed,headword,true,152952e4-14d9-4c56-b4bc-400372a31231,shed,exact,pending_content_review,同词命中仅建立审核入口；不自动复制释义、拆词或巧记。
cet4-w-01da06ecad0cdeeb13d1,sheep,headword,false,4e608c86-4d9b-4338-9505-bec10370889d,sheep,exact,pending_content_review,同词命中仅建立审核入口；不自动复制释义、拆词或巧记。
cet4-w-21dad086e3efc5270842,sheer,headword,false,e6aa8682-2c1b-4a51-a31a-6d932dd88f24,sheer,exact,pending_content_review,同词命中仅建立审核入口；不自动复制释义、拆词或巧记。
cet4-w-5b8ece635d8fdb795a09,sheet,headword,true,,,none,new_content_required,无六级同词；后续查找有证据的词族关系。
cet4-w-ad682a4b53a6a1b672d1,shelf,headword,true,,,none,new_content_required,无六级同词；后续查找有证据的词族关系。
cet4-w-c5a5b565aa168c23ab64,shell,headword,true,a9ed1b32-dc62-4092-8831-c93d98f40117,shell,exact,pending_content_review,同词命中仅建立审核入口；不自动复制释义、拆词或巧记。
cet4-w-5b9f3f82cc8dc1f32b28,shelter,headword,true,,,none,new_content_required,无六级同词；后续查找有证据的词族关系。
cet4-w-fe3129a69d7979f87b12,shift,headword,true,,,none,new_content_required,无六级同词；后续查找有证据的词族关系。
cet4-w-689597fe1aaeba01ca8a,shine,headword,false,,,none,new_content_required,无六级同词；后续查找有证据的词族关系。
cet4-w-2e90dc9c1179e2a230ca,shiny,listed_related,false,,,none,new_content_required,无六级同词；后续查找有证据的词族关系。
cet4-w-cdf71459d10505e9bbdf,ship,headword,false,70d4f3d9-6143-4939-976b-592f3243018b,ship,exact,pending_content_review,同词命中仅建立审核入口；不自动复制释义、拆词或巧记。
cet4-w-63b954223a1bd29be735,shipment,listed_related,false,fdfdd005-f195-4e89-8222-cc11a09cf245,shipment,exact,pending_content_review,同词命中仅建立审核入口；不自动复制释义、拆词或巧记。
cet4-w-acc126bcf0120dcaaf3a,shipping,listed_related,false,,,none,new_content_required,无六级同词；后续查找有证据的词族关系。
cet4-w-aceaf088431819ffe492,shirt,headword,false,,,none,new_content_required,无六级同词；后续查找有证据的词族关系。
cet4-w-834c950cf8ed32ed2661,shit,headword,false,,,none,new_content_required,无六级同词；后续查找有证据的词族关系。
cet4-w-d4859cd7fd486f01dce0,shiver,headword,true,dd5acd92-0332-4ce2-8516-43b7f20ebe26,shiver,exact,pending_content_review,同词命中仅建立审核入口；不自动复制释义、拆词或巧记。
cet4-w-339f3344b68cd7ef1065,shock,headword,true,,,none,new_content_required,无六级同词；后续查找有证据的词族关系。
cet4-w-828b26b582063da7a469,shoe,headword,false,,,none,new_content_required,无六级同词；后续查找有证据的词族关系。
cet4-w-4671046181ed0f72c77f,shoot,headword,true,33fd38f4-7dac-4241-aab6-4601e21237b6,shoot,exact,pending_content_review,同词命中仅建立审核入口；不自动复制释义、拆词或巧记。
cet4-w-7b87808b06a1154f3524,shop,headword,false,,,none,new_content_required,无六级同词；后续查找有证据的词族关系。
cet4-w-f9a4eb2d17e51e60f83d,shopping,listed_related,true,,,none,new_content_required,无六级同词；后续查找有证据的词族关系。
cet4-w-e3b188395bcbaf82a15d,shore,headword,true,,,none,new_content_required,无六级同词；后续查找有证据的词族关系。
cet4-w-9a322604446dea5ce795,short,headword,false,,,none,new_content_required,无六级同词；后续查找有证据的词族关系。
cet4-w-abd23150c4e453764bfb,shortage,listed_related,true,,,none,new_content_required,无六级同词；后续查找有证据的词族关系。
cet4-w-1e2c5b5b9e9c0fe7a1c1,shortcoming,headword,true,,,none,new_content_required,无六级同词；后续查找有证据的词族关系。
cet4-w-1c4560710df9a735f4e7,shortly,headword,true,,,none,new_content_required,无六级同词；后续查找有证据的词族关系。
cet4-w-7361fd533ecd875cf6ca,shorts,listed_related,false,,,none,new_content_required,无六级同词；后续查找有证据的词族关系。
cet4-w-2f4fc24309319a395a70,shot,headword,true,c253df5c-3793-4c89-8870-53a76fbf23b8,shot,exact,pending_content_review,同词命中仅建立审核入口；不自动复制释义、拆词或巧记。
cet4-w-a3ab87f70f2ad65f09b2,should,headword,false,,,none,new_content_required,无六级同词；后续查找有证据的词族关系。
cet4-w-ffd761a83e3a2a1a1de9,shoulder,headword,true,,,none,new_content_required,无六级同词；后续查找有证据的词族关系。
cet4-w-66bcf1b5359812002dfd,shout,headword,false,23887545-d595-4765-9f5a-0ed05d690054,shout,exact,pending_content_review,同词命中仅建立审核入口；不自动复制释义、拆词或巧记。
cet4-w-9ad11b06b74ef2591df4,show,headword,false,a10346ea-61c2-48f9-8266-5252b69326fa,show,exact,pending_content_review,同词命中仅建立审核入口；不自动复制释义、拆词或巧记。
cet4-w-aff7b7bdbfc4af6ce7be,shower,headword,true,,,none,new_content_required,无六级同词；后续查找有证据的词族关系。
cet4-w-0009711414fcf6385f8f,showy,listed_related,false,,,none,new_content_required,无六级同词；后续查找有证据的词族关系。
cet4-w-3863223549901a4793cf,shrimp,headword,false,,,none,new_content_required,无六级同词；后续查找有证据的词族关系。
cet4-w-98d857685cd4a8b99cf9,shrink,headword,true,0f0f31f0-4c45-43fb-abe7-16e1f0284d73,shrink,exact,pending_content_review,同词命中仅建立审核入口；不自动复制释义、拆词或巧记。
cet4-w-8c42735f8be8c2e1ead8,shrug,headword,true,b6a49e18-d90d-4d33-971e-db61f09ba540,shrug,exact,pending_content_review,同词命中仅建立审核入口；不自动复制释义、拆词或巧记。
cet4-w-3560cdb5b02dba0a958d,shut,headword,true,6a2c23a0-d437-422e-a44c-9d9f83341e1e,shut,exact,pending_content_review,同词命中仅建立审核入口；不自动复制释义、拆词或巧记。
cet4-w-a8ed0886e392c37f1bd1,shuttle,headword,true,3b3747ee-22e6-44e7-89c1-44ce6cce087d,shuttle,exact,pending_content_review,同词命中仅建立审核入口；不自动复制释义、拆词或巧记。
cet4-w-f308385d81d2262e7622,shy,headword,true,,,none,new_content_required,无六级同词；后续查找有证据的词族关系。
cet4-w-c31a4acd8ccdf9afbda1,shyly,listed_related,false,,,none,new_content_required,无六级同词；后续查找有证据的词族关系。
cet4-w-7c0a582c8f2cb444f4a6,shyness,listed_related,false,,,none,new_content_required,无六级同词；后续查找有证据的词族关系。
cet4-w-e3251bf71e9b45b38b4e,sick,headword,false,,,none,new_content_required,无六级同词；后续查找有证据的词族关系。
cet4-w-24a0092dfab15966ed5e,sicken,listed_related,false,,,none,new_content_required,无六级同词；后续查找有证据的词族关系。
cet4-w-37f5f7c84fd16a30c7bf,side,headword,false,5944729b-87ec-44ef-b4d4-a9642036172c,side,exact,pending_content_review,同词命中仅建立审核入口；不自动复制释义、拆词或巧记。
cet4-w-c4fa62e6a1fc382e76b6,sideways,headword,true,,,none,new_content_required,无六级同词；后续查找有证据的词族关系。
cet4-w-b72629f7a7dd450e3049,siege,headword,false,805a73bf-3cad-4d09-bed0-32b739051a34,siege,exact,pending_content_review,同词命中仅建立审核入口；不自动复制释义、拆词或巧记。
cet4-w-61022d5787fb7894d286,sigh,headword,true,2b874a20-1a9b-4b3f-81b0-29748e583d17,sigh,exact,pending_content_review,同词命中仅建立审核入口；不自动复制释义、拆词或巧记。
cet4-w-36a841acbdab301781e5,sight,headword,true,6e358fdc-9f3a-4861-9a22-c8269f86cd72,sight,exact,pending_content_review,同词命中仅建立审核入口；不自动复制释义、拆词或巧记。
cet4-w-a5f14349590d6d335a04,sightseeing,headword,true,,,none,new_content_required,无六级同词；后续查找有证据的词族关系。
cet4-w-bff7693ea76ce2443bf5,sign,headword,true,eb7c30b6-580d-420f-b366-cf251f18f3fd,sign,exact,pending_content_review,同词命中仅建立审核入口；不自动复制释义、拆词或巧记。
cet4-w-f5707a7c8b5c676fac7f,signal,headword,true,a73e010a-14c2-4d17-86f2-d148b0ba4f4f,signal,exact,pending_content_review,同词命中仅建立审核入口；不自动复制释义、拆词或巧记。
cet4-w-5e344cd7d7ee08f9e45f,signature,listed_related,true,f6013802-aa5f-4904-8ca5-2156b41b9814,signature,exact,pending_content_review,同词命中仅建立审核入口；不自动复制释义、拆词或巧记。
cet4-w-ec4f1cd93b5fdacfd1c0,significance,listed_related,true,c7a01594-fc9d-4295-a7ea-b37cfc929b78,significance,exact,pending_content_review,同词命中仅建立审核入口；不自动复制释义、拆词或巧记。
cet4-w-0788dcf218eaf9cd5f73,significant,headword,true,e04fd73e-f25e-49e1-bf1e-1e3b7367da1e,significant,exact,pending_content_review,同词命中仅建立审核入口；不自动复制释义、拆词或巧记。
cet4-w-c7daa7439bb7ceb6c90f,silence,listed_related,true,a79766e7-81e0-4f9a-bb81-217fb44846fc,silence,exact,pending_content_review,同词命中仅建立审核入口；不自动复制释义、拆词或巧记。
cet4-w-710ab917095dd4523ad3,silent,headword,true,34929459-3520-4290-ac0a-dc6f2ce1baa5,silent,exact,pending_content_review,同词命中仅建立审核入口；不自动复制释义、拆词或巧记。
cet4-w-704e1092bc485feb9c25,silicon,headword,false,6d9a053b-e586-4499-b0c7-439db0b614f5,silicon,exact,pending_content_review,同词命中仅建立审核入口；不自动复制释义、拆词或巧记。
cet4-w-c33548384209bce7ef6b,silk,headword,false,,,none,new_content_required,无六级同词；后续查找有证据的词族关系。
cet4-w-ec9f2211f9b2b5dd7616,silky,listed_related,false,,,none,new_content_required,无六级同词；后续查找有证据的词族关系。
cet4-w-f3b1b0caacbee97030b5,silver,headword,true,,,none,new_content_required,无六级同词；后续查找有证据的词族关系。
cet4-w-97a2f446da3f7f358ad6,silvery,listed_related,false,,,none,new_content_required,无六级同词；后续查找有证据的词族关系。
cet4-w-4090f0a91f112464aab7,similar,headword,false,1137e05a-63c6-4bcd-938d-ebcf3127b1cb,similar,exact,pending_content_review,同词命中仅建立审核入口；不自动复制释义、拆词或巧记。
cet4-w-a68d07d60ce2df96a0fb,similarity,listed_related,false,c32cd01a-c4db-492b-8ebb-3cd6144e2fe4,similarity,exact,pending_content_review,同词命中仅建立审核入口；不自动复制释义、拆词或巧记。
cet4-w-12f0c3426ee23eec0a2c,simple,headword,false,,,none,new_content_required,无六级同词；后续查找有证据的词族关系。
cet4-w-a5c2bb0a879d9b1f5007,simplicity,listed_related,true,,,none,new_content_required,无六级同词；后续查找有证据的词族关系。
cet4-w-33c63df9f32496597234,simplify,listed_related,true,,,none,new_content_required,无六级同词；后续查找有证据的词族关系。
cet4-w-71d20682d14e29d8b1e9,simply,listed_related,false,,,none,new_content_required,无六级同词；后续查找有证据的词族关系。
cet4-w-9ed8740f50ecde7fa9b8,sin,headword,true,f8287d49-ce36-4505-9ac1-57393c332a1f,sin,exact,pending_content_review,同词命中仅建立审核入口；不自动复制释义、拆词或巧记。
cet4-w-03ba7acf71408e228daf,since,headword,false,,,none,new_content_required,无六级同词；后续查找有证据的词族关系。
cet4-w-93b7077cab47d3beb0ff,sincere,headword,true,,,none,new_content_required,无六级同词；后续查找有证据的词族关系。
cet4-w-17ad267e1b78d9bebbce,sincerity,listed_related,false,,,none,new_content_required,无六级同词；后续查找有证据的词族关系。
cet4-w-1065bd5658fe01e2621c,sing,headword,false,,,none,new_content_required,无六级同词；后续查找有证据的词族关系。
cet4-w-1dbba2215c29003c1327,singer,listed_related,true,,,none,new_content_required,无六级同词；后续查找有证据的词族关系。
cet4-w-fe8b46d00b35951b4aad,single,headword,false,a5c88134-82ea-43ff-8f27-ac931d7e7144,single,exact,pending_content_review,同词命中仅建立审核入口；不自动复制释义、拆词或巧记。
cet4-w-99d68659ae5cf83115e8,singular,headword,true,,,none,new_content_required,无六级同词；后续查找有证据的词族关系。
cet4-w-280555f313c1f2e777e6,singularity,listed_related,false,,,none,new_content_required,无六级同词；后续查找有证据的词族关系。
cet4-w-57dbb8a4c6d6d1203867,sink,headword,true,17f87389-bd11-4f02-8e4d-f20a4b0a5618,sink,exact,pending_content_review,同词命中仅建立审核入口；不自动复制释义、拆词或巧记。
cet4-w-40aa88af2dc0254b4a55,sip,headword,false,643e6817-cc7a-4086-9fe7-1c0a520445bb,sip,exact,pending_content_review,同词命中仅建立审核入口；不自动复制释义、拆词或巧记。
cet4-w-8edff5ffe11c3644946e,sir,headword,false,,,none,new_content_required,无六级同词；后续查找有证据的词族关系。
cet4-w-6fd6dbdcd32701157c72,sister,headword,false,,,none,new_content_required,无六级同词；后续查找有证据的词族关系。
cet4-w-78f54aaa4521b3d1e3b2,sit,headword,false,ab2badc4-e57d-428d-ad2d-23caa0e7af3d,sit,exact,pending_content_review,同词命中仅建立审核入口；不自动复制释义、拆词或巧记。
cet4-w-1a9b56df7973006744e0,site,headword,true,ba27019a-05c3-4641-be98-9f9c0e0d573a,site,exact,pending_content_review,同词命中仅建立审核入口；不自动复制释义、拆词或巧记。
cet4-w-b9798f7407880d66b604,sitting,listed_related,false,,,none,new_content_required,无六级同词；后续查找有证据的词族关系。
cet4-w-935f1157b848a1bbcf8d,situate,headword,false,7abb50fc-10ca-436f-ae27-e2b29e9cacb0,situate,exact,pending_content_review,同词命中仅建立审核入口；不自动复制释义、拆词或巧记。
cet4-w-e094ab2af9702cf450c6,situation,headword,true,546863ff-d04e-4478-80fb-a470a612b0b9,situation,exact,pending_content_review,同词命中仅建立审核入口；不自动复制释义、拆词或巧记。
cet4-w-57b2ae3c470657664b0b,six,headword,false,,,none,new_content_required,无六级同词；后续查找有证据的词族关系。
cet4-w-b83651010a268fd3e1d0,sixteen,headword,false,,,none,new_content_required,无六级同词；后续查找有证据的词族关系。
cet4-w-ed67fcd333d3e8326a49,sixty,headword,true,,,none,new_content_required,无六级同词；后续查找有证据的词族关系。
cet4-w-517f9559e572aa9e52a9,sizable,listed_related,false,,,none,new_content_required,无六级同词；后续查找有证据的词族关系。
cet4-w-637dab26b2555a267a73,size,headword,false,,,none,new_content_required,无六级同词；后续查找有证据的词族关系。
cet4-w-1973907aea92f7292356,skate,headword,true,,,none,new_content_required,无六级同词；后续查找有证据的词族关系。
cet4-w-e7ce0ecbbeea529183c9,skating,listed_related,false,,,none,new_content_required,无六级同词；后续查找有证据的词族关系。
cet4-w-5370d1d1fc20b556f272,skeleton,headword,false,b75f149a-271a-4852-8800-0ea17aa4387c,skeleton,exact,pending_content_review,同词命中仅建立审核入口；不自动复制释义、拆词或巧记。
cet4-w-5a6291a44e4e9f6bac69,sketch,headword,true,,,none,new_content_required,无六级同词；后续查找有证据的词族关系。
cet4-w-3f8b873850219e6d66b1,sketchy,listed_related,false,,,none,new_content_required,无六级同词；后续查找有证据的词族关系。
cet4-w-8b018ee84af131693342,ski,headword,true,2102c614-2f9f-4c82-8ed2-655229d859b5,ski,exact,pending_content_review,同词命中仅建立审核入口；不自动复制释义、拆词或巧记。
cet4-w-5cc2b7567ca4bf0e1083,skiing,listed_related,false,,,none,new_content_required,无六级同词；后续查找有证据的词族关系。
cet4-w-2dd8cc6643c38965d4e2,skilful,listed_related,true,53440a60-6f42-4cac-9425-e62c5c81f954,skillful,declared_variant,pending_content_review,同词命中仅建立审核入口；不自动复制释义、拆词或巧记。
cet4-w-d0716f131e5322a72a6f,skill,headword,true,d88f3c43-f7e2-4a7b-af6a-e741d7248cdf,skill,exact,pending_content_review,同词命中仅建立审核入口；不自动复制释义、拆词或巧记。
cet4-w-27b805687af9c64601b2,skilled,listed_related,true,d8a37f80-a5fd-4596-8fe8-b9e49bc18ba8,skilled,exact,pending_content_review,同词命中仅建立审核入口；不自动复制释义、拆词或巧记。
cet4-w-9b7f71ea36c07827be16,skin,headword,true,12150847-5387-4c66-9ddf-1fd9ac63bf8e,skin,exact,pending_content_review,同词命中仅建立审核入口；不自动复制释义、拆词或巧记。
cet4-w-0940f904e1bc831ae9c6,skinny,listed_related,false,,,none,new_content_required,无六级同词；后续查找有证据的词族关系。
cet4-w-0ced0bde8cfa01feb405,skip,headword,false,8ea87c92-1f5f-4e0a-a279-1209d2263136,skip,exact,pending_content_review,同词命中仅建立审核入口；不自动复制释义、拆词或巧记。
cet4-w-2ea4527f68b8dcf56faf,skirt,headword,false,,,none,new_content_required,无六级同词；后续查找有证据的词族关系。
cet4-w-3e826a28f35223a53149,sky,headword,false,,,none,new_content_required,无六级同词；后续查找有证据的词族关系。
cet4-w-b8a16bdff2cc75575ee3,skyline,headword,false,,,none,new_content_required,无六级同词；后续查找有证据的词族关系。
cet4-w-1c228036b319b14810f7,skyscraper,headword,false,,,none,new_content_required,无六级同词；后续查找有证据的词族关系。
cet4-w-ca718e02b5d2471bad59,slap,headword,false,48ef19ed-5c23-450d-abdc-e203f2823abe,slap,exact,pending_content_review,同词命中仅建立审核入口；不自动复制释义、拆词或巧记。
cet4-w-91f2c8ee1e5adc921216,slave,headword,true,ba309273-7fc7-46be-9b46-8466b8cd9d02,slave,exact,pending_content_review,同词命中仅建立审核入口；不自动复制释义、拆词或巧记。
cet4-w-39ff15bf31c2ba187c40,slavery,listed_related,true,,,none,new_content_required,无六级同词；后续查找有证据的词族关系。
cet4-w-b6f3edf5111df79509ce,sleep,headword,false,,,none,new_content_required,无六级同词；后续查找有证据的词族关系。
cet4-w-7a761164b9e521aa3434,sleepiness,listed_related,false,,,none,new_content_required,无六级同词；后续查找有证据的词族关系。
cet4-w-9c5cc66700e57d5df0b0,sleepy,listed_related,true,,,none,new_content_required,无六级同词；后续查找有证据的词族关系。
cet4-w-0f9c99b07da6ab3e7807,sleeve,headword,true,,,none,new_content_required,无六级同词；后续查找有证据的词族关系。
cet4-w-1d4cb07f303c8ea178c2,slender,headword,true,,,none,new_content_required,无六级同词；后续查找有证据的词族关系。
cet4-w-6d20308e48e7490ebf76,slice,headword,true,b9fc7eca-6779-42e0-9b2a-be3bb56c9559,slice,exact,pending_content_review,同词命中仅建立审核入口；不自动复制释义、拆词或巧记。
cet4-w-329aa4b46d6cf0d1ee06,slide,headword,true,062a2a19-a454-477d-a410-8abaa41113ae,slide,exact,pending_content_review,同词命中仅建立审核入口；不自动复制释义、拆词或巧记。
cet4-w-7635ec51c7b4a7aef408,slight,headword,true,4e1002a0-c420-4064-85c6-d48293dc81fc,slight,exact,pending_content_review,同词命中仅建立审核入口；不自动复制释义、拆词或巧记。
cet4-w-e91529f915ca881cda84,slightly,listed_related,true,f8c05994-d8a6-42bf-aa1d-888251475764,slightly,exact,pending_content_review,同词命中仅建立审核入口；不自动复制释义、拆词或巧记。
cet4-w-167381588e253bd20f04,slim,headword,false,9cb392ff-388b-45fe-8712-904c6a696395,slim,exact,pending_content_review,同词命中仅建立审核入口；不自动复制释义、拆词或巧记。
cet4-w-75e317b844e9f5cd6fd8,slip,headword,true,9866e2ae-678b-4a7f-8664-775eb74f80b5,slip,exact,pending_content_review,同词命中仅建立审核入口；不自动复制释义、拆词或巧记。
cet4-w-159f1f28db3f7993706a,slipper,listed_related,true,,,none,new_content_required,无六级同词；后续查找有证据的词族关系。
cet4-w-f4d7f71b4f2a7c13007f,slippery,listed_related,true,1c3c9b97-3600-43d5-8b4f-2ead828969d4,slippery,exact,pending_content_review,同词命中仅建立审核入口；不自动复制释义、拆词或巧记。
cet4-w-d3afae7dfa843d5889a4,slogan,headword,true,84da67bb-a2a8-43cf-994e-d5208ea94105,slogan,exact,pending_content_review,同词命中仅建立审核入口；不自动复制释义、拆词或巧记。
cet4-w-7f808fc03e7c9938c429,slope,headword,true,a63a600b-ad57-4983-8bbf-604b364e7795,slope,exact,pending_content_review,同词命中仅建立审核入口；不自动复制释义、拆词或巧记。
cet4-w-4d6e50a10a3ab55a74f0,slow,headword,false,2105bd75-6642-4ae6-9d38-0d17ecfc728c,slow,exact,pending_content_review,同词命中仅建立审核入口；不自动复制释义、拆词或巧记。
cet4-w-516c782531894029cbd6,small,headword,false,,,none,new_content_required,无六级同词；后续查找有证据的词族关系。
cet4-w-7a12eb962a8edd2a18a3,smart,headword,true,,,none,new_content_required,无六级同词；后续查找有证据的词族关系。
cet4-w-6df672109dc7592f2305,smartphone,headword,false,,,none,new_content_required,无六级同词；后续查找有证据的词族关系。
cet4-w-0049fa893146893f1fb9,smash,headword,true,f211e230-3990-449b-8889-8870fbfa7dad,smash,exact,pending_content_review,同词命中仅建立审核入口；不自动复制释义、拆词或巧记。
cet4-w-af9789ec1edea6592801,smell,headword,false,,,none,new_content_required,无六级同词；后续查找有证据的词族关系。
cet4-w-afd9d029785c4bdfe85c,smelly,listed_related,false,,,none,new_content_required,无六级同词；后续查找有证据的词族关系。
cet4-w-a13a6a4d58d1813da67a,smile,headword,false,,,none,new_content_required,无六级同词；后续查找有证据的词族关系。
cet4-w-c28bc5425fd5439e85e0,smog,headword,true,,,none,new_content_required,无六级同词；后续查找有证据的词族关系。
cet4-w-10a1a17fbe30e118c616,smoggy,listed_related,false,,,none,new_content_required,无六级同词；后续查找有证据的词族关系。
cet4-w-3ada8684ce56ee77ad98,smoke,headword,false,,,none,new_content_required,无六级同词；后续查找有证据的词族关系。
cet4-w-4c79495df77ef6b8b0be,smoky,listed_related,false,,,none,new_content_required,无六级同词；后续查找有证据的词族关系。
cet4-w-d48d777c3ce4b3557d10,smooth,headword,true,3746f5eb-b761-4a28-8cf7-e56231f514ed,smooth,exact,pending_content_review,同词命中仅建立审核入口；不自动复制释义、拆词或巧记。
cet4-w-70a2a64da95979918af5,snack,headword,false,197605f9-167f-4f17-9eee-1dbd49837aef,snack,exact,pending_content_review,同词命中仅建立审核入口；不自动复制释义、拆词或巧记。
cet4-w-a723eec938ad4b74298d,snake,headword,true,d3860da0-9a40-4369-bf1d-c343d403e0b4,snake,exact,pending_content_review,同词命中仅建立审核入口；不自动复制释义、拆词或巧记。
cet4-w-b4afe454a9351fe0813e,snow,headword,false,,,none,new_content_required,无六级同词；后续查找有证据的词族关系。
cet4-w-daf49754f07d08b74924,snowy,listed_related,true,,,none,new_content_required,无六级同词；后续查找有证据的词族关系。
cet4-w-5731157bcd08ccff4cd7,so,headword,false,81e0e31b-df36-4c76-bff5-0a1b1166b091,so,exact,pending_content_review,同词命中仅建立审核入口；不自动复制释义、拆词或巧记。
cet4-w-2ec58147e91afa8ceec7,so-called,headword,true,,,none,new_content_required,无六级同词；后续查找有证据的词族关系。
cet4-w-0fabf5d7d57650af02ba,soak,headword,true,,,none,new_content_required,无六级同词；后续查找有证据的词族关系。
cet4-w-f53bf34941b5ee0e404c,soap,headword,true,,,none,new_content_required,无六级同词；后续查找有证据的词族关系。
cet4-w-72814ca22c9c05bff401,soar,headword,false,761c2d12-507e-45a0-a59e-0a401e5a5ccc,soar,exact,pending_content_review,同词命中仅建立审核入口；不自动复制释义、拆词或巧记。
cet4-w-19dcc48c003caa0d0d6b,soccer,headword,true,,,none,new_content_required,无六级同词；后续查找有证据的词族关系。
cet4-w-f21e79c24d7f5dfc5271,sociable,listed_related,false,,,none,new_content_required,无六级同词；后续查找有证据的词族关系。
cet4-w-457322caac94c6580a12,social,listed_related,true,5e11be18-a95b-4680-b242-9b8db772a02f,social,exact,pending_content_review,同词命中仅建立审核入口；不自动复制释义、拆词或巧记。
cet4-w-8f0523e4d2230bc60938,socialism,headword,true,,,none,new_content_required,无六级同词；后续查找有证据的词族关系。
cet4-w-47bdb55e746d216f56df,socialist,listed_related,true,ea028d1b-31ff-4a38-9fa6-1e7c9805c59b,socialist,exact,pending_content_review,同词命中仅建立审核入口；不自动复制释义、拆词或巧记。
cet4-w-65d9f9aac6375c0cdf82,socialize,listed_related,false,,,none,new_content_required,无六级同词；后续查找有证据的词族关系。
cet4-w-f625d81c0668fe439f32,society,headword,true,f0ca4afd-be8c-43fb-a3f8-abf9ecd184e0,society,exact,pending_content_review,同词命中仅建立审核入口；不自动复制释义、拆词或巧记。
cet4-w-61b17b70d693e7b4886d,sociologist,listed_related,false,8b027268-cc0d-4636-9afa-6cbf4090be99,sociologist,exact,pending_content_review,同词命中仅建立审核入口；不自动复制释义、拆词或巧记。
cet4-w-5ba8068ec444bc95277f,sociology,headword,false,bc379bf3-3c95-46fc-a507-9db31d526445,sociology,exact,pending_content_review,同词命中仅建立审核入口；不自动复制释义、拆词或巧记。
cet4-w-0239a11c2bc23353243c,sock,headword,true,4ff5f285-c332-4a92-a471-0baf01fc0e7f,sock,exact,pending_content_review,同词命中仅建立审核入口；不自动复制释义、拆词或巧记。
cet4-w-b529da7b5b304c0f683b,soda,headword,true,1ea71b0b-099d-493c-86b3-90478e0cd735,soda,exact,pending_content_review,同词命中仅建立审核入口；不自动复制释义、拆词或巧记。
cet4-w-cc68d77ed0b28715f5fc,sofa,headword,false,,,none,new_content_required,无六级同词；后续查找有证据的词族关系。
cet4-w-9234f5c418cd9b7748a1,soft,headword,true,15e2a5da-b5fc-4681-ba44-03aa6cd4ab66,soft,exact,pending_content_review,同词命中仅建立审核入口；不自动复制释义、拆词或巧记。
cet4-w-57bc49599305d36eed08,soften,listed_related,false,,,none,new_content_required,无六级同词；后续查找有证据的词族关系。
cet4-w-ca5a65ff8b053b522192,software,headword,true,2ff05da1-5c53-4696-a1a5-c834dea99ff7,software,exact,pending_content_review,同词命中仅建立审核入口；不自动复制释义、拆词或巧记。
cet4-w-0913e2d119f36c9f1b31,soil,headword,true,,,none,new_content_required,无六级同词；后续查找有证据的词族关系。
cet4-w-4c58e4c02bbb709f347f,solar,headword,true,1011b225-5d55-4451-8b7f-1fe97ee0a30e,solar,exact,pending_content_review,同词命中仅建立审核入口；不自动复制释义、拆词或巧记。
cet4-w-3a69b64f55147ee77cc4,soldier,headword,false,,,none,new_content_required,无六级同词；后续查找有证据的词族关系。
cet4-w-15466c034f83791d4501,sole,headword,true,500fa835-123b-415d-943e-429da6e362bf,sole,exact,pending_content_review,同词命中仅建立审核入口；不自动复制释义、拆词或巧记。
cet4-w-94a6e2986515a00b686b,solely,listed_related,true,608c0ba9-2969-4eb6-91de-e6bc14817eea,solely,exact,pending_content_review,同词命中仅建立审核入口；不自动复制释义、拆词或巧记。
cet4-w-c3c2f5fe3613bbcf7831,solemn,headword,true,,,none,new_content_required,无六级同词；后续查找有证据的词族关系。
cet4-w-4e2b134dedf0e5b32e98,solemnity,listed_related,false,,,none,new_content_required,无六级同词；后续查找有证据的词族关系。
cet4-w-ab36fcd61cf1861bd2d3,solid,headword,true,35969290-a192-496b-a379-104881891a62,solid,exact,pending_content_review,同词命中仅建立审核入口；不自动复制释义、拆词或巧记。
cet4-w-ef05177cce94f8e32134,solidify,listed_related,false,,,none,new_content_required,无六级同词；后续查找有证据的词族关系。
cet4-w-88b214e62497ac627df7,solidity,listed_related,false,b872cbc8-d73e-43b1-a399-04dbaca3bb8b,solidity,exact,pending_content_review,同词命中仅建立审核入口；不自动复制释义、拆词或巧记。
cet4-w-18357aae2ac0a5503f10,soluble,listed_related,true,572a2966-663b-4dd4-afca-c3dec321be3c,soluble,exact,pending_content_review,同词命中仅建立审核入口；不自动复制释义、拆词或巧记。
cet4-w-454d4a6bbce2e218eca6,solution,listed_related,true,56dbe20d-3ebe-4872-983e-0787cec6536a,solution,exact,pending_content_review,同词命中仅建立审核入口；不自动复制释义、拆词或巧记。
cet4-w-08d95a5bbfcf1f969e6f,solve,headword,true,e733d044-6422-42b9-bac7-cde5b7738e5e,solve,exact,pending_content_review,同词命中仅建立审核入口；不自动复制释义、拆词或巧记。
cet4-w-054818b710de816bdb15,solvent,listed_related,false,,,none,new_content_required,无六级同词；后续查找有证据的词族关系。
cet4-w-1a895fd4899803961d9e,some,headword,false,cccf88a2-d27d-48db-ac17-e7864b9e5bd2,some,exact,pending_content_review,同词命中仅建立审核入口；不自动复制释义、拆词或巧记。
cet4-w-f0b206921b463ab3ee8d,somebody,headword,false,,,none,new_content_required,无六级同词；后续查找有证据的词族关系。
cet4-w-62aa52922db0204b6ec3,somehow,headword,true,,,none,new_content_required,无六级同词；后续查找有证据的词族关系。
cet4-w-55f002d24b8298de52fb,someone,headword,false,,,none,new_content_required,无六级同词；后续查找有证据的词族关系。
cet4-w-7ea56b2bbd0723890124,something,headword,false,,,none,new_content_required,无六级同词；后续查找有证据的词族关系。
cet4-w-6f15ddbf57168f0c4697,sometime,headword,true,,,none,new_content_required,无六级同词；后续查找有证据的词族关系。
cet4-w-b3d3bb3c5c896a79ae3a,sometimes,headword,false,,,none,new_content_required,无六级同词；后续查找有证据的词族关系。
cet4-w-54aa7df06bb0911fef5a,somewhat,headword,true,,,none,new_content_required,无六级同词；后续查找有证据的词族关系。
cet4-w-5068a91dc4e9e65eedbc,somewhere,headword,false,,,none,new_content_required,无六级同词；后续查找有证据的词族关系。
cet4-w-af2e97f016a4932eee31,son,headword,false,,,none,new_content_required,无六级同词；后续查找有证据的词族关系。
cet4-w-c9678ea814f813cc4830,song,headword,false,,,none,new_content_required,无六级同词；后续查找有证据的词族关系。
cet4-w-83874f2ca243737f80a2,soon,headword,false,,,none,new_content_required,无六级同词；后续查找有证据的词族关系。
cet4-w-e929e3440d06630730f7,sophisticated,headword,true,d3d2f43c-042b-4fa6-b8e4-f40a83668d73,sophisticated,exact,pending_content_review,同词命中仅建立审核入口；不自动复制释义、拆词或巧记。
cet4-w-19b44023dad7152dd66a,sophistication,listed_related,false,e5bc6f91-d1c6-4dce-b49b-f58e30504cc4,sophistication,exact,pending_content_review,同词命中仅建立审核入口；不自动复制释义、拆词或巧记。
cet4-w-26446cd234e6200765a8,sore,headword,true,,,none,new_content_required,无六级同词；后续查找有证据的词族关系。
cet4-w-95dd20e4fdf888a22ce7,sorrow,headword,true,,,none,new_content_required,无六级同词；后续查找有证据的词族关系。
cet4-w-0856caae8e05687653ea,sorrowful,listed_related,false,,,none,new_content_required,无六级同词；后续查找有证据的词族关系。
cet4-w-180e1cb256dbd0233336,sorry,headword,false,,,none,new_content_required,无六级同词；后续查找有证据的词族关系。
cet4-w-e33f4ded69e75611cb66,sort,headword,true,e92bc580-c1a2-4f30-92ae-06e518a2ce84,sort,exact,pending_content_review,同词命中仅建立审核入口；不自动复制释义、拆词或巧记。
cet4-w-72a23ed24b69c862ae78,soul,headword,true,78d957af-93ed-4290-b9d0-05e9573959a4,soul,exact,pending_content_review,同词命中仅建立审核入口；不自动复制释义、拆词或巧记。
cet4-w-28f29a144215268374fb,sound,headword,false,534fc9a5-479a-4c4f-bd7f-4644831af121,sound,exact,pending_content_review,同词命中仅建立审核入口；不自动复制释义、拆词或巧记。
cet4-w-eb8ae719bccd7b2d50f0,soup,headword,true,,,none,new_content_required,无六级同词；后续查找有证据的词族关系。
cet4-w-515ad7410a1f9937d3dc,sour,headword,true,4128e635-94f2-46b5-a282-7615c3734429,sour,exact,pending_content_review,同词命中仅建立审核入口；不自动复制释义、拆词或巧记。
cet4-w-bd20b316ae515f3107dc,source,headword,true,,,none,new_content_required,无六级同词；后续查找有证据的词族关系。
cet4-w-d440e34da9dc925b2264,south,headword,false,,,none,new_content_required,无六级同词；后续查找有证据的词族关系。
cet4-w-3e50a7ee12ce92f13342,southeast,headword,true,,,none,new_content_required,无六级同词；后续查找有证据的词族关系。
cet4-w-32eccbafd2d0e35f159a,southeastern,listed_related,false,,,none,new_content_required,无六级同词；后续查找有证据的词族关系。
cet4-w-9b21df8b3af5dfe653d9,southern,listed_related,true,,,none,new_content_required,无六级同词；后续查找有证据的词族关系。
cet4-w-b92974818f516f89245d,southwest,headword,true,,,none,new_content_required,无六级同词；后续查找有证据的词族关系。
cet4-w-3952cc12d9c881132b51,southwestern,listed_related,false,,,none,new_content_required,无六级同词；后续查找有证据的词族关系。
cet4-w-679fc76f9b28b0d55976,souvenir,headword,false,,,none,new_content_required,无六级同词；后续查找有证据的词族关系。
cet4-w-fef6c9b9255474047954,sow,headword,true,,,none,new_content_required,无六级同词；后续查找有证据的词族关系。
cet4-w-d209e90c6d0b50e80093,space,headword,true,2019a16c-35a4-4f53-b0e3-926aec2a631e,space,exact,pending_content_review,同词命中仅建立审核入口；不自动复制释义、拆词或巧记。
cet4-w-eea73ea721fabe17a6bd,spacecraft,headword,true,,,none,new_content_required,无六级同词；后续查找有证据的词族关系。
cet4-w-7ef3a89cee89757f9036,spaceship,headword,true,,,none,new_content_required,无六级同词；后续查找有证据的词族关系。
cet4-w-0bcb08ada028d8a10196,spacious,listed_related,false,851893bb-cfae-49ee-87b8-699bf8f155c9,spacious,exact,pending_content_review,同词命中仅建立审核入口；不自动复制释义、拆词或巧记。
cet4-w-5c91f83386dda58c6f1f,spade,headword,true,,,none,new_content_required,无六级同词；后续查找有证据的词族关系。
cet4-w-a86c6008d1eb114814de,span,headword,true,82bc30da-3f02-41d0-bbe5-36d9575cd3b8,span,exact,pending_content_review,同词命中仅建立审核入口；不自动复制释义、拆词或巧记。
cet4-w-a83a370461c5fe7110c4,spare,headword,false,050ee47b-da7a-4be1-8f6e-15e1fa76f9c7,spare,exact,pending_content_review,同词命中仅建立审核入口；不自动复制释义、拆词或巧记。
cet4-w-e6eeceea29ec4fea6de8,sparingly,listed_related,false,,,none,new_content_required,无六级同词；后续查找有证据的词族关系。
cet4-w-e3169bbbc68ea1943f08,spark,headword,true,2807020d-2fc4-4a6d-9777-36d99f336a72,spark,exact,pending_content_review,同词命中仅建立审核入口；不自动复制释义、拆词或巧记。
cet4-w-1ae99ef58576ee55bdea,sparkle,headword,true,fff0e994-59c4-4a0c-bf67-513dfab31b1a,sparkle,exact,pending_content_review,同词命中仅建立审核入口；不自动复制释义、拆词或巧记。
cet4-w-7d899729cc48c6286afe,spatial,listed_related,false,,,none,new_content_required,无六级同词；后续查找有证据的词族关系。
cet4-w-18c6f550367e535ec9d3,speak,headword,false,faef4464-a9ee-4f0a-8268-c7e2b50a0398,speak,exact,pending_content_review,同词命中仅建立审核入口；不自动复制释义、拆词或巧记。
cet4-w-9d227ef5abb8f5727be8,speaker,listed_related,true,,,none,new_content_required,无六级同词；后续查找有证据的词族关系。
cet4-w-deacc6196c039957c21d,special,headword,true,93e23c17-5950-4968-bdd0-09b0c55fbe77,special,exact,pending_content_review,同词命中仅建立审核入口；不自动复制释义、拆词或巧记。
cet4-w-a463255463c8264e9adc,specialist,listed_related,true,344f6de6-fc12-4b6f-881d-7b49c9e5726a,specialist,exact,pending_content_review,同词命中仅建立审核入口；不自动复制释义、拆词或巧记。
cet4-w-6e33bbead2483c2c2a0e,specialization,listed_related,false,,,none,new_content_required,无六级同词；后续查找有证据的词族关系。
cet4-w-e9bd927d3c77baa654f5,specialize,listed_related,true,,,none,new_content_required,无六级同词；后续查找有证据的词族关系。
cet4-w-dc03e85ce3d4400ad848,species,headword,true,bea0a00a-7b6a-42fe-8f94-29f8645199d4,species,exact,pending_content_review,同词命中仅建立审核入口；不自动复制释义、拆词或巧记。
cet4-w-9bead37d826146267563,specific,headword,true,419c0c08-a1bd-457f-a2ed-2bc3347f1692,specific,exact,pending_content_review,同词命中仅建立审核入口；不自动复制释义、拆词或巧记。
cet4-w-03aced3bed5d984e1390,specifically,listed_related,false,0027c864-c2b8-4ce6-8d52-8a5e965532f8,specifically,exact,pending_content_review,同词命中仅建立审核入口；不自动复制释义、拆词或巧记。
cet4-w-5c0505d7c103765f88e1,specification,listed_related,false,d96ede36-668f-4eba-abef-40b82ff5a411,specification,exact,pending_content_review,同词命中仅建立审核入口；不自动复制释义、拆词或巧记。
cet4-w-ecde297b6f1b1b2cebd7,specify,headword,true,,,none,new_content_required,无六级同词；后续查找有证据的词族关系。
cet4-w-ca8e6bb1aa532b11df93,specimen,headword,true,,,none,new_content_required,无六级同词；后续查找有证据的词族关系。
cet4-w-a23ff6cc51ee61388f89,speculate,headword,false,4cb9a6fc-41c2-49f0-bf20-4ce59ae67114,speculate,exact,pending_content_review,同词命中仅建立审核入口；不自动复制释义、拆词或巧记。
cet4-w-f5e7d2248c95db99aee3,speculation,listed_related,false,4afdd21f-6bff-403e-be44-868b8d35237b,speculation,exact,pending_content_review,同词命中仅建立审核入口；不自动复制释义、拆词或巧记。
cet4-w-31e24ced8956cfe8917b,speculative,listed_related,false,e8560844-6952-40ab-bdbf-c9912ca74b5b,speculative,exact,pending_content_review,同词命中仅建立审核入口；不自动复制释义、拆词或巧记。
cet4-w-e0ef950b0ed480d5a1c2,speech,headword,true,,,none,new_content_required,无六级同词；后续查找有证据的词族关系。
cet4-w-44d1778f49ca167bd6a4,speechless,listed_related,false,,,none,new_content_required,无六级同词；后续查找有证据的词族关系。
cet4-w-c898720b2f4ec25268d4,speed,headword,true,,,none,new_content_required,无六级同词；后续查找有证据的词族关系。
cet4-w-315bfab2a365e3499853,speeding,listed_related,false,,,none,new_content_required,无六级同词；后续查找有证据的词族关系。
cet4-w-e9d86662ba8fa94aa228,speedy,listed_related,false,,,none,new_content_required,无六级同词；后续查找有证据的词族关系。
cet4-w-782545c2726e257c77b8,spell,headword,true,c61c9137-df73-4a05-b2a9-8449a2235ab4,spell,exact,pending_content_review,同词命中仅建立审核入口；不自动复制释义、拆词或巧记。
cet4-w-3781d579d7ca26c86353,spelling,listed_related,true,,,none,new_content_required,无六级同词；后续查找有证据的词族关系。
cet4-w-b83d6eca1e7f3a9f6eb3,spend,headword,false,0ea1668c-63f9-46b8-9b9a-7d3035ea177d,spend,exact,pending_content_review,同词命中仅建立审核入口；不自动复制释义、拆词或巧记。
cet4-w-7be262e604b319fe2979,spending,listed_related,false,,,none,new_content_required,无六级同词；后续查找有证据的词族关系。
cet4-w-a265420f8cde596d3c5f,sphere,headword,true,2e8f49d7-b136-4378-a41a-8dd42fce1968,sphere,exact,pending_content_review,同词命中仅建立审核入口；不自动复制释义、拆词或巧记。
cet4-w-b9a3d321a21943ca8bad,spherical,listed_related,false,,,none,new_content_required,无六级同词；后续查找有证据的词族关系。
cet4-w-de7a7af024828ee71d8c,spill,headword,true,,,none,new_content_required,无六级同词；后续查找有证据的词族关系。
cet4-w-39597abccab1b17c453f,spin,headword,true,0d2f3130-5e77-48c9-aafa-c1e20e439670,spin,exact,pending_content_review,同词命中仅建立审核入口；不自动复制释义、拆词或巧记。
cet4-w-fa695d0d9539a1735819,spirit,headword,true,8b0cdf1c-0c2d-4baf-a6f5-43b6f727190f,spirit,exact,pending_content_review,同词命中仅建立审核入口；不自动复制释义、拆词或巧记。
cet4-w-31c1c086a171a520077a,spiritual,listed_related,true,,,none,new_content_required,无六级同词；后续查找有证据的词族关系。
cet4-w-55ce9f87c7fda1ed5166,spit,headword,true,09750533-6b08-426f-98c2-b20b8aff99c3,spit,exact,pending_content_review,同词命中仅建立审核入口；不自动复制释义、拆词或巧记。
cet4-w-810a2bb5e07f71d02af0,spite,headword,true,8420bfd9-1f96-47f8-8df9-1ddc6a31bc11,spite,exact,pending_content_review,同词命中仅建立审核入口；不自动复制释义、拆词或巧记。
cet4-w-0ae0ee413447008bb168,splash,headword,true,065f3796-4914-46f6-b508-63bd62be764b,splash,exact,pending_content_review,同词命中仅建立审核入口；不自动复制释义、拆词或巧记。
cet4-w-10a8278779e9b76167c9,splendid,headword,true,,,none,new_content_required,无六级同词；后续查找有证据的词族关系。
cet4-w-d20e8e12bbb558de335a,splendor,listed_related,false,,,none,new_content_required,无六级同词；后续查找有证据的词族关系。
cet4-w-58ca2aa88936f74419c7,split,headword,true,,,none,new_content_required,无六级同词；后续查找有证据的词族关系。
cet4-w-1198a27735ece4c8bbe4,spoil,headword,true,42395019-9d03-415f-8ac8-66a78e3abb5a,spoil,exact,pending_content_review,同词命中仅建立审核入口；不自动复制释义、拆词或巧记。
cet4-w-65636cf48b63e881d913,spokesman,headword,false,,,none,new_content_required,无六级同词；后续查找有证据的词族关系。
cet4-w-b36be6aec3faff5888eb,spokesperson,listed_related,false,,,none,new_content_required,无六级同词；后续查找有证据的词族关系。
cet4-w-2f0cc2ac715d64c7e690,spokeswoman,headword,false,,,none,new_content_required,无六级同词；后续查找有证据的词族关系。
cet4-w-0820bd88d5a47071e79a,sponsor,headword,true,,,none,new_content_required,无六级同词；后续查找有证据的词族关系。
cet4-w-cab48bb93e5ea4bcb6bf,sponsorship,listed_related,false,,,none,new_content_required,无六级同词；后续查找有证据的词族关系。
cet4-w-88ea1582e41ee837dfc8,spontaneity,listed_related,false,b11f872b-9340-40de-b2bc-e834a7c2d29a,spontaneity,exact,pending_content_review,同词命中仅建立审核入口；不自动复制释义、拆词或巧记。
cet4-w-68a1c7b29dced4565995,spontaneous,headword,true,f662f8e6-33bd-4b77-ad99-b4d8d1dbc0c1,spontaneous,exact,pending_content_review,同词命中仅建立审核入口；不自动复制释义、拆词或巧记。
cet4-w-d1efc6c27a25fbf356ea,spoon,headword,true,,,none,new_content_required,无六级同词；后续查找有证据的词族关系。
cet4-w-0c7ee6f6ed20d80f644c,spoonful,listed_related,false,,,none,new_content_required,无六级同词；后续查找有证据的词族关系。
cet4-w-7a2b5e23a00ff0b97a91,sport,headword,false,,,none,new_content_required,无六级同词；后续查找有证据的词族关系。
cet4-w-14aa23e3c1fe5d9adcb3,sportsman,headword,true,,,none,new_content_required,无六级同词；后续查找有证据的词族关系。
cet4-w-2efeba3708cb1674913c,sportswoman,headword,false,,,none,new_content_required,无六级同词；后续查找有证据的词族关系。
cet4-w-febbfa21814890283139,spot,headword,true,868d9ff0-f11b-40d1-836b-9897c18621ac,spot,exact,pending_content_review,同词命中仅建立审核入口；不自动复制释义、拆词或巧记。
cet4-w-ca308a1afdbf25ac83d9,spouse,headword,false,e161b065-0ed7-40af-b398-e8411e659e47,spouse,exact,pending_content_review,同词命中仅建立审核入口；不自动复制释义、拆词或巧记。
cet4-w-05afe7805f0bc60a3159,spray,headword,true,,,none,new_content_required,无六级同词；后续查找有证据的词族关系。
cet4-w-3ab82f8a984c2c43e9fc,spread,headword,true,e6c2b387-e6a8-438f-8a78-b335dc70ef81,spread,exact,pending_content_review,同词命中仅建立审核入口；不自动复制释义、拆词或巧记。
cet4-w-250b83feeb248a83bb5b,spring,headword,false,ff8327d8-7912-4ff5-ba99-87702d546c61,spring,exact,pending_content_review,同词命中仅建立审核入口；不自动复制释义、拆词或巧记。
cet4-w-914b91232a0f239390a5,spur,headword,true,,,none,new_content_required,无六级同词；后续查找有证据的词族关系。
cet4-w-4e521d48729402742fe2,spy,headword,true,24df699c-883b-4abb-bed0-f2eb2bb7842a,spy,exact,pending_content_review,同词命中仅建立审核入口；不自动复制释义、拆词或巧记。
cet4-w-8da5ef325e70fad0e6be,square,headword,true,ac0a34bf-31f4-49da-99cf-b12d1b2e39f6,square,exact,pending_content_review,同词命中仅建立审核入口；不自动复制释义、拆词或巧记。
cet4-w-196c730b8240138ae47d,squeeze,headword,true,,,none,new_content_required,无六级同词；后续查找有证据的词族关系。
cet4-w-c88f0f734c0407c5d610,stability,listed_related,true,2f28e946-bf76-4120-ac26-fbecc449d380,stability,exact,pending_content_review,同词命中仅建立审核入口；不自动复制释义、拆词或巧记。
cet4-w-2a9e0e44207056712706,stabilize,listed_related,false,f343f0de-3f70-4564-8e3c-fdc26434dd7c,stabilize,exact,pending_content_review,同词命中仅建立审核入口；不自动复制释义、拆词或巧记。
cet4-w-57070fbcedf07b7e7335,stable,headword,true,bbefc4fe-0961-4a39-ae4a-cdd9821afb05,stable,exact,pending_content_review,同词命中仅建立审核入口；不自动复制释义、拆词或巧记。
cet4-w-fc5d1ae272b407e51f5f,stack,headword,true,8551363d-8bd5-4958-b991-f4023c5f52aa,stack,exact,pending_content_review,同词命中仅建立审核入口；不自动复制释义、拆词或巧记。
cet4-w-a85c4d942c6244566574,stadium,headword,true,,,none,new_content_required,无六级同词；后续查找有证据的词族关系。
cet4-w-e58f168daeb13e85b748,staff,headword,true,,,none,new_content_required,无六级同词；后续查找有证据的词族关系。
cet4-w-216e4d7c8b01d34316f7,stage,headword,true,,,none,new_content_required,无六级同词；后续查找有证据的词族关系。
cet4-w-59bad27bcfefdb8444ac,stain,headword,true,,,none,new_content_required,无六级同词；后续查找有证据的词族关系。
cet4-w-e900b56eb476b4cd7d0b,stainless,listed_related,false,,,none,new_content_required,无六级同词；后续查找有证据的词族关系。
cet4-w-4c8874ed8ccf90cc7e9f,stair,headword,true,20ea4009-edbe-4e9e-9de2-0705db491c7a,stair,exact,pending_content_review,同词命中仅建立审核入口；不自动复制释义、拆词或巧记。
cet4-w-146a943be65c5dd68de8,staircase,headword,true,3138f4af-b5ef-4a04-86c4-8bd18d3d6d24,staircase,exact,pending_content_review,同词命中仅建立审核入口；不自动复制释义、拆词或巧记。
cet4-w-381c6fd5737e572368e4,stake,headword,true,,,none,new_content_required,无六级同词；后续查找有证据的词族关系。
cet4-w-4df91ea868f9a4faa53e,stale,headword,true,,,none,new_content_required,无六级同词；后续查找有证据的词族关系。
cet4-w-9c8150feffbd277f729c,stamp,headword,false,,,none,new_content_required,无六级同词；后续查找有证据的词族关系。
cet4-w-804d6fc3c5fea9e358ac,stand,headword,false,aed0de1c-e269-477e-af2b-88ee01a3ab68,stand,exact,pending_content_review,同词命中仅建立审核入口；不自动复制释义、拆词或巧记。
cet4-w-9d416f7ee6e7604a16f5,standard,headword,true,,,none,new_content_required,无六级同词；后续查找有证据的词族关系。
cet4-w-1b5bc8137aaf8024ea8c,standardization,listed_related,false,,,none,new_content_required,无六级同词；后续查找有证据的词族关系。
cet4-w-866d9adeb9af9bb777d5,standardize,listed_related,false,,,none,new_content_required,无六级同词；后续查找有证据的词族关系。
cet4-w-7c8efaaa9e107dd38912,standpoint,headword,true,0101f5bc-cca2-41a2-9cf0-0d1fc878c8a9,standpoint,exact,pending_content_review,同词命中仅建立审核入口；不自动复制释义、拆词或巧记。
cet4-w-c687cd696045ea943aab,staple,headword,false,f79ba080-7a24-4fd6-be0d-cbf77d76baca,staple,exact,pending_content_review,同词命中仅建立审核入口；不自动复制释义、拆词或巧记。
cet4-w-32dca47a1f1f3d8e5752,star,headword,false,7b1110b0-f503-4aac-878f-b9c1b6aaeaa8,star,exact,pending_content_review,同词命中仅建立审核入口；不自动复制释义、拆词或巧记。
cet4-w-0fc3c24d79b69d3108b5,stare,headword,true,e1a483b4-1483-4301-99a7-47fdf029f55c,stare,exact,pending_content_review,同词命中仅建立审核入口；不自动复制释义、拆词或巧记。
cet4-w-2a3c70d6c83db7f93a20,starry,listed_related,false,,,none,new_content_required,无六级同词；后续查找有证据的词族关系。
cet4-w-6899cbfb3b8589a18366,start,headword,false,f1ed81a7-e78a-4be9-910d-bbac665e073c,start,exact,pending_content_review,同词命中仅建立审核入口；不自动复制释义、拆词或巧记。
cet4-w-11bdbe62b3dbc9b5fe0a,starter,listed_related,false,,,none,new_content_required,无六级同词；后续查找有证据的词族关系。
cet4-w-7bf8ee1ea897afccc776,startle,headword,true,780a007a-6503-4cf2-a9cf-b85165d615ec,startle,exact,pending_content_review,同词命中仅建立审核入口；不自动复制释义、拆词或巧记。
cet4-w-3f369f4f86d7be4fdf91,starvation,listed_related,true,,,none,new_content_required,无六级同词；后续查找有证据的词族关系。
cet4-w-2620a78346162aae89c6,starve,headword,true,,,none,new_content_required,无六级同词；后续查找有证据的词族关系。
cet4-w-e39109dde732058c0ad1,state,headword,true,1f7e8b24-fb49-48d4-af6b-03dc33d5b653,state,exact,pending_content_review,同词命中仅建立审核入口；不自动复制释义、拆词或巧记。
cet4-w-eefa69b94f48b018a249,statement,listed_related,true,b812147a-48b9-44cd-ac30-6cdd47195cda,statement,exact,pending_content_review,同词命中仅建立审核入口；不自动复制释义、拆词或巧记。
cet4-w-f1244d070c349f5e43a5,statesman,headword,true,2ce493cd-63ce-4053-9285-bd2e8ba84e78,statesman,exact,pending_content_review,同词命中仅建立审核入口；不自动复制释义、拆词或巧记。
cet4-w-e42a540e5d51b2cca742,station,headword,false,6b1ae753-9fc5-44fb-80f3-3b6b5f47944f,station,exact,pending_content_review,同词命中仅建立审核入口；不自动复制释义、拆词或巧记。
cet4-w-7683494218004c8d339f,stationary,listed_related,false,8021c601-ea1f-492d-90ac-27db3a151bc9,stationary,exact,pending_content_review,同词命中仅建立审核入口；不自动复制释义、拆词或巧记。
cet4-w-5c57f9fa9e95c159e97f,statistic,headword,false,,,none,new_content_required,无六级同词；后续查找有证据的词族关系。
cet4-w-f449b409acde54739f20,statistical,listed_related,true,,,none,new_content_required,无六级同词；后续查找有证据的词族关系。
cet4-w-7632775e7253536ba60f,statue,headword,true,5eb1af17-2972-4d5e-a274-a1bf0d4300e3,statue,exact,pending_content_review,同词命中仅建立审核入口；不自动复制释义、拆词或巧记。
cet4-w-b1748f2c232929f30a8a,status,headword,true,39fe8d92-d1ee-4d16-b7d6-d039fc9166dd,status,exact,pending_content_review,同词命中仅建立审核入口；不自动复制释义、拆词或巧记。
cet4-w-4bcb6428a1da685af648,stay,headword,false,7b8aba5e-cfcb-4bb8-9b7f-7ee31aa0efc4,stay,exact,pending_content_review,同词命中仅建立审核入口；不自动复制释义、拆词或巧记。
cet4-w-e52c7abc69385627f512,steadily,listed_related,true,,,none,new_content_required,无六级同词；后续查找有证据的词族关系。
cet4-w-e2d06f6e1dcf4af2b654,steady,headword,true,,,none,new_content_required,无六级同词；后续查找有证据的词族关系。
cet4-w-16b0ddc3a563eec24b79,steak,headword,false,bbd9c222-7a55-40fb-aed1-d8dc12dc2357,steak,exact,pending_content_review,同词命中仅建立审核入口；不自动复制释义、拆词或巧记。
cet4-w-915f23b8631ec0ef99ad,steal,headword,true,,,none,new_content_required,无六级同词；后续查找有证据的词族关系。
cet4-w-56f495a4742c944e7e57,steam,headword,true,b3a39a72-ace2-4e9c-99d7-7ace99bdb270,steam,exact,pending_content_review,同词命中仅建立审核入口；不自动复制释义、拆词或巧记。
cet4-w-700c970517e9b6f7d148,steamer,listed_related,true,,,none,new_content_required,无六级同词；后续查找有证据的词族关系。
cet4-w-8224789f1a4d19d30972,steamy,listed_related,false,,,none,new_content_required,无六级同词；后续查找有证据的词族关系。
cet4-w-701a24802f309a10cd81,steel,headword,true,,,none,new_content_required,无六级同词；后续查找有证据的词族关系。
cet4-w-928cc2b468a51418ed19,steep,headword,true,,,none,new_content_required,无六级同词；后续查找有证据的词族关系。
cet4-w-b5ca6cd31a2a07ee20be,steer,headword,true,10a91b5c-4130-43cd-a0d2-bc62a184256f,steer,exact,pending_content_review,同词命中仅建立审核入口；不自动复制释义、拆词或巧记。
cet4-w-ba7ee7f8d1feb7423c92,stem,headword,true,,,none,new_content_required,无六级同词；后续查找有证据的词族关系。
cet4-w-db7afdb509922f82dda8,step,headword,true,,,none,new_content_required,无六级同词；后续查找有证据的词族关系。
cet4-w-880e8dd4ecc7fa4e993d,stick,headword,true,458a5d5e-9da9-4218-9ceb-d094b7397561,stick,exact,pending_content_review,同词命中仅建立审核入口；不自动复制释义、拆词或巧记。
cet4-w-93114bc5d07b4942e9d8,sticky,listed_related,true,8d68aa38-bb43-4235-ace7-aeaef6824e2d,sticky,exact,pending_content_review,同词命中仅建立审核入口；不自动复制释义、拆词或巧记。
cet4-w-8e298648be23ee6f406c,stiff,headword,true,623bd53c-a1d9-4072-acc1-54209f60af2b,stiff,exact,pending_content_review,同词命中仅建立审核入口；不自动复制释义、拆词或巧记。
cet4-w-1ca742c6581321e66415,stiffen,listed_related,true,de4cb76a-1cda-4ed9-8cb4-3d8a82566972,stiffen,exact,pending_content_review,同词命中仅建立审核入口；不自动复制释义、拆词或巧记。
cet4-w-7d95cdb23e01c36a23bc,still,headword,false,3114a8ca-a154-403e-9ec7-320348992d8b,still,exact,pending_content_review,同词命中仅建立审核入口；不自动复制释义、拆词或巧记。
cet4-w-882f568fcd3765bef313,stimulant,listed_related,false,,,none,new_content_required,无六级同词；后续查找有证据的词族关系。
cet4-w-019190bbb895b743c5f5,stimulate,headword,true,3a9217ac-4c99-44c5-b5b3-8dd5d6024457,stimulate,exact,pending_content_review,同词命中仅建立审核入口；不自动复制释义、拆词或巧记。
cet4-w-cd568f2e5de41bba1ae9,stimulation,listed_related,false,1eeec491-e56c-4ebd-9be8-199caf18b172,stimulation,exact,pending_content_review,同词命中仅建立审核入口；不自动复制释义、拆词或巧记。
cet4-w-e0dadc249017e4bbeffa,stimulus,listed_related,false,4e4d329e-608f-49f6-b023-726a08b4c8a4,stimulus,exact,pending_content_review,同词命中仅建立审核入口；不自动复制释义、拆词或巧记。
cet4-w-790ad7ae077c9d032874,sting,headword,true,438ea656-c06a-47b8-876c-5e7cab29be0e,sting,exact,pending_content_review,同词命中仅建立审核入口；不自动复制释义、拆词或巧记。
cet4-w-7ee0a9cf87147e3cffe4,stir,headword,true,3d033bdd-e424-4711-85c6-67346fefb12b,stir,exact,pending_content_review,同词命中仅建立审核入口；不自动复制释义、拆词或巧记。
cet4-w-e2f27bad623e3e7082ba,stock,headword,true,6c417c82-161d-4eb3-af54-0dd012a4669d,stock,exact,pending_content_review,同词命中仅建立审核入口；不自动复制释义、拆词或巧记。
cet4-w-d99924a7fc8f817edf74,stocking,headword,true,5f3c769c-aa3b-454b-9ebc-5db0002dc28a,stocking,exact,pending_content_review,同词命中仅建立审核入口；不自动复制释义、拆词或巧记。
cet4-w-9db29e753909fd535fc5,stomach,headword,true,7eb15316-d93e-4277-9bfe-fd1a22f1cb7d,stomach,exact,pending_content_review,同词命中仅建立审核入口；不自动复制释义、拆词或巧记。
cet4-w-85718ee2616486ee7e8d,stone,headword,true,d0a98dfb-3449-4506-b18b-419af09df8eb,stone,exact,pending_content_review,同词命中仅建立审核入口；不自动复制释义、拆词或巧记。
cet4-w-13d243bc6968d285f812,stony,listed_related,true,,,none,new_content_required,无六级同词；后续查找有证据的词族关系。
cet4-w-3598f6f7b382842c383b,stool,headword,true,,,none,new_content_required,无六级同词；后续查找有证据的词族关系。
cet4-w-166ea745e98873020e63,stop,headword,false,16520410-c9b1-4861-bb9f-ef49317990bf,stop,exact,pending_content_review,同词命中仅建立审核入口；不自动复制释义、拆词或巧记。
cet4-w-f1b92b0bf000aaba9e86,stoppage,listed_related,false,,,none,new_content_required,无六级同词；后续查找有证据的词族关系。
cet4-w-19e4dfb0ba1af383bf1e,storage,listed_related,true,,,none,new_content_required,无六级同词；后续查找有证据的词族关系。
cet4-w-cd34316ae44cbc0e0d3e,store,headword,false,626e4c31-ba47-46ce-96cf-43c25939226a,store,exact,pending_content_review,同词命中仅建立审核入口；不自动复制释义、拆词或巧记。
cet4-w-267a640334051897b0e5,storm,headword,true,,,none,new_content_required,无六级同词；后续查找有证据的词族关系。
cet4-w-68c87a73d509f3b4fa46,stormy,listed_related,true,,,none,new_content_required,无六级同词；后续查找有证据的词族关系。
cet4-w-7a9e0221e1ae687d2519,story,headword,true,,,none,new_content_required,无六级同词；后续查找有证据的词族关系。
cet4-w-3c3a3a74c6254e3d99aa,stove,headword,true,,,none,new_content_required,无六级同词；后续查找有证据的词族关系。
cet4-w-a07af3f81da66809a85e,straight,headword,false,2d630cbf-8ae4-4313-a304-071bbd3e36eb,straight,exact,pending_content_review,同词命中仅建立审核入口；不自动复制释义、拆词或巧记。
cet4-w-2e28b3f438bdb1d9b2a5,straighten,listed_related,false,,,none,new_content_required,无六级同词；后续查找有证据的词族关系。
cet4-w-dbbf5f2853654530df4d,straightforward,headword,false,b3406b21-e3d2-4309-b3f4-b110f5eb2326,straightforward,exact,pending_content_review,同词命中仅建立审核入口；不自动复制释义、拆词或巧记。
cet4-w-39c2189647ce6f3536a9,strain,headword,true,9577077f-dc53-4b1d-b1d2-f0bae1286ae8,strain,exact,pending_content_review,同词命中仅建立审核入口；不自动复制释义、拆词或巧记。
cet4-w-67d55568c3a32d9bc4cb,strange,headword,false,7619917b-3f3c-47fa-9950-0d6de79db7cb,strange,exact,pending_content_review,同词命中仅建立审核入口；不自动复制释义、拆词或巧记。
cet4-w-7f00452678ca71c44ec1,stranger,listed_related,true,,,none,new_content_required,无六级同词；后续查找有证据的词族关系。
cet4-w-0efc179cd3ca5981ed8a,strap,headword,true,,,none,new_content_required,无六级同词；后续查找有证据的词族关系。
cet4-w-8e46e5b92a89a720b060,strategic,listed_related,true,cfcafc2b-3769-4e29-bac5-ffece4814164,strategic,exact,pending_content_review,同词命中仅建立审核入口；不自动复制释义、拆词或巧记。
cet4-w-b9a76f24e3f0fea802f9,strategy,headword,true,812eb64d-1b4d-4f3e-9ca1-33b04690b085,strategy,exact,pending_content_review,同词命中仅建立审核入口；不自动复制释义、拆词或巧记。
cet4-w-6afd8d958a3c7f26341d,straw,headword,true,,,none,new_content_required,无六级同词；后续查找有证据的词族关系。
cet4-w-70b96ac2e8af090a7189,stream,headword,true,103d3fca-04b6-448b-a5c6-ccd4da1235bf,stream,exact,pending_content_review,同词命中仅建立审核入口；不自动复制释义、拆词或巧记。
cet4-w-da6c78f8b1e4aeb824de,street,headword,false,ed08ef47-15cb-4473-9133-1a725825aea2,street,exact,pending_content_review,同词命中仅建立审核入口；不自动复制释义、拆词或巧记。
cet4-w-462af4c808870f4a2020,strength,listed_related,true,a8af2796-01af-4e10-8553-b2a438f33730,strength,exact,pending_content_review,同词命中仅建立审核入口；不自动复制释义、拆词或巧记。
cet4-w-02d317385d89fef11bef,strengthen,listed_related,true,3fef47a5-4c66-47b1-a562-e118d256519f,strengthen,exact,pending_content_review,同词命中仅建立审核入口；不自动复制释义、拆词或巧记。
cet4-w-4ad4ab9ebe9e8a1a09cf,stress,headword,true,ad42ddc4-9aa2-48c1-b828-6fe265a01b6b,stress,exact,pending_content_review,同词命中仅建立审核入口；不自动复制释义、拆词或巧记。
cet4-w-73ac0fef69b29f79c8bc,stressful,listed_related,false,c54154a4-6742-4a0a-ba26-424fe7d25bd7,stressful,exact,pending_content_review,同词命中仅建立审核入口；不自动复制释义、拆词或巧记。
cet4-w-0f373de4c230365a332d,stretch,headword,true,,,none,new_content_required,无六级同词；后续查找有证据的词族关系。
cet4-w-d7653e8710e270c016b4,strict,headword,true,e8b9bad7-2112-491a-b37e-a812d69edae3,strict,exact,pending_content_review,同词命中仅建立审核入口；不自动复制释义、拆词或巧记。
cet4-w-90b5ad06a85846b1d4b9,stride,headword,false,231909cd-95c2-4e06-9f8a-73df24602fd9,stride,exact,pending_content_review,同词命中仅建立审核入口；不自动复制释义、拆词或巧记。
cet4-w-d0534b77f408274aec75,strike,headword,true,,,none,new_content_required,无六级同词；后续查找有证据的词族关系。
cet4-w-f06f260cece268d9f507,striking,listed_related,false,,,none,new_content_required,无六级同词；后续查找有证据的词族关系。
cet4-w-d6703d2befd1bba4483b,string,headword,true,c78c0e0b-7846-43ce-bdb8-b42132f74145,string,exact,pending_content_review,同词命中仅建立审核入口；不自动复制释义、拆词或巧记。
cet4-w-3f964322814de2891be6,strip,headword,true,,,none,new_content_required,无六级同词；后续查找有证据的词族关系。
cet4-w-6369d21c634f26ad09f2,stripe,headword,true,,,none,new_content_required,无六级同词；后续查找有证据的词族关系。
cet4-w-6ab426a72312d7b723ed,strive,headword,false,fc2cf11a-88ed-493e-bc31-df4dae61be66,strive,exact,pending_content_review,同词命中仅建立审核入口；不自动复制释义、拆词或巧记。
cet4-w-5e60f10f9b58f950c43f,stroke,headword,true,97355217-39be-4a82-b361-54bc26d9152d,stroke,exact,pending_content_review,同词命中仅建立审核入口；不自动复制释义、拆词或巧记。
cet4-w-fc9af338956823d89c30,strong,headword,false,,,none,new_content_required,无六级同词；后续查找有证据的词族关系。
cet4-w-4da1d16ede60d3a18f37,structural,listed_related,true,,,none,new_content_required,无六级同词；后续查找有证据的词族关系。
cet4-w-f1372dd4d25a772af397,structure,headword,true,881872a1-ee3b-4213-a598-a108aacf741f,structure,exact,pending_content_review,同词命中仅建立审核入口；不自动复制释义、拆词或巧记。
cet4-w-ce5669c1454104f50578,struggle,headword,true,cb5958e1-c05c-4009-b9e1-afc62e55bbdf,struggle,exact,pending_content_review,同词命中仅建立审核入口；不自动复制释义、拆词或巧记。
cet4-w-f2781deb4e3c9ff8f7ca,student,headword,false,,,none,new_content_required,无六级同词；后续查找有证据的词族关系。
cet4-w-013949a48cae9a9d7c75,studio,headword,false,,,none,new_content_required,无六级同词；后续查找有证据的词族关系。
cet4-w-2766db5f81b0e5a65e24,study,headword,false,,,none,new_content_required,无六级同词；后续查找有证据的词族关系。
cet4-w-99ebfb6a940e5789b8d6,stuff,headword,true,,,none,new_content_required,无六级同词；后续查找有证据的词族关系。
cet4-w-502cf4381edf771eb373,stuffing,listed_related,false,,,none,new_content_required,无六级同词；后续查找有证据的词族关系。
cet4-w-6ba8bb228cb0b600c49b,stuffy,listed_related,false,,,none,new_content_required,无六级同词；后续查找有证据的词族关系。
cet4-w-3c896ea03387e01dbde0,stupid,headword,true,,,none,new_content_required,无六级同词；后续查找有证据的词族关系。
cet4-w-cba2cab9e3e97af276a7,stupidity,listed_related,false,,,none,new_content_required,无六级同词；后续查找有证据的词族关系。
cet4-w-04360b00a901d778f400,style,headword,true,,,none,new_content_required,无六级同词；后续查找有证据的词族关系。
cet4-w-20c9c140a92ef305e66c,stylish,listed_related,false,,,none,new_content_required,无六级同词；后续查找有证据的词族关系。
cet4-w-3bc5b94e70c5c5908478,subject,headword,false,27734262-ee45-45b1-95bf-780694aaf186,subject,exact,pending_content_review,同词命中仅建立审核入口；不自动复制释义、拆词或巧记。
cet4-w-0e79caffc1c5708aa17f,subjective,headword,false,2c71f5e4-4cf9-4874-bde6-62649883c7e3,subjective,exact,pending_content_review,同词命中仅建立审核入口；不自动复制释义、拆词或巧记。
cet4-w-83c268559165b22ed1b9,submission,listed_related,false,42110a45-3489-426a-9e01-f0a999a0bbf7,submission,exact,pending_content_review,同词命中仅建立审核入口；不自动复制释义、拆词或巧记。
cet4-w-f7f901187c7706d99434,submissive,listed_related,false,ecf17521-aa49-4f5c-adcb-b4a24514f4d3,submissive,exact,pending_content_review,同词命中仅建立审核入口；不自动复制释义、拆词或巧记。
cet4-w-d585bfec1893de94a441,submit,headword,true,34799d1d-9dee-433b-bf12-781f87fde136,submit,exact,pending_content_review,同词命中仅建立审核入口；不自动复制释义、拆词或巧记。
cet4-w-d97a58020cfd918c7518,subsequent,headword,true,f82705b1-39f2-4ef2-9ae5-eaf106457a1a,subsequent,exact,pending_content_review,同词命中仅建立审核入口；不自动复制释义、拆词或巧记。
cet4-w-0c9efe34647089079b28,substance,headword,true,2af590df-efc7-4b50-9ada-d74f76bed2fe,substance,exact,pending_content_review,同词命中仅建立审核入口；不自动复制释义、拆词或巧记。
cet4-w-27e71db9fb7b57b1e084,substantial,listed_related,true,c5165d8b-2112-4fec-88b2-65677f2854ae,substantial,exact,pending_content_review,同词命中仅建立审核入口；不自动复制释义、拆词或巧记。
cet4-w-389b64838b481a58c87c,substitute,headword,true,dc5b240a-fbf9-423d-9bda-3ed41cf0f14c,substitute,exact,pending_content_review,同词命中仅建立审核入口；不自动复制释义、拆词或巧记。
cet4-w-7c0cb620d26bc1db20d5,substitution,listed_related,false,60ac2e26-a127-4193-8501-e8aa24d4cb20,substitution,exact,pending_content_review,同词命中仅建立审核入口；不自动复制释义、拆词或巧记。
cet4-w-ba43e4a463aefadf0b8d,subtract,headword,true,58fccbcb-c756-4462-84cc-f03b32c58605,subtract,exact,pending_content_review,同词命中仅建立审核入口；不自动复制释义、拆词或巧记。
cet4-w-9e2e615bdf01d9efdc2e,subtraction,listed_related,false,9efc9767-a208-4a38-89e0-fc4c4c940623,subtraction,exact,pending_content_review,同词命中仅建立审核入口；不自动复制释义、拆词或巧记。
cet4-w-ece0129a9b17e71f79cb,suburb,headword,true,7b7ba122-4ae8-4c8b-a888-187e1b6c34a4,suburb,exact,pending_content_review,同词命中仅建立审核入口；不自动复制释义、拆词或巧记。
cet4-w-d0ec87d01b62e0a6440d,suburban,listed_related,false,2ced727c-c849-477e-be6e-e6e922ec71fd,suburban,exact,pending_content_review,同词命中仅建立审核入口；不自动复制释义、拆词或巧记。
cet4-w-044bba3c3a73aa315f1f,subway,headword,true,,,none,new_content_required,无六级同词；后续查找有证据的词族关系。
cet4-w-9989e9bee6bfe54b8662,succeed,headword,true,b325a8e3-ebf8-4d52-a0b7-0010d669316e,succeed,exact,pending_content_review,同词命中仅建立审核入口；不自动复制释义、拆词或巧记。
cet4-w-1c0c9b38e8c66e6ad49a,success,headword,true,53692ea2-b632-434c-95b6-f350e0cc8cb3,success,exact,pending_content_review,同词命中仅建立审核入口；不自动复制释义、拆词或巧记。
cet4-w-79f3be233a88ce6fcd4e,successful,listed_related,true,fbd49993-5f2b-4b69-95df-1856f9f20f30,successful,exact,pending_content_review,同词命中仅建立审核入口；不自动复制释义、拆词或巧记。
cet4-w-d6edb0e9f46dc6ec95bd,succession,listed_related,true,47ca46e0-0b9f-4c11-92c4-97c76ad6dc29,succession,exact,pending_content_review,同词命中仅建立审核入口；不自动复制释义、拆词或巧记。
cet4-w-daaa334bcaa7d3a9af9e,successive,listed_related,true,d750094f-ddc0-4525-a55e-187503c9c152,successive,exact,pending_content_review,同词命中仅建立审核入口；不自动复制释义、拆词或巧记。
cet4-w-013154b636763a94b6f1,successor,listed_related,false,5cd9195c-e314-4fde-b5c6-67d8c9edcba2,successor,exact,pending_content_review,同词命中仅建立审核入口；不自动复制释义、拆词或巧记。
cet4-w-b6a23fd397f0a261e202,such,headword,false,,,none,new_content_required,无六级同词；后续查找有证据的词族关系。
cet4-w-2f7656d92eefae8fe4a2,suck,headword,true,,,none,new_content_required,无六级同词；后续查找有证据的词族关系。
cet4-w-cac79b84445cddb53b7a,sudden,headword,true,,,none,new_content_required,无六级同词；后续查找有证据的词族关系。
cet4-w-f60137c8e70ebd4eaad5,suddenly,listed_related,true,,,none,new_content_required,无六级同词；后续查找有证据的词族关系。
cet4-w-51fa19572e07dbcd7a9e,suffer,headword,true,ec44e36c-e12b-4fa3-bd7a-d7bc3ea4e718,suffer,exact,pending_content_review,同词命中仅建立审核入口；不自动复制释义、拆词或巧记。
cet4-w-97f7bb333809b418be8f,suffering,listed_related,false,cfdc40ca-3606-4d8d-ad21-9c4f2475ccd0,suffering,exact,pending_content_review,同词命中仅建立审核入口；不自动复制释义、拆词或巧记。
cet4-w-6f228dd5ab3fbaf8b0ee,sufficient,headword,true,7e9080c4-dc6e-4fe8-a3b0-92ac8c36f141,sufficient,exact,pending_content_review,同词命中仅建立审核入口；不自动复制释义、拆词或巧记。
cet4-w-77274e3eb9e587370441,sugar,headword,false,,,none,new_content_required,无六级同词；后续查找有证据的词族关系。
cet4-w-ff1a3cc5eee467427bbc,suggest,headword,false,6b10380c-be20-40b5-bd98-d716a73c43fa,suggest,exact,pending_content_review,同词命中仅建立审核入口；不自动复制释义、拆词或巧记。
cet4-w-9b26cfaa70c54e691ebc,suggestion,listed_related,false,ea1fd0e1-7d27-47aa-8456-482cf5441216,suggestion,exact,pending_content_review,同词命中仅建立审核入口；不自动复制释义、拆词或巧记。
cet4-w-b6b7aa11661b7163089d,suggestive,listed_related,false,,,none,new_content_required,无六级同词；后续查找有证据的词族关系。
cet4-w-01a067e222ec7def98c7,suit,headword,true,5cebe128-0496-4c62-acc3-566853e8fe93,suit,exact,pending_content_review,同词命中仅建立审核入口；不自动复制释义、拆词或巧记。
cet4-w-b2c8461426f00c6dd4a0,suitable,listed_related,true,2d6d6121-5e04-4f3e-86cc-447be8d322f0,suitable,exact,pending_content_review,同词命中仅建立审核入口；不自动复制释义、拆词或巧记。
cet4-w-2cdb1fc4b79e0116781f,suitcase,headword,false,3e7b8d82-96ac-4f8d-8c60-db3ccf9797fa,suitcase,exact,pending_content_review,同词命中仅建立审核入口；不自动复制释义、拆词或巧记。
cet4-w-34b54b41c4b987834030,sum,headword,true,e1395a89-36c1-44a4-90cd-61e4fa477c23,sum,exact,pending_content_review,同词命中仅建立审核入口；不自动复制释义、拆词或巧记。
cet4-w-532339f4d8aea058a389,summarize,listed_related,true,,,none,new_content_required,无六级同词；后续查找有证据的词族关系。
cet4-w-04cc06094c61f4bead81,summary,headword,true,58805ca5-39cf-4370-b962-8c405c72dbfd,summary,exact,pending_content_review,同词命中仅建立审核入口；不自动复制释义、拆词或巧记。
cet4-w-02dd59ebc9fede70410f,summer,headword,false,2e5c66d6-bf74-4bad-998b-5b63fa61419c,summer,exact,pending_content_review,同词命中仅建立审核入口；不自动复制释义、拆词或巧记。
cet4-w-1e00f1ffa1a34b31e3a4,summit,headword,true,c2688f36-5a17-4a57-977d-057675db24ab,summit,exact,pending_content_review,同词命中仅建立审核入口；不自动复制释义、拆词或巧记。
cet4-w-13912d4ae377c43b7271,sun,headword,false,bb6afa33-646f-4e43-8ba6-f75b0caa6037,sun,exact,pending_content_review,同词命中仅建立审核入口；不自动复制释义、拆词或巧记。
cet4-w-4f1d516080422f5f222a,Sunday,headword,false,,,none,new_content_required,无六级同词；后续查找有证据的词族关系。
cet4-w-9441aeb406c87de27328,sunlight,headword,true,,,none,new_content_required,无六级同词；后续查找有证据的词族关系。
cet4-w-a3e28eef507bfd0601a0,sunny,listed_related,false,,,none,new_content_required,无六级同词；后续查找有证据的词族关系。
cet4-w-8ade9d30544a730a0560,sunrise,headword,true,,,none,new_content_required,无六级同词；后续查找有证据的词族关系。
cet4-w-cc465c696ef03cf872db,sunset,headword,true,,,none,new_content_required,无六级同词；后续查找有证据的词族关系。
cet4-w-7dfd3edf16582205c64c,sunshine,headword,true,,,none,new_content_required,无六级同词；后续查找有证据的词族关系。
cet4-w-d5bc7d9c1aa03708e261,super,headword,true,37754806-1bf0-47a1-8497-217d8db330a0,super,exact,pending_content_review,同词命中仅建立审核入口；不自动复制释义、拆词或巧记。
cet4-w-ad8217f45b9bda49dd30,superb,headword,false,,,none,new_content_required,无六级同词；后续查找有证据的词族关系。
cet4-w-146e687e6ba051d2cde3,superficial,headword,true,170f1dfe-ce00-434d-8390-5e396c4924d8,superficial,exact,pending_content_review,同词命中仅建立审核入口；不自动复制释义、拆词或巧记。
cet4-w-a4a896ed908618a32edd,superior,headword,true,00e9c4e6-24ac-44b5-91af-3a852913fb50,superior,exact,pending_content_review,同词命中仅建立审核入口；不自动复制释义、拆词或巧记。
cet4-w-bdcb171f8bb883cbac03,superiority,listed_related,false,ebca9545-53d3-44d6-a093-166b52519f5a,superiority,exact,pending_content_review,同词命中仅建立审核入口；不自动复制释义、拆词或巧记。
cet4-w-a3bfbec1773aa51e6dbe,supermarket,headword,false,,,none,new_content_required,无六级同词；后续查找有证据的词族关系。
cet4-w-6bcb27ab20d91e9d6966,supervise,headword,false,1786f89b-b832-47e5-bf1f-d856ea640210,supervise,exact,pending_content_review,同词命中仅建立审核入口；不自动复制释义、拆词或巧记。
cet4-w-abc6ad7ed3196ff84706,supervision,listed_related,false,,,none,new_content_required,无六级同词；后续查找有证据的词族关系。
cet4-w-ada120d5d05462acd779,supervisor,listed_related,false,,,none,new_content_required,无六级同词；后续查找有证据的词族关系。
cet4-w-8849cb7cc117e586851a,supper,headword,false,,,none,new_content_required,无六级同词；后续查找有证据的词族关系。
cet4-w-d6370dde1fbea347fb00,supplement,headword,true,63323027-2497-4eb2-b798-4630cc6c88ab,supplement,exact,pending_content_review,同词命中仅建立审核入口；不自动复制释义、拆词或巧记。
cet4-w-6b0d1c28f4f6c7053d28,supplementary,listed_related,false,92d470d3-a8c7-47e1-9fb7-423b83f74518,supplementary,exact,pending_content_review,同词命中仅建立审核入口；不自动复制释义、拆词或巧记。
cet4-w-7ff28a709677b86c65b4,supplier,listed_related,false,b1012274-e306-4ae5-86f3-bcd021795fb0,supplier,exact,pending_content_review,同词命中仅建立审核入口；不自动复制释义、拆词或巧记。
cet4-w-370190b561098d12cc1c,supply,headword,true,3c717be0-dbf3-411b-886e-c7f6b7b8d876,supply,exact,pending_content_review,同词命中仅建立审核入口；不自动复制释义、拆词或巧记。
cet4-w-385010cccc39746e3da1,support,headword,true,2c0d7f3b-3e8d-458c-828e-0c9ccf04e53e,support,exact,pending_content_review,同词命中仅建立审核入口；不自动复制释义、拆词或巧记。
cet4-w-9b4eac808326e903aea1,supporter,listed_related,false,8635f965-539d-4a4e-9113-1a4e372dbeb1,supporter,exact,pending_content_review,同词命中仅建立审核入口；不自动复制释义、拆词或巧记。
cet4-w-0682177acb7f6a9e9fab,supportive,listed_related,false,4a14ccbc-0333-46bc-998f-5c3473199b1f,supportive,exact,pending_content_review,同词命中仅建立审核入口；不自动复制释义、拆词或巧记。
cet4-w-34561055ab36d9d6f66b,suppose,headword,true,,,none,new_content_required,无六级同词；后续查找有证据的词族关系。
cet4-w-8e95ed1b0abd8524741e,supposedly,listed_related,false,,,none,new_content_required,无六级同词；后续查找有证据的词族关系。
cet4-w-150a2cc0a6b16e1c0cb3,supposition,listed_related,false,,,none,new_content_required,无六级同词；后续查找有证据的词族关系。
cet4-w-461c4bf837a371a83bc8,supremacy,listed_related,false,f3645fd5-df22-42fd-9b83-6a673c5f53a8,supremacy,exact,pending_content_review,同词命中仅建立审核入口；不自动复制释义、拆词或巧记。
cet4-w-8160c489b583fa3dd309,supreme,headword,true,889aa573-6270-49a1-a21a-4f1faad5f1cc,supreme,exact,pending_content_review,同词命中仅建立审核入口；不自动复制释义、拆词或巧记。
cet4-w-284af753c0b63336427a,sure,headword,false,fd62f3ed-a3a9-4c67-80ed-5437fd88f075,sure,exact,pending_content_review,同词命中仅建立审核入口；不自动复制释义、拆词或巧记。
cet4-w-51bb2cde40db8e6c5ee4,surf,headword,false,11df319c-04d5-4714-9d0e-f102ae953a9f,surf,exact,pending_content_review,同词命中仅建立审核入口；不自动复制释义、拆词或巧记。
cet4-w-fc90f84cb3181f03a006,surface,headword,false,,,none,new_content_required,无六级同词；后续查找有证据的词族关系。
cet4-w-c84b9e78282a281845c7,surfing,listed_related,false,,,none,new_content_required,无六级同词；后续查找有证据的词族关系。
cet4-w-c70cbb4a177d441fdcd1,surge,headword,false,bcd94641-d085-4ddf-adcc-7b53aeb96cab,surge,exact,pending_content_review,同词命中仅建立审核入口；不自动复制释义、拆词或巧记。
cet4-w-6bb8f168b1210e9338f7,surgeon,listed_related,true,ea598563-c934-415f-aab6-38bfe4ac1c69,surgeon,exact,pending_content_review,同词命中仅建立审核入口；不自动复制释义、拆词或巧记。
cet4-w-c26cf487bd01b2cb767c,surgery,headword,true,1985001f-9d07-40d8-b05c-8f5c516c8cef,surgery,exact,pending_content_review,同词命中仅建立审核入口；不自动复制释义、拆词或巧记。
cet4-w-41eb253f771b4a40d0bb,surgical,listed_related,false,4f2a4e47-032b-4907-a52f-c448508c5902,surgical,exact,pending_content_review,同词命中仅建立审核入口；不自动复制释义、拆词或巧记。
cet4-w-acabe367ab82a5bb5f43,surname,headword,true,,,none,new_content_required,无六级同词；后续查找有证据的词族关系。
cet4-w-5997ac0b17114be06fa5,surplus,headword,true,5213e1cf-2885-4fc4-aa0c-fbb24bedce7a,surplus,exact,pending_content_review,同词命中仅建立审核入口；不自动复制释义、拆词或巧记。
cet4-w-f076c8d54d633b8bcd67,surprise,headword,false,,,none,new_content_required,无六级同词；后续查找有证据的词族关系。
cet4-w-8d83c84d5021167e1657,surrender,headword,true,,,none,new_content_required,无六级同词；后续查找有证据的词族关系。
cet4-w-30f6f42861f895165f40,surround,headword,true,8ac583e5-333c-46b6-be4d-d67a967385b5,surround,exact,pending_content_review,同词命中仅建立审核入口；不自动复制释义、拆词或巧记。
cet4-w-edd825fca418a0377fdf,surroundings,listed_related,true,8ab9c302-698f-4983-982b-9cba3b580e39,surroundings,exact,pending_content_review,同词命中仅建立审核入口；不自动复制释义、拆词或巧记。
cet4-w-8868cef6b9f574e7a3f5,survey,headword,true,8e0e904d-2874-4405-b387-865dfacbc664,survey,exact,pending_content_review,同词命中仅建立审核入口；不自动复制释义、拆词或巧记。
cet4-w-abb9ce76d416cabedccb,survival,listed_related,true,3a427860-5ff5-43e2-87fc-8ece46f8ae80,survival,exact,pending_content_review,同词命中仅建立审核入口；不自动复制释义、拆词或巧记。
cet4-w-80246cfe046db00eef40,survive,headword,true,ac21fbaa-d8f6-40c4-bd1f-81e7647b4315,survive,exact,pending_content_review,同词命中仅建立审核入口；不自动复制释义、拆词或巧记。
cet4-w-3317d6df351658098ae5,survivor,listed_related,false,cca78f12-40fc-48bf-b7c6-847a85e40bbb,survivor,exact,pending_content_review,同词命中仅建立审核入口；不自动复制释义、拆词或巧记。
cet4-w-b0a93a682f807478531a,suspect,headword,true,f06dad41-7163-41bf-abf9-4ebf713acd26,suspect,exact,pending_content_review,同词命中仅建立审核入口；不自动复制释义、拆词或巧记。
cet4-w-ce3f52d1c2534ccd0f69,suspend,headword,true,f3d1153a-c310-4db0-bff5-ec2df6bec028,suspend,exact,pending_content_review,同词命中仅建立审核入口；不自动复制释义、拆词或巧记。
cet4-w-b15ee452196e7c58a88f,suspense,listed_related,false,f2324626-2c02-429d-9f27-3bd1f06070e9,suspense,exact,pending_content_review,同词命中仅建立审核入口；不自动复制释义、拆词或巧记。
cet4-w-41f4af9fc0266ad9b5d4,suspension,listed_related,false,e691e916-5bb0-4c64-93e2-4d4d581210e2,suspension,exact,pending_content_review,同词命中仅建立审核入口；不自动复制释义、拆词或巧记。
cet4-w-4ba3c39e9d369fb6a4fc,suspicion,headword,true,cdc87d83-6f36-401a-b39d-463c2dc333b5,suspicion,exact,pending_content_review,同词命中仅建立审核入口；不自动复制释义、拆词或巧记。
cet4-w-b5458a2c9cefafccfe88,suspicious,listed_related,true,e3f3ff3e-d62b-4295-a5ac-43baed3aa1a7,suspicious,exact,pending_content_review,同词命中仅建立审核入口；不自动复制释义、拆词或巧记。
cet4-w-58ab246cabc558c09046,sustain,headword,true,c72b0b24-6e3b-4a6e-9df8-fea12b8f98d8,sustain,exact,pending_content_review,同词命中仅建立审核入口；不自动复制释义、拆词或巧记。
cet4-w-b66584152d448577fbf9,sustainability,listed_related,false,43d9fc35-d7e8-4050-8f0c-70e437106aeb,sustainability,exact,pending_content_review,同词命中仅建立审核入口；不自动复制释义、拆词或巧记。
cet4-w-ba29a6c8bdd075a5e100,sustainable,listed_related,false,4e61e251-1bcd-4e60-a1d6-3dbd45b55ec1,sustainable,exact,pending_content_review,同词命中仅建立审核入口；不自动复制释义、拆词或巧记。
cet4-w-764f99792eb6a3af2f21,swallow,headword,true,,,none,new_content_required,无六级同词；后续查找有证据的词族关系。
cet4-w-4ffb99003ee69486a5a2,sway,headword,true,,,none,new_content_required,无六级同词；后续查找有证据的词族关系。
cet4-w-044f74b9bf26936f030a,swear,headword,true,,,none,new_content_required,无六级同词；后续查找有证据的词族关系。
cet4-w-1a822aa1fbca6d69fbb0,sweat,headword,true,,,none,new_content_required,无六级同词；后续查找有证据的词族关系。
cet4-w-952d1ac4c5865981518d,sweater,listed_related,true,,,none,new_content_required,无六级同词；后续查找有证据的词族关系。
cet4-w-8300fbbd6f714239b03d,sweep,headword,true,,,none,new_content_required,无六级同词；后续查找有证据的词族关系。
cet4-w-655441be57c559ea05ca,sweet,headword,false,,,none,new_content_required,无六级同词；后续查找有证据的词族关系。
cet4-w-575cb28c1253b2fcc9a9,swell,headword,true,,,none,new_content_required,无六级同词；后续查找有证据的词族关系。
cet4-w-c77017e540c5add6b9c4,swift,headword,true,,,none,new_content_required,无六级同词；后续查找有证据的词族关系。
cet4-w-2182e52ec45991256428,swim,headword,false,,,none,new_content_required,无六级同词；后续查找有证据的词族关系。
cet4-w-2b628035368282db7a1a,swimmer,listed_related,false,,,none,new_content_required,无六级同词；后续查找有证据的词族关系。
cet4-w-701b76d45f89927d858d,swimming,listed_related,false,,,none,new_content_required,无六级同词；后续查找有证据的词族关系。
cet4-w-b7ead2143bf29c14eaa8,swing,headword,true,,,none,new_content_required,无六级同词；后续查找有证据的词族关系。
cet4-w-6b922156ac249d3b3031,swipe,headword,false,,,none,new_content_required,无六级同词；后续查找有证据的词族关系。
cet4-w-f406cfcb96ecdd64be6b,switch,headword,true,,,none,new_content_required,无六级同词；后续查找有证据的词族关系。
cet4-w-9fe11523c3b9ec924f4d,sword,headword,true,,,none,new_content_required,无六级同词；后续查找有证据的词族关系。
cet4-w-c150a2888e96b2b27d07,symbol,headword,true,4e278014-0039-45a1-bcdf-c686e4aca775,symbol,exact,pending_content_review,同词命中仅建立审核入口；不自动复制释义、拆词或巧记。
cet4-w-a07e1d38aca6ebc4029a,symbolic,listed_related,false,0e7fef65-0021-42cf-8bd0-809756bed8f2,symbolic,exact,pending_content_review,同词命中仅建立审核入口；不自动复制释义、拆词或巧记。
cet4-w-93182a497b1e2c3eb8a9,symbolical,listed_related,false,,,none,new_content_required,无六级同词；后续查找有证据的词族关系。
cet4-w-54aae0f0d77590059ae5,sympathetic,listed_related,true,dbc31493-3540-4bae-955d-4cfe90503350,sympathetic,exact,pending_content_review,同词命中仅建立审核入口；不自动复制释义、拆词或巧记。
cet4-w-bbc436c4255bdbcda79c,sympathize,listed_related,true,,,none,new_content_required,无六级同词；后续查找有证据的词族关系。
cet4-w-33687f73c681d9412021,sympathy,headword,true,9434232e-dca4-45a0-af7e-b201bfd101d4,sympathy,exact,pending_content_review,同词命中仅建立审核入口；不自动复制释义、拆词或巧记。
cet4-w-99b186df571eb71b0a20,symptom,headword,false,,,none,new_content_required,无六级同词；后续查找有证据的词族关系。
cet4-w-625c4639b67810f0251b,system,headword,true,c43c4b6b-a406-44bc-883a-451f6c2e42d3,system,exact,pending_content_review,同词命中仅建立审核入口；不自动复制释义、拆词或巧记。
cet4-w-0c66f38ba6716fc2d017,systematic,listed_related,true,442ed84a-975d-4b0c-ac4a-f5c8fd955d7c,systematic,exact,pending_content_review,同词命中仅建立审核入口；不自动复制释义、拆词或巧记。
cet4-w-494b3d3918d124fe4758,systematically,listed_related,false,,,none,new_content_required,无六级同词；后续查找有证据的词族关系。
cet4-w-28f62065ab861a94dee3,table,headword,false,e133d117-96ac-4624-81ea-29aff308d39a,table,exact,pending_content_review,同词命中仅建立审核入口；不自动复制释义、拆词或巧记。
cet4-w-232d766ab875edbe048d,tablet,headword,true,efe88ee1-d338-4ea4-93d8-bb19b490a8ca,tablet,exact,pending_content_review,同词命中仅建立审核入口；不自动复制释义、拆词或巧记。
cet4-w-9c1eeeb08e46efb47761,tackle,headword,false,391cf247-cd60-4360-9699-c48f93b9fae0,tackle,exact,pending_content_review,同词命中仅建立审核入口；不自动复制释义、拆词或巧记。
cet4-w-6215d9436330ed117dae,tag,headword,true,04b5e74b-fb42-49b1-b3a0-248dd08dca08,tag,exact,pending_content_review,同词命中仅建立审核入口；不自动复制释义、拆词或巧记。
cet4-w-ad09aa787c8100f88637,tail,headword,true,f1a61c01-3c8f-4824-808f-676d248667df,tail,exact,pending_content_review,同词命中仅建立审核入口；不自动复制释义、拆词或巧记。
cet4-w-c9e7ef184b65a8ed09b4,tailor,headword,true,261ea176-4c72-4810-90cf-01d5d1b2b489,tailor,exact,pending_content_review,同词命中仅建立审核入口；不自动复制释义、拆词或巧记。
cet4-w-92070c4d988b0e25d5d3,take,headword,false,,,none,new_content_required,无六级同词；后续查找有证据的词族关系。
cet4-w-4df90faf4249509b4623,takeoff,headword,false,,,none,new_content_required,无六级同词；后续查找有证据的词族关系。
cet4-w-5920e8de565fbfc15954,tale,headword,true,,,none,new_content_required,无六级同词；后续查找有证据的词族关系。
cet4-w-eb6ee591c16734125791,talent,headword,true,,,none,new_content_required,无六级同词；后续查找有证据的词族关系。
cet4-w-ba8a04de048d4bf4ea53,talented,listed_related,false,,,none,new_content_required,无六级同词；后续查找有证据的词族关系。
cet4-w-2298df933de1a76c94d7,talk,headword,false,,,none,new_content_required,无六级同词；后续查找有证据的词族关系。
cet4-w-956087cab5f4647af2eb,talkative,listed_related,false,,,none,new_content_required,无六级同词；后续查找有证据的词族关系。
cet4-w-d9252c6ecea60636cf5c,tall,headword,false,,,none,new_content_required,无六级同词；后续查找有证据的词族关系。
cet4-w-e6861babc821436b3763,tame,headword,true,d75e5594-998f-44f0-8174-527c8d7d4352,tame,exact,pending_content_review,同词命中仅建立审核入口；不自动复制释义、拆词或巧记。
cet4-w-f74bb374a3d5102a3b53,tangible,headword,false,,,none,new_content_required,无六级同词；后续查找有证据的词族关系。
cet4-w-138e903d472eca5ece10,tank,headword,true,af53753a-ef65-4ffc-9b18-e9b6677744fe,tank,exact,pending_content_review,同词命中仅建立审核入口；不自动复制释义、拆词或巧记。
cet4-w-17f70820113c2e1f0b1a,tap,headword,true,,,none,new_content_required,无六级同词；后续查找有证据的词族关系。
cet4-w-b1add575518f165832f8,tape,headword,true,,,none,new_content_required,无六级同词；后续查找有证据的词族关系。
cet4-w-b1ae5038e92bd7061a13,target,headword,true,e76d984a-047f-4fc7-b38e-a0f61db04e76,target,exact,pending_content_review,同词命中仅建立审核入口；不自动复制释义、拆词或巧记。
cet4-w-707e6b9458d6964613b5,task,headword,true,72fba08d-34a6-4d5d-8a0c-1a5369696256,task,exact,pending_content_review,同词命中仅建立审核入口；不自动复制释义、拆词或巧记。
cet4-w-9b87020028dc07392adb,taste,headword,true,,,none,new_content_required,无六级同词；后续查找有证据的词族关系。
cet4-w-7cccb6e5c05cc6a544ad,tasty,listed_related,false,,,none,new_content_required,无六级同词；后续查找有证据的词族关系。
cet4-w-7852d5df7babbfa37a06,tax,headword,true,,,none,new_content_required,无六级同词；后续查找有证据的词族关系。
cet4-w-0803c95202b7cd886987,taxation,listed_related,false,,,none,new_content_required,无六级同词；后续查找有证据的词族关系。
cet4-w-5305fad3f4960a3f23c1,taxi,headword,false,,,none,new_content_required,无六级同词；后续查找有证据的词族关系。
cet4-w-8b390a97c48718354eaf,tea,headword,false,1298f8b8-023f-43e0-adbc-822489506e55,tea,exact,pending_content_review,同词命中仅建立审核入口；不自动复制释义、拆词或巧记。
cet4-w-ca6c187162e1482b1ead,teach,headword,false,,,none,new_content_required,无六级同词；后续查找有证据的词族关系。
cet4-w-2fb5cdaeebfe8fff7c57,teacher,listed_related,false,,,none,new_content_required,无六级同词；后续查找有证据的词族关系。
cet4-w-990b97c678979a6f6a61,teaching,listed_related,true,,,none,new_content_required,无六级同词；后续查找有证据的词族关系。
cet4-w-e3c6b044494a475fb55c,team,headword,true,,,none,new_content_required,无六级同词；后续查找有证据的词族关系。
cet4-w-f215919cdbba7119cb5c,tear,headword,true,,,none,new_content_required,无六级同词；后续查找有证据的词族关系。
cet4-w-2c66c6e161a3359b27b5,tech,headword,false,,,none,new_content_required,无六级同词；后续查找有证据的词族关系。
cet4-w-f2eb323c2dfa89b2d7bf,technical,headword,true,,,none,new_content_required,无六级同词；后续查找有证据的词族关系。
cet4-w-7d0feb7fe40f56403e1e,technician,listed_related,true,,,none,new_content_required,无六级同词；后续查找有证据的词族关系。
cet4-w-f99deaeec4efe8a089ae,technique,headword,true,,,none,new_content_required,无六级同词；后续查找有证据的词族关系。
cet4-w-031a381f6b9a98d167e2,technological,listed_related,false,,,none,new_content_required,无六级同词；后续查找有证据的词族关系。
cet4-w-d0da9b2c7fc9302a707b,technology,headword,true,,,none,new_content_required,无六级同词；后续查找有证据的词族关系。
cet4-w-f5b328bf5fd48e8d01c8,tedious,headword,true,e2494a18-e8be-49e9-8eeb-062851e84d6b,tedious,exact,pending_content_review,同词命中仅建立审核入口；不自动复制释义、拆词或巧记。
cet4-w-3655d4a978c9f655389e,teen,headword,false,,,none,new_content_required,无六级同词；后续查找有证据的词族关系。
cet4-w-1ca871f6761424fcb591,teenager,headword,true,,,none,new_content_required,无六级同词；后续查找有证据的词族关系。
cet4-w-8bfadd7cae14b621f539,telecommunications,headword,false,575a48ab-e7d0-4a01-9cad-318b20b1a268,telecommunications,exact,pending_content_review,同词命中仅建立审核入口；不自动复制释义、拆词或巧记。
cet4-w-bca4f1865270edafa204,telephone,headword,false,52e69a68-454b-49d7-b32e-d7536b18a8c8,telephone,exact,pending_content_review,同词命中仅建立审核入口；不自动复制释义、拆词或巧记。
cet4-w-056ae329871cea7b4439,telescope,headword,true,fa2e1709-1c52-42a3-b62b-177e5e41284c,telescope,exact,pending_content_review,同词命中仅建立审核入口；不自动复制释义、拆词或巧记。
cet4-w-f7bb28115f96aa17bbf1,telescopic,listed_related,false,0cb9dcaf-1156-4f81-acb5-01d88deee87d,telescopic,exact,pending_content_review,同词命中仅建立审核入口；不自动复制释义、拆词或巧记。
cet4-w-6af611841e95215eaa7b,television,headword,false,,,none,new_content_required,无六级同词；后续查找有证据的词族关系。
cet4-w-842ca8077ef6275b5d32,tell,headword,false,f4424841-cfde-403f-b861-8ca36ee4416d,tell,exact,pending_content_review,同词命中仅建立审核入口；不自动复制释义、拆词或巧记。
cet4-w-2ac53a4d6449fce0184b,teller,headword,false,,,none,new_content_required,无六级同词；后续查找有证据的词族关系。
cet4-w-58042fc06554df5e5293,telling,listed_related,false,,,none,new_content_required,无六级同词；后续查找有证据的词族关系。
cet4-w-9bb9d13f7328652db9bc,temper,headword,true,f042b589-11be-415c-862c-3370e3083495,temper,exact,pending_content_review,同词命中仅建立审核入口；不自动复制释义、拆词或巧记。
cet4-w-f74362dded25093a86ca,temperature,headword,true,,,none,new_content_required,无六级同词；后续查找有证据的词族关系。
cet4-w-ba95baf26ca12d568fa0,temple,headword,true,c2f7b145-5659-487c-9686-2c7124a6c1c4,temple,exact,pending_content_review,同词命中仅建立审核入口；不自动复制释义、拆词或巧记。
cet4-w-2ae265b20307348044cf,temporarily,listed_related,false,,,none,new_content_required,无六级同词；后续查找有证据的词族关系。
cet4-w-00ff45645748aa861124,temporary,headword,true,,,none,new_content_required,无六级同词；后续查找有证据的词族关系。
cet4-w-5f12ce33399436533f0a,ten,headword,false,cab687e2-c2f4-4b26-8968-af39a77d3d4e,ten,exact,pending_content_review,同词命中仅建立审核入口；不自动复制释义、拆词或巧记。
cet4-w-c4c9c0526a6ef386b35b,tend,headword,true,001b1010-9fbf-4013-ae4c-aebcd8620205,tend,exact,pending_content_review,同词命中仅建立审核入口；不自动复制释义、拆词或巧记。
cet4-w-03b730d1e9aba7fd378b,tendency,listed_related,true,5ce529ab-2863-4bef-b05e-783f2f5d36b0,tendency,exact,pending_content_review,同词命中仅建立审核入口；不自动复制释义、拆词或巧记。
cet4-w-b9178ff4cca977a5de76,tender,headword,true,,,none,new_content_required,无六级同词；后续查找有证据的词族关系。
cet4-w-896c0e783da65aaf0b33,tennis,headword,false,,,none,new_content_required,无六级同词；后续查找有证据的词族关系。
cet4-w-644a0971ccf9ffc2de9e,tense,headword,true,79482bc1-4715-4e0b-9020-a0f00bd52dff,tense,exact,pending_content_review,同词命中仅建立审核入口；不自动复制释义、拆词或巧记。
cet4-w-ec086c67f5a96a6bf2d6,tension,listed_related,true,4a7c870c-2130-4be9-a6d7-379a6011be5f,tension,exact,pending_content_review,同词命中仅建立审核入口；不自动复制释义、拆词或巧记。
cet4-w-99e094982b81571e6958,tent,headword,true,de260b46-c4e6-40f1-a6cc-45802fff5fc6,tent,exact,pending_content_review,同词命中仅建立审核入口；不自动复制释义、拆词或巧记。
cet4-w-bf9a6f8ac37655520e10,term,headword,true,883f95a5-cdee-40b1-9cfb-0e8a2f947871,term,exact,pending_content_review,同词命中仅建立审核入口；不自动复制释义、拆词或巧记。
cet4-w-48576c4adc3ddda66791,terminal,headword,true,93cc8138-32a0-45a6-b7f6-a892171a1dc6,terminal,exact,pending_content_review,同词命中仅建立审核入口；不自动复制释义、拆词或巧记。
cet4-w-471a4644d6dc0fc473e8,terrible,headword,true,,,none,new_content_required,无六级同词；后续查找有证据的词族关系。
cet4-w-2f392270600e03ac880c,terribly,listed_related,false,,,none,new_content_required,无六级同词；后续查找有证据的词族关系。
cet4-w-eaf3deebf3f9b4ce6fd5,terrific,headword,true,979f0edb-63db-4638-a7f5-be03d6976709,terrific,exact,pending_content_review,同词命中仅建立审核入口；不自动复制释义、拆词或巧记。
cet4-w-a417c7d946753705658f,terrify,listed_related,false,8aa4543f-29be-41da-a1b3-2b6f10dce0f4,terrify,exact,pending_content_review,同词命中仅建立审核入口；不自动复制释义、拆词或巧记。
cet4-w-61a445707d25e755421f,territorial,listed_related,false,55b0481a-1ec4-41f4-b0f0-f2a746070ace,territorial,exact,pending_content_review,同词命中仅建立审核入口；不自动复制释义、拆词或巧记。
cet4-w-c564e553213840f9cd13,territory,headword,true,f67eba29-da9c-425a-b4bd-48f800224d1e,territory,exact,pending_content_review,同词命中仅建立审核入口；不自动复制释义、拆词或巧记。
cet4-w-628431d9845ad2b90845,terror,headword,true,c0123400-6ee7-4eff-98b5-a7575f31d238,terror,exact,pending_content_review,同词命中仅建立审核入口；不自动复制释义、拆词或巧记。
cet4-w-4d48c9c73e9681da037e,terrorism,listed_related,false,0a5f8558-9b56-404c-8e8a-f17c3cfc1a4d,terrorism,exact,pending_content_review,同词命中仅建立审核入口；不自动复制释义、拆词或巧记。
cet4-w-fd078042d7b7967f6fdd,terrorist,listed_related,false,1a4610b8-31b0-496b-bc7d-31ebb4b6049e,terrorist,exact,pending_content_review,同词命中仅建立审核入口；不自动复制释义、拆词或巧记。
cet4-w-58da5d100f78c0488355,test,headword,true,e7b2b358-d807-4550-9ac5-53066b09513c,test,exact,pending_content_review,同词命中仅建立审核入口；不自动复制释义、拆词或巧记。
cet4-w-1115aec82b013038e6d8,text,headword,false,c1e93c09-15da-4926-bb31-76acc9ea32b6,text,exact,pending_content_review,同词命中仅建立审核入口；不自动复制释义、拆词或巧记。
cet4-w-059026674ce79e93fdd1,textbook,headword,true,,,none,new_content_required,无六级同词；后续查找有证据的词族关系。
cet4-w-9aba31869d0770211f1b,textile,headword,true,,,none,new_content_required,无六级同词；后续查找有证据的词族关系。
cet4-w-e4fe16e2270762aedb14,than,headword,false,,,none,new_content_required,无六级同词；后续查找有证据的词族关系。
cet4-w-dced107bbaba73ca571b,thank,headword,false,1fe6d41e-0283-4f38-bfa0-87c583e18333,thank,exact,pending_content_review,同词命中仅建立审核入口；不自动复制释义、拆词或巧记。
cet4-w-c44495f5390485756df9,thankful,listed_related,false,,,none,new_content_required,无六级同词；后续查找有证据的词族关系。
cet4-w-d401e0d9cf7423d4f710,Thanksgiving,headword,false,96249370-dc32-4102-a7b3-a1bc22fb3bfa,Thanksgiving,exact,pending_content_review,同词命中仅建立审核入口；不自动复制释义、拆词或巧记。
cet4-w-9cd9174159dd418d7ba3,that,headword,false,,,none,new_content_required,无六级同词；后续查找有证据的词族关系。
cet4-w-e6085903b94ba8475902,the,headword,false,,,none,new_content_required,无六级同词；后续查找有证据的词族关系。
cet4-w-73dc2f03463b912c8bdd,theater,headword,true,,,none,new_content_required,无六级同词；后续查找有证据的词族关系。
cet4-w-a5423c1f105cca0f810d,theatrical,listed_related,false,,,none,new_content_required,无六级同词；后续查找有证据的词族关系。
cet4-w-b71d75920921f906dffd,theft,headword,false,edda13ad-f230-44cf-a4da-33139c508ae4,theft,exact,pending_content_review,同词命中仅建立审核入口；不自动复制释义、拆词或巧记。
cet4-w-1171e3f32c9c13ec2481,their,headword,false,,,none,new_content_required,无六级同词；后续查找有证据的词族关系。
cet4-w-d79f1185febb6bf27a51,theirs,headword,false,,,none,new_content_required,无六级同词；后续查找有证据的词族关系。
cet4-w-c596ea89888638ce60d7,them,headword,false,e008495c-9ca1-4b5e-849b-61912aa299c2,them,exact,pending_content_review,同词命中仅建立审核入口；不自动复制释义、拆词或巧记。
cet4-w-a312b49b9fa329deef1a,theme,headword,true,52c3f31e-8bc1-4e02-8d03-c6993bf953e9,theme,exact,pending_content_review,同词命中仅建立审核入口；不自动复制释义、拆词或巧记。
cet4-w-400d011e66c5a95eb108,themselves,headword,false,,,none,new_content_required,无六级同词；后续查找有证据的词族关系。
cet4-w-3b4eb5a58e0517adaa80,then,headword,false,,,none,new_content_required,无六级同词；后续查找有证据的词族关系。
cet4-w-5284acf983c6d89d1540,theoretical,listed_related,true,,,none,new_content_required,无六级同词；后续查找有证据的词族关系。
cet4-w-8d94356bdac38b159a1f,theory,headword,true,,,none,new_content_required,无六级同词；后续查找有证据的词族关系。
cet4-w-b278be260d12502dc362,therapeutic,listed_related,false,,,none,new_content_required,无六级同词；后续查找有证据的词族关系。
cet4-w-6b3fc1bad13caac60c89,therapeutical,listed_related,false,,,none,new_content_required,无六级同词；后续查找有证据的词族关系。
cet4-w-d53c5ad9e5dffdba6fe6,therapist,listed_related,false,,,none,new_content_required,无六级同词；后续查找有证据的词族关系。
cet4-w-145746af935928f11ae9,therapy,headword,false,,,none,new_content_required,无六级同词；后续查找有证据的词族关系。
cet4-w-73ea8c476e65ae8046b3,there,headword,false,c98d1a87-ef62-4778-ad72-be650d07369c,there,exact,pending_content_review,同词命中仅建立审核入口；不自动复制释义、拆词或巧记。
cet4-w-41df69f1e483e6e3649d,thereby,headword,true,,,none,new_content_required,无六级同词；后续查找有证据的词族关系。
cet4-w-0131e944d24908bc2d37,therefore,headword,true,f809a063-d98d-4a5d-9be6-07e1e14d386b,therefore,exact,pending_content_review,同词命中仅建立审核入口；不自动复制释义、拆词或巧记。
cet4-w-f63a18df8331557ee216,thermometer,headword,true,,,none,new_content_required,无六级同词；后续查找有证据的词族关系。
cet4-w-b01ccd1f9d151315416c,these,headword,false,,,none,new_content_required,无六级同词；后续查找有证据的词族关系。
cet4-w-d957b6d9c9509ad6d0bb,thesis,headword,false,13f1ccc4-c2c1-4e58-a357-2cee5b612269,thesis,exact,pending_content_review,同词命中仅建立审核入口；不自动复制释义、拆词或巧记。
cet4-w-c82b846ab429b8137eff,they,headword,false,,,none,new_content_required,无六级同词；后续查找有证据的词族关系。
cet4-w-3c30f4a76e39580e467a,thick,headword,true,b32df1f0-4a04-4e07-9b89-24beb914c309,thick,exact,pending_content_review,同词命中仅建立审核入口；不自动复制释义、拆词或巧记。
cet4-w-d68355842ff3f757854d,thief,headword,true,ae4abcfa-c067-4bca-88f7-3ecea00bf413,thief,exact,pending_content_review,同词命中仅建立审核入口；不自动复制释义、拆词或巧记。
cet4-w-936be3d7a3c250f65830,thin,headword,false,3f6dfb27-7609-46d4-8f03-b7173be68c4b,thin,exact,pending_content_review,同词命中仅建立审核入口；不自动复制释义、拆词或巧记。
cet4-w-d741035bf56bee022233,thing,headword,false,,,none,new_content_required,无六级同词；后续查找有证据的词族关系。
cet4-w-93b8eb018d7c771f20cd,think,headword,false,,,none,new_content_required,无六级同词；后续查找有证据的词族关系。
cet4-w-ce7200f93e523c89dc74,thinking,listed_related,false,,,none,new_content_required,无六级同词；后续查找有证据的词族关系。
cet4-w-5f4306905e5a7651ed53,third,headword,false,,,none,new_content_required,无六级同词；后续查找有证据的词族关系。
cet4-w-1552752022a726ff94e9,thirst,headword,true,,,none,new_content_required,无六级同词；后续查找有证据的词族关系。
cet4-w-abc51a5996e19689d6be,thirsty,listed_related,false,,,none,new_content_required,无六级同词；后续查找有证据的词族关系。
cet4-w-ce4864f5636e0a849a9f,thirteen,headword,false,,,none,new_content_required,无六级同词；后续查找有证据的词族关系。
cet4-w-278cf96ca13f938cba5f,thirty,headword,false,,,none,new_content_required,无六级同词；后续查找有证据的词族关系。
cet4-w-813cb7f47982ab6220a2,this,headword,false,,,none,new_content_required,无六级同词；后续查找有证据的词族关系。
cet4-w-30683083105eb3a361ea,thorough,headword,true,,,none,new_content_required,无六级同词；后续查找有证据的词族关系。
cet4-w-605aee3081b7a498ba59,those,headword,false,,,none,new_content_required,无六级同词；后续查找有证据的词族关系。
cet4-w-bddd3b6328ea53143368,though,headword,false,,,none,new_content_required,无六级同词；后续查找有证据的词族关系。
cet4-w-b91ac6e53938cb55a6fc,thought,headword,true,,,none,new_content_required,无六级同词；后续查找有证据的词族关系。
cet4-w-19e3d12897cf25259481,thoughtful,listed_related,true,,,none,new_content_required,无六级同词；后续查找有证据的词族关系。
cet4-w-f9e48cff1e80683481a2,thousand,headword,false,,,none,new_content_required,无六级同词；后续查找有证据的词族关系。
cet4-w-d3ebb9c915e9d39916f1,thread,headword,true,,,none,new_content_required,无六级同词；后续查找有证据的词族关系。
cet4-w-7724e26d894157f8ca94,threat,headword,true,060a19ca-56c8-4b0d-8221-17ce6b85ef93,threat,exact,pending_content_review,同词命中仅建立审核入口；不自动复制释义、拆词或巧记。
cet4-w-cafbbc645381f4495726,threaten,listed_related,true,acb46561-a580-4098-9ba7-2e8020bd8571,threaten,exact,pending_content_review,同词命中仅建立审核入口；不自动复制释义、拆词或巧记。
cet4-w-95a71304ef724fd243cf,three,headword,false,,,none,new_content_required,无六级同词；后续查找有证据的词族关系。
cet4-w-66d119aff2babdcf359a,thrive,headword,true,4808d0a1-2b90-4322-b2b8-c2380bfd27a3,thrive,exact,pending_content_review,同词命中仅建立审核入口；不自动复制释义、拆词或巧记。
cet4-w-2d52476796317ec3613d,throat,headword,true,,,none,new_content_required,无六级同词；后续查找有证据的词族关系。
cet4-w-22d92415c7ab4e2c5737,through,headword,false,82349a8b-3016-4d91-9a3d-121feb581fbc,through,exact,pending_content_review,同词命中仅建立审核入口；不自动复制释义、拆词或巧记。
cet4-w-842da23bc60c618c4051,throughout,headword,true,,,none,new_content_required,无六级同词；后续查找有证据的词族关系。
cet4-w-45afc174c2e182208e67,throw,headword,false,225456b6-07de-4054-abba-86bccf77fca5,throw,exact,pending_content_review,同词命中仅建立审核入口；不自动复制释义、拆词或巧记。
cet4-w-2debea1ef60bb8ddd0bd,thrust,headword,true,,,none,new_content_required,无六级同词；后续查找有证据的词族关系。
cet4-w-33953e4e837546a1d6b4,thumb,headword,true,,,none,new_content_required,无六级同词；后续查找有证据的词族关系。
cet4-w-6c774e4d877a93525a68,thunder,headword,true,,,none,new_content_required,无六级同词；后续查找有证据的词族关系。
cet4-w-7fd2df9319e48d727170,thunderous,listed_related,false,,,none,new_content_required,无六级同词；后续查找有证据的词族关系。
cet4-w-06890bc0b0b054e34d49,Thursday,headword,false,,,none,new_content_required,无六级同词；后续查找有证据的词族关系。
cet4-w-a5fa27da73180c30f625,thus,headword,true,,,none,new_content_required,无六级同词；后续查找有证据的词族关系。
cet4-w-dced7fb4f968bc07bad8,tick,headword,true,55a01c80-f79a-475b-beee-fef3ce8dd16c,tick,exact,pending_content_review,同词命中仅建立审核入口；不自动复制释义、拆词或巧记。
cet4-w-a7938020eaa3025d2479,ticket,headword,false,59ce81cb-beb7-4921-bc8e-0809ef7f428f,ticket,exact,pending_content_review,同词命中仅建立审核入口；不自动复制释义、拆词或巧记。
cet4-w-5b515c5204fc6ca93dd2,tidal,listed_related,false,,,none,new_content_required,无六级同词；后续查找有证据的词族关系。
cet4-w-c27f15368ba1cc7de1da,tide,headword,true,,,none,new_content_required,无六级同词；后续查找有证据的词族关系。
cet4-w-f8b857a8c20eb5a8365a,tidy,headword,true,c400b3e3-d98f-415d-9ae3-d53bf07e969f,tidy,exact,pending_content_review,同词命中仅建立审核入口；不自动复制释义、拆词或巧记。
cet4-w-f1dc7271b6035b082838,tie,headword,true,,,none,new_content_required,无六级同词；后续查找有证据的词族关系。
cet4-w-2ff614a0cb0580a5b29b,tiger,headword,true,fb0341f5-ca46-476d-bed4-bbf96adbe8f9,tiger,exact,pending_content_review,同词命中仅建立审核入口；不自动复制释义、拆词或巧记。
cet4-w-f0e009ed562bc641f462,tight,headword,true,4837c497-e2ec-4db8-9d6c-09e1636e1ec8,tight,exact,pending_content_review,同词命中仅建立审核入口；不自动复制释义、拆词或巧记。
cet4-w-f5b8f9529c6534f55bb3,tighten,listed_related,false,249243d0-e0ad-467c-9c99-912751f740a5,tighten,exact,pending_content_review,同词命中仅建立审核入口；不自动复制释义、拆词或巧记。
cet4-w-4b820e6599d06b2297b7,tigress,listed_related,false,,,none,new_content_required,无六级同词；后续查找有证据的词族关系。
cet4-w-1705072ed8667ca1ae80,till,headword,false,,,none,new_content_required,无六级同词；后续查找有证据的词族关系。
cet4-w-1397c05c4380d7f5e50a,timber,headword,true,,,none,new_content_required,无六级同词；后续查找有证据的词族关系。
cet4-w-fbdb988da8e049886d1a,time,headword,false,844e3a81-c010-49d3-bc9a-5add82db6135,time,exact,pending_content_review,同词命中仅建立审核入口；不自动复制释义、拆词或巧记。
cet4-w-a0b49e7f44a37534af42,timely,listed_related,false,59306fa7-cab4-4ebf-b7ef-ceef85ec9b67,timely,exact,pending_content_review,同词命中仅建立审核入口；不自动复制释义、拆词或巧记。
cet4-w-09f4f4422c3ed72d11d3,timing,listed_related,false,,,none,new_content_required,无六级同词；后续查找有证据的词族关系。
cet4-w-6ee02c20d2b8a25db655,tin,headword,true,,,none,new_content_required,无六级同词；后续查找有证据的词族关系。
cet4-w-7df9c25851f3a311bbd5,tiny,headword,true,d23f1e75-31c9-47a2-95f1-a4d9403efdee,tiny,exact,pending_content_review,同词命中仅建立审核入口；不自动复制释义、拆词或巧记。
cet4-w-f4d2539904f196ec9173,tip,headword,true,,,none,new_content_required,无六级同词；后续查找有证据的词族关系。
cet4-w-c1c449901fe050a902be,tire,headword,true,051c17bf-3905-4e9b-baee-207bf2c5c694,tire,exact,pending_content_review,同词命中仅建立审核入口；不自动复制释义、拆词或巧记。
cet4-w-f6bf2ceda29ffc877d70,tired,listed_related,false,bc446369-00fa-4198-b8ba-a5a7e9cf4445,tired,exact,pending_content_review,同词命中仅建立审核入口；不自动复制释义、拆词或巧记。
cet4-w-619d779c6714fe2d3307,tireless,listed_related,false,,,none,new_content_required,无六级同词；后续查找有证据的词族关系。
cet4-w-90ed7f2e8f3ff27ef8dc,tiresome,listed_related,false,7526be1b-bc35-4741-aea6-24f0b319dcb8,tiresome,exact,pending_content_review,同词命中仅建立审核入口；不自动复制释义、拆词或巧记。
cet4-w-f0815fe27096e2f84d38,tiring,listed_related,false,,,none,new_content_required,无六级同词；后续查找有证据的词族关系。
cet4-w-39b1c8bb2cf8454b1ef0,tissue,headword,true,ae2857af-cf7d-43be-ac17-ac98e546d3d5,tissue,exact,pending_content_review,同词命中仅建立审核入口；不自动复制释义、拆词或巧记。
cet4-w-132283506a4b0bf34c72,title,headword,true,b87bd36c-a1c1-4896-82ce-5fd342d6bb61,title,exact,pending_content_review,同词命中仅建立审核入口；不自动复制释义、拆词或巧记。
cet4-w-c577449d22115b30d3f2,to,headword,false,,,none,new_content_required,无六级同词；后续查找有证据的词族关系。
cet4-w-e2be88b3a46d67c3fccd,toast,headword,true,,,none,new_content_required,无六级同词；后续查找有证据的词族关系。
cet4-w-e75f48be8c778d3e03e1,tobacco,headword,true,,,none,new_content_required,无六级同词；后续查找有证据的词族关系。
cet4-w-94edb9610bbd8bd7f0e6,today,headword,false,,,none,new_content_required,无六级同词；后续查找有证据的词族关系。
cet4-w-7c9b8fb8c82c4f0f160a,toe,headword,true,,,none,new_content_required,无六级同词；后续查找有证据的词族关系。
cet4-w-256c39ff8e68302092a7,together,headword,false,,,none,new_content_required,无六级同词；后续查找有证据的词族关系。
cet4-w-4bced8e7d89e225d0925,toilet,headword,true,,,none,new_content_required,无六级同词；后续查找有证据的词族关系。
cet4-w-7a88e14fecb1ea8a0c48,token,headword,false,283452fe-e0b3-4eb6-a72b-05460e24ea25,token,exact,pending_content_review,同词命中仅建立审核入口；不自动复制释义、拆词或巧记。
cet4-w-4a9d72b370046879d499,tolerable,listed_related,false,,,none,new_content_required,无六级同词；后续查找有证据的词族关系。
cet4-w-a0e5161cf85675853da2,tolerance,listed_related,true,13e64830-7e9c-4f30-9b68-07ee338f73fe,tolerance,exact,pending_content_review,同词命中仅建立审核入口；不自动复制释义、拆词或巧记。
cet4-w-d59dc786faef7393f6f6,tolerant,listed_related,false,396f0bab-f9f3-4aa7-b2d2-b32ec1a89332,tolerant,exact,pending_content_review,同词命中仅建立审核入口；不自动复制释义、拆词或巧记。
cet4-w-c1fa9f45dbaa87e5bdb6,tolerate,headword,true,,,none,new_content_required,无六级同词；后续查找有证据的词族关系。
cet4-w-2bc468c5c433794aa8f7,toll,headword,false,437dfa1a-b419-443b-8463-145c94edad2f,toll,exact,pending_content_review,同词命中仅建立审核入口；不自动复制释义、拆词或巧记。
cet4-w-20038ef9e6f50ae37378,tomato,headword,true,,,none,new_content_required,无六级同词；后续查找有证据的词族关系。
cet4-w-a2cbb2ab45a40e25325e,tomorrow,headword,false,,,none,new_content_required,无六级同词；后续查找有证据的词族关系。
cet4-w-4a7e03cbeae297b5ed99,ton,headword,true,,,none,new_content_required,无六级同词；后续查找有证据的词族关系。
cet4-w-b88c426931c2a7e815d9,tone,headword,true,,,none,new_content_required,无六级同词；后续查找有证据的词族关系。
cet4-w-9e3e765dd169d82a7a8f,tongue,headword,true,,,none,new_content_required,无六级同词；后续查找有证据的词族关系。
cet4-w-0b5dcd6bbf45adbfbe25,tonight,headword,false,,,none,new_content_required,无六级同词；后续查找有证据的词族关系。
cet4-w-60dd4fd9f249725408cb,tonnage,listed_related,false,,,none,new_content_required,无六级同词；后续查找有证据的词族关系。
cet4-w-3f18943a23ff4ace4eff,too,headword,false,,,none,new_content_required,无六级同词；后续查找有证据的词族关系。
cet4-w-64f49a258a3f22a35646,tool,headword,true,,,none,new_content_required,无六级同词；后续查找有证据的词族关系。
cet4-w-1caf045fe24960e2208c,tooth,headword,false,a0324989-4bad-493d-8c30-174cbb548ed4,tooth,exact,pending_content_review,同词命中仅建立审核入口；不自动复制释义、拆词或巧记。
cet4-w-7d4ec8a19b1c1955781b,top,headword,true,b402a978-f944-4e41-adef-8ed8345385f9,top,exact,pending_content_review,同词命中仅建立审核入口；不自动复制释义、拆词或巧记。
cet4-w-cabd5417fe37b7044dcc,topic,headword,true,e0d526d6-ec95-4e38-92a9-4dd96c09e7e6,topic,exact,pending_content_review,同词命中仅建立审核入口；不自动复制释义、拆词或巧记。
cet4-w-6abe676412c9810f2cdf,topical,listed_related,false,da47db21-221c-43cf-a8b1-147ebe63a762,topical,exact,pending_content_review,同词命中仅建立审核入口；不自动复制释义、拆词或巧记。
cet4-w-ab0c8c408de7594787bf,torch,headword,true,,,none,new_content_required,无六级同词；后续查找有证据的词族关系。
cet4-w-768e4af60826573449c1,torture,headword,true,,,none,new_content_required,无六级同词；后续查找有证据的词族关系。
cet4-w-b8c11b5de62d9391e99b,toss,headword,true,d213b47e-a73b-4109-b5e1-1c1b8af07047,toss,exact,pending_content_review,同词命中仅建立审核入口；不自动复制释义、拆词或巧记。
cet4-w-5c89b6fcd5559ade4b3a,total,headword,true,,,none,new_content_required,无六级同词；后续查找有证据的词族关系。
cet4-w-e00802db3724a0d7e969,touch,headword,true,95ce8d9f-ad61-4ac3-8d62-c6ecfd29d3af,touch,exact,pending_content_review,同词命中仅建立审核入口；不自动复制释义、拆词或巧记。
cet4-w-9d84c53ee1a978b63b9a,tough,headword,true,,,none,new_content_required,无六级同词；后续查找有证据的词族关系。
cet4-w-9c1f722b25aa79f01426,tour,headword,true,2937dedf-cb67-4311-846d-6cfe7bfb9dbb,tour,exact,pending_content_review,同词命中仅建立审核入口；不自动复制释义、拆词或巧记。
cet4-w-1f21291f8a11fa9ddd61,tourism,listed_related,false,02465e94-2f1d-4215-809a-85c5586413ea,tourism,exact,pending_content_review,同词命中仅建立审核入口；不自动复制释义、拆词或巧记。
cet4-w-097e2d9125b32e2a0401,tourist,listed_related,false,8afbce7c-7245-43e8-a858-f6d98ef7b6b3,tourist,exact,pending_content_review,同词命中仅建立审核入口；不自动复制释义、拆词或巧记。
cet4-w-fc11feba50fb9753f600,toward,headword,true,,,none,new_content_required,无六级同词；后续查找有证据的词族关系。
cet4-w-5635338854f5ac076ba8,towel,headword,true,,,none,new_content_required,无六级同词；后续查找有证据的词族关系。
cet4-w-4f22b3a60f02c68db820,tower,headword,true,,,none,new_content_required,无六级同词；后续查找有证据的词族关系。
cet4-w-6e5256eeccc7f3f8c046,town,headword,false,,,none,new_content_required,无六级同词；后续查找有证据的词族关系。
cet4-w-e39db788989fc061c119,township,listed_related,false,,,none,new_content_required,无六级同词；后续查找有证据的词族关系。
cet4-w-6ed836ef7e13ad2f9042,toy,headword,true,,,none,new_content_required,无六级同词；后续查找有证据的词族关系。
cet4-w-49c237b36915aca7d396,trace,headword,true,9ed3b149-69a9-4046-a0ae-61db3e2c55ee,trace,exact,pending_content_review,同词命中仅建立审核入口；不自动复制释义、拆词或巧记。
cet4-w-4607accb78db83c3da86,track,headword,true,a69764ca-e232-43d4-868b-e8f14f34dd5d,track,exact,pending_content_review,同词命中仅建立审核入口；不自动复制释义、拆词或巧记。
cet4-w-0ebdcff77a0fbfc69b3f,tractor,headword,true,,,none,new_content_required,无六级同词；后续查找有证据的词族关系。
cet4-w-a23549dee705af4332ab,trade,headword,true,f20bf801-79a7-40c4-a176-5d6df0ef7648,trade,exact,pending_content_review,同词命中仅建立审核入口；不自动复制释义、拆词或巧记。
cet4-w-3f0e8630f79f881fa976,trademark,headword,false,3114d521-1f56-4e2e-8326-161bb917f052,trademark,exact,pending_content_review,同词命中仅建立审核入口；不自动复制释义、拆词或巧记。
cet4-w-d3d0d0a60db6d3afa34e,tradition,headword,true,,,none,new_content_required,无六级同词；后续查找有证据的词族关系。
cet4-w-2001c6b89ca6d0f85dac,traditional,listed_related,true,,,none,new_content_required,无六级同词；后续查找有证据的词族关系。
cet4-w-dd4706023ae972e3ed73,traffic,headword,true,,,none,new_content_required,无六级同词；后续查找有证据的词族关系。
cet4-w-d8d0e308af7956fdedb1,trafficking,listed_related,false,,,none,new_content_required,无六级同词；后续查找有证据的词族关系。
cet4-w-415ab4316754644bb47a,tragedy,headword,true,595d52ba-1027-4853-bd03-8fc9636122e0,tragedy,exact,pending_content_review,同词命中仅建立审核入口；不自动复制释义、拆词或巧记。
cet4-w-9d206606b920b3efe28f,tragic,listed_related,false,94ff500e-1ca2-448e-8efb-bccbb781bc09,tragic,exact,pending_content_review,同词命中仅建立审核入口；不自动复制释义、拆词或巧记。
cet4-w-40a0ad27bf672275ee28,tragically,listed_related,false,,,none,new_content_required,无六级同词；后续查找有证据的词族关系。
cet4-w-a592ab3659c99f77a756,trail,headword,true,18d72fd4-28c4-4911-bd84-b2709a416362,trail,exact,pending_content_review,同词命中仅建立审核入口；不自动复制释义、拆词或巧记。
cet4-w-8f285c2961fd77cc1b83,trailer,listed_related,false,,,none,new_content_required,无六级同词；后续查找有证据的词族关系。
cet4-w-d7d90f0364955a0b6272,train,headword,false,45dabc73-8f0d-400d-b53b-17a864ba9792,train,exact,pending_content_review,同词命中仅建立审核入口；不自动复制释义、拆词或巧记。
cet4-w-3c5fa8947f0c8fecfba2,trainee,listed_related,false,0862d171-04cf-40b5-b26d-88dfd7356c36,trainee,exact,pending_content_review,同词命中仅建立审核入口；不自动复制释义、拆词或巧记。
cet4-w-3d837e30f2ebba149f0c,trainer,listed_related,false,,,none,new_content_required,无六级同词；后续查找有证据的词族关系。
cet4-w-d6f944de45a974328ec9,training,listed_related,true,fba47880-df92-4c83-be9f-98e7278ebf03,training,exact,pending_content_review,同词命中仅建立审核入口；不自动复制释义、拆词或巧记。
cet4-w-9d91f490ac532db0f2fd,tram,headword,true,,,none,new_content_required,无六级同词；后续查找有证据的词族关系。
cet4-w-41c7526ba637dfeced01,transaction,headword,false,6496f343-4b16-4711-925f-57ebf1f5d392,transaction,exact,pending_content_review,同词命中仅建立审核入口；不自动复制释义、拆词或巧记。
cet4-w-ef7acd71194e24121210,transcript,headword,false,,,none,new_content_required,无六级同词；后续查找有证据的词族关系。
cet4-w-bc277b0a9d5d2699c986,transfer,headword,true,83068b64-a2ca-4a11-9248-33ea0733d550,transfer,exact,pending_content_review,同词命中仅建立审核入口；不自动复制释义、拆词或巧记。
cet4-w-c36cb1f9f616dda8aac3,transference,listed_related,false,042376ae-256f-47bd-bdf5-ab2eeb332dbe,transference,exact,pending_content_review,同词命中仅建立审核入口；不自动复制释义、拆词或巧记。
cet4-w-9c0f98f02835fe8c7b9b,transform,headword,true,4b115dfc-03d5-4647-8817-3ec5e8bb9950,transform,exact,pending_content_review,同词命中仅建立审核入口；不自动复制释义、拆词或巧记。
cet4-w-4c5083f08fdf590eb43f,transformation,listed_related,true,ec9e8d7c-6ab2-4423-b914-181701696c70,transformation,exact,pending_content_review,同词命中仅建立审核入口；不自动复制释义、拆词或巧记。
cet4-w-a29bc5646ea94c3d8ace,transit,headword,false,b5f377f1-763b-4969-b5d2-e033b4fd269a,transit,exact,pending_content_review,同词命中仅建立审核入口；不自动复制释义、拆词或巧记。
cet4-w-b914aff68a3dcf7fbbee,translate,headword,true,a40ccc31-cb31-439a-bf71-22fd32d5e330,translate,exact,pending_content_review,同词命中仅建立审核入口；不自动复制释义、拆词或巧记。
cet4-w-17a4e12952c954a59259,translation,listed_related,true,ef2c24d2-0f74-4971-ba61-3ba42ca0cb13,translation,exact,pending_content_review,同词命中仅建立审核入口；不自动复制释义、拆词或巧记。
cet4-w-065a099889f1f0b63922,translator,listed_related,false,ed10e31e-7d7a-475c-be13-a776e70b1917,translator,exact,pending_content_review,同词命中仅建立审核入口；不自动复制释义、拆词或巧记。
cet4-w-eb21f3700d8ea1a135de,transmission,listed_related,true,11e29b4b-f92b-44a5-adc0-e1bbc36ccb39,transmission,exact,pending_content_review,同词命中仅建立审核入口；不自动复制释义、拆词或巧记。
cet4-w-a11ff5d69ae5fb209258,transmit,headword,true,d00e0e1d-8931-45f8-a494-994c332ac527,transmit,exact,pending_content_review,同词命中仅建立审核入口；不自动复制释义、拆词或巧记。
cet4-w-2744e36ba0df8f0d18ab,transmitter,listed_related,false,967e0066-0284-4bfe-82e7-cb74572e5a79,transmitter,exact,pending_content_review,同词命中仅建立审核入口；不自动复制释义、拆词或巧记。
cet4-w-8e8d1f43187484290d93,transparency,listed_related,false,,,none,new_content_required,无六级同词；后续查找有证据的词族关系。
cet4-w-3816a8b13ae8eac22911,transparent,headword,true,,,none,new_content_required,无六级同词；后续查找有证据的词族关系。
cet4-w-67297baf6230694c9439,transplant,headword,true,1cffa3b9-768f-42ca-934d-5fe0069491f8,transplant,exact,pending_content_review,同词命中仅建立审核入口；不自动复制释义、拆词或巧记。
cet4-w-77d6a4a3c625c005a696,transplantation,listed_related,false,,,none,new_content_required,无六级同词；后续查找有证据的词族关系。
cet4-w-f51c719af127ab336448,transport,headword,true,d6797e95-71a8-4431-abe9-4b06de8fb9b4,transport,exact,pending_content_review,同词命中仅建立审核入口；不自动复制释义、拆词或巧记。
cet4-w-c21c1ff5a149c8d6a7e3,transportation,listed_related,true,c5d9f612-369f-49a3-86db-048a15a055ae,transportation,exact,pending_content_review,同词命中仅建立审核入口；不自动复制释义、拆词或巧记。
cet4-w-e0f3ca97a5b1424fba8b,trap,headword,true,084091b2-1bdc-457b-a227-5391db39d199,trap,exact,pending_content_review,同词命中仅建立审核入口；不自动复制释义、拆词或巧记。
cet4-w-4b74016f724a9199a849,trash,headword,false,,,none,new_content_required,无六级同词；后续查找有证据的词族关系。
cet4-w-5fd466248db9ab88e0ee,travel,headword,false,b0432df1-ce9d-4c38-bcdc-a42005a01df5,travel,exact,pending_content_review,同词命中仅建立审核入口；不自动复制释义、拆词或巧记。
cet4-w-0bb5c8fcd7df30c512a5,tray,headword,true,,,none,new_content_required,无六级同词；后续查找有证据的词族关系。
cet4-w-136c0f2d85ad14938d55,treasure,headword,true,a50c0ead-8df8-4693-b88d-8c7f59d60b48,treasure,exact,pending_content_review,同词命中仅建立审核入口；不自动复制释义、拆词或巧记。
cet4-w-a030a7329bd3f031bc53,treat,headword,true,4d29b72b-1966-4a79-a734-e809446df88a,treat,exact,pending_content_review,同词命中仅建立审核入口；不自动复制释义、拆词或巧记。
cet4-w-6e6fa5ebf97486da9c7b,treatment,listed_related,true,f0150dc7-29f3-49a7-9d0b-0aff437a06a1,treatment,exact,pending_content_review,同词命中仅建立审核入口；不自动复制释义、拆词或巧记。
cet4-w-6e9f0188bac9814bcd17,treaty,headword,true,9da0fd49-25a8-4f9b-9a69-e38cd9f26ab9,treaty,exact,pending_content_review,同词命中仅建立审核入口；不自动复制释义、拆词或巧记。
cet4-w-72d2433f2ff3899ed9ce,tree,headword,false,1e66c3d8-a8fa-4aa1-9d26-a16781ec5a1e,tree,exact,pending_content_review,同词命中仅建立审核入口；不自动复制释义、拆词或巧记。
cet4-w-f0ebe7bf79bfae8e4360,tremble,headword,true,f0f1a498-63e2-471b-a984-67c9033f26d2,tremble,exact,pending_content_review,同词命中仅建立审核入口；不自动复制释义、拆词或巧记。
cet4-w-ee162f6e7bbfbb9fee35,tremendous,headword,true,dd24ce67-7b2a-41bc-b352-cd51daefc942,tremendous,exact,pending_content_review,同词命中仅建立审核入口；不自动复制释义、拆词或巧记。
cet4-w-3d3970a42300f5fe6a36,trend,headword,true,ecb84599-c1e1-4705-992e-b28f1ce24837,trend,exact,pending_content_review,同词命中仅建立审核入口；不自动复制释义、拆词或巧记。
cet4-w-7dcef66c8cbe7a32b3fd,trial,headword|listed_related,true,0b8b82d0-51ac-4c42-a920-89f9ab7c22d4,trial,exact,pending_content_review,同词命中仅建立审核入口；不自动复制释义、拆词或巧记。
cet4-w-87ca19aec85b94ea1179,triangle,headword,true,,,none,new_content_required,无六级同词；后续查找有证据的词族关系。
cet4-w-d484d21f9b640eb542d1,triangular,listed_related,false,,,none,new_content_required,无六级同词；后续查找有证据的词族关系。
cet4-w-fae568690d7be9a5e22f,trick,headword,true,efef8bd8-9070-4b69-84aa-c4b98bd117d6,trick,exact,pending_content_review,同词命中仅建立审核入口；不自动复制释义、拆词或巧记。
cet4-w-f27079944b932be3e075,tricky,listed_related,false,,,none,new_content_required,无六级同词；后续查找有证据的词族关系。
cet4-w-538b8cd0d8eb2947a5de,trifle,headword,true,2b321bfd-3f64-4589-8158-84410a46173b,trifle,exact,pending_content_review,同词命中仅建立审核入口；不自动复制释义、拆词或巧记。
cet4-w-16fc67c5d490af251a92,trigger,headword,false,1a7a8495-73e2-4732-8b4e-95687c75fbfa,trigger,exact,pending_content_review,同词命中仅建立审核入口；不自动复制释义、拆词或巧记。
cet4-w-9b3f1b5fb5b0b455752d,trip,headword,false,db444870-6073-4cd9-bf73-00eb6391ba6d,trip,exact,pending_content_review,同词命中仅建立审核入口；不自动复制释义、拆词或巧记。
cet4-w-0fb31a175ddc37632c57,triple,headword,false,ff299055-27c6-4e59-a83d-eee8b8ce6dc7,triple,exact,pending_content_review,同词命中仅建立审核入口；不自动复制释义、拆词或巧记。
cet4-w-42fa5b2850d0e2a4a960,triumph,headword,true,ebf415d0-e180-4708-82b6-14622139bf4a,triumph,exact,pending_content_review,同词命中仅建立审核入口；不自动复制释义、拆词或巧记。
cet4-w-50d80be17cea66540198,triumphant,listed_related,false,baa52478-8700-4637-adfd-ed59f8668d1a,triumphant,exact,pending_content_review,同词命中仅建立审核入口；不自动复制释义、拆词或巧记。
cet4-w-685b906e2c13fb2b19bf,trolley,headword,false,,,none,new_content_required,无六级同词；后续查找有证据的词族关系。
cet4-w-bf985c1136d6d77c03f2,troop,headword,true,0d977a33-0dbf-4ac1-a24c-584da817a1a8,troop,exact,pending_content_review,同词命中仅建立审核入口；不自动复制释义、拆词或巧记。
cet4-w-b258de62501fcfc9e24d,trouble,headword,false,568cbd7c-eabe-4a6e-a4f8-989acfd04c31,trouble,exact,pending_content_review,同词命中仅建立审核入口；不自动复制释义、拆词或巧记。
cet4-w-3ea7c62b5b3ee97c689f,troublesome,listed_related,true,8da43fed-2487-435e-a484-b01726174f50,troublesome,exact,pending_content_review,同词命中仅建立审核入口；不自动复制释义、拆词或巧记。
cet4-w-00ebfa0c1f3c2d8a668b,trousers,headword,true,,,none,new_content_required,无六级同词；后续查找有证据的词族关系。
cet4-w-42461fc530a1d11a69b0,truck,headword,true,,,none,new_content_required,无六级同词；后续查找有证据的词族关系。
cet4-w-0cf7d278f79cfc247399,true,headword,false,,,none,new_content_required,无六级同词；后续查找有证据的词族关系。
cet4-w-58ff7d7ae9bfe0f506e8,truly,listed_related,true,,,none,new_content_required,无六级同词；后续查找有证据的词族关系。
cet4-w-55d9f52e71ad42b97a7d,trunk,headword,true,,,none,new_content_required,无六级同词；后续查找有证据的词族关系。
cet4-w-f271da3816d1eac96197,trust,headword,true,9f405d49-37e4-4927-a99f-078c7c07bab9,trust,exact,pending_content_review,同词命中仅建立审核入口；不自动复制释义、拆词或巧记。
cet4-w-f5cfd89cab68a755e328,trustee,listed_related,false,,,none,new_content_required,无六级同词；后续查找有证据的词族关系。
cet4-w-29374d6a442d24e664b6,truth,headword,true,,,none,new_content_required,无六级同词；后续查找有证据的词族关系。
cet4-w-ca9dace9fa4b08e20650,truthful,listed_related,false,,,none,new_content_required,无六级同词；后续查找有证据的词族关系。
cet4-w-4acf81a84bbdec7df6fa,try,headword,false,c6f34070-157f-4643-b378-36d8ae16dd09,try,exact,pending_content_review,同词命中仅建立审核入口；不自动复制释义、拆词或巧记。
cet4-w-fc8a3a3f8bd8974e993e,trying,listed_related,false,,,none,new_content_required,无六级同词；后续查找有证据的词族关系。
cet4-w-ce1071574863de6b08a6,tube,headword,true,,,none,new_content_required,无六级同词；后续查找有证据的词族关系。
cet4-w-22566c1cb4c9992c1199,Tuesday,headword,false,,,none,new_content_required,无六级同词；后续查找有证据的词族关系。
cet4-w-cb532193d37f9d69eaeb,tuition,headword,true,204255c6-aa94-4123-8e66-70816a8409e9,tuition,exact,pending_content_review,同词命中仅建立审核入口；不自动复制释义、拆词或巧记。
cet4-w-90e26b7ba2a74b05870d,tumor,headword,false,,,none,new_content_required,无六级同词；后续查找有证据的词族关系。
cet4-w-78a56cdbbd20c819b71f,tune,headword,true,,,none,new_content_required,无六级同词；后续查找有证据的词族关系。
cet4-w-16a63a59cbbef2277991,tunnel,headword,true,ee684175-67a5-4620-b6ec-4792cb576e9c,tunnel,exact,pending_content_review,同词命中仅建立审核入口；不自动复制释义、拆词或巧记。
cet4-w-37b36cde40dd685cbf64,turkey,headword,true,,,none,new_content_required,无六级同词；后续查找有证据的词族关系。
cet4-w-d45618ac0c4d51c2a3b7,turn,headword,false,085f3395-9d88-4a13-8078-ad55b5c011ed,turn,exact,pending_content_review,同词命中仅建立审核入口；不自动复制释义、拆词或巧记。
cet4-w-d95b38b76531823a4dab,tutor,headword,true,376ad1b9-3c86-464f-ad92-abd1732bb8ce,tutor,exact,pending_content_review,同词命中仅建立审核入口；不自动复制释义、拆词或巧记。
cet4-w-16885497cbde853d1f50,tutorial,listed_related,false,,,none,new_content_required,无六级同词；后续查找有证据的词族关系。
cet4-w-df8bf507359936641371,TV,headword,false,,,none,new_content_required,无六级同词；后续查找有证据的词族关系。
cet4-w-0722da6de16af2f831f5,twelfth,listed_related,false,,,none,new_content_required,无六级同词；后续查找有证据的词族关系。
cet4-w-0a57c676ea4c087b6d0d,twelve,headword,false,,,none,new_content_required,无六级同词；后续查找有证据的词族关系。
cet4-w-24f7391b283a970e0830,twentieth,listed_related,false,,,none,new_content_required,无六级同词；后续查找有证据的词族关系。
cet4-w-e12bdf50e83c264054d7,twenty,headword,false,,,none,new_content_required,无六级同词；后续查找有证据的词族关系。
cet4-w-95b420e1f223e171de21,twice,headword,false,,,none,new_content_required,无六级同词；后续查找有证据的词族关系。
cet4-w-24eae2f5093858c0472f,twin,headword,true,,,none,new_content_required,无六级同词；后续查找有证据的词族关系。
cet4-w-28521b97a349c7dff79b,twist,headword,true,dda8dc4b-d840-4ee7-b96c-635645f6633f,twist,exact,pending_content_review,同词命中仅建立审核入口；不自动复制释义、拆词或巧记。
cet4-w-83db9bcaaae12bc21c1c,two,headword,false,,,none,new_content_required,无六级同词；后续查找有证据的词族关系。
cet4-w-62cc52603e4ec5202ece,type,headword,true,13c2728c-88b2-40e1-81fb-b189c29991f5,type,exact,pending_content_review,同词命中仅建立审核入口；不自动复制释义、拆词或巧记。
cet4-w-192f56a08f42893dae10,typewriter,headword,true,,,none,new_content_required,无六级同词；后续查找有证据的词族关系。
cet4-w-c02141003e8d46b64104,typical,headword,true,,,none,new_content_required,无六级同词；后续查找有证据的词族关系。
cet4-w-4821c17f46c1501b254c,typist,listed_related,true,75ad0972-7a7e-4d61-b025-f129fa487468,typist,exact,pending_content_review,同词命中仅建立审核入口；不自动复制释义、拆词或巧记。
cet4-w-3eb4636153ecf9ddc708,ugliness,listed_related,false,,,none,new_content_required,无六级同词；后续查找有证据的词族关系。
cet4-w-3ed841223682704cec1e,ugly,headword,true,,,none,new_content_required,无六级同词；后续查找有证据的词族关系。
cet4-w-2b5acc5dbfbbf9c04f5a,ultimate,headword,true,ba173f57-12b5-4980-a16c-e9e286f48a83,ultimate,exact,pending_content_review,同词命中仅建立审核入口；不自动复制释义、拆词或巧记。
cet4-w-a6fb1529ed973e2eba00,ultimately,listed_related,true,ba24a821-0bed-40b8-a9f3-31ec9196842d,ultimately,exact,pending_content_review,同词命中仅建立审核入口；不自动复制释义、拆词或巧记。
cet4-w-0aca5a8372ead7d1cf61,umbrella,headword,false,,,none,new_content_required,无六级同词；后续查找有证据的词族关系。
cet4-w-bd44cb0d84fbf7e27677,uncertain,headword,true,,,none,new_content_required,无六级同词；后续查找有证据的词族关系。
cet4-w-10aa667ae66814d13949,uncertainty,listed_related,false,,,none,new_content_required,无六级同词；后续查找有证据的词族关系。
cet4-w-06ac4955c9e6b92d93f5,uncle,headword,false,,,none,new_content_required,无六级同词；后续查找有证据的词族关系。
cet4-w-c5ff14bc63c268e80081,uncover,headword,true,,,none,new_content_required,无六级同词；后续查找有证据的词族关系。
cet4-w-f85708cc923cf74d8f64,under,headword,false,03037378-2be8-4d61-8fd2-842bd285cf71,under,exact,pending_content_review,同词命中仅建立审核入口；不自动复制释义、拆词或巧记。
cet4-w-099347927fe93ee06f5c,underdeveloped,headword,false,,,none,new_content_required,无六级同词；后续查找有证据的词族关系。
cet4-w-4db6ad47ba5dad859686,underestimate,headword,false,eac654db-2a0d-4067-9e9f-39cd85f5b9b5,underestimate,exact,pending_content_review,同词命中仅建立审核入口；不自动复制释义、拆词或巧记。
cet4-w-9a98a3017329980af6fc,undergo,headword,true,3dcbe7eb-00fb-4d64-a22f-8678d41ab3ed,undergo,exact,pending_content_review,同词命中仅建立审核入口；不自动复制释义、拆词或巧记。
cet4-w-367244a29f09c2502a07,undergraduate,headword,true,,,none,new_content_required,无六级同词；后续查找有证据的词族关系。
cet4-w-c76f166f1261b52c70a9,underground,headword,false,,,none,new_content_required,无六级同词；后续查找有证据的词族关系。
cet4-w-05642ce1449864c54812,underline,headword,true,,,none,new_content_required,无六级同词；后续查找有证据的词族关系。
cet4-w-49df9c562ffad66588a8,undermine,headword,false,49a4a848-6293-4a64-82bc-734a47d15c8e,undermine,exact,pending_content_review,同词命中仅建立审核入口；不自动复制释义、拆词或巧记。
cet4-w-1686692a9e258ab590f1,underneath,headword,true,,,none,new_content_required,无六级同词；后续查找有证据的词族关系。
cet4-w-13e9708d46b61c9ed6d8,understand,headword,false,6f6ec09c-c364-4d34-b13a-af1005bd7569,understand,exact,pending_content_review,同词命中仅建立审核入口；不自动复制释义、拆词或巧记。
cet4-w-76965f1198a21f2bd900,understanding,listed_related,true,318be575-ce0d-4200-aae0-13a128a0aeca,understanding,exact,pending_content_review,同词命中仅建立审核入口；不自动复制释义、拆词或巧记。
cet4-w-7d56d1021b53f3bc8b20,undertake,headword,true,,,none,new_content_required,无六级同词；后续查找有证据的词族关系。
cet4-w-31da33cd78d42adb2c9c,undertaking,listed_related,true,,,none,new_content_required,无六级同词；后续查找有证据的词族关系。
cet4-w-0f8aa0d23dc0492f8cd0,underwear,headword,false,,,none,new_content_required,无六级同词；后续查找有证据的词族关系。
cet4-w-da1f82bd18a42a86b340,undo,headword,true,,,none,new_content_required,无六级同词；后续查找有证据的词族关系。
cet4-w-7f1d898e0354ddad86de,undoubtedly,headword,true,,,none,new_content_required,无六级同词；后续查找有证据的词族关系。
cet4-w-7444ce3bec73d5ec65d1,uneasy,headword,true,,,none,new_content_required,无六级同词；后续查找有证据的词族关系。
cet4-w-bac60151f4223b0dc2e9,unemployed,headword,false,9308f18c-4dd9-48c4-8e43-c42da1eae96b,unemployed,exact,pending_content_review,同词命中仅建立审核入口；不自动复制释义、拆词或巧记。
cet4-w-cb7406bf170d9df087e3,unemployment,listed_related,false,537de570-c015-4531-b3b7-64735689ba48,unemployment,exact,pending_content_review,同词命中仅建立审核入口；不自动复制释义、拆词或巧记。
cet4-w-aab635fba6530c962dbb,uniform,headword,true,36821505-4bb0-465b-9a32-88e7d58d59f2,uniform,exact,pending_content_review,同词命中仅建立审核入口；不自动复制释义、拆词或巧记。
cet4-w-e4f678199eba4c417dd6,uniformity,listed_related,false,,,none,new_content_required,无六级同词；后续查找有证据的词族关系。
cet4-w-ad34724bc90be8119390,union,headword,true,98c7846e-15a5-4f13-af0f-2b1ad25ac804,union,exact,pending_content_review,同词命中仅建立审核入口；不自动复制释义、拆词或巧记。
cet4-w-f45ea44cae7da27d1a8b,unique,headword,true,b7a6ff73-d342-402d-85af-87048707f68c,unique,exact,pending_content_review,同词命中仅建立审核入口；不自动复制释义、拆词或巧记。
cet4-w-9e88fdeff75630d4fb1c,unit,headword,true,9639c8e8-b1a9-4d1a-b739-f71196d4d12b,unit,exact,pending_content_review,同词命中仅建立审核入口；不自动复制释义、拆词或巧记。
cet4-w-39c47aa281aa2ca40590,unite,headword,true,cfa7bd4c-4632-473f-bf5e-71b66cbe1561,unite,exact,pending_content_review,同词命中仅建立审核入口；不自动复制释义、拆词或巧记。
cet4-w-c560c7c4a1118645771e,unity,listed_related,true,3fd636a6-331f-461c-861d-bb49a322c4bc,unity,exact,pending_content_review,同词命中仅建立审核入口；不自动复制释义、拆词或巧记。
cet4-w-8a0945084118a4894974,universal,listed_related,true,61c36462-eb1f-41c2-8e49-001ff5107c98,universal,exact,pending_content_review,同词命中仅建立审核入口；不自动复制释义、拆词或巧记。
cet4-w-d7f5f8fdeeaf83e2df17,universe,headword,true,41794228-7fd7-41cb-9b97-0f4f1dd5da43,universe,exact,pending_content_review,同词命中仅建立审核入口；不自动复制释义、拆词或巧记。
cet4-w-dba36ac52203d2c1da6a,university,headword,true,9afd7c21-64f1-4bd1-abaa-3c18a67a31e8,university,exact,pending_content_review,同词命中仅建立审核入口；不自动复制释义、拆词或巧记。
cet4-w-fb6ab6bd63a92b9501f0,unless,headword,true,,,none,new_content_required,无六级同词；后续查找有证据的词族关系。
cet4-w-f2c8f6192440e82c8d00,until,headword,false,,,none,new_content_required,无六级同词；后续查找有证据的词族关系。
cet4-w-f302da3eb2533c9061ec,up,headword,false,ab7322ea-987d-403f-bc8d-1f71f209aa14,up,exact,pending_content_review,同词命中仅建立审核入口；不自动复制释义、拆词或巧记。
cet4-w-c1b9fce8ba3dcf911928,up-to-date,headword,true,,,none,new_content_required,无六级同词；后续查找有证据的词族关系。
cet4-w-fd401cbf1e82702c1b23,update,headword,false,f30ff7b1-8d6c-470d-b6e3-5a2315fe104d,update,exact,pending_content_review,同词命中仅建立审核入口；不自动复制释义、拆词或巧记。
cet4-w-35fbe2b8fdb28757e732,upgrade,headword,false,9aea4c6d-9739-4f00-b1c8-7d80ff97c835,upgrade,exact,pending_content_review,同词命中仅建立审核入口；不自动复制释义、拆词或巧记。
cet4-w-c82c229601f03b0ffd04,upload,headword,false,,,none,new_content_required,无六级同词；后续查找有证据的词族关系。
cet4-w-fdc93124f54d6e066f21,upon,headword,true,,,none,new_content_required,无六级同词；后续查找有证据的词族关系。
cet4-w-79e029d5c2fccba0ea08,upper,headword,true,,,none,new_content_required,无六级同词；后续查找有证据的词族关系。
cet4-w-bddeb8806f0c8c34c719,upright,headword,true,99baaf9d-baad-4138-be24-4922a37f069a,upright,exact,pending_content_review,同词命中仅建立审核入口；不自动复制释义、拆词或巧记。
cet4-w-2c201d5c37a355f5fbee,upset,headword,true,,,none,new_content_required,无六级同词；后续查找有证据的词族关系。
cet4-w-a46a5e3812d9426d96ac,upstairs,headword,true,,,none,new_content_required,无六级同词；后续查找有证据的词族关系。
cet4-w-5b9be1e6f66c2c5b09fe,upward,headword,true,,,none,new_content_required,无六级同词；后续查找有证据的词族关系。
cet4-w-71ee1d23b6eecffb4ca1,upwards,listed_related,true,,,none,new_content_required,无六级同词；后续查找有证据的词族关系。
cet4-w-bb90264434c3aaf23b25,urban,headword,true,19994e37-cb42-4308-a4d3-ee236167f47a,urban,exact,pending_content_review,同词命中仅建立审核入口；不自动复制释义、拆词或巧记。
cet4-w-aac648409f485a136092,urbanization,listed_related,false,68203d31-5834-4c95-96be-bd159041a36c,urbanization,exact,pending_content_review,同词命中仅建立审核入口；不自动复制释义、拆词或巧记。
cet4-w-5fea63b8027519abdef8,urbanize,listed_related,false,709790e8-375a-4426-83d1-1db83e258743,urbanize,exact,pending_content_review,同词命中仅建立审核入口；不自动复制释义、拆词或巧记。
cet4-w-c90b11ba89f30fc4902b,urge,headword,true,af4796d0-123d-4a53-ba1c-071b5af80b33,urge,exact,pending_content_review,同词命中仅建立审核入口；不自动复制释义、拆词或巧记。
cet4-w-b14ee7fe1de0b253ea41,urgency,listed_related,false,0e6708a9-34b0-4767-9763-3bd82b03f61d,urgency,exact,pending_content_review,同词命中仅建立审核入口；不自动复制释义、拆词或巧记。
cet4-w-060f443d1623fcf1b5d1,urgent,headword,true,28575ed0-fa29-48bf-b07a-97dc0362f8c4,urgent,exact,pending_content_review,同词命中仅建立审核入口；不自动复制释义、拆词或巧记。
cet4-w-3b9258584061123ba32b,us,headword,false,,,none,new_content_required,无六级同词；后续查找有证据的词族关系。
cet4-w-e2f2cba16328f7a6ab29,usage,headword,true,,,none,new_content_required,无六级同词；后续查找有证据的词族关系。
cet4-w-4d77110aab4c5ebf6a40,use,headword,false,d2911dee-84dd-44a1-acd1-8ca752373ae2,use,exact,pending_content_review,同词命中仅建立审核入口；不自动复制释义、拆词或巧记。
cet4-w-fdd28331f9b6ef98b09e,used,headword,true,,,none,new_content_required,无六级同词；后续查找有证据的词族关系。
cet4-w-cc8c281c4398dda8cc16,useful,listed_related,true,fcbcba46-249f-43f5-b126-ddbc95f04442,useful,exact,pending_content_review,同词命中仅建立审核入口；不自动复制释义、拆词或巧记。
cet4-w-a3ea865ae39b635ea8fc,useless,listed_related,true,,,none,new_content_required,无六级同词；后续查找有证据的词族关系。
cet4-w-3f82eef9b262b58ef5d1,user,listed_related,true,a96d2dc4-bc13-4ecb-9812-800f47bccc28,user,exact,pending_content_review,同词命中仅建立审核入口；不自动复制释义、拆词或巧记。
cet4-w-98535a6444f51a92f1d4,usual,headword,true,79dfef16-8b71-4823-8041-d1e602654746,usual,exact,pending_content_review,同词命中仅建立审核入口；不自动复制释义、拆词或巧记。
cet4-w-5b345ea304585646448a,usually,listed_related,false,9a051484-4543-4ee1-9d01-c67ab5a60671,usually,exact,pending_content_review,同词命中仅建立审核入口；不自动复制释义、拆词或巧记。
cet4-w-498bc120fb6a909271f7,utility,headword,true,128700ed-6fd9-4b88-8699-7a6255547f90,utility,exact,pending_content_review,同词命中仅建立审核入口；不自动复制释义、拆词或巧记。
cet4-w-8785178db1b544382c49,utilization,listed_related,false,892e9c91-8e44-4f9d-981a-ec8cd541688d,utilization,exact,pending_content_review,同词命中仅建立审核入口；不自动复制释义、拆词或巧记。
cet4-w-b95bf889f29f34a54673,utilize,headword,true,a3d1d5b2-3aa5-4f01-ac1f-64793d3f0b84,utilize,exact,pending_content_review,同词命中仅建立审核入口；不自动复制释义、拆词或巧记。
cet4-w-c464e39b775adad8c4b8,utmost,headword,true,4bc93f20-51b7-406f-b751-713e19bf8545,utmost,exact,pending_content_review,同词命中仅建立审核入口；不自动复制释义、拆词或巧记。
cet4-w-b806649814bf77da0c1c,utter,headword,true,,,none,new_content_required,无六级同词；后续查找有证据的词族关系。
cet4-w-8ba284991e087b9e5e8b,utterly,listed_related,false,,,none,new_content_required,无六级同词；后续查找有证据的词族关系。
cet4-w-d0ad2461e63af87492f2,vacancy,listed_related,false,f9b771a7-860b-4bbc-bf63-d13d3a1909eb,vacancy,exact,pending_content_review,同词命中仅建立审核入口；不自动复制释义、拆词或巧记。
cet4-w-82c6379169f1de382ff2,vacant,headword,true,49eade78-4123-4576-b363-40b25f415796,vacant,exact,pending_content_review,同词命中仅建立审核入口；不自动复制释义、拆词或巧记。
cet4-w-b1999d773950aa4924b6,vacation,headword,true,143b57a1-97ed-43da-a8a4-8efb91079531,vacation,exact,pending_content_review,同词命中仅建立审核入口；不自动复制释义、拆词或巧记。
cet4-w-4e5e9cbb54e0593f1d40,vacuum,headword,true,,,none,new_content_required,无六级同词；后续查找有证据的词族关系。
cet4-w-2c9af958d1646bc710a4,vague,headword,true,3ca1a44c-e89e-4fb6-8461-b6645507a4c1,vague,exact,pending_content_review,同词命中仅建立审核入口；不自动复制释义、拆词或巧记。
cet4-w-140004ec5f4a0f1d683e,vain,headword,true,d6ffd5ed-21ea-457e-ab50-9526794810a4,vain,exact,pending_content_review,同词命中仅建立审核入口；不自动复制释义、拆词或巧记。
cet4-w-9ca5ecd2bc43e8e6267a,valid,headword,true,406fc7a3-31e4-4cfe-8e57-bedbd5e58229,valid,exact,pending_content_review,同词命中仅建立审核入口；不自动复制释义、拆词或巧记。
cet4-w-e52aabb738f5f35b9417,validate,listed_related,false,1edbc373-11d1-4c52-9707-04241bd73f16,validate,exact,pending_content_review,同词命中仅建立审核入口；不自动复制释义、拆词或巧记。
cet4-w-9333879800eada1396e0,validity,listed_related,false,a49e8064-f421-4a81-8cb1-85173beefbe2,validity,exact,pending_content_review,同词命中仅建立审核入口；不自动复制释义、拆词或巧记。
cet4-w-06e1da3d2ca975611704,valley,headword,true,,,none,new_content_required,无六级同词；后续查找有证据的词族关系。
cet4-w-692916c6ddbb374410fa,valuable,listed_related,true,551c1599-03e9-4d01-9564-9ab4bcb8dc7e,valuable,exact,pending_content_review,同词命中仅建立审核入口；不自动复制释义、拆词或巧记。
cet4-w-85c0623c879158e9498a,value,headword,true,94db06c0-7f5f-48a4-8e35-2f3d4080b633,value,exact,pending_content_review,同词命中仅建立审核入口；不自动复制释义、拆词或巧记。
cet4-w-ecb0befc809395be545b,van,headword,true,c2f927ae-2eec-4c2f-9f4a-07a15f8d6bee,van,exact,pending_content_review,同词命中仅建立审核入口；不自动复制释义、拆词或巧记。
cet4-w-4fd32a3703806f4b2173,vanish,headword,true,b41ce868-3a06-415f-a6cc-cdc2117c0ac7,vanish,exact,pending_content_review,同词命中仅建立审核入口；不自动复制释义、拆词或巧记。
cet4-w-e55e400ff7aa0d41dd37,vanity,listed_related,true,2a3ab85e-aba4-4b5c-856a-fa93796ddd67,vanity,exact,pending_content_review,同词命中仅建立审核入口；不自动复制释义、拆词或巧记。
cet4-w-3c9f0dd1f97f075bcfd9,vapor,headword,true,0826b98f-4458-4c91-b0cf-a82f546369f1,vapor,exact,pending_content_review,同词命中仅建立审核入口；不自动复制释义、拆词或巧记。
cet4-w-116a1d8f0766113acaa4,variable,listed_related,true,,,none,new_content_required,无六级同词；后续查找有证据的词族关系。
cet4-w-da0439fe0b0002f1dafd,variant,listed_related,false,,,none,new_content_required,无六级同词；后续查找有证据的词族关系。
cet4-w-f8182d039edeaa5a7b07,variation,listed_related,true,680d92f2-74b4-40e6-a056-1b71cfa86346,variation,exact,pending_content_review,同词命中仅建立审核入口；不自动复制释义、拆词或巧记。
cet4-w-e45e61bb2daeed2ad1d0,variety,listed_related,true,,,none,new_content_required,无六级同词；后续查找有证据的词族关系。
cet4-w-a36bc19de874efc95605,various,headword,true,2afa7cc6-68ac-4c5a-93b5-6849f89e2acb,various,exact,pending_content_review,同词命中仅建立审核入口；不自动复制释义、拆词或巧记。
cet4-w-546b701a7bf864284460,vary,headword,true,88f473de-73b0-4b50-bfc9-95dda1522808,vary,exact,pending_content_review,同词命中仅建立审核入口；不自动复制释义、拆词或巧记。
cet4-w-748b675af624f0def982,vast,headword,true,c9815c24-d0ef-4e79-9dd0-d95ca6685afd,vast,exact,pending_content_review,同词命中仅建立审核入口；不自动复制释义、拆词或巧记。
cet4-w-44d2a769b744017e4b37,vegetable,headword,false,5b4b940e-a257-44e8-bab0-9d63ef46587f,vegetable,exact,pending_content_review,同词命中仅建立审核入口；不自动复制释义、拆词或巧记。
cet4-w-b4540dd842ead86a3a05,vegetarian,listed_related,false,,,none,new_content_required,无六级同词；后续查找有证据的词族关系。
cet4-w-2bd0fac62740d89457ca,vehicle,headword,true,1439af4d-3b36-4ed9-8fde-60c83e91a0d7,vehicle,exact,pending_content_review,同词命中仅建立审核入口；不自动复制释义、拆词或巧记。
cet4-w-db9089499964db83f716,veil,headword,true,f6f53076-1fb6-4cdc-bb71-f7d0b4449897,veil,exact,pending_content_review,同词命中仅建立审核入口；不自动复制释义、拆词或巧记。
cet4-w-4d1f9534e8bedb4c75f0,vendor,headword,false,,,none,new_content_required,无六级同词；后续查找有证据的词族关系。
cet4-w-7a52a2b9b3962548e58a,venture,headword,true,26228a1f-7b35-498b-8b29-d072d7538e77,venture,exact,pending_content_review,同词命中仅建立审核入口；不自动复制释义、拆词或巧记。
cet4-w-e65daeadbd7ea15c6f84,verb,headword,true,,,none,new_content_required,无六级同词；后续查找有证据的词族关系。
cet4-w-766fd061688cf71d53ae,verbal,listed_related,false,c90e6ebb-d22c-4cdf-872d-97db910a3500,verbal,exact,pending_content_review,同词命中仅建立审核入口；不自动复制释义、拆词或巧记。
cet4-w-84833db5dc1b6b536548,verification,listed_related,false,f6943e48-e505-4642-a82d-a67f0ac3e59d,verification,exact,pending_content_review,同词命中仅建立审核入口；不自动复制释义、拆词或巧记。
cet4-w-9e796bc00b51dfa00155,verify,headword,true,871c1eb9-e534-40d7-8770-6913582010d9,verify,exact,pending_content_review,同词命中仅建立审核入口；不自动复制释义、拆词或巧记。
cet4-w-9f3342bcd7b4446763f9,version,headword,true,07f9d1ff-f0b5-461e-b958-99e36372f145,version,exact,pending_content_review,同词命中仅建立审核入口；不自动复制释义、拆词或巧记。
cet4-w-a529ddae0f7977e90aac,versus,headword,false,f1ce1582-484b-4005-a196-12cf14286db5,versus,exact,pending_content_review,同词命中仅建立审核入口；不自动复制释义、拆词或巧记。
cet4-w-15af9ba4a560466ac591,vertical,headword,true,780c3082-6b89-458d-ae8d-cb92bf937716,vertical,exact,pending_content_review,同词命中仅建立审核入口；不自动复制释义、拆词或巧记。
cet4-w-bf0a14781272df9bb1b8,very,headword,false,93f7e811-9e09-4433-bdfe-95d3a90d2758,very,exact,pending_content_review,同词命中仅建立审核入口；不自动复制释义、拆词或巧记。
cet4-w-86b3c3e452bbc0fe696e,vessel,headword,true,,,none,new_content_required,无六级同词；后续查找有证据的词族关系。
cet4-w-badca6514395333837c3,veteran,headword,true,,,none,new_content_required,无六级同词；后续查找有证据的词族关系。
cet4-w-7ce238ec855cb5add3ba,veto,headword,false,e479c0e1-668d-405f-886c-a3ff85fedeee,veto,exact,pending_content_review,同词命中仅建立审核入口；不自动复制释义、拆词或巧记。
cet4-w-22422048f61d94fea4d9,via,headword,true,9a3b44f0-fcde-4c28-b99e-330dbd42474f,via,exact,pending_content_review,同词命中仅建立审核入口；不自动复制释义、拆词或巧记。
cet4-w-b19e66d05bb7515abf58,victim,headword,true,ebd5ac79-70d6-4b70-ac0e-00c06018497e,victim,exact,pending_content_review,同词命中仅建立审核入口；不自动复制释义、拆词或巧记。
cet4-w-053ffc211d4034397efa,victimize,listed_related,false,66b90e5d-7ad5-4168-b265-42f70832c42a,victimize,exact,pending_content_review,同词命中仅建立审核入口；不自动复制释义、拆词或巧记。
cet4-w-f010c8c2aabf8e2ee53c,victorious,listed_related,true,,,none,new_content_required,无六级同词；后续查找有证据的词族关系。
cet4-w-8b870d3b9c39facc696d,victory,headword,true,62e398e8-e715-4c9e-bff5-b9159a72c167,victory,exact,pending_content_review,同词命中仅建立审核入口；不自动复制释义、拆词或巧记。
cet4-w-0502e04a07516bde5e10,video,headword,true,,,none,new_content_required,无六级同词；后续查找有证据的词族关系。
cet4-w-21701ddd5b57106f3670,view,headword,true,f37a186d-aacf-4798-8f02-615812de0abe,view,exact,pending_content_review,同词命中仅建立审核入口；不自动复制释义、拆词或巧记。
cet4-w-48975a3118d7e41b7422,viewpoint,headword,true,,,none,new_content_required,无六级同词；后续查找有证据的词族关系。
cet4-w-6ab8edb9e22d0a5e6c35,vigor,headword,false,57a205a6-082b-4a40-be0c-b779e71922e0,vigor,exact,pending_content_review,同词命中仅建立审核入口；不自动复制释义、拆词或巧记。
cet4-w-abb770693a385b6230d5,vigorous,listed_related,true,4287d14f-5c19-4ea3-b357-8e07ba253eaa,vigorous,exact,pending_content_review,同词命中仅建立审核入口；不自动复制释义、拆词或巧记。
cet4-w-6f377c8834988bce5bc8,village,headword,false,,,none,new_content_required,无六级同词；后续查找有证据的词族关系。
cet4-w-de621ab135d52ac4b190,villager,listed_related,false,,,none,new_content_required,无六级同词；后续查找有证据的词族关系。
cet4-w-890bff96237223731010,vinegar,headword,true,,,none,new_content_required,无六级同词；后续查找有证据的词族关系。
cet4-w-3bbfea62bcde5e36da2a,violate,headword,false,e5b492f5-c19e-401a-8ccf-97c168d7f7c4,violate,exact,pending_content_review,同词命中仅建立审核入口；不自动复制释义、拆词或巧记。
cet4-w-36d3120813cb12112b4e,violation,listed_related,false,,,none,new_content_required,无六级同词；后续查找有证据的词族关系。
cet4-w-18be217fb854e90ed5d3,violence,listed_related,true,88c844da-63c4-4033-9a45-6be7a0937021,violence,exact,pending_content_review,同词命中仅建立审核入口；不自动复制释义、拆词或巧记。
cet4-w-09cd314088c85fc67d9b,violent,headword,true,35fc8612-c904-4722-b339-e0ce5fb135f1,violent,exact,pending_content_review,同词命中仅建立审核入口；不自动复制释义、拆词或巧记。
cet4-w-41e1005d1af51be0c23c,violin,headword,true,4ed30b8e-818f-4867-b57a-9e879ed7a8db,violin,exact,pending_content_review,同词命中仅建立审核入口；不自动复制释义、拆词或巧记。
cet4-w-f67e31e9f7205820bbfd,violinist,listed_related,false,,,none,new_content_required,无六级同词；后续查找有证据的词族关系。
cet4-w-a9bbcfb59ee65d6b44dd,virtual,headword,true,c32256d2-f326-4a98-9ef2-2e8f85b66d26,virtual,exact,pending_content_review,同词命中仅建立审核入口；不自动复制释义、拆词或巧记。
cet4-w-3f368bf27f3876f7cb90,virtually,listed_related,true,0c6ce5ad-ab8a-4fce-9164-327e901188fe,virtually,exact,pending_content_review,同词命中仅建立审核入口；不自动复制释义、拆词或巧记。
cet4-w-15cb5a3878149408fafe,virtue,headword,true,676539df-8ead-4e37-a046-391876fde7b8,virtue,exact,pending_content_review,同词命中仅建立审核入口；不自动复制释义、拆词或巧记。
cet4-w-99716598005e2d8a1c9f,virtuous,listed_related,false,a5b4c0b7-ed8a-4c64-99ec-fc36770e3f4a,virtuous,exact,pending_content_review,同词命中仅建立审核入口；不自动复制释义、拆词或巧记。
cet4-w-3579948a2975001cc3e3,virus,headword,true,4a7ef3ac-ce99-4da7-99c4-fb3db48ba76b,virus,exact,pending_content_review,同词命中仅建立审核入口；不自动复制释义、拆词或巧记。
cet4-w-caee8d76ed5c7518e2c1,visa,headword,false,c0e335bb-c800-4410-aa55-86cb3a869af6,visa,exact,pending_content_review,同词命中仅建立审核入口；不自动复制释义、拆词或巧记。
cet4-w-15004f4beb7f773e686d,visibility,listed_related,false,8f631c08-4aba-486c-afea-c14bd6c8f0de,visibility,exact,pending_content_review,同词命中仅建立审核入口；不自动复制释义、拆词或巧记。
cet4-w-796f49b22d07219b8fc3,visible,headword,true,595c02fa-4fe0-4227-af25-013ac4e79145,visible,exact,pending_content_review,同词命中仅建立审核入口；不自动复制释义、拆词或巧记。
cet4-w-9e914fdb4ee1c77cf562,vision,headword,true,f2767f91-a3a9-4422-8523-d0b71d9156cc,vision,exact,pending_content_review,同词命中仅建立审核入口；不自动复制释义、拆词或巧记。
cet4-w-0facb7bd7ac1e49ccf32,visionary,listed_related,false,,,none,new_content_required,无六级同词；后续查找有证据的词族关系。
cet4-w-5e6604a64b51e081eb09,visit,headword,false,,,none,new_content_required,无六级同词；后续查找有证据的词族关系。
cet4-w-f91449f0610d5ad1255b,visitor,listed_related,true,,,none,new_content_required,无六级同词；后续查找有证据的词族关系。
cet4-w-6c1b6c115a1fa6c062ce,visual,headword,true,317bbaed-71bb-42b2-8685-e8b63bf3105f,visual,exact,pending_content_review,同词命中仅建立审核入口；不自动复制释义、拆词或巧记。
cet4-w-130403f23d5d5a176617,visualize,listed_related,false,d5d32731-48ed-4063-85d1-14b322a7fd56,visualize,exact,pending_content_review,同词命中仅建立审核入口；不自动复制释义、拆词或巧记。
cet4-w-2d0384179f157c28d59f,vital,headword,true,1fb865ca-401f-4baf-8c63-1ba842adf679,vital,exact,pending_content_review,同词命中仅建立审核入口；不自动复制释义、拆词或巧记。
cet4-w-bae14f39466cc9259d46,vitality,listed_related,false,8ce0e083-8f8b-4700-ab5e-7f2ad6ff90dc,vitality,exact,pending_content_review,同词命中仅建立审核入口；不自动复制释义、拆词或巧记。
cet4-w-2a653829ab1996c884e7,vitamin,headword,true,928cbf6a-fdac-41c4-9abf-4d6c6e2a4351,vitamin,exact,pending_content_review,同词命中仅建立审核入口；不自动复制释义、拆词或巧记。
cet4-w-2fd142489d8ef4751941,vivid,headword,true,d0d1897c-ed64-4bda-8371-20fbdd0f471b,vivid,exact,pending_content_review,同词命中仅建立审核入口；不自动复制释义、拆词或巧记。
cet4-w-dd743b7a1eba0da11402,vocabulary,headword,true,,,none,new_content_required,无六级同词；后续查找有证据的词族关系。
cet4-w-c594ff58da76e63d34d5,vocation,headword,false,bb123ada-bb73-4b04-8c62-ca2172451660,vocation,exact,pending_content_review,同词命中仅建立审核入口；不自动复制释义、拆词或巧记。
cet4-w-8b21c40b2a6df7ca245c,vocational,listed_related,false,3d635239-76bb-4e55-b068-45cfed7b54e8,vocational,exact,pending_content_review,同词命中仅建立审核入口；不自动复制释义、拆词或巧记。
cet4-w-d24ccfbf708220513e29,voice,headword,true,dd7bceef-5508-45ee-884d-8246dc4b5b93,voice,exact,pending_content_review,同词命中仅建立审核入口；不自动复制释义、拆词或巧记。
cet4-w-8e620a0ba7dbf15a680e,volcanic,listed_related,false,,,none,new_content_required,无六级同词；后续查找有证据的词族关系。
cet4-w-2dd0c9b1ca9802504df6,volcano,headword,true,,,none,new_content_required,无六级同词；后续查找有证据的词族关系。
cet4-w-6a8476a89824d817b60f,volleyball,headword,true,,,none,new_content_required,无六级同词；后续查找有证据的词族关系。
cet4-w-acc48b584c47df7c65c4,volt,headword,true,d685da90-6418-4a4b-ae3d-72a111dac0f2,volt,exact,pending_content_review,同词命中仅建立审核入口；不自动复制释义、拆词或巧记。
cet4-w-779ceac1719bdecc232e,voltage,listed_related,true,997c3e37-3065-4b82-8270-7d7c279ee09a,voltage,exact,pending_content_review,同词命中仅建立审核入口；不自动复制释义、拆词或巧记。
cet4-w-498f9095f5eb6f02e800,volume,headword,true,d7cb1798-df86-4fd7-a98d-4cc19b831d58,volume,exact,pending_content_review,同词命中仅建立审核入口；不自动复制释义、拆词或巧记。
cet4-w-64318b729526d7919409,voluminous,listed_related,false,,,none,new_content_required,无六级同词；后续查找有证据的词族关系。
cet4-w-a79279ec09743328fcf5,voluntary,listed_related,true,02cf0fe1-6727-4dc2-91a7-fc5ac1af098d,voluntary,exact,pending_content_review,同词命中仅建立审核入口；不自动复制释义、拆词或巧记。
cet4-w-9d7ca67fbe8178576167,volunteer,headword,true,a97a9cc0-d667-4410-b3f7-b5633c825f4f,volunteer,exact,pending_content_review,同词命中仅建立审核入口；不自动复制释义、拆词或巧记。
cet4-w-f82145481d8bdea74bdf,vote,headword,true,6583c09e-c7e4-49a2-806e-a11468c4487e,vote,exact,pending_content_review,同词命中仅建立审核入口；不自动复制释义、拆词或巧记。
cet4-w-e58bb53f10eea48fc9db,voter,listed_related,false,34130671-896e-4016-8786-f714e44fa328,voter,exact,pending_content_review,同词命中仅建立审核入口；不自动复制释义、拆词或巧记。
cet4-w-03b04aa5f06d71b80681,voyage,headword,true,1026049b-388d-4e1f-9699-bd61b94a2adc,voyage,exact,pending_content_review,同词命中仅建立审核入口；不自动复制释义、拆词或巧记。
cet4-w-e8025f3b9a777e7301a0,vulnerability,listed_related,false,4cd8a34a-462d-4979-a1b3-4c5ee94f5caa,vulnerability,exact,pending_content_review,同词命中仅建立审核入口；不自动复制释义、拆词或巧记。
cet4-w-39c1cf4e6fade7f2c987,vulnerable,headword,false,14450120-b872-4583-930a-a2dfd41a7776,vulnerable,exact,pending_content_review,同词命中仅建立审核入口；不自动复制释义、拆词或巧记。
cet4-w-e804aff3febbebc07084,wage,headword,true,,,none,new_content_required,无六级同词；后续查找有证据的词族关系。
cet4-w-b5613e714aef6a916f56,wagon,headword,true,,,none,new_content_required,无六级同词；后续查找有证据的词族关系。
cet4-w-1a78c95fae68b4d35597,waist,headword,true,,,none,new_content_required,无六级同词；后续查找有证据的词族关系。
cet4-w-8d699bbc74c275e70478,wait,headword,false,f5a501f5-72b8-47db-a1de-bb3789b17d93,wait,exact,pending_content_review,同词命中仅建立审核入口；不自动复制释义、拆词或巧记。
cet4-w-9cd3e05702d585deba2a,waiter,listed_related,true,76b3418a-cdb7-4cf3-a064-3c97d3db94ec,waiter,exact,pending_content_review,同词命中仅建立审核入口；不自动复制释义、拆词或巧记。
cet4-w-ac5cca7c2691a13fe148,waitress,listed_related,false,236cde86-b79d-4415-89f2-0172de93b14c,waitress,exact,pending_content_review,同词命中仅建立审核入口；不自动复制释义、拆词或巧记。
cet4-w-e987e80763c8a8ff492a,wake,headword,false,670e33a3-6b88-47b2-a657-ab764e19c2be,wake,exact,pending_content_review,同词命中仅建立审核入口；不自动复制释义、拆词或巧记。
cet4-w-ce50e121f5cfa76552e0,waken,listed_related,true,,,none,new_content_required,无六级同词；后续查找有证据的词族关系。
cet4-w-99dd5da7c7ab0b707cf0,walk,headword,false,,,none,new_content_required,无六级同词；后续查找有证据的词族关系。
cet4-w-b2032feeae9ff17a4cfc,wall,headword,false,86b93554-294a-4132-b626-4196cd6e483e,wall,exact,pending_content_review,同词命中仅建立审核入口；不自动复制释义、拆词或巧记。
cet4-w-ba5bca27e16a973f0eed,wallet,headword,true,2663cfcb-51ce-4e3b-aac1-9bc67b855483,wallet,exact,pending_content_review,同词命中仅建立审核入口；不自动复制释义、拆词或巧记。
cet4-w-aedd836b577592b11103,wander,headword,true,796c0ac2-0200-4d29-8141-1884ee08eb5f,wander,exact,pending_content_review,同词命中仅建立审核入口；不自动复制释义、拆词或巧记。
cet4-w-d8e5cb406d7108bb1521,want,headword,false,,,none,new_content_required,无六级同词；后续查找有证据的词族关系。
cet4-w-c83a6a22eba4e2a5ece9,war,headword,true,070c9e1c-9d73-403c-a00b-e3b24f235322,war,exact,pending_content_review,同词命中仅建立审核入口；不自动复制释义、拆词或巧记。
cet4-w-6e9dcc75828b3fadff6c,ward,headword,false,b45effe6-2b79-480e-a526-e0c6f04e302a,ward,exact,pending_content_review,同词命中仅建立审核入口；不自动复制释义、拆词或巧记。
cet4-w-a5e8eda45ed95554c46a,ware,headword,false,afbf9a07-7a1f-491f-87e7-9bdb527f0309,ware,exact,pending_content_review,同词命中仅建立审核入口；不自动复制释义、拆词或巧记。
cet4-w-7e72b2e5982d983b17bd,warehouse,headword,false,bd98e645-4021-48c2-aed1-bf1f0bfe924c,warehouse,exact,pending_content_review,同词命中仅建立审核入口；不自动复制释义、拆词或巧记。
cet4-w-7e83d7067d03a96d4a2b,warfare,headword,false,858dab43-8570-4970-9528-a5094110750e,warfare,exact,pending_content_review,同词命中仅建立审核入口；不自动复制释义、拆词或巧记。
cet4-w-2382da7d2e2befdf2a6b,warm,headword,false,,,none,new_content_required,无六级同词；后续查找有证据的词族关系。
cet4-w-edd0fb4b9e6b56743392,warmth,listed_related,true,,,none,new_content_required,无六级同词；后续查找有证据的词族关系。
cet4-w-b3986b21dda08a2841ec,warn,headword,true,5f102b6e-2ec8-4ee5-9572-a26e7f1dc21f,warn,exact,pending_content_review,同词命中仅建立审核入口；不自动复制释义、拆词或巧记。
cet4-w-cf5847909ba151b9d350,warning,listed_related,false,c81725b3-2cd6-418c-9e90-f4473c2453a5,warning,exact,pending_content_review,同词命中仅建立审核入口；不自动复制释义、拆词或巧记。
cet4-w-539b5e1e1370c9f4120e,warrior,headword,false,,,none,new_content_required,无六级同词；后续查找有证据的词族关系。
cet4-w-7e8f7e576ca8d4a2232b,wary,headword,false,,,none,new_content_required,无六级同词；后续查找有证据的词族关系。
cet4-w-050d2b03846d119b2f7b,wash,headword,false,,,none,new_content_required,无六级同词；后续查找有证据的词族关系。
cet4-w-fa39d587b5e5e23941e4,washing,listed_related,false,,,none,new_content_required,无六级同词；后续查找有证据的词族关系。
cet4-w-bed79657905d590bc175,waste,headword,true,,,none,new_content_required,无六级同词；后续查找有证据的词族关系。
cet4-w-a3ba523db12bca0cb4cb,wasteful,listed_related,false,,,none,new_content_required,无六级同词；后续查找有证据的词族关系。
cet4-w-a4605194a9976595fe1f,watch,headword,false,,,none,new_content_required,无六级同词；后续查找有证据的词族关系。
cet4-w-388609b37c689bcfd8cb,watchful,listed_related,false,,,none,new_content_required,无六级同词；后续查找有证据的词族关系。
cet4-w-0b9b61d5bb52d3cddf10,water,headword,false,95bce2cd-165f-4a99-8e53-7a5479970935,water,exact,pending_content_review,同词命中仅建立审核入口；不自动复制释义、拆词或巧记。
cet4-w-dc6e760b89536c8bc97d,waterproof,headword,true,,,none,new_content_required,无六级同词；后续查找有证据的词族关系。
cet4-w-48ca04f847cfc24153be,watertight,headword,false,8a28b2ba-9bcf-4e78-ac41-b456ad46006c,watertight,exact,pending_content_review,同词命中仅建立审核入口；不自动复制释义、拆词或巧记。
cet4-w-ed0d2af5180f67e4bea3,wave,headword,true,62a2f53b-4ea2-4eeb-ab89-c2ee99c1a1a0,wave,exact,pending_content_review,同词命中仅建立审核入口；不自动复制释义、拆词或巧记。
cet4-w-69537138f12056be5edf,wavy,listed_related,false,,,none,new_content_required,无六级同词；后续查找有证据的词族关系。
cet4-w-972487241cd9b0281003,wax,headword,true,e17c24f6-d646-4303-b72b-df9b7df6498f,wax,exact,pending_content_review,同词命中仅建立审核入口；不自动复制释义、拆词或巧记。
cet4-w-9e072095b6e775b87b41,way,headword,false,30b4d743-0169-4879-96e9-9482e229c6a3,way,exact,pending_content_review,同词命中仅建立审核入口；不自动复制释义、拆词或巧记。
cet4-w-aebeabb1711af78bc5ec,we,headword,false,,,none,new_content_required,无六级同词；后续查找有证据的词族关系。
cet4-w-9a13b22001673f8f4bad,weak,headword,true,6dfab08e-321e-45e9-a829-43cb26ab363d,weak,exact,pending_content_review,同词命中仅建立审核入口；不自动复制释义、拆词或巧记。
cet4-w-ba7101bba76ec25c8858,weaken,listed_related,true,,,none,new_content_required,无六级同词；后续查找有证据的词族关系。
cet4-w-14e8480874f29ba5bbd2,weakness,listed_related,true,96720440-1b1b-43f2-8c9a-605f1eeb4893,weakness,exact,pending_content_review,同词命中仅建立审核入口；不自动复制释义、拆词或巧记。
cet4-w-97b2a85bb619e395a60b,wealth,headword,true,59a2e573-2e07-4d71-a277-5992f5791ddb,wealth,exact,pending_content_review,同词命中仅建立审核入口；不自动复制释义、拆词或巧记。
cet4-w-3fbf43fbef97584fd8ec,wealthy,listed_related,true,ad7056f3-0279-4c0a-9a6f-854893970baa,wealthy,exact,pending_content_review,同词命中仅建立审核入口；不自动复制释义、拆词或巧记。
cet4-w-81defd1362c2df09bf64,weapon,headword,true,06e9a434-17e2-4bdb-b66a-06d7a36fd3ee,weapon,exact,pending_content_review,同词命中仅建立审核入口；不自动复制释义、拆词或巧记。
cet4-w-fb27f0a3ff4b48a054a2,wear,headword,false,71db360c-764f-4b6c-9f40-e4215b30faca,wear,exact,pending_content_review,同词命中仅建立审核入口；不自动复制释义、拆词或巧记。
cet4-w-311d7ced1d4b3a64f41c,weather,headword,false,4669a8db-7946-4e94-ac7f-ae26b740a5e9,weather,exact,pending_content_review,同词命中仅建立审核入口；不自动复制释义、拆词或巧记。
cet4-w-7a9a2aa758de8445324c,weave,headword,true,,,none,new_content_required,无六级同词；后续查找有证据的词族关系。
cet4-w-e1393162aad1134c1365,web,headword,false,1ffab033-e372-4dfd-a906-a59e9d8b5d05,web,exact,pending_content_review,同词命中仅建立审核入口；不自动复制释义、拆词或巧记。
cet4-w-fe9cef4924357474ad11,webcast,headword,false,,,none,new_content_required,无六级同词；后续查找有证据的词族关系。
cet4-w-b5a0f54a9b98b25f084d,website,headword,false,adb03c7e-caf3-4a07-b622-0bc54b6a4127,website,exact,pending_content_review,同词命中仅建立审核入口；不自动复制释义、拆词或巧记。
cet4-w-aa5aebf058aa648f6270,wed,headword,false,,,none,new_content_required,无六级同词；后续查找有证据的词族关系。
cet4-w-7c04ec4169204cfaeb7e,wedding,listed_related,true,,,none,new_content_required,无六级同词；后续查找有证据的词族关系。
cet4-w-1cdf21927cabe95491ff,Wednesday,headword,false,,,none,new_content_required,无六级同词；后续查找有证据的词族关系。
cet4-w-a9f107e38ed6f77a2a1d,weed,headword,true,,,none,new_content_required,无六级同词；后续查找有证据的词族关系。
cet4-w-39ea2505c20e570a7c38,week,headword,false,5e648307-1fcb-43ab-bb34-c6e273a7e889,week,exact,pending_content_review,同词命中仅建立审核入口；不自动复制释义、拆词或巧记。
cet4-w-f52f4a9db8b6cd8b6bce,weekday,headword,true,,,none,new_content_required,无六级同词；后续查找有证据的词族关系。
cet4-w-5d39275530dd5c729fde,weekend,headword,false,bc9f82d5-c155-4573-b345-ae34d2f600e8,weekend,exact,pending_content_review,同词命中仅建立审核入口；不自动复制释义、拆词或巧记。
cet4-w-8ee00c86bea6a747823a,weekly,listed_related,true,aba0dbe6-7ab0-4139-99e0-7e5351973d7d,weekly,exact,pending_content_review,同词命中仅建立审核入口；不自动复制释义、拆词或巧记。
cet4-w-e70c58c069e6d9948087,weep,headword,true,,,none,new_content_required,无六级同词；后续查找有证据的词族关系。
cet4-w-6e21fcd1aa0d31cd017c,weigh,headword,true,,,none,new_content_required,无六级同词；后续查找有证据的词族关系。
cet4-w-8c641ec54e1e97bff3ea,weight,listed_related,false,094236cb-cd18-4eb8-878e-0f1da7de216c,weight,exact,pending_content_review,同词命中仅建立审核入口；不自动复制释义、拆词或巧记。
cet4-w-de98ff2fadaec28236c8,weird,headword,false,0a717951-c4a8-438a-aaf7-1dd6146caf3b,weird,exact,pending_content_review,同词命中仅建立审核入口；不自动复制释义、拆词或巧记。
cet4-w-aeebafadc4eb1ca1b7fe,welcome,headword,false,,,none,new_content_required,无六级同词；后续查找有证据的词族关系。
cet4-w-538b71b10feef20386f6,welfare,headword,true,,,none,new_content_required,无六级同词；后续查找有证据的词族关系。
cet4-w-85b9141ffb068950d88c,well,headword,false,5ea2ca04-581e-48b0-808f-fe0d6cfe970c,well,exact,pending_content_review,同词命中仅建立审核入口；不自动复制释义、拆词或巧记。
cet4-w-b109087b9ce236dac05a,well-being,headword,false,,,none,new_content_required,无六级同词；后续查找有证据的词族关系。
cet4-w-da4d2d00a9e5fb8106e9,well-known,headword,true,,,none,new_content_required,无六级同词；后续查找有证据的词族关系。
cet4-w-3b75f244ea6cd48e04fe,well-off,headword,false,,,none,new_content_required,无六级同词；后续查找有证据的词族关系。
cet4-w-bb6f644df2449d0a62dd,west,headword,false,,,none,new_content_required,无六级同词；后续查找有证据的词族关系。
cet4-w-f14932b273edd876050a,western,listed_related,false,,,none,new_content_required,无六级同词；后续查找有证据的词族关系。
cet4-w-e006256c97b8b34029c5,westerner,listed_related,false,,,none,new_content_required,无六级同词；后续查找有证据的词族关系。
cet4-w-f801122cf7466cfef739,wet,headword,false,,,none,new_content_required,无六级同词；后续查找有证据的词族关系。
cet4-w-82f554aac35ba0212eb9,whale,headword,true,,,none,new_content_required,无六级同词；后续查找有证据的词族关系。
cet4-w-d88d978845bb50335700,what,headword,false,,,none,new_content_required,无六级同词；后续查找有证据的词族关系。
cet4-w-030a6300fb52295ca0af,whatever,listed_related,true,,,none,new_content_required,无六级同词；后续查找有证据的词族关系。
cet4-w-34e3ea4616743282a79e,whatsoever,listed_related,true,,,none,new_content_required,无六级同词；后续查找有证据的词族关系。
cet4-w-c668e53222a8ca934bad,wheat,headword,true,,,none,new_content_required,无六级同词；后续查找有证据的词族关系。
cet4-w-a8db4662e37b1c7e73d2,wheel,headword,true,745f2274-765e-49f5-8ae7-038497ea55d8,wheel,exact,pending_content_review,同词命中仅建立审核入口；不自动复制释义、拆词或巧记。
cet4-w-91358d84258f73b86432,when,headword,false,,,none,new_content_required,无六级同词；后续查找有证据的词族关系。
cet4-w-ae51e78eb49f07ea88aa,whenever,listed_related,true,,,none,new_content_required,无六级同词；后续查找有证据的词族关系。
cet4-w-fe92836a221a4c389bd5,where,headword,false,d4c1b075-aa9a-430d-a06a-a78fb3f1adac,where,exact,pending_content_review,同词命中仅建立审核入口；不自动复制释义、拆词或巧记。
cet4-w-1ab2939c46aa4308dd34,whereas,headword,true,2567c7fe-3d0a-4177-bb14-e1427a50b794,whereas,exact,pending_content_review,同词命中仅建立审核入口；不自动复制释义、拆词或巧记。
cet4-w-fbd34026742653063fda,wherever,listed_related,true,,,none,new_content_required,无六级同词；后续查找有证据的词族关系。
cet4-w-aeb3796c4a209b073980,whether,headword,false,,,none,new_content_required,无六级同词；后续查找有证据的词族关系。
cet4-w-65305eea4698d2f66b31,which,headword,false,,,none,new_content_required,无六级同词；后续查找有证据的词族关系。
cet4-w-384873c8e32bd5e304ca,whichever,listed_related,true,,,none,new_content_required,无六级同词；后续查找有证据的词族关系。
cet4-w-8cc5e2fc1d7b93d2a6cd,while,headword,false,,,none,new_content_required,无六级同词；后续查找有证据的词族关系。
cet4-w-61636a567564439d0aa4,whilst,headword,true,,,none,new_content_required,无六级同词；后续查找有证据的词族关系。
cet4-w-b8b65cde6104b2fb28d2,whip,headword,true,,,none,new_content_required,无六级同词；后续查找有证据的词族关系。
cet4-w-fbe6fe497f94d89420b5,whisky,headword,true,,,none,new_content_required,无六级同词；后续查找有证据的词族关系。
cet4-w-1beea0beff24c18c3573,whisper,headword,true,,,none,new_content_required,无六级同词；后续查找有证据的词族关系。
cet4-w-8bf9ffd60f45e640b627,whistle,headword,true,,,none,new_content_required,无六级同词；后续查找有证据的词族关系。
cet4-w-00b1349d525754ffb103,white,headword,false,,,none,new_content_required,无六级同词；后续查找有证据的词族关系。
cet4-w-29de5630fa82ad33a95b,who,headword,false,,,none,new_content_required,无六级同词；后续查找有证据的词族关系。
cet4-w-c308e43eb188187f9855,whoever,listed_related,true,,,none,new_content_required,无六级同词；后续查找有证据的词族关系。
cet4-w-33ee091f35e2367ff24b,whole,headword,true,adfacaa0-fa72-426e-9529-f2b7ad559dc6,whole,exact,pending_content_review,同词命中仅建立审核入口；不自动复制释义、拆词或巧记。
cet4-w-b5da3ccf8b05fe322755,wholly,listed_related,true,,,none,new_content_required,无六级同词；后续查找有证据的词族关系。
cet4-w-77461fd91832f8249b92,whom,headword,false,,,none,new_content_required,无六级同词；后续查找有证据的词族关系。
cet4-w-1f24731256e9ec46e352,whose,headword,false,,,none,new_content_required,无六级同词；后续查找有证据的词族关系。
cet4-w-b5389f9998d1d8bf7f4d,why,headword,false,,,none,new_content_required,无六级同词；后续查找有证据的词族关系。
cet4-w-9f5cbf66a263e39f4875,wide,headword,false,27e5d037-f0f7-4490-b259-a5edf51f89ae,wide,exact,pending_content_review,同词命中仅建立审核入口；不自动复制释义、拆词或巧记。
cet4-w-048fcd7f7d4c22e71b16,widen,listed_related,true,a09d51d2-ed27-4a8d-9765-71e312a46078,widen,exact,pending_content_review,同词命中仅建立审核入口；不自动复制释义、拆词或巧记。
cet4-w-ded25450e026cbd56de1,widespread,headword,true,c0e5da01-4fb7-4ea3-8ef9-6fd94e41a6e9,widespread,exact,pending_content_review,同词命中仅建立审核入口；不自动复制释义、拆词或巧记。
cet4-w-a83d15557fdf64165892,widow,headword,true,,,none,new_content_required,无六级同词；后续查找有证据的词族关系。
cet4-w-4a1c05386fa61aeee8c5,widower,listed_related,false,,,none,new_content_required,无六级同词；后续查找有证据的词族关系。
cet4-w-dc46dafcb3c2cd1ab10f,width,listed_related,true,fc3d988a-d74b-49ea-9b6a-9b9fc4973859,width,exact,pending_content_review,同词命中仅建立审核入口；不自动复制释义、拆词或巧记。
cet4-w-636a58384036f0cda8e3,wife,headword,false,3b56e321-96da-4716-afcc-9d1c0963055b,wife,exact,pending_content_review,同词命中仅建立审核入口；不自动复制释义、拆词或巧记。
cet4-w-53a5fb17f0601f2f4257,wild,headword,true,d8587015-8d5c-4179-bee4-8a872a6e609f,wild,exact,pending_content_review,同词命中仅建立审核入口；不自动复制释义、拆词或巧记。
cet4-w-65e02301c47e496fdfd4,wilderness,headword,false,,,none,new_content_required,无六级同词；后续查找有证据的词族关系。
cet4-w-80ac9f3ae87213aa99a0,wildlife,headword,false,97530822-f033-4ef5-af26-8d19aea423e3,wildlife,exact,pending_content_review,同词命中仅建立审核入口；不自动复制释义、拆词或巧记。
cet4-w-22f9f43cb22d067ff3d7,will,headword,false,16aaa419-e511-4b87-9441-e56b83b761a9,will,exact,pending_content_review,同词命中仅建立审核入口；不自动复制释义、拆词或巧记。
cet4-w-5332181ff42ae2f71058,willing,listed_related,true,,,none,new_content_required,无六级同词；后续查找有证据的词族关系。
cet4-w-5ce880b84e240592396c,willingness,listed_related,false,,,none,new_content_required,无六级同词；后续查找有证据的词族关系。
cet4-w-d9c1980e4cf1930205d2,willpower,headword,false,,,none,new_content_required,无六级同词；后续查找有证据的词族关系。
cet4-w-d874431a29a9cbe4d63d,win,headword,true,cb5f9e4a-1a64-4bec-87fa-83f73a7e6deb,win,exact,pending_content_review,同词命中仅建立审核入口；不自动复制释义、拆词或巧记。
cet4-w-63ce5a473bab624d70fc,wind,headword,false,143a0ecc-86f7-4626-9640-ce5d188c2426,wind,exact,pending_content_review,同词命中仅建立审核入口；不自动复制释义、拆词或巧记。
cet4-w-053e6e8afee929f5340c,window,headword,false,,,none,new_content_required,无六级同词；后续查找有证据的词族关系。
cet4-w-1a26b6d816b245349db0,windy,listed_related,false,,,none,new_content_required,无六级同词；后续查找有证据的词族关系。
cet4-w-5d58e188ccf0d6dc5a84,wine,headword,true,e9059aba-625c-4d34-b185-75c1016e0e80,wine,exact,pending_content_review,同词命中仅建立审核入口；不自动复制释义、拆词或巧记。
cet4-w-78ac38da475f506d7ff4,winery,listed_related,false,,,none,new_content_required,无六级同词；后续查找有证据的词族关系。
cet4-w-aec2b93e0d12851fefd6,wing,headword,true,,,none,new_content_required,无六级同词；后续查找有证据的词族关系。
cet4-w-f601332b87f51b5e79ba,winner,listed_related,true,eaea3ce4-0e28-498d-a9df-00da6c70ce87,winner,exact,pending_content_review,同词命中仅建立审核入口；不自动复制释义、拆词或巧记。
cet4-w-d5fe8046eb9b48cc5034,winter,headword,false,,,none,new_content_required,无六级同词；后续查找有证据的词族关系。
cet4-w-9d2ebe4cd578a7cc9788,wipe,headword,true,,,none,new_content_required,无六级同词；后续查找有证据的词族关系。
cet4-w-1db76f55957eaa3f25ae,wire,headword,true,,,none,new_content_required,无六级同词；后续查找有证据的词族关系。
cet4-w-75178902622d5fc460f4,wireless,listed_related,true,,,none,new_content_required,无六级同词；后续查找有证据的词族关系。
cet4-w-c36f8c3a1f39ae276099,wisdom,listed_related,true,,,none,new_content_required,无六级同词；后续查找有证据的词族关系。
cet4-w-d4daf080de52dad6a049,wise,headword,true,d61e588a-a79e-4c4c-8897-cc790639fd61,wise,exact,pending_content_review,同词命中仅建立审核入口；不自动复制释义、拆词或巧记。
cet4-w-997d84b36b10cef95acc,wish,headword,false,,,none,new_content_required,无六级同词；后续查找有证据的词族关系。
cet4-w-2f7d2ebd913a37bf9e3c,wit,headword,true,,,none,new_content_required,无六级同词；后续查找有证据的词族关系。
cet4-w-c0374c8743c0fb28b556,with,headword,false,c91b7e57-a901-4d6b-bbf9-2a418fbfa53a,with,exact,pending_content_review,同词命中仅建立审核入口；不自动复制释义、拆词或巧记。
cet4-w-7dda03830c3ff73a1a08,withdraw,headword,true,e0bd2569-97c6-41b8-bb45-b21b48e6568d,withdraw,exact,pending_content_review,同词命中仅建立审核入口；不自动复制释义、拆词或巧记。
cet4-w-d47cd99eaa1ab273650e,withdrawal,listed_related,false,2578bac3-4711-4dd2-b778-be8cdfc9d539,withdrawal,exact,pending_content_review,同词命中仅建立审核入口；不自动复制释义、拆词或巧记。
cet4-w-268892a9490d74786c5f,within,headword,true,,,none,new_content_required,无六级同词；后续查找有证据的词族关系。
cet4-w-0b96e0a240f32f570ef0,without,headword,false,,,none,new_content_required,无六级同词；后续查找有证据的词族关系。
cet4-w-58aeb1e1d808984e73e1,withstand,headword,true,,,none,new_content_required,无六级同词；后续查找有证据的词族关系。
cet4-w-bed56c7987088379cf12,witness,headword,true,bc9c13db-8df1-40e2-b101-090c38ba79e6,witness,exact,pending_content_review,同词命中仅建立审核入口；不自动复制释义、拆词或巧记。
cet4-w-98f627d1623132f71377,witty,listed_related,false,,,none,new_content_required,无六级同词；后续查找有证据的词族关系。
cet4-w-28a896f4e22e29f921b4,wolf,headword,true,,,none,new_content_required,无六级同词；后续查找有证据的词族关系。
cet4-w-688f79b1888f94059619,woman,headword,false,,,none,new_content_required,无六级同词；后续查找有证据的词族关系。
cet4-w-295fbbd258dfa59af051,wonder,headword,true,,,none,new_content_required,无六级同词；后续查找有证据的词族关系。
cet4-w-4c797933c207fb56269b,wonderful,listed_related,true,,,none,new_content_required,无六级同词；后续查找有证据的词族关系。
cet4-w-b6c8ef78df366aab3122,wood,headword,true,,,none,new_content_required,无六级同词；后续查找有证据的词族关系。
cet4-w-d1859c5ff1307ce49b0f,wooden,listed_related,true,,,none,new_content_required,无六级同词；后续查找有证据的词族关系。
cet4-w-90ac8ee32d57cf914076,wool,headword,true,,,none,new_content_required,无六级同词；后续查找有证据的词族关系。
cet4-w-c256685ceb00f1ce3eb3,woolen,listed_related,true,,,none,new_content_required,无六级同词；后续查找有证据的词族关系。
cet4-w-ae28d96cb6bab002ce96,word,headword,false,,,none,new_content_required,无六级同词；后续查找有证据的词族关系。
cet4-w-fc1984fb158bc7103be3,wording,listed_related,false,,,none,new_content_required,无六级同词；后续查找有证据的词族关系。
cet4-w-0b632c5e3a3f6bec44eb,work,headword,false,,,none,new_content_required,无六级同词；后续查找有证据的词族关系。
cet4-w-41ee12eebcb945d55b91,worker,listed_related,false,,,none,new_content_required,无六级同词；后续查找有证据的词族关系。
cet4-w-06486e843b1a6f721589,workforce,headword,false,,,none,new_content_required,无六级同词；后续查找有证据的词族关系。
cet4-w-91f678ac5ded3d92095f,workout,headword,false,,,none,new_content_required,无六级同词；后续查找有证据的词族关系。
cet4-w-4e728b5e4007654d1832,workshop,headword,true,eb7dfea9-79ac-4a11-b1a8-00bf2a09bbe5,workshop,exact,pending_content_review,同词命中仅建立审核入口；不自动复制释义、拆词或巧记。
cet4-w-fe76d0359f625ec7a12a,world,headword,false,,,none,new_content_required,无六级同词；后续查找有证据的词族关系。
cet4-w-cfabb645d76bb7868b85,worldwide,headword,true,,,none,new_content_required,无六级同词；后续查找有证据的词族关系。
cet4-w-d995eedf3ad597bb71e3,worm,headword,true,,,none,new_content_required,无六级同词；后续查找有证据的词族关系。
cet4-w-0bbe3441b4e6dd3efb1a,worried,listed_related,false,,,none,new_content_required,无六级同词；后续查找有证据的词族关系。
cet4-w-8e63f35794084900599b,worry,headword,false,46db6326-dee3-45b9-a7dc-1cdff1215129,worry,exact,pending_content_review,同词命中仅建立审核入口；不自动复制释义、拆词或巧记。
cet4-w-ea3e14790fcbd319e152,worse,headword,true,0c2bafae-e768-4a5a-8383-c8222726cb85,worse,exact,pending_content_review,同词命中仅建立审核入口；不自动复制释义、拆词或巧记。
cet4-w-8216a01154f160ff50b2,worship,headword,true,,,none,new_content_required,无六级同词；后续查找有证据的词族关系。
cet4-w-0a4f39e1d308f06ecf92,worst,headword,true,,,none,new_content_required,无六级同词；后续查找有证据的词族关系。
cet4-w-7833c0328189bfdda409,worth,headword,false,4c3fd211-8c85-4fa8-8e08-25a13c836d87,worth,exact,pending_content_review,同词命中仅建立审核入口；不自动复制释义、拆词或巧记。
cet4-w-8454f17af34e638f5776,worthiness,listed_related,false,128c9e59-5cda-4f90-8cf7-2c45374addba,worthiness,exact,pending_content_review,同词命中仅建立审核入口；不自动复制释义、拆词或巧记。
cet4-w-d8f3fdb75292a90c0a9c,worthless,listed_related,true,,,none,new_content_required,无六级同词；后续查找有证据的词族关系。
cet4-w-d58e975fe56451e48b14,worthwhile,headword,true,29d1e509-588c-4db5-b542-156ee6aa49fc,worthwhile,exact,pending_content_review,同词命中仅建立审核入口；不自动复制释义、拆词或巧记。
cet4-w-814b32fcee40ff406e75,worthy,headword,true,8c5efeea-dec9-4177-8301-cabd777d8208,worthy,exact,pending_content_review,同词命中仅建立审核入口；不自动复制释义、拆词或巧记。
cet4-w-57f8340a81a9e0b2c3d2,would,headword,false,,,none,new_content_required,无六级同词；后续查找有证据的词族关系。
cet4-w-dc0fa9f48ef0d6abdcd0,wound,headword,true,0e8d20d9-dd69-4b16-bc85-0b67a34ec630,wound,exact,pending_content_review,同词命中仅建立审核入口；不自动复制释义、拆词或巧记。
cet4-w-9ac8a2d92d460ad51168,wrap,headword,true,d3884de7-f11f-4f21-b7d7-37016a1b6eb8,wrap,exact,pending_content_review,同词命中仅建立审核入口；不自动复制释义、拆词或巧记。
cet4-w-ca63dc7b2e8b33628ab5,wrapping,listed_related,false,,,none,new_content_required,无六级同词；后续查找有证据的词族关系。
cet4-w-8250f4085f19c0a4329b,wreck,headword,true,4852e170-8499-4a14-9a12-6aa22103d45d,wreck,exact,pending_content_review,同词命中仅建立审核入口；不自动复制释义、拆词或巧记。
cet4-w-45d11ea81aceb97ea42b,wreckage,listed_related,true,316dff0c-1123-4750-a57b-b3e172b0856e,wreckage,exact,pending_content_review,同词命中仅建立审核入口；不自动复制释义、拆词或巧记。
cet4-w-e183cd1acf11f8ad4034,wrinkle,headword,false,61ac2d35-8f48-482a-b811-f2954fd7d47b,wrinkle,exact,pending_content_review,同词命中仅建立审核入口；不自动复制释义、拆词或巧记。
cet4-w-d579dbe9df130ea2ac82,wrist,headword,true,,,none,new_content_required,无六级同词；后续查找有证据的词族关系。
cet4-w-ba88255faec00b737c06,write,headword,false,,,none,new_content_required,无六级同词；后续查找有证据的词族关系。
cet4-w-15daa83363b72d637b0b,writer,listed_related,true,,,none,new_content_required,无六级同词；后续查找有证据的词族关系。
cet4-w-d9a23f011e913b6ec7c5,writing,listed_related,true,,,none,new_content_required,无六级同词；后续查找有证据的词族关系。
cet4-w-25f4711677b2f55652e1,wrong,headword,false,,,none,new_content_required,无六级同词；后续查找有证据的词族关系。
cet4-w-778ea84560380e782217,x-ray,headword,true,,,none,new_content_required,无六级同词；后续查找有证据的词族关系。
cet4-w-a54a8cef11cfcb87b568,yard,headword,true,23228a76-0482-4b5a-a9c0-4084908853cd,yard,exact,pending_content_review,同词命中仅建立审核入口；不自动复制释义、拆词或巧记。
cet4-w-3a1138e374dd3e16ffcf,yeah,listed_related,false,,,none,new_content_required,无六级同词；后续查找有证据的词族关系。
cet4-w-2542cdd403cbbcc5df00,year,headword,false,,,none,new_content_required,无六级同词；后续查找有证据的词族关系。
cet4-w-cf54ebe9a474abb4657b,yearly,listed_related,true,,,none,new_content_required,无六级同词；后续查找有证据的词族关系。
cet4-w-d66b2a6306cfa8576d76,yell,headword,true,8a227c8d-b95f-44e2-99a4-1d8ea646433f,yell,exact,pending_content_review,同词命中仅建立审核入口；不自动复制释义、拆词或巧记。
cet4-w-b1d8b9ea1de1c35e4055,yellow,headword,false,,,none,new_content_required,无六级同词；后续查找有证据的词族关系。
cet4-w-8a396338727f099a8c4d,yes,headword,false,,,none,new_content_required,无六级同词；后续查找有证据的词族关系。
cet4-w-ae69150016966e9ed9e5,yesterday,headword,false,,,none,new_content_required,无六级同词；后续查找有证据的词族关系。
cet4-w-b748da59efd633c1ba27,yet,headword,false,,,none,new_content_required,无六级同词；后续查找有证据的词族关系。
cet4-w-d29518ddb97dfce9b6b8,yield,headword,true,6d3ebf60-2e85-480b-bc3a-9083c2a1f9f0,yield,exact,pending_content_review,同词命中仅建立审核入口；不自动复制释义、拆词或巧记。
cet4-w-c5533913b2a1682c9788,yoga,headword,false,,,none,new_content_required,无六级同词；后续查找有证据的词族关系。
cet4-w-fc7fbd79474946a26f9b,yoghurt,headword,false,,,none,new_content_required,无六级同词；后续查找有证据的词族关系。
cet4-w-69fca5000734876b6a8c,you,headword,false,,,none,new_content_required,无六级同词；后续查找有证据的词族关系。
cet4-w-8ae023ece60b4bd0c10a,young,headword,false,8ad01854-996d-41e3-9a0c-cfedf7138ec3,young,exact,pending_content_review,同词命中仅建立审核入口；不自动复制释义、拆词或巧记。
cet4-w-ea7cb3fff9fd0f8380a1,youngster,headword,true,2cbae321-fa04-4edd-bb9c-35289abdb534,youngster,exact,pending_content_review,同词命中仅建立审核入口；不自动复制释义、拆词或巧记。
cet4-w-a0652310ee3bc82b8b2a,your,headword,false,,,none,new_content_required,无六级同词；后续查找有证据的词族关系。
cet4-w-62694f48e81d9549edaf,yours,headword,false,,,none,new_content_required,无六级同词；后续查找有证据的词族关系。
cet4-w-8299a57bb35ff7f790c2,yourself,headword,false,,,none,new_content_required,无六级同词；后续查找有证据的词族关系。
cet4-w-39ce0f87c1a0ad31b0ec,yourselves,listed_related,false,,,none,new_content_required,无六级同词；后续查找有证据的词族关系。
cet4-w-baa0c859c45a989c7509,youth,headword,true,,,none,new_content_required,无六级同词；后续查找有证据的词族关系。
cet4-w-c238d9c8ce4666264f66,youthful,listed_related,true,,,none,new_content_required,无六级同词；后续查找有证据的词族关系。
cet4-w-713b63b7951ed87a9251,zero,headword,false,,,none,new_content_required,无六级同词；后续查找有证据的词族关系。
cet4-w-e0f1162da15d4cd0d49a,zone,headword,true,b1f291bf-b350-4140-9e87-796811dc802a,zone,exact,pending_content_review,同词命中仅建立审核入口；不自动复制释义、拆词或巧记。
cet4-w-fe7fee251a46ffddfde9,zoo,headword,false,,,none,new_content_required,无六级同词；后续查找有证据的词族关系。
cet4-w-1a5147750cf7039920ff,zoological,listed_related,false,,,none,new_content_required,无六级同词；后续查找有证据的词族关系。
cet4-w-caacb970ad6ca9cd1f31,zoology,headword,false,,,none,new_content_required,无六级同词；后续查找有证据的词族关系。
