spelling,tags,target_word_ids,decision,reason,translation_reference,inflections_reference,source_id
abandon,gk cet4 cet6 ky toefl gre,"[""cet4-w-bacdccd06e173fd821b1""]",in_selected_syllabus,与当前考纲词形或已登记拼写变体相符。,"vt. 放弃, 抛弃, 遗弃, 使屈从, 沉溺, 放纵
n. 放任, 无拘束, 狂热",d:abandoned/p:abandoned/i:abandoning/3:abandons,ecdict-bc015ed2e24a
ability,zk gk cet4 ky toefl ielts,"[""cet4-w-798668299e6f528c3725""]",in_selected_syllabus,与当前考纲词形或已登记拼写变体相符。,"n. 能力, 才干
[经] 能力, 才能",s:abilities,ecdict-bc015ed2e24a
abnormal,gk cet4 cet6 ky toefl ielts,[],outside_selected_syllabus,ECDICT 标签仅作候选；所选考纲四级范围无对应词形，不自动加入。,"a. 反常的, 不规则的, 变态的, 畸形的
n. 畸形的人",s:abnormals,ecdict-bc015ed2e24a
aboard,gk cet4 ky toefl,"[""cet4-w-9d84219b0f257903f894""]",in_selected_syllabus,与当前考纲词形或已登记拼写变体相符。,"adv. 在船上, 在火车上, 在飞机上
prep. 在...之上",,ecdict-bc015ed2e24a
absence,gk cet4 cet6 ky toefl,"[""cet4-w-16cc55aac24767aa14bb""]",in_selected_syllabus,与当前考纲词形或已登记拼写变体相符。,"n. 缺席, 缺乏, 没有
[医] 失神",s:absences,ecdict-bc015ed2e24a
absent,zk gk cet4 cet6 ky toefl,"[""cet4-w-58351a181b08549dad1a""]",in_selected_syllabus,与当前考纲词形或已登记拼写变体相符。,"a. 缺席的, 不在的, 缺乏的, 漫不经心的
vt. 使缺席",p:absented/i:absenting/d:absented/3:absents,ecdict-bc015ed2e24a
absolute,gk cet4 cet6 ky toefl gre,"[""cet4-w-728ab43dd091b054e608""]",in_selected_syllabus,与当前考纲词形或已登记拼写变体相符。,"a. 绝对的, 专制的, 完全的, 独立的
n. 绝对事物",s:absolutes,ecdict-bc015ed2e24a
absolutely,cet4 toefl,[],outside_selected_syllabus,ECDICT 标签仅作候选；所选考纲四级范围无对应词形，不自动加入。,"adv. 完全地, 绝对地, 确确实实地",,ecdict-bc015ed2e24a
absorb,gk cet4 cet6 ky toefl ielts gre,"[""cet4-w-4c1c8e3c067f577174b4""]",in_selected_syllabus,与当前考纲词形或已登记拼写变体相符。,"vt. 吸收, 使全神贯注, 同化, 买进, 理解, 承受, 忍受, 承担
[医] 吸收",d:absorbed/p:absorbed/3:absorbs/i:absorbing,ecdict-bc015ed2e24a
abstract,gk cet4 cet6 ky toefl ielts gre,"[""cet4-w-056469f90b3da87387a9""]",in_selected_syllabus,与当前考纲词形或已登记拼写变体相符。,"a. 抽象的, 深奥的
n. 摘要, 抽象概念
vt. 摘要, 提炼, 使抽象化
[计] 摘录; 摘要; 抽象",s:abstracts/d:abstracted/i:abstracting/3:abstracts/p:abstracted,ecdict-bc015ed2e24a
abundant,gk cet4 ky toefl gre,"[""cet4-w-ff701617e9aaa921796f""]",in_selected_syllabus,与当前考纲词形或已登记拼写变体相符。,"a. 丰富的, 充分的, 大量的",,ecdict-bc015ed2e24a
abuse,gk cet4 cet6 ky toefl ielts gre,"[""cet4-w-b64c7215f2b60d098f09""]",in_selected_syllabus,与当前考纲词形或已登记拼写变体相符。,"n. 滥用, 虐待, 恶习, 辱骂
vt. 滥用, 辱骂, 虐待",d:abused/s:abuses/i:abusing/3:abuses/p:abused,ecdict-bc015ed2e24a
academic,gk cet4 cet6 ky toefl ielts gre,"[""cet4-w-adc37503995395872304""]",in_selected_syllabus,与当前考纲词形或已登记拼写变体相符。,"a. 学院的, 学术的, 不切实际的
n. 大学生, 大学教师, 学者, 学会会员",s:academics,ecdict-bc015ed2e24a
academy,gk cet4 cet6 ky toefl,"[""cet4-w-552641985e4cd047e28b""]",in_selected_syllabus,与当前考纲词形或已登记拼写变体相符。,"n. 学院, 院校, 学会",s:academies,ecdict-bc015ed2e24a
accelerate,gk cet4 cet6 ky toefl ielts gre,"[""cet4-w-ea78159e6b442c05331c""]",in_selected_syllabus,与当前考纲词形或已登记拼写变体相符。,"v. 加速, 促进",p:accelerated/d:accelerated/i:accelerating/3:accelerates,ecdict-bc015ed2e24a
acceleration,cet4 toefl,"[""cet4-w-05e383312cbf7488687e""]",in_selected_syllabus,与当前考纲词形或已登记拼写变体相符。,"n. 加速, 促进, 加速度
[化] 加速度",s:accelerations,ecdict-bc015ed2e24a
accent,zk gk cet4 ky,"[""cet4-w-a74d5aaf2d89f72b022e""]",in_selected_syllabus,与当前考纲词形或已登记拼写变体相符。,"n. 重音, 口音, 特点, 注重点
vt. 重读, 加重音号于, 强调",s:accents/p:accented/i:accenting/d:accented/3:accents,ecdict-bc015ed2e24a
accept,zk gk cet4 ky,"[""cet4-w-fe986222f5116ea3b17e""]",in_selected_syllabus,与当前考纲词形或已登记拼写变体相符。,"vt. 接受, 承认, 同意, 相信, 赞成, 承担, 承兑, 采纳, 接纳, 容忍
vi. 同意",d:accepted/p:accepted/i:accepting/3:accepts,ecdict-bc015ed2e24a
acceptable,cet4,"[""cet4-w-6cd94ae4886768d442f2""]",in_selected_syllabus,与当前考纲词形或已登记拼写变体相符。,"a. 可接受的, 合意的, 可忍受的",,ecdict-bc015ed2e24a
acceptance,cet4 cet6 ky,"[""cet4-w-45d62199f67daa2d9ed8""]",in_selected_syllabus,与当前考纲词形或已登记拼写变体相符。,"n. 接受, 接纳, 承认, 同意, 赞同, 容忍, 相信
[经] 承兑, 认付, (工程)验收",s:acceptances,ecdict-bc015ed2e24a
access,gk cet4 cet6 ky toefl ielts gre,"[""cet4-w-6884dbea1171da92f87d""]",in_selected_syllabus,与当前考纲词形或已登记拼写变体相符。,"n. 通路, 入口, 接近, 进入, 使用权, 发作
vt. 访问, 存取, 接近, 使用
[计] 访问, 存取",d:accessed/i:accessing/3:accesses/s:accesses/p:accessed,ecdict-bc015ed2e24a
accessory,cet4 cet6 ky toefl ielts gre,[],outside_selected_syllabus,ECDICT 标签仅作候选；所选考纲四级范围无对应词形，不自动加入。,"n. 附件, 零件, 附加物, 从犯, 同谋
a. 附属的, 补充的, 同谋的, 帮凶的, 非主要的, 副的
[计] 附件",s:accessories,ecdict-bc015ed2e24a
accident,zk gk cet4 ky toefl,"[""cet4-w-0f4159cadc2af6a38502""]",in_selected_syllabus,与当前考纲词形或已登记拼写变体相符。,"n. 意外事件, 机遇, 事故, 次要方面
[化] 意外事故; 事故",s:accidents,ecdict-bc015ed2e24a
accidental,cet4 cet6 ky toefl,"[""cet4-w-df7ac4809139e92350df""]",in_selected_syllabus,与当前考纲词形或已登记拼写变体相符。,"a. 意外的, 偶然的, 非主要的, 附属的
n. 临时记号, 次要方面",s:accidentals,ecdict-bc015ed2e24a
accommodate,cet4 cet6 ky toefl ielts gre,"[""cet4-w-1f2a401710d0596de35f""]",in_selected_syllabus,与当前考纲词形或已登记拼写变体相符。,"vt. 使适应, 调和, 通融, 容纳, 向...提供
vi. 适应",d:accommodated/i:accommodating/3:accommodates/p:accommodated,ecdict-bc015ed2e24a
accommodation,gk cet4 cet6 ky ielts,"[""cet4-w-1edda9ffe6c8d05f5ef0""]",in_selected_syllabus,与当前考纲词形或已登记拼写变体相符。,"n. 膳宿, 预订铺位, 适应性调节, 调和, 贷款
[医] 调节(眼); 适应",s:accommodations,ecdict-bc015ed2e24a
accompany,gk cet4 cet6 ky toefl ielts gre,"[""cet4-w-7580e0daca7bf28654b8""]",in_selected_syllabus,与当前考纲词形或已登记拼写变体相符。,"vt. 陪伴, 伴随, 补充, 为...伴奏
vi. 伴奏, 伴唱",d:accompanied/p:accompanied/i:accompanying/3:accompanies,ecdict-bc015ed2e24a
accomplish,gk cet4 ky toefl ielts gre,"[""cet4-w-d740153e791bc21b4bd6""]",in_selected_syllabus,与当前考纲词形或已登记拼写变体相符。,"vt. 完成, 达到, 实现, 使完美",d:accomplished/p:accomplished/i:accomplishing/3:accomplishes,ecdict-bc015ed2e24a
accord,cet4 cet6 ky toefl ielts gre,"[""cet4-w-d74307e606e88ed5867e""]",in_selected_syllabus,与当前考纲词形或已登记拼写变体相符。,"n. 一致, 调和, 协定
vt. 给与, 使一致
vi. 相符合",i:according/d:accorded/3:accords/s:accords/p:accorded,ecdict-bc015ed2e24a
accordance,cet4 cet6 ky,"[""cet4-w-26b19ca0db642361e9b8""]",in_selected_syllabus,与当前考纲词形或已登记拼写变体相符。,"n. 一致, 和谐",,ecdict-bc015ed2e24a
accordingly,cet4 cet6 ky,"[""cet4-w-4c4dbcf45110b86d739b""]",in_selected_syllabus,与当前考纲词形或已登记拼写变体相符。,"adv. 相应地, 因此, 于是",,ecdict-bc015ed2e24a
account,gk cet4 ky toefl ielts,"[""cet4-w-502dc8470d46995e3b29""]",in_selected_syllabus,与当前考纲词形或已登记拼写变体相符。,"n. 报告, 解释, 估价, 理由, 利润, 算账, 帐目
vi. 报帐, 解释, 导致, 报偿, 占, 杀死
vt. 认为
[计] 帐户, 帐号",s:accounts/d:accounted/i:accounting/3:accounts/p:accounted,ecdict-bc015ed2e24a
accumulate,gk cet4 cet6 ky toefl ielts gre,"[""cet4-w-b5bb411c0158c87ffbb7""]",in_selected_syllabus,与当前考纲词形或已登记拼写变体相符。,"v. 积聚, 堆积",d:accumulated/i:accumulating/3:accumulates/p:accumulated,ecdict-bc015ed2e24a
accuracy,gk cet4 cet6 ky toefl ielts gre,"[""cet4-w-01f16ae66e034320cb43""]",in_selected_syllabus,与当前考纲词形或已登记拼写变体相符。,"n. 精确, 正确
[计] 准确度",s:accuracies,ecdict-bc015ed2e24a
accurate,cet4 cet6 ky toefl ielts gre,"[""cet4-w-7a7aa95ab6907ff16ef0""]",in_selected_syllabus,与当前考纲词形或已登记拼写变体相符。,"a. 正确的, 精确的
[经] 准确的, 精确的",,ecdict-bc015ed2e24a
accuse,gk cet4 cet6 ky toefl ielts gre,"[""cet4-w-f5ff766854c64e6a7f21""]",in_selected_syllabus,与当前考纲词形或已登记拼写变体相符。,"vt. 指责, 控告, 归咎于
vi. 指责, 控告",d:accused/p:accused/i:accusing/3:accuses,ecdict-bc015ed2e24a
accustom,cet4 cet6 ky toefl,"[""cet4-w-44f596d480d72894a730""]",in_selected_syllabus,与当前考纲词形或已登记拼写变体相符。,vt. 使习惯于,d:accustomed/p:accustomed/3:accustoms/i:accustoming,ecdict-bc015ed2e24a
accustomed,gk cet4 cet6 ky toefl,"[""cet4-w-5100359a7add5be3f74e""]",in_selected_syllabus,与当前考纲词形或已登记拼写变体相符。,"a. 惯常的, 习惯了的",d:accustomed/0:accustomed/1:dp/p:accustomed,ecdict-bc015ed2e24a
ache,zk gk cet4 ky,"[""cet4-w-c423ac00896004d5e86c""]",in_selected_syllabus,与当前考纲词形或已登记拼写变体相符。,"n. 疼痛
vi. 痛, 哀怜, 渴望",p:ached/i:aching/d:ached/3:aches,ecdict-bc015ed2e24a
achieve,zk gk cet4 cet6 ky toefl ielts,"[""cet4-w-3fdc7170836acb699c27""]",in_selected_syllabus,与当前考纲词形或已登记拼写变体相符。,"vt. 完成, 达到
vi. 如愿以偿",d:achieved/i:achieving/p:achieved/3:achieves,ecdict-bc015ed2e24a
achievement,gk cet4 cet6 toefl ielts,"[""cet4-w-c0fd2ee8dcbbb3b36504""]",in_selected_syllabus,与当前考纲词形或已登记拼写变体相符。,"n. 完成, 成就, 功业",s:achievements,ecdict-bc015ed2e24a
acid,gk cet4 cet6 ky toefl ielts,"[""cet4-w-6db3ca8c9f5f7f74501f""]",in_selected_syllabus,与当前考纲词形或已登记拼写变体相符。,"n. 酸, 酸类物质, 尖刻, 迷幻药
a. 酸的, 酸性的, 尖刻的, 敏锐的
[计] 自动文档互参与索引生成程序",s:acids,ecdict-bc015ed2e24a
acknowledge,gk cet4 cet6 ky toefl ielts gre,"[""cet4-w-5e9f2bb803ec3bbd7f59""]",in_selected_syllabus,与当前考纲词形或已登记拼写变体相符。,"vt. 承认, 告知收悉, 答谢, 报偿
[经] 承认, 答谢, 收到的通知",p:acknowledged/d:acknowledged/3:acknowledges/i:acknowledging,ecdict-bc015ed2e24a
acquaintance,gk cet4 cet6 ky toefl gre,"[""cet4-w-ca462313c254fd6ecb87""]",in_selected_syllabus,与当前考纲词形或已登记拼写变体相符。,"n. 认识, 相识者",s:acquaintances,ecdict-bc015ed2e24a
acquire,gk cet4 cet6 ky toefl ielts,"[""cet4-w-81853f95f10e012cafad""]",in_selected_syllabus,与当前考纲词形或已登记拼写变体相符。,"vt. 获得, 学到
[电] 目标锁定",d:acquired/p:acquired/i:acquiring/3:acquires,ecdict-bc015ed2e24a
acquisition,gk cet4 cet6 ky toefl ielts,"[""cet4-w-bdb4812be6fe730050b8""]",in_selected_syllabus,与当前考纲词形或已登记拼写变体相符。,"n. 获得, 获得物
[经] 收购, 招揽, 取得",s:acquisitions,ecdict-bc015ed2e24a
acre,gk cet4 ky toefl,"[""cet4-w-71a91c5bc1d36cf51b9e""]",in_selected_syllabus,与当前考纲词形或已登记拼写变体相符。,n. 英亩,s:acres,ecdict-bc015ed2e24a
act,zk gk cet4 ky,"[""cet4-w-dcc6b6de5d3f3f80ff02""]",in_selected_syllabus,与当前考纲词形或已登记拼写变体相符。,"n. 行动, 行为, 幕, 法案
vi. 行动, 表演, 假装, 见效, 表现, 担当
vt. 扮演, 装作
[计] 先进通信技术, 先进计算机工艺, 自动代码翻译技术",i:acting/s:acts/p:acted/d:acted/3:acts,ecdict-bc015ed2e24a
action,zk gk cet4 cet6 ky toefl ielts,"[""cet4-w-b4e76965b5a7943279ac""]",in_selected_syllabus,与当前考纲词形或已登记拼写变体相符。,"n. 行动, 活动, 动作, 作用, 战斗, 行为, 诉讼
vt. 对...起诉
[计] 方式",s:actions/i:actioning/p:actioned/3:actions,ecdict-bc015ed2e24a
active,zk gk cet4 ky toefl,"[""cet4-w-560e8b954a1a6e8c9768""]",in_selected_syllabus,与当前考纲词形或已登记拼写变体相符。,"a. 活跃的, 起作用的, 积极的, 有效的, 主动的, 活性的, 现行的, 现役的
n. 主动语态, 积极分子",s:actives,ecdict-bc015ed2e24a
activity,zk gk cet4 ky ielts,"[""cet4-w-4ced4a567905ee623d9d""]",in_selected_syllabus,与当前考纲词形或已登记拼写变体相符。,"n. 活动, 行动, 活跃, 活力
[计] 活动",s:activities,ecdict-bc015ed2e24a
actor,gk cet4 ky ielts,"[""cet4-w-45384c5a5727e65aeb71""]",in_selected_syllabus,与当前考纲词形或已登记拼写变体相符。,"n. 男演员, 行动者
[医] 作用物, 反应物",s:actors,ecdict-bc015ed2e24a
actress,gk cet4 ky,"[""cet4-w-996e8063308235c5ef59""]",in_selected_syllabus,与当前考纲词形或已登记拼写变体相符。,n. 女演员,s:actresses,ecdict-bc015ed2e24a
actual,gk cet4 ky toefl,"[""cet4-w-1585d72748c764fdc715""]",in_selected_syllabus,与当前考纲词形或已登记拼写变体相符。,"a. 真实的, 实际的, 现行的
[医] 实际死亡率",s:actuals,ecdict-bc015ed2e24a
actually,cet4 cet6 toefl,"[""cet4-w-35933c866d479febfd5d""]",in_selected_syllabus,与当前考纲词形或已登记拼写变体相符。,"adv. 事实上, 竟然, 如今, 现在",,ecdict-bc015ed2e24a
acute,gk cet4 cet6 ky toefl ielts gre,"[""cet4-w-3d98e5db5ab2fed7b3a1""]",in_selected_syllabus,与当前考纲词形或已登记拼写变体相符。,"a. 尖锐的, 敏锐的, 激烈的, 严重的, 急性的
[医] 急性的; 尖锐的",s:acutes/t:acutest,ecdict-bc015ed2e24a
ad,cet4,"[""cet4-w-e7cddeac5a76bef5c4f9""]",in_selected_syllabus,与当前考纲词形或已登记拼写变体相符。,"n. 广告
[计] 地址, 模拟-数字",s:ads,ecdict-bc015ed2e24a
adapt,gk cet4 cet6 ky toefl ielts gre,"[""cet4-w-ce5ce25d8f0e7194cc10""]",in_selected_syllabus,与当前考纲词形或已登记拼写变体相符。,"vt. 使适应, 改编
vi. 适应",d:adapted/i:adapting/p:adapted/3:adapts,ecdict-bc015ed2e24a
add,zk gk cet4 ky,"[""cet4-w-9103ec43533f3656675e""]",in_selected_syllabus,与当前考纲词形或已登记拼写变体相符。,"vt. 增加, 添加, 附带说明, 计算...总和
vi. 做加法, 积累而成, 增添
[计] 加法",p:added/d:added/i:adding/3:adds,ecdict-bc015ed2e24a
addition,gk cet4 cet6 ky ielts gre,"[""cet4-w-1f43ac46516340a2c567""]",in_selected_syllabus,与当前考纲词形或已登记拼写变体相符。,"n. 加法, 增加的人(或物)
[计] 加法",s:additions,ecdict-bc015ed2e24a
additional,cet4 cet6 ky toefl ielts,"[""cet4-w-402de9743b898c93a5a7""]",in_selected_syllabus,与当前考纲词形或已登记拼写变体相符。,"a. 附加的, 另外的, 额外的
[机] 加添的, 附加的",,ecdict-bc015ed2e24a
address,zk gk cet4 cet6 ky toefl ielts gre,"[""cet4-w-4ad740efa6ce91ebdc49""]",in_selected_syllabus,与当前考纲词形或已登记拼写变体相符。,"n. 住址, 演说, 举止, 灵巧, 求爱
vt. 发表(演说或讲话), 对付, 写地址
[计] 地址, 寻址",d:addressed/i:addressing/s:addresses/p:addressed/3:addresses,ecdict-bc015ed2e24a
adequate,gk cet4 cet6 ky toefl ielts gre,"[""cet4-w-3280840e02945516df84""]",in_selected_syllabus,与当前考纲词形或已登记拼写变体相符。,"a. 适当的, 足够的
[法] 胜任的, 适当的, 充分的",,ecdict-bc015ed2e24a
adhere,cet4 cet6 ky toefl ielts gre,[],outside_selected_syllabus,ECDICT 标签仅作候选；所选考纲四级范围无对应词形，不自动加入。,"vi. 依附, 粘着, 坚持, 追随, 拥护
vt. 使粘附",d:adhered/i:adhering/p:adhered/3:adheres,ecdict-bc015ed2e24a
adjective,cet4 ky,"[""cet4-w-c01fb4394e58c21d5942""]",in_selected_syllabus,与当前考纲词形或已登记拼写变体相符。,"n. 形容词
a. 形容词的, 从属的",s:adjectives,ecdict-bc015ed2e24a
adjust,gk cet4 cet6 ky toefl ielts gre,"[""cet4-w-a8695ab2eba26f553554""]",in_selected_syllabus,与当前考纲词形或已登记拼写变体相符。,"vt. 调整, 使适应于, 校准
vi. 适应于, 被调节, 相互熟悉而适应",d:adjusted/i:adjusting/p:adjusted/3:adjusts,ecdict-bc015ed2e24a
administration,gk cet4 cet6 ky toefl ielts,"[""cet4-w-b94968e5eac90a8ffb83""]",in_selected_syllabus,与当前考纲词形或已登记拼写变体相符。,"n. 行政, 管理, 政府机关
[化] 给药",s:administrations,ecdict-bc015ed2e24a
admire,gk cet4 ky toefl gre,"[""cet4-w-29ee784062f13fd44f42""]",in_selected_syllabus,与当前考纲词形或已登记拼写变体相符。,"vt. 赞美, 钦佩, 爱慕
vi. 称赞, 惊奇",p:admired/d:admired/i:admiring/3:admires,ecdict-bc015ed2e24a
admission,gk cet4 cet6 ky toefl ielts gre,"[""cet4-w-3d9d3f4d63716d89da4e""]",in_selected_syllabus,与当前考纲词形或已登记拼写变体相符。,"n. 准许进入, 入场费, 录用, 承认
[经] 加入, 入股",s:admissions,ecdict-bc015ed2e24a
admit,gk cet4 ky toefl,"[""cet4-w-7905547b4c80ee139e80""]",in_selected_syllabus,与当前考纲词形或已登记拼写变体相符。,"vt. 承认, 接受, 允许进入, 容许
vi. 开向, 容许, 承认",p:admitted/d:admitted/3:admits/i:admitting,ecdict-bc015ed2e24a
adopt,gk cet4 cet6 ky toefl ielts gre,"[""cet4-w-e594ff5e95ec239dbedd""]",in_selected_syllabus,与当前考纲词形或已登记拼写变体相符。,"vt. 采用, 正式通过, 收养, 接受
[医] 采取",d:adopted/p:adopted/i:adopting/3:adopts,ecdict-bc015ed2e24a
adult,gk cet4 ky ielts,"[""cet4-w-976ec6c3c634655b51ca""]",in_selected_syllabus,与当前考纲词形或已登记拼写变体相符。,"n. 成人, 成虫
a. 成年的, 成熟的",s:adults,ecdict-bc015ed2e24a
advance,gk cet4 cet6 ky toefl,"[""cet4-w-9a5bf6b697d3a4612ad8""]",in_selected_syllabus,与当前考纲词形或已登记拼写变体相符。,"n. 前进, 进展, 行过的路程
vi. 前进, 进展, 提高, 上涨
vt. 使前进, 促进, 提出, 提高, 使提前, 预付
a. 前面的, 预先的",s:advances/d:advanced/p:advanced/i:advancing/3:advances,ecdict-bc015ed2e24a
advanced,cet4 ky toefl ielts,"[""cet4-w-7d7b5cb0fd482530edf8""]",in_selected_syllabus,与当前考纲词形或已登记拼写变体相符。,"a. 在前的, 高级的, 先进的, 年老的
[法] 预付的, 预支的, 垫付的",0:advance/1:dp/p:advanced/d:advanced,ecdict-bc015ed2e24a
advantage,zk gk cet4 ky,"[""cet4-w-2c156f3c4527e4e2edab""]",in_selected_syllabus,与当前考纲词形或已登记拼写变体相符。,"n. 优点, 便利, 好处, 优势
vt. 有助于",s:advantages/d:advantaged/i:advantaging/p:advantaged/3:advantages,ecdict-bc015ed2e24a
adventure,gk cet4 ky toefl,"[""cet4-w-4175a16ea1d2763efce0""]",in_selected_syllabus,与当前考纲词形或已登记拼写变体相符。,"n. 冒险, 冒险经历
v. 冒险",s:adventures/i:adventuring/p:adventured/3:adventures/d:adventured,ecdict-bc015ed2e24a
adverb,cet4 ky,"[""cet4-w-cb23720950cec8a0717e""]",in_selected_syllabus,与当前考纲词形或已登记拼写变体相符。,n. 副词,s:adverbs,ecdict-bc015ed2e24a
advertise,gk cet4 cet6 ky ielts gre,"[""cet4-w-2b53d6d596a94aab7358""]",in_selected_syllabus,与当前考纲词形或已登记拼写变体相符。,"vt. 做广告, 通知, 公布
vi. 做广告",d:advertised/p:advertised/i:advertising/3:advertises,ecdict-bc015ed2e24a
advertisement,zk gk cet4 ielts,"[""cet4-w-438d3f65382c41b03b15""]",in_selected_syllabus,与当前考纲词形或已登记拼写变体相符。,"n. 广告, 启事, 广告宣传
[法] 广告, 公告, 告示",s:advertisements,ecdict-bc015ed2e24a
advice,zk gk cet4 cet6 ky toefl ielts,"[""cet4-w-31464168a4e20e190caf""]",in_selected_syllabus,与当前考纲词形或已登记拼写变体相符。,"n. 忠告, 劝告, 意见, 报道, 通知
[经] 通知书, 通知, 建议",,ecdict-bc015ed2e24a
advisable,cet4 cet6 ky toefl gre,"[""cet4-w-b14a7223a66a4be986cc""]",in_selected_syllabus,与当前考纲词形或已登记拼写变体相符。,"a. 适当的, 明智的",,ecdict-bc015ed2e24a
advise,zk gk cet4 cet6 ky toefl,"[""cet4-w-dfacdd38e988155c0bb9""]",in_selected_syllabus,与当前考纲词形或已登记拼写变体相符。,"vt. 劝告, 给...出主意, 通知, 建议
vi. 提意见, 商量",d:advised/p:advised/i:advising/3:advises,ecdict-bc015ed2e24a
advocate,gk cet4 cet6 ky toefl ielts gre,"[""cet4-w-d95035938f8c5b5efc85""]",in_selected_syllabus,与当前考纲词形或已登记拼写变体相符。,"n. 提倡者, 拥护者
vt. 主张, 提倡",d:advocated/s:advocates/i:advocating/p:advocated/3:advocates,ecdict-bc015ed2e24a
aeroplane,gk cet4 cet6 ky,"[""cet4-w-f2ec9ab237f25e3fdc36""]",in_selected_syllabus,与当前考纲词形或已登记拼写变体相符。,"n. 飞机
[机] 飞机",s:aeroplanes,ecdict-bc015ed2e24a
affair,gk cet4 cet6 ky toefl,"[""cet4-w-3411c399a443eb0c2c39""]",in_selected_syllabus,与当前考纲词形或已登记拼写变体相符。,"n. 事件, 事务, 恋爱事件",s:affairs,ecdict-bc015ed2e24a
affect,gk cet4 cet6 ky toefl ielts,"[""cet4-w-be633f3beaca7dbb4b35""]",in_selected_syllabus,与当前考纲词形或已登记拼写变体相符。,"vt. 影响, 感动, 假装, 模仿, 爱好, 倾向于
n. 自觉感情",d:affected/i:affecting/3:affects/p:affected/s:affects,ecdict-bc015ed2e24a
affection,gk cet4 cet6 ky toefl ielts gre,"[""cet4-w-2b0394fab5af21678a68""]",in_selected_syllabus,与当前考纲词形或已登记拼写变体相符。,"n. 影响, 病, 喜爱, 情感, 倾向
[医] 疾患, 病变, 病; 感情",s:affections,ecdict-bc015ed2e24a
affluent,cet4 ky toefl gre,"[""cet4-w-2799d885f6e074f1938f""]",in_selected_syllabus,与当前考纲词形或已登记拼写变体相符。,"a. 丰富的, 富裕的
n. 支流, 富人",,ecdict-bc015ed2e24a
afford,zk gk cet4 cet6 ky toefl ielts,"[""cet4-w-607185ce10e7e8f817dc""]",in_selected_syllabus,与当前考纲词形或已登记拼写变体相符。,"vt. 买得起, 足以, 给予",d:afforded/3:affords/p:afforded/i:affording,ecdict-bc015ed2e24a
Africa,gk cet4 ielts,[],outside_selected_syllabus,ECDICT 标签仅作候选；所选考纲四级范围无对应词形，不自动加入。,n. 非洲,,ecdict-bc015ed2e24a
African,gk cet4 ielts,[],outside_selected_syllabus,ECDICT 标签仅作候选；所选考纲四级范围无对应词形，不自动加入。,"n. 非洲人
a. 非洲的, 非洲人的",s:africans,ecdict-bc015ed2e24a
afterward,gk cet4 cet6 ky,"[""cet4-w-87da8d1254b2b8adff0f""]",in_selected_syllabus,与当前考纲词形或已登记拼写变体相符。,"adv. 然后, 后来",,ecdict-bc015ed2e24a
against,zk gk cet4 ky,"[""cet4-w-dd9ddbde077c248d2ad9""]",in_selected_syllabus,与当前考纲词形或已登记拼写变体相符。,"prep. 反对, 对着, 倚靠",,ecdict-bc015ed2e24a
agency,gk cet4 ky ielts,"[""cet4-w-8ac5f01ee2a3a56cb08c""]",in_selected_syllabus,与当前考纲词形或已登记拼写变体相符。,"n. 代理机构, 经销商, 中介
[化] 办事处",s:agencies,ecdict-bc015ed2e24a
agent,gk cet4 ky toefl,"[""cet4-w-e095d12bbceea91468be""]",in_selected_syllabus,与当前考纲词形或已登记拼写变体相符。,"n. 代理商, 政府代表, 动原, 媒介
[计] 代理程序",s:agents,ecdict-bc015ed2e24a
aggressive,gk cet4 cet6 ky toefl ielts gre,"[""cet4-w-e18276e410584ed9a4b1""]",in_selected_syllabus,与当前考纲词形或已登记拼写变体相符。,"a. 侵略的, 挑畔的, 进取的
[法] 侵略的, 爱挑衅的, 行为过火的",,ecdict-bc015ed2e24a
agony,cet4 cet6 ky ielts gre,[],outside_selected_syllabus,ECDICT 标签仅作候选；所选考纲四级范围无对应词形，不自动加入。,"n. 极大的痛苦, 挣扎
[医] 濒死苦闷; 剧痛",s:agonies,ecdict-bc015ed2e24a
agriculture,gk cet4 cet6 ky toefl ielts,"[""cet4-w-7050d50383e85d57962a""]",in_selected_syllabus,与当前考纲词形或已登记拼写变体相符。,"n. 农业
[机] 农业, 农学",,ecdict-bc015ed2e24a
aid,gk cet4 cet6 ky,"[""cet4-w-6ec1d4570e178f8bc45f""]",in_selected_syllabus,与当前考纲词形或已登记拼写变体相符。,"n. 帮助, 外援, 助手
vt. 援助, 帮助, 有助于
vi. 帮助
[计] 自动内部诊断",s:aids/d:aided/i:aiding/p:aided/3:aids,ecdict-bc015ed2e24a
aim,gk cet4 cet6 ky toefl ielts,"[""cet4-w-5273b9826de04f678d1b""]",in_selected_syllabus,与当前考纲词形或已登记拼写变体相符。,"n. 目标, 瞄准, 击中目标的能力
vi. 对准目标, 致力, 打算
vt. 瞄准
[计] 医学文摘索引, 存取隔离机构, 高级信息管理程序, 先进接口模块
应用接口模块, 医学人工智能, 相联索引法, 异步接口模块
自动化信息管理, 自动化综合制造, 自动化库存管理",s:aims/3:aims/p:aimed/d:aimed/i:aiming,ecdict-bc015ed2e24a
aircraft,gk cet4 ky toefl,"[""cet4-w-8cf065b326b5bc0e282f""]",in_selected_syllabus,与当前考纲词形或已登记拼写变体相符。,"n. 航空器, 飞机
[机] 航空器",,ecdict-bc015ed2e24a
airline,zk gk cet4 ky,"[""cet4-w-4410c4b245aa7dc880b5""]",in_selected_syllabus,与当前考纲词形或已登记拼写变体相符。,"n. 航线, 航线的设备, 航空公司",s:airlines,ecdict-bc015ed2e24a
airplane,zk gk cet4,"[""cet4-w-f2ec9ab237f25e3fdc36""]",in_selected_syllabus,与当前考纲词形或已登记拼写变体相符。,"n. 飞机
[机] 飞机",s:airplanes,ecdict-bc015ed2e24a
alarm,gk cet4 ky toefl ielts,"[""cet4-w-6f63df0ae27e11526e7c""]",in_selected_syllabus,与当前考纲词形或已登记拼写变体相符。,"n. 惊恐, 警报, 警钟
vt. 使惊恐, 警告
[计] 报警信号",s:alarms/d:alarmed/p:alarmed/i:alarming/3:alarms,ecdict-bc015ed2e24a
alcohol,gk cet4 ky,"[""cet4-w-2c66662e02ac749156f4""]",in_selected_syllabus,与当前考纲词形或已登记拼写变体相符。,"n. 酒精, 酒
[化] 醇; 乙醇; 酒精",s:alcohols,ecdict-bc015ed2e24a
alert,cet4 cet6 ky toefl gre,"[""cet4-w-5cba5a09b090025e5acd""]",in_selected_syllabus,与当前考纲词形或已登记拼写变体相符。,"a. 警觉的, 灵敏的, 留心的
n. 警报
vt. 使警觉, 通知, 使意识到",d:alerted/p:alerted/i:alerting/3:alerts/s:alerts,ecdict-bc015ed2e24a
algebra,gk cet4 cet6 toefl,"[""cet4-w-cee170e7a1791bfc2289""]",in_selected_syllabus,与当前考纲词形或已登记拼写变体相符。,n. 代数学,s:algebras,ecdict-bc015ed2e24a
alike,gk cet4 cet6 ky toefl,"[""cet4-w-0f7836947bf55564497f""]",in_selected_syllabus,与当前考纲词形或已登记拼写变体相符。,"a. 相似的, 同样的
adv. 一样, 以同样的方式",,ecdict-bc015ed2e24a
alive,zk gk cet4 cet6 ky,"[""cet4-w-da93fcfc874bba0a6298""]",in_selected_syllabus,与当前考纲词形或已登记拼写变体相符。,"a. 活着的, 活泼的, 敏感的, 热闹的",,ecdict-bc015ed2e24a
allow,zk gk cet4 ky,"[""cet4-w-5aa40972f773c5c445f8""]",in_selected_syllabus,与当前考纲词形或已登记拼写变体相符。,"vt. 允许, 同意给予, 承认
vi. 容许, 猜想
[计] 允许命令",d:allowed/i:allowing/3:allows/p:allowed,ecdict-bc015ed2e24a
alloy,cet4 cet6 ky toefl ielts,[],outside_selected_syllabus,ECDICT 标签仅作候选；所选考纲四级范围无对应词形，不自动加入。,"n. 合金
vt. 将...铸成合金, 减低成色
vi. 合铸",s:alloys/i:alloying/d:alloyed/p:alloyed/3:alloys,ecdict-bc015ed2e24a
alone,zk gk cet4 ky toefl ielts,"[""cet4-w-861169b4b0999421460f""]",in_selected_syllabus,与当前考纲词形或已登记拼写变体相符。,"a. 孤独的, 单独的, 独自的
adv. 独自地",,ecdict-bc015ed2e24a
aloud,zk gk cet4 ky,"[""cet4-w-8680684c9767ed4fd4e1""]",in_selected_syllabus,与当前考纲词形或已登记拼写变体相符。,"adv. 出声地, 大声地",,ecdict-bc015ed2e24a
alphabet,gk cet4 cet6 ky,"[""cet4-w-560ed2b14539b745119d""]",in_selected_syllabus,与当前考纲词形或已登记拼写变体相符。,"n. 字母
[计] 字母表",s:alphabets,ecdict-bc015ed2e24a
alter,cet4 cet6 ky toefl ielts gre,"[""cet4-w-694001720536556bbe57""]",in_selected_syllabus,与当前考纲词形或已登记拼写变体相符。,v. 改变,d:altered/i:altering/3:alters/p:altered,ecdict-bc015ed2e24a
alternative,gk cet4 cet6 ky toefl ielts,"[""cet4-w-83a6505d7459c8b13290""]",in_selected_syllabus,与当前考纲词形或已登记拼写变体相符。,"n. 两者择一, 供替代的选择
a. 两者择一的, 供选择的
[计] 选择对象",s:alternatives,ecdict-bc015ed2e24a
although,zk gk cet4 ky,"[""cet4-w-a940391ad98858bac4fa""]",in_selected_syllabus,与当前考纲词形或已登记拼写变体相符。,"conj. 虽然, 尽管",,ecdict-bc015ed2e24a
altitude,gk cet4 cet6 ky toefl ielts,"[""cet4-w-935e4a4f2f3a467fc95c""]",in_selected_syllabus,与当前考纲词形或已登记拼写变体相符。,"n. 高度, 海拔, 高处
[电] 高度",s:altitudes,ecdict-bc015ed2e24a
altogether,gk cet4 ky,"[""cet4-w-35bb080edbee5d1f0811""]",in_selected_syllabus,与当前考纲词形或已登记拼写变体相符。,"adv. 完全地, 总而言之",,ecdict-bc015ed2e24a
aluminium,gk cet4 cet6 toefl gre,"[""cet4-w-ee23a76d3ebef6ab2996""]",in_selected_syllabus,与当前考纲词形或已登记拼写变体相符。,"n. 铝
a. 铝的",,ecdict-bc015ed2e24a
aluminum,cet4 ky toefl,"[""cet4-w-ee23a76d3ebef6ab2996""]",in_selected_syllabus,与当前考纲词形或已登记拼写变体相符。,"n. 铝
[化] 铝Al",,ecdict-bc015ed2e24a
amaze,gk cet4 cet6 ky toefl ielts,"[""cet4-w-c9392ff234740072f584""]",in_selected_syllabus,与当前考纲词形或已登记拼写变体相符。,vt. 使吃惊,p:amazed/3:amazes/i:amazing/d:amazed/s:amazes,ecdict-bc015ed2e24a
ambition,gk cet4 cet6 ky toefl ielts,"[""cet4-w-a46d21aa45222636575d""]",in_selected_syllabus,与当前考纲词形或已登记拼写变体相符。,"n. 野心, 志向",s:ambitions,ecdict-bc015ed2e24a
ambulance,gk cet4 ky ielts,"[""cet4-w-bbe1eb3b830d2c906bac""]",in_selected_syllabus,与当前考纲词形或已登记拼写变体相符。,"n. 救护车
[医] 救护车",s:ambulances,ecdict-bc015ed2e24a
amongst,cet4,"[""cet4-w-6ae6c59d7e99c29634c4""]",in_selected_syllabus,与当前考纲词形或已登记拼写变体相符。,"prep. 在...当中, 在...之间, 在...之中",,ecdict-bc015ed2e24a
amount,gk cet4 ky toefl ielts,"[""cet4-w-f8949da5acaeb5b586ed""]",in_selected_syllabus,与当前考纲词形或已登记拼写变体相符。,"n. 总数, 总额
vi. 总计, 等同",s:amounts/p:amounted/3:amounts/i:amounting/d:amounted,ecdict-bc015ed2e24a
ampere,cet4 cet6,[],outside_selected_syllabus,ECDICT 标签仅作候选；所选考纲四级范围无对应词形，不自动加入。,"n. 安培
[化] 安培",s:amperes,ecdict-bc015ed2e24a
amplify,cet4 cet6 ky toefl ielts gre,[],outside_selected_syllabus,ECDICT 标签仅作候选；所选考纲四级范围无对应词形，不自动加入。,"vt. 增强, 放大, 扩大, 详述
vi. 引伸",d:amplified/p:amplified/i:amplifying/3:amplifies,ecdict-bc015ed2e24a
amuse,gk cet4 cet6 ky ielts gre,"[""cet4-w-d36366b630c6ae234f4a""]",in_selected_syllabus,与当前考纲词形或已登记拼写变体相符。,"vt. 消遣, 娱乐, 使发笑",p:amused/d:amused/i:amusing/3:amuses/s:amuses,ecdict-bc015ed2e24a
analyse,cet4 cet6 ky,"[""cet4-w-72121a255b55512b0829""]",in_selected_syllabus,与当前考纲词形或已登记拼写变体相符。,"vt. 分析, 细察, 分解
[经] 分析",d:analysed/i:analysing/p:analysed/3:analyses/s:analyses,ecdict-bc015ed2e24a
analysis,gk cet4 cet6 ky toefl ielts,"[""cet4-w-22634c370b80850c5995""]",in_selected_syllabus,与当前考纲词形或已登记拼写变体相符。,"n. 分析
[计] 分析机; 分析员; 分析; 分析程序",s:analyses,ecdict-bc015ed2e24a
analyze,gk cet4 toefl gre,"[""cet4-w-72121a255b55512b0829""]",in_selected_syllabus,与当前考纲词形或已登记拼写变体相符。,"vt. 分析, 细察, 分解
[机] 分析",d:analyzed/i:analyzing/p:analyzed/3:analyzes,ecdict-bc015ed2e24a
ancestor,gk cet4 cet6 ky toefl ielts gre,"[""cet4-w-9a5a729da4af60d63315""]",in_selected_syllabus,与当前考纲词形或已登记拼写变体相符。,"n. 祖先, 祖宗",s:ancestors,ecdict-bc015ed2e24a
anchor,cet4 cet6 ky ielts gre,"[""cet4-w-6bf8b2748a6f1aca62c4""]",in_selected_syllabus,与当前考纲词形或已登记拼写变体相符。,"n. 锚
vt. 抛锚停泊, 使固定
[计] 锚",s:anchors/i:anchoring/3:anchors/p:anchored/d:anchored,ecdict-bc015ed2e24a
ancient,zk gk cet4 cet6 ky ielts,"[""cet4-w-837c23faa4406003a563""]",in_selected_syllabus,与当前考纲词形或已登记拼写变体相符。,"a. 古代的, 古老的, 年老的, 旧的",s:ancients,ecdict-bc015ed2e24a
angel,cet4 ky,"[""cet4-w-ee55f3b8d37e28c8d97b""]",in_selected_syllabus,与当前考纲词形或已登记拼写变体相符。,"n. 天使, 守护神, 善人",s:angels,ecdict-bc015ed2e24a
anger,gk cet4 ky ielts,"[""cet4-w-8428fb5d16ae88f4d10c""]",in_selected_syllabus,与当前考纲词形或已登记拼写变体相符。,"n. 忿怒
vt. 激怒, 使发怒
vi. 发怒",d:angered/p:angered/s:angers/3:angers/i:angering,ecdict-bc015ed2e24a
angle,gk cet4 ky toefl,"[""cet4-w-49117f7c63f3d4a37396""]",in_selected_syllabus,与当前考纲词形或已登记拼写变体相符。,"n. 角, 角度, 角落
vi. 钓鱼, 谋取, 博取, 斜向移动, 转变角度
vt. 使转动角度, 在...钓鱼, 获取",s:angles/d:angled/i:angling/p:angled/3:angles,ecdict-bc015ed2e24a
ankle,gk cet4 cet6 ky ielts,"[""cet4-w-50a4233a71e998c53963""]",in_selected_syllabus,与当前考纲词形或已登记拼写变体相符。,"n. 踝
[医] 踝, 踝关节",s:ankles,ecdict-bc015ed2e24a
announce,gk cet4 cet6 ky toefl gre,"[""cet4-w-4d9986dc667a2f581b53""]",in_selected_syllabus,与当前考纲词形或已登记拼写变体相符。,"vt. 宣布, 声称, 显示, 预告
vi. 当报幕员, 宣布参加竞选",p:announced/d:announced/i:announcing/3:announces,ecdict-bc015ed2e24a
announcer,cet4 toefl,[],outside_selected_syllabus,ECDICT 标签仅作候选；所选考纲四级范围无对应词形，不自动加入。,"n. 节目报告员, 宣告者",s:announcers,ecdict-bc015ed2e24a
annual,gk cet4 ky toefl ielts,"[""cet4-w-50b92d83ee9e11e9431d""]",in_selected_syllabus,与当前考纲词形或已登记拼写变体相符。,"n. 年刊, 年报
a. 每年的, 一年一次的, 全年的, 一年生的",s:annuals,ecdict-bc015ed2e24a
ant,zk gk cet4 ky,"[""cet4-w-5e12aa41f2153d9ac4a0""]",in_selected_syllabus,与当前考纲词形或已登记拼写变体相符。,n. 蚂蚁,s:ants/p:anted/i:anting,ecdict-bc015ed2e24a
anticipate,cet4 cet6 ky toefl ielts gre,"[""cet4-w-b4584c44c522fde52fdb""]",in_selected_syllabus,与当前考纲词形或已登记拼写变体相符。,"vt. 预期, 占先, 加速, 提前使用
[医] 提前出现, 先期发生",d:anticipated/i:anticipating/p:anticipated/3:anticipates,ecdict-bc015ed2e24a
anxiety,gk cet4 cet6 ky toefl ielts,"[""cet4-w-f093cde3b0f743f1ce19""]",in_selected_syllabus,与当前考纲词形或已登记拼写变体相符。,"n. 焦虑, 忧虑, 令人焦虑的事
[医] 焦虑",s:anxieties,ecdict-bc015ed2e24a
anxious,gk cet4 cet6 ky toefl,"[""cet4-w-b677938ef5a39fd1dad1""]",in_selected_syllabus,与当前考纲词形或已登记拼写变体相符。,"a. 忧虑的, 发愁的, 渴望的",,ecdict-bc015ed2e24a
anyhow,gk cet4 ky ielts,"[""cet4-w-c737bb5ea9d8ffbbec08""]",in_selected_syllabus,与当前考纲词形或已登记拼写变体相符。,"adv. 无论如何, 至少",,ecdict-bc015ed2e24a
anyone,zk gk cet4 ky,"[""cet4-w-ff5adfbe9ab5141ce510""]",in_selected_syllabus,与当前考纲词形或已登记拼写变体相符。,pron. 任何人,,ecdict-bc015ed2e24a
anyway,zk cet4 ky,"[""cet4-w-1fa4d6aa4dca3f759aef""]",in_selected_syllabus,与当前考纲词形或已登记拼写变体相符。,"adv. 无论如何, 至少",s:anyways,ecdict-bc015ed2e24a
anywhere,zk gk cet4 ky,"[""cet4-w-82f791b812f13fcea10b""]",in_selected_syllabus,与当前考纲词形或已登记拼写变体相符。,adv. 无论何处,,ecdict-bc015ed2e24a
apart,gk cet4 ky,"[""cet4-w-b1c53517898417b71f5d""]",in_selected_syllabus,与当前考纲词形或已登记拼写变体相符。,"adv. 成零碎, 成距离, 分别地, 分离着
a. 分离的",,ecdict-bc015ed2e24a
apartment,gk cet4 ky ielts,"[""cet4-w-03f83ec82b5b625c6a62""]",in_selected_syllabus,与当前考纲词形或已登记拼写变体相符。,"n. 房间, 公寓",s:apartments,ecdict-bc015ed2e24a
apologize,gk cet4 toefl gre,"[""cet4-w-5d54bae3b0ba2b0c6a03""]",in_selected_syllabus,与当前考纲词形或已登记拼写变体相符。,"vi. 道歉, 辩解",p:apologized/i:apologizing/3:apologizes/d:apologized,ecdict-bc015ed2e24a
apology,gk cet4 ky toefl,"[""cet4-w-1a3dcb6d78be9bb0296b""]",in_selected_syllabus,与当前考纲词形或已登记拼写变体相符。,"n. 道歉, 辩护
[法] 道歉, 谢罪, 辩解者",s:apologies,ecdict-bc015ed2e24a
apparatus,cet4 cet6 ky ielts gre,"[""cet4-w-cde5edffd797692c9b89""]",in_selected_syllabus,与当前考纲词形或已登记拼写变体相符。,"n. 装置, 器具, 器官
[化] 仪器; 器械",,ecdict-bc015ed2e24a
apparent,gk cet4 cet6 ky ielts,"[""cet4-w-ee2fba930bb896c41212""]",in_selected_syllabus,与当前考纲词形或已登记拼写变体相符。,"a. 清晰可见的, 显然的, 表面上的
[电] 外在的",,ecdict-bc015ed2e24a
appeal,gk cet4 cet6 ky toefl ielts gre,"[""cet4-w-428e2818cd3935caa63f""]",in_selected_syllabus,与当前考纲词形或已登记拼写变体相符。,"n. 恳求, 诉请, 上诉, 吸引力
vi. 呼吁, 诉请, 要求, 上诉, 有吸引力
vt. 将...上诉",s:appeals/p:appealed/i:appealing/d:appealed/3:appeals,ecdict-bc015ed2e24a
appear,zk gk cet4 ky toefl,"[""cet4-w-309794b87f51c124f6c6""]",in_selected_syllabus,与当前考纲词形或已登记拼写变体相符。,"vi. 出现, 显得, 来到
[法] 出庭, 到案, 出现",p:appeared/3:appears/i:appearing/d:appeared,ecdict-bc015ed2e24a
appearance,gk cet4 ky ielts,"[""cet4-w-70e3f62aa429ba4f094c""]",in_selected_syllabus,与当前考纲词形或已登记拼写变体相符。,"n. 出现, 露面, 外观, 外表, 出版
[计] 外观, 版面",s:appearances,ecdict-bc015ed2e24a
appetite,gk cet4 cet6 ky toefl ielts gre,"[""cet4-w-bc06b56e0f2a16d46350""]",in_selected_syllabus,与当前考纲词形或已登记拼写变体相符。,"n. 食欲, 欲望, 爱好
[医] 食欲",s:appetites,ecdict-bc015ed2e24a
applause,cet4 cet6 ky gre,"[""cet4-w-084d5ef605b65703820d""]",in_selected_syllabus,与当前考纲词形或已登记拼写变体相符。,"n. 鼓掌, 喝彩, 赞许",,ecdict-bc015ed2e24a
appliance,cet4 cet6 ky toefl ielts,"[""cet4-w-6146e9fd034a80285ce1""]",in_selected_syllabus,与当前考纲词形或已登记拼写变体相符。,"n. 器械, 用具, 应用
[医] 矫正器; 器",s:appliances,ecdict-bc015ed2e24a
applicable,cet4 cet6 ky gre,"[""cet4-w-7a2d3543f26fdfd8a71b""]",in_selected_syllabus,与当前考纲词形或已登记拼写变体相符。,"a. 合适的, 可应用的
[法] 适用的, 适应的",,ecdict-bc015ed2e24a
applicant,gk cet4 toefl ielts gre,"[""cet4-w-bc5d61a8856cd514893e""]",in_selected_syllabus,与当前考纲词形或已登记拼写变体相符。,"n. 申请者
[经] 申请人, 请求人, 谋事人",s:applicants,ecdict-bc015ed2e24a
application,gk cet4 cet6 ky toefl ielts gre,"[""cet4-w-4618626c765e847a5fee""]",in_selected_syllabus,与当前考纲词形或已登记拼写变体相符。,"n. 应用, 申请, 志愿书, 应用程序
[计] 应用, 应用程序",s:applications,ecdict-bc015ed2e24a
apply,gk cet4 cet6 ky toefl ielts,"[""cet4-w-2893a9438e61e4a55e4a""]",in_selected_syllabus,与当前考纲词形或已登记拼写变体相符。,"vt. 涂, 应用
vi. 申请, 适用",d:applied/3:applies/i:applying/p:applied,ecdict-bc015ed2e24a
appoint,gk cet4 cet6 ky toefl gre,"[""cet4-w-6949df1d52b59dd7720f""]",in_selected_syllabus,与当前考纲词形或已登记拼写变体相符。,"vt. 任命, 指定, 下令
[法] 派, 派任, 任命",d:appointed/p:appointed/i:appointing/3:appoints,ecdict-bc015ed2e24a
appointment,gk cet4 cet6 ky toefl ielts,"[""cet4-w-09ed4117a60a72ea0019""]",in_selected_syllabus,与当前考纲词形或已登记拼写变体相符。,"n. 约会, 委任的职位, 委派
[经] 任命, 派, 指定",s:appointments,ecdict-bc015ed2e24a
appreciate,gk cet4 cet6 ky toefl ielts gre,"[""cet4-w-90196a7db3bdd617f271""]",in_selected_syllabus,与当前考纲词形或已登记拼写变体相符。,"vt. 赏识, 鉴别, 为...而感激, 领会, 欣赏
vi. 增值, 涨价",d:appreciated/p:appreciated/i:appreciating/3:appreciates,ecdict-bc015ed2e24a
approach,gk cet4 cet6 ky toefl ielts gre,"[""cet4-w-9dd729ca25bdcdd216d2""]",in_selected_syllabus,与当前考纲词形或已登记拼写变体相符。,"n. 接近, 入门
vt. 接近, 近似, 找...商量
vi. 靠近",s:approaches/p:approached/i:approaching/d:approached/3:approaches,ecdict-bc015ed2e24a
appropriate,gk cet4 cet6 ky toefl ielts gre,"[""cet4-w-78dcb122ac6f71cdb1dc""]",in_selected_syllabus,与当前考纲词形或已登记拼写变体相符。,"a. 适当的
[经] 适当的, 拨出, 占用",d:appropriated/3:appropriates/p:appropriated/i:appropriating,ecdict-bc015ed2e24a
approval,cet4 cet6 ky toefl ielts,"[""cet4-w-2f0bdd4a84722aaf026f""]",in_selected_syllabus,与当前考纲词形或已登记拼写变体相符。,"n. 赞成, 批准
[化] 核准",s:approvals,ecdict-bc015ed2e24a
approve,gk cet4 cet6 ky toefl,"[""cet4-w-9325dbfc433f4cabc115""]",in_selected_syllabus,与当前考纲词形或已登记拼写变体相符。,"vt. 赞同, 核准, 为...提供证据
vi. 赞许",d:approved/p:approved/i:approving/3:approves,ecdict-bc015ed2e24a
approximate,cet4 cet6 ky toefl ielts gre,"[""cet4-w-d29399f138a17bd3e03a""]",in_selected_syllabus,与当前考纲词形或已登记拼写变体相符。,"a. 大约的, 接近的, 近似的
vt. 接近, 使接近, 粗略估计
vi. 接近于",i:approximating/3:approximates/d:approximated/p:approximated,ecdict-bc015ed2e24a
approximately,gk cet4 cet6 toefl,"[""cet4-w-f00bac260b0aced56b26""]",in_selected_syllabus,与当前考纲词形或已登记拼写变体相符。,"adv. 大约, 大致, 近于
[经] 大约, 近似",,ecdict-bc015ed2e24a
Arabian,cet4 cet6,[],outside_selected_syllabus,ECDICT 标签仅作候选；所选考纲四级范围无对应词形，不自动加入。,"a. 阿拉伯的, 阿拉伯人的",s:arabians,ecdict-bc015ed2e24a
arbitrary,gk cet4 cet6 ky toefl ielts gre,"[""cet4-w-f1f6e5e513e437c99383""]",in_selected_syllabus,与当前考纲词形或已登记拼写变体相符。,"a. 任意的, 武断的, 专治的, 霸道的",,ecdict-bc015ed2e24a
architect,gk cet4 cet6 ky toefl ielts gre,"[""cet4-w-b51c6e6d03f20d34b3a8""]",in_selected_syllabus,与当前考纲词形或已登记拼写变体相符。,"n. 建筑师, 设计者, 缔造者",s:architects,ecdict-bc015ed2e24a
architecture,gk cet4 cet6 ky toefl ielts,"[""cet4-w-370f524dcf643b1ca5f5""]",in_selected_syllabus,与当前考纲词形或已登记拼写变体相符。,"n. 建筑学, 建筑式样
[计] 体系结构",s:architectures,ecdict-bc015ed2e24a
area,zk gk cet4 ky ielts,"[""cet4-w-1d41a2b8bd900c1c72e1""]",in_selected_syllabus,与当前考纲词形或已登记拼写变体相符。,"n. 区域, 面积, 范围, 空地
[计] 区域",s:areas,ecdict-bc015ed2e24a
argue,gk cet4 cet6 ky ielts,"[""cet4-w-1a8da4d0fc91c2d75621""]",in_selected_syllabus,与当前考纲词形或已登记拼写变体相符。,"vi. 提出理由, 争论, 辩论
vt. 主张, 辩论, 证明, 说服",d:argued/p:argued/3:argues/i:arguing,ecdict-bc015ed2e24a
argument,gk cet4 ky ielts,"[""cet4-w-dbbec5738ed144a8e44d""]",in_selected_syllabus,与当前考纲词形或已登记拼写变体相符。,"n. 争论, 论证, 论据, 自变量
[计] 参数",s:arguments,ecdict-bc015ed2e24a
arise,gk cet4 cet6 ky toefl ielts,"[""cet4-w-8a3458c69c2660a55ba4""]",in_selected_syllabus,与当前考纲词形或已登记拼写变体相符。,"vi. 站立, 出现, 起来",i:arising/3:arises/p:arose/d:arisen,ecdict-bc015ed2e24a
arithmetic,gk cet4 cet6 ky toefl,"[""cet4-w-cca2db25dcba975aa40a""]",in_selected_syllabus,与当前考纲词形或已登记拼写变体相符。,"n. 算术, 算术知识
[机] 算术; 算术的",s:arithmetics,ecdict-bc015ed2e24a
army,zk gk cet4 ky ielts,"[""cet4-w-0d55240645fed95d2958""]",in_selected_syllabus,与当前考纲词形或已登记拼写变体相符。,"n. 军队, 陆军",s:armies,ecdict-bc015ed2e24a
arouse,cet4 cet6 ky toefl ielts gre,"[""cet4-w-b8f0e962fac1f83e15d7""]",in_selected_syllabus,与当前考纲词形或已登记拼写变体相符。,"vt. 唤醒, 鼓励, 引起
vi. 醒来",d:aroused/p:aroused/i:arousing/3:arouses,ecdict-bc015ed2e24a
arrange,gk cet4 ky toefl,"[""cet4-w-17bd774f2cced0df2d35""]",in_selected_syllabus,与当前考纲词形或已登记拼写变体相符。,"v. 安排, 排列, 达成协议
[计] 重排",d:arranged/i:arranging/p:arranged/3:arranges,ecdict-bc015ed2e24a
arrangement,gk cet4 toefl,"[""cet4-w-a0b3627fb5842e64c4c5""]",in_selected_syllabus,与当前考纲词形或已登记拼写变体相符。,"n. 排列, 整齐, 安排
[计] 排列",s:arrangements,ecdict-bc015ed2e24a
arrest,gk cet4 cet6 ky toefl gre,"[""cet4-w-b3e6c925dcfac0fe9df5""]",in_selected_syllabus,与当前考纲词形或已登记拼写变体相符。,"n. 逮捕, 监禁
vt. 拘捕, 抑制, 吸引, 阻止",d:arrested/s:arrests/i:arresting/p:arrested/3:arrests,ecdict-bc015ed2e24a
arrival,gk cet4 ky ielts,"[""cet4-w-457222f132b15bc88919""]",in_selected_syllabus,与当前考纲词形或已登记拼写变体相符。,"n. 到达, 抵达, 到达者
[经] 到达, 到达物",s:arrivals,ecdict-bc015ed2e24a
arrow,gk cet4 ky,"[""cet4-w-3799e09f8b80d1639dd9""]",in_selected_syllabus,与当前考纲词形或已登记拼写变体相符。,"n. 箭, 箭状物, 箭头记号",s:arrows/p:arrowed/i:arrowing,ecdict-bc015ed2e24a
art,zk gk cet4 ky ielts,"[""cet4-w-f1eac6bcf3553530c532""]",in_selected_syllabus,与当前考纲词形或已登记拼写变体相符。,"n. 艺术, 人文科学, 技术, 巧妙, 诡计, 美术
[计] 实际保持时间, 特许权和资源表, 平均检索时间, 平均运行时间",s:arts,ecdict-bc015ed2e24a
article,zk gk cet4 ky toefl ielts,"[""cet4-w-abd46d4a0a47b296853c""]",in_selected_syllabus,与当前考纲词形或已登记拼写变体相符。,"n. 文章, 冠词, 物品, 物件, 条款, 契约
[计] 信件",s:articles/d:articled/i:articling/p:articled/3:articles,ecdict-bc015ed2e24a
artificial,gk cet4 cet6 ky toefl ielts gre,"[""cet4-w-be9dab3ed815e9ca8e7a""]",in_selected_syllabus,与当前考纲词形或已登记拼写变体相符。,"a. 人造的, 假的, 非原地产的
[医] 人工的, 人造的, 伟牟",s:artificials,ecdict-bc015ed2e24a
artist,gk cet4 ky,"[""cet4-w-31c54e3a0b0eac3b8552""]",in_selected_syllabus,与当前考纲词形或已登记拼写变体相符。,"n. 艺术家, 画家",s:artists,ecdict-bc015ed2e24a
artistic,cet4 cet6 ky ielts,"[""cet4-w-cb72822ff4564f9469b5""]",in_selected_syllabus,与当前考纲词形或已登记拼写变体相符。,"a. 艺术的, 艺术家的, 富有艺术性的",,ecdict-bc015ed2e24a
ascribe,cet4 cet6 toefl ielts gre,[],outside_selected_syllabus,ECDICT 标签仅作候选；所选考纲四级范围无对应词形，不自动加入。,"vt. 归因于, 归咎于
[法] 归咎于",d:ascribed/i:ascribing/3:ascribes/p:ascribed/s:ascribes,ecdict-bc015ed2e24a
ash,gk cet4 ky,"[""cet4-w-5b92b7642af36a95241e""]",in_selected_syllabus,与当前考纲词形或已登记拼写变体相符。,"n. 灰, 灰烬
[化] 灰分",s:ashes,ecdict-bc015ed2e24a
ashamed,gk cet4 ky ielts,"[""cet4-w-16dc1a9cbcc074c252f9""]",in_selected_syllabus,与当前考纲词形或已登记拼写变体相符。,"a. 惭愧的, 羞耻的",,ecdict-bc015ed2e24a
aside,gk cet4 ky,"[""cet4-w-056c04c439cf37f363f6""]",in_selected_syllabus,与当前考纲词形或已登记拼写变体相符。,"n. 小声说的话, 旁白
adv. 在一边, 离开, 另外",s:asides,ecdict-bc015ed2e24a
asleep,zk gk cet4 ky,"[""cet4-w-d67837f987635b3765f8""]",in_selected_syllabus,与当前考纲词形或已登记拼写变体相符。,"a. 睡着的, 长眠的, 麻木的
adv. 熟睡地",,ecdict-bc015ed2e24a
aspect,gk cet4 cet6 ky toefl gre,"[""cet4-w-ea857d820f0fcc91529e""]",in_selected_syllabus,与当前考纲词形或已登记拼写变体相符。,"n. 外观, 方面, 面貌, 方向
[医] 方面, 局面; 外观",s:aspects,ecdict-bc015ed2e24a
assemble,cet4 cet6 ky toefl ielts gre,"[""cet4-w-eb61b009a6d79125b8d2""]",in_selected_syllabus,与当前考纲词形或已登记拼写变体相符。,"vt. 集合, 收集, 装配
vi. 集合
[计] 汇编",d:assembled/i:assembling/p:assembled/3:assembles,ecdict-bc015ed2e24a
assembly,cet4 ky toefl,"[""cet4-w-94991584bc110978d077""]",in_selected_syllabus,与当前考纲词形或已登记拼写变体相符。,"n. 与会者, 集会, 装配, 组件
[化] 装配",s:assemblies,ecdict-bc015ed2e24a
assess,gk cet4 cet6 ky toefl ielts gre,"[""cet4-w-7c985884c091cccaadfe""]",in_selected_syllabus,与当前考纲词形或已登记拼写变体相符。,"vt. 估定, 对...征税, 评定
[经] 估计, 估价, 确定(税款罚款等)的金额",d:assessed/i:assessing/3:assesses/p:assessed,ecdict-bc015ed2e24a
assign,cet4 cet6 ky toefl ielts,"[""cet4-w-1706ba9fffc673ec12ee""]",in_selected_syllabus,与当前考纲词形或已登记拼写变体相符。,"vt. 分配, 指派, 赋值
[计] 赋值",d:assigned/i:assigning/3:assigns/p:assigned,ecdict-bc015ed2e24a
assignment,cet4 cet6 ky toefl ielts,"[""cet4-w-fae25a51352f4900db93""]",in_selected_syllabus,与当前考纲词形或已登记拼写变体相符。,"n. 分配, 功课, 任务, 转让, 归因, 陈述
[计] 赋值",s:assignments,ecdict-bc015ed2e24a
assist,gk cet4 cet6 ky toefl,"[""cet4-w-b2b62691cc586039d49b""]",in_selected_syllabus,与当前考纲词形或已登记拼写变体相符。,"n. 帮助, 协助
vt. 帮助, 促进
vi. 协助, 参加",d:assisted/i:assisting/p:assisted/3:assists,ecdict-bc015ed2e24a
assistant,gk cet4 cet6 ky toefl ielts,"[""cet4-w-33b66e9809cb46c8dc1c""]",in_selected_syllabus,与当前考纲词形或已登记拼写变体相符。,"n. 助手, 助理, 助教
a. 有帮助的, 辅助的, 助理的",s:assistants,ecdict-bc015ed2e24a
associate,gk cet4 cet6 ky toefl ielts gre,"[""cet4-w-0ff9815fcc9c884e601f""]",in_selected_syllabus,与当前考纲词形或已登记拼写变体相符。,"n. 同伴, 伙伴, 关联的事物
vt. 使联合, 使发生联系
vi. 交往
[计] 关联",d:associated/s:associates/i:associating/p:associated/3:associates,ecdict-bc015ed2e24a
association,gk cet4 cet6 ky toefl ielts,"[""cet4-w-085009a48d1fe132f0dc""]",in_selected_syllabus,与当前考纲词形或已登记拼写变体相符。,"n. 协会
[计] 关联",s:associations,ecdict-bc015ed2e24a
assume,gk cet4 cet6 ky toefl ielts gre,"[""cet4-w-0072054bd3af469f0501""]",in_selected_syllabus,与当前考纲词形或已登记拼写变体相符。,"vt. 假定, 承担, 呈现
vi. 装腔作势, 僭越",d:assumed/i:assuming/p:assumed/3:assumes,ecdict-bc015ed2e24a
assumption,gk cet4 cet6 ky toefl ielts gre,"[""cet4-w-c1bafb570c7afe728ed6""]",in_selected_syllabus,与当前考纲词形或已登记拼写变体相符。,"n. 假定, 自负, 担任, 假装
[经] 假定, 承担",s:assumptions,ecdict-bc015ed2e24a
assure,cet4 cet6 ky toefl ielts gre,"[""cet4-w-cf78dc4b366595885b95""]",in_selected_syllabus,与当前考纲词形或已登记拼写变体相符。,"vt. 保证, 使确信, 弄清楚, 担保
[法] 确信, 保证, 保障",p:assured/d:assured/3:assures/i:assuring,ecdict-bc015ed2e24a
astonish,gk cet4 ky toefl,"[""cet4-w-9ceceab1588ac63abb2e""]",in_selected_syllabus,与当前考纲词形或已登记拼写变体相符。,vt. 使惊讶,p:astonished/d:astonished/3:astonishes/i:astonishing,ecdict-bc015ed2e24a
astronaut,gk cet4 cet6 ky,"[""cet4-w-4298244d072382aa19e7""]",in_selected_syllabus,与当前考纲词形或已登记拼写变体相符。,"n. 太空旅行者, 宇航员
[法] 美国太空人",s:astronauts/3:astronauts,ecdict-bc015ed2e24a
athlete,gk cet4 cet6 ky toefl ielts,"[""cet4-w-20c8707e2293f3a40a1b""]",in_selected_syllabus,与当前考纲词形或已登记拼写变体相符。,"n. 运动员, 运动选手
[医] 运动员",s:athletes,ecdict-bc015ed2e24a
Atlantic,zk gk cet4,[],outside_selected_syllabus,ECDICT 标签仅作候选；所选考纲四级范围无对应词形，不自动加入。,"n. 大西洋
a. 大西洋的",,ecdict-bc015ed2e24a
atmosphere,gk cet4 cet6 ky toefl,"[""cet4-w-4313cdb45b0ef18eb9e4""]",in_selected_syllabus,与当前考纲词形或已登记拼写变体相符。,"n. 大气, 空气, 气氛
[医] 大气; 大气压",s:atmospheres,ecdict-bc015ed2e24a
atmospheric,cet4 cet6 ielts,"[""cet4-w-2bbaf5a66d656792cb91""]",in_selected_syllabus,与当前考纲词形或已登记拼写变体相符。,"a. 大气的
[医] 大气的; 大气压的",s:atmospherics,ecdict-bc015ed2e24a
atom,gk cet4 cet6 ky toefl,"[""cet4-w-b999f1e7dcc88e96271a""]",in_selected_syllabus,与当前考纲词形或已登记拼写变体相符。,"n. 原子, 核能, 微粒, 微量
[计] 原子",s:atoms,ecdict-bc015ed2e24a
atomic,cet4 toefl,"[""cet4-w-f4fbf3825f5d6ce5dc7d""]",in_selected_syllabus,与当前考纲词形或已登记拼写变体相符。,"a. 原子的, 原子能的
[医] 原子的",s:atomics,ecdict-bc015ed2e24a
attach,gk cet4 cet6 ky toefl ielts gre,"[""cet4-w-bc45a4dcd2c0ab07e392""]",in_selected_syllabus,与当前考纲词形或已登记拼写变体相符。,"vt. 附上, 使依附, 使附属, 使喜爱, 系, 缚
vi. 附属, 归属, 联系在一起
[计] 挂接服务器命令, 关联, 挂接, 附加",d:attached/i:attaching/3:attaches/p:attached,ecdict-bc015ed2e24a
attack,gk cet4 cet6 ky ielts,"[""cet4-w-46d3956d191d0c91dce2""]",in_selected_syllabus,与当前考纲词形或已登记拼写变体相符。,"n. 攻击, 抨击
vt. 攻击, 抨击, 动手干
vi. 攻击",s:attacks/d:attacked/p:attacked/i:attacking/3:attacks,ecdict-bc015ed2e24a
attain,gk cet4 cet6 ky toefl ielts gre,"[""cet4-w-4a8068604e8ac48ded06""]",in_selected_syllabus,与当前考纲词形或已登记拼写变体相符。,"vt. 达到, 获得
vi. 达到",d:attained/i:attaining/p:attained/3:attains,ecdict-bc015ed2e24a
attempt,gk cet4 cet6 ky toefl ielts,"[""cet4-w-ba69d4ab912303b6e80e""]",in_selected_syllabus,与当前考纲词形或已登记拼写变体相符。,"n. 尝试, 企图
vt. 尝试, 企图",s:attempts/i:attempting/d:attempted/p:attempted/3:attempts,ecdict-bc015ed2e24a
attend,gk cet4 ky toefl ielts,"[""cet4-w-6137b9fe11b015369fad""]",in_selected_syllabus,与当前考纲词形或已登记拼写变体相符。,"vt. 参加, 照料, 伴随
vi. 专心于, 照顾, 服侍, 出席",i:attending/d:attended/p:attended/3:attends,ecdict-bc015ed2e24a
attention,zk gk cet4 ky toefl ielts,"[""cet4-w-e2d9a1585b273d854b11""]",in_selected_syllabus,与当前考纲词形或已登记拼写变体相符。,"n. 注意, 注意力
[计] 引起注意信号",s:attentions,ecdict-bc015ed2e24a
attentive,cet4 cet6 ky ielts,"[""cet4-w-a6a516c08d4fc4eec085""]",in_selected_syllabus,与当前考纲词形或已登记拼写变体相符。,"a. 注意的, 留心的",,ecdict-bc015ed2e24a
attitude,gk cet4 ky,"[""cet4-w-9f3b888b9d8c916f356d""]",in_selected_syllabus,与当前考纲词形或已登记拼写变体相符。,"n. 态度, 看法, 姿势
[医] 体态, 姿势, 态度",s:attitudes,ecdict-bc015ed2e24a
attract,gk cet4 ky toefl,"[""cet4-w-660e1fe2c82d8bb6e9cb""]",in_selected_syllabus,与当前考纲词形或已登记拼写变体相符。,"vt. 吸引, 诱惑
vi. 有吸引力",d:attracted/p:attracted/3:attracts/i:attracting,ecdict-bc015ed2e24a
attraction,gk cet4 toefl,"[""cet4-w-8f63a7e693675b9e3051""]",in_selected_syllabus,与当前考纲词形或已登记拼写变体相符。,"n. 吸引, 吸引人的事物, 吸引力
[医] 吸引",s:attractions,ecdict-bc015ed2e24a
attractive,gk cet4 ky toefl ielts,"[""cet4-w-5a522d9021570e30890a""]",in_selected_syllabus,与当前考纲词形或已登记拼写变体相符。,"a. 吸引人的, 有魅力的
[法] 有吸引力的, 有迷惑力的",,ecdict-bc015ed2e24a
attribute,cet4 cet6 ky toefl ielts gre,"[""cet4-w-18d40fee29d30dec145a""]",in_selected_syllabus,与当前考纲词形或已登记拼写变体相符。,"n. 属性, 标志, 定语
vt. 把...归于, 认为...属于
[计] 属性",d:attributed/s:attributes/p:attributed/3:attributes/i:attributing,ecdict-bc015ed2e24a
audience,gk cet4 cet6 ky toefl ielts gre,"[""cet4-w-2b7611fd48ffc1a7f6d6""]",in_selected_syllabus,与当前考纲词形或已登记拼写变体相符。,"n. 听众, 观众, 读者
[法] 听讼, 观众, 听众",s:audiences,ecdict-bc015ed2e24a
audio,cet4 ky ielts,"[""cet4-w-47b0c2bce4b312aa1794""]",in_selected_syllabus,与当前考纲词形或已登记拼写变体相符。,"a. 音频的, 声音的
[电] 声频",s:audios,ecdict-bc015ed2e24a
aural,cet4 cet6 ky,[],outside_selected_syllabus,ECDICT 标签仅作候选；所选考纲四级范围无对应词形，不自动加入。,"a. 耳的, 听觉的, 气氛的, 气味的, 光环的
[医] 耳的; 先兆的",,ecdict-bc015ed2e24a
author,gk cet4 cet6 ky ielts,"[""cet4-w-fa901343db59be844452""]",in_selected_syllabus,与当前考纲词形或已登记拼写变体相符。,"n. 作家, 作家的著作, 创始人
[法] 作者, 著作人, 本人",s:authors/i:authoring/p:authored/3:authors/d:authored,ecdict-bc015ed2e24a
authority,gk cet4 cet6 ky toefl ielts,"[""cet4-w-d8daff3913f46a15685a""]",in_selected_syllabus,与当前考纲词形或已登记拼写变体相符。,"n. 权力, 当权者, 当局, 权威, 专家
[经] 代理权, 授权, 权威",s:authorities,ecdict-bc015ed2e24a
auto,cet4 ky,"[""cet4-w-27856a051d7fab27f6f2""]",in_selected_syllabus,与当前考纲词形或已登记拼写变体相符。,"n. 汽车
pref. 表示""自己""、""本身"", 表示""自己的"", 表示""自动的""",s:autos,ecdict-bc015ed2e24a
autobiography,cet4 toefl gre,[],outside_selected_syllabus,ECDICT 标签仅作候选；所选考纲四级范围无对应词形，不自动加入。,n. 自传,s:autobiographies,ecdict-bc015ed2e24a
automatic,gk cet4 cet6 ky toefl ielts,"[""cet4-w-cc36bc3612feb10f7dfc""]",in_selected_syllabus,与当前考纲词形或已登记拼写变体相符。,"n. 自动手枪, 自动机械
a. 自动的, 机械的, 必然的, 无意识的",s:automatics,ecdict-bc015ed2e24a
automatically,cet4,"[""cet4-w-9ee79b97433ec5443642""]",in_selected_syllabus,与当前考纲词形或已登记拼写变体相符。,"adv. 自动地, 机械地",,ecdict-bc015ed2e24a
automation,cet4 cet6 ky ielts gre,"[""cet4-w-7754d4b8c59055258466""]",in_selected_syllabus,与当前考纲词形或已登记拼写变体相符。,"n. 自动化, 自动操作
[计] 自动学; 自动化",s:automations,ecdict-bc015ed2e24a
automobile,cet4 cet6 ielts,"[""cet4-w-2bb6a6302ef7baa442f3""]",in_selected_syllabus,与当前考纲词形或已登记拼写变体相符。,"n. 汽车
[机] 汽车",s:automobiles,ecdict-bc015ed2e24a
auxiliary,cet4 cet6 ky toefl ielts gre,[],outside_selected_syllabus,ECDICT 标签仅作候选；所选考纲四级范围无对应词形，不自动加入。,"n. 辅助者, 辅助物, 附属机构, 助动词
a. 辅助的, 备用的",s:auxiliaries,ecdict-bc015ed2e24a
available,zk gk cet4 cet6 ky toefl ielts gre,"[""cet4-w-7d09a98a1bac6d62529c""]",in_selected_syllabus,与当前考纲词形或已登记拼写变体相符。,"a. 可利用的, 可获得的, 有效的
[医] 有效的, 可得的",,ecdict-bc015ed2e24a
avenue,gk cet4 ky toefl ielts,"[""cet4-w-4fa3d3645dbd9afed5ca""]",in_selected_syllabus,与当前考纲词形或已登记拼写变体相符。,"n. 大街, 途径, 林荫路",s:avenues,ecdict-bc015ed2e24a
average,gk cet4 ky toefl ielts,"[""cet4-w-3e300ac51c6cf5315d86""]",in_selected_syllabus,与当前考纲词形或已登记拼写变体相符。,"n. 平均, 平均数, 一般水平, 海损
a. 平均的, 中等的, 平常的
vt. 算出...平均数, 平均做, 均分, 使平衡
vi. 平均为, 呈中间色",s:averages/i:averaging/p:averaged/d:averaged/3:averages,ecdict-bc015ed2e24a
aviation,cet4 cet6 ky toefl ielts,"[""cet4-w-8d422fafd29246a4ff80""]",in_selected_syllabus,与当前考纲词形或已登记拼写变体相符。,"n. 航空, 航空学, 飞行术
[法] 航空, 飞行, 飞行术",,ecdict-bc015ed2e24a
avoid,zk gk cet4 ky toefl ielts gre,"[""cet4-w-7e8174a878cc960e7d4a""]",in_selected_syllabus,与当前考纲词形或已登记拼写变体相符。,"vt. 避免, 防止, 撤消
[法] 避免, 回避, 躲开",d:avoided/i:avoiding/p:avoided/3:avoids,ecdict-bc015ed2e24a
await,cet4 ky,"[""cet4-w-b0ee90c744fd2125d2c7""]",in_selected_syllabus,与当前考纲词形或已登记拼写变体相符。,"vt. 等候
vi. 等待着",i:awaiting/3:awaits/p:awaited/d:awaited,ecdict-bc015ed2e24a
awake,zk gk cet4 cet6 ky,"[""cet4-w-1d25b95b798dab39b124""]",in_selected_syllabus,与当前考纲词形或已登记拼写变体相符。,"a. 醒着的
vt. 唤醒, 唤起, 使意识到
vi. 醒来, 被唤起, 意识到",p:awoke/d:awoken/3:awakes/i:awaking,ecdict-bc015ed2e24a
award,gk cet4 cet6 ky ielts,"[""cet4-w-68a371b076a81e883ae4""]",in_selected_syllabus,与当前考纲词形或已登记拼写变体相符。,"n. 奖品, 裁定, 判决
vt. 授予, 给予",d:awarded/s:awards/p:awarded/i:awarding/3:awards,ecdict-bc015ed2e24a
aware,gk cet4 ky toefl ielts,"[""cet4-w-a1799db592c10e6f4fd6""]",in_selected_syllabus,与当前考纲词形或已登记拼写变体相符。,"a. 知道的, 有觉悟的",,ecdict-bc015ed2e24a
awful,gk cet4 cet6 ky ielts,"[""cet4-w-3888294532f27c7dd1f0""]",in_selected_syllabus,与当前考纲词形或已登记拼写变体相符。,"a. 可怕的, 庄严的, 虔敬的",,ecdict-bc015ed2e24a
awfully,cet4,[],outside_selected_syllabus,ECDICT 标签仅作候选；所选考纲四级范围无对应词形，不自动加入。,"adv. 恶劣地, 非常地, 极端地",,ecdict-bc015ed2e24a
awkward,gk cet4 cet6 ky toefl ielts gre,"[""cet4-w-c54dbffdef2e05d5c32b""]",in_selected_syllabus,与当前考纲词形或已登记拼写变体相符。,"a. 笨拙的, 棘手的",,ecdict-bc015ed2e24a
ax,cet4,"[""cet4-w-9d3a5c61e10d4a61b254""]",in_selected_syllabus,与当前考纲词形或已登记拼写变体相符。,"n. 斧头
vt. 用斧削或砍, 削减",i:axing/s:axes/3:axes/p:axed/d:axed,ecdict-bc015ed2e24a
axis,cet4 cet6 ky toefl ielts gre,"[""cet4-w-44af3dd7cafca19f7b27""]",in_selected_syllabus,与当前考纲词形或已登记拼写变体相符。,"n. 轴
[计] 坐标轴",,ecdict-bc015ed2e24a
B.C.,cet4,[],outside_selected_syllabus,ECDICT 标签仅作候选；所选考纲四级范围无对应词形，不自动加入。,公元前,,ecdict-bc015ed2e24a
bachelor,gk cet4 cet6 ky toefl,"[""cet4-w-240294ae7d81f2bdfbbd""]",in_selected_syllabus,与当前考纲词形或已登记拼写变体相符。,"n. 单身汉, 学士
[法] 学士, 单身汉",s:bachelors,ecdict-bc015ed2e24a
background,zk gk cet4 ky toefl ielts,"[""cet4-w-c9556ba077937b30828a""]",in_selected_syllabus,与当前考纲词形或已登记拼写变体相符。,"n. 背景, 背景资料
[计] 背景, 后台",s:backgrounds,ecdict-bc015ed2e24a
backward,gk cet4 ky toefl ielts,"[""cet4-w-39f033d8eac3ce6d5e5d""]",in_selected_syllabus,与当前考纲词形或已登记拼写变体相符。,"adv. 向后地, 相反地
a. 向后的, 相反的
[计] 倒推",,ecdict-bc015ed2e24a
bacteria,cet4 cet6 toefl ielts gre,"[""cet4-w-e9718e53908641cd97e0""]",in_selected_syllabus,与当前考纲词形或已登记拼写变体相符。,"pl. 细菌
[医] 细菌, [无芽胞]杆菌",0:bacterium/1:s,ecdict-bc015ed2e24a
badly,gk cet4 ky,"[""cet4-w-fa37c6e2855ab6467591""]",in_selected_syllabus,与当前考纲词形或已登记拼写变体相符。,"adv. 严重地, 恶劣地, 极度地",,ecdict-bc015ed2e24a
badminton,gk cet4 cet6 ky ielts,"[""cet4-w-91e34f4859b09ee1c401""]",in_selected_syllabus,与当前考纲词形或已登记拼写变体相符。,n. 羽毛球运动,,ecdict-bc015ed2e24a
baggage,gk cet4 ky toefl ielts,"[""cet4-w-e022bb3e5cd931889647""]",in_selected_syllabus,与当前考纲词形或已登记拼写变体相符。,"n. 行李
[经] 行李",s:baggages,ecdict-bc015ed2e24a
bake,gk cet4 ky ielts,"[""cet4-w-7ee0d70331472e6f8f35""]",in_selected_syllabus,与当前考纲词形或已登记拼写变体相符。,"vt. 烘焙, 烤
vi. 烤面包
n. 烘焙, 烤",i:baking/d:baked/p:baked/3:bakes,ecdict-bc015ed2e24a
balance,gk cet4 ky toefl ielts,"[""cet4-w-45c499a6f8828cfb7de9""]",in_selected_syllabus,与当前考纲词形或已登记拼写变体相符。,"n. 平衡, 差额
vi. 平衡, 相等
vt. 称, 权衡, 比较, 使平衡, 结算, 抵消",d:balanced/i:balancing/s:balances/3:balances/p:balanced,ecdict-bc015ed2e24a
balcony,gk cet4 cet6 ky toefl ielts,"[""cet4-w-046e70f4956dbc4859a4""]",in_selected_syllabus,与当前考纲词形或已登记拼写变体相符。,"n. 阳台, 戏院楼厅",s:balconies/p:balconied,ecdict-bc015ed2e24a
balloon,zk gk cet4 ky toefl ielts gre,"[""cet4-w-dba1a0128f38c3feaa01""]",in_selected_syllabus,与当前考纲词形或已登记拼写变体相符。,"n. 气球
vt. 使成气球状
vi. 膨胀如气球, 激增",s:balloons/p:ballooned/i:ballooning/d:ballooned/3:balloons,ecdict-bc015ed2e24a
ban,gk cet4 cet6 ky toefl ielts gre,"[""cet4-w-d3362c07660d01450e14""]",in_selected_syllabus,与当前考纲词形或已登记拼写变体相符。,"n. 禁令
vt. 禁止, 取缔",d:banned/i:banning/p:banned/s:bans/3:bans,ecdict-bc015ed2e24a
band,gk cet4 ky toefl ielts gre,"[""cet4-w-d9f1866f884bea0e0bc9""]",in_selected_syllabus,与当前考纲词形或已登记拼写变体相符。,"n. 带子, 队, 乐队
v. 联合, 结合
[计] 频带; 波段; 区",s:bands/3:bands/d:banded/i:banding/p:banded,ecdict-bc015ed2e24a
bang,gk cet4 cet6 ky toefl ielts,"[""cet4-w-07a1c956f9f51c9f0db1""]",in_selected_syllabus,与当前考纲词形或已登记拼写变体相符。,"n. 重击, 突然巨响, 刘海
v. 发巨响, 重击
adv. 砰然地, 突然巨响地, 直接地
[计] 撞击符",i:banging/p:banged/s:bangs/d:banged/3:bangs,ecdict-bc015ed2e24a
banner,cet4 ky toefl ielts,"[""cet4-w-05143694932447f04d9e""]",in_selected_syllabus,与当前考纲词形或已登记拼写变体相符。,"n. 旗帜
a. 显著的, 特别好的",s:banners/p:bannered,ecdict-bc015ed2e24a
bar,gk cet4 ky toefl ielts gre,"[""cet4-w-ca630d88ac0e2da2a7b7""]",in_selected_syllabus,与当前考纲词形或已登记拼写变体相符。,"n. 条, 棒, 酒吧, 栅, 障碍物
vt. 禁止, 阻挡, 妨碍
[计] 棒形图",s:bars/d:barred/p:barred/i:barring/3:bars,ecdict-bc015ed2e24a
barber,gk cet4 ky toefl ielts,"[""cet4-w-8beac5c131fc2af89a89""]",in_selected_syllabus,与当前考纲词形或已登记拼写变体相符。,n. 理发师,s:barbers/d:barbered/i:barbering/p:barbered/3:barbers,ecdict-bc015ed2e24a
bare,gk cet4 ky toefl ielts gre,"[""cet4-w-5268cd667bd1c7dca8a6""]",in_selected_syllabus,与当前考纲词形或已登记拼写变体相符。,"a. 赤裸的, 缺少的, 无遮蔽的, 坦率的
vt. 使赤裸, 露出",p:bared/t:barest/i:baring/d:bared/3:bares/r:barer,ecdict-bc015ed2e24a
barely,cet4 cet6 ky toefl ielts,"[""cet4-w-9b38e9d8dffc5adcff02""]",in_selected_syllabus,与当前考纲词形或已登记拼写变体相符。,adv. 几乎不,,ecdict-bc015ed2e24a
bargain,gk cet4 cet6 ky ielts gre,"[""cet4-w-8481e71badf45e723ea0""]",in_selected_syllabus,与当前考纲词形或已登记拼写变体相符。,"n. 交易, 买卖协定, 特价商品
v. 讲价, 交易",s:bargains/i:bargaining/d:bargained/p:bargained/3:bargains,ecdict-bc015ed2e24a
bark,gk cet4 cet6 ky toefl ielts gre,"[""cet4-w-361e3c712ce27f31fa8a""]",in_selected_syllabus,与当前考纲词形或已登记拼写变体相符。,"n. 树皮, 吠声
vi. 吠, 叫骂
vt. 喊出, 剥树皮",p:barked/i:barking/s:barks/d:barked/3:barks,ecdict-bc015ed2e24a
barn,cet4 cet6 ky toefl ielts gre,[],outside_selected_syllabus,ECDICT 标签仅作候选；所选考纲四级范围无对应词形，不自动加入。,"n. 谷仓
[化] 靶(恩)(核反应截面单位)",s:barns,ecdict-bc015ed2e24a
barrel,cet4 cet6 ky toefl ielts,"[""cet4-w-19ae388f207765152b52""]",in_selected_syllabus,与当前考纲词形或已登记拼写变体相符。,"n. 桶
vt. 装入桶内",s:barrels/d:barrelled/i:barrelling/p:barrelled/3:barrels,ecdict-bc015ed2e24a
barrier,gk cet4 cet6 ky toefl ielts gre,"[""cet4-w-0e3512910d6695297b6b""]",in_selected_syllabus,与当前考纲词形或已登记拼写变体相符。,"n. 障碍, 栅栏
[化] 势垒; 阻片; 阻挡层",s:barriers,ecdict-bc015ed2e24a
base,gk cet4 ky gre,"[""cet4-w-7ce1a2c3271991727b12""]",in_selected_syllabus,与当前考纲词形或已登记拼写变体相符。,"n. 底部, 垒, 基础, 基地
vt. 以...作基础
a. 卑鄙的, 低劣的
[计] 基准",d:based/p:based/i:basing/3:bases/r:baser,ecdict-bc015ed2e24a
baseball,zk gk cet4 cet6 ky ielts,"[""cet4-w-6c14d7dfa1ee669ff8c6""]",in_selected_syllabus,与当前考纲词形或已登记拼写变体相符。,"n. 棒球
[计] 棒球系统",,ecdict-bc015ed2e24a
basic,zk gk cet4 ky toefl ielts,"[""cet4-w-f1940bdf6870b57c14e1""]",in_selected_syllabus,与当前考纲词形或已登记拼写变体相符。,"n. 基本原理, 要素, 基本规律
a. 基本的, 碱性的
(计算机)BASIC语言",s:basics,ecdict-bc015ed2e24a
basically,cet4,"[""cet4-w-369040694f7e892a9d9d""]",in_selected_syllabus,与当前考纲词形或已登记拼写变体相符。,"adv. 基本上, 主要地",,ecdict-bc015ed2e24a
basin,gk cet4 cet6 ky toefl,"[""cet4-w-aaabef482cc6785b0541""]",in_selected_syllabus,与当前考纲词形或已登记拼写变体相符。,"n. 盆, 盆地
[医] 第三脑室, 骨盆",s:basins/3:basins,ecdict-bc015ed2e24a
basis,gk cet4 ky ielts,"[""cet4-w-491ab3e7b0a64ec5a20f""]",in_selected_syllabus,与当前考纲词形或已登记拼写变体相符。,"n. 基础, 主要成分
[化] 基底",,ecdict-bc015ed2e24a
bat,gk cet4 ky,"[""cet4-w-4b3a2039ead1e852ec8b""]",in_selected_syllabus,与当前考纲词形或已登记拼写变体相符。,"n. 蝙蝠, 球棒
v. 用球棒打, 眨眼
[计] 成批",s:bats/p:batted/i:batting/3:bats/d:batted,ecdict-bc015ed2e24a
bath,gk cet4 ky ielts,"[""cet4-w-598fce4b55070c3535d7""]",in_selected_syllabus,与当前考纲词形或已登记拼写变体相符。,"n. 沐浴, 浴室
[医] 浴",s:baths/3:baths/i:/p:bathed/d:bathed,ecdict-bc015ed2e24a
bathe,gk cet4 ky ielts,"[""cet4-w-a4dff886bd7f282251a3""]",in_selected_syllabus,与当前考纲词形或已登记拼写变体相符。,"vt. 沐浴, 用水洗
vi. 洗澡",d:bathed/p:bathed/3:bathes/i:bathing,ecdict-bc015ed2e24a
bathroom,zk gk cet4 ky ielts,"[""cet4-w-bf758c7727d4f3d581f5""]",in_selected_syllabus,与当前考纲词形或已登记拼写变体相符。,"n. 浴室, 厕所",s:bathrooms,ecdict-bc015ed2e24a
battery,gk cet4 cet6 ky toefl ielts,"[""cet4-w-e697f36632cc8f447a40""]",in_selected_syllabus,与当前考纲词形或已登记拼写变体相符。,"n. 电池, 殴打
[化] 蓄电池",s:batteries,ecdict-bc015ed2e24a
battle,gk cet4 cet6 ky toefl,"[""cet4-w-38fd09764fc89d90b821""]",in_selected_syllabus,与当前考纲词形或已登记拼写变体相符。,"n. 战役
v. 战斗",s:battles/i:battling/p:battled/d:battled/3:battles,ecdict-bc015ed2e24a
bay,gk cet4 cet6 ky toefl ielts,"[""cet4-w-c433d2ca5f79d3352dc5""]",in_selected_syllabus,与当前考纲词形或已登记拼写变体相符。,"n. 海湾, 狗吠声, 月桂
vt. 吠, 使走投无路
vi. 吠",s:bays/i:baying/p:bayed/3:bays/d:bayed,ecdict-bc015ed2e24a
beach,zk gk cet4 ky ielts,"[""cet4-w-7ac9c97493792c2cc6f9""]",in_selected_syllabus,与当前考纲词形或已登记拼写变体相符。,n. 海滩,s:beaches/p:beached/d:beached/i:beaching/3:beaches,ecdict-bc015ed2e24a
beam,gk cet4 cet6 ky toefl ielts gre,"[""cet4-w-798656dd6130eb4faa64""]",in_selected_syllabus,与当前考纲词形或已登记拼写变体相符。,"n. 横梁, 杆, 光线, 容光焕发
vi. 用梁支承, 微笑, 射出光线
vt. 照耀, 感到欣喜
[计] 束",s:beams/p:beamed/i:beaming/d:beamed/3:beams,ecdict-bc015ed2e24a
bean,gk cet4 cet6 ky toefl,"[""cet4-w-ffbd6e8c423a62a8da91""]",in_selected_syllabus,与当前考纲词形或已登记拼写变体相符。,"n. 豆子
[化] 油嘴; 豆",s:beans,ecdict-bc015ed2e24a
beard,gk cet4 ky toefl ielts,"[""cet4-w-6999b387af92d6db847d""]",in_selected_syllabus,与当前考纲词形或已登记拼写变体相符。,"n. 胡须
vt. 抓住胡须, 公开反对",s:beards/i:bearding/p:bearded/3:beards/d:bearded,ecdict-bc015ed2e24a
beast,gk cet4 ky toefl,"[""cet4-w-35786dff5bb8560e4a86""]",in_selected_syllabus,与当前考纲词形或已登记拼写变体相符。,"n. 畜生, 动物, 野兽, 兽性",s:beasts,ecdict-bc015ed2e24a
beauty,gk cet4 ky ielts,"[""cet4-w-31e882bc715978e5fc34""]",in_selected_syllabus,与当前考纲词形或已登记拼写变体相符。,"n. 美, 美人",s:beauties,ecdict-bc015ed2e24a
bee,zk gk cet4 ky,"[""cet4-w-953b41b72da6c30e8cfe""]",in_selected_syllabus,与当前考纲词形或已登记拼写变体相符。,"n. 蜜蜂, 聚会",s:bees,ecdict-bc015ed2e24a
beforehand,cet4 cet6 ky toefl ielts,"[""cet4-w-2bacbc602e7cc3631156""]",in_selected_syllabus,与当前考纲词形或已登记拼写变体相符。,adv. 预先,,ecdict-bc015ed2e24a
beg,gk cet4 ky toefl,"[""cet4-w-693e85d6526dd59d7cca""]",in_selected_syllabus,与当前考纲词形或已登记拼写变体相符。,"v. 乞求, 乞讨, 请求",i:begging/p:begged/3:begs/d:begged,ecdict-bc015ed2e24a
beggar,cet4 cet6,"[""cet4-w-89ac04f7499d9aab3caa""]",in_selected_syllabus,与当前考纲词形或已登记拼写变体相符。,"n. 乞丐
vt. 使贫穷, 使成乞丐",s:beggars/3:beggars/i:beggaring/p:beggared/d:beggared,ecdict-bc015ed2e24a
beginner,cet4,[],outside_selected_syllabus,ECDICT 标签仅作候选；所选考纲四级范围无对应词形，不自动加入。,n. 初学者,s:beginners,ecdict-bc015ed2e24a
beginning,gk cet4 cet6 ky ielts,"[""cet4-w-97fc225684c868ce0315""]",in_selected_syllabus,与当前考纲词形或已登记拼写变体相符。,n. 开始,0:begin/1:i/s:beginnings/i:beginning,ecdict-bc015ed2e24a
behalf,gk cet4 cet6 ky toefl ielts,"[""cet4-w-60813c4a19052ce57074""]",in_selected_syllabus,与当前考纲词形或已登记拼写变体相符。,"n. 利益, 方面",,ecdict-bc015ed2e24a
behave,gk cet4 cet6 ky toefl ielts,"[""cet4-w-16435730d0a115cb0e1f""]",in_selected_syllabus,与当前考纲词形或已登记拼写变体相符。,"vi. 举止端正, 行为规矩
vt. 检点(自己的)行为, 使表现好",i:behaving/p:behaved/d:behaved/3:behaves,ecdict-bc015ed2e24a
behavior,cet4 cet6 ky toefl ielts,"[""cet4-w-1ae75c1f030bded253cb""]",in_selected_syllabus,与当前考纲词形或已登记拼写变体相符。,"n. 行为, 举止
[医] 行为",s:behaviors,ecdict-bc015ed2e24a
being,gk cet4 ky,"[""cet4-w-728655f6e5db49abd4ff""]",in_selected_syllabus,与当前考纲词形或已登记拼写变体相符。,"n. 存在, 性质, 生命, 人, 生物, be的现在分词",1:i/0:be/s:beings,ecdict-bc015ed2e24a
belief,gk cet4 ky toefl,"[""cet4-w-54126f3b862595d3c7cb""]",in_selected_syllabus,与当前考纲词形或已登记拼写变体相符。,"n. 信念, 相信, 信仰",s:beliefs,ecdict-bc015ed2e24a
belong,gk cet4 ky toefl,"[""cet4-w-894cb3182538e4a596bb""]",in_selected_syllabus,与当前考纲词形或已登记拼写变体相符。,"vi. 属于, 合适",i:belonging/p:belonged/3:belongs/d:belonged,ecdict-bc015ed2e24a
beloved,cet4 ky ielts,"[""cet4-w-f842f7cf61caa9c785e9""]",in_selected_syllabus,与当前考纲词形或已登记拼写变体相符。,"a. 心爱的
n. 心爱的人",s:beloveds,ecdict-bc015ed2e24a
belt,gk cet4 ky toefl,"[""cet4-w-0d7cf9aae3f7ae32f2cf""]",in_selected_syllabus,与当前考纲词形或已登记拼写变体相符。,"n. 带子, 地带
[医] 带, 腰带, 束带, 地带, 区",s:belts/p:belted/i:belting/d:belted/3:belts,ecdict-bc015ed2e24a
bench,gk cet4 cet6 ky gre,"[""cet4-w-67e0c0971d73ea6f2d7c""]",in_selected_syllabus,与当前考纲词形或已登记拼写变体相符。,"n. 长椅子
[机] 台",s:benches/p:benched/i:benching/3:benches/d:benched,ecdict-bc015ed2e24a
bend,gk cet4 cet6 ky toefl ielts gre,"[""cet4-w-07b8cc7a511847836e5c""]",in_selected_syllabus,与当前考纲词形或已登记拼写变体相符。,"vi. 变弯曲, 屈服
vt. 使弯曲, 使屈服
n. 弯曲",p:bent/i:bending/d:bent/s:bends/3:bends,ecdict-bc015ed2e24a
beneath,gk cet4 ky toefl,"[""cet4-w-70d9707362fd65086c86""]",in_selected_syllabus,与当前考纲词形或已登记拼写变体相符。,"prep. 在...下方
adv. 在...下方",,ecdict-bc015ed2e24a
beneficial,gk cet4 ky toefl ielts,"[""cet4-w-7a0a158e4a3fa68dfe02""]",in_selected_syllabus,与当前考纲词形或已登记拼写变体相符。,"a. 有益的, 受益的
[经] 有使用权的, 可享利益的",,ecdict-bc015ed2e24a
benefit,gk cet4 cet6 ky toefl ielts,"[""cet4-w-13a6344fd09d8f7f775f""]",in_selected_syllabus,与当前考纲词形或已登记拼写变体相符。,"n. 利益
vt. 有益于
vi. 受益",s:benefits/d:benefited/3:benefits/p:benefited/i:benefiting,ecdict-bc015ed2e24a
berry,cet4,"[""cet4-w-ba54578086968d5b3e2f""]",in_selected_syllabus,与当前考纲词形或已登记拼写变体相符。,"n. 浆果
vi. 采集浆果",s:berries/3:berries/p:berried/i:berrying/d:berried,ecdict-bc015ed2e24a
besides,zk gk cet4 ky toefl,"[""cet4-w-00f4499c72be6c6c6640""]",in_selected_syllabus,与当前考纲词形或已登记拼写变体相符。,"prep. 除...之外
adv. 而且, 此外",,ecdict-bc015ed2e24a
bet,cet4 ky ielts,"[""cet4-w-0279ba21f587ef8d016f""]",in_selected_syllabus,与当前考纲词形或已登记拼写变体相符。,"n. 打赌, 赌注
v. 打赌",s:bets/i:betting/p:bet/0:bet/1:pd/3:bets/d:bet,ecdict-bc015ed2e24a
betray,gk cet4 cet6 ky toefl ielts gre,"[""cet4-w-423c0594866f66619fe6""]",in_selected_syllabus,与当前考纲词形或已登记拼写变体相符。,"vt. 出卖, 背叛, 辜负, 暴露
[法] 出卖, 背叛, 泄漏",d:betrayed/p:betrayed/i:betraying/3:betrays,ecdict-bc015ed2e24a
beyond,zk gk cet4 ky,"[""cet4-w-62eb7081273ac0ace3ec""]",in_selected_syllabus,与当前考纲词形或已登记拼写变体相符。,"prep. 超过, 在那一边, 迟于
adv. 在远处
n. 更远处",,ecdict-bc015ed2e24a
bible,cet4 ky ielts,"[""cet4-w-fa54589dceb0ad1b9b1b""]",in_selected_syllabus,与当前考纲词形或已登记拼写变体相符。,n. 圣经,s:bibles,ecdict-bc015ed2e24a
bicycle,zk gk cet4 ky ielts,"[""cet4-w-cea717bcf783333bc654""]",in_selected_syllabus,与当前考纲词形或已登记拼写变体相符。,n. 自行车,s:bicycles/p:bicycled/i:bicycling/d:bicycled/3:bicycles,ecdict-bc015ed2e24a
bill,zk gk cet4 ky toefl ielts,"[""cet4-w-a3df9c239b5b09c2fc0c""]",in_selected_syllabus,与当前考纲词形或已登记拼写变体相符。,"n. 帐单, 清单, 钞票, 鸟嘴, 广告, 法案, 票据
vt. 开帐单, (用招贴)宣布",s:bills/d:billed/i:billing/p:billed/3:bills,ecdict-bc015ed2e24a
billion,gk cet4 cet6 ky toefl,"[""cet4-w-b530f7ab7224ce60bfdc""]",in_selected_syllabus,与当前考纲词形或已登记拼写变体相符。,"num. 十亿, 十亿个",,ecdict-bc015ed2e24a
bind,cet4 ky toefl ielts,"[""cet4-w-39817aa1273c9544cbe4""]",in_selected_syllabus,与当前考纲词形或已登记拼写变体相符。,"vt. 绑, 约束, 装订, 包扎, 使结合
vi. 凝固, 有约束力
[计] 赋值, 绑定",d:bound/i:binding/p:bound/3:binds,ecdict-bc015ed2e24a
biology,gk cet4 ky ielts,"[""cet4-w-793f39bfe8ffd816b6a3""]",in_selected_syllabus,与当前考纲词形或已登记拼写变体相符。,"n. 生物学
[化] 生物; 生物学",,ecdict-bc015ed2e24a
birth,zk gk cet4 ky ielts,"[""cet4-w-03efa2369734880c2211""]",in_selected_syllabus,与当前考纲词形或已登记拼写变体相符。,"n. 出生, 起源
[医] 生产, 分娩",s:births/i:birthing/p:birthed/3:births/d:birthed,ecdict-bc015ed2e24a
biscuit,zk gk cet4 ky,"[""cet4-w-4739fa21476ffbd07210""]",in_selected_syllabus,与当前考纲词形或已登记拼写变体相符。,"n. 饼干
[化] 素坯; 饼干",s:biscuits,ecdict-bc015ed2e24a
bite,gk cet4 ky toefl ielts,"[""cet4-w-77d08d572ca90dd9a168""]",in_selected_syllabus,与当前考纲词形或已登记拼写变体相符。,"n. 咬, 一口
v. 咬, 刺痛, 穿透",p:bit/i:biting/s:bites/3:bites/d:bit,ecdict-bc015ed2e24a
bitter,zk gk cet4 ky toefl ielts,"[""cet4-w-4bc30df26207fa315d34""]",in_selected_syllabus,与当前考纲词形或已登记拼写变体相符。,"a. 苦的, 痛苦的, 怀恨的
adv. 刺骨
v. (使)变苦",s:bitters/i:bittering/p:bittered/3:bitters/d:bittered,ecdict-bc015ed2e24a
bitterly,cet4,[],outside_selected_syllabus,ECDICT 标签仅作候选；所选考纲四级范围无对应词形，不自动加入。,"adv. 怨恨地, 悲痛地, 残酷地",,ecdict-bc015ed2e24a
blade,cet4 cet6 ky toefl gre,"[""cet4-w-0a0f031ce6e6392174c9""]",in_selected_syllabus,与当前考纲词形或已登记拼写变体相符。,"n. 叶片, 刀锋, 刀口, 剑
[医] 页[片], 叶片, 刀片, 刀刃, 刀口",s:blades/p:bladed,ecdict-bc015ed2e24a
blame,gk cet4 cet6 ky toefl ielts,"[""cet4-w-0eea1ad100e7c86f1171""]",in_selected_syllabus,与当前考纲词形或已登记拼写变体相符。,"n. 过失, 责备
vt. 责备, 归咎于",d:blamed/p:blamed/i:blaming/3:blames,ecdict-bc015ed2e24a
blank,gk cet4 ky ielts,"[""cet4-w-82ab4fe60b55c2b60cd8""]",in_selected_syllabus,与当前考纲词形或已登记拼写变体相符。,"n. 空格, 空白
a. 空白的, 空虚的, 完全的, 无色的
vi. 消失, 成为空白
vt. 使无效, 取消, 封锁
[计] 空白",s:blanks/p:blanked/d:blanked/i:blanking/r:blanker/3:blanks,ecdict-bc015ed2e24a
blanket,gk cet4 ky toefl ielts,"[""cet4-w-5d894c6de3494b4193b7""]",in_selected_syllabus,与当前考纲词形或已登记拼写变体相符。,"n. 毛毯, 毯子
vt. 掩盖, 覆盖
a. 总共的",s:blankets/d:blanketed/p:blanketed/i:blanketing/3:blankets,ecdict-bc015ed2e24a
blast,cet4 cet6 ky toefl ielts gre,"[""cet4-w-925021c1d51c5e62f8fc""]",in_selected_syllabus,与当前考纲词形或已登记拼写变体相符。,"n. 一阵风, 爆炸, 枯萎病
vt. 炸, 使枯萎
vi. 炸, 猛攻, 猛烈抨击, 枯萎",p:blasted/i:blasting/d:blasted/s:blasts/3:blasts,ecdict-bc015ed2e24a
blaze,cet4 cet6 ky toefl ielts,[],outside_selected_syllabus,ECDICT 标签仅作候选；所选考纲四级范围无对应词形，不自动加入。,"n. 火焰, 烈火, 光辉
vi. 燃烧, 发光
vt. 使燃烧, 宣布, 在树皮上刻痕",i:blazing/p:blazed/s:blazes/d:blazed/3:blazes,ecdict-bc015ed2e24a
bleed,gk cet4 cet6 ky toefl ielts,"[""cet4-w-04306f19e6787fcff4ac""]",in_selected_syllabus,与当前考纲词形或已登记拼写变体相符。,"vi. 流血, 悲痛, 渗出
vt. 使出血, 榨取",i:bleeding/3:bleeds/d:bled/p:bled,ecdict-bc015ed2e24a
blend,cet4 cet6 ky toefl ielts,"[""cet4-w-293588a0babe7f5ea546""]",in_selected_syllabus,与当前考纲词形或已登记拼写变体相符。,"vt. 混合
n. 混合",i:blending/d:blended/3:blends/s:blends/p:blended,ecdict-bc015ed2e24a
bless,gk cet4 cet6 ky ielts,"[""cet4-w-9b3211aee7f12dc35a1b""]",in_selected_syllabus,与当前考纲词形或已登记拼写变体相符。,"vt. 祝福, 祈佑, 使神圣化",d:blessed/p:blessed/i:blessing/3:blesses,ecdict-bc015ed2e24a
blind,zk gk cet4 cet6 ky ielts,"[""cet4-w-4f249d764e7110767deb""]",in_selected_syllabus,与当前考纲词形或已登记拼写变体相符。,"n. 蒙蔽物, 窗帘
a. 盲目的, 瞎的, 不加思考的
vt. 使失明, 蒙蔽, 遮暗
adv. 盲目地",s:blinds/d:blinded/p:blinded/r:blinder/i:blinding/3:blinds,ecdict-bc015ed2e24a
blood,zk gk cet4 ky ielts,"[""cet4-w-928215e9f3e8e3858c1f""]",in_selected_syllabus,与当前考纲词形或已登记拼写变体相符。,"n. 血, 血统, 流血, 气质, 生命
vt. 使出血, 用血涂",s:bloods/d:blooded/i:blooding/p:blooded/3:bloods,ecdict-bc015ed2e24a
bloom,cet4 cet6 ky toefl ielts,"[""cet4-w-fbdcf3328202d277a416""]",in_selected_syllabus,与当前考纲词形或已登记拼写变体相符。,"n. 花, 开花, 青春, 钢块
vi. 开花, 焕发青春, 茂盛
vt. 使茂盛, 把...轧成钢坯",s:blooms/p:bloomed/i:blooming/d:bloomed/3:blooms,ecdict-bc015ed2e24a
blossom,cet4 cet6 ky toefl ielts gre,"[""cet4-w-213feb856eb1a59d8396""]",in_selected_syllabus,与当前考纲词形或已登记拼写变体相符。,"n. 花, 花开的状态, 兴旺期
vi. 开花, 兴旺, 发展",s:blossoms/p:blossomed/d:blossomed/3:blossoms/i:blossoming,ecdict-bc015ed2e24a
board,zk gk cet4 cet6 ky toefl ielts,"[""cet4-w-3a4c136be2f3c428a211""]",in_selected_syllabus,与当前考纲词形或已登记拼写变体相符。,"n. 木板, 甲板, 膳食, 会议桌
vt. 乘船, 供膳食, 用板覆盖
vi. 搭伙
[计] 板",s:boards/p:boarded/d:boarded/i:boarding/3:boards,ecdict-bc015ed2e24a
boast,cet4 cet6 ky toefl ielts gre,"[""cet4-w-b8dcd6ff964ea15458fb""]",in_selected_syllabus,与当前考纲词形或已登记拼写变体相符。,"n. 吹牛
vi. 吹牛, 自夸
vt. 夸口说, 自恃有",3:boasts/p:boasted/i:boasting/d:boasted/s:boasts,ecdict-bc015ed2e24a
boil,gk cet4 ky toefl ielts,"[""cet4-w-ef5fbe557fe0ce475b98""]",in_selected_syllabus,与当前考纲词形或已登记拼写变体相符。,"n. 煮沸, 沸腾, 疖
v. 煮沸, 激动",i:boiling/d:boiled/3:boils/p:boiled/s:boils,ecdict-bc015ed2e24a
bold,cet4 cet6 ky toefl ielts,"[""cet4-w-33d3da728f4b5230d393""]",in_selected_syllabus,与当前考纲词形或已登记拼写变体相符。,"a. 大胆的
n. 粗体
[计] 粗体",r:bolder/t:boldest,ecdict-bc015ed2e24a
bolt,cet4 cet6 ky ielts gre,"[""cet4-w-74e169616471183c84b2""]",in_selected_syllabus,与当前考纲词形或已登记拼写变体相符。,"n. 门闩, 螺钉, 筛子, 闪电, 意外事件
vt. 闩住, 发射, 脱口而出, 筛, 囫囵吞下
vi. 囫囵吞枣, 射箭, 脱缰, 退出党派
adv. 突然",s:bolts/d:bolted/p:bolted/i:bolting/3:bolts,ecdict-bc015ed2e24a
bomb,gk cet4 cet6 ky,"[""cet4-w-4cdd97db3766fe83a17d""]",in_selected_syllabus,与当前考纲词形或已登记拼写变体相符。,"n. 炸弹
vt. 轰炸, 投弹于
vi. 失败",s:bombs/d:bombed/i:bombing/p:bombed/3:bombs,ecdict-bc015ed2e24a
bond,gk cet4 cet6 ky toefl ielts,"[""cet4-w-0ae0ddf1c753e71b69a8""]",in_selected_syllabus,与当前考纲词形或已登记拼写变体相符。,"n. 捆绑物, 结合, 债券, 契约, 粘合剂, 保证人, 键, 关栈保留
vt. 存入关栈, 使黏合
vi. 结合",s:bonds/d:bonded/p:bonded/3:bonds/i:bonding,ecdict-bc015ed2e24a
bone,gk cet4 ky,"[""cet4-w-5ab50972b9b459883933""]",in_selected_syllabus,与当前考纲词形或已登记拼写变体相符。,"n. 骨头, 骨, 骨制品
vt. 剔骨
vi. 专心致志",s:bones/i:boning/p:boned/3:bones/d:boned,ecdict-bc015ed2e24a
boost,cet4 cet6 ky toefl ielts gre,"[""cet4-w-214bd877abb4c173665b""]",in_selected_syllabus,与当前考纲词形或已登记拼写变体相符。,"n. 推进, 吹捧
vt. 推进, 提高, 宣扬, 促进",d:boosted/i:boosting/p:boosted/3:boosts/s:boosts,ecdict-bc015ed2e24a
boot,gk cet4 ky ielts,"[""cet4-w-c1f24dc7fdef862320f0""]",in_selected_syllabus,与当前考纲词形或已登记拼写变体相符。,"n. 长靴, 踢, 解雇, 效用
vt. 使穿靴, 踢, 解雇, 有用
[计] 引导, 自举",s:boots/d:booted/p:booted/i:booting/3:boots,ecdict-bc015ed2e24a
booth,gk cet4 cet6 ky ielts,"[""cet4-w-d6719c24655ad798933d""]",in_selected_syllabus,与当前考纲词形或已登记拼写变体相符。,"n. 亭, 摊棚
[经] 货摊, 电话间",s:booths,ecdict-bc015ed2e24a
border,gk cet4 ky toefl ielts,"[""cet4-w-e6cebf2094c2cb1530b6""]",in_selected_syllabus,与当前考纲词形或已登记拼写变体相符。,"n. 边缘, 边境, 边界, 花坛
vt. 在...上镶边, 接近
vi. 接界, 近似
[计] 边框",s:borders/i:bordering/d:bordered/p:bordered/3:borders,ecdict-bc015ed2e24a
bore,cet4 cet6 ky toefl ielts gre,"[""cet4-w-05bbeec750c9c2e09f44""]",in_selected_syllabus,与当前考纲词形或已登记拼写变体相符。,"n. 令人讨厌的人, 激浪, 枪膛, 孔
vt. 使烦扰, 钻孔
vi. 钻孔
bear的过去式
[计] 内径; 孔径",0:bear/1:p/i:boring/p:bored/3:bores/d:bored/s:bores,ecdict-bc015ed2e24a
born,zk gk cet4 ky,"[""cet4-w-305b0b496be89016a9d0""]",in_selected_syllabus,与当前考纲词形或已登记拼写变体相符。,"a. 天生的
bear的过去分词",0:bear/1:d/d:born/p:born/i:borning,ecdict-bc015ed2e24a
bosom,cet4 cet6 ky,[],outside_selected_syllabus,ECDICT 标签仅作候选；所选考纲四级范围无对应词形，不自动加入。,"n. 胸部, 胸, 胸怀, 内部, 中间
vt. 怀抱",s:bosoms/i:bosoming/p:bosomed/3:bosoms/d:bosomed,ecdict-bc015ed2e24a
boss,zk gk cet4 ky,"[""cet4-w-fba659d508dfcb4d04a8""]",in_selected_syllabus,与当前考纲词形或已登记拼写变体相符。,"n. 老板, 上司, 岩瘤, 浮雕, 母牛
vt. 指挥, 控制, 浮雕",s:bosses/i:bossing/p:bossed/3:bosses/d:bossed,ecdict-bc015ed2e24a
bottom,zk gk cet4 ky,"[""cet4-w-18c0dac6b58dc0830171""]",in_selected_syllabus,与当前考纲词形或已登记拼写变体相符。,"n. 底部
a. 底部的
vt. 给...装底, 查明真相
vi. 到达底部, 建立基础",s:bottoms/i:bottoming/p:bottomed/3:bottoms/d:bottomed,ecdict-bc015ed2e24a
bough,cet4 cet6 gre,[],outside_selected_syllabus,ECDICT 标签仅作候选；所选考纲四级范围无对应词形，不自动加入。,n. 大树枝,s:boughs/i:boughing,ecdict-bc015ed2e24a
bounce,gk cet4 cet6 ky toefl ielts,"[""cet4-w-a11e17eb6d399a09e7a2""]",in_selected_syllabus,与当前考纲词形或已登记拼写变体相符。,"n. 跳, 跳跃, 弹力, 撞击
vi. 反跳, 弹跳
vt. 使跳回, 撞击
[计] 打回",p:bounced/i:bouncing/d:bounced/3:bounces/s:bounces,ecdict-bc015ed2e24a
bound,gk cet4 cet6 ky toefl ielts,"[""cet4-w-e2bc673172f86b1d0bbb""]",in_selected_syllabus,与当前考纲词形或已登记拼写变体相符。,"n. 跃, 回跳, 范围, 边界
a. 受约束的, 装有封面的, 有义务的, 关联的, 被束缚的, 准备去...的, 便秘的
vi. 跳跃, 弹起
vt. 使跳, 限制, 形成...的疆界
bind过去式和过去分词
[计] 装订的",0:bind/1:dp/s:bounds/d:bounded/i:bounding/p:bound/3:bounds,ecdict-bc015ed2e24a
boundary,gk cet4 cet6 ky toefl ielts,"[""cet4-w-ca8a67421e033a20d664""]",in_selected_syllabus,与当前考纲词形或已登记拼写变体相符。,"n. 边界, 分界线
[计] 边界",s:boundaries,ecdict-bc015ed2e24a
bow,gk cet4 cet6 ky toefl,"[""cet4-w-ed0c57d62ab630d15ce9""]",in_selected_syllabus,与当前考纲词形或已登记拼写变体相符。,"n. 弓, 眼睛框
v. 用弓拉琴, 弯成弓形
n. 鞠躬, 屈服",p:bowed/s:bows/i:bowing/d:bowed/3:bows,ecdict-bc015ed2e24a
bowl,zk gk cet4 ky toefl,"[""cet4-w-c53c0d2d94ceb7ca24d9""]",in_selected_syllabus,与当前考纲词形或已登记拼写变体相符。,"n. 碗, 木球, 大酒杯
v. 滚木球, 快而稳地行驶",s:bowls/p:bowled/d:bowled/i:bowling/3:bowls,ecdict-bc015ed2e24a
brain,zk gk cet4 ky toefl,"[""cet4-w-44b88f9a9bc9eb0d76e4""]",in_selected_syllabus,与当前考纲词形或已登记拼写变体相符。,"n. 脑
vt. 打碎脑部",s:brains/i:braining/p:brained/3:brains/d:brained,ecdict-bc015ed2e24a
brake,gk cet4 ky ielts gre,"[""cet4-w-6a658d644826e62498fc""]",in_selected_syllabus,与当前考纲词形或已登记拼写变体相符。,"n. 刹车, 阻碍, 丛林
v. 刹车",s:brakes/p:braked/i:braking/d:braked/3:brakes,ecdict-bc015ed2e24a
branch,gk cet4 ky ielts,"[""cet4-w-7dd32fb0cc8d297bc59c""]",in_selected_syllabus,与当前考纲词形或已登记拼写变体相符。,"n. 树枝, 支店, 支流, 分部
vi. 分支, 出枝
vt. 分割, 用枝状叶脉刺绣花纹装饰
[计] 分支, 目录分支",s:branches/i:branching/p:branched/3:branches/d:branched,ecdict-bc015ed2e24a
brand,gk cet4 cet6 ky ielts gre,"[""cet4-w-5336011b62198f738386""]",in_selected_syllabus,与当前考纲词形或已登记拼写变体相符。,"n. 商标, 牌子, 烙印
vt. 打烙印于",s:brands/d:branded/i:branding/p:branded/3:brands,ecdict-bc015ed2e24a
brandy,cet4 cet6 ky,"[""cet4-w-dc7abf5ef592689d05cd""]",in_selected_syllabus,与当前考纲词形或已登记拼写变体相符。,"n. 白兰地酒
[化] 白兰地",s:brandies,ecdict-bc015ed2e24a
brass,cet4 ky toefl,"[""cet4-w-22dba84e950e40f6bd8a""]",in_selected_syllabus,与当前考纲词形或已登记拼写变体相符。,"n. 黄铜, 黄铜制品
a. 黄铜的, 铜管乐器的
v. 镀以黄铜, 支付",s:brasses/d:brassed,ecdict-bc015ed2e24a
brave,zk gk cet4 ky,"[""cet4-w-4eb8b2c46f0bd8bd61a4""]",in_selected_syllabus,与当前考纲词形或已登记拼写变体相符。,"a. 勇敢的, 美好的, 华丽的
n. 勇敢者
vt. 勇敢地面对",p:braved/r:braver/t:bravest/i:braving/d:braved/3:braves/s:braves,ecdict-bc015ed2e24a
breadth,cet4 cet6 ky gre,"[""cet4-w-e4ea1d0ec72eecdf3146""]",in_selected_syllabus,与当前考纲词形或已登记拼写变体相符。,"n. 宽度
[法] 违背, 违犯, 未遵守",,ecdict-bc015ed2e24a
breast,gk cet4 cet6 ky,"[""cet4-w-f6ea8eb7abe5c389bc4c""]",in_selected_syllabus,与当前考纲词形或已登记拼写变体相符。,"n. 胸部, 乳房, 胸怀
vt. 以胸对着, 面对",s:breasts/p:breasted/i:breasting/d:breasted/3:breasts,ecdict-bc015ed2e24a
breath,zk gk cet4 ky toefl,"[""cet4-w-a6327dc94f454dbece78""]",in_selected_syllabus,与当前考纲词形或已登记拼写变体相符。,"n. 呼吸, 气息, 瞬间
[医] 呼气, 呵气, 口气, 呼吸",s:breaths,ecdict-bc015ed2e24a
breathe,zk gk cet4 ky toefl,"[""cet4-w-736aae4280ee64b6138d""]",in_selected_syllabus,与当前考纲词形或已登记拼写变体相符。,"vi. 呼吸, 生存, 低语
vt. 呼吸, 使喘息, 发散, 低声说",i:breathing/p:breathed/3:breathes/d:breathed,ecdict-bc015ed2e24a
breed,cet4 cet6 ky toefl ielts gre,"[""cet4-w-701bcff67ef0a354501a""]",in_selected_syllabus,与当前考纲词形或已登记拼写变体相符。,"n. 种类, 品种
v. 养育, 引起, 饲养, 繁殖",s:breeds/d:bred/p:bred/i:breeding/3:breeds,ecdict-bc015ed2e24a
breeze,cet4 cet6 ky toefl ielts,"[""cet4-w-86a9e0e96af2739a15e5""]",in_selected_syllabus,与当前考纲词形或已登记拼写变体相符。,"n. 微风, 煤屑, 轻而易举的事
vi. 吹微风, 逃走",s:breezes/p:breezed/i:breezing/d:breezed/3:breezes,ecdict-bc015ed2e24a
brick,gk cet4 ky toefl,"[""cet4-w-b1a16eb0b9876d446efe""]",in_selected_syllabus,与当前考纲词形或已登记拼写变体相符。,"n. 砖块, 积木
a. 用砖做的
vt. 用砖造, 用砖砌",s:bricks/d:bricked/i:bricking,ecdict-bc015ed2e24a
brief,gk cet4 ky toefl,"[""cet4-w-8cc8ef565034fdc16977""]",in_selected_syllabus,与当前考纲词形或已登记拼写变体相符。,"n. 摘要, 简报
a. 简短的, 短暂的
vt. 对...作简报, 摘要, 节录",d:briefed/s:briefs/i:briefing/t:briefest/r:briefer/p:briefed/3:briefs,ecdict-bc015ed2e24a
brighten,cet4 toefl,"[""cet4-w-7fbc84daea7794ea3ac8""]",in_selected_syllabus,与当前考纲词形或已登记拼写变体相符。,"vi. 变亮, 活跃
vt. 使生辉, 使快活",p:brightened/i:brightening/3:brightens/d:brightened,ecdict-bc015ed2e24a
brilliant,gk cet4 ky ielts,"[""cet4-w-4c2aaa16cd9abcdd7ca5""]",in_selected_syllabus,与当前考纲词形或已登记拼写变体相符。,"a. 光辉的, 灿烂的, 有才气的
[机] 亮的",s:brilliants,ecdict-bc015ed2e24a
brim,cet4 cet6 ky toefl gre,[],outside_selected_syllabus,ECDICT 标签仅作候选；所选考纲四级范围无对应词形，不自动加入。,"n. 边, 边缘, (河)边
vt. 注满, 使满溢
vi. 满溢",i:brimming/p:brimmed/s:brims/3:brims/d:brimmed,ecdict-bc015ed2e24a
brisk,cet4 cet6 ky toefl ielts gre,[],outside_selected_syllabus,ECDICT 标签仅作候选；所选考纲四级范围无对应词形，不自动加入。,"a. 强烈的, 寒冷而干燥的, 活泼的
vt. 使活泼
vi. 活跃起来",r:brisker/i:brisking/t:briskest,ecdict-bc015ed2e24a
bristle,cet4 cet6 gre,[],outside_selected_syllabus,ECDICT 标签仅作候选；所选考纲四级范围无对应词形，不自动加入。,"n. 刚毛, 猪鬃
vi. 直立, 发怒, 充满
vt. 使直立",s:bristles/i:bristling/p:bristled/3:bristles/d:bristled,ecdict-bc015ed2e24a
brittle,cet4 cet6 ky toefl ielts gre,[],outside_selected_syllabus,ECDICT 标签仅作候选；所选考纲四级范围无对应词形，不自动加入。,"a. 易碎的, 脆弱的, 易坏的
[机] 脆的, 脆性的, 易碎的",i:brittling,ecdict-bc015ed2e24a
broad,gk cet4 ky,"[""cet4-w-c3d89a1c911713c2e9bc""]",in_selected_syllabus,与当前考纲词形或已登记拼写变体相符。,"a. 宽广的, 辽阔的, 广大的, 显著的
adv. 宽阔地
n. 宽阔部分",r:broader/t:broadest/s:broads,ecdict-bc015ed2e24a
broadcast,gk cet4 ky toefl,"[""cet4-w-3881dbea8a179b8146e5""]",in_selected_syllabus,与当前考纲词形或已登记拼写变体相符。,"n. 广播, 传播
a. 广播的
v. 广播
adv. 经广播, 四散地
[计] 广播命令, 广播",s:broadcasts/d:broadcast/0:broadcast/1:dp/i:broadcasting/3:broadcasts/p:broadcast,ecdict-bc015ed2e24a
broken,gk cet4,[],outside_selected_syllabus,ECDICT 标签仅作候选；所选考纲四级范围无对应词形，不自动加入。,"a. 坏掉的, 打破的, 断掉的
break的过去分词",0:break/1:d/d:broken,ecdict-bc015ed2e24a
bronze,cet4 cet6 ky toefl ielts,[],outside_selected_syllabus,ECDICT 标签仅作候选；所选考纲四级范围无对应词形，不自动加入。,"n. 青铜, 铜像
a. 青铜色的",s:bronzes/i:bronzing/p:bronzed/3:bronzes/d:bronzed,ecdict-bc015ed2e24a
brood,cet4 cet6 ielts gre,[],outside_selected_syllabus,ECDICT 标签仅作候选；所选考纲四级范围无对应词形，不自动加入。,"n. 一窝, 一伙
vt. 孵, 沉思",p:brooded/s:broods/i:brooding/3:broods/d:brooded,ecdict-bc015ed2e24a
brook,cet4 cet6 ky toefl gre,[],outside_selected_syllabus,ECDICT 标签仅作候选；所选考纲四级范围无对应词形，不自动加入。,"n. 小溪
vt. 容忍",s:brooks/p:brooked/3:brooks/i:brooking/d:brooked,ecdict-bc015ed2e24a
broom,gk cet4 cet6 ky,"[""cet4-w-19f552ddce061af1558f""]",in_selected_syllabus,与当前考纲词形或已登记拼写变体相符。,"n. 扫帚, 金雀花
vt. 扫除",s:brooms,ecdict-bc015ed2e24a
brow,cet4 ky,"[""cet4-w-9b928968b2656a6b89a3""]",in_selected_syllabus,与当前考纲词形或已登记拼写变体相符。,"n. 眉毛, 额
[医] 额, 眉, 睫毛",s:brows,ecdict-bc015ed2e24a
bruise,cet4 cet6 ky toefl ielts gre,[],outside_selected_syllabus,ECDICT 标签仅作候选；所选考纲四级范围无对应词形，不自动加入。,"n. 青肿, 挫伤, 擦伤
vi. 受伤, 擦伤
vt. 使受伤, 研碎",s:bruises/d:bruised/i:bruising/p:bruised/3:bruises,ecdict-bc015ed2e24a
brute,cet4 cet6 gre,[],outside_selected_syllabus,ECDICT 标签仅作候选；所选考纲四级范围无对应词形，不自动加入。,"n. 畜生, 残忍或好色之人
a. 残忍的, 无理性的, 畜生的",s:brutes,ecdict-bc015ed2e24a
bubble,cet4 ky toefl ielts gre,"[""cet4-w-47975f815ab25e89af04""]",in_selected_syllabus,与当前考纲词形或已登记拼写变体相符。,"n. 泡沫
vi. 冒泡, 沸腾
vt. 使冒泡, 滔滔不绝地说",s:bubbles/i:bubbling/p:bubbled/d:bubbled/3:bubbles,ecdict-bc015ed2e24a
bucket,gk cet4 cet6 ky ielts gre,"[""cet4-w-8e3786fed6978196830e""]",in_selected_syllabus,与当前考纲词形或已登记拼写变体相符。,"n. 桶
[计] 存储桶; 桶",s:buckets/i:bucketing/p:bucketed/3:buckets/d:bucketed,ecdict-bc015ed2e24a
bud,cet4 cet6 ky toefl ielts gre,"[""cet4-w-4c70bf229a6be196ba7d""]",in_selected_syllabus,与当前考纲词形或已登记拼写变体相符。,"n. 芽, 花蕾
vi. 发芽, 萌芽
vt. 使发芽",s:buds/i:budding/d:budded/p:budded/3:buds,ecdict-bc015ed2e24a
budget,gk cet4 cet6 ky toefl ielts gre,"[""cet4-w-8f21df0d32a4d483edd2""]",in_selected_syllabus,与当前考纲词形或已登记拼写变体相符。,"n. 预算
vi. 编预算
vt. 编入预算, 安排
a. 廉价的",s:budgets/d:budgeted/p:budgeted/i:budgeting/3:budgets,ecdict-bc015ed2e24a
bulb,cet4 cet6 ky toefl ielts gre,"[""cet4-w-80c16db5003e0f20192a""]",in_selected_syllabus,与当前考纲词形或已登记拼写变体相符。,"n. 球茎, 电灯泡
[医] 球, 鳞茎, 球茎",s:bulbs,ecdict-bc015ed2e24a
bulk,cet4 cet6 ky toefl ielts gre,"[""cet4-w-f96e04a9e987792959cf""]",in_selected_syllabus,与当前考纲词形或已登记拼写变体相符。,"n. 大小, 体积, 大块, 大多数
vt. 显得大, 显得重要",p:bulked/i:bulking/s:bulks/3:bulks/d:bulked,ecdict-bc015ed2e24a
bull,cet4 cet6 ky ielts,"[""cet4-w-890b14b94f5d7eb7a072""]",in_selected_syllabus,与当前考纲词形或已登记拼写变体相符。,"n. 公牛
[法] 买方, 买空者",s:bulls/i:bulling/p:bulled/3:bulls/d:bulled,ecdict-bc015ed2e24a
bullet,cet4 ky,"[""cet4-w-51e91c216375044ab2d5""]",in_selected_syllabus,与当前考纲词形或已登记拼写变体相符。,"n. 子弹
[医] 弹, 子弹, 距节(马)",s:bullets,ecdict-bc015ed2e24a
bunch,gk cet4 cet6 ky toefl ielts,"[""cet4-w-ee202cc4db57403e8a26""]",in_selected_syllabus,与当前考纲词形或已登记拼写变体相符。,"n. 串, 束
[医] 骨肿块(马)",s:bunches/d:bunched/i:bunching/p:bunched/3:bunches,ecdict-bc015ed2e24a
bundle,cet4 cet6 ky toefl ielts,"[""cet4-w-a3f12ab34fd918964144""]",in_selected_syllabus,与当前考纲词形或已登记拼写变体相符。,"n. 捆, 束
vt. 包扎, 胡乱塞进
vi. 匆忙离开",s:bundles/d:bundled/p:bundled/i:bundling/3:bundles,ecdict-bc015ed2e24a
burden,gk cet4 cet6 ky toefl,"[""cet4-w-6fedef481b52aed07fc7""]",in_selected_syllabus,与当前考纲词形或已登记拼写变体相符。,"n. 负担, 重载, 担子, 责任
vt. 装货于, 烦扰, 使负担",s:burdens/d:burdened/i:burdening/p:burdened/3:burdens,ecdict-bc015ed2e24a
bureau,cet4 cet6 ky,"[""cet4-w-2b1a170ace2a107d66ae""]",in_selected_syllabus,与当前考纲词形或已登记拼写变体相符。,"n. 局, 办公处
[经] 局, 司, 处",s:bureaux,ecdict-bc015ed2e24a
burn,zk gk cet4 cet6 ky,"[""cet4-w-8b8a6935d749f2e81d49""]",in_selected_syllabus,与当前考纲词形或已登记拼写变体相符。,"vt. 烧, 烧毁, 烧伤
vi. 燃烧, 发热, 烧毁
n. 烧伤, 烙印",d:burnt/i:burning/p:burned/s:burns/3:burns,ecdict-bc015ed2e24a
burst,gk cet4 cet6 ky toefl,"[""cet4-w-a8b18f193839dd12b48c""]",in_selected_syllabus,与当前考纲词形或已登记拼写变体相符。,"n. 破裂, 突发, 爆发
v. 爆裂, 突发, 充满
[计] 二进制位组; 字符组; 脉冲串",p:burst/0:burst/1:pd/i:bursting/s:bursts/d:burst/3:bursts,ecdict-bc015ed2e24a
bury,gk cet4 ky,"[""cet4-w-efbb11383813665f6214""]",in_selected_syllabus,与当前考纲词形或已登记拼写变体相符。,"vt. 埋葬, 埋藏",d:buried/i:burying/p:buried/3:buries,ecdict-bc015ed2e24a
bush,gk cet4 ky toefl,"[""cet4-w-84764fc2b5bdff17f0f2""]",in_selected_syllabus,与当前考纲词形或已登记拼写变体相符。,"n. 矮树丛
[化] 管衬",s:bushes/d:bushed/i:bushing/p:bushed/3:bushes,ecdict-bc015ed2e24a
business,zk gk cet4 cet6 ky ielts,"[""cet4-w-7e6e6666d047f87a9f4f""]",in_selected_syllabus,与当前考纲词形或已登记拼写变体相符。,"n. 生意, 事情, 业务, 商业, 商行, 职责
[经] 企业, 商业, 营业",s:businesses,ecdict-bc015ed2e24a
butcher,gk cet4 cet6 ky ielts,"[""cet4-w-fe8aa388bfaf187e49fb""]",in_selected_syllabus,与当前考纲词形或已登记拼写变体相符。,"n. 屠夫, 肉商, 小贩
vt. 屠宰, 屠杀",d:butchered/p:butchered/i:butchering/3:butchers,ecdict-bc015ed2e24a
butter,zk gk cet4 ky toefl,"[""cet4-w-27ed2b40a0aa2d73a4a7""]",in_selected_syllabus,与当前考纲词形或已登记拼写变体相符。,"n. 奶油, 黄油
vt. 涂黄油于",d:buttered/i:buttering/p:buttered/s:butters/3:butters,ecdict-bc015ed2e24a
butterfly,zk gk cet4 ky toefl ielts,"[""cet4-w-4feedc68c7f648de0de4""]",in_selected_syllabus,与当前考纲词形或已登记拼写变体相符。,"n. 蝴蝶
[医] 蝶式棉块, 翼形皮癣, 纸蝶",s:butterflies/i:butterflying/p:butterflied/3:butterflies/d:butterflied,ecdict-bc015ed2e24a
button,gk cet4 cet6 ky,"[""cet4-w-cecd13e4b342b5bff718""]",in_selected_syllabus,与当前考纲词形或已登记拼写变体相符。,"n. 钮扣, 按钮
vi. 扣住
vt. 钉钮扣于, 扣紧
[计] 按钮",s:buttons/p:buttoned/i:buttoning/d:buttoned/3:buttons,ecdict-bc015ed2e24a
cabbage,zk gk cet4 ky,"[""cet4-w-045457a0cea747dd320b""]",in_selected_syllabus,与当前考纲词形或已登记拼写变体相符。,"n. 卷心菜
[医] 卷心菜, 甘兰",s:cabbages/i:cabbaging/p:cabbaged/3:cabbages/d:cabbaged,ecdict-bc015ed2e24a
cabin,cet4 cet6 ky toefl ielts,"[""cet4-w-b99e17300c56fdec7573""]",in_selected_syllabus,与当前考纲词形或已登记拼写变体相符。,"n. 小屋, 客舱
vt. 关在小屋",s:cabins/i:cabining/p:cabined/3:cabins/d:cabined,ecdict-bc015ed2e24a
cabinet,cet4 cet6 ky toefl ielts gre,"[""cet4-w-afc71f3e62259522c3ea""]",in_selected_syllabus,与当前考纲词形或已登记拼写变体相符。,"n. 橱柜, 内阁
a. 内阁的, 细木工做的
[计] 机柜",s:cabinets,ecdict-bc015ed2e24a
cable,cet4 cet6 ky toefl ielts,"[""cet4-w-986dddec84ce65b219a6""]",in_selected_syllabus,与当前考纲词形或已登记拼写变体相符。,"n. 电缆, 海底电报, 缆, 索
vi. 打海底电报
vt. 发海底电报, 缚住
[计] 电缆",s:cables/p:cabled/d:cabled/i:cabling/3:cables,ecdict-bc015ed2e24a
cafe,cet4 cet6 ky ielts,"[""cet4-w-e3b7f0bb0a49f9a5ed47""]",in_selected_syllabus,与当前考纲词形或已登记拼写变体相符。,"n. 咖啡馆, 酒店",s:cafes,ecdict-bc015ed2e24a
cafeteria,gk cet4 cet6 ky ielts,"[""cet4-w-ed01bf8f19a0e07cdb9b""]",in_selected_syllabus,与当前考纲词形或已登记拼写变体相符。,"n. 自助餐厅
[经] 自助餐厅",s:cafeterias,ecdict-bc015ed2e24a
cage,gk cet4 cet6 ky,"[""cet4-w-930ed6e43dc85587f2d6""]",in_selected_syllabus,与当前考纲词形或已登记拼写变体相符。,"n. 笼, 牢房, 战俘营
vt. 关进笼内",s:cages/d:caged/p:caged/i:caging/3:cages,ecdict-bc015ed2e24a
cake,zk gk cet4 ky,"[""cet4-w-fdcda560df766d8d6201""]",in_selected_syllabus,与当前考纲词形或已登记拼写变体相符。,"n. 蛋糕, 块, 饼
vt. 使结块, 加块状物于
vi. 结块",s:cakes/d:caked/i:caking/p:caked/3:cakes,ecdict-bc015ed2e24a
calculate,gk cet4 ky toefl,"[""cet4-w-a992641b7ddd31bcb5c9""]",in_selected_syllabus,与当前考纲词形或已登记拼写变体相符。,"v. 计算, 预测, 计划, 打算",d:calculated/i:calculating/p:calculated/3:calculates,ecdict-bc015ed2e24a
calculation,cet4 toefl,"[""cet4-w-a415fe97bc41e2a8539a""]",in_selected_syllabus,与当前考纲词形或已登记拼写变体相符。,"n. 计算, 考虑, 计算的结果
[经] 计算",s:calculations,ecdict-bc015ed2e24a
calculator,cet4 toefl,"[""cet4-w-3c3767bf88134a3770db""]",in_selected_syllabus,与当前考纲词形或已登记拼写变体相符。,"n. 计算者, 计算器
[计] 计算器",s:calculators,ecdict-bc015ed2e24a
calendar,cet4 cet6 ky toefl ielts,"[""cet4-w-2840969c465a2654ce67""]",in_selected_syllabus,与当前考纲词形或已登记拼写变体相符。,"n. 日历, 日程表
vt. 列入表中
[计] 日历",s:calendars/i:calendaring/p:calendared/3:calendars/d:calendared,ecdict-bc015ed2e24a
calm,gk cet4 cet6 ky toefl,"[""cet4-w-fd4ff0dcfdb76b158217""]",in_selected_syllabus,与当前考纲词形或已登记拼写变体相符。,"n. 平稳, 风平浪静
a. 平静的, 冷静的
vi. 平静下来, 镇静
vt. 使平静",r:calmer/i:calming/p:calmed/d:calmed/3:calms,ecdict-bc015ed2e24a
camel,zk gk cet4 cet6 ky toefl,"[""cet4-w-f702ba6bdd533a06a24d""]",in_selected_syllabus,与当前考纲词形或已登记拼写变体相符。,"n. 骆驼, 打捞浮筒",s:camels,ecdict-bc015ed2e24a
camera,zk gk cet4 cet6 ky ielts,"[""cet4-w-bd6b0cd601478fdc1206""]",in_selected_syllabus,与当前考纲词形或已登记拼写变体相符。,"n. 照相机, 摄影机, 密谈室, 暗箱
[计] 摄影",s:cameras,ecdict-bc015ed2e24a
camp,zk gk cet4 cet6 ky toefl ielts,"[""cet4-w-7f2a6c488e90ef1673d1""]",in_selected_syllabus,与当前考纲词形或已登记拼写变体相符。,"n. 露营, 帐篷
vi. 露营, 扎营
vt. 使扎营",s:camps/i:camping/p:camped/d:camped/r:camper/3:camps,ecdict-bc015ed2e24a
campaign,gk cet4 cet6 ky toefl ielts gre,"[""cet4-w-ffe93e40d76d796247a0""]",in_selected_syllabus,与当前考纲词形或已登记拼写变体相符。,"n. 战役, 运动, 竞选运动
vi. 参加运动, 作战",s:campaigns/i:campaigning/p:campaigned/d:campaigned/3:campaigns,ecdict-bc015ed2e24a
campus,cet4 cet6 ky toefl ielts,"[""cet4-w-8e477c4126119db5470a""]",in_selected_syllabus,与当前考纲词形或已登记拼写变体相符。,"n. 校园, 大学生活",,ecdict-bc015ed2e24a
canal,gk cet4 cet6 ky toefl ielts,"[""cet4-w-fb8ec95ff1283b6c7ce7""]",in_selected_syllabus,与当前考纲词形或已登记拼写变体相符。,"n. 运河, 水道, 管, 沟渠
vt. 开运河",s:canals/i:canalling/p:canalled/3:canals/d:canalled,ecdict-bc015ed2e24a
cancel,zk gk cet4 cet6 ky toefl ielts,"[""cet4-w-ad04c178f05e93d4a24b""]",in_selected_syllabus,与当前考纲词形或已登记拼写变体相符。,"n. 取消, 撤消, 盖销(邮票)
vt. 取消, 删去, 抵销, 盖销
vi. 相互抵销
[计] 作废",d:cancelled/p:cancelled/i:cancelling/3:cancels,ecdict-bc015ed2e24a
cancer,zk cet4 cet6 ky,"[""cet4-w-1adf0b906f034f4dcd6a""]",in_selected_syllabus,与当前考纲词形或已登记拼写变体相符。,"n. 癌, 恶性肿瘤
[医] 癌",s:cancers,ecdict-bc015ed2e24a
candidate,gk cet4 cet6 ky toefl ielts gre,"[""cet4-w-712e6a41310c4bfe3ccd""]",in_selected_syllabus,与当前考纲词形或已登记拼写变体相符。,"n. 候选人, 投考者
[法] 候选, 候补者",s:candidates,ecdict-bc015ed2e24a
candle,zk gk cet4 cet6 ky ielts,"[""cet4-w-c3a1c960c06215b7c82e""]",in_selected_syllabus,与当前考纲词形或已登记拼写变体相符。,"n. 蜡烛
vt. 对着光检查",s:candles/i:candling/p:candled/3:candles/d:candled,ecdict-bc015ed2e24a
candy,zk gk cet4 ky,"[""cet4-w-a5087af30fb38292cfa8""]",in_selected_syllabus,与当前考纲词形或已登记拼写变体相符。,"n. 糖果, 冰糖
vt. 用糖煮, 使结晶为砂糖
vi. 结晶为砂糖",p:candied/s:candies/d:candied/i:candying/3:candies,ecdict-bc015ed2e24a
cannon,cet4 cet6 ky ielts,[],outside_selected_syllabus,ECDICT 标签仅作候选；所选考纲四级范围无对应词形，不自动加入。,"n. 大炮, 加农炮
v. 炮轰",s:cannons/p:cannoned/i:cannoning/d:cannoned/3:cannons,ecdict-bc015ed2e24a
canoe,cet4 cet6 ky toefl,[],outside_selected_syllabus,ECDICT 标签仅作候选；所选考纲四级范围无对应词形，不自动加入。,"n. 独木舟, 轻舟
vi. 乘独木舟
vt. 用独木舟运",s:canoes/i:canoeing/p:canoed/d:canoed/3:canoes,ecdict-bc015ed2e24a
canteen,gk cet4 cet6 ky ielts,"[""cet4-w-6d8d79be9560426db944""]",in_selected_syllabus,与当前考纲词形或已登记拼写变体相符。,"n. 水壶, 军中俱乐部, 临时流动餐馆, 小卖部",s:canteens,ecdict-bc015ed2e24a
canvas,cet4 cet6 ky toefl ielts gre,[],outside_selected_syllabus,ECDICT 标签仅作候选；所选考纲四级范围无对应词形，不自动加入。,"n. 帆布, 画布, 油画
[化] 帆布",s:canvases/i:canvassing/d:canvassed/p:canvassed/3:canvases,ecdict-bc015ed2e24a
cap,zk gk cet4 cet6 ky toefl,"[""cet4-w-3807fc45c5f96854e7db""]",in_selected_syllabus,与当前考纲词形或已登记拼写变体相符。,"n. 盖子, 帽子
vt. 戴帽子, 覆盖, 胜过
vi. 脱帽致意
[计] 调用程序分析, 容量, 代码分析程序, 计算机辅助生产, 计算机辅助印刷",s:caps/d:capped/i:capping/p:capped/3:caps,ecdict-bc015ed2e24a
capable,cet4 cet6 ky toefl,"[""cet4-w-750a1f2cc567abff88f3""]",in_selected_syllabus,与当前考纲词形或已登记拼写变体相符。,"a. 有能力的, 能的, 能干的",,ecdict-bc015ed2e24a
capacity,cet4 cet6 ky toefl ielts,"[""cet4-w-816c22f2c2068a716d0e""]",in_selected_syllabus,与当前考纲词形或已登记拼写变体相符。,"n. 容量, 能力, 才能, 资格
[计] 容量",s:capacities,ecdict-bc015ed2e24a
capital,zk gk cet4 cet6 ky ielts,"[""cet4-w-20f4eea774ef00a9cb39""]",in_selected_syllabus,与当前考纲词形或已登记拼写变体相符。,"n. 首都, 大写字母, 资本
a. 首都的, 重要的",s:capitals,ecdict-bc015ed2e24a
captain,zk gk cet4 cet6 ky,"[""cet4-w-7a38c78e1d7963de0cfd""]",in_selected_syllabus,与当前考纲词形或已登记拼写变体相符。,"n. 船长, 指挥官, 海军上校, 首领
vt. 率领, 指挥",s:captains/p:captained/d:captained/i:captaining/3:captains,ecdict-bc015ed2e24a
captive,cet4 cet6 ky ielts,[],outside_selected_syllabus,ECDICT 标签仅作候选；所选考纲四级范围无对应词形，不自动加入。,"n. 俘虏, 迷恋者
a. 被俘的, 被迷住的",s:captives,ecdict-bc015ed2e24a
capture,cet4 cet6 ky toefl ielts gre,"[""cet4-w-cb15438785b3a9752242""]",in_selected_syllabus,与当前考纲词形或已登记拼写变体相符。,"n. 抓取, 战利品, 捕获之物
vt. 抓取, 获得, 迷住
[计] 截获命令",d:captured/p:captured/i:capturing/3:captures/s:captures,ecdict-bc015ed2e24a
carbon,gk cet4 cet6 ky toefl ielts,"[""cet4-w-399c7d536a90e1740666""]",in_selected_syllabus,与当前考纲词形或已登记拼写变体相符。,"n. 碳, 副本, 复写纸
[化] 碳",s:carbons,ecdict-bc015ed2e24a
career,cet4 ky toefl ielts,"[""cet4-w-1b75a76672c6a4b9442f""]",in_selected_syllabus,与当前考纲词形或已登记拼写变体相符。,"n. 事业, 生涯, 成功
[法] 职业, 专业, 履历",s:careers/p:careered/i:careering/3:careers/d:careered,ecdict-bc015ed2e24a
careless,zk gk cet4 toefl,"[""cet4-w-e8dfdd88e6569eff65e6""]",in_selected_syllabus,与当前考纲词形或已登记拼写变体相符。,"a. 粗心的, 不关心的, 无忧无虑的",,ecdict-bc015ed2e24a
cargo,cet4 cet6 ky toefl gre,"[""cet4-w-96791b6d8d46f137bddc""]",in_selected_syllabus,与当前考纲词形或已登记拼写变体相符。,"n. 货物
[经] 货柜",s:cargoes,ecdict-bc015ed2e24a
carpenter,gk cet4 cet6 ky toefl ielts gre,"[""cet4-w-9e21ac329cad101a00c0""]",in_selected_syllabus,与当前考纲词形或已登记拼写变体相符。,n. 木匠,s:carpenters/i:carpentering/p:carpentered/3:carpenters/d:carpentered,ecdict-bc015ed2e24a
carpet,gk cet4 cet6 ky ielts,"[""cet4-w-9159addbfc8e4a865511""]",in_selected_syllabus,与当前考纲词形或已登记拼写变体相符。,"n. 地毯, 地毯状物
vt. 铺以地毯, 铺盖",s:carpets/d:carpeted/p:carpeted/i:carpeting/3:carpets,ecdict-bc015ed2e24a
carriage,gk cet4 cet6 ky toefl,"[""cet4-w-e58b6aa2f27899d71156""]",in_selected_syllabus,与当前考纲词形或已登记拼写变体相符。,"n. 马车, 客车, 举止, 运输
[经] 搬运费, 运费",s:carriages,ecdict-bc015ed2e24a
carrier,gk cet4 cet6 ky ielts,"[""cet4-w-4f242d90889afd63a023""]",in_selected_syllabus,与当前考纲词形或已登记拼写变体相符。,"n. 运送者, 邮递员, 带菌者
[计] 载波",s:carriers,ecdict-bc015ed2e24a
carrot,gk cet4 cet6 ky ielts,"[""cet4-w-adff2593249fe954f8ea""]",in_selected_syllabus,与当前考纲词形或已登记拼写变体相符。,"n. 胡萝卜
[医] 胡萝卜",s:carrots,ecdict-bc015ed2e24a
cart,cet4 cet6 ky toefl ielts,"[""cet4-w-89e5570743ad71446e2a""]",in_selected_syllabus,与当前考纲词形或已登记拼写变体相符。,"n. 二轮运货马车
vi. 驾运货马车
vt. 用车装载",s:carts/d:carted/p:carted/i:carting/3:carts,ecdict-bc015ed2e24a
carve,gk cet4 cet6 ky toefl ielts gre,[],outside_selected_syllabus,ECDICT 标签仅作候选；所选考纲四级范围无对应词形，不自动加入。,"v. 雕刻, 切开",d:carved/p:carved/i:carving/3:carves,ecdict-bc015ed2e24a
cash,gk cet4 ky ielts,"[""cet4-w-dbfce41f35727a3f97ff""]",in_selected_syllabus,与当前考纲词形或已登记拼写变体相符。,"n. 现金
vt. 兑现",i:cashing/d:cashed/p:cashed/3:cashes,ecdict-bc015ed2e24a
cassette,cet4 cet6 ky toefl ielts,[],outside_selected_syllabus,ECDICT 标签仅作候选；所选考纲四级范围无对应词形，不自动加入。,"n. 盒式磁带, 珠宝箱, 暗盒
[计] 字盒",s:cassettes,ecdict-bc015ed2e24a
cast,gk cet4 cet6 ky toefl ielts gre,"[""cet4-w-6e703c65abccd2549239""]",in_selected_syllabus,与当前考纲词形或已登记拼写变体相符。,"n. 演员阵容, 投掷, 铸件, 预测, 特性
vt. 投, 掷, 抛, 脱落, 铸, 使弯曲, 计算
vi. 投, 计算, 浇铸成型",d:cast/0:cast/1:dp/i:casting/p:cast/3:casts/s:casts,ecdict-bc015ed2e24a
castle,gk cet4 cet6 ky ielts,"[""cet4-w-6bb08d2a399924ed70e7""]",in_selected_syllabus,与当前考纲词形或已登记拼写变体相符。,"n. 城堡, 象棋中的车
vt. 置于城堡中, 盘踞于",s:castles/i:castling/p:castled/3:castles/d:castled,ecdict-bc015ed2e24a
casual,gk cet4 cet6 ky toefl ielts gre,"[""cet4-w-f13ddeb44556dd36f827""]",in_selected_syllabus,与当前考纲词形或已登记拼写变体相符。,"a. 偶然的, 不经意的, 便装的
n. 临时工, 待命士兵",s:casuals,ecdict-bc015ed2e24a
catalog,cet4 cet6 ky ielts gre,"[""cet4-w-67200dfbd8493720eab3""]",in_selected_syllabus,与当前考纲词形或已登记拼写变体相符。,"n. 目录, 大学概况手册
vt. 编目录
[计] 目录; 编目",s:catalogs/i:cataloging/p:cataloged/3:catalog/d:cataloged,ecdict-bc015ed2e24a
cathedral,gk cet4 cet6 ky toefl ielts gre,[],outside_selected_syllabus,ECDICT 标签仅作候选；所选考纲四级范围无对应词形，不自动加入。,n. 大教堂,s:cathedrals,ecdict-bc015ed2e24a
cattle,gk cet4 cet6 ky ielts,"[""cet4-w-db12da512dcdee815294""]",in_selected_syllabus,与当前考纲词形或已登记拼写变体相符。,"n. 牛, 家畜
[法] 家畜",s:cattle/0:cattle/1:s,ecdict-bc015ed2e24a
cause,zk gk cet4 cet6 ky toefl ielts,"[""cet4-w-4597ad804e5aad563761""]",in_selected_syllabus,与当前考纲词形或已登记拼写变体相符。,"n. 原因, 目标
vt. 引起, 使产生, 使遭受",d:caused/i:causing/s:causes/p:caused/3:causes,ecdict-bc015ed2e24a
cautious,gk cet4 cet6 ky toefl ielts,"[""cet4-w-b13f39966d5c49bfd8e6""]",in_selected_syllabus,与当前考纲词形或已登记拼写变体相符。,"a. 谨慎的, 小心的",,ecdict-bc015ed2e24a
cave,gk cet4 cet6 ky ielts,"[""cet4-w-455031dc89f2f5ba58e6""]",in_selected_syllabus,与当前考纲词形或已登记拼写变体相符。,"n. 洞, 穴
vi. 凹陷, 塌落
vt. 挖洞, 使凹陷, 损坏...的基础",s:caves/p:caved/d:caved/i:caving/3:caves,ecdict-bc015ed2e24a
cease,cet4 cet6 ky toefl ielts,"[""cet4-w-e8f998d51869db890813""]",in_selected_syllabus,与当前考纲词形或已登记拼写变体相符。,"n. 停止
v. 停止, 终了",d:ceased/3:ceases/p:ceased/i:ceasing,ecdict-bc015ed2e24a
ceiling,zk gk cet4 cet6 ky toefl,"[""cet4-w-0505f283751b898fea9c""]",in_selected_syllabus,与当前考纲词形或已登记拼写变体相符。,"n. 天花板
[经] 顶点, 顶线, 上限",s:ceilings,ecdict-bc015ed2e24a
celebrate,zk gk cet4 cet6 ky toefl,"[""cet4-w-6abcb6328da5a5307d99""]",in_selected_syllabus,与当前考纲词形或已登记拼写变体相符。,"v. 庆祝, 祝贺, 举行",i:celebrating/p:celebrated/d:celebrated/3:celebrates,ecdict-bc015ed2e24a
cell,gk cet4 cet6 ky toefl,"[""cet4-w-be6c1e0d58a64d665923""]",in_selected_syllabus,与当前考纲词形或已登记拼写变体相符。,"n. 单元, 细胞, 电池
[计] 单元",s:cells,ecdict-bc015ed2e24a
cellar,gk cet4 cet6 ky toefl ielts gre,"[""cet4-w-0e59dadbef792de9dbe7""]",in_selected_syllabus,与当前考纲词形或已登记拼写变体相符。,"n. 地窖, 地下室, 藏酒",s:cellars,ecdict-bc015ed2e24a
cement,cet4 cet6 ky ielts gre,"[""cet4-w-e9ad73364127488efc04""]",in_selected_syllabus,与当前考纲词形或已登记拼写变体相符。,"n. 水泥, 胶结剂
vt. 胶合, 用水泥涂
vi. 黏牢",s:cements/d:cemented/p:cemented/i:cementing/3:cements,ecdict-bc015ed2e24a
cent,zk gk cet4 cet6 ky,"[""cet4-w-e9c6524fe487f02fe8b7""]",in_selected_syllabus,与当前考纲词形或已登记拼写变体相符。,"n. 分
[经] 美分",s:cents,ecdict-bc015ed2e24a
centigrade,gk cet4 cet6 ky toefl gre,"[""cet4-w-0ec30b62a1ca17c7f2be""]",in_selected_syllabus,与当前考纲词形或已登记拼写变体相符。,"a. 百分度的, 摄氏的
[医] 百分度",,ecdict-bc015ed2e24a
centimetre,gk cet4 cet6 ky,"[""cet4-w-cc982aff6553769131ca""]",in_selected_syllabus,与当前考纲词形或已登记拼写变体相符。,"n. 厘米, 公分",s:centimetres,ecdict-bc015ed2e24a
central,gk cet4 cet6 ky ielts,"[""cet4-w-4e4690b497f120492956""]",in_selected_syllabus,与当前考纲词形或已登记拼写变体相符。,"a. 中央的, 重要的
[医] 中央的, 中心的, 中枢的",,ecdict-bc015ed2e24a
centre,zk gk cet4 cet6 ky ielts,"[""cet4-w-3308cb456c6b0372bc83""]",in_selected_syllabus,与当前考纲词形或已登记拼写变体相符。,"n. 中心, 中心点, 中锋
a. 中央的, 位在正中的
vt. 集中, 定中心
vi. 居中",s:centres/p:centred/d:centred/3:centres/i:centring,ecdict-bc015ed2e24a
century,zk gk cet4 cet6 ky ielts,"[""cet4-w-adeb83284190de37855e""]",in_selected_syllabus,与当前考纲词形或已登记拼写变体相符。,"n. 世纪, 百年",s:centuries,ecdict-bc015ed2e24a
ceremony,gk cet4 cet6 ky toefl ielts gre,"[""cet4-w-203a352fc6ef54a26007""]",in_selected_syllabus,与当前考纲词形或已登记拼写变体相符。,"n. 典礼, 仪式, 礼节
[法] 典礼, 仪式",s:ceremonies,ecdict-bc015ed2e24a
certain,zk gk cet4 ky,"[""cet4-w-a5ba230e0eb53b65fb1c""]",in_selected_syllabus,与当前考纲词形或已登记拼写变体相符。,"a. 确定的, 某一个的, 必然的
[法] 确凿的, 无疑的, 可靠的",,ecdict-bc015ed2e24a
certainty,cet4 cet6 ky ielts gre,"[""cet4-w-4fe7cdfc2eb7d7244817""]",in_selected_syllabus,与当前考纲词形或已登记拼写变体相符。,"n. 确定, 确实的事情
[法] 确定, 肯定, 必然的事",s:certainties,ecdict-bc015ed2e24a
certificate,gk cet4 cet6 ky ielts,"[""cet4-w-9a5ce3a1fbe954602b26""]",in_selected_syllabus,与当前考纲词形或已登记拼写变体相符。,"n. 证书, 证明书
vt. 发给证明书, 用证书批准, 用证书证明",s:certificates/d:certificated/p:certificated/i:certificating/3:certificates,ecdict-bc015ed2e24a
chain,gk cet4 cet6 ky,"[""cet4-w-78b11cdf91a8189aad91""]",in_selected_syllabus,与当前考纲词形或已登记拼写变体相符。,"n. 链, 枷锁, 束缚
vt. 用铁练锁住, 束缚, 囚禁",s:chains/d:chained/p:chained/i:chaining/3:chains,ecdict-bc015ed2e24a
chairman,zk gk cet4 cet6 ky,"[""cet4-w-0a4146f93c81a09013b0""]",in_selected_syllabus,与当前考纲词形或已登记拼写变体相符。,"n. 主席, 会长
[经] 主席",s:chairmen/i:chairmanning/p:chairmanned/3:chairmans/d:chairmanned,ecdict-bc015ed2e24a
chalk,zk gk cet4 cet6 ky toefl,"[""cet4-w-a31669e4d94a0a4b1a70""]",in_selected_syllabus,与当前考纲词形或已登记拼写变体相符。,"n. 粉笔, 白垩
vt. 用粉笔写, 记录",p:chalked/s:chalks/d:chalked/i:chalking/3:chalks,ecdict-bc015ed2e24a
challenge,gk cet4 cet6 ky toefl ielts,"[""cet4-w-8f4599a245a69a9b6b13""]",in_selected_syllabus,与当前考纲词形或已登记拼写变体相符。,"n. 挑战, 盘问
vt. 向...挑战, 要求, 怀疑
vi. 挑战, 对(证据等)表示异议",s:challenges/d:challenged/p:challenged/i:challenging/3:challenges,ecdict-bc015ed2e24a
chamber,cet4 cet6 ky toefl ielts,[],outside_selected_syllabus,ECDICT 标签仅作候选；所选考纲四级范围无对应词形，不自动加入。,"n. 室, 房间, 枪膛
vt. 装(弹药), 把...关在室内
a. 室内的",s:chambers/i:chambering/p:chambered/3:chambers/d:chambered,ecdict-bc015ed2e24a
champion,gk cet4 cet6 ky toefl ielts gre,"[""cet4-w-4ee52c41d5a8701f697b""]",in_selected_syllabus,与当前考纲词形或已登记拼写变体相符。,"n. 冠军, 拥护者, 战士
vt. 保卫, 拥护
a. 优胜的",s:champions/d:championed/i:championing/p:championed/3:champions,ecdict-bc015ed2e24a
chance,zk gk cet4 ky toefl ielts,"[""cet4-w-492359869349d01531c2""]",in_selected_syllabus,与当前考纲词形或已登记拼写变体相符。,"n. 机会, 意外, 可能性
vi. 偶然发生
vt. 冒险",s:chances/p:chanced/d:chanced/i:chancing/3:chances,ecdict-bc015ed2e24a
channel,gk cet4 cet6 ky toefl ielts,"[""cet4-w-3069b923d82857c39a99""]",in_selected_syllabus,与当前考纲词形或已登记拼写变体相符。,"n. 海峡, 航道, 频道
vt. 引导, 在...上挖沟, 形成河道
[计] 信道, 通道",s:channels/d:channelled/i:channelling/p:channelled/3:channels,ecdict-bc015ed2e24a
chaos,gk cet4 cet6 ky toefl ielts gre,"[""cet4-w-1c92d9f285ff53704f0e""]",in_selected_syllabus,与当前考纲词形或已登记拼写变体相符。,"n. 大混乱, 混沌
[化] 混沌; 浑沌",,ecdict-bc015ed2e24a
chapter,gk cet4 cet6 ky ielts,"[""cet4-w-e6dac2d3e4d746e316a2""]",in_selected_syllabus,与当前考纲词形或已登记拼写变体相符。,"n. 章, 篇, 重要章节
[计] 章; 段",s:chapters,ecdict-bc015ed2e24a
character,gk cet4 cet6 ky toefl,"[""cet4-w-10b509d88b6087e1ec27""]",in_selected_syllabus,与当前考纲词形或已登记拼写变体相符。,"n. 个性, 字符, 人物, 性质, 品格, 资格
[计] 字符",s:characters/i:charactering/p:charactered/3:characters/d:charactered,ecdict-bc015ed2e24a
characteristic,gk cet4 cet6 ky toefl ielts gre,"[""cet4-w-dcc1cee0599400415718""]",in_selected_syllabus,与当前考纲词形或已登记拼写变体相符。,"n. 特性, 特征, 特色
a. 特性的, 特有的, 有特色的
[计] 阶; 指数",s:characteristics,ecdict-bc015ed2e24a
characterize,cet4 cet6 ky toefl ielts gre,"[""cet4-w-0dfa4a6815c81480ccfb""]",in_selected_syllabus,与当前考纲词形或已登记拼写变体相符。,"vt. 描绘...的特性, 刻划...的性格",d:characterized/p:characterized/3:characterizes/i:characterizing,ecdict-bc015ed2e24a
charge,gk cet4 cet6 ky toefl ielts,"[""cet4-w-81fab503de71f9d2e01c""]",in_selected_syllabus,与当前考纲词形或已登记拼写变体相符。,"n. 指控, 费用, 冲锋, 电荷, 炸药, 主管, 被托管人, 命令
vt. 控诉, 加罪于, 使充满, 使充电, 使承担
vi. 冲锋, 要价, 收费",s:charges/d:charged/p:charged/i:charging/3:charges,ecdict-bc015ed2e24a
charity,cet4 cet6 ky toefl ielts gre,"[""cet4-w-3c7341e26cb352644114""]",in_selected_syllabus,与当前考纲词形或已登记拼写变体相符。,"n. 慈悲, 博爱, 慈善团体, 施舍
[法] 宽大, 宽恕, 慈善机关",s:charities,ecdict-bc015ed2e24a
charming,cet4 cet6,"[""cet4-w-6ff4a3da5ce47e9a1735""]",in_selected_syllabus,与当前考纲词形或已登记拼写变体相符。,"a. 迷人的, 有吸引力的",0:charm/1:i/i:charming,ecdict-bc015ed2e24a
chart,gk cet4 cet6 ky toefl ielts,"[""cet4-w-13d750c7867e9c8e9adf""]",in_selected_syllabus,与当前考纲词形或已登记拼写变体相符。,"n. 图表, 海图
vt. 制成图表
[计] 图表",s:charts/i:charting/d:charted/3:charts/p:charted,ecdict-bc015ed2e24a
chase,cet4 cet6 ky ielts gre,"[""cet4-w-3b354c19dd9f74340eeb""]",in_selected_syllabus,与当前考纲词形或已登记拼写变体相符。,"n. 追求, 狩猎, 追逐
vt. 追捕, 追逐, 雕刻, 在...上镶嵌宝石
vi. 追赶, 奔跑",i:chasing/d:chased/p:chased/3:chases/s:chases,ecdict-bc015ed2e24a
cheat,zk gk cet4 cet6 ky,"[""cet4-w-f78f6e3210ce913873c2""]",in_selected_syllabus,与当前考纲词形或已登记拼写变体相符。,"n. 欺骗, 作弊, 骗子
v. 欺骗, 逃脱, 骗取",i:cheating/d:cheated/p:cheated/s:cheats/3:cheats,ecdict-bc015ed2e24a
cheek,gk cet4 cet6 ky,"[""cet4-w-9a72d978ec06fb5668ad""]",in_selected_syllabus,与当前考纲词形或已登记拼写变体相符。,"n. 颊, 厚颜, 脸蛋
[医] 颊",s:cheeks/p:cheeked/i:cheeking/3:cheeks/d:cheeked,ecdict-bc015ed2e24a
cheer,zk gk cet4 cet6 ky ielts,"[""cet4-w-4b10be0dbddeda512d82""]",in_selected_syllabus,与当前考纲词形或已登记拼写变体相符。,"n. 愉快, 振奋, 欢呼
vi. 欢呼, 喝彩, 快活起来
vt. 使振奋, 欢呼",s:cheers/i:cheering/d:cheered/p:cheered/3:cheers,ecdict-bc015ed2e24a
cheerful,gk cet4 cet6 ielts,"[""cet4-w-a4ba4224c42604a58449""]",in_selected_syllabus,与当前考纲词形或已登记拼写变体相符。,"a. 快活的, 高兴的, 兴高采烈的",,ecdict-bc015ed2e24a
cheese,zk gk cet4 ky ielts,"[""cet4-w-3cf757af287d87939f3f""]",in_selected_syllabus,与当前考纲词形或已登记拼写变体相符。,"n. 乳酪
[化] 干酪",d:cheesed/0:cheese/i:cheesing/3:cheese/1:3/p:cheesed/s:cheeses,ecdict-bc015ed2e24a
chemical,gk cet4 cet6 ky,"[""cet4-w-191e491a880c3b547242""]",in_selected_syllabus,与当前考纲词形或已登记拼写变体相符。,"n. 化学药品
a. 化学的, 化学上用的",s:chemicals,ecdict-bc015ed2e24a
chemist,gk cet4 cet6 ky ielts,"[""cet4-w-0c414d5b0c52173ecf02""]",in_selected_syllabus,与当前考纲词形或已登记拼写变体相符。,"n. 化学家, 药剂师
[化] 化学家; 化学师; 化学工作者; 药剂师; 药房",s:chemists,ecdict-bc015ed2e24a
chemistry,zk gk cet4 cet6 ky ielts,"[""cet4-w-0701f32572b1cea0911b""]",in_selected_syllabus,与当前考纲词形或已登记拼写变体相符。,"n. 化学, 化学过程
[化] 化学",,ecdict-bc015ed2e24a
cheque,gk cet4 cet6 ky,"[""cet4-w-0e17f6b3a819213f5943""]",in_selected_syllabus,与当前考纲词形或已登记拼写变体相符。,n. 支票,s:cheques,ecdict-bc015ed2e24a
cherry,cet4 ky,[],outside_selected_syllabus,ECDICT 标签仅作候选；所选考纲四级范围无对应词形，不自动加入。,"n. 樱桃, 樱桃树, 樱桃色
[医] 樱桃",s:cherries,ecdict-bc015ed2e24a
chess,zk gk cet4 cet6 ky,"[""cet4-w-73cd11b03e3e068037fd""]",in_selected_syllabus,与当前考纲词形或已登记拼写变体相符。,"n. 国际象棋
[建] 雀麦",,ecdict-bc015ed2e24a
chest,zk gk cet4 cet6 ky toefl ielts,"[""cet4-w-9fc995eec5ea96bfcbc0""]",in_selected_syllabus,与当前考纲词形或已登记拼写变体相符。,"n. 胸, 胸部, 衣柜, 箱子
[医] 胸, 胸廓",s:chests/p:chested,ecdict-bc015ed2e24a
chew,gk cet4 cet6 ky ielts,"[""cet4-w-2ce9d3be5bcd127eb907""]",in_selected_syllabus,与当前考纲词形或已登记拼写变体相符。,"vt. 咀嚼, 嚼碎
vi. 咀嚼, 细想
n. 咀嚼, 咀嚼物",i:chewing/p:chewed/d:chewed/3:chews/s:chews,ecdict-bc015ed2e24a
chicken,zk gk cet4 cet6 ky,"[""cet4-w-836ceb7af83f3dc03cc1""]",in_selected_syllabus,与当前考纲词形或已登记拼写变体相符。,"n. 小鸡, 鸡肉",s:chickens/p:chickened/d:chickened/i:chickening,ecdict-bc015ed2e24a
chief,gk cet4 ky toefl ielts,"[""cet4-w-fd61f23e6cbf92cf418e""]",in_selected_syllabus,与当前考纲词形或已登记拼写变体相符。,"n. 领袖, 酋长, 长官, 主要部分
a. 主要的, 首位的",s:chiefs,ecdict-bc015ed2e24a
childhood,gk cet4 ky,[],outside_selected_syllabus,ECDICT 标签仅作候选；所选考纲四级范围无对应词形，不自动加入。,"n. 孩童时期
[医] 儿童期",s:childhoods,ecdict-bc015ed2e24a
childish,cet4,"[""cet4-w-2de2b88c297dc2b33c90""]",in_selected_syllabus,与当前考纲词形或已登记拼写变体相符。,"a. 天真的, 孩子气的",,ecdict-bc015ed2e24a
chill,cet4 cet6 ky toefl ielts,"[""cet4-w-bb8021c47c2d86db42e2""]",in_selected_syllabus,与当前考纲词形或已登记拼写变体相符。,"n. 寒冷, 寒意, 失意
a. 寒冷的, 冷漠的
vt. 使寒心, 冷冻
vi. 变冷",d:chilled/s:chills/p:chilled/i:chilling/3:chills,ecdict-bc015ed2e24a
chimney,gk cet4 cet6 ky,"[""cet4-w-efafc87e37472fc2008e""]",in_selected_syllabus,与当前考纲词形或已登记拼写变体相符。,"n. 烟囱, 灯罩
[电] 烟囱",s:chimneys,ecdict-bc015ed2e24a
chin,cet4 cet6 ky ielts,"[""cet4-w-b48029847489b044d632""]",in_selected_syllabus,与当前考纲词形或已登记拼写变体相符。,"n. 下巴, 颏
[医] 颏",s:chins/p:chinned/i:chinning/3:chins/d:chinned,ecdict-bc015ed2e24a
chocolate,zk gk cet4 ky ielts,"[""cet4-w-c2483115edf2c72c76a3""]",in_selected_syllabus,与当前考纲词形或已登记拼写变体相符。,"n. 巧克力
a. 巧克力制的",s:chocolates,ecdict-bc015ed2e24a
choice,zk gk cet4 cet6 ky toefl ielts gre,"[""cet4-w-89d526ee0e35216c62b0""]",in_selected_syllabus,与当前考纲词形或已登记拼写变体相符。,"n. 选择, 精选品, 选择权
a. 精选的, 挑三拣四的, 上等的
[计] DOS内部命令:在批处理文件中
该命令用于提示用户作出选择, 决定批处理文件的流程",s:choices,ecdict-bc015ed2e24a
choke,gk cet4 cet6 ky toefl ielts gre,"[""cet4-w-b829bae036c0fa6a39e8""]",in_selected_syllabus,与当前考纲词形或已登记拼写变体相符。,"vt. 窒息, 阻塞, 噎, 抑制
vi. 窒息, 阻塞, 噎
n. 窒息, 噎, 阻气门",p:choked/i:choking/d:choked/3:chokes/s:chokes,ecdict-bc015ed2e24a
choose,zk gk cet4 ky toefl,"[""cet4-w-ac35d361f697f1f97bb7""]",in_selected_syllabus,与当前考纲词形或已登记拼写变体相符。,"vt. 选择, 宁愿, 欲
vi. 作出选择, 愿意
[计] 选取",d:chosen/p:chose/i:choosing/3:chooses,ecdict-bc015ed2e24a
chop,cet4 cet6 ky toefl ielts,"[""cet4-w-627038c8848a9d09e999""]",in_selected_syllabus,与当前考纲词形或已登记拼写变体相符。,"n. 肋条肉, 排骨, 砍, 戳记, 商标
vt. 剁碎, 砍, 切击, 割断
vi. 砍, 突然转向",d:chopped/s:chops/i:chopping/p:chopped/3:chops,ecdict-bc015ed2e24a
Christian,gk cet4 cet6 ky toefl ielts,"[""cet4-w-e76c98f5604b068fec2a""]",in_selected_syllabus,与当前考纲词形或已登记拼写变体相符。,"n. 基督徒, 正派人
a. 基督的, 基督教的",s:christians,ecdict-bc015ed2e24a
Christmas,zk gk cet4 ky,"[""cet4-w-c47bb4699fa0a6904158""]",in_selected_syllabus,与当前考纲词形或已登记拼写变体相符。,n. 圣诞节,s:Christmases,ecdict-bc015ed2e24a
church,zk gk cet4 ky ielts,"[""cet4-w-adb2f95fd400b147360e""]",in_selected_syllabus,与当前考纲词形或已登记拼写变体相符。,"n. 教堂, 礼拜, 教会
vt. 使人接受宗教仪式
a. 教堂的",s:churches/i:churching/p:churched/3:churches/d:churched,ecdict-bc015ed2e24a
cigarette,gk cet4,"[""cet4-w-35c94477ad7d2d34553f""]",in_selected_syllabus,与当前考纲词形或已登记拼写变体相符。,"n. 香烟, 纸烟",s:cigarettes,ecdict-bc015ed2e24a
circle,zk gk cet4 cet6 ky toefl ielts,"[""cet4-w-6169b308d7d62b0acce3""]",in_selected_syllabus,与当前考纲词形或已登记拼写变体相符。,"n. 圆周, 社交圈, 循环, 范围
vt. 围着, 环绕
vi. 盘旋, 循环",s:circles/p:circled/i:circling/d:circled/3:circles,ecdict-bc015ed2e24a
circuit,gk cet4 cet6 ky toefl ielts gre,"[""cet4-w-961879ce60f1c9ea0b5b""]",in_selected_syllabus,与当前考纲词形或已登记拼写变体相符。,"n. 电路, 环(行)道, 巡回
[计] 线路; 电路",s:circuits/d:circuited/i:circuiting/p:circuited/3:circuits,ecdict-bc015ed2e24a
circular,cet4 cet6 ky toefl gre,"[""cet4-w-7bdd6c56d7e7156c64c5""]",in_selected_syllabus,与当前考纲词形或已登记拼写变体相符。,"a. 圆形的, 循环的, 间接的
[医] 环状的, 循环的",s:circulars,ecdict-bc015ed2e24a
circulate,gk cet4 cet6 ky toefl ielts gre,"[""cet4-w-45ce6c64e7b0720d4bb3""]",in_selected_syllabus,与当前考纲词形或已登记拼写变体相符。,"v. (使)流通, (使)循环, (使)传播",d:circulated/i:circulating/p:circulated/3:circulates,ecdict-bc015ed2e24a
circumference,cet4 cet6 ky toefl ielts gre,[],outside_selected_syllabus,ECDICT 标签仅作候选；所选考纲四级范围无对应词形，不自动加入。,"n. 圆周, 周缘, 胸围
[医] 周缘, 环状面",s:circumferences,ecdict-bc015ed2e24a
circumstance,gk cet4 cet6 toefl ielts,"[""cet4-w-25b5a6ec8bb828fcb229""]",in_selected_syllabus,与当前考纲词形或已登记拼写变体相符。,"n. 环境, 状况, 事件",s:circumstances,ecdict-bc015ed2e24a
citizen,gk cet4 cet6 ky,"[""cet4-w-2424f7335515012f0131""]",in_selected_syllabus,与当前考纲词形或已登记拼写变体相符。,"n. 市民, 公民
[法] 公民, 国民, 市民",s:citizens,ecdict-bc015ed2e24a
civil,gk cet4 cet6 ky toefl gre,"[""cet4-w-2b263ed09bef956b6357""]",in_selected_syllabus,与当前考纲词形或已登记拼写变体相符。,"a. 市民的, 公民的, 有礼貌的
[法] 公民的, 国民的, 民用的",,ecdict-bc015ed2e24a
civilian,gk cet4 cet6 ky toefl ielts gre,"[""cet4-w-57fb82f6d07da0eaef64""]",in_selected_syllabus,与当前考纲词形或已登记拼写变体相符。,"n. 平民, 民法专家
a. 平民的, 百姓的, 民用的",s:civilians,ecdict-bc015ed2e24a
civilization,gk cet4 cet6 ky toefl,"[""cet4-w-eaa21e0c509c1db2126f""]",in_selected_syllabus,与当前考纲词形或已登记拼写变体相符。,"n. 文明, 教化
[法] 文明, 文化, 文明国家的总称",s:civilizations,ecdict-bc015ed2e24a
civilize,cet4 cet6 ky,"[""cet4-w-b39cf359e718ef3a84b1""]",in_selected_syllabus,与当前考纲词形或已登记拼写变体相符。,"vt. 使开化, 使文明
vi. 变文明",p:civilized/d:civilized/i:civilizing/3:civilizes,ecdict-bc015ed2e24a
claim,cet4 cet6 ky toefl ielts gre,"[""cet4-w-3f860a91da24573cc6cb""]",in_selected_syllabus,与当前考纲词形或已登记拼写变体相符。,"n. 要求, 要求权, 断言, 权利
vt. 要求, 认领, 主张
vi. 提出要求, 主张, 断言",p:claimed/s:claims/3:claims/d:claimed/i:claiming,ecdict-bc015ed2e24a
clap,zk gk cet4 cet6 ky toefl,"[""cet4-w-a54088ed5d15e8fe8604""]",in_selected_syllabus,与当前考纲词形或已登记拼写变体相符。,"n. 拍手, 拍手声, 霹雳声, 花柳病
v. 鼓掌, (使)啪地关上",p:clapped/i:clapping/d:clapped/3:claps/s:claps,ecdict-bc015ed2e24a
clarify,gk cet4 cet6 ky toefl ielts gre,"[""cet4-w-6a464da3e0c6bf4069c7""]",in_selected_syllabus,与当前考纲词形或已登记拼写变体相符。,"vi. 澄清, 阐明
vt. 使明晰",d:clarified/i:clarifying/3:clarifies/p:clarified,ecdict-bc015ed2e24a
clasp,cet4 cet6 ky ielts gre,[],outside_selected_syllabus,ECDICT 标签仅作候选；所选考纲四级范围无对应词形，不自动加入。,"n. 扣子, 钩, 紧握
v. 扣紧, 紧握",p:clasped/i:clasping/d:clasped/s:clasps/3:clasps,ecdict-bc015ed2e24a
classic,gk cet4 cet6 ky ielts,"[""cet4-w-a0ed20988f2976c1bb67""]",in_selected_syllabus,与当前考纲词形或已登记拼写变体相符。,"n. 古典作品, 杰作, 大艺术家
a. 第一流的, 最优秀的, 古典的",s:classics,ecdict-bc015ed2e24a
classical,gk cet4 cet6 ky ielts,"[""cet4-w-eb4e7a895c755826d934""]",in_selected_syllabus,与当前考纲词形或已登记拼写变体相符。,"a. 古典的, 正统派的, 经典的
[医] 古典的; 标准的, 典型的",s:classicals,ecdict-bc015ed2e24a
classification,cet4 cet6 ky toefl,"[""cet4-w-1ede50341224621faaee""]",in_selected_syllabus,与当前考纲词形或已登记拼写变体相符。,"n. 分类, 分级
[化] 分级; 分粒; 分类",s:classifications,ecdict-bc015ed2e24a
classify,gk cet4 cet6 ky toefl ielts gre,"[""cet4-w-02979527737a219dd701""]",in_selected_syllabus,与当前考纲词形或已登记拼写变体相符。,"vt. 分类, 归类, 分等
[建] 分类, 分级, 分粒",d:classified/i:classifying/3:classifies/p:classified,ecdict-bc015ed2e24a
classmate,zk gk cet4 ky,"[""cet4-w-605dc18eb6d2a0838861""]",in_selected_syllabus,与当前考纲词形或已登记拼写变体相符。,n. 同班同学,s:classmates,ecdict-bc015ed2e24a
claw,gk cet4 cet6 ky toefl,"[""cet4-w-d37e88931444e51fdda4""]",in_selected_syllabus,与当前考纲词形或已登记拼写变体相符。,"n. 爪, 螯, 抓伤
v. 用爪抓, 挖, 搜刮",s:claws/p:clawed/i:clawing/d:clawed/3:claws,ecdict-bc015ed2e24a
clay,gk cet4 cet6 ky toefl gre,"[""cet4-w-6f5e8518ce542f20e3be""]",in_selected_syllabus,与当前考纲词形或已登记拼写变体相符。,"n. 泥土, 肉体, 黏土
[化] 粘土",s:clays,ecdict-bc015ed2e24a
clearly,gk cet4,"[""cet4-w-2789643dc811d77414ab""]",in_selected_syllabus,与当前考纲词形或已登记拼写变体相符。,adv. 清楚地,,ecdict-bc015ed2e24a
clerk,gk cet4 ky toefl,"[""cet4-w-4c351f331784295061d8""]",in_selected_syllabus,与当前考纲词形或已登记拼写变体相符。,"n. 办事员, 职员, 文书
vi. 当店员",s:clerks/i:clerking/p:clerked/3:clerks/d:clerked,ecdict-bc015ed2e24a
clever,zk gk cet4 ky ielts,"[""cet4-w-a4e3013bfe7207871d0e""]",in_selected_syllabus,与当前考纲词形或已登记拼写变体相符。,"a. 聪明的, 精明的",r:cleverer/t:cleverest,ecdict-bc015ed2e24a
cliff,cet4 cet6 ky toefl ielts,"[""cet4-w-983af59b8d1178812f9c""]",in_selected_syllabus,与当前考纲词形或已登记拼写变体相符。,"n. 悬崖, 绝壁",s:cliffs,ecdict-bc015ed2e24a
climate,gk cet4 ky toefl,"[""cet4-w-10a10e8a7b263b5b0837""]",in_selected_syllabus,与当前考纲词形或已登记拼写变体相符。,"n. 气候, 社会趋势, 气候区
[医] 气候",s:climates,ecdict-bc015ed2e24a
climb,zk gk cet4 cet6 ky,"[""cet4-w-a50c942799122b9eb9f5""]",in_selected_syllabus,与当前考纲词形或已登记拼写变体相符。,"v. 攀登, 上升, 爬
n. 攀登, 爬升",p:climbed/i:climbing/d:climbed/3:climbs/s:climbs,ecdict-bc015ed2e24a
cloak,cet4 cet6 ky,[],outside_selected_syllabus,ECDICT 标签仅作候选；所选考纲四级范围无对应词形，不自动加入。,"n. 斗蓬, 大氅, 掩护
vt. 遮掩, 隐匿, 使披斗蓬",s:cloaks/d:cloaked/i:cloaking/3:cloaks/p:cloaked,ecdict-bc015ed2e24a
clock,zk gk cet4 ky ielts,"[""cet4-w-24b596b488ff93c3038b""]",in_selected_syllabus,与当前考纲词形或已登记拼写变体相符。,"n. 时钟, 计时器, (袜子上的)绣花边花
vt. 绣花样, 记时, 记录
vi. 记录时间
[计] 时钟",s:clocks/p:clocked/d:clocked/i:clocking/3:clocks,ecdict-bc015ed2e24a
closely,cet4,[],outside_selected_syllabus,ECDICT 标签仅作候选；所选考纲四级范围无对应词形，不自动加入。,adv. 接近地,,ecdict-bc015ed2e24a
cloth,gk cet4 ky ielts,"[""cet4-w-899892d0e43fa8e3cac5""]",in_selected_syllabus,与当前考纲词形或已登记拼写变体相符。,"n. 布料, 织品, 布
[建] 布",s:cloths,ecdict-bc015ed2e24a
clothe,cet4 ky,"[""cet4-w-de0051eda1b0b59874d8""]",in_selected_syllabus,与当前考纲词形或已登记拼写变体相符。,"vt. 给...穿衣, 盖上, 赋予",d:clothed/p:clothed/s:clothes/3:clothes/i:cloathing,ecdict-bc015ed2e24a
clothing,gk cet4 ky toefl ielts,"[""cet4-w-c0dc40cb754bc4706eb2""]",in_selected_syllabus,与当前考纲词形或已登记拼写变体相符。,n. 衣服,i:clothing/0:clothing/1:i,ecdict-bc015ed2e24a
club,zk gk cet4 ky ielts,"[""cet4-w-e3d97ddac010e7ec21de""]",in_selected_syllabus,与当前考纲词形或已登记拼写变体相符。,"n. 俱乐部, 木棍, 球棒
vt. 用棍棒打, 缴纳
vi. 联合起来
a. 俱乐部的",s:clubs/d:clubbed/i:clubbing/p:clubbed/3:clubs,ecdict-bc015ed2e24a
clue,cet4 cet6 ky toefl ielts,"[""cet4-w-eeed1117c809f3f9b5f0""]",in_selected_syllabus,与当前考纲词形或已登记拼写变体相符。,"n. 线索, 暗示
vt. 暗示, 提供线索",s:clues/d:clued/p:clued/i:cluing/3:clues,ecdict-bc015ed2e24a
clumsy,gk cet4 cet6 ky toefl ielts gre,"[""cet4-w-2be7333ea627a4886667""]",in_selected_syllabus,与当前考纲词形或已登记拼写变体相符。,"a. 笨拙的, 不雅观的, 粗陋的",r:clumsier/t:clumsiest,ecdict-bc015ed2e24a
coach,zk gk cet4 cet6 ky toefl ielts,"[""cet4-w-282c24d73bf0ea294f63""]",in_selected_syllabus,与当前考纲词形或已登记拼写变体相符。,"n. 四轮大马车, 教练
vt. 训练, 指导
vi. 坐马车旅行, 作指导",s:coaches/i:coaching/d:coached/p:coached/3:coaches,ecdict-bc015ed2e24a
coal,zk gk cet4 cet6 ky,"[""cet4-w-b9fc111aec39e34a190f""]",in_selected_syllabus,与当前考纲词形或已登记拼写变体相符。,"n. 煤, 木炭
v. 加煤",s:coals/i:coaling/p:coaled/3:coals/d:coaled,ecdict-bc015ed2e24a
coarse,cet4 cet6 ky toefl ielts gre,"[""cet4-w-0bc543054a4e1153d818""]",in_selected_syllabus,与当前考纲词形或已登记拼写变体相符。,"a. 粗糙的, 下等的, 粗俗的
[计] 粗略的",r:coarser/t:coarsest/i:coarsing,ecdict-bc015ed2e24a
coast,zk gk cet4 cet6 ky,"[""cet4-w-07465e04a8ba4b8fb51e""]",in_selected_syllabus,与当前考纲词形或已登记拼写变体相符。,"n. 海岸, 滑坡
v. 沿海岸而行",s:coasts/i:coasting/p:coasted/3:coasts/d:coasted,ecdict-bc015ed2e24a
coat,zk gk cet4 ky toefl,"[""cet4-w-78c83cfae6eda5df859b""]",in_selected_syllabus,与当前考纲词形或已登记拼写变体相符。,"n. 外套
vt. 外面覆盖, 给...穿外套",s:coats/d:coated/i:coating/p:coated/3:coats,ecdict-bc015ed2e24a
cock,gk cet4 cet6 ky,"[""cet4-w-4951d153238880090fe8""]",in_selected_syllabus,与当前考纲词形或已登记拼写变体相符。,"n. 公鸡, 雄禽, 龙头, 头目, 锥形小干草堆
vt. 使耸立, 使竖起, 堆成锥形小干草堆
vi. 大摇大摆地走, 翘起",s:cocks/p:cocked/i:cocking/d:cocked/3:cocks,ecdict-bc015ed2e24a
code,cet4 ky ielts gre,"[""cet4-w-48aa9e216989cf52d9c7""]",in_selected_syllabus,与当前考纲词形或已登记拼写变体相符。,"n. 代码, 密码, 法规, 法典
vt. 把...编码
[计] 代码",s:codes/i:coding/d:coded/p:coded/3:codes,ecdict-bc015ed2e24a
coil,cet4 cet6 ky toefl ielts,"[""cet4-w-9a43b4824be4a0e3b348""]",in_selected_syllabus,与当前考纲词形或已登记拼写变体相符。,"n. 线圈, 盘绕, 骚动, 卷
vt. 盘绕, 卷",s:coils/p:coiled/i:coiling/d:coiled/3:coils,ecdict-bc015ed2e24a
coin,zk gk cet4 cet6 ky toefl ielts,"[""cet4-w-151b43178be467da99ba""]",in_selected_syllabus,与当前考纲词形或已登记拼写变体相符。,"n. 硬币, 金钱, 货币
vt. 铸币, 创造, 杜撰",s:coins/p:coined/d:coined/i:coining/3:coins,ecdict-bc015ed2e24a
cold,zk gk cet4 ky,"[""cet4-w-644d27d1d7b3a340f1fa""]",in_selected_syllabus,与当前考纲词形或已登记拼写变体相符。,"n. 感冒, 寒冷
a. 寒冷的, 冷淡的, 冷静的
adv. 完全地",r:colder/s:colds/t:coldest,ecdict-bc015ed2e24a
collaborate,cet4 cet6 ky toefl gre,"[""cet4-w-fb15d76ce51e0fb4d6c4""]",in_selected_syllabus,与当前考纲词形或已登记拼写变体相符。,"vi. 合作, 勾结
[法] 合作, 合著, 通敌",i:collaborating/p:collaborated/d:collaborated/3:collaborates,ecdict-bc015ed2e24a
collapse,cet4 cet6 ky toefl ielts gre,"[""cet4-w-d2ec91efec43841e42b5""]",in_selected_syllabus,与当前考纲词形或已登记拼写变体相符。,"n. 崩溃, 倒塌, 虚脱
vi. 倒塌, 崩溃, 瓦解
vt. 使倒塌, 折叠
[计] 折叠",p:collapsed/d:collapsed/i:collapsing/s:collapses/3:collapses,ecdict-bc015ed2e24a
collar,gk cet4 cet6 ky gre,"[""cet4-w-582fdc2b430d00fd69f8""]",in_selected_syllabus,与当前考纲词形或已登记拼写变体相符。,"n. 衣领, 颈圈
vt. 控制, 扭住衣领, 给...装上领子",s:collars/i:collaring/p:collared/3:collars/d:collared,ecdict-bc015ed2e24a
colleague,gk cet4 cet6 ky toefl,"[""cet4-w-fbde4557c49d9ed74404""]",in_selected_syllabus,与当前考纲词形或已登记拼写变体相符。,"n. 同事, 同僚",s:colleagues,ecdict-bc015ed2e24a
collect,zk gk cet4 cet6 ky,"[""cet4-w-7fc24c55dbf04a7d0c5b""]",in_selected_syllabus,与当前考纲词形或已登记拼写变体相符。,"v. 收集, 聚集, 集中, 搜集
a. 由收到者付款的
adv. 由收到者付款地",d:collected/i:collecting/p:collected/3:collects,ecdict-bc015ed2e24a
collection,gk cet4 cet6 ky ielts gre,"[""cet4-w-b25bebbcc11b890043c7""]",in_selected_syllabus,与当前考纲词形或已登记拼写变体相符。,"n. 收集, 采集, (一批)收藏品, 募捐
[医] 收集; 收集品, 标本",s:collections,ecdict-bc015ed2e24a
collective,cet4 cet6 ky toefl,"[""cet4-w-8a0895dc86295e5edde7""]",in_selected_syllabus,与当前考纲词形或已登记拼写变体相符。,"a. 集体的, 聚集的, 共同的
[医] 集体的, 集合的",s:collectives,ecdict-bc015ed2e24a
collision,gk cet4 cet6 ky toefl ielts gre,[],outside_selected_syllabus,ECDICT 标签仅作候选；所选考纲四级范围无对应词形，不自动加入。,"n. 碰撞, 冲突, 抵触
[计] 冲突",s:collisions,ecdict-bc015ed2e24a
colonel,cet4 cet6 ky toefl,[],outside_selected_syllabus,ECDICT 标签仅作候选；所选考纲四级范围无对应词形，不自动加入。,"n. 陆军上校, 长官",s:colonels,ecdict-bc015ed2e24a
colony,cet4 cet6 ky toefl ielts gre,"[""cet4-w-d5b09a22db030ea994c4""]",in_selected_syllabus,与当前考纲词形或已登记拼写变体相符。,"n. 殖民地, 移民队
[医] 菌(集)落, 菌丛; 移民区",s:colonies,ecdict-bc015ed2e24a
color,cet4 ky ielts,"[""cet4-w-ddf68ca6cd54aa5da878""]",in_selected_syllabus,与当前考纲词形或已登记拼写变体相符。,"n. 颜色, 面色, 颜料, 外貌
vt. 把...涂上颜色, 粉饰, 使脸红, 歪曲
vi. 变色",s:colors/i:coloring/p:colored/3:colors/d:colored,ecdict-bc015ed2e24a
column,cet4 cet6 ky ielts,"[""cet4-w-aa98b9ac382e253f2f87""]",in_selected_syllabus,与当前考纲词形或已登记拼写变体相符。,"n. 专栏, 圆柱, 纵队, 列, 柱形物
[计] 列, 柱形图",s:columns,ecdict-bc015ed2e24a
comb,gk cet4 cet6 ky,"[""cet4-w-2ca822cb0435351bab99""]",in_selected_syllabus,与当前考纲词形或已登记拼写变体相符。,"n. 头梳, 鸡冠
vt. 梳头发, 梳毛
vi. (浪)涌起",p:combed/i:combing/s:combs/d:combed/3:combs,ecdict-bc015ed2e24a
combination,cet4 cet6 ky toefl,"[""cet4-w-533e0e66843aa9b2fb59""]",in_selected_syllabus,与当前考纲词形或已登记拼写变体相符。,"n. 组合, 合并, 联合
[计] 组合图",s:combinations,ecdict-bc015ed2e24a
combine,gk cet4 cet6 ky toefl ielts,"[""cet4-w-31fa36966c4c4e0beee5""]",in_selected_syllabus,与当前考纲词形或已登记拼写变体相符。,"v. (使)联合, (使)结合
n. (企业的)联合, 联合收割机",d:combined/i:combining/3:combines/p:combined/s:combines,ecdict-bc015ed2e24a
comedy,gk cet4 cet6 ky toefl ielts,"[""cet4-w-4624051671e9a4df7ddf""]",in_selected_syllabus,与当前考纲词形或已登记拼写变体相符。,"n. 喜剧, 有趣的事情",s:comedies,ecdict-bc015ed2e24a
comfort,gk cet4 cet6 ky,"[""cet4-w-7629d782a5f7ebea3814""]",in_selected_syllabus,与当前考纲词形或已登记拼写变体相符。,"n. 舒适, 安慰, 安慰者
vt. 安慰",s:comforts/d:comforted/p:comforted/i:comforting/3:comforts,ecdict-bc015ed2e24a
comfortable,zk gk cet4 cet6 ky ielts,"[""cet4-w-47f2f064b5a7b879e45c""]",in_selected_syllabus,与当前考纲词形或已登记拼写变体相符。,"a. 舒服的, 轻松的
n. 盖被",,ecdict-bc015ed2e24a
command,gk cet4 cet6 ky,"[""cet4-w-c3b7a9e68ba1b1a2c57a""]",in_selected_syllabus,与当前考纲词形或已登记拼写变体相符。,"n. 命令, 指挥, 控制, 部队, 司令部
v. 命令, 指挥, 控制
[计] 命令; 指令; DOS外部命令:启动新的命令处理器",s:commands/p:commanded/d:commanded/3:commands/i:commanding,ecdict-bc015ed2e24a
commander,cet4 cet6 toefl,"[""cet4-w-8c4f7b3feb6d56bfd745""]",in_selected_syllabus,与当前考纲词形或已登记拼写变体相符。,"n. 司令官, 指挥官",s:commanders,ecdict-bc015ed2e24a
comment,gk cet4 cet6 ky toefl ielts,"[""cet4-w-f4ca56177b24339c54a8""]",in_selected_syllabus,与当前考纲词形或已登记拼写变体相符。,"n. 注解, 批评, 评论, 备注
vi. 评论, 注解
[计] 备注",s:comments/p:commented/i:commenting/d:commented/3:comments,ecdict-bc015ed2e24a
commerce,cet4 cet6 ky toefl,"[""cet4-w-992b96a0d9b1847db9e6""]",in_selected_syllabus,与当前考纲词形或已登记拼写变体相符。,"n. 商业, 商务, 贸易
[经] 商业, 贸易, 商务",,ecdict-bc015ed2e24a
commercial,cet4 cet6 ky toefl ielts,"[""cet4-w-fe5af48c4b2e1ef7f804""]",in_selected_syllabus,与当前考纲词形或已登记拼写变体相符。,"a. 商业的, 商用的, 商品化的
n. 商业广告节目",s:commercials,ecdict-bc015ed2e24a
commission,cet4 cet6 ky toefl ielts gre,"[""cet4-w-b4c986393a5a82516002""]",in_selected_syllabus,与当前考纲词形或已登记拼写变体相符。,"n. 委任状, 任官令, 所委职责, 佣金, 犯, 委托, 所托之事
vt. 委任, 委托制作, 使服役",d:commissioned/s:commissions/p:commissioned/i:commissioning/3:commissions,ecdict-bc015ed2e24a
commit,gk cet4 cet6 ky toefl ielts gre,"[""cet4-w-d6860652ff28b72a5f11""]",in_selected_syllabus,与当前考纲词形或已登记拼写变体相符。,"vt. 委托(托付), 犯罪, 指派...作战, 使承担义务
[法] 犯, 做, 把...交托给",d:committed/i:committing/p:committed/3:commits,ecdict-bc015ed2e24a
commitment,gk cet4 cet6 toefl ielts,"[""cet4-w-343f38ffb2eb6b8b4f36""]",in_selected_syllabus,与当前考纲词形或已登记拼写变体相符。,"n. 委托, 交押, 承担义务, 赞助
[医] 院禁",s:commitments,ecdict-bc015ed2e24a
committee,gk cet4 cet6 ky toefl ielts,"[""cet4-w-eeda8a3754d43d868a04""]",in_selected_syllabus,与当前考纲词形或已登记拼写变体相符。,"n. 委员会
[经] 委员会",s:committees,ecdict-bc015ed2e24a
common,zk gk cet4 cet6 ky ielts,"[""cet4-w-cd15579636baabd4c224""]",in_selected_syllabus,与当前考纲词形或已登记拼写变体相符。,"a. 通常的, 共同的, 通俗的, 公共的
[计] 公用块",,ecdict-bc015ed2e24a
commonly,cet4 cet6,[],outside_selected_syllabus,ECDICT 标签仅作候选；所选考纲四级范围无对应词形，不自动加入。,"adv. 一般, 普通, 通常",,ecdict-bc015ed2e24a
communicate,zk gk cet4 cet6 ky toefl gre,"[""cet4-w-df062b6484f85e5b055b""]",in_selected_syllabus,与当前考纲词形或已登记拼写变体相符。,"vt. 显露, 传达, 感染
vi. 通讯",d:communicated/i:communicating/3:communicates/p:communicated,ecdict-bc015ed2e24a
communication,zk gk cet4 cet6 ky toefl ielts,"[""cet4-w-bef72891cf02b6936435""]",in_selected_syllabus,与当前考纲词形或已登记拼写变体相符。,"n. 交流, 交通, 通讯
[计] 通信",s:communications,ecdict-bc015ed2e24a
communism,gk cet4 cet6 ky,"[""cet4-w-da6cdea0805dccf68be5""]",in_selected_syllabus,与当前考纲词形或已登记拼写变体相符。,n. 共产主义,,ecdict-bc015ed2e24a
communist,gk cet4 cet6,"[""cet4-w-40b1da07a1e5a1914444""]",in_selected_syllabus,与当前考纲词形或已登记拼写变体相符。,"n. 共产主义者, 共产党员
[法] 共产主义的, 共产党的",s:communists,ecdict-bc015ed2e24a
community,cet4 cet6 ky toefl ielts,"[""cet4-w-db11af5169a5137a6c5e""]",in_selected_syllabus,与当前考纲词形或已登记拼写变体相符。,"n. 社区, 公众, 共有, 共同体
[经] 公众, 共有, 社会",s:communities,ecdict-bc015ed2e24a
companion,gk cet4 cet6 ky toefl ielts gre,"[""cet4-w-2da024a6aebe2166c6e2""]",in_selected_syllabus,与当前考纲词形或已登记拼写变体相符。,"n. 朋友, 陪伴, 指南, 升降口围罩
vt. 陪伴",s:companions/i:companioning/p:companioned/3:companions/d:companioned,ecdict-bc015ed2e24a
comparable,cet4 cet6 ky toefl ielts,"[""cet4-w-9839925814444e6bdb88""]",in_selected_syllabus,与当前考纲词形或已登记拼写变体相符。,"a. 可比较的, 比得上的",,ecdict-bc015ed2e24a
comparative,cet4 cet6 ky toefl,"[""cet4-w-39c1a691f80b0c78fd6c""]",in_selected_syllabus,与当前考纲词形或已登记拼写变体相符。,"a. 比较的, 相对的
n. 对手",s:comparatives,ecdict-bc015ed2e24a
comparatively,cet4 toefl,[],outside_selected_syllabus,ECDICT 标签仅作候选；所选考纲四级范围无对应词形，不自动加入。,"adv. 比较地, 相对地",,ecdict-bc015ed2e24a
compare,zk gk cet4 cet6 ky toefl ielts,"[""cet4-w-e6867606f02db815b508""]",in_selected_syllabus,与当前考纲词形或已登记拼写变体相符。,"vt. 比较, 比喻, 对照
vi. 相比
n. 比较
[计] 比较",d:compared/i:comparing/3:compares/p:compared,ecdict-bc015ed2e24a
comparison,cet4 ky gre,"[""cet4-w-42dd0b84322a7227a615""]",in_selected_syllabus,与当前考纲词形或已登记拼写变体相符。,"n. 比较, 对照, 比喻
[经] 比较, 对比",s:comparisons,ecdict-bc015ed2e24a
compass,gk cet4 cet6 ky toefl ielts gre,"[""cet4-w-935ad1753faf23c903fb""]",in_selected_syllabus,与当前考纲词形或已登记拼写变体相符。,"n. 指南针, 范围, 音域
vt. 包围, 达到, 图谋, 理解",s:compasses/p:compassed/i:compassing/3:compasses/d:compassed,ecdict-bc015ed2e24a
compel,cet4 cet6 ky toefl ielts gre,"[""cet4-w-ade508857f9a8948aac6""]",in_selected_syllabus,与当前考纲词形或已登记拼写变体相符。,"vt. 强迫, 迫使",d:compelled/i:compelling/p:compelled/3:compels/s:compels,ecdict-bc015ed2e24a
compete,gk cet4 cet6 ky toefl gre,"[""cet4-w-1657b980078b1352c535""]",in_selected_syllabus,与当前考纲词形或已登记拼写变体相符。,"vi. 竞争, 对抗",i:competing/p:competed/3:competes/d:competed,ecdict-bc015ed2e24a
competent,cet4 cet6 ky toefl,"[""cet4-w-7808bf0ca9b8b7cfaef7""]",in_selected_syllabus,与当前考纲词形或已登记拼写变体相符。,"a. 能干的, 胜任的, 有效的, 足够的
[经] 有权的, 授权的, 胜任的",,ecdict-bc015ed2e24a
competition,zk gk cet4 cet6 ky toefl ielts,"[""cet4-w-a970d28326e883ea7205""]",in_selected_syllabus,与当前考纲词形或已登记拼写变体相符。,"n. 竞争, 竞赛
[经] 竞争, 竞销, 比赛",s:competitions,ecdict-bc015ed2e24a
competitive,cet4 cet6 ky ielts,"[""cet4-w-080f6a5c8d19cef500e2""]",in_selected_syllabus,与当前考纲词形或已登记拼写变体相符。,"a. 竞争的
[经] 竞争的",,ecdict-bc015ed2e24a
compile,cet4 cet6 ky toefl ielts gre,[],outside_selected_syllabus,ECDICT 标签仅作候选；所选考纲四级范围无对应词形，不自动加入。,"vt. 编译, 编辑, 编纂, 收集
[计] 编译",d:compiled/i:compiling/p:compiled/3:compiles,ecdict-bc015ed2e24a
complain,cet4 cet6 ky toefl,"[""cet4-w-318de8726a99f5ca3660""]",in_selected_syllabus,与当前考纲词形或已登记拼写变体相符。,"v. 抱怨, 抗议, 控诉",p:complained/i:complaining/d:complained/3:complains,ecdict-bc015ed2e24a
complaint,cet4 cet6 ky toefl ielts,"[""cet4-w-64c8f88d5363730b8730""]",in_selected_syllabus,与当前考纲词形或已登记拼写变体相符。,"n. 诉苦, 抱怨, 控诉
[医] 陈诉; 病",s:complaints,ecdict-bc015ed2e24a
complete,zk gk cet4 cet6 ky toefl ielts,"[""cet4-w-64ce44f216c408b07d47""]",in_selected_syllabus,与当前考纲词形或已登记拼写变体相符。,"a. 完全的, 十足的, 完成的
vt. 完成, 完工, 使圆满",d:completed/p:completed/i:completing/3:completes,ecdict-bc015ed2e24a
completely,cet4 cet6,[],outside_selected_syllabus,ECDICT 标签仅作候选；所选考纲四级范围无对应词形，不自动加入。,"adv. 完全地, 十分地, 圆满地",,ecdict-bc015ed2e24a
complex,gk cet4 cet6 ky toefl ielts,"[""cet4-w-95ac2fbb1d60e88dec84""]",in_selected_syllabus,与当前考纲词形或已登记拼写变体相符。,"n. 综合体, 情结, 络合物
a. 复杂的, 组合的",s:complexes/p:complexed,ecdict-bc015ed2e24a
complicate,cet4 cet6 ky toefl gre,"[""cet4-w-b12e4e28152334225bc6""]",in_selected_syllabus,与当前考纲词形或已登记拼写变体相符。,"vt. 弄复杂, 使错综, 使恶化
vi. 变复杂",d:complicated/3:complicates/p:complicated/i:complicating,ecdict-bc015ed2e24a
complicated,cet4 cet6 ky toefl ielts,"[""cet4-w-0cbc0408862c10bc3a25""]",in_selected_syllabus,与当前考纲词形或已登记拼写变体相符。,"a. 复杂的
[医] 并发的",d:complicated/0:complicated/1:dp/p:complicated,ecdict-bc015ed2e24a
component,gk cet4 cet6 ky toefl ielts gre,"[""cet4-w-6dec3aa1dbfab3d6b27d""]",in_selected_syllabus,与当前考纲词形或已登记拼写变体相符。,"n. 元件, 组件, 成分
a. 组成的, 构成的
[计] 组件",s:components,ecdict-bc015ed2e24a
compose,cet4 cet6 ky toefl ielts gre,"[""cet4-w-03c9e0a7fe5436084018""]",in_selected_syllabus,与当前考纲词形或已登记拼写变体相符。,"vt. 组成, 写作, 作曲, 使平静
vi. 创作, 排字
[计] 编写",d:composed/p:composed/i:composing/3:composes,ecdict-bc015ed2e24a
composition,zk gk cet4 cet6 ky toefl ielts,"[""cet4-w-51e03ca41a023ef54117""]",in_selected_syllabus,与当前考纲词形或已登记拼写变体相符。,"n. 作文, 创作, 组成
[化] 成分; 组成",s:compositions,ecdict-bc015ed2e24a
compound,cet4 cet6 ky toefl ielts gre,"[""cet4-w-816d91459516e705577d""]",in_selected_syllabus,与当前考纲词形或已登记拼写变体相符。,"n. 混合物, 复合词, 化合物, 院子
a. 复合的, 混合的, 化合的
vi. 化合, 和解, 妥协
vt. 使复合, 使化合",s:compounds/d:compounded/3:compounds/i:compounding/p:compounded,ecdict-bc015ed2e24a
comprehension,gk cet4 cet6 ky toefl,"[""cet4-w-b37f030c245e45e7c74c""]",in_selected_syllabus,与当前考纲词形或已登记拼写变体相符。,"n. 理解, 包含",,ecdict-bc015ed2e24a
comprehensive,cet4 cet6 ky toefl gre,"[""cet4-w-6392b7a64632c986bb9c""]",in_selected_syllabus,与当前考纲词形或已登记拼写变体相符。,"a. 广泛的, 有理解力的, 综合的
[经] 广泛的, 综合的, 全面的",s:comprehensives,ecdict-bc015ed2e24a
compress,cet4 cet6 ky toefl ielts gre,[],outside_selected_syllabus,ECDICT 标签仅作候选；所选考纲四级范围无对应词形，不自动加入。,"vt. 压缩, 压紧
vi. 受压缩小
[计] 压缩程序",d:compressed/i:compressing/p:compressed/3:compresses/s:compresses,ecdict-bc015ed2e24a
comprise,cet4 cet6 ky toefl ielts,"[""cet4-w-64090add3915a26f4336""]",in_selected_syllabus,与当前考纲词形或已登记拼写变体相符。,"vt. 包含, 构成",i:comprising/3:comprises/p:comprised/d:comprised,ecdict-bc015ed2e24a
compromise,gk cet4 cet6 ky toefl ielts gre,"[""cet4-w-341dd596b181aee5883d""]",in_selected_syllabus,与当前考纲词形或已登记拼写变体相符。,"n. 妥协, 折中, 折中方案, 和解
vi. 妥协处理
vt. 危害",s:compromises/d:compromised/i:compromising/p:compromised/3:compromises,ecdict-bc015ed2e24a
compute,cet4 cet6 ky toefl ielts,"[""cet4-w-7d22e3cfb092df96a8bc""]",in_selected_syllabus,与当前考纲词形或已登记拼写变体相符。,"v. 计算, 估算
n. 计算, 估算",d:computed/i:computing/3:computes/p:computed,ecdict-bc015ed2e24a
comrade,gk cet4 cet6 ky,"[""cet4-w-ae6d531b9d642bb29b6f""]",in_selected_syllabus,与当前考纲词形或已登记拼写变体相符。,"n. 同志, 伙伴",s:comrades,ecdict-bc015ed2e24a
conceal,cet4 cet6 ky toefl ielts gre,"[""cet4-w-1d196f0e5ab308738079""]",in_selected_syllabus,与当前考纲词形或已登记拼写变体相符。,"vt. 隐藏, 掩盖, 隐瞒
[法] 隐瞒, 隐匿, 保守秘密",d:concealed/i:concealing/3:conceals/p:concealed,ecdict-bc015ed2e24a
concentrate,gk cet4 cet6 ky ielts gre,"[""cet4-w-a9ba33f71a2f24e77036""]",in_selected_syllabus,与当前考纲词形或已登记拼写变体相符。,"n. 浓缩, 精选
v. 集中, 专心",d:concentrated/i:concentrating/p:concentrated/3:concentrates/s:concentrates,ecdict-bc015ed2e24a
concentration,cet4 cet6 ky,"[""cet4-w-b17dae8ff9410a29f40d""]",in_selected_syllabus,与当前考纲词形或已登记拼写变体相符。,"n. 集中, 专心
[化] 浓度; 浓缩",s:concentrations,ecdict-bc015ed2e24a
concept,gk cet4 cet6 ky toefl,"[""cet4-w-689fdc605568a9e9b8a9""]",in_selected_syllabus,与当前考纲词形或已登记拼写变体相符。,"n. 观念, 概念
[医] 概念",s:concepts,ecdict-bc015ed2e24a
concern,gk cet4 cet6 ky ielts,"[""cet4-w-49548c3f63084ea45115""]",in_selected_syllabus,与当前考纲词形或已登记拼写变体相符。,"n. 关心, 忧虑
vt. 与...有关, 使担心, 使挂念",s:concerns/3:concerns/p:concerned/i:concerning/d:concerned,ecdict-bc015ed2e24a
concerning,cet4 cet6 ky toefl,"[""cet4-w-7fade0b6e4380dd2c13b""]",in_selected_syllabus,与当前考纲词形或已登记拼写变体相符。,"prep. 关于
[法] 关于",0:concern/1:i,ecdict-bc015ed2e24a
concert,zk gk cet4 cet6 ky toefl ielts,"[""cet4-w-4d96746bbd7be68f35fd""]",in_selected_syllabus,与当前考纲词形或已登记拼写变体相符。,"n. 音乐会, 和声, 一致
vt. 协力, 协调
vi. 协力
[计] 美国北卡罗来纳州Internet网",s:concerts/i:concerting,ecdict-bc015ed2e24a
conclude,gk cet4 cet6 ky toefl,"[""cet4-w-27c2c4a792b5c12e4553""]",in_selected_syllabus,与当前考纲词形或已登记拼写变体相符。,"vt. 结束, 作结论, 推断
vi. 结束, 推断",p:concluded/d:concluded/3:concludes/i:concluding,ecdict-bc015ed2e24a
conclusion,gk cet4 cet6 ky ielts,"[""cet4-w-8c624d928b7d364d82b5""]",in_selected_syllabus,与当前考纲词形或已登记拼写变体相符。,"n. 结论, 结尾, 推论
[法] 缔结, 结论, 推论",s:conclusions,ecdict-bc015ed2e24a
concrete,gk cet4 cet6 ky toefl ielts gre,"[""cet4-w-4a16258064aac8caea1b""]",in_selected_syllabus,与当前考纲词形或已登记拼写变体相符。,"n. 凝结物, 混凝土
a. 具体的, 实在的, 混凝土的
v. (使)凝结, 用混凝土浇筑",i:concreting/d:concreted/p:concreted/3:concretes,ecdict-bc015ed2e24a
condemn,gk cet4 cet6 ky toefl ielts gre,"[""cet4-w-1c2ceba50fcb160bba1b""]",in_selected_syllabus,与当前考纲词形或已登记拼写变体相符。,"vt. 判刑, 责备, 谴责
[法] 定罪, 判刑, 宣告有罪",d:condemned/p:condemned/i:condemning/3:condemns,ecdict-bc015ed2e24a
condense,cet4 cet6 ky toefl ielts gre,"[""cet4-w-2222a5e65be4b3a2d2c4""]",in_selected_syllabus,与当前考纲词形或已登记拼写变体相符。,"vt. 使浓缩, 使压缩, 缩短
vi. 浓缩, 凝结",d:condensed/p:condensed/i:condensing/s:condenses/3:condenses,ecdict-bc015ed2e24a
condition,zk gk cet4 cet6 ky toefl ielts,"[""cet4-w-d6bd5c8f7d059ee5ec8c""]",in_selected_syllabus,与当前考纲词形或已登记拼写变体相符。,"n. 情况, 条件
vt. 使健康, 以...为条件, 决定, 使适应
[计] 条件",s:conditions/d:conditioned/i:conditioning/p:conditioned/3:conditions,ecdict-bc015ed2e24a
conduct,gk cet4 cet6 ky toefl gre,"[""cet4-w-9e927f863dd6836cb55a""]",in_selected_syllabus,与当前考纲词形或已登记拼写变体相符。,"n. 行为, 举动, 指导
vt. 为人, 指挥, 管理, 实施
vi. 领导, 传导, 指挥",d:conducted/i:conducting/p:conducted/3:conducts,ecdict-bc015ed2e24a
conductor,gk cet4 cet6 ky toefl,"[""cet4-w-e61aca5f4fada61c0a69""]",in_selected_syllabus,与当前考纲词形或已登记拼写变体相符。,"n. 领导者, 指挥者, 售票员, 向导
[化] 导体",s:conductors,ecdict-bc015ed2e24a
conference,zk gk cet4 cet6 ky toefl ielts gre,"[""cet4-w-7cb7e9d11db30527ed88""]",in_selected_syllabus,与当前考纲词形或已登记拼写变体相符。,"n. 会议
[经] 会议, 讨论会, 协商会",s:conferences,ecdict-bc015ed2e24a
confess,cet4 cet6 ky toefl ielts gre,"[""cet4-w-438dde35e7695d11523d""]",in_selected_syllabus,与当前考纲词形或已登记拼写变体相符。,"v. 承认, 坦白, 忏悔, 供认",p:confessed/3:confesses/d:confessed/i:confessing,ecdict-bc015ed2e24a
confidence,cet4 cet6 ky toefl ielts gre,"[""cet4-w-22ee6ab04dfa239283e9""]",in_selected_syllabus,与当前考纲词形或已登记拼写变体相符。,"n. 信心
[电] 可靠",s:confidences,ecdict-bc015ed2e24a
confident,gk cet4 cet6 ky toefl ielts,"[""cet4-w-60d66b91fbbdd59771a5""]",in_selected_syllabus,与当前考纲词形或已登记拼写变体相符。,"a. 有信心的, 有把握的",,ecdict-bc015ed2e24a
confine,cet4 cet6 ky toefl ielts gre,"[""cet4-w-a1382da203947e760b2c""]",in_selected_syllabus,与当前考纲词形或已登记拼写变体相符。,"vt. 限制, 使不外出, 禁闭
vi. 邻接, 交界
n. 边缘, 范围, 区域",d:confined/s:confines/i:confining/p:confined/3:confines,ecdict-bc015ed2e24a
confirm,gk cet4 cet6 ky toefl ielts gre,"[""cet4-w-38a124d83f31622696e0""]",in_selected_syllabus,与当前考纲词形或已登记拼写变体相符。,"vt. 证实, 确定, 批准, 使巩固
[计] 确认",d:confirmed/p:confirmed/3:confirms/i:confirming,ecdict-bc015ed2e24a
conflict,gk cet4 cet6 ky toefl ielts gre,"[""cet4-w-28114c2e13caf109c1d8""]",in_selected_syllabus,与当前考纲词形或已登记拼写变体相符。,"n. 战斗, 冲突, 矛盾, 争执
vi. 争执, 战斗, 冲突, 抵触
[计] 冲突",s:conflicts/p:conflicted/i:conflicting/3:conflicts/d:conflicted,ecdict-bc015ed2e24a
confuse,gk cet4 cet6 ky toefl ielts,"[""cet4-w-1f2699fea99123d572b8""]",in_selected_syllabus,与当前考纲词形或已登记拼写变体相符。,"vt. 使混乱, 使狼狈, 使困惑
[法] 混淆",d:confused/i:confusing/3:confuses/p:confused,ecdict-bc015ed2e24a
confusion,cet4 cet6 ky toefl ielts,"[""cet4-w-0d5e7c251332728e496b""]",in_selected_syllabus,与当前考纲词形或已登记拼写变体相符。,"n. 混乱, 混淆, 无秩序
[计] 含混",s:confusions,ecdict-bc015ed2e24a
congratulate,gk cet4 cet6 ky,"[""cet4-w-60c2797f74413d0b043a""]",in_selected_syllabus,与当前考纲词形或已登记拼写变体相符。,"vt. 祝贺, 庆贺",d:congratulated/p:congratulated/i:congratulating/3:congratulates,ecdict-bc015ed2e24a
congratulation,gk cet4 cet6 ky toefl,"[""cet4-w-9b35ab95995c2070c7ff""]",in_selected_syllabus,与当前考纲词形或已登记拼写变体相符。,"n. 祝贺, 恭喜",,ecdict-bc015ed2e24a
congress,cet4 cet6 ky toefl ielts,"[""cet4-w-20e6df501c857e157a2a""]",in_selected_syllabus,与当前考纲词形或已登记拼写变体相符。,"n. 国会, 会议, 讨论会
[医] 会议, 会合",s:congresses,ecdict-bc015ed2e24a
conjunction,cet4 cet6 ky toefl ielts gre,"[""cet4-w-ee31196d1e9468f89e57""]",in_selected_syllabus,与当前考纲词形或已登记拼写变体相符。,"n. 连接词, 联合, 结合
[计] 合取",s:conjunctions,ecdict-bc015ed2e24a
connect,zk gk cet4 cet6 ky toefl,"[""cet4-w-90ee81ebfe8ab3b51de6""]",in_selected_syllabus,与当前考纲词形或已登记拼写变体相符。,"v. 连接, 联合, 联系",d:connected/i:connecting/3:connects/p:connected,ecdict-bc015ed2e24a
connection,gk cet4 cet6 ky toefl,"[""cet4-w-19f56af00e0f3c5f3acc""]",in_selected_syllabus,与当前考纲词形或已登记拼写变体相符。,"n. 连接, 关系, 前后关系
[计] 连接",s:connections,ecdict-bc015ed2e24a
conquer,cet4 cet6 ky toefl ielts gre,"[""cet4-w-201d9cd1b10d13a94af5""]",in_selected_syllabus,与当前考纲词形或已登记拼写变体相符。,"vt. 克服, 征服, 战胜
vi. 得胜",d:conquered/p:conquered/i:conquering/3:conquers,ecdict-bc015ed2e24a
conquest,cet4 cet6 ky ielts gre,"[""cet4-w-9e9bf6113cf70240326d""]",in_selected_syllabus,与当前考纲词形或已登记拼写变体相符。,"n. 战胜, 征服, 战利品
[法] 征服, 赢得, 获得",s:conquests,ecdict-bc015ed2e24a
conscience,gk cet4 cet6 ky toefl ielts gre,"[""cet4-w-d24d7e363168b43d5c28""]",in_selected_syllabus,与当前考纲词形或已登记拼写变体相符。,"n. 良心
[法] 良心, 道德感, 正义感",s:consciences,ecdict-bc015ed2e24a
conscious,cet4 cet6 ky toefl ielts,"[""cet4-w-1563bafcd84c54ffedba""]",in_selected_syllabus,与当前考纲词形或已登记拼写变体相符。,"a. 有意识的, 知觉的, 觉察的
[医] 有意识的, 清醒的",,ecdict-bc015ed2e24a
consciousness,cet4 cet6 toefl,"[""cet4-w-10737f77b96c5dbb120b""]",in_selected_syllabus,与当前考纲词形或已登记拼写变体相符。,"n. 意识, 知觉, 自觉
[医] (有)意识, 清醒",s:consciousnesses,ecdict-bc015ed2e24a
consent,cet4 cet6 ky ielts gre,"[""cet4-w-1a8e01ba0a9198d4ccd3""]",in_selected_syllabus,与当前考纲词形或已登记拼写变体相符。,"n. 同意, 许可
vi. 同意, 赞同",d:consented/s:consents/p:consented/i:consenting/3:consents,ecdict-bc015ed2e24a
consequence,gk cet4 cet6 ky toefl ielts gre,"[""cet4-w-b0e3340aea3a003ab421""]",in_selected_syllabus,与当前考纲词形或已登记拼写变体相符。,"n. 结果, 重要性
[法] 结果, 后果, 推断",s:consequences,ecdict-bc015ed2e24a
consequently,cet4 cet6 ky toefl,"[""cet4-w-4b86e2f5cbd81117a3ec""]",in_selected_syllabus,与当前考纲词形或已登记拼写变体相符。,adv. 所以,,ecdict-bc015ed2e24a
conservation,gk cet4 cet6 ky toefl ielts,[],outside_selected_syllabus,ECDICT 标签仅作候选；所选考纲四级范围无对应词形，不自动加入。,"n. 保护, 保存
[医] 保存",,ecdict-bc015ed2e24a
Conservative,gk cet4 cet6 ky toefl ielts gre,"[""cet4-w-a4d8f7d30848970bbefd""]",in_selected_syllabus,与当前考纲词形或已登记拼写变体相符。,"a. 保守的, 守旧的, 有保存力的
[化] 防腐剂; 保存剂",s:conservatives,ecdict-bc015ed2e24a
conserve,cet4 cet6 ky toefl ielts gre,[],outside_selected_syllabus,ECDICT 标签仅作候选；所选考纲四级范围无对应词形，不自动加入。,"n. 蜜饯, 果酱
vt. 保存, 使(能量等)守恒",d:conserved/i:conserving/p:conserved/3:conserves,ecdict-bc015ed2e24a
consider,zk gk cet4 cet6 ky toefl,"[""cet4-w-49fe9dca3633a1df0b64""]",in_selected_syllabus,与当前考纲词形或已登记拼写变体相符。,"v. 考虑, 思考, 认为",d:considered/i:considering/p:considered/3:considers,ecdict-bc015ed2e24a
considerable,cet4 cet6 ky toefl ielts gre,"[""cet4-w-a4ef2ebe3999af04921c""]",in_selected_syllabus,与当前考纲词形或已登记拼写变体相符。,"a. 相当的, 可观的, 重要的",,ecdict-bc015ed2e24a
considerate,gk cet4 cet6 ky toefl ielts,"[""cet4-w-d88d501a5742fc4ef7c9""]",in_selected_syllabus,与当前考纲词形或已登记拼写变体相符。,"a. 体贴的, 体谅的, 考虑周到的",,ecdict-bc015ed2e24a
consideration,gk cet4 cet6 ky toefl,"[""cet4-w-19eb5436efdc4d48b2c6""]",in_selected_syllabus,与当前考纲词形或已登记拼写变体相符。,"n. 考虑, 原因
[法] 考虑, 思考, 报酬",s:considerations,ecdict-bc015ed2e24a
consist,gk cet4 cet6 ky toefl ielts,"[""cet4-w-68c7b95667006ca5f9c0""]",in_selected_syllabus,与当前考纲词形或已登记拼写变体相符。,"vi. 组成, 存在于, 一致",3:consists/i:consisting/p:consisted/d:consisted,ecdict-bc015ed2e24a
consistent,gk cet4 cet6 ky toefl gre,"[""cet4-w-5de5ce007db1666d7589""]",in_selected_syllabus,与当前考纲词形或已登记拼写变体相符。,"a. 一致的, 坚持的, 并立的, 坚固的",,ecdict-bc015ed2e24a
constant,gk cet4 cet6 ky toefl ielts gre,"[""cet4-w-d7d63153fb90b6b97ae5""]",in_selected_syllabus,与当前考纲词形或已登记拼写变体相符。,"n. 常数, 恒量
a. 不变的, 一定的, 时常的
[计] 常量; 常数; 恒值",s:constants,ecdict-bc015ed2e24a
constitution,gk cet4 cet6 ky toefl ielts gre,"[""cet4-w-ffab8a7fe2f5c17eab56""]",in_selected_syllabus,与当前考纲词形或已登记拼写变体相符。,"n. 构成, 宪法, 体格
[医] 体质; 结构, 组织",s:constitutions,ecdict-bc015ed2e24a
construct,gk cet4 cet6 ky toefl gre,"[""cet4-w-31e9c35b66fadd0c7f77""]",in_selected_syllabus,与当前考纲词形或已登记拼写变体相符。,"vt. 构造, 建造, 对...进行构思, 作图
n. 构成物",d:constructed/i:constructing/s:constructs/3:constructs/p:constructed,ecdict-bc015ed2e24a
construction,gk cet4 cet6 ky toefl ielts,"[""cet4-w-5438526911401d59324b""]",in_selected_syllabus,与当前考纲词形或已登记拼写变体相符。,"n. 建筑, 构造, 建筑物
[化] 施工",s:constructions,ecdict-bc015ed2e24a
consult,gk cet4 cet6 ky toefl ielts,"[""cet4-w-275435633a41b5835018""]",in_selected_syllabus,与当前考纲词形或已登记拼写变体相符。,"vi. 商讨, 商量, 协商, 会诊
vt. 向...请教, 查阅, 考虑",d:consulted/i:consulting/p:consulted/3:consults,ecdict-bc015ed2e24a
consume,gk cet4 cet6 ky toefl,"[""cet4-w-88e269fad556616e4782""]",in_selected_syllabus,与当前考纲词形或已登记拼写变体相符。,"vt. 消耗, 消费, 消灭
vi. 耗尽, 毁灭",d:consumed/i:consuming/p:consumed/3:consumes,ecdict-bc015ed2e24a
consumer,cet4 cet6 toefl ielts,"[""cet4-w-5897d91f14d2a28afa36""]",in_selected_syllabus,与当前考纲词形或已登记拼写变体相符。,"n. 消费者
[经] 消费者, 用户",s:consumers,ecdict-bc015ed2e24a
consumption,cet4 cet6 ky toefl ielts,"[""cet4-w-f4a6606206db056094c2""]",in_selected_syllabus,与当前考纲词形或已登记拼写变体相符。,"n. 消费, 消费量, 痨病
[化] 消耗量; 耗量",,ecdict-bc015ed2e24a
contact,cet4 cet6 ky toefl ielts gre,"[""cet4-w-0da6e450ccff0a5f06f4""]",in_selected_syllabus,与当前考纲词形或已登记拼写变体相符。,"n. 联系, 交际, 熟人, 接触
vi. 接触, 联系
vt. 使接触",s:contacts/d:contacted/p:contacted/i:contacting/3:contacts,ecdict-bc015ed2e24a
contain,gk cet4 cet6 ky toefl gre,"[""cet4-w-312af100298f9f5cc06a""]",in_selected_syllabus,与当前考纲词形或已登记拼写变体相符。,"vt. 包含, 容纳, 控制
vi. 自制",3:contains/i:containing/p:contained/d:contained,ecdict-bc015ed2e24a
container,gk cet4 cet6 ky toefl ielts,"[""cet4-w-1d92ddf88de556818528""]",in_selected_syllabus,与当前考纲词形或已登记拼写变体相符。,"n. 容器, 集装箱
[化] 集装箱; 贮存箱; 容器(任何一种)",s:containers,ecdict-bc015ed2e24a
contemporary,gk cet4 cet6 ky toefl ielts,"[""cet4-w-4dcbcfe39153db3fff07""]",in_selected_syllabus,与当前考纲词形或已登记拼写变体相符。,"n. 同时代的人
a. 同时代的, 属于同一时期的",s:contemporaries,ecdict-bc015ed2e24a
contempt,cet4 cet6 ky toefl ielts gre,"[""cet4-w-01dd8787af81e69a3bfd""]",in_selected_syllabus,与当前考纲词形或已登记拼写变体相符。,"n. 轻视, 轻蔑
[法] 藐视, 侮辱, 轻视",s:contempts,ecdict-bc015ed2e24a
content,gk cet4 cet6 ky toefl ielts gre,"[""cet4-w-02985ccd240ba1ca5124""]",in_selected_syllabus,与当前考纲词形或已登记拼写变体相符。,"n. 内容, 满足, 意义, 要旨
a. 满足的, 满意的
vt. 使...满足, 使...安心
[计] 内容",s:contents/p:contented/d:contented/i:contenting/3:contents,ecdict-bc015ed2e24a
contest,cet4 cet6 ky ielts gre,"[""cet4-w-1b8b83e9e6f4a33db21d""]",in_selected_syllabus,与当前考纲词形或已登记拼写变体相符。,"n. 竞赛, 争论
vt. 竞争, 争取, 争辩
vi. 竞争",s:contests/d:contested/i:contesting/p:contested/3:contests,ecdict-bc015ed2e24a
continent,gk cet4 cet6 ky toefl gre,"[""cet4-w-ba368b0479ace1fa79e2""]",in_selected_syllabus,与当前考纲词形或已登记拼写变体相符。,"n. 大陆, 洲
a. 自制的",s:continents,ecdict-bc015ed2e24a
continual,cet4 cet6 ky toefl,"[""cet4-w-8b66d2782ac2f927a893""]",in_selected_syllabus,与当前考纲词形或已登记拼写变体相符。,"a. 持续不断的, 继续的
[建] 连续的",,ecdict-bc015ed2e24a
continue,zk gk cet4 cet6 ky,"[""cet4-w-42d8bce0ba9d655e4f03""]",in_selected_syllabus,与当前考纲词形或已登记拼写变体相符。,"vi. 继续, 延续, 延长
vt. 使继续, 使延长",p:continued/3:continues/d:continued/i:continuing,ecdict-bc015ed2e24a
continuous,cet4 cet6 ky toefl,"[""cet4-w-a32b39c8d79e917a4344""]",in_selected_syllabus,与当前考纲词形或已登记拼写变体相符。,"a. 连续的, 继续的, 连续不断的
[计] 连续的",,ecdict-bc015ed2e24a
contract,cet4 cet6 ky toefl ielts gre,"[""cet4-w-9611438bf1169458f389""]",in_selected_syllabus,与当前考纲词形或已登记拼写变体相符。,"n. 合约, 婚约, 契约
vt. 使皱缩, 使缩短, 感染, 订约, 缔结
vi. 皱缩, 订约, 收缩",s:contracts/d:contracted/i:contracting/p:contracted/3:contracts,ecdict-bc015ed2e24a
contradiction,cet4 cet6 ky ielts,"[""cet4-w-0804d86695dc847f28a0""]",in_selected_syllabus,与当前考纲词形或已登记拼写变体相符。,"n. 反驳, 矛盾
[法] 矛盾, 否认, 反驳",s:contradictions,ecdict-bc015ed2e24a
contrary,gk cet4 cet6 ky toefl,"[""cet4-w-5b49b227e7d7dcc8e63e""]",in_selected_syllabus,与当前考纲词形或已登记拼写变体相符。,"a. 相反的, 矛盾的, 对立的
n. 相反, 对立面
adv. 相反地",s:contraries,ecdict-bc015ed2e24a
contrast,cet4 cet6 ky toefl ielts gre,"[""cet4-w-6aaca3a7d15028e78a8c""]",in_selected_syllabus,与当前考纲词形或已登记拼写变体相符。,"n. 差别, 对比, 对照物
vt. 使对比
vi. 成对照
[计] 反差; 对比度",s:contrasts/3:contrasts/d:contrasted/p:contrasted/i:contrasting,ecdict-bc015ed2e24a
contribute,gk cet4 cet6 ky toefl ielts,"[""cet4-w-3945cf2d3d49d0a447e6""]",in_selected_syllabus,与当前考纲词形或已登记拼写变体相符。,"vt. 有助于, 捐助, 投稿
vi. 出力, 捐献, 投稿",d:contributed/i:contributing/p:contributed/3:contributes,ecdict-bc015ed2e24a
contribution,gk cet4 ky ielts,"[""cet4-w-0f9f6a17ff85f9446eb5""]",in_selected_syllabus,与当前考纲词形或已登记拼写变体相符。,"n. 捐助, 捐助之物, 贡献
[经] 贡献, 捐款, 补助品",s:contributions,ecdict-bc015ed2e24a
control,zk gk cet4 ky ielts gre,"[""cet4-w-f09361f479c4b5c9ad3d""]",in_selected_syllabus,与当前考纲词形或已登记拼写变体相符。,"n. 控制, 管理, 克制, 控制器, 操纵装置
vt. 控制, 操纵, 抑制
[计] 控制; 控制器",s:controls/d:controlled/i:controlling/3:controls/p:controlled,ecdict-bc015ed2e24a
convenience,gk cet4 cet6 ky toefl ielts gre,"[""cet4-w-b3109b42b35cc95761cc""]",in_selected_syllabus,与当前考纲词形或已登记拼写变体相符。,"n. 方便, 便利的事物, 方便的时候",s:conveniences,ecdict-bc015ed2e24a
convenient,gk cet4 cet6 ky toefl ielts,"[""cet4-w-f8e16846bba8725e9829""]",in_selected_syllabus,与当前考纲词形或已登记拼写变体相符。,"a. 方便的, 合宜的
[法] 适当的, 合理而可行的, 方便的",,ecdict-bc015ed2e24a
convention,cet4 cet6 ky toefl ielts,"[""cet4-w-21dab57456749e1cbf0d""]",in_selected_syllabus,与当前考纲词形或已登记拼写变体相符。,"n. 大会, 协定, 惯例, 约定
[计] 约定",s:conventions,ecdict-bc015ed2e24a
conventional,gk cet4 cet6 ky toefl gre,"[""cet4-w-d50f8341c4444cf915a0""]",in_selected_syllabus,与当前考纲词形或已登记拼写变体相符。,"a. 传统的, 习惯的, 约定的
[经] 惯例的, 常规的, 传统的",,ecdict-bc015ed2e24a
conversely,cet4 cet6 ky ielts,[],outside_selected_syllabus,ECDICT 标签仅作候选；所选考纲四级范围无对应词形，不自动加入。,"adv. 相反, 逆, 颠倒, 反题, 反",,ecdict-bc015ed2e24a
conversion,cet4 cet6 ky toefl ielts,"[""cet4-w-ec84020e7910b5f9676c""]",in_selected_syllabus,与当前考纲词形或已登记拼写变体相符。,"n. 转变, 转换, 改变宗教信仰, 换位法
[计] 转换",s:conversions,ecdict-bc015ed2e24a
convert,cet4 cet6 ky toefl ielts gre,"[""cet4-w-82a2355da44bd5be610d""]",in_selected_syllabus,与当前考纲词形或已登记拼写变体相符。,"n. 皈依者, 改变宗教信仰者
vt. 使改变信仰, 转换, 兑换, 倒置
vi. 皈依
[计] 转换",d:converted/i:converting/p:converted/3:converts/s:converts,ecdict-bc015ed2e24a
convey,gk cet4 cet6 ky toefl ielts gre,"[""cet4-w-fe5284f88afd73c8152f""]",in_selected_syllabus,与当前考纲词形或已登记拼写变体相符。,"vt. 传达, 运输, 转让
[经] 转让(财产等), 搬运",d:conveyed/i:conveying/3:conveys/p:conveyed,ecdict-bc015ed2e24a
convince,gk cet4 cet6 ky toefl ielts gre,"[""cet4-w-dc794aa58654b55410b8""]",in_selected_syllabus,与当前考纲词形或已登记拼写变体相符。,"vt. 说服, 使相信
[法] 使确信, 使信服, 使人认识错误",d:convinced/p:convinced/i:convincing/3:convinces,ecdict-bc015ed2e24a
cooperate,cet4 cet6 ky toefl ielts gre,"[""cet4-w-df55c8bbab6d8a89dcf3""]",in_selected_syllabus,与当前考纲词形或已登记拼写变体相符。,"vi. 合作, 协力, 配合
[化] 合作",i:cooperating/p:cooperated/d:cooperated/3:cooperates,ecdict-bc015ed2e24a
coordinate,cet4 cet6 ky toefl ielts gre,"[""cet4-w-1cb7d7c4a0570c5a0897""]",in_selected_syllabus,与当前考纲词形或已登记拼写变体相符。,"n. 同等的人(或物), 坐标
a. 同等的, 并列的
v. (使)协调",s:coordinates/i:coordinating/d:coordinated/p:coordinated/3:coordinates,ecdict-bc015ed2e24a
cope,cet4 cet6 ky toefl,"[""cet4-w-aa2bbd1145485cd102de""]",in_selected_syllabus,与当前考纲词形或已登记拼写变体相符。,"vi. 竞争, 应付
n. 长袍",i:coping/d:coped/p:coped/3:copes,ecdict-bc015ed2e24a
copper,cet4 cet6 ky toefl,"[""cet4-w-fe0e8a6803bb96f86d7e""]",in_selected_syllabus,与当前考纲词形或已登记拼写变体相符。,"n. 铜, 警察
[化] 铜Cu",s:coppers/i:coppering/p:coppered/3:coppers/d:coppered,ecdict-bc015ed2e24a
cord,cet4 cet6 ky toefl gre,"[""cet4-w-f505127e0266a74c76f6""]",in_selected_syllabus,与当前考纲词形或已登记拼写变体相符。,"n. 绳索, 束缚
[医] 索, 带",s:cords/p:corded/i:cording/3:cords/d:corded,ecdict-bc015ed2e24a
cordial,cet4 cet6 ky toefl ielts gre,[],outside_selected_syllabus,ECDICT 标签仅作候选；所选考纲四级范围无对应词形，不自动加入。,"n. 兴奋剂, 补品
a. 热忱的, 诚恳的, 有兴奋作用的",s:cordials,ecdict-bc015ed2e24a
CORE,cet4 cet6 ky toefl gre,"[""cet4-w-0eeb20b9665089aed5b8""]",in_selected_syllabus,与当前考纲词形或已登记拼写变体相符。,"n. 核心, 果心, 要点
vt. 挖...的核
[计] 内核, 核心网",s:cores/p:cored/i:coring/3:cores/d:cored,ecdict-bc015ed2e24a
corn,gk cet4 cet6 ky toefl,"[""cet4-w-041cf623f24f24a14bfe""]",in_selected_syllabus,与当前考纲词形或已登记拼写变体相符。,"n. 玉蜀黍, 谷类, 谷粒, 鸡眼
vt. 使成颗粒, 腌",s:corns/i:corning/p:corned/3:corns/d:corned,ecdict-bc015ed2e24a
corporation,gk cet4 cet6 ky ielts,"[""cet4-w-4a222aa0e8941d33052a""]",in_selected_syllabus,与当前考纲词形或已登记拼写变体相符。,"n. 公司, 合作, 法人团体
[法] 法人团体, 社团, 法人",s:corporations,ecdict-bc015ed2e24a
correct,zk gk cet4 ky toefl,"[""cet4-w-ab3b0107bdb8ec2e2f66""]",in_selected_syllabus,与当前考纲词形或已登记拼写变体相符。,"a. 正确的, 合适的
vt. 改正, 订正",d:corrected/p:corrected/i:correcting/3:corrects,ecdict-bc015ed2e24a
correction,gk cet4 cet6,"[""cet4-w-22ef06f81e133ca8dcec""]",in_selected_syllabus,与当前考纲词形或已登记拼写变体相符。,"n. 订正, 改正, 改正的地方
[化] 校正",s:corrections,ecdict-bc015ed2e24a
correspond,gk cet4 cet6 ky toefl ielts,"[""cet4-w-32795218b7c61bf78715""]",in_selected_syllabus,与当前考纲词形或已登记拼写变体相符。,"vi. 符合, 通信, 相当
[法] 符合, 一致, 相当",3:corresponds/i:corresponding/p:corresponded/d:corresponded,ecdict-bc015ed2e24a
correspondent,cet4 cet6 ky ielts gre,"[""cet4-w-515674f0783d656cb1bd""]",in_selected_syllabus,与当前考纲词形或已登记拼写变体相符。,"n. 通讯记者, 通信者
[经] 客户, 代理商行, 代理银行",s:correspondents,ecdict-bc015ed2e24a
corresponding,cet4 cet6 ky toefl ielts,"[""cet4-w-02a556cb45788b318903""]",in_selected_syllabus,与当前考纲词形或已登记拼写变体相符。,"a. 相当的, 一致的, 通信的
[计] 对应",0:correspond/1:i/i:corresponding,ecdict-bc015ed2e24a
corridor,cet4 cet6 ky toefl,"[""cet4-w-1425f06a1df01d82ccff""]",in_selected_syllabus,与当前考纲词形或已登记拼写变体相符。,"n. 走廊, 回廊, 人口密集地带",s:corridors,ecdict-bc015ed2e24a
costly,cet4 cet6 ky ielts,"[""cet4-w-be7211a98d3a8a88c226""]",in_selected_syllabus,与当前考纲词形或已登记拼写变体相符。,"a. 昂贵的, 奢华的, 费用大的",t:costliest/r:costlier,ecdict-bc015ed2e24a
cottage,gk cet4 cet6 ky ielts,"[""cet4-w-10b0a1864915fe9965d3""]",in_selected_syllabus,与当前考纲词形或已登记拼写变体相符。,"n. 小屋, 茅舍",s:cottages,ecdict-bc015ed2e24a
cotton,zk gk cet4 ky toefl ielts,"[""cet4-w-bceb964da0e23fc4b8f3""]",in_selected_syllabus,与当前考纲词形或已登记拼写变体相符。,"n. 棉花
vi. 和谐, 有好感, 理解",s:cottons/p:cottoned/d:cottoned/i:cottoning/3:cottons,ecdict-bc015ed2e24a
cough,zk gk cet4 ky ielts,"[""cet4-w-8fd47f24d37aa14298e2""]",in_selected_syllabus,与当前考纲词形或已登记拼写变体相符。,"n. 咳嗽
vi. 咳嗽
vt. 咳出",p:coughed/i:coughing/s:coughs/3:coughs/d:coughed,ecdict-bc015ed2e24a
council,cet4 cet6 ky ielts,"[""cet4-w-fddc2b822e534087deb2""]",in_selected_syllabus,与当前考纲词形或已登记拼写变体相符。,"n. 会议, 委员会
[经] 委员会",s:councils,ecdict-bc015ed2e24a
count,zk gk cet4 cet6 ky,"[""cet4-w-2b85ad17529cf7ac786d""]",in_selected_syllabus,与当前考纲词形或已登记拼写变体相符。,"vt. 计算, 视为
vi. 计数
n. 计算, 合计, 计数, 伯爵
[计] 计数",s:counts/d:counted/i:counting/3:counts/p:counted,ecdict-bc015ed2e24a
counter,gk cet4 cet6 ky ielts,"[""cet4-w-c6ba697c2c1b9a2234ba""]",in_selected_syllabus,与当前考纲词形或已登记拼写变体相符。,"n. 计算器, 计算者, 柜台, 筹码
a. 反方向的, 相反的
adv. 反方向地, 相反地
[计] 计数器; 计数字",p:countered/s:counters/d:countered/i:countering/3:counters,ecdict-bc015ed2e24a
county,cet4 cet6 ky,"[""cet4-w-d2e043732ae59ed20939""]",in_selected_syllabus,与当前考纲词形或已登记拼写变体相符。,"n. 县, 郡",s:counties,ecdict-bc015ed2e24a
couple,zk gk cet4 ky toefl,"[""cet4-w-a7dad1a48d97771aecd3""]",in_selected_syllabus,与当前考纲词形或已登记拼写变体相符。,"n. 对, 夫妇, 数个
vt. 使成双, 连接, 使成婚, 把...联系起来
vi. 结合, 成婚",s:couples/p:coupled/d:coupled/i:coupling/3:couples,ecdict-bc015ed2e24a
courage,zk gk cet4 cet6 ky,"[""cet4-w-276580c609334b5bbc7e""]",in_selected_syllabus,与当前考纲词形或已登记拼写变体相符。,"n. 勇气, 胆量",,ecdict-bc015ed2e24a
course,zk gk cet4 cet6 ky ielts,"[""cet4-w-0f10d0cccf2b1043f076""]",in_selected_syllabus,与当前考纲词形或已登记拼写变体相符。,"n. 课程, 路线, 过程, 一道菜, 道路
v. 追, (使)跑",s:courses/i:coursing/p:coursed/3:courses/d:coursed,ecdict-bc015ed2e24a
court,gk cet4 cet6 ky toefl gre,"[""cet4-w-46260295c6907563f5b3""]",in_selected_syllabus,与当前考纲词形或已登记拼写变体相符。,"n. 法院, 庭院, 奉承
vt. 献殷勤, 追求, 招致
vi. 求爱",s:courts/i:courting/p:courted/d:courted/3:courts,ecdict-bc015ed2e24a
cousin,zk gk cet4 cet6 ky,"[""cet4-w-145468abfda7daecf5fa""]",in_selected_syllabus,与当前考纲词形或已登记拼写变体相符。,"n. 堂兄弟姊妹, 表兄弟姊妹
[法] 同辈表亲或堂亲",s:cousins,ecdict-bc015ed2e24a
cow,zk gk cet4 cet6 ky gre,"[""cet4-w-45b1a318118a220bec2d""]",in_selected_syllabus,与当前考纲词形或已登记拼写变体相符。,"n. 母牛, 母兽
vt. 威胁",s:cows/d:cowed/p:cowed/i:cowing/3:cows,ecdict-bc015ed2e24a
coward,cet4 cet6 ky ielts gre,"[""cet4-w-4ebab9b62939651d6875""]",in_selected_syllabus,与当前考纲词形或已登记拼写变体相符。,"n. 懦弱的人, 胆小的人",s:cowards,ecdict-bc015ed2e24a
crack,cet4 cet6 ky toefl ielts gre,"[""cet4-w-fe8cb734ab76714a4480""]",in_selected_syllabus,与当前考纲词形或已登记拼写变体相符。,"n. 裂缝, 爆裂声
v. (使)爆裂, (使)裂开, (使)发出爆裂声
a. 第一流的
adv. 啪地一声",s:cracks/p:cracked/d:cracked/i:cracking/3:cracks,ecdict-bc015ed2e24a
craft,cet4 cet6 ky toefl ielts gre,"[""cet4-w-dab9c5f629addb9d97c9""]",in_selected_syllabus,与当前考纲词形或已登记拼写变体相符。,"n. 技艺, 手艺, 诡计
vt. 精心制作",s:crafts/p:crafted/d:crafted/i:crafting/3:crafts,ecdict-bc015ed2e24a
crane,cet4 cet6 ky,"[""cet4-w-9b5c78b5188097a8493a""]",in_selected_syllabus,与当前考纲词形或已登记拼写变体相符。,"n. 鹤, 起重机
vt. 伸颈, 起重机起吊
vi. 伸颈看, 迟疑",s:cranes/p:craned/i:craning/d:craned/3:cranes,ecdict-bc015ed2e24a
crash,gk cet4 cet6 ky toefl ielts,"[""cet4-w-5566481b340ba536c05d""]",in_selected_syllabus,与当前考纲词形或已登记拼写变体相符。,"n. 哗啦声, 猛撞, 崩溃, 粗布
v. 撞碎, 破碎, (使)...坠毁
a. 速成的
[计] 崩溃",p:crashed/i:crashing/d:crashed/s:crashes/3:crashes,ecdict-bc015ed2e24a
crawl,cet4 cet6 ky toefl ielts,"[""cet4-w-dfa09f82adc99aa340ad""]",in_selected_syllabus,与当前考纲词形或已登记拼写变体相符。,"n. 爬行, 匍匐而行, 养鱼池
v. 爬行",p:crawled/i:crawling/d:crawled/3:crawls,ecdict-bc015ed2e24a
crazy,zk gk cet4 cet6 ky toefl,"[""cet4-w-fed5e535e77aacb11904""]",in_selected_syllabus,与当前考纲词形或已登记拼写变体相符。,"a. 发狂的, 狂热的",t:craziest/r:crazier/s:crazies,ecdict-bc015ed2e24a
cream,gk cet4 cet6 ky ielts,"[""cet4-w-5f51a852bb354e04bcc7""]",in_selected_syllabus,与当前考纲词形或已登记拼写变体相符。,"n. 乳酪, 奶油, 面霜
[医] 乳油, 乳皮; 乳膏, 霜",s:creams/i:creaming/d:creamed/p:creamed/3:creams,ecdict-bc015ed2e24a
create,zk gk cet4 cet6 ky ielts,"[""cet4-w-983212b756bebf4755f1""]",in_selected_syllabus,与当前考纲词形或已登记拼写变体相符。,"vt. 创造, 建造, 引起, 任命",d:created/i:creating/3:creates/p:created,ecdict-bc015ed2e24a
creative,cet4 cet6 ky,"[""cet4-w-7a83818d86a409b6584a""]",in_selected_syllabus,与当前考纲词形或已登记拼写变体相符。,"a. 有创造力的, 创作的, 产生的",s:creatives,ecdict-bc015ed2e24a
creature,gk cet4 cet6 ky,"[""cet4-w-6a711cc419c918106e92""]",in_selected_syllabus,与当前考纲词形或已登记拼写变体相符。,"n. 人, 动物, 创造物, 生物",s:creatures,ecdict-bc015ed2e24a
creep,cet4 cet6 ky toefl ielts gre,"[""cet4-w-55149edcdba6a555bc91""]",in_selected_syllabus,与当前考纲词形或已登记拼写变体相符。,"n. 爬, 徐行, 蠕动
vi. 爬, 蔓延, 潜行",p:crept/i:creeping/d:crept/3:creeps/s:creeps,ecdict-bc015ed2e24a
crew,gk cet4 cet6 ky toefl,"[""cet4-w-7a5f7868f0739fa70e1c""]",in_selected_syllabus,与当前考纲词形或已登记拼写变体相符。,"n. 全体人员, 一群人, 全体队员
crow的过去式",s:crews/d:crewed/p:crewed/i:crewing/3:crews,ecdict-bc015ed2e24a
cricket,cet4 cet6 ky ielts,[],outside_selected_syllabus,ECDICT 标签仅作候选；所选考纲四级范围无对应词形，不自动加入。,"n. 蟋蟀, 板球",s:crickets,ecdict-bc015ed2e24a
crime,gk cet4 cet6 ky ielts,"[""cet4-w-0bd0052bf525246f2ede""]",in_selected_syllabus,与当前考纲词形或已登记拼写变体相符。,"n. 犯罪, 罪行, 罪恶
[法] 犯罪, 罪, 罪恶",s:crimes,ecdict-bc015ed2e24a
criminal,gk cet4 cet6 ky ielts,"[""cet4-w-f5ca25e333053ee3871c""]",in_selected_syllabus,与当前考纲词形或已登记拼写变体相符。,"n. 罪犯, 犯人, 刑事
a. 犯了罪的, 刑事的, 有罪的",s:criminals,ecdict-bc015ed2e24a
cripple,cet4 cet6 ky toefl ielts gre,[],outside_selected_syllabus,ECDICT 标签仅作候选；所选考纲四级范围无对应词形，不自动加入。,"n. 跛者, 残废
vt. 使跛, 使成残废, 削弱
a. 跛的, 残废的",d:crippled/p:crippled/s:cripples/i:crippling/3:cripples,ecdict-bc015ed2e24a
crisis,cet4 cet6 ky ielts,"[""cet4-w-7f435199fa7f9de30ee7""]",in_selected_syllabus,与当前考纲词形或已登记拼写变体相符。,"n. 危机, 危险期, 紧要关头
[医] 危象; 骤退, 临界, 极期",s:crises,ecdict-bc015ed2e24a
critic,cet4 cet6 ky toefl gre,"[""cet4-w-b93085e2d8d02d02e849""]",in_selected_syllabus,与当前考纲词形或已登记拼写变体相符。,"n. 批评家, 鉴定家",s:critics,ecdict-bc015ed2e24a
critical,cet4 cet6 ky toefl ielts gre,"[""cet4-w-5bdd81bb396fc5c9a707""]",in_selected_syllabus,与当前考纲词形或已登记拼写变体相符。,"a. 批评的, 决定性的, 危险的, 临界的
[医] 危象的; 临界的, 极期的",,ecdict-bc015ed2e24a
criticism,cet4 cet6 ky,"[""cet4-w-3fe33a297dc0cf59939d""]",in_selected_syllabus,与当前考纲词形或已登记拼写变体相符。,"n. 批评, 评论, 非难
[法] 批判, 批评, 评论",s:criticisms,ecdict-bc015ed2e24a
criticize,cet4 cet6 ky,"[""cet4-w-e7a08c2f3e5fe26a30b3""]",in_selected_syllabus,与当前考纲词形或已登记拼写变体相符。,"v. 批评, 吹毛求疵, 非难",d:criticized/p:criticized/i:criticizing/3:criticizes,ecdict-bc015ed2e24a
crop,gk cet4 cet6 ky,"[""cet4-w-ca3cc425c0bad2c66074""]",in_selected_syllabus,与当前考纲词形或已登记拼写变体相符。,"n. 农作物, 产量, 平头
vt. 收割, 修剪, 种植
vi. 收获
[计] 裁剪",s:crops/d:cropped/i:cropping/p:cropped/3:crops,ecdict-bc015ed2e24a
cross,zk gk cet4 cet6 ky toefl gre,"[""cet4-w-050939a859ab8fe696cb""]",in_selected_syllabus,与当前考纲词形或已登记拼写变体相符。,"n. 十字架, 十字架形物件, 交叉, 十字标, 交叉路, 磨难, 杂交
a. 生气的, 交叉的, 相反的
v. 交叉, 横过, 越过
[计] 交叉, 十字标",p:crossed/i:crossing/d:crossed/3:crosses/s:crosses,ecdict-bc015ed2e24a
crow,cet4 cet6 ky toefl,[],outside_selected_syllabus,ECDICT 标签仅作候选；所选考纲四级范围无对应词形，不自动加入。,"n. 啼叫, 乌鸦, 鸡鸣, 撬棍
vi. 啼叫, 报晓",s:crows/p:crowed/i:crowing/d:crowed/3:crows,ecdict-bc015ed2e24a
crowd,gk cet4 cet6 ky toefl,"[""cet4-w-b87d034a7470f1213882""]",in_selected_syllabus,与当前考纲词形或已登记拼写变体相符。,"n. 群众, 一伙人
vt. 拥挤, 挤满, 挤进",s:crowds/p:crowded/d:crowded/i:crowding/3:crowds,ecdict-bc015ed2e24a
crown,cet4 cet6 ky ielts gre,"[""cet4-w-4663daf46f10dc12d0b1""]",in_selected_syllabus,与当前考纲词形或已登记拼写变体相符。,"n. 王冠, 王权, 顶点
vt. 使成王, 加冕, 居...之顶",d:crowned/s:crowns/p:crowned/i:crowning/3:crowns,ecdict-bc015ed2e24a
crucial,cet4 cet6 ky toefl ielts gre,"[""cet4-w-17e8d96f060acfbf3c39""]",in_selected_syllabus,与当前考纲词形或已登记拼写变体相符。,"a. 决定性的, 重要的, 严厉的
[医] 十字形的; 决断的, 定局的",,ecdict-bc015ed2e24a
crude,cet4 cet6 ky toefl ielts,[],outside_selected_syllabus,ECDICT 标签仅作候选；所选考纲四级范围无对应词形，不自动加入。,"a. 天然的, 未成熟的, 粗糙的, 粗鲁的
n. 天然的物质",r:cruder/t:crudest/s:crudes,ecdict-bc015ed2e24a
cruel,zk gk cet4 cet6 ky toefl,"[""cet4-w-72fe85beb13cee797e9d""]",in_selected_syllabus,与当前考纲词形或已登记拼写变体相符。,"a. 残酷的, 令人极痛苦的
[法] 残忍的, 残酷的",t:cruellest/r:crueller,ecdict-bc015ed2e24a
crush,cet4 cet6 ky toefl ielts,"[""cet4-w-095e70042531b4e8ceda""]",in_selected_syllabus,与当前考纲词形或已登记拼写变体相符。,"n. 压碎, 粉碎, 群众, 迷恋
vt. 压破, 征服, 塞, 弄皱, 榨出
vi. 被压碎, 起皱, 挤",d:crushed/p:crushed/i:crushing/3:crushes/s:crushes,ecdict-bc015ed2e24a
crust,cet4 cet6 ky toefl ielts gre,[],outside_selected_syllabus,ECDICT 标签仅作候选；所选考纲四级范围无对应词形，不自动加入。,"n. 外壳, 坚硬外皮, 面包皮
vt. 盖以硬皮
vi. 结硬皮",s:crusts/d:crusted/i:crusting/p:crusted/3:crusts,ecdict-bc015ed2e24a
crystal,cet4 cet6 ky toefl ielts,"[""cet4-w-484a751ca3267efce547""]",in_selected_syllabus,与当前考纲词形或已登记拼写变体相符。,"n. 水晶, 水晶装饰品, 结晶
a. 水晶的, 水晶一样的, 透明的",s:crystals,ecdict-bc015ed2e24a
cube,gk cet4 cet6 ky toefl ielts,"[""cet4-w-cde92a8e2b9e4410ff6b""]",in_selected_syllabus,与当前考纲词形或已登记拼写变体相符。,"n. 立方体, 立方
[机] 立方体, 立方",s:cubes/d:cubed/i:cubing/p:cubed/3:cubes,ecdict-bc015ed2e24a
cubic,gk cet4 cet6 toefl,"[""cet4-w-b5cc87f545ccef2ca015""]",in_selected_syllabus,与当前考纲词形或已登记拼写变体相符。,"a. 立方体的, 立方的
[机] 立方的, 立方体的",,ecdict-bc015ed2e24a
cucumber,cet4 cet6 ky toefl ielts,"[""cet4-w-b15e7655f85095935b91""]",in_selected_syllabus,与当前考纲词形或已登记拼写变体相符。,"n. 黄瓜
[医] 黄瓜, 胡瓜",s:cucumbers,ecdict-bc015ed2e24a
cue,cet4 cet6 ky toefl ielts gre,"[""cet4-w-a9c7845f5244537eaa30""]",in_selected_syllabus,与当前考纲词形或已登记拼写变体相符。,"n. 提示, 线索
vt. 给...暗示(或提示)
[计] 尾接指令",s:cues/d:cued/i:cueing/p:cued/3:cues,ecdict-bc015ed2e24a
cultivate,cet4 cet6 ky toefl ielts gre,"[""cet4-w-2e55ab106249d969086d""]",in_selected_syllabus,与当前考纲词形或已登记拼写变体相符。,"vt. 培养, 耕作",d:cultivated/i:cultivating/p:cultivated/3:cultivates,ecdict-bc015ed2e24a
culture,zk gk cet4 cet6 ky toefl ielts,"[""cet4-w-dac7db93b57a7a1ca4cb""]",in_selected_syllabus,与当前考纲词形或已登记拼写变体相符。,"n. 文化, 修养, 耕种
vt. 耕种, 培养",s:cultures/d:cultured/i:culturing,ecdict-bc015ed2e24a
cunning,cet4 cet6 ky toefl ielts gre,[],outside_selected_syllabus,ECDICT 标签仅作候选；所选考纲四级范围无对应词形，不自动加入。,"a. 狡猾的, 巧妙的, 可爱的
[法] 狡猾的的, 狡诈的, 熟练的",t:cunningest,ecdict-bc015ed2e24a
cupboard,gk cet4 cet6 ky toefl ielts,"[""cet4-w-06314ca15829ba2fb958""]",in_selected_syllabus,与当前考纲词形或已登记拼写变体相符。,"n. 食橱, 碗柜, 餐具柜",s:cupboards,ecdict-bc015ed2e24a
cure,gk cet4 cet6 ky toefl ielts,"[""cet4-w-756e890f809915763878""]",in_selected_syllabus,与当前考纲词形或已登记拼写变体相符。,"n. 治疗, 治愈, 治疗法
vt. 治疗, 治愈, 改正, 腌制, 加工处理, 使硫化
vi. 受治疗, 被加工处理, 被硫化",d:cured/s:cures/i:curing/p:cured/3:cures,ecdict-bc015ed2e24a
curiosity,cet4 cet6 ky toefl,"[""cet4-w-1329f0feeb197807ff62""]",in_selected_syllabus,与当前考纲词形或已登记拼写变体相符。,"n. 好奇心, 新奇的事物, 珍品",s:curiosities,ecdict-bc015ed2e24a
curious,gk cet4 cet6 ky toefl,"[""cet4-w-8fd403fcd8bb86773a20""]",in_selected_syllabus,与当前考纲词形或已登记拼写变体相符。,"a. 好奇的, 求知的, 古怪的",r:curiouser,ecdict-bc015ed2e24a
curl,cet4 cet6 ky ielts,"[""cet4-w-d40cb9b818b84fdf41a9""]",in_selected_syllabus,与当前考纲词形或已登记拼写变体相符。,"n. 拳曲, 鬈发
vt. 弄卷
vi. 拳曲, 弯曲",s:curls/p:curled/i:curling/d:curled/3:curls,ecdict-bc015ed2e24a
current,cet4 cet6 ky toefl ielts,"[""cet4-w-745ce6c2b249e2cf3759""]",in_selected_syllabus,与当前考纲词形或已登记拼写变体相符。,"n. 涌流, 趋势, 流
a. 流通的, 现在的, 当前的, 流行的
[计] 当前的",s:currents,ecdict-bc015ed2e24a
curse,cet4 cet6 ky ielts,"[""cet4-w-e9dec2d2ac5b131ca1d5""]",in_selected_syllabus,与当前考纲词形或已登记拼写变体相符。,"n. 咒骂, 诅咒
vt. 诅咒, 咒骂",i:cursing/p:cursed/s:curses/d:cursed/3:curses,ecdict-bc015ed2e24a
curtain,gk cet4 cet6 ky toefl,"[""cet4-w-5bb77be159b4ecf9ae47""]",in_selected_syllabus,与当前考纲词形或已登记拼写变体相符。,"n. 帐, 幕, 窗帘
vt. 装帘子于, 遮蔽",s:curtains/d:curtained/p:curtained/i:curtaining/3:curtains,ecdict-bc015ed2e24a
curve,cet4 cet6 ky toefl ielts,"[""cet4-w-15541b62490ce452af57""]",in_selected_syllabus,与当前考纲词形或已登记拼写变体相符。,"n. 曲线, 弯曲, 曲线球
vt. 弯, 使弯曲
vi. 成曲形",s:curves/i:curving/p:curved/d:curved/3:curves,ecdict-bc015ed2e24a
cushion,gk cet4 cet6 ky toefl ielts gre,"[""cet4-w-b9afc4fcb7f84f2943d3""]",in_selected_syllabus,与当前考纲词形或已登记拼写变体相符。,"n. 垫子, 橡皮软垫
vt. 加垫褥, 缓冲, 掩盖",s:cushions/d:cushioned/p:cushioned/i:cushioning/3:cushions,ecdict-bc015ed2e24a
custom,gk cet4 cet6 ky toefl ielts,"[""cet4-w-ba322b14ab9faf63e2e9""]",in_selected_syllabus,与当前考纲词形或已登记拼写变体相符。,"n. 习惯, 风俗, 海关, 自定义
a. 定制的
[计] 定制; 自定义",s:customs,ecdict-bc015ed2e24a
customer,gk cet4 cet6 ky toefl ielts,"[""cet4-w-e65d2cb9b82d8e294a75""]",in_selected_syllabus,与当前考纲词形或已登记拼写变体相符。,"n. 消费者
[化] 顾客",s:customers,ecdict-bc015ed2e24a
cycle,gk cet4 cet6 ky ielts,"[""cet4-w-eab136afd95b5b822fa7""]",in_selected_syllabus,与当前考纲词形或已登记拼写变体相符。,"n. 周期, 循环, 自行车, 一段时间, 整套
vi. 循环, 轮转, 骑自行车
vt. 使循环, 使轮转
[计] 环路; 周期; 循环",s:cycles/i:cycling/p:cycled/d:cycled/3:cycles,ecdict-bc015ed2e24a
daily,zk gk cet4 ky ielts,"[""cet4-w-f0534ba92419147c818f""]",in_selected_syllabus,与当前考纲词形或已登记拼写变体相符。,"a. 每日的, 日常的
adv. 每日地, 日常地
n. 日报",s:dailies,ecdict-bc015ed2e24a
dairy,cet4 cet6 ky toefl ielts,"[""cet4-w-954115af2f218077f33e""]",in_selected_syllabus,与当前考纲词形或已登记拼写变体相符。,"n. 牛奶公司, 乳品店, 乳牛场",s:dairies/i:dairying,ecdict-bc015ed2e24a
dam,gk cet4 cet6 ky toefl ielts,"[""cet4-w-0c877fd3b9f54e91b1d1""]",in_selected_syllabus,与当前考纲词形或已登记拼写变体相符。,"n. 水坝, 障碍
v. 控制, 筑坝
[计] 直接存取法",s:dams/d:dammed/i:damming/p:dammed/3:dams,ecdict-bc015ed2e24a
damage,gk cet4 cet6 ky ielts,"[""cet4-w-f3375d88278db365a425""]",in_selected_syllabus,与当前考纲词形或已登记拼写变体相符。,"n. 损害, 伤害
v. 损害",s:damages/d:damaged/i:damaging/p:damaged/3:damages,ecdict-bc015ed2e24a
damp,gk cet4 cet6 ky toefl ielts gre,"[""cet4-w-99c3662cef525894dac0""]",in_selected_syllabus,与当前考纲词形或已登记拼写变体相符。,"n. 潮湿, 湿气
a. 潮湿的
vt. 使潮湿, 使阻尼, 抑止
vi. 变潮湿, 衰减",r:damper/d:damped/i:damping/p:damped/s:damps/t:dampest/3:damps,ecdict-bc015ed2e24a
danger,zk gk cet4 ky ielts,"[""cet4-w-db2b20d806c4d6742c8f""]",in_selected_syllabus,与当前考纲词形或已登记拼写变体相符。,"n. 危险, 威胁
[法] 危险, 危险物, 危机",s:dangers,ecdict-bc015ed2e24a
dangerous,zk gk cet4 ky toefl ielts,"[""cet4-w-f141c5043cf2e8070569""]",in_selected_syllabus,与当前考纲词形或已登记拼写变体相符。,"a. 危险的
[法] 危险的, 危害的",,ecdict-bc015ed2e24a
dare,zk gk cet4 cet6 ky,"[""cet4-w-80fea99b9d93c86ff651""]",in_selected_syllabus,与当前考纲词形或已登记拼写变体相符。,"n. 挑战, 挑动, 大胆
v. 敢, 胆敢",p:dared/d:dared/i:daring/3:dares,ecdict-bc015ed2e24a
daring,cet4 cet6 toefl,"[""cet4-w-81455c50f12eb556b2c7""]",in_selected_syllabus,与当前考纲词形或已登记拼写变体相符。,a. 大胆的,0:dare/1:i/i:daring,ecdict-bc015ed2e24a
darling,cet4 ky,"[""cet4-w-8896232bd2f9e273f51e""]",in_selected_syllabus,与当前考纲词形或已登记拼写变体相符。,"n. 亲爱的, 可爱的人, 可爱的物
a. 可爱的, 亲爱的",s:darlings,ecdict-bc015ed2e24a
dash,gk cet4 cet6 ky ielts,"[""cet4-w-e95785df654cfd8cbcad""]",in_selected_syllabus,与当前考纲词形或已登记拼写变体相符。,"n. 冲撞, 破折号, 短跑
vi. 猛冲, 冲撞
vt. 泼溅, 使猛撞, 搀和, 使破灭, 使沮丧",p:dashed/d:dashed/i:dashing/s:dashes/3:dashes,ecdict-bc015ed2e24a
data,gk cet4 ky ielts,"[""cet4-w-c8392144ce93fad1caef""]",in_selected_syllabus,与当前考纲词形或已登记拼写变体相符。,"pl. 资料, 数据
[计] 数据; DOS内部命令:用于显示或设定系统的日期",,ecdict-bc015ed2e24a
dawn,gk cet4 cet6 ky toefl ielts,"[""cet4-w-be64d78de36e2e445a25""]",in_selected_syllabus,与当前考纲词形或已登记拼写变体相符。,"n. 破晓, 黎明
vi. 破晓",p:dawned/3:dawns/d:dawned/i:dawning/s:dawns,ecdict-bc015ed2e24a
daylight,gk cet4 ky,"[""cet4-w-c6c4fe145c00448e56a5""]",in_selected_syllabus,与当前考纲词形或已登记拼写变体相符。,"n. 白昼, 日光
vt. 使沐浴于日光
vi. 享有日光",s:daylights/i:daylighting,ecdict-bc015ed2e24a
deadly,cet4 ky toefl ielts,"[""cet4-w-fda634c3062aca4bdfe9""]",in_selected_syllabus,与当前考纲词形或已登记拼写变体相符。,"a. 致命的, 致死的
adv. 非常, 如死一般地",t:deadliest/r:deadlier,ecdict-bc015ed2e24a
deaf,zk gk cet4 ky ielts,"[""cet4-w-7c3aca9ba09580c205e2""]",in_selected_syllabus,与当前考纲词形或已登记拼写变体相符。,"a. 聋的
[医] 聋的",r:deafer/t:deafest,ecdict-bc015ed2e24a
deal,zk gk cet4 cet6 ky toefl,"[""cet4-w-f8bd9c09f0b3c9e14d9d""]",in_selected_syllabus,与当前考纲词形或已登记拼写变体相符。,"n. 交易, 协定, 数量, 买卖, 松木板
vi. 处理, 应付, 做生意
vt. 分配, 发牌, 给予
[计] 发牌",i:dealing/d:dealt/s:deals/3:deals/p:dealt,ecdict-bc015ed2e24a
death,zk gk cet4 ky,"[""cet4-w-2cbedc6eb8d0a3393055""]",in_selected_syllabus,与当前考纲词形或已登记拼写变体相符。,"n. 死亡
[医] 死亡",s:deaths,ecdict-bc015ed2e24a
debate,gk cet4 cet6 ky toefl gre,"[""cet4-w-f509d94edb426639900e""]",in_selected_syllabus,与当前考纲词形或已登记拼写变体相符。,"n. 辩论, 讨论
v. 争论, 辩论",s:debates/d:debated/i:debating/p:debated/3:debates,ecdict-bc015ed2e24a
debt,gk cet4 cet6 ky toefl ielts,"[""cet4-w-0726856bcc7c8e4b30ba""]",in_selected_syllabus,与当前考纲词形或已登记拼写变体相符。,"n. 债务, 罪过
[经] 借款, 欠款, 债务",s:debts,ecdict-bc015ed2e24a
decade,gk cet4 cet6 ky ielts,"[""cet4-w-2bc1173aa7b90daecd55""]",in_selected_syllabus,与当前考纲词形或已登记拼写变体相符。,"n. 十年, 十",s:decades,ecdict-bc015ed2e24a
decay,cet4 cet6 ky toefl ielts,"[""cet4-w-d666fd9dfb06039659c0""]",in_selected_syllabus,与当前考纲词形或已登记拼写变体相符。,"n. 衰退, 腐败
v. (使)衰退, (使)腐败",i:decaying/d:decayed/3:decays/s:decays/p:decayed,ecdict-bc015ed2e24a
deceit,cet4 cet6 ky toefl gre,"[""cet4-w-2d8cd068d59b838b2923""]",in_selected_syllabus,与当前考纲词形或已登记拼写变体相符。,"n. 欺骗, 谎言
[经] 诈骗, 欺骗",s:deceits,ecdict-bc015ed2e24a
deceive,cet4 cet6 ky toefl ielts,"[""cet4-w-c7a62dcb337d47003d58""]",in_selected_syllabus,与当前考纲词形或已登记拼写变体相符。,"v. 欺骗, 行骗",d:deceived/i:deceiving/p:deceived/3:deceives,ecdict-bc015ed2e24a
decent,cet4 cet6 ky toefl ielts gre,"[""cet4-w-28afe999360ef415511d""]",in_selected_syllabus,与当前考纲词形或已登记拼写变体相符。,"a. 有分寸的, 得体的, 大方的",,ecdict-bc015ed2e24a
decision,zk gk cet4 cet6 ky ielts,"[""cet4-w-7e5e49056bf3cb9d92a6""]",in_selected_syllabus,与当前考纲词形或已登记拼写变体相符。,"n. 决定, 决心, 决断
[计] 判定",s:decisions,ecdict-bc015ed2e24a
deck,cet4 cet6 ky toefl ielts,"[""cet4-w-ff55e0ac309b6e401f8c""]",in_selected_syllabus,与当前考纲词形或已登记拼写变体相符。,"n. 甲板, (汽车后部的)行李仓
vt. 装饰, 打扮, 装甲板
[计] 纸牌背面图案",s:decks/p:decked/d:decked/i:decking/3:decks,ecdict-bc015ed2e24a
declare,gk cet4 cet6 ky toefl ielts,"[""cet4-w-4e93cd05c4018613263a""]",in_selected_syllabus,与当前考纲词形或已登记拼写变体相符。,"v. 宣布, 声明, 申报, 断言",p:declared/d:declared/i:declaring/3:declares,ecdict-bc015ed2e24a
decline,gk cet4 cet6 ky toefl ielts gre,"[""cet4-w-9d1b81d6278ca4687a93""]",in_selected_syllabus,与当前考纲词形或已登记拼写变体相符。,"n. 衰退, 跌落, 下降
vt. 使降低, 婉谢
vi. 下降, 衰落, 偏斜",d:declined/p:declined/i:declining/3:declines/s:declines,ecdict-bc015ed2e24a
decorate,gk cet4 cet6 ky toefl ielts gre,"[""cet4-w-1e1423c0bfd86122381d""]",in_selected_syllabus,与当前考纲词形或已登记拼写变体相符。,v. 装饰,d:decorated/p:decorated/i:decorating/3:decorates,ecdict-bc015ed2e24a
decrease,gk cet4 cet6 ky toefl ielts,"[""cet4-w-f5f1ce7013c8b1d281e9""]",in_selected_syllabus,与当前考纲词形或已登记拼写变体相符。,"n. 减少, 减少量
v. 减少",d:decreased/3:decreases/p:decreased/i:decreasing/s:decreases,ecdict-bc015ed2e24a
deduce,cet4 cet6 ky ielts gre,[],outside_selected_syllabus,ECDICT 标签仅作候选；所选考纲四级范围无对应词形，不自动加入。,"vt. 推论, 演绎出
[法] 推断, 推出, 演绎",d:deduced/p:deduced/i:deducing/3:deduces,ecdict-bc015ed2e24a
deed,gk cet4 cet6 ky gre,"[""cet4-w-8e4bf51058790d09720d""]",in_selected_syllabus,与当前考纲词形或已登记拼写变体相符。,"n. 行为, 实行, 契约
vt. 立契转让",s:deeds,ecdict-bc015ed2e24a
deepen,cet4 cet6,[],outside_selected_syllabus,ECDICT 标签仅作候选；所选考纲四级范围无对应词形，不自动加入。,"vi. 深化
vt. 使加深, 使强烈",p:deepened/d:deepened/3:deepens/i:deepening,ecdict-bc015ed2e24a
deer,gk cet4 cet6 ky,"[""cet4-w-ef7ce832977837fcdd37""]",in_selected_syllabus,与当前考纲词形或已登记拼写变体相符。,n. 鹿,i:deering,ecdict-bc015ed2e24a
defeat,gk cet4 cet6 ky toefl ielts,"[""cet4-w-507c32e39c375f36e278""]",in_selected_syllabus,与当前考纲词形或已登记拼写变体相符。,"n. 败北, 失败
vt. 击败, 使落空",d:defeated/p:defeated/s:defeats/i:defeating/3:defeats,ecdict-bc015ed2e24a
defect,cet4 cet6 ky toefl ielts gre,"[""cet4-w-be6434b654a8399751d8""]",in_selected_syllabus,与当前考纲词形或已登记拼写变体相符。,"n. 缺点
[医] 缺损, 缺陷",s:defects/p:defected/d:defected/i:defecting/3:defects,ecdict-bc015ed2e24a
defence,gk cet4 cet6 ky ielts,"[""cet4-w-e54e1d893a9c1297f9db""]",in_selected_syllabus,与当前考纲词形或已登记拼写变体相符。,"n. 防卫, 防卫设备
[经] (诉讼程序中的)辩护",s:defences,ecdict-bc015ed2e24a
defend,gk cet4 cet6 ky toefl,"[""cet4-w-3a8465276f0abc298ef7""]",in_selected_syllabus,与当前考纲词形或已登记拼写变体相符。,"vt. 防护, 辩护, 防卫
[法] 作...的辩护律师, 辩护, 为...答辩",i:defending/d:defended/p:defended/3:defends,ecdict-bc015ed2e24a
define,cet4 cet6 ky,"[""cet4-w-a169780abf7de7786d15""]",in_selected_syllabus,与当前考纲词形或已登记拼写变体相符。,"vt. 定义, 规定, 使明确
[计] 定义",d:defined/i:defining/p:defined/3:defines,ecdict-bc015ed2e24a
definite,cet4 cet6 ky toefl ielts gre,"[""cet4-w-63f9017958c1e16a95b1""]",in_selected_syllabus,与当前考纲词形或已登记拼写变体相符。,"a. 明确的, 一定的
[法] 明确的, 确切的, 一定的",s:definites,ecdict-bc015ed2e24a
definitely,cet4 cet6 toefl,"[""cet4-w-5ade6c46f9c35c1dc1ac""]",in_selected_syllabus,与当前考纲词形或已登记拼写变体相符。,"adv. 明确无疑地, 清楚地",,ecdict-bc015ed2e24a
definition,cet4 cet6 ky toefl gre,"[""cet4-w-443d2cc0526b75359d8d""]",in_selected_syllabus,与当前考纲词形或已登记拼写变体相符。,"n. 定义, 精确度, 清晰度
[计] 清晰度; 清晰度",s:definitions,ecdict-bc015ed2e24a
degree,zk gk cet4 cet6 ky ielts,"[""cet4-w-9569506b3101ddd43afc""]",in_selected_syllabus,与当前考纲词形或已登记拼写变体相符。,"n. 程度, 度数, 学位, 度
[医] 度, 程度",s:degrees,ecdict-bc015ed2e24a
delay,gk cet4 cet6 ky toefl ielts,"[""cet4-w-f5c083c2c5c6ea81d710""]",in_selected_syllabus,与当前考纲词形或已登记拼写变体相符。,"n. 耽搁, 迟滞
v. 耽搁, 延迟
[计] 延迟, 延时",d:delayed/s:delays/p:delayed/i:delaying/3:delays,ecdict-bc015ed2e24a
delegate,cet4 cet6 ky toefl ielts gre,"[""cet4-w-c574c71e601def6e7ce1""]",in_selected_syllabus,与当前考纲词形或已登记拼写变体相符。,"n. 代表
vt. 委派...为代表",s:delegates/d:delegated/i:delegating/3:delegates/p:delegated,ecdict-bc015ed2e24a
delegation,cet4 cet6,"[""cet4-w-3e60dfe82550f7780fab""]",in_selected_syllabus,与当前考纲词形或已登记拼写变体相符。,"n. 代表团, 派遣代表团, 代表的地位(或权力)
[经] 派遣, 委任, 委托",s:delegations,ecdict-bc015ed2e24a
delete,gk cet4 ky toefl ielts,"[""cet4-w-f8437483852ef2b3b4d0""]",in_selected_syllabus,与当前考纲词形或已登记拼写变体相符。,"vt. 删除
[计] 删除",d:deleted/i:deleting/3:deletes/p:deleted,ecdict-bc015ed2e24a
deliberate,cet4 cet6 ky toefl ielts gre,"[""cet4-w-7a80dae242aa1c45ac2c""]",in_selected_syllabus,与当前考纲词形或已登记拼写变体相符。,"a. 深思熟虑的, 故意的, 从容的
v. 仔细考虑",i:deliberating/p:deliberated/d:deliberated/3:deliberates,ecdict-bc015ed2e24a
deliberately,gk cet4 cet6 toefl,[],outside_selected_syllabus,ECDICT 标签仅作候选；所选考纲四级范围无对应词形，不自动加入。,adv. 故意地,,ecdict-bc015ed2e24a
delicate,gk cet4 cet6 ky toefl ielts gre,"[""cet4-w-b35a6fb697e3976de94d""]",in_selected_syllabus,与当前考纲词形或已登记拼写变体相符。,"a. 细致优雅的, 微妙的, 美味的
[医] 柔弱的",,ecdict-bc015ed2e24a
delicious,zk gk cet4 ky toefl ielts,"[""cet4-w-6de4aefe6cba340bf7d6""]",in_selected_syllabus,与当前考纲词形或已登记拼写变体相符。,a. 美味的,,ecdict-bc015ed2e24a
delight,gk cet4 cet6 ky,"[""cet4-w-fd80f80bee3c253c9498""]",in_selected_syllabus,与当前考纲词形或已登记拼写变体相符。,"n. 高兴, 愉快
vt. 使高兴, 乐于
vi. 感到高兴(或愉快、快乐)",s:delights/p:delighted/i:delighting/d:delighted/3:delights,ecdict-bc015ed2e24a
deliver,gk cet4 ky ielts,"[""cet4-w-8d02b5972de44ca18052""]",in_selected_syllabus,与当前考纲词形或已登记拼写变体相符。,"vt. 递送, 陈述, 释放, 发表, 引渡, 投递, 交付
[经] 交运",d:delivered/i:delivering/p:delivered/3:delivers,ecdict-bc015ed2e24a
delivery,cet4 cet6 ky ielts,"[""cet4-w-eea6b2618370a78065b8""]",in_selected_syllabus,与当前考纲词形或已登记拼写变体相符。,"n. 递送, 交付, 分娩, 交货, 引渡
[化] 交货额",s:deliveries,ecdict-bc015ed2e24a
demand,gk cet4 cet6 ky gre,"[""cet4-w-e788ae1b30300c3d5fd1""]",in_selected_syllabus,与当前考纲词形或已登记拼写变体相符。,"n. 要求, 需求, 需要
v. 要求, 查询",s:demands/p:demanded/i:demanding/d:demanded/3:demands,ecdict-bc015ed2e24a
democracy,cet4 cet6 ky toefl ielts,"[""cet4-w-bf4878b984879fed4b24""]",in_selected_syllabus,与当前考纲词形或已登记拼写变体相符。,"n. 民主政治, 民主主义
[法] 民主, 民主政治, 民主政体",s:democracies,ecdict-bc015ed2e24a
democratic,cet4 cet6 ky,"[""cet4-w-6790c074cfabeb446ac7""]",in_selected_syllabus,与当前考纲词形或已登记拼写变体相符。,"a. 民主的
[法] 民主的, 民主政体的, 平民的",,ecdict-bc015ed2e24a
demonstrate,cet4 cet6 ky toefl ielts gre,"[""cet4-w-e07128afa06e20c99912""]",in_selected_syllabus,与当前考纲词形或已登记拼写变体相符。,"vt. 示范, 证明
vi. 示威",d:demonstrated/3:demonstrates/p:demonstrated/i:demonstrating,ecdict-bc015ed2e24a
dense,cet4 cet6 ky toefl ielts,"[""cet4-w-d8e0d05433e3d711f979""]",in_selected_syllabus,与当前考纲词形或已登记拼写变体相符。,"a. 密集的, 浓厚的",,ecdict-bc015ed2e24a
density,cet4 cet6 ky toefl,"[""cet4-w-a9683b19f5604294e40c""]",in_selected_syllabus,与当前考纲词形或已登记拼写变体相符。,"n. 密度
[化] 密度",s:densities,ecdict-bc015ed2e24a
deny,cet4 cet6 ky toefl ielts,"[""cet4-w-fdeb4354c9b368057533""]",in_selected_syllabus,与当前考纲词形或已登记拼写变体相符。,"v. 否认, 拒绝",d:denied/p:denied/i:denying/3:denies,ecdict-bc015ed2e24a
depart,cet4 cet6 ky toefl ielts,"[""cet4-w-0fdebd5fa4a9e2f00269""]",in_selected_syllabus,与当前考纲词形或已登记拼写变体相符。,"vi. 离开, 出发, 背离, 违反, 去世",i:departing/d:departed/p:departed/3:departs,ecdict-bc015ed2e24a
department,gk cet4 cet6 ky ielts,"[""cet4-w-ceb4d8f5ae1829320b1a""]",in_selected_syllabus,与当前考纲词形或已登记拼写变体相符。,"n. 部门, 系, 机关
[医] 部, 科",s:departments,ecdict-bc015ed2e24a
departure,gk cet4 cet6 ky toefl,"[""cet4-w-ca667a2aa41172205b11""]",in_selected_syllabus,与当前考纲词形或已登记拼写变体相符。,"n. 离开, 出发, 违背, 偏离
[经] 启运",s:departures,ecdict-bc015ed2e24a
depend,zk gk cet4 cet6 ky,"[""cet4-w-619fa19156232f114636""]",in_selected_syllabus,与当前考纲词形或已登记拼写变体相符。,"vi. 靠, 视...而定, 信赖",3:depends/i:depending/p:depended/d:depended,ecdict-bc015ed2e24a
dependent,cet4 cet6 ky toefl ielts,"[""cet4-w-ccc256cf4245a29a2f1b""]",in_selected_syllabus,与当前考纲词形或已登记拼写变体相符。,"n. 依赖他人者
a. 依赖的, 从属的",s:dependents,ecdict-bc015ed2e24a
deposit,gk cet4 cet6 ky toefl ielts gre,"[""cet4-w-42a56df6c5757749079d""]",in_selected_syllabus,与当前考纲词形或已登记拼写变体相符。,"n. 存款, 定金, 堆积物
vt. 存放, 堆积
vi. 沉淀",s:deposits/d:deposited/p:deposited/i:depositing/3:deposits,ecdict-bc015ed2e24a
depress,cet4 cet6 ky toefl ielts,"[""cet4-w-cd0fa4719c2ed848c7ce""]",in_selected_syllabus,与当前考纲词形或已登记拼写变体相符。,"vt. 使沮丧, 压低, 降低, 使萧条
[化] 推下",p:depressed/3:depresses/d:depressed/i:depressing,ecdict-bc015ed2e24a
depression,cet4 cet6 ky toefl ielts gre,"[""cet4-w-2f8902e563b130793d6b""]",in_selected_syllabus,与当前考纲词形或已登记拼写变体相符。,"n. 不景气, 消沉, 沮丧, 洼地
[医] 抑郁[症], 阻抑, 压低, 凹, 窝, 衰退, 俯角",s:depressions,ecdict-bc015ed2e24a
depth,gk cet4 cet6 ky ielts,"[""cet4-w-dc7d51efc22c2764cecc""]",in_selected_syllabus,与当前考纲词形或已登记拼写变体相符。,"n. 深度, 深处, 深奥
[计] 深度",s:depths,ecdict-bc015ed2e24a
deputy,cet4 cet6 ky toefl ielts gre,"[""cet4-w-e219f37363dc7ff22f18""]",in_selected_syllabus,与当前考纲词形或已登记拼写变体相符。,n. 副手，代理人,s:deputies,ecdict-bc015ed2e24a
derive,cet4 cet6 ky toefl ielts,"[""cet4-w-44c9428904d1a5da9bf0""]",in_selected_syllabus,与当前考纲词形或已登记拼写变体相符。,"vt. 得自
vi. 起源",d:derived/3:derives/i:deriving/p:derived,ecdict-bc015ed2e24a
descend,cet4 cet6 ky toefl ielts gre,"[""cet4-w-96726e7b27ab910df932""]",in_selected_syllabus,与当前考纲词形或已登记拼写变体相符。,"vi. 下降, 世代相传, 屈尊, 袭击
vt. 下降",d:descended/p:descended/i:descending/3:descends,ecdict-bc015ed2e24a
describe,zk gk cet4 cet6 ky,"[""cet4-w-3d115ac72f6ca75bfc87""]",in_selected_syllabus,与当前考纲词形或已登记拼写变体相符。,"vt. 描述, 描绘, 画",d:described/p:described/3:describes/i:describing,ecdict-bc015ed2e24a
description,gk cet4 cet6 ky ielts,"[""cet4-w-dfff57c29a53faabbe00""]",in_selected_syllabus,与当前考纲词形或已登记拼写变体相符。,"n. 描述, 说明, 种类
[经] 说明书(物品), 品名种类, 货物名称",s:descriptions,ecdict-bc015ed2e24a
desert,gk cet4 cet6 ky toefl ielts gre,"[""cet4-w-38b7900b2e2919f0c8fd""]",in_selected_syllabus,与当前考纲词形或已登记拼写变体相符。,"n. 沙漠, 应得的赏罚, 功劳
a. 沙漠的, 不毛的
vt. 放弃, 遗弃, 擅离
vi. 逃掉",d:deserted/s:deserts/p:deserted/i:deserting/3:deserts,ecdict-bc015ed2e24a
deserve,gk cet4 cet6 ky toefl ielts,"[""cet4-w-641b0a20e6d1f2b76a21""]",in_selected_syllabus,与当前考纲词形或已登记拼写变体相符。,"vt. 该得到, 值得
vi. 应得报答",3:deserves/p:deserved/d:deserved/i:deserving,ecdict-bc015ed2e24a
design,gk cet4 cet6 ky toefl ielts,"[""cet4-w-f77357c16ffd794c446f""]",in_selected_syllabus,与当前考纲词形或已登记拼写变体相符。,"n. 设计, 图样, 方案, 企图
v. 设计, 计划",d:designed/s:designs/p:designed/i:designing/3:designs,ecdict-bc015ed2e24a
desirable,cet4 cet6 ky toefl ielts gre,"[""cet4-w-8914c1fd627f039efe18""]",in_selected_syllabus,与当前考纲词形或已登记拼写变体相符。,"a. 令人想望的, 可取的",,ecdict-bc015ed2e24a
desire,gk cet4 cet6 ky toefl ielts,"[""cet4-w-cc80d38eba81cc655e76""]",in_selected_syllabus,与当前考纲词形或已登记拼写变体相符。,"n. 欲望, 要求
vt. 想要, 请求
vi. 渴望",s:desires/d:desired/p:desired/3:desires/i:desiring,ecdict-bc015ed2e24a
despair,cet4 cet6 ky ielts,"[""cet4-w-151e582294fa5fc5958a""]",in_selected_syllabus,与当前考纲词形或已登记拼写变体相符。,"n. 绝望, 失望
vi. 绝望",p:despaired/d:despaired/s:despairs/i:despairing/3:despairs,ecdict-bc015ed2e24a
desperate,gk cet4 cet6 ky toefl ielts gre,"[""cet4-w-5bffffd768f190b56772""]",in_selected_syllabus,与当前考纲词形或已登记拼写变体相符。,"a. 不顾一切的, 危急的, 令人绝望的, 极渴望的",,ecdict-bc015ed2e24a
despise,cet4 cet6 ky toefl ielts gre,[],outside_selected_syllabus,ECDICT 标签仅作候选；所选考纲四级范围无对应词形，不自动加入。,vt. 轻视,p:despised/d:despised/3:despises/i:despising,ecdict-bc015ed2e24a
despite,cet4 cet6 ky,"[""cet4-w-199474581cd95f61906f""]",in_selected_syllabus,与当前考纲词形或已登记拼写变体相符。,"n. 轻视, 憎恨
prep. 虽然, 尽管",,ecdict-bc015ed2e24a
destination,gk cet4 cet6 ky toefl ielts,"[""cet4-w-7713623899fa42f58bf7""]",in_selected_syllabus,与当前考纲词形或已登记拼写变体相符。,"n. 目的地, 目标, 目的
[计] 目的文件, 目的单元",s:destinations,ecdict-bc015ed2e24a
destroy,gk cet4 cet6 ky,"[""cet4-w-90ba04db02cdc6ed2347""]",in_selected_syllabus,与当前考纲词形或已登记拼写变体相符。,"vt. 破坏, 毁坏, 消灭",d:destroyed/i:destroying/p:destroyed/3:destroys,ecdict-bc015ed2e24a
destruction,cet4 cet6 ky toefl,"[""cet4-w-ddabef2e01a6261ccd4d""]",in_selected_syllabus,与当前考纲词形或已登记拼写变体相符。,"n. 破坏, 毁灭
[医] 破坏",s:destructions,ecdict-bc015ed2e24a
destructive,cet4 cet6 ky toefl ielts,"[""cet4-w-323f5a6a6a46ad24d0e0""]",in_selected_syllabus,与当前考纲词形或已登记拼写变体相符。,"a. 毁灭性的, 破坏的, 有害的
[医] 破坏的, 毁坏的",,ecdict-bc015ed2e24a
detail,cet4 cet6 ky ielts,"[""cet4-w-63162a181a2a111537db""]",in_selected_syllabus,与当前考纲词形或已登记拼写变体相符。,"n. 细节, 详情
vt. 详述, 选派
vi. 画详图
[计] 详细数据",s:details/i:detailing/d:detailed/p:detailed/3:details,ecdict-bc015ed2e24a
detect,cet4 cet6 ky toefl ielts,"[""cet4-w-917fc4ce1630f426008e""]",in_selected_syllabus,与当前考纲词形或已登记拼写变体相符。,"vt. 发现, 察觉, 探测
[法] 发现, 查明, 探测",d:detected/i:detecting/p:detected/3:detects,ecdict-bc015ed2e24a
detection,cet4 cet6 gre,"[""cet4-w-26c454a331e3451e96ca""]",in_selected_syllabus,与当前考纲词形或已登记拼写变体相符。,"n. 发现, 察觉, 探测
[计] 检波; 检测",s:detections,ecdict-bc015ed2e24a
determination,gk cet4 cet6 toefl ielts gre,"[""cet4-w-7d720497dea5ebdac773""]",in_selected_syllabus,与当前考纲词形或已登记拼写变体相符。,"n. 决心, 果断
[化] 判定; 测定",s:determinations,ecdict-bc015ed2e24a
determine,gk cet4 cet6 ky toefl,"[""cet4-w-8c6609513564399a14df""]",in_selected_syllabus,与当前考纲词形或已登记拼写变体相符。,"v. 决定, 决心",d:determined/i:determining/3:determines/p:determined,ecdict-bc015ed2e24a
device,cet4 cet6 ky toefl,"[""cet4-w-4b5f624085344c7da1a5""]",in_selected_syllabus,与当前考纲词形或已登记拼写变体相符。,"n. 装置, 设计, 策略, 发明物, 设备
[计] 设备; DOS内部命令:该命令要求DOS安装一个设备驱动程序",s:devices,ecdict-bc015ed2e24a
devil,cet4 cet6 ky,"[""cet4-w-c6d84120f93cca32129f""]",in_selected_syllabus,与当前考纲词形或已登记拼写变体相符。,"n. 魔鬼
vt. 折磨, 戏弄",s:devils/p:devilled/d:devilled/i:devilling/3:devils,ecdict-bc015ed2e24a
devise,cet4 cet6 ky toefl ielts gre,"[""cet4-w-c6b7d4634bf43142fe7a""]",in_selected_syllabus,与当前考纲词形或已登记拼写变体相符。,"vt. 设计, 发明, 图谋, 遗赠给
n. 遗赠",d:devised/i:devising/p:devised/3:devises,ecdict-bc015ed2e24a
devote,gk cet4 cet6 ky toefl ielts,"[""cet4-w-6781c6d624ece6c65cc6""]",in_selected_syllabus,与当前考纲词形或已登记拼写变体相符。,"vt. 投入于, 献身",p:devoted/d:devoted/i:devoting/3:devotes,ecdict-bc015ed2e24a
dew,cet4 cet6 ky,"[""cet4-w-7bc065b7da6e5437ba0e""]",in_selected_syllabus,与当前考纲词形或已登记拼写变体相符。,"n. 露珠, 露水
vt. (用露水)沾湿
vi. 结露水",s:dews/p:dewed/d:dewed,ecdict-bc015ed2e24a
diagram,gk cet4 cet6 ky toefl ielts gre,"[""cet4-w-8670a68c27b471b5d3ed""]",in_selected_syllabus,与当前考纲词形或已登记拼写变体相符。,n. 图表；图解,s:diagrams/d:diagrammed/i:diagramming/p:diagrammed/3:diagrams,ecdict-bc015ed2e24a
dial,gk cet4 cet6 ky ielts,"[""cet4-w-3509008c2e757155c1de""]",in_selected_syllabus,与当前考纲词形或已登记拼写变体相符。,"n. 刻度盘, 钟面, 转盘
v. 拨",p:dialled/s:dials/d:dialled/3:dials/i:dialing,ecdict-bc015ed2e24a
dialect,cet4 cet6 ky toefl ielts gre,"[""cet4-w-499999cdfee9a8d76d45""]",in_selected_syllabus,与当前考纲词形或已登记拼写变体相符。,"n. 方言, 同源语",s:dialects,ecdict-bc015ed2e24a
dialog,cet4 cet6 ky,"[""cet4-w-4e771276a3380b45b2e0""]",in_selected_syllabus,与当前考纲词形或已登记拼写变体相符。,"n. 会话, 对话
[计] 对话",,ecdict-bc015ed2e24a
diameter,cet4 cet6 ky toefl ielts gre,"[""cet4-w-1ed319891f2050b4d8ab""]",in_selected_syllabus,与当前考纲词形或已登记拼写变体相符。,"n. 直径
[医] 直经, 径",s:diameters,ecdict-bc015ed2e24a
diamond,gk cet4 cet6 ky,"[""cet4-w-61edd191040dcabbb321""]",in_selected_syllabus,与当前考纲词形或已登记拼写变体相符。,"n. 钻石, 菱形
[计] 菱形",s:diamonds,ecdict-bc015ed2e24a
diary,zk gk cet4 cet6 ky ielts,"[""cet4-w-4ec39bd33fc5c0e6b26e""]",in_selected_syllabus,与当前考纲词形或已登记拼写变体相符。,"n. 日记
[经] 日记簿",s:diaries,ecdict-bc015ed2e24a
dictate,cet4 cet6 ky toefl ielts gre,"[""cet4-w-858bd1d1f00343af13d6""]",in_selected_syllabus,与当前考纲词形或已登记拼写变体相符。,"vi. 听写, 口述, 口授
vt. 口述, 使听写, 命令
n. 命令, 指挥, 指令",d:dictated/3:dictates/p:dictated/s:dictates/i:dictating,ecdict-bc015ed2e24a
dictation,gk cet4 cet6 ky ielts,"[""cet4-w-06d8e940c183f2e10ee8""]",in_selected_syllabus,与当前考纲词形或已登记拼写变体相符。,"n. 听写, 口述, 命令",s:dictations,ecdict-bc015ed2e24a
diet,gk cet4 cet6 ky toefl ielts,"[""cet4-w-2e5db707fd8c3c4b696c""]",in_selected_syllabus,与当前考纲词形或已登记拼写变体相符。,"n. 日常饮食, 议会
vt. 照规定饮食
vi. 忌食",s:diets/i:dieting/d:dieted/p:dieted/3:diets,ecdict-bc015ed2e24a
differ,gk cet4 cet6 ky ielts,"[""cet4-w-e015872387d059c5ca84""]",in_selected_syllabus,与当前考纲词形或已登记拼写变体相符。,"vi. 不一致, 不同
[机] 差异, 不同",3:differs/p:differed/i:differing/d:differed,ecdict-bc015ed2e24a
difference,zk gk cet4 ky ielts,"[""cet4-w-ed0731476593cef2bc34""]",in_selected_syllabus,与当前考纲词形或已登记拼写变体相符。,"n. 不同, 差异
[计] 差分",s:differences,ecdict-bc015ed2e24a
difficulty,zk gk cet4 ky ielts,"[""cet4-w-81df663c991fc6c3fbc8""]",in_selected_syllabus,与当前考纲词形或已登记拼写变体相符。,"n. 困难, 难点",s:difficulties,ecdict-bc015ed2e24a
digest,gk cet4 cet6 ky toefl ielts,"[""cet4-w-5b6da06f1aebd98486ad""]",in_selected_syllabus,与当前考纲词形或已登记拼写变体相符。,"n. 文摘
vi. 消化
vt. 消化, 理解
[计] 摘要",d:digested/i:digesting/p:digested/3:digests,ecdict-bc015ed2e24a
digital,gk cet4 cet6 ky ielts,"[""cet4-w-7d5be192840dd39ee523""]",in_selected_syllabus,与当前考纲词形或已登记拼写变体相符。,"a. 数字显示的, 数字的
n. 数字仪表, 数字式电子表(或时钟)
[计] 数字, 数字式",,ecdict-bc015ed2e24a
diligent,cet4 cet6 ky toefl ielts,"[""cet4-w-4b1ec4406cfc3d8c9a48""]",in_selected_syllabus,与当前考纲词形或已登记拼写变体相符。,"a. 勤勉的, 用功的",,ecdict-bc015ed2e24a
dim,cet4 cet6 ky toefl ielts gre,"[""cet4-w-816f2406db54ddff539f""]",in_selected_syllabus,与当前考纲词形或已登记拼写变体相符。,"a. 暗淡的, 模糊的
vt. 使暗淡
[计] 数据解释模块",d:dimmed/r:dimmer/p:dimmed/i:dimming/t:dimmest/3:dims,ecdict-bc015ed2e24a
dimension,gk cet4 cet6 ky toefl ielts gre,"[""cet4-w-043cd07aec5df2bfcb2f""]",in_selected_syllabus,与当前考纲词形或已登记拼写变体相符。,"n. 尺寸, 次元, 面积, 维数
vt. 标出尺寸",s:dimensions/d:dimensioned/i:dimensioning/p:dimensioned/3:dimensions,ecdict-bc015ed2e24a
dip,gk cet4 cet6 ky ielts,"[""cet4-w-32a06f240f92bec5ed74""]",in_selected_syllabus,与当前考纲词形或已登记拼写变体相符。,"v. 浸, 降下, 把(手、勺等)伸入, 舀取
n. 浸, 涉猎
[计] 双列直插式组件, 分布式输入输出系统, 双排直插封装",p:dipped/i:dipping/d:dipped/s:dips/3:dips,ecdict-bc015ed2e24a
direct,zk gk cet4 cet6 ky toefl ielts,"[""cet4-w-dc4c39ebe4e9ee871dcf""]",in_selected_syllabus,与当前考纲词形或已登记拼写变体相符。,"a. 直接的, 坦白的
vt. 指示, 指挥, 命令, 导演
vi. 指导, 指挥
adv. 直接地",d:directed/i:directing/p:directed/3:directs,ecdict-bc015ed2e24a
direction,zk gk cet4 cet6 ky,"[""cet4-w-38edc1525248153d2f97""]",in_selected_syllabus,与当前考纲词形或已登记拼写变体相符。,"n. 方向, 指导, 趋势
[计] 方向; 流向",s:directions,ecdict-bc015ed2e24a
directly,cet4 cet6 ky,[],outside_selected_syllabus,ECDICT 标签仅作候选；所选考纲四级范围无对应词形，不自动加入。,"adv. 径直地, 直接地, 直率地, 正好地, 直截了当地, (非正式)立即, 马上
conj. 一...(就...), 一当...就...
[计] 直接的",,ecdict-bc015ed2e24a
director,zk gk cet4 cet6 ky ielts,"[""cet4-w-0c732c2817c1048f0403""]",in_selected_syllabus,与当前考纲词形或已登记拼写变体相符。,"n. 主管, 导演, 董事
[计] 寻向偶极子; 指挥仪",s:directors,ecdict-bc015ed2e24a
dirt,gk cet4 ky,"[""cet4-w-317660b4edbcac5f03d3""]",in_selected_syllabus,与当前考纲词形或已登记拼写变体相符。,"n. 污垢, 泥土
[化] 污垢",,ecdict-bc015ed2e24a
disable,cet4 cet6 ky ielts,"[""cet4-w-f41aa887a6195a11b2ae""]",in_selected_syllabus,与当前考纲词形或已登记拼写变体相符。,"vt. 使失去能力, 使残废, (律)使无资格
[计] 使无效, 禁止, 关闭",d:disabled/p:disabled/i:disabling/3:disables,ecdict-bc015ed2e24a
disadvantage,gk cet4 cet6 toefl,[],outside_selected_syllabus,ECDICT 标签仅作候选；所选考纲四级范围无对应词形，不自动加入。,"n. 缺点, 不利, 坏处",s:disadvantages/d:disadvantaged/i:disadvantaging/p:disadvantaged/3:disadvantages,ecdict-bc015ed2e24a
disagree,gk cet4 cet6,"[""cet4-w-47da75230a7f7c2cbcf7""]",in_selected_syllabus,与当前考纲词形或已登记拼写变体相符。,"vi. 不一致, 不适宜
[法] 抵触, 不同意, 争执",p:disagreed/3:disagrees/i:disagreeing/d:disagreed,ecdict-bc015ed2e24a
disappear,gk cet4 cet6 ky,"[""cet4-w-387a88fcc798a6cf8d7d""]",in_selected_syllabus,与当前考纲词形或已登记拼写变体相符。,"vi. 消失, 不见",p:disappeared/d:disappeared/3:disappears/i:disappearing,ecdict-bc015ed2e24a
disappoint,gk cet4 cet6 ky,"[""cet4-w-347329d75f319ea07cec""]",in_selected_syllabus,与当前考纲词形或已登记拼写变体相符。,vt. 使失望,p:disappointed/d:disappointed/3:disappoints/i:disappointing,ecdict-bc015ed2e24a
disapprove,cet4,"[""cet4-w-35ee5d5d152784575824""]",in_selected_syllabus,与当前考纲词形或已登记拼写变体相符。,v. 不赞成,p:disapproved/d:disapproved/3:disapproves/i:disapproving,ecdict-bc015ed2e24a
disaster,gk cet4 cet6 ky toefl ielts gre,"[""cet4-w-1725dc094c894600ca24""]",in_selected_syllabus,与当前考纲词形或已登记拼写变体相符。,"n. 灾祸, 不幸, 彻底失败",s:disasters,ecdict-bc015ed2e24a
discard,cet4 cet6 ky toefl ielts gre,"[""cet4-w-ecee7b4c23662558890c""]",in_selected_syllabus,与当前考纲词形或已登记拼写变体相符。,"vt. 丢弃, 抛弃
vi. 垫牌
n. 垫牌, 抛弃",d:discarded/p:discarded/i:discarding/3:discards/s:discards,ecdict-bc015ed2e24a
discharge,cet4 cet6 ky toefl ielts gre,"[""cet4-w-c864c2c64efc018ced94""]",in_selected_syllabus,与当前考纲词形或已登记拼写变体相符。,"vt. 卸下, 放出, 解雇, 拔染, 履行, 放电
vi. 卸货, 流出
n. 卸货, 流出, 放电",d:discharged/s:discharges/i:discharging/3:discharges/p:discharged,ecdict-bc015ed2e24a
discipline,cet4 cet6 ky toefl ielts gre,"[""cet4-w-441b6a6180ed5033824d""]",in_selected_syllabus,与当前考纲词形或已登记拼写变体相符。,"n. 训练, 纪律
vt. 训练, 惩罚",s:disciplines/d:disciplined/i:disciplining/3:disciplines/p:disciplined,ecdict-bc015ed2e24a
disclose,cet4 cet6 ky ielts gre,[],outside_selected_syllabus,ECDICT 标签仅作候选；所选考纲四级范围无对应词形，不自动加入。,"vt. 揭露, 透露
[法] 揭发, 揭露, 公开",d:disclosed/i:disclosing/p:disclosed/3:discloses,ecdict-bc015ed2e24a
discount,gk cet4 cet6 ky toefl ielts gre,"[""cet4-w-1f436a85b06327a31b24""]",in_selected_syllabus,与当前考纲词形或已登记拼写变体相符。,"n. 折扣, 贴现率
vt. 打折扣
vi. 贴现",s:discounts/d:discounted/i:discounting/p:discounted/3:discounts,ecdict-bc015ed2e24a
discourage,gk cet4 cet6 ky toefl,"[""cet4-w-bddc7a1e3ac6213eca97""]",in_selected_syllabus,与当前考纲词形或已登记拼写变体相符。,"vt. 使气馁, 阻碍",d:discouraged/p:discouraged/i:discouraging/3:discourages,ecdict-bc015ed2e24a
discover,zk gk cet4 cet6 ky,"[""cet4-w-2ee4ac12b52bbd7d9bdc""]",in_selected_syllabus,与当前考纲词形或已登记拼写变体相符。,"vt. 发现, 找到, 暴露
vi. 发现",p:discovered/d:discovered/i:discovering/3:discovers,ecdict-bc015ed2e24a
discovery,zk gk cet4 cet6 ky ielts,"[""cet4-w-1997ffa03bcc9336e9d5""]",in_selected_syllabus,与当前考纲词形或已登记拼写变体相符。,"n. 发现, 被发现的事物
[法] 要求告知, 发现, 发觉",s:discoveries,ecdict-bc015ed2e24a
discrimination,gk cet4 cet6 ky toefl,"[""cet4-w-9b3b7ed08b6e25848592""]",in_selected_syllabus,与当前考纲词形或已登记拼写变体相符。,"n. 差别, 岐视, 辨别力
[化] 鉴别",s:discriminations,ecdict-bc015ed2e24a
discussion,zk gk cet4 cet6 ielts,"[""cet4-w-fc460eda29ee3643e579""]",in_selected_syllabus,与当前考纲词形或已登记拼写变体相符。,n. 讨论,s:discussions,ecdict-bc015ed2e24a
disease,zk gk cet4 cet6 ky ielts,"[""cet4-w-525cc27b6b8dfd55fcca""]",in_selected_syllabus,与当前考纲词形或已登记拼写变体相符。,"n. 疾病, 弊病
[医] [疾]病",s:diseases,ecdict-bc015ed2e24a
disguise,cet4 cet6 ky ielts gre,"[""cet4-w-04794c482f37798497cc""]",in_selected_syllabus,与当前考纲词形或已登记拼写变体相符。,"n. 假面目, 假装
vt. 假装, 隐瞒",d:disguised/i:disguising/p:disguised/3:disguises/s:disguises,ecdict-bc015ed2e24a
disgust,cet4 cet6 ky toefl ielts gre,"[""cet4-w-2efa814ad246900aff22""]",in_selected_syllabus,与当前考纲词形或已登记拼写变体相符。,"n. 厌恶, 嫌恶
vi. 令人厌恶
vt. 使作呕",d:disgusted/p:disgusted/3:disgusts/i:disgusting,ecdict-bc015ed2e24a
dishonour,cet4 cet6,[],outside_selected_syllabus,ECDICT 标签仅作候选；所选考纲四级范围无对应词形，不自动加入。,"n. 不名誉, 使人丢脸的人/事, 耻辱, 不光彩
vt. 使丧失名誉, 使受耻辱, 使丢脸, 奸污, 拒收, 无法偿付, 拒付",d:dishonoured/3:dishonours/p:dishonoured/i:dishonouring/s:dishonours,ecdict-bc015ed2e24a
disk,cet4 cet6,"[""cet4-w-5ca17bfe64caf6cf9d68""]",in_selected_syllabus,与当前考纲词形或已登记拼写变体相符。,"n. 圆盘, 磁盘
[计] 磁盘",s:disks,ecdict-bc015ed2e24a
dislike,gk cet4 cet6 ky,"[""cet4-w-ff6cc4843f138fc9ca8e""]",in_selected_syllabus,与当前考纲词形或已登记拼写变体相符。,"n. 嫌恶
vt. 讨厌, 不喜欢",p:disliked/d:disliked/3:dislikes/i:disliking/s:dislikes,ecdict-bc015ed2e24a
dismiss,zk gk cet4 cet6 ky toefl ielts,"[""cet4-w-4d3b4a821c5baecdd951""]",in_selected_syllabus,与当前考纲词形或已登记拼写变体相符。,"vt. 解散, 开除, 解职
vi. 解散
[计] 解散",d:dismissed/p:dismissed/i:dismissing/3:dismisses,ecdict-bc015ed2e24a
disorder,cet4 cet6 ky ielts,"[""cet4-w-6811e24c6ca73d13f7a9""]",in_selected_syllabus,与当前考纲词形或已登记拼写变体相符。,"n. 杂乱, 混乱
vt. 扰乱, 使失调",s:disorders/d:disordered/i:disordering/p:disordered/3:disorders,ecdict-bc015ed2e24a
display,cet4 cet6 ky toefl ielts,"[""cet4-w-755e10ce5742bd7137b3""]",in_selected_syllabus,与当前考纲词形或已登记拼写变体相符。,"n. 显示, 陈列, 炫耀, 显示器
vt. 陈列, 显示, 表现, 夸示
[计] 显示器; 显示",d:displayed/s:displays/i:displaying/3:displays/p:displayed,ecdict-bc015ed2e24a
displease,cet4 cet6,[],outside_selected_syllabus,ECDICT 标签仅作候选；所选考纲四级范围无对应词形，不自动加入。,"v. 使不愉快, 使(人)生气",i:displeasing/p:displeased/d:displeased/3:displeases,ecdict-bc015ed2e24a
disposal,cet4 cet6 ky toefl ielts gre,"[""cet4-w-efbbca4e7b89cd74aff5""]",in_selected_syllabus,与当前考纲词形或已登记拼写变体相符。,"n. 丢掉, 处理, 排列, 销毁, 布置
[医] 处理, 处置",s:disposals,ecdict-bc015ed2e24a
dispose,cet4 cet6 ky toefl ielts gre,"[""cet4-w-62a7416c0f1ef07e7568""]",in_selected_syllabus,与当前考纲词形或已登记拼写变体相符。,"vt. 处理, 排列, 布置
vi. 处置",i:disposing/d:disposed/p:disposed/3:disposes,ecdict-bc015ed2e24a
dispute,cet4 cet6 ky toefl ielts gre,"[""cet4-w-b86d0ef2293bca139a8b""]",in_selected_syllabus,与当前考纲词形或已登记拼写变体相符。,"n. 争论
v. 争论",s:disputes/d:disputed/3:disputes/p:disputed/i:disputing,ecdict-bc015ed2e24a
dissatisfy,cet4 cet6,[],outside_selected_syllabus,ECDICT 标签仅作候选；所选考纲四级范围无对应词形，不自动加入。,"vt. 使感觉不满, 不满足",i:dissatisfying/s:dissatisfies/r:dissatisfier/p:dissatisfied/3:dissatisfies/d:dissatisfied,ecdict-bc015ed2e24a
dissolve,cet4 cet6 ky toefl ielts gre,"[""cet4-w-2dd9c102360a3087669e""]",in_selected_syllabus,与当前考纲词形或已登记拼写变体相符。,"v. 溶解, 解散",d:dissolved/3:dissolves/p:dissolved/i:dissolving,ecdict-bc015ed2e24a
distance,gk cet4 cet6 ky toefl ielts,"[""cet4-w-79d11cda7dad77f3f195""]",in_selected_syllabus,与当前考纲词形或已登记拼写变体相符。,"n. 距离, 远方, 遥远
[计] 位距",s:distances/i:distancing/d:distanced/p:distanced/3:distances,ecdict-bc015ed2e24a
distant,gk cet4 cet6 ky toefl ielts gre,"[""cet4-w-ce70810ad0a2809f11fa""]",in_selected_syllabus,与当前考纲词形或已登记拼写变体相符。,"a. 远的, 疏远的
[经] 远期的",,ecdict-bc015ed2e24a
distinct,cet4 cet6 ky toefl ielts gre,"[""cet4-w-28e7767ac041107bd1d1""]",in_selected_syllabus,与当前考纲词形或已登记拼写变体相符。,"a. 清楚的, 显著的, 不同的",,ecdict-bc015ed2e24a
distinction,gk cet4 cet6 ky toefl ielts gre,"[""cet4-w-0bdd8c2b5d1ea9962442""]",in_selected_syllabus,与当前考纲词形或已登记拼写变体相符。,n. 区别,s:distinctions,ecdict-bc015ed2e24a
distinguish,gk cet4 cet6 ky toefl ielts,"[""cet4-w-2214cc47356831dafced""]",in_selected_syllabus,与当前考纲词形或已登记拼写变体相符。,"v. 区别, 辨别",d:distinguished/3:distinguishes/i:distinguishing/p:distinguished,ecdict-bc015ed2e24a
distress,cet4 cet6 ky toefl ielts gre,"[""cet4-w-e931e6d68361d2916192""]",in_selected_syllabus,与当前考纲词形或已登记拼写变体相符。,"n. 苦恼, 贫困, 痛苦
vt. 使苦恼
a. 亏本出售的",d:distressed/p:distressed/s:distresses/i:distressing/3:distresses,ecdict-bc015ed2e24a
distribute,gk cet4 cet6 ky toefl ielts gre,"[""cet4-w-1f45be9473d623c78561""]",in_selected_syllabus,与当前考纲词形或已登记拼写变体相符。,"vt. 分配, 散布, 分发
[经] 分配, 分发",d:distributed/i:distributing/3:distributes/p:distributed,ecdict-bc015ed2e24a
distribution,cet4 cet6 toefl ielts,"[""cet4-w-1379a24120b10f800ad9""]",in_selected_syllabus,与当前考纲词形或已登记拼写变体相符。,"n. 分配
[计] 分布",s:distributions,ecdict-bc015ed2e24a
district,gk cet4 cet6 ky toefl gre,"[""cet4-w-ccfae1707fd6c09a58fe""]",in_selected_syllabus,与当前考纲词形或已登记拼写变体相符。,"n. 区域, 地方
[医] 地区, 地段",s:districts/i:districting/p:districted/3:districts/d:districted,ecdict-bc015ed2e24a
disturb,zk gk cet4 cet6 ky toefl ielts,"[""cet4-w-1022fc8f891c9507a2d5""]",in_selected_syllabus,与当前考纲词形或已登记拼写变体相符。,"vt. 扰乱, 妨碍, 使不安
[法] 滋扰, 扰乱",d:disturbed/i:disturbing/p:disturbed/3:disturbs,ecdict-bc015ed2e24a
ditch,cet4 cet6 ky toefl ielts gre,"[""cet4-w-3e67b74dd7ef56b041f0""]",in_selected_syllabus,与当前考纲词形或已登记拼写变体相符。,"n. 沟渠
vt. 在...开沟
vi. 开沟",s:ditches/d:ditched/i:ditching/p:ditched/3:ditches,ecdict-bc015ed2e24a
dive,gk cet4 cet6 ky toefl,"[""cet4-w-b3b8146751e8f9cb70bf""]",in_selected_syllabus,与当前考纲词形或已登记拼写变体相符。,"n. 潜水, 跳水
vi. 跳水, 俯冲, 猛冲
vt. 把...突然伸入",p:dived/i:diving/3:dives/s:dives/d:dived,ecdict-bc015ed2e24a
diverse,gk cet4 cet6 ky toefl ielts gre,"[""cet4-w-6703db938d8e2726616c""]",in_selected_syllabus,与当前考纲词形或已登记拼写变体相符。,"a. 不同的, 变化多的",,ecdict-bc015ed2e24a
divide,zk gk cet4 ky toefl,"[""cet4-w-8d73f2e50238a73581c5""]",in_selected_syllabus,与当前考纲词形或已登记拼写变体相符。,"vi. 分开, 分配, 分裂
vt. 分, 分开, 分裂, 除
n. 分配, 分水岭
[计] 除",d:divided/i:dividing/p:divided/3:divides/s:divides,ecdict-bc015ed2e24a
division,gk cet4 cet6 ky toefl,"[""cet4-w-43d5d3b2eb71158c60e1""]",in_selected_syllabus,与当前考纲词形或已登记拼写变体相符。,"n. 分, 分开, 除法, 部门(如部、处、系等), 师
[计] 部分",s:divisions,ecdict-bc015ed2e24a
divorce,gk cet4 cet6 ky toefl ielts,"[""cet4-w-6cb270be7283dc5cf7dd""]",in_selected_syllabus,与当前考纲词形或已登记拼写变体相符。,"n. 离婚
vt. 与...离婚",d:divorced/p:divorced/s:divorces/i:divorcing/3:divorces,ecdict-bc015ed2e24a
dock,cet4 cet6 ky ielts gre,"[""cet4-w-5a993723fe809b667bf0""]",in_selected_syllabus,与当前考纲词形或已登记拼写变体相符。,"n. 码头, 船坞, 被告席, 尾巴的骨肉部分
vt. 使靠码头, 使(船)进港, 剪短
vi. 进港",s:docks/d:docked/p:docked/i:docking/3:docks,ecdict-bc015ed2e24a
document,gk cet4 cet6 ky toefl gre,"[""cet4-w-9ccb69358fd2b9255e2f""]",in_selected_syllabus,与当前考纲词形或已登记拼写变体相符。,"n. 文件, 公文, 文档
vt. 证明, 为...引证
[计] 文档",s:documents/d:documented/i:documenting/p:documented/3:documents,ecdict-bc015ed2e24a
domestic,cet4 cet6 ky toefl ielts,"[""cet4-w-5cc87bf4559216113ce7""]",in_selected_syllabus,与当前考纲词形或已登记拼写变体相符。,"a. 家庭的, 国内的, 驯养的
[医] 家庭的, 家用的",s:domestics,ecdict-bc015ed2e24a
dominate,cet4 cet6 ky toefl ielts gre,"[""cet4-w-e8b3b236f23de683e84a""]",in_selected_syllabus,与当前考纲词形或已登记拼写变体相符。,"v. 支配, 占优势",d:dominated/p:dominated/3:dominates/i:dominating,ecdict-bc015ed2e24a
donkey,cet4 ky,"[""cet4-w-727b6c55b6585f9a67f0""]",in_selected_syllabus,与当前考纲词形或已登记拼写变体相符。,"n. 驴子, 笨蛋, 顽固者, 辅助发动机, 辅助泵",s:donkeys,ecdict-bc015ed2e24a
dorm,cet4 cet6 ky,"[""cet4-w-e06d995f644b107c651d""]",in_selected_syllabus,与当前考纲词形或已登记拼写变体相符。,n. 宿舍,s:dorms,ecdict-bc015ed2e24a
dormitory,gk cet4 cet6 toefl,"[""cet4-w-b29b404d69035fc98c28""]",in_selected_syllabus,与当前考纲词形或已登记拼写变体相符。,n. 宿舍,s:dormitories,ecdict-bc015ed2e24a
dose,cet4 cet6 ky ielts gre,"[""cet4-w-1e7924933ac59ad5714d""]",in_selected_syllabus,与当前考纲词形或已登记拼写变体相符。,"n. 剂量, 服用量
vt. 给药, (用药)医治
vi. 服药",s:doses/d:dosed/i:dosing/p:dosed/3:doses,ecdict-bc015ed2e24a
dot,gk cet4 ky toefl ielts,"[""cet4-w-86f3b57bbf85476d3ad2""]",in_selected_syllabus,与当前考纲词形或已登记拼写变体相符。,"n. 点, 圆点, 小数点, 小东西, 嫁妆
vt. 作小点记号, 加小点于
vi. 打上点
[计] 点",s:dots/p:dotted/d:dotted/i:dotting/3:dots,ecdict-bc015ed2e24a
doubt,zk gk cet4 cet6 ky toefl,"[""cet4-w-08137cb0538fa44dedcf""]",in_selected_syllabus,与当前考纲词形或已登记拼写变体相符。,"n. 怀疑, 疑惑
v. 怀疑, 不信",s:doubts/p:doubted/d:doubted/i:doubting/3:doubts,ecdict-bc015ed2e24a
doubtful,cet4 cet6 toefl ielts,"[""cet4-w-4fb1b2a5e13dc3b2c60e""]",in_selected_syllabus,与当前考纲词形或已登记拼写变体相符。,"a. 可疑的, 疑心的, 不明确的
[法] 怀疑的, 有疑问的, 未确的",,ecdict-bc015ed2e24a
doubtless,cet4 cet6 ielts,"[""cet4-w-f4484d48e3d33ecaa476""]",in_selected_syllabus,与当前考纲词形或已登记拼写变体相符。,"a. 无疑的, 确定的
adv. 无疑地, 确定地",,ecdict-bc015ed2e24a
downstairs,zk gk cet4 ky,"[""cet4-w-7be7e12f9067d4b4a437""]",in_selected_syllabus,与当前考纲词形或已登记拼写变体相符。,"n. 楼下
a. 楼下的
adv. 在楼下",,ecdict-bc015ed2e24a
downward,gk cet4 cet6 ky,"[""cet4-w-4d7f48fb2458c9a753f2""]",in_selected_syllabus,与当前考纲词形或已登记拼写变体相符。,a. 向下的,,ecdict-bc015ed2e24a
dozen,zk gk cet4 ky,"[""cet4-w-3ae5b423e9e0cb7a2102""]",in_selected_syllabus,与当前考纲词形或已登记拼写变体相符。,"n. 打, 十二个
a. 一打的",,ecdict-bc015ed2e24a
draft,gk cet4 cet6 ky toefl ielts gre,"[""cet4-w-d782433d07bdaba6321e""]",in_selected_syllabus,与当前考纲词形或已登记拼写变体相符。,"n. 气流, 草稿, 汇票, 草案
vt. 起草, 征兵
[计] 草稿",d:drafted/i:drafting/s:drafts/p:drafted/3:drafts,ecdict-bc015ed2e24a
drag,gk cet4 cet6 ky toefl,"[""cet4-w-2473bae77d7fa0fd743d""]",in_selected_syllabus,与当前考纲词形或已登记拼写变体相符。,"n. 拖, 拖累
v. 拖累, 拖拉, 沉重缓慢地走, 拖动
[计] 拖动",p:dragged/i:dragging/d:dragged/3:drags/s:drags,ecdict-bc015ed2e24a
dragon,cet4 cet6 ky,"[""cet4-w-bfb296b0e2f9e2e59714""]",in_selected_syllabus,与当前考纲词形或已登记拼写变体相符。,"n. 龙, 凶暴的人
[法] 凶恶的人, 凶恶严厉的监护人",s:dragons,ecdict-bc015ed2e24a
drain,cet4 cet6 ky toefl ielts gre,"[""cet4-w-db5f16003d6fbae55e81""]",in_selected_syllabus,与当前考纲词形或已登记拼写变体相符。,"n. 排水沟, 消耗, 排水
vt. 排出, 喝光, 耗尽
vi. 排水, 流干",s:drains/d:drained/i:draining/p:drained/3:drains,ecdict-bc015ed2e24a
drama,cet4 cet6 ky toefl ielts,"[""cet4-w-76904706385cb479dfea""]",in_selected_syllabus,与当前考纲词形或已登记拼写变体相符。,"n. 戏剧, 戏剧艺术",s:dramas,ecdict-bc015ed2e24a
dramatic,cet4 cet6 ky toefl ielts,"[""cet4-w-a33e57ae120ffad8a6e7""]",in_selected_syllabus,与当前考纲词形或已登记拼写变体相符。,"a. 戏剧性的, 生动的",s:dramatics,ecdict-bc015ed2e24a
drawer,zk gk cet4 cet6 ky toefl ielts,"[""cet4-w-3f8776f5aa055c40f3d3""]",in_selected_syllabus,与当前考纲词形或已登记拼写变体相符。,"n. 抽屉, 开票人
[计] 抽屉",s:drawers,ecdict-bc015ed2e24a
drawing,gk cet4 cet6 ky toefl,"[""cet4-w-f77dc220af04385ebe48""]",in_selected_syllabus,与当前考纲词形或已登记拼写变体相符。,"n. 图画, 制图, 拉
[计] 绘图",0:draw/1:i/s:drawings/i:drawing,ecdict-bc015ed2e24a
dread,cet4 cet6 ky toefl ielts,[],outside_selected_syllabus,ECDICT 标签仅作候选；所选考纲四级范围无对应词形，不自动加入。,"n. 恐惧, 可怕的人(或事)
a. 可怕的, 可怖的
v. 恐惧, 害怕",p:dreaded/i:dreading/d:dreaded/3:dreads/s:dreads,ecdict-bc015ed2e24a
dream,zk gk cet4 cet6 ky,"[""cet4-w-8af74a935c2fb09e7098""]",in_selected_syllabus,与当前考纲词形或已登记拼写变体相符。,"n. 梦, 空想, 愿望
v. 做梦, 想象, 梦想",s:dreams/i:dreaming/d:dreamed/p:dreamed/3:dreams,ecdict-bc015ed2e24a
drift,cet4 cet6 ky toefl ielts,"[""cet4-w-de79e69442ffbc9c1e3d""]",in_selected_syllabus,与当前考纲词形或已登记拼写变体相符。,"n. 漂流物, 漂流, 动向
v. (使)漂流",p:drifted/i:drifting/d:drifted/s:drifts/3:drifts,ecdict-bc015ed2e24a
drill,gk cet4 cet6 ky toefl ielts gre,"[""cet4-w-6e5fa4316b643aca4619""]",in_selected_syllabus,与当前考纲词形或已登记拼写变体相符。,"n. 钻孔机, 钻子, 播种机, 粗斜纹布
v. 训练, 钻孔",i:drilling/s:drills/d:drilled/p:drilled/3:drills,ecdict-bc015ed2e24a
drip,cet4 cet6 ky toefl,"[""cet4-w-2b35201e2177a7bff587""]",in_selected_syllabus,与当前考纲词形或已登记拼写变体相符。,"n. 水滴
v. (使)滴下",i:dripping/p:dripped/s:drips/3:drips/d:dripped,ecdict-bc015ed2e24a
drop,zk gk cet4 cet6 ky ielts,"[""cet4-w-0a5fa7c0517d8d24849f""]",in_selected_syllabus,与当前考纲词形或已登记拼写变体相符。,"n. 滴, 微量, 落下, 空投
vi. 放下, 掉下, 下降
vt. 使滴下, 放下, 丢失, 遗漏
[计] 投入, 投入点, 接入点, 分接点",p:dropped/d:dropped/i:dropping/s:drops/3:drops,ecdict-bc015ed2e24a
drought,cet4 cet6 ky toefl ielts gre,"[""cet4-w-38f657db091c32bcc741""]",in_selected_syllabus,与当前考纲词形或已登记拼写变体相符。,"n. 干旱, 缺乏",s:droughts,ecdict-bc015ed2e24a
drown,gk cet4 cet6 ky ielts,"[""cet4-w-2e4740f35b7df715fdb9""]",in_selected_syllabus,与当前考纲词形或已登记拼写变体相符。,"vi. 淹死
vt. 把...淹死, 淹没",d:drowned/p:drowned/i:drowning/3:drowns,ecdict-bc015ed2e24a
drug,zk gk cet4 cet6 ky,"[""cet4-w-f8fd116deab6a9c8d193""]",in_selected_syllabus,与当前考纲词形或已登记拼写变体相符。,"n. 药, 麻药, 麻醉药
vi. 吸毒
vt. 使服麻醉药, 使麻木",s:drugs/d:drugged/p:drugged/i:drugging/3:drugs,ecdict-bc015ed2e24a
drum,zk gk cet4 cet6 ky,"[""cet4-w-dea28738be0a0f47d0e1""]",in_selected_syllabus,与当前考纲词形或已登记拼写变体相符。,"n. 鼓, 鼓声
vi. 击鼓, 作鼓声
vt. 打鼓奏出
[计] 磁鼓",s:drums/p:drummed/d:drummed/i:drumming/3:drums,ecdict-bc015ed2e24a
drunk,gk cet4 cet6 ky,"[""cet4-w-f58a56e08652f19cefb5""]",in_selected_syllabus,与当前考纲词形或已登记拼写变体相符。,"a. 喝醉了的
drink的过去式",0:drink/1:dp/d:drunk/s:drunks/r:drunker/p:drunk,ecdict-bc015ed2e24a
duck,zk gk cet4 cet6 ky,"[""cet4-w-e2504efbc5a59a32cccf""]",in_selected_syllabus,与当前考纲词形或已登记拼写变体相符。,"n. 鸭子
vi. 没入水中, 闪避
vt. 猛按...入水, 躲避",s:ducks/p:ducked/i:ducking/d:ducked/3:ducks,ecdict-bc015ed2e24a
due,gk cet4 cet6 ky toefl ielts,"[""cet4-w-102222a4ee4985e06330""]",in_selected_syllabus,与当前考纲词形或已登记拼写变体相符。,"n. 应得的东西, 应付款
a. 到期的, 应得的, 应付的, 约定的",,ecdict-bc015ed2e24a
dull,gk cet4 cet6 ky toefl ielts gre,"[""cet4-w-dc86fc811d21b87c4d4e""]",in_selected_syllabus,与当前考纲词形或已登记拼写变体相符。,"a. 钝的, 无趣的, 呆滞的, 阴暗的
vt. 使迟钝, 使阴暗, 缓和
vi. 变迟钝, 减少",r:duller/p:dulled/d:dulled/t:dullest/i:dulling/3:dulls,ecdict-bc015ed2e24a
dumb,cet4 cet6 ky toefl ielts,"[""cet4-w-ca143fcc14c3a26365a7""]",in_selected_syllabus,与当前考纲词形或已登记拼写变体相符。,"a. 哑的, 不说话的, 无声音的
[医] 哑的",i:dumbing/t:dumbest/p:dumbed/r:dumber,ecdict-bc015ed2e24a
dump,cet4 cet6 ky toefl ielts,"[""cet4-w-4aee95e5706efb102236""]",in_selected_syllabus,与当前考纲词形或已登记拼写变体相符。,"n. 垃圾场
vt. 倾倒, 倾销
vi. 倒垃圾, 倾销商品
[计] 转出; 转储; 倾卸; 切断电源",d:dumped/p:dumped/i:dumping/s:dumps/3:dumps,ecdict-bc015ed2e24a
durable,cet4 cet6 ky toefl ielts,"[""cet4-w-3a2a2c5d2fc91cd814f4""]",in_selected_syllabus,与当前考纲词形或已登记拼写变体相符。,"a. 持久的, 耐用的",s:durables/3:durables,ecdict-bc015ed2e24a
duration,cet4 cet6 ky toefl ielts gre,"[""cet4-w-a6c9001f1f7f875d4ff4""]",in_selected_syllabus,与当前考纲词形或已登记拼写变体相符。,"n. 持续时间, 持续
[计] 持续时间",s:durations,ecdict-bc015ed2e24a
dusk,gk cet4 cet6 ky,"[""cet4-w-7a5c79713714883b6a80""]",in_selected_syllabus,与当前考纲词形或已登记拼写变体相符。,"n. 薄暮, 傍晚, 黄昏
a. 微暗的
v. (使)微暗",s:dusks/i:dusking/p:dusked/3:dusks/d:dusked,ecdict-bc015ed2e24a
dust,gk cet4 cet6 ky ielts,"[""cet4-w-c1472f54ac2acf65ca67""]",in_selected_syllabus,与当前考纲词形或已登记拼写变体相符。,"n. 灰尘, 尘埃, 粉末, 花粉, 土, 骚乱
vt. 拂去灰尘, 撒, 弄成粉末
vi. 拂去灰尘, 化为粉末",i:dusting/p:dusted/d:dusted/s:dusts/3:dusts,ecdict-bc015ed2e24a
duty,zk gk cet4 cet6 ky ielts,"[""cet4-w-9a9c3aa05b614df77cc0""]",in_selected_syllabus,与当前考纲词形或已登记拼写变体相符。,"n. 责任, 关税, 职务, 尊敬
[化] 职责",s:duties,ecdict-bc015ed2e24a
dwelling,cet4 cet6 ky toefl gre,[],outside_selected_syllabus,ECDICT 标签仅作候选；所选考纲四级范围无对应词形，不自动加入。,"n. 住处
[医] 住房",s:dwellings/i:dwelling/0:dwelling/1:i,ecdict-bc015ed2e24a
dye,cet4 cet6 ky toefl,"[""cet4-w-aabd5ca28d696915bb4b""]",in_selected_syllabus,与当前考纲词形或已登记拼写变体相符。,"n. 颜料, 染料
vt. 染, 染色
vi. 被着色",s:dyes/d:dyed/i:dyeing/p:dyed/3:dyes,ecdict-bc015ed2e24a
dying,cet4 cet6,"[""cet4-w-5b1264beb21f1da02ba9""]",in_selected_syllabus,与当前考纲词形或已登记拼写变体相符。,"a. 垂死的
[法] 快要死的, 垂死的, 临终的",0:die/1:i/i:dying,ecdict-bc015ed2e24a
dynamic,gk cet4 cet6 ky toefl ielts gre,"[""cet4-w-1e0a74b5de6421f65221""]",in_selected_syllabus,与当前考纲词形或已登记拼写变体相符。,"a. 动态的, 有活力的, 有力的, 动力的, 不断变化的
n. 动力, 动态
[计] 动态的",,ecdict-bc015ed2e24a
eager,gk cet4 cet6 ky toefl,"[""cet4-w-b23c6f4c7ca3e00a35e3""]",in_selected_syllabus,与当前考纲词形或已登记拼写变体相符。,"a. 热心的, 渴望的, 热望的",,ecdict-bc015ed2e24a
eagle,gk cet4 cet6 ky ielts,"[""cet4-w-e47dad92352f6b05087a""]",in_selected_syllabus,与当前考纲词形或已登记拼写变体相符。,"n. 鹰, 鹰状标饰",s:eagles/p:eagled/d:eagled/i:eagling/3:eagles,ecdict-bc015ed2e24a
earn,gk cet4 ky,"[""cet4-w-e0a8fbf7b0c3e65346ae""]",in_selected_syllabus,与当前考纲词形或已登记拼写变体相符。,"vt. 赚得, 获得, 博得
[计] 欧州科学研究网",i:earning/d:earned/p:earned/3:earns,ecdict-bc015ed2e24a
earnest,cet4 cet6 ky toefl gre,"[""cet4-w-bdd1c5413ca942b91479""]",in_selected_syllabus,与当前考纲词形或已登记拼写变体相符。,"n. 定金, 诚挚, 认真
a. 认真的, 热心的, 重要的",s:earnests,ecdict-bc015ed2e24a
earthquake,gk cet4 cet6 ky toefl,"[""cet4-w-43c9ba30a23f52ed55d2""]",in_selected_syllabus,与当前考纲词形或已登记拼写变体相符。,n. 地震,s:earthquakes,ecdict-bc015ed2e24a
ease,gk cet4 cet6 ky ielts,"[""cet4-w-b0d8521d27faeb701aa8""]",in_selected_syllabus,与当前考纲词形或已登记拼写变体相符。,"n. 安乐, 安逸, 悠闲
vt. 使安乐, 使安心, 减轻, 放松
vi. 减轻, 放松, 灵活地移动",p:eased/i:easing/d:eased/3:eases,ecdict-bc015ed2e24a
easily,gk cet4,"[""cet4-w-89ae4148866d718eb202""]",in_selected_syllabus,与当前考纲词形或已登记拼写变体相符。,"adv. 容易地, 轻易地, 流利地",,ecdict-bc015ed2e24a
eastern,gk cet4 ky ielts,"[""cet4-w-0e47eff4c3b489e9f823""]",in_selected_syllabus,与当前考纲词形或已登记拼写变体相符。,"n. 东方人, 东正教徒
a. 东方的, 向东的, 自东的",,ecdict-bc015ed2e24a
echo,cet4 cet6 ky toefl ielts,"[""cet4-w-aa2f4bbf45bfc4eabd8d""]",in_selected_syllabus,与当前考纲词形或已登记拼写变体相符。,"n. 回声, 回音, 回波
vi. 发回声, 随声附和
vt. 摹仿, 重复, 反射
[计] 回显; DOS批处理命令:控制MS-DOS命令是否在屏幕上显示",p:echoed/s:echoes/d:echoed/i:echoing/3:echoes,ecdict-bc015ed2e24a
economic,cet4 cet6 ky toefl ielts,"[""cet4-w-37386e789aedadddfea8""]",in_selected_syllabus,与当前考纲词形或已登记拼写变体相符。,"a. 经济上的, 实用的, 节省的
[经] 经济的",,ecdict-bc015ed2e24a
economical,cet4 cet6 ky toefl ielts gre,"[""cet4-w-af40f4c468d81d1feb40""]",in_selected_syllabus,与当前考纲词形或已登记拼写变体相符。,"a. 节俭的, 经济的, 合算的
[经] 经济的, 节约的",,ecdict-bc015ed2e24a
economics,cet4 cet6 ky toefl ielts,"[""cet4-w-ee990516a5ee58a7aeaa""]",in_selected_syllabus,与当前考纲词形或已登记拼写变体相符。,"n. 经济学
[经] 经济学",,ecdict-bc015ed2e24a
economy,cet4 cet6 ky ielts,"[""cet4-w-b580555c3d78fe9424cf""]",in_selected_syllabus,与当前考纲词形或已登记拼写变体相符。,"n. 经济, 理财, 节约
[医] 经济, 整体",s:economies,ecdict-bc015ed2e24a
edge,zk gk cet4 cet6 ky toefl ielts,"[""cet4-w-127056da48afdf6946c5""]",in_selected_syllabus,与当前考纲词形或已登记拼写变体相符。,"n. 边缘, 尖锐, 刀刃, 优势
vt. 使锐利, 挤进, 镶边
vi. 缓缓移动",s:edges/p:edged/i:edging/d:edged/3:edges,ecdict-bc015ed2e24a
edition,gk cet4 cet6 ky ielts,"[""cet4-w-3066ebacf712b0d133b0""]",in_selected_syllabus,与当前考纲词形或已登记拼写变体相符。,"n. 版本, 版, 翻版",s:editions,ecdict-bc015ed2e24a
editor,gk cet4 cet6 ky ielts,"[""cet4-w-c49ebe5abc58c64e2c01""]",in_selected_syllabus,与当前考纲词形或已登记拼写变体相符。,"n. 编者, 编辑, 主笔, 编辑器, 编辑装置
[计] 编辑器",s:editors,ecdict-bc015ed2e24a
editorial,cet4 cet6 ky ielts,"[""cet4-w-2b642be7b33a52841c5d""]",in_selected_syllabus,与当前考纲词形或已登记拼写变体相符。,"n. 社论, 评论
a. 编辑的, 主笔的, 社论的",s:editorials,ecdict-bc015ed2e24a
educate,gk cet4 ky,"[""cet4-w-aed0b1472ac8797f3e91""]",in_selected_syllabus,与当前考纲词形或已登记拼写变体相符。,"vt. 教育, 培养, 训练",d:educated/i:educating/3:educates/p:educated,ecdict-bc015ed2e24a
education,zk gk cet4 ky toefl ielts,"[""cet4-w-f086911b1637a99e7586""]",in_selected_syllabus,与当前考纲词形或已登记拼写变体相符。,"n. 教育, 训练, 教育学
[医] 教育, 训练",,ecdict-bc015ed2e24a
effect,gk cet4 cet6 ky toefl ielts,"[""cet4-w-76288eafb4032e494803""]",in_selected_syllabus,与当前考纲词形或已登记拼写变体相符。,"n. 结果, 影响, 效果, 印象
vt. 实行, 引起, 完成
[计] 效果",s:effects/d:effected/i:effecting/p:effected/3:effects,ecdict-bc015ed2e24a
effective,cet4 cet6 ky toefl ielts,"[""cet4-w-20862e6595ab6cc4f589""]",in_selected_syllabus,与当前考纲词形或已登记拼写变体相符。,"a. 有效的, 有力的, 实际的
n. 有生力量",,ecdict-bc015ed2e24a
efficiency,cet4 cet6 ky toefl,"[""cet4-w-94443591cca1b51da9df""]",in_selected_syllabus,与当前考纲词形或已登记拼写变体相符。,"n. 效率, 效能, 功效
[医] 效率, 效力",s:efficiencies,ecdict-bc015ed2e24a
efficient,cet4 cet6 ky toefl ielts,"[""cet4-w-09dd840e52cd9ed53f40""]",in_selected_syllabus,与当前考纲词形或已登记拼写变体相符。,"a. 有效率的, 能干的",,ecdict-bc015ed2e24a
effort,zk gk cet4 cet6 ky,"[""cet4-w-84b460d8275a3097e1a9""]",in_selected_syllabus,与当前考纲词形或已登记拼写变体相符。,"n. 努力, 成就",s:efforts,ecdict-bc015ed2e24a
eighteen,zk gk cet4 ky,"[""cet4-w-2c9a06c91b15c80a3781""]",in_selected_syllabus,与当前考纲词形或已登记拼写变体相符。,"num. 十八, 十八个",,ecdict-bc015ed2e24a
eighty,zk gk cet4 ky,"[""cet4-w-3ed99a0cdd21a93098e8""]",in_selected_syllabus,与当前考纲词形或已登记拼写变体相符。,"num. 八十, 八十个",,ecdict-bc015ed2e24a
elaborate,cet4 cet6 ky toefl ielts gre,[],outside_selected_syllabus,ECDICT 标签仅作候选；所选考纲四级范围无对应词形，不自动加入。,"a. 精细的, 详尽的, 精心计划(或制作)的
vt. 详细地说明, 用心地制作, 发挥
vi. 变复杂, 作详细说明",d:elaborated/p:elaborated/i:elaborating/3:elaborates,ecdict-bc015ed2e24a
elastic,cet4 cet6 ky ielts,[],outside_selected_syllabus,ECDICT 标签仅作候选；所选考纲四级范围无对应词形，不自动加入。,"n. 松紧带, 橡皮筋
a. 有弹性的, 能伸缩的, 可通融的",s:elastics,ecdict-bc015ed2e24a
elbow,cet4 cet6 ky toefl ielts gre,"[""cet4-w-277dfc113609160679a6""]",in_selected_syllabus,与当前考纲词形或已登记拼写变体相符。,"n. 手肘, 弯头, 扶手
v. 用手肘推开, 推挤",s:elbows/p:elbowed/i:elbowing/d:elbowed/3:elbows,ecdict-bc015ed2e24a
elder,zk gk cet4 ky ielts,"[""cet4-w-51bbfee70b7711755b45""]",in_selected_syllabus,与当前考纲词形或已登记拼写变体相符。,"n. 年长者, 老人, 前辈
a. 年长的, 资深的",r:elder/0:elder/1:r/s:elders,ecdict-bc015ed2e24a
elderly,cet4 ky ielts,"[""cet4-w-49290be752bb39a6b246""]",in_selected_syllabus,与当前考纲词形或已登记拼写变体相符。,"a. 过了中年的, 稍老的",,ecdict-bc015ed2e24a
elect,gk cet4 ky,"[""cet4-w-1ccea80bb4ec72f6237f""]",in_selected_syllabus,与当前考纲词形或已登记拼写变体相符。,"n. 当选人, 被选的人
a. 被选的, 选出的
vt. 选举, 选择
vi. 作选择",d:elected/p:elected/i:electing/3:elects,ecdict-bc015ed2e24a
election,cet4 cet6 toefl,"[""cet4-w-c19f84f4f18614cf3f87""]",in_selected_syllabus,与当前考纲词形或已登记拼写变体相符。,"n. 选举, 当选, 选择权
[法] 选举, 当选",s:elections,ecdict-bc015ed2e24a
electric,zk gk cet4 cet6 ky,"[""cet4-w-994a35a0b5e5bd3dec7a""]",in_selected_syllabus,与当前考纲词形或已登记拼写变体相符。,"a. 电的, 导电的, 电动的
[医] 电的",s:electrics,ecdict-bc015ed2e24a
electrical,gk cet4 cet6 ky ielts,"[""cet4-w-9d3581155f9980612d7c""]",in_selected_syllabus,与当前考纲词形或已登记拼写变体相符。,"a. 电的, 有关电的
[医] 电的",s:electricals,ecdict-bc015ed2e24a
electricity,gk cet4 cet6 ky ielts,"[""cet4-w-b0a13ca44330bf5f6cc8""]",in_selected_syllabus,与当前考纲词形或已登记拼写变体相符。,"n. 电, 电流, 电学, 热情, 电力供应
[化] 电学; 电",,ecdict-bc015ed2e24a
electron,cet4 cet6 ky toefl,"[""cet4-w-5905f90b55479e94ec44""]",in_selected_syllabus,与当前考纲词形或已登记拼写变体相符。,"n. 电子
[化] 电子",s:electrons,ecdict-bc015ed2e24a
electronic,gk cet4 cet6 ky ielts,"[""cet4-w-813a0e670245295bc0be""]",in_selected_syllabus,与当前考纲词形或已登记拼写变体相符。,"a. 电子的
[计] 电子工业协会接口",,ecdict-bc015ed2e24a
electronics,cet4 cet6 ielts,"[""cet4-w-0f4f827e1d9b82cbe7a3""]",in_selected_syllabus,与当前考纲词形或已登记拼写变体相符。,"n. 电子学
[计] 电子学",,ecdict-bc015ed2e24a
element,cet4 cet6 ky toefl,"[""cet4-w-f31955cd24765a200371""]",in_selected_syllabus,与当前考纲词形或已登记拼写变体相符。,"n. 元件, 元素, 要素
[计] 部分; 成分; 单元; 码元; 元件; 元素; 单元",s:elements,ecdict-bc015ed2e24a
elementary,cet4 cet6 ky toefl ielts gre,"[""cet4-w-69f9cc83b7110e767ccd""]",in_selected_syllabus,与当前考纲词形或已登记拼写变体相符。,"a. 初步的, 基本的
[医] 元素的, 基础的, 初级的",,ecdict-bc015ed2e24a
elephant,zk gk cet4 cet6 ky,"[""cet4-w-3797e7214fce6e5cccd5""]",in_selected_syllabus,与当前考纲词形或已登记拼写变体相符。,n. 象,s:elephants,ecdict-bc015ed2e24a
elevator,cet4 cet6 ky toefl ielts,"[""cet4-w-05ab3e49542d3954e719""]",in_selected_syllabus,与当前考纲词形或已登记拼写变体相符。,"n. 电梯, 升降机
[化] 提升机",s:elevators,ecdict-bc015ed2e24a
eliminate,cet4 cet6 ky toefl ielts gre,"[""cet4-w-49c98b5c53462141023a""]",in_selected_syllabus,与当前考纲词形或已登记拼写变体相符。,"vt. 除去, 排除, 剔除, 消除",d:eliminated/i:eliminating/3:eliminates/p:eliminated,ecdict-bc015ed2e24a
elimination,cet4 cet6 toefl,"[""cet4-w-4af13d2e14bb38a32c4b""]",in_selected_syllabus,与当前考纲词形或已登记拼写变体相符。,"n. 除去, 消除, 消灭
[化] 消去; 脱去",s:eliminations,ecdict-bc015ed2e24a
elsewhere,cet4 cet6 ky ielts,"[""cet4-w-962c2082101e7e09090d""]",in_selected_syllabus,与当前考纲词形或已登记拼写变体相符。,adv. 在别处,,ecdict-bc015ed2e24a
embarrass,gk cet4 cet6 ky toefl ielts gre,"[""cet4-w-dd0b2fe634f320233385""]",in_selected_syllabus,与当前考纲词形或已登记拼写变体相符。,"vt. 使困窘, 使局促不安, 阻碍",p:embarrassed/d:embarrassed/i:embarrassing/3:embarrasses,ecdict-bc015ed2e24a
embrace,cet4 cet6 ky toefl ielts gre,"[""cet4-w-b229bb75a66e39b9bc73""]",in_selected_syllabus,与当前考纲词形或已登记拼写变体相符。,"n. 拥抱
vt. 拥抱, 互相拥抱, 包含, 收买
vi. 拥抱",i:embracing/p:embraced/3:embraces/d:embraced/s:embraces,ecdict-bc015ed2e24a
emerge,cet4 cet6 ky toefl ielts,"[""cet4-w-fc955721cdeab3fdf902""]",in_selected_syllabus,与当前考纲词形或已登记拼写变体相符。,"vi. 浮现, 形成, 出现, (事实)显露",p:emerged/d:emerged/3:emerges/i:emerging,ecdict-bc015ed2e24a
emergency,gk cet4 cet6 ky ielts gre,"[""cet4-w-e638b9b0eab75e3936d4""]",in_selected_syllabus,与当前考纲词形或已登记拼写变体相符。,"n. 紧急状况, 紧急事件, 紧急需要
[化] 紧急情况",s:emergencies,ecdict-bc015ed2e24a
emit,cet4 cet6 ky toefl ielts gre,"[""cet4-w-485c595d07aa4877fc41""]",in_selected_syllabus,与当前考纲词形或已登记拼写变体相符。,"vt. 发出, 放射, 发表(意见等), 散发, 发行
[化] 放射",p:emitted/i:emitting/3:emits/d:emitted/s:emits,ecdict-bc015ed2e24a
emotion,cet4 cet6 ky toefl ielts,"[""cet4-w-7b5a9936882014052480""]",in_selected_syllabus,与当前考纲词形或已登记拼写变体相符。,"n. 情绪, 激动, 强烈的情感
[医] 情绪, 情感",s:emotions,ecdict-bc015ed2e24a
emotional,cet4 cet6 toefl,"[""cet4-w-7f3c8a41714d7460cb7c""]",in_selected_syllabus,与当前考纲词形或已登记拼写变体相符。,"a. 情绪的, 情感的
[医] 情绪的",,ecdict-bc015ed2e24a
emperor,gk cet4 cet6 ky ielts,"[""cet4-w-98e427a7c23588cf7b80""]",in_selected_syllabus,与当前考纲词形或已登记拼写变体相符。,"n. 皇帝, 君主",s:emperors,ecdict-bc015ed2e24a
emphasis,cet4 cet6 ky toefl,"[""cet4-w-f336bc2a623e3cff7f67""]",in_selected_syllabus,与当前考纲词形或已登记拼写变体相符。,"n. 强调, 加强, 重点, 强语气",,ecdict-bc015ed2e24a
emphasize,cet4 cet6 ky toefl ielts,"[""cet4-w-d516617c53a98c547c83""]",in_selected_syllabus,与当前考纲词形或已登记拼写变体相符。,"vt. 强调, 加强语气, 着重",d:emphasized/p:emphasized/3:emphasizes/i:emphasizing,ecdict-bc015ed2e24a
empire,gk cet4 cet6 ky,"[""cet4-w-893ac5d14998bae31676""]",in_selected_syllabus,与当前考纲词形或已登记拼写变体相符。,"n. 帝国, 帝权",s:empires,ecdict-bc015ed2e24a
employ,gk cet4 cet6 ky toefl,"[""cet4-w-e66d250ef65008b7031c""]",in_selected_syllabus,与当前考纲词形或已登记拼写变体相符。,"n. 雇用
vt. 雇用, 使用, 使从事于",d:employed/3:employs/p:employed/i:employing,ecdict-bc015ed2e24a
employee,cet4 cet6 ky toefl ielts,"[""cet4-w-3dd065df60d7ca9814c8""]",in_selected_syllabus,与当前考纲词形或已登记拼写变体相符。,"n. 职员, 员工, 受雇人员
[化] 职工; 雇员",s:employees,ecdict-bc015ed2e24a
employer,cet4 cet6 ky toefl ielts,"[""cet4-w-0401d032f51dec55a6f9""]",in_selected_syllabus,与当前考纲词形或已登记拼写变体相符。,"n. 雇主, 老板
[经] 雇主, 业主",s:employers,ecdict-bc015ed2e24a
employment,cet4 cet6 ky ielts,"[""cet4-w-87c3d06396be69e907b2""]",in_selected_syllabus,与当前考纲词形或已登记拼写变体相符。,"n. 雇用, 职业, 工作
[经] 职业, 雇用, 职工招请",s:employments,ecdict-bc015ed2e24a
enable,cet4 cet6 ky toefl,"[""cet4-w-c87b5d351d670ef64440""]",in_selected_syllabus,与当前考纲词形或已登记拼写变体相符。,"vt. 使能够
[计] 允许, 使能, 打开",3:enables/p:enabled/i:enabling/d:enabled,ecdict-bc015ed2e24a
enclose,cet4 cet6 ky toefl ielts,[],outside_selected_syllabus,ECDICT 标签仅作候选；所选考纲四级范围无对应词形，不自动加入。,"vt. 围绕, 圈起, 放入封套, 附上",d:enclosed/i:enclosing/p:enclosed/3:encloses,ecdict-bc015ed2e24a
encounter,cet4 cet6 ky toefl ielts gre,"[""cet4-w-63b776f270dd41c9d047""]",in_selected_syllabus,与当前考纲词形或已登记拼写变体相符。,"n. 相会, 相遇, 遭遇
vt. 遇见, 邂逅, 会战
vi. 偶然相遇",d:encountered/s:encounters/p:encountered/3:encounters/i:encountering,ecdict-bc015ed2e24a
encourage,zk gk cet4 cet6 ky toefl,"[""cet4-w-bbc492236f73766777b2""]",in_selected_syllabus,与当前考纲词形或已登记拼写变体相符。,"vt. 鼓励, 支持, 激励
[法] 怂恿, 煽动, 助长",d:encouraged/p:encouraged/3:encourages/i:encouraging,ecdict-bc015ed2e24a
ending,gk cet4 cet6 ky ielts,"[""cet4-w-978c97ec4cddf1442181""]",in_selected_syllabus,与当前考纲词形或已登记拼写变体相符。,"n. 终止, 终了, 收场
[医] 末梢",0:end/1:i/s:endings/i:ending,ecdict-bc015ed2e24a
endless,gk cet4 cet6 toefl,"[""cet4-w-e60249a42a5fe2a797f0""]",in_selected_syllabus,与当前考纲词形或已登记拼写变体相符。,"a. 不停的, 无穷尽的, 无尽的
[机] 无端的, 环状的",,ecdict-bc015ed2e24a
endure,cet4 cet6 ky toefl gre,"[""cet4-w-46c634a763ad995bbdbd""]",in_selected_syllabus,与当前考纲词形或已登记拼写变体相符。,"vt. 忍受, 忍耐, 容忍, 耐
vi. (正式)持久, 持续
[计] 仍能工作, 继续工作",d:endured/p:endured/3:endures/i:enduring,ecdict-bc015ed2e24a
enemy,zk gk cet4 ky,"[""cet4-w-d70c5d60e4464843dcaf""]",in_selected_syllabus,与当前考纲词形或已登记拼写变体相符。,"n. 敌人, 仇敌, 敌军
a. 敌人的",s:enemies,ecdict-bc015ed2e24a
energy,zk cet4 cet6 ky ielts,"[""cet4-w-5b86c4b6f5203f8e9151""]",in_selected_syllabus,与当前考纲词形或已登记拼写变体相符。,"n. 精力, 精神, 活力, 能量
[化] 能; 能量",s:energies,ecdict-bc015ed2e24a
enforce,cet4 cet6 ky ielts,"[""cet4-w-f9b21b585055e631a64f""]",in_selected_syllabus,与当前考纲词形或已登记拼写变体相符。,"vt. 强迫, 执行, 坚持
[经] 予以强制执行",d:enforced/i:enforcing/p:enforced/3:enforces,ecdict-bc015ed2e24a
engage,cet4 cet6 ky toefl ielts,"[""cet4-w-13a2acf04c20dfaaf34b""]",in_selected_syllabus,与当前考纲词形或已登记拼写变体相符。,"vi. 答应, 从事, 交战
vt. 使忙碌, 雇佣, 预定, 使从事于, 使参加",d:engaged/p:engaged/i:engaging/3:engages,ecdict-bc015ed2e24a
engine,gk cet4 cet6 ky ielts,"[""cet4-w-07b15b1453fc7dfc093d""]",in_selected_syllabus,与当前考纲词形或已登记拼写变体相符。,"n. 引擎, 发动机, 机车
vt. 安装发动机于",s:engines/p:engined,ecdict-bc015ed2e24a
engineer,zk gk cet4 cet6 ky ielts,"[""cet4-w-e6bf243dba8e797b2c16""]",in_selected_syllabus,与当前考纲词形或已登记拼写变体相符。,"n. 工程师, 工兵
vt. 设计, 监造, 精明地处理, 策划",s:engineers/d:engineered/p:engineered/i:engineering/3:engineers,ecdict-bc015ed2e24a
engineering,cet4 cet6 ky ielts,"[""cet4-w-76ccd0b3bb54c9593755""]",in_selected_syllabus,与当前考纲词形或已登记拼写变体相符。,"n. 工程学, 工程, 操纵
[化] 机器; 机器学",i:engineering/0:engineering/1:i,ecdict-bc015ed2e24a
Englishman,cet4,[],outside_selected_syllabus,ECDICT 标签仅作候选；所选考纲四级范围无对应词形，不自动加入。,n. 英国人,s:englishmen,ecdict-bc015ed2e24a
enhance,cet4 cet6 ky toefl ielts gre,"[""cet4-w-08f09c987bdcd12e1411""]",in_selected_syllabus,与当前考纲词形或已登记拼写变体相符。,"vt. 提高, 加强, 增加",d:enhanced/i:enhancing/3:enhances/p:enhanced,ecdict-bc015ed2e24a
enlarge,gk cet4 cet6 ky,"[""cet4-w-dbffa6787f1b22820b5f""]",in_selected_syllabus,与当前考纲词形或已登记拼写变体相符。,"vt. 扩大, 增大
vi. 扩大, 详述",d:enlarged/i:enlarging/p:enlarged/3:enlarges/s:enlarges,ecdict-bc015ed2e24a
enormous,cet4 cet6 ky toefl ielts gre,"[""cet4-w-d68add0e3ad6e92b6f2d""]",in_selected_syllabus,与当前考纲词形或已登记拼写变体相符。,"a. 巨大的, 庞大的",,ecdict-bc015ed2e24a
enroll,cet4 cet6 ky toefl ielts,"[""cet4-w-e16f179c2052565d4a03""]",in_selected_syllabus,与当前考纲词形或已登记拼写变体相符。,"vt. 登记, 使加入
vi. 参军, 注册",i:enrolling/p:enrolled/3:enrols/d:enrolled,ecdict-bc015ed2e24a
ensure,cet4 cet6 ky gre,"[""cet4-w-5bd9188546abff1b1a5c""]",in_selected_syllabus,与当前考纲词形或已登记拼写变体相符。,"vt. 确定, 保证, 担保, 保护
[经] 确保, 确定",i:ensuring/3:ensures/p:ensured/d:ensured,ecdict-bc015ed2e24a
enter,zk gk cet4 ky,"[""cet4-w-adde5c46496b14ff05ae""]",in_selected_syllabus,与当前考纲词形或已登记拼写变体相符。,"vt. 进入, 参加, 开始, 输入, 回车
vi. 进去, 参加
[计] 输入, 回车",p:entered/d:entered/i:entering/3:enters,ecdict-bc015ed2e24a
entertain,cet4 cet6 ky toefl,"[""cet4-w-a0e3fd3b77355e696733""]",in_selected_syllabus,与当前考纲词形或已登记拼写变体相符。,"vt. 娱乐, 招待, 怀抱
vi. 款待",d:entertained/p:entertained/i:entertaining/3:entertains,ecdict-bc015ed2e24a
entertainment,gk cet4 cet6 ky toefl ielts,"[""cet4-w-fb9005ef665f6c50d87a""]",in_selected_syllabus,与当前考纲词形或已登记拼写变体相符。,"n. 娱乐, 款待, 娱乐表演",s:entertainments,ecdict-bc015ed2e24a
enthusiasm,cet4 cet6 ky toefl ielts,"[""cet4-w-47f5fef12cefed39e6b5""]",in_selected_syllabus,与当前考纲词形或已登记拼写变体相符。,"n. 巨大的热情, 热心",s:enthusiasms,ecdict-bc015ed2e24a
enthusiastic,gk cet4 cet6 ky ielts,"[""cet4-w-cf4af8bfd7d7050f1db0""]",in_selected_syllabus,与当前考纲词形或已登记拼写变体相符。,"a. 狂热的, 热心的, 热烈的",,ecdict-bc015ed2e24a
entire,gk cet4 cet6 ky,"[""cet4-w-ddebba8f844d63ec66b0""]",in_selected_syllabus,与当前考纲词形或已登记拼写变体相符。,"n. 整个, 全部
a. 全体的, 完全的, 全部的",,ecdict-bc015ed2e24a
entitle,cet4 cet6 ky toefl ielts gre,"[""cet4-w-bdeaf677d3ef139afbfa""]",in_selected_syllabus,与当前考纲词形或已登记拼写变体相符。,"vt. 给...权利, 取名为, 给予名称, 叫做
[法] 给...权利, 使有资格, 称呼",d:entitled/3:entitles/p:entitled/i:entitling,ecdict-bc015ed2e24a
entrance,gk cet4 cet6 ky toefl ielts gre,"[""cet4-w-f80c1f333878872d6e84""]",in_selected_syllabus,与当前考纲词形或已登记拼写变体相符。,"n. 入口, 进入点, 入场, 入学, 进入, 开始(阶段), 就任
vt. 使出神, 使入迷
[计] 入口",s:entrances/d:entranced/p:entranced/i:entrancing/3:entrances,ecdict-bc015ed2e24a
entry,gk cet4 cet6 ky toefl ielts gre,"[""cet4-w-2ee836e047732c8ba260""]",in_selected_syllabus,与当前考纲词形或已登记拼写变体相符。,"n. 登录, 条目, 进入, 入口, 报关
[计] 登录项, 输入项, 条目",s:entries,ecdict-bc015ed2e24a
envelope,gk cet4 cet6 ky,"[""cet4-w-791728a895f14ca0b8d9""]",in_selected_syllabus,与当前考纲词形或已登记拼写变体相符。,"n. 信封, 封套, 封袋
[医] 膜, 包袋",s:envelopes/3:envelopes,ecdict-bc015ed2e24a
environment,zk gk cet4 cet6 ky ielts,"[""cet4-w-c1aca416bd255d2254ff""]",in_selected_syllabus,与当前考纲词形或已登记拼写变体相符。,"n. 环境, 外界, 围绕
[计] 环境",s:environments,ecdict-bc015ed2e24a
envy,gk cet4 cet6 ky ielts,"[""cet4-w-e397d7dc650cc99ec5d1""]",in_selected_syllabus,与当前考纲词形或已登记拼写变体相符。,"n. 羡慕, 嫉妒
vt. 羡慕, 嫉妒",p:envied/d:envied/i:envying/3:envies/s:envies,ecdict-bc015ed2e24a
episode,cet4 cet6 ky toefl ielts gre,"[""cet4-w-216b9db4abd9f69c8fa9""]",in_selected_syllabus,与当前考纲词形或已登记拼写变体相符。,"n. 插曲, 插话, 有趣的事件, 一段情节
[医] 插话, 插曲, 发作",s:episodes,ecdict-bc015ed2e24a
equal,gk cet4 cet6 ky toefl ielts,"[""cet4-w-7e1a30e2d9a7be355212""]",in_selected_syllabus,与当前考纲词形或已登记拼写变体相符。,"n. 对手, 匹敌, 同辈
a. 相等的, 平等的, 胜任的, 合适的, 平静的, 不相上下的
vt. 等于, 比得上
[计] 等长度编码",3:equals/s:equals/d:equalled/p:equalled/i:equalling,ecdict-bc015ed2e24a
equality,gk cet4 cet6 ky toefl,"[""cet4-w-79e4f0ad47056b2235e1""]",in_selected_syllabus,与当前考纲词形或已登记拼写变体相符。,"n. 平等, 均匀, 相等
[法] 同等, 平等, 相等",s:equalities,ecdict-bc015ed2e24a
equation,cet4 cet6 ky toefl ielts gre,[],outside_selected_syllabus,ECDICT 标签仅作候选；所选考纲四级范围无对应词形，不自动加入。,"n. 相等, 等式, 平衡
[化] 方程式; 等式; 反应式; 公式",s:equations,ecdict-bc015ed2e24a
equip,gk cet4 cet6 ky toefl,"[""cet4-w-5f1080c271a40d87944d""]",in_selected_syllabus,与当前考纲词形或已登记拼写变体相符。,"vt. 装备, 配备
[机] 设备, 装置",d:equipped/i:equipping/p:equipped/3:equips,ecdict-bc015ed2e24a
equipment,gk cet4 cet6 ky toefl ielts,"[""cet4-w-0cdba6737b86f653ddf1""]",in_selected_syllabus,与当前考纲词形或已登记拼写变体相符。,"n. 装备, 设备, 才能
[化] 设备; 装备; 装置",s:equipments,ecdict-bc015ed2e24a
equivalent,cet4 cet6 ky toefl ielts gre,"[""cet4-w-645a604d189e8e98f0ef""]",in_selected_syllabus,与当前考纲词形或已登记拼写变体相符。,"n. 同等物, 等价物, 相等物
a. 相等的, 相当的, 同意义的
[计] 等价的",s:equivalents,ecdict-bc015ed2e24a
era,cet4 cet6 ky toefl,"[""cet4-w-d1e70f879c62aae7733d""]",in_selected_syllabus,与当前考纲词形或已登记拼写变体相符。,"n. 时代, 纪元, 时期",s:eras,ecdict-bc015ed2e24a
erect,cet4 cet6 ky toefl ielts gre,[],outside_selected_syllabus,ECDICT 标签仅作候选；所选考纲四级范围无对应词形，不自动加入。,"a. 直立的, 竖立的, 笔直的
vt. 使竖立, 使直立, 树立, 建立
vi. 勃起",d:erected/p:erected/i:erecting/3:erects,ecdict-bc015ed2e24a
error,gk cet4 cet6 ky toefl,"[""cet4-w-4b461f428a545e61a329""]",in_selected_syllabus,与当前考纲词形或已登记拼写变体相符。,"n. 错误, 过失, 失误, 误差
[计] 错误",s:errors,ecdict-bc015ed2e24a
escape,gk cet4 cet6 ky toefl,"[""cet4-w-51f9bd62ee55e62e7217""]",in_selected_syllabus,与当前考纲词形或已登记拼写变体相符。,"n. 逃亡, 避难设备, 逃跑
vi. 逃脱, 避开, 溜走
vt. 逃避, 避免, 被...忘掉",p:escaped/d:escaped/i:escaping/3:escapes/s:escapes,ecdict-bc015ed2e24a
especially,zk gk cet4 cet6 ky,"[""cet4-w-7065c90b837a84ff6149""]",in_selected_syllabus,与当前考纲词形或已登记拼写变体相符。,"adv. 尤其, 特别, 格外",,ecdict-bc015ed2e24a
essay,gk cet4 cet6 ky ielts,"[""cet4-w-c29894d9868fcb987964""]",in_selected_syllabus,与当前考纲词形或已登记拼写变体相符。,"n. 随笔, 短文, 评论, 企图
vt. 试图",s:essays/p:essayed/d:essayed/i:essaying/3:essays,ecdict-bc015ed2e24a
essential,cet4 cet6 ky toefl ielts gre,"[""cet4-w-399a06ace2af5f904435""]",in_selected_syllabus,与当前考纲词形或已登记拼写变体相符。,"n. 要素, 要点, 本质
a. 必要的, 重要的, 本质的
[计] 本质冒险",s:essentials,ecdict-bc015ed2e24a
establish,cet4 cet6 ky ielts,"[""cet4-w-9acd3ae09e5820df61c5""]",in_selected_syllabus,与当前考纲词形或已登记拼写变体相符。,"vt. 建立, 确立, 制定
vi. 移植生长",d:established/i:establishing/p:established/3:establishes,ecdict-bc015ed2e24a
establishment,cet4 cet6 ky,"[""cet4-w-0948402f28879714cb30""]",in_selected_syllabus,与当前考纲词形或已登记拼写变体相符。,"n. 确立, 制定, 设施
[经] 企业, 公司, 商店",s:establishments,ecdict-bc015ed2e24a
estate,cet4 cet6 ky toefl ielts,"[""cet4-w-582fe4270eb66c62ed79""]",in_selected_syllabus,与当前考纲词形或已登记拼写变体相符。,"n. 不动产, (人生的)阶段, 阶层, 财产
[经] 房地产, 遗产, 财产",s:estates,ecdict-bc015ed2e24a
estimate,cet4 cet6 ky toefl ielts,"[""cet4-w-9ade57898f806adaee53""]",in_selected_syllabus,与当前考纲词形或已登记拼写变体相符。,"n. 估计, 判断
vt. 估计, 评价, 判断
vi. 估计",d:estimated/s:estimates/p:estimated/3:estimates/i:estimating,ecdict-bc015ed2e24a
evacuate,cet4 cet6 ky toefl ielts gre,[],outside_selected_syllabus,ECDICT 标签仅作候选；所选考纲四级范围无对应词形，不自动加入。,"v. 疏散, 撤出, 排泄",d:evacuated/i:evacuating/p:evacuated/3:evacuates,ecdict-bc015ed2e24a
evaluate,gk cet4 cet6 ky toefl ielts,"[""cet4-w-d038a26537eecc04c457""]",in_selected_syllabus,与当前考纲词形或已登记拼写变体相符。,"vt. 评估, 评价, 赋值",d:evaluated/i:evaluating/p:evaluated/3:evaluates,ecdict-bc015ed2e24a
evaporate,cet4 cet6 ky toefl ielts gre,[],outside_selected_syllabus,ECDICT 标签仅作候选；所选考纲四级范围无对应词形，不自动加入。,"vi. 蒸发, 失去水分, 消失
vt. 使蒸发, 使脱水, 使消失",d:evaporated/3:evaporates/p:evaporated/i:evaporating/s:evaporates,ecdict-bc015ed2e24a
eve,cet4 ky,"[""cet4-w-27a229f2179d5af3b6f5""]",in_selected_syllabus,与当前考纲词形或已登记拼写变体相符。,"n. 前夕, 前夜",s:eves,ecdict-bc015ed2e24a
event,gk cet4 ky ielts,"[""cet4-w-7fd30832678bf36b6cd5""]",in_selected_syllabus,与当前考纲词形或已登记拼写变体相符。,"n. 事件, 结果, 事情的进程, 竞赛项目
[计] 事件",s:events,ecdict-bc015ed2e24a
eventually,gk cet4 cet6 ky toefl ielts,"[""cet4-w-38823b3d6a68d28ae641""]",in_selected_syllabus,与当前考纲词形或已登记拼写变体相符。,"adv. 最后, 终于",,ecdict-bc015ed2e24a
everyday,zk gk cet4 ky,"[""cet4-w-da913e535065593f5adc""]",in_selected_syllabus,与当前考纲词形或已登记拼写变体相符。,"a. 每天的, 日常的, 平常的",,ecdict-bc015ed2e24a
evidence,gk cet4 cet6 ky toefl ielts,"[""cet4-w-3676a3f0ea228087d8b1""]",in_selected_syllabus,与当前考纲词形或已登记拼写变体相符。,"n. 根据, 证据, 迹象
[经] 证据, 凭证",d:evidenced/s:evidences/i:evidencing/p:evidenced/3:evidences,ecdict-bc015ed2e24a
evident,gk cet4 cet6 ky toefl,"[""cet4-w-9dbc11e3018570fcb05a""]",in_selected_syllabus,与当前考纲词形或已登记拼写变体相符。,"a. 显然的, 明显的",,ecdict-bc015ed2e24a
evil,cet4 cet6 ky,"[""cet4-w-8cd48d8da4b185f0cfd8""]",in_selected_syllabus,与当前考纲词形或已登记拼写变体相符。,"n. 邪恶, 不幸, 罪恶
a. 邪恶的, 不幸的, 有害的, 讨厌的",s:evils,ecdict-bc015ed2e24a
evolution,gk cet4 cet6 ky toefl ielts,"[""cet4-w-4dc8db865bc9036053e9""]",in_selected_syllabus,与当前考纲词形或已登记拼写变体相符。,"n. 进化, 发展, 进展, (气体)放出, 开方
[医] 进化, 演化, 旋出",s:evolutions,ecdict-bc015ed2e24a
evolve,cet4 cet6 ky toefl gre,"[""cet4-w-fa5a06ea1a4a9ab7b8c8""]",in_selected_syllabus,与当前考纲词形或已登记拼写变体相符。,"vi. 进展, 进化, 展开
vt. 使发展, 使推断出, 使进化",d:evolved/p:evolved/i:evolving/3:evolves,ecdict-bc015ed2e24a
exact,gk cet4 ky toefl gre,"[""cet4-w-debeb5d4beebc1db25a1""]",in_selected_syllabus,与当前考纲词形或已登记拼写变体相符。,"a. 精确的, 准确的, 精密的
vt. 强求, 急需",d:exacted/p:exacted/3:exacts/i:exacting,ecdict-bc015ed2e24a
exactly,gk cet4,[],outside_selected_syllabus,ECDICT 标签仅作候选；所选考纲四级范围无对应词形，不自动加入。,"adv. 确切地, 精确地, 恰好, 完全地, 确实, 恰恰正是, 确实如此",,ecdict-bc015ed2e24a
exaggerate,cet4 cet6 ky toefl ielts gre,"[""cet4-w-4439e23ad97db07aca1d""]",in_selected_syllabus,与当前考纲词形或已登记拼写变体相符。,"v. 夸大, 夸张",d:exaggerated/i:exaggerating/p:exaggerated/3:exaggerates,ecdict-bc015ed2e24a
examination,zk cet4 cet6 ielts,"[""cet4-w-37292d0b28fd0e4cdb46""]",in_selected_syllabus,与当前考纲词形或已登记拼写变体相符。,"n. 考试, 测验, 审查
[医] 检查, 诊察",s:examinations,ecdict-bc015ed2e24a
examine,zk gk cet4 cet6 ky,"[""cet4-w-3ab09e224473b7cb39c9""]",in_selected_syllabus,与当前考纲词形或已登记拼写变体相符。,"v. 检查, 调查, 考试",d:examined/i:examining/p:examined/3:examines,ecdict-bc015ed2e24a
exceed,cet4 cet6 ky toefl ielts gre,"[""cet4-w-37faf8a0cde0a0b0064a""]",in_selected_syllabus,与当前考纲词形或已登记拼写变体相符。,"vt. 超过, 超越, 胜过
vi. 超过其他",3:exceeds/i:exceeding/d:exceeded/p:exceeded,ecdict-bc015ed2e24a
exceedingly,cet4 cet6 ky ielts,"[""cet4-w-5f9ed82c7ab6ebc6e7b1""]",in_selected_syllabus,与当前考纲词形或已登记拼写变体相符。,"adv. 极端地, 极度地, 非常",,ecdict-bc015ed2e24a
excellent,zk gk cet4 cet6 ky toefl,"[""cet4-w-8f9e171f98b34468082e""]",in_selected_syllabus,与当前考纲词形或已登记拼写变体相符。,"a. 优良的, 杰出的, 出色的",,ecdict-bc015ed2e24a
exception,cet4 cet6 ky toefl ielts,"[""cet4-w-d0368513806da3e108d5""]",in_selected_syllabus,与当前考纲词形或已登记拼写变体相符。,"n. 例外, 除外, 异议
[计] 例外; 异常",s:exceptions,ecdict-bc015ed2e24a
excess,cet4 cet6 ky toefl ielts gre,"[""cet4-w-7ce2a22a2ccce2aa4df5""]",in_selected_syllabus,与当前考纲词形或已登记拼写变体相符。,"n. 过度, 剩于, 超过, 超额
a. 过量的, 额外的",s:excesses,ecdict-bc015ed2e24a
excessive,cet4 cet6 ky toefl,"[""cet4-w-46ea1aa8d842f3106e57""]",in_selected_syllabus,与当前考纲词形或已登记拼写变体相符。,"a. 过度的, 过多的, 极端的
[法] 过度的, 过分的, 额外的",,ecdict-bc015ed2e24a
exchange,gk cet4 cet6 ky toefl ielts,"[""cet4-w-ded743def51da77f7338""]",in_selected_syllabus,与当前考纲词形或已登记拼写变体相符。,"n. 交换, (电话)交换局, 交换机, 汇兑, 交易所
v. 交换, 交易, 兑换
[计] 交换; 电话局",s:exchanges/d:exchanged/p:exchanged/i:exchanging/3:exchanges,ecdict-bc015ed2e24a
excite,zk gk cet4 cet6 ky toefl,"[""cet4-w-e6399b805d77547c76ca""]",in_selected_syllabus,与当前考纲词形或已登记拼写变体相符。,"vt. 刺激, 使兴奋, 激励",d:excited/p:excited/3:excites/i:exciting,ecdict-bc015ed2e24a
excitement,cet4 ky toefl ielts,"[""cet4-w-df37736c626f1054697f""]",in_selected_syllabus,与当前考纲词形或已登记拼写变体相符。,"n. 刺激, 兴奋
[医] 兴奋, 激动",s:excitements,ecdict-bc015ed2e24a
exciting,cet4 cet6 ky toefl ielts,"[""cet4-w-69672e704061d981f249""]",in_selected_syllabus,与当前考纲词形或已登记拼写变体相符。,"a. 令人兴奋的, 刺激的
[电] 激磁",i:exciting/0:exciting/1:i,ecdict-bc015ed2e24a
exclaim,cet4 cet6 ky toefl ielts gre,"[""cet4-w-ed0a8402063be93dbb5d""]",in_selected_syllabus,与当前考纲词形或已登记拼写变体相符。,"v. 大叫, 呼喊, 大声叫",p:exclaimed/i:exclaiming/3:exclaims/d:exclaimed,ecdict-bc015ed2e24a
exclude,cet4 cet6 ky toefl ielts gre,"[""cet4-w-49a922944a5b9e809bbe""]",in_selected_syllabus,与当前考纲词形或已登记拼写变体相符。,"vt. 除外, 排除, 排斥
[医] 除外(诊断)",d:excluded/i:excluding/3:excludes/p:excluded,ecdict-bc015ed2e24a
exclusive,cet4 cet6 ky toefl ielts gre,"[""cet4-w-42c3822c0aa32c2b871d""]",in_selected_syllabus,与当前考纲词形或已登记拼写变体相符。,"a. 排外的, 独占的, 唯一的
[计] 独占的",s:exclusives,ecdict-bc015ed2e24a
exclusively,cet4 cet6 toefl ielts,[],outside_selected_syllabus,ECDICT 标签仅作候选；所选考纲四级范围无对应词形，不自动加入。,"adv. 排他地, 仅仅, 专门, 只, 仅, 唯一地, 专有地",,ecdict-bc015ed2e24a
excursion,cet4 cet6 ky toefl ielts gre,"[""cet4-w-e990425f794149600572""]",in_selected_syllabus,与当前考纲词形或已登记拼写变体相符。,"n. 远足, 游览圆, 短程旅行
[医] 移动, 离轨, 逸出",s:excursions,ecdict-bc015ed2e24a
execute,cet4 cet6 ky toefl ielts gre,"[""cet4-w-e156b321b452d2902a9b""]",in_selected_syllabus,与当前考纲词形或已登记拼写变体相符。,"vt. 执行, 实行, 完成, 处死, 制成
[计] 执行",d:executed/p:executed/i:executing/3:executes,ecdict-bc015ed2e24a
executive,cet4 cet6 ky toefl ielts,"[""cet4-w-0cb6b3a9da28efbf7bf5""]",in_selected_syllabus,与当前考纲词形或已登记拼写变体相符。,"n. 执行部门, 执行委员会, 执行者, 经理主管人员
a. 执行的, 善于执行的, 善于经营的
[计] 执行程序",s:executives,ecdict-bc015ed2e24a
exert,cet4 cet6 ky toefl ielts gre,"[""cet4-w-5d445e3d209009d45ada""]",in_selected_syllabus,与当前考纲词形或已登记拼写变体相符。,"vt. 发挥, 运用, 施以影响
[法] 施加, 产生, 行使",d:exerted/3:exerts/p:exerted/i:exerting,ecdict-bc015ed2e24a
exhaust,cet4 cet6 ky toefl ielts gre,"[""cet4-w-f8d330d2d518193530bd""]",in_selected_syllabus,与当前考纲词形或已登记拼写变体相符。,"n. 排气, 排气装置, 废气
vt. 抽完, 用尽, 耗尽, 使精疲力尽
vi. 排气",d:exhausted/i:exhausting/s:exhausts/p:exhausted/3:exhausts,ecdict-bc015ed2e24a
exhaustion,cet4 toefl,"[""cet4-w-3c2058d7b2ac8a7ee0eb""]",in_selected_syllabus,与当前考纲词形或已登记拼写变体相符。,"n. 抽空, 耗尽, 疲惫, 筋疲力尽
[化] 抽空",s:exhaustions,ecdict-bc015ed2e24a
exhibit,cet4 cet6 ky toefl,"[""cet4-w-2d1f624c2adf2eb716ad""]",in_selected_syllabus,与当前考纲词形或已登记拼写变体相符。,"n. 显示, 显现, 展览品, 陈列品, 展览
vt. 展现, 陈列, 展览
vi. 开展览会",d:exhibited/s:exhibits/i:exhibiting/p:exhibited/3:exhibits,ecdict-bc015ed2e24a
exhibition,gk cet4 cet6 ky toefl ielts,"[""cet4-w-f50a686fdf033f8fd6fa""]",in_selected_syllabus,与当前考纲词形或已登记拼写变体相符。,"n. 表现, 展览会, 展览品
[医] 投药, 展览, 展出",s:exhibitions,ecdict-bc015ed2e24a
exist,gk cet4 cet6 ky toefl,"[""cet4-w-12b2612b94b0f5322744""]",in_selected_syllabus,与当前考纲词形或已登记拼写变体相符。,"vi. 存在, 生存, 发生",3:exists/p:existed/d:existed/i:existing,ecdict-bc015ed2e24a
existence,gk cet4 cet6 ky ielts,"[""cet4-w-a0e2bae416dc497f1b52""]",in_selected_syllabus,与当前考纲词形或已登记拼写变体相符。,"n. 存在, 生存
[法] 存在, 存在状态, 实体",s:existences,ecdict-bc015ed2e24a
exit,gk cet4 cet6 ky toefl,"[""cet4-w-d8b24a6b0779b050dc52""]",in_selected_syllabus,与当前考纲词形或已登记拼写变体相符。,"n. 出口, 退场, 离去, 去世
vi. 退出, 脱离, 去世
[计] 退出; DOS内部命令:本命令用于退出当前的命令处理器(COMMAND.COM)
恢复前一个命令处理器",s:exits/i:exiting/p:exited/d:exited/3:exits,ecdict-bc015ed2e24a
expand,gk cet4 cet6 ky toefl ielts gre,"[""cet4-w-0d6748453ca6da541ac8""]",in_selected_syllabus,与当前考纲词形或已登记拼写变体相符。,"vt. 使膨胀, 详述, 扩张
vi. 张开, 发展
vt. 展开
vi. 展开
[计] 展开; DOS外部命令:将原始DOS磁盘上的压缩文件解压缩并拷贝到硬盘上",d:expanded/i:expanding/3:expands/p:expanded,ecdict-bc015ed2e24a
expansion,cet4 cet6 ky toefl ielts,"[""cet4-w-06ac1d3fe36086b61cec""]",in_selected_syllabus,与当前考纲词形或已登记拼写变体相符。,"n. 扩充, 开展, 膨胀
[计] 扩展",s:expansions,ecdict-bc015ed2e24a
expectation,gk cet4 cet6 ky,"[""cet4-w-35326b8c909202b6fb66""]",in_selected_syllabus,与当前考纲词形或已登记拼写变体相符。,"n. 期待, 指望, 展望
[化] 期望值",s:expectations,ecdict-bc015ed2e24a
expel,cet4 cet6 ky toefl ielts gre,"[""cet4-w-1af07d1503470ebfdf7d""]",in_selected_syllabus,与当前考纲词形或已登记拼写变体相符。,"vt. 驱逐, 逐出, 排出, 开除
[医] 排除, 迫出",d:expelled/p:expelled/i:expelling/3:expels,ecdict-bc015ed2e24a
expend,cet4 ky ielts gre,"[""cet4-w-b3aa8d382534be205de3""]",in_selected_syllabus,与当前考纲词形或已登记拼写变体相符。,"vt. 花费, 消耗, 用光",d:expended/p:expended/i:expending/3:expends,ecdict-bc015ed2e24a
expenditure,cet4 cet6 ky toefl ielts gre,"[""cet4-w-905df230e1f173b1d090""]",in_selected_syllabus,与当前考纲词形或已登记拼写变体相符。,"n. 开支, 费用, 用光, 消费额
[经] 支出, 费用, 消费",s:expenditures,ecdict-bc015ed2e24a
expense,gk cet4 ky,"[""cet4-w-82b9ec933c996ac1da6b""]",in_selected_syllabus,与当前考纲词形或已登记拼写变体相符。,"n. 费用, 代价, 开支, 损失
[经] 费用, 开支, 将支出转为费用",s:expenses,ecdict-bc015ed2e24a
experience,zk gk cet4 cet6 ky ielts,"[""cet4-w-4b2d05f83d276e637e6f""]",in_selected_syllabus,与当前考纲词形或已登记拼写变体相符。,"n. 经历, 经验, 体验
vt. 经历, 经验, 体验",s:experiences/d:experienced/i:experiencing/p:experienced/3:experiences,ecdict-bc015ed2e24a
experiment,zk gk cet4 cet6 ky ielts,"[""cet4-w-d02f11b53c7a3f7a7216""]",in_selected_syllabus,与当前考纲词形或已登记拼写变体相符。,"n. 实验, 试验, 实验仪器
vi. 实验, 尝试",s:experiments/i:experimenting/d:experimented/p:experimented/3:experiments,ecdict-bc015ed2e24a
experimental,cet4 cet6 ky ielts,"[""cet4-w-442086d27c3b0b686381""]",in_selected_syllabus,与当前考纲词形或已登记拼写变体相符。,"a. 实验的, 根据实验的
[医] 实验的",,ecdict-bc015ed2e24a
expert,gk cet4 ky ielts,"[""cet4-w-c8834f99ec2d2c9bb76e""]",in_selected_syllabus,与当前考纲词形或已登记拼写变体相符。,"n. 专家, 行家
a. 老练的, 内行的, 专门的
[计] 高级",s:experts,ecdict-bc015ed2e24a
explain,zk gk cet4 cet6 ky,"[""cet4-w-e01912296a8a69b9b856""]",in_selected_syllabus,与当前考纲词形或已登记拼写变体相符。,"v. 解释, 说明",p:explained/d:explained/3:explains/i:explaining,ecdict-bc015ed2e24a
explanation,gk cet4 cet6 ky,"[""cet4-w-522a83dda197fd700993""]",in_selected_syllabus,与当前考纲词形或已登记拼写变体相符。,"n. 解释, 说明, 辩解, 表明
[经] 解释, 注释, 说明",s:explanations,ecdict-bc015ed2e24a
explode,gk cet4 cet6 ky toefl ielts,"[""cet4-w-9e65885025efc6343932""]",in_selected_syllabus,与当前考纲词形或已登记拼写变体相符。,"vi. 爆炸, 爆发, 激增
vt. 使爆炸",p:exploded/i:exploding/d:exploded/3:explodes,ecdict-bc015ed2e24a
exploit,gk cet4 cet6 ky toefl ielts gre,"[""cet4-w-e3d683adae474e253793""]",in_selected_syllabus,与当前考纲词形或已登记拼写变体相符。,"n. 功绩, 勋绩
vt. 开发, 利用, 开拓, 剥削",d:exploited/i:exploiting/s:exploits/p:exploited/3:exploits,ecdict-bc015ed2e24a
explore,gk cet4 cet6 ky toefl ielts,"[""cet4-w-5b8cf425aeb76ee90c87""]",in_selected_syllabus,与当前考纲词形或已登记拼写变体相符。,"v. 探险, 探测, 探究",i:exploring/d:explored/3:explores/p:explored,ecdict-bc015ed2e24a
explosion,cet4 cet6 ky ielts,"[""cet4-w-8f5ed2b573829071e691""]",in_selected_syllabus,与当前考纲词形或已登记拼写变体相符。,"n. 爆发, 激增, 爆炸(声)
[化] 爆炸",s:explosions,ecdict-bc015ed2e24a
explosive,cet4 cet6 ky toefl ielts gre,"[""cet4-w-ce035522f6ffb6072b26""]",in_selected_syllabus,与当前考纲词形或已登记拼写变体相符。,"n. 炸药, 爆破音
a. 易爆发的, 爆炸的, 暴躁的",s:explosives,ecdict-bc015ed2e24a
export,gk cet4 ky ielts,"[""cet4-w-8c8d138547024805cf9e""]",in_selected_syllabus,与当前考纲词形或已登记拼写变体相符。,"n. 输出品, 输出
vt. 输出, 出口
vi. 输出物资
[计] 导出",s:exports/d:exported/3:exports/i:exporting/p:exported,ecdict-bc015ed2e24a
expose,gk cet4 cet6 ky toefl ielts,"[""cet4-w-0c49e64c22dfb2c78289""]",in_selected_syllabus,与当前考纲词形或已登记拼写变体相符。,"vt. 使暴露, 使曝光, 揭穿, 陈列
[医] 暴露, 露置",d:exposed/i:exposing/p:exposed/3:exposes,ecdict-bc015ed2e24a
exposure,cet4 cet6 ky toefl ielts gre,"[""cet4-w-83ce3a02676b33cc76ed""]",in_selected_syllabus,与当前考纲词形或已登记拼写变体相符。,"n. 暴露, 揭发, 揭露
[化] 曝光量; 照射; 照射量",s:exposures,ecdict-bc015ed2e24a
express,zk gk cet4 cet6 ky,"[""cet4-w-ebdcb2bc085fa62433b4""]",in_selected_syllabus,与当前考纲词形或已登记拼写变体相符。,"n. 快车, 快递, 专使
a. 明确的, 丝毫不差的, 专门的, 快的
vt. 表达, 表示, 表露",d:expressed/i:expressing/p:expressed/3:expresses,ecdict-bc015ed2e24a
expression,gk cet4 cet6 ky,"[""cet4-w-4aa53351fcd2903887fd""]",in_selected_syllabus,与当前考纲词形或已登记拼写变体相符。,"n. 表达, 表现, 词语, 措辞
[计] 表达式",s:expressions,ecdict-bc015ed2e24a
extend,cet4 cet6 ky toefl ielts gre,"[""cet4-w-5c9b072dae66976bf09f""]",in_selected_syllabus,与当前考纲词形或已登记拼写变体相符。,"v. 扩充, 延伸, 伸展, 扩大
[计] 扩展",d:extended/i:extending/3:extends/p:extended,ecdict-bc015ed2e24a
extension,gk cet4 cet6 ky toefl ielts,"[""cet4-w-e9c354fa4c5d175130b6""]",in_selected_syllabus,与当前考纲词形或已登记拼写变体相符。,"n. 延长, 扩充, 范围, 扩展名
a. 伸缩的
[计] 扩展名, 扩充名",s:extensions,ecdict-bc015ed2e24a
extensive,cet4 cet6 ky toefl ielts,"[""cet4-w-34edb0232b28c7d26332""]",in_selected_syllabus,与当前考纲词形或已登记拼写变体相符。,"a. 广的, 广泛的, 多方面的
[经] 广大的, 扩大的",,ecdict-bc015ed2e24a
extent,cet4 cet6 ky toefl ielts,"[""cet4-w-0260306647749ad08952""]",in_selected_syllabus,与当前考纲词形或已登记拼写变体相符。,"n. 范围, 程度, 区域
[计] 范围",s:extents,ecdict-bc015ed2e24a
exterior,cet4 cet6 ky toefl ielts,"[""cet4-w-28357c347bb32d494f27""]",in_selected_syllabus,与当前考纲词形或已登记拼写变体相符。,"n. 外部, 表面, 外貌
a. 外部的, 外在的, 表面的",s:exteriors,ecdict-bc015ed2e24a
external,cet4 cet6 ky toefl ielts,"[""cet4-w-2cddbaa7cdcf5ca549c5""]",in_selected_syllabus,与当前考纲词形或已登记拼写变体相符。,"n. 外部, 外面
a. 外部的, 客观的, 表面的",s:externals,ecdict-bc015ed2e24a
extinct,cet4 cet6 ky toefl ielts gre,[],outside_selected_syllabus,ECDICT 标签仅作候选；所选考纲四级范围无对应词形，不自动加入。,"a. 熄灭的, 灭绝的, 耗尽的
[法] 消灭了的, 过时的, 无效的",,ecdict-bc015ed2e24a
extra,gk cet4 cet6 ky ielts,"[""cet4-w-e42d7e888c0a061afde2""]",in_selected_syllabus,与当前考纲词形或已登记拼写变体相符。,"n. 额外的事物, 另外的收费
a. 额外的, 特别的
adv. 额外地, 特别地, 非常地",s:extras,ecdict-bc015ed2e24a
extraordinary,gk cet4 cet6 ky toefl,"[""cet4-w-8e6cd9e3f7e2d9d1a412""]",in_selected_syllabus,与当前考纲词形或已登记拼写变体相符。,"a. 非常的, 特别的, 非凡的
[经] 非常的, 特别的, 临时的",s:extraordinaries,ecdict-bc015ed2e24a
extreme,gk cet4 cet6 ky ielts,"[""cet4-w-6cd314611cc0e2526b4e""]",in_selected_syllabus,与当前考纲词形或已登记拼写变体相符。,"n. 极端, 末端
a. 极端的, 尽头的, 极度的, 偏激的",s:extremes/t:extremest,ecdict-bc015ed2e24a
extremely,gk cet4 cet6,[],outside_selected_syllabus,ECDICT 标签仅作候选；所选考纲四级范围无对应词形，不自动加入。,"adv. 极端地, 非常地",,ecdict-bc015ed2e24a
eyesight,gk cet4 cet6 ky ielts,"[""cet4-w-e366ccd29ec07f6af995""]",in_selected_syllabus,与当前考纲词形或已登记拼写变体相符。,"n. 视力, 目力",,ecdict-bc015ed2e24a
fabric,cet4 cet6 ky toefl ielts gre,"[""cet4-w-1d0a6304e06cc5033782""]",in_selected_syllabus,与当前考纲词形或已登记拼写变体相符。,"n. 织物, 布, 结构, 构造, 建筑物
[经] 组织, 建筑物, 工厂",s:fabrics,ecdict-bc015ed2e24a
facility,cet4 cet6 ky toefl ielts,"[""cet4-w-025f114d5a92ddd87e65""]",in_selected_syllabus,与当前考纲词形或已登记拼写变体相符。,"n. 容易, 灵巧, 设备
[计] 设施; 设备; 装备",s:facilities,ecdict-bc015ed2e24a
fact,zk gk cet4 ky,"[""cet4-w-62704a73281991bea318""]",in_selected_syllabus,与当前考纲词形或已登记拼写变体相符。,"n. 事实, 真实性, 真相, 细节, 论据",s:facts,ecdict-bc015ed2e24a
factor,cet4 ky toefl ielts,"[""cet4-w-05fb443601b343460b56""]",in_selected_syllabus,与当前考纲词形或已登记拼写变体相符。,"n. 因素, 因数, 系数, 基因, 代理人
[计] 因式",s:factors/i:factoring/p:factored/3:factors/d:factored,ecdict-bc015ed2e24a
faculty,cet4 cet6 ky toefl ielts gre,"[""cet4-w-83f4f5ff8e69a1dd2840""]",in_selected_syllabus,与当前考纲词形或已登记拼写变体相符。,"n. 才能, 能力, 全体教员, (大学的)系
[医] 能力, [大学]院系",s:faculties,ecdict-bc015ed2e24a
fade,gk cet4 cet6 ky toefl ielts gre,"[""cet4-w-ccc7c75a8943e3a53bfb""]",in_selected_syllabus,与当前考纲词形或已登记拼写变体相符。,"vi. 褪色, 消失, 凋谢
vt. 使褪色
n. 淡入, 淡出
a. 平淡的",i:fading/d:faded/p:faded/3:fades/s:fades,ecdict-bc015ed2e24a
fahrenheit,cet4 cet6 toefl ielts,[],outside_selected_syllabus,ECDICT 标签仅作候选；所选考纲四级范围无对应词形，不自动加入。,"a. 华氏温度计的
n. 华氏温度计",,ecdict-bc015ed2e24a
failure,gk cet4 ky ielts,"[""cet4-w-1766aeff2b1c3a8cf3cf""]",in_selected_syllabus,与当前考纲词形或已登记拼写变体相符。,"n. 失败, 失败者, 不足, 缺乏, 破产
[计] 故障; 失效",s:failures,ecdict-bc015ed2e24a
faint,cet4 cet6 ky toefl ielts,"[""cet4-w-cc980f1b59708861e759""]",in_selected_syllabus,与当前考纲词形或已登记拼写变体相符。,"n. 昏厥, 昏倒
a. 模糊的, 微弱的, 无力的
vi. 昏倒, 变得微弱",t:faintest/p:fainted/r:fainter/i:fainting/d:fainted/3:faints/s:faints,ecdict-bc015ed2e24a
fair,zk gk cet4 cet6 ky toefl,"[""cet4-w-89b8812f9f1b52193808""]",in_selected_syllabus,与当前考纲词形或已登记拼写变体相符。,"n. 展览会, 市集, 美好的事物
a. 公平的, 按规则进行的, 不好不坏的, 晴朗的, 美丽的
adv. 公平地, 正面地, 有教养地, 清楚地
vi. 转晴",s:fairs/r:fairer/t:fairest/i:fairing/p:faired/3:fairs/d:faired,ecdict-bc015ed2e24a
fairly,gk cet4 cet6 ky toefl,"[""cet4-w-95f5abdc6fc8f8fb8383""]",in_selected_syllabus,与当前考纲词形或已登记拼写变体相符。,"adv. 美观地, 公平地, 相当地, 清楚地",,ecdict-bc015ed2e24a
faith,gk cet4 cet6 ky toefl ielts,"[""cet4-w-4a8461a121ccbe724113""]",in_selected_syllabus,与当前考纲词形或已登记拼写变体相符。,"n. 信心, 信任, 忠实, 保证
[法] 信任, 信仰, 信念",s:faiths,ecdict-bc015ed2e24a
faithful,cet4 cet6 ky toefl,"[""cet4-w-f8cd5985c1f2bd63d21f""]",in_selected_syllabus,与当前考纲词形或已登记拼写变体相符。,"a. 忠实的, 详确的, 可靠的
n. 信徒",s:faithfuls,ecdict-bc015ed2e24a
false,gk cet4 cet6 ky,"[""cet4-w-eee7957ddd59f44476b3""]",in_selected_syllabus,与当前考纲词形或已登记拼写变体相符。,"a. 错误的, 虚伪的, 假的, 不老实的
adv. 不准确地, 欺诈地",,ecdict-bc015ed2e24a
fame,cet4 cet6 ky toefl ielts,"[""cet4-w-a0a7298b437f8d0dbb06""]",in_selected_syllabus,与当前考纲词形或已登记拼写变体相符。,"n. 名望, 名声, 传说",,ecdict-bc015ed2e24a
familiar,gk cet4 cet6 ky ielts,"[""cet4-w-dc0b02e55c7675c8b526""]",in_selected_syllabus,与当前考纲词形或已登记拼写变体相符。,"a. 熟悉的, 常见的, 亲密的
n. 熟友, 常客",s:familiars,ecdict-bc015ed2e24a
famine,cet4 cet6 ky toefl ielts gre,"[""cet4-w-a18f6ec96a631011ec9f""]",in_selected_syllabus,与当前考纲词形或已登记拼写变体相符。,"n. 饥荒, 缺乏, 饥饿",s:famines,ecdict-bc015ed2e24a
fan,zk gk cet4 cet6 ky,"[""cet4-w-3eaa2eb6be31ad11eea2""]",in_selected_syllabus,与当前考纲词形或已登记拼写变体相符。,"n. 风扇, 迷, 狂热者, 爱好者
vt. 煽动, 刺激, 吹拂
vi. 飘动, 成扇形散开",s:fans/i:fanning/p:fanned/d:fanned/3:fans,ecdict-bc015ed2e24a
fancy,gk cet4 cet6 ky toefl ielts,"[""cet4-w-56e413a66622649769ae""]",in_selected_syllabus,与当前考纲词形或已登记拼写变体相符。,"n. 想象力, 幻想, 喜好
a. 想象的, 精美的, 新奇的, 奇特的, 高价的, 特级的
vt. 想象, 设想, 相信, 喜爱
vi. 想象, 幻想",p:fancied/3:fancies/d:fancied/s:fancies/i:fancying/r:fancier,ecdict-bc015ed2e24a
fantasy,gk cet4 ky toefl ielts gre,"[""cet4-w-2675d2a6e31e968b6be1""]",in_selected_syllabus,与当前考纲词形或已登记拼写变体相符。,"n. 幻想, 想象的产物
[医] 幻想",s:fantasies/i:fantasying/p:fantasied/3:fantasies/d:fantasied,ecdict-bc015ed2e24a
fare,gk cet4 cet6 ky ielts,"[""cet4-w-45683d5eeca3eb57c120""]",in_selected_syllabus,与当前考纲词形或已登记拼写变体相符。,"n. 费用, 旅客, 食物
vi. 进展, 进步, 经营, 过活",s:fares/d:fared/p:fared/i:faring/3:fares,ecdict-bc015ed2e24a
farewell,cet4 cet6 ky ielts gre,"[""cet4-w-9da13ecbf00d4c6319a3""]",in_selected_syllabus,与当前考纲词形或已登记拼写变体相符。,"n. 辞别, 再见, 再会
interj. 再会",s:farewells,ecdict-bc015ed2e24a
farmer,zk gk cet4 cet6 ky,"[""cet4-w-91c84b021e064116efe3""]",in_selected_syllabus,与当前考纲词形或已登记拼写变体相符。,"n. 农夫, 农场主
[法] 农民, 农场主, 承包者",s:farmers,ecdict-bc015ed2e24a
farther,cet4 cet6 ky,"[""cet4-w-e7d16e878ae22f89df79""]",in_selected_syllabus,与当前考纲词形或已登记拼写变体相符。,"a. 更远的, 进一步的
adv. 更远的, 此外, far的比较级",0:far/1:r,ecdict-bc015ed2e24a
fashion,cet4 cet6 ky toefl ielts,"[""cet4-w-bbb450a7646a881fcfb2""]",in_selected_syllabus,与当前考纲词形或已登记拼写变体相符。,"n. 流行, 风尚, 时样
vt. 形成, 造, 作",d:fashioned/s:fashions/p:fashioned/i:fashioning/3:fashions,ecdict-bc015ed2e24a
fashionable,cet4 cet6 ky toefl,"[""cet4-w-fcca30431367b15a3021""]",in_selected_syllabus,与当前考纲词形或已登记拼写变体相符。,"a. 时髦的, 上流社会的, 流行的",s:fashionables,ecdict-bc015ed2e24a
fasten,gk cet4 cet6 ky toefl gre,"[""cet4-w-5d4f4005fe1b69ec5773""]",in_selected_syllabus,与当前考纲词形或已登记拼写变体相符。,"vt. 拴紧, 使固定, 系, 集中于, 强加于
vi. 扣紧",d:fastened/p:fastened/i:fastening/3:fastens,ecdict-bc015ed2e24a
fatal,cet4 cet6 ky toefl ielts gre,"[""cet4-w-12b570ed36d4715b5e27""]",in_selected_syllabus,与当前考纲词形或已登记拼写变体相符。,"a. 致命的, 重大的, 命运注定的, 粗心的, 不幸的
[医] 致命的, 致死的",,ecdict-bc015ed2e24a
fate,cet4 cet6 ky,"[""cet4-w-1a9ae499d8f3957ea795""]",in_selected_syllabus,与当前考纲词形或已登记拼写变体相符。,"n. 命运, 运气
vt. 注定",s:fates/d:fated/t:fatest/i:fating/p:fated/3:fates,ecdict-bc015ed2e24a
father-in-law,cet4 cet6,[],outside_selected_syllabus,ECDICT 标签仅作候选；所选考纲四级范围无对应词形，不自动加入。,"n. 公公, 岳父",,ecdict-bc015ed2e24a
fatigue,cet4 cet6 ky toefl ielts gre,"[""cet4-w-cc24650df3fcaf7b29e6""]",in_selected_syllabus,与当前考纲词形或已登记拼写变体相符。,"n. 疲乏, 疲劳
vt. 使疲劳, 使心智衰弱
vi. 疲劳
a. 疲劳的",s:fatigues/d:fatigued/p:fatigued/i:fatiguing/3:fatigues,ecdict-bc015ed2e24a
fault,gk cet4 ky toefl ielts gre,"[""cet4-w-3055bea5366e68c01f71""]",in_selected_syllabus,与当前考纲词形或已登记拼写变体相符。,"n. 过错, 故障, 毛病
vt. 挑剔
vi. 产生断层, 弄错
[计] 故障",s:faults/d:faulted/p:faulted/i:faulting/3:faults,ecdict-bc015ed2e24a
faulty,cet4 cet6 ky,"[""cet4-w-c091a8821849d3c6bd2f""]",in_selected_syllabus,与当前考纲词形或已登记拼写变体相符。,"a. 有过失的, 有缺点的, 不完美的, 应受责备的
[经] 缺点多的",,ecdict-bc015ed2e24a
favor,cet4 ky ielts,"[""cet4-w-462d663680e235f6320c""]",in_selected_syllabus,与当前考纲词形或已登记拼写变体相符。,"n. 好意, 喜爱
vt. 赐予, 支持, 喜欢, 证实",3:favors/s:favors/i:favoring/p:favored/d:favored,ecdict-bc015ed2e24a
favorable,cet4 ky toefl gre,"[""cet4-w-d3145321da22e775bc3a""]",in_selected_syllabus,与当前考纲词形或已登记拼写变体相符。,"a. 有利的, 赞许的, 良好的",,ecdict-bc015ed2e24a
favorite,cet4 ky ielts,"[""cet4-w-48373dd6312318e3fdc1""]",in_selected_syllabus,与当前考纲词形或已登记拼写变体相符。,"n. 喜欢的事物, 幸运儿
a. 特别受喜爱的, 喜爱的, 宠爱的, 中意的",s:favorites,ecdict-bc015ed2e24a
favour,gk cet4 cet6 ielts,"[""cet4-w-462d663680e235f6320c""]",in_selected_syllabus,与当前考纲词形或已登记拼写变体相符。,"n. 好感, 偏爱, 喜爱, 相信, 庇护, 赞同, 支持, 信赖, 善行, 恩惠, 徽章, 礼物
vt. 赞成, 帮助, 支持, 喜爱, 偏袒, 关切, 赐与, 给与, 有利于, 有助于, 像, 体恤",d:favoured/p:favoured/3:favours/i:favouring/s:favours,ecdict-bc015ed2e24a
favourable,cet4 cet6,"[""cet4-w-d3145321da22e775bc3a""]",in_selected_syllabus,与当前考纲词形或已登记拼写变体相符。,"a. 有用的, 良好的, 赞成的, 顺利的
[医] 良好的, 顺利的",,ecdict-bc015ed2e24a
FAX,gk cet4 ky,"[""cet4-w-412f66798046b816f2d9""]",in_selected_syllabus,与当前考纲词形或已登记拼写变体相符。,"n. 传真
vt. 发传真
[计] 传真系统; 传真",s:faxes/p:faxed/i:faxing/d:faxed/3:faxes,ecdict-bc015ed2e24a
fear,zk gk cet4 cet6 ky,"[""cet4-w-7b67419ee831ffd50ef1""]",in_selected_syllabus,与当前考纲词形或已登记拼写变体相符。,"n. 恐怖, 害怕, 担心
v. 害怕, 恐惧, 为...担心, 敬畏",s:fears/p:feared/d:feared/3:fears/i:fearing,ecdict-bc015ed2e24a
fearful,cet4 cet6 ky,"[""cet4-w-01a25075b0d22f794cfa""]",in_selected_syllabus,与当前考纲词形或已登记拼写变体相符。,"a. 可怕的, 恐怕的, 担心的",,ecdict-bc015ed2e24a
feasible,cet4 cet6 ky toefl ielts gre,"[""cet4-w-35f33ec463595308f242""]",in_selected_syllabus,与当前考纲词形或已登记拼写变体相符。,"a. 能实行的, 可行的, 适宜的
[法] 可行的, 可执行的, 可完成的",,ecdict-bc015ed2e24a
feast,gk cet4 cet6 ky ielts,[],outside_selected_syllabus,ECDICT 标签仅作候选；所选考纲四级范围无对应词形，不自动加入。,"n. 宴会, 酒席, 享受, 节日
vt. 款待, 享乐, 请客
vi. 参加宴会, 尽情地吃, 享受",s:feasts/i:feasting/p:feasted/d:feasted/3:feasts,ecdict-bc015ed2e24a
feather,gk cet4 cet6 ky,"[""cet4-w-139b2d018e0c0e3a11a3""]",in_selected_syllabus,与当前考纲词形或已登记拼写变体相符。,"n. 羽毛
vi. 长羽毛
vt. 用羽毛装饰",s:feathers/p:feathered/i:feathering/d:feathered/3:feathers,ecdict-bc015ed2e24a
feature,cet4 cet6 ky ielts gre,"[""cet4-w-59c3dae8221044db6a02""]",in_selected_syllabus,与当前考纲词形或已登记拼写变体相符。,"n. 面孔的一部分(如眼、口等), 特征, 容貌, 特色, 特写
vt. 是...的特色, 特写, 放映
vi. 起重要作用
[计] 特性",s:features/i:featuring/3:features/d:featured/p:featured,ecdict-bc015ed2e24a
federal,cet4 cet6 ky toefl,"[""cet4-w-4c9e77567c412b33c4de""]",in_selected_syllabus,与当前考纲词形或已登记拼写变体相符。,"a. 联邦的, 联合的, 同盟的
[法] 联邦的, 联邦制的, 联盟的",,ecdict-bc015ed2e24a
fee,gk cet4 ky ielts,"[""cet4-w-6698197bc10875da4d61""]",in_selected_syllabus,与当前考纲词形或已登记拼写变体相符。,"n. 费用, 小费, 封地, 所有权
vt. 付费给",s:fees/i:feeding/p:feed/3:fees/d:feed,ecdict-bc015ed2e24a
feeble,cet4 cet6 ky toefl ielts gre,[],outside_selected_syllabus,ECDICT 标签仅作候选；所选考纲四级范围无对应词形，不自动加入。,"a. 微弱的, 衰弱的, 无效的
[医] 无力的, 衰弱的",3:feebles/s:feebles,ecdict-bc015ed2e24a
feed,zk gk cet4 cet6 ky toefl,"[""cet4-w-50e89701d6a0b59d8518""]",in_selected_syllabus,与当前考纲词形或已登记拼写变体相符。,"n. 饲料, 一餐, 饲养
vt. 喂, 饲养, 放牧, 靠...为生
vi. 吃东西, 用餐, 流入
[计] 送纸",d:fed/p:fed/i:feeding/3:feeds/1:pd/0:feed/s:feeds,ecdict-bc015ed2e24a
feedback,cet4 cet6 ky ielts gre,"[""cet4-w-3742f90f4ee224f43be9""]",in_selected_syllabus,与当前考纲词形或已登记拼写变体相符。,"n. 反馈, 反应
[计] 反馈",s:feedbacks,ecdict-bc015ed2e24a
feeling,zk gk cet4 ky,"[""cet4-w-9e08b8ed639c89cb82af""]",in_selected_syllabus,与当前考纲词形或已登记拼写变体相符。,"n. 摸, 触觉, 知觉, 感觉, 情绪, 同情
a. 有同情心的, 有感觉的, 仁慈的, 动人的",0:feel/1:i/s:feelings/i:feeling,ecdict-bc015ed2e24a
fellow,gk cet4 cet6 ky,"[""cet4-w-736998a7d96702c1aa29""]",in_selected_syllabus,与当前考纲词形或已登记拼写变体相符。,"n. 男人, 朋友, 同事
a. 同伴的, 同事的, 同道的",s:fellows,ecdict-bc015ed2e24a
female,gk cet4 cet6 ky ielts,"[""cet4-w-48813fa85f1543390d76""]",in_selected_syllabus,与当前考纲词形或已登记拼写变体相符。,"n. 女性, 女人, 雌性动物
a. 女性的, 女子的",s:females,ecdict-bc015ed2e24a
fence,gk cet4 cet6 ky,"[""cet4-w-f2aab4f1145f9dcc40e8""]",in_selected_syllabus,与当前考纲词形或已登记拼写变体相符。,"n. 围墙, 栅栏, 买卖赃物的人, 剑术
vt. 用篱笆围住, 练习剑术, 防护
vi. 击剑, 搪塞",s:fences/d:fenced/p:fenced/i:fencing/3:fences,ecdict-bc015ed2e24a
fertile,cet4 cet6 ky toefl ielts gre,"[""cet4-w-a512073e35985674e579""]",in_selected_syllabus,与当前考纲词形或已登记拼写变体相符。,"a. 可繁殖的, 肥沃的, 生产多的
[医] 能生育的",,ecdict-bc015ed2e24a
fertilizer,cet4 cet6 ky toefl gre,"[""cet4-w-3e17327c41f2f55e032b""]",in_selected_syllabus,与当前考纲词形或已登记拼写变体相符。,"n. 肥料, 促进发展者, 受精媒介物
[化] 肥料",s:fertilizers,ecdict-bc015ed2e24a
festival,zk gk cet4 cet6 ky toefl ielts,"[""cet4-w-53d106403e87abbfd4fe""]",in_selected_syllabus,与当前考纲词形或已登记拼写变体相符。,"a. 节日的, 喜庆的, 快乐的
n. 节日, 庆祝, 欢宴",s:festivals,ecdict-bc015ed2e24a
fetch,zk gk cet4 cet6 ky ielts,"[""cet4-w-5653972a4c42dda889e3""]",in_selected_syllabus,与当前考纲词形或已登记拼写变体相符。,"n. 取得, 拿, 诡计, 魂
vt. 接来, 取来, 售得, 带来, 推出, 引出, 杀死, 吸引, 到达
vi. 取物, 前进
[计] 取",p:fetched/d:fetched/i:fetching/3:fetches,ecdict-bc015ed2e24a
fever,zk gk cet4 cet6 ky ielts,"[""cet4-w-12b56c85b5aef36fcec2""]",in_selected_syllabus,与当前考纲词形或已登记拼写变体相符。,"n. 发烧, 发热, 热病
[医] 发热, 热",s:fevers/p:fevered,ecdict-bc015ed2e24a
fibre,gk cet4 cet6 ielts,"[""cet4-w-f4f00dc99822f0de1d22""]",in_selected_syllabus,与当前考纲词形或已登记拼写变体相符。,"n. 纤维, 构造, 纤维制品
[化] 纤维",s:fibres,ecdict-bc015ed2e24a
fiction,gk cet4 cet6 ky toefl,"[""cet4-w-52a2ff5bbd1df0a56109""]",in_selected_syllabus,与当前考纲词形或已登记拼写变体相符。,"n. 小说, 虚构故事
[法] 虚构的事实, 捏造, 拟制",s:fictions,ecdict-bc015ed2e24a
fierce,gk cet4 cet6 ky toefl ielts,"[""cet4-w-f0d5b64277e06aa32c9f""]",in_selected_syllabus,与当前考纲词形或已登记拼写变体相符。,"a. 凶猛的, 猛烈的, 热烈的, 暴躁的",t:fiercest/r:fiercer,ecdict-bc015ed2e24a
fight,zk gk cet4 cet6 ky,"[""cet4-w-75ff86c21384fe95a559""]",in_selected_syllabus,与当前考纲词形或已登记拼写变体相符。,"n. 打架, 争吵, 斗志
v. 对抗, 打架",i:fighting/p:fought/d:fought/s:fights/3:fights,ecdict-bc015ed2e24a
figure,gk cet4 cet6 ky toefl ielts,"[""cet4-w-8d50b9f5594363cb4d23""]",in_selected_syllabus,与当前考纲词形或已登记拼写变体相符。,"n. 数字, 价格, 图形, 形状
vt. 描绘, 表示, 演算, 认为
vi. 计算, 出现, 估计",s:figures/p:figured/d:figured/3:figures/i:figuring,ecdict-bc015ed2e24a
file,gk cet4 ky toefl ielts gre,"[""cet4-w-5759493de3ea2044e8ec""]",in_selected_syllabus,与当前考纲词形或已登记拼写变体相符。,"n. 档案, 公文箱, 文件夹, 文件, 卷宗, 锉刀
vi. 列队行进, 用锉刀做
vt. 归档, 申请, 锉, 琢磨
[计] 文件",s:files/d:filed/p:filed/i:filing/3:files,ecdict-bc015ed2e24a
filter,cet4 cet6 ky toefl ielts gre,"[""cet4-w-94f10c1b5fb4e45c3183""]",in_selected_syllabus,与当前考纲词形或已登记拼写变体相符。,"n. 滤波器, 过滤器, 滤光器, 过滤嘴, 去尘器
vt. 过滤, 渗透, 走漏
vi. 滤过, 渗入
[计] 过滤器, 筛选",s:filters/d:filtered/i:filtering/3:filters/p:filtered,ecdict-bc015ed2e24a
final,zk gk cet4 ky toefl ielts,"[""cet4-w-2997e7cec682ecaf60d0""]",in_selected_syllabus,与当前考纲词形或已登记拼写变体相符。,"n. 期末考试, 结局, 决赛
a. 最后的, 终极的, 决定性的",s:finals,ecdict-bc015ed2e24a
finally,cet4 ky,"[""cet4-w-c836b9bdebb2bd4ff56d""]",in_selected_syllabus,与当前考纲词形或已登记拼写变体相符。,"adv. 最后, 终于",,ecdict-bc015ed2e24a
finance,gk cet4 cet6 ky toefl ielts,"[""cet4-w-4ea9e0ecdf347afa5a37""]",in_selected_syllabus,与当前考纲词形或已登记拼写变体相符。,"n. 财政, 财务
vt. 供给...经费, 负担经费
vi. 筹措资金",d:financed/s:finances/i:financing/p:financed/3:finances,ecdict-bc015ed2e24a
financial,cet4 cet6 ky toefl ielts,"[""cet4-w-0423e76f12e1b419fa8d""]",in_selected_syllabus,与当前考纲词形或已登记拼写变体相符。,"a. 财政的, 金融的
[经] 财政的, 金融的, 财务的",,ecdict-bc015ed2e24a
finding,cet4 cet6 ky ielts,"[""cet4-w-b64488cbd449a51e39b7""]",in_selected_syllabus,与当前考纲词形或已登记拼写变体相符。,"n. 发现, 发现物, 决定, 裁决
[法] 调查结果, 对事实的认定, 判定的要素",0:find/1:i/s:findings/i:finding,ecdict-bc015ed2e24a
finger,zk gk cet4 cet6 ky,"[""cet4-w-6c365ec44d5909e1c6d2""]",in_selected_syllabus,与当前考纲词形或已登记拼写变体相符。,"n. 手指, 指状物, (手套的)手指部分, 指针
v. 用手指拨弄, 伸出
[计] 网络命令",s:fingers/p:fingered/i:fingering/d:fingered/3:fingers,ecdict-bc015ed2e24a
fireman,cet4 cet6 ky,"[""cet4-w-1a162d10c8e4bf7de8f1""]",in_selected_syllabus,与当前考纲词形或已登记拼写变体相符。,"n. 救火队员, 消防队员
[机] 司炉",s:firemen,ecdict-bc015ed2e24a
firm,gk cet4 cet6 ky toefl ielts,"[""cet4-w-6579c1cd11d56b29bd14""]",in_selected_syllabus,与当前考纲词形或已登记拼写变体相符。,"n. 公司, 商号
a. 坚定的, 坚强的, 牢固的, 结实的, 坚硬的, 坚挺的, 严格的, 确定的
vt. 使牢固, 使坚定
vi. 变稳固, 变坚实
adv. 稳固地",s:firms/r:firmer/p:firmed/d:firmed/i:firming/3:firms,ecdict-bc015ed2e24a
fisherman,zk gk cet4 cet6 ky,"[""cet4-w-ff173c1a29035ee504e4""]",in_selected_syllabus,与当前考纲词形或已登记拼写变体相符。,"n. 渔夫, 钓鱼者, 渔船",s:fishermen,ecdict-bc015ed2e24a
fist,gk cet4 cet6 ky toefl ielts,"[""cet4-w-b2947f24a29a708ecd0b""]",in_selected_syllabus,与当前考纲词形或已登记拼写变体相符。,"n. 拳头, 手
vt. 拳打, 握成拳, 紧握",s:fists/i:fisting,ecdict-bc015ed2e24a
fix,zk gk cet4 cet6 ky,"[""cet4-w-d47da2583bb5a0f75186""]",in_selected_syllabus,与当前考纲词形或已登记拼写变体相符。,"vt. 使固定, 修理, 准备, 安装, 凝视, 牢记, 确定, 整理
vi. 固定, 注视, 确定
n. 困境, 方位, 维修, 贿赂",d:fixed/i:fixing/p:fixed/3:fixes/s:fixes,ecdict-bc015ed2e24a
flag,zk gk cet4 cet6 ky toefl ielts gre,"[""cet4-w-5c417005616d42ba9ab4""]",in_selected_syllabus,与当前考纲词形或已登记拼写变体相符。,"n. 标志, 旗标, 旗子, 信号旗, 菖蒲
vt. 悬旗, 打旗号, 铺石板
vi. 无力地下垂
[计] 标志; 属性标记命令",s:flags/p:flagged/i:flagging/d:flagged/3:flags,ecdict-bc015ed2e24a
flame,gk cet4 cet6 ky toefl ielts,"[""cet4-w-907c4fb4f3e6d6c8ba7a""]",in_selected_syllabus,与当前考纲词形或已登记拼写变体相符。,"n. 火焰, 火舌, 热情, 光辉
vt. 焚烧, 用火焰给...灭菌, 用火焰传送(信号), 点燃, 激动
vi. 燃烧, 爆发, 闪耀
[计] 无聊邮件, 无益邮件",s:flames/p:flamed/i:flaming/d:flamed/3:flames,ecdict-bc015ed2e24a
flare,cet4 cet6 ky toefl ielts gre,[],outside_selected_syllabus,ECDICT 标签仅作候选；所选考纲四级范围无对应词形，不自动加入。,"n. 闪光, 闪耀
vi. 闪光, 闪耀
vt. 用发光信号发出, 使闪耀, 使张开",p:flared/s:flares/i:flaring/d:flared/3:flares,ecdict-bc015ed2e24a
flash,gk cet4 cet6 ky toefl ielts,"[""cet4-w-caa0ca2cc63bf5e6d916""]",in_selected_syllabus,与当前考纲词形或已登记拼写变体相符。,"n. 闪光, 闪现, 一瞬间
vi. 闪光, 闪现, 反射
vt. 使闪光, 反射",p:flashed/i:flashing/s:flashes/d:flashed/3:flashes/r:flasher,ecdict-bc015ed2e24a
flat,zk gk cet4 cet6 ky toefl ielts,"[""cet4-w-3d0ace86dd18cabe5671""]",in_selected_syllabus,与当前考纲词形或已登记拼写变体相符。,"a. 平坦的, 单调的, 无力的, 浅的, 萧条的, 干脆的, 无聊的
adv. 平直地, 断然地
n. 扁平物, 平面, 平地, 平原, 平板车
v. (使)变平",s:flats/r:flatter,ecdict-bc015ed2e24a
flavour,cet4 cet6 toefl ielts,"[""cet4-w-0a84a2a55199fe5654d8""]",in_selected_syllabus,与当前考纲词形或已登记拼写变体相符。,"n. 味, 调味香料, 滋味, 香味, 气味, 风味, 情味, 情趣, 风韵
vt. 给...调味, 给...增添风趣, 加香料, 加味于",s:flavours/p:flavoured/d:flavoured/i:flavouring/3:flavours,ecdict-bc015ed2e24a
flee,gk cet4 cet6 ky toefl ielts,"[""cet4-w-46b27690e26a837a9f2a""]",in_selected_syllabus,与当前考纲词形或已登记拼写变体相符。,"vt. 逃避, 逃跑, 逃走
vi. 逃, 消失",p:fled/d:fled/i:fleeing/3:flees,ecdict-bc015ed2e24a
fleet,cet4 cet6 ky ielts gre,"[""cet4-w-0d4fb29f994dda2c44e9""]",in_selected_syllabus,与当前考纲词形或已登记拼写变体相符。,"n. 舰队, 港湾, 小河
a. 快速的, 敏捷的, 浅的, 短暂的
adv. 浅
vi. 疾驰, 飞逝, 掠过
vt. 消磨, 变换船(或船员)的位置",s:fleets/i:fleeting/p:fleeted/3:fleets/d:fleeted,ecdict-bc015ed2e24a
flesh,gk cet4 ky ielts,"[""cet4-w-352e1d6962dfbd0ab1f3""]",in_selected_syllabus,与当前考纲词形或已登记拼写变体相符。,"n. 肉, 肉体, 肉欲, 人性, 亲属, 人类, 众生, 人体
vt. 以肉喂, 激起...的杀戳情绪, 使肥, 赋以血肉
vi. 长胖",d:fleshed/i:fleshing/s:fleshes/p:fleshed/3:fleshes,ecdict-bc015ed2e24a
flexible,gk cet4 cet6 ky toefl ielts gre,"[""cet4-w-ec22d0f68d7b9061fca8""]",in_selected_syllabus,与当前考纲词形或已登记拼写变体相符。,"a. 易曲的, 灵活的, 柔顺的, 能变形的, 可通融的
[医] 能屈的",,ecdict-bc015ed2e24a
float,gk cet4 cet6 ky toefl ielts,"[""cet4-w-23e22e0bcfeb8b7524a2""]",in_selected_syllabus,与当前考纲词形或已登记拼写变体相符。,"n. 漂流物, 浮舟, 漂浮, 浮萍, 彩车
vi. 浮动, 飘动, 散播, 摇摆, 动摇, 浮动
vt. 使漂浮, 容纳, 淹没, 发行, 实行
[计] 浮动",i:floating/p:floated/d:floated/s:floats/3:floats,ecdict-bc015ed2e24a
flock,cet4 cet6 ky toefl ielts gre,"[""cet4-w-d99db60c3ec48171088c""]",in_selected_syllabus,与当前考纲词形或已登记拼写变体相符。,"n. 兽群, 鸟群, 一群人, 大量, 棉束
vi. 成群而行, 聚集
vt. 用棉束填满",s:flocks/p:flocked/i:flocking/d:flocked/3:flocks,ecdict-bc015ed2e24a
flood,gk cet4 cet6 ky toefl,"[""cet4-w-e661e3de1e0d9afa3233""]",in_selected_syllabus,与当前考纲词形或已登记拼写变体相符。,"n. 洪水, 大量之水, 涨潮
vt. 淹没, 使泛滥, 注满
vi. 被淹, 溢出, 涌进",d:flooded/s:floods/p:flooded/i:flooding/3:floods,ecdict-bc015ed2e24a
flour,gk cet4 cet6 ky toefl ielts,"[""cet4-w-1ae0f9dead3b57edccc8""]",in_selected_syllabus,与当前考纲词形或已登记拼写变体相符。,"n. 面粉, 粉沫, 碎粉
[医] 面粉, 麦粉",s:flours/p:floured/i:flouring/3:flours/d:floured,ecdict-bc015ed2e24a
flourish,cet4 cet6 ky toefl ielts gre,"[""cet4-w-002759122742c2c4af25""]",in_selected_syllabus,与当前考纲词形或已登记拼写变体相符。,"vi. 繁荣, 茂盛, 活跃, 手舞足蹈
vt. 挥舞, 夸耀
n. 挥舞, 炫耀, 茂盛, 兴旺, 华丽词藻",p:flourished/d:flourished/i:flourishing/s:flourishes/3:flourishes,ecdict-bc015ed2e24a
flow,gk cet4 ky,"[""cet4-w-261bd06a13bc475ef197""]",in_selected_syllabus,与当前考纲词形或已登记拼写变体相符。,"n. 流程, 流动, 流量, 洋溢, 泛滥, 涨潮
vi. 流动, 流泄, 畅流, 川流不息, 飘扬, 涌出
vt. 使流动, 淹没, 流出",s:flows/i:flowing/3:flows/p:flowed/d:flowed,ecdict-bc015ed2e24a
flu,zk gk cet4 cet6 ky ielts,"[""cet4-w-ad21098dfb6ad2358689""]",in_selected_syllabus,与当前考纲词形或已登记拼写变体相符。,"n. 流感, 流行性感冒",,ecdict-bc015ed2e24a
fluent,gk cet4 cet6 ky toefl ielts,"[""cet4-w-ac2044128a11ca7e669f""]",in_selected_syllabus,与当前考纲词形或已登记拼写变体相符。,"a. 流利的, 流畅的",,ecdict-bc015ed2e24a
fluid,cet4 cet6 ky toefl ielts,"[""cet4-w-877d8f1391b578aeb7af""]",in_selected_syllabus,与当前考纲词形或已登记拼写变体相符。,"n. 液体, 分泌液, 流体
a. 流动的, 可改变的",s:fluids,ecdict-bc015ed2e24a
flush,cet4 cet6 ky toefl ielts gre,[],outside_selected_syllabus,ECDICT 标签仅作候选；所选考纲四级范围无对应词形，不自动加入。,"n. 流溢, 面红, 旺盛, 发烧, 惊飞的鸟, 同花牌
a. 丰足的, 齐平的, 满盈的, 泛滥的
adv. 齐平地, 直接地
vi. 脸发红, 奔涌, 旺盛, 惊飞
vt. 淹没, 冲洗, 使脸红, 使激动, 使齐平, 使惊飞",p:flushed/i:flushing/d:flushed/s:flushes/3:flushes,ecdict-bc015ed2e24a
focus,gk cet4 cet6 ky toefl ielts,"[""cet4-w-6ff6eef543f48ee6be2b""]",in_selected_syllabus,与当前考纲词形或已登记拼写变体相符。,"n. 焦点, 焦距
vi. 聚焦, 注视
vt. 使聚焦, 调焦, 集中
[计] 焦点",d:focused/i:focusing/3:focuses/p:focused/s:foci,ecdict-bc015ed2e24a
fog,gk cet4 cet6 ky toefl,"[""cet4-w-347bfa9a01062798c533""]",in_selected_syllabus,与当前考纲词形或已登记拼写变体相符。,"n. 雾, 迷惑, (割后的)最生草, 苔藓
vi. 被雾笼罩, 变模糊
vt. 使困惑, 以雾笼罩",s:fogs/i:fogging/d:fogged/p:fogged/3:fogs,ecdict-bc015ed2e24a
fold,gk cet4 cet6 ky toefl gre,"[""cet4-w-7a64bd2280bd1af666a8""]",in_selected_syllabus,与当前考纲词形或已登记拼写变体相符。,"n. 折层, 折, 羊栏, 折痕, 信徒
vt. 折叠, 包, 合拢, 交迭
vi. 折叠起来, 彻底失败
[计] 折叠; 合并",s:folds/d:folded/p:folded/i:folding/3:folds,ecdict-bc015ed2e24a
folk,gk cet4 cet6 ky toefl,"[""cet4-w-37dd2729d79ec9657629""]",in_selected_syllabus,与当前考纲词形或已登记拼写变体相符。,"n. 人们, 家人, 亲属, 民族
a. 民间的",s:folks,ecdict-bc015ed2e24a
follow,zk gk cet4 cet6 ky,"[""cet4-w-90ff622a6f39c2e561b5""]",in_selected_syllabus,与当前考纲词形或已登记拼写变体相符。,"vt. 跟随, 沿行, 遵循, 追求
vi. 跟随, 接着
n. 跟随, 追随",i:following/d:followed/3:follows/p:followed,ecdict-bc015ed2e24a
following,gk cet4 cet6 ky,"[""cet4-w-0d5a54368772f4274af5""]",in_selected_syllabus,与当前考纲词形或已登记拼写变体相符。,"n. 下列各项, 部下, 追随者
a. 下列的, 其次的",0:follow/1:i/i:following/s:followings,ecdict-bc015ed2e24a
fond,gk cet4 cet6 ky,"[""cet4-w-99b344f2bbea993d3a59""]",in_selected_syllabus,与当前考纲词形或已登记拼写变体相符。,"a. 喜欢的, 宠爱的, 温柔的",r:fonder/t:fondest/s:fonds,ecdict-bc015ed2e24a
fool,gk cet4 ky,"[""cet4-w-4a22d708e432e460c664""]",in_selected_syllabus,与当前考纲词形或已登记拼写变体相符。,"n. 愚人, 受骗者, 奶油拌水果
vt. 愚弄, 欺骗, 浪费
vi. 干傻事, 开玩笑, 游荡
a. 傻的",s:fools/d:fooled/i:fooling/p:fooled/3:fools,ecdict-bc015ed2e24a
foolish,gk cet4 ky toefl,"[""cet4-w-c2385db02a5b7a93f7de""]",in_selected_syllabus,与当前考纲词形或已登记拼写变体相符。,"a. 愚蠢的, 傻的",,ecdict-bc015ed2e24a
footstep,cet4 cet6 ky,[],outside_selected_syllabus,ECDICT 标签仅作候选；所选考纲四级范围无对应词形，不自动加入。,"n. 脚步, 脚步声, 足迹",s:footsteps,ecdict-bc015ed2e24a
forbid,gk cet4 cet6 ky toefl gre,"[""cet4-w-619bdd72ad520cd7c462""]",in_selected_syllabus,与当前考纲词形或已登记拼写变体相符。,"vt. 禁止, 不准, 妨碍
[法] 不许, 禁止, 阻止",d:forbidden/p:forbade/3:forbids/i:forbidding,ecdict-bc015ed2e24a
force,zk gk cet4 cet6 ky,"[""cet4-w-10c5c9d82d7be3c136a1""]",in_selected_syllabus,与当前考纲词形或已登记拼写变体相符。,"n. 力量, 武力, 势力, 影响力, 军队, 力, 效力
vt. 强迫, 强夺, 推动, 提高
[计] 人工转移; 强制",s:forces/d:forced/p:forced/i:forcing/3:forces,ecdict-bc015ed2e24a
forecast,gk cet4 cet6 ky toefl ielts gre,"[""cet4-w-7eaa43f4cd3b4ec95eae""]",in_selected_syllabus,与当前考纲词形或已登记拼写变体相符。,"n. 预想, 预测, 预报
vt. 预想, 预测, 预报
[计] 趋势预测",s:forecasts/d:forecast/0:forecast/1:dp/i:forecasting/3:forecasts/p:forecast,ecdict-bc015ed2e24a
forehead,gk cet4 cet6 ky,"[""cet4-w-3e68ad11a197604883cd""]",in_selected_syllabus,与当前考纲词形或已登记拼写变体相符。,"n. 额, 前额, 前部
[医] 额",s:foreheads,ecdict-bc015ed2e24a
foreigner,zk gk cet4 cet6 ky,"[""cet4-w-2d4651904203a48163ea""]",in_selected_syllabus,与当前考纲词形或已登记拼写变体相符。,"n. 外国人, 外地人
[法] 外国人, 进口货, 外国货",s:foreigners,ecdict-bc015ed2e24a
foremost,cet4 cet6 ky toefl ielts,"[""cet4-w-c1b2aad6901e32765049""]",in_selected_syllabus,与当前考纲词形或已登记拼写变体相符。,"a. 最初的, 最重要的
adv. 在最前",t:foremost/0:foremost/1:t,ecdict-bc015ed2e24a
forest,zk gk cet4 cet6 ky ielts,"[""cet4-w-0d4a3f290c086ba83e16""]",in_selected_syllabus,与当前考纲词形或已登记拼写变体相符。,"n. 森林, 林区
vt. 植树于",s:forests/i:foresting/p:forested/3:forests/d:forested,ecdict-bc015ed2e24a
forever,gk cet4 cet6 ky,"[""cet4-w-6f18980169960c3fa8ca""]",in_selected_syllabus,与当前考纲词形或已登记拼写变体相符。,adv. 永远,,ecdict-bc015ed2e24a
forgive,gk cet4 cet6 ky ielts,"[""cet4-w-44c26ae2dbef590c88bc""]",in_selected_syllabus,与当前考纲词形或已登记拼写变体相符。,"vt. 原谅, 宽恕, 免除
[法] 免除, 宽恕, 原谅",d:forgiven/p:forgave/3:forgives/i:forgiving,ecdict-bc015ed2e24a
fork,zk gk cet4 cet6 ky,"[""cet4-w-30d08e4779dcb61f69db""]",in_selected_syllabus,与当前考纲词形或已登记拼写变体相符。,"n. 叉子, 叉状物, 分岔
vi. 分支, 分歧
vt. 做成叉形, 叉起
[计] 派生指令",s:forks/p:forked/i:forking/d:forked/3:forks,ecdict-bc015ed2e24a
formal,cet4 cet6 ky toefl ielts,"[""cet4-w-ad1feba0697d8ebbcdbf""]",in_selected_syllabus,与当前考纲词形或已登记拼写变体相符。,"a. 正式的, 形式的, 礼仪的, 拘于礼节的, 拘谨的
n. 正式的社交活动",,ecdict-bc015ed2e24a
formation,cet4 cet6 ky toefl gre,"[""cet4-w-817da9a2b9ed5729a4e8""]",in_selected_syllabus,与当前考纲词形或已登记拼写变体相符。,"n. 形成, 构造, 编队
[医] 形成, 结构",s:formations,ecdict-bc015ed2e24a
former,gk cet4 ky toefl ielts,"[""cet4-w-c7d81c8d9213763b157f""]",in_selected_syllabus,与当前考纲词形或已登记拼写变体相符。,"a. 从前的, 前者的
n. 起形成作用的人(或物), 模型, 样板",s:formers,ecdict-bc015ed2e24a
formula,cet4 cet6 ky toefl ielts gre,"[""cet4-w-04d53d55413878a9fd02""]",in_selected_syllabus,与当前考纲词形或已登记拼写变体相符。,"n. 客套语, 公式, 准则
[计] 公式",s:formulae,ecdict-bc015ed2e24a
forth,cet4 cet6 ky toefl,"[""cet4-w-2f2b4ca326af3e5b4773""]",in_selected_syllabus,与当前考纲词形或已登记拼写变体相符。,"adv. 往前, 以后, 向外",,ecdict-bc015ed2e24a
fortnight,gk cet4 cet6 ky ielts,[],outside_selected_syllabus,ECDICT 标签仅作候选；所选考纲四级范围无对应词形，不自动加入。,n. 两星期,s:fortnights,ecdict-bc015ed2e24a
fortunate,gk cet4 cet6 ky toefl,"[""cet4-w-3f6a4a8e66d72c6014fe""]",in_selected_syllabus,与当前考纲词形或已登记拼写变体相符。,"a. 幸运的, 幸福的",,ecdict-bc015ed2e24a
fortunately,cet4 cet6,[],outside_selected_syllabus,ECDICT 标签仅作候选；所选考纲四级范围无对应词形，不自动加入。,"adv. 幸运地, 幸亏",,ecdict-bc015ed2e24a
fortune,gk cet4 cet6 ky toefl,"[""cet4-w-08f68c54599e778cd120""]",in_selected_syllabus,与当前考纲词形或已登记拼写变体相符。,"n. 财富, 运气, 兴隆, 大量财产, 好运, 命运
[法] 命运, 财产, 大量财产",s:fortunes,ecdict-bc015ed2e24a
found,gk cet4 cet6 ky,"[""cet4-w-061c67da9148dbd355d2""]",in_selected_syllabus,与当前考纲词形或已登记拼写变体相符。,"vt. 建立, 创立, 铸造
find的过去式和过去分词",0:find/1:dp/d:founded/p:founded/i:founding/3:founds,ecdict-bc015ed2e24a
foundation,cet4 cet6 ky,"[""cet4-w-eb19929c92001c42974d""]",in_selected_syllabus,与当前考纲词形或已登记拼写变体相符。,"n. 基础, 根据, 建立
[化] 地基",s:foundations,ecdict-bc015ed2e24a
fountain,gk cet4 cet6 ky toefl ielts,"[""cet4-w-e894c5c206a0bbb0c091""]",in_selected_syllabus,与当前考纲词形或已登记拼写变体相符。,"n. 水源, 源, 喷泉, 泉水, 本源
[医] 泉",s:fountains/p:fountained/i:fountaining,ecdict-bc015ed2e24a
fox,zk gk cet4 cet6 ky,"[""cet4-w-cd8c36fcc67779d5c0d9""]",in_selected_syllabus,与当前考纲词形或已登记拼写变体相符。,"n. 狐狸, 狡猾的人
vi. 奸狡地行动, (书页)生斑, 变酸
vt. 欺骗, 使变酸, 为(鞋等)换面, 使生黄斑",s:foxes/d:foxed/p:foxed/i:foxing/3:foxes,ecdict-bc015ed2e24a
fraction,cet4 cet6 ky toefl ielts gre,"[""cet4-w-b77d02cac0007ea83bd4""]",in_selected_syllabus,与当前考纲词形或已登记拼写变体相符。,"n. 小部分, 破片, 分数
[医] 部分, 成分, 分散",s:fractions/i:fractioning/p:fractioned/3:fractions/d:fractioned,ecdict-bc015ed2e24a
fragment,cet4 cet6 ky toefl ielts gre,"[""cet4-w-474d22edc44fb6593271""]",in_selected_syllabus,与当前考纲词形或已登记拼写变体相符。,"n. 碎片, 破片, 片段
[计] 段落; 片段; 分段",s:fragments/d:fragmented/i:fragmenting/3:fragments/p:fragmented,ecdict-bc015ed2e24a
frame,cet4 cet6 ky toefl,"[""cet4-w-30c9c68ff6144013c7cb""]",in_selected_syllabus,与当前考纲词形或已登记拼写变体相符。,"n. 框, 结构, 体格
vt. 构成, 设计, 制定, 使适合, 陷害
[计] 框架, 图文框, 帧",s:frames/d:framed/i:framing/p:framed/3:frames,ecdict-bc015ed2e24a
framework,gk cet4 cet6 ky toefl ielts,"[""cet4-w-745635c59ac782a9b51b""]",in_selected_syllabus,与当前考纲词形或已登记拼写变体相符。,"n. 结构, 骨架, 参照标准, 准则, 观点
[医] 构架组织",s:frameworks,ecdict-bc015ed2e24a
France,cet4 cet6 ielts,[],outside_selected_syllabus,ECDICT 标签仅作候选；所选考纲四级范围无对应词形，不自动加入。,n. 法国,,ecdict-bc015ed2e24a
frank,cet4 cet6 ky toefl,"[""cet4-w-e8a896c58c9e655f6efa""]",in_selected_syllabus,与当前考纲词形或已登记拼写变体相符。,"a. 坦白的, 率直的, 老实的
vt. 免费邮寄
n. 免费邮寄特权",d:franked/t:frankest/r:franker/i:franking/p:franked/3:franks,ecdict-bc015ed2e24a
freedom,gk cet4 cet6 ky ielts,"[""cet4-w-3181677481c618cc041a""]",in_selected_syllabus,与当前考纲词形或已登记拼写变体相符。,"n. 自由, 坦率, 特权
[法] 自由, 自主, 免除",s:freedoms,ecdict-bc015ed2e24a
freely,cet4 cet6,[],outside_selected_syllabus,ECDICT 标签仅作候选；所选考纲四级范围无对应词形，不自动加入。,"adv. 自由地, 随意地, 无拘束地, 直率地, 坦白地, 慷慨地, 免费地, 大量地
[计] 浮动地",,ecdict-bc015ed2e24a
freeze,zk gk cet4 cet6 ky,"[""cet4-w-e6b70b8c928aaeac5fbe""]",in_selected_syllabus,与当前考纲词形或已登记拼写变体相符。,"vi. 冻结, 冷冻, 僵硬, 楞住
vt. 使结冰, 使冻住, 使呆住
n. 结冰, 凝固
[计] 冻结",d:frozen/p:froze/3:freezes/i:freezing/s:freezes,ecdict-bc015ed2e24a
freight,cet4 cet6 ky toefl ielts gre,"[""cet4-w-dc536b21ebe60bcf2622""]",in_selected_syllabus,与当前考纲词形或已登记拼写变体相符。,"n. 船货, 运费, 货运
vt. 装货, 使充满, 以货运运送, 租(或出租)(船等)",s:freights/d:freighted/i:freighting/p:freighted/3:freights,ecdict-bc015ed2e24a
frequency,cet4 cet6 ky ielts gre,"[""cet4-w-13d7f72c6971d7c98a3a""]",in_selected_syllabus,与当前考纲词形或已登记拼写变体相符。,"n. 频率, 频数
[计] 频率",s:frequencies,ecdict-bc015ed2e24a
frequent,gk cet4 cet6 ky toefl ielts gre,"[""cet4-w-ccf8216bdcab98cbf1b4""]",in_selected_syllabus,与当前考纲词形或已登记拼写变体相符。,"a. 时常发生的, 频繁的, 快速的
vt. 时常来访, 常常聚集, 常与...交往",d:frequented/p:frequented/i:frequenting/3:frequents,ecdict-bc015ed2e24a
frequently,cet4 cet6,[],outside_selected_syllabus,ECDICT 标签仅作候选；所选考纲四级范围无对应词形，不自动加入。,"adv. 频繁, 经常地",,ecdict-bc015ed2e24a
fresh,zk gk cet4 cet6 ky,"[""cet4-w-bb89e3d14e5e3cd24c41""]",in_selected_syllabus,与当前考纲词形或已登记拼写变体相符。,"a. 新鲜的, 新奇的, 另外的, 淡的, 精神饱满的, 冒失的
adv. 最新地, 刚刚
n. 开始, 泛滥",r:fresher/t:freshest,ecdict-bc015ed2e24a
friction,gk cet4 cet6 ky toefl ielts gre,[],outside_selected_syllabus,ECDICT 标签仅作候选；所选考纲四级范围无对应词形，不自动加入。,"n. 摩擦, 摩擦治疗, 不和
[医] 摩擦",s:frictions/p:frictioned,ecdict-bc015ed2e24a
fridge,zk cet4 cet6 ky ielts,"[""cet4-w-32de540362a360baf4b7""]",in_selected_syllabus,与当前考纲词形或已登记拼写变体相符。,n. 电冰箱,s:fridges,ecdict-bc015ed2e24a
frighten,gk cet4 cet6 ky,"[""cet4-w-9e00a199ae0f6d024481""]",in_selected_syllabus,与当前考纲词形或已登记拼写变体相符。,"vt. 使惊吓
vi. 惊恐",d:frightened/p:frightened/3:frightens/i:frightening,ecdict-bc015ed2e24a
frog,zk gk cet4 cet6 ky,"[""cet4-w-63955e831c20a50f3bf9""]",in_selected_syllabus,与当前考纲词形或已登记拼写变体相符。,"n. 青蛙
[医] 蛙, 马蹄叉",s:frogs/d:frogged/p:frogged/i:frogging/3:frogs,ecdict-bc015ed2e24a
frontier,gk cet4 cet6 ky toefl ielts,"[""cet4-w-66ecbc267b135c8a0662""]",in_selected_syllabus,与当前考纲词形或已登记拼写变体相符。,"n. 边界, 边境
[法] 国境, 边境, 边界",s:frontiers,ecdict-bc015ed2e24a
frost,gk cet4 cet6 ky toefl ielts,"[""cet4-w-f009c76f89dd6a1d2d2e""]",in_selected_syllabus,与当前考纲词形或已登记拼写变体相符。,"n. 霜, 冰冻, 冷漠
vt. 覆着霜, 冻结, 结霜
vi. 受冻, 起霜",s:frosts/i:frosting/d:frosted/p:frosted/3:frosts,ecdict-bc015ed2e24a
frown,cet4 cet6 ky toefl ielts,[],outside_selected_syllabus,ECDICT 标签仅作候选；所选考纲四级范围无对应词形，不自动加入。,"n. 皱眉
vi. 皱眉头
vt. 皱眉表示",p:frowned/i:frowning/d:frowned/3:frowns/s:frowns,ecdict-bc015ed2e24a
fruitful,cet4 cet6 ky toefl,"[""cet4-w-e06cd7c779eeb1b1f0d4""]",in_selected_syllabus,与当前考纲词形或已登记拼写变体相符。,"a. 结果实的, 多实的, 产量多的",,ecdict-bc015ed2e24a
frustrate,cet4 cet6 ky toefl ielts gre,"[""cet4-w-df9f6482f6e68bf99922""]",in_selected_syllabus,与当前考纲词形或已登记拼写变体相符。,"vt. 挫败, 击败, 破坏
a. 无益的, 挫败的, 挫折的",d:frustrated/p:frustrated/3:frustrates/i:frustrating,ecdict-bc015ed2e24a
fry,gk cet4 cet6 ky ielts,"[""cet4-w-68410374f4ca744132a7""]",in_selected_syllabus,与当前考纲词形或已登记拼写变体相符。,"n. 油炸食物, 鱼苗
v. 油炸, 煎",s:fries/i:frying/d:fried/p:fried/3:fries,ecdict-bc015ed2e24a
fuel,gk cet4 ky toefl ielts,"[""cet4-w-527ea542f03354088ca3""]",in_selected_syllabus,与当前考纲词形或已登记拼写变体相符。,"n. 燃料, 木炭
vt. 加燃料, 供燃料
vi. 得到燃料",s:fuels/d:fuelled/p:fuelled/i:fuelling/3:fuels,ecdict-bc015ed2e24a
fulfil,cet4 cet6 ielts gre,"[""cet4-w-65e8a82a1709fbcd81cd""]",in_selected_syllabus,与当前考纲词形或已登记拼写变体相符。,"vt. 实践, 履行, 实行, 完成, 结束, 满足
[经] 履行(契约), 满期",d:fulfilled/i:fulfilling/3:fulfils/p:fulfilled,ecdict-bc015ed2e24a
function,gk cet4 cet6 ky ielts,"[""cet4-w-adddad17fef1cd470e62""]",in_selected_syllabus,与当前考纲词形或已登记拼写变体相符。,"n. 官能, 职务, 功能, 函数
vi. 活动, 运行, 行使职责
[计] 功能, 函数",s:functions/i:functioning/p:functioned/3:functions/d:functioned,ecdict-bc015ed2e24a
fund,cet4 cet6 ky toefl,"[""cet4-w-0c92130eb9f1d08e0944""]",in_selected_syllabus,与当前考纲词形或已登记拼写变体相符。,"n. 基金, 资金, 存款, 财源, 贮藏
vt. 提供资金, 积累",s:funds/d:funded/i:funding/p:funded/3:funds,ecdict-bc015ed2e24a
fundamental,gk cet4 cet6 ky toefl ielts gre,"[""cet4-w-da834e901d59ac7689f5""]",in_selected_syllabus,与当前考纲词形或已登记拼写变体相符。,"n. 基本原理, 原则, 基波
a. 基本的, 重要的, 原音的",s:fundamentals,ecdict-bc015ed2e24a
funeral,gk cet4 cet6 ky ielts,"[""cet4-w-0573ddb671dc98d4ca78""]",in_selected_syllabus,与当前考纲词形或已登记拼写变体相符。,"n. 葬礼, 出殡",s:funerals,ecdict-bc015ed2e24a
funny,zk gk cet4 ky,"[""cet4-w-3495bcccb28a7d890023""]",in_selected_syllabus,与当前考纲词形或已登记拼写变体相符。,"a. 好笑的, 有趣的, 滑稽的
n. 滑稽人物",t:funniest/r:funnier/s:funnies,ecdict-bc015ed2e24a
fur,gk cet4 cet6 ky toefl ielts,"[""cet4-w-2043e97c4bcb0bd4cd6e""]",in_selected_syllabus,与当前考纲词形或已登记拼写变体相符。,"n. 毛皮
vt. 以毛皮制作, 使生苔, 使生水垢
vi. 生苔, 积水垢",s:furs/p:furred/d:furred/i:furring,ecdict-bc015ed2e24a
furious,cet4 cet6 ky toefl ielts,[],outside_selected_syllabus,ECDICT 标签仅作候选；所选考纲四级范围无对应词形，不自动加入。,"a. 狂怒的, 激烈的, 吵闹的",,ecdict-bc015ed2e24a
furnace,cet4 cet6 ky toefl ielts gre,"[""cet4-w-3a409cb41e499936c39f""]",in_selected_syllabus,与当前考纲词形或已登记拼写变体相符。,"n. 火炉, 熔炉, 考验
vt. 在炉中烧",s:furnaces,ecdict-bc015ed2e24a
furnish,cet4 cet6 ky toefl ielts,"[""cet4-w-9c73fc5dd41ff7ac0e2c""]",in_selected_syllabus,与当前考纲词形或已登记拼写变体相符。,"vt. 供给, 提供, 装设
[化] 供应; 供给; 配料",d:furnished/p:furnished/i:furnishing/3:furnishes,ecdict-bc015ed2e24a
furniture,zk gk cet4 cet6 ky toefl ielts,"[""cet4-w-7573ace409a9045f189d""]",in_selected_syllabus,与当前考纲词形或已登记拼写变体相符。,"n. 家具, 帆具",,ecdict-bc015ed2e24a
further,cet4 cet6 ky toefl ielts,"[""cet4-w-beac2ae534b13a56b4a2""]",in_selected_syllabus,与当前考纲词形或已登记拼写变体相符。,"a. 更远的, 此外的, 更多的
vt. 促进, 增进, 助长
adv. 更进一步地, 更远地, 此外",0:far/1:r/i:furthering/d:furthered/p:furthered/3:furthers,ecdict-bc015ed2e24a
furthermore,cet4 cet6 ky,"[""cet4-w-582a3ff0a35bd053be1d""]",in_selected_syllabus,与当前考纲词形或已登记拼写变体相符。,"adv. 此外, 而且",,ecdict-bc015ed2e24a
gain,gk cet4 cet6 ky,"[""cet4-w-59011d2a324608d15335""]",in_selected_syllabus,与当前考纲词形或已登记拼写变体相符。,"n. 增益, 获得, 利润, 收获, 增加
vt. 得到, 增进, 赚到
vi. 获利, 增加
[计] 增益",d:gained/s:gains/p:gained/i:gaining/3:gains,ecdict-bc015ed2e24a
gallery,gk cet4 cet6 ky toefl ielts,"[""cet4-w-3010641a1eec9d5c8f7f""]",in_selected_syllabus,与当前考纲词形或已登记拼写变体相符。,"n. 走廊, 最高楼座, 画廊, 收集, 图库
[计] 图库",s:galleries,ecdict-bc015ed2e24a
gallon,gk cet4 cet6 ky toefl gre,"[""cet4-w-7c057c68540c835be93d""]",in_selected_syllabus,与当前考纲词形或已登记拼写变体相符。,"n. 加仑
[医] 加仑",s:gallons,ecdict-bc015ed2e24a
gang,cet4 cet6 ky ielts,"[""cet4-w-1849c5922277b2b6c9fd""]",in_selected_syllabus,与当前考纲词形或已登记拼写变体相符。,"n. 队, 群, 帮
vi. 成群结队, 结成一伙
vt. 使成群结队",s:gangs/i:ganging/p:ganged/d:ganged/3:gangs,ecdict-bc015ed2e24a
gap,cet4 cet6 ky toefl ielts,"[""cet4-w-dd5c27bafbfec27fe2b0""]",in_selected_syllabus,与当前考纲词形或已登记拼写变体相符。,"n. 缝隙, 缺口, 间断, 间距, 通用汇编程序
vt. 打开缺口, 造成缝隙
vi. 豁开
[计] 通用汇编程序, 图形应用程序, 间距",s:gaps/i:gapping/p:gapped/3:gaps/d:gapped,ecdict-bc015ed2e24a
garage,gk cet4 cet6 ky ielts,"[""cet4-w-d49d579f1f4b6769208e""]",in_selected_syllabus,与当前考纲词形或已登记拼写变体相符。,"n. 车库, 汽车修理厂, 机库
vt. 把车送入修车场",s:garages/i:garaging/d:garaged/p:garaged/3:garages,ecdict-bc015ed2e24a
garbage,gk cet4 cet6 ky toefl ielts,"[""cet4-w-4e2c5e1004d84855a537""]",in_selected_syllabus,与当前考纲词形或已登记拼写变体相符。,"n. 垃圾, 废物
[计] 无用信息",,ecdict-bc015ed2e24a
gardener,cet4 cet6,"[""cet4-w-d9de350275a80535d0df""]",in_selected_syllabus,与当前考纲词形或已登记拼写变体相符。,"n. 园丁, 花匠, 园艺家",s:gardeners,ecdict-bc015ed2e24a
gas,gk cet4 ky,"[""cet4-w-8ed6f84436cb30477912""]",in_selected_syllabus,与当前考纲词形或已登记拼写变体相符。,"n. 气体, 汽油, 瓦斯
[化] 气体; 煤气; 瓦斯; 毒气",s:gases/i:gassing/p:gassed/3:gasses/d:gassed,ecdict-bc015ed2e24a
gaseous,cet4 cet6 toefl gre,[],outside_selected_syllabus,ECDICT 标签仅作候选；所选考纲四级范围无对应词形，不自动加入。,"a. 气体的, 气态的, 无实质的
[医] 气[体]的",,ecdict-bc015ed2e24a
gasoline,cet4 cet6 ky toefl,"[""cet4-w-aa3a95d6f4a07b7baabe""]",in_selected_syllabus,与当前考纲词形或已登记拼写变体相符。,"n. 汽油
[化] 汽油",,ecdict-bc015ed2e24a
gasp,cet4 cet6 ky toefl ielts,[],outside_selected_syllabus,ECDICT 标签仅作候选；所选考纲四级范围无对应词形，不自动加入。,"n. 喘气
vi. 喘气, 喘息, 渴望
vt. 气喘吁吁地说",p:gasped/i:gasping/s:gasps/3:gasps/d:gasped,ecdict-bc015ed2e24a
gather,gk cet4 cet6 ky,"[""cet4-w-ad5e9479fa5b79000b3c""]",in_selected_syllabus,与当前考纲词形或已登记拼写变体相符。,"n. 集合, 聚集
vi. 聚集, 集合, 渐增
vt. 使聚集, 搜集, 积聚",d:gathered/p:gathered/i:gathering/3:gathers,ecdict-bc015ed2e24a
gauge,cet4 cet6 ky toefl ielts gre,[],outside_selected_syllabus,ECDICT 标签仅作候选；所选考纲四级范围无对应词形，不自动加入。,"n. 标准度量, 计量器
vt. 精确计量, 估计
[计] 线规",s:gauges/d:gauged/i:gauging/p:gauged/3:gauges,ecdict-bc015ed2e24a
gay,gk cet4 cet6 ky,"[""cet4-w-cb7837f0bf187eca0c2a""]",in_selected_syllabus,与当前考纲词形或已登记拼写变体相符。,"a. 欢快的, 艳丽的, 快乐的, 放荡的",s:gays,ecdict-bc015ed2e24a
gaze,cet4 cet6 ky toefl gre,"[""cet4-w-cb6eca9ad995fd51d3a5""]",in_selected_syllabus,与当前考纲词形或已登记拼写变体相符。,"n. 注视, 凝视
vi. 注视, 凝视",p:gazed/i:gazing/3:gazes/d:gazed/s:gazes,ecdict-bc015ed2e24a
gear,cet4 cet6 ky toefl ielts gre,"[""cet4-w-796c5c684518c3ad4cdb""]",in_selected_syllabus,与当前考纲词形或已登记拼写变体相符。,"n. 齿轮, 工具
vt. 以齿轮连起, 开动, 使适应, 安排
vi. 连接上, 适合",d:geared/s:gears/p:geared/i:gearing/3:gears,ecdict-bc015ed2e24a
gene,cet4 ky ielts gre,"[""cet4-w-66d3dee29a254e77b37a""]",in_selected_syllabus,与当前考纲词形或已登记拼写变体相符。,"n. 基因
[化] 基因(遗传因子)",s:genes,ecdict-bc015ed2e24a
general,zk gk cet4 cet6 ky toefl ielts,"[""cet4-w-a5a0134f39f19e256c4c""]",in_selected_syllabus,与当前考纲词形或已登记拼写变体相符。,"n. 一般, 将军, 大体
a. 全面的, 大体的, 总的, 一般的, 普遍的
n. 常规
[计] 常规",s:generals,ecdict-bc015ed2e24a
generally,cet4 cet6 toefl,"[""cet4-w-358faf103d89f67bc95c""]",in_selected_syllabus,与当前考纲词形或已登记拼写变体相符。,"adv. 通常, 逐渐地, 普遍地",,ecdict-bc015ed2e24a
generate,cet4 cet6 ky toefl ielts gre,"[""cet4-w-af755b5c3e26b077a212""]",in_selected_syllabus,与当前考纲词形或已登记拼写变体相符。,"vt. 产生, 发生, 导致
[电] 产生",d:generated/3:generates/p:generated/i:generating,ecdict-bc015ed2e24a
generation,gk cet4 cet6 ky gre,"[""cet4-w-cb0b02f9f270b328305c""]",in_selected_syllabus,与当前考纲词形或已登记拼写变体相符。,"n. 一代, 一世, 产生
[医] 生殖, 世代",s:generations,ecdict-bc015ed2e24a
generator,cet4 cet6 ky gre,"[""cet4-w-e68dad95a6cbe92639f5""]",in_selected_syllabus,与当前考纲词形或已登记拼写变体相符。,"n. 产生器, 发电机, 生产者
[计] 发生器",s:generators,ecdict-bc015ed2e24a
generous,gk cet4 cet6 ky toefl ielts,"[""cet4-w-8faca6352211f299dec5""]",in_selected_syllabus,与当前考纲词形或已登记拼写变体相符。,"a. 慷慨的, 有雅量的, 大量的, 丰富的",,ecdict-bc015ed2e24a
genetic,cet4 ky toefl ielts gre,"[""cet4-w-146d810906f431902cbd""]",in_selected_syllabus,与当前考纲词形或已登记拼写变体相符。,"a. 创始的, 遗传的, 起源的, 遗传学的
[医] 生殖的, 遗传的",,ecdict-bc015ed2e24a
genius,cet4 cet6 ky toefl ielts,"[""cet4-w-28048179230cd89b3391""]",in_selected_syllabus,与当前考纲词形或已登记拼写变体相符。,"n. 天才, 天赋, 精神, 神魔
[医] 特征",s:geniuses,ecdict-bc015ed2e24a
gentle,gk cet4 cet6 ky toefl ielts gre,"[""cet4-w-cf4f9fcdc6d0766d9faa""]",in_selected_syllabus,与当前考纲词形或已登记拼写变体相符。,"a. 温和的, 文雅的",p:gentled/i:gentling/d:gentled/3:gentles,ecdict-bc015ed2e24a
gentleman,zk gk cet4 cet6 ky,"[""cet4-w-04e5fdc40231f4a1f6e8""]",in_selected_syllabus,与当前考纲词形或已登记拼写变体相符。,"n. 绅士, 先生",s:gentlemen,ecdict-bc015ed2e24a
gently,cet4 cet6 ky,[],outside_selected_syllabus,ECDICT 标签仅作候选；所选考纲四级范围无对应词形，不自动加入。,"adv. 温和地, 温柔地, 轻轻地, 逐渐地",,ecdict-bc015ed2e24a
genuine,cet4 cet6 ky toefl ielts gre,"[""cet4-w-b9a56c31c8411143aa42""]",in_selected_syllabus,与当前考纲词形或已登记拼写变体相符。,"a. 真正的, 真实的, 诚恳的
[医] 真性的",,ecdict-bc015ed2e24a
geography,zk gk cet4 cet6 ky ielts,"[""cet4-w-96e6ee81e43c6e97bbe5""]",in_selected_syllabus,与当前考纲词形或已登记拼写变体相符。,"n. 地理学, 地理
[医] 地理",s:geographies,ecdict-bc015ed2e24a
geology,cet4 cet6 ky ielts,"[""cet4-w-e6fcd8b15a879d85f5f3""]",in_selected_syllabus,与当前考纲词形或已登记拼写变体相符。,"n. 地质学, 地质情况",s:geologies,ecdict-bc015ed2e24a
geometry,gk cet4 cet6 ky toefl ielts,"[""cet4-w-7ffd692529e5e6247fcd""]",in_selected_syllabus,与当前考纲词形或已登记拼写变体相符。,"n. 几何学
[机] 几何学",s:geometries,ecdict-bc015ed2e24a
germ,cet4 cet6 ky toefl ielts gre,"[""cet4-w-bfca1940664d0878ae89""]",in_selected_syllabus,与当前考纲词形或已登记拼写变体相符。,"n. 细菌, 种子, 生殖细胞, 根源
[医] 芽胞, 胚, 胚芽, 病菌",s:germs/3:germs,ecdict-bc015ed2e24a
German,gk cet4 cet6 ielts,[],outside_selected_syllabus,ECDICT 标签仅作候选；所选考纲四级范围无对应词形，不自动加入。,"n. 德国人, 德语
a. 德国的, 德国人的, 德国语的, 同父母的",s:germans,ecdict-bc015ed2e24a
Germany,gk cet4 cet6 ielts,[],outside_selected_syllabus,ECDICT 标签仅作候选；所选考纲四级范围无对应词形，不自动加入。,n. 德国,,ecdict-bc015ed2e24a
gesture,zk gk cet4 cet6 ky ielts gre,"[""cet4-w-1ec4d313f13563fd4967""]",in_selected_syllabus,与当前考纲词形或已登记拼写变体相符。,"n. 手势, 姿态
vi. 作手势, 作姿态",s:gestures/p:gestured/i:gesturing/3:gestures/d:gestured,ecdict-bc015ed2e24a
ghost,cet4 ky,"[""cet4-w-f1b95814ce85ba630e25""]",in_selected_syllabus,与当前考纲词形或已登记拼写变体相符。,"n. 鬼, 灵魂, 幻影, 一丝, 一点
v. 鬼似地游荡",s:ghosts/p:ghosted/i:ghosting/3:ghosts/d:ghosted,ecdict-bc015ed2e24a
giant,cet4 cet6 ky toefl,"[""cet4-w-355a7c232a380c51ebb6""]",in_selected_syllabus,与当前考纲词形或已登记拼写变体相符。,"n. 巨人, 大力士, 巨大怪物
a. 庞大的, 巨大的",s:giants,ecdict-bc015ed2e24a
glance,gk cet4 cet6 ky gre,"[""cet4-w-9668fb1401be9af0f900""]",in_selected_syllabus,与当前考纲词形或已登记拼写变体相符。,"n. 一瞥, 闪光, 掠过, 辉矿类
vi. 扫视, 闪光, 掠过, 提到, 略说
vt. 扫视, 反射, 使掠过",p:glanced/i:glancing/s:glances/3:glances/d:glanced,ecdict-bc015ed2e24a
glare,gk cet4 cet6 ky toefl ielts gre,[],outside_selected_syllabus,ECDICT 标签仅作候选；所选考纲四级范围无对应词形，不自动加入。,"n. 闪耀光, 刺眼
vi. 发眩光, 瞪视
vt. 瞪眼表示",p:glared/i:glaring/3:glares/s:glares/d:glared,ecdict-bc015ed2e24a
glide,cet4 cet6 ky toefl ielts gre,[],outside_selected_syllabus,ECDICT 标签仅作候选；所选考纲四级范围无对应词形，不自动加入。,"n. 滑动, 滑过, 流水
vi. 滑动, 滑翔, 溜走, 流逝
vt. 使滑动",i:gliding/p:glided/3:glides/s:glides/d:glided,ecdict-bc015ed2e24a
glimpse,cet4 cet6 ky toefl ielts gre,"[""cet4-w-ba695b39800d56fe085a""]",in_selected_syllabus,与当前考纲词形或已登记拼写变体相符。,"n. 一瞥, 一闪
vi. 投以一瞥, 闪烁不定
vt. 瞥见",s:glimpses/p:glimpsed/d:glimpsed/i:glimpsing/3:glimpses,ecdict-bc015ed2e24a
glitter,cet4 cet6 ky ielts gre,[],outside_selected_syllabus,ECDICT 标签仅作候选；所选考纲四级范围无对应词形，不自动加入。,"n. 灿烂, 闪烁, 辉耀
vi. 灿烂, 闪烁, 辉耀",p:glittered/i:glittering/s:glitters/3:glitters/d:glittered,ecdict-bc015ed2e24a
global,cet4 cet6 ky toefl ielts,"[""cet4-w-56b646d110fb6f959be8""]",in_selected_syllabus,与当前考纲词形或已登记拼写变体相符。,"a. 通用的, 全球的, 球形的, 综合的, 普遍的
[计] 共用",,ecdict-bc015ed2e24a
globe,gk cet4 cet6 ky,"[""cet4-w-7836f336659db622d214""]",in_selected_syllabus,与当前考纲词形或已登记拼写变体相符。,"n. 球, 球状物, 地球仪, 天体
v. (使)成球状",s:globes/p:globed,ecdict-bc015ed2e24a
gloomy,cet4 cet6 ky toefl ielts gre,"[""cet4-w-b9d0877f5ed3083512ab""]",in_selected_syllabus,与当前考纲词形或已登记拼写变体相符。,"a. 抑沉的, 忧闷的, 黑暗的, 悲观的",r:gloomier/t:gloomiest/s:gloomies,ecdict-bc015ed2e24a
glorious,cet4 cet6 ky toefl ielts,"[""cet4-w-ce2e4ede9be838066c62""]",in_selected_syllabus,与当前考纲词形或已登记拼写变体相符。,a. 光荣的,,ecdict-bc015ed2e24a
glory,gk cet4 cet6 ky,"[""cet4-w-5ce4ace5891fbc6192f0""]",in_selected_syllabus,与当前考纲词形或已登记拼写变体相符。,"n. 光荣, 荣耀, 荣誉, 壮丽, 繁荣
vi. 自豪",s:glories/p:gloried/i:glorying/3:glories/d:gloried,ecdict-bc015ed2e24a
glove,zk gk cet4 cet6 ky,"[""cet4-w-7521b9118f142ae0222e""]",in_selected_syllabus,与当前考纲词形或已登记拼写变体相符。,"n. 手套
vt. 给...戴手套",s:gloves/i:gloving,ecdict-bc015ed2e24a
glow,cet4 cet6 ky ielts gre,"[""cet4-w-4ce9c143275da5a0f4c4""]",in_selected_syllabus,与当前考纲词形或已登记拼写变体相符。,"n. 赤热, 光辉, 热情, 热烈, 红光
vi. 发红光, 红光焕发, 发热, 洋溢, 激动",p:glowed/i:glowing/3:glows/s:glows/d:glowed,ecdict-bc015ed2e24a
glue,gk cet4 cet6 ky toefl ielts,"[""cet4-w-21359743ff1ef99a1e40""]",in_selected_syllabus,与当前考纲词形或已登记拼写变体相符。,"n. 胶, 粘性物
vt. 粘合, 胶合",d:glued/p:glued/s:glues/i:gluing/3:glues,ecdict-bc015ed2e24a
goal,gk cet4 cet6 ky toefl ielts,"[""cet4-w-07947bba75174ed2aa1e""]",in_selected_syllabus,与当前考纲词形或已登记拼写变体相符。,"n. 目标, 终点, 得分, 球门, 守门员
vi. 攻门, 射门得分",s:goals,ecdict-bc015ed2e24a
goat,zk gk cet4 cet6 ky,"[""cet4-w-01eceb996ea6924031dc""]",in_selected_syllabus,与当前考纲词形或已登记拼写变体相符。,"n. 山羊, 替罪羊, 色鬼",s:goats/d:goat/0:goat/1:d,ecdict-bc015ed2e24a
God,zk gk cet4 ky,"[""cet4-w-563bc9987868065dcca7""]",in_selected_syllabus,与当前考纲词形或已登记拼写变体相符。,"n. 上帝, 神像, 偶像
vt. 使神化",s:gods,ecdict-bc015ed2e24a
gold,zk gk cet4 ky ielts,"[""cet4-w-eeefb2a5a7244a8080b0""]",in_selected_syllabus,与当前考纲词形或已登记拼写变体相符。,"n. 黄金, 钱财, 金块, 金色, 宝贵
a. 金的, 似金的, 金色的, 金制的",s:golds/i:golding,ecdict-bc015ed2e24a
golden,zk gk cet4 cet6 ky,"[""cet4-w-dccb85bac56069b7f055""]",in_selected_syllabus,与当前考纲词形或已登记拼写变体相符。,"a. 金的, 含金的, 金色的, 贵重的, 繁盛的
[法] 金制的, 金色的, 兴隆的",,ecdict-bc015ed2e24a
golf,gk cet4 cet6 ky ielts,"[""cet4-w-11c7a7d6562db42f18cd""]",in_selected_syllabus,与当前考纲词形或已登记拼写变体相符。,"n. 高尔夫球
vi. 打高尔夫球",s:golfs/i:golfing/p:golfed/3:golfs/d:golfed,ecdict-bc015ed2e24a
goodness,gk cet4 cet6 ky,"[""cet4-w-cae84fb979e60a7569c5""]",in_selected_syllabus,与当前考纲词形或已登记拼写变体相符。,"n. 仁慈, 善良",,ecdict-bc015ed2e24a
goods,gk cet4 cet6 ky ielts,"[""cet4-w-4c427babcae2270abbed""]",in_selected_syllabus,与当前考纲词形或已登记拼写变体相符。,"n. 货物
[经] 货物, 商品, 动产",s:goods/0:goods/1:s,ecdict-bc015ed2e24a
goose,zk gk cet4 cet6 ky,"[""cet4-w-95ff782a3d8b6f3f2bd2""]",in_selected_syllabus,与当前考纲词形或已登记拼写变体相符。,"n. 鹅, 雌鹅, 鹅肉, 弯把熨斗
vt. 与...性交, 突然加大油门, 使生色, 喝倒彩",s:geese/d:goosed/p:goosed/i:goosing/3:gooses,ecdict-bc015ed2e24a
govern,gk cet4 cet6 ky toefl,"[""cet4-w-f941892bdef600f6c519""]",in_selected_syllabus,与当前考纲词形或已登记拼写变体相符。,"v. 统治, 支配, 管理",d:governed/i:governing/3:governs/p:governed,ecdict-bc015ed2e24a
government,zk gk cet4 cet6 ky ielts,"[""cet4-w-e8caa0a83b008f1e21e7""]",in_selected_syllabus,与当前考纲词形或已登记拼写变体相符。,"n. 政府, 内阁
[经] 政府, 政治, 政体",s:governments,ecdict-bc015ed2e24a
governor,cet4 cet6 ky toefl,"[""cet4-w-8cdf3635589491daa420""]",in_selected_syllabus,与当前考纲词形或已登记拼写变体相符。,"n. (美)州长, (英)总督, 统治者, 管理者, 理事
[医] 节制器, 调节器",s:governors,ecdict-bc015ed2e24a
gown,gk cet4 cet6 ky ielts,"[""cet4-w-e3c67d608d9b49ac4708""]",in_selected_syllabus,与当前考纲词形或已登记拼写变体相符。,"n. 睡衣, 法衣, 大学全体师生
vt. 使穿睡衣",s:gowns/i:gowning/p:gowned/3:gowns/d:gowned,ecdict-bc015ed2e24a
grace,cet4 cet6 ky toefl ielts gre,"[""cet4-w-ee47bfb2d73473885f95""]",in_selected_syllabus,与当前考纲词形或已登记拼写变体相符。,"n. 优雅, 风度, 慈悲, 恩惠, 体面, 赦免, 恩典, 谢恩祷告
vt. 使优美",d:graced/s:graces/p:graced/i:gracing/3:graces,ecdict-bc015ed2e24a
graceful,cet4 cet6 ky toefl,"[""cet4-w-c21b496e163588daa6cc""]",in_selected_syllabus,与当前考纲词形或已登记拼写变体相符。,a. 优美的,,ecdict-bc015ed2e24a
gracious,cet4 cet6 ky toefl ielts gre,"[""cet4-w-13f033de2401c2be5760""]",in_selected_syllabus,与当前考纲词形或已登记拼写变体相符。,"a. 亲切的, 慈善的",,ecdict-bc015ed2e24a
gradual,cet4 cet6 ky ielts,"[""cet4-w-0e1e5ca543b83e8d922f""]",in_selected_syllabus,与当前考纲词形或已登记拼写变体相符。,"a. 逐渐的, 渐增的
n. 弥撒升阶圣歌",,ecdict-bc015ed2e24a
gradually,gk cet4 cet6,"[""cet4-w-b20711d0bd066d322ddf""]",in_selected_syllabus,与当前考纲词形或已登记拼写变体相符。,adv. 逐渐地,,ecdict-bc015ed2e24a
graduate,gk cet4 cet6 ky toefl,"[""cet4-w-6269f666fe37c125d3cb""]",in_selected_syllabus,与当前考纲词形或已登记拼写变体相符。,"n. 毕业生, 量杯
a. 已得学位的, 研究生的, 毕业的
vi. 毕业, 得学位, 逐渐变为
vt. 准予...毕业, 授予...学位, 分等级, 刻刻度",s:graduates/p:graduated/i:graduating/d:graduated/3:graduates,ecdict-bc015ed2e24a
grain,gk cet4 cet6 ky toefl ielts gre,"[""cet4-w-7534c63e0c92f88a61be""]",in_selected_syllabus,与当前考纲词形或已登记拼写变体相符。,"n. 谷粒, 颗粒, 谷类, 纹理, 本质
v. (使)成谷粒",s:grains/d:grained/p:grained/i:graining/3:grains,ecdict-bc015ed2e24a
grammar,zk gk cet4 cet6 ky ielts,"[""cet4-w-bbbce3dd5108ba295412""]",in_selected_syllabus,与当前考纲词形或已登记拼写变体相符。,"n. 语法学, 入门书
[计] 语法检查",s:grammars,ecdict-bc015ed2e24a
grammatical,cet4 cet6,"[""cet4-w-29e0e8ca3c5a2df140fb""]",in_selected_syllabus,与当前考纲词形或已登记拼写变体相符。,"a. 语法的, 合乎语法的
[法] 语法上的, 符合语法规则的, 文法上的",,ecdict-bc015ed2e24a
gramme,cet4 cet6 ky,"[""cet4-w-7ffa9b268a16abb6b88a""]",in_selected_syllabus,与当前考纲词形或已登记拼写变体相符。,"n. 克
[医] 克",s:grammes,ecdict-bc015ed2e24a
grand,gk cet4 cet6 ky toefl ielts,"[""cet4-w-0591efe41ffcca42f3d5""]",in_selected_syllabus,与当前考纲词形或已登记拼写变体相符。,"a. 庄重的, 壮观的, 显赫的, 重大的, 最高的, 雄伟的, 宏大的, 豪华的, 傲慢的
[法] 重大的, 主要的, 伟大的",r:grander/t:grandest/s:grands,ecdict-bc015ed2e24a
granddaughter,zk gk cet4 cet6,"[""cet4-w-62da543b65a571d9e0bc""]",in_selected_syllabus,与当前考纲词形或已登记拼写变体相符。,"n. 孙女, 外孙女",s:granddaughters,ecdict-bc015ed2e24a
grandfather,zk cet4 cet6,"[""cet4-w-05acdfde18cf9ba19e23""]",in_selected_syllabus,与当前考纲词形或已登记拼写变体相符。,"n. 祖父, 始祖
[电] 原始资料组",s:grandfathers,ecdict-bc015ed2e24a
grandmother,zk cet4 cet6 ky,"[""cet4-w-452846c2ae5dad07704a""]",in_selected_syllabus,与当前考纲词形或已登记拼写变体相符。,"n. 祖母, 女祖先",s:grandmothers,ecdict-bc015ed2e24a
grandson,zk gk cet4 cet6,"[""cet4-w-afc13c38e1ef46a0c563""]",in_selected_syllabus,与当前考纲词形或已登记拼写变体相符。,"n. 孙子, 外孙",s:grandsons,ecdict-bc015ed2e24a
grant,cet4 cet6 ky ielts gre,"[""cet4-w-c054c8216e5a4dba1e95""]",in_selected_syllabus,与当前考纲词形或已登记拼写变体相符。,"n. 授予, 授予物, 允许
vt. 允许, 承认, 授与
[计] 授权命令",d:granted/s:grants/p:granted/i:granting/3:grants,ecdict-bc015ed2e24a
grape,zk gk cet4 cet6 ky,"[""cet4-w-4416e78409e6f8fed576""]",in_selected_syllabus,与当前考纲词形或已登记拼写变体相符。,"n. 葡萄, 葡萄树
[医] 葡萄",s:grapes,ecdict-bc015ed2e24a
graph,gk cet4 cet6 ky toefl ielts,"[""cet4-w-186e21a5a486cb6361d5""]",in_selected_syllabus,与当前考纲词形或已登记拼写变体相符。,"n. 曲线图, 图表, 图形
[计] 图形",s:graphs/i:graphing/p:graphed/3:graphs/d:graphed,ecdict-bc015ed2e24a
grasp,gk cet4 cet6 ky toefl,"[""cet4-w-2582532fa5efeba7126c""]",in_selected_syllabus,与当前考纲词形或已登记拼写变体相符。,"n. 把握, 抓紧, 理解, 抓, 柄, 控制
vt. 抓住, 紧握, 领会
vi. 抓",p:grasped/d:grasped/i:grasping/3:grasps,ecdict-bc015ed2e24a
grateful,gk cet4 cet6 ky toefl gre,"[""cet4-w-c31efee0d543ad88b75e""]",in_selected_syllabus,与当前考纲词形或已登记拼写变体相符。,"a. 感谢的, 感激的, 令人快意的, 受欢迎的",,ecdict-bc015ed2e24a
gratitude,cet4 cet6 ky toefl ielts gre,"[""cet4-w-2a98a94a7fb6e00cfd1e""]",in_selected_syllabus,与当前考纲词形或已登记拼写变体相符。,n. 感激之情,,ecdict-bc015ed2e24a
grave,cet4 cet6 ky ielts gre,"[""cet4-w-35b2122c5ec7503a4567""]",in_selected_syllabus,与当前考纲词形或已登记拼写变体相符。,"n. 墓穴, 坟墓, 终结, 死亡
a. 庄重的, 严肃的, 重大的, 低沉的
vt. 雕刻",s:graves/t:gravest/r:graver/i:graving/p:graven/3:graves/d:graven,ecdict-bc015ed2e24a
gravity,gk cet4 cet6 ky toefl ielts gre,"[""cet4-w-2464f8a1f3c657b2c659""]",in_selected_syllabus,与当前考纲词形或已登记拼写变体相符。,"n. 地心引力, 重力
[化] 重力",s:gravities,ecdict-bc015ed2e24a
gray,cet4 cet6,"[""cet4-w-19dead6b649b9a651926""]",in_selected_syllabus,与当前考纲词形或已登记拼写变体相符。,"n. 灰色, 暗淡
a. 灰色的, 灰白的, 面色苍白的, 年老的, 老练的, 阴沉的
v. (使)变灰色",s:grays/i:graying/p:grayed/3:grays/d:grayed,ecdict-bc015ed2e24a
greatly,cet4 cet6,[],outside_selected_syllabus,ECDICT 标签仅作候选；所选考纲四级范围无对应词形，不自动加入。,"adv. 很, 非常",,ecdict-bc015ed2e24a
greedy,gk cet4 cet6 ky toefl ielts,[],outside_selected_syllabus,ECDICT 标签仅作候选；所选考纲四级范围无对应词形，不自动加入。,"a. 贪婪的, 贪得的, 贪吃的",r:greedier/t:greediest,ecdict-bc015ed2e24a
Greek,gk cet4 cet6,[],outside_selected_syllabus,ECDICT 标签仅作候选；所选考纲四级范围无对应词形，不自动加入。,"n. 希腊人, 希腊语
a. 希腊的, 希腊人的
[计] 希腊",s:greeks,ecdict-bc015ed2e24a
greenhouse,cet4 cet6 ky gre,"[""cet4-w-75238e8224ee06f26bc1""]",in_selected_syllabus,与当前考纲词形或已登记拼写变体相符。,n. 温室,s:greenhouses,ecdict-bc015ed2e24a
greet,gk cet4 cet6 ky,"[""cet4-w-3b8ddbf19894165af961""]",in_selected_syllabus,与当前考纲词形或已登记拼写变体相符。,"vt. 问候, 致敬, 欢迎, 映入眼帘",d:greeted/p:greeted/i:greeting/3:greets,ecdict-bc015ed2e24a
greeting,zk gk cet4 cet6 ky,"[""cet4-w-dfee3bcfbe8f6aaeaea5""]",in_selected_syllabus,与当前考纲词形或已登记拼写变体相符。,"n. 祝贺, 问候",0:greet/1:i/s:greetings/i:greeting,ecdict-bc015ed2e24a
grey,cet4 cet6 ky,"[""cet4-w-19dead6b649b9a651926""]",in_selected_syllabus,与当前考纲词形或已登记拼写变体相符。,"n. 灰色
a. 灰色的, 阴沉的
v. (使)成灰色",s:greys/i:greying/d:greyed/p:greyed/3:greys,ecdict-bc015ed2e24a
grieve,cet4 cet6 ky toefl ielts gre,"[""cet4-w-748fd712802a91e4ba93""]",in_selected_syllabus,与当前考纲词形或已登记拼写变体相符。,"vt. 使悲伤
vi. 悲痛, 伤心",3:grieves/p:grieved/i:grieving/d:grieved,ecdict-bc015ed2e24a
grind,cet4 cet6 ky toefl ielts gre,"[""cet4-w-5b29fd555f01faae5719""]",in_selected_syllabus,与当前考纲词形或已登记拼写变体相符。,"n. 磨, 碾, 苦差, 摩擦声, 用功的学生
vt. 磨擦, 磨碎, 磨光, 折磨, 压榨
vi. 磨, 磨碎, 苦干",d:ground/p:ground/i:grinding/3:grinds/s:grinds,ecdict-bc015ed2e24a
grip,cet4 cet6 ky toefl ielts,"[""cet4-w-573ad3317709dbb0410e""]",in_selected_syllabus,与当前考纲词形或已登记拼写变体相符。,"n. 紧握, 柄, 握力, 握手方式, 手提包, 掌握, 支配, 控制
vt. 抓紧, 抱住, 吸住, 掌握
vi. 握牢, 有吸引力",p:gripped/s:grips/i:gripping/d:gripped/3:grips,ecdict-bc015ed2e24a
groan,cet4 cet6 ky ielts gre,[],outside_selected_syllabus,ECDICT 标签仅作候选；所选考纲四级范围无对应词形，不自动加入。,"n. 呻吟, 叹息
vi. 呻吟, 抱怨, 受压迫
vt. 呻吟地说",p:groaned/i:groaning/s:groans/3:groans/d:groaned,ecdict-bc015ed2e24a
grocer,gk cet4 cet6 ky,"[""cet4-w-eaf3ea5a4cfe767a6020""]",in_selected_syllabus,与当前考纲词形或已登记拼写变体相符。,n. 食品商,s:grocers,ecdict-bc015ed2e24a
grocery,cet4 cet6,"[""cet4-w-e4809c4752f2e8d7b473""]",in_selected_syllabus,与当前考纲词形或已登记拼写变体相符。,"n. 食品杂货店, 食品杂货业",s:groceries,ecdict-bc015ed2e24a
gross,cet4 cet6 ky ielts gre,"[""cet4-w-e698cf7577e6763dda1b""]",in_selected_syllabus,与当前考纲词形或已登记拼写变体相符。,"n. 总数, 总量
a. 总共的, 未打折扣的, 恶劣的, 粗野的
vt. 总共收入",d:grossed/p:grossed/r:grosser/i:grossing/t:grossest/3:grosses,ecdict-bc015ed2e24a
growth,gk cet4 cet6 ky ielts,"[""cet4-w-9b459ecb1e8d9d220ba1""]",in_selected_syllabus,与当前考纲词形或已登记拼写变体相符。,"n. 生长, 栽培, 增长
[计] 等比级数",s:growths,ecdict-bc015ed2e24a
guarantee,gk cet4 cet6 ky toefl ielts gre,"[""cet4-w-32bd9054dba543473cd3""]",in_selected_syllabus,与当前考纲词形或已登记拼写变体相符。,"n. 担保, 抵押品, 保证书
vt. 保证, 担保",d:guaranteed/s:guarantees/3:guarantees/i:guaranteeing/p:guaranteed,ecdict-bc015ed2e24a
guard,zk gk cet4 cet6 ky,"[""cet4-w-4f46a95ced714b6024ee""]",in_selected_syllabus,与当前考纲词形或已登记拼写变体相符。,"n. 守卫者, 警戒, 护卫队, 防护装置
vt. 保卫, 看守, 当心
vi. 防止, 警惕, 警卫, 看守",s:guards/d:guarded/i:guarding/3:guards/p:guarded,ecdict-bc015ed2e24a
guidance,gk cet4 cet6 ky ielts,"[""cet4-w-b1808c2cc7c1c336607c""]",in_selected_syllabus,与当前考纲词形或已登记拼写变体相符。,"n. 指导, 领导
[医] 导",,ecdict-bc015ed2e24a
guide,gk cet4 cet6 ky ielts,"[""cet4-w-22098c47fba9bf2c44d3""]",in_selected_syllabus,与当前考纲词形或已登记拼写变体相符。,"n. 引导者, 导游, 指南, 路标
vt. 指导, 支配, 管理, 带领, 操纵
vi. 任向导
[计] 辅助线",s:guides/d:guided/p:guided/3:guides/i:guiding,ecdict-bc015ed2e24a
guilty,gk cet4 cet6 ky gre,"[""cet4-w-4e74808c213ea96bdd95""]",in_selected_syllabus,与当前考纲词形或已登记拼写变体相符。,"a. 犯罪的, 有过失的, 自觉有错的, 心虚的
[法] 有罪的, 犯罪的, 自觉有罪的",,ecdict-bc015ed2e24a
gulf,cet4 cet6 ky toefl,"[""cet4-w-ecfe0ff818b3543dca27""]",in_selected_syllabus,与当前考纲词形或已登记拼写变体相符。,"n. 海湾, 深渊, 漩涡, 隔阂
vt. 吞没",s:gulfs,ecdict-bc015ed2e24a
gum,cet4 cet6 ky gre,"[""cet4-w-3c63da440a331431f7ba""]",in_selected_syllabus,与当前考纲词形或已登记拼写变体相符。,"n. 树胶, 橡皮, 橡皮糖, 牙床, 老天
vt. 涂以树胶, 用胶粘, 使有粘性
vi. 分泌树胶, 发粘",s:gums/i:gumming/p:gummed/d:gummed/3:gums,ecdict-bc015ed2e24a
gun,zk gk cet4 cet6 ky,"[""cet4-w-abae648f3dc0a9fee908""]",in_selected_syllabus,与当前考纲词形或已登记拼写变体相符。,"n. 枪
[医] 枪",s:guns/d:gunned/i:gunning/p:gunned/3:guns,ecdict-bc015ed2e24a
gunpowder,cet4 cet6,[],outside_selected_syllabus,ECDICT 标签仅作候选；所选考纲四级范围无对应词形，不自动加入。,"n. 火药
[化] 有烟火药; 火药",,ecdict-bc015ed2e24a
guy,cet4 ky ielts gre,"[""cet4-w-6d7f0e21103f9d3aea29""]",in_selected_syllabus,与当前考纲词形或已登记拼写变体相符。,"n. 家伙, 支索
vt. 用支索撑住, 取笑, 嘲弄
vi. 逃跑",s:guys/i:guying/p:guyed/3:guys/d:guyed,ecdict-bc015ed2e24a
gymnasium,zk cet4 cet6 ky ielts,"[""cet4-w-e8b3f17dbb31d1191048""]",in_selected_syllabus,与当前考纲词形或已登记拼写变体相符。,"n. 健身房, 体育馆
[医] 体育馆, 健身室, 运动场",s:gymnasiums,ecdict-bc015ed2e24a
habit,zk gk cet4 cet6 ky ielts,"[""cet4-w-8b55a1dbd297a648c390""]",in_selected_syllabus,与当前考纲词形或已登记拼写变体相符。,"n. 习惯, 嗜好, 习性
vt. 使穿衣",s:habits/i:habiting/p:habited/3:habits/d:habited,ecdict-bc015ed2e24a
habitual,cet4 cet6,"[""cet4-w-f475ae559aa47ec77974""]",in_selected_syllabus,与当前考纲词形或已登记拼写变体相符。,"a. 习惯的, 惯常的, 平常的
[法] 习惯的, 以习惯为常业的, 惯常的",,ecdict-bc015ed2e24a
haircut,gk cet4 cet6,[],outside_selected_syllabus,ECDICT 标签仅作候选；所选考纲四级范围无对应词形，不自动加入。,"n. 理发, (男子的)发式",s:haircuts/i:haircutting,ecdict-bc015ed2e24a
hall,zk gk cet4 cet6 ky toefl ielts,"[""cet4-w-53db7bb6b18a140a5bd5""]",in_selected_syllabus,与当前考纲词形或已登记拼写变体相符。,"n. 门厅, 走廊, 会堂",s:halls/i:halling,ecdict-bc015ed2e24a
halt,cet4 cet6 ky toefl ielts,"[""cet4-w-045a9fef238d198b6671""]",in_selected_syllabus,与当前考纲词形或已登记拼写变体相符。,"n. 停止, 立定, 休息
vt. 使停止, 使立定
vi. 立定, 停止, 蹒跚, 踌躇, 有缺点
[计] 停止",d:halted/p:halted/3:halts/i:halting/s:halts,ecdict-bc015ed2e24a
hamburger,zk gk cet4 cet6 ky toefl,"[""cet4-w-7ccfbdfcad1d11631bc6""]",in_selected_syllabus,与当前考纲词形或已登记拼写变体相符。,"n. 汉堡(德国港口), 肉饼, 汉堡包, 纯精牛肉, 汉堡牛排",s:hamburgers,ecdict-bc015ed2e24a
hammer,gk cet4 cet6 ky toefl gre,"[""cet4-w-66432ddf5799affc760d""]",in_selected_syllabus,与当前考纲词形或已登记拼写变体相符。,"n. 锤, 铁锤, 钉锤
vt. 锤打, 敲打, 钉
vi. 连续锤打
[计] 锤头",i:hammering/s:hammers/p:hammered/d:hammered/3:hammers,ecdict-bc015ed2e24a
handful,gk cet4 cet6 ky toefl,"[""cet4-w-a0f6e029066f82e6d55d""]",in_selected_syllabus,与当前考纲词形或已登记拼写变体相符。,"n. 少数, 一把, 棘手事",s:handfuls,ecdict-bc015ed2e24a
handkerchief,gk cet4 cet6 ky,[],outside_selected_syllabus,ECDICT 标签仅作候选；所选考纲四级范围无对应词形，不自动加入。,"n. 手帕, 头巾, 围巾",s:handkerchiefs,ecdict-bc015ed2e24a
handle,gk cet4 cet6 ky toefl gre,"[""cet4-w-d0c205fbd8eace3a926d""]",in_selected_syllabus,与当前考纲词形或已登记拼写变体相符。,"n. 柄, 把手, 把柄, 柄状物, 手感
vt. 触摸, 运用, 买卖, 处理, 操作
vi. 搬运, 易于操纵
n. 句柄
[计] 句柄",d:handled/i:handling/p:handled/s:handles/3:handles,ecdict-bc015ed2e24a
handsome,zk gk cet4 cet6 ky ielts,"[""cet4-w-03defda7bf19619965fb""]",in_selected_syllabus,与当前考纲词形或已登记拼写变体相符。,"a. 英俊的, 大方的, 慷慨的, 相当可观的, 美观的, 灵敏的",t:handsomest/r:handsomer,ecdict-bc015ed2e24a
handwriting,zk gk cet4 cet6 ky,"[""cet4-w-f90abe848106c44df99b""]",in_selected_syllabus,与当前考纲词形或已登记拼写变体相符。,n. 笔迹,s:handwritings,ecdict-bc015ed2e24a
handy,gk cet4 cet6 ky toefl ielts,"[""cet4-w-a1a68b7a3d89edc52366""]",in_selected_syllabus,与当前考纲词形或已登记拼写变体相符。,"a. 便利的, 敏捷的, 容易取得的
[化] 便于使用的; 易操作的",r:handier/s:handies,ecdict-bc015ed2e24a
hang,zk gk cet4 cet6 ky toefl ielts,"[""cet4-w-df0bd537aab758045b61""]",in_selected_syllabus,与当前考纲词形或已登记拼写变体相符。,"n. 悬挂, 诀窍, 意义
vt. 悬挂, 附着, 装饰, 垂下, 踌躇, 绞死, 使悬而未决
vi. 悬着, 垂下, 被绞死, 悬而不决",i:hanging/p:hung/d:hung/3:hangs,ecdict-bc015ed2e24a
happen,zk gk cet4 ky,"[""cet4-w-7d1606b4110b3c24cb5f""]",in_selected_syllabus,与当前考纲词形或已登记拼写变体相符。,"vi. 发生, 发生, 恰巧",p:happened/3:happens/d:happened/i:happening,ecdict-bc015ed2e24a
happiness,gk cet4,"[""cet4-w-4a5f18ba5ffc5baa1f7f""]",in_selected_syllabus,与当前考纲词形或已登记拼写变体相符。,"n. 快乐, 幸运, 适当",s:happinesses,ecdict-bc015ed2e24a
harbour,gk cet4 cet6 ielts,"[""cet4-w-ed17fdf7435321d45621""]",in_selected_syllabus,与当前考纲词形或已登记拼写变体相符。,"n. 港, 避难所
v. 庇护, 藏匿, (使)入港停泊",i:harbouring/s:harbours/p:harboured/3:harbours/d:harboured,ecdict-bc015ed2e24a
harden,cet4 cet6 ky toefl gre,"[""cet4-w-dd382f0d130286a5a72a""]",in_selected_syllabus,与当前考纲词形或已登记拼写变体相符。,"vt. 使变硬, 使坚强, 使冷酷
vi. 变硬, 变冷酷",d:hardened/i:hardening/p:hardened/3:hardens,ecdict-bc015ed2e24a
hardly,zk gk cet4 cet6 ky toefl,"[""cet4-w-b073f1aeb436ea079a2f""]",in_selected_syllabus,与当前考纲词形或已登记拼写变体相符。,"adv. 刚刚, 几乎不, 勉强是",,ecdict-bc015ed2e24a
hardship,gk cet4 cet6 ky toefl,"[""cet4-w-cacdc2510e02854cce61""]",in_selected_syllabus,与当前考纲词形或已登记拼写变体相符。,"n. 艰难, 辛苦, 苦难
[法] 受苦, 吃苦, 苦难",s:hardships,ecdict-bc015ed2e24a
hardware,cet4 cet6 ky toefl ielts,"[""cet4-w-7fe7a9c9b39a73611724""]",in_selected_syllabus,与当前考纲词形或已登记拼写变体相符。,"n. 硬件, 五金器具, 零件
[计] 硬件",,ecdict-bc015ed2e24a
hare,cet4 cet6,[],outside_selected_syllabus,ECDICT 标签仅作候选；所选考纲四级范围无对应词形，不自动加入。,"n. 野兔
vi. 飞跑",s:hares/i:haring/p:hared/3:hares/d:hared,ecdict-bc015ed2e24a
harm,gk cet4 cet6 ky toefl,"[""cet4-w-8f368e283f3d94ab3454""]",in_selected_syllabus,与当前考纲词形或已登记拼写变体相符。,"n. 伤害, 害处
vt. 伤害, 损害",d:harmed/i:harming/s:harms/3:harms/p:harmed,ecdict-bc015ed2e24a
harmful,gk cet4 cet6 toefl ielts,"[""cet4-w-5e4f2cb67589227de5a5""]",in_selected_syllabus,与当前考纲词形或已登记拼写变体相符。,"a. 有害的, 伤害的",,ecdict-bc015ed2e24a
harmony,gk cet4 cet6 ky toefl ielts gre,"[""cet4-w-cc84f410e50a3a9f6c85""]",in_selected_syllabus,与当前考纲词形或已登记拼写变体相符。,"n. 协调, 和睦, 调和
[电] 和声学",s:harmonies,ecdict-bc015ed2e24a
harness,cet4 cet6 ky toefl ielts gre,"[""cet4-w-99115cbec027e97ab51e""]",in_selected_syllabus,与当前考纲词形或已登记拼写变体相符。,"n. 马具, 挽具状带子, 甲胄
vt. 给...上挽具, 驾驭, 披上甲胄, 利用...以产生动力",d:harnessed/i:harnessing/s:harnesses/3:harnesses/p:harnessed,ecdict-bc015ed2e24a
harsh,cet4 cet6 ky toefl ielts gre,"[""cet4-w-309c4d74fc4fdca86e5c""]",in_selected_syllabus,与当前考纲词形或已登记拼写变体相符。,"a. 粗糙的, 刺耳的, 严厉的
[法] 粗糙的, 严厉的, 苛刻的",r:harsher/t:harshest,ecdict-bc015ed2e24a
harvest,gk cet4 cet6 ky toefl,"[""cet4-w-200b392ab7bec0d0cefc""]",in_selected_syllabus,与当前考纲词形或已登记拼写变体相符。,"n. 收获, 成果, 收获物, 收获期
v. 收割, 收获",d:harvested/i:harvesting/s:harvests/p:harvested/3:harvests,ecdict-bc015ed2e24a
haste,cet4 cet6 ky toefl ielts,"[""cet4-w-86329bdb084c4bb9b090""]",in_selected_syllabus,与当前考纲词形或已登记拼写变体相符。,"n. 匆忙, 急忙",,ecdict-bc015ed2e24a
hasten,cet4 cet6 toefl gre,"[""cet4-w-7f3fe3d66d4e013812d6""]",in_selected_syllabus,与当前考纲词形或已登记拼写变体相符。,"vt. 催促, 加紧
vi. 赶快, 急忙",p:hastened/d:hastened/i:hastening/3:hastens,ecdict-bc015ed2e24a
hasty,cet4 cet6 ky toefl ielts gre,"[""cet4-w-7413bdfc8508080af2a2""]",in_selected_syllabus,与当前考纲词形或已登记拼写变体相符。,"a. 匆匆的, 轻率的, 性怠的",t:hastiest/r:hastier,ecdict-bc015ed2e24a
hatch,gk cet4 cet6 ky toefl ielts gre,"[""cet4-w-3b6157f7384aba74be05""]",in_selected_syllabus,与当前考纲词形或已登记拼写变体相符。,"n. 孵化, 舱口
vt. 孵, 孵出, 策划
vi. 孵化",d:hatched/i:hatching/s:hatches/p:hatched/3:hatches,ecdict-bc015ed2e24a
hate,zk gk cet4 cet6 ky,"[""cet4-w-e9e562a8271e4f87d420""]",in_selected_syllabus,与当前考纲词形或已登记拼写变体相符。,"n. 憎恨, 恨, 厌恶
vt. 憎恨, 憎恶
vi. 仇恨",p:hated/3:hates/i:hating/d:hated,ecdict-bc015ed2e24a
hateful,cet4 cet6,"[""cet4-w-0146a6d4335278b587db""]",in_selected_syllabus,与当前考纲词形或已登记拼写变体相符。,"a. 憎恨的, 可恨的, 可恶的",,ecdict-bc015ed2e24a
hatred,cet4 cet6 ky toefl,"[""cet4-w-ed0a6236c6b7154178bd""]",in_selected_syllabus,与当前考纲词形或已登记拼写变体相符。,"n. 憎恨, 仇恨, 憎恶
[法] 敌意, 憎恨, 憎恶",s:hatreds,ecdict-bc015ed2e24a
hawk,gk cet4 cet6 ky ielts gre,[],outside_selected_syllabus,ECDICT 标签仅作候选；所选考纲四级范围无对应词形，不自动加入。,"n. 鹰, 掠夺者, 鹰派成员
vi. 放鹰行猎, 像鹰一般地袭击, 清嗓, 咳嗽
vt. 捕捉, 咳出, 兜售, 叫卖, 散播",s:hawks/i:hawking/p:hawked/d:hawked/3:hawks,ecdict-bc015ed2e24a
hay,gk cet4 cet6 ky toefl,"[""cet4-w-95af7f0859009cecfd7e""]",in_selected_syllabus,与当前考纲词形或已登记拼写变体相符。,"n. 干草
vt. 制干草, 供给干草
vi. 晒干草",s:hays/i:haying/p:hayed/3:hays/d:hayed,ecdict-bc015ed2e24a
hazard,cet4 cet6 ky toefl ielts gre,"[""cet4-w-37343539fe742520e777""]",in_selected_syllabus,与当前考纲词形或已登记拼写变体相符。,"n. 冒险, 危险, 机会
vt. 冒...的危险, 赌运气, 使冒危险
[计] 相关危险; 冒险",s:hazards/p:hazarded/i:hazarding/d:hazarded/3:hazards,ecdict-bc015ed2e24a
headache,zk gk cet4 cet6 ky ielts,"[""cet4-w-908e21867625e8e447fa""]",in_selected_syllabus,与当前考纲词形或已登记拼写变体相符。,"n. 头痛, 令人头痛之事
[医] 头痛",s:headaches,ecdict-bc015ed2e24a
heading,cet4 cet6 ky ielts,"[""cet4-w-9377f21d61b121f485ba""]",in_selected_syllabus,与当前考纲词形或已登记拼写变体相符。,"n. 标题, 起始字, 方向
[计] 上标题",0:head/1:i/s:headings/i:heading,ecdict-bc015ed2e24a
headline,gk cet4 cet6 ky,"[""cet4-w-bb52d3abf9e64e877b9a""]",in_selected_syllabus,与当前考纲词形或已登记拼写变体相符。,"n. 大标题, 新闻摘要
vt. 为...做标题, 写标题",s:headlines/p:headlined/i:headlining/d:headlined/3:headlines,ecdict-bc015ed2e24a
headmaster,gk cet4 cet6 ky ielts,"[""cet4-w-533efef213575f33c125""]",in_selected_syllabus,与当前考纲词形或已登记拼写变体相符。,"n. (中小学)校长, 监工",s:headmasters,ecdict-bc015ed2e24a
headquarters,cet4 cet6 ky toefl,"[""cet4-w-9a5440aa70f2c2720a3f""]",in_selected_syllabus,与当前考纲词形或已登记拼写变体相符。,"n. 总部, 司令部, 总部人员
[经] 本部, 总部, 总署",,ecdict-bc015ed2e24a
heal,cet4 cet6 ky toefl ielts gre,"[""cet4-w-e4d75f097550c97da5fa""]",in_selected_syllabus,与当前考纲词形或已登记拼写变体相符。,"vi. 痊愈
vt. 使复原, 使和解, 治愈",d:healed/i:healing/p:healed/3:heals/s:heals,ecdict-bc015ed2e24a
heap,gk cet4 cet6 ky ielts,"[""cet4-w-9e2864b324e8c9c721a2""]",in_selected_syllabus,与当前考纲词形或已登记拼写变体相符。,"n. 堆, 许多, 累积
vt. 堆积, 装满
[计] 堆",s:heaps/p:heaped/d:heaped/i:heaping/3:heaps,ecdict-bc015ed2e24a
heat,zk gk cet4 cet6 ky,"[""cet4-w-cdc867f8d555ce2e3e02""]",in_selected_syllabus,与当前考纲词形或已登记拼写变体相符。,"n. 热, 热度, 体温, 高潮
vi. 加热, 激昂, 加剧
vt. 把...加热, 使激动",d:heated/s:heats/i:heating/3:heats/p:heated,ecdict-bc015ed2e24a
heating,cet4 cet6,"[""cet4-w-5e0fb787cd1d2bb5c05a""]",in_selected_syllabus,与当前考纲词形或已登记拼写变体相符。,"n. 加热, 供热, 暖气设备, 供暖系统, 暖气装置
a. 加热的, 供暖的",0:heat/1:i/i:heating,ecdict-bc015ed2e24a
heaven,zk gk cet4 cet6 ky toefl,"[""cet4-w-a1a19e55a73a027d3c58""]",in_selected_syllabus,与当前考纲词形或已登记拼写变体相符。,"n. 天堂, 上帝, 天空",s:heavens,ecdict-bc015ed2e24a
heavily,gk cet4 cet6,[],outside_selected_syllabus,ECDICT 标签仅作候选；所选考纲四级范围无对应词形，不自动加入。,"adv. 很重地, 严重地, 难以忍受地",,ecdict-bc015ed2e24a
hedge,cet4 cet6 ky ielts gre,"[""cet4-w-07025b88352ac8198b45""]",in_selected_syllabus,与当前考纲词形或已登记拼写变体相符。,"n. 树篱, 障碍, 套头交易
vt. 用树篱围, 套期保值, 妨碍, 两面下注以防...的损失
vi. 筑树篱, 躲闪, 两面下注以防损失
a. 树篱的, 偷偷摸摸的",s:hedges/i:hedging/d:hedged/p:hedged/3:hedges,ecdict-bc015ed2e24a
heel,gk cet4 cet6 ky toefl,"[""cet4-w-ea4772c86b4bd83c5836""]",in_selected_syllabus,与当前考纲词形或已登记拼写变体相符。,"n. 脚后跟, 踵, 后部, 倾侧
vt. 尾随, 装以鞋跟, 倾侧, 追赶
vi. 紧随, 用脚后跟传球",s:heels/p:heeled/d:heeled/i:heeling/3:heels,ecdict-bc015ed2e24a
height,zk gk cet4 cet6 ky toefl ielts,"[""cet4-w-4f1a7ada8dd8db1b5279""]",in_selected_syllabus,与当前考纲词形或已登记拼写变体相符。,"n. 高度, 海拔, 高地, 顶点
[化] 高度",s:heights,ecdict-bc015ed2e24a
heir,cet4 cet6 ky toefl ielts gre,"[""cet4-w-ee357a2c71168cc3bdd5""]",in_selected_syllabus,与当前考纲词形或已登记拼写变体相符。,"n. 继承人, 嗣子, 后嗣
[法] 继承人, 后嗣",s:heirs,ecdict-bc015ed2e24a
helicopter,gk cet4 cet6 ky ielts,"[""cet4-w-e77b1714b1dc31dd9087""]",in_selected_syllabus,与当前考纲词形或已登记拼写变体相符。,"n. 直升机
vt. 由直升机运送
vi. 乘直升机",s:helicopters/d:helicoptered/i:helicoptering/p:helicoptered,ecdict-bc015ed2e24a
hell,cet4 cet6 ky ielts,"[""cet4-w-a5c0840bfdf64fa5756c""]",in_selected_syllabus,与当前考纲词形或已登记拼写变体相符。,"n. 地狱, 邪恶势力, 苦境, 阴间, 毁坏, 训斥
vi. 狂饮, 飞驰",s:hells,ecdict-bc015ed2e24a
helmet,gk cet4 cet6 ky ielts gre,[],outside_selected_syllabus,ECDICT 标签仅作候选；所选考纲四级范围无对应词形，不自动加入。,"n. 钢盔, 盔, 防护帽
vt. 给...戴头盔",s:helmets,ecdict-bc015ed2e24a
helpful,zk gk cet4 cet6 ky toefl,"[""cet4-w-295f468a050c1942a77a""]",in_selected_syllabus,与当前考纲词形或已登记拼写变体相符。,"a. 有帮助的, 有益的, 有用的",,ecdict-bc015ed2e24a
helpless,cet4 cet6 toefl,"[""cet4-w-d0981ee8f2febfcf792c""]",in_selected_syllabus,与当前考纲词形或已登记拼写变体相符。,"a. 无助的, 无能为力的, 无依无靠的",,ecdict-bc015ed2e24a
hen,zk gk cet4 ky,"[""cet4-w-934ac402cbd98001b780""]",in_selected_syllabus,与当前考纲词形或已登记拼写变体相符。,"n. 母鸡, 雌禽",s:hens,ecdict-bc015ed2e24a
hence,cet4 cet6 ky toefl ielts,"[""cet4-w-0753db39f56efbad6773""]",in_selected_syllabus,与当前考纲词形或已登记拼写变体相符。,"adv. 因此, 从此",,ecdict-bc015ed2e24a
herd,cet4 cet6 ky toefl ielts gre,"[""cet4-w-471eafdde4e79310601c""]",in_selected_syllabus,与当前考纲词形或已登记拼写变体相符。,"n. 兽群, 人群, 牧人
vt. 群集, 使成群, 放牧
vi. 聚在一起",s:herds/d:herded/i:herding/p:herded/3:herds,ecdict-bc015ed2e24a
hero,zk gk cet4 cet6 ky ielts,"[""cet4-w-add2f28e850b382384d4""]",in_selected_syllabus,与当前考纲词形或已登记拼写变体相符。,"n. 英雄, 超越常人者, 男主角",s:heroes,ecdict-bc015ed2e24a
heroic,cet4 cet6 ky,"[""cet4-w-04eac3380c4c4e285005""]",in_selected_syllabus,与当前考纲词形或已登记拼写变体相符。,"a. 英勇的, 英雄式的, 壮丽雄伟的
n. 英雄诗, 史诗, 英勇行为",s:heroics,ecdict-bc015ed2e24a
heroine,gk cet4 cet6 ky ielts,"[""cet4-w-8a8c5069c1164bdbf7a6""]",in_selected_syllabus,与当前考纲词形或已登记拼写变体相符。,"n. 巾帼英雄, 烈妇, 女主角
[化] 海洛因; 二醋吗啡; 二乙酰吗啡",s:heroines,ecdict-bc015ed2e24a
hesitate,cet4 cet6 ky toefl,"[""cet4-w-717b0b33db556c46a94d""]",in_selected_syllabus,与当前考纲词形或已登记拼写变体相符。,"vi. 犹豫, 迟疑, 踌躇, 支吾, 停顿",p:hesitated/i:hesitating/3:hesitates/d:hesitated,ecdict-bc015ed2e24a
hide,zk gk cet4 cet6 ky toefl gre,"[""cet4-w-3b57761c8917961c3f1a""]",in_selected_syllabus,与当前考纲词形或已登记拼写变体相符。,"n. 兽皮, 迹象, 躲藏处
vt. 藏, 隐瞒, 遮避, 剥...的皮, 隐藏
vi. 躲藏
[计] 隐藏",d:hidden/i:hiding/p:hid/3:hides/s:hides,ecdict-bc015ed2e24a
highlight,cet4 cet6 ky toefl ielts,"[""cet4-w-f8c4fe944541c718df1d""]",in_selected_syllabus,与当前考纲词形或已登记拼写变体相符。,"n. 加亮区, 精彩场面
vt. 加亮, 使显著, 以强光照射, 突出
[计] 突出",d:highlighted/s:highlights/3:highlights/p:highlighted/i:highlighting,ecdict-bc015ed2e24a
highly,cet4 cet6 ky,"[""cet4-w-7445381d81d6f3bb8fc3""]",in_selected_syllabus,与当前考纲词形或已登记拼写变体相符。,"adv. 非常, 非常赞许地
[电] 大大地",,ecdict-bc015ed2e24a
highway,gk cet4 cet6 ky,"[""cet4-w-1f62f38ed43600f0a6d5""]",in_selected_syllabus,与当前考纲词形或已登记拼写变体相符。,"n. 公路, 大道, 捷径
[法] 公路, 大路",s:highways,ecdict-bc015ed2e24a
hillside,gk cet4 cet6,[],outside_selected_syllabus,ECDICT 标签仅作候选；所选考纲四级范围无对应词形，不自动加入。,"n. 山坡, 山腹",s:hillsides,ecdict-bc015ed2e24a
hint,cet4 cet6 ky toefl ielts,"[""cet4-w-0cd1cd438c16c645f24d""]",in_selected_syllabus,与当前考纲词形或已登记拼写变体相符。,"n. 暗示, 提示
v. 暗示, 示意",s:hints/p:hinted/d:hinted/i:hinting/3:hints,ecdict-bc015ed2e24a
hire,gk cet4 cet6 ky,"[""cet4-w-598e1f6bf5a328991656""]",in_selected_syllabus,与当前考纲词形或已登记拼写变体相符。,"n. 租金, 租用, 雇用
vt. 雇请, 出租
vi. 受雇",d:hired/p:hired/i:hiring/3:hires/s:hires,ecdict-bc015ed2e24a
historical,cet4 cet6 ky ielts,"[""cet4-w-f67791b085cd2b0b1182""]",in_selected_syllabus,与当前考纲词形或已登记拼写变体相符。,"a. 历史的, 史实的, 历史上的
[法] 历史性的",,ecdict-bc015ed2e24a
history,zk gk cet4 cet6 ky ielts,"[""cet4-w-d53cab9366cf0067f93a""]",in_selected_syllabus,与当前考纲词形或已登记拼写变体相符。,"n. 历史, 过去, 经历, 发展过程, 历史学, 过去的事, 历史记录
[计] 历史记录",s:histories,ecdict-bc015ed2e24a
hit,zk gk cet4 cet6 ky ielts,"[""cet4-w-900c3e0612544c25045c""]",in_selected_syllabus,与当前考纲词形或已登记拼写变体相符。,"n. 打击, 打, 冲撞, 讽刺
vt. 打, 打击, 碰撞, 打中, 袭击, 偶然碰上
vi. 打, 打中, 打击, 碰撞, 偶然碰上
[计] 击中; 找到; 瞬时打扰",p:hit/0:hit/1:pd/d:hit/i:hitting/3:hits/s:hits,ecdict-bc015ed2e24a
hole,zk gk cet4 cet6 ky,"[""cet4-w-c68199cf0550642a765c""]",in_selected_syllabus,与当前考纲词形或已登记拼写变体相符。,"n. 孔, 洞, 穴, 漏洞
vt. 挖洞, 掘坑
vi. 进洞, 凿洞",s:holes/p:holed/d:holed/i:holing/3:holes,ecdict-bc015ed2e24a
hollow,cet4 cet6 ky toefl,"[""cet4-w-d7f0084f990749e3c918""]",in_selected_syllabus,与当前考纲词形或已登记拼写变体相符。,"n. 洞, 窟窿, 山谷
a. 空的, 虚伪的, 空腹的, 凹的
vi. 形成空洞
vt. 挖空",s:hollows/p:hollowed/d:hollowed/i:hollowing/3:hollows,ecdict-bc015ed2e24a
holy,gk cet4 cet6 ky,"[""cet4-w-a806282f09758b93da94""]",in_selected_syllabus,与当前考纲词形或已登记拼写变体相符。,"a. 神圣的, 圣洁的, 至善的
n. 神圣的东西",t:holiest/r:holier/s:holies,ecdict-bc015ed2e24a
honest,zk gk cet4 ky,"[""cet4-w-8ef8e830cf6c706c4c79""]",in_selected_syllabus,与当前考纲词形或已登记拼写变体相符。,"a. 诚实的, 坦直的, 可靠的",,ecdict-bc015ed2e24a
honesty,cet4 cet6,"[""cet4-w-df014cadfab84f4c7415""]",in_selected_syllabus,与当前考纲词形或已登记拼写变体相符。,"n. 诚实, 公正, 正直",,ecdict-bc015ed2e24a
honey,gk cet4 ky,"[""cet4-w-1c21b6144713ef62409d""]",in_selected_syllabus,与当前考纲词形或已登记拼写变体相符。,"n. 蜂蜜, 甜蜜, 爱人
a. 蜂蜜似的, 甜蜜的, 甘美的
vt. 加蜜使甜, 对...说甜言蜜语
vi. 说甜言蜜语, 奉承",s:honeys/i:honeying/p:honied/3:honeys/d:honied,ecdict-bc015ed2e24a
honeymoon,cet4 cet6,"[""cet4-w-37868b401a48a9a03cb7""]",in_selected_syllabus,与当前考纲词形或已登记拼写变体相符。,"n. 蜜月, 蜜月假期
vi. 渡蜜月",s:honeymoons/i:honeymooning/p:honeymooned/3:honeymoons/d:honeymooned,ecdict-bc015ed2e24a
honour,zk gk cet4 cet6,"[""cet4-w-7fdf5e450e0222102b73""]",in_selected_syllabus,与当前考纲词形或已登记拼写变体相符。,"n. 荣誉, 头衔, 信用, 尊敬, 名誉, 阁下, 勋章
vt. 尊敬, 授予荣誉, 承兑, 实践",s:honours/d:honoured/i:honouring/p:honoured/3:honours,ecdict-bc015ed2e24a
honourable,cet4 cet6,"[""cet4-w-258da2b0932054b6201e""]",in_selected_syllabus,与当前考纲词形或已登记拼写变体相符。,"a. 值得尊敬的, 荣耀的, 高贵的
[法] 荣誉的, 正直的, 体面的",s:honourables,ecdict-bc015ed2e24a
hook,gk cet4 cet6 ky toefl,"[""cet4-w-59b05f9602d87937e790""]",in_selected_syllabus,与当前考纲词形或已登记拼写变体相符。,"n. 钩, 钩状, 镰刀, 陷阱
vt. 挂...于钩上, 钩住, 引上钩, 偷窃
vi. 弯成钩状, 钩紧
[计] 钩",s:hooks/d:hooked/p:hooked/i:hooking/3:hooks,ecdict-bc015ed2e24a
hopeful,gk cet4 cet6 ky,"[""cet4-w-c6b3fcb5951c59e0bed0""]",in_selected_syllabus,与当前考纲词形或已登记拼写变体相符。,"n. 有希望之人, 有前途之人
a. 有希望的, 怀抱希望的, 保持乐观的",s:hopefuls,ecdict-bc015ed2e24a
hopeless,gk cet4 cet6,"[""cet4-w-263c27c0a497febd6f6a""]",in_selected_syllabus,与当前考纲词形或已登记拼写变体相符。,"a. 无希望的, 绝望的, 不可救药的",,ecdict-bc015ed2e24a
horizon,cet4 cet6 ky toefl ielts,"[""cet4-w-48f751bcc61cb723faa6""]",in_selected_syllabus,与当前考纲词形或已登记拼写变体相符。,"n. 地平线, 眼界, (天)视地平",s:horizons,ecdict-bc015ed2e24a
horizontal,cet4 cet6 ky toefl gre,"[""cet4-w-8ed2825ff3dcec9e69b3""]",in_selected_syllabus,与当前考纲词形或已登记拼写变体相符。,"n. 水平线, 水平面, 水平位置
a. 水平线的, 平坦的, 横的
n. 水平
[计] 水平",s:horizontals,ecdict-bc015ed2e24a
horn,cet4 cet6 ky toefl gre,"[""cet4-w-09dd8f36bf05c93bb583""]",in_selected_syllabus,与当前考纲词形或已登记拼写变体相符。,"n. 角, 角质, 喇叭, 号角
a. 角制的
vt. 用角触, 长角于",s:horns/p:horned/d:horned/i:horning/3:horns,ecdict-bc015ed2e24a
horrible,gk cet4 cet6 ky ielts,"[""cet4-w-0ac6b32240d36b41122c""]",in_selected_syllabus,与当前考纲词形或已登记拼写变体相符。,"a. 可怕的, 遭透的, 极讨厌的",,ecdict-bc015ed2e24a
horror,cet4 cet6 ky toefl,"[""cet4-w-5516191ecafb0f06a4ab""]",in_selected_syllabus,与当前考纲词形或已登记拼写变体相符。,"n. 惊骇, 恐怖, 惨状
[医] 恐怖, 恐惧",s:horrors,ecdict-bc015ed2e24a
horsepower,cet4 cet6 ky toefl,"[""cet4-w-42fb814c02dc48f5bb5a""]",in_selected_syllabus,与当前考纲词形或已登记拼写变体相符。,"n. 马力
[电] 马力",,ecdict-bc015ed2e24a
host,gk cet4 cet6 ky ielts,"[""cet4-w-2231ed715258df96e075""]",in_selected_syllabus,与当前考纲词形或已登记拼写变体相符。,"n. 主人, 旅馆老板, 节目主持人
vt. 当主人招待, 作...节目主持人
[计] 主机, 宿主机",s:hosts/d:hosted/i:hosting/p:hosted/3:hosts,ecdict-bc015ed2e24a
hostess,gk cet4 cet6 ky,"[""cet4-w-26d8b74f23d21a1b88d2""]",in_selected_syllabus,与当前考纲词形或已登记拼写变体相符。,"n. 女主人, 女房东, 女老板",s:hostesses/i:hostessing/d:hostessed,ecdict-bc015ed2e24a
hostile,cet4 cet6 ky toefl ielts gre,"[""cet4-w-6b78b7b7e5cc468608f3""]",in_selected_syllabus,与当前考纲词形或已登记拼写变体相符。,"a. 敌人的, 怀敌意的, 敌对的
n. 敌对分子",s:hostiles,ecdict-bc015ed2e24a
household,cet4 cet6 ky toefl,"[""cet4-w-98bdde0545416b7d35f5""]",in_selected_syllabus,与当前考纲词形或已登记拼写变体相符。,"n. 一家人, 家庭, 家族, 王室
a. 家庭的, 家常的, 王室的",s:households,ecdict-bc015ed2e24a
housewife,gk cet4 cet6 ky,"[""cet4-w-1f3d0b29c8815a1fe5aa""]",in_selected_syllabus,与当前考纲词形或已登记拼写变体相符。,"n. 主妇, 家庭妇女",s:housewives,ecdict-bc015ed2e24a
however,zk gk cet4 ky,"[""cet4-w-02e121dcc89ab06b6dfe""]",in_selected_syllabus,与当前考纲词形或已登记拼写变体相符。,"adv. 然而, 无论如何, 究竟怎样
conj. 然而, 可是",,ecdict-bc015ed2e24a
huge,zk gk cet4 ky,"[""cet4-w-ff9dab9fb431dbb17254""]",in_selected_syllabus,与当前考纲词形或已登记拼写变体相符。,"a. 极大的, 巨大的, 无限的",,ecdict-bc015ed2e24a
human,zk gk cet4 ky toefl ielts,"[""cet4-w-2d6ad5a6f043d7cb279c""]",in_selected_syllabus,与当前考纲词形或已登记拼写变体相符。,"n. 人, 人类
a. 人类的, 似人类的, 人性的, 有同情心的",s:humans,ecdict-bc015ed2e24a
humble,cet4 cet6 ky toefl ielts gre,"[""cet4-w-593390557ad8270b11eb""]",in_selected_syllabus,与当前考纲词形或已登记拼写变体相符。,"a. 低下的, 谦逊的, 粗陋的
vt. 使...卑下, 降低...地位, 贬抑",d:humbled/p:humbled/3:humbles/i:humbling,ecdict-bc015ed2e24a
humid,cet4 cet6 ky toefl gre,[],outside_selected_syllabus,ECDICT 标签仅作候选；所选考纲四级范围无对应词形，不自动加入。,"a. 潮湿的, 湿润的, 多湿气的",,ecdict-bc015ed2e24a
humor,cet4 ky gre,"[""cet4-w-9de707f6615b83550fe2""]",in_selected_syllabus,与当前考纲词形或已登记拼写变体相符。,"n. 幽默, 诙谐, 心情
vt. 迎合, 牵就, 顺应",3:humors/s:humors/i:humoring/p:humored/d:humored,ecdict-bc015ed2e24a
humorous,zk gk cet4 cet6 ky toefl,"[""cet4-w-58bd7776b53faf6b20d8""]",in_selected_syllabus,与当前考纲词形或已登记拼写变体相符。,"a. 富幽默感的, 滑稽的, 诙谐的",,ecdict-bc015ed2e24a
humour,gk cet4 cet6,"[""cet4-w-9de707f6615b83550fe2""]",in_selected_syllabus,与当前考纲词形或已登记拼写变体相符。,"n. 幽默, 诙谐, 情绪, 体液
vt. 使满足, 迁就",s:humours/i:humouring/p:humoured/d:humoured/3:humours,ecdict-bc015ed2e24a
hunger,gk cet4 cet6 ky toefl,"[""cet4-w-9f94bb4475d19033b677""]",in_selected_syllabus,与当前考纲词形或已登记拼写变体相符。,"n. 饥饿, 渴望, 饥荒
vt. 使挨饿
vi. 挨饿, 渴望",s:hungers/p:hungered/i:hungering/d:hungered/3:hungers,ecdict-bc015ed2e24a
hunt,gk cet4 cet6 ky ielts,"[""cet4-w-9dd0324cafd4afb42b0b""]",in_selected_syllabus,与当前考纲词形或已登记拼写变体相符。,"n. 狩猎, 追捕, 搜寻, 猎区
vt. 狩猎, 打猎, 搜索
vi. 打猎, 猎食, 搜寻",i:hunting/d:hunted/p:hunted/s:hunts/3:hunts,ecdict-bc015ed2e24a
hurt,zk gk cet4 cet6 ky,"[""cet4-w-b81c0dadc086ad17f095""]",in_selected_syllabus,与当前考纲词形或已登记拼写变体相符。,"n. 伤害, 创伤, 损害
v. 伤害, (使)伤心, 危害, 刺痛",d:hurt/0:hurt/1:dp/p:hurt/i:hurting/3:hurts/s:hurts,ecdict-bc015ed2e24a
hut,cet4 cet6 ky gre,"[""cet4-w-9c1c5cbfbf61a8fee35d""]",in_selected_syllabus,与当前考纲词形或已登记拼写变体相符。,"n. 小屋, 茅舍, 临时军营
v. (使)住在茅舍",s:huts,ecdict-bc015ed2e24a
hydrogen,gk cet4 cet6 ky toefl ielts,"[""cet4-w-b9f78ceec81dd40b3c86""]",in_selected_syllabus,与当前考纲词形或已登记拼写变体相符。,"n. 氢
[化] 氢H-2",s:hydrogens,ecdict-bc015ed2e24a
i.e.,cet4 cet6,[],outside_selected_syllabus,ECDICT 标签仅作候选；所选考纲四级范围无对应词形，不自动加入。,adv. 也就是,,ecdict-bc015ed2e24a
ice-cream,cet4,"[""cet4-w-b25c38ddc687968b5b2c""]",in_selected_syllabus,与当前考纲词形或已登记拼写变体相符。,"a. 冰淇淋的, 乳白色的",s:ice-creams,ecdict-bc015ed2e24a
ideal,cet4 cet6 ky toefl ielts,"[""cet4-w-ef40c73d70a2b72cb095""]",in_selected_syllabus,与当前考纲词形或已登记拼写变体相符。,"n. 理想, 典范, 观念, 思想, 最后目标
a. 理想的, 完美的, 空想的, 观念的, 唯心论的",s:ideals,ecdict-bc015ed2e24a
identical,cet4 cet6 ky toefl ielts,"[""cet4-w-5fcdb4999518c9714621""]",in_selected_syllabus,与当前考纲词形或已登记拼写变体相符。,"a. 同一的, 恒等的, 完全相同的
[医] 同一的, 同等的",,ecdict-bc015ed2e24a
identification,gk cet4 cet6 ky toefl ielts,"[""cet4-w-b590802b8a886365f169""]",in_selected_syllabus,与当前考纲词形或已登记拼写变体相符。,"n. 识别, 身份证明, 认同
[化] 鉴定; 鉴别; 鉴别法; 认证",s:identifications,ecdict-bc015ed2e24a
identify,cet4 cet6 ky toefl ielts,"[""cet4-w-bf5f926f0f547d75d06e""]",in_selected_syllabus,与当前考纲词形或已登记拼写变体相符。,"vt. 识别, 认为...等同于, 确定, 使参与
vi. 一致, 认同",d:identified/i:identifying/3:identifies/p:identified,ecdict-bc015ed2e24a
identity,gk cet4 ky toefl ielts,"[""cet4-w-0ab6d01042573943961d""]",in_selected_syllabus,与当前考纲词形或已登记拼写变体相符。,"n. 身份, 相同, 一致, 特性, 恒等式
[计] (打)标记, 标识",s:identities,ecdict-bc015ed2e24a
idiom,gk cet4 cet6 ky toefl ielts gre,"[""cet4-w-c294981dafcb4c3e78b2""]",in_selected_syllabus,与当前考纲词形或已登记拼写变体相符。,"n. 习语, 成语, 惯用语法, 方言",s:idioms,ecdict-bc015ed2e24a
idle,cet4 cet6 ky ielts gre,"[""cet4-w-a71c177927b47113083a""]",in_selected_syllabus,与当前考纲词形或已登记拼写变体相符。,"a. 懒惰的, 闲散的, 停顿的, 空闲的, 无用的
vi. 无所事事, 闲散, 浪费, 空转
vt. 虚度, 使闲散, 使空转
n. 空转, 空闲时间
[计] 空闲时间",i:idling/p:idled/d:idled/3:idles,ecdict-bc015ed2e24a
ignorant,cet4 cet6 ky toefl gre,"[""cet4-w-2d0fbd720dc5d3f8ea75""]",in_selected_syllabus,与当前考纲词形或已登记拼写变体相符。,"a. 无知识的, 不知道的, 由无知产生的
[法] 无知的, 愚昧的, 不知情的",s:ignorants,ecdict-bc015ed2e24a
ignore,gk cet4 cet6 ky toefl,"[""cet4-w-4e8bfcf478749962e1eb""]",in_selected_syllabus,与当前考纲词形或已登记拼写变体相符。,"vt. 不理睬, 忽视, 驳回, 忽略
[计] 忽略",d:ignored/i:ignoring/p:ignored/3:ignores,ecdict-bc015ed2e24a
illegal,gk cet4 cet6 ky ielts gre,"[""cet4-w-bf985bb0ce0a853accc1""]",in_selected_syllabus,与当前考纲词形或已登记拼写变体相符。,"a. 违法的, 不合规定的
[经] 非法的, 犯规的",s:illegals,ecdict-bc015ed2e24a
illness,zk gk cet4 ky ielts,"[""cet4-w-52864f4eeee2fc1654f2""]",in_selected_syllabus,与当前考纲词形或已登记拼写变体相符。,"n. 疾病, 恶意
[医] 病",s:illnesses,ecdict-bc015ed2e24a
illusion,cet4 cet6 ky toefl ielts gre,"[""cet4-w-c337237b3183c27ae858""]",in_selected_syllabus,与当前考纲词形或已登记拼写变体相符。,"n. 幻影, 错觉, 幻想
[医] 错觉",s:illusions,ecdict-bc015ed2e24a
illustrate,cet4 cet6 ky toefl ielts gre,"[""cet4-w-cbd68edca6aa96343082""]",in_selected_syllabus,与当前考纲词形或已登记拼写变体相符。,"vt. 举例说明, 作图解, 阐明
vi. 举例说明",d:illustrated/3:illustrates/i:illustrating/p:illustrated,ecdict-bc015ed2e24a
illustration,cet4 cet6 ky toefl,"[""cet4-w-9eaa0b7a21c524603db9""]",in_selected_syllabus,与当前考纲词形或已登记拼写变体相符。,"n. 例证, 插图
[化] 插图",s:illustrations,ecdict-bc015ed2e24a
image,cet4 cet6 ky toefl ielts,"[""cet4-w-0e781a58e139b6f7eb4e""]",in_selected_syllabus,与当前考纲词形或已登记拼写变体相符。,"n. 影像, 肖像, 想象, 图像, 形象, 翻版
vt. 作...的像, 反映, 想象, 象征
n. 图像
[计] 图象",s:images/i:imaging/d:imaged/p:imaged/3:images,ecdict-bc015ed2e24a
imaginary,cet4 cet6 ky toefl,"[""cet4-w-35bbde1e5585287abad8""]",in_selected_syllabus,与当前考纲词形或已登记拼写变体相符。,"a. 想像的, 虚构的, 假想的",,ecdict-bc015ed2e24a
imagination,cet4 cet6 ky,"[""cet4-w-039ca79ff365f038810b""]",in_selected_syllabus,与当前考纲词形或已登记拼写变体相符。,"n. 想像, 听觉, 想像力
[医] 想像",s:imaginations,ecdict-bc015ed2e24a
imagine,zk gk cet4 cet6 ky toefl,"[""cet4-w-84962b876614cf12a758""]",in_selected_syllabus,与当前考纲词形或已登记拼写变体相符。,"vt. 想像, 设想, 猜测
vi. 想像起来",d:imagined/p:imagined/i:imagining/3:imagines,ecdict-bc015ed2e24a
imitate,cet4 cet6 ky toefl ielts,"[""cet4-w-4e001e5f1579478559df""]",in_selected_syllabus,与当前考纲词形或已登记拼写变体相符。,"vt. 模仿, 效法, 冒充, 仿造",i:imitating/d:imitated/p:imitated/3:imitates,ecdict-bc015ed2e24a
immediate,gk cet4 cet6 ky toefl,"[""cet4-w-e08c1ef924c1baebb33f""]",in_selected_syllabus,与当前考纲词形或已登记拼写变体相符。,"a. 立即的, 直接的, 接近的
[医] 直接的, 立即的",,ecdict-bc015ed2e24a
immediately,zk gk cet4 cet6 toefl,"[""cet4-w-c05f1b41ca2692abb174""]",in_selected_syllabus,与当前考纲词形或已登记拼写变体相符。,"adv. 直接地, 立刻, 立即",,ecdict-bc015ed2e24a
immense,cet4 cet6 ky toefl ielts gre,"[""cet4-w-a7b93c588a9a498db68f""]",in_selected_syllabus,与当前考纲词形或已登记拼写变体相符。,"a. 极广大的, 无边的, 非常好的",,ecdict-bc015ed2e24a
immigrant,cet4 cet6 ky toefl ielts,"[""cet4-w-15d6492af488e44f0fef""]",in_selected_syllabus,与当前考纲词形或已登记拼写变体相符。,"n. 移民
a. 移入的, 移民的",s:immigrants,ecdict-bc015ed2e24a
immigrate,cet4 cet6 toefl,"[""cet4-w-357bfec510c0776a8fc1""]",in_selected_syllabus,与当前考纲词形或已登记拼写变体相符。,"vt. 使移居入境
vi. 移入",p:immigrated/i:immigrating/3:immigrates/d:immigrated,ecdict-bc015ed2e24a
impact,cet4 cet6 ky toefl ielts gre,"[""cet4-w-254b8e2231171da2f892""]",in_selected_syllabus,与当前考纲词形或已登记拼写变体相符。,"n. 冲击, 冲突, 影响, 效果
vt. 挤入, 撞击, 压紧, 对...发生影响",s:impacts/p:impacted/d:impacted/i:impacting/3:impacts,ecdict-bc015ed2e24a
impatient,cet4 cet6 ky toefl,"[""cet4-w-95e2aef101893e03c6cb""]",in_selected_syllabus,与当前考纲词形或已登记拼写变体相符。,"a. 不耐烦的, 着急的, 急切的",,ecdict-bc015ed2e24a
implement,cet4 cet6 ky toefl ielts gre,"[""cet4-w-f2fa1ae111c3147bf003""]",in_selected_syllabus,与当前考纲词形或已登记拼写变体相符。,"n. 工具, 器具, 手段
vt. 实现, 使生效, 执行",d:implemented/i:implementing/s:implements/3:implements/p:implemented,ecdict-bc015ed2e24a
implication,cet4 cet6 ky toefl gre,"[""cet4-w-ff59eec91c480c4205f0""]",in_selected_syllabus,与当前考纲词形或已登记拼写变体相符。,"n. 牵连, 含义, 暗示
[法] 推断, 含蓄之意, 暗示",s:implications,ecdict-bc015ed2e24a
imply,cet4 cet6 ky toefl,"[""cet4-w-cc4f623aaf0eb2f1801b""]",in_selected_syllabus,与当前考纲词形或已登记拼写变体相符。,"vt. 暗示, 意味
[计] 隐含",3:implies/d:implied/i:implying/p:implied,ecdict-bc015ed2e24a
import,gk cet4 cet6 ky toefl gre,"[""cet4-w-43ac0394e915760d27a8""]",in_selected_syllabus,与当前考纲词形或已登记拼写变体相符。,"n. 进口货, 进口, 输入, 含义, 重要性
vt. 输入, 引入, 进口, 含...的意思, 重要
vi. 有关系
[计] 引入",s:imports/d:imported/i:importing/p:imported/3:imports,ecdict-bc015ed2e24a
importance,gk cet4 cet6 ky,"[""cet4-w-989fbd04978d47ed3c7b""]",in_selected_syllabus,与当前考纲词形或已登记拼写变体相符。,"n. 重要, 重要性, 重要地位, 自大
[机] 重要, 重要性",,ecdict-bc015ed2e24a
impose,cet4 cet6 ky toefl ielts gre,"[""cet4-w-4993e5f70fa0648190e3""]",in_selected_syllabus,与当前考纲词形或已登记拼写变体相符。,"vt. 征(税), 把...强加于, 以...欺骗
vi. 利用, 欺骗, 施加影响",d:imposed/p:imposed/3:imposes/i:imposing,ecdict-bc015ed2e24a
impossible,zk gk cet4 cet6 ky ielts,"[""cet4-w-b875afceda9fdb77faa1""]",in_selected_syllabus,与当前考纲词形或已登记拼写变体相符。,"a. 不可能的, 难以置信的, 令人无法忍受的",,ecdict-bc015ed2e24a
impress,gk cet4 cet6 ky,"[""cet4-w-2fcffb32692d4ee244cc""]",in_selected_syllabus,与当前考纲词形或已登记拼写变体相符。,"n. 印象, 特征, 印记
vt. 使有印象, 印, 铭刻, 传送, 影响, 强征
vi. 给人印象",d:impressed/p:impressed/i:impressing/3:impresses,ecdict-bc015ed2e24a
impression,gk cet4 cet6 ky gre,"[""cet4-w-e5ae2645c2f980963072""]",in_selected_syllabus,与当前考纲词形或已登记拼写变体相符。,"n. 印象, 意念, 盖印, 印记, 印数, 底色, 效果
[医] 压迹, 印模, 印象, 影响",s:impressions,ecdict-bc015ed2e24a
impressive,cet4 cet6 ky toefl ielts,"[""cet4-w-6b311d8a9d3d393b9a6b""]",in_selected_syllabus,与当前考纲词形或已登记拼写变体相符。,"a. 给人深刻印象的, 威严的",,ecdict-bc015ed2e24a
imprison,cet4 cet6,[],outside_selected_syllabus,ECDICT 标签仅作候选；所选考纲四级范围无对应词形，不自动加入。,"vt. 使下狱, 关闭, 拘禁, 限制
[法] 关押, 监禁, 限制",d:imprisoned/i:imprisoning/p:imprisoned/3:imprisons,ecdict-bc015ed2e24a
improve,zk gk cet4 cet6 ky,"[""cet4-w-0764ea0e4769e3fa3e63""]",in_selected_syllabus,与当前考纲词形或已登记拼写变体相符。,"vt. 改良, 提高...的价值, 改善, 利用
vi. 变得更好, 增加",d:improved/i:improving/3:improves/p:improved,ecdict-bc015ed2e24a
improvement,cet4 cet6 ky ielts,"[""cet4-w-d93d20dcc07618ac7b13""]",in_selected_syllabus,与当前考纲词形或已登记拼写变体相符。,"n. 进步, 改善, 利用
[医] 改善, 好转, 进步",s:improvements,ecdict-bc015ed2e24a
inch,zk gk cet4 cet6 ky gre,"[""cet4-w-8d56ec5e44334471e039""]",in_selected_syllabus,与当前考纲词形或已登记拼写变体相符。,"n. 英寸, 身高, 小岛
vi. 慢慢前进, 慢慢移动
vt. 使缓慢地移动",s:inches/p:inched/3:inches/i:inching/d:inched,ecdict-bc015ed2e24a
incident,gk cet4 cet6 ky toefl,"[""cet4-w-39e5983a1a29731e766f""]",in_selected_syllabus,与当前考纲词形或已登记拼写变体相符。,"n. 事件, 事变, 小事
a. 附带的, 易于发生的, 外来的, 入射的",s:incidents,ecdict-bc015ed2e24a
incline,cet4 cet6 ky ielts,"[""cet4-w-ff73df0508174aca8cb3""]",in_selected_syllabus,与当前考纲词形或已登记拼写变体相符。,"n. 倾斜, 斜坡, 斜面
vt. 使倾向于, 使倾斜
vi. 倾向, 倾斜, 爱好, 易于",p:inclined/i:inclining/d:inclined/3:inclines/s:inclines,ecdict-bc015ed2e24a
include,zk gk cet4 cet6 ky,"[""cet4-w-30f4cb774bd882a65683""]",in_selected_syllabus,与当前考纲词形或已登记拼写变体相符。,"vt. 包括, 把...算入, 包住
[计] DOS内部命令:在CONFIG.SYS文件的一个配置块中包含另一配置块的内容",3:includes/d:included/p:included/i:including,ecdict-bc015ed2e24a
income,gk cet4 cet6 ky,"[""cet4-w-a032d1db77d3aa485854""]",in_selected_syllabus,与当前考纲词形或已登记拼写变体相符。,"n. 收入, 收益, 流入
[经] 收益",s:incomes,ecdict-bc015ed2e24a
incorrect,gk cet4 cet6,[],outside_selected_syllabus,ECDICT 标签仅作候选；所选考纲四级范围无对应词形，不自动加入。,"a. 不正确的
[法] 不正确, 错误的, 不适当的",3:incorrects,ecdict-bc015ed2e24a
increase,zk gk cet4 cet6 ky,"[""cet4-w-0f26ff275b9332537821""]",in_selected_syllabus,与当前考纲词形或已登记拼写变体相符。,"n. 增加, 增进, 利益
vt. 增加, 加大
vi. 增加, 繁殖",d:increased/i:increasing/s:increases/3:increases/p:increased,ecdict-bc015ed2e24a
increasingly,cet4 cet6 ky,"[""cet4-w-b740b256421c6a85d41a""]",in_selected_syllabus,与当前考纲词形或已登记拼写变体相符。,"adv. 逐渐地, 渐增地",,ecdict-bc015ed2e24a
indeed,gk cet4 cet6 ky,"[""cet4-w-f1e1f35d313e50408169""]",in_selected_syllabus,与当前考纲词形或已登记拼写变体相符。,"adv. 的确, 实在, 真正地, 甚至",,ecdict-bc015ed2e24a
indefinite,cet4 cet6 toefl ielts,[],outside_selected_syllabus,ECDICT 标签仅作候选；所选考纲四级范围无对应词形，不自动加入。,"a. 模糊的, 不确定的, 无限的
[法] 不确定的, 无限制的",,ecdict-bc015ed2e24a
independence,gk cet4 cet6 ky ielts,"[""cet4-w-e65ff04cfda0cfd80548""]",in_selected_syllabus,与当前考纲词形或已登记拼写变体相符。,"n. 独立, 自立, 自主
[医] 自主性, 独立性",,ecdict-bc015ed2e24a
independent,gk cet4 cet6 ky toefl,"[""cet4-w-c04bf320e2b3c4de873f""]",in_selected_syllabus,与当前考纲词形或已登记拼写变体相符。,"n. 独立自主者, 无党派者
a. 独立的, 有主见的, 不须依赖的, 不受约束的",s:independents,ecdict-bc015ed2e24a
index,cet4 cet6 ky ielts,"[""cet4-w-ad5fa8dcf48ede7e133f""]",in_selected_syllabus,与当前考纲词形或已登记拼写变体相符。,"n. 索引, 指针, 指数, 指标
vt. 编入索引中, 指出
vi. 做索引
[计] 下标; 附标; 变址; 索引; 编索引",s:indices/d:indexed/i:indexing/p:indexed/3:indexes,ecdict-bc015ed2e24a
India,zk gk cet4 cet6,[],outside_selected_syllabus,ECDICT 标签仅作候选；所选考纲四级范围无对应词形，不自动加入。,n. 印度,,ecdict-bc015ed2e24a
Indian,zk gk cet4 cet6 ielts,[],outside_selected_syllabus,ECDICT 标签仅作候选；所选考纲四级范围无对应词形，不自动加入。,"n. 印度人, 印第安人, 印第安语
a. 印度的, 印度群岛的, 印第安语的",s:indians,ecdict-bc015ed2e24a
indicate,gk cet4 cet6 ky toefl gre,"[""cet4-w-fc197a7324dc751d9ebc""]",in_selected_syllabus,与当前考纲词形或已登记拼写变体相符。,"vt. 显示, 象征, 指示, 指出
[医] 指示",3:indicates/d:indicated/p:indicated/i:indicating,ecdict-bc015ed2e24a
indication,cet4 cet6 ky,"[""cet4-w-d4b74880f4159e11fb61""]",in_selected_syllabus,与当前考纲词形或已登记拼写变体相符。,"n. 指示, 象征, 暗示
[医] 指示, 指征, 适应征",s:indications,ecdict-bc015ed2e24a
indifferent,cet4 cet6 ky toefl ielts gre,"[""cet4-w-0a4926cefd95f9c38e08""]",in_selected_syllabus,与当前考纲词形或已登记拼写变体相符。,"a. 漠不关心的, 无重要性的, 中立的
[医] 中性的, 无作用的, 无亲和力的, 淡漠的",,ecdict-bc015ed2e24a
indignant,cet4 cet6 ky toefl ielts gre,[],outside_selected_syllabus,ECDICT 标签仅作候选；所选考纲四级范围无对应词形，不自动加入。,"a. 愤怒的, 愤慨的",,ecdict-bc015ed2e24a
indirect,cet4 cet6,[],outside_selected_syllabus,ECDICT 标签仅作候选；所选考纲四级范围无对应词形，不自动加入。,"a. 间接的, 非直截了当的, 不坦率的
[医] 间接的",,ecdict-bc015ed2e24a
indispensable,cet4 cet6 ky toefl ielts,"[""cet4-w-f742d486efa2d4c36060""]",in_selected_syllabus,与当前考纲词形或已登记拼写变体相符。,"n. 不可缺少之物
a. 不可缺少的, 责无旁贷的, 绝对必要的",s:indispensables,ecdict-bc015ed2e24a
individual,cet4 cet6 ky ielts gre,"[""cet4-w-533bfae3f7f616924922""]",in_selected_syllabus,与当前考纲词形或已登记拼写变体相符。,"n. 人, 个人, 个体
a. 个别的, 个人的, 独特的",s:individuals,ecdict-bc015ed2e24a
indoor,cet4 cet6 ky,"[""cet4-w-06fe3699b8f4a4767362""]",in_selected_syllabus,与当前考纲词形或已登记拼写变体相符。,"a. 户内的, 室内的",,ecdict-bc015ed2e24a
indoors,cet4 cet6,"[""cet4-w-faffdef5ac98f3635971""]",in_selected_syllabus,与当前考纲词形或已登记拼写变体相符。,adv. 在户内,,ecdict-bc015ed2e24a
industrial,cet4 cet6 ky toefl ielts,"[""cet4-w-9afe5f7682d928f29e33""]",in_selected_syllabus,与当前考纲词形或已登记拼写变体相符。,"a. 工业的, 供工业用的, 工业高度发展的, 产业的
n. 工业工人, 工业股票",,ecdict-bc015ed2e24a
industrialize,cet4 cet6 ky,"[""cet4-w-d7875b8d8bd6159c1df8""]",in_selected_syllabus,与当前考纲词形或已登记拼写变体相符。,"vt. 使工业化
vi. 实现工业化",i:industrializing/d:industrialized/3:industrializes/p:industrialized,ecdict-bc015ed2e24a
industry,zk gk cet4 cet6 ky ielts,"[""cet4-w-4f033a920fc30063b517""]",in_selected_syllabus,与当前考纲词形或已登记拼写变体相符。,"n. 勤劳, 工业, 企业, 产业, 有组织的劳动
[经] 工业, 实业",s:industries,ecdict-bc015ed2e24a
inefficient,cet4 cet6,[],outside_selected_syllabus,ECDICT 标签仅作候选；所选考纲四级范围无对应词形，不自动加入。,"a. 无效率的, 无能的
[医] 无效的, 无效力的",,ecdict-bc015ed2e24a
inevitable,cet4 cet6 ky toefl ielts,"[""cet4-w-79a3a683803b1ef8bc13""]",in_selected_syllabus,与当前考纲词形或已登记拼写变体相符。,"a. 不可避免的, 必然的
[法] 不可避免的, 无法规避的, 必然的",,ecdict-bc015ed2e24a
inexpensive,cet4 cet6,[],outside_selected_syllabus,ECDICT 标签仅作候选；所选考纲四级范围无对应词形，不自动加入。,"a. 便宜的, 不贵重的",,ecdict-bc015ed2e24a
infamous,cet4 toefl,[],outside_selected_syllabus,ECDICT 标签仅作候选；所选考纲四级范围无对应词形，不自动加入。,"a. 无耻的, 不名誉的, 声名狼藉的",,ecdict-bc015ed2e24a
infant,cet4 cet6 ky toefl ielts gre,"[""cet4-w-074097e4f7cbb9a0664f""]",in_selected_syllabus,与当前考纲词形或已登记拼写变体相符。,"n. 婴儿, 儿童, 初学者
a. 婴儿的, 幼稚的",s:infants,ecdict-bc015ed2e24a
infect,cet4 cet6 ky toefl ielts,"[""cet4-w-5a0d49d0853d7033de0c""]",in_selected_syllabus,与当前考纲词形或已登记拼写变体相符。,"vt. 传染, 感染
[医] 传染, 感染",d:infected/p:infected/3:infects/i:infecting/s:infects,ecdict-bc015ed2e24a
infer,cet4 cet6 ky toefl gre,"[""cet4-w-d95acbcd3e9802741ee1""]",in_selected_syllabus,与当前考纲词形或已登记拼写变体相符。,"vt. 推论出, 推断
vi. 作推论",d:inferred/i:inferring/3:infers/p:inferred,ecdict-bc015ed2e24a
inferior,cet4 cet6 ky toefl ielts gre,"[""cet4-w-a43bbe2cb975fb7da53a""]",in_selected_syllabus,与当前考纲词形或已登记拼写变体相符。,"a. 次等的, 较差的, 下方的, 下级的
n. 部下, 次品, 下标(符号)",s:inferiors,ecdict-bc015ed2e24a
infinite,cet4 cet6 ky ielts,"[""cet4-w-d85add8c2add004a321e""]",in_selected_syllabus,与当前考纲词形或已登记拼写变体相符。,"n. 无限, 神
a. 无穷的, 无限的, 极大的",,ecdict-bc015ed2e24a
influence,zk gk cet4 cet6 ky ielts,"[""cet4-w-dc23b1f1aad8406b87b4""]",in_selected_syllabus,与当前考纲词形或已登记拼写变体相符。,"n. 影响力, 权力, 势力
vt. 影响, 改变",d:influenced/s:influences/i:influencing/3:influences/p:influenced,ecdict-bc015ed2e24a
influential,cet4 cet6 ky toefl,"[""cet4-w-edfcab24df957b086f85""]",in_selected_syllabus,与当前考纲词形或已登记拼写变体相符。,"a. 有影响的, 有势力的",,ecdict-bc015ed2e24a
inform,gk cet4 cet6 ky,"[""cet4-w-7e4295ad05938fd97624""]",in_selected_syllabus,与当前考纲词形或已登记拼写变体相符。,"vt. 通知, 使了解, 使充满
vi. 提供资料, 告发",d:informed/p:informed/i:informing/3:informs,ecdict-bc015ed2e24a
ingredient,cet4 cet6 ky toefl ielts gre,"[""cet4-w-21c08aa1e14b1193eb44""]",in_selected_syllabus,与当前考纲词形或已登记拼写变体相符。,"n. 成分, 因素
[化] 配合剂; 拼料; 成分; 组分",s:ingredients,ecdict-bc015ed2e24a
inhabit,cet4 cet6 ky toefl ielts gre,"[""cet4-w-c3eec6d3e65db0a240ab""]",in_selected_syllabus,与当前考纲词形或已登记拼写变体相符。,"vt. 居住于, 占据, 栖息",d:inhabited/p:inhabited/3:inhabits/i:inhabiting,ecdict-bc015ed2e24a
inhabitant,cet4 cet6 ky toefl ielts gre,"[""cet4-w-fcade8682f92a048463d""]",in_selected_syllabus,与当前考纲词形或已登记拼写变体相符。,"n. 居民, 居住者
[医] 居民",s:inhabitants,ecdict-bc015ed2e24a
inherit,cet4 cet6 ky toefl ielts gre,"[""cet4-w-6f26f79c62c1bcee33ea""]",in_selected_syllabus,与当前考纲词形或已登记拼写变体相符。,"vt. 继承, 遗传
vi. 接受遗产",d:inherited/p:inherited/i:inheriting/3:inherits,ecdict-bc015ed2e24a
initial,gk cet4 cet6 ky toefl ielts gre,"[""cet4-w-b4a039a0d6bc9363ed5b""]",in_selected_syllabus,与当前考纲词形或已登记拼写变体相符。,"n. 字首, 首字母
a. 开始的, 最初的, 字首的
vt. 用姓名的首字母签名",s:initials/p:initialled/d:initialled/i:initialling/3:initials,ecdict-bc015ed2e24a
initiative,cet4 cet6 ky ielts gre,"[""cet4-w-ae856d2f200f489b7f32""]",in_selected_syllabus,与当前考纲词形或已登记拼写变体相符。,"n. 主动行动, 首创精神, 主动权
a. 自发的, 起始的",s:initiatives,ecdict-bc015ed2e24a
injection,cet4 cet6 ielts gre,[],outside_selected_syllabus,ECDICT 标签仅作候选；所选考纲四级范围无对应词形，不自动加入。,"n. 注射, 注射剂
[化] 注入; 注射",s:injections,ecdict-bc015ed2e24a
injure,gk cet4 cet6 ky toefl,"[""cet4-w-acf5f15ba902cfbf1a67""]",in_selected_syllabus,与当前考纲词形或已登记拼写变体相符。,"vt. 伤害, 损害, 使受冤屈
[医] 损伤",d:injured/p:injured/i:injuring/3:injures,ecdict-bc015ed2e24a
injury,gk cet4 cet6 ky toefl ielts,"[""cet4-w-3bccdd3481dae134a404""]",in_selected_syllabus,与当前考纲词形或已登记拼写变体相符。,"n. 伤害, 侮辱
[医] 伤, 损伤",s:injuries,ecdict-bc015ed2e24a
ink,zk gk cet4 cet6 ky,"[""cet4-w-6db1c975a148502356cd""]",in_selected_syllabus,与当前考纲词形或已登记拼写变体相符。,"n. 墨水, 墨汁
vt. 涂墨水于, 签署, 加墨水",s:inks/d:inked/i:inking/p:inked/3:inks,ecdict-bc015ed2e24a
inn,gk cet4 cet6 ky,"[""cet4-w-59b89aa150be0cc7ac04""]",in_selected_syllabus,与当前考纲词形或已登记拼写变体相符。,"n. 旅馆, 客栈
vi. 住旅馆",s:inns,ecdict-bc015ed2e24a
inner,cet4 cet6 ky toefl,"[""cet4-w-623ff3d8b47a6f966b6b""]",in_selected_syllabus,与当前考纲词形或已登记拼写变体相符。,"a. 内部的, 内心的
n. 内部",,ecdict-bc015ed2e24a
innocent,gk cet4 cet6 ky toefl ielts,"[""cet4-w-4dcf515213eb7488f64d""]",in_selected_syllabus,与当前考纲词形或已登记拼写变体相符。,"a. 无罪的, 不懂事的, 无知的
n. 天真的人, 笨蛋",s:innocents,ecdict-bc015ed2e24a
input,cet4 cet6 ky,"[""cet4-w-48b692252911a02d3a79""]",in_selected_syllabus,与当前考纲词形或已登记拼写变体相符。,"n. 输入, 输入电路
vt. 输入
[计] 输入",s:inputs/d:input/0:input/1:d/i:inputting/p:input/3:inputs,ecdict-bc015ed2e24a
inquire,cet4 cet6 ielts,"[""cet4-w-064a55ee1b864d41291a""]",in_selected_syllabus,与当前考纲词形或已登记拼写变体相符。,"v. 询问, 问明, 查究",p:inquired/i:inquiring/d:inquired/3:inquires,ecdict-bc015ed2e24a
inquiry,cet4 cet6 ky toefl gre,"[""cet4-w-df2e0e43d20670896f30""]",in_selected_syllabus,与当前考纲词形或已登记拼写变体相符。,"n. 质询, 探索, 调查, 询盘
[计] 询问; 查询",s:inquiries,ecdict-bc015ed2e24a
insect,gk cet4 cet6 ky ielts,"[""cet4-w-5cfab18a4f4b2dddde47""]",in_selected_syllabus,与当前考纲词形或已登记拼写变体相符。,"n. 昆虫, 卑鄙的人
[医] 昆虫",s:insects,ecdict-bc015ed2e24a
insert,gk cet4 cet6 ky toefl ielts gre,"[""cet4-w-c122c706848ec9e30dec""]",in_selected_syllabus,与当前考纲词形或已登记拼写变体相符。,"n. 插入物
vt. 插入, 把(人造卫星)射入(轨道), 添写
vi. 附着
[计] 插入",d:inserted/i:inserting/p:inserted/s:inserts/3:inserts,ecdict-bc015ed2e24a
inside,zk gk cet4 cet6 ky,"[""cet4-w-91cad9977818538cf143""]",in_selected_syllabus,与当前考纲词形或已登记拼写变体相符。,"n. 内部, 内脏, 内幕
a. 内部的, 秘密的, 户内的
adv. 在里面
prep. 在...之内",s:insides,ecdict-bc015ed2e24a
insight,cet4 cet6 ky toefl ielts,"[""cet4-w-1c7d9fe4eea5d20b369b""]",in_selected_syllabus,与当前考纲词形或已登记拼写变体相符。,"n. 察看, 洞察力, 见识
[医] 自知力, 洞察, 顿悟",s:insights,ecdict-bc015ed2e24a
insignificant,cet4 cet6 toefl,[],outside_selected_syllabus,ECDICT 标签仅作候选；所选考纲四级范围无对应词形，不自动加入。,"a. 无关紧要的, 无意义的, 琐碎的",,ecdict-bc015ed2e24a
insist,zk gk cet4 cet6 ky toefl,"[""cet4-w-392b49b5cbabc0a87d62""]",in_selected_syllabus,与当前考纲词形或已登记拼写变体相符。,"v. 坚持, 坚决主张, 强调",p:insisted/3:insists/i:insisting/d:insisted,ecdict-bc015ed2e24a
inspect,gk cet4 cet6 ky toefl,"[""cet4-w-88452520399cf5c4e49e""]",in_selected_syllabus,与当前考纲词形或已登记拼写变体相符。,"vt. 检查, 检阅, 检验
vi. 检查",d:inspected/i:inspecting/p:inspected/3:inspects,ecdict-bc015ed2e24a
inspection,cet4 cet6 toefl ielts gre,"[""cet4-w-0a0d83eaf4a558f00a54""]",in_selected_syllabus,与当前考纲词形或已登记拼写变体相符。,"n. 检验, 检查, 视察
[医] 检查, 视察, 监督, 望诊",s:inspections,ecdict-bc015ed2e24a
inspire,gk cet4 cet6 ky toefl ielts,"[""cet4-w-a5ea000c7b8574b3f21f""]",in_selected_syllabus,与当前考纲词形或已登记拼写变体相符。,"vt. 使感动, 激发, 启示, 吸入, 鼓舞, 产生, 使生灵感
vi. 吸入, 赋予灵感",d:inspired/p:inspired/3:inspires/i:inspiring,ecdict-bc015ed2e24a
install,cet4 cet6 ky toefl ielts gre,"[""cet4-w-3d9f59ba242e4442a067""]",in_selected_syllabus,与当前考纲词形或已登记拼写变体相符。,"vt. 安装, 安置, 使就职
[计] 安装, 安装程序; DOS内部命令:安装常驻程序",d:installed/i:installing/p:installed/3:installs,ecdict-bc015ed2e24a
installation,cet4 cet6 ky,"[""cet4-w-feeb5d88b6eee93f99ff""]",in_selected_syllabus,与当前考纲词形或已登记拼写变体相符。,"n. 安装, 装置, 就职
[医] 结构, 装置, 设立",s:installations,ecdict-bc015ed2e24a
instance,cet4 cet6 ky,"[""cet4-w-c816bbd1d1efe32ae07f""]",in_selected_syllabus,与当前考纲词形或已登记拼写变体相符。,"n. 建议, 情况, 例子, 场合
vt. 引以为例, 举例说明",s:instances/d:instanced/i:instancing/p:instanced/3:instances,ecdict-bc015ed2e24a
instant,gk cet4 cet6 ky toefl,"[""cet4-w-7b17831dd79835b620b2""]",in_selected_syllabus,与当前考纲词形或已登记拼写变体相符。,"n. 立即, 瞬间
a. 紧急的, 立即的, 即时的",s:instants,ecdict-bc015ed2e24a
instantly,cet4 cet6,[],outside_selected_syllabus,ECDICT 标签仅作候选；所选考纲四级范围无对应词形，不自动加入。,"adv. 立即地, 即刻地",,ecdict-bc015ed2e24a
instinct,cet4 cet6 ky toefl ielts,"[""cet4-w-32324e75afe87c2d3c6a""]",in_selected_syllabus,与当前考纲词形或已登记拼写变体相符。,"n. 本能, 直觉
a. 充满着的",s:instincts,ecdict-bc015ed2e24a
institute,gk cet4 cet6 ky toefl ielts gre,"[""cet4-w-d91774d9dd54e94d6a2f""]",in_selected_syllabus,与当前考纲词形或已登记拼写变体相符。,"n. 学会, 学院, 协会
vt. 创立, 开始, 制定, 任命",s:institutes/d:instituted/p:instituted/i:instituting/3:institutes,ecdict-bc015ed2e24a
institution,gk cet4 cet6 ky toefl ielts gre,"[""cet4-w-ebc5d1acff71417012c1""]",in_selected_syllabus,与当前考纲词形或已登记拼写变体相符。,"n. 机构, 惯例, 制度
[医] 机关, 机构, 设施",s:institutions,ecdict-bc015ed2e24a
instruct,gk cet4 cet6 ky toefl,"[""cet4-w-9895612a93f07407c028""]",in_selected_syllabus,与当前考纲词形或已登记拼写变体相符。,"vt. 教, 教育, 命令, 通知
[法] 托办, 指导, 指示",d:instructed/p:instructed/i:instructing/3:instructs,ecdict-bc015ed2e24a
instruction,zk gk cet4 cet6 ky toefl ielts,"[""cet4-w-a86388d08a245c301330""]",in_selected_syllabus,与当前考纲词形或已登记拼写变体相符。,"n. 指令, 教导, 命令
[计] 指令",s:instructions,ecdict-bc015ed2e24a
instrument,gk cet4 cet6 ky toefl ielts,"[""cet4-w-ef63a62cb2ecc4796b18""]",in_selected_syllabus,与当前考纲词形或已登记拼写变体相符。,"n. 工具, 手段, 仪器
[化] 仪器",s:instruments,ecdict-bc015ed2e24a
insufficient,cet4 cet6 toefl gre,[],outside_selected_syllabus,ECDICT 标签仅作候选；所选考纲四级范围无对应词形，不自动加入。,"a. 不够的, 不能胜任的, 不充足的
[法] 不足的, 不充分的, 不能胜任的",,ecdict-bc015ed2e24a
insult,cet4 cet6 ky toefl ielts,"[""cet4-w-4aff5a0b143d607e1e0c""]",in_selected_syllabus,与当前考纲词形或已登记拼写变体相符。,"n. 侮辱, 无礼, 损害
vt. 损害, 侮辱, 攻击",s:insults/d:insulted/i:insulting/p:insulted/3:insults,ecdict-bc015ed2e24a
insurance,gk cet4 cet6 ky ielts,"[""cet4-w-be9f107add668a9bd251""]",in_selected_syllabus,与当前考纲词形或已登记拼写变体相符。,"n. 保险, 保险业, 保险费
[医] 保险",s:insurances,ecdict-bc015ed2e24a
insure,gk cet4 cet6 ky ielts,"[""cet4-w-478fc51525417f155e8b""]",in_selected_syllabus,与当前考纲词形或已登记拼写变体相符。,"vt. 保险, 确保
vi. 投保",d:insured/p:insured/i:insuring/3:insures/s:insures,ecdict-bc015ed2e24a
integrate,cet4 cet6 ky toefl ielts gre,"[""cet4-w-db51c3b730f4a563ad85""]",in_selected_syllabus,与当前考纲词形或已登记拼写变体相符。,"vt. 综合, 使完整, 使成整体
vi. 成一体
a. 完整的, 完全的",d:integrated/i:integrating/3:integrates/p:integrated,ecdict-bc015ed2e24a
intellectual,cet4 cet6 ky toefl ielts gre,"[""cet4-w-ce74e7b88c5a62b35400""]",in_selected_syllabus,与当前考纲词形或已登记拼写变体相符。,"n. 有知识者, 知识分子, 凭理智做事者
a. 智力的, 用脑力的, 聪明的",s:intellectuals,ecdict-bc015ed2e24a
intelligence,gk cet4 cet6 ky toefl ielts,"[""cet4-w-e034f4dbd7796df42e84""]",in_selected_syllabus,与当前考纲词形或已登记拼写变体相符。,"n. 智力, 情报, 信息
[医] 智力",s:intelligences,ecdict-bc015ed2e24a
intelligent,cet4 cet6 ky toefl ielts,"[""cet4-w-c5c22dfe1e36f4851e5a""]",in_selected_syllabus,与当前考纲词形或已登记拼写变体相符。,"a. 聪明的, 智能的, 了解的",,ecdict-bc015ed2e24a
intend,gk cet4 cet6 ky,"[""cet4-w-00567ba5815d10563bcd""]",in_selected_syllabus,与当前考纲词形或已登记拼写变体相符。,"vt. 计划, 打算, 意思是
[法] 想要, 打算, 意旨",d:intended/p:intended/3:intends/i:intending,ecdict-bc015ed2e24a
intense,cet4 cet6 ky toefl ielts,"[""cet4-w-07e75bf212f3331c0c06""]",in_selected_syllabus,与当前考纲词形或已登记拼写变体相符。,"a. 非常的, 强烈的, 紧张的, 热情的
[医] 强的",,ecdict-bc015ed2e24a
intensity,cet4 cet6 ky,"[""cet4-w-924c2edeebe1ec5be1c9""]",in_selected_syllabus,与当前考纲词形或已登记拼写变体相符。,"n. 强烈, 紧张, 强度
[计] 强度; 亮度",s:intensities,ecdict-bc015ed2e24a
intensive,cet4 cet6 ky toefl ielts,"[""cet4-w-17b3503a299f6caa58a7""]",in_selected_syllabus,与当前考纲词形或已登记拼写变体相符。,"a. 加强的, 内涵的, 集中的
n. 加强器",,ecdict-bc015ed2e24a
intention,zk gk cet4 cet6 ky toefl,"[""cet4-w-1c174222165959b54ec8""]",in_selected_syllabus,与当前考纲词形或已登记拼写变体相符。,"n. 意图, 目的, 含义
[医] 愈合, 意向",s:intentions,ecdict-bc015ed2e24a
intentional,cet4 cet6 gre,"[""cet4-w-e2f24a13b680a104882b""]",in_selected_syllabus,与当前考纲词形或已登记拼写变体相符。,"a. 故意的, 与目的有关的
[法] 故意的, 有意的",,ecdict-bc015ed2e24a
interaction,cet4 cet6 toefl gre,"[""cet4-w-1ca95267fd00d74d2003""]",in_selected_syllabus,与当前考纲词形或已登记拼写变体相符。,"n. 交互作用, 交感
[计] 交互作用",s:interactions,ecdict-bc015ed2e24a
interest,zk gk cet4 cet6 ky toefl ielts,"[""cet4-w-01972089b99056429d22""]",in_selected_syllabus,与当前考纲词形或已登记拼写变体相符。,"n. 兴趣, 嗜好, 利息, 利益, 爱好, 趣味, 势力
vt. 使感兴趣, 与...有关系",s:interests/3:interests/p:interested/d:interested/i:interesting,ecdict-bc015ed2e24a
interfere,cet4 cet6 ky toefl,"[""cet4-w-6cec91d913f11f832072""]",in_selected_syllabus,与当前考纲词形或已登记拼写变体相符。,"vi. 妨碍, 冲突, 干涉, 抵触
[医] 干扰, 干涉, 阻碍, 碰腿(马)",i:interfering/d:interfered/3:interferes/p:interfered,ecdict-bc015ed2e24a
interference,cet4 cet6 ky toefl gre,"[""cet4-w-10c66187f515b1614796""]",in_selected_syllabus,与当前考纲词形或已登记拼写变体相符。,"n. 冲突, 干涉
[计] 干扰",s:interferences,ecdict-bc015ed2e24a
interior,cet4 cet6 ky toefl ielts,"[""cet4-w-89275feed304c87725df""]",in_selected_syllabus,与当前考纲词形或已登记拼写变体相符。,"n. 内部, 内政
a. 内部的, 心灵的, 内地的, 内政的",s:interiors,ecdict-bc015ed2e24a
intermediate,cet4 cet6 ky toefl ielts,"[""cet4-w-739a558f3c1e56efb5b6""]",in_selected_syllabus,与当前考纲词形或已登记拼写变体相符。,"n. 中间物, 调停者, 中级
a. 中间的, 中级的
vi. 起媒介作用
[计] 中级",s:intermediates/p:intermediated,ecdict-bc015ed2e24a
intern,cet4 gre,[],outside_selected_syllabus,ECDICT 标签仅作候选；所选考纲四级范围无对应词形，不自动加入。,"n. 实习生, 被拘留者
vi. 作实习医师(教师、实习生)
vt. 拘留, 扣留",d:interned/i:interning/p:interned/s:interns/3:interns,ecdict-bc015ed2e24a
internal,cet4 cet6 ky toefl ielts,"[""cet4-w-79829ac863d304464a36""]",in_selected_syllabus,与当前考纲词形或已登记拼写变体相符。,"a. 内在的, 国内的
[医] 内的, 内部的",s:internals,ecdict-bc015ed2e24a
international,zk gk cet4 cet6 ky ielts,"[""cet4-w-d9a4e864a0080f09f575""]",in_selected_syllabus,与当前考纲词形或已登记拼写变体相符。,"a. 国际的
n. 国别设定
[计] 国别设定",s:internationals,ecdict-bc015ed2e24a
internet,zk gk cet4 ky ielts,"[""cet4-w-66f10265879b2a439fb2"",""cet4-w-66f10265879b2a439fb2""]",in_selected_syllabus,与当前考纲词形或已登记拼写变体相符。,"[计] 因特网, 国际互连网, 网际网络, 互连网络, 广域网",,ecdict-bc015ed2e24a
interpret,cet4 cet6 ky toefl ielts,"[""cet4-w-c9796c50e89aa0d7c986""]",in_selected_syllabus,与当前考纲词形或已登记拼写变体相符。,"vt. 解释, 演出, 翻译, 理解
vi. 翻译, 解释",d:interpreted/i:interpreting/p:interpreted/3:interprets,ecdict-bc015ed2e24a
interpretation,cet4 cet6 toefl,"[""cet4-w-b993a5a040a3f0de5cfb""]",in_selected_syllabus,与当前考纲词形或已登记拼写变体相符。,"n. 解释, 演出, 翻译
[计] 插值; 插值法; 解释",s:interpretations,ecdict-bc015ed2e24a
interpreter,gk cet4 cet6,"[""cet4-w-a948a682f4795335c114""]",in_selected_syllabus,与当前考纲词形或已登记拼写变体相符。,"n. 直译程序, 解释者, 口译者, 注释器
[计] 注释器",s:interpreters,ecdict-bc015ed2e24a
interrupt,gk cet4 cet6 ky toefl gre,"[""cet4-w-4ddcce00a6c7bc07aefe""]",in_selected_syllabus,与当前考纲词形或已登记拼写变体相符。,"vt. 中断, 妨碍, 插嘴
vi. 打断
n. 中断
[计] 中断",p:interrupted/d:interrupted/i:interrupting/3:interrupts/s:interrupts,ecdict-bc015ed2e24a
interruption,cet4 cet6,"[""cet4-w-5a641051cc7b399ef9c7""]",in_selected_syllabus,与当前考纲词形或已登记拼写变体相符。,"n. 打扰, 中断, 障碍物
[医] 间断, 阻断, 中止",s:interruptions,ecdict-bc015ed2e24a
interval,gk cet4 cet6 ky toefl ielts,"[""cet4-w-fab7e13b3f4b0077a28c""]",in_selected_syllabus,与当前考纲词形或已登记拼写变体相符。,"n. 间隔, 距离, 间歇, 间隙
[计] 时间间隔",s:intervals,ecdict-bc015ed2e24a
interview,zk gk cet4 cet6 ky ielts,"[""cet4-w-da26002ce5a3e0b95969""]",in_selected_syllabus,与当前考纲词形或已登记拼写变体相符。,"n. 面谈, 访问, 接见, 面试
vt. 接见, 对...进行面谈(试)",s:interviews/d:interviewed/p:interviewed/i:interviewing/3:interviews,ecdict-bc015ed2e24a
intimate,cet4 cet6 ky toefl ielts gre,"[""cet4-w-0b816580b428c5f8652b""]",in_selected_syllabus,与当前考纲词形或已登记拼写变体相符。,"a. 亲密的, 私人的, 秘密的
vt. 暗示, 通知, 告诉
n. 至交",d:intimated/p:intimated/3:intimates/i:intimating,ecdict-bc015ed2e24a
intimidate,cet4 cet6 ky toefl ielts gre,[],outside_selected_syllabus,ECDICT 标签仅作候选；所选考纲四级范围无对应词形，不自动加入。,"vt. 威胁, 恐吓
[法] 恐吓, 威胁, 使恐惧",d:intimidated/p:intimidated/3:intimidates/i:intimidating,ecdict-bc015ed2e24a
introduce,zk gk cet4 cet6 ky,"[""cet4-w-b7dc60b4776866a26256""]",in_selected_syllabus,与当前考纲词形或已登记拼写变体相符。,"vt. 介绍, 引入, 采用, 输入
[法] 引进, 输入, 介绍",d:introduced/i:introducing/p:introduced/3:introduces,ecdict-bc015ed2e24a
introduction,zk gk cet4 cet6 ky ielts,"[""cet4-w-b39923ad3ddb40fd96b6""]",in_selected_syllabus,与当前考纲词形或已登记拼写变体相符。,"n. 介绍, 传入, 采用, 初步",s:introductions,ecdict-bc015ed2e24a
invade,cet4 cet6 ky toefl ielts gre,"[""cet4-w-45c36058e0e7086db8cb""]",in_selected_syllabus,与当前考纲词形或已登记拼写变体相符。,"vt. 侵入, 拥入, 侵略, 侵袭
[法] 强入, 侵犯, 侵略",p:invaded/d:invaded/i:invading/3:invades,ecdict-bc015ed2e24a
invasion,cet4 cet6 ky toefl,"[""cet4-w-a4229d89bc68a1655ae9""]",in_selected_syllabus,与当前考纲词形或已登记拼写变体相符。,"n. 侵犯, 侵入, 侵害
[医] 侵袭, 侵入, 发病",s:invasions,ecdict-bc015ed2e24a
invent,zk gk cet4 cet6 ky,"[""cet4-w-1e7e4b1c6930042337cc""]",in_selected_syllabus,与当前考纲词形或已登记拼写变体相符。,"vt. 发明, 创作, 虚构
[机] 发明",d:invented/p:invented/i:inventing/3:invents,ecdict-bc015ed2e24a
invention,zk gk cet4 cet6 ky,"[""cet4-w-a36b1bbc74b4d6616ec4""]",in_selected_syllabus,与当前考纲词形或已登记拼写变体相符。,"n. 发明, 创作能力, 虚构的故事
[经] 发明",s:inventions,ecdict-bc015ed2e24a
inventor,gk cet4 cet6,"[""cet4-w-f3b7f0eb033b3476e252""]",in_selected_syllabus,与当前考纲词形或已登记拼写变体相符。,"n. 发明家
[法] 发明人, 发明家, 创造者",s:inventors,ecdict-bc015ed2e24a
inverse,cet4 ky toefl gre,[],outside_selected_syllabus,ECDICT 标签仅作候选；所选考纲四级范围无对应词形，不自动加入。,"a. 倒转的, 相反的
n. 反向, 反面
[计] 反白, 反色",s:inverses,ecdict-bc015ed2e24a
invest,cet4 cet6 ky ielts,"[""cet4-w-366388ea62f265ada0cb""]",in_selected_syllabus,与当前考纲词形或已登记拼写变体相符。,"vt. 投资, 花费, 笼罩, 授予
vi. 投资, 利用",d:invested/i:investing/p:invested/3:invests,ecdict-bc015ed2e24a
investigate,cet4 cet6 ky toefl ielts gre,"[""cet4-w-30cc007df638b84242f3""]",in_selected_syllabus,与当前考纲词形或已登记拼写变体相符。,"v. 调查, 审查",d:investigated/i:investigating/p:investigated/3:investigates,ecdict-bc015ed2e24a
investigation,cet4 cet6 toefl ielts,"[""cet4-w-a29450b5c17883b951ff""]",in_selected_syllabus,与当前考纲词形或已登记拼写变体相符。,"n. 调查, 审查
[医] 调查, 调查研究",s:investigations,ecdict-bc015ed2e24a
investment,cet4 cet6 ky ielts,"[""cet4-w-ade72e935f2732cbddc8""]",in_selected_syllabus,与当前考纲词形或已登记拼写变体相符。,"n. 投资
[医] 包埋料, 围模料, 包埋法, 围模法",s:investments,ecdict-bc015ed2e24a
invisible,cet4 cet6 ky ielts,"[""cet4-w-64c3eb0823eab6085040""]",in_selected_syllabus,与当前考纲词形或已登记拼写变体相符。,"a. 看不见的, 无形的
[经] 无形的, 表面上看不见的, 未列在公开帐目的",s:invisibles,ecdict-bc015ed2e24a
invitation,gk cet4 cet6 ky,"[""cet4-w-c40acd613584f801f343""]",in_selected_syllabus,与当前考纲词形或已登记拼写变体相符。,"n. 邀请, 请柬, 引诱
[经] 邀请, 招待, 吸引",s:invitations,ecdict-bc015ed2e24a
invite,zk gk cet4 cet6 ky,"[""cet4-w-b58237d1e68e89f77ab2""]",in_selected_syllabus,与当前考纲词形或已登记拼写变体相符。,"vt. 邀请, 请求, 引起, 招致
n. 邀请",d:invited/p:invited/3:invites/i:inviting,ecdict-bc015ed2e24a
involve,cet4 cet6 ky toefl ielts,"[""cet4-w-32a5bfcf4c6ccb7e24ba""]",in_selected_syllabus,与当前考纲词形或已登记拼写变体相符。,"vt. 包括, 使陷于, 潜心于, 包围
[医] 累及, 牵涉, 包含",d:involved/i:involving/3:involves/p:involved,ecdict-bc015ed2e24a
inward,cet4 cet6 ky,"[""cet4-w-7a53679e304bd134e17f""]",in_selected_syllabus,与当前考纲词形或已登记拼写变体相符。,"a. 内心的, 向内的, 本来的
[医] 向内的",,ecdict-bc015ed2e24a
iron,zk gk cet4 cet6 ky,"[""cet4-w-bc7cc06cfb9129dc959b""]",in_selected_syllabus,与当前考纲词形或已登记拼写变体相符。,"n. 铁, 熨斗, 铁器, 坚强, 烙铁, 镣铐
vt. 烫平, 熨, 用铁包
vi. 烫平",s:irons/d:ironed/i:ironing/p:ironed/3:irons,ecdict-bc015ed2e24a
irregular,cet4 cet6 toefl ielts,"[""cet4-w-6f3e6c2f79d07be79db7""]",in_selected_syllabus,与当前考纲词形或已登记拼写变体相符。,"n. 不规则物, 不合规格之物
a. 不规则的, 不整齐的, 不合法的",s:irregulars,ecdict-bc015ed2e24a
island,zk gk cet4 cet6 ky ielts,"[""cet4-w-a724cdefd5feb8872404""]",in_selected_syllabus,与当前考纲词形或已登记拼写变体相符。,"n. 岛, 岛屿, 孤立地区, 安全岛
vt. 使成岛状, 孤立",s:islands,ecdict-bc015ed2e24a
isolate,cet4 cet6 ky toefl ielts gre,"[""cet4-w-e6a8c96b82a4bcf2e828""]",in_selected_syllabus,与当前考纲词形或已登记拼写变体相符。,"vt. 使隔离, 使孤立, 使绝缘
n. 隔离种群",d:isolated/p:isolated/3:isolates/i:isolating/s:isolates,ecdict-bc015ed2e24a
issue,cet4 cet6 ky toefl ielts gre,"[""cet4-w-763018db6f9b1365351e""]",in_selected_syllabus,与当前考纲词形或已登记拼写变体相符。,"n. 发行, 问题, 后果, 流出, 出口, 争端
vi. 发行, 流出, 造成...结果, 传下
vt. 使流出, 放出, 发行, 发布, 发给",s:issues/d:issued/p:issued/i:issuing/3:issues,ecdict-bc015ed2e24a
Italian,gk cet4 cet6,[],outside_selected_syllabus,ECDICT 标签仅作候选；所选考纲四级范围无对应词形，不自动加入。,"n. 意大利人, 意大利语
a. 意大利的, 意大利语的",s:italians,ecdict-bc015ed2e24a
item,cet4 ky ielts,"[""cet4-w-45d3825392a2e8a1f135""]",in_selected_syllabus,与当前考纲词形或已登记拼写变体相符。,"n. 项目, 条款, 一则, 项
[计] 项",s:items,ecdict-bc015ed2e24a
jacket,zk gk cet4 cet6 ky ielts,"[""cet4-w-cb0d0714c829676f7c32""]",in_selected_syllabus,与当前考纲词形或已登记拼写变体相符。,"n. 夹克, 外套, 护套
vt. 给...穿夹克, 给...装护套",s:jackets/i:jacketing/p:jacketed/3:jackets/d:jacketed,ecdict-bc015ed2e24a
jail,cet4 cet6 ielts,"[""cet4-w-8a89fda604432e4643e5""]",in_selected_syllabus,与当前考纲词形或已登记拼写变体相符。,"n. 监牢, 监狱, 拘留所
vt. 监禁, 下狱",d:jailed/s:jails/p:jailed/i:jailing/3:jails,ecdict-bc015ed2e24a
jam,gk cet4 cet6 ky ielts,"[""cet4-w-cac4b83fd2ab0b979659""]",in_selected_syllabus,与当前考纲词形或已登记拼写变体相符。,"n. 果酱, 拥塞之物, 堵塞, 困境
vt. 挤进, 使塞满, 混杂, 压碎, 使堵塞
vi. 堵塞, 轧住, 拥挤",d:jammed/s:jams/i:jamming/p:jammed/3:jams,ecdict-bc015ed2e24a
jar,gk cet4 cet6 ky toefl gre,"[""cet4-w-faa27af4cf1432cf3893""]",in_selected_syllabus,与当前考纲词形或已登记拼写变体相符。,"n. 广口瓶, 震动, 刺耳声
vi. 震惊, 冲突, 发刺耳声, 不一致
vt. 震动, 刺激",s:jars/p:jarred/i:jarring/d:jarred/3:jars,ecdict-bc015ed2e24a
jaw,gk cet4 cet6 ky toefl,"[""cet4-w-ea09f94f347a7d26b587""]",in_selected_syllabus,与当前考纲词形或已登记拼写变体相符。,"n. 颚, 颌
v. 闲谈, 教训, 唠叨",s:jaws/p:jawed/i:jawing/3:jaws/d:jawed,ecdict-bc015ed2e24a
jazz,gk cet4 ky gre,"[""cet4-w-56de0bbd65e6b2e66b37""]",in_selected_syllabus,与当前考纲词形或已登记拼写变体相符。,"n. 爵士乐, 喧闹
a. 爵士乐的, 喧吵的
vi. 演奏爵士乐, 跳爵士舞, 游荡
vt. 奏爵士乐, 使活泼",i:jazzing/p:jazzed/3:jazzes/d:jazzed,ecdict-bc015ed2e24a
jealous,cet4 cet6 ky toefl ielts,"[""cet4-w-e545d6ee4ef3c4ecc8c9""]",in_selected_syllabus,与当前考纲词形或已登记拼写变体相符。,"a. 嫉妒的, 羡慕的, 留心的, 戒备的",,ecdict-bc015ed2e24a
jeans,zk gk cet4 ky ielts,"[""cet4-w-c7f11f429f17d79107a8""]",in_selected_syllabus,与当前考纲词形或已登记拼写变体相符。,"n. 工装裤, 牛仔裤",s:jeans/0:jeans/1:s,ecdict-bc015ed2e24a
jet,gk cet4 cet6 ky,"[""cet4-w-653206d3cff9bbde590c""]",in_selected_syllabus,与当前考纲词形或已登记拼写变体相符。,"n. 喷射流, 喷嘴, 煤玉
v. 射出, 迸出, 喷射
a. 黑而发亮的, 墨黑的",s:jets/i:jetting/p:jetted/d:jetted/3:jets,ecdict-bc015ed2e24a
jewel,gk cet4 cet6 ky toefl,"[""cet4-w-499a372be2886a3410ab""]",in_selected_syllabus,与当前考纲词形或已登记拼写变体相符。,"n. 珠宝, 贵重物, 镶珠宝的饰物
vt. 饰以珠宝, 镶以宝石",s:jewels/p:jewelled/d:jewelled/i:jewelling/3:jewels,ecdict-bc015ed2e24a
Jewish,cet4 cet6,[],outside_selected_syllabus,ECDICT 标签仅作候选；所选考纲四级范围无对应词形，不自动加入。,"a. 犹太人的, 犹太族的",,ecdict-bc015ed2e24a
joint,cet4 cet6 ky,"[""cet4-w-740c893336d5f9b38769""]",in_selected_syllabus,与当前考纲词形或已登记拼写变体相符。,"n. 连接处, 接合, 关节
a. 共同的, 联合的, 连接的, 合办的
vt. 连接, 接合, 使有接头
vi. 贴合, 长节",s:joints/d:jointed/i:jointing/p:jointed/3:joints,ecdict-bc015ed2e24a
joke,zk gk cet4 ky,"[""cet4-w-2e390b1f96f57f1d0770""]",in_selected_syllabus,与当前考纲词形或已登记拼写变体相符。,"n. 笑话, 玩笑, 笑柄
v. 开玩笑, 取笑, 作弄",s:jokes/i:joking/p:joked/3:jokes/d:joked,ecdict-bc015ed2e24a
jolly,cet4 cet6 ky gre,[],outside_selected_syllabus,ECDICT 标签仅作候选；所选考纲四级范围无对应词形，不自动加入。,"a. 愉快的, 高兴的, 宜人的
vt. 恭维, 使高兴, 取笑
vi. 开玩笑
adv. 非常, 极为",3:jollies/r:jollier/t:jolliest/i:jollying/p:jollied/d:jollied,ecdict-bc015ed2e24a
journal,cet4 cet6 ky toefl ielts,"[""cet4-w-421e27137d5914416ad8""]",in_selected_syllabus,与当前考纲词形或已登记拼写变体相符。,"n. 日记, 杂志, 日报
[化] 轴颈",s:journals,ecdict-bc015ed2e24a
journalist,gk cet4 cet6 ky toefl ielts,"[""cet4-w-2e4563e05df4905f1531""]",in_selected_syllabus,与当前考纲词形或已登记拼写变体相符。,"n. 新闻记者, 从事新闻杂志业的人",s:journalists,ecdict-bc015ed2e24a
journey,gk cet4 cet6 ky,"[""cet4-w-ac6775b49d9fc35d796d""]",in_selected_syllabus,与当前考纲词形或已登记拼写变体相符。,"n. 旅程, 旅行, 行程
vi. 旅行
vt. 游历",s:journeys/p:journeyed/i:journeying/d:journeyed/3:journeys,ecdict-bc015ed2e24a
joy,zk gk cet4 ky,"[""cet4-w-eb2b4f970da87b2b08f3""]",in_selected_syllabus,与当前考纲词形或已登记拼写变体相符。,"n. 欢喜, 乐事, 高兴
vt. 使快乐, 令人高兴
vi. 欢喜",s:joys/i:joying/p:joyed/3:joys/d:joyed,ecdict-bc015ed2e24a
joyful,cet4 cet6,"[""cet4-w-384bdc64ebda75afe785""]",in_selected_syllabus,与当前考纲词形或已登记拼写变体相符。,"a. 欢喜的, 高兴的, 令人高兴的",,ecdict-bc015ed2e24a
judge,gk cet4 cet6 ky,"[""cet4-w-0d6dd27e33383ada3a9c""]",in_selected_syllabus,与当前考纲词形或已登记拼写变体相符。,"n. 法官, 裁判员, 审判官, 鉴定人
vt. 审理, 鉴定, 判断, 判决, 裁定
vi. 下判断, 作评价",s:judges/d:judged/i:judging/p:judged/3:judges,ecdict-bc015ed2e24a
judgement,gk cet4 cet6 ky toefl,"[""cet4-w-dde48ae1b927e6f585f4""]",in_selected_syllabus,与当前考纲词形或已登记拼写变体相符。,"n. 审判, 判决, 判断
[经] 判定, 审定, 鉴定",s:judgements,ecdict-bc015ed2e24a
jungle,gk cet4 cet6 ky toefl ielts,"[""cet4-w-be72420e38940889fb12""]",in_selected_syllabus,与当前考纲词形或已登记拼写变体相符。,"n. 丛林, 杂乱的一堆, 弱肉强食的地方",s:jungles,ecdict-bc015ed2e24a
junior,gk cet4 cet6 ky ielts,"[""cet4-w-a15610234b6a01c283e5""]",in_selected_syllabus,与当前考纲词形或已登记拼写变体相符。,"n. 年少者, 地位较低者, 大学三年级学生
a. 年少的, 下级的, 后进的",s:juniors,ecdict-bc015ed2e24a
jury,cet4 cet6 ky toefl ielts,"[""cet4-w-51f5607b7cc55d021476""]",in_selected_syllabus,与当前考纲词形或已登记拼写变体相符。,"n. 陪审团, 评判委员会
a. 应急的",s:juries,ecdict-bc015ed2e24a
justice,gk cet4 cet6 ky toefl,"[""cet4-w-c2c430e818e789c2f5bf""]",in_selected_syllabus,与当前考纲词形或已登记拼写变体相符。,"n. 正义, 公平, 公正, 正确, 司法, 审判",s:justices,ecdict-bc015ed2e24a
justify,cet4 cet6 ky toefl ielts gre,"[""cet4-w-9f731d4fdccece20be02""]",in_selected_syllabus,与当前考纲词形或已登记拼写变体相符。,"vt. 替...辩护, 证明
vi. 证明合法
[计] 段落重排, 两端对齐",d:justified/3:justifies/i:justifying/p:justified,ecdict-bc015ed2e24a
keen,cet4 cet6 ky toefl ielts,"[""cet4-w-d4297f3008055e7fe5d4""]",in_selected_syllabus,与当前考纲词形或已登记拼写变体相符。,"a. 锋利的, 敏锐的, 强烈的, 敏捷的, 热心的, 渴望的
n. 挽歌, 痛哭
v. 唱挽歌, 痛哭",r:keener/t:keenest/i:keening/p:keened/3:keens/d:keened,ecdict-bc015ed2e24a
keeper,gk cet4 cet6,[],outside_selected_syllabus,ECDICT 标签仅作候选；所选考纲四级范围无对应词形，不自动加入。,"n. 监护人, 管理人, 看守人
[机] 保管人, 看守人, 保持片",s:keepers,ecdict-bc015ed2e24a
kettle,gk cet4 cet6 ky toefl,"[""cet4-w-272edcf4b884cbf580bb""]",in_selected_syllabus,与当前考纲词形或已登记拼写变体相符。,"n. 茶壶, 罐
[化] 釜体釜; 锅",s:kettles/p:kettled,ecdict-bc015ed2e24a
keyboard,zk gk cet4 cet6 ky toefl,"[""cet4-w-e53546def39b41cbaa9d""]",in_selected_syllabus,与当前考纲词形或已登记拼写变体相符。,"n. 键盘
[计] 键盘",s:keyboards/i:keyboarding/d:keyboarded,ecdict-bc015ed2e24a
kick,zk gk cet4 cet6 ky,"[""cet4-w-0531fd2a2501c2f5cb5f""]",in_selected_syllabus,与当前考纲词形或已登记拼写变体相符。,"n. 踢, 反冲, 后座力, 凹底
vi. 踢, 反抗, 反冲
vt. 踢, 反冲",p:kicked/i:kicking/d:kicked/s:kicks/3:kicks,ecdict-bc015ed2e24a
kid,zk gk cet4 ky,"[""cet4-w-1dc6a117a7b8d5286d16""]",in_selected_syllabus,与当前考纲词形或已登记拼写变体相符。,"n. 小山羊, 小山羊肉, 小孩, 欺骗
a. 小山羊皮制的
v. 哄骗, 嘲弄",s:kids/i:kidding/p:kidded/3:kids/d:kidded,ecdict-bc015ed2e24a
kill,zk gk cet4 ky,"[""cet4-w-3c1bb6d647461c4c17a3""]",in_selected_syllabus,与当前考纲词形或已登记拼写变体相符。,"n. 杀, 杀戮, 小河
vt. 杀, 破坏, 消灭, 使终止, 抵消, 否决
vi. 杀死
[计] 删除",d:killed/i:killing/p:killed/3:kills,ecdict-bc015ed2e24a
kilogram,zk gk cet4,"[""cet4-w-0bf1b15997cc9ec4231e""]",in_selected_syllabus,与当前考纲词形或已登记拼写变体相符。,"n. 千克, 公斤
[医] 千克, 公斤",s:kilograms,ecdict-bc015ed2e24a
kilometer,cet4,"[""cet4-w-5238d4d966f8e7649f8d""]",in_selected_syllabus,与当前考纲词形或已登记拼写变体相符。,"n. 千米, 公里
[医] 千米, 公里",s:kilometers,ecdict-bc015ed2e24a
kindness,gk cet4 cet6 ky,"[""cet4-w-c978f3ed794862456a2c""]",in_selected_syllabus,与当前考纲词形或已登记拼写变体相符。,"n. 仁慈, 亲切, 和蔼",s:kindnesses,ecdict-bc015ed2e24a
king,zk gk cet4 ky ielts,"[""cet4-w-dd132d204d77d38f0acb""]",in_selected_syllabus,与当前考纲词形或已登记拼写变体相符。,"n. 国王, 君主
vt. 使...成为君主
vi. 君临, 统治",s:kings,ecdict-bc015ed2e24a
kingdom,gk cet4 cet6 ky toefl,"[""cet4-w-d138467a1f5750bf41cc""]",in_selected_syllabus,与当前考纲词形或已登记拼写变体相符。,"n. 王国, 领域
[医] 界(动物,植物,矿物)",s:kingdoms,ecdict-bc015ed2e24a
kiss,zk gk cet4 ky,"[""cet4-w-7afabcce8fe30176d128""]",in_selected_syllabus,与当前考纲词形或已登记拼写变体相符。,"n. 吻
vt. 吻
vi. 接吻",p:kissed/i:kissing/s:kisses/d:kissed/3:kisses,ecdict-bc015ed2e24a
kite,zk gk cet4 cet6 ky,"[""cet4-w-d95b73a207f95bc15fd0""]",in_selected_syllabus,与当前考纲词形或已登记拼写变体相符。,"n. 风筝, 筝帆, 空头支票, 骗子
vi. 象风筝一样飞, 轻快地移动, 使用空头支票
vt. 使上升, 骗钱",s:kites/i:kiting/p:kited/3:kites/d:kited,ecdict-bc015ed2e24a
knee,zk gk cet4 cet6 ky,"[""cet4-w-6c7e4554def2f151cb41""]",in_selected_syllabus,与当前考纲词形或已登记拼写变体相符。,"n. 膝, 膝盖
vt. 膝行, 用膝盖碰",s:knees/i:kneeing,ecdict-bc015ed2e24a
kneel,cet4 cet6 ky,"[""cet4-w-e5486e3f21acb74e7603""]",in_selected_syllabus,与当前考纲词形或已登记拼写变体相符。,vi. 跪下,p:knelt/i:kneeling/3:kneels/d:knelt,ecdict-bc015ed2e24a
knit,cet4 cet6 ky ielts gre,"[""cet4-w-3d8b389cffe54957f5ae""]",in_selected_syllabus,与当前考纲词形或已登记拼写变体相符。,"v. 编织, 结合",i:knitting/d:knitted/p:knit/0:knit/1:pd/3:knits/s:knits,ecdict-bc015ed2e24a
knob,cet4 cet6 ky ielts,[],outside_selected_syllabus,ECDICT 标签仅作候选；所选考纲四级范围无对应词形，不自动加入。,"n. 把手, 瘤, 旋钮, 球形突出物
vt. 使有球形突出物
vi. 鼓起",s:knobs/p:knobbed/i:knobbing,ecdict-bc015ed2e24a
knot,cet4 cet6 ky ielts,"[""cet4-w-e17e3fb9b6711f40f896""]",in_selected_syllabus,与当前考纲词形或已登记拼写变体相符。,"n. 结, 群, 难题
v. 打结, (使)纠缠",s:knots/p:knotted/d:knotted/i:knotting/3:knots,ecdict-bc015ed2e24a
knowledge,zk gk cet4 cet6 ky ielts,"[""cet4-w-b5a0da6800498d012f90""]",in_selected_syllabus,与当前考纲词形或已登记拼写变体相符。,"n. 知识, 学问, 认识, 知道",s:knowledges,ecdict-bc015ed2e24a
lab,zk gk cet4 cet6 ky ielts,"[""cet4-w-320cf6f0d9beacf7ac46""]",in_selected_syllabus,与当前考纲词形或已登记拼写变体相符。,"n. 实验室, 研究室
[医] 凝乳酶",s:labs,ecdict-bc015ed2e24a
label,cet4 cet6 ky toefl,"[""cet4-w-e94f5eb45b3968539530""]",in_selected_syllabus,与当前考纲词形或已登记拼写变体相符。,"n. 标签, 称号, 商标, 标志
vt. 贴标签于, 标注
[计] 标志; 标注; DOS外部命令:用于建立改变或删除磁盘卷标号",s:labels/d:labelled/i:labelling/p:labelled/3:labels,ecdict-bc015ed2e24a
laboratory,zk cet4 cet6 toefl ielts,"[""cet4-w-6d1a4b5a817614a166e7""]",in_selected_syllabus,与当前考纲词形或已登记拼写变体相符。,"n. 实验室, 研究室, 化工厂
[医] 实验室, 检验室, 化验室",s:laboratories,ecdict-bc015ed2e24a
labour,zk gk cet4 cet6,"[""cet4-w-d3cb0e47d53da8bdf248""]",in_selected_syllabus,与当前考纲词形或已登记拼写变体相符。,"n. 劳动, 努力, 工作, 劳工, 分娩
vi. 劳动, 努力, 苦干
vt. 详细分析, 使厌烦",s:labours/i:labouring/p:laboured/d:laboured/3:labours,ecdict-bc015ed2e24a
lace,cet4 cet6 ky toefl ielts gre,"[""cet4-w-4bee7de3a24788e59791""]",in_selected_syllabus,与当前考纲词形或已登记拼写变体相符。,"n. 饰带, 花边, 缎带, 鞋带
vt. 结带子, 饰以花边
vi. 系带子
[计] 全穿孔",s:laces/d:laced/p:laced/i:lacing/3:laces,ecdict-bc015ed2e24a
lack,gk cet4 ky ielts,"[""cet4-w-751131d8ac8a9271b9ad""]",in_selected_syllabus,与当前考纲词形或已登记拼写变体相符。,"n. 缺乏, 无, 不足
vt. 缺乏, 短少, 不足, 需要
vi. 缺乏",i:lacking/p:lacked/3:lacks/d:lacked,ecdict-bc015ed2e24a
ladder,gk cet4 cet6 ky,"[""cet4-w-542ff8896d3448cfee7f""]",in_selected_syllabus,与当前考纲词形或已登记拼写变体相符。,"n. 梯, 梯状物, 发迹的途径
vi. 袜子抽丝, 成名",s:ladders/d:laddered/p:laddered/i:laddering/3:ladders,ecdict-bc015ed2e24a
lady,zk gk cet4 ky,"[""cet4-w-2efc0e0470ed9c74a4fb""]",in_selected_syllabus,与当前考纲词形或已登记拼写变体相符。,"n. 淑女, 夫人, 女士, 贵妇",s:ladies,ecdict-bc015ed2e24a
lag,cet4 cet6 ky toefl ielts gre,"[""cet4-w-37004bd65f5f14bd7980""]",in_selected_syllabus,与当前考纲词形或已登记拼写变体相符。,"n. 落后, 囚犯, 迟延, 桶板, 防护套
a. 最后的
vi. 落后, 蹒跚, 缓缓而行, 滞后
vt. 落后于, 押往监狱, 加上外套
[计] 延迟; 落后",i:lagging/3:lags/s:lags/d:lagged/p:lagged,ecdict-bc015ed2e24a
lamb,zk gk cet4 cet6 ky ielts,"[""cet4-w-b7102bb01077ce9ba7b1""]",in_selected_syllabus,与当前考纲词形或已登记拼写变体相符。,"n. 小羊, 羔羊
v. 产羊羔",s:lambs/i:lambing/p:lambed/3:lambs/d:lambed,ecdict-bc015ed2e24a
lame,gk cet4 cet6 ky ielts,"[""cet4-w-21cad71852324000e801""]",in_selected_syllabus,与当前考纲词形或已登记拼写变体相符。,"a. 跛足的, 僵痛的, 不完全的, 金属薄板, 不知内情的人
vi. 变跛
vt. 使成残废, 使无用",3:lames/d:lamed/p:lamed/i:laming/t:lamest/r:lamer,ecdict-bc015ed2e24a
lamp,zk gk cet4 cet6 ky toefl ielts,"[""cet4-w-54d79ce88f94c6fe5871""]",in_selected_syllabus,与当前考纲词形或已登记拼写变体相符。,"n. 灯
vt. 照亮
[计] 逻辑模拟分析系统",s:lamps,ecdict-bc015ed2e24a
landing,cet4 cet6 toefl,"[""cet4-w-55bf16aba7fa8123ed18""]",in_selected_syllabus,与当前考纲词形或已登记拼写变体相符。,"n. 登陆, 码头, 降落
[经] 上岸, 登陆, 降落",0:land/1:i/i:landing/s:landings,ecdict-bc015ed2e24a
landlady,cet4 cet6 ky ielts,"[""cet4-w-8cd8cbc7adfdb71c514a""]",in_selected_syllabus,与当前考纲词形或已登记拼写变体相符。,"n. 女房东, 女地主",s:landladies,ecdict-bc015ed2e24a
landlord,cet4 cet6 ky,"[""cet4-w-86c4e5803e6a915aef43""]",in_selected_syllabus,与当前考纲词形或已登记拼写变体相符。,"n. 房东, 地主
[经] 业主, 地主, 房东",s:landlords,ecdict-bc015ed2e24a
lane,cet4 cet6 ky ielts,"[""cet4-w-d9cd1220e4906a2df18c""]",in_selected_syllabus,与当前考纲词形或已登记拼写变体相符。,"n. 小路, 巷, 弄, 单行道",s:lanes,ecdict-bc015ed2e24a
lantern,gk cet4 cet6 ky,[],outside_selected_syllabus,ECDICT 标签仅作候选；所选考纲四级范围无对应词形，不自动加入。,"n. 灯笼, 提灯, 航标灯
vt. 装上提灯",s:lanterns,ecdict-bc015ed2e24a
lap,gk cet4 cet6 ky ielts gre,"[""cet4-w-49eb0637392e30f5411e""]",in_selected_syllabus,与当前考纲词形或已登记拼写变体相符。,"n. 膝盖, 舔, 一圈, 下摆, 衣兜, 山坳
vi. 重叠, 围住, 轻拍, 舔
vt. 包围, 抱...在膝上, 使重叠, 舔, 拍打, 泼溅
[计] 链接访问程序",s:laps/d:lapped/i:lapping/p:lapped/3:laps,ecdict-bc015ed2e24a
largely,cet4 cet6 ky toefl,"[""cet4-w-0971f76b615f04d4b1a7""]",in_selected_syllabus,与当前考纲词形或已登记拼写变体相符。,"adv. 大量地, 很多地, 大半地",,ecdict-bc015ed2e24a
laser,gk cet4 cet6 ky toefl ielts,"[""cet4-w-c25040ffd242f0941e05""]",in_selected_syllabus,与当前考纲词形或已登记拼写变体相符。,"n. 激光
[计] 激光器",s:lasers/p:lasered/d:lasered/i:lasering,ecdict-bc015ed2e24a
lately,gk cet4 cet6 ky toefl,"[""cet4-w-9ece0302d8aeacfb7414""]",in_selected_syllabus,与当前考纲词形或已登记拼写变体相符。,"adv. 近来, 最近",r:latelier,ecdict-bc015ed2e24a
later,gk cet4 cet6 ky,"[""cet4-w-e661a46d5a1744b48f2e""]",in_selected_syllabus,与当前考纲词形或已登记拼写变体相符。,"adv. 以后, 随后",0:late/1:r,ecdict-bc015ed2e24a
Latin,cet4 cet6 ky,[],outside_selected_syllabus,ECDICT 标签仅作候选；所选考纲四级范围无对应词形，不自动加入。,"n. 拉丁人, 拉丁语
a. 拉丁人的, 拉丁语的",s:latins,ecdict-bc015ed2e24a
latter,gk cet4 cet6 ky toefl,"[""cet4-w-2a3244833314994495bb""]",in_selected_syllabus,与当前考纲词形或已登记拼写变体相符。,"a. 后者的, 较后的, 近来的",,ecdict-bc015ed2e24a
laughter,gk cet4 cet6 ky,"[""cet4-w-9eb748f6089eb2c328cf""]",in_selected_syllabus,与当前考纲词形或已登记拼写变体相符。,"n. 笑, 笑声
[医] 笑, 大笑",,ecdict-bc015ed2e24a
launch,cet4 cet6 ky toefl ielts,"[""cet4-w-8cde0ecae22568fad5ec""]",in_selected_syllabus,与当前考纲词形或已登记拼写变体相符。,"n. 下水, 汽艇, 发射
vt. 使下水, 发射, 发动
vi. 起飞, 下水, 投入, 开始",d:launched/p:launched/i:launching/3:launches/s:launches,ecdict-bc015ed2e24a
laundry,gk cet4 cet6 ky toefl ielts,"[""cet4-w-39ed8637abd4256e6b7b""]",in_selected_syllabus,与当前考纲词形或已登记拼写变体相符。,"n. 洗衣店, 洗好的衣服, 洗涤
[机] 洗衣作, 洗衣店, 洗衣房",s:laundries,ecdict-bc015ed2e24a
lavatory,gk cet4 cet6 ky,"[""cet4-w-c7690792bc6bc9a75e78""]",in_selected_syllabus,与当前考纲词形或已登记拼写变体相符。,"n. 洗脸盆, 厕所",s:lavatories,ecdict-bc015ed2e24a
law,zk gk cet4 cet6 ky ielts,"[""cet4-w-bbdf401336ff7f20ef8b""]",in_selected_syllabus,与当前考纲词形或已登记拼写变体相符。,"n. 法律, 法则, 定律, 法律的制约, 法学, 司法界, 诉讼
v. 起诉",s:laws,ecdict-bc015ed2e24a
lawn,cet4 cet6 ky toefl ielts,"[""cet4-w-bfced1f4a05c86273ce5""]",in_selected_syllabus,与当前考纲词形或已登记拼写变体相符。,"n. 草地, 草坪, 上等细麻布
[机] 细筛",s:lawns,ecdict-bc015ed2e24a
lawyer,gk cet4 cet6 ky ielts,"[""cet4-w-9f6d6c7a7d9370fe0401""]",in_selected_syllabus,与当前考纲词形或已登记拼写变体相符。,"n. 律师
[经] 律师",s:lawyers,ecdict-bc015ed2e24a
lay,zk gk cet4 cet6 ky toefl ielts,"[""cet4-w-0287e7f24b809f85d98d""]",in_selected_syllabus,与当前考纲词形或已登记拼写变体相符。,"vt. 放置, 产, 铺设, 布置, 提出, 平息
vi. 下蛋, 打赌
n. 位置, 层, 隐藏处
a. 世俗的, 外行的
lie的过去式",0:lie/1:p/d:laid/p:laid/i:laying/3:lays,ecdict-bc015ed2e24a
layer,cet4 cet6 ky toefl ielts,"[""cet4-w-1631c7cafceb7fe5b045""]",in_selected_syllabus,与当前考纲词形或已登记拼写变体相符。,"n. 层, 产卵鸡, 放置者
vt. 分层堆积, 压植
[计] 层",s:layers/d:layered/i:layering/p:layered/3:layers,ecdict-bc015ed2e24a
layout,cet4 cet6 ky toefl ielts,"[""cet4-w-bcbf7dcf8a7366ba97f3""]",in_selected_syllabus,与当前考纲词形或已登记拼写变体相符。,"n. 布局, 陈列, 规划图, 页面布局, 版面编排
[计] 页面布局, 版面",s:layouts,ecdict-bc015ed2e24a
lazy,zk gk cet4 ky,"[""cet4-w-c02eb929938a82b6316f""]",in_selected_syllabus,与当前考纲词形或已登记拼写变体相符。,"a. 懒惰的, 怠惰的, 缓慢的
vi. 懒散",t:laziest/r:lazier,ecdict-bc015ed2e24a
lead,zk gk cet4 ky toefl,"[""cet4-w-21d0a8e59285a5242568""]",in_selected_syllabus,与当前考纲词形或已登记拼写变体相符。,"n. 铅, 铅条, 领导, 超前量, 领引, 榜样, 主角, 导线
vt. 引导, 带领, 领导, 指挥, 致使, 加铅于, 用铅包
vi. 领导, 带头, 导致, 用测深锤测深, 被铅覆盖
a. 带头的, 最重要的",p:led/d:led/i:leading/3:leads/s:leads/0:lead/1:d,ecdict-bc015ed2e24a
leader,zk gk cet4 cet6,"[""cet4-w-56d32fddecfefbe065b4""]",in_selected_syllabus,与当前考纲词形或已登记拼写变体相符。,"n. 领导者, 社论, 指挥, 领袖, 领唱者, 前导字符
[计] 前导字符",s:leaders,ecdict-bc015ed2e24a
leadership,cet4 cet6 ky toefl,"[""cet4-w-91d2194035318609dc8c""]",in_selected_syllabus,与当前考纲词形或已登记拼写变体相符。,"n. 领导能力, 领导阶层",s:leaderships,ecdict-bc015ed2e24a
leading,gk cet4 cet6 ky toefl,"[""cet4-w-366f95811fa9e85bcc9a""]",in_selected_syllabus,与当前考纲词形或已登记拼写变体相符。,"n. 领导, 指挥, 神示, 铅板
a. 领导的, 主要的, 在前的",0:lead/1:i/i:leading,ecdict-bc015ed2e24a
leaf,zk gk cet4 cet6 ky,"[""cet4-w-be6b3a05c2a8e4ae833e""]",in_selected_syllabus,与当前考纲词形或已登记拼写变体相符。,"n. 叶, 树叶, 花瓣, 页
vi. 生叶, 翻书页
vt. 在...上长叶, 翻...的页",s:leaves/i:leafing/p:leafed/3:leafs/d:leafed,ecdict-bc015ed2e24a
leak,gk cet4 cet6 ky toefl ielts gre,"[""cet4-w-c07ebdf4e16b60f4dfff""]",in_selected_syllabus,与当前考纲词形或已登记拼写变体相符。,"n. 漏洞, 漏处, 漏出, 泄漏
vi. 漏, 泄漏
vt. 使渗漏",d:leaked/s:leaks/i:leaking/p:leaked/3:leaks,ecdict-bc015ed2e24a
lean,cet4 cet6 ky toefl gre,"[""cet4-w-30ef1019a47d706288f5""]",in_selected_syllabus,与当前考纲词形或已登记拼写变体相符。,"n. 瘦肉, 倾斜, 倾斜度
a. 瘦的, 贫乏的, 歉收的
vi. 倚靠, 倾斜, 依赖
vt. 使倾斜",p:leaned/i:leaning/3:leans/r:leaner/d:leaned,ecdict-bc015ed2e24a
leap,cet4 cet6 ky toefl ielts,"[""cet4-w-ed9bb13663d44d455cf8""]",in_selected_syllabus,与当前考纲词形或已登记拼写变体相符。,"n. 跳跃, 剧增, 急变, 被越过之物
vi. 跳跃, 突然经过
vt. 跃过, 使跃过",p:leapt/i:leaping/s:leaps/3:leaps/d:leapt,ecdict-bc015ed2e24a
learned,gk cet4 cet6 ky,"[""cet4-w-35246d78d4aaac3c248b""]",in_selected_syllabus,与当前考纲词形或已登记拼写变体相符。,"a. 有学问的, 学术上的
learn的过去式和过去分词",0:learn/1:dp/p:learned/d:learned,ecdict-bc015ed2e24a
learning,cet4 cet6 ky,"[""cet4-w-a3c527992464b0a5a2a0""]",in_selected_syllabus,与当前考纲词形或已登记拼写变体相符。,"n. 学问, 学识, 学习
[计] 学习",0:learn/1:i/i:learning,ecdict-bc015ed2e24a
least,zk gk cet4 cet6 ky ielts,"[""cet4-w-a3b4f15cd5bdd8bdd263""]",in_selected_syllabus,与当前考纲词形或已登记拼写变体相符。,"n. 最少, 最小, 最小限度
a. 最少的, 最小的
adv. 最小, 最少",,ecdict-bc015ed2e24a
leather,gk cet4 cet6 ky toefl,"[""cet4-w-8626e3a8f0cac9c9b250""]",in_selected_syllabus,与当前考纲词形或已登记拼写变体相符。,"n. 皮革, 皮制品, 马镫的皮带
vt. 覆以皮革, 鞭苔, 抽打
a. 皮革的, 皮制的",s:leathers/i:leathering/p:leathered/3:leathers/d:leathered,ecdict-bc015ed2e24a
lecture,gk cet4 cet6 ky ielts,"[""cet4-w-7ce5226a5bafca5462e8""]",in_selected_syllabus,与当前考纲词形或已登记拼写变体相符。,"n. 演讲, 谴责, 讲稿
vt. 演讲, 训诫, 说教
vi. 讲演",s:lectures/i:lecturing/p:lectured/d:lectured/3:lectures,ecdict-bc015ed2e24a
legal,gk cet4 cet6 ky toefl ielts,"[""cet4-w-ee1fb32fd1af1b24d1c4""]",in_selected_syllabus,与当前考纲词形或已登记拼写变体相符。,"a. 法律的, 法定的, 合法的
[经] 法定权利; 法律(上)的, 合法的",,ecdict-bc015ed2e24a
legend,cet4 cet6 ky toefl ielts gre,"[""cet4-w-b31af463c0078042a58c""]",in_selected_syllabus,与当前考纲词形或已登记拼写变体相符。,"n. 传说, 传奇文学, 图例
[计] 图例",s:legends,ecdict-bc015ed2e24a
legislation,cet4 cet6 ky toefl ielts gre,"[""cet4-w-65256a4bac007ed401a6""]",in_selected_syllabus,与当前考纲词形或已登记拼写变体相符。,"n. 立法, 法律
[医] 立法, 法规",s:legislations,ecdict-bc015ed2e24a
leisure,cet4 cet6 ky toefl ielts,"[""cet4-w-3c5a33ee0bc74d6d7711""]",in_selected_syllabus,与当前考纲词形或已登记拼写变体相符。,"n. 空闲, 闲暇, 悠闲
a. 空闲的, 有闲的",p:leisured,ecdict-bc015ed2e24a
lemon,gk cet4 ky ielts,"[""cet4-w-b3862552ccb8837351ac""]",in_selected_syllabus,与当前考纲词形或已登记拼写变体相符。,"n. 柠檬, 柠檬树, 柠檬色
[医] 柠檬",s:lemons,ecdict-bc015ed2e24a
length,gk cet4 cet6 ky ielts,"[""cet4-w-322f63e067d441b96bcc""]",in_selected_syllabus,与当前考纲词形或已登记拼写变体相符。,"n. 长度, 长, 期间, 一段
[计] 记录长度; 块长; 字长",s:lengths,ecdict-bc015ed2e24a
lens,cet4 cet6 ky toefl ielts,"[""cet4-w-7dc9267bcc4b490452fd""]",in_selected_syllabus,与当前考纲词形或已登记拼写变体相符。,"n. 透镜, 镜头, 镜片, 晶状体
vt. 给...摄影",,ecdict-bc015ed2e24a
less,gk cet4 ky,"[""cet4-w-66f83f433b117ca1a689""]",in_selected_syllabus,与当前考纲词形或已登记拼写变体相符。,"n. 较少, 较小
a. 少的, 小的
adv. 较少, 较小, 较差
[计] 最低成本估算与调度法",,ecdict-bc015ed2e24a
lessen,cet4 cet6,[],outside_selected_syllabus,ECDICT 标签仅作候选；所选考纲四级范围无对应词形，不自动加入。,"vt. 减少, 缩小, 减轻
vi. 变小",d:lessened/p:lessened/i:lessening/3:lessens,ecdict-bc015ed2e24a
lest,cet4 cet6 ky,"[""cet4-w-397ecf92bdd16c4a79a4""]",in_selected_syllabus,与当前考纲词形或已登记拼写变体相符。,"conj. 以免, 唯恐, 免得",,ecdict-bc015ed2e24a
level,zk gk cet4 cet6 ky ielts,"[""cet4-w-f8a9aecaeda029e1e79a""]",in_selected_syllabus,与当前考纲词形或已登记拼写变体相符。,"n. 水平, 水准, 平地
a. 同高的, 平坦的, 齐平的, 水平的
vt. 弄平, 夷平, 使同等, 瞄准, 对准
vi. 变平, 拉平
[计] 级别",s:levels/d:levelled/p:levelled/i:levelling/3:levels,ecdict-bc015ed2e24a
lever,cet4 cet6 ky ielts gre,[],outside_selected_syllabus,ECDICT 标签仅作候选；所选考纲四级范围无对应词形，不自动加入。,"n. 杠杆, 似杠杆之工具
vt. 撬开
vi. 使用杠杆",s:levers/p:levered/i:levering/d:levered/3:levers,ecdict-bc015ed2e24a
leverage,cet4,[],outside_selected_syllabus,ECDICT 标签仅作候选；所选考纲四级范围无对应词形，不自动加入。,"n. 杠杆作用, 杠杆装置, 杠杆效率
[医] 杠杆率",i:leveraging/d:leveraged/s:leverages/p:leveraged/3:leverages,ecdict-bc015ed2e24a
liable,cet4 cet6 ky ielts,"[""cet4-w-37d475e23eba56f2a9d1""]",in_selected_syllabus,与当前考纲词形或已登记拼写变体相符。,"a. 有义务的, 应负责的, 有...倾向的
[法] 有责任的, 可受处理的, 应受罚的",,ecdict-bc015ed2e24a
liar,cet4 cet6,"[""cet4-w-c901718c5d25debbca06""]",in_selected_syllabus,与当前考纲词形或已登记拼写变体相符。,n. 说谎者,s:liars,ecdict-bc015ed2e24a
liberal,cet4 cet6 ky toefl ielts,"[""cet4-w-a3206edd409355a0ee76""]",in_selected_syllabus,与当前考纲词形或已登记拼写变体相符。,"n. 自由主义者
a. 慷慨的, 不拘泥的, 宽大的, 自由主义的",s:liberals,ecdict-bc015ed2e24a
liberate,gk cet4 cet6 ky toefl gre,"[""cet4-w-4c5288758b4b96c1d04d""]",in_selected_syllabus,与当前考纲词形或已登记拼写变体相符。,"vt. 解放, 释放, 使自由
[机] 释出, 放出",d:liberated/p:liberated/3:liberates/i:liberating,ecdict-bc015ed2e24a
liberation,gk cet4 cet6,"[""cet4-w-9fe86ce9c48bd7b131a0""]",in_selected_syllabus,与当前考纲词形或已登记拼写变体相符。,"n. 释放, 解放
[化] 发出; 释放; 放出",,ecdict-bc015ed2e24a
liberty,gk cet4 cet6 ky toefl gre,"[""cet4-w-6279841a52ceb94f2c55""]",in_selected_syllabus,与当前考纲词形或已登记拼写变体相符。,"n. 自由, 特权, 许可, 冒失
[法] 自由, 自由权, 自由区域",s:liberties,ecdict-bc015ed2e24a
librarian,gk cet4 cet6 ky toefl,"[""cet4-w-717c2138528ff81383f7""]",in_selected_syllabus,与当前考纲词形或已登记拼写变体相符。,"n. 图书馆员, 图书管理员
[计] 程序库管理程序; 程序库生成程序",s:librarians,ecdict-bc015ed2e24a
licence,cet4 ielts,"[""cet4-w-8574d36b0509c2e5148f""]",in_selected_syllabus,与当前考纲词形或已登记拼写变体相符。,"n. 执照, 许可证, 特许
vt. 许可, 特许, 认可",s:licences/d:licenced/i:licencing/p:licenced/3:licences,ecdict-bc015ed2e24a
license,zk gk cet4 cet6 ky gre,"[""cet4-w-8574d36b0509c2e5148f""]",in_selected_syllabus,与当前考纲词形或已登记拼写变体相符。,"n. 执照, 许可证, 特许
vt. 许可, 特许",d:licensed/i:licensing/s:licenses/3:licenses/p:licensed,ecdict-bc015ed2e24a
lick,cet4 cet6 ky ielts,"[""cet4-w-edd000def3bd58bd6c11""]",in_selected_syllabus,与当前考纲词形或已登记拼写变体相符。,"n. 舔, 少许, 打
vt. 舔, 卷过, 鞭打
vi. 轻轻拍打",p:licked/i:licking/3:licks/d:licked/s:licks,ecdict-bc015ed2e24a
lid,gk cet4 cet6 ky,"[""cet4-w-f4dc1c87820879cf7aee""]",in_selected_syllabus,与当前考纲词形或已登记拼写变体相符。,"n. 盖子, 限制, 眼睑
vt. 给...盖盖子",s:lids/p:lidded,ecdict-bc015ed2e24a
lieutenant,cet4 cet6,[],outside_selected_syllabus,ECDICT 标签仅作候选；所选考纲四级范围无对应词形，不自动加入。,"n. 中尉, 助理人员, 副官",s:lieutenants,ecdict-bc015ed2e24a
lifetime,gk cet4 cet6 ky,[],outside_selected_syllabus,ECDICT 标签仅作候选；所选考纲四级范围无对应词形，不自动加入。,"n. 一生, 终生
a. 一生的, 终生的",s:lifetimes,ecdict-bc015ed2e24a
lift,zk gk cet4 ky toefl ielts,"[""cet4-w-601dbbda45a63600b3a3""]",in_selected_syllabus,与当前考纲词形或已登记拼写变体相符。,"n. 举起, 帮助, 昂扬, 电梯
vt. 升高, 提高, 鼓舞, 清偿, 空运, 举起, 剽窃
vi. 升起, 消散, 耸立",p:lifted/d:lifted/i:lifting/s:lifts/3:lifts,ecdict-bc015ed2e24a
lighten,cet4 cet6,[],outside_selected_syllabus,ECDICT 标签仅作候选；所选考纲四级范围无对应词形，不自动加入。,"vt. 照亮, 点亮, 减轻, 使轻松, 闪出
vi. 发亮, 打闪, 变轻",d:lightened/i:lightening/p:lightened/3:lightens,ecdict-bc015ed2e24a
lightly,cet4 cet6,[],outside_selected_syllabus,ECDICT 标签仅作候选；所选考纲四级范围无对应词形，不自动加入。,"adv. 轻轻地, 少许, 不费力地",,ecdict-bc015ed2e24a
lightning,gk cet4 cet6 ky,"[""cet4-w-3e0517a3772419774dae""]",in_selected_syllabus,与当前考纲词形或已登记拼写变体相符。,"n. 闪电
vi. 闪电
a. 闪电的",s:lightnings,ecdict-bc015ed2e24a
likelihood,cet4 cet6 ky ielts,"[""cet4-w-7de78f98e1505eb0534e""]",in_selected_syllabus,与当前考纲词形或已登记拼写变体相符。,"n. 可能, 可能性",s:likelihoods,ecdict-bc015ed2e24a
likely,gk cet4 cet6 ky,"[""cet4-w-e360f9e98ebe2e7ea7b3""]",in_selected_syllabus,与当前考纲词形或已登记拼写变体相符。,"a. 有可能的, 合适的, 前途有望的
adv. 或许, 可能",t:likeliest,ecdict-bc015ed2e24a
likewise,cet4 cet6 ky toefl ielts,"[""cet4-w-8db42bc524ca7df03616""]",in_selected_syllabus,与当前考纲词形或已登记拼写变体相符。,"adv. 同样地, 也",,ecdict-bc015ed2e24a
limb,cet4 cet6 ky toefl ielts gre,"[""cet4-w-857b0ca4b193e7399770""]",in_selected_syllabus,与当前考纲词形或已登记拼写变体相符。,"n. 四肢, 枝干, 翼, 边缘
vt. 切断...之手足",s:limbs/p:limbed,ecdict-bc015ed2e24a
lime,cet4 cet6,[],outside_selected_syllabus,ECDICT 标签仅作候选；所选考纲四级范围无对应词形，不自动加入。,"n. 石灰, 粘鸟胶, 酸橙
vt. 以石灰处理, 粘鸟胶于, 撒石灰",s:limes/i:liming/d:limed/p:limed/3:limes,ecdict-bc015ed2e24a
limit,gk cet4 cet6 ky,"[""cet4-w-cfe08811373e7aa527be""]",in_selected_syllabus,与当前考纲词形或已登记拼写变体相符。,"n. 界限, 边界, 限度, 极限, 限制
vt. 限制, 限定",s:limits/d:limited/3:limits/i:limiting/p:limited,ecdict-bc015ed2e24a
limitation,cet4 cet6 ky toefl,"[""cet4-w-efd13d8414df09e20af4""]",in_selected_syllabus,与当前考纲词形或已登记拼写变体相符。,"n. 限制, 缺陷, 限额
[医] 限界, 限制, 限度",s:limitations,ecdict-bc015ed2e24a
limited,cet4 cet6 ky gre,"[""cet4-w-0312f9f2afc8eb5f7025""]",in_selected_syllabus,与当前考纲词形或已登记拼写变体相符。,"a. 有限制的, 有限的, 有限责任的
n. 特别快车",0:limit/1:dp/d:limited/p:limited,ecdict-bc015ed2e24a
line,zk gk cet4 cet6 ky ielts,"[""cet4-w-6e1b3be60836834a0d11""]",in_selected_syllabus,与当前考纲词形或已登记拼写变体相符。,"n. 列, 线, 绳, 电线, 线路, 路线, 航线, 作业线, 界线, 战线, 外形, 排, 家系
vt. 排成一行, 顺...排列, 划线于, 加衬里, 使有线条, 使起皱纹
vi. 排队
[计] 线路",s:lines/d:lined/i:lining/p:lined/3:lines,ecdict-bc015ed2e24a
linen,cet4 cet6 ky toefl ielts gre,[],outside_selected_syllabus,ECDICT 标签仅作候选；所选考纲四级范围无对应词形，不自动加入。,"n. 亚麻布, 亚麻线, 亚麻制品
a. 亚麻布制的, 亚麻的",s:linens,ecdict-bc015ed2e24a
liner,cet4 cet6 ky ielts,[],outside_selected_syllabus,ECDICT 标签仅作候选；所选考纲四级范围无对应词形，不自动加入。,"n. 班机, 划线者, 定期船, 衬里
[化] 衬垫; 垫带; 套管",s:liners,ecdict-bc015ed2e24a
link,gk cet4 cet6 ky ielts,"[""cet4-w-aef282e97b796e1b5dd3""]",in_selected_syllabus,与当前考纲词形或已登记拼写变体相符。,"n. 环, 连结物, 链接, 火把
vt. 连结, 联合, 挽住
vi. 连接起来
[计] 连接, 链路",d:linked/s:links/i:linking/3:links/p:linked,ecdict-bc015ed2e24a
lion,zk gk cet4 cet6 ky,"[""cet4-w-6bed76d99fd44a144bee""]",in_selected_syllabus,与当前考纲词形或已登记拼写变体相符。,"n. 狮子, 狮子(星)座, 国际狮子会会员",s:lions,ecdict-bc015ed2e24a
lip,gk cet4 cet6 ky toefl,"[""cet4-w-5d02db79b7f01b04b38e""]",in_selected_syllabus,与当前考纲词形或已登记拼写变体相符。,"n. 唇, 口缘, 唇状构造
vt. 以嘴唇碰, 轻轻说出
a. 口头上的
[计] 大型互连网信息包",s:lips/d:lipped,ecdict-bc015ed2e24a
liquid,gk cet4 cet6 ky toefl gre,"[""cet4-w-ade06892ddd24735058e""]",in_selected_syllabus,与当前考纲词形或已登记拼写变体相符。,"n. 液体, 流体, 流音
a. 液体的, 透明的, 明亮的, 流动的, 易变的",s:liquids,ecdict-bc015ed2e24a
liquor,cet4 cet6 ky ielts,"[""cet4-w-e36a054c93b1ec0d367b""]",in_selected_syllabus,与当前考纲词形或已登记拼写变体相符。,"n. 酒, 液体, 汁, 溶液
vt. 浸水
vi. 喝酒",s:liquors,ecdict-bc015ed2e24a
list,zk gk cet4 cet6 ky ielts gre,"[""cet4-w-71347878c53e309e51a0""]",in_selected_syllabus,与当前考纲词形或已登记拼写变体相符。,"n. 目录, 名单, 明细表, 布条, 条纹, 列表, 序列, 数据清单
vt. 列出, 列于表上, 记入名单内, 装布条
vi. 列于表上
[计] 列表, 序列, 数据清单",s:lists/d:listed/p:listed/3:lists/i:listing,ecdict-bc015ed2e24a
listener,cet4,"[""cet4-w-26aeb4f0869dbb39dc9e""]",in_selected_syllabus,与当前考纲词形或已登记拼写变体相符。,"n. 收听者, 听众",s:listeners,ecdict-bc015ed2e24a
liter,cet4 cet6,"[""cet4-w-a797c6fe60b9b5abd35a""]",in_selected_syllabus,与当前考纲词形或已登记拼写变体相符。,"n. 公升
[化] 升",,ecdict-bc015ed2e24a
literary,gk cet4 cet6 ky toefl,"[""cet4-w-869160b6af4bb63b2c3e""]",in_selected_syllabus,与当前考纲词形或已登记拼写变体相符。,"a. 文学的, 文艺的, 精通文学的
[法] 文学的, 从事文学的, 从事写作的",,ecdict-bc015ed2e24a
literature,gk cet4 cet6 ky ielts,"[""cet4-w-6319544373f81638084b""]",in_selected_syllabus,与当前考纲词形或已登记拼写变体相符。,"n. 文学, 文艺, 著作
[经] 广告, 商品介绍等文学",s:literatures,ecdict-bc015ed2e24a
lively,zk gk cet4 cet6 ky toefl,"[""cet4-w-546a5f6f752ee6367a22""]",in_selected_syllabus,与当前考纲词形或已登记拼写变体相符。,"a. 活泼的, 鲜明的, 生动的",r:livelier/t:liveliest,ecdict-bc015ed2e24a
liver,cet4 cet6 ky toefl,"[""cet4-w-f9235532f22b94813e0e""]",in_selected_syllabus,与当前考纲词形或已登记拼写变体相符。,"n. 肝脏, 生活者, 居民
[医] 肝",s:livers,ecdict-bc015ed2e24a
livestock,cet4 toefl ielts,[],outside_selected_syllabus,ECDICT 标签仅作候选；所选考纲四级范围无对应词形，不自动加入。,"n. 家畜
[经] 牲畜, 家畜",,ecdict-bc015ed2e24a
living,gk cet4 cet6 ky,"[""cet4-w-fedc8659e09758a3b1ff""]",in_selected_syllabus,与当前考纲词形或已登记拼写变体相符。,"n. 生活, 生计, 生存
a. 活的, 逼真的, 现存的",0:live/1:i/i:living/s:livings,ecdict-bc015ed2e24a
living-room,cet4,"[""cet4-w-6a06a6b86ff12cf30127""]",in_selected_syllabus,与当前考纲词形或已登记拼写变体相符。,n. 起居室,s:living-rooms,ecdict-bc015ed2e24a
load,gk cet4 cet6 ky toefl,"[""cet4-w-aee7a96fd58d562bc49a""]",in_selected_syllabus,与当前考纲词形或已登记拼写变体相符。,"n. 负荷, 担子, 重担, 装载量, 负载, 工作量, 加载
vt. 装载, 装填, 使担负
vi. 装货, 上客, 装料
[计] 加载, 装入程序",s:loads/d:loaded/i:loading/p:loaded/3:loads,ecdict-bc015ed2e24a
loaf,gk cet4 cet6 ky ielts gre,"[""cet4-w-792c4b3e5db8223d8ed3""]",in_selected_syllabus,与当前考纲词形或已登记拼写变体相符。,"n. 一条面包, 块, 游荡
v. 游手好闲, 虚度光阴",s:loaves/i:loafing/p:loafed/3:loafs/d:loafed,ecdict-bc015ed2e24a
loan,cet4 cet6 ky toefl ielts,"[""cet4-w-c5f90da5720177cfc37f""]",in_selected_syllabus,与当前考纲词形或已登记拼写变体相符。,"n. 贷款, 借出
v. 借, 供应货款, 借给",s:loans/d:loaned/p:loaned/i:loaning/3:loans,ecdict-bc015ed2e24a
local,gk cet4 cet6 ky ielts,"[""cet4-w-4bccdc4209c4c5ed460e""]",in_selected_syllabus,与当前考纲词形或已登记拼写变体相符。,"a. 地方性的, 当地的, 局部的, 乡土的, 本地的
n. 当地居民, 本地新闻, 局部
[计] 本地的; 局部",s:locals,ecdict-bc015ed2e24a
locate,cet4 cet6 ky toefl,"[""cet4-w-8fe2cdee80ba1b0ef62c""]",in_selected_syllabus,与当前考纲词形或已登记拼写变体相符。,"vt. 找出, 设于, 位于
vi. 定居",d:located/p:located/i:locating/3:locates,ecdict-bc015ed2e24a
location,cet4 cet6 ky toefl ielts,"[""cet4-w-aef22dfedef8f581c271""]",in_selected_syllabus,与当前考纲词形或已登记拼写变体相符。,"n. 位置, 场所, 特定区域
[计] 位置",s:locations,ecdict-bc015ed2e24a
lock,zk gk cet4 ky ielts,"[""cet4-w-871662eb4e212d8e08a8""]",in_selected_syllabus,与当前考纲词形或已登记拼写变体相符。,"n. 锁, 刹车, 水闸, 一缕头发
vt. 锁, 锁上, 拘禁, 隐藏, (用锁等)拴住, 刹住
vi. 锁住, (齿轮等)啮合, (船)过闸",d:locked/s:locks/p:locked/i:locking/3:locks,ecdict-bc015ed2e24a
locomotive,cet4 cet6 ky toefl ielts gre,[],outside_selected_syllabus,ECDICT 标签仅作候选；所选考纲四级范围无对应词形，不自动加入。,"n. 火车头, 机车
a. 运转的, 火车头的, 移动的",s:locomotives,ecdict-bc015ed2e24a
lodge,cet4 cet6 ky toefl ielts,"[""cet4-w-351aa68a0c44546698bc""]",in_selected_syllabus,与当前考纲词形或已登记拼写变体相符。,"n. 小屋, 门房, 支部, 旅舍, 分会
vi. 临时住宿, 倒伏, 寄宿, 投宿
vt. 安顿, 容纳, 提出, 把...射入, 存放",d:lodged/i:lodging/p:lodged/s:lodges/3:lodges,ecdict-bc015ed2e24a
log,cet4 cet6 ky toefl ielts gre,"[""cet4-w-623d7e0d27531fed08f2""]",in_selected_syllabus,与当前考纲词形或已登记拼写变体相符。,"n. 记录, 圆木, 日志, 计程仪
vt. 伐木, 切, 航行
vi. 伐木
[计] 日志",s:logs/d:logged/i:logging/p:logged/3:logs,ecdict-bc015ed2e24a
logic,cet4 cet6 ky toefl ielts,"[""cet4-w-3ee656807acd169c04aa""]",in_selected_syllabus,与当前考纲词形或已登记拼写变体相符。,"n. 逻辑, 逻辑学, 推理的方法, 推理, 逻辑性
[计] 逻辑",s:logics,ecdict-bc015ed2e24a
logical,cet4 cet6 ky toefl,"[""cet4-w-a9de2611a19be525d74d""]",in_selected_syllabus,与当前考纲词形或已登记拼写变体相符。,"a. 合乎逻辑的, 合理的
[法] 逻辑的, 符合逻辑的",s:logicals,ecdict-bc015ed2e24a
lonely,zk gk cet4 cet6 ky,"[""cet4-w-620c838028bfc34d44e5""]",in_selected_syllabus,与当前考纲词形或已登记拼写变体相符。,"a. 孤单的, 孤寂的, 荒凉的",t:loneliest/r:lonelier,ecdict-bc015ed2e24a
loop,cet4 cet6 ky toefl ielts gre,[],outside_selected_syllabus,ECDICT 标签仅作候选；所选考纲四级范围无对应词形，不自动加入。,"n. 环, 圈, 弯曲部分, 循环
vt. 使成环, 以圈结, 以环连结
vi. 打环, 翻筋斗
[计] 循环",s:loops/i:looping/d:looped/p:looped/3:loops,ecdict-bc015ed2e24a
loose,gk cet4 cet6 ky toefl,"[""cet4-w-bbc087ce9b9e4e9bdb5d""]",in_selected_syllabus,与当前考纲词形或已登记拼写变体相符。,"n. 发射, 放任, 放纵
a. 宽松的, 松的, 宽的, 不牢固的, 散漫的, 自由的, 不精确的
vt. 释放, 放枪, 开船
vi. 变松, 开火
adv. 松散地",p:loosed/i:loosing/d:loosed/3:looses,ecdict-bc015ed2e24a
loosen,cet4 cet6 ky toefl gre,"[""cet4-w-a853b88b0c775aa4e4b3""]",in_selected_syllabus,与当前考纲词形或已登记拼写变体相符。,"vt. 放松, 松开, 解除
vi. 变松, 松弛",p:loosened/d:loosened/i:loosening/3:loosens,ecdict-bc015ed2e24a
lord,cet4 cet6 ky,"[""cet4-w-22de045e2f753ae8b03b""]",in_selected_syllabus,与当前考纲词形或已登记拼写变体相符。,"n. 统治者, 阁下, 上帝
vi. 称王, 作威作福
vt. 使成贵族",i:lording/p:lorded/3:lords/d:lorded,ecdict-bc015ed2e24a
lorry,gk cet4 cet6 ky,"[""cet4-w-b9f2ae44db291e77517e""]",in_selected_syllabus,与当前考纲词形或已登记拼写变体相符。,"n. 卡车, 货车
[化] 载重汽车",s:lorries,ecdict-bc015ed2e24a
lose,zk gk cet4 cet6 ky,"[""cet4-w-ce6211d16cb3c480c55c""]",in_selected_syllabus,与当前考纲词形或已登记拼写变体相符。,"vt. 遗失, 损失, 丢失, 使失去, 错过, 浪费, 迷失, 使迷路, 输去, 使沉溺于
vi. 受损失, 失败",d:lost/p:lost/i:losing/3:loses,ecdict-bc015ed2e24a
loss,gk cet4 cet6 ky ielts,"[""cet4-w-14980ebc37e9f3423862""]",in_selected_syllabus,与当前考纲词形或已登记拼写变体相符。,"n. 损失, 遗失, 失败, 输, 错过, 伤亡
[化] 损失; 损耗",s:losses,ecdict-bc015ed2e24a
loud,zk gk cet4 ky,"[""cet4-w-f1ba1304656d090e9d2f""]",in_selected_syllabus,与当前考纲词形或已登记拼写变体相符。,"a. 大声的, 不断的, 喧吵的
adv. 高声地, 大声地",r:louder/t:loudest,ecdict-bc015ed2e24a
loudspeaker,gk cet4 cet6 ky,[],outside_selected_syllabus,ECDICT 标签仅作候选；所选考纲四级范围无对应词形，不自动加入。,"n. 扩音器, 喇叭
[电] 扬声器",s:loudspeakers/i:loudspeakering/p:loudspeakered,ecdict-bc015ed2e24a
lover,cet4 ky,"[""cet4-w-ffa07ac6637e130ff29c""]",in_selected_syllabus,与当前考纲词形或已登记拼写变体相符。,"n. 爱人, 爱好者",s:lovers,ecdict-bc015ed2e24a
lower,cet4 ky,"[""cet4-w-cf6fab02898bc07fd3c8""]",in_selected_syllabus,与当前考纲词形或已登记拼写变体相符。,"a. 低的, 下级的, 下层的
vi. 降低, 跌落, 减弱
vt. 放下, 降下, 减弱, 贬低",0:low/1:r/p:lowered/i:lowering/d:lowered/3:lowers,ecdict-bc015ed2e24a
loyal,cet4 cet6 ky toefl ielts gre,"[""cet4-w-ef2ea506f80689c95ca5""]",in_selected_syllabus,与当前考纲词形或已登记拼写变体相符。,"a. 忠诚的, 忠实的, 忠贞的",,ecdict-bc015ed2e24a
loyalty,cet4 cet6 ky,"[""cet4-w-933a585f1ab5b800f4fb""]",in_selected_syllabus,与当前考纲词形或已登记拼写变体相符。,"n. 忠贞, 忠诚, 忠实
[法] 忠诚, 忠心",s:loyalties,ecdict-bc015ed2e24a
lubricate,cet4 cet6 ky ielts gre,[],outside_selected_syllabus,ECDICT 标签仅作候选；所选考纲四级范围无对应词形，不自动加入。,"vt. 使润滑, 涂油
vi. 润滑",d:lubricated/i:lubricating/3:lubricates/p:lubricated/s:lubricates,ecdict-bc015ed2e24a
luck,zk gk cet4 ky ielts,"[""cet4-w-00156789289d3ce29951""]",in_selected_syllabus,与当前考纲词形或已登记拼写变体相符。,"n. 运气, 幸运, 好运, 侥幸
vi. 靠好运成功",,ecdict-bc015ed2e24a
lucky,zk gk cet4 ky,"[""cet4-w-3f997b94a200ee13d1f5""]",in_selected_syllabus,与当前考纲词形或已登记拼写变体相符。,"a. 幸运的, 吉祥的, 好运的, 侥幸的",r:luckier/t:luckiest,ecdict-bc015ed2e24a
luggage,gk cet4 cet6 ky,"[""cet4-w-76e484bbc0f001e1bbc6""]",in_selected_syllabus,与当前考纲词形或已登记拼写变体相符。,"n. 行李, 皮箱",p:luggaged,ecdict-bc015ed2e24a
lumber,cet4 cet6 ky toefl gre,[],outside_selected_syllabus,ECDICT 标签仅作候选；所选考纲四级范围无对应词形，不自动加入。,"n. 木材, 破旧家俱, 废物, 隆隆声
vt. 砍伐木材, 乱堆
vi. 笨拙地移动, 喧闹地向前走, 隆隆地移动",p:lumbered/d:lumbered/i:lumbering/3:lumbers/s:lumbers,ecdict-bc015ed2e24a
lump,cet4 cet6 ky toefl ielts gre,"[""cet4-w-7ad9feef06c35b2a167e""]",in_selected_syllabus,与当前考纲词形或已登记拼写变体相符。,"n. 块, 瘤, 很多, 肿块, 笨人
vt. 使成块状, 混在一起
vi. 结块",s:lumps/d:lumped/p:lumped/i:lumping/3:lumps,ecdict-bc015ed2e24a
lunar,cet4 cet6 ky toefl ielts gre,"[""cet4-w-014fdadf251bbefd8309""]",in_selected_syllabus,与当前考纲词形或已登记拼写变体相符。,"a. 阴历的, 月的, 微亮的(指光)
[医] 月的, 银的",,ecdict-bc015ed2e24a
lung,gk cet4 cet6 ky toefl,"[""cet4-w-b8ba7913b74e1a599cbb""]",in_selected_syllabus,与当前考纲词形或已登记拼写变体相符。,"n. 肺, 肺脏, 空地
[医] 肺",s:lungs/i:lunging,ecdict-bc015ed2e24a
luxury,cet4 cet6 ky toefl ielts gre,"[""cet4-w-592793ac059aa704300a""]",in_selected_syllabus,与当前考纲词形或已登记拼写变体相符。,"n. 奢侈, 豪华
a. 奢侈的, 豪华的",s:luxuries,ecdict-bc015ed2e24a
mad,zk gk cet4 cet6 ky,"[""cet4-w-935293f05de02c57d46a""]",in_selected_syllabus,与当前考纲词形或已登记拼写变体相符。,"a. 疯狂的, 发疯的, 生气的, 愚蠢的, 狂欢的
n. 狂怒",r:madder/t:maddest/s:mads,ecdict-bc015ed2e24a
madam,zk cet4,"[""cet4-w-e845281567344b972491""]",in_selected_syllabus,与当前考纲词形或已登记拼写变体相符。,"n. 女士, 夫人",s:madams,ecdict-bc015ed2e24a
magazine,zk gk cet4 cet6 ky ielts,"[""cet4-w-8da2dc15f21fb80215d3""]",in_selected_syllabus,与当前考纲词形或已登记拼写变体相符。,"n. 杂志, 仓库, 弹盒, 胶卷盒
[计] 卡片箱, 介质装卸程序",s:magazines,ecdict-bc015ed2e24a
magic,zk gk cet4 cet6 ky toefl ielts,"[""cet4-w-02f5a4205c2d41fed9ac""]",in_selected_syllabus,与当前考纲词形或已登记拼写变体相符。,"n. 魔术, 魔法
a. 魔术的, 有魔力的, 不可思议的",s:magics,ecdict-bc015ed2e24a
magnet,cet4 cet6 ky,"[""cet4-w-1ab3d2c92069bc7dcf0b""]",in_selected_syllabus,与当前考纲词形或已登记拼写变体相符。,"n. 磁铁, 有吸引力之人, 有吸引力之物
[化] 磁体",s:magnets,ecdict-bc015ed2e24a
magnetic,cet4 cet6 ky toefl ielts,"[""cet4-w-0236a02d5cbdcbabccc2""]",in_selected_syllabus,与当前考纲词形或已登记拼写变体相符。,"a. 有磁性的, 有吸引力的, 催眠术的
[医] 磁[性]的",s:magnetics,ecdict-bc015ed2e24a
magnificent,cet4 cet6 ky toefl ielts gre,"[""cet4-w-b485b13327ffde0f1f77""]",in_selected_syllabus,与当前考纲词形或已登记拼写变体相符。,"a. 华丽的, 高尚的, 宏伟的",,ecdict-bc015ed2e24a
maid,gk cet4 cet6 ky ielts,"[""cet4-w-0cf82ac918d4f8087e39""]",in_selected_syllabus,与当前考纲词形或已登记拼写变体相符。,"n. 少女, 未婚女子, 女仆",s:maids,ecdict-bc015ed2e24a
main,zk gk cet4 cet6 ky ielts,"[""cet4-w-04e015411b96c94b11bf""]",in_selected_syllabus,与当前考纲词形或已登记拼写变体相符。,"n. 主要部分, 干线, 体力, 力量, 主群组
a. 主要的, 重要的, 全力的
[计] 主群组",,ecdict-bc015ed2e24a
mainland,gk cet4 cet6 ky,"[""cet4-w-d85a73b8871d360a0f78""]",in_selected_syllabus,与当前考纲词形或已登记拼写变体相符。,"n. 大陆, 本土
[法] 大陆",,ecdict-bc015ed2e24a
mainly,cet4 cet6,[],outside_selected_syllabus,ECDICT 标签仅作候选；所选考纲四级范围无对应词形，不自动加入。,"adv. 主要地, 大抵",,ecdict-bc015ed2e24a
maintain,cet4 cet6 ky toefl ielts,"[""cet4-w-ab271417b0cb91f43585""]",in_selected_syllabus,与当前考纲词形或已登记拼写变体相符。,"vt. 维持, 维修, 保持, 坚持, 供养, 主张
[化] 维修",d:maintained/i:maintaining/p:maintained/3:maintains,ecdict-bc015ed2e24a
maintenance,cet4 cet6 ky toefl ielts gre,"[""cet4-w-4cf6ce89a37074e4155b""]",in_selected_syllabus,与当前考纲词形或已登记拼写变体相符。,"n. 维护, 保持, 维修, 生活费用, 坚持, 扶养
[计] 维护; 维修",,ecdict-bc015ed2e24a
major,gk cet4 cet6 ky toefl ielts,"[""cet4-w-ec746b3a6c8e6f97cfde""]",in_selected_syllabus,与当前考纲词形或已登记拼写变体相符。,"n. 主修课, 成年人, 陆军少校
a. 主要的, 较多的, 大部分的, 成年的, 严重的
vi. 主修
[计] 主要, 主要刻度",s:majors/i:majoring/p:majored/3:majors/d:majored,ecdict-bc015ed2e24a
majority,gk cet4 cet6 ky toefl ielts,"[""cet4-w-27c97a10cf0100fc3401""]",in_selected_syllabus,与当前考纲词形或已登记拼写变体相符。,"n. 多数, 大半
[计] 多数逻辑",s:majorities,ecdict-bc015ed2e24a
male,gk cet4 ky ielts,"[""cet4-w-b705e8dcedd307db69b4""]",in_selected_syllabus,与当前考纲词形或已登记拼写变体相符。,"n. 男人, 雄性动物
a. 男性的, 雄性的, 有力的",s:males,ecdict-bc015ed2e24a
manage,zk gk cet4 cet6 ky,"[""cet4-w-8b40d013319fe1c1b54a""]",in_selected_syllabus,与当前考纲词形或已登记拼写变体相符。,"vi. 处理
vt. 管理, 控制, 维持, 达成, 经营, 运用",d:managed/p:managed/3:manages/i:managing,ecdict-bc015ed2e24a
management,cet4 cet6 ky ielts,"[""cet4-w-62aa0644d069a54653aa""]",in_selected_syllabus,与当前考纲词形或已登记拼写变体相符。,"n. 经营, 支配, 管理
[化] 管理处",s:managements,ecdict-bc015ed2e24a
mankind,gk cet4 cet6 ky,"[""cet4-w-b8c772ce05fdc893dfa8""]",in_selected_syllabus,与当前考纲词形或已登记拼写变体相符。,"n. 人类, 男性",,ecdict-bc015ed2e24a
manly,cet4 cet6,"[""cet4-w-dea2b40d8c814aa93f1a""]",in_selected_syllabus,与当前考纲词形或已登记拼写变体相符。,"a. 象男人的, 强壮的, 适于男人的",t:manliest/r:manlier,ecdict-bc015ed2e24a
manner,gk cet4 cet6 ky,"[""cet4-w-75636021ad6f1e4ef527""]",in_selected_syllabus,与当前考纲词形或已登记拼写变体相符。,"n. 样子, 礼貌, 风格
[法] 方式, 方法, 样式",s:manners,ecdict-bc015ed2e24a
manual,cet4 cet6 ky toefl ielts,"[""cet4-w-8adaf3f479a7827b9d65""]",in_selected_syllabus,与当前考纲词形或已登记拼写变体相符。,"n. 手册, 指南
a. 手的, 手动的, 手工的, 体力的
[计] 人工的, 手动的",s:manuals,ecdict-bc015ed2e24a
manufacture,cet4 cet6 ky toefl ielts,"[""cet4-w-eb44a3c9cc92e7b5e517""]",in_selected_syllabus,与当前考纲词形或已登记拼写变体相符。,"n. 产品, 制造
vt. 制造, 假造
vi. 制造",d:manufactured/3:manufactures/i:manufacturing/s:manufactures/p:manufactured,ecdict-bc015ed2e24a
manufacturer,cet4 cet6,"[""cet4-w-e9673d55a16f70e70a3b""]",in_selected_syllabus,与当前考纲词形或已登记拼写变体相符。,"n. 制造业者, 厂商
[经] 制造人, 制造商, 制造厂",s:manufacturers,ecdict-bc015ed2e24a
marble,gk cet4 cet6 ky toefl ielts gre,[],outside_selected_syllabus,ECDICT 标签仅作候选；所选考纲四级范围无对应词形，不自动加入。,"n. 大理石, 石弹, 雕刻品
a. 大理石的, 冷酷无情的, 有大理石花纹的",s:marbles/i:marbling/p:marbled/3:marbles/d:marbled,ecdict-bc015ed2e24a
margin,cet4 cet6 ky toefl ielts gre,"[""cet4-w-b693ad61db3e365b3984""]",in_selected_syllabus,与当前考纲词形或已登记拼写变体相符。,"n. 页边的空白, 边缘, 界限, 余裕, 差数, 差额, 保证金
vt. 加边于, 加旁注于
[计] 页边距",s:margins,ecdict-bc015ed2e24a
marine,cet4 cet6 ky toefl ielts gre,"[""cet4-w-c4ccde275f95a3f42bea""]",in_selected_syllabus,与当前考纲词形或已登记拼写变体相符。,"n. 舰队, 水兵, 海景画
a. 海的, 海产的, 海底的, 船舶的, 海运的",s:marines,ecdict-bc015ed2e24a
mark,zk gk cet4 ky,"[""cet4-w-f3b29d8b930f19b8583b""]",in_selected_syllabus,与当前考纲词形或已登记拼写变体相符。,"n. 标志, 分数, 马克, 痕迹, 斑点, 靶子, 刻度, 记号, 符号, 戳记, 标准, 起跑线
vt. 做标记于, 留意, 打分数, 表明, 标志, 记录
vi. 作记号, 记得分
[计] 标志; 标记; 传号",s:marks/d:marked/i:marking/3:marks/p:marked,ecdict-bc015ed2e24a
marriage,zk gk cet4 cet6 ky,"[""cet4-w-de3ddcbb564a6fe42d60""]",in_selected_syllabus,与当前考纲词形或已登记拼写变体相符。,"n. 婚姻, 结婚, 婚礼, 合并
[医] 婚姻, 结婚",s:marriages,ecdict-bc015ed2e24a
married,gk cet4 cet6 ky,[],outside_selected_syllabus,ECDICT 标签仅作候选；所选考纲四级范围无对应词形，不自动加入。,"a. 已婚的, 婚姻的
[法] 结了婚的, 有配偶的, 夫妇的",0:marry/1:pd/d:married/p:married,ecdict-bc015ed2e24a
marry,zk gk cet4 ky,"[""cet4-w-982ba8e39974bfa1a35b""]",in_selected_syllabus,与当前考纲词形或已登记拼写变体相符。,"vt. 与...结婚, 娶, 嫁
vi. 结婚",p:married/d:married/i:marrying/3:marries,ecdict-bc015ed2e24a
marvelous,cet4 ky toefl ielts,"[""cet4-w-a208bf2cf07eefbda9bd""]",in_selected_syllabus,与当前考纲词形或已登记拼写变体相符。,"a. 令人惊异的, 了不起的, 不平常的",,ecdict-bc015ed2e24a
Marxist,cet4 cet6 ky,"[""cet4-w-38fcf9261404bd520aed""]",in_selected_syllabus,与当前考纲词形或已登记拼写变体相符。,"a. 马克思主义的
n. 马克思主义者",s:marxists,ecdict-bc015ed2e24a
mask,gk cet4 cet6 ky toefl ielts gre,"[""cet4-w-b204b93d163318348150""]",in_selected_syllabus,与当前考纲词形或已登记拼写变体相符。,"n. 面具, 假面具, 掩饰, 石膏面模
vt. 戴面具, 掩饰, 使模糊
vi. 化装, 戴面具, 掩饰, 参加化装舞会
[计] 屏蔽; 掩码",s:masks/d:masked/3:masks/p:masked/i:masking,ecdict-bc015ed2e24a
mass,gk cet4 cet6 ky toefl ielts,"[""cet4-w-9e1b8ab2f02bfddbec78""]",in_selected_syllabus,与当前考纲词形或已登记拼写变体相符。,"n. 块, 大多数, 质量, 大量, 群众, 弥撒
a. 群众的, 大规模的, 整个的
vt. 使集合, 集中
vi. 聚集",s:masses/i:massing/d:massed/p:massed/3:masses,ecdict-bc015ed2e24a
massive,cet4 cet6 ky toefl ielts gre,"[""cet4-w-b506892e5dbdeb47da13""]",in_selected_syllabus,与当前考纲词形或已登记拼写变体相符。,"a. 大而重的, 宽大的, 宏伟的
[医] 大块的, 整块的, 大量的",,ecdict-bc015ed2e24a
master,zk gk cet4 cet6 ky ielts,"[""cet4-w-a34c24da14411033a853""]",in_selected_syllabus,与当前考纲词形或已登记拼写变体相符。,"n. 主人, 硕士, 大师, 母机
a. 主人的, 主要的
vt. 征服, 控制, 精通",s:masters/d:mastered/i:mastering/p:mastered/3:masters,ecdict-bc015ed2e24a
masterpiece,cet4 cet6 ky toefl ielts,"[""cet4-w-039e357dfc24f584556f""]",in_selected_syllabus,与当前考纲词形或已登记拼写变体相符。,"n. 杰作, 名著",s:masterpieces,ecdict-bc015ed2e24a
mat,gk cet4 cet6 ky,"[""cet4-w-77c662f6544be4bd16eb""]",in_selected_syllabus,与当前考纲词形或已登记拼写变体相符。,"n. 垫, 丛, 衬边
a. 粗糙的, 无光泽的
vi. 纠缠在一起
vt. 铺席于...上, 使无光泽, 使缠结",s:mats/p:matted/d:matted/i:matting/3:mats,ecdict-bc015ed2e24a
mate,cet4 cet6 ky toefl gre,"[""cet4-w-e96d0fd75e5a574145cc""]",in_selected_syllabus,与当前考纲词形或已登记拼写变体相符。,"n. 配偶, 对手, 助手, (象棋)将死
vt. 使配对, 使一致, 结伴, (象棋)将死
vi. 成配偶, 紧密配合",s:mates/d:mated/i:mating/p:mated/3:mates,ecdict-bc015ed2e24a
material,gk cet4 cet6 ky ielts,"[""cet4-w-434ecfcfc78f59a55d78""]",in_selected_syllabus,与当前考纲词形或已登记拼写变体相符。,"n. 材料, 物资, 素材, 布料, 资料
a. 物质的, 肉体的, 重要的",s:materials,ecdict-bc015ed2e24a
materialism,cet4 cet6,"[""cet4-w-11c0c48d077323ec36ba""]",in_selected_syllabus,与当前考纲词形或已登记拼写变体相符。,n. 唯物主义,,ecdict-bc015ed2e24a
mathematical,cet4 cet6 ky,"[""cet4-w-d2d5646ff2a4e2fe724c""]",in_selected_syllabus,与当前考纲词形或已登记拼写变体相符。,"a. 数学的, 精确的
[机] 数学上的",,ecdict-bc015ed2e24a
mathematics,zk cet4 cet6 toefl ielts,"[""cet4-w-8e6cb2d6d9a54b23db95""]",in_selected_syllabus,与当前考纲词形或已登记拼写变体相符。,"n. 数学
[机] 数学",,ecdict-bc015ed2e24a
maths,cet4 cet6 ky,"[""cet4-w-eee11c81fd14c965af83""]",in_selected_syllabus,与当前考纲词形或已登记拼写变体相符。,n. 数学,,ecdict-bc015ed2e24a
mature,gk cet4 cet6 ky toefl ielts gre,"[""cet4-w-6f8afd47cf3021364b46""]",in_selected_syllabus,与当前考纲词形或已登记拼写变体相符。,"a. 成熟的, 到期的, 充分考虑的
vt. 使成熟
vi. 成熟, 到期",3:matures/d:matured/i:maturing/p:matured/r:maturer,ecdict-bc015ed2e24a
maximum,gk cet4 cet6 ky toefl ielts,"[""cet4-w-754ee3de4a0933b5baee""]",in_selected_syllabus,与当前考纲词形或已登记拼写变体相符。,"n. 极点, 最大量, 极大
a. 最高的, 最大的, 最大极限的
[计] 最大值",s:maxima,ecdict-bc015ed2e24a
mayor,cet4 cet6 ky,"[""cet4-w-aa82bbb65147ca3d2998""]",in_selected_syllabus,与当前考纲词形或已登记拼写变体相符。,"n. 市长
[法] 市长",s:mayors,ecdict-bc015ed2e24a
meadow,cet4 cet6 ky ielts,[],outside_selected_syllabus,ECDICT 标签仅作候选；所选考纲四级范围无对应词形，不自动加入。,"n. 草地, 牧场",s:meadows,ecdict-bc015ed2e24a
means,gk cet4 cet6 ky toefl ielts,"[""cet4-w-c591527a740d890f968e""]",in_selected_syllabus,与当前考纲词形或已登记拼写变体相符。,"n. 方法, 手段, 工具, 财产, 收入
[经] 方法, 手段, 工具; 意谓",0:mean/1:3,ecdict-bc015ed2e24a
meantime,cet4 cet6 ky,"[""cet4-w-d22c056c8e233f22dc31""]",in_selected_syllabus,与当前考纲词形或已登记拼写变体相符。,"n. 间隔时间, 其时
adv. 其间",,ecdict-bc015ed2e24a
meanwhile,gk cet4 cet6 ky,"[""cet4-w-dfbe6886a01362a445e4""]",in_selected_syllabus,与当前考纲词形或已登记拼写变体相符。,"n. 其时, 其间
adv. 同时, 于此时",,ecdict-bc015ed2e24a
measurable,cet4 cet6,"[""cet4-w-b7ddfa472f04bc4e340a""]",in_selected_syllabus,与当前考纲词形或已登记拼写变体相符。,"a. 可测量的, 不久的, 重要的",,ecdict-bc015ed2e24a
measure,gk cet4 cet6 ky ielts,"[""cet4-w-b0fc9bc1afd95f4faaf7""]",in_selected_syllabus,与当前考纲词形或已登记拼写变体相符。,"n. 尺寸, 量度器, 量度标准, 测量, 量具, 程度, 范围, 限度, 分寸, 措施, 方法
vt. 测量, 测度, 估量, 权衡, 调节, 拿(自己或自己的力量等)作较量
vi. 度量",s:measures/d:measured/i:measuring/p:measured/3:measures,ecdict-bc015ed2e24a
measurement,cet4 cet6 ielts,"[""cet4-w-9bfab551116f66a0b03f""]",in_selected_syllabus,与当前考纲词形或已登记拼写变体相符。,"n. 尺寸, 度量, 度量单位
[计] 度量, 度量单位",s:measurements,ecdict-bc015ed2e24a
mechanic,cet4 cet6 ky,"[""cet4-w-eda2c9c73cb6eb9500d9""]",in_selected_syllabus,与当前考纲词形或已登记拼写变体相符。,"n. 机械工, 技工
a. 手工的",s:mechanics,ecdict-bc015ed2e24a
mechanical,cet4 cet6 ky toefl gre,"[""cet4-w-c310ab69faa042fee0bc""]",in_selected_syllabus,与当前考纲词形或已登记拼写变体相符。,"a. 机械的, 机械性的, 力学的
[医] 机械的, 力学的",s:mechanicals,ecdict-bc015ed2e24a
mechanically,cet4 cet6,[],outside_selected_syllabus,ECDICT 标签仅作候选；所选考纲四级范围无对应词形，不自动加入。,"adv. 机械, 用机械, 机械学, 物理, 力学, 呆板, 无意识, 手工操作, 技工",,ecdict-bc015ed2e24a
mechanics,cet4 cet6 toefl gre,"[""cet4-w-3018c1abc3106407ea79""]",in_selected_syllabus,与当前考纲词形或已登记拼写变体相符。,"n. 机械学, 结构, 力学
[化] 力学",0:mechanic/1:s,ecdict-bc015ed2e24a
medal,gk cet4 cet6 ky ielts gre,"[""cet4-w-87c96fac42cac1daa9be""]",in_selected_syllabus,与当前考纲词形或已登记拼写变体相符。,"n. 奖牌, 勋章
vt. 授勋予",s:medals,ecdict-bc015ed2e24a
media,gk cet4 cet6 toefl ielts,"[""cet4-w-4a3668d63ea806fe2861""]",in_selected_syllabus,与当前考纲词形或已登记拼写变体相符。,"n. 媒体
[计] 媒质",,ecdict-bc015ed2e24a
medical,zk gk cet4 cet6 ky ielts,"[""cet4-w-0e0734ec2e83d8bed766""]",in_selected_syllabus,与当前考纲词形或已登记拼写变体相符。,"n. 医生, 体格检查
a. 医学的, 内科的, 药的",s:medicals,ecdict-bc015ed2e24a
Mediterranean,cet4 cet6,[],outside_selected_syllabus,ECDICT 标签仅作候选；所选考纲四级范围无对应词形，不自动加入。,"n. 地中海, 地中海民族
a. 地中海的, 地中海民族的",,ecdict-bc015ed2e24a
medium,gk cet4 cet6 ky toefl ielts gre,"[""cet4-w-6bb7b7c1b333545141f5""]",in_selected_syllabus,与当前考纲词形或已登记拼写变体相符。,"n. 媒体, 方法, 媒介
a. 半生熟的, 中间的
[计] 媒体, 中",s:mediums,ecdict-bc015ed2e24a
melon,gk cet4 cet6 ky gre,"[""cet4-w-5f2e4b6b232019615cd8""]",in_selected_syllabus,与当前考纲词形或已登记拼写变体相符。,"n. 瓜, 甜瓜, 红利, 赃物
[化] 三聚二氰亚胺",s:melons,ecdict-bc015ed2e24a
melt,cet4 cet6 ky,"[""cet4-w-5bf2d7df4f286b7f1cda""]",in_selected_syllabus,与当前考纲词形或已登记拼写变体相符。,"n. 熔化, 熔化物, 溶解
v. (使)熔化, (使)溶解, (使)消散, (使)变软",p:melted/d:melted/i:melting/3:melts,ecdict-bc015ed2e24a
memorial,gk cet4 cet6 ky toefl gre,"[""cet4-w-6695a21003618fd387a9""]",in_selected_syllabus,与当前考纲词形或已登记拼写变体相符。,"n. 纪念物, 请愿书
a. 记念的, 记忆的",s:memorials,ecdict-bc015ed2e24a
memory,zk gk cet4 cet6 ky toefl,"[""cet4-w-33809c221e2bfb745cb4""]",in_selected_syllabus,与当前考纲词形或已登记拼写变体相符。,"n. 记忆, 记忆力, 回忆, 纪念, 存储
n. 内存
[计] 存储器, 内存, 查看内存实用程序",s:memories,ecdict-bc015ed2e24a
mental,gk cet4 cet6 ky toefl ielts,"[""cet4-w-8d1f55824baf4e47c5e1""]",in_selected_syllabus,与当前考纲词形或已登记拼写变体相符。,"a. 心智的, 精神病的, 心理的, 颏的
n. 精神病患者",,ecdict-bc015ed2e24a
merchant,gk cet4 cet6 ky toefl,"[""cet4-w-a00eb494c6325063a04d""]",in_selected_syllabus,与当前考纲词形或已登记拼写变体相符。,"n. 商人, 店主
a. 商业的, 商人的",s:merchants/i:merchanting,ecdict-bc015ed2e24a
mercury,cet4 cet6 ky toefl,[],outside_selected_syllabus,ECDICT 标签仅作候选；所选考纲四级范围无对应词形，不自动加入。,"n. 水银, 汞, 使者
[化] 汞Hg",,ecdict-bc015ed2e24a
mercy,gk cet4 cet6 ky ielts,"[""cet4-w-881ee609bcfba7dfc9f0""]",in_selected_syllabus,与当前考纲词形或已登记拼写变体相符。,"n. 仁慈, 宽恕, 慈悲, 怜悯, 幸运
[法] 权宜处置权, 决定权, 宽恕",s:mercies,ecdict-bc015ed2e24a
mere,cet4 cet6 ky toefl,"[""cet4-w-f89504b0b20c222ee04f""]",in_selected_syllabus,与当前考纲词形或已登记拼写变体相符。,"n. 小湖, 池塘
a. 仅仅的, 只不过的",t:merest/s:meres,ecdict-bc015ed2e24a
merely,gk cet4 cet6 ky,"[""cet4-w-caaa4d5e47626c3a7ee4""]",in_selected_syllabus,与当前考纲词形或已登记拼写变体相符。,adv. 只,,ecdict-bc015ed2e24a
merit,cet4 cet6 ky toefl ielts gre,"[""cet4-w-26b80827876357acf032""]",in_selected_syllabus,与当前考纲词形或已登记拼写变体相符。,"n. 优点, 功绩, 价值, 功过, 真相
vt. 值得
vi. 应受",s:merits/3:merits/p:merited/d:merited/i:meriting,ecdict-bc015ed2e24a
merry,gk cet4 cet6 ky,"[""cet4-w-82b2b6f279ff962706db""]",in_selected_syllabus,与当前考纲词形或已登记拼写变体相符。,"a. 快乐的, 愉快的, 嬉戏作乐的",r:merrier/t:merriest,ecdict-bc015ed2e24a
mess,gk cet4 cet6 ky ielts,"[""cet4-w-98419f16a9177ee624df""]",in_selected_syllabus,与当前考纲词形或已登记拼写变体相符。,"n. 食堂, 伙食, 用膳, 一份食品, 混乱, 乱七八糟, 困境
vt. 将...弄糟, 妨碍, 使紊乱, 使就餐
vi. 陷入困境, 搞乱, 用膳",i:messing/d:messed/p:messed/s:messes/3:messes,ecdict-bc015ed2e24a
message,zk gk cet4 cet6 ky,"[""cet4-w-0ae693a119ae82846eb2""]",in_selected_syllabus,与当前考纲词形或已登记拼写变体相符。,"n. 消息, 通讯, 讯息, 教训, 预言, 广告词
vt. 通知
vi. 通报, 报告, 报信
[计] 报文; 消息; 信息",s:messages/i:messaging/p:messaged/3:messages/d:messaged,ecdict-bc015ed2e24a
messenger,cet4 cet6 ky,"[""cet4-w-7a8c434c2792a80aba9b""]",in_selected_syllabus,与当前考纲词形或已登记拼写变体相符。,"n. 报信者, 使者
[经] 使者, 送信者, 通信员",s:messengers,ecdict-bc015ed2e24a
metal,zk gk cet4 cet6 ky ielts,"[""cet4-w-0d7fbfab7b0cb7236142""]",in_selected_syllabus,与当前考纲词形或已登记拼写变体相符。,"n. 金属, 金属制品, 合金, 本质, 质料
a. 金属制的
vt. 以金属覆盖",s:metals/i:metaling/p:metaled/3:metals/d:metaled,ecdict-bc015ed2e24a
method,zk gk cet4 cet6 ky ielts,"[""cet4-w-1df1d26e21b27e2a9fcd""]",in_selected_syllabus,与当前考纲词形或已登记拼写变体相符。,"n. 方法, 办法, 条理, 秩序
[医] [方]法",s:methods,ecdict-bc015ed2e24a
metre,zk gk cet4 cet6 ky,"[""cet4-w-7b2fc9981d79d26bd9d6""]",in_selected_syllabus,与当前考纲词形或已登记拼写变体相符。,"n. 公尺, 格律, 韵律
[医] 米, 公尺",s:metres,ecdict-bc015ed2e24a
metric,cet4 cet6 ky ielts,"[""cet4-w-9fcf6f7120d1ae37bb6f""]",in_selected_syllabus,与当前考纲词形或已登记拼写变体相符。,"a. 公尺的, 公制的, 计量的
[医] 测量的, 米制的, 公制的",s:metrics,ecdict-bc015ed2e24a
microcomputer,gk cet4 cet6,[],outside_selected_syllabus,ECDICT 标签仅作候选；所选考纲四级范围无对应词形，不自动加入。,"n. 微电脑, 微机
[计] 微型计算机; 微计算机",s:microcomputers,ecdict-bc015ed2e24a
microphone,cet4 cet6 ky ielts,"[""cet4-w-27c25a6fb76e85c38c48""]",in_selected_syllabus,与当前考纲词形或已登记拼写变体相符。,"n. 扩音器, 麦克风
[医] 扩音器, 传声器",s:microphones,ecdict-bc015ed2e24a
microscope,gk cet4 cet6 ky toefl gre,"[""cet4-w-0208af7cf6c8c849d503""]",in_selected_syllabus,与当前考纲词形或已登记拼写变体相符。,"n. 显微镜
[化] 显微镜",s:microscopes/i:microscoping,ecdict-bc015ed2e24a
midday,gk cet4 cet6,"[""cet4-w-5ff5540dec9588f5bfd8""]",in_selected_syllabus,与当前考纲词形或已登记拼写变体相符。,"n. 正午, 中午
a. 正午的",,ecdict-bc015ed2e24a
midnight,gk cet4 cet6 ielts,"[""cet4-w-60751f17e825c3ebceff""]",in_selected_syllabus,与当前考纲词形或已登记拼写变体相符。,"n. 午夜, 子夜, 半夜
a. 午夜的, 半夜的",s:midnights,ecdict-bc015ed2e24a
midst,cet4 cet6 ky,[],outside_selected_syllabus,ECDICT 标签仅作候选；所选考纲四级范围无对应词形，不自动加入。,"n. 中间
prep. 在...中间",,ecdict-bc015ed2e24a
might,zk gk cet4 ky ielts,"[""cet4-w-06bc9bc3698321a48d23""]",in_selected_syllabus,与当前考纲词形或已登记拼写变体相符。,"n. 力量, 权力
aux. 可能, 也许",,ecdict-bc015ed2e24a
mild,gk cet4 cet6 ky toefl,"[""cet4-w-41b66748e9c280c48e2f""]",in_selected_syllabus,与当前考纲词形或已登记拼写变体相符。,"a. 温和的, 温柔的, 淡味的, 适度的, 轻微的, (肥皂等)软性的
[医] 轻的, 缓和的",r:milder/t:mildest/s:milds,ecdict-bc015ed2e24a
mile,zk gk cet4 cet6 ky,"[""cet4-w-d4270d85b88aaf1ab810""]",in_selected_syllabus,与当前考纲词形或已登记拼写变体相符。,"n. 英里, 很大距离
[机] 英里, 哩",s:miles,ecdict-bc015ed2e24a
military,cet4 cet6 ky toefl,"[""cet4-w-dd53c76f48f811137727""]",in_selected_syllabus,与当前考纲词形或已登记拼写变体相符。,"n. 军队
a. 军事的, 军人的, 适于战争的",,ecdict-bc015ed2e24a
mill,cet4 cet6 ky toefl gre,"[""cet4-w-84f3c4bff02695d30729""]",in_selected_syllabus,与当前考纲词形或已登记拼写变体相符。,"n. 压榨机, 磨坊, 制造厂
vt. 碾磨, 磨细, 搅拌, 使乱转
vi. 乱转, 被碾磨",s:mills/i:milling/p:milled/d:milled/3:mills,ecdict-bc015ed2e24a
millimetre,cet4 cet6,"[""cet4-w-ad08b4ca051165732c42""]",in_selected_syllabus,与当前考纲词形或已登记拼写变体相符。,"n. 毫米
[机] 公厘",s:millimetres,ecdict-bc015ed2e24a
miner,cet4 cet6,[],outside_selected_syllabus,ECDICT 标签仅作候选；所选考纲四级范围无对应词形，不自动加入。,"n. 矿工, 开矿机, 坑道工兵
[经] 矿工",s:miners,ecdict-bc015ed2e24a
minimum,gk cet4 cet6 ky toefl ielts,"[""cet4-w-0f836d4d3c62af8b3911""]",in_selected_syllabus,与当前考纲词形或已登记拼写变体相符。,"a. 最小的, 最低的
n. 最小值
[计] 最小值",s:minima,ecdict-bc015ed2e24a
minister,gk cet4 cet6 ky ielts,"[""cet4-w-d18789b35360722d1f35""]",in_selected_syllabus,与当前考纲词形或已登记拼写变体相符。,"n. 部长, 牧师, 公使
vi. 服侍, 救助, 主持宗教仪式",s:ministers/i:ministering/p:ministered/3:ministers/d:ministered,ecdict-bc015ed2e24a
ministry,gk cet4 cet6 ky toefl,"[""cet4-w-17591da0b28a9024ae61""]",in_selected_syllabus,与当前考纲词形或已登记拼写变体相符。,"n. 部, 内阁, 服务
[经] 部",s:ministries,ecdict-bc015ed2e24a
minor,cet4 cet6 ky,"[""cet4-w-87fc0be235b638855e08""]",in_selected_syllabus,与当前考纲词形或已登记拼写变体相符。,"n. 未成年人, 副修科目
a. 较小的, 二流的, 未成年的
vi. 副修
[计] 次要",s:minors,ecdict-bc015ed2e24a
minority,gk cet4 cet6 ky toefl ielts,"[""cet4-w-2f3d5752eec0af2f44fb""]",in_selected_syllabus,与当前考纲词形或已登记拼写变体相符。,"n. 少数, 未成年, 少数民族
a. 少数的, 属于少数派的",s:minorities,ecdict-bc015ed2e24a
minus,gk cet4 cet6 ky ielts,"[""cet4-w-720cf86a52454e687fd0""]",in_selected_syllabus,与当前考纲词形或已登记拼写变体相符。,"n. 负号, 不足
a. 减的, 负的, 阴性的
prep. 减, 缺
[计] 负差",s:minuses,ecdict-bc015ed2e24a
miracle,cet4 cet6 ky toefl ielts gre,"[""cet4-w-0870a26e015fecee2c9d""]",in_selected_syllabus,与当前考纲词形或已登记拼写变体相符。,"n. 奇迹, 奇事",s:miracles,ecdict-bc015ed2e24a
mirror,zk gk cet4 cet6 ky,"[""cet4-w-c2b981b1c69988c22d8d""]",in_selected_syllabus,与当前考纲词形或已登记拼写变体相符。,"n. 镜子, 写真, 典范
vt. 反映, 映出",s:mirrors/d:mirrored/p:mirrored/3:mirrors/i:mirroring,ecdict-bc015ed2e24a
miserable,cet4 cet6 ky toefl ielts,"[""cet4-w-1e63c66314844b58ce9a""]",in_selected_syllabus,与当前考纲词形或已登记拼写变体相符。,a. 悲惨的；痛苦的；卑鄙的,,ecdict-bc015ed2e24a
mislead,cet4 cet6 ky toefl,"[""cet4-w-17d19f0ad2f658fb113a""]",in_selected_syllabus,与当前考纲词形或已登记拼写变体相符。,vt. 误导,d:misled/i:misleading/p:misled/3:misleads,ecdict-bc015ed2e24a
missile,gk cet4 cet6 ky ielts gre,"[""cet4-w-370278f3cc5ad0c53152""]",in_selected_syllabus,与当前考纲词形或已登记拼写变体相符。,"n. 发射物, 导弹, 飞弹, 火箭
a. 可发射的",s:missiles,ecdict-bc015ed2e24a
missing,cet4 cet6 ky,"[""cet4-w-2951f66b6d2dbd227e34""]",in_selected_syllabus,与当前考纲词形或已登记拼写变体相符。,"a. 不见的, 缺少的
[法] 行踪不明的, 失踪的, 遗失的",0:miss/1:i/i:missing,ecdict-bc015ed2e24a
mission,cet4 cet6 ky toefl ielts,"[""cet4-w-4ee402a623ab72da9482""]",in_selected_syllabus,与当前考纲词形或已登记拼写变体相符。,"n. 任务, 代表团, 使命, 传教团
vt. 派遣, 向...传教",s:missions,ecdict-bc015ed2e24a
mist,gk cet4 cet6 ky ielts,"[""cet4-w-23e4c4e829be83f0f5e7""]",in_selected_syllabus,与当前考纲词形或已登记拼写变体相符。,"n. 雾, 迷蒙, 朦胧不清
vt. 使模糊, 使蒙上雾
vi. 变模糊, 下雾",s:mists/p:misted/i:misting/d:misted/3:mists,ecdict-bc015ed2e24a
Mister,cet4 cet6,"[""cet4-w-5b3029c5328ba38c716c""]",in_selected_syllabus,与当前考纲词形或已登记拼写变体相符。,n. 先生,,ecdict-bc015ed2e24a
mistress,cet4 cet6 ky,"[""cet4-w-bc4cc2b96605583d7fcd""]",in_selected_syllabus,与当前考纲词形或已登记拼写变体相符。,"n. 主妇, 女主人, 情妇",s:mistresses,ecdict-bc015ed2e24a
misunderstand,gk cet4 cet6 ky,"[""cet4-w-fe276e0300ebe5168614""]",in_selected_syllabus,与当前考纲词形或已登记拼写变体相符。,"vt. 误解, 误会",d:misunderstood/p:misunderstood/i:misunderstanding/3:misunderstands,ecdict-bc015ed2e24a
mix,gk cet4 ky,"[""cet4-w-792ef1b863121304f228""]",in_selected_syllabus,与当前考纲词形或已登记拼写变体相符。,"n. 混合物, 混乱, 糊涂
vt. 使混合, 弄混, 使结合, 混淆
vi. 相混合, 交往, 参与",d:mixed/p:mixed/i:mixing/s:mixes/3:mixes,ecdict-bc015ed2e24a
mixture,gk cet4 cet6 ky ielts,"[""cet4-w-d68ffb009535ea8f639c""]",in_selected_syllabus,与当前考纲词形或已登记拼写变体相符。,"n. 混合, 混淆, 混合物
[化] 混合物",s:mixtures,ecdict-bc015ed2e24a
moan,cet4 cet6 ky gre,[],outside_selected_syllabus,ECDICT 标签仅作候选；所选考纲四级范围无对应词形，不自动加入。,"n. 呻吟, 悲叹
vi. 呻吟, 抱怨, 悲叹
vt. 呻吟着说",p:moaned/i:moaning/s:moans/3:moans/d:moaned,ecdict-bc015ed2e24a
mobile,gk cet4 cet6 ky toefl ielts gre,"[""cet4-w-c82894ad8a13e9fad9a3""]",in_selected_syllabus,与当前考纲词形或已登记拼写变体相符。,"a. 移动的, 易变的, 机动的
n. 活动物体",s:mobiles,ecdict-bc015ed2e24a
mode,cet4 cet6 ky toefl ielts gre,"[""cet4-w-80b25b6bcadb06533f75""]",in_selected_syllabus,与当前考纲词形或已登记拼写变体相符。,"n. 模态, 调式, 样式, 文体, 状态, 方式, 风尚
[计] 方式; DOS外部命令:设定各种设备命令",s:modes,ecdict-bc015ed2e24a
model,zk gk cet4 ky ielts,"[""cet4-w-3d9836099af1ab9f379a""]",in_selected_syllabus,与当前考纲词形或已登记拼写变体相符。,"n. 模型, 模范, 模特儿
a. 模范的, 作模型用的
vi. 做模型, 做模特儿
vt. 使模仿, 塑造
[计] 模型",s:models/d:modelled/i:modelling/p:modelled/3:models,ecdict-bc015ed2e24a
moderate,cet4 cet6 ky toefl ielts,"[""cet4-w-8bbdcc7074ba0257634f""]",in_selected_syllabus,与当前考纲词形或已登记拼写变体相符。,"a. 适度的, 稳健的, 中等的, 节制的
vt. 节制, 减轻, 使缓和
vi. 变缓和, 主持会议",s:moderates/d:moderated/p:moderated/i:moderating/3:moderates,ecdict-bc015ed2e24a
modest,gk cet4 cet6 ky toefl ielts gre,"[""cet4-w-ae5869d28bbe12b1ea80""]",in_selected_syllabus,与当前考纲词形或已登记拼写变体相符。,"a. 谦逊的, 羞怯的, 端庄的, 适度的
[经] 适当的",,ecdict-bc015ed2e24a
modify,cet4 cet6 ky toefl ielts gre,"[""cet4-w-b4192ae140cac268b212""]",in_selected_syllabus,与当前考纲词形或已登记拼写变体相符。,"vt. 修正, 变更, 修饰, 缓和, 减轻
vi. 被修改
[计] 修改",d:modified/i:modifying/p:modified/3:modifies,ecdict-bc015ed2e24a
moist,cet4 cet6 ky toefl ielts,"[""cet4-w-5950a569e60387894130""]",in_selected_syllabus,与当前考纲词形或已登记拼写变体相符。,"a. 潮湿的, 多雨的, 感伤的, 含泪的
[医] 湿的",r:moister,ecdict-bc015ed2e24a
moisture,cet4 cet6 ky toefl,"[""cet4-w-49d85415900ae77ca88e""]",in_selected_syllabus,与当前考纲词形或已登记拼写变体相符。,"n. 湿气, 水分, 降雨
[化] 含水量; 含湿量",,ecdict-bc015ed2e24a
molecule,cet4 cet6 ky toefl ielts gre,[],outside_selected_syllabus,ECDICT 标签仅作候选；所选考纲四级范围无对应词形，不自动加入。,"n. 分子, 些微
[化] 分子",s:molecules,ecdict-bc015ed2e24a
monitor,zk gk cet4 cet6 ky toefl ielts,"[""cet4-w-a86189a49786cf29d235""]",in_selected_syllabus,与当前考纲词形或已登记拼写变体相符。,"n. 监督器, 级长, 监听员, 班长, 监视器, 告诫物
v. 监视, 监听, 监督
[计] 监视器, 监视程序; 监视",d:monitored/i:monitoring/s:monitors/3:monitors/p:monitored,ecdict-bc015ed2e24a
monkey,zk gk cet4 ky,"[""cet4-w-21e38e6c45c04c4110dd""]",in_selected_syllabus,与当前考纲词形或已登记拼写变体相符。,"n. 猴子, 猿, 打桩锤
vi. 淘气, 胡闹
vt. 嘲弄",s:monkeys/i:monkeying/p:monkeyed/3:monkeys/d:monkeyed,ecdict-bc015ed2e24a
monthly,cet4 ky,"[""cet4-w-ba951d5eec740ef6993a""]",in_selected_syllabus,与当前考纲词形或已登记拼写变体相符。,"n. 月刊
a. 每月的, 每月一次的",s:monthlies,ecdict-bc015ed2e24a
monument,gk cet4 cet6 ky toefl,"[""cet4-w-f60113c573c0d4893597""]",in_selected_syllabus,与当前考纲词形或已登记拼写变体相符。,"n. 纪念碑, 纪念物, 石碑",s:monuments,ecdict-bc015ed2e24a
mood,cet4 cet6 ky toefl ielts,"[""cet4-w-f16b74de31247ce8967c""]",in_selected_syllabus,与当前考纲词形或已登记拼写变体相符。,"n. 心情, 气氛, 生气, 基调
[医] 心境",s:moods,ecdict-bc015ed2e24a
moral,gk cet4 cet6 ky toefl,"[""cet4-w-e03bb35f42d818f655cb""]",in_selected_syllabus,与当前考纲词形或已登记拼写变体相符。,"n. 道德, 品行, 寓意
a. 道德的, 品性端正的, 精神上的",s:morals,ecdict-bc015ed2e24a
moreover,cet4 cet6 ky ielts,"[""cet4-w-2396927da75d11a6eac0""]",in_selected_syllabus,与当前考纲词形或已登记拼写变体相符。,"adv. 而且, 此外",,ecdict-bc015ed2e24a
mortal,cet4 cet6 ky toefl ielts,[],outside_selected_syllabus,ECDICT 标签仅作候选；所选考纲四级范围无对应词形，不自动加入。,"n. 生物, 人类
a. 不免一死的, 人类的, 临终的",s:mortals,ecdict-bc015ed2e24a
mosquito,gk cet4 cet6 ky ielts gre,[],outside_selected_syllabus,ECDICT 标签仅作候选；所选考纲四级范围无对应词形，不自动加入。,"n. 蚊子
[医] 蚊",s:mosquitos,ecdict-bc015ed2e24a
mostly,cet4 cet6 ky toefl,"[""cet4-w-c73395a576891c1d20bb""]",in_selected_syllabus,与当前考纲词形或已登记拼写变体相符。,"adv. 大概, 大部分, 主要
[经] 大部份",,ecdict-bc015ed2e24a
motel,cet4 cet6 ky ielts,"[""cet4-w-3bbca525cb5dae9ed609""]",in_selected_syllabus,与当前考纲词形或已登记拼写变体相符。,n. 汽车旅馆,s:motels,ecdict-bc015ed2e24a
motion,cet4 cet6 ky toefl ielts,"[""cet4-w-d1701caabb455e80a975""]",in_selected_syllabus,与当前考纲词形或已登记拼写变体相符。,"n. 移动, 手势, 动作, 意向, 请求, 提议
v. 打手势",s:motions/p:motioned/i:motioning/3:motions/d:motioned,ecdict-bc015ed2e24a
motivate,cet4 cet6 ky toefl ielts,"[""cet4-w-4dd8acb5c9426d21d6cb""]",in_selected_syllabus,与当前考纲词形或已登记拼写变体相符。,"vt. 给与动机, 刺激, 提高...的学习欲望, 促动
[经] 促动, 激发, 激励",d:motivated/3:motivates/i:motivating/p:motivated,ecdict-bc015ed2e24a
motive,cet4 cet6 ky toefl,"[""cet4-w-8e75a1a9694b2ae6d533""]",in_selected_syllabus,与当前考纲词形或已登记拼写变体相符。,"n. 动机, 目的, 主题, 基调
a. 运动的, 成为动机的",s:motives,ecdict-bc015ed2e24a
motor,gk cet4 cet6 ky,"[""cet4-w-7cb409680e85ebbc08b7""]",in_selected_syllabus,与当前考纲词形或已登记拼写变体相符。,"n. 马达, 发动机, 原动力, 汽车
a. 马达的, 发动机的, 汽车的, 发动的
vt. 推动, 以汽车载运
vi. 乘汽车, 驾车",s:motors/p:motored/3:motors/i:motoring/d:motored,ecdict-bc015ed2e24a
mould,cet4 cet6 ky ielts,"[""cet4-w-7c7392f8975a1e8240bf""]",in_selected_syllabus,与当前考纲词形或已登记拼写变体相符。,"n. 模子, 模制品, 松软沃土, 霉
vt. 形成, 浇铸, 用泥土覆盖
vi. 发霉",s:moulds/d:moulded/i:moulding/p:moulded/3:moulds,ecdict-bc015ed2e24a
mount,cet4 cet6 ky ielts,"[""cet4-w-81af1d4836ee3b1e7780""]",in_selected_syllabus,与当前考纲词形或已登记拼写变体相符。,"n. 乘骑用马, 框, 衬纸, 山
vi. 乘马, 爬上, 增长
vt. 爬上, 使上马, 装上, 装裱, 安放, 制作...的标本, 设置, 上演
[计] 安装",d:mounted/i:mounting/p:mounted/s:mounts/3:mounts,ecdict-bc015ed2e24a
mourn,gk cet4 cet6 ky ielts gre,[],outside_selected_syllabus,ECDICT 标签仅作候选；所选考纲四级范围无对应词形，不自动加入。,"v. 哀悼, 忧伤, 服丧",i:mourning/p:mourned/d:mourned/3:mourns,ecdict-bc015ed2e24a
mouse,zk gk cet4 cet6 ky,"[""cet4-w-1dd4c58c856870aeff9a""]",in_selected_syllabus,与当前考纲词形或已登记拼写变体相符。,"n. 老鼠, 胆小羞怯的人, 鼠标
vi. 捕鼠, 窥探
vt. 探出
[计] 鼠标",s:mice/i:mousing/p:moused/3:mouses/d:moused,ecdict-bc015ed2e24a
mouthful,gk cet4 cet6,"[""cet4-w-a6fedc7ad6c7c9b8d7f9""]",in_selected_syllabus,与当前考纲词形或已登记拼写变体相符。,"n. 一口, 满口",s:mouthfuls,ecdict-bc015ed2e24a
movement,gk cet4 cet6 ky gre,"[""cet4-w-6f1684f134a13c0128cb""]",in_selected_syllabus,与当前考纲词形或已登记拼写变体相符。,"n. 运动, 动作, 运转, 移动, 倾向, 变化, 活动, 乐章
[医] 运动",s:movements,ecdict-bc015ed2e24a
movie,zk gk cet4 ky ielts,"[""cet4-w-5045fa822452e8616fb9""]",in_selected_syllabus,与当前考纲词形或已登记拼写变体相符。,n. 电影,s:movies,ecdict-bc015ed2e24a
mud,gk cet4 cet6 ky toefl,"[""cet4-w-685bd722c22cb45aad90""]",in_selected_syllabus,与当前考纲词形或已登记拼写变体相符。,"n. 泥, 诽谤
vt. 弄脏",s:muds/i:mudding/p:mudded/3:muds/d:mudded,ecdict-bc015ed2e24a
muddy,gk cet4 cet6 gre,"[""cet4-w-72c1a0b3a0abfb59c0a1""]",in_selected_syllabus,与当前考纲词形或已登记拼写变体相符。,"a. 泥泞的, 浑浊的, 模糊的
vt. 使污浊, 使沾上泥污",d:muddied/s:muddies/i:muddying/p:muddied/r:muddier/t:muddiest/3:muddies,ecdict-bc015ed2e24a
mug,cet4 cet6 ky,"[""cet4-w-9e8c416784ba8bc56b9e""]",in_selected_syllabus,与当前考纲词形或已登记拼写变体相符。,"n. 有柄大杯, 脸, 苦读者
vt. 给...拍照, 攻击, 苦读
vi. 拼命用功",s:mugs/d:mugged/i:mugging/p:mugged/3:mugs,ecdict-bc015ed2e24a
multiple,cet4 cet6 ky toefl gre,"[""cet4-w-a3473e21d3af4b69fba8""]",in_selected_syllabus,与当前考纲词形或已登记拼写变体相符。,"n. 倍数, 并联
a. 多样的, 许多的, 多功能的",s:multiples,ecdict-bc015ed2e24a
multiply,gk cet4 cet6 ky toefl ielts gre,"[""cet4-w-8f2b5050505ada5f2e87""]",in_selected_syllabus,与当前考纲词形或已登记拼写变体相符。,"v. 繁殖, 乘, 增加
[计] 乘",d:multiplied/i:multiplying/p:multiplied/3:multiplies,ecdict-bc015ed2e24a
murder,zk gk cet4 cet6 ky,"[""cet4-w-68eb11014334ac356f7a""]",in_selected_syllabus,与当前考纲词形或已登记拼写变体相符。,"n. 谋杀
vt. 谋杀, 损毁, 破坏
vi. 犯杀人罪",d:murdered/s:murders/p:murdered/i:murdering/3:murders,ecdict-bc015ed2e24a
murderer,cet4 cet6,[],outside_selected_syllabus,ECDICT 标签仅作候选；所选考纲四级范围无对应词形，不自动加入。,"n. 凶手, 杀人者, 谋害者
[法] 谋杀犯, 凶手",s:murderers,ecdict-bc015ed2e24a
muscle,cet4 cet6 ky gre,"[""cet4-w-3524bea7f31f2f0b8a47""]",in_selected_syllabus,与当前考纲词形或已登记拼写变体相符。,"n. 肌肉, 臂力
[医] 肌",s:muscles/p:muscled/i:muscling/d:muscled/3:muscles,ecdict-bc015ed2e24a
museum,zk gk cet4 cet6 ky ielts,"[""cet4-w-672ba37fd3d6b076f811""]",in_selected_syllabus,与当前考纲词形或已登记拼写变体相符。,n. 博物馆,s:museums,ecdict-bc015ed2e24a
mushroom,gk cet4 cet6 ky toefl ielts gre,"[""cet4-w-d222cc478f1db7f83373""]",in_selected_syllabus,与当前考纲词形或已登记拼写变体相符。,"n. 蘑菇形物, 蘑菇, 暴发户
vi. 迅速生长, 迅速增加, 采蘑菇
a. 蘑菇形的, 迅速生长的",s:mushrooms/p:mushroomed/d:mushroomed/i:mushrooming/3:mushrooms,ecdict-bc015ed2e24a
musical,gk cet4 cet6 ky ielts,"[""cet4-w-c6adcc076a569b6ce38c""]",in_selected_syllabus,与当前考纲词形或已登记拼写变体相符。,"n. 音乐片, 音乐舞台剧
a. 音乐的, 声音美妙的, 喜爱音乐的",s:musicals,ecdict-bc015ed2e24a
musician,gk cet4 cet6 ky,"[""cet4-w-81da823ba05786a06b88""]",in_selected_syllabus,与当前考纲词形或已登记拼写变体相符。,"n. 音乐家, 乐师, 作曲家",s:musicians,ecdict-bc015ed2e24a
mute,cet4 cet6 ky gre,[],outside_selected_syllabus,ECDICT 标签仅作候选；所选考纲四级范围无对应词形，不自动加入。,"n. 哑子, 哑音字母, 弱音器
a. 哑的, 无声的, 沉默的
vt. 减弱...的声音
vi. 排泄",s:mutes/i:muting/d:muted/3:mutes/p:muted,ecdict-bc015ed2e24a
mutter,cet4 cet6 ky ielts gre,[],outside_selected_syllabus,ECDICT 标签仅作候选；所选考纲四级范围无对应词形，不自动加入。,"n. 喃喃低语
vi. 喃喃自语, 作低沉声
vt. 出怨言, 抱怨地说",p:muttered/i:muttering/3:mutters/d:muttered/s:mutters,ecdict-bc015ed2e24a
mutton,gk cet4 cet6 ky gre,[],outside_selected_syllabus,ECDICT 标签仅作候选；所选考纲四级范围无对应词形，不自动加入。,n. 羊肉,s:muttons,ecdict-bc015ed2e24a
mutual,cet4 cet6 ky toefl ielts,"[""cet4-w-c84a12ca97576d4362b8""]",in_selected_syllabus,与当前考纲词形或已登记拼写变体相符。,"a. 相互的, 共有的
[经] 相互的",s:mutuals,ecdict-bc015ed2e24a
mysterious,cet4 cet6 ky toefl,"[""cet4-w-79904116558b64dc3174""]",in_selected_syllabus,与当前考纲词形或已登记拼写变体相符。,"a. 神秘的, 难解的, 不可思议的",,ecdict-bc015ed2e24a
mystery,cet4 cet6 ky toefl,"[""cet4-w-e2fd64f7fb9b9b1a4bf8""]",in_selected_syllabus,与当前考纲词形或已登记拼写变体相符。,"n. 秘密, 神秘, 奥秘",s:mysteries,ecdict-bc015ed2e24a
nail,gk cet4 cet6 ky toefl,"[""cet4-w-7fbd3f6350f76f9ae69c""]",in_selected_syllabus,与当前考纲词形或已登记拼写变体相符。,"n. 钉子, 指甲
vt. 用钉钉牢, 使固定, 截住, 揭露",s:nails/d:nailed/i:nailing/p:nailed/3:nails,ecdict-bc015ed2e24a
naked,cet4 cet6 ky toefl ielts,"[""cet4-w-540d546c2b8b81641b0a""]",in_selected_syllabus,与当前考纲词形或已登记拼写变体相符。,"a. 裸体的, 无装饰的, 无保护的, 赤贫的
[医] 裸露的",,ecdict-bc015ed2e24a
namely,cet4 cet6 ky ielts,"[""cet4-w-e0b873b6c0bc3ea668e8""]",in_selected_syllabus,与当前考纲词形或已登记拼写变体相符。,"adv. 即, 就是, 换句话说",,ecdict-bc015ed2e24a
nap,cet4 cet6 ky ielts,"[""cet4-w-9b61ebf5988006d25562""]",in_selected_syllabus,与当前考纲词形或已登记拼写变体相符。,"n. 小睡, 稍睡, 细毛, 孤注一掷
vi. 小睡, 疏忽
vt. 使拉毛, 打盹度过, 预测...为获胜马",i:napping/s:naps/d:napped/p:napped/3:naps,ecdict-bc015ed2e24a
narrow,gk cet4 cet6 ky toefl,"[""cet4-w-b7d6cb81c70a0fb8c028""]",in_selected_syllabus,与当前考纲词形或已登记拼写变体相符。,"n. 狭窄部分, 隘路
a. 狭窄的, 仔细的, 有限的, 勉强的, 狭隘的, 手紧的
vi. 变窄
vt. 使变狭窄",r:narrower/p:narrowed/d:narrowed/i:narrowing/3:narrows/t:narrowest,ecdict-bc015ed2e24a
nasty,cet4 cet6 ky ielts,"[""cet4-w-7f897690b93b4f3d24fc""]",in_selected_syllabus,与当前考纲词形或已登记拼写变体相符。,"a. 污秽的, 下流的, 险恶的",s:nasties/r:nastier/t:nastiest/3:nasties,ecdict-bc015ed2e24a
nation,gk cet4 cet6 ky,"[""cet4-w-1340277ef76cfc85471f""]",in_selected_syllabus,与当前考纲词形或已登记拼写变体相符。,"n. 国家, 民族
[法] 民族, 国家",s:nations,ecdict-bc015ed2e24a
national,zk gk cet4 cet6 ky ielts,"[""cet4-w-3ba058bdbef6113ae98e""]",in_selected_syllabus,与当前考纲词形或已登记拼写变体相符。,"a. 国家的, 国立的, 全国性的, 民族的
[经] 全国性的, 国家的, 国民的",s:nationals,ecdict-bc015ed2e24a
nationality,gk cet4 cet6 ky toefl ielts,"[""cet4-w-377119164ad50cbd2ece""]",in_selected_syllabus,与当前考纲词形或已登记拼写变体相符。,"n. 国籍, 国家, 民族性
[法] 国家, 民族, 国民",s:nationalities,ecdict-bc015ed2e24a
native,gk cet4 cet6 ky ielts,"[""cet4-w-cd27b09a401c5fa0ad97""]",in_selected_syllabus,与当前考纲词形或已登记拼写变体相符。,"n. 本地人, 土产, 当地人
a. 本国的, 与生俱来的, 自然的",s:natives,ecdict-bc015ed2e24a
natural,zk gk cet4 cet6 ky toefl ielts,"[""cet4-w-5d2bfed61867af92d955""]",in_selected_syllabus,与当前考纲词形或已登记拼写变体相符。,"n. 白痴
a. 自然的, 自然界的, 本能的, 天然的, 物质的, 正常的, 原始的, 自然数的",,ecdict-bc015ed2e24a
naturally,cet4 cet6,"[""cet4-w-903695a96bc50f66667d""]",in_selected_syllabus,与当前考纲词形或已登记拼写变体相符。,"adv. 自然地, 以自然力, 天生地",,ecdict-bc015ed2e24a
nature,zk gk cet4 cet6 ky ielts,"[""cet4-w-6e7d586693335ac35181""]",in_selected_syllabus,与当前考纲词形或已登记拼写变体相符。,"n. 自然, 大自然, 本性, 性格, 性质
[医] 自然, 大自然; 本性, 性能",s:natures,ecdict-bc015ed2e24a
naughty,cet4 cet6 ky toefl,"[""cet4-w-b2d1d70ad5283faa9bdb""]",in_selected_syllabus,与当前考纲词形或已登记拼写变体相符。,"a. 顽皮的, 没规矩的, 不适当的, 下流的",t:naughtiest/r:naughtier/s:naughties,ecdict-bc015ed2e24a
naval,cet4 cet6 ky toefl ielts,"[""cet4-w-b29d4e60aeae1aa3b87a""]",in_selected_syllabus,与当前考纲词形或已登记拼写变体相符。,"a. 海军的, 军舰的, 有舰队的
[法] 海军的, 军舰的, 船的",,ecdict-bc015ed2e24a
navigation,cet4 cet6 ky toefl ielts,[],outside_selected_syllabus,ECDICT 标签仅作候选；所选考纲四级范围无对应词形，不自动加入。,"n. 航行, 航海, 导航
[经] 航空, 航海, 航船",s:navigations,ecdict-bc015ed2e24a
navy,gk cet4 cet6 ky,"[""cet4-w-5687f84757e6e72d7ae3""]",in_selected_syllabus,与当前考纲词形或已登记拼写变体相符。,"n. 海军, 海军人员, 海军军力, 烟蒂",s:navies,ecdict-bc015ed2e24a
nearby,gk cet4 cet6 ky,"[""cet4-w-ebcc51f0d03728545693""]",in_selected_syllabus,与当前考纲词形或已登记拼写变体相符。,"a. 附近的, 近旁的
adv. 在附近, 近旁地
prep. 在...附近",,ecdict-bc015ed2e24a
neat,gk cet4 cet6 ky toefl ielts,"[""cet4-w-67d42f42418b2eaf1a6c""]",in_selected_syllabus,与当前考纲词形或已登记拼写变体相符。,"a. 整洁的, 巧妙的, 匀称的, 简洁的
n. 牛",r:neater/t:neatest,ecdict-bc015ed2e24a
necessarily,cet4 cet6,"[""cet4-w-034b66a5f356d25e3871""]",in_selected_syllabus,与当前考纲词形或已登记拼写变体相符。,"adv. 必然地, 必须地, 必要地",,ecdict-bc015ed2e24a
necessity,cet4 cet6 ky toefl,"[""cet4-w-4fe42db77271ebc4afff""]",in_selected_syllabus,与当前考纲词形或已登记拼写变体相符。,"n. 需要, 必需品, 必然
[法] 必要性, 必然性, 必要",s:necessities,ecdict-bc015ed2e24a
neck,zk gk cet4 cet6 ky toefl ielts,"[""cet4-w-576cf6276dd48175e418""]",in_selected_syllabus,与当前考纲词形或已登记拼写变体相符。,"n. 脖子, 衣领, 颈
vi. 拥抱, 拥吻, 收缩
vt. 割颈",s:necks/i:necking/p:necked/3:necks/d:necked,ecdict-bc015ed2e24a
necklace,gk cet4 cet6 ky,"[""cet4-w-05728fdf1d9ab0f94564""]",in_selected_syllabus,与当前考纲词形或已登记拼写变体相符。,n. 项链,s:necklaces/p:necklaced/i:necklacing,ecdict-bc015ed2e24a
needle,gk cet4 cet6 ky gre,"[""cet4-w-592efbc998804ed4805b""]",in_selected_syllabus,与当前考纲词形或已登记拼写变体相符。,"n. 针, 尖
vt. 用针缝
vi. 缝纫
[计] 探针",s:needles/i:needling/p:needled/3:needles/d:needled,ecdict-bc015ed2e24a
needless,cet4 cet6,[],outside_selected_syllabus,ECDICT 标签仅作候选；所选考纲四级范围无对应词形，不自动加入。,"a. 不需要的, 不必要的",,ecdict-bc015ed2e24a
negative,cet4 cet6 ky toefl ielts,"[""cet4-w-201105310dda6bc19956""]",in_selected_syllabus,与当前考纲词形或已登记拼写变体相符。,"n. 否定, 否定语, 负数, 底片
a. 否定的, 消极的, 负的, 阴性的
n. 负数, 负值
[计] 负数, 负值",s:negatives/d:negatived/p:negatived/i:negativing/3:negatives,ecdict-bc015ed2e24a
neglect,cet4 cet6 ky toefl ielts,"[""cet4-w-577d05bac5a94fe8de7b""]",in_selected_syllabus,与当前考纲词形或已登记拼写变体相符。,"n. 疏忽, 忽略, 漏做
vt. 疏忽, 忽视, 不顾",d:neglected/i:neglecting/3:neglects/p:neglected,ecdict-bc015ed2e24a
negro,cet4 cet6 ky,[],outside_selected_syllabus,ECDICT 标签仅作候选；所选考纲四级范围无对应词形，不自动加入。,"n. 黑人
a. 黑人的",s:negros,ecdict-bc015ed2e24a
neighborhood,cet4 ky,"[""cet4-w-d21a3159eabbc5a80ce9""]",in_selected_syllabus,与当前考纲词形或已登记拼写变体相符。,"n. 附近, 邻近",s:neighborhoods,ecdict-bc015ed2e24a
neighbour,zk gk cet4 cet6,"[""cet4-w-fea6469ec28e11caece5""]",in_selected_syllabus,与当前考纲词形或已登记拼写变体相符。,"n. 邻居, 邻接的东西, 邻国, 邻座, 邻人, 世人
a. 邻接的, 邻近的
vi.vt. 邻近, 与...结邻, 邻接",s:neighbours/i:neighbouring/p:neighboured/3:neighbours/d:neighboured,ecdict-bc015ed2e24a
neighbourhood,gk cet4 cet6,"[""cet4-w-d21a3159eabbc5a80ce9""]",in_selected_syllabus,与当前考纲词形或已登记拼写变体相符。,"n. 邻接, 周围, 附近一带, 邻近, 邻居关系, 地区, 街道, 街坊, 四邻
[计] 邻域",s:neighbourhoods,ecdict-bc015ed2e24a
nephew,gk cet4 cet6 ky,"[""cet4-w-fc56c8c616b25925ce8f""]",in_selected_syllabus,与当前考纲词形或已登记拼写变体相符。,"n. 侄子, 外甥",s:nephews,ecdict-bc015ed2e24a
nerve,cet4 cet6 ky gre,"[""cet4-w-a14e221fa5f9f5a94613""]",in_selected_syllabus,与当前考纲词形或已登记拼写变体相符。,"n. 精神, 勇气, 叶脉, 神经
vt. 鼓起勇气",s:nerves/p:nerved/i:nerving/d:nerved/3:nerves,ecdict-bc015ed2e24a
nervous,zk gk cet4 cet6 ky toefl ielts,"[""cet4-w-e99b4690425c998121f6""]",in_selected_syllabus,与当前考纲词形或已登记拼写变体相符。,"a. 神经紧张的, 不安的, 神经的
[医] 神经的; 神经质的, 神经过敏的",,ecdict-bc015ed2e24a
nest,gk cet4 cet6 ky,"[""cet4-w-d792d505f0b68a7f1809""]",in_selected_syllabus,与当前考纲词形或已登记拼写变体相符。,"n. 巢, 窝, 休息所, 隐匿处
vi. 筑巢, 找鸟巢
vt. 为...设窝, 使套叠
[计] 嵌套",s:nests/i:nesting/d:nested/3:nests/p:nested,ecdict-bc015ed2e24a
net,gk cet4 cet6 ky toefl,"[""cet4-w-f62cb5f609182c8534d9""]",in_selected_syllabus,与当前考纲词形或已登记拼写变体相符。,"n. 网, 网状物, 罗网, 净利, 净价
a. 净的, 最终的
vt. 用网捕, 撒网, 净赚, 得到
vi. 编网
[计] 网络, 网络分析程序",s:nets/p:netted/d:netted/i:netting/3:nets,ecdict-bc015ed2e24a
network,gk cet4 cet6 ky ielts,"[""cet4-w-8be8e79fd166f596b7eb""]",in_selected_syllabus,与当前考纲词形或已登记拼写变体相符。,"n. 网络, 广播网, 网状物
[计] 网络",s:networks/i:networking/d:networked/p:networked/3:networks,ecdict-bc015ed2e24a
neutral,cet4 cet6 ky toefl,"[""cet4-w-ee1f2d5a92cfa67b7860""]",in_selected_syllabus,与当前考纲词形或已登记拼写变体相符。,"n. 中立者, 中立国, 非彩色, 空档
a. 中立的, 中性的, 无色的",s:neutrals,ecdict-bc015ed2e24a
nevertheless,cet4 cet6 ky ielts,"[""cet4-w-9e2557a8ec7d1c6c9019""]",in_selected_syllabus,与当前考纲词形或已登记拼写变体相符。,"adv. 然而, 虽然如此
conj. 然而",,ecdict-bc015ed2e24a
newly,cet4 cet6,[],outside_selected_syllabus,ECDICT 标签仅作候选；所选考纲四级范围无对应词形，不自动加入。,"adv. 重新, 最近",,ecdict-bc015ed2e24a
niece,gk cet4 cet6 ky,"[""cet4-w-8c786400de7cd258eec7""]",in_selected_syllabus,与当前考纲词形或已登记拼写变体相符。,"n. 侄女, 甥女",s:nieces,ecdict-bc015ed2e24a
nineteen,zk gk cet4 ky,"[""cet4-w-58daac4f915c578bbf5d""]",in_selected_syllabus,与当前考纲词形或已登记拼写变体相符。,"num. 十九, 十九个",,ecdict-bc015ed2e24a
nitrogen,cet4 cet6 ky toefl ielts,[],outside_selected_syllabus,ECDICT 标签仅作候选；所选考纲四级范围无对应词形，不自动加入。,"n. 氮
[化] 氮N-2",s:nitrogens,ecdict-bc015ed2e24a
noble,gk cet4 cet6 ky ielts,"[""cet4-w-0f1f351abeb72d2f348b""]",in_selected_syllabus,与当前考纲词形或已登记拼写变体相符。,"n. 贵族
a. 高贵的, 高尚的, 贵族的, 辉煌的",s:nobles,ecdict-bc015ed2e24a
nod,zk gk cet4 cet6 ky toefl,"[""cet4-w-64af3a67aed9c3f1958b""]",in_selected_syllabus,与当前考纲词形或已登记拼写变体相符。,"n. 点头, 打盹, 晃动
vi. 点头, 打盹
vt. 点头表示, 点(头)",p:nodded/i:nodding/3:nods/s:nods/d:nodded,ecdict-bc015ed2e24a
noisy,gk cet4 cet6 ky toefl ielts,"[""cet4-w-bdfb8d139e3480c9a7ae""]",in_selected_syllabus,与当前考纲词形或已登记拼写变体相符。,"a. 嘈杂的, 喧闹的
[机] 噪声的, 嘈杂的",r:noisier/t:noisiest,ecdict-bc015ed2e24a
nonsense,cet4 cet6 ky toefl,"[""cet4-w-f11c14f3351436c58508""]",in_selected_syllabus,与当前考纲词形或已登记拼写变体相符。,"n. 无意义的事, 荒谬言行, 荒唐",s:nonsenses,ecdict-bc015ed2e24a
normal,zk gk cet4 cet6 ky toefl ielts,"[""cet4-w-2b047061126e5997cff6""]",in_selected_syllabus,与当前考纲词形或已登记拼写变体相符。,"n. 常态, 标准, 正常, 普通
a. 正常的, 正规的, 标准的, 师范的, 正态的
[计] 标准, 普通",s:normals,ecdict-bc015ed2e24a
normally,cet4 cet6 toefl,"[""cet4-w-e54068437d5f6bddd87e""]",in_selected_syllabus,与当前考纲词形或已登记拼写变体相符。,"adv. 正规地, 合规则, 正常地",,ecdict-bc015ed2e24a
northeast,gk cet4 cet6 ky,"[""cet4-w-3e315e24bddfcc452a2b""]",in_selected_syllabus,与当前考纲词形或已登记拼写变体相符。,"n. 东北
a. 东北的, 向东北的, 来自东北的
adv. 向东北, 来自东北",,ecdict-bc015ed2e24a
northern,zk gk cet4 cet6 ky,"[""cet4-w-82b48e7d16d0d69af23c""]",in_selected_syllabus,与当前考纲词形或已登记拼写变体相符。,"n. 北方人
a. 北方的, 向北的, 自北方来的",,ecdict-bc015ed2e24a
northwest,gk cet4 cet6 ky,"[""cet4-w-faa444aad2b91184b22f""]",in_selected_syllabus,与当前考纲词形或已登记拼写变体相符。,"n. 西北, 西北方
a. 西北的, 在西北的, 来自西北的
adv. 向西北",,ecdict-bc015ed2e24a
notebook,zk gk cet4 cet6 ky ielts,"[""cet4-w-6adc6d99c9c75dc625dd""]",in_selected_syllabus,与当前考纲词形或已登记拼写变体相符。,"n. 笔记本, 手册, 期票簿",s:notebooks,ecdict-bc015ed2e24a
notice,zk gk cet4 cet6 ky toefl ielts,"[""cet4-w-5cf23c36701b075fe6e6""]",in_selected_syllabus,与当前考纲词形或已登记拼写变体相符。,"n. 注意, 布告, 通知, 预告, 短评
vt. 注意, 通知, 评论, 提及, 关注
vi. 注意",p:noticed/d:noticed/i:noticing/s:notices/3:notices,ecdict-bc015ed2e24a
noticeable,cet4 cet6 ky,"[""cet4-w-0dcc55a9ce2720c0e320""]",in_selected_syllabus,与当前考纲词形或已登记拼写变体相符。,"a. 显而易见的, 显著的, 值得注意的",,ecdict-bc015ed2e24a
notify,cet4 cet6 ky ielts,"[""cet4-w-5adb037cd11fdf769aef""]",in_selected_syllabus,与当前考纲词形或已登记拼写变体相符。,"vt. 通知, 通告, 报告
[计] 通知",d:notified/i:notifying/p:notified/3:notifies,ecdict-bc015ed2e24a
notion,cet4 cet6 ky toefl ielts,"[""cet4-w-44c21f95e39f67712f4e""]",in_selected_syllabus,与当前考纲词形或已登记拼写变体相符。,"n. 概念, 观念, 想法, 打算, 别致的小东西
[经] 概念, 打算, 想法",s:notions,ecdict-bc015ed2e24a
noun,cet4 cet6 ky,"[""cet4-w-f159f6cb49253c0ff8db""]",in_selected_syllabus,与当前考纲词形或已登记拼写变体相符。,n. 名词,s:nouns,ecdict-bc015ed2e24a
novel,gk cet4 cet6 ky toefl ielts,"[""cet4-w-6038da16ada031bcd82b""]",in_selected_syllabus,与当前考纲词形或已登记拼写变体相符。,"n. 小说, 长篇故事
a. 新奇的, 异常的",s:novels,ecdict-bc015ed2e24a
nowadays,gk cet4 cet6 ky toefl,"[""cet4-w-eb83e61dd14addaaa5f9""]",in_selected_syllabus,与当前考纲词形或已登记拼写变体相符。,"n. 现在, 现时, 当今
adv. 时下, 现今",,ecdict-bc015ed2e24a
nowhere,gk cet4 cet6 ky ielts,"[""cet4-w-36d8e386bd58c179164a""]",in_selected_syllabus,与当前考纲词形或已登记拼写变体相符。,"adv. 无处, 到处都无",,ecdict-bc015ed2e24a
nuclear,gk cet4 cet6 ky toefl,"[""cet4-w-5b47971d64e8f3b94127""]",in_selected_syllabus,与当前考纲词形或已登记拼写变体相符。,"a. 核子的, 原子能的, 核的, 中心的
[医] 核的",,ecdict-bc015ed2e24a
nucleus,cet4 cet6 ky toefl ielts gre,"[""cet4-w-37aa6ddce89d88132ea1""]",in_selected_syllabus,与当前考纲词形或已登记拼写变体相符。,"n. 核心, 核子, 原子核, 起点
[计] 核心程序",s:nuclei,ecdict-bc015ed2e24a
nuisance,cet4 cet6 ky ielts,"[""cet4-w-e409a216d7e69035e60e""]",in_selected_syllabus,与当前考纲词形或已登记拼写变体相符。,"n. 讨厌的东西, 讨厌的人, 损害
[医] 损害, 讨厌",s:nuisances,ecdict-bc015ed2e24a
numerous,cet4 cet6 ky toefl ielts gre,"[""cet4-w-45ed6dcbda582c02a78a""]",in_selected_syllabus,与当前考纲词形或已登记拼写变体相符。,"a. 很多的, 数目众多的, 多数的
[机] 多数的, 甚多的",,ecdict-bc015ed2e24a
nursery,gk cet4 cet6 ky ielts,"[""cet4-w-e7ac1059db14138ad219""]",in_selected_syllabus,与当前考纲词形或已登记拼写变体相符。,"n. 托儿所, 苗圃, 温床
[医] 婴儿室, 托儿所",s:nurseries,ecdict-bc015ed2e24a
nut,gk cet4 cet6 ky,"[""cet4-w-3d2d0edfb8464ae73ae9""]",in_selected_syllabus,与当前考纲词形或已登记拼写变体相符。,"n. 坚果, 核心, 螺帽
[计] Novell NetWare服务器实用程序",s:nuts/i:nutting/3:nuts/p:nutted/d:nutted,ecdict-bc015ed2e24a
nylon,gk cet4 cet6 ky ielts,[],outside_selected_syllabus,ECDICT 标签仅作候选；所选考纲四级范围无对应词形，不自动加入。,"n. 尼龙
[化] 尼龙; 聚酰胺纤维",s:nylons,ecdict-bc015ed2e24a
obey,gk cet4 cet6 ky,"[""cet4-w-2868dfbbe96e3f1b2924""]",in_selected_syllabus,与当前考纲词形或已登记拼写变体相符。,"vt. 服从, 遵从, 顺从
vi. 服从",p:obeyed/d:obeyed/i:obeying/3:obeys,ecdict-bc015ed2e24a
object,zk gk cet4 cet6 ky ielts,"[""cet4-w-6f452b8726b980a0430f""]",in_selected_syllabus,与当前考纲词形或已登记拼写变体相符。,"n. 物体, 目标, 目的, 对象, 宾语, 客体
vi. 反对, 抱反感
vt. 提出...来反对
[计] 对象",s:objects/p:objected/d:objected/i:objecting/3:objects,ecdict-bc015ed2e24a
objection,cet4 cet6 ky toefl ielts gre,"[""cet4-w-2c00d214731747562b0d""]",in_selected_syllabus,与当前考纲词形或已登记拼写变体相符。,"n. 异议, 反对, 不喜欢, 缺点, 缺陷, 妨碍, 拒绝之理由
[法] 异议, 反对, 抗议",s:objections,ecdict-bc015ed2e24a
objective,cet4 cet6 ky toefl ielts gre,"[""cet4-w-03676b8c6f9844cb1cfe""]",in_selected_syllabus,与当前考纲词形或已登记拼写变体相符。,"n. 目的, 目标, 宗旨, 宾格, 实物
a. 客观的, 如实的, 无偏见的, 宾格的",s:objectives,ecdict-bc015ed2e24a
obligation,cet4 cet6 ky toefl ielts gre,"[""cet4-w-4786b7a0e6ac4c8b9673""]",in_selected_syllabus,与当前考纲词形或已登记拼写变体相符。,"n. 义务, 责任, 约束, 契约, 恩惠, 债务
[经] 待付款, 债务, 义务",s:obligations,ecdict-bc015ed2e24a
oblige,cet4 cet6 ky toefl ielts gre,"[""cet4-w-c42eeaa5eef8dc9fbbec""]",in_selected_syllabus,与当前考纲词形或已登记拼写变体相符。,"vt. 强制, 施恩惠于, 使感激
vi. 施恩惠, 帮忙",d:obliged/p:obliged/3:obliges/i:obliging,ecdict-bc015ed2e24a
obscure,cet4 cet6 ky toefl ielts gre,[],outside_selected_syllabus,ECDICT 标签仅作候选；所选考纲四级范围无对应词形，不自动加入。,"a. 模糊的, 昏暗的, 难解的, 晦涩的, 偏僻的, 微贱的, 无名的
vt. 使变暗, 隐藏, 使变模糊, 使难解",d:obscured/3:obscures/i:obscuring/p:obscured/r:obscurer,ecdict-bc015ed2e24a
observation,cet4 cet6 ky toefl ielts,"[""cet4-w-d73e0e1554053ae4bd53""]",in_selected_syllabus,与当前考纲词形或已登记拼写变体相符。,"n. 观察, 注意, 观测, 观察力
[化] 观察",s:observations,ecdict-bc015ed2e24a
observe,gk cet4 cet6 ky toefl ielts,"[""cet4-w-b5a1e6d1dfdc42de42bb""]",in_selected_syllabus,与当前考纲词形或已登记拼写变体相符。,"vt. 觉察到, 遵守, 注意到, 庆祝
vi. 注意, 评论",d:observed/p:observed/i:observing/3:observes,ecdict-bc015ed2e24a
observer,cet4 cet6,"[""cet4-w-e66e4d4cc6830198989b""]",in_selected_syllabus,与当前考纲词形或已登记拼写变体相符。,"n. 观察者, 遵守者, 观察员
[法] 观察者, 观察员, 监场员",s:observers,ecdict-bc015ed2e24a
obstacle,cet4 cet6 ky toefl ielts gre,"[""cet4-w-8d9380c574d4c2790790""]",in_selected_syllabus,与当前考纲词形或已登记拼写变体相符。,"n. 障碍, 妨害物, 阻碍",s:obstacles,ecdict-bc015ed2e24a
obtain,gk cet4 cet6 ky toefl,"[""cet4-w-eaf59a354e8b7cf4297a""]",in_selected_syllabus,与当前考纲词形或已登记拼写变体相符。,"vt. 获得, 达到
vi. 流行, 得到公认",d:obtained/i:obtaining/p:obtained/3:obtains,ecdict-bc015ed2e24a
obvious,gk cet4 cet6 ky toefl ielts gre,"[""cet4-w-baf7c396a6ddc75e4fbe""]",in_selected_syllabus,与当前考纲词形或已登记拼写变体相符。,"a. 明显的, 明白的, 显然的, 平淡无奇的",,ecdict-bc015ed2e24a
obviously,cet4 cet6,"[""cet4-w-29bf06b3a9bcadca3157""]",in_selected_syllabus,与当前考纲词形或已登记拼写变体相符。,"adv. 显而易见地, 明显地",,ecdict-bc015ed2e24a
occasion,cet4 cet6 ky toefl ielts,"[""cet4-w-8c41a86bb84c1b407930""]",in_selected_syllabus,与当前考纲词形或已登记拼写变体相符。,"n. 场合, 时机, 机会, 诱因, 理由
vt. 惹起, 引起",s:occasions/d:occasioned/i:occasioning/p:occasioned/3:occasions,ecdict-bc015ed2e24a
occasional,cet4 cet6 ky toefl,"[""cet4-w-150ab72d1726f27a54bf""]",in_selected_syllabus,与当前考纲词形或已登记拼写变体相符。,"a. 偶然的, 临时的
[法] 偶然的, 特殊场合的",,ecdict-bc015ed2e24a
occasionally,cet4 cet6 toefl,"[""cet4-w-4b7d0cce6c9315c54284""]",in_selected_syllabus,与当前考纲词形或已登记拼写变体相符。,"adv. 有时候, 偶而",,ecdict-bc015ed2e24a
occupation,gk cet4 cet6 ky toefl ielts gre,"[""cet4-w-af4511541b2a55dc7cc0""]",in_selected_syllabus,与当前考纲词形或已登记拼写变体相符。,"n. 职业, 占有, 占有期, 占领, 占领军
[经] 占有, 占用, 职业",s:occupations,ecdict-bc015ed2e24a
occupy,cet4 cet6 ky toefl ielts,"[""cet4-w-ef6864bd8ac441e8ba9d""]",in_selected_syllabus,与当前考纲词形或已登记拼写变体相符。,"vt. 占领, 占(时间、空间等), 住进, 担任, 使从事, 使全神贯注
[法] 占领, 占据, 占有",d:occupied/3:occupies/p:occupied/i:occupying,ecdict-bc015ed2e24a
occur,gk cet4 cet6 ky toefl ielts,"[""cet4-w-1b1571021dd594e7868d""]",in_selected_syllabus,与当前考纲词形或已登记拼写变体相符。,"vi. 发生, 被想到, 存在",3:occurs/p:occurred/d:occurred/i:occurring,ecdict-bc015ed2e24a
occurrence,cet4 cet6 ky toefl ielts gre,"[""cet4-w-d3314abcdb0d8c665af3""]",in_selected_syllabus,与当前考纲词形或已登记拼写变体相符。,"n. 发生, 事件, 出现
[医] 发生",s:occurrences,ecdict-bc015ed2e24a
ocean,zk gk cet4 ky ielts,"[""cet4-w-ad1f1ea4c23d757171be""]",in_selected_syllabus,与当前考纲词形或已登记拼写变体相符。,"n. 海洋, 广阔, 许多, 一大片
[法] 海洋, 海",s:oceans,ecdict-bc015ed2e24a
Oceania,gk cet4 cet6,[],outside_selected_syllabus,ECDICT 标签仅作候选；所选考纲四级范围无对应词形，不自动加入。,n. 大洋洲,,ecdict-bc015ed2e24a
odd,cet4 cet6 ky toefl ielts,"[""cet4-w-fd6003110a56f3af9c39""]",in_selected_syllabus,与当前考纲词形或已登记拼写变体相符。,"a. 奇数的, 古怪的, 剩余的, 零散的, 各种各样的, 少量的
n. 奇特的事物, 怪人
[计] 奇数, 奇校验, 光数据数字转换器",,ecdict-bc015ed2e24a
odour,cet4 cet6 ielts,"[""cet4-w-ca0f2dc53b0d3b66b597""]",in_selected_syllabus,与当前考纲词形或已登记拼写变体相符。,"n. 气味, 臭气, 香气, 味道, 迹象, 名誉, 声誉
[医] 气味",s:odours,ecdict-bc015ed2e24a
offend,cet4 cet6 ky ielts gre,"[""cet4-w-9923bd2e99733e6b3c0e""]",in_selected_syllabus,与当前考纲词形或已登记拼写变体相符。,"v. 犯罪, 冒犯, 违反, 进攻",d:offended/p:offended/3:offends/i:offending,ecdict-bc015ed2e24a
offer,zk gk cet4 cet6 ky toefl ielts,"[""cet4-w-56c1cf9c7cd080f1fbda""]",in_selected_syllabus,与当前考纲词形或已登记拼写变体相符。,"n. 给予(物), 出价, 提议, 意图, 报价
vt. 提供, 出价, 奉献, 试图, 使出现, 演出
vi. 出现, 献祭, 提议, 求婚",d:offered/3:offers/i:offering/p:offered/s:offers,ecdict-bc015ed2e24a
officer,zk gk cet4 cet6 ky ielts,"[""cet4-w-eeb33f0a98e452a0404c""]",in_selected_syllabus,与当前考纲词形或已登记拼写变体相符。,"n. 军官, 主管, 官员, 公务员
vt. 指挥",s:officers/i:officering/p:officered/3:officers/d:officered,ecdict-bc015ed2e24a
official,gk cet4 cet6 ky toefl,"[""cet4-w-cf433a6ef0a7730ad999""]",in_selected_syllabus,与当前考纲词形或已登记拼写变体相符。,"n. 官员, 公务员, 职员
a. 公务的, 官方的, 正式的",s:officials,ecdict-bc015ed2e24a
oil,zk gk cet4 ky ielts,"[""cet4-w-56e806f45e59d1d4cf31""]",in_selected_syllabus,与当前考纲词形或已登记拼写变体相符。,"n. 油, 石油, 油画颜料
vt. 涂油于, 使融化成油状, 加油于
vi. 加燃油, 融化",s:oils/p:oiled/i:oiling/d:oiled/3:oils,ecdict-bc015ed2e24a
okay,cet4 ky,"[""cet4-w-5c44e511d6dcd2a5a4b4""]",in_selected_syllabus,与当前考纲词形或已登记拼写变体相符。,"a. 好, 可以, 行, 对, 好吗, 很好
adv. 好, 可以, 行, 对, 好吗, 很好
n. 同意, 签认, 批准, 认可
vt. 同意, 签认, 批准, 认可",i:okaying/p:okayed/3:okays/d:okayed,ecdict-bc015ed2e24a
omit,cet4 cet6 ky toefl ielts gre,"[""cet4-w-edf5e5ea3fa8a480b044""]",in_selected_syllabus,与当前考纲词形或已登记拼写变体相符。,"vt. 省略, 删除, 疏忽, 遗漏
[化] 省略",d:omitted/i:omitting/p:omitted/3:omits,ecdict-bc015ed2e24a
oneself,zk gk cet4 ky,"[""cet4-w-6f0a3825e89b97babac1""]",in_selected_syllabus,与当前考纲词形或已登记拼写变体相符。,"pron. 自己, 亲自",,ecdict-bc015ed2e24a
onion,gk cet4 cet6 ky,"[""cet4-w-fc4bfc5fbb02a858fcea""]",in_selected_syllabus,与当前考纲词形或已登记拼写变体相符。,"n. 洋葱
vt. 因洋葱使掉泪",s:onions,ecdict-bc015ed2e24a
onto,gk cet4 ky,"[""cet4-w-c807d0a9f6c1dd675ee8""]",in_selected_syllabus,与当前考纲词形或已登记拼写变体相符。,prep. 在...之上,s:ontos,ecdict-bc015ed2e24a
opening,gk cet4 cet6 ky ielts,"[""cet4-w-6f96468bcfa4e49268b4""]",in_selected_syllabus,与当前考纲词形或已登记拼写变体相符。,"n. 开始, 口子, 穴, 揭幕
a. 开始的",0:open/1:i/i:opening/s:openings,ecdict-bc015ed2e24a
opera,gk cet4 cet6 ky toefl,"[""cet4-w-94926474cf9cdce5b713""]",in_selected_syllabus,与当前考纲词形或已登记拼写变体相符。,n. 歌剧,s:operas,ecdict-bc015ed2e24a
operate,gk cet4 cet6 ky toefl,"[""cet4-w-ae997decc31d57429de4""]",in_selected_syllabus,与当前考纲词形或已登记拼写变体相符。,"v. 操作, 运转, 动手术, 活动",i:operating/d:operated/3:operates/p:operated,ecdict-bc015ed2e24a
operation,zk gk cet4 cet6 ky,"[""cet4-w-444c738880687a180cbb""]",in_selected_syllabus,与当前考纲词形或已登记拼写变体相符。,"n. 操作, 动作, 手术, 运算, 作用, 业务
[计] 运算",s:operations,ecdict-bc015ed2e24a
operational,cet4 cet6 ky,"[""cet4-w-dab8b68307844239131f""]",in_selected_syllabus,与当前考纲词形或已登记拼写变体相符。,"a. 操作的, 运作的
[法] 操作上的, 业务上的, 可起作用的",,ecdict-bc015ed2e24a
operator,gk cet4 cet6 ky toefl,"[""cet4-w-04a97a5c04519441b147""]",in_selected_syllabus,与当前考纲词形或已登记拼写变体相符。,"n. 操作员, 行家, 经纪人, 算子, 运算符
[计] 运算符",s:operators,ecdict-bc015ed2e24a
opinion,gk cet4 cet6 ky toefl ielts,"[""cet4-w-c11fb8b5d7b72b32a3f8""]",in_selected_syllabus,与当前考纲词形或已登记拼写变体相符。,"n. 意见, 评价, 主张
[经] 意见",s:opinions,ecdict-bc015ed2e24a
opponent,cet4 cet6 ky toefl ielts gre,"[""cet4-w-40d035010240700ea942""]",in_selected_syllabus,与当前考纲词形或已登记拼写变体相符。,"n. 对手, 敌手, 反对者
a. 敌对的, 反对的, 对面的",s:opponents,ecdict-bc015ed2e24a
opportunity,cet4 cet6 ky toefl ielts,"[""cet4-w-380381f7ee29a115db07""]",in_selected_syllabus,与当前考纲词形或已登记拼写变体相符。,"n. 机会, 时机",s:opportunities,ecdict-bc015ed2e24a
oppose,gk cet4 cet6 ky toefl ielts gre,"[""cet4-w-2243132d496cef2c9c6c""]",in_selected_syllabus,与当前考纲词形或已登记拼写变体相符。,"vt. 反对, 以...对抗, 抗争
vi. 反对",d:opposed/p:opposed/i:opposing/3:opposes,ecdict-bc015ed2e24a
opposite,gk cet4 cet6 ky toefl ielts,"[""cet4-w-f93df862ac89e0fecba4""]",in_selected_syllabus,与当前考纲词形或已登记拼写变体相符。,"a. 相对的, 相反的, 对面的
prep. 对面
n. 对立面",s:opposites,ecdict-bc015ed2e24a
oppress,cet4 cet6 ky ielts gre,[],outside_selected_syllabus,ECDICT 标签仅作候选；所选考纲四级范围无对应词形，不自动加入。,"vt. 压迫, 压抑, 使烦恼",d:oppressed/p:oppressed/i:oppressing/3:oppresses,ecdict-bc015ed2e24a
optical,cet4 cet6 ky toefl ielts,[],outside_selected_syllabus,ECDICT 标签仅作候选；所选考纲四级范围无对应词形，不自动加入。,"a. 眼睛的, 视觉的, 光学的
[机] 光学上的, 光学的",s:opticals,ecdict-bc015ed2e24a
optics,cet4,[],outside_selected_syllabus,ECDICT 标签仅作候选；所选考纲四级范围无对应词形，不自动加入。,"n. 光学
[化] 光学",,ecdict-bc015ed2e24a
optimistic,gk cet4 cet6 ky toefl,"[""cet4-w-1397b890deac5467c09d""]",in_selected_syllabus,与当前考纲词形或已登记拼写变体相符。,"a. 乐观的, 乐观主义的, 乐天的",,ecdict-bc015ed2e24a
option,cet4 cet6 ky toefl ielts,"[""cet4-w-8502293550e011902640""]",in_selected_syllabus,与当前考纲词形或已登记拼写变体相符。,"n. 选择权, 挑选, 选项
[计] 选项",s:options,ecdict-bc015ed2e24a
optional,gk cet4 cet6 ky toefl ielts gre,"[""cet4-w-dbadc8c40027481df94d""]",in_selected_syllabus,与当前考纲词形或已登记拼写变体相符。,"a. 可选择的, 随意的
[化] 选购的",,ecdict-bc015ed2e24a
oral,gk cet4 cet6 ky toefl ielts,"[""cet4-w-53ee0e11ef68299259c5""]",in_selected_syllabus,与当前考纲词形或已登记拼写变体相符。,"n. 口试
a. 口头的, 口述的, 口部的",s:orals,ecdict-bc015ed2e24a
orbit,gk cet4 cet6 ky toefl ielts,"[""cet4-w-1c73b04b296014006709""]",in_selected_syllabus,与当前考纲词形或已登记拼写变体相符。,"n. 轨道, 常轨, 眼眶
vt. 绕...轨道而行
vi. 进入轨道, 盘旋",s:orbits/i:orbiting/p:orbited/3:orbits/d:orbited,ecdict-bc015ed2e24a
orchestra,cet4 cet6 ky toefl ielts gre,"[""cet4-w-6b90edc75ceb04307391""]",in_selected_syllabus,与当前考纲词形或已登记拼写变体相符。,"n. 管弦乐队, 乐队演奏处",s:orchestras,ecdict-bc015ed2e24a
orderly,cet4 cet6 ky toefl ielts,"[""cet4-w-c4df4445e2d96eb749e3""]",in_selected_syllabus,与当前考纲词形或已登记拼写变体相符。,"a. 有秩序的, 整齐的, 值班的
n. 护理员, 清道夫, 传令兵, 勤务兵
adv. 依次地, 顺序地",s:orderlies,ecdict-bc015ed2e24a
ordinary,gk cet4 cet6 ky ielts,"[""cet4-w-e06d2b0d437c8bb4d519""]",in_selected_syllabus,与当前考纲词形或已登记拼写变体相符。,"a. 平常的, 普通的, 平凡的
n. 平常的人(或事)",s:ordinaries,ecdict-bc015ed2e24a
ore,cet4 cet6 ky toefl ielts gre,"[""cet4-w-3070dbc4c2b7dfa98596""]",in_selected_syllabus,与当前考纲词形或已登记拼写变体相符。,"n. 矿石
[经] 矿",s:ores,ecdict-bc015ed2e24a
organ,gk cet4 cet6 ky ielts,"[""cet4-w-0962bb48459d82b64a9e""]",in_selected_syllabus,与当前考纲词形或已登记拼写变体相符。,"n. 风琴, 器官, 元件, 机构, 机关
[电] 风琴",s:organs,ecdict-bc015ed2e24a
organic,cet4 cet6 ky toefl ielts,"[""cet4-w-2562b37badc816f764c7""]",in_selected_syllabus,与当前考纲词形或已登记拼写变体相符。,"a. 器官的, 有机的, 组织的, 根本的
[医] 器官的, 有生命的, 有机的, 器质的",s:organics,ecdict-bc015ed2e24a
organism,cet4 cet6 ky toefl ielts gre,"[""cet4-w-97e61d685d9caa68d61e""]",in_selected_syllabus,与当前考纲词形或已登记拼写变体相符。,"n. 生物, 有机体, 社会组织
[医] 生物[体],[有]机体",s:organisms,ecdict-bc015ed2e24a
organization,gk cet4 cet6 ky ielts,"[""cet4-w-a3e2e30e441013371acf""]",in_selected_syllabus,与当前考纲词形或已登记拼写变体相符。,"n. 组织, 结构, 团体, 体制
[医] 组织, 机构, 机化(血栓或坏死组织)",s:organizations,ecdict-bc015ed2e24a
organize,cet4 cet6 ky,"[""cet4-w-e2d0356a75684a22bd79""]",in_selected_syllabus,与当前考纲词形或已登记拼写变体相符。,"vt. 组织, 有机化, 给予生机
vi. 组织起来",d:organized/i:organizing/p:organized/3:organizes,ecdict-bc015ed2e24a
orient,cet4 cet6 ky toefl gre,"[""cet4-w-aa91d266b430f6c94810""]",in_selected_syllabus,与当前考纲词形或已登记拼写变体相符。,"n. 东方, 东方诸国
a. 东方的
vi. 向东
vt. 使朝东, 使适应, 确定方向",p:oriented/d:oriented/i:orienting/3:orients,ecdict-bc015ed2e24a
oriental,cet4 cet6 ky toefl ielts,"[""cet4-w-bd310b86c3db72bb1f89""]",in_selected_syllabus,与当前考纲词形或已登记拼写变体相符。,"n. 东方人, 亚洲人
a. 东方诸国的, 亚洲的, 东方的",s:orientals,ecdict-bc015ed2e24a
origin,gk cet4 cet6 ky toefl ielts,"[""cet4-w-959cdba89bafc1973b35""]",in_selected_syllabus,与当前考纲词形或已登记拼写变体相符。,"n. 起源, 起因, 出身, 开端
[计] 原点; 起始地址; 信件来源的相关数据",s:origins,ecdict-bc015ed2e24a
original,cet4 cet6 ky toefl ielts gre,"[""cet4-w-24e0bc920542dac47c05""]",in_selected_syllabus,与当前考纲词形或已登记拼写变体相符。,"a. 最初的, 原始的, 有创意的
n. 原物, 原作",s:originals,ecdict-bc015ed2e24a
originate,cet4 cet6 ky toefl ielts,"[""cet4-w-13b7df9604549d80d415""]",in_selected_syllabus,与当前考纲词形或已登记拼写变体相符。,"vt. 创始, 发明, 发起
vi. 发源, 发生, 起航
[计] 发自",d:originated/i:originating/p:originated/3:originates,ecdict-bc015ed2e24a
ornament,cet4 cet6 ky toefl ielts,"[""cet4-w-4bd84d0d88c5cb38886b""]",in_selected_syllabus,与当前考纲词形或已登记拼写变体相符。,"n. 装饰, 点缀品, 教堂用品
vt. 装饰, 修饰",s:ornaments/d:ornamented/i:ornamenting/p:ornamented/3:ornaments,ecdict-bc015ed2e24a
orphan,cet4 cet6 ky,"[""cet4-w-17c3b8cfcb05f6de6f62""]",in_selected_syllabus,与当前考纲词形或已登记拼写变体相符。,"n. 孤儿
a. 无双亲的, 孤儿的
vt. 使成孤儿
[计] 弧体",s:orphans/i:orphaning/p:orphaned/3:orphans/d:orphaned,ecdict-bc015ed2e24a
otherwise,gk cet4 cet6 ky ielts,"[""cet4-w-f60174db60207f6f8b02""]",in_selected_syllabus,与当前考纲词形或已登记拼写变体相符。,"adv. 否则, 不同地, 别的方式",,ecdict-bc015ed2e24a
ought,gk cet4 cet6 ky,[],outside_selected_syllabus,ECDICT 标签仅作候选；所选考纲四级范围无对应词形，不自动加入。,"aux. 应该, 大概
n. 责任",,ecdict-bc015ed2e24a
ounce,cet4 cet6 ky toefl,"[""cet4-w-2c557c612ec8eaeafc66""]",in_selected_syllabus,与当前考纲词形或已登记拼写变体相符。,"n. 盎司, 少量, 雪豹
[医] 英两, Г",s:ounces,ecdict-bc015ed2e24a
outcome,gk cet4 cet6 ky toefl ielts,"[""cet4-w-7d8fffa3bc3035c27c7e""]",in_selected_syllabus,与当前考纲词形或已登记拼写变体相符。,"n. 结果, 出口",s:outcomes,ecdict-bc015ed2e24a
outdoor,cet4 cet6 ky,"[""cet4-w-b4e19fbb0552eeac9419""]",in_selected_syllabus,与当前考纲词形或已登记拼写变体相符。,"a. 户外的, 屋外的, 露天的",,ecdict-bc015ed2e24a
outdoors,gk cet4 cet6 toefl,"[""cet4-w-ebafc50215d0a5f9ed51""]",in_selected_syllabus,与当前考纲词形或已登记拼写变体相符。,"n. 户外, 野外活动
adv. 在户外, 在野外",,ecdict-bc015ed2e24a
outer,gk cet4 cet6 ky,"[""cet4-w-e926e8704ef5c21bd935""]",in_selected_syllabus,与当前考纲词形或已登记拼写变体相符。,"a. 外部的, 外面的, 在外的, 远离中心的
[机] 外部的, 外面的, 外侧的",s:outers,ecdict-bc015ed2e24a
outlet,cet4 cet6 ky toefl ielts gre,"[""cet4-w-56452548261104a1bae4""]",in_selected_syllabus,与当前考纲词形或已登记拼写变体相符。,"n. 出口, 发泄方法, 市场
[医] 出口",s:outlets,ecdict-bc015ed2e24a
outline,gk cet4 cet6 ky toefl ielts gre,"[""cet4-w-74bfc53405bdfbbbd4a0""]",in_selected_syllabus,与当前考纲词形或已登记拼写变体相符。,"n. 大纲, 轮廓, 概要
vt. 描画轮廓, 描述要点
n. 大纲, 分级, 轮廓
[计] 大纲, 分级, 轮廓",d:outlined/s:outlines/p:outlined/i:outlining/3:outlines,ecdict-bc015ed2e24a
outlook,cet4 cet6 ky toefl,"[""cet4-w-2017a9771008d681e9c9""]",in_selected_syllabus,与当前考纲词形或已登记拼写变体相符。,"n. 观点, 景色, 前途, 了望
[经] 展望",s:outlooks,ecdict-bc015ed2e24a
output,gk cet4 cet6 ky toefl ielts,"[""cet4-w-b15de643e2b155faab24""]",in_selected_syllabus,与当前考纲词形或已登记拼写变体相符。,"n. 输出, 产品, 产量
[计] 输出",s:outputs/d:output/0:output/1:d/3:outputs/i:outputting,ecdict-bc015ed2e24a
outset,cet4 cet6 ky toefl ielts gre,"[""cet4-w-8885b9efeee53741b9ed""]",in_selected_syllabus,与当前考纲词形或已登记拼写变体相符。,"n. 着手, 开头, 最初",,ecdict-bc015ed2e24a
outskirt,cet4 cet6,[],outside_selected_syllabus,ECDICT 标签仅作候选；所选考纲四级范围无对应词形，不自动加入。,"n. 边缘, 郊外, 外围",,ecdict-bc015ed2e24a
outstanding,gk cet4 cet6 ky toefl,"[""cet4-w-b5fab7b93ddcc5fae16f""]",in_selected_syllabus,与当前考纲词形或已登记拼写变体相符。,"a. 杰出的, 突出的, 未偿付的, 未决定的
[经] 未解决的, 未偿付",,ecdict-bc015ed2e24a
outward,gk cet4 cet6 ky toefl,"[""cet4-w-ca4721cce623ef54f294""]",in_selected_syllabus,与当前考纲词形或已登记拼写变体相符。,"a. 向外的, 表面的, 外服的
adv. 向外, 在外, 表面",,ecdict-bc015ed2e24a
outwards,cet4 cet6,"[""cet4-w-3891a0900c4307488835""]",in_selected_syllabus,与当前考纲词形或已登记拼写变体相符。,adv. 向外地,,ecdict-bc015ed2e24a
oval,gk cet4 cet6 ky toefl ielts,"[""cet4-w-d896d554b163b7cda478""]",in_selected_syllabus,与当前考纲词形或已登记拼写变体相符。,"n. 椭圆形
a. 卵形的, 椭圆形的",s:ovals,ecdict-bc015ed2e24a
oven,cet4 cet6 ky toefl,"[""cet4-w-676398d02b41d2e5994a""]",in_selected_syllabus,与当前考纲词形或已登记拼写变体相符。,"n. 烤箱, 灶, 子宫
[化] 烘箱",s:ovens,ecdict-bc015ed2e24a
overall,cet4 cet6 ky toefl ielts,"[""cet4-w-4274f846a3501537b0b1""]",in_selected_syllabus,与当前考纲词形或已登记拼写变体相符。,"a. 全部的, 全体的, 从头至尾的, 一切在内的
adv. 从头到尾, 总的说来
n. 罩衫, 工作服",s:overalls,ecdict-bc015ed2e24a
overcoat,zk gk cet4 cet6 ky,"[""cet4-w-d5edcaa754be6a15615f""]",in_selected_syllabus,与当前考纲词形或已登记拼写变体相符。,n. 外套大衣,s:overcoats/d:overcoated/p:overcoated,ecdict-bc015ed2e24a
overcome,gk cet4 cet6 ky toefl ielts,"[""cet4-w-57ef7280a8b54c8fd959""]",in_selected_syllabus,与当前考纲词形或已登记拼写变体相符。,"vt. 战胜, 克服, 胜过
vi. 得胜",d:overcome/0:overcome/1:d/i:overcoming/p:overcame/3:overcomes,ecdict-bc015ed2e24a
overdue,cet4 toefl ielts gre,"[""cet4-w-5e4293db7ad137393f1a""]",in_selected_syllabus,与当前考纲词形或已登记拼写变体相符。,"a. 过期的, 未兑的, 迟到的, 早就成熟的
[经] 过期未付的",s:overdues,ecdict-bc015ed2e24a
overhead,gk cet4 cet6 ky ielts,"[""cet4-w-f0eff42f088027bd3eec""]",in_selected_syllabus,与当前考纲词形或已登记拼写变体相符。,"n. 经常开支, 普通用费, 天花板
a. 在头上的, 高架的
adv. 在头顶上, 在空中, 在高处, 从头到脚全部没入地
[计] 总开销; 额外开销",s:overheads,ecdict-bc015ed2e24a
overlook,gk cet4 cet6 ky toefl ielts gre,"[""cet4-w-e13e951f03e651552ce9""]",in_selected_syllabus,与当前考纲词形或已登记拼写变体相符。,"vt. 俯瞰, 远眺, 没注意到
n. 眺望, 俯瞰到的景色",i:overlooking/d:overlooked/3:overlooks/p:overlooked,ecdict-bc015ed2e24a
overnight,cet4 cet6 ky,"[""cet4-w-6337a03245089e923dd3""]",in_selected_syllabus,与当前考纲词形或已登记拼写变体相符。,"n. 前一天晚上, 一夜的逗留
a. 通宵的, 晚上的, 前夜的
adv. 在前一夜, 整夜, 昨晚一晚上",s:overnights,ecdict-bc015ed2e24a
overseas,cet4 cet6 ky ielts,"[""cet4-w-826df320270fc9350ee0""]",in_selected_syllabus,与当前考纲词形或已登记拼写变体相符。,"a. 海外的, 国外的
adv. 在海外, 在国外",,ecdict-bc015ed2e24a
overtake,cet4 cet6 ky ielts,"[""cet4-w-636caafcba46b9f69044""]",in_selected_syllabus,与当前考纲词形或已登记拼写变体相符。,"vt. 赶上, 突然降临于, 压倒, 代替",d:overtaken/p:overtook/i:overtaking/3:overtakes,ecdict-bc015ed2e24a
overtime,cet4 cet6 ky toefl,"[""cet4-w-b12b39a51ca9310c1d93""]",in_selected_syllabus,与当前考纲词形或已登记拼写变体相符。,"n. 超时, 加班, 延长时间
a. 超时的, 加班的
adv. 加班地
vt. 使超过时间",,ecdict-bc015ed2e24a
owe,gk cet4 cet6 ky ielts,"[""cet4-w-dd6952edde705dadac3f""]",in_selected_syllabus,与当前考纲词形或已登记拼写变体相符。,"vt. 亏欠, 负...债, 归功于, 怀有, 应给予, 感恩
vi. 欠钱",i:owing/p:owed/3:owes/d:owed,ecdict-bc015ed2e24a
owing,cet4 ky,[],outside_selected_syllabus,ECDICT 标签仅作候选；所选考纲四级范围无对应词形，不自动加入。,"a. 未付的, 亏欠的, 受惠的, 归因于...的
[经] 应付的, 欠着的, 未付的",0:owe/1:i/i:owing/s:owings,ecdict-bc015ed2e24a
owl,cet4 cet6 ky gre,[],outside_selected_syllabus,ECDICT 标签仅作候选；所选考纲四级范围无对应词形，不自动加入。,"n. 猫头鹰
[法] 走私",s:owls,ecdict-bc015ed2e24a
owner,zk gk cet4 cet6 ky,"[""cet4-w-bf94d75c2472428dd948""]",in_selected_syllabus,与当前考纲词形或已登记拼写变体相符。,"n. 拥有者, 物主, 所有人
[经] 所有者, 物主, 业主",s:owners,ecdict-bc015ed2e24a
ownership,gk cet4 cet6 ky ielts,"[""cet4-w-ff188d0e7a14d0224539""]",in_selected_syllabus,与当前考纲词形或已登记拼写变体相符。,"n. 所有权, 物主身份
[经] 所有权, 所有制",s:ownerships,ecdict-bc015ed2e24a
ox,gk cet4 cet6 ky,"[""cet4-w-a1ada086b3c07a1317b9""]",in_selected_syllabus,与当前考纲词形或已登记拼写变体相符。,n. 牛,s:oxen/r:oxer,ecdict-bc015ed2e24a
oxygen,gk cet4 ky toefl,"[""cet4-w-ff604362211d133f816b""]",in_selected_syllabus,与当前考纲词形或已登记拼写变体相符。,"n. 氧
[化] 氧O-2",s:oxygens,ecdict-bc015ed2e24a
P.M.,cet4,[],outside_selected_syllabus,ECDICT 标签仅作候选；所选考纲四级范围无对应词形，不自动加入。,"下午, 午后",,ecdict-bc015ed2e24a
pace,gk cet4 cet6 ky toefl ielts,"[""cet4-w-6c52d1457dff6b1e3eba""]",in_selected_syllabus,与当前考纲词形或已登记拼写变体相符。,"n. 速度, 步调, 步法
vi. 踱步, 缓慢走
vt. 用步测, 踱步于",s:paces/i:pacing/p:paced/3:paces/d:paced,ecdict-bc015ed2e24a
pacific,zk gk cet4 cet6 ielts,[],outside_selected_syllabus,ECDICT 标签仅作候选；所选考纲四级范围无对应词形，不自动加入。,"n. 太平洋
a. 太平洋的, 太平洋沿岸的, 爱好和平的, 安静的, 平息的",,ecdict-bc015ed2e24a
pack,gk cet4 ky toefl gre,"[""cet4-w-97145140727f7a32a8a7""]",in_selected_syllabus,与当前考纲词形或已登记拼写变体相符。,"n. 包裹, 一伙, 一副, 背包, 包装
vt. 包装, 捆扎, 塞满, 压紧, 挑选
vi. 包装货物, 挤, 群集, 被包装
[计] 压缩",d:packed/s:packs/p:packed/i:packing/3:packs,ecdict-bc015ed2e24a
package,zk gk cet4 cet6 ky toefl ielts,"[""cet4-w-f0d599ae49fb8c32d084""]",in_selected_syllabus,与当前考纲词形或已登记拼写变体相符。,"n. 包裹, 套装软件, 包, 包装用物, 程序包
vt. 包装, 打包
a. 一揽子的
[计] 包, 软件包, 包装",s:packages/d:packaged/i:packaging/p:packaged/3:packages,ecdict-bc015ed2e24a
packet,gk cet4 cet6 ky,"[""cet4-w-8dd6576827140bea7e2b""]",in_selected_syllabus,与当前考纲词形或已登记拼写变体相符。,"n. 小包, 一批信件, 大量, 信息包
vt. 打包, 装进小包
[计] 分组, 分组报文, 数据分组",s:packets,ecdict-bc015ed2e24a
pad,cet4 cet6 ky ielts,"[""cet4-w-a9e0db8bc0f323e26b21""]",in_selected_syllabus,与当前考纲词形或已登记拼写变体相符。,"n. 填补, 衬垫, 印色盒, 路
vt. 填补, 走, 夸大
vi. 步行
[计] 焊接点; 包装配/拆卸",s:pads/p:padded/d:padded/i:padding/3:pads,ecdict-bc015ed2e24a
pail,cet4 cet6 ky,[],outside_selected_syllabus,ECDICT 标签仅作候选；所选考纲四级范围无对应词形，不自动加入。,"n. 桶, 提桶",s:pails,ecdict-bc015ed2e24a
pain,gk cet4 cet6 ky,"[""cet4-w-2ccb97b9f4b9b005479e""]",in_selected_syllabus,与当前考纲词形或已登记拼写变体相符。,"n. 痛苦, 疼痛, 辛苦
vt. 使痛苦, 痛苦
vi. 作痛, 疼",s:pains/p:pained/i:paining/3:pains/d:pained,ecdict-bc015ed2e24a
painful,gk cet4 cet6 ky,"[""cet4-w-e870076a1cdddaedf961""]",in_selected_syllabus,与当前考纲词形或已登记拼写变体相符。,"a. 痛苦的, 困难的, 令人烦恼的
[医] 疼痛的",,ecdict-bc015ed2e24a
paint,zk gk cet4 ky,"[""cet4-w-f9b2ba2bea8be12592c7""]",in_selected_syllabus,与当前考纲词形或已登记拼写变体相符。,"n. 油漆, 颜料, 绘画作品, 涂漆
vt. 油漆, 绘, 画, 描绘, 装饰, 点缀
vi. 绘画, 涂漆",d:painted/p:painted/i:painting/s:paints/3:paints,ecdict-bc015ed2e24a
painter,gk cet4 ky,"[""cet4-w-d773a14e1eccff7a4ae4""]",in_selected_syllabus,与当前考纲词形或已登记拼写变体相符。,"n. 画家, 油漆匠
[机] 油漆匠, 喷漆匠",s:painters,ecdict-bc015ed2e24a
painting,gk cet4 cet6 ky toefl ielts,"[""cet4-w-db926a9dfe31781d7629""]",in_selected_syllabus,与当前考纲词形或已登记拼写变体相符。,"n. 画, 绘画, 油漆
[化] 涂漆",s:paintings/i:painting/0:painting/1:i,ecdict-bc015ed2e24a
pale,zk gk cet4 cet6 ky toefl,"[""cet4-w-3a7397bbd8787e44086c""]",in_selected_syllabus,与当前考纲词形或已登记拼写变体相符。,"n. 栅栏, 界线, 范围
a. 苍白的, 暗淡的, 无力的
vi. 变苍白, 变暗, 失色
vt. 使变苍白, 使失色, 用栅栏围",r:paler/p:paled/t:palest/3:pales/i:paling/d:paled/s:pales,ecdict-bc015ed2e24a
palm,cet4 cet6 ky ielts,"[""cet4-w-e560f0b951b75d9405ee""]",in_selected_syllabus,与当前考纲词形或已登记拼写变体相符。,"n. 手掌, 棕榈, 胜利
vt. 与...握手, 藏...于掌中",s:palms/p:palmed/i:palming/d:palmed/3:palms,ecdict-bc015ed2e24a
pan,gk cet4 cet6 ky gre,"[""cet4-w-ac8049503dbff3033998""]",in_selected_syllabus,与当前考纲词形或已登记拼写变体相符。,"n. 平锅, 浅盘, 盆地, 硬土层, 拍摄全景
v. 上下左右移动, 摇镜头, 淘洗, 淘金",s:pans/d:panned/i:panning/p:panned/3:pans,ecdict-bc015ed2e24a
panda,zk gk cet4 ky,"[""cet4-w-69621f380d9c2017ad19""]",in_selected_syllabus,与当前考纲词形或已登记拼写变体相符。,"n. 大熊猫, 小熊猫",s:pandas,ecdict-bc015ed2e24a
pane,cet4 cet6 toefl gre,[],outside_selected_syllabus,ECDICT 标签仅作候选；所选考纲四级范围无对应词形，不自动加入。,"n. 窗玻璃, 方框, 方格, 窗格
vt. 嵌窗玻璃于
[计] 窗格",s:panes,ecdict-bc015ed2e24a
panel,cet4 cet6 ky toefl ielts gre,"[""cet4-w-7bdc345565fe532d3a14""]",in_selected_syllabus,与当前考纲词形或已登记拼写变体相符。,"n. 嵌板, 仪表板, 专题讨论小组, 全体陪审员
vt. 嵌镶板",s:panels/d:panelled/i:panelling/p:panelled/3:panels,ecdict-bc015ed2e24a
pant,cet4 cet6 ky ielts,[],outside_selected_syllabus,ECDICT 标签仅作候选；所选考纲四级范围无对应词形，不自动加入。,"n. 喘息, 悸动
vi. 喘息, 渴望
vt. 气喘吁吁地说",i:panting/p:panted/d:panted/3:pants,ecdict-bc015ed2e24a
pants,cet4 cet6 ky toefl ielts,"[""cet4-w-578912c95096b82aad57""]",in_selected_syllabus,与当前考纲词形或已登记拼写变体相符。,"n. 裤子, 长裤, 短衬裤, 女式运动短裤",s:pants/0:pants/1:s,ecdict-bc015ed2e24a
parade,cet4 cet6 ky toefl ielts,"[""cet4-w-44c291da10f405852c7b""]",in_selected_syllabus,与当前考纲词形或已登记拼写变体相符。,"n. 游行, 炫耀, 阅兵
v. 游行, 炫耀, (使)列队行进",s:parades/i:parading/p:paraded/d:paraded/3:parades,ecdict-bc015ed2e24a
paradise,cet4 cet6 ielts,[],outside_selected_syllabus,ECDICT 标签仅作候选；所选考纲四级范围无对应词形，不自动加入。,"n. 天堂, 乐园, 伊甸园",s:paradises,ecdict-bc015ed2e24a
paragraph,gk cet4 cet6 ky,"[""cet4-w-30169ece8c770a35ee63""]",in_selected_syllabus,与当前考纲词形或已登记拼写变体相符。,"n. 段落, 短评
vt. 将...分段, 分段落
vi. 写短讯
[计] 段落",s:paragraphs/i:paragraphing/p:paragraphed/3:paragraphs/d:paragraphed,ecdict-bc015ed2e24a
parallel,gk cet4 cet6 ky toefl ielts gre,"[""cet4-w-ad963d5b29a5584603ef""]",in_selected_syllabus,与当前考纲词形或已登记拼写变体相符。,"n. 平行, 对比, 相匹敌之物
a. 平行的, 相似的
vt. 与...平行, 与...相似, 相比, 使平行
[计] 并联; 并行",s:parallels/3:parallels/i:paralleling/p:parallelled/d:parallelled,ecdict-bc015ed2e24a
parcel,gk cet4 cet6 ky ielts,"[""cet4-w-bfeaaa669947f1adfc8c""]",in_selected_syllabus,与当前考纲词形或已登记拼写变体相符。,"n. 包裹, 部分, 片
vt. 分配, 打包
a. 部分的
adv. 局部地",s:parcels/d:parcelled/i:parcelling/3:parcels/p:parcelled,ecdict-bc015ed2e24a
parliament,cet4 cet6 ky ielts,"[""cet4-w-111d929be12d4a1e9e75""]",in_selected_syllabus,与当前考纲词形或已登记拼写变体相符。,"n. 国会, 议会
[法] 会议, 国会, 议院",s:parliaments,ecdict-bc015ed2e24a
parlor,cet4,[],outside_selected_syllabus,ECDICT 标签仅作候选；所选考纲四级范围无对应词形，不自动加入。,"n. 客厅, 会客室, 小店
a. 客厅的",s:parlors,ecdict-bc015ed2e24a
part,zk gk cet4 ky ielts,"[""cet4-w-ac8891c4c990baafaecf""]",in_selected_syllabus,与当前考纲词形或已登记拼写变体相符。,"n. 部分, 局部, 零件, 要素, 等分, 职责, 角色, 部位
vt. 分开, 分离, 断绝, 区别, 分配
vi. 分开, 断裂, 分手
a. 部分的, 局部的
adv. 部分地, 有些",s:parts/d:parted/p:parted/i:parting/3:parts,ecdict-bc015ed2e24a
partial,cet4 cet6 ky toefl ielts gre,"[""cet4-w-ccd968290e22af4ffc4f""]",in_selected_syllabus,与当前考纲词形或已登记拼写变体相符。,"a. 部分的, 偏袒的, 偏爱的
n. 分音",s:partials,ecdict-bc015ed2e24a
partially,cet4 cet6 toefl,"[""cet4-w-9585c18cf08b7cfac345""]",in_selected_syllabus,与当前考纲词形或已登记拼写变体相符。,"adv. 部分地, 一部分地, 不公平地",,ecdict-bc015ed2e24a
participate,gk cet4 cet6 ky toefl ielts,"[""cet4-w-abd820bede7d657d1e01""]",in_selected_syllabus,与当前考纲词形或已登记拼写变体相符。,"vi. 参加, 分享, 参与, 带有
vt. 分享, 分担",i:participating/p:participated/d:participated/3:participates,ecdict-bc015ed2e24a
particle,cet4 cet6 ky toefl ielts,"[""cet4-w-19189eac26e173da7424""]",in_selected_syllabus,与当前考纲词形或已登记拼写变体相符。,"n. 颗粒, 粒子, 质点, 极小量
[化] 粒子; 质点",s:particles,ecdict-bc015ed2e24a
particular,gk cet4 cet6 ky gre,"[""cet4-w-e09c252e5f47f0ae10cd""]",in_selected_syllabus,与当前考纲词形或已登记拼写变体相符。,"n. 一项(或条、点), 个别项目, 详细说明
a. 特别的, 独有的, 挑剔的, 详尽的",,ecdict-bc015ed2e24a
particularly,cet4 cet6,"[""cet4-w-8f24c8904d4490bfbbd0""]",in_selected_syllabus,与当前考纲词形或已登记拼写变体相符。,"adv. 特别, 格外, 尤其, 详细地, 细致地",,ecdict-bc015ed2e24a
partly,gk cet4 cet6 ky,"[""cet4-w-54619e9d0faae9f6d1d3""]",in_selected_syllabus,与当前考纲词形或已登记拼写变体相符。,"adv. 部分地, 在一定程度上",,ecdict-bc015ed2e24a
partner,gk cet4 cet6 ky,"[""cet4-w-1c45e02faf8a8d78c75c""]",in_selected_syllabus,与当前考纲词形或已登记拼写变体相符。,"n. 合伙人, 股东, 伙伴, 伴侣
vt. 与...合伙, 组成一对
vi. 做伙伴, 当助手",s:partners/i:partnering/d:partnered/p:partnered/3:partners,ecdict-bc015ed2e24a
passenger,zk gk cet4 cet6 ky,"[""cet4-w-d9a6f450b8b7f662dfe9""]",in_selected_syllabus,与当前考纲词形或已登记拼写变体相符。,"n. 乘客, 旅客
[经] 乘客, 旅客",s:passengers,ecdict-bc015ed2e24a
passion,cet4 cet6 ky toefl ielts,"[""cet4-w-58443fdb459dc7b2daa3""]",in_selected_syllabus,与当前考纲词形或已登记拼写变体相符。,"n. 激情, 酷爱, 热爱, 强烈感情, 耶稣受难(故事)",s:passions,ecdict-bc015ed2e24a
passive,gk cet4 cet6 ky toefl ielts gre,"[""cet4-w-4e26b0bf02f245e2072e""]",in_selected_syllabus,与当前考纲词形或已登记拼写变体相符。,"a. 消极的, 被动的, 冷漠的, 顺从的, 无源的
[医] 被动的",s:passives,ecdict-bc015ed2e24a
paste,cet4 cet6 ky,"[""cet4-w-473329a970fa539a6d39""]",in_selected_syllabus,与当前考纲词形或已登记拼写变体相符。,"n. 面团, 面食, 浆糊, 糊状物, 粘贴, 用拳重击
vt. 用浆糊粘, 张贴, 狠狠地打
[计] 粘贴",d:pasted/s:pastes/p:pasted/i:pasting/3:pastes,ecdict-bc015ed2e24a
pastime,cet4 cet6 ky ielts,"[""cet4-w-63dc2f38fa1c3f148c13""]",in_selected_syllabus,与当前考纲词形或已登记拼写变体相符。,"n. 消遣, 娱乐, 游戏",s:pastimes,ecdict-bc015ed2e24a
pat,cet4 cet6 ky,"[""cet4-w-894b95da160d4aeeee0a""]",in_selected_syllabus,与当前考纲词形或已登记拼写变体相符。,"n. 轻拍
v. 轻拍
adv. 适时, 正好, 恰好, 毫不迟疑, 熟记地
a. 恰好的, 合适的, 熟练的, 坚定的, 人为的",p:patted/i:patting/3:pats/d:patted/s:pats,ecdict-bc015ed2e24a
patch,cet4 cet6 ky toefl ielts gre,"[""cet4-w-6ed5257250b8891921cd""]",in_selected_syllabus,与当前考纲词形或已登记拼写变体相符。,"n. 片, 补缀, 碎片, 斑, 傻瓜
vt. 补缀, 掩饰, 拼凑, 平息
[计] 修补; 拼凑",s:patches/d:patched/i:patching/p:patched/3:patches,ecdict-bc015ed2e24a
path,zk gk cet4 cet6 ky toefl,"[""cet4-w-cfc27a04acfa9a8631f9""]",in_selected_syllabus,与当前考纲词形或已登记拼写变体相符。,"n. 路径, 小路, 道路, 途径, 路线, 轨道
[计] 路径; DOS内部命令:设定DOS读取程序的路径",s:paths,ecdict-bc015ed2e24a
patience,gk cet4 cet6 ky toefl,"[""cet4-w-14a4fa41b52fe5ed4a11""]",in_selected_syllabus,与当前考纲词形或已登记拼写变体相符。,"n. 耐性, 忍耐",,ecdict-bc015ed2e24a
patient,zk gk cet4 cet6 ky,"[""cet4-w-94f79d874b669ce96a1a""]",in_selected_syllabus,与当前考纲词形或已登记拼写变体相符。,"n. 病人, 承受者
a. 忍耐的, 容忍的, 有耐性的, 坚忍的",s:patients,ecdict-bc015ed2e24a
pattern,gk cet4 cet6 ky ielts,"[""cet4-w-cee11b6515da884ab20a""]",in_selected_syllabus,与当前考纲词形或已登记拼写变体相符。,"n. 模范, 典型, 式样, 样品, 图案, 格调, 模式
vt. 模仿, 仿造, 以图案装饰
vi. 形成图案
[计] 模式, 图案",s:patterns/i:patterning/p:patterned/3:patterns/d:patterned,ecdict-bc015ed2e24a
pause,gk cet4 cet6 ky,"[""cet4-w-715d306877c2b3224cae""]",in_selected_syllabus,与当前考纲词形或已登记拼写变体相符。,"n. 暂停, 中止, 停顿, 间歇, 踌躇, 休止符
vi. 暂停, 中止, 停顿, 踌躇
[计] DOS内部命令:暂时停止批处理文件的执行",p:paused/i:pausing/s:pauses/3:pauses/d:paused,ecdict-bc015ed2e24a
pave,cet4 cet6 ky toefl ielts,"[""cet4-w-dbf73c5ba4ba4fc8f732""]",in_selected_syllabus,与当前考纲词形或已登记拼写变体相符。,"vt. 铺设, 安排, 铺满, 为...铺路
[化] 铺设",d:paved/i:paving/p:paved/3:paves,ecdict-bc015ed2e24a
pavement,cet4 cet6 ky ielts,"[""cet4-w-43739d7fbf903773e2ed""]",in_selected_syllabus,与当前考纲词形或已登记拼写变体相符。,"n. 路面, 人行道, 铺面路, 铺路材料",s:pavements,ecdict-bc015ed2e24a
paw,cet4 cet6 ky,"[""cet4-w-5c8ecbc6564720528328""]",in_selected_syllabus,与当前考纲词形或已登记拼写变体相符。,"n. 爪
v. 以蹄扒地, 用爪子抓, 拼命抓, 向...乱抓, 笨拙地使用, 费力地前进",s:paws/i:pawing/p:pawed/d:pawed/3:paws,ecdict-bc015ed2e24a
payment,cet4 cet6 ky toefl ielts,"[""cet4-w-28caefc08a0120d08e10""]",in_selected_syllabus,与当前考纲词形或已登记拼写变体相符。,"n. 付款, 支付的款项(或实物), 偿还, 报应, 惩罚
[经] 支付, 缴纳, 支付款额",s:payments,ecdict-bc015ed2e24a
pea,gk cet4 cet6 ky,"[""cet4-w-edf34ab24a8f8eb8190f""]",in_selected_syllabus,与当前考纲词形或已登记拼写变体相符。,"n. 豌豆, 似豌豆的东西",s:peas,ecdict-bc015ed2e24a
peace,zk gk cet4 ky,"[""cet4-w-ede2a5036de4fc9f6a78""]",in_selected_syllabus,与当前考纲词形或已登记拼写变体相符。,"n. 和平, 和约, 治安, 和睦, 安宁, 静寂
vi. 安静下来, 不作声",,ecdict-bc015ed2e24a
peaceful,gk cet4 cet6 ky,"[""cet4-w-ec66f1a72ea632c27493""]",in_selected_syllabus,与当前考纲词形或已登记拼写变体相符。,"a. 平静的, 和平的, 和平时期的, 爱好和平的, 喜爱安静的
[法] 和平的, 爱好和平的, 和平时期的",,ecdict-bc015ed2e24a
peach,gk cet4 cet6 ky,"[""cet4-w-4f43bb991e9a88763d15""]",in_selected_syllabus,与当前考纲词形或已登记拼写变体相符。,"n. 桃子, 桃树, 桃色, 美人儿, 极好的事物
vt. 告发
vi. 告密, 检举",s:peaches/i:peaching/p:peached/3:peaches/d:peached,ecdict-bc015ed2e24a
peak,cet4 cet6 ky toefl gre,"[""cet4-w-58a5493ebe1110218a71""]",in_selected_syllabus,与当前考纲词形或已登记拼写变体相符。,"n. 山峰, 巅, 山顶, 顶点, 尖峰, 帽舌
a. 最高的, 最大值的
vi. 到达最高点, 消瘦, 变憔悴, 逐渐缩小
vt. 使竖起, 使达到最高点",s:peaks/p:peaked/d:peaked/i:peaking/3:peaks,ecdict-bc015ed2e24a
pear,zk gk cet4 cet6 ky,"[""cet4-w-d0c103ee522b8a838f53""]",in_selected_syllabus,与当前考纲词形或已登记拼写变体相符。,"n. 梨子, 梨树, 梨木
[机] 梨木",s:pears,ecdict-bc015ed2e24a
pearl,cet4 cet6 ky toefl,"[""cet4-w-6d15d296ef91bc2c3132""]",in_selected_syllabus,与当前考纲词形或已登记拼写变体相符。,"n. 珍珠, 珠灰色, 杰出者, 珍贵之物
vt. 用珍珠镶, 使成珠状
vi. 成珠子状, 采珍珠, 用珍珠做",s:pearls/i:pearling/p:pearled/3:pearls/d:pearled,ecdict-bc015ed2e24a
peasant,gk cet4 cet6 ky,"[""cet4-w-bc81f3c407220a872f3a""]",in_selected_syllabus,与当前考纲词形或已登记拼写变体相符。,"n. 农夫, 乡下人",s:peasants,ecdict-bc015ed2e24a
pebble,cet4 cet6 ky toefl,[],outside_selected_syllabus,ECDICT 标签仅作候选；所选考纲四级范围无对应词形，不自动加入。,"n. 小圆石, 小鹅卵石, 水晶透镜, 碎石花纹
[医] 小石",s:pebbles,ecdict-bc015ed2e24a
peculiar,cet4 cet6 ky toefl ielts,"[""cet4-w-d3be08c3003560da92f9""]",in_selected_syllabus,与当前考纲词形或已登记拼写变体相符。,"a. 奇特的, 罕见的, 特殊的, 特别的
n. 特有财产, 特权",s:peculiars,ecdict-bc015ed2e24a
peel,cet4 cet6 ky ielts gre,[],outside_selected_syllabus,ECDICT 标签仅作候选；所选考纲四级范围无对应词形，不自动加入。,"n. 皮, 外壳
vt. 削...皮, 剥去...的壳
vi. 蜕皮, 剥落, 脱皮, 脱去衣服",d:peeled/i:peeling/p:peeled/s:peels/3:peels,ecdict-bc015ed2e24a
peep,cet4 cet6 ky gre,[],outside_selected_syllabus,ECDICT 标签仅作候选；所选考纲四级范围无对应词形，不自动加入。,"n. 一瞥, 偷看, 不完全的景象, 初现, 吱吱声, 嘀咕抱怨声, 汽车喇叭声
vi. 窥视, 出现, 吱吱叫
vt. 使隐约显现",i:peeping/p:peeped/3:peeps/d:peeped/s:peeps,ecdict-bc015ed2e24a
penetrate,cet4 cet6 ky toefl ielts gre,"[""cet4-w-634427303cd163220e2f""]",in_selected_syllabus,与当前考纲词形或已登记拼写变体相符。,"vt. 穿透, 刺穿, 渗透, 看穿, 洞察, 了解, 使充溢
vi. 刺入, 看穿, 渗透, 打进",d:penetrated/p:penetrated/3:penetrates/i:penetrating,ecdict-bc015ed2e24a
peninsula,cet4 cet6 ky toefl gre,[],outside_selected_syllabus,ECDICT 标签仅作候选；所选考纲四级范围无对应词形，不自动加入。,"n. 半岛, 突出的地方, 伊比利亚半岛",s:peninsulas,ecdict-bc015ed2e24a
penny,zk gk cet4 cet6 ky ielts,"[""cet4-w-faaafcd74c3099e8d8ce""]",in_selected_syllabus,与当前考纲词形或已登记拼写变体相符。,"n. 便士, 一分, 小钱, 点滴
[经] 便士",s:pennies,ecdict-bc015ed2e24a
pension,gk cet4 cet6 ky ielts gre,"[""cet4-w-f53c50dade69e7b068fb""]",in_selected_syllabus,与当前考纲词形或已登记拼写变体相符。,"n. 养老金, 退休金, 津贴, 年金, 抚恤金, 膳宿学校, 膳宿费
vt. 发给退休金, 用津贴拉拢",s:pensions/d:pensioned/i:pensioning/p:pensioned/3:pensions,ecdict-bc015ed2e24a
pepper,gk cet4 cet6 ky,"[""cet4-w-a63cbbb75feefaef1394""]",in_selected_syllabus,与当前考纲词形或已登记拼写变体相符。,"n. 胡椒粉, 胡椒, 辣椒
[化] 胡椒; 辣椒; 花椒",s:peppers/d:peppered/p:peppered/i:peppering/3:peppers,ecdict-bc015ed2e24a
perceive,cet4 cet6 ky toefl ielts,"[""cet4-w-14b351ed9bddce6ace77""]",in_selected_syllabus,与当前考纲词形或已登记拼写变体相符。,"vt. 感觉, 认知, 理解, 意识到",d:perceived/p:perceived/3:perceives/i:perceiving,ecdict-bc015ed2e24a
percent,zk gk cet4 cet6 ky ielts,"[""cet4-w-1c31c51b0b04fa7e9ffd""]",in_selected_syllabus,与当前考纲词形或已登记拼写变体相符。,"n. 百分比, 百分数, 部分
[机] 百分率",,ecdict-bc015ed2e24a
percentage,gk cet4 cet6 ky toefl ielts,"[""cet4-w-b8fa30c7d1e0dd97b321""]",in_selected_syllabus,与当前考纲词形或已登记拼写变体相符。,"n. 百分比, 比率, 部分, 可能性
[计] 百分比",s:percentages,ecdict-bc015ed2e24a
perfectly,cet4 cet6,[],outside_selected_syllabus,ECDICT 标签仅作候选；所选考纲四级范围无对应词形，不自动加入。,"adv. 完全地, 无瑕疵地, 完整地",,ecdict-bc015ed2e24a
perform,gk cet4 cet6 ky toefl,"[""cet4-w-e4caaf0371836a4fe773""]",in_selected_syllabus,与当前考纲词形或已登记拼写变体相符。,"vt. 进行, 履行, 完成, 执行, 表演
vi. 行动, 工作, 执行, 演出",d:performed/i:performing/p:performed/3:performs,ecdict-bc015ed2e24a
performance,gk cet4 cet6 ky toefl ielts,"[""cet4-w-4523047e93085c44f439""]",in_selected_syllabus,与当前考纲词形或已登记拼写变体相符。,"n. 施行, 工作情况, 成绩, 行为, 表现, 演出
[电] 绩效, 性能",s:performances,ecdict-bc015ed2e24a
perfume,gk cet4 cet6 ky toefl ielts,[],outside_selected_syllabus,ECDICT 标签仅作候选；所选考纲四级范围无对应词形，不自动加入。,"n. 香水, 香气, (悦人的)气氛, 美名
vt. 洒香水于, 薰香, 使充满香气",s:perfumes/d:perfumed/i:perfuming/3:perfumes/p:perfumed,ecdict-bc015ed2e24a
perhaps,zk gk cet4 cet6 ky,"[""cet4-w-79941248fd7a0dddbae7""]",in_selected_syllabus,与当前考纲词形或已登记拼写变体相符。,"adv. 也许, 大概",,ecdict-bc015ed2e24a
period,zk gk cet4 cet6 ky toefl ielts,"[""cet4-w-9c7eb04001b42d1fea47""]",in_selected_syllabus,与当前考纲词形或已登记拼写变体相符。,"n. 时期, 节段, 节, 句点, 学时, 周期
a. 当时特有的, 过去某段时期的
interj. 就是这话, 就是这么回事",s:periods,ecdict-bc015ed2e24a
permanent,gk cet4 cet6 ky toefl ielts gre,"[""cet4-w-85c8fc735368e0d54d4a""]",in_selected_syllabus,与当前考纲词形或已登记拼写变体相符。,"a. 永久的, 不变的, 固定的, 持久的
n. 烫发
[计] 永久的",,ecdict-bc015ed2e24a
permanently,cet4 cet6,[],outside_selected_syllabus,ECDICT 标签仅作候选；所选考纲四级范围无对应词形，不自动加入。,"adv. 永久, 不变, 持久
[计] 永久性的",,ecdict-bc015ed2e24a
permission,gk cet4 cet6 ky toefl,"[""cet4-w-82f823ea468d636b68ce""]",in_selected_syllabus,与当前考纲词形或已登记拼写变体相符。,"n. 许可, 允许
[计] 许可, 认可",s:permissions,ecdict-bc015ed2e24a
permit,gk cet4 cet6 ky toefl ielts,"[""cet4-w-61013f03b1fcd5a346af""]",in_selected_syllabus,与当前考纲词形或已登记拼写变体相符。,"n. 许可证, 许可, 执照, 通行证
vt. 允许, 容许, 可能, 使放手做
vi. 容许, 给以机会, 提供可能",d:permitted/3:permits/i:permitting/p:permitted/s:permits,ecdict-bc015ed2e24a
persist,cet4 cet6 ky toefl ielts,"[""cet4-w-12ebf61f0fb72dbc2b9f""]",in_selected_syllabus,与当前考纲词形或已登记拼写变体相符。,"vi. 坚持, 固执, 持续, 坚称
[经] 持续",p:persisted/3:persists/d:persisted/i:persisting,ecdict-bc015ed2e24a
personal,zk gk cet4 cet6 ky ielts,"[""cet4-w-f090bbf683ef7c6c58ca""]",in_selected_syllabus,与当前考纲词形或已登记拼写变体相符。,"a. 私人的, 涉及隐私的, 有人性的, 人称的, 亲自的, 身体的
[医] 人的; 个人的, 自身的",,ecdict-bc015ed2e24a
personality,cet4 cet6 ky toefl ielts,"[""cet4-w-2987e91892ada547d02a""]",in_selected_syllabus,与当前考纲词形或已登记拼写变体相符。,"n. 个性, 人格, (团体、地方、国家)特有特性, 名人
[医] 人格; 个性",s:personalities,ecdict-bc015ed2e24a
personnel,gk cet4 cet6 ky toefl ielts gre,"[""cet4-w-e711b27cd36f0180fc6d""]",in_selected_syllabus,与当前考纲词形或已登记拼写变体相符。,"n. 人员, 人事部门, 人事科(处)
[经] 人事, 全体人员, 职工",s:personnel/0:personnel/1:s,ecdict-bc015ed2e24a
perspective,cet4 cet6 ky toefl ielts gre,"[""cet4-w-3693cbb01a1855d84301""]",in_selected_syllabus,与当前考纲词形或已登记拼写变体相符。,"n. 远景, 透视感, (观察问题的)视角, 透视法, 看法, 透视图
a. 透视的, 透视法的
[计] 透视",s:perspectives,ecdict-bc015ed2e24a
persuade,gk cet4 cet6 ky toefl,"[""cet4-w-625d544fe2c8a749dd97""]",in_selected_syllabus,与当前考纲词形或已登记拼写变体相符。,"vt. 劝, 使相信, 恳求, 敦促, 说服
vi. 劝服, 被说服",d:persuaded/p:persuaded/i:persuading/3:persuades,ecdict-bc015ed2e24a
pessimistic,cet4 cet6 ky,"[""cet4-w-3350cf94aff24eaddd14""]",in_selected_syllabus,与当前考纲词形或已登记拼写变体相符。,"a. 悲观的, 厌世的, 悲观主义的",,ecdict-bc015ed2e24a
pet,zk gk cet4 cet6 ky toefl ielts,"[""cet4-w-6a94ddc001fc2c50b245""]",in_selected_syllabus,与当前考纲词形或已登记拼写变体相符。,"n. 宠物, 受宠爱的人, 宠坏的孩子, 不悦, 生气
a. 宠爱的, 表示亲昵的, 养着观赏的, 特别珍爱的, 格外的
vt. 宠爱, 溺爱, 抚摸
vi. 拥抱, 爱抚, 生气, 发脾气",s:pets/i:petting/p:petted/d:petted/3:pets,ecdict-bc015ed2e24a
petrol,gk cet4 cet6 ky ielts,"[""cet4-w-a28a1b16ea3315a68820""]",in_selected_syllabus,与当前考纲词形或已登记拼写变体相符。,"n. 汽油
[经] 汽油, 挥发油, 石油",s:petrols,ecdict-bc015ed2e24a
petroleum,cet4 cet6 ky toefl ielts gre,"[""cet4-w-1e1a7f8d6025a5a03495""]",in_selected_syllabus,与当前考纲词形或已登记拼写变体相符。,"n. 石油
[化] 石油",,ecdict-bc015ed2e24a
phase,cet4 cet6 ky toefl ielts,"[""cet4-w-57d7e063012d8fb8369d""]",in_selected_syllabus,与当前考纲词形或已登记拼写变体相符。,"n. 时期, 局面, 方面, 位相, 相, 阶段
vt. 使调整相位, 使定相, 使一致, 逐步执行, 实行
[计] 阶段",s:phases/d:phased/i:phasing/p:phased/3:phases,ecdict-bc015ed2e24a
phenomenon,gk cet4 cet6 ky toefl ielts,"[""cet4-w-a030f9ee076ddb7defd1""]",in_selected_syllabus,与当前考纲词形或已登记拼写变体相符。,"n. 现象, 迹象, 表现, 奇迹, 奇才
[化] 现象",s:phenomena,ecdict-bc015ed2e24a
philosopher,cet4 cet6 ky toefl,"[""cet4-w-19a0cdbe8d63ddacec50""]",in_selected_syllabus,与当前考纲词形或已登记拼写变体相符。,"n. 哲学家, 哲人, 思想开创人, 达观的人
[法] 哲学家, 哲学研究者",s:philosophers,ecdict-bc015ed2e24a
philosophy,cet4 cet6 ky toefl,"[""cet4-w-5c5b4c2f7b5822ce552c""]",in_selected_syllabus,与当前考纲词形或已登记拼写变体相符。,"n. 哲学, 人生观, 哲学思想, 哲理, 基本原理, 见解, 达观, 沉着",s:philosophies,ecdict-bc015ed2e24a
phone,zk cet4 ky ielts,"[""cet4-w-31b11d4539661f176227""]",in_selected_syllabus,与当前考纲词形或已登记拼写变体相符。,"n. 电话, 受话器, 耳机
vt. 打电话给
vi. 打电话",p:phoned/s:phones/i:phoning/d:phoned/3:phones,ecdict-bc015ed2e24a
photograph,zk gk cet4 cet6 toefl ielts,"[""cet4-w-5fd1b274596cd90d6c86""]",in_selected_syllabus,与当前考纲词形或已登记拼写变体相符。,"n. 相片, 照片, 逼真的描绘
v. 照相, 摄影",s:photographs/d:photographed/p:photographed/i:photographing/3:photographs,ecdict-bc015ed2e24a
photographic,cet4 cet6,"[""cet4-w-0b0c088b779d1ee70502""]",in_selected_syllabus,与当前考纲词形或已登记拼写变体相符。,"a. 照相的, 摄影用的, 详细记录的, 逼真的, 酷似的",,ecdict-bc015ed2e24a
phrase,gk cet4 cet6 ky toefl,"[""cet4-w-c14782805017bf31046a""]",in_selected_syllabus,与当前考纲词形或已登记拼写变体相符。,"n. 惯用语, 词组, 成语, 措词, 乐句
vt. 用短语表达, 把(乐曲)分成短句
[计] 短语",s:phrases/d:phrased/p:phrased/i:phrasing/3:phrases,ecdict-bc015ed2e24a
physical,gk cet4 cet6 ky ielts,"[""cet4-w-9c4bcedfc41d1821ae08""]",in_selected_syllabus,与当前考纲词形或已登记拼写变体相符。,"a. 身体的, 物质的, 自然的, 物理学的, 好色的
n. 体格检查",,ecdict-bc015ed2e24a
physician,gk cet4 cet6 ky toefl ielts,"[""cet4-w-e5a7f319137ea98bc2c1""]",in_selected_syllabus,与当前考纲词形或已登记拼写变体相符。,"n. 医师, 内科医师, 解除痛苦者
[医] 主治医师",s:physicians,ecdict-bc015ed2e24a
physicist,gk cet4 cet6 ky toefl,"[""cet4-w-2467a881ceb1a198a87a""]",in_selected_syllabus,与当前考纲词形或已登记拼写变体相符。,"n. 物理学家, 机械唯物论者, 自然科学家
[医] 菲西克氏手术(虹膜圆片切除)",s:physicists,ecdict-bc015ed2e24a
physics,zk gk cet4 cet6 ky,"[""cet4-w-033402302166f6a74a30""]",in_selected_syllabus,与当前考纲词形或已登记拼写变体相符。,"n. 物理学, 物理过程, 物理现象
[化] 物理; 物理学",,ecdict-bc015ed2e24a
picnic,zk gk cet4 ky ielts,"[""cet4-w-810161c4b10dc9ea71d7""]",in_selected_syllabus,与当前考纲词形或已登记拼写变体相符。,"n. 野餐, 远足, 愉快的经历
vi. 去野餐, 远足",d:picnicked/0:picnic/i:picnicking/3:picnic/1:3/p:picnicked/s:picnics,ecdict-bc015ed2e24a
pie,zk gk cet4 ky ielts,"[""cet4-w-8c206aa349cf26c8ea7b""]",in_selected_syllabus,与当前考纲词形或已登记拼写变体相符。,"n. 馅饼, 财富, 总额, 贪污受贿, 杂乱, 喜鹊
[计] 饼图",s:pies,ecdict-bc015ed2e24a
pierce,cet4 cet6 ky toefl ielts gre,"[""cet4-w-ac06136924af6ca9b509""]",in_selected_syllabus,与当前考纲词形或已登记拼写变体相符。,"vt. 刺穿, 穿透, 打眼于, 洞悉, (声音)响彻, (亮光)照进, 深深地打动
vi. 刺入, 穿入, 透入, 进入",d:pierced/p:pierced/i:piercing/3:pierces/s:pierces,ecdict-bc015ed2e24a
pig,zk gk cet4 ky,"[""cet4-w-de546fff309c30f507cf""]",in_selected_syllabus,与当前考纲词形或已登记拼写变体相符。,"n. 猪, 猪肉, 贪婪的人, 猪一样的人
v. 生小猪, 象猪般地生活",s:pigs/i:pigging/p:pigged/3:pigs/d:pigged,ecdict-bc015ed2e24a
pigeon,cet4 cet6 ky toefl,"[""cet4-w-93c85698e981a3e94651""]",in_selected_syllabus,与当前考纲词形或已登记拼写变体相符。,"n. 鸽子, 易上当受骗的人, 年轻女子",s:pigeons,ecdict-bc015ed2e24a
pile,gk cet4 cet6 ky toefl,"[""cet4-w-17edb7976eb1c301f99b""]",in_selected_syllabus,与当前考纲词形或已登记拼写变体相符。,"n. 堆, 大堆, 大厦, 建筑群, 电池, 大量, 桥桩, 软毛, 痔疮
vi. 堆起, 堆积, 积累, 挤, 猛烈攻击
vt. 堆于, 累积, 堆叠, 打桩于, 用桩支撑",s:piles/d:piled/i:piling/p:piled/3:piles,ecdict-bc015ed2e24a
pill,gk cet4 cet6 ky toefl,"[""cet4-w-2aa1ca3f6e4de2b198c5""]",in_selected_syllabus,与当前考纲词形或已登记拼写变体相符。,"n. 药丸, 弹丸, 屈辱, 胡说
v. 做成药丸, 形成丸状, 服药丸, 挫败, 抢劫",s:pills,ecdict-bc015ed2e24a
pillar,cet4 cet6 ky toefl ielts gre,"[""cet4-w-248bee3ce574b6877960""]",in_selected_syllabus,与当前考纲词形或已登记拼写变体相符。,"n. 柱子, 栋梁, 台柱, 重要的支持者
[医] 柱, 脚",s:pillars,ecdict-bc015ed2e24a
pillow,gk cet4 cet6 ky toefl ielts,"[""cet4-w-037f7ac770617fd4623e""]",in_selected_syllabus,与当前考纲词形或已登记拼写变体相符。,"n. 枕头, 靠垫, 枕状岩
vt. 作...的枕头, 垫, 枕于
vi. 靠在枕上",s:pillows/p:pillowed/i:pillowing/d:pillowed/3:pillows,ecdict-bc015ed2e24a
pilot,zk gk cet4 cet6 ky toefl ielts gre,"[""cet4-w-b9d89c39d2fd7a18ec8b""]",in_selected_syllabus,与当前考纲词形或已登记拼写变体相符。,"n. 飞行员, 领航员, 航船者, 导向器, 驾驶仪, 向导, 领导人
vt. 领航, 驾驶, 引导, 试用
a. 引导的, 控制的, 试点的
[计] 引导",s:pilots/i:piloting/p:piloted/3:pilots/d:piloted,ecdict-bc015ed2e24a
pin,gk cet4 cet6 ky ielts,"[""cet4-w-7b70a363ccce0f959fdb""]",in_selected_syllabus,与当前考纲词形或已登记拼写变体相符。,"n. 大头针, 针, 别针, 栓, 销子, 图钉, 插头, 管脚, 品(液量单位)
vt. 将...用针别住, 钉住, 压住, 牵制, 使不能动, 归罪于
a. 针的, 销子的, 闩的",s:pins/d:pinned/i:pinning/p:pinned/3:pins,ecdict-bc015ed2e24a
pinch,cet4 cet6 ky toefl ielts gre,"[""cet4-w-07252f1ce24372c63349""]",in_selected_syllabus,与当前考纲词形或已登记拼写变体相符。,"n. 捏, 拧, 撮, 少量, 收缩, 挤压, 夹痛, 苦恼, 逮捕, 指控, 匮乏, 紧急关头
vt. 捏, 拧, 掐, 挤压, 修剪, 使困苦, 使萎缩, 节制, 少量加入, 逮捕, 勒索
vi. 收缩, 节省, 挤压, 引起苦恼",p:pinched/i:pinching/d:pinched/s:pinches/3:pinches,ecdict-bc015ed2e24a
pine,gk cet4 cet6 ky toefl ielts gre,"[""cet4-w-5c3fe368f41dc8f37e81""]",in_selected_syllabus,与当前考纲词形或已登记拼写变体相符。,"n. 松树, 松木
vi. 消瘦, 憔悴, 痛苦, 怀念, 渴望
[计] 邮件程序",s:pines/i:pining/p:pined/d:pined/3:pines,ecdict-bc015ed2e24a
pink,zk cet4 cet6 ky ielts,"[""cet4-w-2e86fad37b092d752049""]",in_selected_syllabus,与当前考纲词形或已登记拼写变体相符。,"n. 粉红色, 石竹花, 化身, 典范, 头面人物, 极度
a. 粉红的, 石竹科的, 比较激进的, 脸色发红的, 精致的, 有点下流的
vt. 刺, 扎, 刺痛, 射伤, 使面红耳赤, 使变粉红色
vi. 变粉红色",s:pinks/r:pinker/i:pinking/p:pinked/3:pinks/d:pinked,ecdict-bc015ed2e24a
pint,gk cet4 cet6 ky,"[""cet4-w-0afc72451e2e0aa06e2f""]",in_selected_syllabus,与当前考纲词形或已登记拼写变体相符。,"n. 品脱(干量或液量的单位)
[医] 量磅, 品脱",s:pints,ecdict-bc015ed2e24a
pipe,gk cet4 cet6 ky,"[""cet4-w-a86f00f2e7dc4e3009f7""]",in_selected_syllabus,与当前考纲词形或已登记拼写变体相符。,"n. 管, 导管, 输送管, 管状器官, 声带, 尖细的声音, 烟斗, 笛, 管乐器
vt. 以管输送, 吹哨子, 吹奏, 尖声唱
vi. 吹笛, 尖叫, 吹长哨发令
[计] 管道",s:pipes/d:piped/p:piped/i:piping/3:pipes,ecdict-bc015ed2e24a
pipeline,cet4 cet6,[],outside_selected_syllabus,ECDICT 标签仅作候选；所选考纲四级范围无对应词形，不自动加入。,"n. 管道, 传递途径
[化] 管路; 管线",s:pipelines/d:pipelined/i:pipelining/p:pipelined,ecdict-bc015ed2e24a
pistol,cet4 cet6 ky gre,"[""cet4-w-a2410d718ad84068f0fa""]",in_selected_syllabus,与当前考纲词形或已登记拼写变体相符。,"n. 手枪, 信号枪
vt. 以手枪杀死(或伤害)",s:pistols,ecdict-bc015ed2e24a
pit,cet4 cet6 ky toefl ielts,"[""cet4-w-db0954617e6beda6cd10""]",in_selected_syllabus,与当前考纲词形或已登记拼写变体相符。,"n. 深坑, 矿井, 果核, 地窖, 深渊, 绝境, 陷阱
vt. 窖藏, 使凹下, 使有麻点, 去...之核, 使留疤痕, 使相斗, 使竞争
vi. 起凹点, 凹陷",s:pits/p:pitted/d:pitted/i:pitting/3:pits,ecdict-bc015ed2e24a
pitch,cet4 cet6 ky toefl ielts gre,"[""cet4-w-d98620f9508e8313c599""]",in_selected_syllabus,与当前考纲词形或已登记拼写变体相符。,"n. 程度, 坡度, 顶点, 前倾, 倾斜, 投掷, 音高, 螺距, 节距, 摊位, 树脂, 沥青
vt. 投, 掷, 向前倾跌, 扎营, 竭力推销, 为...定调, 定位于, 用沥青涂
vi. 搭帐篷, 投掷, 向前跌, 猛然摔倒, 坠落, 倾斜
[计] 孔距",s:pitches/d:pitched/i:pitching/p:pitched/3:pitches,ecdict-bc015ed2e24a
plain,zk gk cet4 cet6 ky toefl gre,"[""cet4-w-e2d62fa39ef64b96e4b4""]",in_selected_syllabus,与当前考纲词形或已登记拼写变体相符。,"n. 平原, 草原, 朴实无华的东西, 无格式
a. 简单的, 明白的, 平常的, 不好看的, 朴素的, 清晰的, 普通的, 平坦的, 十足的
adv. 清楚地, 显然地
[计] 无格式",s:plains/r:plainer/t:plainest/i:plaining/p:plained/3:plains/d:plained,ecdict-bc015ed2e24a
planet,zk gk cet4 cet6 ky toefl gre,"[""cet4-w-dcbad5f3c346d9f63e9c""]",in_selected_syllabus,与当前考纲词形或已登记拼写变体相符。,"n. 行星, 命运星辰, 杰出的人, 重大影响的事",s:planets,ecdict-bc015ed2e24a
plantation,cet4 cet6 ky toefl ielts,"[""cet4-w-5ec5d246b2af6ff49a16""]",in_selected_syllabus,与当前考纲词形或已登记拼写变体相符。,"n. 种植园, 大农场, 植树造林, 新开垦地
[医] 栽植(如牙或其他组织的植入、再植和移植)",s:plantations,ecdict-bc015ed2e24a
plaster,cet4 cet6 ky toefl ielts gre,[],outside_selected_syllabus,ECDICT 标签仅作候选；所选考纲四级范围无对应词形，不自动加入。,"n. 石膏, 灰泥, 安慰(缓解)用品, 膏药
vt. 涂以灰泥, 敷以膏药, 掩饰, 使平服, 彻底击败, 减轻, 粘贴",p:plastered/d:plastered/s:plasters/i:plastering/3:plasters,ecdict-bc015ed2e24a
plastic,zk gk cet4 cet6 ky toefl ielts,"[""cet4-w-aa40f554c427bc3ca2d3""]",in_selected_syllabus,与当前考纲词形或已登记拼写变体相符。,"n. 塑料, 可塑体, 可塑性物质
a. 塑料的, 塑造的, 有可塑性的, 造型的, 易受影响的, 有创造力的",s:plastics,ecdict-bc015ed2e24a
platform,gk cet4 cet6 ky toefl ielts,"[""cet4-w-70e283c671ce5220d850""]",in_selected_syllabus,与当前考纲词形或已登记拼写变体相符。,"n. 站台, 月台, 讲台, 论坛, 平台
[计] 平台",s:platforms,ecdict-bc015ed2e24a
player,gk cet4 cet6 ielts,"[""cet4-w-eb272c62d18e90b38b00""]",in_selected_syllabus,与当前考纲词形或已登记拼写变体相符。,"n. 竞赛者, 上场队员, 游戏者, 演员
[经] 交易者",s:players,ecdict-bc015ed2e24a
playground,zk gk cet4 cet6 ky ielts,"[""cet4-w-23ac15d77829cb74e368""]",in_selected_syllabus,与当前考纲词形或已登记拼写变体相符。,"n. 运动场, 操场, 度假胜地, 活动场所",s:playgrounds,ecdict-bc015ed2e24a
pleasant,zk gk cet4 cet6 ky ielts,"[""cet4-w-581e8925b87930bc4824""]",in_selected_syllabus,与当前考纲词形或已登记拼写变体相符。,"a. 愉快的, 可爱的, 活泼的, 亲切的",r:pleasanter/t:pleasantest,ecdict-bc015ed2e24a
plentiful,cet4 cet6 ky toefl,"[""cet4-w-2cfc98c8cd2300bc1baa""]",in_selected_syllabus,与当前考纲词形或已登记拼写变体相符。,"a. 许多的, 丰富的, 丰饶的",,ecdict-bc015ed2e24a
plenty,zk gk cet4 cet6 ky,"[""cet4-w-43963df3c0b42ed59b1e""]",in_selected_syllabus,与当前考纲词形或已登记拼写变体相符。,"n. 充分, 很多, 丰富
a. 很多的, 足够的, 丰富的",,ecdict-bc015ed2e24a
plot,gk cet4 cet6 ky toefl ielts gre,"[""cet4-w-ee5dd011520d342c3828""]",in_selected_syllabus,与当前考纲词形或已登记拼写变体相符。,"n. 小块土地, 地区图, 图, 阴谋, 情节
vt. 划分, 绘图, 密谋
vi. 密谋, 策划
[计] 绘制",s:plots/i:plotting/d:plotted/p:plotted/3:plots,ecdict-bc015ed2e24a
plough,cet4 cet6 ky ielts gre,"[""cet4-w-e14ab9a96c67a7c88360""]",in_selected_syllabus,与当前考纲词形或已登记拼写变体相符。,"n. 犁, 犁过的地
vi. 用犁耕田, 开路
vt. 耕, 犁, 开路",i:ploughing/p:ploughed/s:ploughs/d:ploughed/3:ploughs,ecdict-bc015ed2e24a
pluck,cet4 cet6 toefl gre,[],outside_selected_syllabus,ECDICT 标签仅作候选；所选考纲四级范围无对应词形，不自动加入。,"n. 勇气, 猛拉, 动物内脏
vt. 摘, 猛拉, 拔, 拉, 扯, 采
vi. 拉, 拽",p:plucked/d:plucked/i:plucking/3:plucks/s:plucks,ecdict-bc015ed2e24a
plug,gk cet4 cet6 ky ielts,"[""cet4-w-096d22559273dea75cb2""]",in_selected_syllabus,与当前考纲词形或已登记拼写变体相符。,"n. 塞子, 栓, 插头
vt. 插入, 塞住, 接插头
vi. 被塞住",d:plugged/s:plugs/i:plugging/3:plugs/p:plugged,ecdict-bc015ed2e24a
plunge,cet4 cet6 ky toefl ielts gre,"[""cet4-w-aeadb74e6d2f4d0029d5""]",in_selected_syllabus,与当前考纲词形或已登记拼写变体相符。,"n. 钻进, 跳进, 跳水, 跳水池, 猛跌, 落下, 投入, 开始从事, 盲目投资
vi. 投入, 投身于, 跳进, 陷入, 下降
vt. 使投入, 使插入, 使陷入, 使遭受",p:plunged/d:plunged/i:plunging/3:plunges/s:plunges,ecdict-bc015ed2e24a
plural,cet4 cet6 ky,"[""cet4-w-2d03b371b73d16b1ee6c""]",in_selected_syllabus,与当前考纲词形或已登记拼写变体相符。,"n. 复数
a. 复数的, 两个以上的",s:plurals,ecdict-bc015ed2e24a
plus,gk cet4 ky ielts,"[""cet4-w-e65ccd583d19d059db14""]",in_selected_syllabus,与当前考纲词形或已登记拼写变体相符。,"prep. 加上, 加, 外加
a. 正的, 附加的
n. 正号, 加号, 附加额, 正数, 增益
[计] 正差",s:pluses,ecdict-bc015ed2e24a
pocket,zk gk cet4 cet6 ky ielts,"[""cet4-w-8ef4c90381ecfef914e0""]",in_selected_syllabus,与当前考纲词形或已登记拼写变体相符。,"n. 口袋, 钱袋, 钱, 容器
vt. 装...在口袋里, 隐藏, 抑制, 私吞, 搁置, 击...入袋
a. 袖珍的, 小型的, 压缩的, 金钱上的",s:pockets/i:pocketing/p:pocketed/3:pockets/d:pocketed,ecdict-bc015ed2e24a
poem,zk gk cet4 cet6 ky,"[""cet4-w-8354090ca6cfa90b84f9""]",in_selected_syllabus,与当前考纲词形或已登记拼写变体相符。,"n. 诗, 诗般美的事物",s:poems,ecdict-bc015ed2e24a
poet,gk cet4 cet6 ky toefl,"[""cet4-w-f2b5017a4085ec443648""]",in_selected_syllabus,与当前考纲词形或已登记拼写变体相符。,n. 诗人,s:poets,ecdict-bc015ed2e24a
poetry,cet4 cet6 ky,"[""cet4-w-0e08cfb88952fba4553e""]",in_selected_syllabus,与当前考纲词形或已登记拼写变体相符。,"n. 诗, 韵文, 诗歌艺术",,ecdict-bc015ed2e24a
point,zk gk cet4 cet6 ky ielts,"[""cet4-w-7d62df2eaeed2c0f45e5""]",in_selected_syllabus,与当前考纲词形或已登记拼写变体相符。,"n. 点, 小数点, 标点, 地点, 要点, 特点, 尖端, 分数, 得分, 穴位
vt. 弄尖, 强调, 指出, 加标点于, 瞄准
vi. 指, 指向, 表明",s:points/p:pointed/i:pointing/3:points/d:pointed,ecdict-bc015ed2e24a
poison,gk cet4 cet6 ky toefl,"[""cet4-w-f852f82e660adf140123""]",in_selected_syllabus,与当前考纲词形或已登记拼写变体相符。,"n. 毒药, 毒, 毒物, 有毒害的事物
vt. 毒害, 毒杀, 使中毒
vi. 放毒, 下毒",s:poisons/d:poisoned/i:poisoning/p:poisoned/3:poisons,ecdict-bc015ed2e24a
poisonous,gk cet4 cet6 ky gre,"[""cet4-w-fe05c0fd859298633a0e""]",in_selected_syllabus,与当前考纲词形或已登记拼写变体相符。,"a. 有毒的, 恶毒的, 讨厌的
[医] 有毒的",,ecdict-bc015ed2e24a
poke,cet4 cet6 ky ielts gre,[],outside_selected_syllabus,ECDICT 标签仅作候选；所选考纲四级范围无对应词形，不自动加入。,"n. 刺, 戳, 袋子
vt. 戳, 捅, 拨弄, 刺
vi. 戳, 刺, 捅, 搜索, 伸出, 行动散慢
[计] 存数",p:poked/i:poking/3:pokes/d:poked/s:pokes,ecdict-bc015ed2e24a
Pole,gk cet4 cet6 ky toefl ielts,"[""cet4-w-649d33a7e632f5a26669""]",in_selected_syllabus,与当前考纲词形或已登记拼写变体相符。,"n. 波兰人, 极点, 磁极, 电极, 杆, 竿, 相反的极端
vt. 用竿支撑
vi. 撑篙",s:poles/i:poling/p:poled/d:poled/3:poles,ecdict-bc015ed2e24a
police,zk gk cet4 ky ielts,"[""cet4-w-2e75ce855297a4575e14""]",in_selected_syllabus,与当前考纲词形或已登记拼写变体相符。,"n. 警察, 警察当局, 治安
vt. 维持治安, 管辖",s:police/0:police/1:s/i:policing/d:policed/p:policed/3:polices,ecdict-bc015ed2e24a
policy,zk gk cet4 cet6 ky ielts,"[""cet4-w-d6ea449aeb93a1aca9b7""]",in_selected_syllabus,与当前考纲词形或已登记拼写变体相符。,"n. 政策, 方针, 策略, 保险单
[医] 凭单, 保险单",s:policies,ecdict-bc015ed2e24a
Polish,gk cet4 cet6 ky toefl ielts gre,"[""cet4-w-c92f88e9b9f71c54aa18""]",in_selected_syllabus,与当前考纲词形或已登记拼写变体相符。,"a. 波兰的
n. 波兰人, 上光剂, 光泽, 优雅
vt. 擦亮, 擦去, 使完美
vi. 擦亮, 变得光亮",d:polished/i:polishing/p:polished/s:polishes/3:polishes,ecdict-bc015ed2e24a
political,gk cet4 cet6 ky ielts,"[""cet4-w-64ce058561af7bfc974f""]",in_selected_syllabus,与当前考纲词形或已登记拼写变体相符。,"a. 政治的, 政治上的, 政党的, 从事政治的
[法] 政治的, 政治上的, 党派政治的",,ecdict-bc015ed2e24a
politician,gk cet4 cet6 ky,"[""cet4-w-7a5e2769f37fdda2a59d""]",in_selected_syllabus,与当前考纲词形或已登记拼写变体相符。,"n. 政客, 政治家, 从事党派政治的人
[法] 政客, 政治家",s:politicians,ecdict-bc015ed2e24a
politics,gk cet4 cet6 ky toefl,"[""cet4-w-c99ac9a0d5de62c470e0""]",in_selected_syllabus,与当前考纲词形或已登记拼写变体相符。,"n. 政治, 政治学, 政见, 政治活动
[法] 政治, 政治学, 政纲",,ecdict-bc015ed2e24a
poll,cet4 cet6 ky toefl gre,"[""cet4-w-65f25f7efbebd0b0434b""]",in_selected_syllabus,与当前考纲词形或已登记拼写变体相符。,"n. 投票, 民意测验, 选举投票, 投票数, 一组人中的一个, 头颈和后脑部, 鹦鹉
vt. 对...进行民意测验, 获得...票, 剪树枝, 轮询
vi. 投票
a. 剪过毛的, 修过枝的
[计] 轮询",s:polls/p:polled/d:polled/i:polling/3:polls,ecdict-bc015ed2e24a
pollute,gk cet4 cet6 ky toefl,"[""cet4-w-d8a7d7f4192485d7f1c3""]",in_selected_syllabus,与当前考纲词形或已登记拼写变体相符。,"vt. 污染, 弄脏, 玷污
[化] 污染",i:polluting/d:polluted/3:pollutes/p:polluted,ecdict-bc015ed2e24a
pollution,gk cet4 cet6 ky toefl ielts,"[""cet4-w-fa62e6a64562f97b5cfd""]",in_selected_syllabus,与当前考纲词形或已登记拼写变体相符。,"n. 污染, 玷污
[化] 污染",s:pollutions,ecdict-bc015ed2e24a
pond,zk gk cet4 cet6 ky,"[""cet4-w-df72d32ddda6a8b944f9""]",in_selected_syllabus,与当前考纲词形或已登记拼写变体相符。,"n. 池塘
v. 筑成池塘",s:ponds,ecdict-bc015ed2e24a
pool,zk gk cet4 cet6 ky,"[""cet4-w-db983d468ce62be389a7""]",in_selected_syllabus,与当前考纲词形或已登记拼写变体相符。,"n. 池, 水塘, 石油层, 联营
vt. 合伙经营, 共享, 采掘, 汇聚成
vi. 汇合成塘, 淤积, 联营",s:pools/i:pooling/d:pooled/p:pooled/3:pools,ecdict-bc015ed2e24a
pop,zk cet4 cet6 ky ielts,"[""cet4-w-13cfbd762b7fad26f184""]",in_selected_syllabus,与当前考纲词形或已登记拼写变体相符。,"n. 砰然声, 枪击, 含气饮料, 流行音乐, 通俗艺术
a. 流行的, 热门的, 通俗的
vt. 使发出爆裂声, 开枪打, 突然伸出
vi. 发出爆裂声, 射击, 突然出现, 瞪大
adv. 突然, 砰地
[计] 出现点, 邮局协议",p:popped/i:popping/s:pops/3:pops/d:popped,ecdict-bc015ed2e24a
popular,zk gk cet4 cet6 ky toefl ielts,"[""cet4-w-6d3338e8e266f962ab82""]",in_selected_syllabus,与当前考纲词形或已登记拼写变体相符。,"a. 通俗的, 流行的, 受欢迎的, 大众的, 人民的, 普及的
[经] 大众的, 通俗的, 普及的",s:populars,ecdict-bc015ed2e24a
population,zk gk cet4 cet6 ky ielts,"[""cet4-w-1ceb293f9200d5a3fc8d""]",in_selected_syllabus,与当前考纲词形或已登记拼写变体相符。,"n. 人口, 人口数
[化] 群体; 总体",s:populations,ecdict-bc015ed2e24a
porch,cet4 cet6 ky ielts,[],outside_selected_syllabus,ECDICT 标签仅作候选；所选考纲四级范围无对应词形，不自动加入。,"n. 门廊, 走廊",s:porches,ecdict-bc015ed2e24a
porridge,gk cet4 cet6 gre,[],outside_selected_syllabus,ECDICT 标签仅作候选；所选考纲四级范围无对应词形，不自动加入。,"n. 粥, 糊",s:porridges,ecdict-bc015ed2e24a
port,gk cet4 cet6 ky ielts,"[""cet4-w-28bf662aa965e276b6f1""]",in_selected_syllabus,与当前考纲词形或已登记拼写变体相符。,"n. 港口, 埠, 舱门, 避风港, 左舷, 炮眼, 姿势, 意义
vt. 左转舵, 持(枪)
vi. 左转舵
[计] 端口, 移植",s:ports/d:ported/i:porting/p:ported/3:ports,ecdict-bc015ed2e24a
portable,gk cet4 cet6 ky toefl ielts gre,"[""cet4-w-715ad92a98f37b8e657f""]",in_selected_syllabus,与当前考纲词形或已登记拼写变体相符。,"a. 可携带的, 可搬运的, 可移动的
[计] 可移植的",s:portables,ecdict-bc015ed2e24a
porter,gk cet4 cet6 ky,"[""cet4-w-a1dcb43e07e4931cd788""]",in_selected_syllabus,与当前考纲词形或已登记拼写变体相符。,"n. 大楼管理员, 门房, 搬运工人, 侍者, 服务员
[化] 搬运车; 搬运工人",s:porters,ecdict-bc015ed2e24a
portion,cet4 cet6 ky toefl ielts,"[""cet4-w-5667c9e13ec424468116""]",in_selected_syllabus,与当前考纲词形或已登记拼写变体相符。,"n. 部分, 一份, 命运, 嫁妆
vt. 分配, 给...嫁妆",s:portions/d:portioned/i:portioning/p:portioned/3:portions,ecdict-bc015ed2e24a
portrait,cet4 cet6 ky toefl,[],outside_selected_syllabus,ECDICT 标签仅作候选；所选考纲四级范围无对应词形，不自动加入。,"n. 肖像, 人像, 半身像, 描写, 竖排格式
[计] 纵向",s:portraits,ecdict-bc015ed2e24a
Portuguese,cet4 cet6,[],outside_selected_syllabus,ECDICT 标签仅作候选；所选考纲四级范围无对应词形，不自动加入。,"n. 葡萄牙人, 葡萄牙语
a. 葡萄牙的, 葡萄牙人的, 葡萄牙语的",,ecdict-bc015ed2e24a
pose,cet4 cet6 ky toefl ielts gre,"[""cet4-w-1b3b76ab325e307972b8""]",in_selected_syllabus,与当前考纲词形或已登记拼写变体相符。,"n. 姿势, 姿态, 装模作样, 伪装
vi. 摆姿势, 装模作样, 假装
vt. 使摆好姿势, 提出, 造成",d:posed/3:poses/p:posed/i:posing/s:poses,ecdict-bc015ed2e24a
position,zk gk cet4 cet6 ky ielts,"[""cet4-w-69b3c4f5fcced1cb4f77""]",in_selected_syllabus,与当前考纲词形或已登记拼写变体相符。,"n. 位置, 地位, 身分, 形势, 姿势, 立场, 职位, 状态, 阵地
vt. 安置, 决定...的位置
[计] 位置",s:positions/d:positioned/i:positioning/3:positions/p:positioned,ecdict-bc015ed2e24a
positive,cet4 cet6 ky toefl ielts,"[""cet4-w-3f459c021f271687b257""]",in_selected_syllabus,与当前考纲词形或已登记拼写变体相符。,"a. 肯定的, 积极的, 有把握的
[医] 正的, 阳性的",s:positives,ecdict-bc015ed2e24a
possess,gk cet4 cet6 ky toefl,"[""cet4-w-796ff48e70ed0d3ae65a""]",in_selected_syllabus,与当前考纲词形或已登记拼写变体相符。,"vt. 持有, 占有, 拥有, 克制, 支配, 迷住
[法] 持有, 占有, 具有",p:possessed/d:possessed/3:possesses/i:possessing,ecdict-bc015ed2e24a
possession,gk cet4 cet6 ky toefl ielts,"[""cet4-w-44703161d23f1ca58836""]",in_selected_syllabus,与当前考纲词形或已登记拼写变体相符。,"n. 拥有, 占有, 所有, 财产, 领土, 领地, 自制, 着迷
[经] 占有, 持有",s:possessions,ecdict-bc015ed2e24a
possibility,gk cet4 cet6 ky,"[""cet4-w-997dbf12a8c5d96089ec""]",in_selected_syllabus,与当前考纲词形或已登记拼写变体相符。,"n. 可能性, 可能的事
[法] 可能性, 可能发生的事, 不确定权",s:possibilities,ecdict-bc015ed2e24a
possibly,cet4 cet6 ky,"[""cet4-w-9f4462f20875c3b9db6b""]",in_selected_syllabus,与当前考纲词形或已登记拼写变体相符。,"adv. 可能, 也许",,ecdict-bc015ed2e24a
postage,gk cet4 cet6 ky toefl ielts,"[""cet4-w-59957ecc215a30840591""]",in_selected_syllabus,与当前考纲词形或已登记拼写变体相符。,"n. 邮资
[经] 邮费, 邮资",s:postages,ecdict-bc015ed2e24a
postman,zk gk cet4 cet6 ky,"[""cet4-w-1844d76638eb05760039""]",in_selected_syllabus,与当前考纲词形或已登记拼写变体相符。,"n. 邮递员
[法] 邮递员, 理财法庭的高级律师",s:postmen,ecdict-bc015ed2e24a
postpone,gk cet4 cet6 ky toefl ielts gre,"[""cet4-w-c47683b41e78209bdbc1""]",in_selected_syllabus,与当前考纲词形或已登记拼写变体相符。,"vt. 延迟, 使延期, 缓办, 搁延
vi. 延缓, 延缓发作",d:postponed/p:postponed/3:postpones/i:postponing,ecdict-bc015ed2e24a
pot,gk cet4 cet6 ky toefl,"[""cet4-w-ac78b40ba753cc0a72f8""]",in_selected_syllabus,与当前考纲词形或已登记拼写变体相符。,"n. 盆, 罐, 壶, 坩埚, 奖杯
vt. 装入盆中, 在锅中煮, 随手射击
vi. 随手射击",s:pots/i:potting/d:potted/p:potted/3:pots,ecdict-bc015ed2e24a
potential,gk cet4 cet6 ky toefl ielts gre,"[""cet4-w-5f7911a38fbefd7c4f12""]",in_selected_syllabus,与当前考纲词形或已登记拼写变体相符。,"n. 潜在性, 可能性, 潜力, 潜能, 势, 位
a. 有潜力的, 可能的, 潜在的",s:potentials,ecdict-bc015ed2e24a
pound,zk gk cet4 cet6 ky toefl,"[""cet4-w-4f8221e48155a487966a""]",in_selected_syllabus,与当前考纲词形或已登记拼写变体相符。,"n. 磅, 英镑, 重击, 鱼塘, 拘留所, 兽栏
vt. 强烈打击, 捣烂, 监禁, 关入栏内
vi. 连续重击, 苦干",s:pounds/p:pounded/i:pounding/d:pounded/3:pounds,ecdict-bc015ed2e24a
pour,gk cet4 cet6 ky ielts,"[""cet4-w-e39f01777ee8a180e1cc""]",in_selected_syllabus,与当前考纲词形或已登记拼写变体相符。,"n. 流出, 倾泻, 骤雨
vt. 倒, 灌, 注, 倾泻, 诉说, 倾吐
vi. 倾泻, 蜂涌而来, 下大雨",p:poured/i:pouring/d:poured/3:pours,ecdict-bc015ed2e24a
poverty,cet4 cet6 ky toefl ielts,"[""cet4-w-e6a76c58b8ddb7cfadc4""]",in_selected_syllabus,与当前考纲词形或已登记拼写变体相符。,"n. 贫穷, 贫困, 缺乏
[医] 贫乏, 缺乏",,ecdict-bc015ed2e24a
powder,gk cet4 cet6 ky toefl,"[""cet4-w-3f27fb8e0d3bca3b6732""]",in_selected_syllabus,与当前考纲词形或已登记拼写变体相符。,"n. 粉, 粉末, 火药
vt. 搽粉于, 搽粉, 撒粉, 使成粉末
vi. 搽粉, 变成粉末",s:powders/i:powdering/d:powdered/p:powdered/3:powders,ecdict-bc015ed2e24a
power,gk cet4 ky ielts,"[""cet4-w-2ce7a5d345c787af277e""]",in_selected_syllabus,与当前考纲词形或已登记拼写变体相符。,"n. 力, 体力, 力量, 势力, 动力, 权力, 强国, 乘方, 强度, 幂, 功率
vt. 使...有力量, 供以动力, 激励
[计] 乘幂; DOS外部命令:能控制许多电池电源计算机上的电源管理特性",s:powers/d:powered/p:powered/3:powers/i:powering,ecdict-bc015ed2e24a
powerful,gk cet4 cet6 ky,"[""cet4-w-ccef5a6793bdd87533db""]",in_selected_syllabus,与当前考纲词形或已登记拼写变体相符。,"a. 有力的, 有权力的, 强大的
[机] 强力的",,ecdict-bc015ed2e24a
practicable,cet4 cet6 toefl ielts,"[""cet4-w-37ae217d698bc1e106ae""]",in_selected_syllabus,与当前考纲词形或已登记拼写变体相符。,"a. 可实行的, 可做的, 可用的",,ecdict-bc015ed2e24a
practical,gk cet4 cet6 ky toefl ielts,"[""cet4-w-210644ae9316bd5866ee""]",in_selected_syllabus,与当前考纲词形或已登记拼写变体相符。,"a. 实际的, 现实的, 实用性的
[法] 事实上的, 实际上的, 接近...的",s:practicals,ecdict-bc015ed2e24a
practically,cet4 cet6 ky toefl ielts,[],outside_selected_syllabus,ECDICT 标签仅作候选；所选考纲四级范围无对应词形，不自动加入。,"adv. 几乎, 差不多, 事实上",,ecdict-bc015ed2e24a
practise,zk cet4 cet6 ky,"[""cet4-w-933fb89378391255294a""]",in_selected_syllabus,与当前考纲词形或已登记拼写变体相符。,"v. 实践, 实行, 练习, 实习, 从事(职业)",d:practised/i:practising/p:practised/3:practises/s:practises,ecdict-bc015ed2e24a
praise,zk gk cet4 cet6 ky toefl,"[""cet4-w-d0b4fd7ba8fca4e85f22""]",in_selected_syllabus,与当前考纲词形或已登记拼写变体相符。,"n. 赞美, 称赞, 崇拜
vt. 称赞, 赞美
vi. 赞扬, 表扬",d:praised/p:praised/i:praising/s:praises/3:praises,ecdict-bc015ed2e24a
pray,gk cet4 cet6 ky,"[""cet4-w-ad71174797a229b6d859""]",in_selected_syllabus,与当前考纲词形或已登记拼写变体相符。,"v. 祈祷, 恳求, 请",i:praying/p:prayed/d:prayed/3:prays,ecdict-bc015ed2e24a
prayer,gk cet4 cet6 ky,"[""cet4-w-5813c081806be89ff431""]",in_selected_syllabus,与当前考纲词形或已登记拼写变体相符。,"n. 祈祷, 恳求, 祷辞, 祈祷者",s:prayers,ecdict-bc015ed2e24a
precaution,cet4 cet6 ky toefl ielts,"[""cet4-w-43c0b19374f58efdf609""]",in_selected_syllabus,与当前考纲词形或已登记拼写变体相符。,"n. 预防, 留心, 警戒
vt. 预先警告",s:precautions,ecdict-bc015ed2e24a
preceding,cet4 cet6 ky toefl ielts,[],outside_selected_syllabus,ECDICT 标签仅作候选；所选考纲四级范围无对应词形，不自动加入。,"a. 在前的, 前面的
[法] 在前的, 在先的, 前面的",0:precede/1:i/i:preceding,ecdict-bc015ed2e24a
precious,gk cet4 cet6 ky toefl ielts,"[""cet4-w-88a5fa35f5caf33515b2""]",in_selected_syllabus,与当前考纲词形或已登记拼写变体相符。,"a. 宝贵的, 珍贵的, 过于精致的, 珍爱的",,ecdict-bc015ed2e24a
precise,gk cet4 cet6 ky toefl ielts gre,"[""cet4-w-8ab5da1135d8b3b089d4""]",in_selected_syllabus,与当前考纲词形或已登记拼写变体相符。,"a. 精确的, 严谨的, 明确的
[机] 精密的, 正确的",,ecdict-bc015ed2e24a
precision,cet4 cet6 ky toefl ielts,"[""cet4-w-de100e35ea8b294ef61c""]",in_selected_syllabus,与当前考纲词形或已登记拼写变体相符。,"n. 精密, 精确, 精确度, 精度
a. 精密的, 精确的
[计] 精度",s:precisions,ecdict-bc015ed2e24a
predict,gk cet4 cet6 ky toefl,"[""cet4-w-a6f1d1273857ca289747""]",in_selected_syllabus,与当前考纲词形或已登记拼写变体相符。,"v. 预知, 预言, 预报",d:predicted/p:predicted/i:predicting/3:predicts,ecdict-bc015ed2e24a
preface,cet4 cet6 ky ielts gre,"[""cet4-w-308a10897e4a3089c377""]",in_selected_syllabus,与当前考纲词形或已登记拼写变体相符。,"n. 序, 绪言, 前言
vi. 作序, 写前言
vt. 给...作序, 以...开始",d:prefaced/p:prefaced/s:prefaces/i:prefacing/3:prefaces,ecdict-bc015ed2e24a
prefer,gk cet4 cet6 ky,"[""cet4-w-282fbd1a959e4c7d2521""]",in_selected_syllabus,与当前考纲词形或已登记拼写变体相符。,"vt. 宁可, 较喜欢, 提出
[法] 给予优先权, 优先偿还, 提出",p:preferred/d:preferred/i:preferring/3:prefers,ecdict-bc015ed2e24a
preferable,cet4 cet6 ky toefl,"[""cet4-w-0149ce1d0be9dadcbfec""]",in_selected_syllabus,与当前考纲词形或已登记拼写变体相符。,"a. 更可取的, 更好的, 更合意的",,ecdict-bc015ed2e24a
preference,gk cet4 cet6 ky toefl ielts,"[""cet4-w-9f547d2dbbe002e08b87""]",in_selected_syllabus,与当前考纲词形或已登记拼写变体相符。,"n. 偏爱, 优先, 喜爱物
[计] 首选项",s:preferences,ecdict-bc015ed2e24a
prejudice,gk cet4 cet6 ky toefl ielts gre,"[""cet4-w-9496399260e7a9be69e4""]",in_selected_syllabus,与当前考纲词形或已登记拼写变体相符。,"n. 偏见, 成见, 侵害
vt. 使存偏见, 使有成见, 侵害",s:prejudices/d:prejudiced/i:prejudicing/p:prejudiced/3:prejudices,ecdict-bc015ed2e24a
preliminary,cet4 cet6 ky toefl ielts gre,"[""cet4-w-0927d5c3f334c68f47e7""]",in_selected_syllabus,与当前考纲词形或已登记拼写变体相符。,"n. 初步做法, 初步措施, 预试, 预选赛
a. 初步的, 开始的, 预备的",s:preliminaries,ecdict-bc015ed2e24a
premier,gk cet4 cet6 ky,"[""cet4-w-7d1ded735d87a363ceec""]",in_selected_syllabus,与当前考纲词形或已登记拼写变体相符。,"n. 总理, 首相
a. 首位的, 最初的",s:premiers/d:premiered/p:premiered/i:premiering/3:premiers,ecdict-bc015ed2e24a
preparation,gk cet4 cet6 ky,"[""cet4-w-d667f879350655fbb155""]",in_selected_syllabus,与当前考纲词形或已登记拼写变体相符。,"n. 准备, 预备, 预习
[化] 制剂",s:preparations,ecdict-bc015ed2e24a
prepare,zk gk cet4 cet6 ky ielts,"[""cet4-w-ce5aea2f557599008cb6""]",in_selected_syllabus,与当前考纲词形或已登记拼写变体相符。,"vt. 准备, 筹备, 使在思想上有准备, 制造, 调制
vi. 预备",d:prepared/i:preparing/p:prepared/3:prepares,ecdict-bc015ed2e24a
preposition,cet4 cet6 ky ielts gre,"[""cet4-w-bcae3f415727ff2ee323""]",in_selected_syllabus,与当前考纲词形或已登记拼写变体相符。,"n. 前置词, 介词",s:prepositions,ecdict-bc015ed2e24a
prescribe,cet4 cet6 ky toefl ielts gre,"[""cet4-w-cc5960b607a0c9ff396d""]",in_selected_syllabus,与当前考纲词形或已登记拼写变体相符。,"v. 规定, 指定, 嘱咐, 开处方",d:prescribed/i:prescribing/3:prescribes/p:prescribed,ecdict-bc015ed2e24a
presence,cet4 cet6 ky toefl ielts,"[""cet4-w-8cf784e55d69a14c3d1e""]",in_selected_syllabus,与当前考纲词形或已登记拼写变体相符。,"n. 出席, 面前, 存在, 仪态, 风度
[电] 出现",s:presences,ecdict-bc015ed2e24a
presently,cet4 cet6 ky,"[""cet4-w-38840c855d828f8b5341""]",in_selected_syllabus,与当前考纲词形或已登记拼写变体相符。,"adv. 目前, 不久",,ecdict-bc015ed2e24a
preserve,gk cet4 cet6 ky toefl ielts,"[""cet4-w-f6781ff591201d2b20ba""]",in_selected_syllabus,与当前考纲词形或已登记拼写变体相符。,"vt. 保护, 保持, 保存, 维持, 腌, 禁猎
vi. 加工食品, 禁猎
n. 加工成的食品, 禁猎地, 保护区, 防护物",d:preserved/i:preserving/3:preserves/p:preserved/s:preserves,ecdict-bc015ed2e24a
president,zk gk cet4 cet6 ky,"[""cet4-w-72dcfe19d22198c99fb5""]",in_selected_syllabus,与当前考纲词形或已登记拼写变体相符。,"n. 总统, 总裁, 董事长, (学院)院长, (大学)校长, 主管人, 主持人
[经] 总经理, 董事长, 总裁",s:presidents,ecdict-bc015ed2e24a
press,gk cet4 cet6 ky gre,"[""cet4-w-a2b4f16643a29faef0ca""]",in_selected_syllabus,与当前考纲词形或已登记拼写变体相符。,"n. 压, 揿, 按, 人群, 印刷机, 压力, 出版社, 记者, 报刊, 新闻舆论, 紧迫
vt. 压, 压榨, 紧抱, 逼迫, 推进, 强迫征募, 催逼
vi. 压, 重压, 催促, 拥挤, 奋力前进, 受压",p:pressed/d:pressed/i:pressing/s:presses/3:presses,ecdict-bc015ed2e24a
pressure,gk cet4 cet6 ky toefl ielts,"[""cet4-w-1fe1868903e6639c94c3""]",in_selected_syllabus,与当前考纲词形或已登记拼写变体相符。,"n. 压, 榨, 按, 强制, 压力, 压迫, 压强
vt. 迫使, 使增压, 密封",s:pressures/d:pressured/p:pressured/i:pressuring/3:pressures,ecdict-bc015ed2e24a
presumably,cet4 cet6 ky toefl ielts,[],outside_selected_syllabus,ECDICT 标签仅作候选；所选考纲四级范围无对应词形，不自动加入。,"adv. 推测上, 大概",,ecdict-bc015ed2e24a
pretend,gk cet4 cet6 ky toefl gre,"[""cet4-w-cc960672d1a45a8b687a""]",in_selected_syllabus,与当前考纲词形或已登记拼写变体相符。,"v. 假装, 伪称, 自命, 自称",i:pretending/p:pretended/3:pretends/d:pretended,ecdict-bc015ed2e24a
pretty,zk gk cet4 cet6 ky,"[""cet4-w-eb0e96b8b11c1b0cdc61""]",in_selected_syllabus,与当前考纲词形或已登记拼写变体相符。,"a. 漂亮的, 优美的, 机灵的, 狡猾的, 恰当的
adv. 相当, 颇",t:prettiest/r:prettier,ecdict-bc015ed2e24a
prevail,cet4 cet6 ky toefl ielts gre,"[""cet4-w-02b714805da9433ee16b""]",in_selected_syllabus,与当前考纲词形或已登记拼写变体相符。,"vi. 获胜, 流行, 盛行
[医] 流行, 盛行",3:prevails/d:prevailed/p:prevailed/i:prevailing,ecdict-bc015ed2e24a
prevent,zk gk cet4 cet6 ky toefl,"[""cet4-w-cb2b5c31522d9e7927a6""]",in_selected_syllabus,与当前考纲词形或已登记拼写变体相符。,"v. 预防, 防止, 阻止, 妨碍",i:preventing/d:prevented/3:prevents/p:prevented,ecdict-bc015ed2e24a
previous,cet4 cet6 ky toefl ielts gre,"[""cet4-w-fc1435bfee5d756e4809""]",in_selected_syllabus,与当前考纲词形或已登记拼写变体相符。,"a. 早先的, 前面的, 过急的
[法] 以前的, 生前的, 前述的",,ecdict-bc015ed2e24a
previously,cet4 cet6,[],outside_selected_syllabus,ECDICT 标签仅作候选；所选考纲四级范围无对应词形，不自动加入。,"adv. 先, 先前, 以前, 前, (非正式)过早, 过急, 在前, 在...以前, 在先
[计] 先前地",,ecdict-bc015ed2e24a
pride,zk gk cet4 cet6 ky toefl,"[""cet4-w-c5b3715438001bbc5c5c""]",in_selected_syllabus,与当前考纲词形或已登记拼写变体相符。,"n. 骄傲, 自尊心, 自豪, 精华, 勇气
vt. 以...自豪",3:prides/p:prided/d:prided/s:prides/i:priding,ecdict-bc015ed2e24a
priest,cet4 cet6 ky,"[""cet4-w-f256f0c21091210b3630""]",in_selected_syllabus,与当前考纲词形或已登记拼写变体相符。,"n. 祭司, 牧师, 神父, 神质人员, 僧侣, 泰斗",s:priests,ecdict-bc015ed2e24a
primarily,cet4 cet6,"[""cet4-w-8f9cc7d940d19011f2f8""]",in_selected_syllabus,与当前考纲词形或已登记拼写变体相符。,"adv. 主要地, 首先地",,ecdict-bc015ed2e24a
primary,zk gk cet4 cet6 ky toefl ielts,"[""cet4-w-44f38a203badbabf17f7""]",in_selected_syllabus,与当前考纲词形或已登记拼写变体相符。,"n. 最主要者, 原色
a. 主要的, 初期的, 根本的, 原始的, 首要的, 基本的
[计] 初等量; 主要的; 一次的",s:primaries,ecdict-bc015ed2e24a
prime,cet4 cet6 ky toefl ielts gre,"[""cet4-w-a0090b274a0169532435""]",in_selected_syllabus,与当前考纲词形或已登记拼写变体相符。,"n. 最佳部分, 初期, 全盛期
a. 主要的, 最初的, 根本的
v. 加油启动, 灌注, 填装",d:primed/i:priming/s:primes/p:primed/3:primes,ecdict-bc015ed2e24a
primitive,gk cet4 cet6 ky toefl ielts,"[""cet4-w-9567abcfe16330bf7185""]",in_selected_syllabus,与当前考纲词形或已登记拼写变体相符。,"n. 原始人, 早期艺术家
a. 原始的, 上古的
[计] 图元; 原语; 基元",s:primitives,ecdict-bc015ed2e24a
prince,cet4 cet6 ky,"[""cet4-w-279f0b7d8685981a8e67""]",in_selected_syllabus,与当前考纲词形或已登记拼写变体相符。,"n. 王子, 亲王, 国君, 贵族, 诸侯, 有权势的大人物",s:princes,ecdict-bc015ed2e24a
princess,cet4 cet6 ky,"[""cet4-w-6100aa1f6b7963fb74ca""]",in_selected_syllabus,与当前考纲词形或已登记拼写变体相符。,"n. 公主, 王妃, 女巨头",s:princesses,ecdict-bc015ed2e24a
principal,cet4 cet6 ky toefl ielts gre,"[""cet4-w-31dcd8793539c3fd041d""]",in_selected_syllabus,与当前考纲词形或已登记拼写变体相符。,"n. 校长, 首长, 本金, 主犯, 资本, 委托人
a. 主要的, 最重要的, 首要的",s:principals,ecdict-bc015ed2e24a
principle,gk cet4 cet6 ky gre,"[""cet4-w-455e6748b4d325a3e606""]",in_selected_syllabus,与当前考纲词形或已登记拼写变体相符。,"n. 原则, 原理, 主义
[化] 原理",s:principles,ecdict-bc015ed2e24a
print,zk gk cet4 ky,"[""cet4-w-1a2afefe5c4b039f012c""]",in_selected_syllabus,与当前考纲词形或已登记拼写变体相符。,"n. 打印, 版, 印刷物, 痕迹, 印刷业, 印刷字体, 图片, 印花布, 印章
v. 打印, 印刷, 铭记, 留印记于, 用印刷体写
[计] DOS外部命令:在打印机上打印文件, 可一边打印文件一边执行其他工作",d:printed/s:prints/i:printing/p:printed/3:prints,ecdict-bc015ed2e24a
prior,cet4 cet6 ky toefl ielts,"[""cet4-w-1fcdfa0c8ac75f42074b""]",in_selected_syllabus,与当前考纲词形或已登记拼写变体相符。,"a. 更重要的, 较早的, 在先的
n. 小隐修院院长, 大隐修院副院长",s:priors,ecdict-bc015ed2e24a
priority,cet4 cet6 ky toefl ielts gre,"[""cet4-w-3b1e06154d1e1da9af08""]",in_selected_syllabus,与当前考纲词形或已登记拼写变体相符。,"n. 优先权, 优先
[计] 优先级",s:priorities,ecdict-bc015ed2e24a
prison,zk gk cet4 cet6 ky toefl,"[""cet4-w-17dddca769ccd2e9a66c""]",in_selected_syllabus,与当前考纲词形或已登记拼写变体相符。,"n. 监狱, 监禁, 拘留所
vt. 监禁",s:prisons,ecdict-bc015ed2e24a
prisoner,zk gk cet4 cet6 ky,"[""cet4-w-2c3e9b618e10ad8249d9""]",in_selected_syllabus,与当前考纲词形或已登记拼写变体相符。,"n. 囚犯, 犯人, 战俘
[法] 犯人, 囚犯, 扣押犯",s:prisoners,ecdict-bc015ed2e24a
private,zk gk cet4 cet6 ky toefl ielts,"[""cet4-w-48b2237078cf0b1206ab""]",in_selected_syllabus,与当前考纲词形或已登记拼写变体相符。,"a. 私人的, 秘密的, 私立的, 隐蔽的
n. 士兵, 隐士, 阴部
[计] 私人的",s:privates,ecdict-bc015ed2e24a
privilege,gk cet4 cet6 ky toefl ielts gre,"[""cet4-w-c1a6f68dcf75bd8f8686""]",in_selected_syllabus,与当前考纲词形或已登记拼写变体相符。,"n. 特权, 特别恩典, 基本权利, 特免
vt. 给与...特权, 特免",s:privileges/i:privileging/d:privileged/p:privileged/3:privileges,ecdict-bc015ed2e24a
prize,zk gk cet4 cet6 ky,"[""cet4-w-5417338e237745f6b181""]",in_selected_syllabus,与当前考纲词形或已登记拼写变体相符。,"n. 奖赏, 奖金, 奖品, 战利品, 捕获
a. 得奖的
vt. 珍视, 估价, 捕获, 撬, 撬动",s:prizes/d:prized/p:prized/3:prizes/i:prizing,ecdict-bc015ed2e24a
probability,cet4 cet6 ky,"[""cet4-w-039ec3896a36b78e159f""]",in_selected_syllabus,与当前考纲词形或已登记拼写变体相符。,"n. 可能性, 或然率, 几率, 概率
[化] 概率; 几率",s:probabilities,ecdict-bc015ed2e24a
probable,gk cet4 cet6 ky,"[""cet4-w-b49dc85d716562b90105""]",in_selected_syllabus,与当前考纲词形或已登记拼写变体相符。,"a. 很可能的, 大概的, 可信的
n. 很有希望的候选人, 很可能的事情",s:probables,ecdict-bc015ed2e24a
probably,zk gk cet4 cet6,"[""cet4-w-86708441d619a4cffa34""]",in_selected_syllabus,与当前考纲词形或已登记拼写变体相符。,"adv. 大概, 或许",,ecdict-bc015ed2e24a
procedure,gk cet4 cet6 ky toefl ielts,"[""cet4-w-2c6720758036ff8785c4""]",in_selected_syllabus,与当前考纲词形或已登记拼写变体相符。,"n. 程序, 过程, 手续
[计] 规程; 过程",s:procedures,ecdict-bc015ed2e24a
proceed,cet4 cet6 ky toefl ielts,"[""cet4-w-b2f3c93dcb40273a5726""]",in_selected_syllabus,与当前考纲词形或已登记拼写变体相符。,"vi. 继续进行, 进行, 开始, 发出, 起诉
[法] 所得, 收入, 收益",s:proceeds/p:proceeded/i:proceeding/3:proceeds/d:proceeded,ecdict-bc015ed2e24a
process,gk cet4 cet6 ky toefl ielts,"[""cet4-w-1660ad04da5a63af629b""]",in_selected_syllabus,与当前考纲词形或已登记拼写变体相符。,"n. 程序, 进行, 过程
vt. 加工, 使...接受处理, 对...处置, 对...起诉
a. 经加工的, 有特殊光效的
[计] 进程",s:processes/d:processed/i:processing/p:processed/3:processes,ecdict-bc015ed2e24a
procession,cet4 cet6 ky gre,"[""cet4-w-076090bc14018b5559fe""]",in_selected_syllabus,与当前考纲词形或已登记拼写变体相符。,"n. 队伍, 连续, 列队行进, 涌出",s:processions,ecdict-bc015ed2e24a
proclaim,cet4 cet6 ky toefl ielts gre,"[""cet4-w-72d4f8899d7f6be1f46d""]",in_selected_syllabus,与当前考纲词形或已登记拼写变体相符。,"vt. 宣布, 公告, 宣言, 表明, 赞扬
[法] 宣布, 宣告, 公布",d:proclaimed/i:proclaiming/p:proclaimed/3:proclaims,ecdict-bc015ed2e24a
produce,zk gk cet4 cet6 ky toefl gre,"[""cet4-w-a87084012183e25887ae""]",in_selected_syllabus,与当前考纲词形或已登记拼写变体相符。,"n. 生产品, 物产, 后代
vt. 产生, 生产, 提出, 出示
vi. 生产, 制造",d:produced/p:produced/i:producing/3:produces,ecdict-bc015ed2e24a
product,gk cet4 cet6 ky ielts,"[""cet4-w-d13e0bc857cdaab0c197""]",in_selected_syllabus,与当前考纲词形或已登记拼写变体相符。,"n. 产品, 结果, 乘积
[化] 生产物",s:products,ecdict-bc015ed2e24a
production,gk cet4 cet6 ky ielts,"[""cet4-w-baf93f1c7522160e2938""]",in_selected_syllabus,与当前考纲词形或已登记拼写变体相符。,"n. 制造, 生产, 产物
[医] 产生, 生成",s:productions,ecdict-bc015ed2e24a
productive,cet4 cet6 ky toefl ielts,"[""cet4-w-015e941e489248b0e16e""]",in_selected_syllabus,与当前考纲词形或已登记拼写变体相符。,"a. 能生产的, 有生产价值的, 多产的
[医] 产出性的, 产生性的",,ecdict-bc015ed2e24a
profession,gk cet4 cet6 ky toefl ielts,"[""cet4-w-b7b2d07824f211421b54""]",in_selected_syllabus,与当前考纲词形或已登记拼写变体相符。,"n. 职业, 表白, 声明
[化] 工种; 职业",s:professions,ecdict-bc015ed2e24a
professional,cet4 cet6 ky toefl ielts,"[""cet4-w-99fd8e2fc0fc0610aca4""]",in_selected_syllabus,与当前考纲词形或已登记拼写变体相符。,"n. 专业人才
a. 专业的, 职业的",s:professionals,ecdict-bc015ed2e24a
professor,gk cet4 cet6 ky ielts,"[""cet4-w-7651de3a5b233835a924""]",in_selected_syllabus,与当前考纲词形或已登记拼写变体相符。,n. 教授,s:professors,ecdict-bc015ed2e24a
profit,gk cet4 cet6 ky toefl ielts,"[""cet4-w-43a03774aed13b550370""]",in_selected_syllabus,与当前考纲词形或已登记拼写变体相符。,"n. 利润, 赢利, 利益
vi. 有益, 获利, 赚钱
vt. 有益于",s:profits/i:profiting/p:profited/d:profited/3:profits,ecdict-bc015ed2e24a
profitable,cet4 cet6 ky,"[""cet4-w-a3875266c236678143c7""]",in_selected_syllabus,与当前考纲词形或已登记拼写变体相符。,"a. 有利润的, 有利益的, 赚钱的
[经] 有利(可图)的, 合算的",,ecdict-bc015ed2e24a
program,cet4 cet6 ielts,"[""cet4-w-1fdfdec531a328082d8a""]",in_selected_syllabus,与当前考纲词形或已登记拼写变体相符。,"n. 节目, 节目单, 程序, 纲要, 大纲, 计划
vt. 规划, 拟...计划
vi. 安排节目, 编程序
[计] 程序",s:programs/i:programming/p:programmed/3:programs/d:programmed,ecdict-bc015ed2e24a
progress,zk gk cet4 cet6 ky toefl,"[""cet4-w-bc702afec494d9bd0d8b""]",in_selected_syllabus,与当前考纲词形或已登记拼写变体相符。,"n. 进步, 发展, 前进
vi. 进步, 进行",i:progressing/d:progressed/3:progresses/p:progressed,ecdict-bc015ed2e24a
progressive,cet4 cet6 ky toefl,"[""cet4-w-789c8881f8b6b16e83b6""]",in_selected_syllabus,与当前考纲词形或已登记拼写变体相符。,"n. 改革论者, 进步论者
a. 前进的, 累进的, 进步的",s:progressives,ecdict-bc015ed2e24a
prohibit,gk cet4 cet6 ky toefl ielts,"[""cet4-w-c149552fea317fd045aa""]",in_selected_syllabus,与当前考纲词形或已登记拼写变体相符。,"vt. 禁止, 阻止
[经] 禁止",d:prohibited/i:prohibiting/3:prohibits/p:prohibited,ecdict-bc015ed2e24a
project,gk cet4 cet6 ky toefl ielts,"[""cet4-w-c2bf616f286cc20677f1""]",in_selected_syllabus,与当前考纲词形或已登记拼写变体相符。,"n. 计划, 设计, 事业
vt. 计划, 设计, 投掷, 发射, 使凸出, 放映
vi. 凸出",s:projects/d:projected/i:projecting/3:projects/p:projected,ecdict-bc015ed2e24a
prominent,cet4 cet6 ky toefl ielts gre,"[""cet4-w-e458bb6ab77441b7fc6e""]",in_selected_syllabus,与当前考纲词形或已登记拼写变体相符。,"a. 卓越的, 显著的, 突出的, 凸出的",s:prominents,ecdict-bc015ed2e24a
promise,zk gk cet4 cet6 ky toefl ielts,"[""cet4-w-2f4078efa2c7408baf3e""]",in_selected_syllabus,与当前考纲词形或已登记拼写变体相符。,"n. 诺言, 约定的事情, 有指望
vt. 允诺, 约定, 预示
vi. 允诺, 有前途, 有指望",p:promised/d:promised/s:promises/3:promises/i:promising,ecdict-bc015ed2e24a
promising,cet4 cet6 ky toefl ielts,"[""cet4-w-a08b8537fe27627f9e7d""]",in_selected_syllabus,与当前考纲词形或已登记拼写变体相符。,"a. 有希望的, 前途有望的
[经] 有希望的",0:promise/1:i/i:promising,ecdict-bc015ed2e24a
promote,gk cet4 cet6 ky toefl ielts gre,"[""cet4-w-5c3ac0bb3b28dfacd4f9""]",in_selected_syllabus,与当前考纲词形或已登记拼写变体相符。,"vt. 促进, 晋升, 创办, 推销
[经] 促进, 推广, 推销",d:promoted/i:promoting/3:promotes/p:promoted,ecdict-bc015ed2e24a
prompt,cet4 cet6 ky toefl ielts gre,"[""cet4-w-29049847076a20b85310""]",in_selected_syllabus,与当前考纲词形或已登记拼写变体相符。,"n. 激励, 提示, 提醒物, 提词, 付款期限
a. 迅速的, 敏捷的, 立刻的, 提词员的
vt. 激励, 鼓动, 提示
adv. 准时地
[计] 提示符; DOS内部命令:设定DOS命令行的提示符",p:prompted/d:prompted/i:prompting/3:prompts/s:prompts/r:prompter,ecdict-bc015ed2e24a
pronoun,cet4 cet6 ky,"[""cet4-w-de06861f9c02f5ffd83d""]",in_selected_syllabus,与当前考纲词形或已登记拼写变体相符。,n. 代词,s:pronouns,ecdict-bc015ed2e24a
pronounce,zk gk cet4 cet6 ky,"[""cet4-w-4711685a1b255273fd83""]",in_selected_syllabus,与当前考纲词形或已登记拼写变体相符。,"v. 发音, 宣告, 断言",p:pronounced/d:pronounced/i:pronouncing/3:pronounces,ecdict-bc015ed2e24a
pronunciation,zk gk cet4 cet6 ky,"[""cet4-w-7949a6cc853d90ee98af""]",in_selected_syllabus,与当前考纲词形或已登记拼写变体相符。,"n. 发音, 读法",s:pronunciations,ecdict-bc015ed2e24a
proof,cet4 cet6 ky toefl,"[""cet4-w-23a8928c589746ad9fd4""]",in_selected_syllabus,与当前考纲词形或已登记拼写变体相符。,"n. 证据, 证明, 试验, 检验, 考验
a. 不能透入的, 证明用的, 防...的, 耐...的
vt. 检验, 试验, 校对, 使不被穿透
[计] 审稿",s:proofs/d:proofed/i:proofing/p:proofed/3:proofs,ecdict-bc015ed2e24a
proper,zk gk cet4 cet6 ky toefl,"[""cet4-w-08c3bf2612948b323e0e""]",in_selected_syllabus,与当前考纲词形或已登记拼写变体相符。,"a. 适当的, 固有的, 高尚的, 专属的
adv. 完全地, 彻底地",,ecdict-bc015ed2e24a
properly,gk cet4 cet6,[],outside_selected_syllabus,ECDICT 标签仅作候选；所选考纲四级范围无对应词形，不自动加入。,"adv. 适当地, 相当地",,ecdict-bc015ed2e24a
property,cet4 cet6 ky toefl ielts,"[""cet4-w-e0e472674c9900ffe4ce""]",in_selected_syllabus,与当前考纲词形或已登记拼写变体相符。,"n. 财产, 所有权, 性质, 属性
[计] 属性",s:properties,ecdict-bc015ed2e24a
proportion,cet4 cet6 ky toefl ielts,"[""cet4-w-68d725f6dbd690b70621""]",in_selected_syllabus,与当前考纲词形或已登记拼写变体相符。,"n. 比例, 比率, 均衡, 部分, 面积
vt. 使成比例, 使均衡",s:proportions/d:proportioned/i:proportioning/p:proportioned/3:proportions,ecdict-bc015ed2e24a
proportional,cet4 cet6,"[""cet4-w-c49c54d881454c77a35c""]",in_selected_syllabus,与当前考纲词形或已登记拼写变体相符。,"a. 比例的, 相称的
n. 比例项",,ecdict-bc015ed2e24a
proposal,cet4 cet6 ky toefl gre,"[""cet4-w-3384dcf808f1ef68d0f6""]",in_selected_syllabus,与当前考纲词形或已登记拼写变体相符。,"n. 提议, 计划, 求婚
[经] 提案, 申请, 投标",s:proposals,ecdict-bc015ed2e24a
propose,cet4 cet6 ky toefl ielts,"[""cet4-w-d761a6b669c1f91260d2""]",in_selected_syllabus,与当前考纲词形或已登记拼写变体相符。,"vt. 计划, 打算, 建议, 提议, 求(婚)
vi. 打算, 求婚",d:proposed/p:proposed/i:proposing/3:proposes,ecdict-bc015ed2e24a
prospect,cet4 cet6 ky toefl ielts gre,"[""cet4-w-f262db840d22de476630""]",in_selected_syllabus,与当前考纲词形或已登记拼写变体相符。,"n. 景色, 展望
vt. 勘探, 勘察
vi. 勘探, 有前途",s:prospects/i:prospecting/p:prospected/3:prospects/d:prospected,ecdict-bc015ed2e24a
prosperity,cet4 cet6 ky toefl gre,[],outside_selected_syllabus,ECDICT 标签仅作候选；所选考纲四级范围无对应词形，不自动加入。,"n. 繁荣, 茂盛, 成功
[经] 繁荣",s:prosperities,ecdict-bc015ed2e24a
prosperous,cet4 cet6 ky toefl gre,[],outside_selected_syllabus,ECDICT 标签仅作候选；所选考纲四级范围无对应词形，不自动加入。,"a. 成功的, 繁盛的, 幸运的
[经] 繁荣的, 昌盛的",,ecdict-bc015ed2e24a
protect,zk gk cet4 cet6 ky,"[""cet4-w-8cd0f88d52501b93cfb9""]",in_selected_syllabus,与当前考纲词形或已登记拼写变体相符。,"vt. 防卫, 保护, 警戒
[法] 庇护, 保护, 警戒",d:protected/i:protecting/3:protects/p:protected,ecdict-bc015ed2e24a
protection,gk cet4 cet6 toefl,"[""cet4-w-354803133dd777e663ea""]",in_selected_syllabus,与当前考纲词形或已登记拼写变体相符。,"n. 保护, 防卫, 贸易保护制度
[计] 保护",s:protections,ecdict-bc015ed2e24a
protective,cet4 cet6,"[""cet4-w-420dd674c6ade7e3d185""]",in_selected_syllabus,与当前考纲词形或已登记拼写变体相符。,"a. 给予保护的, 保护的
[医] 保护的, 防护的, 保护剂, 保护物, 油绸",,ecdict-bc015ed2e24a
protein,cet4 cet6 ky toefl ielts,"[""cet4-w-acf84d914e3ef565af95""]",in_selected_syllabus,与当前考纲词形或已登记拼写变体相符。,"n. 蛋白质
a. 蛋白质的",s:proteins,ecdict-bc015ed2e24a
protest,cet4 cet6 ky toefl ielts gre,"[""cet4-w-d8c316c70a6fd53e9620""]",in_selected_syllabus,与当前考纲词形或已登记拼写变体相符。,"n. 抗议, 反对, 抗议书, 断言
v. 反对, 抗议, 断言",s:protests/p:protested/i:protesting/d:protested/3:protests,ecdict-bc015ed2e24a
proud,zk gk cet4 cet6 ky,"[""cet4-w-000d36c81dbff910a045""]",in_selected_syllabus,与当前考纲词形或已登记拼写变体相符。,"a. 骄傲的, 自大的, 自豪的, 辉煌的, 壮丽的",t:proudest/r:prouder,ecdict-bc015ed2e24a
prove,zk gk cet4 cet6 ky,"[""cet4-w-140cf80359181879f6f6""]",in_selected_syllabus,与当前考纲词形或已登记拼写变体相符。,"vt. 证明, 查验, 检验, 勘探, 显示
vi. 证明是",d:proved/p:proved/i:proving/3:proves,ecdict-bc015ed2e24a
provide,zk gk cet4 cet6 ky toefl,"[""cet4-w-8249715f89c1c775887c""]",in_selected_syllabus,与当前考纲词形或已登记拼写变体相符。,"vt. 提供, 供应, 规定, 预备
vi. 作准备, 抚养, 规定",d:provided/3:provides/i:providing/p:provided,ecdict-bc015ed2e24a
provided,cet4 cet6 ky ielts,"[""cet4-w-b7872938f182fd0b12b8""]",in_selected_syllabus,与当前考纲词形或已登记拼写变体相符。,"conj. 倘若, 以...为条件",0:provide/1:dp,ecdict-bc015ed2e24a
province,gk cet4 cet6 ky toefl,"[""cet4-w-9ff2b9a9d5af0f2f4c2e""]",in_selected_syllabus,与当前考纲词形或已登记拼写变体相符。,"n. 省, 地方, 职权, 领域
[法] 省, 地方, 领域",s:provinces,ecdict-bc015ed2e24a
provision,cet4 cet6 ky toefl ielts gre,"[""cet4-w-0c3eff31cac9a9bc1153""]",in_selected_syllabus,与当前考纲词形或已登记拼写变体相符。,"n. (政府提供的)钱和设备, 准备, 供应品, 规定, 条款
vt. 供给...食物及必需品",s:provisions/i:provisioning/p:provisioned/3:provisions/d:provisioned,ecdict-bc015ed2e24a
psychological,cet4 cet6 ielts,"[""cet4-w-97acf9c5db84d4568f62""]",in_selected_syllabus,与当前考纲词形或已登记拼写变体相符。,"a. 心理学的, 精神上的, 心灵的
[法] 心理上的, 心理学的",,ecdict-bc015ed2e24a
public,zk gk cet4 cet6 ky ielts,"[""cet4-w-0eb6b52e6a84e3c8183a""]",in_selected_syllabus,与当前考纲词形或已登记拼写变体相符。,"n. 公众, 民众
a. 公众的, 公共的, 公立的, 公用的",,ecdict-bc015ed2e24a
publication,cet4 cet6 ky toefl ielts,"[""cet4-w-c172e54d1754819a7f09""]",in_selected_syllabus,与当前考纲词形或已登记拼写变体相符。,"n. 出版物, 出版, 公布
[经] 发布",s:publications,ecdict-bc015ed2e24a
publish,gk cet4 cet6 ky,"[""cet4-w-1cecebc04c27b1cfef28""]",in_selected_syllabus,与当前考纲词形或已登记拼写变体相符。,"vt. 出版, 发行, 公开, 发表, 宣传, 公布
vi. 出版, 发行",d:published/p:published/i:publishing/3:publishes,ecdict-bc015ed2e24a
pudding,cet4 cet6,[],outside_selected_syllabus,ECDICT 标签仅作候选；所选考纲四级范围无对应词形，不自动加入。,n. 布丁,s:puddings,ecdict-bc015ed2e24a
puff,cet4 cet6 ky,[],outside_selected_syllabus,ECDICT 标签仅作候选；所选考纲四级范围无对应词形，不自动加入。,"n. 一阵喷烟, 肿块, 喘息
v. 喷出, 张开, 吹捧, (使)充气, 喘气, (使)骄傲, (使)膨胀",p:puffed/s:puffs/i:puffing/d:puffed/3:puffs,ecdict-bc015ed2e24a
pulse,gk cet4 cet6 ky toefl gre,"[""cet4-w-34ba52c6e51e5221fde4""]",in_selected_syllabus,与当前考纲词形或已登记拼写变体相符。,"n. 脉冲, 脉搏, 情绪, 意向, 拍子, 豆类
vi. 跳动, 脉跳
vt. 使跳动, 用脉冲调制
[计] 脉冲",s:pulses/p:pulsed/i:pulsing/d:pulsed/3:pulses,ecdict-bc015ed2e24a
pump,gk cet4 cet6 ky toefl ielts,"[""cet4-w-8b7d133f568bbf1a0373""]",in_selected_syllabus,与当前考纲词形或已登记拼写变体相符。,"n. 抽水机, 打气筒, 泵, 抽吸
vt. 用唧筒抽水, 打气, 盘问, 倾注, 使疲惫
vi. 抽水, 上下(或往复)运动",s:pumps/d:pumped/i:pumping/p:pumped/3:pumps,ecdict-bc015ed2e24a
punch,cet4 cet6 ky toefl gre,"[""cet4-w-3848a9372b39db382296""]",in_selected_syllabus,与当前考纲词形或已登记拼写变体相符。,"n. 打洞器, 钻孔机, 冲压机, 冲床, 潘趣酒
vt. 以拳重击, 开洞, 冲压
vi. 用拳猛击",p:punched/s:punches/i:punching/d:punched/3:punches,ecdict-bc015ed2e24a
punctual,gk cet4 cet6 ky toefl ielts,"[""cet4-w-4eaaaca6cb4b5e035f2b""]",in_selected_syllabus,与当前考纲词形或已登记拼写变体相符。,"a. 准时的, 守时的, 点状的, 中肯的
[经] 准时的, 不误期的, 准时",,ecdict-bc015ed2e24a
punish,zk gk cet4 cet6 ky,"[""cet4-w-1b9d9716460d91ff776f""]",in_selected_syllabus,与当前考纲词形或已登记拼写变体相符。,"vt. 处罚, 惩罚, 严厉对待
vi. 惩罚",d:punished/i:punishing/p:punished/3:punishes,ecdict-bc015ed2e24a
punishment,gk cet4 cet6,"[""cet4-w-bf36e1b5717b48091173""]",in_selected_syllabus,与当前考纲词形或已登记拼写变体相符。,"n. 处罚, 刑罚, 惩罚
[法] 罚, 处罚, 刑罚",s:punishments,ecdict-bc015ed2e24a
puppet,cet4 cet6 ky,[],outside_selected_syllabus,ECDICT 标签仅作候选；所选考纲四级范围无对应词形，不自动加入。,"n. 傀儡, 木偶
[法] 木偶, 傀儡, 受他人操纵的人",s:puppets,ecdict-bc015ed2e24a
purchase,gk cet4 cet6 ky toefl gre,"[""cet4-w-9006418e41074473f560""]",in_selected_syllabus,与当前考纲词形或已登记拼写变体相符。,"n. 购买, 购买品, 紧握, 绞辘
vt. 购买, 赢得, 努力取得, 用滑轮起(锚等)",d:purchased/s:purchases/p:purchased/i:purchasing/3:purchases,ecdict-bc015ed2e24a
pure,gk cet4 cet6 ky toefl ielts,"[""cet4-w-7d264f5a5671bba1f42e""]",in_selected_syllabus,与当前考纲词形或已登记拼写变体相符。,"a. 纯的, 纯净的, 纯洁的, 清白的, 完美的, 无瑕的, 抽象的
[医] 的, 纯净的",t:purest/r:purer,ecdict-bc015ed2e24a
purely,cet4 cet6,[],outside_selected_syllabus,ECDICT 标签仅作候选；所选考纲四级范围无对应词形，不自动加入。,"adv. 纯粹地, 清白地, 贞洁地",,ecdict-bc015ed2e24a
purify,cet4 cet6 ky toefl gre,"[""cet4-w-4b20e93e4f243f854e74""]",in_selected_syllabus,与当前考纲词形或已登记拼写变体相符。,"vi. 变纯净
vt. 使纯净, 净化, 提纯, 精炼",p:purified/d:purified/i:purifying/3:purifies,ecdict-bc015ed2e24a
purity,cet4 cet6 ielts gre,"[""cet4-w-de7edbed30f907b3c38f""]",in_selected_syllabus,与当前考纲词形或已登记拼写变体相符。,"n. 纯净, 纯正, 纯粹
[化] 纯度",s:purities,ecdict-bc015ed2e24a
purple,zk gk cet4 cet6 ky toefl,"[""cet4-w-1e26ef82862845123d75""]",in_selected_syllabus,与当前考纲词形或已登记拼写变体相符。,"n. 紫色, 帝位
a. 紫色的, 帝王的, 华而不实的
v. (使)成紫色",s:purples/d:purpled/i:purpling/p:purpled/3:purples/r:purpler/t:purplest,ecdict-bc015ed2e24a
purpose,zk gk cet4 cet6 ky ielts,"[""cet4-w-1796e3c80dde8d548cf7""]",in_selected_syllabus,与当前考纲词形或已登记拼写变体相符。,"n. 目的, 意向, 决心, 用途, 效果, 论题
vt. 意欲, 企图, 计划",s:purposes/i:purposing/p:purposed/3:purposes/d:purposed,ecdict-bc015ed2e24a
purse,zk gk cet4 cet6 ky ielts gre,"[""cet4-w-1cd1ca02241887d8f7b1""]",in_selected_syllabus,与当前考纲词形或已登记拼写变体相符。,"n. 钱包, 小钱袋, 金钱, 募捐款, 囊状物
v. 缩拢, 皱起",p:pursed/s:purses/d:pursed/i:pursing/3:purses,ecdict-bc015ed2e24a
pursue,cet4 cet6 ky toefl gre,"[""cet4-w-46c65ad943e8a1536f82""]",in_selected_syllabus,与当前考纲词形或已登记拼写变体相符。,"vt. 追赶, 追踪, 追随, 追求, 实行, 继续, 从事
vi. 追赶, 继续",d:pursued/i:pursuing/p:pursued/3:pursues,ecdict-bc015ed2e24a
pursuit,cet4 cet6 ky ielts,"[""cet4-w-804d5eb7753edef8e602""]",in_selected_syllabus,与当前考纲词形或已登记拼写变体相符。,"n. 追踪, 追求, 追赶, 娱乐, 职业
[法] 追捕, 追求",s:pursuits,ecdict-bc015ed2e24a
puzzle,gk cet4 cet6 ky toefl ielts,"[""cet4-w-f0c949fd38ef267a7288""]",in_selected_syllabus,与当前考纲词形或已登记拼写变体相符。,"n. 难题, 迷惑
vt. 使困惑, 使为难
vi. 迷惑, 苦思",s:puzzles/i:puzzling/p:puzzled/d:puzzled/3:puzzles,ecdict-bc015ed2e24a
qualify,cet4 cet6 ky toefl ielts,"[""cet4-w-61fcdb2b72fa192f637e""]",in_selected_syllabus,与当前考纲词形或已登记拼写变体相符。,"vi. 取得资格, 有资格
vt. 使有资格, 使合格, 限定, 限制, 准予",d:qualified/p:qualified/3:qualifies/i:qualifying,ecdict-bc015ed2e24a
quality,gk cet4 cet6 ky toefl ielts,"[""cet4-w-865ca5f298b64e3cb887""]",in_selected_syllabus,与当前考纲词形或已登记拼写变体相符。,"n. 品质, 特性, 才能, 质量
a. 优质的
[计] 品质",s:qualities,ecdict-bc015ed2e24a
quantity,gk cet4 cet6 ky toefl,"[""cet4-w-30ca3ccfea5d5222c9e7""]",in_selected_syllabus,与当前考纲词形或已登记拼写变体相符。,"n. 量, 数量, 总量
[计] 数量; 量",s:quantities,ecdict-bc015ed2e24a
quarrel,gk cet4 cet6 ky,"[""cet4-w-40b4feac8235929d7a02""]",in_selected_syllabus,与当前考纲词形或已登记拼写变体相符。,"n. 吵架, 反目, 怨言, 方头凿
vi. 吵架, 争论, 挑剔",s:quarrels/p:quarrelled/i:quarrelling/d:quarrelled/3:quarrels,ecdict-bc015ed2e24a
quart,cet4 cet6 ky,[],outside_selected_syllabus,ECDICT 标签仅作候选；所选考纲四级范围无对应词形，不自动加入。,"n. 夸脱
[医] 夸脱(四分之一加仑)",s:quarts,ecdict-bc015ed2e24a
quarterly,cet4 cet6 ky toefl ielts,"[""cet4-w-dfafe1e2b696b7903343""]",in_selected_syllabus,与当前考纲词形或已登记拼写变体相符。,"a. 季度的, 按季度的, 每季的
adv. 按季, 每三个月, 每季一次
n. 季刊",s:quarterlies,ecdict-bc015ed2e24a
queen,zk gk cet4 cet6 ky,"[""cet4-w-369d3ec8d65169896f57""]",in_selected_syllabus,与当前考纲词形或已登记拼写变体相符。,"n. 王后, 女王
vt. 立为女王
vi. 做女王",s:queens/i:queening/p:queened/3:queens/d:queened,ecdict-bc015ed2e24a
queer,cet4 cet6 ky toefl ielts gre,[],outside_selected_syllabus,ECDICT 标签仅作候选；所选考纲四级范围无对应词形，不自动加入。,"n. 怪人, 同性恋者
a. 奇怪的, 不舒服的, 可疑的
vt. 搞糟",s:queers/t:queerest/i:queering/r:queerer/3:queers/d:queered/p:queered,ecdict-bc015ed2e24a
queue,gk cet4 cet6 ky gre,"[""cet4-w-ce1377180b245f0fc097""]",in_selected_syllabus,与当前考纲词形或已登记拼写变体相符。,"n. 辫子, 一队人, 队列
vt. 使排队, 将...梳成辫子
vi. 排队
[计] 队列",s:queues/i:queuing/p:queued/d:queued/3:queues,ecdict-bc015ed2e24a
quicken,cet4 cet6,[],outside_selected_syllabus,ECDICT 标签仅作候选；所选考纲四级范围无对应词形，不自动加入。,"vt. 加快, 激发, 使有生气, 鼓舞, 使复活
vi. 加快, 变活跃, 进入胎动期",p:quickened/3:quickens/d:quickened/i:quickening,ecdict-bc015ed2e24a
quilt,gk cet4 cet6 ky toefl,[],outside_selected_syllabus,ECDICT 标签仅作候选；所选考纲四级范围无对应词形，不自动加入。,"n. 棉被
vt. 加软衬料后缝制, 东拼西凑地编
vi. 缝被子",s:quilts/i:quilting/d:quilted/p:quilted/3:quilts,ecdict-bc015ed2e24a
quit,gk cet4 cet6 ky ielts,"[""cet4-w-8955a7631f94b85b4f1b""]",in_selected_syllabus,与当前考纲词形或已登记拼写变体相符。,"vi. 离开, 辞职, 停止
vt. 离开, 放弃, 使解除, 停止
n. 离开
[计] 结束, 退出",p:quit/0:quit/1:pd/i:quitting/d:quit/3:quits,ecdict-bc015ed2e24a
quiz,gk cet4 cet6 ky,"[""cet4-w-1a6234e0cf12ce8f3c62""]",in_selected_syllabus,与当前考纲词形或已登记拼写变体相符。,"n. 考查, 课堂测验, 恶作剧, 智力测验
vt. 戏弄, 考查, 恶作剧",d:quizzed/p:quizzed/i:quizzing/3:quizzes,ecdict-bc015ed2e24a
quotation,cet4 cet6 toefl,"[""cet4-w-e4d605b16add2e0a7332""]",in_selected_syllabus,与当前考纲词形或已登记拼写变体相符。,"n. 引用语, 语录, 牌价, 报价
[化] 报价",s:quotations,ecdict-bc015ed2e24a
quote,cet4 cet6 ky gre,"[""cet4-w-940ff4051af2229a8d5e""]",in_selected_syllabus,与当前考纲词形或已登记拼写变体相符。,"n. 引用
vt. 引述, 举证, 报(价)
vi. 引用",d:quoted/p:quoted/i:quoting/3:quotes/s:quotes,ecdict-bc015ed2e24a
rabbit,zk gk cet4 cet6 ky,"[""cet4-w-d529a71af386efbddf45""]",in_selected_syllabus,与当前考纲词形或已登记拼写变体相符。,"n. 兔子
vi. 猎兔
vt. 让...见鬼去",s:rabbits/i:rabbiting/p:rabbited/3:rabbits/d:rabbited,ecdict-bc015ed2e24a
race,zk gk cet4 cet6 ky toefl,"[""cet4-w-426d325f58965d43d39f""]",in_selected_syllabus,与当前考纲词形或已登记拼写变体相符。,"n. 种族, 人种, 赛跑, 比赛, 急流, 人类, 同道, 姜根
vi. 赛跑, 竞赛, 疾走
vt. 与...赛跑, 使疾走, 使猛转
[计] 竞争; 追赶; 欧州高级通信研究开发计划",s:races/i:racing/p:raced/d:raced/3:races,ecdict-bc015ed2e24a
racial,gk cet4 cet6 ky,"[""cet4-w-14f92f776494de7402e1""]",in_selected_syllabus,与当前考纲词形或已登记拼写变体相符。,"a. 人种的, 种族的
[医] 种族的",,ecdict-bc015ed2e24a
rack,cet4 cet6 ky toefl ielts,"[""cet4-w-eed20941443a6c26b60b""]",in_selected_syllabus,与当前考纲词形或已登记拼写变体相符。,"n. 架, 行李架, 饲草架, 搁物架, 痛苦, 折磨, 齿条, 行云团
vt. 把...放在架上, 在架上制作, 折磨, 使痛苦, 压榨, 榨取, 猛烈撕拉, 拷问
vi. 变形, 倾斜, (云)随风飘, (马)小步跑
[计] 机架",s:racks/d:racked/p:racked/i:racking/3:racks,ecdict-bc015ed2e24a
racket,cet4 cet6 ky ielts,[],outside_selected_syllabus,ECDICT 标签仅作候选；所选考纲四级范围无对应词形，不自动加入。,"n. 球拍, 喧闹, 杂乱无章
vi. 喧闹
vt. 用球拍打",s:rackets,ecdict-bc015ed2e24a
radar,cet4 cet6 ky toefl ielts,"[""cet4-w-af91ba75aba2879feab4""]",in_selected_syllabus,与当前考纲词形或已登记拼写变体相符。,"n. 雷达, 无线电探测器
[计] 雷达图",s:radars,ecdict-bc015ed2e24a
radiate,cet4 cet6 ky toefl ielts,[],outside_selected_syllabus,ECDICT 标签仅作候选；所选考纲四级范围无对应词形，不自动加入。,"vt. 放射, 散发, 辐射, 传播, 广播
vi. 发光, 辐射, 流露
a. 有射线的, 辐射状的",i:radiating/p:radiated/3:radiates/d:radiated,ecdict-bc015ed2e24a
radiation,gk cet4 cet6 ky toefl,[],outside_selected_syllabus,ECDICT 标签仅作候选；所选考纲四级范围无对应词形，不自动加入。,"n. 辐射
[化] 放射",s:radiations,ecdict-bc015ed2e24a
radical,cet4 cet6 ky toefl ielts,"[""cet4-w-afac14ed92eed83cb2f2""]",in_selected_syllabus,与当前考纲词形或已登记拼写变体相符。,"n. 激进分子, 词根, 基础, 根式, 根
a. 激进的, 根本的, 基本的, 根的",s:radicals,ecdict-bc015ed2e24a
radioactive,gk cet4 cet6 ky,[],outside_selected_syllabus,ECDICT 标签仅作候选；所选考纲四级范围无对应词形，不自动加入。,"a. 放射性的, 有放射能的
[医] 放射性的, 放射的",,ecdict-bc015ed2e24a
radioactivity,cet4 cet6,[],outside_selected_syllabus,ECDICT 标签仅作候选；所选考纲四级范围无对应词形，不自动加入。,"n. 放射性
[化] 放射性",s:radioactivities,ecdict-bc015ed2e24a
radish,cet4 cet6,[],outside_selected_syllabus,ECDICT 标签仅作候选；所选考纲四级范围无对应词形，不自动加入。,n. 小萝卜,s:radishes,ecdict-bc015ed2e24a
radium,gk cet4 cet6,[],outside_selected_syllabus,ECDICT 标签仅作候选；所选考纲四级范围无对应词形，不自动加入。,"n. 镭
[化] 镭Ra",,ecdict-bc015ed2e24a
radius,cet4 cet6 ky toefl ielts gre,[],outside_selected_syllabus,ECDICT 标签仅作候选；所选考纲四级范围无对应词形，不自动加入。,"n. 半径, 范围, 辐射光线
[电] 半径",s:radii,ecdict-bc015ed2e24a
rag,gk cet4 cet6 ky gre,"[""cet4-w-91815b10c3c2aa303965""]",in_selected_syllabus,与当前考纲词形或已登记拼写变体相符。,"n. 碎布, 抹布, 碎片, 碎屑, 少量, 破旧衣服
vt. 责骂, 揶揄, 戏弄
vi. 喧闹",s:rags/d:ragged/i:ragging/p:ragged/3:rags,ecdict-bc015ed2e24a
rage,cet4 cet6 ky toefl ielts gre,"[""cet4-w-c7b97c7b4c31685b30cc""]",in_selected_syllabus,与当前考纲词形或已登记拼写变体相符。,"n. 愤怒, 情绪激动, 狂暴
vi. 大怒, 狂吹, 流行",p:raged/i:raging/d:raged/s:rages/3:rages,ecdict-bc015ed2e24a
raid,cet4 cet6 ky toefl ielts gre,"[""cet4-w-569ae4dcf724f83ee56c""]",in_selected_syllabus,与当前考纲词形或已登记拼写变体相符。,"n. 袭击, 突袭, 搜捕
v. 奇袭, 搜捕
[计] 廉价磁盘冗余阵列",s:raids/p:raided/d:raided/i:raiding/3:raids,ecdict-bc015ed2e24a
rail,gk cet4 cet6 ky toefl ielts gre,"[""cet4-w-85156d3bff946efb1434""]",in_selected_syllabus,与当前考纲词形或已登记拼写变体相符。,"n. 横杆, 围栏, 栏杆, 铁轨, 扶手, 秧鸡
vt. 以横木围栏, 给...铺铁轨
vi. 责骂, 抱怨",s:rails/p:railed/d:railed/i:railing/3:rails,ecdict-bc015ed2e24a
railroad,cet4 cet6 ky,"[""cet4-w-f52c9407a6b8d4a9bc05""]",in_selected_syllabus,与当前考纲词形或已登记拼写变体相符。,"n. 铁路, 铁路公司
vt. 铺设铁路, 用铁路运输
vi. 在铁路工作",s:railroads/d:railroaded/i:railroading/p:railroaded/3:railroads,ecdict-bc015ed2e24a
rainbow,gk cet4 cet6 ky toefl,"[""cet4-w-cce63c5f941b4f36c77f""]",in_selected_syllabus,与当前考纲词形或已登记拼写变体相符。,"n. 彩虹
a. 五彩缤纷的",s:rainbows,ecdict-bc015ed2e24a
rainy,zk gk cet4 cet6,"[""cet4-w-7a22ac184b4251a2f5cc""]",in_selected_syllabus,与当前考纲词形或已登记拼写变体相符。,"a. 下雨的, 多雨的",t:rainiest,ecdict-bc015ed2e24a
rake,cet4 cet6 ky,[],outside_selected_syllabus,ECDICT 标签仅作候选；所选考纲四级范围无对应词形，不自动加入。,"n. 耙子, 钱耙, 斜度, 浪子
v. 搜索, 掠过, (用耙子)耙, (使)倾斜",p:raked/i:raking/d:raked/s:rakes/3:rakes,ecdict-bc015ed2e24a
range,gk cet4 cet6 ky toefl ielts,"[""cet4-w-71e377a58836133df41f""]",in_selected_syllabus,与当前考纲词形或已登记拼写变体相符。,"n. 排, 行, 山脉, 范围, 行列, 射程
vt. 排列, 归类于, 使并列, 放牧
vi. 平行, 延伸, 漫游
[计] 量程; 范围; 域; 距离",i:ranging/s:ranges/p:ranged/3:ranges/d:ranged,ecdict-bc015ed2e24a
rank,gk cet4 cet6 ky toefl ielts,"[""cet4-w-2afd01b31dcbf4e6b93c""]",in_selected_syllabus,与当前考纲词形或已登记拼写变体相符。,"n. 等级, 排, 横列, 队伍, 阶级
a. 茂密丛生的, 恶臭的, 十足的, 粗俗的
vt. 排列, 归类于, 把...分等
vi. 列为, 列队
n. 秩
[计] 秩",s:ranks/d:ranked/3:ranks/i:ranking/p:ranked,ecdict-bc015ed2e24a
rapid,zk gk cet4 cet6 ky ielts,"[""cet4-w-df2b82646ae75bcff240""]",in_selected_syllabus,与当前考纲词形或已登记拼写变体相符。,"a. 迅速的, 飞快的, 急促的, 陡的
n. 急流",s:rapids,ecdict-bc015ed2e24a
rapidly,cet4 cet6,[],outside_selected_syllabus,ECDICT 标签仅作候选；所选考纲四级范围无对应词形，不自动加入。,"adv. 飞快地, 迅速地, 赶紧地",,ecdict-bc015ed2e24a
rare,gk cet4 cet6 ky toefl ielts,"[""cet4-w-14fc37abc939993a6807""]",in_selected_syllabus,与当前考纲词形或已登记拼写变体相符。,"a. 稀罕的, 罕有的, 珍奇的, 稀薄的, 半熟的, 非常好的
adv. 非常",r:rarer/t:rarest/i:raring,ecdict-bc015ed2e24a
rarely,cet4 cet6 ky toefl ielts,"[""cet4-w-71f6b76474f0b5e4ebfb""]",in_selected_syllabus,与当前考纲词形或已登记拼写变体相符。,"adv. 很少地, 罕有地",,ecdict-bc015ed2e24a
rat,zk gk cet4 cet6 ky toefl ielts,"[""cet4-w-a509dee4d4e02c83dbf5""]",in_selected_syllabus,与当前考纲词形或已登记拼写变体相符。,"n. 鼠, 卑鄙的人, 破坏者, 变节者
vi. 捕鼠, 变节
vt. 弄蓬松",s:rats/i:ratting/d:ratted/p:ratted/3:rats,ecdict-bc015ed2e24a
rate,gk cet4 cet6 ky ielts,"[""cet4-w-99d732368fcd1f1fe966""]",in_selected_syllabus,与当前考纲词形或已登记拼写变体相符。,"n. 比率, 率, 速度, 价格, 费用, 等级
vt. 估价, 认为, 鉴定等级, 责骂
vi. 被评价, 责骂",s:rates/d:rated/p:rated/i:rating/3:rates,ecdict-bc015ed2e24a
rather,zk gk cet4 cet6 ky,"[""cet4-w-f87ce91cc2f19551a15f""]",in_selected_syllabus,与当前考纲词形或已登记拼写变体相符。,"adv. 宁可, 稍微, 相当",,ecdict-bc015ed2e24a
ratio,cet4 cet6 ky toefl ielts,"[""cet4-w-1fdf1c956d66f9491b15""]",in_selected_syllabus,与当前考纲词形或已登记拼写变体相符。,"n. 比, 比率
[医] 比, 比率, 比例",s:ratios,ecdict-bc015ed2e24a
rational,cet4 cet6 ky toefl ielts gre,"[""cet4-w-72c7b9939a316efceecf""]",in_selected_syllabus,与当前考纲词形或已登记拼写变体相符。,"a. 理性的, 合理的
n. 有理数",,ecdict-bc015ed2e24a
raw,gk cet4 cet6 ky toefl ielts,"[""cet4-w-1d8767646d9661eafbd3""]",in_selected_syllabus,与当前考纲词形或已登记拼写变体相符。,"n. 擦伤处, 半成品
a. 生的, 未加工的, 生疏的, 不成熟的, 阴冷的, 刺痛的, 擦掉皮的
vt. 擦伤
[计] 写后读",t:rawest,ecdict-bc015ed2e24a
ray,gk cet4 cet6 ky toefl,"[""cet4-w-ce7566b9bca406deb10d""]",in_selected_syllabus,与当前考纲词形或已登记拼写变体相符。,"n. 光线, 射线, 闪烁, 光辉
vi. 射出光线, 浮现, 放射光线
vt. 放射, 显出",s:rays/i:raying/p:rayed/3:rays/d:rayed,ecdict-bc015ed2e24a
razor,gk cet4 cet6 ky gre,[],outside_selected_syllabus,ECDICT 标签仅作候选；所选考纲四级范围无对应词形，不自动加入。,"n. 剃刀
vt. 剃",s:razors,ecdict-bc015ed2e24a
reach,zk gk cet4 cet6 ky,"[""cet4-w-efb26f520dfd02888a1e""]",in_selected_syllabus,与当前考纲词形或已登记拼写变体相符。,"n. 伸出, 延伸, 区域, 范围, 流域, 岬
vt. 到达, 达到, 伸出, 延伸, 影响
vi. 达到, 延伸, 伸出手, 传到",p:reached/d:reached/i:reaching/3:reaches/s:reaches,ecdict-bc015ed2e24a
react,gk cet4 cet6 ky toefl,"[""cet4-w-25dfe87120b7c0b3f123""]",in_selected_syllabus,与当前考纲词形或已登记拼写变体相符。,"vi. 起反应, 起作用, 反攻
[医] 应答, 发生反应",p:reacted/i:reacting/d:reacted/3:reacts,ecdict-bc015ed2e24a
reaction,cet4 cet6,"[""cet4-w-4dd43083d65394818aa9""]",in_selected_syllabus,与当前考纲词形或已登记拼写变体相符。,"n. 反应, 反作用, 反动
[医] 反应",s:reactions,ecdict-bc015ed2e24a
reader,cet4 cet6 ky,"[""cet4-w-f903463fef18f373a48a""]",in_selected_syllabus,与当前考纲词形或已登记拼写变体相符。,"n. 读者, 读物, 文选, 校对人, 讲师
[计] 阅读程序; 阅读器",s:readers,ecdict-bc015ed2e24a
readily,cet4 cet6 ky toefl ielts gre,"[""cet4-w-2bd1bc40402d0aab47ba""]",in_selected_syllabus,与当前考纲词形或已登记拼写变体相符。,"adv. 迅速地, 轻易地, 乐意地",,ecdict-bc015ed2e24a
reading,gk cet4 cet6 ky ielts,"[""cet4-w-5e7b1c4240dbdf224bcb""]",in_selected_syllabus,与当前考纲词形或已登记拼写变体相符。,"n. 阅读, 知识, 读物
a. 阅读的",0:read/1:i/i:reading/s:readings,ecdict-bc015ed2e24a
real,zk gk cet4 cet6 ky,"[""cet4-w-f3d982907eb6ee544ca4""]",in_selected_syllabus,与当前考纲词形或已登记拼写变体相符。,"a. 真的, 真实的, 实际的, 实在的, 不动(产)的, 实数的
n. 实数, 现实
adv. 真正地",,ecdict-bc015ed2e24a
reality,gk cet4 cet6 ky,"[""cet4-w-9d2b2e0aea3b66bc7973""]",in_selected_syllabus,与当前考纲词形或已登记拼写变体相符。,"n. 实在, 事实, 实体, 逼真
[法] 现实, 实在存在的事物, 实在性",s:realities,ecdict-bc015ed2e24a
realize,cet4 cet6 toefl,"[""cet4-w-6d5436f758d90bfc4d1c""]",in_selected_syllabus,与当前考纲词形或已登记拼写变体相符。,"vt. 了解, 实现, 使显得逼真, 变卖
vi. 变卖",p:realized/d:realized/i:realizing/3:realizes,ecdict-bc015ed2e24a
realm,cet4 cet6 ky toefl ielts gre,"[""cet4-w-91a91ab9d7447218d5e9""]",in_selected_syllabus,与当前考纲词形或已登记拼写变体相符。,"n. 王国, 领土, 领域
[计] 领域",s:realms,ecdict-bc015ed2e24a
reap,cet4 cet6 ky toefl ielts gre,"[""cet4-w-41f5d0f3fd931e499d7e""]",in_selected_syllabus,与当前考纲词形或已登记拼写变体相符。,"vt. 收割, 收获, 获得
vi. 收割, 得到报应",i:reaping/p:reaped/d:reaped/3:reaps,ecdict-bc015ed2e24a
rear,cet4 cet6 ky toefl ielts,"[""cet4-w-64226b6440458f2fb129""]",in_selected_syllabus,与当前考纲词形或已登记拼写变体相符。,"n. 后面, 背后, 后方
a. 后面的, 背面的, 后方的
vt. 养育, 培养, 饲养, 举起, 树立, 栽种
vi. 高耸, 暴跳",d:reared/p:reared/i:rearing/3:rears/s:rears,ecdict-bc015ed2e24a
reasonable,gk cet4 cet6 ky ielts,"[""cet4-w-020fc0b29a1461875bae""]",in_selected_syllabus,与当前考纲词形或已登记拼写变体相符。,"a. 合理的, 明理的, 适当的
[法] 合理的, 公道的, 正当的",,ecdict-bc015ed2e24a
rebel,cet4 cet6 ky toefl,"[""cet4-w-5d078c24bf23fce566b7""]",in_selected_syllabus,与当前考纲词形或已登记拼写变体相符。,"n. 叛徒, 反叛者
vi. 造反, 反抗, 抵抗, 反感
a. 造反的, 反抗的",s:rebels/p:rebelled/i:rebelling/d:rebelled/3:rebels,ecdict-bc015ed2e24a
rebellion,cet4 cet6 ky toefl,"[""cet4-w-ad1876a81f68719a21ba""]",in_selected_syllabus,与当前考纲词形或已登记拼写变体相符。,"n. 谋反, 叛乱, 反抗
[法] 造反, 反叛, 叛乱",s:rebellions,ecdict-bc015ed2e24a
recall,cet4 cet6 ky toefl ielts gre,"[""cet4-w-4103265b251268fb59db""]",in_selected_syllabus,与当前考纲词形或已登记拼写变体相符。,"n. 回忆, 召回, 撤消
vt. 回想, 回忆, 召回, 撤消, 使恢复
[计] 检索",p:recalled/3:recalls/d:recalled/i:recalling,ecdict-bc015ed2e24a
receiver,gk cet4 cet6 toefl,"[""cet4-w-dda2de13c3d78874385b""]",in_selected_syllabus,与当前考纲词形或已登记拼写变体相符。,"n. 接收器；接受者；收信机；收款员, 接待者",s:receivers,ecdict-bc015ed2e24a
recent,zk gk cet4 cet6 ky toefl,"[""cet4-w-9d192333f0ed8437f07d""]",in_selected_syllabus,与当前考纲词形或已登记拼写变体相符。,"a. 最近的, 近代的, 最新的
[经] 最近的, 新进的",,ecdict-bc015ed2e24a
recently,cet4 cet6 toefl,"[""cet4-w-ce80620475cf8ad4c4de""]",in_selected_syllabus,与当前考纲词形或已登记拼写变体相符。,adv. 最近,,ecdict-bc015ed2e24a
reception,gk cet4 cet6 ky toefl ielts,"[""cet4-w-c649cd18297a5378a436""]",in_selected_syllabus,与当前考纲词形或已登记拼写变体相符。,"n. 接待, 接受, 招待会
[医] 接受, 感受",s:receptions,ecdict-bc015ed2e24a
recite,zk gk cet4 cet6 ky ielts,"[""cet4-w-1b172a66123657e1293b""]",in_selected_syllabus,与当前考纲词形或已登记拼写变体相符。,"v. 背诵, 朗读, 叙述",i:reciting/p:recited/d:recited/3:recites,ecdict-bc015ed2e24a
recognition,cet4 cet6 ky toefl,"[""cet4-w-f62dd39b95e5b7fc2ac4""]",in_selected_syllabus,与当前考纲词形或已登记拼写变体相符。,"n. 赞誉, 认得, 识别, 承认, 认可, 认识
[电] 认识",s:recognitions,ecdict-bc015ed2e24a
recognize,cet4 cet6 ky toefl,"[""cet4-w-8de32bcd225a5a590c7f""]",in_selected_syllabus,与当前考纲词形或已登记拼写变体相符。,"vt. 认出, 认可, 承认, 公认, 识别, 赏识
vi. 承认, 具结",d:recognized/p:recognized/i:recognizing/3:recognizes,ecdict-bc015ed2e24a
recollect,cet4 cet6 ky,[],outside_selected_syllabus,ECDICT 标签仅作候选；所选考纲四级范围无对应词形，不自动加入。,"vt. 回忆, 回想, 忆起
vi. 回忆",p:recollected/3:recollects/i:recollecting/d:recollected,ecdict-bc015ed2e24a
recommend,gk cet4 cet6 ky toefl,"[""cet4-w-bc96281a6a7aab40d4b4""]",in_selected_syllabus,与当前考纲词形或已登记拼写变体相符。,"vt. 推荐, 介绍, 劝告, 使受欢迎, 托付
[经] 建议, 推荐",d:recommended/p:recommended/3:recommends/i:recommending,ecdict-bc015ed2e24a
recommendation,cet4 cet6 toefl ielts,"[""cet4-w-d35261c2a1e538208d91""]",in_selected_syllabus,与当前考纲词形或已登记拼写变体相符。,"n. 推荐, 介绍, 推荐信, 劝告
[经] 建议书",s:recommendations,ecdict-bc015ed2e24a
record,zk gk cet4 cet6 ky ielts,"[""cet4-w-ade09701904751dc245c""]",in_selected_syllabus,与当前考纲词形或已登记拼写变体相符。,"n. 记录, 履历, 档案, 审判记录, 最高纪录, 唱片
vt. 记录, 记载, 标明, 将...录音
vi. 记录, 录音, 可被录音
a. 创纪录的
[计] 录制, 记录",s:records/d:recorded/p:recorded/i:recording/3:records,ecdict-bc015ed2e24a
recorder,zk gk cet4 cet6 ky ielts,"[""cet4-w-a7f2fc6cffe4667c1932""]",in_selected_syllabus,与当前考纲词形或已登记拼写变体相符。,"n. 记录员, 录音机
n. 记录器
[计] 宏录制器, 记录器",s:recorders,ecdict-bc015ed2e24a
recover,gk cet4 cet6 ky toefl ielts,"[""cet4-w-5ee23c2472cd65c9274e""]",in_selected_syllabus,与当前考纲词形或已登记拼写变体相符。,"vt. 重新获得, 恢复, 复原, 拯救
vi. 痊愈, 复原, 胜诉
[计] 恢复",d:recovered/i:recovering/p:recovered/3:recovers,ecdict-bc015ed2e24a
recovery,cet4 cet6 ky,"[""cet4-w-dafee5d4f6a54323a335""]",in_selected_syllabus,与当前考纲词形或已登记拼写变体相符。,"n. 恢复, 复原, 痊愈, 重获
[计] 恢复",s:recoveries,ecdict-bc015ed2e24a
recreation,gk cet4 cet6 ky toefl ielts,"[""cet4-w-9e9da4e06394a77cfa6f""]",in_selected_syllabus,与当前考纲词形或已登记拼写变体相符。,"n. 娱乐, 消遣, 休息, 再创造
[医] 娱乐, 休养",s:recreations,ecdict-bc015ed2e24a
recruit,cet4 cet6 ky toefl ielts gre,"[""cet4-w-2226d249f560440cd6d3""]",in_selected_syllabus,与当前考纲词形或已登记拼写变体相符。,"n. 新兵, 新手, 新会员, 补给品
vt. 恢复, 补充, 充实, 征募
vi. 征募新兵, 复原, 得到补充",d:recruited/s:recruits/i:recruiting/p:recruited/3:recruits,ecdict-bc015ed2e24a
reduce,gk cet4 cet6 ky toefl,"[""cet4-w-68b0d6d0a91c8c8f398a""]",in_selected_syllabus,与当前考纲词形或已登记拼写变体相符。,"vt. 减少, 分解, 降低, 使衰退, 把...分解, 把...归纳
vi. 减少, 减肥, 缩小
[计] 缩小",d:reduced/i:reducing/3:reduces/p:reduced,ecdict-bc015ed2e24a
reduction,cet4 cet6 ky toefl,"[""cet4-w-1905a080239a51310588""]",in_selected_syllabus,与当前考纲词形或已登记拼写变体相符。,"n. 减少, 缩影, 变化
[化] 还原",s:reductions,ecdict-bc015ed2e24a
reed,cet4 cet6 ky toefl gre,[],outside_selected_syllabus,ECDICT 标签仅作候选；所选考纲四级范围无对应词形，不自动加入。,"n. 芦苇, 芦笛, 簧舌, 纤弱的人
vt. 用芦苇盖, 用小凸嵌线装饰",s:reeds/i:reeding,ecdict-bc015ed2e24a
reel,cet4 cet6 ky toefl ielts gre,[],outside_selected_syllabus,ECDICT 标签仅作候选；所选考纲四级范围无对应词形，不自动加入。,"n. 卷轴, 一卷, 纺车, 旋转, 蹒跚
vt. 卷...于轴上, 绕, 使旋转
vi. 蹒跚地走, 旋转, 眩晕, 摇晃, 退缩
[计] 卷; 盘",i:reeling/p:reeled/s:reels/3:reels/d:reeled,ecdict-bc015ed2e24a
refer,gk cet4 cet6 ky toefl,"[""cet4-w-e3eed2986b2f19b80259""]",in_selected_syllabus,与当前考纲词形或已登记拼写变体相符。,"vt. 提交, 归诸于, 把...提交, 使求助于
vi. 提到, 涉及, 查阅, 查询, 咨询",d:referred/3:refers/i:referring/p:referred,ecdict-bc015ed2e24a
reference,gk cet4 cet6 ky ielts,"[""cet4-w-bfff779163276d119706""]",in_selected_syllabus,与当前考纲词形或已登记拼写变体相符。,"n. 参考, 索引, 参照
vt. 给...加上参考资料
vt. 引用
vi. 引用
[计] 引用",s:references/p:referenced/d:referenced/i:referencing/3:references,ecdict-bc015ed2e24a
refine,cet4 cet6 ky toefl ielts,"[""cet4-w-f9c7e6eac34ac364ca03""]",in_selected_syllabus,与当前考纲词形或已登记拼写变体相符。,"vt. 精炼, 净化, 使优雅, 使精炼
vi. 被精炼, 被净化",i:refining/d:refined/p:refined/3:refines,ecdict-bc015ed2e24a
reflect,gk cet4 cet6 ky gre,"[""cet4-w-555f2bdbf09d5499e33c""]",in_selected_syllabus,与当前考纲词形或已登记拼写变体相符。,"vt. 反射, 反映, 招致, 深思
vi. 被反射, 映出, 深思, 考虑, 指责",3:reflects/d:reflected/i:reflecting/p:reflected,ecdict-bc015ed2e24a
reflection,cet4 cet6 ky toefl,"[""cet4-w-869fa8f8ffc3d1bcee74""]",in_selected_syllabus,与当前考纲词形或已登记拼写变体相符。,"n. 反映, 沉思, 映像, 想法, 责难
[计] 反射",s:reflections,ecdict-bc015ed2e24a
reflexion,cet4 cet6,[],outside_selected_syllabus,ECDICT 标签仅作候选；所选考纲四级范围无对应词形，不自动加入。,"[医] 反射[作用], 反折",s:reflexions,ecdict-bc015ed2e24a
reform,gk cet4 cet6 ky toefl ielts,"[""cet4-w-4b2f7417fc1505f1f149""]",in_selected_syllabus,与当前考纲词形或已登记拼写变体相符。,"n. 改革, 改正, 改造
vt. 改革, 改过, 革新, 重整
vi. 革新, 改过",s:reforms/d:reformed/i:reforming/p:reformed/3:reforms,ecdict-bc015ed2e24a
refresh,gk cet4 cet6 ky toefl gre,"[""cet4-w-b624ea17883a2b4ddba8""]",in_selected_syllabus,与当前考纲词形或已登记拼写变体相符。,"vt. 使清新, 使恢复, 使生气蓬勃
vi. 提起精神, 恢复精神, 吃点心, 喝饮料
vt. 刷新, 重新整理
vi. 刷新, 重新整理
[计] 刷新, 重新整理",p:refreshed/d:refreshed/i:refreshing/3:refreshes/s:refreshes,ecdict-bc015ed2e24a
refreshment,cet4 cet6 ky toefl ielts,"[""cet4-w-2e1653f3946f6701d2fe""]",in_selected_syllabus,与当前考纲词形或已登记拼写变体相符。,"n. 点心, 起提神作用的事物, 精神爽快",s:refreshments,ecdict-bc015ed2e24a
refrigerator,gk cet4 cet6 toefl,"[""cet4-w-4449055564c5f4354fd7""]",in_selected_syllabus,与当前考纲词形或已登记拼写变体相符。,"n. 电冰箱, 冷藏库
[计] 冷冻机; 致冷器",s:refrigerators,ecdict-bc015ed2e24a
refuge,cet4 cet6 ky toefl,[],outside_selected_syllabus,ECDICT 标签仅作候选；所选考纲四级范围无对应词形，不自动加入。,"n. 避难所, 安全地带, 避难, 庇护
vi. 躲避
vt. 给予...庇护",s:refuges,ecdict-bc015ed2e24a
refusal,gk cet4 cet6 ky ielts,"[""cet4-w-8935e78dab8ee2fd53f4""]",in_selected_syllabus,与当前考纲词形或已登记拼写变体相符。,"n. 拒绝, 推却, 优先决定权
[法] 拒绝, 谢绝, 取舍权",s:refusals,ecdict-bc015ed2e24a
refuse,zk gk cet4 cet6 ky toefl,"[""cet4-w-c77eac7567610b5d7c7b""]",in_selected_syllabus,与当前考纲词形或已登记拼写变体相符。,"vt. 拒绝, 谢绝
vi. 拒绝
n. 废物
a. 扔掉的, 无用的",p:refused/d:refused/i:refusing/3:refuses,ecdict-bc015ed2e24a
refute,cet4 cet6 ky toefl gre,[],outside_selected_syllabus,ECDICT 标签仅作候选；所选考纲四级范围无对应词形，不自动加入。,"vt. 反驳, 驳斥；驳倒",d:refuted/p:refuted/3:refutes/i:refuting/s:refutes,ecdict-bc015ed2e24a
regard,zk gk cet4 cet6 ky toefl,"[""cet4-w-89a1645ce04ef84d0c75""]",in_selected_syllabus,与当前考纲词形或已登记拼写变体相符。,"n. 关心, 注意, 尊敬, 关系, 问候
vt. 视为, 注意, 考虑, 和...有关, 看待
vi. 注视, 注意",d:regarded/3:regards/p:regarded/i:regarding,ecdict-bc015ed2e24a
regarding,cet4 cet6 ky ielts,"[""cet4-w-c60e3de80e1a5bbe8cf6""]",in_selected_syllabus,与当前考纲词形或已登记拼写变体相符。,prep. 关于,0:regard/1:i,ecdict-bc015ed2e24a
regardless,gk cet4 cet6 ky toefl ielts,"[""cet4-w-6f32766c5d71d985ce0a""]",in_selected_syllabus,与当前考纲词形或已登记拼写变体相符。,"a. 不管, 不注意, 不顾",,ecdict-bc015ed2e24a
region,cet4 cet6 ky ielts,"[""cet4-w-666e74a196a1199ecd27""]",in_selected_syllabus,与当前考纲词形或已登记拼写变体相符。,"n. 区域, 地带, 地区, 领域, 范围, 区
[计] 区, 区域",s:regions,ecdict-bc015ed2e24a
register,gk cet4 cet6 ky toefl ielts,"[""cet4-w-ac411306cdc0ece5bef3""]",in_selected_syllabus,与当前考纲词形或已登记拼写变体相符。,"n. 寄存器, 记录, 登记簿, 注册
vt. 记录, 注册, 提示, 表达, 把...挂号
vi. 登记, 注册, 挂号
[计] 寄存器",d:registered/s:registers/p:registered/i:registering/3:registers,ecdict-bc015ed2e24a
regret,zk gk cet4 cet6 ky,"[""cet4-w-a920e809040db3b89523""]",in_selected_syllabus,与当前考纲词形或已登记拼写变体相符。,"n. 遗憾, 后悔, 悔恨, 抱歉, 歉意
vt. 为...感到遗憾, 后悔, 惋惜, 懊悔, 抱歉
vi. 感到抱歉",p:regretted/s:regrets/i:regretting/d:regretted/3:regrets,ecdict-bc015ed2e24a
regular,gk cet4 cet6 ky toefl ielts,"[""cet4-w-5e216658095ce8c2dfb0""]",in_selected_syllabus,与当前考纲词形或已登记拼写变体相符。,"a. 规则的, 常例的, 有秩序的, 整齐的, 等边的, 定期的, 经常的, 合格的, 常备军的
n. 正规军, 正式队员
adv. 经常地
n. 正常体
[计] 正常体",s:regulars,ecdict-bc015ed2e24a
regularly,cet4 cet6 ielts,[],outside_selected_syllabus,ECDICT 标签仅作候选；所选考纲四级范围无对应词形，不自动加入。,"adv. 有规则地, 一丝不苟地, 正式地",,ecdict-bc015ed2e24a
regulate,cet4 cet6 ky toefl ielts gre,"[""cet4-w-6e6459778ba099c53b5a""]",in_selected_syllabus,与当前考纲词形或已登记拼写变体相符。,"vt. 管理, 控制, 调节, 调整, 校准
[经] 控制, 管理",d:regulated/i:regulating/3:regulates/p:regulated,ecdict-bc015ed2e24a
regulation,gk cet4 cet6 ky toefl ielts,"[""cet4-w-9a8691b8ee332e4c7b21""]",in_selected_syllabus,与当前考纲词形或已登记拼写变体相符。,"n. 规则, 管理, 调整
[计] 调整; 规章; 规则; 调节",s:regulations,ecdict-bc015ed2e24a
rehearsal,cet4 cet6 ky ielts gre,[],outside_selected_syllabus,ECDICT 标签仅作候选；所选考纲四级范围无对应词形，不自动加入。,"n. 预演, 排演, 练习, 叙述, 复述
[法] 详述, 列举事实, 复述",s:rehearsals,ecdict-bc015ed2e24a
reign,cet4 cet6 ky toefl ielts gre,[],outside_selected_syllabus,ECDICT 标签仅作候选；所选考纲四级范围无对应词形，不自动加入。,"v. 为王，为君；当政；统治
n. 为王，为君；当政；统治",p:reigned/3:reigns/s:reigns/i:reigning/d:reigned,ecdict-bc015ed2e24a
rein,cet4 cet6 ky gre,[],outside_selected_syllabus,ECDICT 标签仅作候选；所选考纲四级范围无对应词形，不自动加入。,"n. 缰绳, 统治, 支配
vt. 驾驭, 以缰绳控制, 控制
vi. 勒住马",s:reins/p:reined/d:reined/i:reining/3:reins,ecdict-bc015ed2e24a
reinforce,cet4 cet6 ky toefl ielts gre,"[""cet4-w-6b54164e4e77ea97b867""]",in_selected_syllabus,与当前考纲词形或已登记拼写变体相符。,"vt. 加强, 增援, 补充
vi. 求援, 得到增援
n. 加固材料",d:reinforced/3:reinforces/i:reinforcing/p:reinforced,ecdict-bc015ed2e24a
reject,gk cet4 cet6 ky toefl,"[""cet4-w-02f01f7fd2cc9f682749""]",in_selected_syllabus,与当前考纲词形或已登记拼写变体相符。,"n. 被拒之人, 被弃之物, 不合格品, 次品
vt. 拒绝, 抵制, 否决, 驳回, 丢弃, 呕出",d:rejected/p:rejected/i:rejecting/3:rejects/s:rejects,ecdict-bc015ed2e24a
rejoice,cet4 cet6 ky ielts gre,[],outside_selected_syllabus,ECDICT 标签仅作候选；所选考纲四级范围无对应词形，不自动加入。,"vt. 使欢喜
vi. 欣喜, 高兴, 庆祝",i:rejoicing/p:rejoiced/3:rejoices/d:rejoiced,ecdict-bc015ed2e24a
relate,gk cet4 cet6 ky gre,"[""cet4-w-269466d58f17cfbaadc5""]",in_selected_syllabus,与当前考纲词形或已登记拼写变体相符。,"vt. 讲, 叙述, 使互相关联
vi. 有关, 符合, 相处得好",i:relating/d:related/3:relates/p:related,ecdict-bc015ed2e24a
relation,zk gk cet4 cet6 ky,"[""cet4-w-5ea620aeb71ebfadd572""]",in_selected_syllabus,与当前考纲词形或已登记拼写变体相符。,"n. 关系, 联系, 叙述, 故事, 家属, 亲戚
[计] 关系",s:relations,ecdict-bc015ed2e24a
relationship,gk cet4 cet6 ky ielts,"[""cet4-w-eeab95c441a7ad4594b1""]",in_selected_syllabus,与当前考纲词形或已登记拼写变体相符。,"n. 关系, 关联
[医] 关系",s:relationships,ecdict-bc015ed2e24a
relative,gk cet4 cet6 ky,"[""cet4-w-866267453f2cc6ee6e6b""]",in_selected_syllabus,与当前考纲词形或已登记拼写变体相符。,"n. 亲戚, 关系词
a. 有关系的, 相对的, 比较的",s:relatives,ecdict-bc015ed2e24a
relatively,cet4 cet6,[],outside_selected_syllabus,ECDICT 标签仅作候选；所选考纲四级范围无对应词形，不自动加入。,"adv. 相对地, 比较地, 相当地, 相关地
[计] 相对地",,ecdict-bc015ed2e24a
relativity,cet4 cet6 ky,"[""cet4-w-20f29a362b85f36bc41a""]",in_selected_syllabus,与当前考纲词形或已登记拼写变体相符。,"n. 有关系, 相关性, 相对性
[化] 相对性",s:relativities,ecdict-bc015ed2e24a
relax,zk gk cet4 cet6 ky toefl,"[""cet4-w-355dc6bbfd12789752d2""]",in_selected_syllabus,与当前考纲词形或已登记拼写变体相符。,"vi. 放松, 松懈, 松弛, 变从容, 休息, 休养
vt. 使松弛, 缓和, 使松懈, 使休息",p:relaxed/i:relaxing/d:relaxed/3:relaxes,ecdict-bc015ed2e24a
release,cet4 cet6 ky toefl ielts gre,"[""cet4-w-f0850f1837c5be7ae0aa""]",in_selected_syllabus,与当前考纲词形或已登记拼写变体相符。,"n. 释放, 发泄, 豁免, 发行, 释放证书
vt. 释放, 解除, 放松, 豁免, 免除, 发布, 放弃, 让与
n. 发布
[计] 版本, 发布",d:released/i:releasing/p:released/s:releases/3:releases,ecdict-bc015ed2e24a
relevant,gk cet4 cet6 ky toefl ielts,"[""cet4-w-096a10711809371c4e57""]",in_selected_syllabus,与当前考纲词形或已登记拼写变体相符。,"a. 有关联的, 有关系的, 适当的, 相应的
[法] 有关的, 相关的",,ecdict-bc015ed2e24a
reliability,cet4 cet6 toefl,[],outside_selected_syllabus,ECDICT 标签仅作候选；所选考纲四级范围无对应词形，不自动加入。,"n. 信度, 可靠性
[计] 可靠性",s:reliabilities,ecdict-bc015ed2e24a
reliable,gk cet4 cet6 ky toefl ielts,"[""cet4-w-1f92800666213c816d19""]",in_selected_syllabus,与当前考纲词形或已登记拼写变体相符。,"a. 可靠的, 可信赖的
[法] 可靠的, 可信赖的, 确实的",,ecdict-bc015ed2e24a
reliance,cet4 cet6 ky toefl gre,"[""cet4-w-c0879149e1c337888b7c""]",in_selected_syllabus,与当前考纲词形或已登记拼写变体相符。,"n. 信任, 信赖, 受信赖的人(或事)
[法] 信任, 信赖, 信心",,ecdict-bc015ed2e24a
relief,gk cet4 cet6 ky toefl ielts,"[""cet4-w-28ec0af0f41acb699a03""]",in_selected_syllabus,与当前考纲词形或已登记拼写变体相符。,"n. 减轻, 解除, 救济, 安慰, 调剂, 浮雕, 换班, (地势的)起伏
[医] 缓减, 减轻, 浮雕(绘画中)",s:reliefs,ecdict-bc015ed2e24a
relieve,cet4 cet6 ky toefl,"[""cet4-w-beaf0134d41b30363a0e""]",in_selected_syllabus,与当前考纲词形或已登记拼写变体相符。,"vt. 减轻, 救济, 解除, 使免除, 换...的班, 使得到调剂, 使不单调, 衬托, 使显著
vi. 救济, 当替补投手, 呈鲜明突出",p:relieved/d:relieved/i:relieving/3:relieves,ecdict-bc015ed2e24a
religion,gk cet4 cet6 ky toefl ielts gre,"[""cet4-w-d1193b81363cf76f4dba""]",in_selected_syllabus,与当前考纲词形或已登记拼写变体相符。,"n. 宗教, 信仰
[法] 宗教, 宗教信仰, 信仰",s:religions,ecdict-bc015ed2e24a
religious,gk cet4 cet6 ky toefl,"[""cet4-w-a6e9bc5316e6650e2d80""]",in_selected_syllabus,与当前考纲词形或已登记拼写变体相符。,"a. 宗教性的, 虔诚的, 宗教上的, 严谨的
n. 修道士, 出家人",,ecdict-bc015ed2e24a
reluctant,cet4 cet6 ky toefl ielts,"[""cet4-w-438deaf99f75e982514c""]",in_selected_syllabus,与当前考纲词形或已登记拼写变体相符。,"a. 不情愿的, 勉强的
[法] 不愿的, 勉强的, 难以处理的",,ecdict-bc015ed2e24a
rely,gk cet4 cet6 ky toefl ielts,"[""cet4-w-8765de8727917a4393a8""]",in_selected_syllabus,与当前考纲词形或已登记拼写变体相符。,"vi. 信赖, 依赖, 信任",i:relying/3:relies/d:relied/p:relied,ecdict-bc015ed2e24a
remain,zk gk cet4 cet6 ky,"[""cet4-w-6b735120a2d29f12cc06""]",in_selected_syllabus,与当前考纲词形或已登记拼写变体相符。,"vi. 保持, 逗留, 剩余
[法] 停留, 居住, 继续",3:remains/p:remained/d:remained/i:remaining/s:remains,ecdict-bc015ed2e24a
remains,cet4 cet6 ky gre,[],outside_selected_syllabus,ECDICT 标签仅作候选；所选考纲四级范围无对应词形，不自动加入。,"n. 剩余物, 废墟, 残余
[法] 遗体, 尸体, 遗骸",0:remain/1:3s/s:remains,ecdict-bc015ed2e24a
remark,gk cet4 cet6 ky toefl ielts,"[""cet4-w-ebd905822b287d4ca109""]",in_selected_syllabus,与当前考纲词形或已登记拼写变体相符。,"n. 评论, 注意
vt. 评论, 注意
vi. 评论, 谈论
[计] 注释",s:remarks/p:remarked/d:remarked/3:remarks/i:remarking,ecdict-bc015ed2e24a
remarkable,cet4 cet6 ky toefl ielts,"[""cet4-w-389252debd659510ab20""]",in_selected_syllabus,与当前考纲词形或已登记拼写变体相符。,"a. 不平常的, 值得注意的, 显著的",,ecdict-bc015ed2e24a
remedy,cet4 cet6 ky toefl ielts,"[""cet4-w-6dc0d3c0c2fdeb85b847""]",in_selected_syllabus,与当前考纲词形或已登记拼写变体相符。,"n. 药物, 治疗法, 治疗, 补救, 赔偿
vt. 治疗, 补救, 矫正, 改善, 修补, 修缮",s:remedies/d:remedied/i:remedying/p:remedied/3:remedies,ecdict-bc015ed2e24a
remind,gk cet4 cet6 ky toefl ielts,"[""cet4-w-6662cb3395225ba6e169""]",in_selected_syllabus,与当前考纲词形或已登记拼写变体相符。,"vt. 提醒, 使想起",p:reminded/d:reminded/3:reminds/i:reminding,ecdict-bc015ed2e24a
remote,gk cet4 cet6 ky toefl,"[""cet4-w-a26cd83e102b8780e5d9""]",in_selected_syllabus,与当前考纲词形或已登记拼写变体相符。,"a. 遥远的, 偏僻的, 疏远的, 微少的
[计] 远程, 远程访问实用程序",r:remoter/t:remotest,ecdict-bc015ed2e24a
removal,cet4 cet6 ky ielts,"[""cet4-w-e7597e451be6a4d5e2a8""]",in_selected_syllabus,与当前考纲词形或已登记拼写变体相符。,"n. 移动, 移居, 迁移, 排除, 切除
[医] 切除, 除去",s:removals,ecdict-bc015ed2e24a
remove,gk cet4 cet6 ky toefl gre,"[""cet4-w-b36bdc40d4e9b62762bc""]",in_selected_syllabus,与当前考纲词形或已登记拼写变体相符。,"vt. 移动, 调动, 除去, 迁移, 开除, 移交
vi. 迁移, 移动, 搬家
n. 班级, 升级, 移动, 搬家, 间距
[计] 删除",d:removed/i:removing/p:removed/3:removes,ecdict-bc015ed2e24a
render,cet4 cet6 ky toefl ielts gre,"[""cet4-w-18313161c4a16e342e44""]",in_selected_syllabus,与当前考纲词形或已登记拼写变体相符。,"vt. 回报, 给于, 付给, 汇报, 提出, 舍弃, 反映, 表示, 表演, 致使, 执行, 实施
vi. 给予补偿
n. 交纳, 打底",d:rendered/3:renders/i:rendering/p:rendered,ecdict-bc015ed2e24a
renew,cet4 cet6 ky toefl,"[""cet4-w-8936cdcf346b929151ab""]",in_selected_syllabus,与当前考纲词形或已登记拼写变体相符。,"vt. 使更新, 使恢复, 复兴, 修补, 补充, 继续, 重订, 重申, 续借
vi. 更新, 重新开始",p:renewed/d:renewed/i:renewing/3:renews,ecdict-bc015ed2e24a
rent,gk cet4 cet6 ky toefl ielts gre,"[""cet4-w-76e1635758eff6327345""]",in_selected_syllabus,与当前考纲词形或已登记拼写变体相符。,"n. 租金, 房租, 出租物, 裂缝, 破裂处, 分裂
vt. 租用, 租出
vi. 出租
a. 分裂的, 破裂的
rend的过去式和过去分词",s:rents/i:renting/d:rented/p:rented/3:rents/0:rent/1:d,ecdict-bc015ed2e24a
repair,zk gk cet4 cet6 ky toefl ielts,"[""cet4-w-6b500db4c97ecdad5d36""]",in_selected_syllabus,与当前考纲词形或已登记拼写变体相符。,"n. 修理, 补救, 修复
vt. 修理, 修补, 补救, 恢复, 补偿
vi. 修理, 修补, 补救, 恢复, 去, 常去, 集合",s:repairs/i:repairing/d:repaired/p:repaired/3:repairs,ecdict-bc015ed2e24a
repeat,zk gk cet4 cet6 ky toefl,"[""cet4-w-6187a5f3a989b34c4925""]",in_selected_syllabus,与当前考纲词形或已登记拼写变体相符。,"n. 重复, 反复
vt. 重做, 重复, 复述, 使再现, 复制
vi. 重复
[计] 重复",p:repeated/d:repeated/i:repeating/3:repeats/s:repeats,ecdict-bc015ed2e24a
repeatedly,cet4 cet6 ky,"[""cet4-w-969912a5f62ad8cbc63a""]",in_selected_syllabus,与当前考纲词形或已登记拼写变体相符。,"adv. 重复地, 再三地",,ecdict-bc015ed2e24a
repent,cet4 cet6 ky ielts gre,[],outside_selected_syllabus,ECDICT 标签仅作候选；所选考纲四级范围无对应词形，不自动加入。,"vi. 后悔, 懊悔, 忏悔
vt. 后悔
a. 匍匐生根的",p:repented/d:repented/3:repents/i:repenting,ecdict-bc015ed2e24a
repetition,cet4 cet6 ky toefl ielts,"[""cet4-w-0185d7d8ebaa1e6c910c""]",in_selected_syllabus,与当前考纲词形或已登记拼写变体相符。,"n. 重复, 背诵, 循环, 复制品, 副本
[机] 重复, 反复",s:repetitions,ecdict-bc015ed2e24a
replace,gk cet4 cet6 ky toefl,"[""cet4-w-93db14b36ae9cafe2d79""]",in_selected_syllabus,与当前考纲词形或已登记拼写变体相符。,"vt. 代替, 替换, 放回, 归还
[计] 替换; DOS外部命令:取代或更新文件",d:replaced/i:replacing/p:replaced/3:replaces,ecdict-bc015ed2e24a
reply,zk gk cet4 cet6 ky,"[""cet4-w-a7584e063eb48036dbce""]",in_selected_syllabus,与当前考纲词形或已登记拼写变体相符。,"n. 答复, 回答, 答辩
vi. 答复, 回答, 回击, 反响, 答辩
vt. 回答
[计] 答复",p:replied/s:replies/3:replies/i:replying/d:replied,ecdict-bc015ed2e24a
reporter,gk cet4 cet6 ky,"[""cet4-w-b7a42d5f374de98d7e11""]",in_selected_syllabus,与当前考纲词形或已登记拼写变体相符。,"n. 记者, 报告者
[化] 指示器",s:reporters,ecdict-bc015ed2e24a
represent,gk cet4 cet6 ky toefl ielts,"[""cet4-w-7bc5783779dc851e7c36""]",in_selected_syllabus,与当前考纲词形或已登记拼写变体相符。,"vt. 表现, 表示, 描绘, 讲述, 代表, 象征, 回忆, 再赠送, 再上演
vi. 提出异议",d:represented/3:represents/i:representing/p:represented,ecdict-bc015ed2e24a
representative,gk cet4 cet6 ky toefl ielts,"[""cet4-w-5824393ee3572107d3c0""]",in_selected_syllabus,与当前考纲词形或已登记拼写变体相符。,"n. 代表, 众议员, 典型
a. 描写的, 表现的, 代理的, 代表的, 代议制的, 典型的",s:representatives,ecdict-bc015ed2e24a
reproach,cet4 cet6 ky toefl ielts gre,[],outside_selected_syllabus,ECDICT 标签仅作候选；所选考纲四级范围无对应词形，不自动加入。,"n. 责备, 耻辱
vt. 责备, 申斥, 使丢脸",p:reproached/s:reproaches/d:reproached/3:reproaches/i:reproaching,ecdict-bc015ed2e24a
reproduce,cet4 cet6 ky toefl,"[""cet4-w-3b255b04c28ac3900292""]",in_selected_syllabus,与当前考纲词形或已登记拼写变体相符。,"v. 繁殖, 再生, 复制, 生殖
[计] 复制",d:reproduced/i:reproducing/3:reproduces/p:reproduced,ecdict-bc015ed2e24a
republic,gk cet4 cet6 ky toefl,"[""cet4-w-bffee96620eb024a88ab""]",in_selected_syllabus,与当前考纲词形或已登记拼写变体相符。,"n. 共和国, 共和政体, 团体, 界",s:republics,ecdict-bc015ed2e24a
republican,cet4 cet6 ky,"[""cet4-w-85a12876b2eaf6fee03a""]",in_selected_syllabus,与当前考纲词形或已登记拼写变体相符。,"n. 共和主义者, 共和党员
a. 共和政体的, 共和国的, 共和主义的",s:republicans,ecdict-bc015ed2e24a
reputation,gk cet4 cet6 ky toefl ielts gre,"[""cet4-w-54c66f36da162844764a""]",in_selected_syllabus,与当前考纲词形或已登记拼写变体相符。,"n. 名誉, 名声, 声望
[法] 名声, 名誉, 公认证据",s:reputations,ecdict-bc015ed2e24a
request,gk cet4 cet6 ky toefl ielts gre,"[""cet4-w-eab257872f6a7da43b97""]",in_selected_syllabus,与当前考纲词形或已登记拼写变体相符。,"n. 请求, 需要, 申请书
vt. 请求, 要求, 邀请
[计] 请求",s:requests/d:requested/i:requesting/p:requested/3:requests,ecdict-bc015ed2e24a
require,zk gk cet4 cet6 ky,"[""cet4-w-85387189def1a5f4d9e4""]",in_selected_syllabus,与当前考纲词形或已登记拼写变体相符。,"vt. 需要, 命令, 要求
[法] 需要, 要求, 命令",d:required/3:requires/i:requiring/p:required,ecdict-bc015ed2e24a
requirement,gk cet4 cet6 ky toefl ielts,"[""cet4-w-fde10b4465ef08eefbd5""]",in_selected_syllabus,与当前考纲词形或已登记拼写变体相符。,"n. 需求, 必要条件, 要求
[化] 要求; 合同要求",s:requirements,ecdict-bc015ed2e24a
rescue,gk cet4 cet6 ky toefl ielts gre,"[""cet4-w-99f62c7a39df7e6479a1""]",in_selected_syllabus,与当前考纲词形或已登记拼写变体相符。,"n. 援救, 解救, 营救
vt. 援救, 救出, 营救",d:rescued/p:rescued/i:rescuing/3:rescues/s:rescues,ecdict-bc015ed2e24a
research,zk gk cet4 cet6 ky ielts,"[""cet4-w-b8414be59ab7f1d44c51""]",in_selected_syllabus,与当前考纲词形或已登记拼写变体相符。,"n. 研究, 调查, 考察
vi. 研究, 调查",i:researching/d:researched/s:researches/p:researched/3:researches,ecdict-bc015ed2e24a
researcher,cet4 cet6,"[""cet4-w-9d5a4f15df15fb1a64da""]",in_selected_syllabus,与当前考纲词形或已登记拼写变体相符。,n. 研究人员,s:researchers,ecdict-bc015ed2e24a
resemble,gk cet4 cet6 ky toefl ielts,"[""cet4-w-7a04d040cef9c0d4f950""]",in_selected_syllabus,与当前考纲词形或已登记拼写变体相符。,"vt. 相似, 类似",3:resembles/i:resembling/p:resembled/d:resembled,ecdict-bc015ed2e24a
reservation,gk cet4 cet6 ky ielts,"[""cet4-w-7a5105dbf9785ddc430b""]",in_selected_syllabus,与当前考纲词形或已登记拼写变体相符。,"n. 保留, 预定, 保留品, 保留地
[经] 预定, 预约, 权益保留",s:reservations,ecdict-bc015ed2e24a
reserve,gk cet4 cet6 ky toefl ielts gre,"[""cet4-w-8f69cbeccfe94a452222""]",in_selected_syllabus,与当前考纲词形或已登记拼写变体相符。,"n. 储备品, 贮量, 后备军, 自然保护区, 保留, 拘谨, 节制, 储备金
vt. 保留, 保存, 预订, 延期, 推迟",s:reserves/d:reserved/p:reserved/3:reserves/i:reserving,ecdict-bc015ed2e24a
reservior,cet4,[],outside_selected_syllabus,ECDICT 标签仅作候选；所选考纲四级范围无对应词形，不自动加入。,"n. 贮水池,贮藏处,贮备",,ecdict-bc015ed2e24a
residence,cet4 cet6 ky toefl ielts,"[""cet4-w-23336a12420930c16818""]",in_selected_syllabus,与当前考纲词形或已登记拼写变体相符。,"n. 住宅, 居留, 驻扎, 居住期间
[医] 住房",s:residences,ecdict-bc015ed2e24a
resident,cet4 cet6 ky toefl gre,"[""cet4-w-a27e61e715949b06d09a""]",in_selected_syllabus,与当前考纲词形或已登记拼写变体相符。,"n. 居民, 常驻程序, 居住者, 留鸟
a. 居留的, 定居的",s:residents,ecdict-bc015ed2e24a
resign,gk cet4 cet6 ky ielts,"[""cet4-w-bfe981b1671af0cb181a""]",in_selected_syllabus,与当前考纲词形或已登记拼写变体相符。,"vt. 辞职, 放弃, 使顺从
vi. 辞职, 屈从",p:resigned/d:resigned/i:resigning/3:resigns,ecdict-bc015ed2e24a
resignation,cet4 cet6 ielts gre,"[""cet4-w-ee3ac69393f478c9385b""]",in_selected_syllabus,与当前考纲词形或已登记拼写变体相符。,"n. 辞职, 辞呈, 听从
[经] 辞职",s:resignations,ecdict-bc015ed2e24a
resist,gk cet4 cet6 ky toefl,"[""cet4-w-68299b8d611ac8ccc543""]",in_selected_syllabus,与当前考纲词形或已登记拼写变体相符。,"v. 抵抗, 耐得住, 抵制, 反抗
n. 防染材料",d:resisted/p:resisted/i:resisting/3:resists,ecdict-bc015ed2e24a
resistance,cet4 cet6 ky toefl ielts,"[""cet4-w-2faedd75afc91b5543f0""]",in_selected_syllabus,与当前考纲词形或已登记拼写变体相符。,"n. 抵抗力, 反抗, 耐力, 阻力, 电阻
[化] 抵抗; 抗性; 阻力; 抗药性; 电阻",s:resistances,ecdict-bc015ed2e24a
resistant,cet4 cet6 ky toefl ielts,"[""cet4-w-d025d6da2d3d2b910f41""]",in_selected_syllabus,与当前考纲词形或已登记拼写变体相符。,"n. 抵抗者, 反抗者
a. 抵抗的, 反抗的, 耐...的",,ecdict-bc015ed2e24a
resolution,cet4 cet6 ky toefl ielts,"[""cet4-w-8be0d339ea1e170d5cfb""]",in_selected_syllabus,与当前考纲词形或已登记拼写变体相符。,"n. 解析, 决心, 坚定, 决定, 决议, 消除, 解答, 分解
n. 图形分辨率
[计] 图形分辨率",s:resolutions,ecdict-bc015ed2e24a
resolve,cet4 cet6 ky toefl ielts,"[""cet4-w-7f4a6c3f8df6638c17c4""]",in_selected_syllabus,与当前考纲词形或已登记拼写变体相符。,"vi. 决定, 分解, 决心
vt. 使分解, 解析, 解决, 消除, 决心
n. 决定之事, 决心, 坚决",d:resolved/i:resolving/p:resolved/3:resolves,ecdict-bc015ed2e24a
resort,cet4 cet6 ky toefl ielts gre,"[""cet4-w-b943f42b922def677527""]",in_selected_syllabus,与当前考纲词形或已登记拼写变体相符。,"n. 度假胜地, 手段, 凭借, 常去之地
vi. 诉诸, 常去",s:resorts/i:resorting/d:resorted/p:resorted/3:resorts,ecdict-bc015ed2e24a
resource,cet4 cet6 ky toefl ielts,"[""cet4-w-634bb47469e257731ec1""]",in_selected_syllabus,与当前考纲词形或已登记拼写变体相符。,"n. 资源, 财力, 办法, 策略, 急智, 消遣
[计] 资源",s:resources/d:resourced/i:resourcing/p:resourced,ecdict-bc015ed2e24a
respect,gk cet4 cet6 ky toefl,"[""cet4-w-9cba42e078093d550bf2""]",in_selected_syllabus,与当前考纲词形或已登记拼写变体相符。,"n. 尊敬, 尊重, 问候
vt. 尊敬, 注意, 遵守",s:respects/d:respected/p:respected/3:respects/i:respecting,ecdict-bc015ed2e24a
respectful,cet4 cet6,"[""cet4-w-7a8d925260742905566f""]",in_selected_syllabus,与当前考纲词形或已登记拼写变体相符。,"a. 表示尊敬的, 有礼貌的, 谦恭的",,ecdict-bc015ed2e24a
respective,cet4 cet6 ky toefl,"[""cet4-w-34b96a37eaaa898f672c""]",in_selected_syllabus,与当前考纲词形或已登记拼写变体相符。,"a. 分别的, 各自的",,ecdict-bc015ed2e24a
respectively,cet4 cet6 toefl,"[""cet4-w-df335799dc925db0316b""]",in_selected_syllabus,与当前考纲词形或已登记拼写变体相符。,"adv. 各自地, 独自地, 个别地, 分别地",,ecdict-bc015ed2e24a
respond,gk cet4 cet6 ky toefl,"[""cet4-w-045127776e53a1894379""]",in_selected_syllabus,与当前考纲词形或已登记拼写变体相符。,"vt. 以...回答
vi. 回答, 响应, 回报, 有反应, 承担责任",i:responding/p:responded/d:responded/3:responds,ecdict-bc015ed2e24a
response,cet4 cet6 ky ielts gre,"[""cet4-w-006a97685e55cfb43589""]",in_selected_syllabus,与当前考纲词形或已登记拼写变体相符。,"n. 反应, 回答, 响应
[计] 应答",s:responses,ecdict-bc015ed2e24a
responsibility,gk cet4 cet6 ky toefl ielts,"[""cet4-w-d314f6e9acf32d2656c6""]",in_selected_syllabus,与当前考纲词形或已登记拼写变体相符。,"n. 责任, 职责, 负担, 可靠性
[化] 职责",s:responsibilities,ecdict-bc015ed2e24a
responsible,cet4 cet6 ky toefl,"[""cet4-w-c7fb9aa7b15cad0b2052""]",in_selected_syllabus,与当前考纲词形或已登记拼写变体相符。,"a. 有责任的, 负责的, 责任重大的
[法] 应负责任的, 有责任的, 能履行责任的",,ecdict-bc015ed2e24a
restless,cet4 cet6 ky ielts gre,[],outside_selected_syllabus,ECDICT 标签仅作候选；所选考纲四级范围无对应词形，不自动加入。,"a. 不安静的, 慌张的, 休息不充分的
[医] 不安静的, 不宁的",,ecdict-bc015ed2e24a
restore,cet4 cet6 ky toefl ielts gre,"[""cet4-w-efdfd201994fb29636dc""]",in_selected_syllabus,与当前考纲词形或已登记拼写变体相符。,"vt. 回复, 恢复, 归还, 修补, 修复
vt. 还原
vi. 还原
[计] 还原; DOS外部命令:从备份盘中取回文件",d:restored/i:restoring/p:restored/3:restores,ecdict-bc015ed2e24a
restrain,cet4 cet6 ky toefl ielts gre,"[""cet4-w-2f3e7034fe75501e135c""]",in_selected_syllabus,与当前考纲词形或已登记拼写变体相符。,"vt. 抑制, 阻止, 束缚
[法] 抑制, 遏制, 制止",d:restrained/i:restraining/p:restrained/3:restrains,ecdict-bc015ed2e24a
restraint,cet4 cet6 ky toefl gre,"[""cet4-w-875fe8bb8abc3d632cf0""]",in_selected_syllabus,与当前考纲词形或已登记拼写变体相符。,"n. 抑制, 克制, 束缚
[医] 约束, 拘束",s:restraints,ecdict-bc015ed2e24a
restrict,gk cet4 cet6 ky toefl,"[""cet4-w-4548f94f991a74f5b97d""]",in_selected_syllabus,与当前考纲词形或已登记拼写变体相符。,"vt. 限制, 限定, 约束
[医] 限制",d:restricted/i:restricting/3:restricts/p:restricted,ecdict-bc015ed2e24a
restriction,gk cet4 cet6 toefl,"[""cet4-w-b13de430422ce044a432""]",in_selected_syllabus,与当前考纲词形或已登记拼写变体相符。,"n. 限制, 限定, 约束
[计] 限定",s:restrictions,ecdict-bc015ed2e24a
result,zk gk cet4 cet6 ky ielts,"[""cet4-w-375984f58c5d1808b3a8""]",in_selected_syllabus,与当前考纲词形或已登记拼写变体相符。,"n. 结果, 成绩, 答案
vi. 产生, 结果, 致使
[计] 结果",s:results/p:resulted/i:resulting/d:resulted/3:results,ecdict-bc015ed2e24a
resume,cet4 cet6 ky toefl ielts gre,"[""cet4-w-42a1151665c5a9186664""]",in_selected_syllabus,与当前考纲词形或已登记拼写变体相符。,"vt. 重新开始, 取回, 恢复
vi. 再开始
n. 摘要, 个人简历
[计] 继续执行",p:resumed/d:resumed/i:resuming/3:resumes/s:resumes,ecdict-bc015ed2e24a
retail,cet4 cet6 ky toefl ielts gre,"[""cet4-w-98fd775e39b98383cfc9""]",in_selected_syllabus,与当前考纲词形或已登记拼写变体相符。,"n. 零售
a. 零售的
vt. 零售, 详述, 传播
vi. 零售",i:retailing/3:retails/p:retailed/d:retailed/s:retails,ecdict-bc015ed2e24a
retain,cet4 cet6 ky toefl ielts gre,"[""cet4-w-04178dd86ea0ef8c8b52""]",in_selected_syllabus,与当前考纲词形或已登记拼写变体相符。,"vt. 保持, 保有, 留住, 记得, 付定金聘请
[经] 保留, 留存",d:retained/p:retained/3:retains/i:retaining,ecdict-bc015ed2e24a
retell,zk gk cet4 cet6,"[""cet4-w-5c0c65135e2553fd54a8""]",in_selected_syllabus,与当前考纲词形或已登记拼写变体相符。,"vt. 再讲, 重复, 重说",i:retelling/3:retells/p:retold/d:retold,ecdict-bc015ed2e24a
retire,gk cet4 cet6 ky toefl,"[""cet4-w-56a922bfe4afab46fd5e""]",in_selected_syllabus,与当前考纲词形或已登记拼写变体相符。,"n. 隐居
vi. 引退, 退役, 退休, 退去, 撤退, 退却
vt. 使...撤退, 辞退",p:retired/d:retired/i:retiring/3:retires,ecdict-bc015ed2e24a
retreat,cet4 cet6 ky toefl ielts gre,"[""cet4-w-ae7a14e88b341bddf28f""]",in_selected_syllabus,与当前考纲词形或已登记拼写变体相符。,"n. 休息寓所, 撤退, 隐居, 退避
vi. 撤退, 隐退, 向后倾
vt. 退(棋)",p:retreated/d:retreated/i:retreating/s:retreats/3:retreats,ecdict-bc015ed2e24a
retrieve,cet4 cet6 ky toefl ielts gre,[],outside_selected_syllabus,ECDICT 标签仅作候选；所选考纲四级范围无对应词形，不自动加入。,"vt. 取回, 挽回, 弥补, 恢复, 补偿, 回忆, 检索
vi. 找回猎物
n. 取回, 恢复, 救险球
[计] 检索",d:retrieved/i:retrieving/p:retrieved/3:retrieves,ecdict-bc015ed2e24a
reveal,cet4 cet6 ky toefl,"[""cet4-w-1de7e11800e32616f2c3""]",in_selected_syllabus,与当前考纲词形或已登记拼写变体相符。,"vt. 露出, 显示, 透露, 揭露, 泄露, (神)启示
n. 窗侧, 门侧",d:revealed/p:revealed/3:reveals/i:revealing,ecdict-bc015ed2e24a
revenge,cet4 cet6 ky ielts gre,[],outside_selected_syllabus,ECDICT 标签仅作候选；所选考纲四级范围无对应词形，不自动加入。,"n. 报仇, 复仇, 报复
vt. 报仇, 报复",d:revenged/s:revenges/i:revenging/p:revenged/3:revenges,ecdict-bc015ed2e24a
revenue,cet4 cet6 ky toefl ielts gre,"[""cet4-w-b33e264c040665ae69fc""]",in_selected_syllabus,与当前考纲词形或已登记拼写变体相符。,"n. 收入, 岁入, 税收, 税务局
[经] 岁入, 税收, 税务局",s:revenues,ecdict-bc015ed2e24a
reverse,cet4 cet6 ky toefl ielts gre,"[""cet4-w-d786b318b916e6f39bb5""]",in_selected_syllabus,与当前考纲词形或已登记拼写变体相符。,"n. 相反, 背面, 倒退, 挫折, 失败
a. 反面的, 相反的, 反向的, 颠倒的
vt. 使颠倒, 使逆转, 使倒退, 使反向
vi. 倒退, 反向, 倒转, 反转
[计] 反转",d:reversed/i:reversing/p:reversed/3:reverses/s:reverses,ecdict-bc015ed2e24a
review,zk gk cet4 cet6 ky toefl ielts,"[""cet4-w-e5b819b7cbde339fef32""]",in_selected_syllabus,与当前考纲词形或已登记拼写变体相符。,"n. 检讨, 复习, 回顾, 检阅, 评论
vt. 温习, 检讨, 评论, 再检察, 复审
vi. 复习功课, 写评论",d:reviewed/s:reviews/i:reviewing/p:reviewed/3:reviews,ecdict-bc015ed2e24a
revise,cet4 cet6 ky toefl ielts gre,"[""cet4-w-fad0ff1e6dac764db6c3""]",in_selected_syllabus,与当前考纲词形或已登记拼写变体相符。,"n. 校订, 修正, 改样
vt. 校订, 修正, 校正",d:revised/i:revising/p:revised/3:revises,ecdict-bc015ed2e24a
revolt,cet4 cet6 ky toefl ielts gre,[],outside_selected_syllabus,ECDICT 标签仅作候选；所选考纲四级范围无对应词形，不自动加入。,"n. 叛乱, 反抗, 反感
vi. 叛乱, 反抗, 起义, 厌恶, 反感
vt. 使反感, 使恶心",s:revolts/p:revolted/d:revolted/i:revolting/3:revolts,ecdict-bc015ed2e24a
revolution,gk cet4 cet6 ky toefl,"[""cet4-w-8640fd74976cb0b029a9""]",in_selected_syllabus,与当前考纲词形或已登记拼写变体相符。,"n. 革命, 大变革, 旋转, 转数, 循环
[化] 回转",s:revolutions,ecdict-bc015ed2e24a
revolutionary,cet4 cet6 ky toefl,"[""cet4-w-e27258f747d10ce3ba03""]",in_selected_syllabus,与当前考纲词形或已登记拼写变体相符。,"n. 革命者, 革命党人
a. 革命的, 革命性的",s:revolutionaries,ecdict-bc015ed2e24a
reward,gk cet4 cet6 ky toefl ielts gre,"[""cet4-w-ab3e5ecec7ab180c5e1b""]",in_selected_syllabus,与当前考纲词形或已登记拼写变体相符。,"n. 报酬, 酬谢, 赏金
vt. 奖赏, 酬谢, 给...应有报应",s:rewards/d:rewarded/i:rewarding/p:rewarded/3:rewards,ecdict-bc015ed2e24a
rhythm,cet4 cet6 ky toefl ielts,"[""cet4-w-8ff8e5029afded1d9c8c""]",in_selected_syllabus,与当前考纲词形或已登记拼写变体相符。,"n. 旋律, 节奏, 韵律, 匀称, 张弛节律
[医] 节律",s:rhythms,ecdict-bc015ed2e24a
rib,cet4 cet6 ky gre,"[""cet4-w-45c9807a96ee2d88fe2b""]",in_selected_syllabus,与当前考纲词形或已登记拼写变体相符。,"n. 肋骨, 肋状物, 笑话
vt. 装肋状物于, 戏弄",s:ribs/i:ribbing/p:ribbed/3:ribs/d:ribbed,ecdict-bc015ed2e24a
ribbon,cet4 cet6 ky toefl ielts,"[""cet4-w-28209483ff9c225e5f50""]",in_selected_syllabus,与当前考纲词形或已登记拼写变体相符。,"n. 缎带, 色带, 带状物
vt. 用丝带装饰, 把...撕成条状
vi. 形成带状
[计] 带状条, 格式栏",s:ribbons/i:ribboning,ecdict-bc015ed2e24a
rid,gk cet4 cet6 ky toefl,"[""cet4-w-d39bc7b4f812dbdb9888""]",in_selected_syllabus,与当前考纲词形或已登记拼写变体相符。,"vt. 免除, 以...清除, 使获自由, 使摆脱
[法] 免除, 清除, 摆脱",d:rid/0:rid/1:dp/i:ridding/p:rid/3:rids,ecdict-bc015ed2e24a
riddle,zk gk cet4 cet6 ky toefl gre,"[""cet4-w-9ba8b36ad16dc5baeff0""]",in_selected_syllabus,与当前考纲词形或已登记拼写变体相符。,"n. 谜, 谜语, 粗筛
vt. 解谜, 给...出谜, 筛, 寻根究底地检验, 充满于
vi. 出谜",d:riddled/s:riddles/p:riddled/i:riddling/3:riddles,ecdict-bc015ed2e24a
rider,cet4 cet6 gre,"[""cet4-w-87fbbbce04aae9447646""]",in_selected_syllabus,与当前考纲词形或已登记拼写变体相符。,"n. 骑手, (文件后的)附件, 扶手
[化] 游码",s:riders,ecdict-bc015ed2e24a
ridge,cet4 cet6 ky toefl ielts gre,[],outside_selected_syllabus,ECDICT 标签仅作候选；所选考纲四级范围无对应词形，不自动加入。,"n. 脊, 山脊, 山脉
[医] 嵴, 脊, 棱线",s:ridges/i:ridging/p:ridged/3:ridges/d:ridged,ecdict-bc015ed2e24a
ridiculous,gk cet4 cet6 ky toefl ielts,"[""cet4-w-63a14a48a42012b6e776""]",in_selected_syllabus,与当前考纲词形或已登记拼写变体相符。,"a. 荒谬的, 可笑的",,ecdict-bc015ed2e24a
rifle,cet4 cet6 ky toefl gre,"[""cet4-w-7d009b447879de327db8""]",in_selected_syllabus,与当前考纲词形或已登记拼写变体相符。,"n. 来复枪, 步枪
vt. 用步枪射击, 抢夺
vi. (抱有不良意图)迅速翻查",s:rifles/p:rifled/i:rifling/d:rifled/3:rifles,ecdict-bc015ed2e24a
rigid,gk cet4 cet6 ky toefl ielts gre,[],outside_selected_syllabus,ECDICT 标签仅作候选；所选考纲四级范围无对应词形，不自动加入。,"a. 坚硬的, 刚性的, 严格的, 精密的, 刻板的",,ecdict-bc015ed2e24a
ripe,gk cet4 cet6 ky toefl,"[""cet4-w-a813ef9b0fc7475cee42""]",in_selected_syllabus,与当前考纲词形或已登记拼写变体相符。,"a. 成熟的, 熟练的, 成年的
[医] 成熟的",t:ripest/r:riper,ecdict-bc015ed2e24a
ripen,gk cet4 cet6 toefl gre,"[""cet4-w-7bef2abd8e6f54e66f1b""]",in_selected_syllabus,与当前考纲词形或已登记拼写变体相符。,"vt. 使成熟
vi. 成熟",i:ripening/3:ripens/d:ripened/p:ripened,ecdict-bc015ed2e24a
rise,zk gk cet4 cet6 ky,"[""cet4-w-1117d5bfa8e17a62a669""]",in_selected_syllabus,与当前考纲词形或已登记拼写变体相符。,"n. 上升, 增加, 上涨, 高地, 升高, 出现
vi. 升起, 起身, 起立, 上升, 上涨, 增长, 高耸, 起义, 浮现
vt. 使飞起",p:rose/i:rising/d:risen/s:rises/3:rises,ecdict-bc015ed2e24a
risk,zk gk cet4 cet6 ky toefl,"[""cet4-w-5057d31efb70c67ae6ba""]",in_selected_syllabus,与当前考纲词形或已登记拼写变体相符。,"n. 冒险, 危险, 保险额
vt. 冒...的危险, 冒险干",s:risks/i:risking/p:risked/3:risks/d:risked,ecdict-bc015ed2e24a
rival,cet4 cet6 ky toefl ielts gre,"[""cet4-w-5439d643663c335b6860""]",in_selected_syllabus,与当前考纲词形或已登记拼写变体相符。,"n. 对手, 竞争者
a. 竞争的",s:rivals/p:rivalled/3:rivals/i:rivalling/d:rivalled,ecdict-bc015ed2e24a
roar,cet4 cet6 ky toefl ielts,"[""cet4-w-1a0f1e41811495656508""]",in_selected_syllabus,与当前考纲词形或已登记拼写变体相符。,"n. 吼, 咆哮, 轰鸣
vi. 吼, 大声说出, 叫喊, 喧闹
vt. 呼喊, 使轰鸣",p:roared/i:roaring/3:roars/s:roars/d:roared,ecdict-bc015ed2e24a
roast,gk cet4 cet6 ky toefl ielts,"[""cet4-w-3574ae46072b26f4b910""]",in_selected_syllabus,与当前考纲词形或已登记拼写变体相符。,"n. 烤肉, 烘烤, 嘲笑
a. 烘烤的, 烤过的
vt. 烤, 炙, 烘焙, 嘲笑
vi. 烤, 炙, 烘焙",i:roasting/d:roasted/p:roasted/s:roasts/3:roasts/r:roaster,ecdict-bc015ed2e24a
rob,gk cet4 cet6 ky,"[""cet4-w-0bb617fd1c7410b6ebc3""]",in_selected_syllabus,与当前考纲词形或已登记拼写变体相符。,"v. 抢夺, 抢掠, 剥夺",d:robbed/p:robbed/i:robbing/3:robs,ecdict-bc015ed2e24a
robber,cet4 cet6 ielts,[],outside_selected_syllabus,ECDICT 标签仅作候选；所选考纲四级范围无对应词形，不自动加入。,"n. 强盗, 盗贼",s:robbers,ecdict-bc015ed2e24a
robbery,cet4 cet6,"[""cet4-w-d09158ceca9b7274d015""]",in_selected_syllabus,与当前考纲词形或已登记拼写变体相符。,"n. 抢掠, 抢夺
[法] 强盗, 抢劫, 劫掠",s:robberies,ecdict-bc015ed2e24a
robe,cet4 cet6 ky gre,[],outside_selected_syllabus,ECDICT 标签仅作候选；所选考纲四级范围无对应词形，不自动加入。,"n. 宽松长袍, 礼服, 披肩, 覆盖物
v. (给)穿长袍",s:robes/p:robed/d:robed/i:robing/3:robes,ecdict-bc015ed2e24a
robot,zk gk cet4 cet6 ky,"[""cet4-w-d10566819ca995f94024""]",in_selected_syllabus,与当前考纲词形或已登记拼写变体相符。,"n. 机械人, 自动机械, 机械般工作的人
[计] 机器人; 自动机",s:robots,ecdict-bc015ed2e24a
rock,zk gk cet4 cet6 ky ielts,"[""cet4-w-c4b713ae9df6a2967d02""]",in_selected_syllabus,与当前考纲词形或已登记拼写变体相符。,"n. 岩石, 岩礁, 石头, 基石, 暗礁, 摇动, 摇滚乐
vt. 摇摆, 摇动, 使摇晃, 使动摇
vi. 摇, 摇动",s:rocks/i:rocking/p:rocked/d:rocked/3:rocks,ecdict-bc015ed2e24a
rocket,gk cet4 cet6 ky,"[""cet4-w-f205a713630c1b6a0411""]",in_selected_syllabus,与当前考纲词形或已登记拼写变体相符。,"n. 火箭, 烟火
vi. 急升, 猛涨, 飞驰
vt. 用火箭运载",s:rockets/d:rocketed/p:rocketed/3:rockets/i:rocketing,ecdict-bc015ed2e24a
rod,cet4 cet6 ky toefl,"[""cet4-w-ce20d78e27c30a9ee8d3""]",in_selected_syllabus,与当前考纲词形或已登记拼写变体相符。,"n. 竿, 笞鞭, 小枝
[化] 棒",s:rods/i:rodding,ecdict-bc015ed2e24a
role,zk gk cet4 cet6 ky toefl ielts,"[""cet4-w-1002a874fa18f8d363ba""]",in_selected_syllabus,与当前考纲词形或已登记拼写变体相符。,"n. 角色, 职责, 任务
[医] 作用, 功用",s:roles,ecdict-bc015ed2e24a
roll,gk cet4 cet6 ky toefl ielts,"[""cet4-w-5e60017fd7251edc5f53""]",in_selected_syllabus,与当前考纲词形或已登记拼写变体相符。,"n. 卷, 滚动, 名单, 案卷, 压路机
vi. 滚, 滚动, 飘流, 起伏, 卷, 绕
vt. 使滚动, 卷, 绕",p:rolled/s:rolls/i:rolling/d:rolled/3:rolls,ecdict-bc015ed2e24a
roller,gk cet4 cet6,"[""cet4-w-407636a897734a3d257d""]",in_selected_syllabus,与当前考纲词形或已登记拼写变体相符。,"n. 滚筒, 滚轴, 压路机
[化] 滚柱; 托辊",s:rollers/p:rollered/d:rollered/i:rollering,ecdict-bc015ed2e24a
Roman,cet4 cet6,[],outside_selected_syllabus,ECDICT 标签仅作候选；所选考纲四级范围无对应词形，不自动加入。,"n. 罗马人
a. 罗马人的, 罗马的",s:romans,ecdict-bc015ed2e24a
romantic,cet4 cet6 ky,"[""cet4-w-f0d8562f2107398bc7df""]",in_selected_syllabus,与当前考纲词形或已登记拼写变体相符。,"a. 浪漫的, 风流的, 传奇性的, 夸大的, 空想的, 浪漫派的",s:romantics,ecdict-bc015ed2e24a
roof,gk cet4 cet6 ky toefl,"[""cet4-w-6cd1abfa69fe6be3f4da""]",in_selected_syllabus,与当前考纲词形或已登记拼写变体相符。,"n. 屋顶, 室顶
vt. 给...盖屋顶, 遮蔽",s:roofs/d:roofed/i:roofing/p:roofed/3:roofs,ecdict-bc015ed2e24a
root,gk cet4 cet6 ky,"[""cet4-w-f00429d001c7f6dc16ac""]",in_selected_syllabus,与当前考纲词形或已登记拼写变体相符。,"n. 根, 根本, 根源, 基础, 底部
vt. 使扎根, 使固定, 根除, 肃清, 搜出, 用鼻拱
vi. 生根, 固定, 源于, 用鼻拱土, 寻找, 捧场, 支持",s:roots/d:rooted/i:rooting/p:rooted/3:roots,ecdict-bc015ed2e24a
rope,zk gk cet4 cet6 ky toefl,"[""cet4-w-3cbbfb5ee2148c2f7b90""]",in_selected_syllabus,与当前考纲词形或已登记拼写变体相符。,"n. 绳, 索, 粗绳, 绞索, 决窍
vt. 捆, 缚, 绑, 圈起, 以绳将...系住
vi. 拧成绳状",s:ropes/d:roped/i:roping/p:roped/3:ropes,ecdict-bc015ed2e24a
rose,zk gk cet4 cet6 ky,"[""cet4-w-9dc2588ece438925684c""]",in_selected_syllabus,与当前考纲词形或已登记拼写变体相符。,"n. 玫瑰, 蔷薇, 玫瑰色
a. 玫瑰色的, 玫瑰花的
vt. 使成玫瑰色
rise的过去式",0:rise/1:pd/s:roses,ecdict-bc015ed2e24a
rot,gk cet4 cet6 ky toefl ielts,[],outside_selected_syllabus,ECDICT 标签仅作候选；所选考纲四级范围无对应词形，不自动加入。,"n. 腐烂, 腐蚀, 败坏
vi. 腐烂, 烂, 堕落, 憔悴
vt. 使腐烂, 使腐朽, 使堕落",d:rotted/i:rotting/3:rots/p:rotted/s:rots,ecdict-bc015ed2e24a
rotary,cet4 cet6 ky,[],outside_selected_syllabus,ECDICT 标签仅作候选；所选考纲四级范围无对应词形，不自动加入。,"a. 旋转的, 轮流的
n. 旋转式机器",s:rotaries,ecdict-bc015ed2e24a
rotate,cet4 cet6 ky toefl ielts gre,[],outside_selected_syllabus,ECDICT 标签仅作候选；所选考纲四级范围无对应词形，不自动加入。,"a. 辐状的
vt. 使旋转, 使转动, 使轮流
vi. 旋转, 循环
[计] 旋转",i:rotating/d:rotated/3:rotates/p:rotated/s:rotates,ecdict-bc015ed2e24a
rotation,cet4 cet6 toefl,[],outside_selected_syllabus,ECDICT 标签仅作候选；所选考纲四级范围无对应词形，不自动加入。,"n. 旋转, 循环, 轮流
[计] 旋转",s:rotations,ecdict-bc015ed2e24a
rotten,cet4 cet6 ky toefl gre,[],outside_selected_syllabus,ECDICT 标签仅作候选；所选考纲四级范围无对应词形，不自动加入。,"a. 腐烂的, 恶臭的, 堕落的, 风化的, 虚弱的
[经] 腐烂的, 堕落的",,ecdict-bc015ed2e24a
rough,gk cet4 cet6 ky toefl ielts,"[""cet4-w-2ef1fd5731ac17405c3a""]",in_selected_syllabus,与当前考纲词形或已登记拼写变体相符。,"n. 粗糙的东西, 毛坯, 未加工品, 梗概, 草图, 暴徒, 艰难
a. 粗糙的, 粗暴的, 蓬乱的, 草率的, 大致的, 简陋的, 暴风雨的, 艰难的
vt. 使粗糙, 使不平, 使蓬乱, 粗制, 草拟, 粗暴对待, 对...动粗
vi. 变粗糙
adv. 粗糙地, 粗暴地",r:rougher/t:roughest/d:roughed/s:roughs/i:roughing/p:roughed/3:roughs,ecdict-bc015ed2e24a
roughly,cet4 cet6 ky toefl,"[""cet4-w-30964b8172df3093df83""]",in_selected_syllabus,与当前考纲词形或已登记拼写变体相符。,"adv. 概略地, 粗糙地, 粗暴地",,ecdict-bc015ed2e24a
rouse,cet4 cet6 ky ielts,"[""cet4-w-24c6bac6c1460a18b8a0""]",in_selected_syllabus,与当前考纲词形或已登记拼写变体相符。,"n. 觉醒, 奋起, 干杯
vt. 唤醒, 鼓舞, 激动, 使振奋, 惊起
vi. 醒来, 奋起",d:roused/p:roused/i:rousing/3:rouses,ecdict-bc015ed2e24a
route,cet4 cet6 ky ielts,"[""cet4-w-064c8547db9a770306c9""]",in_selected_syllabus,与当前考纲词形或已登记拼写变体相符。,"n. 路径, 途径, 路线
vt. 确定路线, 按规定路线发送
[计] 传递, 路由设定程序",s:routes/i:routing/p:routed/3:routes/d:routed,ecdict-bc015ed2e24a
routine,gk cet4 cet6 ky toefl ielts,"[""cet4-w-fe060c438fc9bc2fc30e""]",in_selected_syllabus,与当前考纲词形或已登记拼写变体相符。,"n. 常规, 日常工作, 惯例, 例行公事
a. 日常的, 常规的
[计] 例程",s:routines,ecdict-bc015ed2e24a
row,zk gk cet4 cet6 ky toefl,"[""cet4-w-2b87dba3761b9edeebab""]",in_selected_syllabus,与当前考纲词形或已登记拼写变体相符。,"n. 排, 行, 街道, 划船, 吵闹
vt. 使成排, 划, 划船, 参加(赛船), 痛骂
vi. 划船, 划动, 争吵
[计] 行",s:rows/p:rowed/d:rowed/i:rowing/3:rows,ecdict-bc015ed2e24a
royal,gk cet4 cet6 ky ielts,"[""cet4-w-4633c9db645fb79e6ac4""]",in_selected_syllabus,与当前考纲词形或已登记拼写变体相符。,"n. 王室, 皇族
a. 王室的, 皇家的, 盛大的, 庄严的",s:royals,ecdict-bc015ed2e24a
rub,cet4 cet6 ky toefl ielts,"[""cet4-w-d463fb3e6f9bcd6283e9""]",in_selected_syllabus,与当前考纲词形或已登记拼写变体相符。,"n. 摩擦, 困难, 障碍, 磨损处
vt. 擦, 搓, 摩擦, 惹怒
vi. 摩擦, 擦破",p:rubbed/i:rubbing/d:rubbed/3:rubs/s:rubs,ecdict-bc015ed2e24a
rubber,zk gk cet4 cet6 ky ielts,"[""cet4-w-bb395052b30972c8e5ba""]",in_selected_syllabus,与当前考纲词形或已登记拼写变体相符。,"n. 橡皮, 橡胶, 做摩擦动作的人, 按摩师, 决胜盘
vt. 用橡胶制造, 涂橡胶于",s:rubbers/i:rubbering/p:rubbered/3:rubbers/d:rubbered,ecdict-bc015ed2e24a
rubbish,zk gk cet4 cet6 ky toefl ielts,"[""cet4-w-7e601f2a93566cd81840""]",in_selected_syllabus,与当前考纲词形或已登记拼写变体相符。,"n. 废物, 垃圾, 胡说",p:rubbished/d:rubbished/i:rubbishing/3:rubbishes,ecdict-bc015ed2e24a
rude,gk cet4 cet6 ky,"[""cet4-w-900495d12132f23467f5""]",in_selected_syllabus,与当前考纲词形或已登记拼写变体相符。,"a. 粗鲁无礼的, 粗陋的, 粗暴的, 原始的, 未开化的, 大略的, 崎岖不平的, 狂暴的",r:ruder/t:rudest,ecdict-bc015ed2e24a
rug,cet4 cet6 ky,"[""cet4-w-2ddfacde608915f0bb32""]",in_selected_syllabus,与当前考纲词形或已登记拼写变体相符。,"n. 小块地毯, 揭露某人",s:rugs,ecdict-bc015ed2e24a
ruin,gk cet4 cet6 ky toefl,"[""cet4-w-414a9bed52c078e0d792""]",in_selected_syllabus,与当前考纲词形或已登记拼写变体相符。,"n. 毁灭, 推翻, 废墟
vi. 毁灭, 衰败, 破坏, 破产, 堕落
vt. 使毁灭, 毁坏, 使破产",s:ruins/3:ruins/i:ruining/p:ruined/d:ruined,ecdict-bc015ed2e24a
rule,zk gk cet4 cet6 ky toefl ielts,"[""cet4-w-ff2a883cb911c907a0a9""]",in_selected_syllabus,与当前考纲词形或已登记拼写变体相符。,"n. 规则, 统治, 控制, 支配, 规律, 标准, 章程, 破折号, 铅线
vt. 规定, 统治, 管理, 控制, 支配, 裁决
vi. 统治, 管辖, 裁定
[计] 规则, 水线",s:rules/d:ruled/p:ruled/3:rules/i:ruling,ecdict-bc015ed2e24a
ruler,zk gk cet4 cet6 ky,"[""cet4-w-31be51732fc29fd6d6f9""]",in_selected_syllabus,与当前考纲词形或已登记拼写变体相符。,"n. 统治者, 管理者, 尺, 直尺
n. 划线板
[计] 标尺",s:rulers,ecdict-bc015ed2e24a
rumour,cet4 cet6 ielts,"[""cet4-w-aa3c95ff397f87905b21""]",in_selected_syllabus,与当前考纲词形或已登记拼写变体相符。,"n. 谣言, 传闻
vt. 谣传",s:rumours/d:rumoured/i:rumouring/p:rumoured/3:rumours,ecdict-bc015ed2e24a
runner,gk cet4 cet6,"[""cet4-w-d1f9df721faa1d6125be""]",in_selected_syllabus,与当前考纲词形或已登记拼写变体相符。,"n. 跑步者, 赛跑者, 送信人, 走私船, 操作者, 滑槽
[化] 碾碎机; 压碎机",s:runners,ecdict-bc015ed2e24a
rural,cet4 cet6 ky toefl ielts gre,"[""cet4-w-ad6ba2410206c81edcb7""]",in_selected_syllabus,与当前考纲词形或已登记拼写变体相符。,"a. 乡下的, 田园的, 乡村风味的
[法] 农村的, 乡村的, 有关农业的",,ecdict-bc015ed2e24a
rush,zk gk cet4 cet6 ky toefl,"[""cet4-w-589fa77a7b764fd1e65b""]",in_selected_syllabus,与当前考纲词形或已登记拼写变体相符。,"n. 匆促, 冲进, 急流, 灯心草
vi. 冲, 奔, 闯, 赶紧, 匆促行事, 涌现
vt. 使冲, 匆忙地做, 突袭, 飞跃, 用灯心草做
a. 紧急的",i:rushing/p:rushed/d:rushed/s:rushes/3:rushes,ecdict-bc015ed2e24a
rust,cet4 cet6 ky toefl ielts,[],outside_selected_syllabus,ECDICT 标签仅作候选；所选考纲四级范围无对应词形，不自动加入。,"n. 锈, 生锈, 衰退
vi. 生锈, 衰退
vt. 使生锈, 腐蚀",i:rusting/d:rusted/3:rusts/s:rusts/p:rusted,ecdict-bc015ed2e24a
rusty,cet4 cet6 toefl,[],outside_selected_syllabus,ECDICT 标签仅作候选；所选考纲四级范围无对应词形，不自动加入。,"a. 生锈的, 腐蚀的, 生疏的, 顽固的, 腐烂的
[医] 锈色的",t:rustiest/r:rustier,ecdict-bc015ed2e24a
sack,cet4 cet6 ky toefl ielts gre,"[""cet4-w-1495f5d5efb6cef80ee2""]",in_selected_syllabus,与当前考纲词形或已登记拼写变体相符。,"n. 麻布袋, 洗劫
vt. 把...装入袋, 洗劫",d:sacked/s:sacks/p:sacked/i:sacking/3:sacks,ecdict-bc015ed2e24a
sacred,gk cet4 cet6 ky toefl ielts gre,[],outside_selected_syllabus,ECDICT 标签仅作候选；所选考纲四级范围无对应词形，不自动加入。,"a. 神圣的, 献给上帝的, 庄严的, 祭祀的
[法] 神圣的, 不可侵犯的",,ecdict-bc015ed2e24a
sacrifice,gk cet4 cet6 ky ielts gre,"[""cet4-w-443c11d2ec3dca6af681""]",in_selected_syllabus,与当前考纲词形或已登记拼写变体相符。,"n. 牺牲, 供奉, 祭品
vt. 牺牲, 祭祀, 贱卖
vi. 献祭",s:sacrifices/d:sacrificed/i:sacrificing/p:sacrificed/3:sacrifices,ecdict-bc015ed2e24a
saddle,cet4 cet6 ky toefl ielts gre,[],outside_selected_syllabus,ECDICT 标签仅作候选；所选考纲四级范围无对应词形，不自动加入。,"n. 鞍, 马鞍, 车座, 鞍状物
vt. 装以马鞍, 使负担
vi. 跨上马鞍",d:saddled/s:saddles/p:saddled/i:saddling/3:saddles,ecdict-bc015ed2e24a
sadly,cet4 cet6,[],outside_selected_syllabus,ECDICT 标签仅作候选；所选考纲四级范围无对应词形，不自动加入。,"adv. 悲痛地, 悲惨地, 悲伤地, 说来遗憾",,ecdict-bc015ed2e24a
sadness,gk cet4 cet6,"[""cet4-w-844ccd766e1ba56d7053""]",in_selected_syllabus,与当前考纲词形或已登记拼写变体相符。,"n. 悲哀, 悲伤",s:sadnesses,ecdict-bc015ed2e24a
safe,zk gk cet4 cet6 ky ielts gre,"[""cet4-w-7b4b87820522c76171c0""]",in_selected_syllabus,与当前考纲词形或已登记拼写变体相符。,"n. 保险箱, 冷藏室
a. 安全的, 可靠的, 平安的, 稳健的, 有把握的",r:safer/t:safest/s:safes,ecdict-bc015ed2e24a
safely,cet4 cet6,[],outside_selected_syllabus,ECDICT 标签仅作候选；所选考纲四级范围无对应词形，不自动加入。,"adv. 安全地, 确实地",,ecdict-bc015ed2e24a
safety,zk gk cet4 cet6 ky ielts,"[""cet4-w-8d430a1e0f53893128dc""]",in_selected_syllabus,与当前考纲词形或已登记拼写变体相符。,"n. 安全, 保险, 平安, 保安设备
vt. 保护, 防护",,ecdict-bc015ed2e24a
sail,zk gk cet4 cet6 ky toefl,"[""cet4-w-8531539e7c7e80c43476""]",in_selected_syllabus,与当前考纲词形或已登记拼写变体相符。,"n. 帆, 篷, 帆船, 航程, 帆状物
vi. 航行, 启航, 张帆而行
vt. 航行于, 驾船",i:sailing/p:sailed/s:sails/d:sailed/3:sails,ecdict-bc015ed2e24a
sailor,gk cet4 cet6 ky,"[""cet4-w-e5d3a64ec29537cbb54b""]",in_selected_syllabus,与当前考纲词形或已登记拼写变体相符。,"n. 水手, 船员, 海员
[法] 水手, 船员, 海员",s:sailors,ecdict-bc015ed2e24a
Saint,cet4 cet6 ky,"[""cet4-w-8c46586047dee49c0ef8""]",in_selected_syllabus,与当前考纲词形或已登记拼写变体相符。,"n. 圣徒, 圣人
a. 神圣的
[计] 自动积分程序符号",s:saints/i:sainting/p:sainted/3:saints/d:sainted,ecdict-bc015ed2e24a
sake,cet4 cet6 ky toefl ielts,"[""cet4-w-a30230576d2cd028a25c""]",in_selected_syllabus,与当前考纲词形或已登记拼写变体相符。,"n. 目的, 缘故, 理由",s:sakes,ecdict-bc015ed2e24a
salad,zk gk cet4 cet6 ky ielts,"[""cet4-w-c090497d92ef53d266dc""]",in_selected_syllabus,与当前考纲词形或已登记拼写变体相符。,n. 色拉,s:salads,ecdict-bc015ed2e24a
salary,gk cet4 cet6 ky ielts,"[""cet4-w-922f4a62a46fe69ff78b""]",in_selected_syllabus,与当前考纲词形或已登记拼写变体相符。,"n. 薪水
vt. 给...加薪",s:salaries,ecdict-bc015ed2e24a
sale,zk gk cet4 cet6 ky toefl ielts,"[""cet4-w-3bfb1be357c7c5efbc8f""]",in_selected_syllabus,与当前考纲词形或已登记拼写变体相符。,"n. 出售, 卖, 拍卖, 销售额, 廉价出售
[经] 卖, 出售; 销售(货)",,ecdict-bc015ed2e24a
salesman,gk cet4 cet6 ky,"[""cet4-w-104fb9e28267f29dcb56""]",in_selected_syllabus,与当前考纲词形或已登记拼写变体相符。,"n. 售货员, 推销员
[经] 售货员, 店员, 推销员",s:salesmen,ecdict-bc015ed2e24a
salt,zk gk cet4 cet6 ky,"[""cet4-w-a3f69fad49ceb3bbbc55""]",in_selected_syllabus,与当前考纲词形或已登记拼写变体相符。,"n. 盐, 风趣, 刺激
a. 含盐的, 咸的, 风趣的, 辛辣的
vt. 加盐于, 用盐腌",s:salts/d:salted/i:salting/p:salted/3:salts,ecdict-bc015ed2e24a
salute,gk cet4 cet6 ky ielts gre,[],outside_selected_syllabus,ECDICT 标签仅作候选；所选考纲四级范围无对应词形，不自动加入。,"vi. 行礼, 致意, 问候, 放礼炮
vt. 向...致意, 迎接, 赞扬
n. 招呼, 敬礼, 礼炮",p:saluted/3:salutes/i:saluting/d:saluted/s:salutes,ecdict-bc015ed2e24a
sample,cet4 cet6 ky toefl ielts,"[""cet4-w-8990642d48971b3fed99""]",in_selected_syllabus,与当前考纲词形或已登记拼写变体相符。,"n. 样品, 范例, 样本
vt. 抽样, 尝试
[计] 示例, 字样",s:samples/d:sampled/i:sampling/p:sampled/3:samples,ecdict-bc015ed2e24a
sand,zk gk cet4 cet6 ky,"[""cet4-w-f2ca72ef61f800020652""]",in_selected_syllabus,与当前考纲词形或已登记拼写变体相符。,"n. 沙, 沙子, 沙滩, 光阴, 生涯
vt. 撒沙, 以沙掩盖",s:sands/i:sanding/d:sanded/p:sanded/3:sands,ecdict-bc015ed2e24a
sandwich,zk gk cet4 cet6 ky ielts,"[""cet4-w-8f4b950c2882c35ed548""]",in_selected_syllabus,与当前考纲词形或已登记拼写变体相符。,"n. 三明治, 夹心面包, 夹层板
vt. 插入, 夹入, 把...制成三明治",s:sandwiches/d:sandwiched/i:sandwiching/p:sandwiched/3:sandwiches,ecdict-bc015ed2e24a
sandy,cet4 cet6 toefl,[],outside_selected_syllabus,ECDICT 标签仅作候选；所选考纲四级范围无对应词形，不自动加入。,"a. 沙的, 沙地的, 多沙的",r:sandier,ecdict-bc015ed2e24a
satellite,gk cet4 cet6 ky toefl ielts,"[""cet4-w-02c29df82f66c6ae1583""]",in_selected_syllabus,与当前考纲词形或已登记拼写变体相符。,"n. 人造卫星
[医] 伴行静脉, 陪静脉, 陪病部, 随体, 卫星",s:satellites,ecdict-bc015ed2e24a
satisfaction,gk cet4 cet6 ky toefl ielts,"[""cet4-w-7c30bb9e7f3af45ff93c""]",in_selected_syllabus,与当前考纲词形或已登记拼写变体相符。,"n. 满足, 满意, 快事, 赔偿, 赎罪, 报仇的机会
[经] 偿还, 赎回",s:satisfactions,ecdict-bc015ed2e24a
satisfactory,cet4 cet6 ky toefl,"[""cet4-w-a490e40a2193718412e6""]",in_selected_syllabus,与当前考纲词形或已登记拼写变体相符。,"a. 满意的, 赎罪的
[法] 令人满意的, 令当事人满意的, 充分的",,ecdict-bc015ed2e24a
satisfy,zk gk cet4 cet6 ky toefl,"[""cet4-w-d90c1ea7df51d4a077d1""]",in_selected_syllabus,与当前考纲词形或已登记拼写变体相符。,"vt. 使满意, 满足, 符合, 使确信, 赔偿
vi. 令人满意, 替人赎罪",3:satisfies/d:satisfied/i:satisfying/p:satisfied,ecdict-bc015ed2e24a
sauce,gk cet4 cet6 ky ielts,"[""cet4-w-7d10c3db52835a844002""]",in_selected_syllabus,与当前考纲词形或已登记拼写变体相符。,"n. 酱油, 调味汁, 酱
vt. 给...调味, 使增加趣味",s:sauces/d:sauced/i:saucing/p:sauced/3:sauces,ecdict-bc015ed2e24a
saucer,gk cet4 cet6 ky toefl,[],outside_selected_syllabus,ECDICT 标签仅作候选；所选考纲四级范围无对应词形，不自动加入。,"n. 茶碟, 茶托
[医] 碟",s:saucers,ecdict-bc015ed2e24a
sausage,zk gk cet4 cet6 ky,"[""cet4-w-de506fa6c65e358f3dd4""]",in_selected_syllabus,与当前考纲词形或已登记拼写变体相符。,"n. 香肠, 腊肠",s:sausages,ecdict-bc015ed2e24a
save,zk gk cet4 cet6 ky toefl,"[""cet4-w-c22a16263cd822ee8f23""]",in_selected_syllabus,与当前考纲词形或已登记拼写变体相符。,"n. 救球
vt. 解救, 挽救, 储蓄, 保存, 节省, 保留
vi. 挽救, 节省, 救球
prep. 除...之外
[计] 保存",d:saved/p:saved/i:saving/3:saves/s:saves,ecdict-bc015ed2e24a
saving,cet4 cet6 ky ielts,"[""cet4-w-2b6684347a3a0585dbbd""]",in_selected_syllabus,与当前考纲词形或已登记拼写变体相符。,"n. 存款, 挽救, 节约
a. 搭救的, 节约的, 保留的, 补偿的
prep. 除...之外",0:save/1:i/s:savings/i:saving,ecdict-bc015ed2e24a
saw,cet4 cet6 ky,[],outside_selected_syllabus,ECDICT 标签仅作候选；所选考纲四级范围无对应词形，不自动加入。,"n. 锯子, 谚语
vt. 锯, 锯开, 来回移动
vi. 拉锯, 移动
see的过去式",0:see/1:p/i:sawing/s:saws/d:sawn/p:sawed/3:saws,ecdict-bc015ed2e24a
scale,cet4 cet6 ky toefl ielts gre,"[""cet4-w-2929804280965dc4d016""]",in_selected_syllabus,与当前考纲词形或已登记拼写变体相符。,"n. 刻度, 衡量, 比例, 比例尺, 数值范围, 等级, 规模, 天平, 秤, 鳞, 积垢
vt. 依比例决定, 攀登, 测量, 绘制, 刮鳞, 使生垢, 过秤
vi. 剥落, 生水垢, 重量为, 攀登, 衡量
[计] 刻度",s:scales/d:scaled/i:scaling/p:scaled/3:scales,ecdict-bc015ed2e24a
scan,gk cet4 cet6 ky toefl ielts gre,"[""cet4-w-34ed33859e3bc58a224c""]",in_selected_syllabus,与当前考纲词形或已登记拼写变体相符。,"n. 审视, 浏览, 扫描, 细查
vt. 细看, 浏览, 扫描, 详细调查, 标出格律
vi. 押韵, 扫描
[计] 网络软件目录, 编码与分析系统",i:scanning/p:scanned/d:scanned/s:scans/3:scans,ecdict-bc015ed2e24a
scandal,cet4 cet6 ky toefl ielts gre,"[""cet4-w-271d3133670cbbb73a16""]",in_selected_syllabus,与当前考纲词形或已登记拼写变体相符。,"n. 丑闻, 中伤, 耻辱, 反感, 流言蜚语
[法] 丑事, 丑闻, 干丑事的人",s:scandals,ecdict-bc015ed2e24a
scar,gk cet4 cet6 ky toefl ielts gre,"[""cet4-w-a4d075019b315ab91c9a""]",in_selected_syllabus,与当前考纲词形或已登记拼写变体相符。,"n. 疤痕, 伤痕, 悬崖
vi. 结疤, 愈合, 痊愈
vt. 使有伤痕",s:scars/d:scarred/i:scarring/3:scars/p:scarred,ecdict-bc015ed2e24a
scarce,cet4 cet6 ky toefl ielts,"[""cet4-w-fcb6cecdfbc85d75b5d5""]",in_selected_syllabus,与当前考纲词形或已登记拼写变体相符。,"a. 难得的, 稀罕的, 缺乏的",r:scarcer/t:scarcest,ecdict-bc015ed2e24a
scarcely,cet4 cet6 ky toefl ielts,"[""cet4-w-414067c9d6973389efe5""]",in_selected_syllabus,与当前考纲词形或已登记拼写变体相符。,"adv. 简直不, 一定不, 仅仅",,ecdict-bc015ed2e24a
scare,gk cet4 cet6 ky toefl gre,"[""cet4-w-9afa0e458f58a77c5746""]",in_selected_syllabus,与当前考纲词形或已登记拼写变体相符。,"n. 惊吓, 恐慌
vt. 惊吓, 使恐慌
vi. 受惊",p:scared/d:scared/3:scares/i:scaring/s:scares,ecdict-bc015ed2e24a
scarf,zk gk cet4 cet6 ky gre,[],outside_selected_syllabus,ECDICT 标签仅作候选；所选考纲四级范围无对应词形，不自动加入。,"n. 围巾, 头巾, 领带, 领巾, 嵌接
vt. 用围巾围, 嵌接",s:scarves/d:scarfed/p:scarfed/i:scarfing/3:scarfs,ecdict-bc015ed2e24a
scatter,cet4 cet6 ky toefl ielts gre,"[""cet4-w-39a61d07db0a75ca9d85""]",in_selected_syllabus,与当前考纲词形或已登记拼写变体相符。,"n. 消散, 分散, 散播, 散射, 散布, 酒馆
vi. 散布, 散播, 消散
vt. 使消散, 使分散, 撒, 散布, 散播, 散射
[计] 散点图",d:scattered/i:scattering/p:scattered/3:scatters,ecdict-bc015ed2e24a
scene,gk cet4 cet6 ky toefl,"[""cet4-w-3f84fdb5c3361d6c215e""]",in_selected_syllabus,与当前考纲词形或已登记拼写变体相符。,"n. 场, 情景, 镜头, 发生地点, 道具, 布景, 景色
[化] 现场",s:scenes,ecdict-bc015ed2e24a
scenery,gk cet4 cet6 ky toefl ielts,"[""cet4-w-3a45ed291f5811090694""]",in_selected_syllabus,与当前考纲词形或已登记拼写变体相符。,"n. 风景, 景色, 舞台布景",s:sceneries,ecdict-bc015ed2e24a
scent,cet4 cet6 ky toefl ielts,"[""cet4-w-5484935d561bbd814370""]",in_selected_syllabus,与当前考纲词形或已登记拼写变体相符。,"n. 气味, 香味, 香水, 踪迹, 痕迹, 线索, 嗅觉
vt. 闻出, 嗅, 发觉, 使充满气味
vi. 嗅猎, 发出气味",s:scents/d:scented/i:scenting/3:scents/p:scented,ecdict-bc015ed2e24a
schedule,gk cet4 cet6 ky toefl ielts,"[""cet4-w-1497c9a4d723e402cabe""]",in_selected_syllabus,与当前考纲词形或已登记拼写变体相符。,"n. 时间表, 一览表, 计划表, 议事日程
vt. 预定, 编制目录, 制...表, 安排",d:scheduled/s:schedules/i:scheduling/p:scheduled/3:schedules,ecdict-bc015ed2e24a
scheme,cet4 cet6 ky toefl ielts gre,"[""cet4-w-44e50c041eb907a38af6""]",in_selected_syllabus,与当前考纲词形或已登记拼写变体相符。,"n. 方案, 计划, 组合, 系统, 图解, 诡计, 阴谋
v. 计划, 设计, 图谋, 策划",s:schemes/i:scheming/p:schemed/3:schemes/d:schemed,ecdict-bc015ed2e24a
scholar,gk cet4 cet6 ky toefl,"[""cet4-w-b24f35550d7f5a3e748b""]",in_selected_syllabus,与当前考纲词形或已登记拼写变体相符。,"n. 学者, 奖学金获得者, 有文化者, 学习者",s:scholars,ecdict-bc015ed2e24a
scholarship,gk cet4 cet6 ky toefl ielts,"[""cet4-w-59002537a0ed8b6ffa51""]",in_selected_syllabus,与当前考纲词形或已登记拼写变体相符。,"n. 学问, 学术成就, 奖学金",s:scholarships,ecdict-bc015ed2e24a
scientific,gk cet4 cet6 ky ielts,"[""cet4-w-ad50ccd86971ea67b981""]",in_selected_syllabus,与当前考纲词形或已登记拼写变体相符。,"a. 科学的, 系统的, 符合科学规律的
[计] 科学记数法",,ecdict-bc015ed2e24a
scientist,zk gk cet4 cet6 ky,"[""cet4-w-807f6fd502507774e4a9""]",in_selected_syllabus,与当前考纲词形或已登记拼写变体相符。,"n. 科学家
[医] 科学家",s:scientists,ecdict-bc015ed2e24a
scissors,gk cet4 cet6 ky toefl ielts,"[""cet4-w-1d172d436f27b3c56636""]",in_selected_syllabus,与当前考纲词形或已登记拼写变体相符。,"pl. 剪刀
[医] 剪",s:scissors/0:scissors/1:s,ecdict-bc015ed2e24a
scold,gk cet4 cet6 ky ielts,"[""cet4-w-7e35514392cbaff28547""]",in_selected_syllabus,与当前考纲词形或已登记拼写变体相符。,"n. 好骂街的人, 责骂
v. 责骂",p:scolded/i:scolding/d:scolded/3:scolds/s:scolds,ecdict-bc015ed2e24a
scope,cet4 cet6 ky toefl gre,"[""cet4-w-98335d5d73fa8c2b3463""]",in_selected_syllabus,与当前考纲词形或已登记拼写变体相符。,"n. 范围, 机会, 广度, 眼界, 观察仪器, 导弹射程
[计] 作用域",s:scopes,ecdict-bc015ed2e24a
score,zk gk cet4 cet6 ky toefl ielts gre,"[""cet4-w-60c7a70285af2f318367""]",in_selected_syllabus,与当前考纲词形或已登记拼写变体相符。,"n. 得分, 抓痕, 二十个, 刻痕, 帐目, 乐谱, 起跑线, 终点线, 大量
vt. 刻划, 划线, 获得, 评价, 把...记下
vi. 刻痕, 记分, 得分
[计] 得分",p:scored/s:scores/d:scored/i:scoring/3:scores,ecdict-bc015ed2e24a
scorn,cet4 cet6 ky ielts gre,[],outside_selected_syllabus,ECDICT 标签仅作候选；所选考纲四级范围无对应词形，不自动加入。,"n. 轻蔑, 藐视, 嘲笑, 被嘲弄的人
vt. 轻蔑, 不屑做",p:scorned/d:scorned/i:scorning/3:scorns/s:scorns,ecdict-bc015ed2e24a
scout,cet4 cet6 ky toefl ielts,"[""cet4-w-4f6c7fffb9bc60062513""]",in_selected_syllabus,与当前考纲词形或已登记拼写变体相符。,"n. 守候, 侦察, 搜索, 侦察员, 侦察机
vi. 守候, 侦察, 巡视, 嘲笑
vt. 侦察, 跟踪, 发现, 监视, 嘲弄",s:scouts/i:scouting/p:scouted/3:scouts/d:scouted,ecdict-bc015ed2e24a
scrape,cet4 cet6 ky toefl ielts gre,[],outside_selected_syllabus,ECDICT 标签仅作候选；所选考纲四级范围无对应词形，不自动加入。,"n. 刮, 擦, 挖, 擦痕, 刮擦声, 困境
vi. 刮掉, 擦掉, 刮出刺耳声
vt. 刮, 擦, 擦伤, 挖成, 积蓄",p:scraped/i:scraping/d:scraped/s:scrapes/3:scrapes,ecdict-bc015ed2e24a
scratch,gk cet4 cet6 ky toefl ielts,"[""cet4-w-b5c0a95d751bc7f42bce""]",in_selected_syllabus,与当前考纲词形或已登记拼写变体相符。,"n. 抓痕, 搔, 抓, 擦伤, 刮擦声, 乱写, 零分, 起跑线
vt. 搔, 抓, 挖出, 擦, 刮, 乱涂, 勾抹掉
vi. 搔, 抓, 发刮擦声, 勉强糊口
a. 碰巧的, 凑合的, 打草稿用的
[计] 擦除",i:scratching/p:scratched/s:scratches/d:scratched/3:scratches,ecdict-bc015ed2e24a
scream,gk cet4 cet6 ky,"[""cet4-w-09c86faf6620ea15533e""]",in_selected_syllabus,与当前考纲词形或已登记拼写变体相符。,"n. 尖叫声
vi. 尖叫, 大笑, 尖啸, 令人震惊
vt. 尖叫着说, 大叫大嚷着要求",i:screaming/p:screamed/s:screams/d:screamed/3:screams,ecdict-bc015ed2e24a
screen,zk gk cet4 cet6 ky toefl,"[""cet4-w-706f2bc736de5fe5b2c7""]",in_selected_syllabus,与当前考纲词形或已登记拼写变体相符。,"n. 幕, 银幕, 屏风, 掩蔽物, 屏蔽, 筛子
vt. 掩蔽, 放映, 拍摄, 掩护, 筛, 甄别
vi. 拍电影
[计] 筛选; 屏幕",s:screens/d:screened/i:screening/p:screened/3:screens,ecdict-bc015ed2e24a
screw,cet4 cet6 ky toefl ielts gre,"[""cet4-w-fb91ad2ace8ce283a3f9""]",in_selected_syllabus,与当前考纲词形或已登记拼写变体相符。,"n. 螺旋, 螺杆, 螺钉, 螺旋桨, 吝啬鬼
vt. 调节, 扭紧, 旋, 拧, 加强, 压榨, 勒索
vi. 转动, 旋, 拧",s:screws/p:screwed/i:screwing/d:screwed/3:screws,ecdict-bc015ed2e24a
seal,gk cet4 cet6 ky toefl ielts,"[""cet4-w-007f9306cfd15fb73f88""]",in_selected_syllabus,与当前考纲词形或已登记拼写变体相符。,"n. 印章, 封条, 海豹, 海豹皮, 火漆, 封蜡, 玺, 保证, 批准, 象征, 标志
vt. 封闭, 盖印, 盖章
vi. 猎海豹",s:seals/d:sealed/p:sealed/i:sealing/3:seals,ecdict-bc015ed2e24a
seaman,gk cet4 cet6,[],outside_selected_syllabus,ECDICT 标签仅作候选；所选考纲四级范围无对应词形，不自动加入。,"n. 船员, 海员, 水兵
[法] 海员, 水手, 精通海事者",s:seamen,ecdict-bc015ed2e24a
seaport,cet4 cet6 toefl,[],outside_selected_syllabus,ECDICT 标签仅作候选；所选考纲四级范围无对应词形，不自动加入。,"n. 海港, 港口城市",s:seaports,ecdict-bc015ed2e24a
search,zk gk cet4 cet6 ky toefl,"[""cet4-w-142cea2c36e679c23999""]",in_selected_syllabus,与当前考纲词形或已登记拼写变体相符。,"n. 搜寻, 查究
v. 搜寻, 搜查, 探求, 调查, 搜索
[计] 搜索, 路径检索程序",i:searching/p:searched/s:searches/d:searched/3:searches,ecdict-bc015ed2e24a
secondary,cet4 cet6 ky toefl ielts,"[""cet4-w-eda5f8514c6445693c04""]",in_selected_syllabus,与当前考纲词形或已登记拼写变体相符。,"a. 中级的, 中等的, 次要的, 第二的, 从属的, 辅助的
[化] 仲(指CH-3...CH(CH-3)-型支链烃基或指二元胺及R-2CHOH型的醇); 第二",s:secondaries,ecdict-bc015ed2e24a
secondly,cet4 cet6,[],outside_selected_syllabus,ECDICT 标签仅作候选；所选考纲四级范围无对应词形，不自动加入。,"adv. 第二, 其次",,ecdict-bc015ed2e24a
secret,zk gk cet4 cet6 ky toefl,"[""cet4-w-cef8e310a5b04dd46b6a""]",in_selected_syllabus,与当前考纲词形或已登记拼写变体相符。,"n. 秘密, 机密, 秘诀, 秘方
a. 秘密的, 极机密的, 隐蔽的, 暗中的, 神秘的, 偏僻的",s:secrets,ecdict-bc015ed2e24a
section,gk cet4 cet6 ky toefl ielts,"[""cet4-w-52a4035624fb47042348""]",in_selected_syllabus,与当前考纲词形或已登记拼写变体相符。,"n. 区段, 部分, 区域, 节, 截面, 处, 科, 区, 扇区
vt. 把...分段, 把...切片
vi. 被切成片
[计] 扇区",s:sections/d:sectioned/i:sectioning/p:sectioned/3:sections,ecdict-bc015ed2e24a
secure,gk cet4 cet6 ky toefl gre,"[""cet4-w-4e3fc976221b82c52ffd""]",in_selected_syllabus,与当前考纲词形或已登记拼写变体相符。,"a. 无虑的, 安心的, 安全的, 可靠的, 保险的
vt. 固定, 获得, 保证, 使安全, 掩护, 招致
vi. 停止操作, 船抛锚",d:secured/i:securing/p:secured/3:secures,ecdict-bc015ed2e24a
security,gk cet4 cet6 ky toefl,"[""cet4-w-5d41b1bd216815d44528""]",in_selected_syllabus,与当前考纲词形或已登记拼写变体相符。,"n. 安全, 安全性, 防护物, 保安, 可靠性, 担保人, 抵押品, 保证金
[计] 安全性, 保密性, 安全检查程序",s:securities,ecdict-bc015ed2e24a
seed,gk cet4 cet6 ky,"[""cet4-w-aed1a3af4f4a1bd78d90""]",in_selected_syllabus,与当前考纲词形或已登记拼写变体相符。,"n. 种子, 籽, 萌芽, 子孙, 精液
vt. 在...播种, 催...发育, 脱...籽
vi. 结实, 播种",s:seeds/p:seeded/d:seeded/i:seeding/3:seeds,ecdict-bc015ed2e24a
seek,gk cet4 cet6 ky,"[""cet4-w-c097b11911dbd23477e9""]",in_selected_syllabus,与当前考纲词形或已登记拼写变体相符。,"vt. 寻求, 寻找, 探索, 追求, 搜索, 请求
vi. 寻找, 搜索
[计] 查找",i:seeking/d:sought/p:sought/3:seeks,ecdict-bc015ed2e24a
segment,cet4 cet6 ky toefl ielts gre,"[""cet4-w-f6bd1fc598a5b8d0c745""]",in_selected_syllabus,与当前考纲词形或已登记拼写变体相符。,"n. 片段, 部分, 分节, 段
v. 分割, 分裂
[计] 段",s:segments/d:segmented/i:segmenting/p:segmented/3:segments,ecdict-bc015ed2e24a
seize,gk cet4 cet6 ky toefl,"[""cet4-w-9b0ef75cfc35ff1b2f90""]",in_selected_syllabus,与当前考纲词形或已登记拼写变体相符。,"vt. 抓住, 逮捕, 俘获, 没收, 扣押, 掌握
vi. 突然抓住, 利用",d:seized/p:seized/i:seizing/3:seizes,ecdict-bc015ed2e24a
seldom,zk gk cet4 cet6 ky toefl,"[""cet4-w-d1ee084ae69979c98f49""]",in_selected_syllabus,与当前考纲词形或已登记拼写变体相符。,"a. 不常的, 稀少的
adv. 很少, 不常",,ecdict-bc015ed2e24a
select,gk cet4 cet6 ky toefl,"[""cet4-w-13c72997553fc74049a1""]",in_selected_syllabus,与当前考纲词形或已登记拼写变体相符。,"a. 挑选出来的, 极好的
v. 选择, 挑选
n. 被挑选者, 精萃
[计] 选定",d:selected/i:selecting/3:selects/p:selected,ecdict-bc015ed2e24a
selection,cet4 cet6 ky toefl ielts,"[""cet4-w-bad32a27fa8bb0d99203""]",in_selected_syllabus,与当前考纲词形或已登记拼写变体相符。,"n. 选择, 选文, 精选品
[医] 选择, 淘汰",s:selections,ecdict-bc015ed2e24a
self,gk cet4 cet6 ky,"[""cet4-w-12ac414e46738eb5274a""]",in_selected_syllabus,与当前考纲词形或已登记拼写变体相符。,"n. 自己, 自我, 本性, 本质, 私心, 本人
vt. 使近亲繁殖, 使自花授精
vi. 自花授精
a. 同一的",s:selves,ecdict-bc015ed2e24a
selfish,gk cet4 cet6 ky toefl,"[""cet4-w-fb15ccdcd1fa2f726698""]",in_selected_syllabus,与当前考纲词形或已登记拼写变体相符。,"a. 自私的, 利己主义的, 自我中心的",,ecdict-bc015ed2e24a
seller,cet4 cet6,[],outside_selected_syllabus,ECDICT 标签仅作候选；所选考纲四级范围无对应词形，不自动加入。,"n. 销售者
[化] 卖方",s:sellers,ecdict-bc015ed2e24a
semester,cet4 cet6 ky toefl ielts,"[""cet4-w-35fbce9602c54710d1f4""]",in_selected_syllabus,与当前考纲词形或已登记拼写变体相符。,n. 学期,s:semesters,ecdict-bc015ed2e24a
semiconductor,cet4 cet6 ky,[],outside_selected_syllabus,ECDICT 标签仅作候选；所选考纲四级范围无对应词形，不自动加入。,"n. 半导体
[化] 半导体",s:semiconductors,ecdict-bc015ed2e24a
seminar,cet4 cet6 ky ielts,"[""cet4-w-008242286f51cd1a1c57""]",in_selected_syllabus,与当前考纲词形或已登记拼写变体相符。,"n. 研究班, 专题讨论会
[经] 讨论会, 专家讨论会",s:seminars,ecdict-bc015ed2e24a
senate,cet4 cet6 ky,"[""cet4-w-62374611866f9cac7c78""]",in_selected_syllabus,与当前考纲词形或已登记拼写变体相符。,"n. 参议院, 立法机构, 评议会",s:senates,ecdict-bc015ed2e24a
senior,gk cet4 cet6 ky ielts,"[""cet4-w-ab1c66b18c8678ddc9e6""]",in_selected_syllabus,与当前考纲词形或已登记拼写变体相符。,"n. 年长者, 资深者, 毕业班学生
a. 年长的, 高级的, 资深的",s:seniors,ecdict-bc015ed2e24a
sense,zk gk cet4 cet6 ky ielts,"[""cet4-w-71f467d6ea7f545d4cad""]",in_selected_syllabus,与当前考纲词形或已登记拼写变体相符。,"n. 感应, 感觉, 感官, 意识, 观念, 情理, 知觉, 理智
vt. 感觉, 觉察, 检测
[计] 阅读; 检测",s:senses/p:sensed/i:sensing/d:sensed/3:senses,ecdict-bc015ed2e24a
sensible,cet4 cet6 ky toefl ielts gre,"[""cet4-w-00892f9a91d7b5ea65a9""]",in_selected_syllabus,与当前考纲词形或已登记拼写变体相符。,"a. 有感觉的, 敏感的, 明智的
[医] 可感觉的",,ecdict-bc015ed2e24a
sensitive,gk cet4 cet6 ky toefl ielts gre,"[""cet4-w-485b5909ed8715160dd8""]",in_selected_syllabus,与当前考纲词形或已登记拼写变体相符。,"a. 敏感的, 易感的, 灵敏的, 感光的
[机] 敏感的, 灵敏的, 感度高的",s:sensitives,ecdict-bc015ed2e24a
sentence,zk gk cet4 cet6 ky toefl,"[""cet4-w-d0b0825516e781997acc""]",in_selected_syllabus,与当前考纲词形或已登记拼写变体相符。,"n. 句子, 命题, 宣判
vt. 宣判, 判决
[计] 句子",s:sentences/d:sentenced/p:sentenced/i:sentencing/3:sentences,ecdict-bc015ed2e24a
separate,zk gk cet4 cet6 ky gre,"[""cet4-w-e58dc55ed7fe9ef56059""]",in_selected_syllabus,与当前考纲词形或已登记拼写变体相符。,"n. 独立件, 抽印本
a. 分开的, 各别的, 单独的, 分隔的
vi. 分开, 隔开, 分居
vt. 使分离, 使分开, 区分, 使分居",d:separated/i:separating/3:separates/p:separated/s:separates,ecdict-bc015ed2e24a
separately,gk cet4 cet6 toefl,[],outside_selected_syllabus,ECDICT 标签仅作候选；所选考纲四级范围无对应词形，不自动加入。,"adv. [表]分开, 不相连, 分隔, 分离, 不同, 单独, 独立, 各自, 各别, 脱离肉体, 灵魂
[计] 分离地",,ecdict-bc015ed2e24a
separation,gk cet4 cet6,"[""cet4-w-2ecb3afdb40fbb3876f4""]",in_selected_syllabus,与当前考纲词形或已登记拼写变体相符。,"n. 分离, 分居, 缺口, 退职
[化] 分离",s:separations,ecdict-bc015ed2e24a
sequence,cet4 cet6 ky toefl ielts,"[""cet4-w-a06e2dc41964addca05d""]",in_selected_syllabus,与当前考纲词形或已登记拼写变体相符。,"n. 序列, 续发事件, 顺序, 连续
vt. 按顺序排好
[计] 顺序",s:sequences/d:sequenced/i:sequencing/p:sequenced/3:sequences,ecdict-bc015ed2e24a
series,cet4 cet6 ky ielts,"[""cet4-w-f5c55384aa130d4ac228""]",in_selected_syllabus,与当前考纲词形或已登记拼写变体相符。,"n. 串联, 序列, 连续, 系列, 丛书, 套, 级数, 组
[计] 系列",,ecdict-bc015ed2e24a
serious,zk gk cet4 cet6 ky toefl ielts,"[""cet4-w-1843954421166a09c439""]",in_selected_syllabus,与当前考纲词形或已登记拼写变体相符。,"a. 严肃的, 认真的, 重要的, 严重的
[电] 严重的",,ecdict-bc015ed2e24a
seriously,cet4 cet6 toefl,[],outside_selected_syllabus,ECDICT 标签仅作候选；所选考纲四级范围无对应词形，不自动加入。,"adv. 严肃地, 认真地, 严重地",,ecdict-bc015ed2e24a
servant,zk gk cet4 cet6 ky,"[""cet4-w-b72f4d179f6383e624ec""]",in_selected_syllabus,与当前考纲词形或已登记拼写变体相符。,"n. 仆人, 有用物, 公务员, 雇员
[法] 受雇人, 服务者, 公务员",s:servants,ecdict-bc015ed2e24a
session,gk cet4 cet6 ky toefl ielts,"[""cet4-w-8dd267da85f99f95dacc""]",in_selected_syllabus,与当前考纲词形或已登记拼写变体相符。,"n. 期间, 开庭期, 会议, 学期
[计] 会话, 对话, 会晤, 通用任务程序",s:sessions,ecdict-bc015ed2e24a
setting,cet4 cet6 ky toefl ielts,"[""cet4-w-3bf09a6ce0bf8d60a851""]",in_selected_syllabus,与当前考纲词形或已登记拼写变体相符。,"n. 环境, 背景, 布景, 镶嵌, 调整, 沉落, 一副餐具
[计] 设置",0:set/1:i/s:settings/i:setting,ecdict-bc015ed2e24a
settle,gk cet4 cet6 ky ielts gre,"[""cet4-w-8a121cdd07de695ccaf9""]",in_selected_syllabus,与当前考纲词形或已登记拼写变体相符。,"n. 有背长椅
vt. 决定, 整理, 安放, 使定居, 使平静, 支付, 安排, 解决, 结算
vi. 停留, 下陷, 沉淀, 澄清, 安下心来, 结清, 定居, 安家",d:settled/p:settled/i:settling/3:settles,ecdict-bc015ed2e24a
settlement,gk cet4 cet6 ky ielts,"[""cet4-w-5f4eae3a8133369790ad""]",in_selected_syllabus,与当前考纲词形或已登记拼写变体相符。,"n. 安顿, 解决, 处理, 结算, 殖民, 殖民地, 沉降
[医] 居住区; 沉渣",s:settlements,ecdict-bc015ed2e24a
seventeen,zk gk cet4 cet6,"[""cet4-w-9e7adf12bc45a9284951""]",in_selected_syllabus,与当前考纲词形或已登记拼写变体相符。,"num. 十七, 十七个",,ecdict-bc015ed2e24a
seventy,zk gk cet4 cet6,"[""cet4-w-1958ddd8034bf1bfd4a4""]",in_selected_syllabus,与当前考纲词形或已登记拼写变体相符。,"num. 七十, 七十个",,ecdict-bc015ed2e24a
severe,gk cet4 cet6 ky toefl ielts gre,"[""cet4-w-6538ea479d4a1edcff61""]",in_selected_syllabus,与当前考纲词形或已登记拼写变体相符。,"a. 严格的, 尖锐的, 严肃的, 严重的, 严厉的, 朴素的
[法] 严厉的, 苛刻的, 严重的",t:severest/r:severer,ecdict-bc015ed2e24a
severely,cet4 cet6,[],outside_selected_syllabus,ECDICT 标签仅作候选；所选考纲四级范围无对应词形，不自动加入。,"adv. 严格, 尖锐, 严肃, 严重, 严厉, 朴素",,ecdict-bc015ed2e24a
sew,gk cet4 cet6 ky toefl,"[""cet4-w-7f2c7657ff5172e58cf0""]",in_selected_syllabus,与当前考纲词形或已登记拼写变体相符。,"vt. 缝纫, 缝合, 缝
vi. 缝纫",d:sewn/i:sewing/p:sewed/3:sews,ecdict-bc015ed2e24a
sex,gk cet4 cet6 ky ielts,"[""cet4-w-f52057195dad8c49e550""]",in_selected_syllabus,与当前考纲词形或已登记拼写变体相符。,"n. 性别, 性欲
vt. 区别...的性别, 引起...的性欲",s:sexes/i:sexing/p:sexed/3:sexes/d:sexed,ecdict-bc015ed2e24a
sexual,cet4 cet6,"[""cet4-w-0c6fdddd50aaf0dcaab6""]",in_selected_syllabus,与当前考纲词形或已登记拼写变体相符。,"a. 性的, 性别的
[医] 性的; 性欲的",,ecdict-bc015ed2e24a
shade,gk cet4 cet6 ky toefl,"[""cet4-w-cb4d1b8e93884f08ce84""]",in_selected_syllabus,与当前考纲词形或已登记拼写变体相符。,"n. 荫, 阴暗, 遮光物, 灯罩, 帘, 浓淡, 微量, 底纹
vi. 渐变
vt. 使阴暗, 使渐变, 遮蔽, 微减
[计] 底纹",s:shades/i:shading/d:shaded/p:shaded/3:shades,ecdict-bc015ed2e24a
shadow,gk cet4 cet6 ky,"[""cet4-w-008ee8db81361aeaf6d5""]",in_selected_syllabus,与当前考纲词形或已登记拼写变体相符。,"n. 阴影, 荫, 影子, 影像, 阴暗, 幽灵, 少许, 隐蔽处, 庇护
vt. 遮蔽, 使朦胧, 预示, 尾随
vi. 渐变, 变阴暗
[计] 阴影",d:shadowed/i:shadowing/p:shadowed/s:shadows/3:shadows,ecdict-bc015ed2e24a
shady,cet4 cet6 ky,"[""cet4-w-e95f3406bc98eae07101""]",in_selected_syllabus,与当前考纲词形或已登记拼写变体相符。,"a. 荫凉的, 成荫的, 阴暗的, 隐蔽的
[法] 成问题的, 令人怀疑的",r:shadier/t:shadiest,ecdict-bc015ed2e24a
shake,zk gk cet4 cet6 ky toefl,"[""cet4-w-329d8650e6d4924f9ead""]",in_selected_syllabus,与当前考纲词形或已登记拼写变体相符。,"n. 摇动, 震动
vt. 摇动, 动摇, 使震动, 挥舞
vi. 震动, 发抖, 动摇",p:shook/i:shaking/d:shaken/3:shakes/s:shakes,ecdict-bc015ed2e24a
shallow,gk cet4 cet6 ky toefl ielts,"[""cet4-w-e9bb06a9680de34e912f""]",in_selected_syllabus,与当前考纲词形或已登记拼写变体相符。,"n. 水浅的地方, 浅滩
a. 浅的, 肤浅的
v. (使)变浅",s:shallows/r:shallower/t:shallowest/p:shallowed/i:shallowing/3:shallows/d:shallowed,ecdict-bc015ed2e24a
shame,zk gk cet4 cet6 ky,"[""cet4-w-0f4a97898b57971fd55a""]",in_selected_syllabus,与当前考纲词形或已登记拼写变体相符。,"n. 羞耻, 羞愧, 耻辱
vt. 使羞愧, 侮辱",d:shamed/3:shames/p:shamed/i:shaming/s:shames,ecdict-bc015ed2e24a
shampoo,cet4 cet6 ky,[],outside_selected_syllabus,ECDICT 标签仅作候选；所选考纲四级范围无对应词形，不自动加入。,"n. 洗头, 洗发剂
vt. 洗头, 洗发",s:shampoos/i:shampooing/p:shampooed/3:shampoos/d:shampooed,ecdict-bc015ed2e24a
shape,zk gk cet4 cet6 ky,"[""cet4-w-da697a85f92d78748f21""]",in_selected_syllabus,与当前考纲词形或已登记拼写变体相符。,"n. 形状, 形态, 外形, 形式, 身材
vt. 定形, 使成形, 塑造, 计划, 使符合
vi. 成形, 形成, 成长
[计] 形状",s:shapes/d:shaped/i:shaping/p:shaped/3:shapes,ecdict-bc015ed2e24a
share,zk gk cet4 cet6 ky,"[""cet4-w-a621ec4e922de6c0d473""]",in_selected_syllabus,与当前考纲词形或已登记拼写变体相符。,"n. 部分, 参与, 一份, 参股, 份额
vt. 均分, 分担, 分享, 分配, 共有
vi. 分享
[计] 共享; DOS外部命令:在网络或多工系统中提供文件共享
文件锁定及检测磁盘更动和对超过32MB硬盘分区的支持",s:shares/d:shared/i:sharing/p:shared/3:shares,ecdict-bc015ed2e24a
sharp,gk cet4 cet6 ky toefl ielts,"[""cet4-w-06726c132ca3f33c5f3e""]",in_selected_syllabus,与当前考纲词形或已登记拼写变体相符。,"n. 半升音调, 利刃, 骗子
a. 锋利的, 明显的, 敏锐的, 急剧的, 尖刻的, 严厉的, 刺耳的, 精明的
adv. 锐利地, 急速地",s:sharps,ecdict-bc015ed2e24a
sharpen,gk cet4 cet6 toefl,"[""cet4-w-db88a7d42c96544b6e05""]",in_selected_syllabus,与当前考纲词形或已登记拼写变体相符。,"vt. 使尖锐, 使敏捷, 加重, 削尖
vi. 尖锐化, 变锋利",d:sharpened/i:sharpening/p:sharpened/3:sharpens,ecdict-bc015ed2e24a
sharply,cet4 cet6 toefl,[],outside_selected_syllabus,ECDICT 标签仅作候选；所选考纲四级范围无对应词形，不自动加入。,"adv. 锐利地, 严厉地, 厉害地
[经] 剧烈地",,ecdict-bc015ed2e24a
shave,gk cet4 cet6 ky ielts,"[""cet4-w-963a16be46f46525f4d5""]",in_selected_syllabus,与当前考纲词形或已登记拼写变体相符。,"n. 修面, 刮胡子, 幸免, 剃刀
vt. 修面, 剃, 修剪, 掠过
vi. 刮脸, 勉强通过",d:shaved/i:shaving/p:shaved/3:shaves/s:shaves,ecdict-bc015ed2e24a
shear,cet4 cet6 ky toefl ielts gre,[],outside_selected_syllabus,ECDICT 标签仅作候选；所选考纲四级范围无对应词形，不自动加入。,"n. 修剪, 剪下的东西, 大剪刀, 切变, 剪切机, 切
vt. 修剪, 割, 剥夺, 横越, 削剪
vi. 剪, 修剪, 剪羊毛, 切断",s:shears/d:shorn/i:shearing/p:sheared/3:shears,ecdict-bc015ed2e24a
shed,cet4 cet6 ky toefl ielts gre,"[""cet4-w-f7b342212f0c661d942c""]",in_selected_syllabus,与当前考纲词形或已登记拼写变体相符。,"n. 车棚, 小屋, 脱落之物, 分水岭
vt. 使流出, 放射, 脱落, 散发, 摆脱
vi. 流出, 散布, 脱落",s:sheds/d:shed/0:shed/1:dp/i:shedding/p:shed/3:sheds,ecdict-bc015ed2e24a
sheet,gk cet4 cet6 ky toefl ielts,"[""cet4-w-5b8ece635d8fdb795a09""]",in_selected_syllabus,与当前考纲词形或已登记拼写变体相符。,"n. 床单, 张, 纸张, 印刷品, 裹尸布, 薄片
vt. 盖上被单, 遍布
vi. 大片落下
a. 片状的, 成薄片的
[计] 工作表",s:sheets/d:sheeted/p:sheeted/i:sheeting/3:sheets,ecdict-bc015ed2e24a
shelf,zk gk cet4 cet6 ky toefl ielts,"[""cet4-w-ad682a4b53a6a1b672d1""]",in_selected_syllabus,与当前考纲词形或已登记拼写变体相符。,"n. 架子, 搁板
[化] 架子",s:shelves,ecdict-bc015ed2e24a
shell,cet4 cet6 ky toefl ielts gre,"[""cet4-w-c5a5b565aa168c23ab64""]",in_selected_syllabus,与当前考纲词形或已登记拼写变体相符。,"n. 贝壳, 壳, 外形, 炮弹
vt. 去壳, 脱落, 炮轰
vi. 剥落, 脱壳
[计] 外壳; DOS内部命令:指定命令行处理程序",s:shells/i:shelling/d:shelled/p:shelled/3:shells,ecdict-bc015ed2e24a
shelter,gk cet4 cet6 ky toefl ielts gre,"[""cet4-w-5b9f3f82cc8dc1f32b28""]",in_selected_syllabus,与当前考纲词形或已登记拼写变体相符。,"n. 庇护所, 避难所, 庇护, 隐蔽处, 掩蔽
vt. 庇护, 保护, 隐匿
vi. 躲避",s:shelters/i:sheltering/d:sheltered/p:sheltered/3:shelters,ecdict-bc015ed2e24a
shepherd,cet4 cet6 ky toefl ielts,[],outside_selected_syllabus,ECDICT 标签仅作候选；所选考纲四级范围无对应词形，不自动加入。,"n. 牧羊人, 牧羊犬, 牧师, 保护者
vt. 看守, 领导, 指导, 牧羊",s:shepherds/p:shepherded/d:shepherded/i:shepherding/3:shepherds,ecdict-bc015ed2e24a
shield,cet4 cet6 ky toefl ielts gre,[],outside_selected_syllabus,ECDICT 标签仅作候选；所选考纲四级范围无对应词形，不自动加入。,"n. 盾, 防卫物, 保护者, 屏蔽
vt. 保护, 遮蔽, 屏蔽, 庇护, 挡开, 避开
vi. 起保护作用",s:shields/i:shielding/d:shielded/3:shields/p:shielded,ecdict-bc015ed2e24a
shift,cet4 cet6 ky toefl ielts,"[""cet4-w-fe3129a69d7979f87b12""]",in_selected_syllabus,与当前考纲词形或已登记拼写变体相符。,"n. 变化, 移动, 轮班, 手段, 应急办法, 移位
vt. 替换, 转移, 改变, 推卸, 变速
vi. 转换, 移动, 转变, 推托, 变速
[计] DOS内部命令:该命令可将批处理参数向左移动一个位置",s:shifts/d:shifted/p:shifted/i:shifting/3:shifts,ecdict-bc015ed2e24a
shilling,cet4 cet6 ky,[],outside_selected_syllabus,ECDICT 标签仅作候选；所选考纲四级范围无对应词形，不自动加入。,"n. 先令
[经] 先令",s:shillings,ecdict-bc015ed2e24a
shiver,cet4 cet6 ky ielts,"[""cet4-w-d4859cd7fd486f01dce0""]",in_selected_syllabus,与当前考纲词形或已登记拼写变体相符。,"vi. 颤抖, 哆嗦, 被打碎
vt. 使迎风飘动, 粉碎
n. 战栗, 碎块",p:shivered/i:shivering/s:shivers/3:shivers/d:shivered,ecdict-bc015ed2e24a
shock,gk cet4 cet6 ky toefl ielts,"[""cet4-w-339f3344b68cd7ef1065""]",in_selected_syllabus,与当前考纲词形或已登记拼写变体相符。,"n. 震动, 冲突, 震惊, 冲击, 突击, 禾束堆, 休克, 长毛狗
vt. 使震动, 使休克, 使受电击, 震惊得
vi. 震动, 吓人
a. 蓬乱浓密的",p:shocked/s:shocks/d:shocked/3:shocks/i:shocking,ecdict-bc015ed2e24a
shoot,gk cet4 cet6 ky gre,"[""cet4-w-4671046181ed0f72c77f""]",in_selected_syllabus,与当前考纲词形或已登记拼写变体相符。,"n. 射击, 狩猎, 芽, 射伤, 发射, 发芽, 急流, 推力, 摄影, 急送, 滑运道, 浪费
vt. 射击, 射中, 损毁, 拍摄, 喷出, 投射, 挥出, 飞速行进, 挥霍, 给...注射
vi. 射出, 射击, 发出, 拍电影, 射门, 发芽",d:shot/p:shot/i:shooting/s:shoots/3:shoots,ecdict-bc015ed2e24a
shopkeeper,gk cet4 cet6 ky,[],outside_selected_syllabus,ECDICT 标签仅作候选；所选考纲四级范围无对应词形，不自动加入。,"n. 零售商, 店主, 老板",s:shopkeepers,ecdict-bc015ed2e24a
shopping,gk cet4 cet6 ielts,"[""cet4-w-f9a4eb2d17e51e60f83d""]",in_selected_syllabus,与当前考纲词形或已登记拼写变体相符。,"n. 买东西, 购物
[经] 购物, 买东西",0:shop/1:i/i:shopping,ecdict-bc015ed2e24a
shore,gk cet4 cet6 ky toefl,"[""cet4-w-e3b188395bcbaf82a15d""]",in_selected_syllabus,与当前考纲词形或已登记拼写变体相符。,"n. 海岸, 海滨, 斜撑柱
vt. 把...送上岸, 支撑, 支持",s:shores/i:shoring/d:shored/p:shored/3:shores,ecdict-bc015ed2e24a
shortage,cet4 cet6 ky toefl ielts,"[""cet4-w-abd23150c4e453764bfb""]",in_selected_syllabus,与当前考纲词形或已登记拼写变体相符。,"n. 不足, 缺乏
[化] 缺额",s:shortages,ecdict-bc015ed2e24a
shortcoming,gk cet4 cet6 ky,"[""cet4-w-1e2c5b5b9e9c0fe7a1c1""]",in_selected_syllabus,与当前考纲词形或已登记拼写变体相符。,"n. 缺点, 短处",s:shortcomings,ecdict-bc015ed2e24a
shortly,gk cet4 cet6 ky,"[""cet4-w-1c4560710df9a735f4e7""]",in_selected_syllabus,与当前考纲词形或已登记拼写变体相符。,"adv. 不久, 简短, 唐突地",,ecdict-bc015ed2e24a
shot,gk cet4 cet6 ky toefl,"[""cet4-w-2f4fc24309319a395a70""]",in_selected_syllabus,与当前考纲词形或已登记拼写变体相符。,"n. 发射, 炮弹, 射击, 射手, 投篮, 射门, 子弹, 射程, 拍摄, 注射
vt. 装弹, 使成颗粒状
a. 杂色的, 交织着的, 渗透的, 点焊的, 破旧的
shoot的过去式和过去分词",0:shoot/1:dp/s:shots,ecdict-bc015ed2e24a
shoulder,zk gk cet4 cet6 ky gre,"[""cet4-w-ffd761a83e3a2a1a1de9""]",in_selected_syllabus,与当前考纲词形或已登记拼写变体相符。,"n. 肩, 肩膀, 衣肩
vt. 肩负, 负担, 担任
vi. 用肩推挤",s:shoulders/p:shouldered/i:shouldering/d:shouldered/3:shoulders,ecdict-bc015ed2e24a
shower,zk gk cet4 cet6 ky toefl ielts,"[""cet4-w-aff7b7bdbfc4af6ce7be""]",in_selected_syllabus,与当前考纲词形或已登记拼写变体相符。,"n. 阵雨, 淋浴, 一阵, 展出者, 显示者
vi. 淋浴, 下阵雨
vt. 淋湿, 倾注",s:showers/d:showered/p:showered/i:showering/3:showers,ecdict-bc015ed2e24a
shriek,cet4 cet6 toefl gre,[],outside_selected_syllabus,ECDICT 标签仅作候选；所选考纲四级范围无对应词形，不自动加入。,"n. 尖锐的响声
vi. 尖叫, 发尖声
vt. 尖声发出",p:shrieked/i:shrieking/s:shrieks/3:shrieks/d:shrieked,ecdict-bc015ed2e24a
shrink,gk cet4 cet6 ky toefl ielts gre,"[""cet4-w-98d857685cd4a8b99cf9""]",in_selected_syllabus,与当前考纲词形或已登记拼写变体相符。,"n. 收缩, 萎缩, 回避
vi. 收缩, 退缩, 萎缩, 缩小, 回避
vt. 使收缩, 使缩小",p:shrank/d:shrunk/i:shrinking/3:shrinks/s:shrinks,ecdict-bc015ed2e24a
shrug,cet4 cet6 ky ielts gre,"[""cet4-w-8c42735f8be8c2e1ead8""]",in_selected_syllabus,与当前考纲词形或已登记拼写变体相符。,"n. 耸肩
v. 耸肩",p:shrugged/i:shrugging/3:shrugs/d:shrugged/s:shrugs,ecdict-bc015ed2e24a
shut,zk gk cet4 cet6 ky toefl,"[""cet4-w-3560cdb5b02dba0a958d""]",in_selected_syllabus,与当前考纲词形或已登记拼写变体相符。,"n. 关闭
vt. 关上, 闭起, 幽禁, 合拢, 轧住
vi. 关上, 停止营业",d:shut/0:shut/1:dp/p:shut/i:shutting/3:shuts,ecdict-bc015ed2e24a
shuttle,gk cet4 cet6 ky toefl ielts gre,"[""cet4-w-a8ed0886e392c37f1bd1""]",in_selected_syllabus,与当前考纲词形或已登记拼写变体相符。,"n. 穿梭, 梭子, 往返移动之物
v. (使)穿梭移动, 往返运送",s:shuttles/i:shuttling/p:shuttled/d:shuttled/3:shuttles,ecdict-bc015ed2e24a
shy,zk cet4 cet6 ky toefl,"[""cet4-w-f308385d81d2262e7622""]",in_selected_syllabus,与当前考纲词形或已登记拼写变体相符。,"n. 惊跳, 惊避
a. 胆怯的, 畏缩的, 迟疑的, 羞怯的
vi. 惊退, 乱投, 乱掷, 厌恶, 避开
vt. 乱投, 乱掷",p:shied/d:shied/i:shying/3:shies/r:shyer/t:shyest,ecdict-bc015ed2e24a
sickness,gk cet4 cet6 toefl ielts,[],outside_selected_syllabus,ECDICT 标签仅作候选；所选考纲四级范围无对应词形，不自动加入。,"n. 疾病, 不健康, 呕吐
[医] 病",s:sicknesses,ecdict-bc015ed2e24a
sideways,gk cet4 cet6 ky toefl,"[""cet4-w-c4fa62e6a1fc382e76b6""]",in_selected_syllabus,与当前考纲词形或已登记拼写变体相符。,"adv. 向旁边, 向侧面地
a. 旁边的, 向侧面的",,ecdict-bc015ed2e24a
sigh,gk cet4 cet6 ky toefl ielts,"[""cet4-w-61022d5787fb7894d286""]",in_selected_syllabus,与当前考纲词形或已登记拼写变体相符。,"n. 叹息
vi. 叹息, 渴望
vt. 叹息着说",p:sighed/3:sighs/i:sighing/s:sighs/d:sighed,ecdict-bc015ed2e24a
sight,zk gk cet4 cet6 ky toefl ielts,"[""cet4-w-36a841acbdab301781e5""]",in_selected_syllabus,与当前考纲词形或已登记拼写变体相符。,"n. 景观, 视力, 眼界, 阅读, 见解, 意见
vt. 看见, 瞄准
vi. 瞄准, 观看
a. 即席的, 见票即付的",s:sights/d:sighted/p:sighted/i:sighting/3:sights,ecdict-bc015ed2e24a
sightseeing,gk cet4 cet6 ky ielts,"[""cet4-w-a5f14349590d6d335a04""]",in_selected_syllabus,与当前考纲词形或已登记拼写变体相符。,"n. 观光, 游览
a. 观光的, 游览的",i:sightseeing/0:sightseeing/1:i,ecdict-bc015ed2e24a
sign,gk cet4 cet6 ky ielts,"[""cet4-w-bff7693ea76ce2443bf5""]",in_selected_syllabus,与当前考纲词形或已登记拼写变体相符。,"n. 符号, 招牌, 征兆, 正负号, 手势
vt. 签名, 打手势表达
vi. 签名
[计] 正负号; 符号; 符号字符",s:signs/d:signed/p:signed/i:signing/3:signs,ecdict-bc015ed2e24a
signal,gk cet4 cet6 ky ielts gre,"[""cet4-w-f5707a7c8b5c676fac7f""]",in_selected_syllabus,与当前考纲词形或已登记拼写变体相符。,"n. 信号, 暗号, 近因, 导火线
vt. 向...作信号, 标志, 用信号通知
vi. 发信号
a. 作为信号的, 显著的
[计] 信号",s:signals/p:signalled/d:signalled/i:signalling/3:signals,ecdict-bc015ed2e24a
signature,gk cet4 cet6 ky toefl ielts gre,"[""cet4-w-5e344cd7d7ee08f9e45f""]",in_selected_syllabus,与当前考纲词形或已登记拼写变体相符。,"n. 签字, 识别标志, 调号
[计] 签名附件",s:signatures,ecdict-bc015ed2e24a
significance,gk cet4 cet6 ky toefl,"[""cet4-w-ec4f1cd93b5fdacfd1c0""]",in_selected_syllabus,与当前考纲词形或已登记拼写变体相符。,"n. 重要性, 意义, 意味
[计] 有效; 有效性",s:significances,ecdict-bc015ed2e24a
significant,cet4 cet6 ky toefl ielts gre,"[""cet4-w-0788dcf218eaf9cd5f73""]",in_selected_syllabus,与当前考纲词形或已登记拼写变体相符。,"a. 重要的, 有效的, 有含义的, 暗示的, 值得注意的",,ecdict-bc015ed2e24a
silence,zk gk cet4 cet6 ky toefl ielts,"[""cet4-w-c7daa7439bb7ceb6c90f""]",in_selected_syllabus,与当前考纲词形或已登记拼写变体相符。,"n. 沉默, 无声, 静寂, 湮没, 无声息
vt. 使缄默
interj. 安静",d:silenced/p:silenced/i:silencing/s:silences/3:silences,ecdict-bc015ed2e24a
silent,zk gk cet4 cet6 ky ielts,"[""cet4-w-710ab917095dd4523ad3""]",in_selected_syllabus,与当前考纲词形或已登记拼写变体相符。,"a. 沉默的, 安静的, 无声的, 静止的
[医] 静止的, 无症状的",,ecdict-bc015ed2e24a
silly,zk gk cet4 cet6 ky toefl,[],outside_selected_syllabus,ECDICT 标签仅作候选；所选考纲四级范围无对应词形，不自动加入。,"a. 愚蠢的, 糊涂的",t:silliest/r:sillier,ecdict-bc015ed2e24a
silver,zk gk cet4 cet6 ky toefl ielts,"[""cet4-w-f3b1b0caacbee97030b5""]",in_selected_syllabus,与当前考纲词形或已登记拼写变体相符。,"n. 银, 银币, 银器
a. 银的, 银制的, 银器的
vt. 镀银
vi. 变银白色",i:silvering/p:silvered/s:silvers/d:silvered/3:silvers,ecdict-bc015ed2e24a
similarly,cet4 cet6,[],outside_selected_syllabus,ECDICT 标签仅作候选；所选考纲四级范围无对应词形，不自动加入。,"adv. 相像地, 类似于",,ecdict-bc015ed2e24a
simplicity,cet4 cet6 ky toefl,"[""cet4-w-a5c2bb0a879d9b1f5007""]",in_selected_syllabus,与当前考纲词形或已登记拼写变体相符。,"n. 单纯, 简朴, 朴素, 坦率, 天真
[计] 简明性",s:simplicities,ecdict-bc015ed2e24a
simplify,gk cet4 cet6 ky ielts,"[""cet4-w-33c63df9f32496597234""]",in_selected_syllabus,与当前考纲词形或已登记拼写变体相符。,"vt. 单一化, 简单化",d:simplified/3:simplifies/i:simplifying/p:simplified,ecdict-bc015ed2e24a
sin,cet4 cet6 ky toefl,"[""cet4-w-9ed8740f50ecde7fa9b8""]",in_selected_syllabus,与当前考纲词形或已登记拼写变体相符。,"n. 罪, 犯罪, 过失, 失礼
v. 犯",s:sins/d:sinned/i:sinning/p:sinned/3:sins,ecdict-bc015ed2e24a
sincere,cet4 cet6 ky ielts gre,"[""cet4-w-93b7077cab47d3beb0ff""]",in_selected_syllabus,与当前考纲词形或已登记拼写变体相符。,"a. 诚实的, 正直的, 真挚的, 纯净的",t:sincerest/r:sincerer,ecdict-bc015ed2e24a
singer,gk cet4 cet6,"[""cet4-w-1dbba2215c29003c1327""]",in_selected_syllabus,与当前考纲词形或已登记拼写变体相符。,n. 歌手,s:singers,ecdict-bc015ed2e24a
singular,cet4 cet6 ky ielts,"[""cet4-w-99d68659ae5cf83115e8""]",in_selected_syllabus,与当前考纲词形或已登记拼写变体相符。,"n. 单数
a. 异常的, 单一的",s:singulars,ecdict-bc015ed2e24a
sink,gk cet4 cet6 ky toefl ielts,"[""cet4-w-57dbb8a4c6d6d1203867""]",in_selected_syllabus,与当前考纲词形或已登记拼写变体相符。,"n. 藏垢的场所, 沟渠, 污水槽
vi. 下沉, 沉没, 下陷, 减弱, 衰退, 消沉, 堕落, 渗透
vt. 使低落, 使下沉, 陷于, 投入(资金等), 挖掘",p:sank/d:sunk/i:sinking/s:sinks/3:sinks,ecdict-bc015ed2e24a
site,cet4 cet6 ky toefl ielts,"[""cet4-w-1a9b56df7973006744e0""]",in_selected_syllabus,与当前考纲词形或已登记拼写变体相符。,"n. 位置, 场所, 地点
vt. 给...择址",s:sites/d:sited/i:siting/p:sited/3:sites,ecdict-bc015ed2e24a
situation,zk gk cet4 cet6 ky,"[""cet4-w-e094ab2af9702cf450c6""]",in_selected_syllabus,与当前考纲词形或已登记拼写变体相符。,"n. 情形, 境遇, 位置
[医] 情境, 处境",s:situations,ecdict-bc015ed2e24a
sixty,zk gk cet4 cet6,"[""cet4-w-ed67fcd333d3e8326a49""]",in_selected_syllabus,与当前考纲词形或已登记拼写变体相符。,"num. 六十, 六十个",,ecdict-bc015ed2e24a
skate,zk gk cet4 cet6 ky,"[""cet4-w-1973907aea92f7292356""]",in_selected_syllabus,与当前考纲词形或已登记拼写变体相符。,"n. 溜冰, 冰鞋
vi. 滑冰, 滑过",i:skating/s:skates/p:skated/3:skates/d:skated,ecdict-bc015ed2e24a
sketch,cet4 cet6 ky toefl ielts,"[""cet4-w-5a6291a44e4e9f6bac69""]",in_selected_syllabus,与当前考纲词形或已登记拼写变体相符。,"n. 素描, 草图, 小品
v. 描绘略图, 画素描或速写",s:sketches/p:sketched/d:sketched/i:sketching/3:sketches,ecdict-bc015ed2e24a
ski,gk cet4 cet6 ky,"[""cet4-w-8b018ee84af131693342""]",in_selected_syllabus,与当前考纲词形或已登记拼写变体相符。,"n. 滑雪橇
vi. 滑雪",s:skis/i:skiing/3:skis/p:skied/d:ski'd,ecdict-bc015ed2e24a
skill,zk gk cet4 cet6 ky ielts,"[""cet4-w-d0716f131e5322a72a6f""]",in_selected_syllabus,与当前考纲词形或已登记拼写变体相符。,"n. 技术, 技巧, 技能, 熟练, 熟练工人
[化] 技能",s:skills,ecdict-bc015ed2e24a
skilled,gk cet4 cet6 ky,"[""cet4-w-27b805687af9c64601b2""]",in_selected_syllabus,与当前考纲词形或已登记拼写变体相符。,"a. 熟练的
[经] 熟练的, 有技能的",,ecdict-bc015ed2e24a
skillful,gk cet4 cet6 ky toefl,"[""cet4-w-2dd8cc6643c38965d4e2""]",in_selected_syllabus,与当前考纲词形或已登记拼写变体相符。,"a. 熟练的, 巧妙的
[机] 熟练的",,ecdict-bc015ed2e24a
skim,cet4 cet6 ky toefl ielts gre,[],outside_selected_syllabus,ECDICT 标签仅作候选；所选考纲四级范围无对应词形，不自动加入。,"vt. 撇取浮沫, 略读, 掠过
vi. 擦过, 浏览
n. 脱脂乳, 擦过, 表层物
a. 撇去浮沫的",i:skimming/p:skimmed/d:skimmed/3:skims/s:skims,ecdict-bc015ed2e24a
skin,gk cet4 cet6 ky ielts,"[""cet4-w-9b7f71ea36c07827be16""]",in_selected_syllabus,与当前考纲词形或已登记拼写变体相符。,"n. 皮肤, 皮
vt. 剥皮, 在...植皮
vi. 长皮, 愈合, 蜕皮",s:skins/p:skinned/i:skinning/d:skinned/3:skins,ecdict-bc015ed2e24a
slam,cet4 cet6 ky ielts,[],outside_selected_syllabus,ECDICT 标签仅作候选；所选考纲四级范围无对应词形，不自动加入。,"n. 砰然声, 猛然, 猛烈的抨击
vt. 猛然关上, 砰地关上, 猛烈抨击
vi. 砰地关上, 猛攻",p:slammed/i:slamming/d:slammed/3:slams,ecdict-bc015ed2e24a
slave,gk cet4 cet6 ky toefl,"[""cet4-w-91f2c8ee1e5adc921216""]",in_selected_syllabus,与当前考纲词形或已登记拼写变体相符。,"n. 奴隶, 从动装置, 卑鄙的人
vi. 拼命工作
[计] 从设备",s:slaves/i:slaving/d:slaved/p:slaved/3:slaves,ecdict-bc015ed2e24a
slavery,gk cet4 cet6,"[""cet4-w-39ff15bf31c2ba187c40""]",in_selected_syllabus,与当前考纲词形或已登记拼写变体相符。,"n. 奴隶的身分, 奴隶状态, 奴隶制度
[法] 奴隶制度, 奴役, 苦役",,ecdict-bc015ed2e24a
sleepy,zk gk cet4 cet6 ielts,"[""cet4-w-9c5cc66700e57d5df0b0""]",in_selected_syllabus,与当前考纲词形或已登记拼写变体相符。,"a. 困乏的, 欲睡的",r:sleepier/s:sleepies,ecdict-bc015ed2e24a
sleeve,gk cet4 cet6 ky,"[""cet4-w-0f9c99b07da6ab3e7807""]",in_selected_syllabus,与当前考纲词形或已登记拼写变体相符。,"n. 袖子, 套管
vt. 缝上袖子",s:sleeves/p:sleeved/i:sleeving/d:sleeved,ecdict-bc015ed2e24a
slender,cet4 cet6 ky toefl ielts,"[""cet4-w-1d4cb07f303c8ea178c2""]",in_selected_syllabus,与当前考纲词形或已登记拼写变体相符。,"a. 苗条的, 纤弱的, 微少的, 微薄的
[机] 细的, 纤细的",i:slendering,ecdict-bc015ed2e24a
slice,gk cet4 cet6 ky toefl ielts gre,"[""cet4-w-6d20308e48e7490ebf76""]",in_selected_syllabus,与当前考纲词形或已登记拼写变体相符。,"n. 薄的切片, 一部分, 菜刀
vt. 切成薄片, 切下
vi. 切
[计] 片",s:slices/i:slicing/p:sliced/d:sliced/3:slices,ecdict-bc015ed2e24a
slide,gk cet4 cet6 ky toefl ielts,"[""cet4-w-329aa4b46d6cf0d1ee06""]",in_selected_syllabus,与当前考纲词形或已登记拼写变体相符。,"n. 滑, 滑道, 山崩, 雪崩, 幻灯片
vt. 使滑动, 偷偷放入
vi. 滑动, 滑落, 不知不觉陷入, 偷偷地走",p:slid/s:slides/i:sliding/3:slides/d:slid,ecdict-bc015ed2e24a
slight,gk cet4 cet6 ky toefl ielts gre,"[""cet4-w-7635ec51c7b4a7aef408""]",in_selected_syllabus,与当前考纲词形或已登记拼写变体相符。,"n. 轻蔑, 怠慢
a. 轻微的, 纤细的, 脆弱的, 苗条的
vt. 轻视, 忽略, 怠慢",t:slightest/r:slighter/s:slights/d:slighted/p:slighted/i:slighting/3:slights,ecdict-bc015ed2e24a
slightly,cet4 cet6 toefl,"[""cet4-w-e91529f915ca881cda84""]",in_selected_syllabus,与当前考纲词形或已登记拼写变体相符。,"adv. 些微地, 苗条地",,ecdict-bc015ed2e24a
slip,gk cet4 cet6 ky toefl ielts,"[""cet4-w-75e317b844e9f5cd6fd8""]",in_selected_syllabus,与当前考纲词形或已登记拼写变体相符。,"n. 滑, 滑行, 事故, 溜, 差错, 滑台, 下降, 插条, 后裔, 板条, 瘦长的年轻人
vi. 滑动, 滑倒, 失足, 溜走, 滑落, 犯错, 变坏
vt. 使滑动, 滑过, 摆脱, 闪开, 塞入, 从...取接枝
a. 滑动的, 滑移的, 活络的, 有活结的
[计] 串行线接口协议",p:slipped/i:slipping/d:slipped/s:slips/3:slips,ecdict-bc015ed2e24a
slipper,cet4 cet6 ky toefl,"[""cet4-w-159f1f28db3f7993706a""]",in_selected_syllabus,与当前考纲词形或已登记拼写变体相符。,"n. 拖鞋, 制轮器
vt. 用拖鞋打",s:slippers/d:slippered/p:slippered/i:slippering,ecdict-bc015ed2e24a
slippery,cet4 cet6 ky toefl ielts gre,"[""cet4-w-f4d7f71b4f2a7c13007f""]",in_selected_syllabus,与当前考纲词形或已登记拼写变体相符。,"a. 滑的, 光滑的, 靠不住的, 圆滑的, 不稳固的
[法] 狡猾的, 不可靠的, 不安定的",,ecdict-bc015ed2e24a
slit,cet4 cet6 ky toefl ielts gre,[],outside_selected_syllabus,ECDICT 标签仅作候选；所选考纲四级范围无对应词形，不自动加入。,"n. 裂缝, 投币口, 狭长裂口
vt. 切开, 扯裂, 使有狭缝
vi. 纵切, 纵裂",s:slits/d:slit/0:slit/1:dp/p:slit/i:slitting/3:slits,ecdict-bc015ed2e24a
slogan,cet4 cet6 ky toefl ielts,"[""cet4-w-d3afae7dfa843d5889a4""]",in_selected_syllabus,与当前考纲词形或已登记拼写变体相符。,"n. 呐喊声, 标语, 口号",s:slogans/p:sloganned,ecdict-bc015ed2e24a
slope,cet4 cet6 ky toefl ielts,"[""cet4-w-7f808fc03e7c9938c429""]",in_selected_syllabus,与当前考纲词形或已登记拼写变体相符。,"n. 倾斜, 斜坡, 斜率, 扛枪姿势
vt. 使倾斜, 弄斜, 扛
vi. 倾斜, 走, 逃走",s:slopes/p:sloped/i:sloping/3:slopes/d:sloped,ecdict-bc015ed2e24a
slowly,cet4 cet6,[],outside_selected_syllabus,ECDICT 标签仅作候选；所选考纲四级范围无对应词形，不自动加入。,"adv. 慢慢地, 迟缓地",,ecdict-bc015ed2e24a
slum,cet4 cet6 ky toefl ielts,[],outside_selected_syllabus,ECDICT 标签仅作候选；所选考纲四级范围无对应词形，不自动加入。,"n. 贫民窟
vi. 访问贫民区",s:slums/i:slumming/p:slummed/3:slums/d:slummed,ecdict-bc015ed2e24a
sly,cet4 cet6 ky toefl gre,[],outside_selected_syllabus,ECDICT 标签仅作候选；所选考纲四级范围无对应词形，不自动加入。,"a. 狡猾的, 诡密的, 俏皮的, 偷偷摸摸的",,ecdict-bc015ed2e24a
smart,zk gk cet4 cet6 ky toefl ielts gre,"[""cet4-w-7a12eb962a8edd2a18a3""]",in_selected_syllabus,与当前考纲词形或已登记拼写变体相符。,"a. 聪明的, 漂亮的, 刺痛的, 剧烈的, 敏捷的, 巧妙的, 伶俐的, 潇洒的
n. 刺痛, 痛苦
vi. 刺痛",r:smarter/i:smarting/t:smartest/p:smarted/3:smarts/d:smarted,ecdict-bc015ed2e24a
smash,cet4 cet6 ky toefl ielts,"[""cet4-w-0049fa893146893f1fb9""]",in_selected_syllabus,与当前考纲词形或已登记拼写变体相符。,"n. 打碎, 粉碎, 打碎时哗啦声, 猛击, 扣球, 杀球, 经营失败, 破产, 硬币, 假硬币
a. 非常轰动的, 了不起的
vt. 打碎, 粉碎, 击溃, 使破产, 使裂变, 使用假硬币
vi. 碎裂, 猛撞, 破产, 扣球, 杀球
adv. 轰隆一声, 哗啦一声",p:smashed/d:smashed/i:smashing/3:smashes/s:smashes,ecdict-bc015ed2e24a
smog,gk cet4 cet6 ky toefl,"[""cet4-w-c28bc5425fd5439e85e0""]",in_selected_syllabus,与当前考纲词形或已登记拼写变体相符。,"n. 烟雾
[化] 烟雾",s:smogs/3:smogs,ecdict-bc015ed2e24a
smooth,zk gk cet4 cet6 ky toefl ielts gre,"[""cet4-w-d48d777c3ce4b3557d10""]",in_selected_syllabus,与当前考纲词形或已登记拼写变体相符。,"a. 平滑的, 平稳的, 流畅的, 和蔼的, 安祥的, 圆滑的, 调匀的, 无毛的
vt. 使光滑, 烫平, 使平和, 消除
vi. 变平滑, 变平静
n. 一块平地, 平滑部分",i:smoothing/r:smoother/d:smoothed/p:smoothed/3:smooths/t:smoothest,ecdict-bc015ed2e24a
smoothly,cet4 cet6 toefl,[],outside_selected_syllabus,ECDICT 标签仅作候选；所选考纲四级范围无对应词形，不自动加入。,"adv. 平滑地, 流畅地, 流利地",,ecdict-bc015ed2e24a
snake,zk gk cet4 cet6 ky toefl,"[""cet4-w-a723eec938ad4b74298d""]",in_selected_syllabus,与当前考纲词形或已登记拼写变体相符。,"n. 蛇, 阴险的人
vi. 曲折行进
vt. 迂回, 拉, 急抽",s:snakes/p:snaked/i:snaking/3:snakes/d:snaked,ecdict-bc015ed2e24a
snap,cet4 cet6 ky toefl,[],outside_selected_syllabus,ECDICT 标签仅作候选；所选考纲四级范围无对应词形，不自动加入。,"vt. 使突然中断, 猛咬, 争夺, 拉断, 使有啪啪声, 厉声说, 突然射击, 用快照拍摄
vi. 咬, 扑, 抓, 折断, 劈啪地响, 厉声说, 砰然关上
n. 猛咬, 猛扑, 劈啪声, 申斥, 快照, 活力, 一般时期的寒冷天气, 揿钮
a. 突然的, 装搭扣的
adv. 猛地
[计] 子网访问协议",p:snapped/d:snapped/i:snapping/3:snaps/s:snaps,ecdict-bc015ed2e24a
snowstorm,cet4 cet6 ky,[],outside_selected_syllabus,ECDICT 标签仅作候选；所选考纲四级范围无对应词形，不自动加入。,"n. 暴风雪
[化] 雪暴",s:snowstorms/3:snowstorms,ecdict-bc015ed2e24a
snowy,zk gk cet4 cet6,"[""cet4-w-daf49754f07d08b74924""]",in_selected_syllabus,与当前考纲词形或已登记拼写变体相符。,"a. 多雪的, 雪的, 被雪所覆盖着的, 下雪的",s:snowys/t:snowiest,ecdict-bc015ed2e24a
so-called,cet4 cet6,"[""cet4-w-2ec58147e91afa8ceec7""]",in_selected_syllabus,与当前考纲词形或已登记拼写变体相符。,"a. 所谓的, 号称的
[法] 所谓的, 据称的",,ecdict-bc015ed2e24a
soak,cet4 cet6 ky ielts gre,"[""cet4-w-0fabf5d7d57650af02ba""]",in_selected_syllabus,与当前考纲词形或已登记拼写变体相符。,"n. 浸, 湿透, 大雨
vt. 使上下湿透, 浸, 吸入, 吸收, 浸洗掉
vi. 浸泡, 渗透",i:soaking/d:soaked/p:soaked/3:soaks/s:soaks,ecdict-bc015ed2e24a
soap,zk gk cet4 cet6 ky toefl,"[""cet4-w-f53bf34941b5ee0e404c""]",in_selected_syllabus,与当前考纲词形或已登记拼写变体相符。,"n. 肥皂, 阿谀
vt. 以肥皂洗, 阿谀
[计] 评语",s:soaps/i:soaping/p:soaped/3:soaps/d:soaped,ecdict-bc015ed2e24a
sob,gk cet4 cet6 ky,[],outside_selected_syllabus,ECDICT 标签仅作候选；所选考纲四级范围无对应词形，不自动加入。,"vi. 啜泣, 呜咽
vt. 哭诉, 哭得使
n. 啜泣, 呜咽",i:sobbing/p:sobbed/s:sobs/d:sobbed/3:sobs,ecdict-bc015ed2e24a
sober,cet4 cet6 ky toefl ielts gre,[],outside_selected_syllabus,ECDICT 标签仅作候选；所选考纲四级范围无对应词形，不自动加入。,"a. 未醉的, 稳重的, 节制的, 严肃的, 不夸大的, 合理的, 朴素的
vt. 使醒酒, 使严肃
vi. 从醉里醒来, 变严肃",p:sobered/3:sobers/d:sobered/i:sobering,ecdict-bc015ed2e24a
soccer,gk cet4 cet6 ky,"[""cet4-w-19dcc48c003caa0d0d6b""]",in_selected_syllabus,与当前考纲词形或已登记拼写变体相符。,n. 英式足球,,ecdict-bc015ed2e24a
social,zk gk cet4 cet6 ky ielts,"[""cet4-w-457322caac94c6580a12""]",in_selected_syllabus,与当前考纲词形或已登记拼写变体相符。,"a. 社会的, 群居的, 社交的
n. 联欢会",,ecdict-bc015ed2e24a
socialism,gk cet4 cet6 ky,"[""cet4-w-8f0523e4d2230bc60938""]",in_selected_syllabus,与当前考纲词形或已登记拼写变体相符。,"n. 社会主义, 社会主义运动",s:socialisms,ecdict-bc015ed2e24a
socialist,gk cet4 cet6,"[""cet4-w-47bdb55e746d216f56df""]",in_selected_syllabus,与当前考纲词形或已登记拼写变体相符。,"n. 社会主义者, 社会党党员
[法] 社会主义的",s:socialists,ecdict-bc015ed2e24a
society,zk gk cet4 cet6 ky,"[""cet4-w-f625d81c0668fe439f32""]",in_selected_syllabus,与当前考纲词形或已登记拼写变体相符。,n. 社会；社交界；交往；社团,s:societies,ecdict-bc015ed2e24a
sock,gk cet4 cet6 ky gre,"[""cet4-w-0239a11c2bc23353243c""]",in_selected_syllabus,与当前考纲词形或已登记拼写变体相符。,"n. 短袜, 鞋垫, 一击
vt. 重击, 猛投, 给...穿袜
vi. 打击
adv. 正着地, 不偏不倚地
a. 非常成功的",s:socks/d:socked/i:socking/p:socked/3:socks,ecdict-bc015ed2e24a
soda,cet4 cet6 ky,"[""cet4-w-b529da7b5b304c0f683b""]",in_selected_syllabus,与当前考纲词形或已登记拼写变体相符。,"n. 苏打, 碳酸水
[化] 纯碱; 苏打; 碳酸钠",s:sodas,ecdict-bc015ed2e24a
soft,zk gk cet4 cet6 ky,"[""cet4-w-9234f5c418cd9b7748a1""]",in_selected_syllabus,与当前考纲词形或已登记拼写变体相符。,"a. 软的, 温和的, 柔和的, 柔滑的, 温柔的, 软弱的, 坡度小的, 笨的, 纸币的
n. 柔软的东西, 笨人, 纸币
adv. 柔软地, 温和地",r:softer/t:softest,ecdict-bc015ed2e24a
softly,cet4 cet6,[],outside_selected_syllabus,ECDICT 标签仅作候选；所选考纲四级范围无对应词形，不自动加入。,"adv. 柔和地, 静静地, 温柔地",,ecdict-bc015ed2e24a
software,gk cet4 cet6 ky,"[""cet4-w-ca5a65ff8b053b522192""]",in_selected_syllabus,与当前考纲词形或已登记拼写变体相符。,"n. 软件
[计] 软设备",,ecdict-bc015ed2e24a
soil,gk cet4 cet6 ky ielts gre,"[""cet4-w-0913e2d119f36c9f1b31""]",in_selected_syllabus,与当前考纲词形或已登记拼写变体相符。,"n. 土壤, 土地, 国家, 国土, 温床, 污物, 粪便, 水池
vt. 弄脏, 污辱
vi. 变脏",s:soils/d:soiled/p:soiled/i:soiling/3:soils,ecdict-bc015ed2e24a
solar,gk cet4 cet6 ky toefl ielts,"[""cet4-w-4c58e4c02bbb709f347f""]",in_selected_syllabus,与当前考纲词形或已登记拼写变体相符。,"a. 太阳的, 日光的, 源自太阳的
[医] 太阳的; 腹腔丛的",,ecdict-bc015ed2e24a
sole,cet4 cet6 ky toefl ielts,"[""cet4-w-15466c034f83791d4501""]",in_selected_syllabus,与当前考纲词形或已登记拼写变体相符。,"n. 脚掌, 鞋底, 底部
a. 唯一的, 仅有的, 单独的, 独身的
vt. 上鞋底, 触底",s:soles/d:soled/i:soling/p:soled/3:soles,ecdict-bc015ed2e24a
solely,cet4 cet6 toefl,"[""cet4-w-94a6e2986515a00b686b""]",in_selected_syllabus,与当前考纲词形或已登记拼写变体相符。,"adv. 仅仅, 单独地",,ecdict-bc015ed2e24a
solemn,cet4 cet6 ky toefl ielts gre,"[""cet4-w-c3c2f5fe3613bbcf7831""]",in_selected_syllabus,与当前考纲词形或已登记拼写变体相符。,"a. 严肃的, 郑重的, 庄严的",,ecdict-bc015ed2e24a
solid,zk gk cet4 cet6 ky,"[""cet4-w-ab36fcd61cf1861bd2d3""]",in_selected_syllabus,与当前考纲词形或已登记拼写变体相符。,"n. 固体
a. 坚硬的, 稳固的, 固体的, 实心的, 纯质的, 立体的, 立方的
[计] 原色",s:solids,ecdict-bc015ed2e24a
soluble,cet4 cet6 ky toefl ielts gre,"[""cet4-w-18357aae2ac0a5503f10""]",in_selected_syllabus,与当前考纲词形或已登记拼写变体相符。,"a. 溶解的, 可溶解的, 可以解决的
[医] 溶解的, 可溶的",s:solubles,ecdict-bc015ed2e24a
solution,cet4 cet6 ky toefl ielts,"[""cet4-w-454d4a6bbce2e218eca6""]",in_selected_syllabus,与当前考纲词形或已登记拼写变体相符。,"n. 解决, 解答, 溶液
[化] 溶液",s:solutions,ecdict-bc015ed2e24a
solve,cet4 cet6 ky toefl ielts,"[""cet4-w-08d95a5bbfcf1f969e6f""]",in_selected_syllabus,与当前考纲词形或已登记拼写变体相符。,"vt. 解决, 付给, 溶解
vt. 求解
vi. 求解
[计] 求解",d:solved/i:solving/3:solves/p:solved,ecdict-bc015ed2e24a
somehow,cet4 cet6 ky ielts,"[""cet4-w-62aa52922db0204b6ec3""]",in_selected_syllabus,与当前考纲词形或已登记拼写变体相符。,adv. 不知何故,,ecdict-bc015ed2e24a
sometime,cet4 cet6 ky,"[""cet4-w-6f15ddbf57168f0c4697""]",in_selected_syllabus,与当前考纲词形或已登记拼写变体相符。,"a. 以前的, 某一时间的
adv. 改天, 来日",,ecdict-bc015ed2e24a
somewhat,cet4 cet6 ky toefl ielts,"[""cet4-w-54aa7df06bb0911fef5a""]",in_selected_syllabus,与当前考纲词形或已登记拼写变体相符。,"n. 某物, 几分
adv. 多少, 几分",,ecdict-bc015ed2e24a
sophisticated,cet4 cet6 ky toefl ielts gre,"[""cet4-w-e929e3440d06630730f7""]",in_selected_syllabus,与当前考纲词形或已登记拼写变体相符。,"a. 复杂的, 久经世故的
[法] 尖端的, 高级的, 非常有经验的",1:dp/0:sophisticate,ecdict-bc015ed2e24a
sore,cet4 cet6 ky ielts,"[""cet4-w-26446cd234e6200765a8""]",in_selected_syllabus,与当前考纲词形或已登记拼写变体相符。,"a. 悲伤的, 痛的, 引起痛苦的
n. 痛处, 溃疡, 疮",s:sores/r:sorer,ecdict-bc015ed2e24a
sorrow,gk cet4 cet6 ky,"[""cet4-w-95dd20e4fdf888a22ce7""]",in_selected_syllabus,与当前考纲词形或已登记拼写变体相符。,"n. 悲伤, 哀惜, 不幸
vi. 悲伤, 懊悔, 遗憾",s:sorrows/p:sorrowed/d:sorrowed/i:sorrowing/3:sorrows,ecdict-bc015ed2e24a
sort,zk gk cet4 cet6 ky toefl ielts,"[""cet4-w-e33f4ded69e75611cb66""]",in_selected_syllabus,与当前考纲词形或已登记拼写变体相符。,"n. 种类, 方式, 品质, 态度, 举止
vt. 分类, 排序, 挑选
vi. 交往, 协调
[计] 排序; DOS外部命令:从标准输入设备接收数据, 整个数据输入完后
对它以行为单位进行排序, 然后在标准输出设备上输出",s:sorts/d:sorted/i:sorting/p:sorted/3:sorts,ecdict-bc015ed2e24a
soul,gk cet4 cet6 ky toefl,"[""cet4-w-72a23ed24b69c862ae78""]",in_selected_syllabus,与当前考纲词形或已登记拼写变体相符。,"n. 灵魂, 心灵, 精神, 精髓, 人, 化身, 典型, 鬼魂
a. 黑人的",s:souls,ecdict-bc015ed2e24a
soup,zk gk cet4 cet6 ky toefl,"[""cet4-w-eb8ae719bccd7b2d50f0""]",in_selected_syllabus,与当前考纲词形或已登记拼写变体相符。,"n. 汤, 马力
vt. 加速, 增加马力",s:soups/p:souped/i:souping/3:soups/d:souped,ecdict-bc015ed2e24a
sour,zk gk cet4 cet6 ky toefl ielts,"[""cet4-w-515ad7410a1f9937d3dc""]",in_selected_syllabus,与当前考纲词形或已登记拼写变体相符。,"a. 酸的, 酸臭的, 发酵的, 愠怒的, 讨厌的, 拙劣的, 不健全的
vi. 变酸, 发酵, 厌烦, 变坏
vt. 使变酸, 使失望
n. 酸味, 酸饮料",d:soured/p:soured/3:sours/i:souring/r:sourer/t:sourest,ecdict-bc015ed2e24a
source,cet4 cet6 ky ielts,"[""cet4-w-bd20b316ae515f3107dc""]",in_selected_syllabus,与当前考纲词形或已登记拼写变体相符。,"n. 来源, 水源, 根源, 原始资料, 源
[计] 来源, 源程序",s:sources/d:sourced/i:sourcing/p:sourced/3:sources,ecdict-bc015ed2e24a
southeast,gk cet4 cet6 ky,"[""cet4-w-3e50a7ee12ce92f13342""]",in_selected_syllabus,与当前考纲词形或已登记拼写变体相符。,"n. 东南, 东南地区
a. 东南的, 向东南的, 来自东南的
adv. 往东南, 来自东南",,ecdict-bc015ed2e24a
southern,zk gk cet4 cet6 ky,"[""cet4-w-9b21df8b3af5dfe653d9""]",in_selected_syllabus,与当前考纲词形或已登记拼写变体相符。,"n. 南方人, 男风
a. 向南方的, 来自南方的",,ecdict-bc015ed2e24a
southwest,gk cet4 cet6 ky,"[""cet4-w-b92974818f516f89245d""]",in_selected_syllabus,与当前考纲词形或已登记拼写变体相符。,"n. 西南, 西南方, 西南地区
a. 西南的, 来自西南方的
adv. 往西南, 来自西南",,ecdict-bc015ed2e24a
Soviet,cet4 cet6,[],outside_selected_syllabus,ECDICT 标签仅作候选；所选考纲四级范围无对应词形，不自动加入。,"n. 代表会议, 苏维埃, 苏联
a. 苏维埃的, 苏联的",s:soviets,ecdict-bc015ed2e24a
sow,gk cet4 cet6 ky toefl ielts gre,"[""cet4-w-fef6c9b9255474047954""]",in_selected_syllabus,与当前考纲词形或已登记拼写变体相符。,"n. 母猪, 懒胖女人
vt. 播种, 散布, 使密布
vi. 播种",d:sown/s:sows/i:sowing/p:sowed/3:sows,ecdict-bc015ed2e24a
space,zk gk cet4 cet6 ky ielts,"[""cet4-w-d209e90c6d0b50e80093""]",in_selected_syllabus,与当前考纲词形或已登记拼写变体相符。,"n. 位置, 空间, 距离, 太空, 空白, 间隔, (期刊等的)篇幅
vt. 隔开, 分隔
vi. 留间隔
[计] 空白, 空格校验",s:spaces/d:spaced/i:spacing/p:spaced/3:spaces,ecdict-bc015ed2e24a
spacecraft,cet4 cet6 ky toefl,"[""cet4-w-eea73ea721fabe17a6bd""]",in_selected_syllabus,与当前考纲词形或已登记拼写变体相符。,n. 航天飞船,s:spacecrafts,ecdict-bc015ed2e24a
spaceship,gk cet4 cet6 ky toefl,"[""cet4-w-7ef3a89cee89757f9036""]",in_selected_syllabus,与当前考纲词形或已登记拼写变体相符。,n. 宇宙飞船,s:spaceships,ecdict-bc015ed2e24a
spade,gk cet4 cet6 ky,"[""cet4-w-5c91f83386dda58c6f1f""]",in_selected_syllabus,与当前考纲词形或已登记拼写变体相符。,"n. 铲子, 锄, 铲刀, 黑桃
vt. 以锄掘, 把...弄实抹平
vi. 铲",s:spades/i:spading/p:spaded/3:spades/d:spaded,ecdict-bc015ed2e24a
span,cet4 cet6 ky toefl ielts gre,"[""cet4-w-a86c6008d1eb114814de""]",in_selected_syllabus,与当前考纲词形或已登记拼写变体相符。,"n. 指距, 全长, 跨距, 一段时间, 小范围
vt. 以手指测量, 跨越, 架设, 持续",i:spanning/p:spanned/3:spans/s:spans/d:spanned/0:span/1:dp,ecdict-bc015ed2e24a
Spanish,gk cet4 cet6 ielts,[],outside_selected_syllabus,ECDICT 标签仅作候选；所选考纲四级范围无对应词形，不自动加入。,"n. 西班牙人, 西班牙语
a. 西班牙的",,ecdict-bc015ed2e24a
spark,cet4 cet6 ky toefl ielts gre,"[""cet4-w-e3169bbbc68ea1943f08""]",in_selected_syllabus,与当前考纲词形或已登记拼写变体相符。,"n. 火花, 火星, 闪光, 无线电报务员, 瞬间放电, 活力, 朝气, 花花公子, 情郎
vi. 闪光, 发火花, 求婚
vt. 发动, 鼓舞, 使有朝气, 求婚",s:sparks/p:sparked/d:sparked/i:sparking/3:sparks,ecdict-bc015ed2e24a
sparkle,cet4 cet6 ky ielts,"[""cet4-w-1ae99ef58576ee55bdea""]",in_selected_syllabus,与当前考纲词形或已登记拼写变体相符。,"n. 闪耀, 火花, 活力, 发泡
vi. 闪耀, 冒火花
vt. 使闪耀",p:sparkled/i:sparkling/3:sparkles/s:sparkles/d:sparkled,ecdict-bc015ed2e24a
sparrow,gk cet4 cet6 toefl,[],outside_selected_syllabus,ECDICT 标签仅作候选；所选考纲四级范围无对应词形，不自动加入。,n. 麻雀,s:sparrows,ecdict-bc015ed2e24a
speaker,zk gk cet4 cet6 ky ielts,"[""cet4-w-9d227ef5abb8f5727be8""]",in_selected_syllabus,与当前考纲词形或已登记拼写变体相符。,"n. 说话人, 讲演者, 发言人, 喇叭, 扬声器
[计] 扬声器",s:speakers,ecdict-bc015ed2e24a
spear,gk cet4 cet6 ky gre,[],outside_selected_syllabus,ECDICT 标签仅作候选；所选考纲四级范围无对应词形，不自动加入。,"n. 矛, 枪, 持矛者, 嫩枝
vt. 用矛刺
vi. 刺, 戳
a. 父系的",s:spears/p:speared/d:speared/i:spearing/3:spears,ecdict-bc015ed2e24a
special,zk gk cet4 cet6 ky ielts,"[""cet4-w-deacc6196c039957c21d""]",in_selected_syllabus,与当前考纲词形或已登记拼写变体相符。,"n. 专辑, 专车, 号外, 特别的东西, 负有特别任务的人员
a. 特别的, 专门的, 特殊的, 额外的, 附加的, 特别亲密的",s:specials,ecdict-bc015ed2e24a
specialist,gk cet4 cet6 ky,"[""cet4-w-a463255463c8264e9adc""]",in_selected_syllabus,与当前考纲词形或已登记拼写变体相符。,"n. 专门医师, 专家
a. 专业的, 专家的",s:specialists,ecdict-bc015ed2e24a
speciality,cet4 cet6 ky ielts,[],outside_selected_syllabus,ECDICT 标签仅作候选；所选考纲四级范围无对应词形，不自动加入。,"n. 专长, 擅长, 特种技能, 详细说明, 特性, 特产, 专业
[化] 特制品",s:specialities,ecdict-bc015ed2e24a
specialize,cet4 cet6 ky ielts gre,"[""cet4-w-e9bd927d3c77baa654f5""]",in_selected_syllabus,与当前考纲词形或已登记拼写变体相符。,"vt. 使特殊化, 列举, 特别指明, 限定...的范围
vi. 成为专家, 专攻",i:specializing/p:specialized/d:specialized/3:specializes,ecdict-bc015ed2e24a
specially,cet4 cet6,[],outside_selected_syllabus,ECDICT 标签仅作候选；所选考纲四级范围无对应词形，不自动加入。,"adv. 特别地, 专门地",,ecdict-bc015ed2e24a
species,cet4 cet6 ky toefl ielts,"[""cet4-w-dc03e85ce3d4400ad848""]",in_selected_syllabus,与当前考纲词形或已登记拼写变体相符。,"n. 种, 类, 外形
[医] 茶剂; 种",,ecdict-bc015ed2e24a
specific,gk cet4 cet6 ky toefl ielts,"[""cet4-w-9bead37d826146267563""]",in_selected_syllabus,与当前考纲词形或已登记拼写变体相符。,"n. 特效药, 特性
a. 特殊的, 明确的, 具有特效的, 特定地, 具体地",s:specifics,ecdict-bc015ed2e24a
specify,cet4 cet6 ky toefl,"[""cet4-w-ecde297b6f1b1b2cebd7""]",in_selected_syllabus,与当前考纲词形或已登记拼写变体相符。,"vt. 详列, 指定, 说明
[计] 指定",d:specified/i:specifying/p:specified/3:specifies,ecdict-bc015ed2e24a
specimen,cet4 cet6 ky toefl ielts gre,"[""cet4-w-ca8e6bb1aa532b11df93""]",in_selected_syllabus,与当前考纲词形或已登记拼写变体相符。,"n. 样品, 标本, 试料
[化] 试样",s:specimens,ecdict-bc015ed2e24a
spectacle,cet4 cet6 ky toefl ielts,[],outside_selected_syllabus,ECDICT 标签仅作候选；所选考纲四级范围无对应词形，不自动加入。,"n. 引人羡慕的东西, 景象, 眼镜, 场面, 公开展示",s:spectacles/p:spectacled,ecdict-bc015ed2e24a
speech,zk gk cet4 cet6 ky ielts,"[""cet4-w-e0ef950b0ed480d5a1c2""]",in_selected_syllabus,与当前考纲词形或已登记拼写变体相符。,"n. 演讲, 说话, 谈话, 言语, 引语, 民族语言
[医] 言语, 语言",s:speeches,ecdict-bc015ed2e24a
speed,zk gk cet4 cet6 ky ielts,"[""cet4-w-c898720b2f4ec25268d4""]",in_selected_syllabus,与当前考纲词形或已登记拼写变体相符。,"n. 速率, 速度, 迅速
vi. 加速, 超速, 快进
vt. 快速传送, 促进, 使加速
[计] 中央处理机速度设置程序",s:speeds/i:speeding/p:sped/3:speeds/d:speeded,ecdict-bc015ed2e24a
spell,zk gk cet4 cet6 ky gre,"[""cet4-w-782545c2726e257c77b8""]",in_selected_syllabus,与当前考纲词形或已登记拼写变体相符。,"n. 符咒, 魅力, 轮值, 轮班, 工作时间, 一次发作
vt. 拼写, 拼成, 琢磨, 理解, 招致, 轮换, 迷住
vi. 轮换, 拼字",s:spells/d:spelt/3:spells/i:spelling/p:spelt,ecdict-bc015ed2e24a
spelling,gk cet4 cet6 ky,"[""cet4-w-3781d579d7ca26c86353""]",in_selected_syllabus,与当前考纲词形或已登记拼写变体相符。,"n. 拼, 拼字, 拼法
[计] 拼写检查",0:spell/1:i/i:spelling/s:spellings,ecdict-bc015ed2e24a
sphere,cet4 cet6 ky toefl ielts,"[""cet4-w-a265420f8cde596d3c5f""]",in_selected_syllabus,与当前考纲词形或已登记拼写变体相符。,"n. 球, 球面, 球体, 天体, 地球仪, 范围
vt. 包围, 使成球体, 放入球内",s:spheres,ecdict-bc015ed2e24a
spider,cet4 cet6 ky toefl ielts,[],outside_selected_syllabus,ECDICT 标签仅作候选；所选考纲四级范围无对应词形，不自动加入。,"n. 蜘蛛, 设圈套者
[化] 星形轮",s:spiders,ecdict-bc015ed2e24a
spill,cet4 cet6 ky toefl ielts,"[""cet4-w-de7a7af024828ee71d8c""]",in_selected_syllabus,与当前考纲词形或已登记拼写变体相符。,"n. 溢出, 溅出, 摔下, 溢出量, 木片, 小塞子
vt. 使溢出, 使散落, 洒, 使流出, 倒出, 使摔下
vi. 溢出, 涌流, 摔下",i:spilling/p:spilled/3:spills/d:spilled/s:spills,ecdict-bc015ed2e24a
spin,gk cet4 cet6 ky toefl ielts gre,"[""cet4-w-39597abccab1b17c453f""]",in_selected_syllabus,与当前考纲词形或已登记拼写变体相符。,"n. 旋转, 自旋, 疾驰, 情绪低落
vt. 纺织, 纺, 使旋转, 编造
vi. 纺纱, 吐丝, 作茧, 结网, 旋转, 自旋, 疾驰",i:spinning/p:spun/d:spun/3:spins/s:spins,ecdict-bc015ed2e24a
spirit,zk gk cet4 cet6 ky toefl,"[""cet4-w-fa695d0d9539a1735819""]",in_selected_syllabus,与当前考纲词形或已登记拼写变体相符。,"n. 精神, 心灵, 灵魂, 态度, 志气, 人格, 情绪, 心情, 烈酒
vt. 诱拐, 鼓励, 鼓舞",s:spirits/d:spirited/p:spirited/i:spiriting/3:spirits,ecdict-bc015ed2e24a
spiritual,gk cet4 cet6 ky toefl ielts gre,"[""cet4-w-31c1c086a171a520077a""]",in_selected_syllabus,与当前考纲词形或已登记拼写变体相符。,"a. 精神上的, 神圣的, 崇高的, 高尚的, 鬼的, 招魂术的
n. 有关教会的事",s:spirituals,ecdict-bc015ed2e24a
spit,gk cet4 cet6 ky ielts,"[""cet4-w-55ce9f87c7fda1ed5166""]",in_selected_syllabus,与当前考纲词形或已登记拼写变体相符。,"n. 唾液, 唾吐, 小雨, 炙叉, 一铲的深度
vt. 唾吐, 吐出, 降小雨, 用炙叉穿过
vi. 吐唾沫, 吐痰, 唾弃, 飘霏霏细雨",d:spat/p:spat/i:spitting/3:spits/1:pd/0:spit/s:spits,ecdict-bc015ed2e24a
spite,cet4 cet6 ky gre,"[""cet4-w-810a2bb5e07f71d02af0""]",in_selected_syllabus,与当前考纲词形或已登记拼写变体相符。,"n. 恶意, 怨恨, 使人烦恼的事物
vt. 故意刁难, 欺侮",i:spiting/p:spited/3:spites/d:spited,ecdict-bc015ed2e24a
splash,cet4 cet6 ky toefl ielts,"[""cet4-w-0ae0ee413447008bb168""]",in_selected_syllabus,与当前考纲词形或已登记拼写变体相符。,"n. 飞溅, 污点, 一点儿, 溅泼声, 色斑
vi. 溅湿, 溅开, 飞溅
vt. 溅, 泼, 使溅起水, 洒, 使成斑驳状",i:splashing/p:splashed/d:splashed/s:splashes/3:splashes,ecdict-bc015ed2e24a
splendid,gk cet4 cet6 ky toefl ielts,"[""cet4-w-10a8278779e9b76167c9""]",in_selected_syllabus,与当前考纲词形或已登记拼写变体相符。,"a. 光亮的, 了不起的, 灿烂的, 壮丽的, 显著的, 杰出的",,ecdict-bc015ed2e24a
split,gk cet4 cet6 ky toefl ielts gre,"[""cet4-w-58ca2aa88936f74419c7""]",in_selected_syllabus,与当前考纲词形或已登记拼写变体相符。,"n. 劈开, 裂片, 裂缝, 分裂, 派系, 派别, 柳条
a. 劈开的
vi. 分离, 分开, 裂开, 被劈开
vt. 劈开, 切开, 使分裂, 使分离
[计] 拆分",d:split/0:split/1:dp/i:splitting/p:split/s:splits/3:splits,ecdict-bc015ed2e24a
spoil,cet4 cet6 ky toefl ielts gre,"[""cet4-w-1198a27735ece4c8bbe4""]",in_selected_syllabus,与当前考纲词形或已登记拼写变体相符。,"n. 战利品, 赃物, 奖品, 变质, 次品
vt. 损坏, 破坏, 溺爱
vi. 腐坏, 掠夺",d:spoiled/i:spoiling/s:spoils/3:spoils/p:spoiled,ecdict-bc015ed2e24a
sponge,cet4 cet6 ky toefl ielts,[],outside_selected_syllabus,ECDICT 标签仅作候选；所选考纲四级范围无对应词形，不自动加入。,"n. 海绵, 海绵状的东西
vt. 用海绵擦拭, 吸收掉, 抹掉
vi. 采集海绵, 海绵般吸收",s:sponges/p:sponged/d:sponged/3:sponges/i:sponging,ecdict-bc015ed2e24a
sponsor,gk cet4 cet6 ky toefl ielts,"[""cet4-w-0820bd88d5a47071e79a""]",in_selected_syllabus,与当前考纲词形或已登记拼写变体相符。,"n. 保证人, 赞助者, 发起者, 倡议者, 教父
vt. 发起, 赞助, 倡议",d:sponsored/s:sponsors/i:sponsoring/p:sponsored/3:sponsors,ecdict-bc015ed2e24a
spontaneous,cet4 cet6 ky toefl ielts gre,"[""cet4-w-68a1c7b29dced4565995""]",in_selected_syllabus,与当前考纲词形或已登记拼写变体相符。,"a. 自然的, 自发的, 未经琢磨的
[医] 自发的, 特发的, 自生的",,ecdict-bc015ed2e24a
spoon,zk gk cet4 cet6 ky toefl,"[""cet4-w-d1efc6c27a25fbf356ea""]",in_selected_syllabus,与当前考纲词形或已登记拼写变体相符。,"n. 匙, 调羹, 匙形工具
vt. 以匙舀起, 调情, 使成匙状",s:spoons/p:spooned/i:spooning/d:spooned/3:spoons,ecdict-bc015ed2e24a
sportsman,cet4 cet6 ky ielts,"[""cet4-w-14aa23e3c1fe5d9adcb3""]",in_selected_syllabus,与当前考纲词形或已登记拼写变体相符。,"n. 运动员, 冒险家",s:sportsmen,ecdict-bc015ed2e24a
spot,gk cet4 cet6 ky toefl ielts,"[""cet4-w-febbfa21814890283139""]",in_selected_syllabus,与当前考纲词形或已登记拼写变体相符。,"n. 污点, 地点, 斑点, 点, 娱乐场所, 处境, 少量
a. 当场的, 现场的, 现货买卖的, 现金交易的, 抽样的
vt. 点缀, 玷污, 认出, 准确定...的位, 用灯光照射
vi. 玷污, (从空中)侦察敌方目标",s:spots/p:spotted/d:spotted/i:spotting/3:spots,ecdict-bc015ed2e24a
spray,gk cet4 cet6 ky toefl ielts,"[""cet4-w-05afe7805f0bc60a3159""]",in_selected_syllabus,与当前考纲词形或已登记拼写变体相符。,"n. 水沫, 浪花, 水花, 喷雾, 喷雾器, 小树枝
vt. 喷雾, 扫射, 喷射
vi. 喷, 溅开",d:sprayed/s:sprays/i:spraying/p:sprayed/3:sprays,ecdict-bc015ed2e24a
spread,zk gk cet4 cet6 ky,"[""cet4-w-3ab82f8a984c2c43e9fc""]",in_selected_syllabus,与当前考纲词形或已登记拼写变体相符。,"n. 传播, 散布, 伸展
a. 双唇展开的, 伸展的
vt. 展开, 铺开, 传播, 推广, 伸出, 涂, 敷, 延伸
vi. 展开, 扩大, 传开, 延伸
[计] 展开",d:spread/0:spread/1:dp/p:spread/i:spreading/3:spreads/s:spreads,ecdict-bc015ed2e24a
springtime,cet4 cet6 toefl,[],outside_selected_syllabus,ECDICT 标签仅作候选；所选考纲四级范围无对应词形，不自动加入。,"n. 春天, 春季, 初期",,ecdict-bc015ed2e24a
sprinkle,cet4 cet6 ky,[],outside_selected_syllabus,ECDICT 标签仅作候选；所选考纲四级范围无对应词形，不自动加入。,"vt. 洒, 散置, 撒, 点缀
vi. 洒, 撒, 下小雨
n. 洒, 撒, 散置, 小雨, 少量",d:sprinkled/p:sprinkled/i:sprinkling/3:sprinkles/s:sprinkles,ecdict-bc015ed2e24a
spur,cet4 cet6 ky toefl ielts gre,"[""cet4-w-914b91232a0f239390a5""]",in_selected_syllabus,与当前考纲词形或已登记拼写变体相符。,"n. 马刺, 刺激物, 鼓舞
vt. 刺激, 激励, 用马刺策(马)前进
vi. 用马刺驱马, 疾驰",d:spurred/p:spurred/i:spurring/3:spurs/s:spurs,ecdict-bc015ed2e24a
spy,gk cet4 cet6 ky,"[""cet4-w-4e521d48729402742fe2""]",in_selected_syllabus,与当前考纲词形或已登记拼写变体相符。,"n. 间谍, 侦探, 侦察
vt. 侦察, 找出, 发现
vi. 做密探, 侦查",s:spies/i:spying/p:spied/d:spied/3:spies,ecdict-bc015ed2e24a
square,zk gk cet4 cet6 ky toefl ielts gre,"[""cet4-w-8da5ef325e70fad0e6be""]",in_selected_syllabus,与当前考纲词形或已登记拼写变体相符。,"n. 正方形, 街区, 广场, 平方, 直角尺
a. 正方形的, 正直的, 公正的, 平方的, 方正的, 结清的
adv. 成直角地, 对准地
vi. 一致, 符合, 结清
vt. 使成方形, 使平方自乘, 调正, 结清, 使一致",s:squares/d:squared/i:squaring/p:squared/3:squares,ecdict-bc015ed2e24a
squeeze,gk cet4 cet6 ky toefl ielts gre,"[""cet4-w-196c730b8240138ae47d""]",in_selected_syllabus,与当前考纲词形或已登记拼写变体相符。,"n. 紧握, 挤, 榨, 榨取, 佣金
vt. 紧握, 挤, 榨取
vi. 压榨, 榨",p:squeezed/d:squeezed/i:squeezing/3:squeezes/s:squeezes,ecdict-bc015ed2e24a
squirrel,gk cet4 cet6 ky toefl gre,[],outside_selected_syllabus,ECDICT 标签仅作候选；所选考纲四级范围无对应词形，不自动加入。,"n. 松鼠, 松鼠毛皮
vt. 贮藏",s:squirrels/i:squirrelling/p:squirrelled/d:squirrelled,ecdict-bc015ed2e24a
stab,cet4 cet6 ky toefl gre,[],outside_selected_syllabus,ECDICT 标签仅作候选；所选考纲四级范围无对应词形，不自动加入。,"n. 刺, 戳, 剧痛, 尝试, 努力
vt. 刺, 戳, 刺入, 刺痛, 直入, 使伤心
vi. 刺, 刺伤",d:stabbed/p:stabbed/i:stabbing/s:stabs/3:stabs,ecdict-bc015ed2e24a
stability,cet4 cet6 ky toefl ielts,"[""cet4-w-c88f0f734c0407c5d610""]",in_selected_syllabus,与当前考纲词形或已登记拼写变体相符。,"n. 安定, 稳定性, 坚实, 巩固
[化] 稳定性",s:stabilities,ecdict-bc015ed2e24a
stable,gk cet4 cet6 ky toefl,"[""cet4-w-57070fbcedf07b7e7335""]",in_selected_syllabus,与当前考纲词形或已登记拼写变体相符。,"n. 马房, 牛棚
a. 稳定的, 安定的, 坚固的, 坚定的
vt. 赶入马房
vi. 被关在马厩",s:stables/p:stabled/d:stabled/i:stabling/3:stables,ecdict-bc015ed2e24a
stack,cet4 cet6 ky toefl ielts,"[""cet4-w-fc5d1ae272b407e51f5f""]",in_selected_syllabus,与当前考纲词形或已登记拼写变体相符。,"n. 堆叠, 堆, 大量, 书库, 枪架, 烟囱, 堆积, 存贮栈
vt. 堆积, 堆满, 暗中对...做手脚
vi. 堆起
[计] 堆积, 堆栈",s:stacks/d:stacked/i:stacking/p:stacked/3:stacks,ecdict-bc015ed2e24a
stadium,gk cet4 cet6 ky ielts,"[""cet4-w-a85c4d942c6244566574""]",in_selected_syllabus,与当前考纲词形或已登记拼写变体相符。,"n. 露天大型运动场
[医] 期, 病期",s:stadia,ecdict-bc015ed2e24a
staff,gk cet4 cet6 ky toefl ielts,"[""cet4-w-e58f168daeb13e85b748""]",in_selected_syllabus,与当前考纲词形或已登记拼写变体相符。,"n. 全体人员, 工作班子, 棍棒, 杆, 拐杖, 支柱, 权杖
a. 职员的, 雇员的, 参谋的
vt. 为...配备人员",d:staffed/s:staffs/i:staffing/p:staffed/3:staffs,ecdict-bc015ed2e24a
stage,gk cet4 cet6 ky ielts,"[""cet4-w-216e4d7c8b01d34316f7""]",in_selected_syllabus,与当前考纲词形或已登记拼写变体相符。,"n. 阶段, 舞台, 场所, 戏剧, 站, 驿站, 级, 层, 脚手架
vt. 上演, 表演, 筹划
vi. 适于上演, 乘驿车旅行",s:stages/d:staged/p:staged/i:staging/3:stages,ecdict-bc015ed2e24a
stain,gk cet4 cet6 ky toefl ielts gre,"[""cet4-w-59bad27bcfefdb8444ac""]",in_selected_syllabus,与当前考纲词形或已登记拼写变体相符。,"n. 污染, 污点, 着色剂
vt. 沾染, 染污, 着色
vi. 变脏",d:stained/i:staining/s:stains/p:stained/3:stains,ecdict-bc015ed2e24a
stair,gk cet4 cet6 ky,"[""cet4-w-4c8874ed8ccf90cc7e9f""]",in_selected_syllabus,与当前考纲词形或已登记拼写变体相符。,"n. 梯级, 楼梯, 阶梯",,ecdict-bc015ed2e24a
staircase,cet4 cet6 ky toefl,"[""cet4-w-146a943be65c5dd68de8""]",in_selected_syllabus,与当前考纲词形或已登记拼写变体相符。,"n. 楼梯, 梯子, 楼梯部分
[医] 阶梯现象",s:staircases,ecdict-bc015ed2e24a
stake,cet4 cet6 ky toefl ielts gre,"[""cet4-w-381c6fd5737e572368e4""]",in_selected_syllabus,与当前考纲词形或已登记拼写变体相符。,"n. 桩, 炮烙刑, 木柱, 赌注, 奖金
vt. 打桩, 用桩撑, 下赌注, 资助
vi. 打赌",s:stakes/i:staking/d:staked/p:staked/3:stakes,ecdict-bc015ed2e24a
stale,cet4 cet6 ky toefl ielts gre,"[""cet4-w-4df91ea868f9a4faa53e""]",in_selected_syllabus,与当前考纲词形或已登记拼写变体相符。,"n. 尿
a. 不新鲜的, 陈腐的, 疲惫的, 陈旧的
vt. 使变旧, 走味
vi. 变陈旧, 走味, 失时效, 撒尿",r:staler/p:staled/s:stales/i:staling/t:stalest/3:stales/d:staled,ecdict-bc015ed2e24a
standard,zk gk cet4 cet6 ky toefl ielts,"[""cet4-w-9d416f7ee6e7604a16f5""]",in_selected_syllabus,与当前考纲词形或已登记拼写变体相符。,"n. 标准, 规格, 旗, 军旗, 本位
a. 标准的, 合规格的
[计] 标准",s:standards,ecdict-bc015ed2e24a
standpoint,cet4 cet6 ky toefl,"[""cet4-w-7c8efaaa9e107dd38912""]",in_selected_syllabus,与当前考纲词形或已登记拼写变体相符。,"n. 立场, 观点",s:standpoints,ecdict-bc015ed2e24a
stare,gk cet4 cet6 ky toefl,"[""cet4-w-0fc3c24d79b69d3108b5""]",in_selected_syllabus,与当前考纲词形或已登记拼写变体相符。,"vi. 注视, 凝视, 瞪视, 显眼
vt. 盯
n. 凝视",p:stared/i:staring/3:stares/d:stared/s:stares,ecdict-bc015ed2e24a
startle,cet4 cet6 ky toefl ielts gre,"[""cet4-w-7bf8ee1ea897afccc776""]",in_selected_syllabus,与当前考纲词形或已登记拼写变体相符。,"n. 惊愕, 惊恐
vt. 吃惊, 使惊愕
vi. 惊起",p:startled/i:startling/d:startled/3:startles,ecdict-bc015ed2e24a
starvation,gk cet4 toefl,"[""cet4-w-3f369f4f86d7be4fdf91""]",in_selected_syllabus,与当前考纲词形或已登记拼写变体相符。,"n. 饥饿, 饿死
[医] 绝食, 饥锇(指长时期的)",s:starvations,ecdict-bc015ed2e24a
starve,gk cet4 cet6 ky toefl ielts,"[""cet4-w-2620a78346162aae89c6""]",in_selected_syllabus,与当前考纲词形或已登记拼写变体相符。,"v. (使)饿死, (使)挨饿",d:starved/i:starving/p:starved/3:starves,ecdict-bc015ed2e24a
state,zk gk cet4 cet6 ky,"[""cet4-w-e39109dde732058c0ad1""]",in_selected_syllabus,与当前考纲词形或已登记拼写变体相符。,"n. 州, 状态, 情形, 国家, 政府, 领土, 国务, 社会地位
a. 国家的, 正式的, 礼仪用的, 州的
vt. 说明, 陈述, 规定
[计] 状态",s:states/p:stated/d:stated/3:states/i:stating,ecdict-bc015ed2e24a
statement,gk cet4 cet6 ky ielts,"[""cet4-w-eefa69b94f48b018a249""]",in_selected_syllabus,与当前考纲词形或已登记拼写变体相符。,"n. 陈述, 指令, 声明
[计] 程序语句; 语句",s:statements,ecdict-bc015ed2e24a
statesman,cet4 cet6 ky ielts,"[""cet4-w-f1244d070c349f5e43a5""]",in_selected_syllabus,与当前考纲词形或已登记拼写变体相符。,n. 政治家,s:statesmen,ecdict-bc015ed2e24a
static,cet4 cet6 ky toefl ielts gre,[],outside_selected_syllabus,ECDICT 标签仅作候选；所选考纲四级范围无对应词形，不自动加入。,"n. 静电, 静电干扰
a. 静态的, 静止的, 固有的, 静电的",s:statics,ecdict-bc015ed2e24a
statistical,cet4 cet6 ky,"[""cet4-w-f449b409acde54739f20""]",in_selected_syllabus,与当前考纲词形或已登记拼写变体相符。,"a. 统计的, 统计上的, 统计学的
[经] 统计的, 统计学的",,ecdict-bc015ed2e24a
statistics,gk cet4 cet6 ky toefl ielts,[],outside_selected_syllabus,ECDICT 标签仅作候选；所选考纲四级范围无对应词形，不自动加入。,"n. 统计学, 统计资料
[计] 统计信息",,ecdict-bc015ed2e24a
statue,gk cet4 cet6 ky toefl ielts,"[""cet4-w-7632775e7253536ba60f""]",in_selected_syllabus,与当前考纲词形或已登记拼写变体相符。,"vt. 以雕像装饰
n. 雕像",s:statues,ecdict-bc015ed2e24a
status,gk cet4 cet6 ky toefl ielts gre,"[""cet4-w-b1748f2c232929f30a8a""]",in_selected_syllabus,与当前考纲词形或已登记拼写变体相符。,"n. 状态, 情形, 地位, 要人身份
[计] 状态",,ecdict-bc015ed2e24a
statute,cet4 ky ielts gre,[],outside_selected_syllabus,ECDICT 标签仅作候选；所选考纲四级范围无对应词形，不自动加入。,"n. 法令, 成文法律, 法规, 章程, 条例
[法] 法令, 法规, 成文法",s:statutes,ecdict-bc015ed2e24a
steadily,cet4 cet6,"[""cet4-w-e52c7abc69385627f512""]",in_selected_syllabus,与当前考纲词形或已登记拼写变体相符。,"adv. 稳定地, 无变化地, 有规则地",,ecdict-bc015ed2e24a
steady,gk cet4 cet6 ky toefl ielts,"[""cet4-w-e2d06f6e1dcf4af2b654""]",in_selected_syllabus,与当前考纲词形或已登记拼写变体相符。,"a. 稳定的, 不动摇的, 沉着的, 稳固的, 坚定的, 经常的
vt. 使稳定, 使坚定
vi. 变为沉着, 稳固",p:steadied/i:steadying/d:steadied/r:steadier/3:steadies/t:steadiest,ecdict-bc015ed2e24a
steal,zk gk cet4 cet6 ky toefl,"[""cet4-w-915f23b8631ec0ef99ad""]",in_selected_syllabus,与当前考纲词形或已登记拼写变体相符。,vt. 剽窃；偷偷地做；偷窃；vi. 窃取；偷偷地行动；[棒球]偷垒；n. [口]偷窃；便宜货；偷垒；[篮球]断球,d:stolen/p:stole/i:stealing/3:steals,ecdict-bc015ed2e24a
steam,gk cet4 cet6 ky toefl ielts,"[""cet4-w-56f495a4742c944e7e57""]",in_selected_syllabus,与当前考纲词形或已登记拼写变体相符。,"n. 蒸汽, 精力
a. 蒸汽的
vi. 蒸发, 行驶, 发怒
vt. 蒸, 煮, 散发",i:steaming/p:steamed/d:steamed/s:steams/3:steams,ecdict-bc015ed2e24a
steamer,cet4 cet6 ky ielts,"[""cet4-w-700c970517e9b6f7d148""]",in_selected_syllabus,与当前考纲词形或已登记拼写变体相符。,"n. 汽船, 蒸汽机
[化] 蒸汽发生器; 蒸汽机",s:steamers,ecdict-bc015ed2e24a
steel,zk gk cet4 cet6 ky ielts,"[""cet4-w-701a24802f309a10cd81""]",in_selected_syllabus,与当前考纲词形或已登记拼写变体相符。,"n. 钢, 钢制品, 钢铁, 坚硬, 坚固
a. 钢的, 钢制的, 钢铁业的, 坚强的
vt. 使坚强, 钢化, 使冷酷",p:steeled/s:steels/i:steeling/d:steeled/3:steels,ecdict-bc015ed2e24a
steep,gk cet4 cet6 ky toefl ielts gre,"[""cet4-w-928cc2b468a51418ed19""]",in_selected_syllabus,与当前考纲词形或已登记拼写变体相符。,"n. 浸渍, 悬崖
a. 险峻的, 陡峭的, 急剧升降的, 夸大的
v. 浸, 泡",r:steeper/d:steeped/t:steepest/i:steeping/p:steeped/3:steeps,ecdict-bc015ed2e24a
steer,cet4 cet6 ky toefl ielts gre,"[""cet4-w-b5ca6cd31a2a07ee20be""]",in_selected_syllabus,与当前考纲词形或已登记拼写变体相符。,"vt. 引导, 驾驶, 航行, 控制
vi. 驾驶, 掌舵, 行驶
n. 驾驶指示, 劝告",p:steered/i:steering/d:steered/3:steers/s:steers,ecdict-bc015ed2e24a
stem,cet4 cet6 ky toefl ielts gre,"[""cet4-w-ba7ee7f8d1feb7423c92""]",in_selected_syllabus,与当前考纲词形或已登记拼写变体相符。,"n. 茎, 干, 柄, 船首, 血统, 堵塞物
vt. 摘掉茎, 装柄于, 阻止, 堵住, 逆行
vi. 堵住, 逆行",s:stems/p:stemmed/i:stemming/3:stems/d:stemmed,ecdict-bc015ed2e24a
step,zk gk cet4 cet6 ky,"[""cet4-w-db7afdb509922f82dda8""]",in_selected_syllabus,与当前考纲词形或已登记拼写变体相符。,"n. 步骤, 步, 步幅, 脚步声, 踏级, 步伐, 短距离, 步态, 手段, 等级
vt. 踏, 以步测量, 跨步, 使成阶梯状
vi. 跨步, 轻快地走, 跳舞, 踩, 踏上, 行走
[计] 步骤",s:steps/p:stepped/i:stepping/d:stepped/3:steps,ecdict-bc015ed2e24a
stern,cet4 cet6 ky toefl ielts gre,[],outside_selected_syllabus,ECDICT 标签仅作候选；所选考纲四级范围无对应词形，不自动加入。,"n. 尾部, 船尾, 臀
a. 严厉的, 严格的, 坚定的, 坚决的",s:sterns,ecdict-bc015ed2e24a
steward,gk cet4 cet6 ky ielts,[],outside_selected_syllabus,ECDICT 标签仅作候选；所选考纲四级范围无对应词形，不自动加入。,"n. 管理人, 招待员, 管家, 乘务员
[经] 轮船, 飞机的服务员, (财务)管理员",s:stewards/i:stewarding/p:stewarded,ecdict-bc015ed2e24a
stewardess,gk cet4 cet6,[],outside_selected_syllabus,ECDICT 标签仅作候选；所选考纲四级范围无对应词形，不自动加入。,"n. 空中小姐, 女管理人, 女管家",s:stewardesses,ecdict-bc015ed2e24a
stick,zk gk cet4 cet6 ky toefl ielts,"[""cet4-w-880e8dd4ecc7fa4e993d""]",in_selected_syllabus,与当前考纲词形或已登记拼写变体相符。,"n. 棍, 棒, 刺, 枯枝, 茎, 条状物
vt. 插进, 刺入, 钉住, 伸出, 粘贴, 停止
vi. 粘住, 停留, 坚持, 陷住, 伸出",p:stuck/i:sticking/d:stuck/s:sticks/3:sticks,ecdict-bc015ed2e24a
sticky,cet4 cet6 ky toefl,"[""cet4-w-93114bc5d07b4942e9d8""]",in_selected_syllabus,与当前考纲词形或已登记拼写变体相符。,"a. 粘的, 有粘性的, 顽固的",t:stickiest/r:stickier/d:stickied/s:stickies,ecdict-bc015ed2e24a
stiff,cet4 cet6 ky toefl ielts gre,"[""cet4-w-8e298648be23ee6f406c""]",in_selected_syllabus,与当前考纲词形或已登记拼写变体相符。,"a. 坚硬的, 严厉的, 呆板的, 生硬的, 刚强的, 强烈的, 粘的, 稠的, 艰难的
n. 死尸, 醉鬼, 钞票
vt. 不肯付...小费",r:stiffer/s:stiffs/t:stiffest,ecdict-bc015ed2e24a
stiffen,cet4 cet6 toefl,"[""cet4-w-1ca742c6581321e66415""]",in_selected_syllabus,与当前考纲词形或已登记拼写变体相符。,"vt. 使变硬, 使僵硬, 使顽强, 使严厉
vi. 变粘, 变硬, 变强烈",p:stiffened/d:stiffened/i:stiffening/3:stiffens,ecdict-bc015ed2e24a
stimulate,cet4 cet6 ky toefl ielts,"[""cet4-w-019190bbb895b743c5f5""]",in_selected_syllabus,与当前考纲词形或已登记拼写变体相符。,"vt. 刺激, 激励, 鼓舞
vi. 起刺激作用",d:stimulated/3:stimulates/p:stimulated/i:stimulating,ecdict-bc015ed2e24a
sting,cet4 cet6 ky toefl ielts gre,"[""cet4-w-790ad7ae077c9d032874""]",in_selected_syllabus,与当前考纲词形或已登记拼写变体相符。,"n. 叮, 刺痛, 刺激, 讽刺
vt. 叮, 刺痛, 刺激, 使苦恼
vi. 叮, 刺痛",d:stung/p:stung/s:stings/3:stings/i:stinging,ecdict-bc015ed2e24a
stir,cet4 cet6 ky toefl gre,"[""cet4-w-7ee0a9cf87147e3cffe4""]",in_selected_syllabus,与当前考纲词形或已登记拼写变体相符。,"n. 骚动, 轰动, 搅动, 监狱
vt. 移动, 摇动, 激起, 惹起, 搅拌
vi. 走动, 传播, 搅拌",p:stirred/i:stirring/d:stirred/3:stirs,ecdict-bc015ed2e24a
stitch,cet4 cet6 ky toefl ielts gre,[],outside_selected_syllabus,ECDICT 标签仅作候选；所选考纲四级范围无对应词形，不自动加入。,"n. 一针, 疼痛, 针法, 碎布条, 针脚
v. 缝, 缝合, 装订",s:stitches/d:stitched/i:stitching/p:stitched/3:stitches,ecdict-bc015ed2e24a
stock,cet4 cet6 ky toefl ielts gre,"[""cet4-w-e2f27bad623e3e7082ba""]",in_selected_syllabus,与当前考纲词形或已登记拼写变体相符。,"n. 树干, 祖先, 血统, 原料, 备料, 库存, 牲畜, 股票, 股份, 保留剧目
a. 存货的, 常备的, 平凡的, 普通的, 股票的, 保留剧目的, 繁殖用的
vt. 装把手于, 进货, 备有, 放牧
vi. 出新芽, 备货, 囤积",s:stocks/d:stocked/i:stocking/p:stocked/3:stocks,ecdict-bc015ed2e24a
stocking,gk cet4 cet6 ky,"[""cet4-w-d99924a7fc8f817edf74""]",in_selected_syllabus,与当前考纲词形或已登记拼写变体相符。,"n. 长袜
[医] 马足水肿; 长袜",0:stock/1:i/s:stockings/i:stocking,ecdict-bc015ed2e24a
stomach,zk gk cet4 cet6 ky toefl ielts gre,"[""cet4-w-9db29e753909fd535fc5""]",in_selected_syllabus,与当前考纲词形或已登记拼写变体相符。,"n. 胃, 食欲, 欲望, 肚子
vt. 吃下, 忍受",s:stomachs/i:stomaching/p:stomached/3:stomaches/d:stomached,ecdict-bc015ed2e24a
stone,zk gk cet4 cet6 ky ielts,"[""cet4-w-85718ee2616486ee7e8d""]",in_selected_syllabus,与当前考纲词形或已登记拼写变体相符。,"n. 石头, 宝石, 果核, 纪念碑, 结石
vt. 投扔石子, 铺石头
a. 石的, 石制的, 完全的",s:stones/d:stoned/p:stoned/i:stoning/3:stones,ecdict-bc015ed2e24a
stony,cet4 cet6 toefl,"[""cet4-w-13d243bc6968d285f812""]",in_selected_syllabus,与当前考纲词形或已登记拼写变体相符。,"a. 多石的, 无情的",r:stonier,ecdict-bc015ed2e24a
stool,cet4 cet6 ky,"[""cet4-w-3598f6f7b382842c383b""]",in_selected_syllabus,与当前考纲词形或已登记拼写变体相符。,"n. 凳子, 大便, 粪便, 厕所
vi. 长新枝
vt. 引诱, 诱捕",s:stools/i:stooling/p:stooled/3:stools/d:stooled,ecdict-bc015ed2e24a
stoop,cet4 cet6 ky ielts gre,[],outside_selected_syllabus,ECDICT 标签仅作候选；所选考纲四级范围无对应词形，不自动加入。,"n. 佝偻, 屈从, 弯腰
vi. 弯下, 屈从, 弯腰, 堕落
vt. 使屈从, 使弯曲",p:stooped/i:stooping/3:stoops/d:stooped/s:stoops,ecdict-bc015ed2e24a
storage,gk cet4 cet6 ky toefl ielts,"[""cet4-w-19e4dfb0ba1af383bf1e""]",in_selected_syllabus,与当前考纲词形或已登记拼写变体相符。,"n. 存储器, 储藏, 保管, 库存, 仓库
[计] 存放处; 存储",s:storages,ecdict-bc015ed2e24a
storey,cet4 cet6 ky ielts,"[""cet4-w-7a9e0221e1ae687d2519""]",in_selected_syllabus,与当前考纲词形或已登记拼写变体相符。,"n. 楼, 楼层, 层楼",s:storeys/p:storeyed,ecdict-bc015ed2e24a
storm,zk gk cet4 cet6 ky toefl,"[""cet4-w-267a640334051897b0e5""]",in_selected_syllabus,与当前考纲词形或已登记拼写变体相符。,"n. 暴风雨, 骚动, 风波, 风暴, 猛攻
vi. 起风, 猛冲, 怒吼
vt. 猛攻",s:storms/p:stormed/i:storming/d:stormed/3:storms,ecdict-bc015ed2e24a
stormy,cet4 cet6,"[""cet4-w-68c87a73d509f3b4fa46""]",in_selected_syllabus,与当前考纲词形或已登记拼写变体相符。,"a. 暴风雨的, 粗暴的, 激烈的",t:stormiest/r:stormier,ecdict-bc015ed2e24a
stove,gk cet4 cet6 ky toefl,"[""cet4-w-3c3a3a74c6254e3d99aa""]",in_selected_syllabus,与当前考纲词形或已登记拼写变体相符。,"n. 火炉, 窑
vt. 用火炉烤
stave的过去式和过去分词",s:stoves/d:stoved/p:stoved/0:stove/1:p,ecdict-bc015ed2e24a
strain,cet4 cet6 ky toefl ielts,"[""cet4-w-39c2189647ce6f3536a9""]",in_selected_syllabus,与当前考纲词形或已登记拼写变体相符。,"n. 紧张, 拉紧, 张力, 过劳, 扭伤, 血缘, 种, 族, 气质, 曲调, 旋律, 口吻
vt. 使劳累, 拉紧, 过分使用, 扭伤, 滥用, 曲解, 滤
vi. 尽力, 努力, 紧拉, 弯曲, 被滤出",s:strains/i:straining/d:strained/p:strained/3:strains,ecdict-bc015ed2e24a
stranger,zk gk cet4 cet6 ky,"[""cet4-w-7f00452678ca71c44ec1""]",in_selected_syllabus,与当前考纲词形或已登记拼写变体相符。,"n. 陌生人, 门外汉
[法] 局外人, 非当事人, 第三者",0:strange/1:r/s:strangers,ecdict-bc015ed2e24a
strap,cet4 cet6 ky toefl ielts,"[""cet4-w-0efc179cd3ca5981ed8a""]",in_selected_syllabus,与当前考纲词形或已登记拼写变体相符。,"n. 带, 皮带
vt. (用皮带)捆扎",s:straps/d:strapped/p:strapped/i:strapping/3:straps,ecdict-bc015ed2e24a
strategic,cet4 cet6 ielts,"[""cet4-w-8e46e5b92a89a720b060""]",in_selected_syllabus,与当前考纲词形或已登记拼写变体相符。,"a. 战略的, 战略上的
[经] 战略的",,ecdict-bc015ed2e24a
strategy,cet4 cet6 ky toefl ielts,"[""cet4-w-b9a76f24e3f0fea802f9""]",in_selected_syllabus,与当前考纲词形或已登记拼写变体相符。,"n. 战略, 策略
[经] 战略, 策略",s:strategies,ecdict-bc015ed2e24a
straw,gk cet4 cet6 ky,"[""cet4-w-6afd8d958a3c7f26341d""]",in_selected_syllabus,与当前考纲词形或已登记拼写变体相符。,"n. 稻草, 麦管, 吸管, 一文不值的东西, 草帽
a. 稻草的, 稻草色的, 琐碎的, 无价值的",s:straws/i:strawing/p:strawed/3:straws/d:strawed,ecdict-bc015ed2e24a
strawberry,zk gk cet4 cet6 ky,[],outside_selected_syllabus,ECDICT 标签仅作候选；所选考纲四级范围无对应词形，不自动加入。,n. 草莓,s:strawberries,ecdict-bc015ed2e24a
stream,zk gk cet4 cet6 ky gre,"[""cet4-w-70b96ac2e8af090a7189""]",in_selected_syllabus,与当前考纲词形或已登记拼写变体相符。,"n. 水流, 小河, 流出, 趋势, 人潮
vt. 流出, 流动, 展开
vi. 流, 涌, 飘扬
[计] 流",s:streams/i:streaming/p:streamed/d:streamed/3:streams,ecdict-bc015ed2e24a
strength,gk cet4 cet6 ky toefl ielts,"[""cet4-w-462af4c808870f4a2020""]",in_selected_syllabus,与当前考纲词形或已登记拼写变体相符。,"n. 力量, 实力, 强度, 浓度, 人数, 抵抗力
[化] 强度",s:strengths,ecdict-bc015ed2e24a
strengthen,gk cet4 cet6 ky toefl ielts,"[""cet4-w-02d317385d89fef11bef""]",in_selected_syllabus,与当前考纲词形或已登记拼写变体相符。,"vt. 加强, 变坚固
vi. 变强, 股票上涨",d:strengthened/i:strengthening/p:strengthened/3:strengthens,ecdict-bc015ed2e24a
stress,gk cet4 cet6 ky toefl ielts,"[""cet4-w-4ad4ab9ebe9e8a1a09cf""]",in_selected_syllabus,与当前考纲词形或已登记拼写变体相符。,"n. 压力, 紧迫, 强调, 重音, 重点, 应力
vt. 加压力于, 着重, 重读",p:stressed/d:stressed/3:stresses/i:stressing/s:stresses,ecdict-bc015ed2e24a
stretch,cet4 cet6 ky toefl ielts gre,"[""cet4-w-0f373de4c230365a332d""]",in_selected_syllabus,与当前考纲词形或已登记拼写变体相符。,"n. 伸展, 张开, 连绵, 一段路, 一段时间
a. 可伸缩的, 弹性的
vt. 伸展, 张开, 曲解, 使过度伸展
vi. 伸展, 延伸
[计] 伸展",p:stretched/i:stretching/d:stretched/s:stretches/3:stretches,ecdict-bc015ed2e24a
strict,zk gk cet4 cet6 ky toefl,"[""cet4-w-d7653e8710e270c016b4""]",in_selected_syllabus,与当前考纲词形或已登记拼写变体相符。,"a. 严厉的, 绝对的, 详尽的, 严格的, 精确的
[法] 严格的, 精确的, 绝对的",r:stricter/t:strictest,ecdict-bc015ed2e24a
strictly,cet4 cet6,[],outside_selected_syllabus,ECDICT 标签仅作候选；所选考纲四级范围无对应词形，不自动加入。,"adv. 严格地, 确实地",,ecdict-bc015ed2e24a
strike,gk cet4 cet6 ky toefl ielts,"[""cet4-w-d0534b77f408274aec75""]",in_selected_syllabus,与当前考纲词形或已登记拼写变体相符。,"n. 罢工, 打击, 殴打
vt. 打, 撞击, 冲击, 侵袭, 取消, 结算, 打掉, 罢工, 刺透, 使生根, 遇见
vi. 打, 打击, 抓, 罢工, 搏动, 触礁, 敲, 响, 穿透, 打动",p:struck/d:struck/s:strikes/3:strikes/i:striking,ecdict-bc015ed2e24a
string,gk cet4 cet6 ky toefl ielts,"[""cet4-w-d6703d2befd1bba4483b""]",in_selected_syllabus,与当前考纲词形或已登记拼写变体相符。,"n. 线, 细绳, 一串, 字符串
vt. 串起, 成串, 收紧, 缚, 扎
vi. 成一串
[计] 字符串, 串",s:strings/d:strung/i:stringing/3:strings/p:strung,ecdict-bc015ed2e24a
strip,cet4 cet6 ky toefl ielts gre,"[""cet4-w-3f964322814de2891be6""]",in_selected_syllabus,与当前考纲词形或已登记拼写变体相符。,"n. 长条, 条状, 带, 脱衣舞
vt. 脱衣, 被剥去, 剥夺, 拆卸
vi. 脱衣服",s:strips/d:stripped/i:stripping/p:stripped/3:strips,ecdict-bc015ed2e24a
stripe,cet4 cet6 ky toefl ielts,"[""cet4-w-6369d21c634f26ad09f2""]",in_selected_syllabus,与当前考纲词形或已登记拼写变体相符。,"n. 斑纹, 条纹
[医] 纹, 条纹",s:stripes/d:striped/i:striping/p:striped/3:stripes,ecdict-bc015ed2e24a
stroke,cet4 cet6 ky toefl ielts gre,"[""cet4-w-5e60f10f9b58f950c43f""]",in_selected_syllabus,与当前考纲词形或已登记拼写变体相符。,"n. 笔划, 打, 中风, 抚, 摩, 冲程
vt. 划尾桨, 抚, 摩, 划去
[计] 笔划",s:strokes/p:stroked/i:stroking/3:strokes/d:stroked,ecdict-bc015ed2e24a
strongly,cet4 cet6,[],outside_selected_syllabus,ECDICT 标签仅作候选；所选考纲四级范围无对应词形，不自动加入。,"adv. 强有力地, 坚强地, 激烈地",,ecdict-bc015ed2e24a
structural,cet4 cet6 toefl ielts,"[""cet4-w-4da1d16ede60d3a18f37""]",in_selected_syllabus,与当前考纲词形或已登记拼写变体相符。,"a. 结构的, 建筑的
[医] 结构的",,ecdict-bc015ed2e24a
structure,cet4 cet6 ky,"[""cet4-w-f1372dd4d25a772af397""]",in_selected_syllabus,与当前考纲词形或已登记拼写变体相符。,"n. 结构, 构造, 建筑物
vt. 构成, 组织",s:structures/d:structured/i:structuring/3:structures/p:structured,ecdict-bc015ed2e24a
struggle,gk cet4 cet6 ky toefl,"[""cet4-w-ce5669c1454104f50578""]",in_selected_syllabus,与当前考纲词形或已登记拼写变体相符。,"n. 斗争, 努力, 奋斗
vi. 努力, 奋斗, 挣扎",i:struggling/p:struggled/s:struggles/d:struggled/3:struggles,ecdict-bc015ed2e24a
stuff,cet4 cet6 ky ielts,"[""cet4-w-99ebfb6a940e5789b8d6""]",in_selected_syllabus,与当前考纲词形或已登记拼写变体相符。,"n. 原料, 要素, 东西, 材料, 素质, 织品, 废物, 废话
vt. 装填
vi. 狼吞虎咽",d:stuffed/p:stuffed/i:stuffing/s:stuffs/3:stuffs,ecdict-bc015ed2e24a
stumble,cet4 cet6 ky toefl ielts,[],outside_selected_syllabus,ECDICT 标签仅作候选；所选考纲四级范围无对应词形，不自动加入。,"n. 绊倒, 蹒跚而行, 失足
vt. 使绊倒, 使困惑
vi. 绊倒, 失足, 失策, 犯错, 蹒跚, 踌躇",p:stumbled/i:stumbling/d:stumbled/3:stumbles/s:stumbles,ecdict-bc015ed2e24a
stupid,zk gk cet4 cet6 ky,"[""cet4-w-3c896ea03387e01dbde0""]",in_selected_syllabus,与当前考纲词形或已登记拼写变体相符。,"a. 愚蠢的, 麻木的",,ecdict-bc015ed2e24a
style,gk cet4 cet6 ky ielts,"[""cet4-w-04360b00a901d778f400""]",in_selected_syllabus,与当前考纲词形或已登记拼写变体相符。,"n. 风格, 时尚, 文体, 风度, 字体, 类型
vt. 称呼, (根据新款式)设计, 使合潮流
n. 风格, 样式
[计] 风格, 样式",s:styles/d:styled/p:styled/i:styling/3:styles,ecdict-bc015ed2e24a
submarine,cet4 cet6 ky toefl ielts,[],outside_selected_syllabus,ECDICT 标签仅作候选；所选考纲四级范围无对应词形，不自动加入。,"n. 潜水艇, 海底生物
a. 海中的, 生长在海中的
vt. 用潜水艇攻击
vi. 在下疾行, 在下滑动",s:submarines/i:submarining/p:submarined/3:submarines/d:submarined,ecdict-bc015ed2e24a
submerge,cet4 cet6 ky toefl ielts,[],outside_selected_syllabus,ECDICT 标签仅作候选；所选考纲四级范围无对应词形，不自动加入。,"vt. 使浸水, 使陷入, 淹没
vi. 潜入水中",d:submerged/i:submerging/p:submerged/3:submerges/s:submerges,ecdict-bc015ed2e24a
submit,gk cet4 cet6 ky toefl ielts gre,"[""cet4-w-d585bfec1893de94a441""]",in_selected_syllabus,与当前考纲词形或已登记拼写变体相符。,"vt. 使服从, 使受到, 委托, 提交, 认为
vi. 屈服, 服从",d:submitted/p:submitted/i:submitting/3:submits,ecdict-bc015ed2e24a
subsequent,cet4 cet6 ky toefl ielts gre,"[""cet4-w-d97a58020cfd918c7518""]",in_selected_syllabus,与当前考纲词形或已登记拼写变体相符。,"a. 后来的, 接下去的
[经] 后来的",,ecdict-bc015ed2e24a
subsidy,cet4 cet6 ky toefl ielts gre,[],outside_selected_syllabus,ECDICT 标签仅作候选；所选考纲四级范围无对应词形，不自动加入。,"n. 补助金, 津贴
[经] 补助金, 津贴, 补贴",s:subsidies,ecdict-bc015ed2e24a
substance,cet4 cet6 ky gre,"[""cet4-w-0c9efe34647089079b28""]",in_selected_syllabus,与当前考纲词形或已登记拼写变体相符。,"n. 物质, 实质, 主旨, 资产, 本质, 牢固
[化] 物质",s:substances,ecdict-bc015ed2e24a
substantial,cet4 cet6 ky toefl ielts gre,"[""cet4-w-27e71db9fb7b57b1e084""]",in_selected_syllabus,与当前考纲词形或已登记拼写变体相符。,"n. 重要材料(或事物), 有实际价值的东西
a. 实质上的, 物质的, 有内容的, 结实的",,ecdict-bc015ed2e24a
substitute,gk cet4 cet6 ky toefl ielts gre,"[""cet4-w-389b64838b481a58c87c""]",in_selected_syllabus,与当前考纲词形或已登记拼写变体相符。,"n. 代理, 代理人, 代用品, 代替者, 代替物
vt. 代替
vi. 替代, 取代, 代用
a. 代替的, 代用的, 代用品的
[计] 置换; 替代",s:substitutes/d:substituted/i:substituting/p:substituted/3:substitutes,ecdict-bc015ed2e24a
subtract,cet4 cet6 ky toefl ielts gre,"[""cet4-w-ba43e4a463aefadf0b8d""]",in_selected_syllabus,与当前考纲词形或已登记拼写变体相符。,"vt. 减去, 扣掉, 减少
vi. 做减法
[计] 减",i:subtracting/d:subtracted/p:subtracted/3:subtracts,ecdict-bc015ed2e24a
suburb,cet4 cet6 ky toefl ielts,"[""cet4-w-ece0129a9b17e71f79cb""]",in_selected_syllabus,与当前考纲词形或已登记拼写变体相符。,"n. 市郊住宅区, 郊区, 边缘",s:suburbs,ecdict-bc015ed2e24a
subway,cet4 cet6 ky toefl,"[""cet4-w-044bba3c3a73aa315f1f""]",in_selected_syllabus,与当前考纲词形或已登记拼写变体相符。,"n. 地铁, 地道
vi. 乘地铁",s:subways,ecdict-bc015ed2e24a
succeed,zk gk cet4 cet6 ky toefl,"[""cet4-w-9989e9bee6bfe54b8662""]",in_selected_syllabus,与当前考纲词形或已登记拼写变体相符。,"vi. 成功, 继承, 继续
vt. 继承, 接替",d:succeeded/p:succeeded/3:succeeds/i:succeeding,ecdict-bc015ed2e24a
success,zk gk cet4 cet6 ky,"[""cet4-w-1c0c9b38e8c66e6ad49a""]",in_selected_syllabus,与当前考纲词形或已登记拼写变体相符。,"n. 成功, 成就, 胜利",s:successes,ecdict-bc015ed2e24a
successful,zk gk cet4 cet6 ky toefl ielts,"[""cet4-w-79f3be233a88ce6fcd4e""]",in_selected_syllabus,与当前考纲词形或已登记拼写变体相符。,"a. 成功的, 一帆风顺的, 顺利的
[经] 成功的",,ecdict-bc015ed2e24a
successfully,cet4 cet6,[],outside_selected_syllabus,ECDICT 标签仅作候选；所选考纲四级范围无对应词形，不自动加入。,"adv. 成功, 结果良好, 有成就",,ecdict-bc015ed2e24a
succession,cet4 cet6 ky ielts,"[""cet4-w-d6edb0e9f46dc6ec95bd""]",in_selected_syllabus,与当前考纲词形或已登记拼写变体相符。,"n. 连续, 继承权, 继位, 演替, 地层次序
[法] 继承, 继承权, 继位",s:successions,ecdict-bc015ed2e24a
successive,cet4 cet6 ky toefl,"[""cet4-w-daaa334bcaa7d3a9af9e""]",in_selected_syllabus,与当前考纲词形或已登记拼写变体相符。,"a. 继承的, 连续的
[经] 接续承运人; 连续的",,ecdict-bc015ed2e24a
suck,gk cet4 cet6 ky ielts,"[""cet4-w-2f7656d92eefae8fe4a2""]",in_selected_syllabus,与当前考纲词形或已登记拼写变体相符。,"vt. 吸, 吮, 吸入, 吮吸, 吸收
vi. 吸, 吸奶
n. 吸, 吸入, 吮吸",i:sucking/d:sucked/p:sucked/3:sucks/s:sucks,ecdict-bc015ed2e24a
sudden,zk gk cet4 cet6 ky,"[""cet4-w-cac79b84445cddb53b7a""]",in_selected_syllabus,与当前考纲词形或已登记拼写变体相符。,"n. 突然, 忽然
a. 突然的, 意外的, 快速的",,ecdict-bc015ed2e24a
suddenly,cet4 cet6,"[""cet4-w-f60137c8e70ebd4eaad5""]",in_selected_syllabus,与当前考纲词形或已登记拼写变体相符。,"adv. 突然, 意外, 忽然, 迅速, 即席作成, 即刻, 急速",,ecdict-bc015ed2e24a
suffer,gk cet4 cet6 ky toefl,"[""cet4-w-51fa19572e07dbcd7a9e""]",in_selected_syllabus,与当前考纲词形或已登记拼写变体相符。,"vt. 遭受, 经历, 忍受
vi. 受痛苦, 受损害",d:suffered/p:suffered/i:suffering/3:suffers,ecdict-bc015ed2e24a
sufficient,cet4 cet6 ky toefl ielts gre,"[""cet4-w-6f228dd5ab3fbaf8b0ee""]",in_selected_syllabus,与当前考纲词形或已登记拼写变体相符。,"a. 充分的, 足够的
[法] 充分的, 足够的",,ecdict-bc015ed2e24a
sufficiently,cet4 cet6,[],outside_selected_syllabus,ECDICT 标签仅作候选；所选考纲四级范围无对应词形，不自动加入。,"adv. 足够, 充分",,ecdict-bc015ed2e24a
suit,gk cet4 cet6 ky toefl ielts,"[""cet4-w-01a067e222ec7def98c7""]",in_selected_syllabus,与当前考纲词形或已登记拼写变体相符。,"n. 套装, 诉讼, 请求, 起诉, 套, 组
vt. 适合, 使适应
vi. 合适, 相称",d:suited/3:suits/s:suits/p:suited/i:suiting,ecdict-bc015ed2e24a
suitable,gk cet4 cet6 ky toefl ielts,"[""cet4-w-b2c8461426f00c6dd4a0""]",in_selected_syllabus,与当前考纲词形或已登记拼写变体相符。,"a. 适当的, 相配的
[法] 合适的, 适宜的, 适当的",,ecdict-bc015ed2e24a
sulphur,cet4 cet6 ielts,[],outside_selected_syllabus,ECDICT 标签仅作候选；所选考纲四级范围无对应词形，不自动加入。,"n. 硫, 硫磺
[化] 硫",,ecdict-bc015ed2e24a
sum,cet4 cet6 ky toefl,"[""cet4-w-34b54b41c4b987834030""]",in_selected_syllabus,与当前考纲词形或已登记拼写变体相符。,"n. 总数, 总和, 金额, 概要, 顶点
vt. 总计, 概括
vi. 合计
[计] 系统实用程序和维护",s:sums/3:sums/d:summed/p:summed/i:summing,ecdict-bc015ed2e24a
summarize,cet4 cet6 ky,"[""cet4-w-532339f4d8aea058a389""]",in_selected_syllabus,与当前考纲词形或已登记拼写变体相符。,"v. 概述, 总结",d:summarized/3:summarizes/i:summarizing/p:summarized,ecdict-bc015ed2e24a
summary,gk cet4 cet6 ky ielts gre,"[""cet4-w-04cc06094c61f4bead81""]",in_selected_syllabus,与当前考纲词形或已登记拼写变体相符。,"n. 摘要, 概要
a. 摘要的, 简略的
[计] 摘要; 概要",s:summaries,ecdict-bc015ed2e24a
summit,cet4 cet6 ky toefl ielts,"[""cet4-w-1e00f1ffa1a34b31e3a4""]",in_selected_syllabus,与当前考纲词形或已登记拼写变体相符。,"n. 顶点, 最高阶层, 最高级会议
a. 政府首脑的, 最高级的",s:summits,ecdict-bc015ed2e24a
sunlight,gk cet4 cet6 toefl ielts,"[""cet4-w-9441aeb406c87de27328""]",in_selected_syllabus,与当前考纲词形或已登记拼写变体相符。,"n. 日光
[医] 日光, 太阳光",,ecdict-bc015ed2e24a
sunrise,gk cet4 cet6 ky toefl,"[""cet4-w-8ade9d30544a730a0560""]",in_selected_syllabus,与当前考纲词形或已登记拼写变体相符。,"n. 日出, 黎明, 拂晓",s:sunrises,ecdict-bc015ed2e24a
sunset,gk cet4 cet6 ky toefl,"[""cet4-w-cc465c696ef03cf872db""]",in_selected_syllabus,与当前考纲词形或已登记拼写变体相符。,"n. 日落, 晚年",s:sunsets,ecdict-bc015ed2e24a
sunshine,gk cet4 cet6 ky toefl,"[""cet4-w-7dfd3edf16582205c64c""]",in_selected_syllabus,与当前考纲词形或已登记拼写变体相符。,"n. 阳光, 光明, 晴天",,ecdict-bc015ed2e24a
super,gk cet4 cet6 ky,"[""cet4-w-d5bc7d9c1aa03708e261""]",in_selected_syllabus,与当前考纲词形或已登记拼写变体相符。,"n. 跑龙套角色, 冗员, 特级品, 特大号, 管理人
a. 上等的, 特大的, 超级的, 极好的, 十分的, 过分的
adv. 非常",s:supers,ecdict-bc015ed2e24a
superficial,cet4 cet6 ky toefl ielts gre,"[""cet4-w-146e687e6ba051d2cde3""]",in_selected_syllabus,与当前考纲词形或已登记拼写变体相符。,"n. 表面, 外表
a. 表面的, 肤浅的, 面积的",,ecdict-bc015ed2e24a
superior,gk cet4 cet6 ky toefl ielts,"[""cet4-w-a4a896ed908618a32edd""]",in_selected_syllabus,与当前考纲词形或已登记拼写变体相符。,"n. 长者, 占优势的人, 上级
a. 上级的, 出众的, 高傲的",s:superiors,ecdict-bc015ed2e24a
supplement,cet4 cet6 ky toefl gre,"[""cet4-w-d6370dde1fbea347fb00""]",in_selected_syllabus,与当前考纲词形或已登记拼写变体相符。,"n. 补充物, 增刊, 补充, 补遗, 补编, 附录, 补角
vt. 补充, 增补",s:supplements/d:supplemented/i:supplementing/p:supplemented/3:supplements,ecdict-bc015ed2e24a
supply,zk gk cet4 cet6 ky ielts,"[""cet4-w-370190b561098d12cc1c""]",in_selected_syllabus,与当前考纲词形或已登记拼写变体相符。,"n. 补给, 供给, 供应品
vt. 补给, 供给, 提供, 补充
vi. 替代",d:supplied/s:supplies/i:supplying/p:supplied/3:supplies,ecdict-bc015ed2e24a
support,gk cet4 cet6 ky ielts,"[""cet4-w-385010cccc39746e3da1""]",in_selected_syllabus,与当前考纲词形或已登记拼写变体相符。,"n. 支持, 支撑, 援助, 供养, 支撑物
vt. 支援, 支撑, 帮助, 支持, 忍受, 供养, 证实
[计] 后援; 支持",d:supported/i:supporting/3:supports/p:supported/s:supports,ecdict-bc015ed2e24a
suppose,zk gk cet4 cet6 ky toefl,"[""cet4-w-34561055ab36d9d6f66b""]",in_selected_syllabus,与当前考纲词形或已登记拼写变体相符。,"vt. 推想, 假设, 以为, 想像, 假定
vi. 料想",p:supposed/d:supposed/i:supposing/3:supposes,ecdict-bc015ed2e24a
supreme,gk cet4 cet6 ky toefl ielts gre,"[""cet4-w-8160c489b583fa3dd309""]",in_selected_syllabus,与当前考纲词形或已登记拼写变体相符。,"n. 至高, 霸权
a. 至高的, 终极的, 极端的, 最大的",,ecdict-bc015ed2e24a
surely,cet4 cet6,[],outside_selected_syllabus,ECDICT 标签仅作候选；所选考纲四级范围无对应词形，不自动加入。,"adv. 的确地, 安全地
[经] 保证, 保证人, 保证金",,ecdict-bc015ed2e24a
surgeon,gk cet4 cet6 ky toefl ielts gre,"[""cet4-w-6bb8f168b1210e9338f7""]",in_selected_syllabus,与当前考纲词形或已登记拼写变体相符。,"n. 外科医生, 军医, 船医
[医] 外科医师",s:surgeons,ecdict-bc015ed2e24a
surgery,cet4 cet6 ky toefl ielts,"[""cet4-w-c26cf487bd01b2cb767c""]",in_selected_syllabus,与当前考纲词形或已登记拼写变体相符。,"n. 外科, 手术, 手术室, 换球术",s:surgeries,ecdict-bc015ed2e24a
surname,cet4 cet6 ky ielts,"[""cet4-w-acabe367ab82a5bb5f43""]",in_selected_syllabus,与当前考纲词形或已登记拼写变体相符。,"n. 姓, 别号, 绰号
vt. 呼以姓氏, 起绰号",s:surnames/p:surnamed,ecdict-bc015ed2e24a
surplus,gk cet4 cet6 ky toefl ielts gre,"[""cet4-w-5997ac0b17114be06fa5""]",in_selected_syllabus,与当前考纲词形或已登记拼写变体相符。,"n. 剩余, 过剩, 盈余
a. 过剩的, 剩余的",,ecdict-bc015ed2e24a
surprising,cet4 cet6,[],outside_selected_syllabus,ECDICT 标签仅作候选；所选考纲四级范围无对应词形，不自动加入。,a. 令人惊讶的,0:surprise/1:i/i:surprising,ecdict-bc015ed2e24a
surprisingly,cet4 cet6,[],outside_selected_syllabus,ECDICT 标签仅作候选；所选考纲四级范围无对应词形，不自动加入。,"adv. 使人惊奇, 出人意外, 惊人, 令人惊讶",,ecdict-bc015ed2e24a
surrender,cet4 cet6 ky toefl ielts gre,"[""cet4-w-8d83c84d5021167e1657""]",in_selected_syllabus,与当前考纲词形或已登记拼写变体相符。,"vt. 交出, 放弃, 使投降, 让与
vi. 投降, 自首
n. 交出, 放弃, 投降",d:surrendered/p:surrendered/i:surrendering/3:surrenders/s:surrenders,ecdict-bc015ed2e24a
surround,gk cet4 cet6 ky,"[""cet4-w-30f6f42861f895165f40""]",in_selected_syllabus,与当前考纲词形或已登记拼写变体相符。,"vt. 包围, 环绕, 围绕
n. 围绕物",d:surrounded/i:surrounding/p:surrounded/3:surrounds/s:surrounds,ecdict-bc015ed2e24a
surroundings,cet4 cet6 ky ielts,"[""cet4-w-edd825fca418a0377fdf""]",in_selected_syllabus,与当前考纲词形或已登记拼写变体相符。,"n. 环境, 周围的事物
[化] 环境",s:surroundings/0:surroundings/1:s,ecdict-bc015ed2e24a
survey,cet4 cet6 ky toefl ielts,"[""cet4-w-8868cef6b9f574e7a3f5""]",in_selected_syllabus,与当前考纲词形或已登记拼写变体相符。,"n. 纵览, 视察, 测量, 俯瞰, 调查
vt. 审视, 视察, 俯瞰, 通盘考虑
vi. 测量土地",s:surveys/i:surveying/p:surveyed/d:surveyed/3:surveys,ecdict-bc015ed2e24a
survival,gk cet4 cet6 ky toefl ielts,"[""cet4-w-abb9ce76d416cabedccb""]",in_selected_syllabus,与当前考纲词形或已登记拼写变体相符。,"n. 生存, 残存, 幸存者
a. 赖以生存的",s:survivals,ecdict-bc015ed2e24a
survive,gk cet4 cet6 ky toefl gre,"[""cet4-w-80246cfe046db00eef40""]",in_selected_syllabus,与当前考纲词形或已登记拼写变体相符。,"vt. 比...活得长, 生存, 生还, 幸免于
vi. 活下来, 幸存",p:survived/d:survived/3:survives/i:surviving,ecdict-bc015ed2e24a
suspect,gk cet4 cet6 ky toefl ielts gre,"[""cet4-w-b0a93a682f807478531a""]",in_selected_syllabus,与当前考纲词形或已登记拼写变体相符。,"n. 被怀疑者, 嫌疑犯
a. 令人怀疑的, 不可信的, 可疑的
v. 怀疑, 猜想",p:suspected/d:suspected/s:suspects/3:suspects/i:suspecting,ecdict-bc015ed2e24a
suspend,cet4 cet6 ky toefl ielts gre,"[""cet4-w-ce3f52d1c2534ccd0f69""]",in_selected_syllabus,与当前考纲词形或已登记拼写变体相符。,"vt. 悬, 吊, 使悬浮, 暂停, 中止, 推迟
vi. 暂停, 中止, 悬浮, 停止偿付债务
[计] 暂停",d:suspended/p:suspended/i:suspending/3:suspends,ecdict-bc015ed2e24a
suspicion,cet4 cet6 ky toefl gre,"[""cet4-w-4ba3c39e9d369fb6a4fc""]",in_selected_syllabus,与当前考纲词形或已登记拼写变体相符。,"n. 怀疑, 觉察, 嫌疑
[法] 怀疑, 疑心, 嫌疑",s:suspicions,ecdict-bc015ed2e24a
suspicious,cet4 cet6 ky toefl ielts gre,"[""cet4-w-b5458a2c9cefafccfe88""]",in_selected_syllabus,与当前考纲词形或已登记拼写变体相符。,"a. 可疑的, 多疑的, 怀疑的
[法] 怀疑的, 令人怀疑的, 可疑的",,ecdict-bc015ed2e24a
sustain,cet4 cet6 ky toefl ielts gre,"[""cet4-w-58ab246cabc558c09046""]",in_selected_syllabus,与当前考纲词形或已登记拼写变体相符。,"vt. 承受, 支持, 供养, 继续, 忍受, 蒙受, 证实, 准许
[电] 持续",d:sustained/i:sustaining/p:sustained/3:sustains,ecdict-bc015ed2e24a
swallow,gk cet4 cet6 ky toefl ielts gre,"[""cet4-w-764f99792eb6a3af2f21""]",in_selected_syllabus,与当前考纲词形或已登记拼写变体相符。,"n. 燕子, 吞咽, 喉
vt. 咽, 淹没, 吞没, 耗尽, 轻信, 忍受, 抑制
vi. 吞下, 咽下",p:swallowed/d:swallowed/i:swallowing/s:swallows/3:swallows,ecdict-bc015ed2e24a
swamp,cet4 cet6 ky toefl ielts gre,[],outside_selected_syllabus,ECDICT 标签仅作候选；所选考纲四级范围无对应词形，不自动加入。,"n. 沼泽, 进退两难的困境
vt. 淹没, 击溃, 清除, 使陷于沼泽
vi. 陷于沼泽, 淹没",d:swamped/s:swamps/p:swamped/i:swamping/3:swamps,ecdict-bc015ed2e24a
swan,cet4 cet6 ky,[],outside_selected_syllabus,ECDICT 标签仅作候选；所选考纲四级范围无对应词形，不自动加入。,"n. 天鹅, 天鹅星座, 有才华的诗人
vi. 闲荡, 蜿蜒而行",s:swans/i:swanning/p:swanned/3:swans/d:swanned,ecdict-bc015ed2e24a
swarm,cet4 cet6 ky toefl ielts gre,[],outside_selected_syllabus,ECDICT 标签仅作候选；所选考纲四级范围无对应词形，不自动加入。,"n. 群, 大群, 蜂群, 分蜂群
vi. 分群, 群集, 聚集一块, 云集, 攀
vt. 挤满, 爬, 攀",p:swarmed/i:swarming/s:swarms/d:swarmed/3:swarms,ecdict-bc015ed2e24a
sway,cet4 cet6 ky toefl ielts gre,"[""cet4-w-4ffb99003ee69486a5a2""]",in_selected_syllabus,与当前考纲词形或已登记拼写变体相符。,"n. 摇摆, 影响力, 支配
vt. 摇动, 支配, 弄歪, 使倾斜, 使动摇, 影响
vi. 摇动, 摇摆, 倾斜, 动摇, 统治, 转向",i:swaying/p:swayed/d:swayed/s:sways/3:sways,ecdict-bc015ed2e24a
swear,gk cet4 cet6 ky ielts gre,"[""cet4-w-044f74b9bf26936f030a""]",in_selected_syllabus,与当前考纲词形或已登记拼写变体相符。,"vt. 发誓, 咒骂, 使宣誓
vi. 发誓, 诅咒
n. 诅咒, 誓言",d:sworn/p:swore/i:swearing/3:swears,ecdict-bc015ed2e24a
sweat,gk cet4 cet6 ky toefl,"[""cet4-w-1a822aa1fbca6d69fbb0""]",in_selected_syllabus,与当前考纲词形或已登记拼写变体相符。,"n. 汗, 汗水, 水珠, 焦急
vi. 出汗, 渗出, 冒出水气, 结水珠, 烦恼, 懊恼
vt. 使出汗, 流出, 榨出, 使汗流浃背",i:sweating/p:sweated/s:sweats/d:sweated/3:sweats,ecdict-bc015ed2e24a
sweater,zk gk cet4 cet6 ky ielts,"[""cet4-w-952d1ac4c5865981518d""]",in_selected_syllabus,与当前考纲词形或已登记拼写变体相符。,"n. 毛衣, 毛线衫, 运动衫, 出汗者
[化] 发汗器",s:sweaters,ecdict-bc015ed2e24a
sweep,zk gk cet4 cet6 ky toefl ielts,"[""cet4-w-8300fbbd6f714239b03d""]",in_selected_syllabus,与当前考纲词形或已登记拼写变体相符。,"n. 扫除, 打扫, 肃清, 视野, 范围, 全胜
vt. 扫除, 掸去, 猛拉, 扫荡, 肃清, 冲走, 刮起, 环视, 掠过, 扫射
vi. 扫, 打扫, 袭击, 席卷, 扫视, 掠过",d:swept/p:swept/i:sweeping/3:sweeps/s:sweeps,ecdict-bc015ed2e24a
swell,gk cet4 cet6 ky toefl ielts gre,"[""cet4-w-575cb28c1253b2fcc9a9""]",in_selected_syllabus,与当前考纲词形或已登记拼写变体相符。,"n. 增大, 隆起的部分, 巨浪, 肿胀
a. 优秀的, 一流的
vi. 增大, 膨胀, 肿胀, 增强, 骄傲
vt. 使膨胀, 使增大, 使上涨, 使骄傲",d:swollen/i:swelling/p:swelled/s:swells/3:swells,ecdict-bc015ed2e24a
swift,gk cet4 cet6 ky toefl ielts gre,"[""cet4-w-c77017e540c5add6b9c4""]",in_selected_syllabus,与当前考纲词形或已登记拼写变体相符。,"n. 褐雨燕, 快速爬行的小蜥蜴, 蝙蝠蛾, 大滚筒
a. 迅速的, 快的, 敏捷的, 立刻的
adv. 迅速地, 敏捷地",s:swifts/r:swifter/t:swiftest,ecdict-bc015ed2e24a
swing,zk gk cet4 cet6 ky toefl ielts gre,"[""cet4-w-b7ead2143bf29c14eaa8""]",in_selected_syllabus,与当前考纲词形或已登记拼写变体相符。,"n. 摇摆, 振幅, 音律, 节奏, 涨落, 秋千, 旋转, 行动自由
vi. 摇摆, 悬挂, 旋转, 大摇大摆地走, 转向
vt. 挥舞, 使旋转, 使转向, 悬挂, 吊运
a. 旋转的, 悬挂的, 强节奏爵士音乐的",p:swung/i:swinging/s:swings/d:swung/3:swings,ecdict-bc015ed2e24a
Swiss,gk cet4 cet6,[],outside_selected_syllabus,ECDICT 标签仅作候选；所选考纲四级范围无对应词形，不自动加入。,"n. 瑞士人, 瑞士腔调
a. 瑞士的, 瑞士风格的",,ecdict-bc015ed2e24a
switch,gk cet4 cet6 ky toefl ielts,"[""cet4-w-f406cfcb96ecdd64be6b""]",in_selected_syllabus,与当前考纲词形或已登记拼写变体相符。,"n. 开关, 电闸, 转换, 软枝, 鞭子, 道岔
vt. 转变, 切换, 摆动, 转换, 使转轨
vi. 转换, 变换, 摆动
[计] 开关; 翻转; 转移",p:switched/d:switched/i:switching/s:switches/3:switches,ecdict-bc015ed2e24a
sword,gk cet4 cet6 ky,"[""cet4-w-9fe11523c3b9ec924f4d""]",in_selected_syllabus,与当前考纲词形或已登记拼写变体相符。,"n. 刀, 剑, 战争, 武力, 剑状物",s:swords,ecdict-bc015ed2e24a
symbol,zk gk cet4 cet6 ky toefl,"[""cet4-w-c150a2888e96b2b27d07""]",in_selected_syllabus,与当前考纲词形或已登记拼写变体相符。,"n. 符号, 象征, 代号, 信条
[计] 符号; 码元",s:symbols,ecdict-bc015ed2e24a
sympathetic,cet4 cet6 ky toefl ielts,"[""cet4-w-54aae0f0d77590059ae5""]",in_selected_syllabus,与当前考纲词形或已登记拼写变体相符。,"a. 有同情心的, 合意的, 赞成的
n. 交感神经, 容易感受的人",,ecdict-bc015ed2e24a
sympathize,cet4 cet6 ky toefl,"[""cet4-w-bbc436c4255bdbcda79c""]",in_selected_syllabus,与当前考纲词形或已登记拼写变体相符。,"vi. 同情, 怜悯, 同意, 体谅",p:sympathized/3:sympathizes/d:sympathized/i:sympathizing,ecdict-bc015ed2e24a
sympathy,gk cet4 cet6 ky toefl,"[""cet4-w-33687f73c681d9412021""]",in_selected_syllabus,与当前考纲词形或已登记拼写变体相符。,"n. 同情, 赞同, 怜悯, 慰问, 吊唁
[医] 交感[作用], 同感[作用], 感应, 同情",s:sympathies,ecdict-bc015ed2e24a
synthetic,cet4 cet6 ky toefl ielts,[],outside_selected_syllabus,ECDICT 标签仅作候选；所选考纲四级范围无对应词形，不自动加入。,"n. 合成物质
a. 综合(性)的, 人造的, 合成的",s:synthetics,ecdict-bc015ed2e24a
system,gk cet4 cet6 ky toefl ielts,"[""cet4-w-625c4639b67810f0251b""]",in_selected_syllabus,与当前考纲词形或已登记拼写变体相符。,"n. 系统, 体系, 制度, 方式, 秩序, 分类原则
[计] 系统; 体制; 体系",s:systems,ecdict-bc015ed2e24a
systematic,gk cet4 cet6 ky toefl ielts,"[""cet4-w-0c66f38ba6716fc2d017""]",in_selected_syllabus,与当前考纲词形或已登记拼写变体相符。,"a. 有系统的, 分类上的, 体系的
[医] 系统的, 系的, 分类的",s:systematics,ecdict-bc015ed2e24a
systematical,cet4,[],outside_selected_syllabus,ECDICT 标签仅作候选；所选考纲四级范围无对应词形，不自动加入。,"a. 有系统的, 成体系的, 有秩序的, 有组织的, 分类学的, 故意的, 彻底的",,ecdict-bc015ed2e24a
tablet,cet4 cet6 ky ielts,"[""cet4-w-232d766ab875edbe048d""]",in_selected_syllabus,与当前考纲词形或已登记拼写变体相符。,"n. 平板, 门牌, 笔记簿, 碑, 匾, 药片
[化] 片剂",s:tablets,ecdict-bc015ed2e24a
tag,cet4 cet6 ky toefl ielts gre,"[""cet4-w-6215d9436330ed117dae""]",in_selected_syllabus,与当前考纲词形或已登记拼写变体相符。,"n. 标签, 附属物, 碎片, 结束语, 口头禅, 附加语, 浑名, 标记, 标记符
vt. 附以签条, 尾随, 添饰, 起浑名, 连接
vi. 紧紧跟随
[计] 标记",s:tags/d:tagged/i:tagging/p:tagged/3:tags,ecdict-bc015ed2e24a
tail,zk gk cet4 cet6 ky toefl,"[""cet4-w-ad09aa787c8100f88637""]",in_selected_syllabus,与当前考纲词形或已登记拼写变体相符。,"n. 尾部, 后部, 辫子, 随员, 特务, 燕尾服, 踪迹, 限定继承(权)
a. 在后面的, 从后面而来的, 限定继承的, 尾部的, 后部的
vt. 为...装尾, 附于其后, 尾随, 使搭牢, 跟踪, 监视
vi. 跟踪, 船尾搁浅",s:tails/p:tailed/i:tailing/d:tailed/3:tails,ecdict-bc015ed2e24a
tailor,gk cet4 cet6 ky toefl,"[""cet4-w-c9e7ef184b65a8ed09b4""]",in_selected_syllabus,与当前考纲词形或已登记拼写变体相符。,"n. 裁缝, 成衣匠
vt. 缝制, 制作, 使适应
vi. 做裁缝",d:tailored/p:tailored/s:tailors/3:tailors/i:tailoring,ecdict-bc015ed2e24a
tale,zk gk cet4 cet6 ky toefl,"[""cet4-w-5920e8de565fbfc15954""]",in_selected_syllabus,与当前考纲词形或已登记拼写变体相符。,"n. 故事, 谎言, 谣言, 陈述, 叙述
[法] 虚语, 诽语, 谣言",s:tales,ecdict-bc015ed2e24a
talent,gk cet4 cet6 ky toefl,"[""cet4-w-eb6ee591c16734125791""]",in_selected_syllabus,与当前考纲词形或已登记拼写变体相符。,"n. 天才, 才能, 有才干的人, 天资",s:talents,ecdict-bc015ed2e24a
tame,cet4 cet6 ky toefl ielts gre,"[""cet4-w-e6861babc821436b3763""]",in_selected_syllabus,与当前考纲词形或已登记拼写变体相符。,"a. 驯服的, 柔顺的, 被开垦的, 顺从的, 乏味的, 平淡的
vt. 驯养, 驯服, 制服, 失去锋芒
vi. 变得驯服",d:tamed/i:taming/p:tamed/r:tamer/3:tames,ecdict-bc015ed2e24a
tan,cet4 cet6 ky toefl gre,[],outside_selected_syllabus,ECDICT 标签仅作候选；所选考纲四级范围无对应词形，不自动加入。,"n. 黄褐色, 鞣料, 马戏团
a. 黄褐色的, 鞣皮的
vi. 晒成棕褐色
vt. 把...晒黑, 鞣(革), 狠狠鞭打",s:tans/p:tanned/d:tanned/i:tanning/3:tans,ecdict-bc015ed2e24a
tank,gk cet4 cet6 ky toefl,"[""cet4-w-138e903d472eca5ece10""]",in_selected_syllabus,与当前考纲词形或已登记拼写变体相符。,"n. 槽, 箱, 柜, 罐, 池塘, 储水池, 坦克
vt. 储于箱中",s:tanks/i:tanking/p:tanked/3:tanks/d:tanked,ecdict-bc015ed2e24a
tap,gk cet4 cet6 ky toefl ielts,"[""cet4-w-17f70820113c2e1f0b1a""]",in_selected_syllabus,与当前考纲词形或已登记拼写变体相符。,"n. 轻打, 水龙头
vt. 轻打, 轻敲, 敲打出, 选择, 装上嘴子, 使流出, 开发, 分接, 向...乞讨
vi. 轻叩, 轻拍, 啪塔啪塔地走
[计] 接头",p:tapped/i:tapping/s:taps/d:tapped/3:taps,ecdict-bc015ed2e24a
tape,zk gk cet4 cet6 ky toefl ielts,"[""cet4-w-b1add575518f165832f8""]",in_selected_syllabus,与当前考纲词形或已登记拼写变体相符。,"n. 带子, 录音带, 磁带, 窄带, 卷尺
vt. 以带子绑起, 测量, 录音
[计] 带",s:tapes/i:taping/d:taped/p:taped/3:tapes,ecdict-bc015ed2e24a
target,gk cet4 cet6 ky toefl ielts,"[""cet4-w-b1ae5038e92bd7061a13""]",in_selected_syllabus,与当前考纲词形或已登记拼写变体相符。,"n. 目标, 靶子, 指标
vt. 对准, 订指标",s:targets/d:targeted/i:targeting/p:targeted/3:targets,ecdict-bc015ed2e24a
task,zk gk cet4 cet6 ky,"[""cet4-w-707e6b9458d6964613b5""]",in_selected_syllabus,与当前考纲词形或已登记拼写变体相符。,"n. 工作, 任务, 作业, 困难的工作
vt. 派给...工作, 使辛劳
[计] 任务",s:tasks/d:tasked/i:tasking/p:tasked/3:tasks,ecdict-bc015ed2e24a
taste,zk gk cet4 cet6 ky toefl,"[""cet4-w-9b87020028dc07392adb""]",in_selected_syllabus,与当前考纲词形或已登记拼写变体相符。,"n. 味道, 品味, 味觉, 感受, 体验, 爱好, 审美, 少量
vt. 尝, 察觉...的味道, 体会
vi. 品尝, 察觉味道, 有某种味道",s:tastes/p:tasted/d:tasted/3:tastes/i:tasting,ecdict-bc015ed2e24a
tax,gk cet4 cet6 ky toefl,"[""cet4-w-7852d5df7babbfa37a06""]",in_selected_syllabus,与当前考纲词形或已登记拼写变体相符。,"n. 税, 税款, 重负, 会费
vt. 课以税, 使负重荷, 斥责",s:taxes/d:taxed/p:taxed/i:taxing/3:taxes,ecdict-bc015ed2e24a
teaching,cet4 cet6 ielts,"[""cet4-w-990b97c678979a6f6a61""]",in_selected_syllabus,与当前考纲词形或已登记拼写变体相符。,"n. 教学, 学说, 教导",0:teach/1:i/i:teaching/s:teachings,ecdict-bc015ed2e24a
team,zk gk cet4 cet6 ky toefl ielts,"[""cet4-w-e3c6b044494a475fb55c""]",in_selected_syllabus,与当前考纲词形或已登记拼写变体相符。,"n. 队, 组
vt. 把马(牛)套在同一辆车上, 把...编成一组
vi. 驾驶卡车, 协作",s:teams/d:teamed/p:teamed/i:teaming/3:teams,ecdict-bc015ed2e24a
tear,gk cet4 cet6 ky toefl ielts gre,"[""cet4-w-f215919cdbba7119cb5c""]",in_selected_syllabus,与当前考纲词形或已登记拼写变体相符。,"n. 泪滴, 眼泪, 撕, 扯, 裂缝, 激怒, 飞奔
vi. 流泪, 撕破, 赶快, 飞奔, 被撕破
vt. 撕裂, 戳破, 拉掉, 撕掉, 使分裂, 使精神不安, 折磨",s:tears/d:torn/p:tore/i:tearing/3:tears,ecdict-bc015ed2e24a
technical,gk cet4 cet6 ky toefl ielts,"[""cet4-w-f2eb323c2dfa89b2d7bf""]",in_selected_syllabus,与当前考纲词形或已登记拼写变体相符。,"a. 技术上的, 专门的, 工业的, 严格根据法律的
[化] 技巧",,ecdict-bc015ed2e24a
technician,cet4 cet6 ky ielts,"[""cet4-w-7d0feb7fe40f56403e1e""]",in_selected_syllabus,与当前考纲词形或已登记拼写变体相符。,"n. 技师
[化] 技师",s:technicians,ecdict-bc015ed2e24a
technique,gk cet4 cet6 ky ielts,"[""cet4-w-f99deaeec4efe8a089ae""]",in_selected_syllabus,与当前考纲词形或已登记拼写变体相符。,"n. 技巧, 技术, 方法
[化] 工艺方法; 技巧",s:techniques,ecdict-bc015ed2e24a
technology,zk gk cet4 cet6 ky ielts,"[""cet4-w-d0da9b2c7fc9302a707b""]",in_selected_syllabus,与当前考纲词形或已登记拼写变体相符。,"n. 技术, 工业技术, 术语
[医] 技术学, 工艺学",s:technologies,ecdict-bc015ed2e24a
tedious,cet4 cet6 ky toefl ielts gre,"[""cet4-w-f5b328bf5fd48e8d01c8""]",in_selected_syllabus,与当前考纲词形或已登记拼写变体相符。,"a. 沉闷的, 冗长乏味的",,ecdict-bc015ed2e24a
teenager,gk cet4 cet6 ky,"[""cet4-w-1ca871f6761424fcb591""]",in_selected_syllabus,与当前考纲词形或已登记拼写变体相符。,n. 十三岁到十九岁的少年,s:teenagers,ecdict-bc015ed2e24a
telegram,gk cet4 cet6 ky,[],outside_selected_syllabus,ECDICT 标签仅作候选；所选考纲四级范围无对应词形，不自动加入。,"n. 电报, 一封电报
[计] 电报",s:telegrams,ecdict-bc015ed2e24a
telegraph,gk cet4 cet6 ky toefl,[],outside_selected_syllabus,ECDICT 标签仅作候选；所选考纲四级范围无对应词形，不自动加入。,"n. 电报, 电报机
vi. 打电报
vt. 打电报给, 电汇, 流露, 显示出要...的样子",s:telegraphs/p:telegraphed/d:telegraphed/i:telegraphing/3:telegraphs,ecdict-bc015ed2e24a
telescope,gk cet4 cet6 ky toefl ielts,"[""cet4-w-056ae329871cea7b4439""]",in_selected_syllabus,与当前考纲词形或已登记拼写变体相符。,"n. 望远镜
vi. 叠缩, 嵌进, 缩短
vt. 使叠缩, 使缩短",s:telescopes/p:telescoped/i:telescoping/d:telescoped/3:telescopes,ecdict-bc015ed2e24a
temper,cet4 cet6 ky toefl ielts gre,"[""cet4-w-9bb9d13f7328652db9bc""]",in_selected_syllabus,与当前考纲词形或已登记拼写变体相符。,"n. (钢等的)硬度, 脾气, 心情, 中和剂, 倾向, 回火
vt. 使回火, 锻炼, 调和, 使缓和
vi. 回火",d:tempered/s:tempers/p:tempered/i:tempering/3:tempers,ecdict-bc015ed2e24a
temperature,zk gk cet4 cet6 ky toefl ielts,"[""cet4-w-f74362dded25093a86ca""]",in_selected_syllabus,与当前考纲词形或已登记拼写变体相符。,"n. 温度, 发烧, 热度
[化] 温度",s:temperatures,ecdict-bc015ed2e24a
temple,gk cet4 cet6 ky toefl ielts,"[""cet4-w-ba95baf26ca12d568fa0""]",in_selected_syllabus,与当前考纲词形或已登记拼写变体相符。,"n. 圣堂, 庙宇, 教堂, 礼拜堂, 太阳穴, 鬓角
[医] 颞颥, 颞部",s:temples,ecdict-bc015ed2e24a
temporary,gk cet4 cet6 ky toefl ielts,"[""cet4-w-00ff45645748aa861124""]",in_selected_syllabus,与当前考纲词形或已登记拼写变体相符。,"a. 暂时的, 临时的
n. 临时工, 临时雇员
[计] 临时",s:temporaries,ecdict-bc015ed2e24a
tempt,cet4 cet6 ky toefl,[],outside_selected_syllabus,ECDICT 标签仅作候选；所选考纲四级范围无对应词形，不自动加入。,"vt. 诱惑, 引诱, 引起...的兴趣, 吸引, 冒...风险",d:tempted/p:tempted/3:tempts/i:tempting,ecdict-bc015ed2e24a
temptation,gk cet4 cet6 ky ielts gre,[],outside_selected_syllabus,ECDICT 标签仅作候选；所选考纲四级范围无对应词形，不自动加入。,"n. 诱惑, 诱惑物
[法] 诱惑, 诱惑物",s:temptations,ecdict-bc015ed2e24a
tenant,cet4 cet6 ky toefl gre,[],outside_selected_syllabus,ECDICT 标签仅作候选；所选考纲四级范围无对应词形，不自动加入。,"n. 承租人, 房客, 居住者
vt. 租借
[计] 占据者",s:tenants/d:tenanted/p:tenanted/i:tenanting/3:tenants,ecdict-bc015ed2e24a
tend,gk cet4 cet6 ky gre,"[""cet4-w-c4c9c0526a6ef386b35b""]",in_selected_syllabus,与当前考纲词形或已登记拼写变体相符。,"vi. 走向, 有某种的倾向, 易于, 照顾, 注意
vt. 照料, 护理",3:tends/p:tended/d:tended/i:tending,ecdict-bc015ed2e24a
tendency,gk cet4 cet6 ky toefl ielts,"[""cet4-w-03b730d1e9aba7fd378b""]",in_selected_syllabus,与当前考纲词形或已登记拼写变体相符。,"n. 趋向, 倾向
[医] 趋向, 趋势",s:tendencies,ecdict-bc015ed2e24a
tender,cet4 cet6 ky toefl ielts gre,"[""cet4-w-b9178ff4cca977a5de76""]",in_selected_syllabus,与当前考纲词形或已登记拼写变体相符。,"a. 嫩的, 柔软的, 脆弱的, 温柔的, 亲切的, 未成熟的, 微妙的, 棘手的, 审慎的
vt. 使变嫩, 提供, 偿还
vi. 变柔软, 投标
n. 照料, 看管人, 供应船, 小船, 提出, 偿付, 投标",s:tenders/d:tendered/p:tendered/i:tendering/3:tenders,ecdict-bc015ed2e24a
tense,gk cet4 cet6 ky toefl,"[""cet4-w-644a0971ccf9ffc2de9e""]",in_selected_syllabus,与当前考纲词形或已登记拼写变体相符。,"a. 紧张的, 拉紧的
v. (使)紧张, (使)拉紧
n. 时态",p:tensed/i:tensing/d:tensed/s:tenses/3:tenses,ecdict-bc015ed2e24a
tension,gk cet4 ky toefl ielts gre,"[""cet4-w-ec086c67f5a96a6bf2d6""]",in_selected_syllabus,与当前考纲词形或已登记拼写变体相符。,"n. 紧张, 不安, 拉紧, 张力, 压力, 电压
vt. 拉紧, 使紧张",s:tensions/d:tensioned,ecdict-bc015ed2e24a
tent,zk gk cet4 cet6 ky,"[""cet4-w-99e094982b81571e6958""]",in_selected_syllabus,与当前考纲词形或已登记拼写变体相符。,"n. 帐篷, 帷幕, 住处, 塞条, 塞子
vi. 住帐蓬, 宿营, 暂时居住
vt. 用帐篷遮盖, 使住帐篷, 用塞条嵌入",s:tents/p:tented/i:tenting/3:tents/d:tented,ecdict-bc015ed2e24a
term,zk gk cet4 cet6 ky toefl ielts,"[""cet4-w-bf9a6f8ac37655520e10""]",in_selected_syllabus,与当前考纲词形或已登记拼写变体相符。,"n. 术语, 专有名词, 期限, 学期, 任期, 条件, 价钱, 关系, 地位, 项, 界石
vt. 称, 呼
[计] 检索词; 项",s:terms/d:termed/p:termed/3:terms/i:terming,ecdict-bc015ed2e24a
terminal,gk cet4 cet6 ky toefl ielts gre,"[""cet4-w-48576c4adc3ddda66791""]",in_selected_syllabus,与当前考纲词形或已登记拼写变体相符。,"n. 终端机, 终点, 末端, 极限, 终点站
a. 终点的, 定期的, 致死的, 结尾的, 末端的, 晚期的
[计] 终端; 终端设备",s:terminals,ecdict-bc015ed2e24a
terrible,zk gk cet4 cet6 ky toefl,"[""cet4-w-471a4644d6dc0fc473e8""]",in_selected_syllabus,与当前考纲词形或已登记拼写变体相符。,"a. 可怕的, 令人恐惧的, 极坏的",,ecdict-bc015ed2e24a
terrific,cet4 cet6 ky toefl ielts,"[""cet4-w-eaf3deebf3f9b4ce6fd5""]",in_selected_syllabus,与当前考纲词形或已登记拼写变体相符。,"a. 非常好的, 极端的, 可怕的",,ecdict-bc015ed2e24a
territory,cet4 cet6 ky toefl ielts,"[""cet4-w-c564e553213840f9cd13""]",in_selected_syllabus,与当前考纲词形或已登记拼写变体相符。,"n. 领土, 领地, 版图, 地区, 活动范围
[经] (推销员等的)推销区域",s:territories,ecdict-bc015ed2e24a
terror,gk cet4 cet6 ky toefl ielts,"[""cet4-w-628431d9845ad2b90845""]",in_selected_syllabus,与当前考纲词形或已登记拼写变体相符。,"n. 恐怖, 可怕的人
[医] 惊吓, 惊悸",s:terrors,ecdict-bc015ed2e24a
test,zk gk cet4 cet6 ky ielts,"[""cet4-w-58da5d100f78c0488355""]",in_selected_syllabus,与当前考纲词形或已登记拼写变体相符。,"n. 测试, 试验, 化验, 检验, 考验, 甲壳
vt. 测试, 试验, 化验
vi. 接受测验, 进行测试",s:tests/d:tested/i:testing/p:tested/3:tests,ecdict-bc015ed2e24a
textbook,gk cet4 cet6 ky ielts,"[""cet4-w-059026674ce79e93fdd1""]",in_selected_syllabus,与当前考纲词形或已登记拼写变体相符。,n. 教科书,s:textbooks,ecdict-bc015ed2e24a
textile,cet4 cet6 ky toefl ielts,"[""cet4-w-9aba31869d0770211f1b""]",in_selected_syllabus,与当前考纲词形或已登记拼写变体相符。,"n. 纺织品, 纺织业
a. 织的, 纺织的",s:textiles,ecdict-bc015ed2e24a
theatre,zk gk cet4 cet6 ielts,"[""cet4-w-73dc2f03463b912c8bdd""]",in_selected_syllabus,与当前考纲词形或已登记拼写变体相符。,"n. 戏院, 电影院, 剧场, 全体观众, 戏剧, 戏剧效果, 阶梯式讲堂, 场所",s:theatres,ecdict-bc015ed2e24a
theme,gk cet4 cet6 ky toefl ielts,"[""cet4-w-a312b49b9fa329deef1a""]",in_selected_syllabus,与当前考纲词形或已登记拼写变体相符。,"n. 主题, 话题, 题目",s:themes,ecdict-bc015ed2e24a
theoretical,gk cet4 cet6 ky toefl ielts gre,"[""cet4-w-5284acf983c6d89d1540""]",in_selected_syllabus,与当前考纲词形或已登记拼写变体相符。,"a. 理论的, 理论上的, 假设的, 推理的
[计] 理论的",,ecdict-bc015ed2e24a
theory,gk cet4 cet6 ky ielts,"[""cet4-w-8d94356bdac38b159a1f""]",in_selected_syllabus,与当前考纲词形或已登记拼写变体相符。,"n. 理论, 学说, 原理, 意见, 推测
[化] 理论",s:theories,ecdict-bc015ed2e24a
thereby,cet4 cet6 ky toefl ielts,"[""cet4-w-41df69f1e483e6e3649d""]",in_selected_syllabus,与当前考纲词形或已登记拼写变体相符。,adv. 因此,,ecdict-bc015ed2e24a
therefore,gk cet4 cet6 ky toefl,"[""cet4-w-0131e944d24908bc2d37""]",in_selected_syllabus,与当前考纲词形或已登记拼写变体相符。,"adv. 因此, 所以",,ecdict-bc015ed2e24a
thermometer,cet4 cet6 ky toefl ielts,"[""cet4-w-f63a18df8331557ee216""]",in_selected_syllabus,与当前考纲词形或已登记拼写变体相符。,"n. 温度计, 体温计
[化] 温度计",s:thermometers,ecdict-bc015ed2e24a
thick,zk gk cet4 cet6 ky,"[""cet4-w-3c30f4a76e39580e467a""]",in_selected_syllabus,与当前考纲词形或已登记拼写变体相符。,"a. 厚的, 粗壮的, 浓的, 迟钝的, 浑浊的, 多雾的, 过分的, 口齿不清的
adv. 厚地, 密地, 浓浓地
n. 最浓处, 最厚处, 最密集处
[计] 暗, 粗线",r:thicker/t:thickest,ecdict-bc015ed2e24a
thickness,cet4 cet6 toefl,[],outside_selected_syllabus,ECDICT 标签仅作候选；所选考纲四级范围无对应词形，不自动加入。,"n. 厚度, 密度, 愚钝, 含混不清
[医] 厚度",s:thicknesses/i:thicknessing,ecdict-bc015ed2e24a
thief,gk cet4 cet6 ky ielts,"[""cet4-w-d68355842ff3f757854d""]",in_selected_syllabus,与当前考纲词形或已登记拼写变体相符。,"n. 小偷, 贼
[化] 取样",s:thieves,ecdict-bc015ed2e24a
thirdly,cet4 cet6,[],outside_selected_syllabus,ECDICT 标签仅作候选；所选考纲四级范围无对应词形，不自动加入。,adv. 第三,,ecdict-bc015ed2e24a
thirst,gk cet4 cet6 ky ielts,"[""cet4-w-1552752022a726ff94e9""]",in_selected_syllabus,与当前考纲词形或已登记拼写变体相符。,"n. 口渴, 渴望
vi. 口渴, 渴望",i:thirsting/s:thirsts/p:thirsted/3:thirsts/d:thirsted,ecdict-bc015ed2e24a
thorn,cet4 cet6 ky toefl ielts gre,[],outside_selected_syllabus,ECDICT 标签仅作候选；所选考纲四级范围无对应词形，不自动加入。,"n. 刺, 棘, 荆棘",s:thorns/i:thorning/p:thorned,ecdict-bc015ed2e24a
thorough,gk cet4 cet6 ky toefl ielts,"[""cet4-w-30683083105eb3a361ea""]",in_selected_syllabus,与当前考纲词形或已登记拼写变体相符。,"a. 十分的, 彻底的",,ecdict-bc015ed2e24a
thought,zk gk cet4 cet6 ky toefl ielts,"[""cet4-w-b91ac6e53938cb55a6fc""]",in_selected_syllabus,与当前考纲词形或已登记拼写变体相符。,"n. 想法, 思想, 思维, 关心, 挂念
think的过去式和过去分词",0:think/1:pd/s:thoughts,ecdict-bc015ed2e24a
thoughtful,cet4 cet6 ky toefl ielts,"[""cet4-w-19e3d12897cf25259481""]",in_selected_syllabus,与当前考纲词形或已登记拼写变体相符。,"a. 深思的, 体贴的",,ecdict-bc015ed2e24a
thread,zk gk cet4 cet6 ky toefl gre,"[""cet4-w-d3ebb9c915e9d39916f1""]",in_selected_syllabus,与当前考纲词形或已登记拼写变体相符。,"n. 线, 丝, 纤维, 线索
vt. 穿线于, 穿过, 通过, 用线穿成
vi. 穿过
[计] 线索, 线程",s:threads/p:threaded/i:threading/d:threaded/3:threads,ecdict-bc015ed2e24a
threat,cet4 cet6 ky toefl gre,"[""cet4-w-7724e26d894157f8ca94""]",in_selected_syllabus,与当前考纲词形或已登记拼写变体相符。,"n. 恐吓, 恶兆, 威胁
[经] 威胁",s:threats,ecdict-bc015ed2e24a
threaten,cet4 cet6 ky toefl,"[""cet4-w-cafbbc645381f4495726""]",in_selected_syllabus,与当前考纲词形或已登记拼写变体相符。,"vt. 恐吓, 威胁, 预示...的凶兆
vi. 威胁, 恫吓, 可能来临",d:threatened/i:threatening/p:threatened/3:threatens,ecdict-bc015ed2e24a
thrill,gk cet4 cet6 ky ielts,[],outside_selected_syllabus,ECDICT 标签仅作候选；所选考纲四级范围无对应词形，不自动加入。,"n. 震颤, 激动, 刺激性, 一阵激动
vi. 震颤, 颤抖, 激动
vt. 使激动, 使颤动",s:thrills/3:thrills/i:thrilling/p:thrilled/d:thrilled,ecdict-bc015ed2e24a
thrive,cet4 cet6 ky toefl ielts gre,"[""cet4-w-66d119aff2babdcf359a""]",in_selected_syllabus,与当前考纲词形或已登记拼写变体相符。,"vi. 繁荣, 兴旺, 茁壮成长
[经] 兴旺, 繁荣, 旺盛",3:thrives/p:thrived/i:thriving/d:thrived,ecdict-bc015ed2e24a
throat,gk cet4 cet6 ky ielts,"[""cet4-w-2d52476796317ec3613d""]",in_selected_syllabus,与当前考纲词形或已登记拼写变体相符。,"n. 咽喉, 喉咙, 嗓音
vt. 用喉音说, 开沟于",s:throats,ecdict-bc015ed2e24a
throne,cet4 cet6 ky gre,[],outside_selected_syllabus,ECDICT 标签仅作候选；所选考纲四级范围无对应词形，不自动加入。,"n. 王座, 君主",s:thrones/i:throning/p:throned/3:thrones/d:throned,ecdict-bc015ed2e24a
throng,cet4 cet6 toefl ielts gre,[],outside_selected_syllabus,ECDICT 标签仅作候选；所选考纲四级范围无对应词形，不自动加入。,"n. 群, 人群, 群集, 众多
a. 拥挤的
vi. 群集, 蜂拥
vt. 在...群集, 使拥塞",d:thronged/p:thronged/i:thronging/s:throngs/3:throngs,ecdict-bc015ed2e24a
throughout,gk cet4 cet6 ky ielts,"[""cet4-w-842da23bc60c618c4051""]",in_selected_syllabus,与当前考纲词形或已登记拼写变体相符。,"adv. 到处, 贯穿全部地, 自始至终
prep. 遍及, 在各处
[计] 吞吐量",,ecdict-bc015ed2e24a
thrust,cet4 cet6 ky toefl ielts gre,"[""cet4-w-2debea1ef60bb8ddd0bd""]",in_selected_syllabus,与当前考纲词形或已登记拼写变体相符。,"n. 插, 戳, 刺, 猛推, 口头攻击, 推力
vt. 插入, 猛推, 刺, 戳, 强加, 延伸
vi. 插, 刺, 戳, 延伸, (用力)推",p:thrust/0:thrust/1:pd/d:thrust/i:thrusting/s:thrusts/3:thrusts,ecdict-bc015ed2e24a
thumb,cet4 cet6 ky toefl ielts,"[""cet4-w-33953e4e837546a1d6b4""]",in_selected_syllabus,与当前考纲词形或已登记拼写变体相符。,"n. 拇指
vt. 以拇指拨弄, 笨拙地摆弄, 用拇指翻旧, 迅速翻阅, 作搭车手势",s:thumbs/p:thumbed/i:thumbing/3:thumbs/d:thumbed,ecdict-bc015ed2e24a
thunder,gk cet4 cet6 ky toefl ielts,"[""cet4-w-6c774e4d877a93525a68""]",in_selected_syllabus,与当前考纲词形或已登记拼写变体相符。,"n. 雷, 雷声
vi. 打雷, 轰隆地响, 怒喝
vt. 大声喊出, 轰隆地发出",p:thundered/i:thundering/s:thunders/d:thundered/3:thunders,ecdict-bc015ed2e24a
thus,gk cet4 cet6 ky,"[""cet4-w-a5fa27da73180c30f625""]",in_selected_syllabus,与当前考纲词形或已登记拼写变体相符。,"adv. 如此, 因此, 到如此程度
[医] 乳香",,ecdict-bc015ed2e24a
tick,gk cet4 cet6 ky ielts,"[""cet4-w-dced7fb4f968bc07bad8""]",in_selected_syllabus,与当前考纲词形或已登记拼写变体相符。,"n. 滴答声, 一瞬间, 壁虱, 褥套, 信用, 赊欠
vi. 滴答响, 活动
vt. 滴答地记录, 标记号于",i:ticking/s:ticks/p:ticked/d:ticked/3:ticks,ecdict-bc015ed2e24a
tide,cet4 cet6 ky toefl ielts,"[""cet4-w-c27f15368ba1cc7de1da""]",in_selected_syllabus,与当前考纲词形或已登记拼写变体相符。,"n. 潮, 潮汐, 趋势, 潮流, 涨潮, 高潮
vt. 使随潮漂流
vi. 顺潮行驶",s:tides/i:tiding/p:tided/3:tides/d:tided,ecdict-bc015ed2e24a
tidy,zk gk cet4 cet6 ky ielts gre,"[""cet4-w-f8b857a8c20eb5a8365a""]",in_selected_syllabus,与当前考纲词形或已登记拼写变体相符。,"n. 椅子的背罩, 装杂物的容器
a. 整齐的, 有条理的
vt. 弄整齐, 收拾, 整理
vi. 整理, 收拾",i:tidying/p:tidied/d:tidied/r:tidier/3:tidies/t:tidiest/s:tidies,ecdict-bc015ed2e24a
tie,zk gk cet4 cet6 ky,"[""cet4-w-f1dc7271b6035b082838""]",in_selected_syllabus,与当前考纲词形或已登记拼写变体相符。,"n. 带子, 线, 鞋带, 领带, 领结, 关系, 束缚, 平局, 不分胜负
vt. 系, 打结, 扎, 约束, 与...成平局
vi. 结合, 打结, 不分胜负",d:tied/s:ties/p:tied/i:tying/3:ties,ecdict-bc015ed2e24a
tiger,zk gk cet4 cet6 ky,"[""cet4-w-2ff614a0cb0580a5b29b""]",in_selected_syllabus,与当前考纲词形或已登记拼写变体相符。,"n. 老虎, 虎, 凶暴的人",s:tigers,ecdict-bc015ed2e24a
tight,gk cet4 cet6 ky toefl,"[""cet4-w-f0e009ed562bc641f462""]",in_selected_syllabus,与当前考纲词形或已登记拼写变体相符。,"a. 紧的, 密封的, 吝啬的, 严厉的
adv. 紧紧地",r:tighter/s:tights/t:tightest,ecdict-bc015ed2e24a
timber,cet4 cet6 ky toefl ielts gre,"[""cet4-w-1397c05c4380d7f5e50a""]",in_selected_syllabus,与当前考纲词形或已登记拼写变体相符。,"n. 木材, 木料
vt. 用木材建造",s:timbers/p:timbered/d:timbered,ecdict-bc015ed2e24a
timetable,gk cet4 cet6 ielts,[],outside_selected_syllabus,ECDICT 标签仅作候选；所选考纲四级范围无对应词形，不自动加入。,n. 时间表,s:timetables/i:timetabling/d:timetabled/p:timetabled,ecdict-bc015ed2e24a
timid,cet4 cet6 ky toefl gre,[],outside_selected_syllabus,ECDICT 标签仅作候选；所选考纲四级范围无对应词形，不自动加入。,"a. 胆小的, 羞怯的",,ecdict-bc015ed2e24a
tin,gk cet4 cet6 ky toefl,"[""cet4-w-6ee02c20d2b8a25db655""]",in_selected_syllabus,与当前考纲词形或已登记拼写变体相符。,"n. 锡, 马口铁, 罐头
vt. 在...镀锡于
a. 锡制的
[计] tin阅读程序",s:tins/i:tinning/d:tinned/p:tinned/3:tins,ecdict-bc015ed2e24a
tiny,zk gk cet4 cet6 ky toefl,"[""cet4-w-7df9c25851f3a311bbd5""]",in_selected_syllabus,与当前考纲词形或已登记拼写变体相符。,"a. 很少的, 微小的",t:tiniest/r:tinier/s:tinies,ecdict-bc015ed2e24a
tip,gk cet4 cet6 ky toefl,"[""cet4-w-f4d2539904f196ec9173""]",in_selected_syllabus,与当前考纲词形或已登记拼写变体相符。,"n. 顶, 尖端, 梢, 末端, 倾斜, 垃圾场, 小费, 轻击, 指点, 秘密消息
vt. 装顶端, 使倾斜, 使翻倒, 泄露, 告诫, 暗示, 给...小费, 轻击
vi. 倾斜, 翻倒, 倾覆, 踮脚走, 给小费
[计] 终端接口处理器, 提示, 技巧",s:tips/d:tipped/p:tipped/i:tipping/3:tips,ecdict-bc015ed2e24a
tire,gk cet4 cet6 ky toefl gre,"[""cet4-w-c1c449901fe050a902be""]",in_selected_syllabus,与当前考纲词形或已登记拼写变体相符。,"n. 轮胎, 头饰
vt. 使疲倦, 使厌烦, 打扮
vi. 疲劳, 厌倦",p:tired/3:tires/d:tired/i:tiring,ecdict-bc015ed2e24a
tissue,gk cet4 cet6 ky toefl ielts gre,"[""cet4-w-39b1c8bb2cf8454b1ef0""]",in_selected_syllabus,与当前考纲词形或已登记拼写变体相符。,"n. 薄的织物, 薄纱, 棉纸, 组织, 一套
[化] 组织",s:tissues/i:tissuing/p:tissued/3:tissues/d:tissued,ecdict-bc015ed2e24a
title,gk cet4 cet6 ky toefl ielts,"[""cet4-w-132283506a4b0bf34c72""]",in_selected_syllabus,与当前考纲词形或已登记拼写变体相符。,"n. 头衔, 名称, 标题, 书名, 扉页, 权利, 资格, 冠军, 字幕
vt. 授予头衔, 加标题于
[计] 标题",s:titles/d:titled/i:titling/p:titled/3:titles,ecdict-bc015ed2e24a
toast,gk cet4 cet6 ky ielts,"[""cet4-w-e2be88b3a46d67c3fccd""]",in_selected_syllabus,与当前考纲词形或已登记拼写变体相符。,"n. 吐司, 烤面包, 干杯
vt. 敬酒, 烤, 使暖和
vi. 烤, 烘",i:toasting/s:toasts/p:toasted/d:toasted/3:toasts,ecdict-bc015ed2e24a
tobacco,gk cet4 cet6 ky toefl,"[""cet4-w-e75f48be8c778d3e03e1""]",in_selected_syllabus,与当前考纲词形或已登记拼写变体相符。,"n. 烟草, 香烟
[医] 烟草",s:tobaccos,ecdict-bc015ed2e24a
toe,cet4 cet6 ky toefl,"[""cet4-w-7c9b8fb8c82c4f0f160a""]",in_selected_syllabus,与当前考纲词形或已登记拼写变体相符。,"n. 足趾, 趾部, 脚趾
vt. 以趾踏触, 用脚尖走
vi. 动脚尖",s:toes/p:toed/i:toeing/d:toed/3:toes,ecdict-bc015ed2e24a
toilet,zk gk cet4 cet6 ky,"[""cet4-w-4bced8e7d89e225d0925""]",in_selected_syllabus,与当前考纲词形或已登记拼写变体相符。,"n. 厕所, 梳妆
vi. 梳妆, 打扮, 上厕所
vt. 给...梳妆打扮",s:toilets,ecdict-bc015ed2e24a
tolerance,cet4 cet6 ky toefl ielts gre,"[""cet4-w-a0e5161cf85675853da2""]",in_selected_syllabus,与当前考纲词形或已登记拼写变体相符。,"n. 宽容, 忍受, 容忍, 容许量, 公差
[计] 允许误差",s:tolerances,ecdict-bc015ed2e24a
tolerate,gk cet4 cet6 ky toefl,"[""cet4-w-c1fa9f45dbaa87e5bdb6""]",in_selected_syllabus,与当前考纲词形或已登记拼写变体相符。,"vt. 宽容, 容许, 有耐力",d:tolerated/p:tolerated/i:tolerating/3:tolerates,ecdict-bc015ed2e24a
tomato,zk gk cet4 cet6 ky toefl,"[""cet4-w-20038ef9e6f50ae37378""]",in_selected_syllabus,与当前考纲词形或已登记拼写变体相符。,"n. 番茄, 西红柿",s:tomatoes,ecdict-bc015ed2e24a
tomb,gk cet4 cet6 ky,[],outside_selected_syllabus,ECDICT 标签仅作候选；所选考纲四级范围无对应词形，不自动加入。,"n. 坟墓, 死亡
vt. 埋葬",s:tombs,ecdict-bc015ed2e24a
ton,zk gk cet4 cet6 ky,"[""cet4-w-4a7e03cbeae297b5ed99""]",in_selected_syllabus,与当前考纲词形或已登记拼写变体相符。,"n. 吨
[经] 吨",s:tons/i:toning/r:tonner,ecdict-bc015ed2e24a
tone,cet4 cet6 ky,"[""cet4-w-b88c426931c2a7e815d9""]",in_selected_syllabus,与当前考纲词形或已登记拼写变体相符。,"n. 音调, 音质, 语调, 语气, 色调, 气氛, 状况, 思想状态
vt. 给...定色调, 增强, 使...的声调和谐, 定音调
vi. 颜色调和
[计] 双音频",s:tones/d:toned/p:toned/3:tones/i:toning,ecdict-bc015ed2e24a
tongue,zk gk cet4 cet6 ky toefl ielts,"[""cet4-w-9e3e765dd169d82a7a8f""]",in_selected_syllabus,与当前考纲词形或已登记拼写变体相符。,"n. 舌, 语言能力, 讲话方式, 语言
vt. 舔, 斥责, 发...的音
vi. 使用舌头, 吹管乐器",s:tongues/i:tonguing/p:tongued/3:tongues/d:tongued,ecdict-bc015ed2e24a
tool,zk gk cet4 cet6 ky,"[""cet4-w-64f49a258a3f22a35646""]",in_selected_syllabus,与当前考纲词形或已登记拼写变体相符。,"n. 工具, 机床, 傀儡
vt. 用工具加工
vi. 使用工具",s:tools/i:tooling/p:tooled/3:tools/d:tooled,ecdict-bc015ed2e24a
top,zk gk cet4 cet6 ky ielts,"[""cet4-w-7d4ec8a19b1c1955781b""]",in_selected_syllabus,与当前考纲词形或已登记拼写变体相符。,"n. 顶部, 顶端, 极点, 上面, 上部, 顶篷, 最高地位, 首位, 陀螺
a. 最高的, 顶上的, 头等的
vt. 盖, 加以顶, 高达, 超越
vi. 结束, 达到顶点, 高出
[计] TOP协议",s:tops/d:topped/p:topped/i:topping/3:tops,ecdict-bc015ed2e24a
topic,gk cet4 cet6 ky toefl ielts,"[""cet4-w-cabd5417fe37b7044dcc""]",in_selected_syllabus,与当前考纲词形或已登记拼写变体相符。,"n. 主题, 论题, 话题",s:topics,ecdict-bc015ed2e24a
torch,cet4 cet6 ky ielts,"[""cet4-w-ab0c8c408de7594787bf""]",in_selected_syllabus,与当前考纲词形或已登记拼写变体相符。,"n. 火把, 启发之物
[化] 火炬",s:torches/p:torched/d:torched/i:torching/3:torches,ecdict-bc015ed2e24a
torrent,cet4 cet6 ky toefl ielts gre,[],outside_selected_syllabus,ECDICT 标签仅作候选；所选考纲四级范围无对应词形，不自动加入。,"n. 奔流, 倾盆大雨, 倾注, 迸发",s:torrents,ecdict-bc015ed2e24a
tortoise,gk cet4 cet6,[],outside_selected_syllabus,ECDICT 标签仅作候选；所选考纲四级范围无对应词形，不自动加入。,"n. 龟, 行动迟缓的人",s:tortoises/i:tortoising/p:tortoised,ecdict-bc015ed2e24a
torture,cet4 cet6 ky ielts gre,"[""cet4-w-768e4af60826573449c1""]",in_selected_syllabus,与当前考纲词形或已登记拼写变体相符。,"n. 拷问, 苦闷
vt. 拷问, 曲解, 折磨, 使弯曲",d:tortured/p:tortured/i:torturing/s:tortures/3:tortures,ecdict-bc015ed2e24a
toss,cet4 cet6 ky ielts gre,"[""cet4-w-b8c11b5de62d9391e99b""]",in_selected_syllabus,与当前考纲词形或已登记拼写变体相符。,"n. 投掷, 抛, 摇摆, 震荡, 掷钱币决定
vt. 投掷, 猛抬, 摇荡, 使不安, 掷钱币决定
vi. 被到处扔, 摇摆, 颠簸, 辗转, 掷钱币决定某事",p:tossed/i:tossing/d:tossed/3:tosses/s:tosses,ecdict-bc015ed2e24a
total,zk gk cet4 cet6 ky ielts,"[""cet4-w-5c89b6fcd5559ade4b3a""]",in_selected_syllabus,与当前考纲词形或已登记拼写变体相符。,"a. 全体的, 总的, 全然的
vt. 计算...的总和, 共计为
vi. 合计
n. 总数, 全体, 合计
adv. 统统",i:totalling/p:totalled/s:totals/3:totals/d:totalled,ecdict-bc015ed2e24a
touch,zk gk cet4 cet6 ky toefl,"[""cet4-w-e00802db3724a0d7e969""]",in_selected_syllabus,与当前考纲词形或已登记拼写变体相符。,"n. 触觉, 碰, 触, 机灵, 轻触, 格调, 少许, 缺点, 弹力
vt. 接触, 触摸, 触及, 使接触, 达到, 涉及, 影响到, 使轻度受害, 感动
vi. 触摸, 接近, 涉及, 提到",p:touched/d:touched/i:touching/s:touches/3:touches,ecdict-bc015ed2e24a
tough,gk cet4 cet6 ky toefl ielts,"[""cet4-w-9d84c53ee1a978b63b9a""]",in_selected_syllabus,与当前考纲词形或已登记拼写变体相符。,"n. 恶棍
a. 强硬的, 艰苦的, 坚固的, 坚韧的, 粗暴的, 咬不动的",r:tougher/t:toughest/s:toughs,ecdict-bc015ed2e24a
tour,zk gk cet4 cet6 ky ielts,"[""cet4-w-9c1f722b25aa79f01426""]",in_selected_syllabus,与当前考纲词形或已登记拼写变体相符。,"n. 旅游, 观光旅行, 任期
vi. 旅行, 周游, 巡回
vt. 周游, 观光, 游历, 使巡回演出",s:tours/i:touring/p:toured/d:toured/3:tours,ecdict-bc015ed2e24a
toward,zk gk cet4 ky,"[""cet4-w-fc11feba50fb9753f600""]",in_selected_syllabus,与当前考纲词形或已登记拼写变体相符。,"prep. 向, 对于, 为了
a. 即将来临的, 进行中的",,ecdict-bc015ed2e24a
towards,cet4 cet6,"[""cet4-w-fc11feba50fb9753f600""]",in_selected_syllabus,与当前考纲词形或已登记拼写变体相符。,"prep. 向, 对于, 为了",,ecdict-bc015ed2e24a
towel,zk gk cet4 cet6 ky toefl ielts,"[""cet4-w-5635338854f5ac076ba8""]",in_selected_syllabus,与当前考纲词形或已登记拼写变体相符。,"n. 手巾, 毛巾
v. 擦干身子",s:towels/p:towelled/i:towelling/3:towels/d:towelled,ecdict-bc015ed2e24a
tower,zk gk cet4 cet6 ky toefl ielts,"[""cet4-w-4f22b3a60f02c68db820""]",in_selected_syllabus,与当前考纲词形或已登记拼写变体相符。,"n. 塔, 高楼, 堡垒
vi. 高耸, 翱翔",s:towers/p:towered/i:towering/3:towers/d:towered,ecdict-bc015ed2e24a
toy,zk gk cet4 cet6 ky gre,"[""cet4-w-6ed836ef7e13ad2f9042""]",in_selected_syllabus,与当前考纲词形或已登记拼写变体相符。,"n. 玩具, 小玩艺儿, 小型的东西, 消遣
a. 供玩耍的, 作为玩具的
vi. 玩弄, 戏弄, 调情",s:toys/p:toyed/i:toying/d:toyed/3:toys,ecdict-bc015ed2e24a
trace,cet4 cet6 ky toefl ielts,"[""cet4-w-49c237b36915aca7d396""]",in_selected_syllabus,与当前考纲词形或已登记拼写变体相符。,"n. 痕迹, 踪迹, 微量, 迹线, 缰绳
vt. 追踪, 回溯, 描绘
vi. 追溯, 沿路走",d:traced/s:traces/i:tracing/p:traced/3:traces,ecdict-bc015ed2e24a
track,gk cet4 cet6 ky toefl ielts gre,"[""cet4-w-4607accb78db83c3da86""]",in_selected_syllabus,与当前考纲词形或已登记拼写变体相符。,"n. 轨迹, 足迹, 径迹, 小道, 轨道, 磁轨, 途径
vt. 循路而行, 追踪, 通过, 用纤拉
vi. 追踪, 留下足迹, 沿轨道运行
[计] 跟踪",s:tracks/d:tracked/p:tracked/i:tracking/3:tracks,ecdict-bc015ed2e24a
tractor,gk cet4 cet6 ky toefl ielts,"[""cet4-w-0ebdcff77a0fbfc69b3f""]",in_selected_syllabus,与当前考纲词形或已登记拼写变体相符。,"n. 牵引器, 拖拉机, 拉纸器
[计] 进纸器",s:tractors,ecdict-bc015ed2e24a
trade,zk gk cet4 cet6 ky ielts,"[""cet4-w-a23549dee705af4332ab""]",in_selected_syllabus,与当前考纲词形或已登记拼写变体相符。,"n. 贸易, 商业, 交易, 生意, 职业, 顾客, 信风
vi. 进行交易, 做买卖, 经商, 对换, 购物
vt. 用...进行交换",s:trades/i:trading/d:traded/p:traded/3:trades,ecdict-bc015ed2e24a
tradition,gk cet4 cet6 ky,"[""cet4-w-d3d0d0a60db6d3afa34e""]",in_selected_syllabus,与当前考纲词形或已登记拼写变体相符。,"n. 传说, 传统, 交付
[法] 传统, 惯例, 移交",s:traditions,ecdict-bc015ed2e24a
traditional,zk gk cet4 cet6 ielts,"[""cet4-w-2001c6b89ca6d0f85dac""]",in_selected_syllabus,与当前考纲词形或已登记拼写变体相符。,"a. 传统的, 惯例的
[经] 传统的, 惯例的",,ecdict-bc015ed2e24a
traffic,zk gk cet4 cet6 ky toefl ielts,"[""cet4-w-dd4706023ae972e3ed73""]",in_selected_syllabus,与当前考纲词形或已登记拼写变体相符。,"n. 交通, 通行, 运输, 交通量, 贸易, 交易, 交往, 通信量
vi. 交易, 做买卖
vt. 用...作交换
[计] 通信量, 传输量",i:trafficking/p:trafficked/3:traffics/d:trafficked,ecdict-bc015ed2e24a
tragedy,cet4 cet6 ky toefl ielts gre,"[""cet4-w-415ab4316754644bb47a""]",in_selected_syllabus,与当前考纲词形或已登记拼写变体相符。,"n. 悲剧, 惨案, 悲剧作品
[法] 惨事, 灾难, 不辛",s:tragedies,ecdict-bc015ed2e24a
trail,cet4 cet6 ky toefl ielts,"[""cet4-w-a592ab3659c99f77a756""]",in_selected_syllabus,与当前考纲词形或已登记拼写变体相符。,"n. 踪迹, 痕迹, 一串, 尾部, 小径, 持枪姿势
vt. 拖, 尾随, 追踪, 落后于, 开出路
vi. 拖曳, 垂下, 落后, 飘出, 蔓生",p:trailed/i:trailing/s:trails/3:trails/d:trailed,ecdict-bc015ed2e24a
training,zk gk cet4 cet6 ky ielts,"[""cet4-w-d6f944de45a974328ec9""]",in_selected_syllabus,与当前考纲词形或已登记拼写变体相符。,"n. 训练, 培养
[医] 训练",i:training/0:training/1:i,ecdict-bc015ed2e24a
traitor,cet4 cet6 ky toefl ielts gre,[],outside_selected_syllabus,ECDICT 标签仅作候选；所选考纲四级范围无对应词形，不自动加入。,"n. 叛逆者, 叛国者
[法] 叛徒, 叛逆, 背信者",s:traitors,ecdict-bc015ed2e24a
tram,gk cet4 cet6 ky,"[""cet4-w-9d91f490ac532db0f2fd""]",in_selected_syllabus,与当前考纲词形或已登记拼写变体相符。,"n. 电车轨道, 煤车, 纬纱, 纬丝
vt. 用煤车运载
vi. 乘电车",s:trams/i:tramming/p:trammed/3:trams/d:trammed,ecdict-bc015ed2e24a
tramp,cet4 cet6 ky ielts gre,[],outside_selected_syllabus,ECDICT 标签仅作候选；所选考纲四级范围无对应词形，不自动加入。,"n. 坚实(或沉重)的脚步声, 流浪者
vi. 践踏, 重步行走, 步行, 流浪
vt. 走过, 踩",s:tramps/i:tramping/p:tramped/d:tramped/3:tramps,ecdict-bc015ed2e24a
transfer,cet4 cet6 ky toefl ielts gre,"[""cet4-w-bc277b0a9d5d2699c986""]",in_selected_syllabus,与当前考纲词形或已登记拼写变体相符。,"n. 迁移, 移动, 传递, 转让, 转移, 过户, 汇兑, 换车
vt. 使转移, 调转, 调任, 改变, 传递, 转让
vi. 转移, 转学, 转职, 换车
[计] 传送",d:transferred/s:transfers/i:transferring/p:transferred/3:transfers,ecdict-bc015ed2e24a
transform,gk cet4 cet6 ky toefl ielts,"[""cet4-w-9c0f98f02835fe8c7b9b""]",in_selected_syllabus,与当前考纲词形或已登记拼写变体相符。,"vt. 使转换, 改变, 改造, 使...变形
vi. 改变, 转化, 变换
[计] 变换",d:transformed/i:transforming/p:transformed/3:transforms,ecdict-bc015ed2e24a
transformation,cet4 cet6 toefl,"[""cet4-w-4c5083f08fdf590eb43f""]",in_selected_syllabus,与当前考纲词形或已登记拼写变体相符。,"n. 变形, 变质, 变化, 改革, 变换
[化] 转化; 变换",s:transformations,ecdict-bc015ed2e24a
transformer,cet4 cet6,[],outside_selected_syllabus,ECDICT 标签仅作候选；所选考纲四级范围无对应词形，不自动加入。,"n. 变压器, 促使变化的人
[化] 变压器",s:transformers,ecdict-bc015ed2e24a
transistor,cet4 cet6 ky ielts,[],outside_selected_syllabus,ECDICT 标签仅作候选；所选考纲四级范围无对应词形，不自动加入。,"n. 晶体管
[化] 晶体管",s:transistors,ecdict-bc015ed2e24a
translate,zk gk cet4 cet6 ky,"[""cet4-w-b914aff68a3dcf7fbbee""]",in_selected_syllabus,与当前考纲词形或已登记拼写变体相符。,"vt. 翻译, 解释, 转化, 转变为, 调动
vi. 翻译, 被译
[计] 转换",d:translated/i:translating/3:translates/p:translated,ecdict-bc015ed2e24a
translation,gk cet4 cet6 ky toefl,"[""cet4-w-17a4e12952c954a59259""]",in_selected_syllabus,与当前考纲词形或已登记拼写变体相符。,"n. 翻译, 译文, 转化, 调任, 平移, 转译
[计] 转换",s:translations,ecdict-bc015ed2e24a
transmission,cet4 cet6 ky toefl ielts,"[""cet4-w-eb21f3700d8ea1a135de""]",in_selected_syllabus,与当前考纲词形或已登记拼写变体相符。,"n. 传输, 传送, 变速器
[计] 传输",s:transmissions,ecdict-bc015ed2e24a
transmit,cet4 cet6 ky toefl gre,"[""cet4-w-a11ff5d69ae5fb209258""]",in_selected_syllabus,与当前考纲词形或已登记拼写变体相符。,"vt. 传输, 传染, 传达, 遗传, 发射, 传播
vi. 发射信号, 留传下来
[计] 传送",d:transmitted/i:transmitting/p:transmitted/3:transmits,ecdict-bc015ed2e24a
transparent,gk cet4 cet6 ky toefl ielts gre,"[""cet4-w-3816a8b13ae8eac22911""]",in_selected_syllabus,与当前考纲词形或已登记拼写变体相符。,"a. 透明的, 显然的, 清晰的
[计] 透明",s:transparents,ecdict-bc015ed2e24a
transplant,cet4 cet6 ky toefl ielts,"[""cet4-w-67297baf6230694c9439""]",in_selected_syllabus,与当前考纲词形或已登记拼写变体相符。,"vt. 使移居, 移植, 使迁移
vi. 移居, 耐移植
n. 移居者, 移植",s:transplants/d:transplanted/p:transplanted/i:transplanting/3:transplants,ecdict-bc015ed2e24a
transport,gk cet4 cet6 ky ielts gre,"[""cet4-w-f51c719af127ab336448""]",in_selected_syllabus,与当前考纲词形或已登记拼写变体相符。,"n. 运输, 运输工具, 激动, 狂喜, 流放犯
vt. 传送, 运输, 流放
[计] 传送",d:transported/i:transporting/p:transported/3:transports/s:transports,ecdict-bc015ed2e24a
transportation,cet4 cet6 ielts,"[""cet4-w-c21c1ff5a149c8d6a7e3""]",in_selected_syllabus,与当前考纲词形或已登记拼写变体相符。,"n. 运输, 输送, 交通车辆
[经] 运转, 运输, 运输费",s:transportations,ecdict-bc015ed2e24a
trap,gk cet4 cet6 ky toefl ielts,"[""cet4-w-e0f3ca97a5b1424fba8b""]",in_selected_syllabus,与当前考纲词形或已登记拼写变体相符。,"n. 圈套, 陷阱, 诡计, 存水弯
vi. 设圈套, 设陷阱
vt. 诱捕, 诱骗, 抓住, 使受限制
[计] 俘获; 陷井",d:trapped/s:traps/p:trapped/i:trapping/3:traps,ecdict-bc015ed2e24a
tray,cet4 cet6 ky toefl,"[""cet4-w-0bb5c8fcd7df30c512a5""]",in_selected_syllabus,与当前考纲词形或已登记拼写变体相符。,"n. 托盘, 公文盘, 满盘, 发射箱
[化] 淋盘",s:trays,ecdict-bc015ed2e24a
treason,cet4 cet6 ky toefl gre,[],outside_selected_syllabus,ECDICT 标签仅作候选；所选考纲四级范围无对应词形，不自动加入。,"n. 叛逆, 不忠, 叛国罪
[法] 叛逆, 通敌, 叛国罪",s:treasons,ecdict-bc015ed2e24a
treasure,zk gk cet4 cet6 ky toefl,"[""cet4-w-136c0f2d85ad14938d55""]",in_selected_syllabus,与当前考纲词形或已登记拼写变体相符。,"n. 宝物, 财富
vt. 珍爱, 重视, 秘藏",s:treasures/d:treasured/p:treasured/3:treasures/i:treasuring,ecdict-bc015ed2e24a
treat,gk cet4 cet6 ky toefl,"[""cet4-w-a030a7329bd3f031bc53""]",in_selected_syllabus,与当前考纲词形或已登记拼写变体相符。,"n. 宴请, 款待
vt. 视为, 对待, 论述, 治疗, 款待
vi. 讨论, 谈判, 作东",d:treated/i:treating/p:treated/3:treats/s:treats,ecdict-bc015ed2e24a
treatment,zk gk cet4 cet6 toefl ielts,"[""cet4-w-6e6fa5ebf97486da9c7b""]",in_selected_syllabus,与当前考纲词形或已登记拼写变体相符。,"n. 治疗, 待遇, 处理
[医] 疗法, 治疗; 处理",s:treatments,ecdict-bc015ed2e24a
treaty,cet4 cet6 ky ielts gre,"[""cet4-w-6e9f0188bac9814bcd17""]",in_selected_syllabus,与当前考纲词形或已登记拼写变体相符。,"n. 条约, 谈判
[经] 协议, 协定, 协商",s:treaties,ecdict-bc015ed2e24a
tremble,gk cet4 cet6 ky toefl ielts,"[""cet4-w-f0ebe7bf79bfae8e4360""]",in_selected_syllabus,与当前考纲词形或已登记拼写变体相符。,"n. 战栗, 颤抖
vi. 战栗, 忧虑, 摇晃",i:trembling/p:trembled/3:trembles/d:trembled,ecdict-bc015ed2e24a
tremendous,cet4 cet6 ky toefl ielts gre,"[""cet4-w-ee162f6e7bbfbb9fee35""]",in_selected_syllabus,与当前考纲词形或已登记拼写变体相符。,"a. 巨大的, 非常的, 可怕的",,ecdict-bc015ed2e24a
trend,gk cet4 cet6 ky toefl ielts gre,"[""cet4-w-3d3970a42300f5fe6a36""]",in_selected_syllabus,与当前考纲词形或已登记拼写变体相符。,"n. 趋势, 倾向, 走向
vi. 倾向, 转向
[计] 趋势",s:trends/i:trending/p:trended/3:trends/d:trended,ecdict-bc015ed2e24a
trial,gk cet4 cet6 ky toefl ielts,"[""cet4-w-7dcef66c8cbe7a32b3fd""]",in_selected_syllabus,与当前考纲词形或已登记拼写变体相符。,"n. 审判, 试验, 艰苦, 麻烦事, 考验
a. 审讯的, 试验性的",s:trials/p:trialled,ecdict-bc015ed2e24a
triangle,gk cet4 cet6 ky toefl ielts,"[""cet4-w-87ca19aec85b94ea1179""]",in_selected_syllabus,与当前考纲词形或已登记拼写变体相符。,"n. 三角形, 三个一组, 三角关系
[医] 三角, 三角形",s:triangles,ecdict-bc015ed2e24a
tribe,cet4 cet6 ky toefl ielts,[],outside_selected_syllabus,ECDICT 标签仅作候选；所选考纲四级范围无对应词形，不自动加入。,"n. 宗族, 部落, 一群人
[医] 族(生物分类)",s:tribes,ecdict-bc015ed2e24a
trick,gk cet4 cet6 ky toefl ielts,"[""cet4-w-fae568690d7be9a5e22f""]",in_selected_syllabus,与当前考纲词形或已登记拼写变体相符。,"n. 诡计, 欺诈, 谋略, 恶作剧, 习惯, 决窍
vt. 愚弄, 欺骗, 装饰
vi. 哄骗, 戏弄
a. 有决窍的, 特技的, 欺诈的, 漂亮的, 靠不住的",s:tricks/d:tricked/p:tricked/3:tricks/i:tricking,ecdict-bc015ed2e24a
trifle,cet4 cet6 ky ielts gre,"[""cet4-w-538b8cd0d8eb2947a5de""]",in_selected_syllabus,与当前考纲词形或已登记拼写变体相符。,"n. 琐事, 少量
vt. 浪费
vi. 开玩笑, 翻弄, 虚度光阴",s:trifles/d:trifled/i:trifling/p:trifled/3:trifles,ecdict-bc015ed2e24a
trim,cet4 cet6 ky toefl ielts gre,[],outside_selected_syllabus,ECDICT 标签仅作候选；所选考纲四级范围无对应词形，不自动加入。,"n. 整齐, 情形, 修剪
a. 整齐的
vt. 使整齐, 整理, 修剪
vi. 调整, 见风使舵
[计] 库存管理检查规则程序",d:trimmed/i:trimming/p:trimmed/s:trims/r:trimmer/3:trims,ecdict-bc015ed2e24a
triumph,cet4 cet6 ky toefl ielts gre,"[""cet4-w-42fa5b2850d0e2a4a960""]",in_selected_syllabus,与当前考纲词形或已登记拼写变体相符。,"n. 凯旋, 胜利, 欢欣
vi. 得胜, 成功",s:triumphs/p:triumphed/d:triumphed/i:triumphing/3:triumphs,ecdict-bc015ed2e24a
troop,gk cet4 cet6 ky toefl,"[""cet4-w-bf985c1136d6d77c03f2""]",in_selected_syllabus,与当前考纲词形或已登记拼写变体相符。,"n. 军队, 一群, 一队
vi. 群集, 结队, 成群而行",s:troops/p:trooped/i:trooping/3:troops/d:trooped,ecdict-bc015ed2e24a
tropical,cet4 cet6 ky toefl,[],outside_selected_syllabus,ECDICT 标签仅作候选；所选考纲四级范围无对应词形，不自动加入。,"a. 热带的, 热情的
[医] 热带的",s:tropicals,ecdict-bc015ed2e24a
troublesome,gk cet4 cet6 ky toefl,"[""cet4-w-3ea7c62b5b3ee97c689f""]",in_selected_syllabus,与当前考纲词形或已登记拼写变体相符。,"a. 麻烦的, 令人讨厌的",,ecdict-bc015ed2e24a
trousers,zk gk cet4 cet6 ky ielts,"[""cet4-w-00ebfa0c1f3c2d8a668b""]",in_selected_syllabus,与当前考纲词形或已登记拼写变体相符。,"pl. 裤子, 长裤",s:trousers/0:trousers/1:s,ecdict-bc015ed2e24a
truck,zk gk cet4 cet6 ky,"[""cet4-w-42461fc530a1d11a69b0""]",in_selected_syllabus,与当前考纲词形或已登记拼写变体相符。,"n. 卡车, 货车, 对...进行交易, 来往, 实物工资, (供应市场的)蔬菜, 废物, 废话
vt. 对...进行交易, 交往, 以卡车运输
vi. 驾驶卡车, 以物易物",s:trucks/i:trucking/d:trucked/p:trucked/3:trucks,ecdict-bc015ed2e24a
truly,gk cet4 cet6,"[""cet4-w-58ff7d7ae9bfe0f506e8""]",in_selected_syllabus,与当前考纲词形或已登记拼写变体相符。,"adv. 真实地, 不假",,ecdict-bc015ed2e24a
trumpet,cet4 cet6 ky toefl ielts gre,[],outside_selected_syllabus,ECDICT 标签仅作候选；所选考纲四级范围无对应词形，不自动加入。,"n. 喇叭, 小号, 喇叭声
vi. 吹喇叭
vt. 用喇叭吹出, 吹嘘",s:trumpets/3:trumpets/i:trumpeting/p:trumpeted/d:trumpeted,ecdict-bc015ed2e24a
trunk,gk cet4 cet6 ky toefl ielts gre,"[""cet4-w-55d9f52e71ad42b97a7d""]",in_selected_syllabus,与当前考纲词形或已登记拼写变体相符。,"n. 树干, 干线, 躯干, 主干, 象鼻, 箱子
vt. 把...放入旅行箱内
a. 树干的, 躯干的, 干线的, 箱形的
[计] 中继线; 母线",s:trunks/i:trunking,ecdict-bc015ed2e24a
trust,zk gk cet4 cet6 ky,"[""cet4-w-f271da3816d1eac96197""]",in_selected_syllabus,与当前考纲词形或已登记拼写变体相符。,"n. 信任, 信赖, 相信, 受托, 职责, 信心, 托拉斯
a. 信托的, 托拉斯的
vt. 信赖, 信任, 相信, 盼望, 赊卖给
vi. 相信, 信赖, 依靠
[计] 委托, 信任",s:trusts/d:trusted/p:trusted/i:trusting/3:trusts,ecdict-bc015ed2e24a
truth,zk gk cet4 cet6 ky toefl,"[""cet4-w-29374d6a442d24e664b6""]",in_selected_syllabus,与当前考纲词形或已登记拼写变体相符。,"n. 事实, 实情
[法] 真实, 真相, 事实",s:truths,ecdict-bc015ed2e24a
tub,cet4 cet6 ky toefl,[],outside_selected_syllabus,ECDICT 标签仅作候选；所选考纲四级范围无对应词形，不自动加入。,"n. 桶, 浴盆
vt. 装入桶, 洗澡
vi. 洗盆浴, 被放在桶里洗",s:tubs/i:tubbing/d:tubbed,ecdict-bc015ed2e24a
tube,gk cet4 cet6 ky toefl ielts,"[""cet4-w-ce1071574863de6b08a6""]",in_selected_syllabus,与当前考纲词形或已登记拼写变体相符。,"n. 管, 软管, 隧道
vt. 把...装管, 使通过管子
[计] 管子",s:tubes/d:tubed/i:tubing/p:tubed/3:tubes,ecdict-bc015ed2e24a
tuck,cet4 cet6 ky ielts,[],outside_selected_syllabus,ECDICT 标签仅作候选；所选考纲四级范围无对应词形，不自动加入。,"n. 缝褶, 活力, 鼓声, 船尾突出部, 食品
vt. 打褶, 卷起, 挤进, 塞, 收藏
vi. 缝褶裥, 缩拢",d:tucked/p:tucked/i:tucking/3:tucks/s:tucks,ecdict-bc015ed2e24a
tuition,cet4 cet6 ky toefl ielts,"[""cet4-w-cb532193d37f9d69eaeb""]",in_selected_syllabus,与当前考纲词形或已登记拼写变体相符。,"n. 学费, 讲授",i:tuitioning,ecdict-bc015ed2e24a
tumble,cet4 cet6 ky toefl ielts,[],outside_selected_syllabus,ECDICT 标签仅作候选；所选考纲四级范围无对应词形，不自动加入。,"n. 跌倒, 摔跤, 翻斤斗
vi. 翻倒, 摔倒, 倒塌, 滚动, 翻斤斗, 仓促地行动
vt. 使摔倒, 使滚翻, 弄乱",p:tumbled/i:tumbling/d:tumbled/3:tumbles/s:tumbles,ecdict-bc015ed2e24a
tune,gk cet4 cet6 ky toefl ielts,"[""cet4-w-78a56cdbbd20c819b71f""]",in_selected_syllabus,与当前考纲词形或已登记拼写变体相符。,"n. 歌曲, 主旋律, 心情, 声调, 和谐, 一致, 语调, 程度
vt. 为...调音, 调整, 调谐, 使一致
vi. 协调, 调谐",s:tunes/d:tuned/i:tuning/p:tuned/3:tunes,ecdict-bc015ed2e24a
tunnel,cet4 cet6 ky toefl ielts,"[""cet4-w-16a63a59cbbef2277991""]",in_selected_syllabus,与当前考纲词形或已登记拼写变体相符。,"n. 隧道, 地下道
vi. 挖隧道
vt. 掘隧道于",s:tunnels/d:tunnelled/p:tunnelled/i:tunnelling/3:tunnels,ecdict-bc015ed2e24a
turbine,cet4 cet6 ky,[],outside_selected_syllabus,ECDICT 标签仅作候选；所选考纲四级范围无对应词形，不自动加入。,"n. 涡轮机
[化] 涡轮机",s:turbines,ecdict-bc015ed2e24a
turbulent,cet4 cet6 ky toefl ielts gre,[],outside_selected_syllabus,ECDICT 标签仅作候选；所选考纲四级范围无对应词形，不自动加入。,"a. 狂暴的, 骚乱的, 紊乱的",,ecdict-bc015ed2e24a
turkey,gk cet4 cet6 ky,"[""cet4-w-37b36cde40dd685cbf64""]",in_selected_syllabus,与当前考纲词形或已登记拼写变体相符。,"n. 火鸡, 无用的家伙, 土耳其",s:turkeys,ecdict-bc015ed2e24a
turning,cet4 cet6 ielts,[],outside_selected_syllabus,ECDICT 标签仅作候选；所选考纲四级范围无对应词形，不自动加入。,"n. 旋转, 转弯处, 车削工作
[化] 车削",0:turn/1:i/i:turning/s:turnings,ecdict-bc015ed2e24a
turnip,cet4 cet6,[],outside_selected_syllabus,ECDICT 标签仅作候选；所选考纲四级范围无对应词形，不自动加入。,"n. 芜菁, 芜菁甘蓝
[医] 芜菁, 萝卜",s:turnips/3:turnips,ecdict-bc015ed2e24a
tutor,gk cet4 cet6 ky toefl ielts gre,"[""cet4-w-d95b38b76531823a4dab""]",in_selected_syllabus,与当前考纲词形或已登记拼写变体相符。,"n. 家庭教师, 导师, 助教, 监护人
vt. 当...的教师, 教, 指导, 约束, 克制
vi. 当家庭教师, 受家庭教师的指导",s:tutors/i:tutoring/p:tutored/3:tutors/d:tutored,ecdict-bc015ed2e24a
twin,gk cet4 cet6 ky,"[""cet4-w-24eae2f5093858c0472f""]",in_selected_syllabus,与当前考纲词形或已登记拼写变体相符。,"n. 双胞胎中一人, 一对非常相像的人(或物)中的一个
a. 双胞胎的, 成对的, 孪生的
vi. 生双胞胎, 成对
vt. 怀(双胞胎), 使成对",s:twins/d:twinned/i:twinning/3:twins/p:twinned,ecdict-bc015ed2e24a
twinkle,cet4 cet6 ky ielts,[],outside_selected_syllabus,ECDICT 标签仅作候选；所选考纲四级范围无对应词形，不自动加入。,"n. 闪烁, 闪耀, 瞬息
vi. 闪烁
vt. 使闪耀",p:twinkled/i:twinkling/3:twinkles/d:twinkled/s:twinkles,ecdict-bc015ed2e24a
twist,gk cet4 cet6 ky toefl ielts,"[""cet4-w-28521b97a349c7dff79b""]",in_selected_syllabus,与当前考纲词形或已登记拼写变体相符。,"n. 一扭, 扭曲, 曲折, 歪曲, 螺旋状, 新手法
vt. 拧, 扭, 捻, 编织, 使扭转, 缠绕, 盘绕, 歪曲, 使转动, 使苦恼, 使混乱, 使旋转
vi. 转向, 弯曲, 缠绕, 扭动, 呈螺旋形",p:twisted/i:twisting/d:twisted/s:twists/3:twists,ecdict-bc015ed2e24a
type,gk cet4 cet6 ky ielts,"[""cet4-w-62cc52603e4ec5202ece""]",in_selected_syllabus,与当前考纲词形或已登记拼写变体相符。,"n. 类型, 样式, 典型, 榜样, 标志, 符号, 型, 式
vi. 打字
vt. 作为代表, 测定类型, 用打字机打
[计] 类型; 键入; DOS内部命令:在屏幕上显示指定文件的内容",s:types/d:typed/i:typing/p:typed/3:types,ecdict-bc015ed2e24a
typewriter,gk cet4 cet6 ky,"[""cet4-w-192f56a08f42893dae10""]",in_selected_syllabus,与当前考纲词形或已登记拼写变体相符。,n. 打字机,s:typewriters,ecdict-bc015ed2e24a
typhoon,gk cet4 cet6 ky ielts gre,[],outside_selected_syllabus,ECDICT 标签仅作候选；所选考纲四级范围无对应词形，不自动加入。,n. 台风,s:typhoons,ecdict-bc015ed2e24a
typical,gk cet4 cet6 ky toefl ielts,"[""cet4-w-c02141003e8d46b64104""]",in_selected_syllabus,与当前考纲词形或已登记拼写变体相符。,"a. 典型的, 象征性的
[医] 典型的",,ecdict-bc015ed2e24a
typist,gk cet4 cet6 ky,"[""cet4-w-4821c17f46c1501b254c""]",in_selected_syllabus,与当前考纲词形或已登记拼写变体相符。,n. 打字员,s:typists,ecdict-bc015ed2e24a
tyre,gk cet4 cet6 ielts,"[""cet4-w-c1c449901fe050a902be""]",in_selected_syllabus,与当前考纲词形或已登记拼写变体相符。,"n. 轮胎
vt. 装轮胎于",s:tyres,ecdict-bc015ed2e24a
ugly,zk gk cet4 cet6 ky ielts gre,"[""cet4-w-3ed841223682704cec1e""]",in_selected_syllabus,与当前考纲词形或已登记拼写变体相符。,"a. 丑陋的, 邪恶的, 险恶的, 不祥的
n. 丑陋的人(或物)",t:ugliest/r:uglier/s:uglies,ecdict-bc015ed2e24a
ultimate,cet4 cet6 ky toefl gre,"[""cet4-w-2b5acc5dbfbbf9c04f5a""]",in_selected_syllabus,与当前考纲词形或已登记拼写变体相符。,"n. 终极, 根本, 顶点, 基本原则
a. 终极的, 根本的, 极限的, 最远的, 最后的, 最大的",s:ultimates,ecdict-bc015ed2e24a
ultimately,cet4 cet6 ielts,"[""cet4-w-a6fb1529ed973e2eba00""]",in_selected_syllabus,与当前考纲词形或已登记拼写变体相符。,"adv. 最后, 最终
[法] 最后, 终究, 总之",,ecdict-bc015ed2e24a
unable,gk cet4 cet6,[],outside_selected_syllabus,ECDICT 标签仅作候选；所选考纲四级范围无对应词形，不自动加入。,"a. 不能的, 不会的
[法] 无能力的, 无资格的, 没有办法的",,ecdict-bc015ed2e24a
unbearable,gk cet4 cet6 toefl,[],outside_selected_syllabus,ECDICT 标签仅作候选；所选考纲四级范围无对应词形，不自动加入。,"a. 无法忍受的, 承受不住的",,ecdict-bc015ed2e24a
uncertain,gk cet4 cet6,"[""cet4-w-bd44cb0d84fbf7e27677""]",in_selected_syllabus,与当前考纲词形或已登记拼写变体相符。,"a. 不确定的, 无常的, 不确信的, 不可预测的
[法] 不确定的, 未定的, 不确信的",,ecdict-bc015ed2e24a
uncomfortable,gk cet4 cet6 ielts,[],outside_selected_syllabus,ECDICT 标签仅作候选；所选考纲四级范围无对应词形，不自动加入。,"a. 不舒服的, 不自在的, 不安的",,ecdict-bc015ed2e24a
unconscious,gk cet4 cet6 toefl ielts gre,[],outside_selected_syllabus,ECDICT 标签仅作候选；所选考纲四级范围无对应词形，不自动加入。,"a. 未意识到的, 无意识的, 无知觉的
[医] 人事不省的, 神志丧失的; 无意识的",,ecdict-bc015ed2e24a
uncover,cet4 cet6 ky toefl,"[""cet4-w-c5ff14bc63c268e80081""]",in_selected_syllabus,与当前考纲词形或已登记拼写变体相符。,"vt. 揭露, 揭开, 暴露, 脱帽致敬
vi. 脱帽致敬, 揭去盖子",d:uncovered/p:uncovered/i:uncovering/3:uncovers,ecdict-bc015ed2e24a
undergo,cet4 cet6 ky toefl ielts,"[""cet4-w-9a98a3017329980af6fc""]",in_selected_syllabus,与当前考纲词形或已登记拼写变体相符。,"vt. 遭受, 经历, 忍受
[法] 经受, 经历, 忍受",i:undergoing/d:undergone/p:underwent/3:undergoes,ecdict-bc015ed2e24a
undergraduate,cet4 cet6 ky toefl ielts,"[""cet4-w-367244a29f09c2502a07""]",in_selected_syllabus,与当前考纲词形或已登记拼写变体相符。,"n. 大学本科生, 大学肄业生
a. 大学生的",s:undergraduates,ecdict-bc015ed2e24a
underline,gk cet4 cet6 ky ielts,"[""cet4-w-05642ce1449864c54812""]",in_selected_syllabus,与当前考纲词形或已登记拼写变体相符。,"vt. 在...下面划线, 作...的衬里, 强调
n. 下划线, 图下说明文字
[计] 加下划线; 下划线",d:underlined/3:underlines/p:underlined/i:underlining,ecdict-bc015ed2e24a
underneath,cet4 cet6 ky toefl ielts,"[""cet4-w-1686692a9e258ab590f1""]",in_selected_syllabus,与当前考纲词形或已登记拼写变体相符。,"adv. 在下面
prep. 在...的下面",,ecdict-bc015ed2e24a
understanding,gk cet4 cet6 ky ielts,"[""cet4-w-76965f1198a21f2bd900""]",in_selected_syllabus,与当前考纲词形或已登记拼写变体相符。,"n. 理解, 谅解
[法] 协商, 协议, 谅解",0:understand/1:i/i:understanding/s:understandings,ecdict-bc015ed2e24a
undertake,gk cet4 cet6 ky toefl ielts,"[""cet4-w-7d56d1021b53f3bc8b20""]",in_selected_syllabus,与当前考纲词形或已登记拼写变体相符。,"vt. 试图, 从事, 保证, 承担, 同意, 接受
[化] 承包; 承担",d:undertaken/p:undertook/i:undertaking/3:undertakes,ecdict-bc015ed2e24a
undertaking,cet4 cet6 toefl,"[""cet4-w-31da33cd78d42adb2c9c""]",in_selected_syllabus,与当前考纲词形或已登记拼写变体相符。,"n. 事业, 企业, 保证
[经] 企业, 事业, 承担",0:undertake/1:i/s:undertakings/i:undertaking,ecdict-bc015ed2e24a
undo,gk cet4 cet6 ky toefl ielts,"[""cet4-w-da1f82bd18a42a86b340""]",in_selected_syllabus,与当前考纲词形或已登记拼写变体相符。,"vt. 解开, 取消, 破坏, 毁灭, 扰乱
vi. 松开
[计] 撤消",d:undone/p:undid/i:undoing/3:undoes,ecdict-bc015ed2e24a
undoubtedly,cet4 cet6 ky toefl ielts,"[""cet4-w-7f1d898e0354ddad86de""]",in_selected_syllabus,与当前考纲词形或已登记拼写变体相符。,"adv. 无疑, 必定, 确实地",,ecdict-bc015ed2e24a
uneasy,cet4 cet6 ky ielts,"[""cet4-w-7444ce3bec73d5ec65d1""]",in_selected_syllabus,与当前考纲词形或已登记拼写变体相符。,"a. 心神不安的, 不自在的, 不稳定的, 不舒服的",,ecdict-bc015ed2e24a
unexpected,cet4 cet6 ky,[],outside_selected_syllabus,ECDICT 标签仅作候选；所选考纲四级范围无对应词形，不自动加入。,"a. 料想不到的, 突然的, 意外的
[法] 不能预料的, 意外的",0:unexpect/1:d,ecdict-bc015ed2e24a
unfair,gk cet4 cet6 toefl ielts,[],outside_selected_syllabus,ECDICT 标签仅作候选；所选考纲四级范围无对应词形，不自动加入。,"a. 不公平的, 不正直的, 不正当的
[法] 不正直的, 不公平的, 偏颇的",t:unfairest,ecdict-bc015ed2e24a
unfortunate,gk cet4 cet6,[],outside_selected_syllabus,ECDICT 标签仅作候选；所选考纲四级范围无对应词形，不自动加入。,"a. 不幸的, 不合适的, 不吉利的",s:unfortunates,ecdict-bc015ed2e24a
unfortunately,gk cet4 cet6 ky toefl,[],outside_selected_syllabus,ECDICT 标签仅作候选；所选考纲四级范围无对应词形，不自动加入。,"adv. 恐怕, 不幸的是",,ecdict-bc015ed2e24a
unhappy,gk cet4 cet6,[],outside_selected_syllabus,ECDICT 标签仅作候选；所选考纲四级范围无对应词形，不自动加入。,"a. 不快乐的, 不幸的, 不适当的",t:unhappiest/r:unhappier,ecdict-bc015ed2e24a
uniform,gk cet4 cet6 ky toefl ielts gre,"[""cet4-w-aab635fba6530c962dbb""]",in_selected_syllabus,与当前考纲词形或已登记拼写变体相符。,"n. 制服
a. 统一的, 一律的, 始终如一的",s:uniforms/i:uniforming/p:uniformed/3:uniforms/d:uniformed,ecdict-bc015ed2e24a
union,gk cet4 cet6 ky toefl ielts,"[""cet4-w-ad34724bc90be8119390""]",in_selected_syllabus,与当前考纲词形或已登记拼写变体相符。,"n. 联盟, 联合, 结合, 工会
[化] 联合; 联管节; 活接头",s:unions,ecdict-bc015ed2e24a
unique,gk cet4 cet6 ky toefl ielts gre,"[""cet4-w-f45ea44cae7da27d1a8b""]",in_selected_syllabus,与当前考纲词形或已登记拼写变体相符。,"a. 独一无二的, 独特的, 稀罕的",,ecdict-bc015ed2e24a
unit,zk gk cet4 cet6 ky,"[""cet4-w-9e88fdeff75630d4fb1c""]",in_selected_syllabus,与当前考纲词形或已登记拼写变体相符。,"n. 单位, 分队, 部队, 单元, 部件, 装置
a. 单位的, 单元的
[计] 单元常数; 部件",s:units,ecdict-bc015ed2e24a
unite,gk cet4 cet6 ky,"[""cet4-w-39c47aa281aa2ca40590""]",in_selected_syllabus,与当前考纲词形或已登记拼写变体相符。,"vi. 联合, 接合, 混合
vt. 使联合, 统一, 使粘合, 使结合",d:united/p:united/3:unites/i:uniting,ecdict-bc015ed2e24a
unity,cet4 cet6 ky toefl,"[""cet4-w-c560c7c4a1118645771e""]",in_selected_syllabus,与当前考纲词形或已登记拼写变体相符。,"n. 一致, 联合, 单一(性), 个体
[经] 统一",s:unities,ecdict-bc015ed2e24a
universal,gk cet4 cet6 ky toefl ielts,"[""cet4-w-8a0945084118a4894974""]",in_selected_syllabus,与当前考纲词形或已登记拼写变体相符。,"a. 全世界的, 普遍的, 宇宙的, 通用的
n. 一般概念",s:universals,ecdict-bc015ed2e24a
universe,gk cet4 cet6 ky toefl,"[""cet4-w-d7f5f8fdeeaf83e2df17""]",in_selected_syllabus,与当前考纲词形或已登记拼写变体相符。,"n. 宇宙, 星系, (思想等)范围",s:universes,ecdict-bc015ed2e24a
university,zk gk cet4 cet6 ky,"[""cet4-w-dba36ac52203d2c1da6a""]",in_selected_syllabus,与当前考纲词形或已登记拼写变体相符。,n. 大学,s:universities,ecdict-bc015ed2e24a
unjust,cet4 cet6,[],outside_selected_syllabus,ECDICT 标签仅作候选；所选考纲四级范围无对应词形，不自动加入。,"a. 不公平的
[法] 不公正的人; 不公正的, 不公平的, 不合理的",,ecdict-bc015ed2e24a
unkind,cet4 cet6,[],outside_selected_syllabus,ECDICT 标签仅作候选；所选考纲四级范围无对应词形，不自动加入。,"a. 不仁慈的, 不亲切的",t:unkindest,ecdict-bc015ed2e24a
unknown,gk cet4 cet6,[],outside_selected_syllabus,ECDICT 标签仅作候选；所选考纲四级范围无对应词形，不自动加入。,"a. 不知道的, 未知的, 陌生的
n. 未知物, 未知数",s:unknowns,ecdict-bc015ed2e24a
unless,zk gk cet4 cet6 ky toefl,"[""cet4-w-fb6ab6bd63a92b9501f0""]",in_selected_syllabus,与当前考纲词形或已登记拼写变体相符。,"conj. 除非
prep. 除...之外",,ecdict-bc015ed2e24a
unlike,gk cet4 cet6 ky,[],outside_selected_syllabus,ECDICT 标签仅作候选；所选考纲四级范围无对应词形，不自动加入。,"a. 不像的, 不同的
prep. 不像, 和...不同",,ecdict-bc015ed2e24a
unlikely,cet4 cet6 ky toefl ielts,[],outside_selected_syllabus,ECDICT 标签仅作候选；所选考纲四级范围无对应词形，不自动加入。,a. 不太可能的,t:unlikeliest,ecdict-bc015ed2e24a
unload,cet4 cet6 ky toefl,[],outside_selected_syllabus,ECDICT 标签仅作候选；所选考纲四级范围无对应词形，不自动加入。,"vi. 卸货
vt. 从...卸下, 摆脱...之负担, 倾销, 卸(货)
[计] 卸载",d:unloaded/i:unloading/p:unloaded/3:unloads,ecdict-bc015ed2e24a
unlucky,cet4 cet6,[],outside_selected_syllabus,ECDICT 标签仅作候选；所选考纲四级范围无对应词形，不自动加入。,"a. 不吉利的, 不祥的, 不幸的",t:unluckiest/r:unluckier,ecdict-bc015ed2e24a
unnecessary,cet4 cet6,[],outside_selected_syllabus,ECDICT 标签仅作候选；所选考纲四级范围无对应词形，不自动加入。,a. 不必要的,,ecdict-bc015ed2e24a
unpleasant,gk cet4 cet6,[],outside_selected_syllabus,ECDICT 标签仅作候选；所选考纲四级范围无对应词形，不自动加入。,"a. 使人不愉快的, 使人厌恶的, 煞风景的",,ecdict-bc015ed2e24a
unsatisfactory,cet4 cet6 toefl,[],outside_selected_syllabus,ECDICT 标签仅作候选；所选考纲四级范围无对应词形，不自动加入。,a. 不令人满意的,,ecdict-bc015ed2e24a
unstable,cet4 cet6 toefl,[],outside_selected_syllabus,ECDICT 标签仅作候选；所选考纲四级范围无对应词形，不自动加入。,a. 不稳定的,,ecdict-bc015ed2e24a
unsuitable,cet4 cet6,[],outside_selected_syllabus,ECDICT 标签仅作候选；所选考纲四级范围无对应词形，不自动加入。,"a. 不适合的
[法] 不适合的, 不适当的",,ecdict-bc015ed2e24a
unusual,gk cet4 cet6 ky ielts,[],outside_selected_syllabus,ECDICT 标签仅作候选；所选考纲四级范围无对应词形，不自动加入。,"a. 不寻常的, 罕见的, 与众不同的",,ecdict-bc015ed2e24a
unusually,cet4 cet6,[],outside_selected_syllabus,ECDICT 标签仅作候选；所选考纲四级范围无对应词形，不自动加入。,"adv. 不寻常地, 异乎寻常地, (非正式)非常",,ecdict-bc015ed2e24a
unwilling,gk cet4 cet6,[],outside_selected_syllabus,ECDICT 标签仅作候选；所选考纲四级范围无对应词形，不自动加入。,"a. 不愿意的, 勉强的
[法] 不愿意的, 勉强的, 不服从的",,ecdict-bc015ed2e24a
up-to-date,cet4 cet6 ielts,"[""cet4-w-c1b9fce8ba3dcf911928""]",in_selected_syllabus,与当前考纲词形或已登记拼写变体相符。,"a. 直到现在的, 最近的, 现代化的
[化] 最新的",,ecdict-bc015ed2e24a
upon,zk gk cet4 cet6 ky,"[""cet4-w-fdc93124f54d6e066f21""]",in_selected_syllabus,与当前考纲词形或已登记拼写变体相符。,"prep. 在...之上, 迫近, 紧接着",,ecdict-bc015ed2e24a
upper,gk cet4 cet6 ky,"[""cet4-w-79e029d5c2fccba0ea08""]",in_selected_syllabus,与当前考纲词形或已登记拼写变体相符。,"a. 上面的, 较高的, 上级的, 上院的, 穿在外面的, 北部的, 地表的, 后期的
n. 鞋帮, 上齿",s:uppers,ecdict-bc015ed2e24a
upright,cet4 cet6 ky toefl ielts gre,"[""cet4-w-bddeb8806f0c8c34c719""]",in_selected_syllabus,与当前考纲词形或已登记拼写变体相符。,"a. 正直的, 诚实的, 公正的, 垂直的, 竖式的
[化] 立杆",s:uprights/d:uprighted,ecdict-bc015ed2e24a
upset,gk cet4 cet6 ky toefl ielts,"[""cet4-w-2c201d5c37a355f5fbee""]",in_selected_syllabus,与当前考纲词形或已登记拼写变体相符。,"a. 弄翻的, 混乱的, 心烦的
vt. 弄翻, 颠覆, 推翻, 打乱, 使不适, 使心烦
vi. 翻倒",d:upset/0:upset/1:dp/i:upsetting/3:upsets/s:upsets/p:upset,ecdict-bc015ed2e24a
upside-down,cet4 cet6 toefl,[],outside_selected_syllabus,ECDICT 标签仅作候选；所选考纲四级范围无对应词形，不自动加入。,"a. 颠倒的, 乱七八糟的",,ecdict-bc015ed2e24a
upstairs,zk gk cet4 cet6 ky,"[""cet4-w-a46a5e3812d9426d96ac""]",in_selected_syllabus,与当前考纲词形或已登记拼写变体相符。,"a. 楼上的
adv. 在楼上, 向楼上, 处于更高地位
n. 楼层",,ecdict-bc015ed2e24a
uptodate,cet4,[],outside_selected_syllabus,ECDICT 标签仅作候选；所选考纲四级范围无对应词形，不自动加入。,"a. 直到现代的, 现时的, 最新式的",,ecdict-bc015ed2e24a
upward,gk cet4 cet6 ky,"[""cet4-w-5b9be1e6f66c2c5b09fe""]",in_selected_syllabus,与当前考纲词形或已登记拼写变体相符。,"a. 向上的
adv. 以上",,ecdict-bc015ed2e24a
upwards,cet4 cet6,"[""cet4-w-71ee1d23b6eecffb4ca1""]",in_selected_syllabus,与当前考纲词形或已登记拼写变体相符。,"adv. 以上, 向上",,ecdict-bc015ed2e24a
urban,gk cet4 cet6 ky toefl,"[""cet4-w-bb90264434c3aaf23b25""]",in_selected_syllabus,与当前考纲词形或已登记拼写变体相符。,"a. 都市的, 住在都市的, 习惯于都市的
[法] 城市的, 都市的, 市区的",,ecdict-bc015ed2e24a
urge,gk cet4 cet6 ky toefl,"[""cet4-w-c90b11ba89f30fc4902b""]",in_selected_syllabus,与当前考纲词形或已登记拼写变体相符。,"n. 冲动, 推动力, 迫切的要求
vt. 驱策, 力劝, 竭力主张, 推动
vi. 强烈要求",p:urged/i:urging/d:urged/3:urges/s:urges,ecdict-bc015ed2e24a
urgent,gk cet4 cet6 ky toefl gre,"[""cet4-w-060f443d1623fcf1b5d1""]",in_selected_syllabus,与当前考纲词形或已登记拼写变体相符。,"a. 紧急的, 急迫的, 催逼的
[经] 紧急的, 急迫的",,ecdict-bc015ed2e24a
usage,cet4 cet6 ky ielts,"[""cet4-w-e2f2cba16328f7a6ab29""]",in_selected_syllabus,与当前考纲词形或已登记拼写变体相符。,"n. 用法, 使用, 习惯, 惯用法, 习惯法
[经] 使用情况, 使用用途, 惯例",s:usages,ecdict-bc015ed2e24a
used,zk cet4 cet6 ky,"[""cet4-w-fdd28331f9b6ef98b09e""]",in_selected_syllabus,与当前考纲词形或已登记拼写变体相符。,"a. 使用过的, 二手的, 习惯的",0:use/1:dp/d:used/p:used,ecdict-bc015ed2e24a
useful,zk gk cet4 cet6 ky ielts,"[""cet4-w-cc8c281c4398dda8cc16""]",in_selected_syllabus,与当前考纲词形或已登记拼写变体相符。,"a. 有用的, 有益的
[机] 有用的, 有效的",,ecdict-bc015ed2e24a
useless,gk cet4 cet6 toefl ielts,"[""cet4-w-a3ea865ae39b635ea8fc""]",in_selected_syllabus,与当前考纲词形或已登记拼写变体相符。,"a. 无用的, 无效的, 无益的
[机] 无用, 无价值, 无效",,ecdict-bc015ed2e24a
user,gk cet4 cet6,"[""cet4-w-3f82eef9b262b58ef5d1""]",in_selected_syllabus,与当前考纲词形或已登记拼写变体相符。,"n. 使用者
[计] 用户",s:users,ecdict-bc015ed2e24a
usual,zk gk cet4 cet6 ky ielts,"[""cet4-w-98535a6444f51a92f1d4""]",in_selected_syllabus,与当前考纲词形或已登记拼写变体相符。,"a. 平常的, 通常的",,ecdict-bc015ed2e24a
utility,cet4 cet6 toefl ielts,"[""cet4-w-498bc120fb6a909271f7""]",in_selected_syllabus,与当前考纲词形或已登记拼写变体相符。,"n. 功用, 有用之物, 实用, 公用事业, 实用程序
a. 实用的, 有多种用途的
[计] 实用程序, 工具",s:utilities,ecdict-bc015ed2e24a
utilize,cet4 cet6 ky toefl gre,"[""cet4-w-b95bf889f29f34a54673""]",in_selected_syllabus,与当前考纲词形或已登记拼写变体相符。,vt. 利用,d:utilized/i:utilizing/p:utilized/3:utilizes,ecdict-bc015ed2e24a
utmost,cet4 cet6 ky ielts,"[""cet4-w-c464e39b775adad8c4b8""]",in_selected_syllabus,与当前考纲词形或已登记拼写变体相符。,"n. 极限, 最大限度, 极度
a. 极度的, 最远的",,ecdict-bc015ed2e24a
utter,cet4 cet6 ky toefl gre,"[""cet4-w-b806649814bf77da0c1c""]",in_selected_syllabus,与当前考纲词形或已登记拼写变体相符。,"a. 全然的, 绝对的, 完全的
vt. 发出声音, 做声, 发表, 发射, 流通",p:uttered/d:uttered/i:uttering/3:utters,ecdict-bc015ed2e24a
vacant,gk cet4 cet6 ky toefl,"[""cet4-w-82c6379169f1de382ff2""]",in_selected_syllabus,与当前考纲词形或已登记拼写变体相符。,"a. 空的, 空白的, 空虚的, 空闲的, 茫然的, 空缺的
[法] 空的, 空虚的, 闲暇的",,ecdict-bc015ed2e24a
vacation,zk gk cet4 cet6 ky toefl ielts,"[""cet4-w-b1999d773950aa4924b6""]",in_selected_syllabus,与当前考纲词形或已登记拼写变体相符。,"n. 假期, 休假
[法] 假期, 停审期, 休庭期",s:vacations/i:vacationing/p:vacationed/3:vacations/d:vacationed,ecdict-bc015ed2e24a
vacuum,cet4 cet6 ky toefl ielts,"[""cet4-w-4e5e9cbb54e0593f1d40""]",in_selected_syllabus,与当前考纲词形或已登记拼写变体相符。,"n. 真空, 空间, 真空吸尘器
a. 真空的, 产生真空的, 利用真空的
vt. 用吸尘器打扫",s:vacuums/3:vacuums/i:vacuuming/p:vacuumed/d:vacuumed,ecdict-bc015ed2e24a
vague,gk cet4 cet6 ky toefl gre,"[""cet4-w-2c9af958d1646bc710a4""]",in_selected_syllabus,与当前考纲词形或已登记拼写变体相符。,"a. 含糊的, 不清楚的, 茫然的",,ecdict-bc015ed2e24a
vain,gk cet4 cet6 ky ielts gre,"[""cet4-w-140004ec5f4a0f1d683e""]",in_selected_syllabus,与当前考纲词形或已登记拼写变体相符。,"a. 无价值的, 徒然的, 空虚的, 自负的, 愚蠢的",t:vainest/r:vainer,ecdict-bc015ed2e24a
valid,gk cet4 cet6 ky toefl,"[""cet4-w-9ca5ecd2bc43e8e6267a""]",in_selected_syllabus,与当前考纲词形或已登记拼写变体相符。,"a. 有确实根据的, 有法律效力的, 正当的, 正确的
[经] 有效的",,ecdict-bc015ed2e24a
valley,gk cet4 cet6 ky ielts,"[""cet4-w-06e1da3d2ca975611704""]",in_selected_syllabus,与当前考纲词形或已登记拼写变体相符。,"n. 山谷, 溪谷, 流域, 凹地
[医] 谷",s:valleys,ecdict-bc015ed2e24a
valuable,gk cet4 cet6 ky,"[""cet4-w-692916c6ddbb374410fa""]",in_selected_syllabus,与当前考纲词形或已登记拼写变体相符。,"a. 有价值的, 贵重的, 宝贵的, 可估价的
[经] 有价值的, 可估价的, 贵重的",,ecdict-bc015ed2e24a
value,zk gk cet4 cet6 ky ielts,"[""cet4-w-85c0623c879158e9498a""]",in_selected_syllabus,与当前考纲词形或已登记拼写变体相符。,"n. 价值, 价格, 购买力, 评价, 估价, 计算结果
vt. 评价, 估价, 重视
[计] 计算结果",s:values/d:valued/p:valued/i:valuing/3:values,ecdict-bc015ed2e24a
van,cet4 cet6 ky,"[""cet4-w-ecb0befc809395be545b""]",in_selected_syllabus,与当前考纲词形或已登记拼写变体相符。,"n. 货车, 篷车, 先锋, 前驱, 前卫
vt. 用货车搬运
[计] 增值网",s:vans,ecdict-bc015ed2e24a
vanish,cet4 cet6 ky toefl ielts,"[""cet4-w-4fd32a3703806f4b2173""]",in_selected_syllabus,与当前考纲词形或已登记拼写变体相符。,"vi. 消失, 不见, 成为零",p:vanished/d:vanished/3:vanishes/i:vanishing,ecdict-bc015ed2e24a
vanity,cet4 cet6 ky toefl ielts gre,"[""cet4-w-e55e400ff7aa0d41dd37""]",in_selected_syllabus,与当前考纲词形或已登记拼写变体相符。,"n. 虚荣心, 虚无, 自负, 空虚, 时髦的小摆饰",s:vanities,ecdict-bc015ed2e24a
vapour,cet4 cet6 ky,"[""cet4-w-3c9f0dd1f97f075bcfd9""]",in_selected_syllabus,与当前考纲词形或已登记拼写变体相符。,"n. 汽, 蒸气
vi. 蒸发, 吹牛
vt. 使蒸发, 使汽化",s:vapours/i:vapouring,ecdict-bc015ed2e24a
variable,cet4 cet6 ky toefl ielts,"[""cet4-w-116a1d8f0766113acaa4""]",in_selected_syllabus,与当前考纲词形或已登记拼写变体相符。,"n. 易变的事物, 变数, 可变物, 变量
a. 可变的, 不定的, 易变的, 变量的
[计] 变量",s:variables,ecdict-bc015ed2e24a
variation,cet4 cet6 ky toefl ielts,"[""cet4-w-f8182d039edeaa5a7b07""]",in_selected_syllabus,与当前考纲词形或已登记拼写变体相符。,"n. 变更, 变化, 变种, 变奏
[医] 变异, 变易; 变度",s:variations,ecdict-bc015ed2e24a
variety,gk cet4 cet6 ky toefl ielts,"[""cet4-w-e45e61bb2daeed2ad1d0""]",in_selected_syllabus,与当前考纲词形或已登记拼写变体相符。,"n. 多样, 种类, 变种, 杂耍
[化] 变种",s:varieties,ecdict-bc015ed2e24a
various,gk cet4 cet6 ky toefl ielts,"[""cet4-w-a36bc19de874efc95605""]",in_selected_syllabus,与当前考纲词形或已登记拼写变体相符。,"a. 不同的, 各种的, 多方面的, 许多的, 个别的, 杂色的
[法] 不同的, 种种的, 各式各样的",,ecdict-bc015ed2e24a
vary,cet4 cet6 ky toefl ielts,"[""cet4-w-546b701a7bf864284460""]",in_selected_syllabus,与当前考纲词形或已登记拼写变体相符。,"vt. 改变, 使多样化
vi. 变化, 有不同, 违反",3:varies/d:varied/p:varied/i:varying,ecdict-bc015ed2e24a
vase,gk cet4 cet6 ky,[],outside_selected_syllabus,ECDICT 标签仅作候选；所选考纲四级范围无对应词形，不自动加入。,"n. 花瓶, 瓶",s:vases,ecdict-bc015ed2e24a
vast,gk cet4 cet6 ky toefl,"[""cet4-w-748b675af624f0def982""]",in_selected_syllabus,与当前考纲词形或已登记拼写变体相符。,"a. 巨大的, 广大的, 非常的, 大量的",r:vaster,ecdict-bc015ed2e24a
vehicle,zk gk cet4 cet6 ky toefl ielts gre,"[""cet4-w-2bd0fac62740d89457ca""]",in_selected_syllabus,与当前考纲词形或已登记拼写变体相符。,"n. 交通工具, 车辆, 传播媒介
[化] 载体; 运载体; 漆料",s:vehicles,ecdict-bc015ed2e24a
veil,cet4 cet6 ky toefl ielts gre,"[""cet4-w-db9089499964db83f716""]",in_selected_syllabus,与当前考纲词形或已登记拼写变体相符。,"n. 面纱, 面罩, 借口, 幕, 帐, 遮蔽物
vt. 戴面纱, 隐藏, 遮蔽, 掩饰
vi. 蒙上面纱",s:veils/d:veiled/p:veiled/i:veiling/3:veils,ecdict-bc015ed2e24a
velocity,cet4 cet6 ky toefl ielts gre,[],outside_selected_syllabus,ECDICT 标签仅作候选；所选考纲四级范围无对应词形，不自动加入。,"n. 速度, 迅速
[化] 速度",s:velocities,ecdict-bc015ed2e24a
velvet,cet4 cet6 ky ielts,[],outside_selected_syllabus,ECDICT 标签仅作候选；所选考纲四级范围无对应词形，不自动加入。,"n. 天鹅绒
a. 天鹅绒的",s:velvets,ecdict-bc015ed2e24a
venture,cet4 cet6 ky toefl ielts,"[""cet4-w-7a52a2b9b3962548e58a""]",in_selected_syllabus,与当前考纲词形或已登记拼写变体相符。,"n. 冒险, 风险
vt. 敢于, 冒...的危险
vi. 冒险",s:ventures/p:ventured/i:venturing/d:ventured/3:ventures,ecdict-bc015ed2e24a
verb,cet4 cet6 ky,"[""cet4-w-e65daeadbd7ea15c6f84""]",in_selected_syllabus,与当前考纲词形或已登记拼写变体相符。,"n. 动词
[计] 动词",s:verbs,ecdict-bc015ed2e24a
verify,cet4 cet6 ky toefl gre,"[""cet4-w-9e796bc00b51dfa00155""]",in_selected_syllabus,与当前考纲词形或已登记拼写变体相符。,"vt. 证明, 查证, 证实, 检验, 校验
[计] 校验, 检验; DOS内部命令:设定写入磁盘时是否验证写入的正确性",d:verified/i:verifying/p:verified/3:verifies,ecdict-bc015ed2e24a
version,gk cet4 cet6 ky toefl ielts,"[""cet4-w-9f3342bcd7b4446763f9""]",in_selected_syllabus,与当前考纲词形或已登记拼写变体相符。,"n. 一种描述, 版本, 译文
[计] 版本",s:versions,ecdict-bc015ed2e24a
vertical,gk cet4 cet6 ky toefl ielts gre,"[""cet4-w-15af9ba4a560466ac591""]",in_selected_syllabus,与当前考纲词形或已登记拼写变体相符。,"a. 垂直的, 直立的
[医] 垂直的, 顶的, 头顶的",s:verticals,ecdict-bc015ed2e24a
vessel,cet4 cet6 ky toefl ielts gre,"[""cet4-w-86b3c3e452bbc0fe696e""]",in_selected_syllabus,与当前考纲词形或已登记拼写变体相符。,"n. 船, 容器, 脉管
[医] 管, 脉管, (容)器",s:vessels,ecdict-bc015ed2e24a
vest,gk cet4 cet6 ky,[],outside_selected_syllabus,ECDICT 标签仅作候选；所选考纲四级范围无对应词形，不自动加入。,"n. 背心, 汗背心
vt. 使穿衣服, 授予
vi. 穿衣服, 归属",d:vested/s:vests/i:vesting/p:vested/3:vests,ecdict-bc015ed2e24a
veteran,cet4 cet6 ky toefl ielts gre,"[""cet4-w-badca6514395333837c3""]",in_selected_syllabus,与当前考纲词形或已登记拼写变体相符。,"n. 老手, 退伍军人, 老兵, 老树
a. 老兵的, 老练的, 经验丰富的",s:veterans,ecdict-bc015ed2e24a
vex,cet4 cet6 toefl ielts gre,[],outside_selected_syllabus,ECDICT 标签仅作候选；所选考纲四级范围无对应词形，不自动加入。,"vt. 使烦恼, 使苦恼
vi. 烦恼",d:vexed/i:vexing/p:vexed/3:vexes/s:vexes,ecdict-bc015ed2e24a
via,gk cet4 cet6 ky toefl ielts,"[""cet4-w-22422048f61d94fea4d9""]",in_selected_syllabus,与当前考纲词形或已登记拼写变体相符。,"prep. 经由, 经过, 通过
[医] 病毒灭活剂",,ecdict-bc015ed2e24a
vibrate,cet4 cet6 ky toefl ielts gre,[],outside_selected_syllabus,ECDICT 标签仅作候选；所选考纲四级范围无对应词形，不自动加入。,"vi. 振动, 颤动, 激动, 摇摆, 踌躇
vt. 使颤动, 使振动, 使摆动",i:vibrating/p:vibrated/3:vibrates/d:vibrated,ecdict-bc015ed2e24a
vibration,cet4 cet6 toefl,[],outside_selected_syllabus,ECDICT 标签仅作候选；所选考纲四级范围无对应词形，不自动加入。,"n. 振动, 颤动
[化] 振动",s:vibrations,ecdict-bc015ed2e24a
vice,gk cet4 cet6 ky ielts,[],outside_selected_syllabus,ECDICT 标签仅作候选；所选考纲四级范围无对应词形，不自动加入。,"n. 恶习, 恶行, 罪恶, 堕落, 缺陷, 恶癖, 老虎钳
vt. 钳住
prep. 代替",s:vices,ecdict-bc015ed2e24a
victim,gk cet4 cet6 ky,"[""cet4-w-b19e66d05bb7515abf58""]",in_selected_syllabus,与当前考纲词形或已登记拼写变体相符。,"n. 受害人, 牺牲者, 牺牲品
[法] 受害人, 被害人, 遭难者",s:victims,ecdict-bc015ed2e24a
victorious,cet4 cet6 toefl,"[""cet4-w-f010c8c2aabf8e2ee53c""]",in_selected_syllabus,与当前考纲词形或已登记拼写变体相符。,"a. 胜利的, 得胜的, 战胜的",,ecdict-bc015ed2e24a
victory,zk gk cet4 cet6 ky toefl,"[""cet4-w-8b870d3b9c39facc696d""]",in_selected_syllabus,与当前考纲词形或已登记拼写变体相符。,"n. 胜利, 战胜, 克服",s:victories,ecdict-bc015ed2e24a
video,zk gk cet4 cet6 ky ielts,"[""cet4-w-0502e04a07516bde5e10""]",in_selected_syllabus,与当前考纲词形或已登记拼写变体相符。,"n. 影像, 电视
a. 图像的, 电视的",s:videos/i:videoing,ecdict-bc015ed2e24a
videotape,cet4 ielts,[],outside_selected_syllabus,ECDICT 标签仅作候选；所选考纲四级范围无对应词形，不自动加入。,"n. 录相磁带
vt. 把电视节目录在录像磁带上",s:videotapes/d:videotaped/p:videotaped/i:videotaping/3:videotapes,ecdict-bc015ed2e24a
view,gk cet4 cet6 ky ielts,"[""cet4-w-21701ddd5b57106f3670""]",in_selected_syllabus,与当前考纲词形或已登记拼写变体相符。,"n. 视野, 风景, 见解, 视力, 观看, 视图, 指望, 意图, 印象
vt. 看, 考虑, 视察, 查看, 估量
[计] 视图",s:views/d:viewed/p:viewed/i:viewing/3:views,ecdict-bc015ed2e24a
viewpoint,cet4 cet6 ky,"[""cet4-w-48975a3118d7e41b7422""]",in_selected_syllabus,与当前考纲词形或已登记拼写变体相符。,n. 观点,s:viewpoints,ecdict-bc015ed2e24a
vigorous,cet4 cet6 ky toefl ielts gre,"[""cet4-w-abb770693a385b6230d5""]",in_selected_syllabus,与当前考纲词形或已登记拼写变体相符。,"a. 精力充沛的, 元气旺盛的, 茁壮的, 有力的",,ecdict-bc015ed2e24a
vine,cet4 cet6 toefl,[],outside_selected_syllabus,ECDICT 标签仅作候选；所选考纲四级范围无对应词形，不自动加入。,"n. 藤本植物, 葡萄, 藤, 蔓
vi. 形成藤蔓",s:vines/i:vining,ecdict-bc015ed2e24a
vinegar,gk cet4 cet6 ky toefl,"[""cet4-w-890bff96237223731010""]",in_selected_syllabus,与当前考纲词形或已登记拼写变体相符。,"n. 醋, 尖酸刻薄
vt. 加醋于",s:vinegars,ecdict-bc015ed2e24a
violence,gk cet4 cet6 ky toefl,"[""cet4-w-18be217fb854e90ed5d3""]",in_selected_syllabus,与当前考纲词形或已登记拼写变体相符。,"n. 猛烈, 暴力, 暴虐, 暴行
[法] 暴行, 暴力, 暴乱",,ecdict-bc015ed2e24a
violent,gk cet4 cet6 ky toefl ielts,"[""cet4-w-09cd314088c85fc67d9b""]",in_selected_syllabus,与当前考纲词形或已登记拼写变体相符。,"a. 暴力的, 猛烈的, 激烈的, 极端的, 凶暴的",,ecdict-bc015ed2e24a
violet,cet4 cet6 ky gre,[],outside_selected_syllabus,ECDICT 标签仅作候选；所选考纲四级范围无对应词形，不自动加入。,"n. 堇菜, 紫罗兰
a. 堇菜科的, 紫罗兰色的",s:violets,ecdict-bc015ed2e24a
violin,zk gk cet4 cet6 ky,"[""cet4-w-41e1005d1af51be0c23c""]",in_selected_syllabus,与当前考纲词形或已登记拼写变体相符。,n. 小提琴,s:violins,ecdict-bc015ed2e24a
virtual,cet4 cet6 ky toefl ielts gre,"[""cet4-w-a9bbcfb59ee65d6b44dd""]",in_selected_syllabus,与当前考纲词形或已登记拼写变体相符。,"a. 实际上起作用的, 虚的, 实质的, 有效的, 事实上生效的
[计] 虚拟",,ecdict-bc015ed2e24a
virtually,cet4 cet6 ky toefl ielts,"[""cet4-w-3f368bf27f3876f7cb90""]",in_selected_syllabus,与当前考纲词形或已登记拼写变体相符。,adv. 事实上,,ecdict-bc015ed2e24a
virtue,gk cet4 cet6 ky toefl,"[""cet4-w-15cb5a3878149408fafe""]",in_selected_syllabus,与当前考纲词形或已登记拼写变体相符。,"n. 德行, 美德, 优点, 功效, 效力
[法] 美德, 贞操, 优点",s:virtues,ecdict-bc015ed2e24a
virus,gk cet4 cet6 ky toefl ielts gre,"[""cet4-w-3579948a2975001cc3e3""]",in_selected_syllabus,与当前考纲词形或已登记拼写变体相符。,"n. 病毒, 滤过性病毒, 毒害
[化] 病毒",s:viruses,ecdict-bc015ed2e24a
visible,cet4 cet6 ky ielts,"[""cet4-w-796f49b22d07219b8fc3""]",in_selected_syllabus,与当前考纲词形或已登记拼写变体相符。,"a. 看得见的, 明显的, 显然的
n. 可见物",,ecdict-bc015ed2e24a
vision,cet4 cet6 ky toefl,"[""cet4-w-9e914fdb4ee1c77cf562""]",in_selected_syllabus,与当前考纲词形或已登记拼写变体相符。,"n. 视觉, 眼光, 视力, 幻想
vt. 梦见, 想象, 显示",s:visions,ecdict-bc015ed2e24a
visitor,zk gk cet4 cet6 ky,"[""cet4-w-f91449f0610d5ad1255b""]",in_selected_syllabus,与当前考纲词形或已登记拼写变体相符。,"n. 参观者, 游客, 访客
[法] 视察人, 检视人, 检查员",s:visitors,ecdict-bc015ed2e24a
visual,gk cet4 cet6 ky toefl ielts,"[""cet4-w-6c1b6c115a1fa6c062ce""]",in_selected_syllabus,与当前考纲词形或已登记拼写变体相符。,"a. 视觉的
[医] 视觉的, 视力的, 视觉性记忆优势者",s:visuals,ecdict-bc015ed2e24a
vital,gk cet4 cet6 ky toefl ielts gre,"[""cet4-w-2d0384179f157c28d59f""]",in_selected_syllabus,与当前考纲词形或已登记拼写变体相符。,"a. 生命的, 重要的, 充满活力的, 生死攸关的, 致命的
[医] 生命的, 生活的, 生活上必需的, 紧要的",s:vitals,ecdict-bc015ed2e24a
vitally,cet4,[],outside_selected_syllabus,ECDICT 标签仅作候选；所选考纲四级范围无对应词形，不自动加入。,"adv. 与生命有关地, 致命地, 紧要地",,ecdict-bc015ed2e24a
vitamin,cet4 cet6 ky,"[""cet4-w-2a653829ab1996c884e7""]",in_selected_syllabus,与当前考纲词形或已登记拼写变体相符。,"n. 维生素
[化] 维生素",s:vitamins,ecdict-bc015ed2e24a
vivid,gk cet4 cet6 ky toefl ielts gre,"[""cet4-w-2fd142489d8ef4751941""]",in_selected_syllabus,与当前考纲词形或已登记拼写变体相符。,"a. 生动的, 鲜明的, 鲜艳的, 活泼的, 逼真的, 清晰的",,ecdict-bc015ed2e24a
vocabulary,gk cet4 cet6 ky ielts,"[""cet4-w-dd743b7a1eba0da11402""]",in_selected_syllabus,与当前考纲词形或已登记拼写变体相符。,"n. 词汇(量), 词汇表
[计] 词表",s:vocabularies,ecdict-bc015ed2e24a
voice,zk gk cet4 cet6 ky,"[""cet4-w-d24ccfbf708220513e29""]",in_selected_syllabus,与当前考纲词形或已登记拼写变体相符。,"n. 声音, 嗓音, 嗓子, 愿望, 发言权, 表达, 喉舌, 语态
vt. 表达, 吐露, 调音",s:voices/d:voiced/p:voiced/i:voicing/3:voices,ecdict-bc015ed2e24a
volcano,gk cet4 cet6 ky toefl ielts,"[""cet4-w-2dd0c9b1ca9802504df6""]",in_selected_syllabus,与当前考纲词形或已登记拼写变体相符。,n. 火山,s:volcanos,ecdict-bc015ed2e24a
volleyball,zk gk cet4 cet6 ky,"[""cet4-w-6a8476a89824d817b60f""]",in_selected_syllabus,与当前考纲词形或已登记拼写变体相符。,n. 排球,,ecdict-bc015ed2e24a
volt,cet4 cet6 ky toefl,"[""cet4-w-acc48b584c47df7c65c4""]",in_selected_syllabus,与当前考纲词形或已登记拼写变体相符。,"n. 伏特
[化] 伏特",s:volts,ecdict-bc015ed2e24a
voltage,cet4 cet6 ky toefl ielts,"[""cet4-w-779ceac1719bdecc232e""]",in_selected_syllabus,与当前考纲词形或已登记拼写变体相符。,"n. 电压, 伏特数
[化] 电压",s:voltages,ecdict-bc015ed2e24a
volume,cet4 cet6 ky toefl ielts,"[""cet4-w-498f9095f5eb6f02e800""]",in_selected_syllabus,与当前考纲词形或已登记拼写变体相符。,"n. 册, 卷, 体积, 容量, 大量, 许多, 份量, 音量
vi. 成团卷起
vt. 把...收集成卷
a. 大量的
[计] 卷",s:volumes,ecdict-bc015ed2e24a
voluntary,gk cet4 cet6 ky toefl ielts,"[""cet4-w-a79279ec09743328fcf5""]",in_selected_syllabus,与当前考纲词形或已登记拼写变体相符。,"a. 自动的, 自愿的, 故意的, 志愿的, 自发的
n. 自愿行动, 志愿者, 自由调",s:voluntaries,ecdict-bc015ed2e24a
volunteer,gk cet4 cet6 ky toefl ielts,"[""cet4-w-9d7ca67fbe8178576167""]",in_selected_syllabus,与当前考纲词形或已登记拼写变体相符。,"n. 志愿者
a. 志愿的
v. 自愿",s:volunteers/p:volunteered/d:volunteered/i:volunteering/3:volunteers,ecdict-bc015ed2e24a
vote,gk cet4 cet6 ky toefl,"[""cet4-w-f82145481d8bdea74bdf""]",in_selected_syllabus,与当前考纲词形或已登记拼写变体相符。,"n. 投票, 选举, 选票, 表决, 选举权, 得票数
vi. 投票, 选举
vt. 投票选举, 投票决定, 公认, 使投票",s:votes/d:voted/p:voted/i:voting/3:votes,ecdict-bc015ed2e24a
voyage,gk cet4 cet6 ky toefl,"[""cet4-w-03b04aa5f06d71b80681""]",in_selected_syllabus,与当前考纲词形或已登记拼写变体相符。,"n. 航行, 航海, 航程, 旅行, 航空
vi. 航海, 航行
vt. 航行越过, 飞过",s:voyages/i:voyaging/p:voyaged/3:voyages/d:voyaged,ecdict-bc015ed2e24a
wage,gk cet4 cet6 ky toefl gre,"[""cet4-w-e804aff3febbebc07084""]",in_selected_syllabus,与当前考纲词形或已登记拼写变体相符。,"n. 工资, 报应, 报偿
vt. 开展, 进行
vi. 进行",s:wages/d:waged/i:waging/p:waged/3:wages,ecdict-bc015ed2e24a
waggon,cet4 cet6 ielts,"[""cet4-w-b5613e714aef6a916f56""]",in_selected_syllabus,与当前考纲词形或已登记拼写变体相符。,"n. 运货车, 四轮运货马车, (英)铁路货车, 流动服务车, 小型客车, 囚车, 童车",s:waggons/i:waggoning/p:waggoned,ecdict-bc015ed2e24a
wagon,cet4 ky toefl,"[""cet4-w-b5613e714aef6a916f56""]",in_selected_syllabus,与当前考纲词形或已登记拼写变体相符。,"n. 四轮马车, 货车
[法] 囚车, 马车, 运货车",s:wagons,ecdict-bc015ed2e24a
waist,gk cet4 cet6 ky toefl,"[""cet4-w-1a78c95fae68b4d35597""]",in_selected_syllabus,与当前考纲词形或已登记拼写变体相符。,"n. 腰部, 腰
[医] 腰",s:waists/p:waisted,ecdict-bc015ed2e24a
waiter,gk cet4 cet6 ky ielts,"[""cet4-w-9cd3e05702d585deba2a""]",in_selected_syllabus,与当前考纲词形或已登记拼写变体相符。,n. 侍者,s:waiters,ecdict-bc015ed2e24a
waken,cet4 cet6 ky,"[""cet4-w-ce50e121f5cfa76552e0""]",in_selected_syllabus,与当前考纲词形或已登记拼写变体相符。,"vt. 唤醒, 使觉醒, 激发
vi. 觉醒, 醒来",d:wakened/p:wakened/i:wakening/3:wakens,ecdict-bc015ed2e24a
wallet,gk cet4 cet6 ky,"[""cet4-w-ba5bca27e16a973f0eed""]",in_selected_syllabus,与当前考纲词形或已登记拼写变体相符。,"n. 皮夹
[法] 皮包, 皮夹, 钱袋",s:wallets,ecdict-bc015ed2e24a
wander,gk cet4 cet6 ky toefl ielts,"[""cet4-w-aedd836b577592b11103""]",in_selected_syllabus,与当前考纲词形或已登记拼写变体相符。,"vi. 游荡, 漫步, 徘徊, 迷路, 离题, 蜿蜒
vt. 在...漫游",i:wandering/p:wandered/d:wandered/3:wanders,ecdict-bc015ed2e24a
war,zk gk cet4 cet6 ky,"[""cet4-w-c83a6a22eba4e2a5ece9""]",in_selected_syllabus,与当前考纲词形或已登记拼写变体相符。,"n. 战争, 战争状态, 战术, 军事, 冲突, 斗争, 竞争
vi. 进行战争, 作战, 打仗, 战斗
a. 战争的, 战时用的",s:wars/i:warring/p:warred/3:wars/d:warred,ecdict-bc015ed2e24a
warmth,gk cet4 cet6 ky,"[""cet4-w-edd0fb4b9e6b56743392""]",in_selected_syllabus,与当前考纲词形或已登记拼写变体相符。,"n. 温暖, 温情, 暖和, 激动, 生气",,ecdict-bc015ed2e24a
warn,zk cet4 cet6 ky toefl,"[""cet4-w-b3986b21dda08a2841ec""]",in_selected_syllabus,与当前考纲词形或已登记拼写变体相符。,"vt. 警告, 提醒, 通知
vi. 发出警告",p:warned/d:warned/3:warns/i:warning,ecdict-bc015ed2e24a
waste,zk gk cet4 cet6 ky ielts gre,"[""cet4-w-bed79657905d590bc175""]",in_selected_syllabus,与当前考纲词形或已登记拼写变体相符。,"n. 浪费, 废物, 损耗, 消耗, 荒地, 垃圾, 地面风化物
a. 废弃的, 荒芜的, 多余的
vt. 浪费, 消耗, 使荒芜
vi. 浪费, 消耗, 变消瘦",i:wasting/d:wasted/s:wastes/p:wasted/3:wastes,ecdict-bc015ed2e24a
waterfall,cet4 cet6 ky ielts,[],outside_selected_syllabus,ECDICT 标签仅作候选；所选考纲四级范围无对应词形，不自动加入。,n. 瀑布,s:waterfalls,ecdict-bc015ed2e24a
waterproof,cet4 cet6 ky toefl,"[""cet4-w-dc6e760b89536c8bc97d""]",in_selected_syllabus,与当前考纲词形或已登记拼写变体相符。,"n. 防水材料
a. 不透水的, 防水的
vt. 使防水",s:waterproofs/d:waterproofed/i:waterproofing/p:waterproofed/3:waterproofs,ecdict-bc015ed2e24a
wave,gk cet4 cet6 ky ielts,"[""cet4-w-ed0d2af5180f67e4bea3""]",in_selected_syllabus,与当前考纲词形或已登记拼写变体相符。,"n. 波, 波浪, 波动, 起伏, 高潮, 潮涌, 挥手致意, (气压)突变
vi. 波动, 飘动, 挥手示意, 起伏
vt. 使波动, 使飘扬, 挥舞, 使成波浪形",s:waves/p:waved/i:waving/d:waved/3:waves,ecdict-bc015ed2e24a
wavelength,cet4 cet6,[],outside_selected_syllabus,ECDICT 标签仅作候选；所选考纲四级范围无对应词形，不自动加入。,"n. 波长
[化] 波长",s:wavelengths,ecdict-bc015ed2e24a
wax,gk cet4 cet6 ky toefl ielts gre,"[""cet4-w-972487241cd9b0281003""]",in_selected_syllabus,与当前考纲词形或已登记拼写变体相符。,"n. 蜡, 蜡状物, 一阵发怒, 增加, (月亮)渐盈
vi. 变大, 增大, 月亮渐满
vt. 上蜡于",i:waxing/p:waxed/s:waxes/3:waxes/d:waxed,ecdict-bc015ed2e24a
weak,zk gk cet4 cet6 ky,"[""cet4-w-9a13b22001673f8f4bad""]",in_selected_syllabus,与当前考纲词形或已登记拼写变体相符。,"a. 不牢固的, 弱的, 虚弱的, 软弱的, 无力的, 无权力的, (论据等)不充分的
[经] 疲软的",r:weaker/t:weakest,ecdict-bc015ed2e24a
weaken,cet4 cet6,"[""cet4-w-ba7101bba76ec25c8858""]",in_selected_syllabus,与当前考纲词形或已登记拼写变体相符。,"vt. 削弱, 减弱, 使虚弱
vi. 变弱, 变软弱",d:weakened/i:weakening/p:weakened/3:weakens,ecdict-bc015ed2e24a
weakness,gk cet4 cet6,"[""cet4-w-14e8480874f29ba5bbd2""]",in_selected_syllabus,与当前考纲词形或已登记拼写变体相符。,"n. 虚弱, 薄弱, 弱点
[经] 欲振乏力",s:weaknesses,ecdict-bc015ed2e24a
wealth,zk gk cet4 cet6 ky ielts,"[""cet4-w-97b2a85bb619e395a60b""]",in_selected_syllabus,与当前考纲词形或已登记拼写变体相符。,"n. 财富, 资源, 财产, 丰富, 富裕, 大量
[经] 财富",,ecdict-bc015ed2e24a
wealthy,gk cet4 cet6 ky,"[""cet4-w-3fbf43fbef97584fd8ec""]",in_selected_syllabus,与当前考纲词形或已登记拼写变体相符。,"a. 富有的, 丰裕的, 充分的",r:wealthier/t:wealthiest,ecdict-bc015ed2e24a
weapon,cet4 cet6 ky toefl ielts,"[""cet4-w-81defd1362c2df09bf64""]",in_selected_syllabus,与当前考纲词形或已登记拼写变体相符。,"n. 武器, 兵器
vt. 武装",s:weapons,ecdict-bc015ed2e24a
weary,cet4 cet6 ky toefl ielts gre,[],outside_selected_syllabus,ECDICT 标签仅作候选；所选考纲四级范围无对应词形，不自动加入。,"a. 疲倦的, 萎靡的, 厌倦的, 厌烦的
vt. 使疲倦, 使厌烦
vi. 疲乏, 生厌, 不耐烦",d:wearied/i:wearying/p:wearied/r:wearier/s:wearies/t:weariest/3:wearies,ecdict-bc015ed2e24a
weave,cet4 cet6 ky toefl ielts,"[""cet4-w-7a9a2aa758de8445324c""]",in_selected_syllabus,与当前考纲词形或已登记拼写变体相符。,"n. 编法, 织法, 编织式样
vt. 编织, 组合, 编排, 使迂回前进
vi. 纺织, 迂回行进",d:woven/i:weaving/p:wove/3:weaves/s:weaves,ecdict-bc015ed2e24a
wedding,gk cet4 cet6 ky toefl ielts,"[""cet4-w-7c04ec4169204cfaeb7e""]",in_selected_syllabus,与当前考纲词形或已登记拼写变体相符。,"n. 婚礼, 结婚, 结婚周年纪念日, 结合
[法] 结婚, 婚礼, 结婚纪念日",s:weddings/i:wedding/0:wedding/1:i,ecdict-bc015ed2e24a
weed,gk cet4 cet6 ky toefl ielts gre,"[""cet4-w-a9f107e38ed6f77a2a1d""]",in_selected_syllabus,与当前考纲词形或已登记拼写变体相符。,"n. 杂草, 野草
vi. 除草
vt. 除...的草, 剔除",0:wee/1:dp/s:weeds/i:weeding/d:weeded/p:weeded/3:weeds,ecdict-bc015ed2e24a
weekday,zk gk cet4 cet6 ky,"[""cet4-w-f52f4a9db8b6cd8b6bce""]",in_selected_syllabus,与当前考纲词形或已登记拼写变体相符。,"n. 周日, 平日
[计] 工作日",s:weekdays,ecdict-bc015ed2e24a
weekly,gk cet4 cet6 ky ielts,"[""cet4-w-8ee00c86bea6a747823a""]",in_selected_syllabus,与当前考纲词形或已登记拼写变体相符。,"n. 周刊, 周报
a. 每周的, 一周一次的, 周刊的
adv. 每周, 一周一次",s:weeklies,ecdict-bc015ed2e24a
weep,gk cet4 cet6 ky toefl,"[""cet4-w-e70c58c069e6d9948087""]",in_selected_syllabus,与当前考纲词形或已登记拼写变体相符。,"n. 哭, 哭泣
vi. 哭泣, 流泪, 哀悼, 滴落
vt. 哭着使..., 悲叹, 滴下",p:wept/i:weeping/d:wept/3:weeps,ecdict-bc015ed2e24a
weigh,zk gk cet4 cet6 ky,"[""cet4-w-6e21fcd1aa0d31cd017c""]",in_selected_syllabus,与当前考纲词形或已登记拼写变体相符。,"vt. 称...重量, 衡量, 把...压弯, 考虑, 权衡, 起锚
vi. 称分量, 有意义, 重压, 起锚
n. 过秤, 称分量",i:weighing/p:weighed/3:weighs/d:weighed/s:weighs,ecdict-bc015ed2e24a
weld,cet4 cet6 ky toefl ielts gre,[],outside_selected_syllabus,ECDICT 标签仅作候选；所选考纲四级范围无对应词形，不自动加入。,"n. 焊接处, 焊接
vt. 焊接, 使密接, 使结合, 使成整体
vi. 焊牢",d:welded/p:welded/i:welding/s:welds/3:welds,ecdict-bc015ed2e24a
welfare,gk cet4 cet6 ky toefl ielts,"[""cet4-w-538b71b10feef20386f6""]",in_selected_syllabus,与当前考纲词形或已登记拼写变体相符。,"n. 福利, 安宁, 幸福, 福利事业
a. 福利的",,ecdict-bc015ed2e24a
well-known,cet4 cet6,"[""cet4-w-da4d2d00a9e5fb8106e9""]",in_selected_syllabus,与当前考纲词形或已登记拼写变体相符。,"a. 众所周知的, 有名的",,ecdict-bc015ed2e24a
westward,cet4 cet6,[],outside_selected_syllabus,ECDICT 标签仅作候选；所选考纲四级范围无对应词形，不自动加入。,"n. 朝西的方向
a. 向西的
adv. 向西的",,ecdict-bc015ed2e24a
whale,zk gk cet4 cet6 ky toefl,"[""cet4-w-82f554aac35ba0212eb9""]",in_selected_syllabus,与当前考纲词形或已登记拼写变体相符。,"n. 鲸
vi. 捕鲸
vt. 使惨败, 猛揍",s:whales/i:whaling/p:whaled/3:whales/d:whaled,ecdict-bc015ed2e24a
whatever,zk gk cet4 cet6 ky ielts,"[""cet4-w-030a6300fb52295ca0af""]",in_selected_syllabus,与当前考纲词形或已登记拼写变体相符。,pron. 无论什么,,ecdict-bc015ed2e24a
whatsoever,cet4 ky,"[""cet4-w-34e3ea4616743282a79e""]",in_selected_syllabus,与当前考纲词形或已登记拼写变体相符。,pron. 无论什么,,ecdict-bc015ed2e24a
wheat,zk gk cet4 cet6 ky toefl,"[""cet4-w-c668e53222a8ca934bad""]",in_selected_syllabus,与当前考纲词形或已登记拼写变体相符。,n. 小麦,s:wheats,ecdict-bc015ed2e24a
wheel,zk gk cet4 cet6 ky ielts,"[""cet4-w-a8db4662e37b1c7e73d2""]",in_selected_syllabus,与当前考纲词形或已登记拼写变体相符。,"n. 轮子, 车轮, 轮, 方向盘, 旋转, 机构, 重要人物
vt. 使旋转, 转动, 使转向
vi. 旋转, 转弯, 盘旋",s:wheels/p:wheeled/i:wheeling/d:wheeled/3:wheels,ecdict-bc015ed2e24a
whenever,zk gk cet4 cet6 ky,"[""cet4-w-ae51e78eb49f07ea88aa""]",in_selected_syllabus,与当前考纲词形或已登记拼写变体相符。,"conj. 每当
adv. 不论何时, 每逢",,ecdict-bc015ed2e24a
whereas,cet4 cet6 ky toefl ielts,"[""cet4-w-1ab2939c46aa4308dd34""]",in_selected_syllabus,与当前考纲词形或已登记拼写变体相符。,"conj. 然而, 鉴于
[法] 考虑到, 鉴于, 就...而论",,ecdict-bc015ed2e24a
wherever,gk cet4 cet6 ky,"[""cet4-w-fbd34026742653063fda""]",in_selected_syllabus,与当前考纲词形或已登记拼写变体相符。,adv. 无论哪里,,ecdict-bc015ed2e24a
whichever,gk cet4 cet6 ky,"[""cet4-w-384873c8e32bd5e304ca""]",in_selected_syllabus,与当前考纲词形或已登记拼写变体相符。,"pron. 无论那一个, 任何一个",,ecdict-bc015ed2e24a
whilst,cet4 cet6 ielts,"[""cet4-w-61636a567564439d0aa4""]",in_selected_syllabus,与当前考纲词形或已登记拼写变体相符。,"conj. 当...的时候, 和...同时, 虽然, 只要, 然而, 而, 尽管",,ecdict-bc015ed2e24a
whip,cet4 cet6 ky ielts,"[""cet4-w-b8b65cde6104b2fb28d2""]",in_selected_syllabus,与当前考纲词形或已登记拼写变体相符。,"n. 鞭子, 抽打, 车夫, 搅拌器
vt. 鞭打, 搅拌, 煽动, 召集, 仓促制成
vi. 拍击, 急走, 抽打",s:whips/p:whipped/i:whipping/d:whipped/3:whips,ecdict-bc015ed2e24a
whirl,cet4 cet6 ky ielts,[],outside_selected_syllabus,ECDICT 标签仅作候选；所选考纲四级范围无对应词形，不自动加入。,"n. 回旋, 旋转, 急走, 眩晕
vt. 使旋转, 使回旋, 卷走
vi. 回旋, 旋转, 急走, 发晕",p:whirled/i:whirling/3:whirls/d:whirled/s:whirls,ecdict-bc015ed2e24a
whisky,cet4 cet6 ky,"[""cet4-w-fbe6fe497f94d89420b5""]",in_selected_syllabus,与当前考纲词形或已登记拼写变体相符。,"n. 威士忌酒, 轻便马车
[化] 威士忌酒",s:whiskies,ecdict-bc015ed2e24a
whisper,gk cet4 cet6 ky gre,"[""cet4-w-1beea0beff24c18c3573""]",in_selected_syllabus,与当前考纲词形或已登记拼写变体相符。,"n. 耳语, 密谈, 谣传, 沙沙声
vi. 耳语, 密谈, 沙沙地响
vt. 低声说",p:whispered/i:whispering/s:whispers/3:whispers/d:whispered,ecdict-bc015ed2e24a
whistle,gk cet4 cet6 ky ielts gre,"[""cet4-w-8bf9ffd60f45e640b627""]",in_selected_syllabus,与当前考纲词形或已登记拼写变体相符。,"n. 口哨, 汽笛, 啸啸声, 口哨声
vi. 吹口哨, 鸣汽笛, 发嘘嘘声
vt. 用口哨或吹哨传意, 用口哨演奏",p:whistled/i:whistling/s:whistles/3:whistles/d:whistled,ecdict-bc015ed2e24a
whitewash,cet4 cet6 ky,[],outside_selected_syllabus,ECDICT 标签仅作候选；所选考纲四级范围无对应词形，不自动加入。,"n. 白色涂料, 粉饰, 得零分的惨败",d:whitewashed/p:whitewashed/i:whitewashing/s:whitewashes/3:whitewashes,ecdict-bc015ed2e24a
whoever,cet4 cet6 ky,"[""cet4-w-c308e43eb188187f9855""]",in_selected_syllabus,与当前考纲词形或已登记拼写变体相符。,"pron. 任何人, 无论谁",,ecdict-bc015ed2e24a
whole,zk gk cet4 cet6 ky,"[""cet4-w-33ee091f35e2367ff24b""]",in_selected_syllabus,与当前考纲词形或已登记拼写变体相符。,"n. 全部, 全体, 整体, 完全之体系
a. 所有的, 完整的, 完全的, 纯粹的",s:wholes,ecdict-bc015ed2e24a
wholly,cet4 cet6 ky,"[""cet4-w-b5da3ccf8b05fe322755""]",in_selected_syllabus,与当前考纲词形或已登记拼写变体相符。,"adv. 完全地, 整个, 统统, 全部
[法] 完全地, 统统地",,ecdict-bc015ed2e24a
wicked,cet4 cet6 ky ielts gre,[],outside_selected_syllabus,ECDICT 标签仅作候选；所选考纲四级范围无对应词形，不自动加入。,"a. 坏的, 邪恶的, 缺德的, 刻毒的, 恶劣的, 淘气的",,ecdict-bc015ed2e24a
widely,cet4 cet6,[],outside_selected_syllabus,ECDICT 标签仅作候选；所选考纲四级范围无对应词形，不自动加入。,adv. 广泛地,,ecdict-bc015ed2e24a
widen,cet4 cet6,"[""cet4-w-048fcd7f7d4c22e71b16""]",in_selected_syllabus,与当前考纲词形或已登记拼写变体相符。,"vt. 弄宽, 加宽, 扩大
vi. 变宽, 扩大",d:widened/p:widened/i:widening/3:widens,ecdict-bc015ed2e24a
widespread,gk cet4 cet6 ky toefl,"[""cet4-w-ded25450e026cbd56de1""]",in_selected_syllabus,与当前考纲词形或已登记拼写变体相符。,"a. 充分伸展的, 广布的, 普及的, 流传广的",,ecdict-bc015ed2e24a
widow,cet4 cet6 ky toefl,"[""cet4-w-a83d15557fdf64165892""]",in_selected_syllabus,与当前考纲词形或已登记拼写变体相符。,"n. 寡妇, 孀妇
vt. 使成寡妇",s:widows/d:widowed/p:widowed/i:widowing/3:widows,ecdict-bc015ed2e24a
width,cet4 cet6 ky ielts,"[""cet4-w-dc46dafcb3c2cd1ab10f""]",in_selected_syllabus,与当前考纲词形或已登记拼写变体相符。,"n. 宽度, 宽广, 广博
[医] 宽度",s:widths,ecdict-bc015ed2e24a
wild,gk cet4 cet6 ky,"[""cet4-w-53a5fb17f0601f2f4257""]",in_selected_syllabus,与当前考纲词形或已登记拼写变体相符。,"n. 荒野, 荒地
a. 野性的, 野蛮的, 野生的, 失控的, 任性的, 杂乱的, 轻率的, 狂热的, 疯狂的
adv. 狂暴地, 失控地",r:wilder/t:wildest/s:wilds,ecdict-bc015ed2e24a
willing,gk cet4 cet6 ky,"[""cet4-w-5332181ff42ae2f71058""]",in_selected_syllabus,与当前考纲词形或已登记拼写变体相符。,"a. 乐意的, 自愿的, 甘愿的",i:willing/0:willing/1:i,ecdict-bc015ed2e24a
win,zk gk cet4 cet6 ky,"[""cet4-w-d874431a29a9cbe4d63d""]",in_selected_syllabus,与当前考纲词形或已登记拼写变体相符。,"vt. 赢得, 打胜, 成功
vi. 获胜, 达到, 影响
n. 胜利, 赢, 收益",p:won/d:won/i:winning/3:wins/s:wins,ecdict-bc015ed2e24a
wine,zk gk cet4 cet6 ky,"[""cet4-w-5d58e188ccf0d6dc5a84""]",in_selected_syllabus,与当前考纲词形或已登记拼写变体相符。,"n. 葡萄酒, 果酒, 暗红色
v. (请)喝酒",s:wines/p:wined/d:wined/i:wining/3:wines,ecdict-bc015ed2e24a
wing,zk gk cet4 cet6 ky ielts,"[""cet4-w-aec2b93e0d12851fefd6""]",in_selected_syllabus,与当前考纲词形或已登记拼写变体相符。,"n. 翅膀, 翼, 机翼, 派别
vt. 给...装上翼, 飞过, 使飞, 空运, 增加...速度
vi. 飞行",s:wings/i:winging/3:wings/p:winged/d:winged,ecdict-bc015ed2e24a
winner,zk gk cet4 cet6,"[""cet4-w-f601332b87f51b5e79ba""]",in_selected_syllabus,与当前考纲词形或已登记拼写变体相符。,"n. 胜利者, 优胜者
[法] 取胜者",s:winners,ecdict-bc015ed2e24a
wipe,gk cet4 cet6 ky,"[""cet4-w-9d2ebe4cd578a7cc9788""]",in_selected_syllabus,与当前考纲词形或已登记拼写变体相符。,"n. 擦拭, 用力打, 凸轮
vt. 擦, 揩, 消灭, 涂上, 拭去
vi. 擦, 打",p:wiped/i:wiping/d:wiped/3:wipes/s:wipes,ecdict-bc015ed2e24a
wire,gk cet4 cet6 ky,"[""cet4-w-1db76f55957eaa3f25ae""]",in_selected_syllabus,与当前考纲词形或已登记拼写变体相符。,"n. 电线, 电报, 电信, 铁丝网, 金属丝
vt. 用金属丝捆扎, 拍电报
vi. 打电报",s:wires/d:wired/p:wired/i:wiring/3:wires,ecdict-bc015ed2e24a
wireless,cet4 cet6,"[""cet4-w-75178902622d5fc460f4""]",in_selected_syllabus,与当前考纲词形或已登记拼写变体相符。,"n. 无线电
a. 无线的, 无线电的",s:wirelesses/d:wirelessed/p:wirelessed,ecdict-bc015ed2e24a
wisdom,gk cet4 cet6 ky ielts,"[""cet4-w-c36f8c3a1f39ae276099""]",in_selected_syllabus,与当前考纲词形或已登记拼写变体相符。,"n. 智慧, 明智行为, 学识, 名言, 贤人",s:wisdoms,ecdict-bc015ed2e24a
wise,zk gk cet4 cet6 ky ielts,"[""cet4-w-d4daf080de52dad6a049""]",in_selected_syllabus,与当前考纲词形或已登记拼写变体相符。,"a. 明智的, 慎虑的, 聪明的, 博学的, 狡猾的, 机灵的
vi. 知道
vt. 教导, 告诉, 劝导
n. 方法, 方式
[计] 教育信息系统",r:wiser/t:wisest/d:wised,ecdict-bc015ed2e24a
wit,cet4 cet6 ky toefl ielts gre,"[""cet4-w-2f7d2ebd913a37bf9e3c""]",in_selected_syllabus,与当前考纲词形或已登记拼写变体相符。,"n. 机智, 智力, 头脑, 理智, 妙语, 机智的人",s:wits,ecdict-bc015ed2e24a
withdraw,gk cet4 cet6 ky toefl ielts gre,"[""cet4-w-7dda03830c3ff73a1a08""]",in_selected_syllabus,与当前考纲词形或已登记拼写变体相符。,"vt. 撤回, 取回, 撤消, 使撤退, 拉开, 移开
vi. 撤退, 离开",d:withdrawn/p:withdrew/i:withdrawing/3:withdraws,ecdict-bc015ed2e24a
within,gk cet4 cet6 ky,"[""cet4-w-268892a9490d74786c5f""]",in_selected_syllabus,与当前考纲词形或已登记拼写变体相符。,"n. 内部, 里头
adv. 在内部, 在内心里
prep. 在...之内",,ecdict-bc015ed2e24a
withstand,cet4 cet6 ky toefl ielts gre,"[""cet4-w-58aeb1e1d808984e73e1""]",in_selected_syllabus,与当前考纲词形或已登记拼写变体相符。,"vt. 抵住, 顶住, 经得起",d:withstood/i:withstanding/p:withstood/3:withstands,ecdict-bc015ed2e24a
witness,gk cet4 cet6 ky toefl ielts gre,"[""cet4-w-bed56c7987088379cf12""]",in_selected_syllabus,与当前考纲词形或已登记拼写变体相符。,"n. 证人, 目击者, 证据, 证词
vt. 目击, 作证, 证明, 表明
vi. 作证人, 作为证据",s:witnesses/d:witnessed/p:witnessed/i:witnessing/3:witnesses,ecdict-bc015ed2e24a
wolf,zk gk cet4 cet6 ky,"[""cet4-w-28a896f4e22e29f921b4""]",in_selected_syllabus,与当前考纲词形或已登记拼写变体相符。,"n. 狼, 残忍贪婪之人, 极度穷困
vt. 狼吞虎咽, 大吃",s:wolves/p:wolfed/i:wolfing/d:wolfed/3:wolfs,ecdict-bc015ed2e24a
wonder,zk gk cet4 cet6 ky toefl,"[""cet4-w-295fbbd258dfa59af051""]",in_selected_syllabus,与当前考纲词形或已登记拼写变体相符。,"n. 奇迹, 惊奇, 惊愕
vt. 惊奇, 想知道
vi. 惊讶, 怀疑",p:wondered/i:wondering/s:wonders/3:wonders/d:wondered,ecdict-bc015ed2e24a
wonderful,zk gk cet4 cet6 ky,"[""cet4-w-4c797933c207fb56269b""]",in_selected_syllabus,与当前考纲词形或已登记拼写变体相符。,"a. 令人惊奇的, 奇妙的, 极好的",,ecdict-bc015ed2e24a
wood,zk gk cet4 cet6 ky ielts,"[""cet4-w-b6c8ef78df366aab3122""]",in_selected_syllabus,与当前考纲词形或已登记拼写变体相符。,"n. 木材, 木制品
vt. 植林于, 给...添加木柴
vi. 收集木材",s:woods,ecdict-bc015ed2e24a
wooden,gk cet4 cet6 ky,"[""cet4-w-d1859c5ff1307ce49b0f""]",in_selected_syllabus,与当前考纲词形或已登记拼写变体相符。,"a. 木制的, 呆笨的, 木然的",,ecdict-bc015ed2e24a
wool,cet4 cet6 ky toefl,"[""cet4-w-90ac8ee32d57cf914076""]",in_selected_syllabus,与当前考纲词形或已登记拼写变体相符。,"n. 羊毛, 毛织物, 毛线, 绒线
[医] 羊毛, 绒毛, 棉[花]",s:wools,ecdict-bc015ed2e24a
woollen,gk cet4 cet6,"[""cet4-w-c256685ceb00f1ce3eb3""]",in_selected_syllabus,与当前考纲词形或已登记拼写变体相符。,"n. 毛织品
a. 羊毛制的",s:woollens,ecdict-bc015ed2e24a
workman,cet4 cet6,[],outside_selected_syllabus,ECDICT 标签仅作候选；所选考纲四级范围无对应词形，不自动加入。,"n. 工人, 工匠, 男工",s:workmen,ecdict-bc015ed2e24a
workshop,cet4 cet6 ky ielts,"[""cet4-w-4e728b5e4007654d1832""]",in_selected_syllabus,与当前考纲词形或已登记拼写变体相符。,"n. 工场, 车间, 研讨会
[计] 讨论会; 专题研究组",s:workshops,ecdict-bc015ed2e24a
world-wide,cet4 cet6,[],outside_selected_syllabus,ECDICT 标签仅作候选；所选考纲四级范围无对应词形，不自动加入。,a. 遍及全世界的,,ecdict-bc015ed2e24a
worldwide,gk cet4 ky toefl,"[""cet4-w-cfabb645d76bb7868b85""]",in_selected_syllabus,与当前考纲词形或已登记拼写变体相符。,a. 全世界的,,ecdict-bc015ed2e24a
worm,gk cet4 cet6 ky toefl,"[""cet4-w-d995eedf3ad597bb71e3""]",in_selected_syllabus,与当前考纲词形或已登记拼写变体相符。,"n. 虫, 蠕虫, 小人物, 螺纹, 蜗杆
vi. 蠕行, 慢慢前进
vt. 使蠕行, 慢慢地走, 除虫
[计] 蠕虫病毒",s:worms/p:wormed/i:worming/d:wormed/3:worms,ecdict-bc015ed2e24a
worse,gk cet4 cet6 ky,"[""cet4-w-ea3e14790fcbd319e152""]",in_selected_syllabus,与当前考纲词形或已登记拼写变体相符。,"n. 更坏的事, 更恶劣的事, 败局
a. 更坏的, 更恶劣的
adv. 更坏地, 更恶劣地",0:bad/1:r,ecdict-bc015ed2e24a
worship,cet4 cet6 ky ielts gre,"[""cet4-w-8216a01154f160ff50b2""]",in_selected_syllabus,与当前考纲词形或已登记拼写变体相符。,"n. 崇拜, 礼拜, 尊敬
vi. 参加礼拜
vt. 崇拜, 尊敬",d:worshipped/p:worshipped/3:worships/i:worshipping/s:worships,ecdict-bc015ed2e24a
worst,gk cet4 cet6 ky,"[""cet4-w-0a4f39e1d308f06ecf92""]",in_selected_syllabus,与当前考纲词形或已登记拼写变体相符。,"n. 最坏, 最坏的时候
a. 最坏的, 最恶劣的, 最不利的
adv. 最坏, 最糟",0:bad/1:t/d:worsted/3:worsts/r:worst/i:/p:,ecdict-bc015ed2e24a
worthless,gk cet4 cet6,"[""cet4-w-d8f3fdb75292a90c0a9c""]",in_selected_syllabus,与当前考纲词形或已登记拼写变体相符。,"a. 无价值的, 无益的, 无足轻重的
[法] 无价值的, 无用的",,ecdict-bc015ed2e24a
worthwhile,gk cet4 cet6 ky ielts,"[""cet4-w-d58e975fe56451e48b14""]",in_selected_syllabus,与当前考纲词形或已登记拼写变体相符。,"a. 值得花时间的, 值得做的, 有真实价值的",,ecdict-bc015ed2e24a
worthy,gk cet4 cet6 ky toefl,"[""cet4-w-814b32fcee40ff406e75""]",in_selected_syllabus,与当前考纲词形或已登记拼写变体相符。,"n. 杰出人物
a. 有价值的, 可敬的, 值得的",s:worthies/r:worthier/t:worthiest,ecdict-bc015ed2e24a
wound,zk gk cet4 cet6 ky,"[""cet4-w-dc0fa9f48ef0d6abdcd0""]",in_selected_syllabus,与当前考纲词形或已登记拼写变体相符。,"n. 创伤, 伤口, 伤疤, 伤害, 痛苦
vt. 伤害, 损害, 使受伤
vi. 打伤, 伤害
wind的过去式和过去分词",0:wind/1:pd/s:wounds/d:wounded/i:wounding/p:wounded/3:wounds,ecdict-bc015ed2e24a
wrap,cet4 cet6 ky toefl ielts,"[""cet4-w-9ac8a2d92d460ad51168""]",in_selected_syllabus,与当前考纲词形或已登记拼写变体相符。,"n. 外套, 围巾, 包裹物, 限制, 约束, 秘密, 换行
vt. 包装, 卷, 缠绕, 包, 裹, 覆盖, 遮蔽, 隐藏, 掩护
vi. 缠绕, 穿外衣, 包起来
[计] 换行",d:wrapped/p:wrapped/i:wrapping/s:wraps/3:wraps,ecdict-bc015ed2e24a
wreath,cet4 cet6 ky,[],outside_selected_syllabus,ECDICT 标签仅作候选；所选考纲四级范围无对应词形，不自动加入。,"n. 花圈, 花环, 圈状物
[医] 花冠, 花冠体(细胞核分裂的一时期)",s:wreaths,ecdict-bc015ed2e24a
wreck,cet4 cet6 ky toefl ielts,"[""cet4-w-8250f4085f19c0a4329b""]",in_selected_syllabus,与当前考纲词形或已登记拼写变体相符。,"n. 失事, 残骸, 破坏
vt. 使失事, 拆毁, 破坏
vi. (船)失事, 营救失事船只",d:wrecked/p:wrecked/s:wrecks/i:wrecking/3:wrecks,ecdict-bc015ed2e24a
wreckage,cet4 gre,"[""cet4-w-45d11ea81aceb97ea42b""]",in_selected_syllabus,与当前考纲词形或已登记拼写变体相符。,"n. 残骸, 失事, 破坏
[经] (船双等的)失事遭难",,ecdict-bc015ed2e24a
wrist,gk cet4 cet6 ky toefl gre,"[""cet4-w-d579dbe9df130ea2ac82""]",in_selected_syllabus,与当前考纲词形或已登记拼写变体相符。,"n. 手腕, 腕关节
[医] 腕",s:wrists,ecdict-bc015ed2e24a
writer,cet4 cet6 ielts,"[""cet4-w-15daa83363b72d637b0b""]",in_selected_syllabus,与当前考纲词形或已登记拼写变体相符。,"n. 作家, 撰稿者, 抄写员
[化] 记录器",s:writers,ecdict-bc015ed2e24a
writing,gk cet4 cet6 ky ielts,"[""cet4-w-d9a23f011e913b6ec7c5""]",in_selected_syllabus,与当前考纲词形或已登记拼写变体相符。,"n. 书写, 著作, 笔迹, 作品
[医] 书写",0:write/1:i/i:writing/s:writings,ecdict-bc015ed2e24a
x-ray,zk cet4 ielts,"[""cet4-w-778ea84560380e782217""]",in_selected_syllabus,与当前考纲词形或已登记拼写变体相符。,"a. X射线的
vt. 用X光检查, 照X光
vi. 使用X光",s:x-rays/i:x-raying/p:x-rayed/3:x-rays/d:x-rayed,ecdict-bc015ed2e24a
yard,zk gk cet4 cet6 ky ielts,"[""cet4-w-a54a8cef11cfcb87b568""]",in_selected_syllabus,与当前考纲词形或已登记拼写变体相符。,"n. 码, 庭院, 工场
[化] 堆置场",s:yards,ecdict-bc015ed2e24a
yawn,gk cet4 cet6 ky toefl ielts gre,[],outside_selected_syllabus,ECDICT 标签仅作候选；所选考纲四级范围无对应词形，不自动加入。,"n. 哈欠
vi. 打哈欠, 裂开
vt. 打着哈欠说",p:yawned/i:yawning/3:yawns/s:yawns/d:yawned,ecdict-bc015ed2e24a
yearly,cet4 cet6 ky,"[""cet4-w-cf54ebe9a474abb4657b""]",in_selected_syllabus,与当前考纲词形或已登记拼写变体相符。,"a. 每年的, 一年一度的
adv. 一年一次, 每年",,ecdict-bc015ed2e24a
yell,gk cet4 cet6 ky toefl,"[""cet4-w-d66b2a6306cfa8576d76""]",in_selected_syllabus,与当前考纲词形或已登记拼写变体相符。,"vi. 叫喊, 大叫, (齐声)呐喊欢呼
vt. 喊叫着说
n. 叫声, 喊声, 呐喊",p:yelled/i:yelling/3:yells/s:yells/d:yelled,ecdict-bc015ed2e24a
yield,cet4 cet6 ky toefl ielts,"[""cet4-w-d29518ddb97dfce9b6b8""]",in_selected_syllabus,与当前考纲词形或已登记拼写变体相符。,"n. 生产量, 投资收益
vt. 出产, 给予, 让出, 放弃, 使屈服
vi. 出产, 屈服, 投降, 倒塌",s:yields/3:yields/p:yielded/d:yielded/i:yielding,ecdict-bc015ed2e24a
youngster,cet4 cet6 ky toefl ielts,"[""cet4-w-ea7cb3fff9fd0f8380a1""]",in_selected_syllabus,与当前考纲词形或已登记拼写变体相符。,"n. 小孩, 年轻人, 少年
[法] 儿童, 少年, 青年",s:youngsters,ecdict-bc015ed2e24a
youth,gk cet4 cet6 ky ielts,"[""cet4-w-baa0c859c45a989c7509""]",in_selected_syllabus,与当前考纲词形或已登记拼写变体相符。,"n. 年轻, 青年时代, 青年们, 青春
[法] 青年, 青年时期, 青春时期",s:youths,ecdict-bc015ed2e24a
youthful,cet4 cet6,"[""cet4-w-c238d9c8ce4666264f66""]",in_selected_syllabus,与当前考纲词形或已登记拼写变体相符。,"a. 年轻的, 青年的
[法] 青年的, 年轻的",,ecdict-bc015ed2e24a
zeal,cet4 cet6 ky toefl,[],outside_selected_syllabus,ECDICT 标签仅作候选；所选考纲四级范围无对应词形，不自动加入。,"n. 热心, 热衷, 热诚",,ecdict-bc015ed2e24a
zealous,cet4 cet6 toefl,[],outside_selected_syllabus,ECDICT 标签仅作候选；所选考纲四级范围无对应词形，不自动加入。,"a. 热衷的, 热诚的, 热心的, 热情的",,ecdict-bc015ed2e24a
zebra,zk gk cet4 cet6 ky,[],outside_selected_syllabus,ECDICT 标签仅作候选；所选考纲四级范围无对应词形，不自动加入。,n. 斑马,s:zebras,ecdict-bc015ed2e24a
zone,gk cet4 cet6 ky toefl gre,"[""cet4-w-e0f1162da15d4cd0d49a""]",in_selected_syllabus,与当前考纲词形或已登记拼写变体相符。,"n. 地带, 带, 地区
vt. 环绕, 使分成地带
vi. 分成区
[计] 卡片顶部的三行区; 区; 区域",s:zones/i:zoning/p:zoned/3:zones/d:zoned,ecdict-bc015ed2e24a
