word_id,collocation_id,order_index,phrase,meaning,example
91419fea-861e-4ab8-aae0-19725782dfe8,b21fc1c4-1fde-4736-8cb4-9df725cf9563,1,accord with desire,与愿望一致,
91419fea-861e-4ab8-aae0-19725782dfe8,9a9b8f46-bdb8-406e-9b17-8e9831d4db4d,2,be in accord with sth.,与某物一致,
c945ec32-e74d-4a3a-803e-2e5e56bbd1fb,bd354817-9bc8-4e5c-a6be-4193ee27d110,1,a lengthy questionnaire,冗长的调查问卷,
c945ec32-e74d-4a3a-803e-2e5e56bbd1fb,26d70099-5051-49f8-9a5f-02805cd0b79d,2,a questionnaire about...,关于……的问卷,
c945ec32-e74d-4a3a-803e-2e5e56bbd1fb,5a9cab88-a21f-4a60-a738-2a79a16ebfe2,3,a questionnaire survey,问卷调查,
c945ec32-e74d-4a3a-803e-2e5e56bbd1fb,7ba2e9d6-28a8-4673-8970-2108132071d1,4,fill in a questionnaire,填写调查表,
52e57afe-8dcc-46d0-a31f-a7a10a41b9d4,fc402e3a-7b75-4e23-bde2-a4a79367f2ad,1,a local business,本地企业,
52e57afe-8dcc-46d0-a31f-a7a10a41b9d4,b9b97348-2136-491a-9677-56ac722c416a,2,a local government,地方政府,
52e57afe-8dcc-46d0-a31f-a7a10a41b9d4,98b98c69-dd55-4609-bd6e-0a22d31c8a79,3,friendly locals,友好的本地人,
01678d1e-cad6-4f77-8d51-3555e693184a,a38473f4-e0ff-426e-b3aa-d5d4845d7e0f,1,locate a spy,找到间谍的位置,
01678d1e-cad6-4f77-8d51-3555e693184a,8c061474-6923-4818-88ef-310f453940da,2,locate the source of sth.,找到某物的来源,
01678d1e-cad6-4f77-8d51-3555e693184a,444a74da-0ceb-4899-b1d3-ad39a013f4fb,3,locate the tomb,安置陵墓,
3d7384f0-021f-425e-97cb-4eeb4a0eaeb2,3a3a6f29-c675-4296-92fe-b7712fdd3d24,1,a beneficial effect,有利的影响,
3d7384f0-021f-425e-97cb-4eeb4a0eaeb2,1070d2ca-752f-4a5b-b6c0-3fac226dba26,2,a beneficial result,有益的成果,
3d7384f0-021f-425e-97cb-4eeb4a0eaeb2,bdbb5097-e1cb-4fbb-aa7b-333a6a02b985,3,be beneficial to...,对……有益,
149a3e48-c4aa-4e05-8b47-4a0c107b4888,74305f7b-823e-450a-8445-9d7963e4ac8c,1,economic development,经济发展,
149a3e48-c4aa-4e05-8b47-4a0c107b4888,f96aef10-6fe4-4fc3-a4e4-bf3892febff8,2,economic growth,经济增长,
149a3e48-c4aa-4e05-8b47-4a0c107b4888,cbc0f8d4-b4ec-4e2c-9c64-1f8705bea35e,3,economic history,经济史,
149a3e48-c4aa-4e05-8b47-4a0c107b4888,dddcb547-c851-4d73-9003-e819cebd8190,4,economic independence,经济独立,
6ccd24f7-ab9a-4722-911f-583315e1071a,f5cad875-460c-4541-832c-ee38e1137eb6,1,build an economy,建设经济,
6ccd24f7-ab9a-4722-911f-583315e1071a,d9d6f152-abde-4f8d-85a4-8da3a4fffb0b,2,make a substantial economy,厉行节约,
6ccd24f7-ab9a-4722-911f-583315e1071a,0c808cc0-5347-4fbc-ab65-f87307fe1c1b,3,the global economy,全球经济,
b04b2bfd-c811-4daf-975f-2558361f4aac,099a2df2-872b-42cc-80fd-55ed06d213b0,1,be encouraged by...,受到……的激励,
b04b2bfd-c811-4daf-975f-2558361f4aac,292f2a75-8949-46c2-bbea-0aa5033abe7f,2,encourage fear,加剧恐惧,
b04b2bfd-c811-4daf-975f-2558361f4aac,4cbf1b69-2751-441a-a127-cd2f6c7eb012,3,encourage innovation,鼓励创新,
b04b2bfd-c811-4daf-975f-2558361f4aac,301c0fab-54ca-4078-890f-273eefdf923f,4,encourage sb. in sth.,在某事上鼓励某人,
b04b2bfd-c811-4daf-975f-2558361f4aac,59610c4e-1d46-402e-b489-f040e2c9c7c4,5,encourage sb. to do sth.,鼓励某人做某事,
b04b2bfd-c811-4daf-975f-2558361f4aac,c600e22b-9ec7-449b-b55a-410c4398051d,6,encourage violent behaviour,助长暴力行为,
ee509035-52e2-42d5-af8e-44cab931c3df,3c7436f2-fb12-42fd-9ef8-b815fc71d5ac,1,a passive attitude,消极的态度,
ee509035-52e2-42d5-af8e-44cab931c3df,6bb15fd3-4423-4a2b-aca2-2605c72db00a,2,a passive role,被动地位,
ee509035-52e2-42d5-af8e-44cab931c3df,1a966adf-a0b1-4ac9-8334-fa8e2ede124b,3,in a passive way,以消极的方式,
ee509035-52e2-42d5-af8e-44cab931c3df,0a8082c9-7c1d-430d-bfd2-d70ead0eeb4e,4,passive consumption,被动消费,
ee509035-52e2-42d5-af8e-44cab931c3df,268021be-a65d-4599-a41b-aef94957f8c2,5,passive smoking,吸二手烟,
ee509035-52e2-42d5-af8e-44cab931c3df,16aa6309-d6bd-4faf-a49c-7fd763e56db9,6,passive victims,被动的受害者,
1b28da07-c470-4d29-8814-43f2774a878a,80cd333a-6949-49a9-9965-254bf3ab77cf,1,a firm mattress,坚硬的床垫,
1b28da07-c470-4d29-8814-43f2774a878a,9ae35685-6c64-41a2-92ea-960fa3a28b5f,2,a marketing firm,营销公司,
1b28da07-c470-4d29-8814-43f2774a878a,55a8123c-bf8b-4695-a39f-160173e150e2,3,highlight the firm stand,强调坚定的立场,
1b28da07-c470-4d29-8814-43f2774a878a,32efb833-67a7-43da-be86-3517707913d2,4,leave a firm,离开公司,
226e03a3-dcd5-4f9d-ae27-b04fc5517ab2,3abce0d3-8529-4e2b-90d7-8c9674fe1b59,1,an external impact,外部影响,
226e03a3-dcd5-4f9d-ae27-b04fc5517ab2,9d436e10-b3d4-431a-8e76-a398bfd13f55,2,be impacted by sth.,受到某事的影响,
226e03a3-dcd5-4f9d-ae27-b04fc5517ab2,c180ebd6-9291-4236-9eb3-fd13bebf2480,3,environmental impact,环境影响,
226e03a3-dcd5-4f9d-ae27-b04fc5517ab2,2e97f138-a190-4aa0-857e-4ad37dcafdb4,4,have an impact on...,对……产生影响,
226e03a3-dcd5-4f9d-ae27-b04fc5517ab2,0da30aee-3fbe-4645-9766-63826bb763f5,5,impact everyday life,影响日常生活,
226e03a3-dcd5-4f9d-ae27-b04fc5517ab2,5a339fa6-6670-4a18-b7bf-123c2b86cdf0,6,impact on...,对……有影响,
f992f7ec-dad8-4ef6-9310-fb48bf3c3735,08ec03b8-17e7-4332-8b2c-0daa77e05bf4,1,confirm an agreement,批准协议,
f992f7ec-dad8-4ef6-9310-fb48bf3c3735,77ca1594-1f1a-4d53-8552-5d47073b1f32,2,confirm an order,确认订单,
f992f7ec-dad8-4ef6-9310-fb48bf3c3735,6b2035ce-4d3f-4df1-82d1-03ada0e12d1d,3,confirm sb. in sth.,使某人确信某事,
f992f7ec-dad8-4ef6-9310-fb48bf3c3735,a4e018ac-a785-47f8-ade3-e0e8c8fbac5b,4,confirm what sb. said,证实某人说的话,
e6ada86c-cdcf-4b63-bbeb-093b0ca9f2ce,cbbfbea7-8441-4e80-a414-f8e12ce0f307,1,consume a product,消费产品,
e6ada86c-cdcf-4b63-bbeb-093b0ca9f2ce,91f4a2cf-7dfc-436f-bc43-a7fc8eed69a9,2,consume alcohol,喝酒,
e6ada86c-cdcf-4b63-bbeb-093b0ca9f2ce,b80819dc-9b41-43ba-ac88-34b925f46dab,3,consume cheese,吃奶酪,
e6ada86c-cdcf-4b63-bbeb-093b0ca9f2ce,85ee1abc-2260-41e6-9994-f6fcd93b726a,4,consume fuel,消耗燃料,
8ab9c302-698f-4983-982b-9cba3b580e39,53bcd8cb-6fdd-41d1-acf7-c8a88dbe2035,1,adapt to new surroundings,适应新环境,
8ab9c302-698f-4983-982b-9cba3b580e39,8c57b744-f6ad-4303-9738-e57ac4424925,2,blend into surroundings,融入周围环境,
8ab9c302-698f-4983-982b-9cba3b580e39,ed3e46d6-171b-49a3-9ea2-70ac80be6863,3,pleasant surroundings,令人愉快的环境,
8ab9c302-698f-4983-982b-9cba3b580e39,c6e26fec-1d5e-47b4-9cb5-3514318385e1,4,protective surroundings,受保护的环境,
dd63b5fb-0630-4771-b9c8-61a65da20bde,4163b0b8-0577-4787-b368-d9884f32ed9f,1,a lack of mates,缺少朋友,
dd63b5fb-0630-4771-b9c8-61a65da20bde,7ecfa5b1-a503-44a8-bcf8-80ed624955ba,2,a soul mate,灵魂伴侣,
dd63b5fb-0630-4771-b9c8-61a65da20bde,da7707f6-c005-4587-9e4a-e9549197fb9a,3,go mates with sb.,成为某人的伙伴,
dd63b5fb-0630-4771-b9c8-61a65da20bde,571161bb-397e-437e-ac52-655a3879561c,4,search for a mate,寻找伴侣,
68ab6915-216f-4cb9-ac5b-f4770ae7bebd,75300c65-d512-42ff-bad6-e0f7fc8c76f7,1,allay one’s concern,减轻某人的忧虑,
68ab6915-216f-4cb9-ac5b-f4770ae7bebd,11d81ba2-954a-49e4-a71f-14c12bb57441,2,be concerned with sth.,与某事有关,
68ab6915-216f-4cb9-ac5b-f4770ae7bebd,32f9fa1b-d69b-4dbd-bc3c-8953d38282f2,3,begin to concern sb.,开始担心某人,
68ab6915-216f-4cb9-ac5b-f4770ae7bebd,320f335a-9922-450f-a1c7-3d5412b53ac9,4,raise concerns about...,引起对……的担忧,
68ab6915-216f-4cb9-ac5b-f4770ae7bebd,ffc60aa1-a957-47db-bcf7-609bfce61f44,5,show concern for sth.,关心某事,
68ab6915-216f-4cb9-ac5b-f4770ae7bebd,fb70dc5c-db1a-4c95-9a13-5f000261c0f3,6,widespread concern,普遍的担心,
4a3458b5-0cb6-41ac-99d8-6254eacb5376,b5b1d0d5-ef1a-4bc7-91ad-8fa1d6946aab,1,adopt a relaxed pose,摆出悠闲的姿势,
4a3458b5-0cb6-41ac-99d8-6254eacb5376,d72b12b2-882b-47c6-aa36-6c03b25311da,2,pose a challenge,引起挑战,
4a3458b5-0cb6-41ac-99d8-6254eacb5376,145c7d27-6f6c-43fa-9cc1-54278c7882c6,3,pose a question,提问,
4a3458b5-0cb6-41ac-99d8-6254eacb5376,783e3132-d73e-49c4-8594-2ce8e61ecf68,4,pose a risk,造成危险,
4a3458b5-0cb6-41ac-99d8-6254eacb5376,4e14d165-80b2-4dba-9027-e9aa33e9dfc9,5,pose for a photograph,为拍照摆好姿势,
4a3458b5-0cb6-41ac-99d8-6254eacb5376,d68e83a9-6121-4079-8dfb-48f15cbc1f25,6,pose no threat to sth.,对某物不构成威胁,
dfc0fc95-d463-4a0e-b57f-97240bb3ee99,333c1c42-bb50-4f78-a117-ba2887c049d9,1,a positive effect,积极影响,
dfc0fc95-d463-4a0e-b57f-97240bb3ee99,c6dd8529-49e0-43ab-a153-0836e215bb10,2,a positive example,正面的榜样,
dfc0fc95-d463-4a0e-b57f-97240bb3ee99,78b8ae5f-2ea4-4dc4-ab95-68b659e941c0,3,a positive habit,积极的习惯,
57a78b1c-e985-4e8f-8fbc-486776feaf6c,3f2e39f4-ce05-4ad8-96fd-f07d0c2b1b8f,1,a thinking process,思考过程,
57a78b1c-e985-4e8f-8fbc-486776feaf6c,7c23a738-78e3-4d3f-bd36-af18e79b3711,2,be processed in some way,用某种方式加工,
57a78b1c-e985-4e8f-8fbc-486776feaf6c,4e190f7f-656b-49ef-9b40-eb58468f9a48,3,in the process of sth.,在做某事的过程中,
57a78b1c-e985-4e8f-8fbc-486776feaf6c,328c6a7e-0365-46a4-8ae8-edec3737c689,4,process information,处理信息,
57a78b1c-e985-4e8f-8fbc-486776feaf6c,bb970f22-1883-4654-a2ae-774de9153807,5,process the application,审核申请书,
57a78b1c-e985-4e8f-8fbc-486776feaf6c,df3b2a42-0ba5-4f27-83dd-9d2c39731cee,6,the globalization process,全球化进程,
09de9eb6-5bde-44b4-81c1-5145759489af,4219d823-af2f-4a32-add5-a951943c0935,1,communicate a disease,传染疾病,
09de9eb6-5bde-44b4-81c1-5145759489af,c96836d7-5d16-4484-8d8e-1ce772370d0d,2,communicate by email,以邮件形式沟通,
09de9eb6-5bde-44b4-81c1-5145759489af,68b9f417-4186-4689-b930-c555b3980bad,3,communicate effectively,有效沟通,
09de9eb6-5bde-44b4-81c1-5145759489af,e221c22c-63d4-438a-8af3-23e3efab041b,4,communicate sth. to sb.,传达某事给某人,
09de9eb6-5bde-44b4-81c1-5145759489af,9ac6b668-c91b-415c-91a0-63a625001915,5,communicate sth. with sb.,与某人沟通某事,
09de9eb6-5bde-44b4-81c1-5145759489af,a8cf451e-171e-4d24-b9d7-006650dd700c,6,communicate with sb.,与某人沟通,
8f4dafed-ccc8-417e-adec-bc10c39d86ec,1727d902-197a-41fc-8814-f46c57189f19,1,academic communities,学术团体,
8f4dafed-ccc8-417e-adec-bc10c39d86ec,d456e8dc-0b69-4713-9f7e-1c96e3272cf8,2,all parts of the community,社会各阶层,
8f4dafed-ccc8-417e-adec-bc10c39d86ec,3d7b66ff-47d4-49f7-bc2f-e99f092eb688,3,community groups,社区团体,
8f4dafed-ccc8-417e-adec-bc10c39d86ec,589c0bf8-fbf3-4a47-9a60-7cbf70b4549a,4,community welfare,社区福利,
8f4dafed-ccc8-417e-adec-bc10c39d86ec,e5979457-717b-4a1f-b8bc-b5c0ed1bb30e,5,the community service,社区服务,
8f4dafed-ccc8-417e-adec-bc10c39d86ec,4f2e4ca0-df6b-4f1b-8bef-82d31c5261d3,6,the medical community,医疗界,
49712486-7250-4285-8335-3214c46da5d8,3bb31d49-d240-4a74-8cf3-e4580f9fad88,1,reject a transplanted organ,排斥移植器官,
49712486-7250-4285-8335-3214c46da5d8,d3342b34-42fe-4ebb-a826-f5e4e2e12b3f,2,reject an applicant,拒绝申请者,
49712486-7250-4285-8335-3214c46da5d8,4297c1ee-92a7-4fd7-888d-1662b13b03c2,3,reject the culture of...,不接受……的文化,
4dab4c11-8ee4-443a-b76f-b51e0635e3ea,effe8cfc-ed12-4528-a578-970ddb02d37f,1,a digital divide,数字化差异,
4dab4c11-8ee4-443a-b76f-b51e0635e3ea,3417c9c7-5148-4644-9203-4990580965d1,2,divide A by B,A 除以 B,
4dab4c11-8ee4-443a-b76f-b51e0635e3ea,d09e7fec-3a1d-4c5d-8417-2a705ec50efb,3,divide rapidly,迅速分裂,
4dab4c11-8ee4-443a-b76f-b51e0635e3ea,80acf60a-54ce-4727-b77c-4001b1318368,4,divide sth. among...,把某物分配给……,
4dab4c11-8ee4-443a-b76f-b51e0635e3ea,4aed1761-3425-478d-85d7-25388cdb48c1,5,divide sth. into...,把某物分成……,
4dab4c11-8ee4-443a-b76f-b51e0635e3ea,df248915-9bd5-4280-9023-c7e452d0a2bd,6,reinforce a divide,加剧分歧,
b43a9f9d-b11f-485f-8f57-e26adfe58791,85d747f2-1a66-4bb3-9167-0b26dda50b6c,1,a mass medium,大众传媒,
b43a9f9d-b11f-485f-8f57-e26adfe58791,d97fe330-a31c-4581-a750-cf744fe7cad4,2,a medium for sth.,做某事的方法,
b43a9f9d-b11f-485f-8f57-e26adfe58791,758ec0cf-31a3-47ea-8ccd-761583ddcebc,3,a news medium,新闻媒介,
b43a9f9d-b11f-485f-8f57-e26adfe58791,2c7a976f-08bd-4f23-a640-09fa7a1ec11e,4,a single medium,单一媒介,
b43a9f9d-b11f-485f-8f57-e26adfe58791,a2cc6e7d-0802-4a08-afef-b154d3b27fc0,5,in the medium term,在中期,
b43a9f9d-b11f-485f-8f57-e26adfe58791,77c78bdc-625d-4f6a-8633-e18c7c3edf1c,6,use sth. as a medium,把某物作为媒介,
36911b43-31e2-4d1d-8fcd-8d26a12012d6,7fec5efb-8c07-42f7-9534-4f94494a6006,1,a basic design,基本布局,
36911b43-31e2-4d1d-8fcd-8d26a12012d6,e69c215a-7100-4f6a-b837-5747a7838e55,2,a clever design,精巧的设计,
36911b43-31e2-4d1d-8fcd-8d26a12012d6,9267984f-3b5c-4ef8-9c7e-6e3d7a42178c,3,compensation design,薪酬设计,
36911b43-31e2-4d1d-8fcd-8d26a12012d6,4605e8e8-ce88-4f6d-ba1d-62ab510d69b6,4,design the equipment,设计装备,
36911b43-31e2-4d1d-8fcd-8d26a12012d6,85b0d7d8-1de6-411f-888d-4506804dfdd3,5,space design,空间布局,
36911b43-31e2-4d1d-8fcd-8d26a12012d6,6ad1974e-d9b3-444c-8786-4586bd999e70,6,the design of a product,产品的构思,
b0805971-d99c-41de-bb21-9d9ff49693a4,a1cc0fa7-d3cf-465f-ab53-c775fdf69392,1,a keyboard command,键盘指令,
b0805971-d99c-41de-bb21-9d9ff49693a4,2240c30b-88e0-4021-a806-421ae15c67d8,2,command A with B,用 B 掌控 A,
b0805971-d99c-41de-bb21-9d9ff49693a4,cb2ef13d-ce09-473e-b81e-5915be2ac25a,3,command a force,指挥军队,
b0805971-d99c-41de-bb21-9d9ff49693a4,35b19695-b9b3-427a-a830-8a6e8c67f08d,4,command a position,赢得地位,
b0805971-d99c-41de-bb21-9d9ff49693a4,e7ebaabb-19df-41d7-9636-64a4bb9a8737,5,give a command,下达命令,
b0805971-d99c-41de-bb21-9d9ff49693a4,63aee2b8-6403-4e97-b53b-15decfc3926d,6,have no right to command,没有权利指挥,
443c4f81-060e-4551-aaac-16368efcbc88,53a61974-d9e8-4d1e-9200-d4194e27fcc1,1,a demand for sth.,对某物的要求,
443c4f81-060e-4551-aaac-16368efcbc88,1a066f75-e328-4a21-8186-c19bf9c901b6,2,an emotional demand,情感需求,
443c4f81-060e-4551-aaac-16368efcbc88,8fd64ddf-0a32-4e87-bab5-b97a65dc3b87,3,demand attention,需要注意力,
443c4f81-060e-4551-aaac-16368efcbc88,8bfb0537-cb46-4bb7-8104-4de065b094b7,4,demand high profits,要求高利润,
443c4f81-060e-4551-aaac-16368efcbc88,21b515c9-a0de-4c84-a745-c02342e294b8,5,meet one's demands,满足某人的要求,
443c4f81-060e-4551-aaac-16368efcbc88,952c0149-2d65-42f2-ac97-b2923b88f608,6,the big drop in demand,需求大幅下降,
f511b2e0-e72d-4b5e-b9e3-202ed9d46351,9b346883-06a4-4b87-90e2-8c167b8665b6,1,a mental coach,心理培训师,
f511b2e0-e72d-4b5e-b9e3-202ed9d46351,67a8dd43-d5e9-42b1-94be-c161ddfa7b2f,2,make a mental note,记在脑海中,
f511b2e0-e72d-4b5e-b9e3-202ed9d46351,d6c979e2-db00-47c6-8bb6-534e94b0ddc7,3,mental activity,精神活动,
f511b2e0-e72d-4b5e-b9e3-202ed9d46351,95334cd3-40da-400a-91c7-f40d7f5c97c6,4,mental labour,脑力劳动,
79b31af7-b49f-42d9-b595-8a463d7a022c,971ed225-54b5-427b-b19e-77bbc73b6aff,1,a negative comment,负面评论,
79b31af7-b49f-42d9-b595-8a463d7a022c,0d73290c-fecb-4e6e-bff8-af94a4493039,2,a negative emotion,消极情绪,
79b31af7-b49f-42d9-b595-8a463d7a022c,92fb3d2c-5a0a-42b9-91da-699357eaa74c,3,a negative implication,贬义,
79b31af7-b49f-42d9-b595-8a463d7a022c,f8b69b06-c161-4ac2-ba6e-04f546b7cc1b,4,a negative trend,否定的倾向,
79b31af7-b49f-42d9-b595-8a463d7a022c,61670f4a-e590-4a27-8434-e93730cfd4c8,5,reduce a negative effect,减少消极影响,
bea0a00a-7b6a-42fe-8f94-29f8645199d4,159ccbe8-02ff-49c7-b74f-fbcd38830e78,1,a group-living species,群居物种,
bea0a00a-7b6a-42fe-8f94-29f8645199d4,30143eb4-9f89-4eb7-97e5-54d0cd590a2b,2,a threatened species,濒危物种,
bea0a00a-7b6a-42fe-8f94-29f8645199d4,619d3f2b-9d1a-4905-b3d3-1fe0a5b208e6,3,species of trees,树木的种类,
bea0a00a-7b6a-42fe-8f94-29f8645199d4,0bfed85a-9e9d-4211-83ee-1a5d154baf63,4,the diversity of species,物种多样性,
149ffc3d-71e1-44dd-a403-b92ce9a6a0a5,a6071549-5c4b-42c5-836d-96ac416efcd4,1,a decade later,十年后,
149ffc3d-71e1-44dd-a403-b92ce9a6a0a5,c9b430f7-5d45-4c00-95c1-8e8c65a513d6,2,for several decades,几十年来,
149ffc3d-71e1-44dd-a403-b92ce9a6a0a5,61aa3519-138d-41d8-9832-4da5866c82d0,3,over the past decade,在过去的十年里,
04e2c888-2ea9-4b54-98ac-abdb9c754bff,c14a09ef-104d-4d31-9177-0c2846ce3cc2,1,involve all members,包含全体成员,
04e2c888-2ea9-4b54-98ac-abdb9c754bff,27ddd78b-60e8-4006-a900-25b1f047958b,2,involve certain factors,包含特定因素,
04e2c888-2ea9-4b54-98ac-abdb9c754bff,7e4f9db0-f72c-45e4-a6a8-6457f270beef,3,involve doing sth.,涉及做某事,
04e2c888-2ea9-4b54-98ac-abdb9c754bff,d6995b2e-adba-45b9-bec9-b2977958fe4c,4,involve sb. in doing sth.,需要某人做某事,
04e2c888-2ea9-4b54-98ac-abdb9c754bff,ac0684ba-c78a-4ede-9eab-672f32c5ea22,5,involve sb. in sth.,使某人参与某事,
04e2c888-2ea9-4b54-98ac-abdb9c754bff,2d02f417-b12c-494a-992f-f12dfca9991a,6,involve some concerns,涉及一些问题,
e2e76bc6-ac70-4680-a68e-64a85d9e5b50,7ed18c2c-1a52-4c5d-825e-e0c17c190fd1,1,remain in the brain,保留在大脑中,
e2e76bc6-ac70-4680-a68e-64a85d9e5b50,fe5587d2-6705-471d-ab17-59e46e3a9c7c,2,remain in the city,留在这座城市,
e2e76bc6-ac70-4680-a68e-64a85d9e5b50,d1242ced-5b02-46e2-a38d-f51af96c4941,3,remain optimistic,保持乐观,
e2e76bc6-ac70-4680-a68e-64a85d9e5b50,4cb73a38-cebf-4435-8e72-9b3dfded74ea,4,remain the exception,仍属于例外,
e2e76bc6-ac70-4680-a68e-64a85d9e5b50,1aae1ad1-b50f-4a82-a005-4b019e1c95c5,5,remain the same,保持一致,
e2e76bc6-ac70-4680-a68e-64a85d9e5b50,b3f11c4f-8cdc-45a5-b6bd-5a4df44f04e7,6,remain unchanged,保持不变,
3c1f093c-3bca-4b0d-bec1-684e50dbe669,94839454-8da0-42c2-b705-f48aaa78794e,1,a special individual,特殊个体,
3c1f093c-3bca-4b0d-bec1-684e50dbe669,dcb06569-3a0f-44ec-8316-019421abcf1b,2,be directed at an individual,针对个人,
3c1f093c-3bca-4b0d-bec1-684e50dbe669,28a55964-d33b-435e-8bc0-461492b1827e,3,make an individual decision,单独做决定,
3c124513-6a6b-4b23-8593-9216c752b960,01d4e6e5-9c9a-46a4-be15-e11ce8ddc3b0,1,a residence permit,居住许可证,
3c124513-6a6b-4b23-8593-9216c752b960,35475fd8-af17-4b05-b79e-992d68d6293e,2,apply for a permit,申请许可证,
3c124513-6a6b-4b23-8593-9216c752b960,0ebc7010-0f5a-4902-9078-bd20ae2aada5,3,permit sb. to do sth.,允许某人做某事,
3c124513-6a6b-4b23-8593-9216c752b960,05e8bd74-091a-4e21-9462-f7462c079871,4,permit urban living,使城市生活成为可能,
ddcc579b-8efe-41f6-907e-a2235a56125a,690f299b-0c5c-47f1-be39-ebe8b2d95194,1,a flu expert,流感专家,
ddcc579b-8efe-41f6-907e-a2235a56125a,b318e001-d795-4204-9175-5e5845ae437a,2,a marriage expert,婚姻专家,
ddcc579b-8efe-41f6-907e-a2235a56125a,e32e8f2e-29fc-46b2-8604-08c6e0cc3a19,3,an expert in...,……方面的专家,
ddcc579b-8efe-41f6-907e-a2235a56125a,ad333516-29f4-4dd3-8a4e-e773f679ea4d,4,an expert performer,熟练的演员,
ddcc579b-8efe-41f6-907e-a2235a56125a,e5bb4765-ec2c-46ea-9225-fea16ba4eb1e,5,ask for expert advice,征求专家的意见,
ddcc579b-8efe-41f6-907e-a2235a56125a,c61a90a5-1117-4364-bc4c-73d393185b5b,6,be expert at doing sth.,做某事很内行,
266f87e2-2d93-4ad2-a791-db3db12a0b98,b4d2e760-595d-4cda-a94f-6d3910ed9f8a,1,be compared with...,与……相比,
266f87e2-2d93-4ad2-a791-db3db12a0b98,bb8d2acd-3e32-4dfe-ada8-014857591c3d,2,compare A and B,比较 A 和 B,
266f87e2-2d93-4ad2-a791-db3db12a0b98,b0116965-2836-4615-a4b5-fe71ca9f4f6a,3,compare favourably with sth.,与某物相媲美,
266f87e2-2d93-4ad2-a791-db3db12a0b98,e43f2e06-c0cb-4bb0-9f14-ef2b89757368,4,compare products,将产品进行比较,
664ad8e8-765c-4906-bffe-67c49bc501d0,cf027bfe-c4a4-40c3-8bf6-3da69f263fd7,1,be in communication with sb.,与某人保持联络,
664ad8e8-765c-4906-bffe-67c49bc501d0,41a48e27-4802-4804-a75e-b29b05cd250f,2,communication costs,通信费用,
664ad8e8-765c-4906-bffe-67c49bc501d0,12eb3c55-a20d-466b-8334-e54d89cd45c1,3,communication skills,沟通技巧,
664ad8e8-765c-4906-bffe-67c49bc501d0,ea7d5c03-ecfd-4b21-93ec-c1927bc8cb5a,4,lack of communication,缺少交流,
664ad8e8-765c-4906-bffe-67c49bc501d0,3f78312d-9214-4da7-953e-e06b1bbea2d2,5,mass communication,大众传播,
664ad8e8-765c-4906-bffe-67c49bc501d0,10923811-7cc3-455b-940f-e8cc8e5f0618,6,via communication,通过交流,
4778cd3f-bc4f-4132-9328-d25bf386abdf,60bd3386-54de-461b-a56a-c6c6506b60fd,1,be performed by sb.,由某人表演,
4778cd3f-bc4f-4132-9328-d25bf386abdf,3af5e698-eed0-458b-9479-d688a5a713e0,2,perform an activity,执行活动,
4778cd3f-bc4f-4132-9328-d25bf386abdf,344bdbff-fd20-4ee7-a4c5-0ef52ce4b8ad,3,perform better in...,在……中表现得更好,
4778cd3f-bc4f-4132-9328-d25bf386abdf,e7118489-a2e7-4d38-b2f7-a673d3411de2,4,perform duties,履行职责,
4778cd3f-bc4f-4132-9328-d25bf386abdf,0d96afa8-a98d-4ba3-bee1-8b182573fe35,5,perform on the flute,演奏长笛,
4778cd3f-bc4f-4132-9328-d25bf386abdf,367e55f2-f317-43b1-9492-fe1e53b7077a,6,perform surgery,做手术,
7eee6b38-273d-4f6a-8ca1-1135a5c0f9bf,97b97030-6c61-4907-9978-266d93f8dfea,1,a powerful argument,有力的论据,
7eee6b38-273d-4f6a-8ca1-1135a5c0f9bf,37480a68-8580-441e-9514-3371420ea11d,2,accept one’s argument,接受某人的论点,
7eee6b38-273d-4f6a-8ca1-1135a5c0f9bf,b87f6ee9-31f2-488f-9431-47e1bc9ab9b4,3,an argument about sth.,关于某事的争论,
7eee6b38-273d-4f6a-8ca1-1135a5c0f9bf,ec2cb421-b6f3-4763-926f-58109bf660c7,4,prompt an argument,引发争论,
7eee6b38-273d-4f6a-8ca1-1135a5c0f9bf,9763e233-7619-4bc4-8433-721bc98db062,5,try to avoid arguments,试图避免争论,
7eee6b38-273d-4f6a-8ca1-1135a5c0f9bf,3ca6168d-7899-46dc-accb-fa8d3867d67b,6,without argument,未做争辩,
3e02e135-28cd-4d89-8216-dd4fad2cafb2,dad36b62-c11a-404f-98e8-54f86d43cdd6,1,access a database,访问数据库,
3e02e135-28cd-4d89-8216-dd4fad2cafb2,498884fe-065b-4744-a6ea-65a588bff574,2,access to sth.,对某物的使用权,
3e02e135-28cd-4d89-8216-dd4fad2cafb2,538f22ea-82b7-433c-bc7c-ee494fd994c0,3,give access to sb.,方便某人进入,
3e02e135-28cd-4d89-8216-dd4fad2cafb2,827fffc3-0d00-4d4f-b1a7-0b6f9b534518,4,illegally access a file,非法获取文件,
3e02e135-28cd-4d89-8216-dd4fad2cafb2,9a01c1aa-de07-4cff-a96c-4ff3fceca0f8,5,ready access,容易获取,
3e02e135-28cd-4d89-8216-dd4fad2cafb2,6ce9ac78-35be-46b2-882a-2cafcacde5c0,6,the only access to sp.,进入某地的唯一通道,
60b2441a-5f64-4d9c-95df-ded5ef1760e4,a13ce511-62c6-4892-a051-a9b78880b275,1,a potential solution,潜在方法,
60b2441a-5f64-4d9c-95df-ded5ef1760e4,5d18a70d-9407-491c-a4cc-052b7c434460,2,be full of potential,充满可能性,
60b2441a-5f64-4d9c-95df-ded5ef1760e4,14ac05fc-661d-4b69-a8b3-46090c038678,3,human potential,人类的潜力,
60b2441a-5f64-4d9c-95df-ded5ef1760e4,fcd4b257-ccd1-4309-bc7b-2ed0e31ebad0,4,the potential to do sth.,做某事的潜力,
72cfda17-980d-453b-ada5-7f5f026cc6a1,e014ab73-17da-46ea-94b5-7b63c2ba320b,1,complain about sth.,抱怨某事,
72cfda17-980d-453b-ada5-7f5f026cc6a1,f87107b7-805f-4331-b312-22550de4fbbf,2,complain bitterly,愤怒地埋怨,
72cfda17-980d-453b-ada5-7f5f026cc6a1,4912e2f4-022c-4618-b09d-7bf3645f51f7,3,complain of sth.,诉说某事,
72cfda17-980d-453b-ada5-7f5f026cc6a1,becd4715-cfbb-4bfe-82e4-9baa95780be8,4,complain to sb.,向某人抱怨,
75e045e6-7ddf-4083-b80d-40cb2af374a5,01dde3c4-eab2-42f1-baf8-f22ffd128a0e,1,a personal injury claim,人身伤害索赔,
75e045e6-7ddf-4083-b80d-40cb2af374a5,cfff4a49-6daf-4bcb-af05-59a37fced4bd,2,a scientific claim,科学声明,
75e045e6-7ddf-4083-b80d-40cb2af374a5,f3ccac1a-2b99-4f44-837c-6a32ee77cfd8,3,claim a pay rise,要求加薪,
75e045e6-7ddf-4083-b80d-40cb2af374a5,5dcb4144-064b-4608-9b9c-d3cceeed2be7,4,claim responsibility for...,宣称对……负责,
75e045e6-7ddf-4083-b80d-40cb2af374a5,4ee24be9-34f7-43c6-989c-7504852eca53,5,claim to do sth.,宣称做某事,
75e045e6-7ddf-4083-b80d-40cb2af374a5,f2e478db-7933-45d7-8244-9d13df3c2f99,6,deny a claim,否认某一声明,
e127cbaf-3f17-41f0-965d-5edd14b4cd7e,64d50299-01c6-48f5-9d4d-8925dfd6cc61,1,a graduate in history,历史学学士,
e127cbaf-3f17-41f0-965d-5edd14b4cd7e,b9fd5829-6d78-4c4e-87eb-f94b64a147be,2,a graduate student,研究生,
e127cbaf-3f17-41f0-965d-5edd14b4cd7e,3bb581e3-2c47-44c9-ad7b-988c05098d09,3,a high school graduate,高中毕业生,
e127cbaf-3f17-41f0-965d-5edd14b4cd7e,ecfd045d-9159-48ef-b2b0-39d58df3360f,4,graduate from Harvard,毕业于哈佛大学,
4896c161-4fb0-4cdd-ba73-03582f46f96a,42c2f59e-dc1e-43b4-be0c-767a26aa8d10,1,be based on emotion,基于感情,
4896c161-4fb0-4cdd-ba73-03582f46f96a,baa441b0-b21e-4638-b02e-2cd284054cee,2,control one’s emotions,控制情绪,
4896c161-4fb0-4cdd-ba73-03582f46f96a,e4ec3d83-57cc-45aa-9adb-336349043923,3,develop emotions,培养感情,
4896c161-4fb0-4cdd-ba73-03582f46f96a,fb2e749d-b13d-4c56-9f5d-15d1072fe141,4,express one’s emotions,表达情感,
4896c161-4fb0-4cdd-ba73-03582f46f96a,ef814442-a54e-404d-9dd8-24222d361783,5,show no emotion at...,对……无动于衷,
4896c161-4fb0-4cdd-ba73-03582f46f96a,51b0a051-b078-457d-99f7-071006ce2be3,6,theory of emotion,情绪理论,
ca2bfdbb-9fb8-49ef-8f89-f10e7a04333d,418d88ab-e733-42a1-ab63-5d6555f7af63,1,a factor for success,成功的因素,
ca2bfdbb-9fb8-49ef-8f89-f10e7a04333d,14c2a5b5-b2c6-4c50-9c2f-4300a5d6c4b3,2,a factor in...,……的因素,
ca2bfdbb-9fb8-49ef-8f89-f10e7a04333d,67defc30-ab3c-4def-be0a-c3fbdf132294,3,a psychological factor,心理因素,
ca2bfdbb-9fb8-49ef-8f89-f10e7a04333d,218d4996-a71e-4a69-9af2-a49fff105077,4,include a factor,包括某一因素,
db1ffd14-5244-4145-9328-763b789ad78a,cc1a2573-3b4e-412a-9a25-2503d56e6eeb,1,a genetic disease,遗传性疾病,
db1ffd14-5244-4145-9328-763b789ad78a,bf39fb59-5d37-4151-b3f7-d4f326ed5856,2,cure a disease,治愈疾病,
db1ffd14-5244-4145-9328-763b789ad78a,a4c77b25-0d4d-4bbc-b37c-6f0860aab592,3,heart disease,心脏病,
db1ffd14-5244-4145-9328-763b789ad78a,29676825-ac22-431a-af48-c2def0df7ced,4,suffer from a disease,患病,
00159592-e62b-46e2-9c49-0f0687a4e2d9,473cff0b-cfa5-449c-8443-7b9b75c5d18d,1,an effective policy,有效的政策,
00159592-e62b-46e2-9c49-0f0687a4e2d9,f6b19a42-d30d-4b92-b95f-ddec807c2c39,2,become effective from...,从……开始生效,
00159592-e62b-46e2-9c49-0f0687a4e2d9,2ec08861-36b5-4e37-b6af-d345a5ebc169,3,find an effective way,找到有效方式,
2eb080a9-bc73-46b5-9cbf-5eeb238bd387,2df530ad-6ead-4087-a981-713d86e3bb1e,1,be recognized as...,被认出是……,
2eb080a9-bc73-46b5-9cbf-5eeb238bd387,474225ce-e7d0-41a6-9c40-47d6df1f5b0f,2,recognize one’s values,认可某人的价值观,
2eb080a9-bc73-46b5-9cbf-5eeb238bd387,553d00c3-858e-4794-8342-0af21c8787ad,3,recognize sb. as...,认可某人是……,
2eb080a9-bc73-46b5-9cbf-5eeb238bd387,6c3273fe-b60f-4ee3-b9d6-903fcbcd5d97,4,recognize sb. by sth.,通过某物认出某人,
2eb080a9-bc73-46b5-9cbf-5eeb238bd387,76c65936-57c2-4ba2-be93-ddd2e7eb717b,5,recognize the urgency,意识到紧迫性,
2eb080a9-bc73-46b5-9cbf-5eeb238bd387,f302217d-573e-4ee3-8056-c552015a5ec1,6,recognize weakness in...,承认在……上不足,
231cfcab-e78e-458f-9f98-c39b82fca0f2,d6d47a18-e625-404c-8b61-e58c8212b909,1,a cognitive constraint,认知局限,
231cfcab-e78e-458f-9f98-c39b82fca0f2,b7583371-e895-4499-b3ab-3ad990cd6ea6,2,a cognitive exercise,认知练习,
231cfcab-e78e-458f-9f98-c39b82fca0f2,2d3d9bab-1136-4329-8442-0eb96eb88d76,3,a cognitive function,认知功能,
231cfcab-e78e-458f-9f98-c39b82fca0f2,5295c587-b9cd-4397-be47-3bb18252b14a,4,a cognitive process,认知过程,
231cfcab-e78e-458f-9f98-c39b82fca0f2,46e3370c-3884-45b4-9681-a2f7d21b20c0,5,a cognitive term,认知术语,
231cfcab-e78e-458f-9f98-c39b82fca0f2,cd580066-339d-459b-aef4-2a3dc8c6ffde,6,the cognitive subject,认知主体,
890ae9d5-f16b-499f-b1a0-f06dfb765f50,114632e7-26b2-4a4c-b68b-632896426f5c,1,agree to contribute,同意捐献,
890ae9d5-f16b-499f-b1a0-f06dfb765f50,16df4ffe-a088-4801-8dec-248457c2d1fe,2,contribute clothing,捐献衣服,
890ae9d5-f16b-499f-b1a0-f06dfb765f50,89a9d69c-96f5-4e22-b94d-50a7e8f72575,3,contribute more to sth.,为某事做更多贡献,
890ae9d5-f16b-499f-b1a0-f06dfb765f50,e46cf024-77a0-4d26-a219-1d2d3a8171ae,4,contribute to doing sth.,有助于做某事,
890ae9d5-f16b-499f-b1a0-f06dfb765f50,4f609825-ec2a-4d2e-8df1-f7b0874d4096,5,contribute to economic growth,促进经济增长,
05947739-2df7-420a-bbb3-329dd51f8cd1,edc9aa3c-ba0e-4f78-9167-61f850298c67,1,a poor region,贫困地区,
05947739-2df7-420a-bbb3-329dd51f8cd1,7460841f-35bc-43f6-9367-ef4a6ac20ffa,2,a remote mountain region,边远山区,
05947739-2df7-420a-bbb3-329dd51f8cd1,523a157b-92e1-4980-ab70-455e9882c054,3,an oil-producing region,石油产区,
2e2cbf9d-2e21-4eb5-a751-c5c31dd10e07,f0d7f3f3-e71e-45d5-be32-cd6ec30f2e45,1,manage both roles,身兼两职,
2e2cbf9d-2e21-4eb5-a751-c5c31dd10e07,23fc561d-83c7-4e41-8925-30cac3621b7f,2,manage health problems,管理健康问题,
2e2cbf9d-2e21-4eb5-a751-c5c31dd10e07,487d2724-de5c-4987-9a9b-2b3fafa56278,3,manage one’s life,管理某人的生活,
2e2cbf9d-2e21-4eb5-a751-c5c31dd10e07,6622f143-c99d-43a8-98c1-7bad704d8a67,4,manage time,管理时间,
2e2cbf9d-2e21-4eb5-a751-c5c31dd10e07,fd1e65f5-5e5d-4da0-8b33-ee501d2e8e89,5,manage to do sth.,设法做某事,
2e2cbf9d-2e21-4eb5-a751-c5c31dd10e07,b365afc0-10dc-44e8-9f9f-6937f245b62d,6,manage without sb.,没有某人也能办成,
bbaa98ad-99b6-464a-b30d-184ed476130f,f220ca2a-185c-4b66-9417-1b762156d3e7,1,a management term,管理术语,
bbaa98ad-99b6-464a-b30d-184ed476130f,9f833c94-d883-48e0-9da6-7496d1187255,2,business management,企业管理,
bbaa98ad-99b6-464a-b30d-184ed476130f,d5b5fa61-d00f-4b63-937e-7ebc97a5d6f5,3,females in management,管理层的女性,
bbaa98ad-99b6-464a-b30d-184ed476130f,76e71f1f-9e2d-46b5-bf12-2034a63f5ab5,4,rigid management,刻板的管理,
bbaa98ad-99b6-464a-b30d-184ed476130f,f0208aa0-48a7-42e5-a151-3253788063eb,5,senior management,高级管理层,
bbaa98ad-99b6-464a-b30d-184ed476130f,11a599fb-8498-46c5-aee9-77dc93c8141b,6,sign a management plan,签订管理计划,
e733d044-6422-42b9-bac7-cde5b7738e5e,c43e2952-eec0-42d0-b5b3-d654279da687,1,solve a crime,破案,
e733d044-6422-42b9-bac7-cde5b7738e5e,d7357208-0a28-478f-a2d5-f9ea6e1eca24,2,solve a problem,解决问题,
e733d044-6422-42b9-bac7-cde5b7738e5e,a471b144-d827-4d68-99ab-c656320842a7,3,solve a riddle,解谜,
e733d044-6422-42b9-bac7-cde5b7738e5e,df51f5eb-5c33-43c5-b9ce-86560d1efeb8,4,solve one’s dilemma,解决某人的困境,
dc0ab1c7-3193-46e0-bfd0-63ff5d73bf89,e1a585a4-295b-45c1-819c-2bafabf32840,1,aircraft fuel,飞机燃油,
dc0ab1c7-3193-46e0-bfd0-63ff5d73bf89,0b4ad3bc-66a4-4941-a636-bd40c090fd42,2,be fueled by sth.,受某事刺激,
dc0ab1c7-3193-46e0-bfd0-63ff5d73bf89,00728607-2253-4463-8439-b22326d4b355,3,be low on fuel,燃料不足,
dc0ab1c7-3193-46e0-bfd0-63ff5d73bf89,dced1eab-2d54-4c22-8d06-d70bdc7958c3,4,burn fuel,消耗燃料,
dc0ab1c7-3193-46e0-bfd0-63ff5d73bf89,d37aa616-2da8-437f-a648-64c78ff4a2d0,5,fossil fuels,化石燃料,
dc0ab1c7-3193-46e0-bfd0-63ff5d73bf89,042e5159-b569-42c7-862a-baf9b1ee4524,6,fuel a ship,为船提供燃料,
cecd313e-b2cb-4a52-ae5f-718063c44d2d,17aedec5-5b82-4e67-ac2b-82d9483e7aea,1,insure fire safety,确保消防安全,
cecd313e-b2cb-4a52-ae5f-718063c44d2d,7e03bb50-93b6-4f19-b2ab-a54d7771174e,2,insure for...,为……投保,
cecd313e-b2cb-4a52-ae5f-718063c44d2d,e88a6bc4-fd33-465e-8796-719976dccfe6,3,insure one’s success,保证某人成功,
cecd313e-b2cb-4a52-ae5f-718063c44d2d,a93c3726-5a5f-4263-ab8e-6aeaca1c951c,4,insure property,给房产投保,
e716187e-c3be-4f6d-ac7b-7dc0b2d15d9e,8373802d-a4de-489e-823e-42e06cb47590,1,a health insurance,健康保险,
e716187e-c3be-4f6d-ac7b-7dc0b2d15d9e,fdd1e40f-e0a8-429f-9334-d1ea3ac98d63,2,an insurance against…,防止……的措施,
e716187e-c3be-4f6d-ac7b-7dc0b2d15d9e,a671ecd2-9c29-42f2-9d9a-3cbe6f5fa760,3,get insurance,获得保险,
e716187e-c3be-4f6d-ac7b-7dc0b2d15d9e,508a61f4-304f-4038-8ca7-b7330a0a5e76,4,insurance rate,保险费率,
e716187e-c3be-4f6d-ac7b-7dc0b2d15d9e,f53bc9e1-16fc-41f6-b135-e389196bdd06,5,medical insurance,医疗保险,
e716187e-c3be-4f6d-ac7b-7dc0b2d15d9e,5ea26b61-89ab-467b-b39d-e487b5bdfb84,6,quality insurance,质量保障措施,
0ffd8012-9ddf-43bc-9bca-eefa7c2bff3f,c04db2e7-dcca-48e1-8c82-61702acb084d,1,behave as...,表现得像……,
0ffd8012-9ddf-43bc-9bca-eefa7c2bff3f,df72763f-3f9f-4206-8799-b02c9737d263,2,behave in a good manner,表现得体,
0ffd8012-9ddf-43bc-9bca-eefa7c2bff3f,eaf35cb1-22e8-49cb-899d-727353b4395c,3,behave like waves,做波浪运动,
0ffd8012-9ddf-43bc-9bca-eefa7c2bff3f,f47f1bef-4035-4101-ad57-eee683b04ac4,4,behave with composure,举止沉着,
b4c2f137-7e74-46a1-8036-8150762c889a,e7a2e8cb-dbe3-4d8b-bb1f-f876d879a836,1,a credit card,信用卡,
b4c2f137-7e74-46a1-8036-8150762c889a,f8a6e1bb-1158-4331-8a88-f5e5bc5d1b38,2,buy sth. on credit,赊购某物,
b4c2f137-7e74-46a1-8036-8150762c889a,0680833d-5915-4fc9-8f5c-9c4bfd81e17e,3,credit one’s words,相信某人的话,
b4c2f137-7e74-46a1-8036-8150762c889a,8d44c057-d8be-4060-a28b-9a22f4610abe,4,deserve credit for sth.,因某事而值得赞扬,
b4c2f137-7e74-46a1-8036-8150762c889a,0b69a6b7-e4e5-4917-b90d-90ce21853fb6,5,make up credits,补修学分,
b4c2f137-7e74-46a1-8036-8150762c889a,28aa7e02-9880-479a-98a4-b152b5054c87,6,mobile phone credit,手机信贷,
a924f8ee-89b4-414c-bd06-c57cd9e03c10,67b4e1ae-61f5-4dd7-8a10-bd8d88f51f4e,1,a poverty trap,贫困的牢笼,
a924f8ee-89b4-414c-bd06-c57cd9e03c10,646d895f-1175-4160-aff5-b1b632a5583e,2,an effect of poverty,贫穷的影响,
a924f8ee-89b4-414c-bd06-c57cd9e03c10,be443e3e-71a3-4da9-8444-794f878e1b9b,3,defeat poverty,战胜贫穷,
a924f8ee-89b4-414c-bd06-c57cd9e03c10,3d9f1c3b-1157-4851-b045-68ace260e80b,4,live in poverty,生活贫困,
084091b2-1bdc-457b-a227-5391db39d199,ae65b934-2dc5-4602-97d6-ed87ed6c3f59,1,be trapped in sp.,被困于某地,
084091b2-1bdc-457b-a227-5391db39d199,2dc056f1-7987-47ba-8d7c-632c33430276,2,combat a trap,与困境斗争,
084091b2-1bdc-457b-a227-5391db39d199,f19c0729-d186-46b7-85c1-b759b5f0065c,3,out of a trap,摆脱陷阱,
084091b2-1bdc-457b-a227-5391db39d199,bff70416-fe51-42c6-80e3-da938f499f24,4,set a trap,设陷阱,
084091b2-1bdc-457b-a227-5391db39d199,b14f8e90-2f3b-4f74-b899-01b539e0fc40,5,the trap of...,……的陷阱,
084091b2-1bdc-457b-a227-5391db39d199,7c329f90-ce04-4db0-b061-bb0de055aca5,6,trap sb. into doing sth.,诱骗某人做某事,
09370f89-9e0c-48ef-9876-8790e5f1d145,ee778936-3dc2-4b00-9b48-c3d4d0ec560e,1,a colleague from work,同事,
09370f89-9e0c-48ef-9876-8790e5f1d145,442c1047-2627-4f12-bf6c-876838f735ae,2,a federal colleague,联邦同事,
09370f89-9e0c-48ef-9876-8790e5f1d145,d6de8ac4-e7d6-4208-a515-3f9f4b503304,3,a senior colleague,有资历的同事,
09370f89-9e0c-48ef-9876-8790e5f1d145,9f096032-f7f3-4968-9b57-ab8884157c83,4,cooperate with a colleague,与同事合作,
09370f89-9e0c-48ef-9876-8790e5f1d145,b3d94ae0-6740-487f-b594-44ca8668cc79,5,feedback from a colleague,同事的反馈,
09370f89-9e0c-48ef-9876-8790e5f1d145,8944b37b-3df4-4eb6-bfbc-9d012ba1c156,6,influence colleagues,影响同事,
3390f1f3-b7be-4f63-900a-7064bc3a0393,d213b786-2149-4028-bc5f-19a84e29745b,1,a marketing device,营销手段,
3390f1f3-b7be-4f63-900a-7064bc3a0393,363d37cd-bdc5-441c-896e-b0dce726a3a1,2,develop a device,开发设备,
3390f1f3-b7be-4f63-900a-7064bc3a0393,ee0f0458-a512-49cb-9615-5a7ce56b0ce6,3,use a device,使用设备,
f7eb273f-bb07-48c0-a062-a6160ef50d8f,85ed7bd1-1101-471d-8b1b-4a3b1666c9bd,1,engage in a study,参与一项研究,
f7eb273f-bb07-48c0-a062-a6160ef50d8f,71c14bfc-cc58-4e58-b63d-e32efd16f584,2,engage in activities,参加活动,
f7eb273f-bb07-48c0-a062-a6160ef50d8f,2fdc2292-9445-448e-9c86-724fe366401b,3,engage one’s attention,吸引某人的注意,
f7eb273f-bb07-48c0-a062-a6160ef50d8f,8811d9c2-3edd-4e28-ab61-077dc994703b,4,engage sb. in conversation,使某人参与谈话,
f7eb273f-bb07-48c0-a062-a6160ef50d8f,43b142f8-0648-4ea9-acff-c933dad10368,5,engage with...,与……建立密切关系,
bf295b30-140d-4792-9a6e-b274081b35b9,0b7d3a84-a19c-4cf6-a80d-d96adf996cf1,1,a social engagement,社交约会,
bf295b30-140d-4792-9a6e-b274081b35b9,7a4adf10-f6d1-49ec-a039-6551b9d9825d,2,active engagement in sth.,积极参与某事,
bf295b30-140d-4792-9a6e-b274081b35b9,03096f5d-2f40-4eeb-8963-c55943790821,3,an engagement to sb.,与某人订婚,
bf295b30-140d-4792-9a6e-b274081b35b9,5a9364f2-50a9-4379-bf5b-bd3063ef53a9,4,engagement with...,与……的密切关系,
bf295b30-140d-4792-9a6e-b274081b35b9,3d83b5dd-7e17-4341-a46e-89b2a49ed029,5,political engagement,政治参与度,
bf295b30-140d-4792-9a6e-b274081b35b9,1c15a9e1-6190-4aae-88df-139774ca62d0,6,promote engagement,促进参与,
ea1e022f-608e-448d-abce-9745c8ccfb76,69aa4283-b34f-474d-8297-28a77d31631c,1,IQ scores,智商分数,
ea1e022f-608e-448d-abce-9745c8ccfb76,77ba006a-8b29-4f3f-9b37-38f4040bdbd2,2,keep the score,记分,
ea1e022f-608e-448d-abce-9745c8ccfb76,c3dc96fd-a356-42be-b65c-5164f5f1c8a5,3,scores of...,大量……,
ea1e022f-608e-448d-abce-9745c8ccfb76,c76893c1-1b88-46fb-a7ee-294b91d32195,4,the final score,最终得分,
ea1e022f-608e-448d-abce-9745c8ccfb76,b83b2ad9-47ac-47d7-831f-fcb4803ab74d,5,the highest score,最高分,
ea1e022f-608e-448d-abce-9745c8ccfb76,a6ef88d9-f25a-4c5f-96e1-14706e3a774b,6,the test scores,测试成绩,
51506c5e-1407-4287-90d9-83b953a2571a,f5e02565-a0c1-46bf-97ed-535b566f4f39,1,occur at this point,在此时出现,
51506c5e-1407-4287-90d9-83b953a2571a,bbf5a66c-c191-47ec-8b00-62a7cb1b29c3,2,occur in home,发生在家里,
51506c5e-1407-4287-90d9-83b953a2571a,3b440cfd-fb91-4e80-9eeb-8ef82d0f96cf,3,occur naturally,天然存在,
51506c5e-1407-4287-90d9-83b953a2571a,ac9e8b8e-f64c-4afe-b9b8-7f6e2f8d50f3,4,occur rapidly,立即发生,
51506c5e-1407-4287-90d9-83b953a2571a,6852ec06-df26-4f24-b9f8-fedad69115cd,5,occur to sb.,某人想到,
51506c5e-1407-4287-90d9-83b953a2571a,c83df6a1-2f3a-44cf-abb5-f19df426af40,6,occur within sth.,在某事中发生,
dd7df190-f0c2-459e-b58e-5741db00cd88,60bdae2f-1414-41fe-948b-2415f93c19c9,1,a first occurrence,第一次出现,
dd7df190-f0c2-459e-b58e-5741db00cd88,e6d888e4-c900-4101-8c99-41f91ec9a85e,2,an uncommon occurrence,罕见之事,
dd7df190-f0c2-459e-b58e-5741db00cd88,2f2784b3-1e69-4c84-8f10-147375b66b80,3,the occurrence time of...,……的发生时间,
00a62e6f-48f3-4ac1-80c9-ec016c8047bd,f45bdafc-20e6-40e6-9224-d1ce9d634d04,1,an electric current,电流,
00a62e6f-48f3-4ac1-80c9-ec016c8047bd,c72cb611-7c7e-43c1-a206-63e3129e9c03,2,current federal law,现行的联邦法律,
00a62e6f-48f3-4ac1-80c9-ec016c8047bd,b55e7784-1784-4c0b-8e48-a8483f288938,3,current thinking,流行的观点,
00a62e6f-48f3-4ac1-80c9-ec016c8047bd,f2d9cbb7-9505-4a70-9fdb-273b665ed9e3,4,sail against the current,逆流而行,
00a62e6f-48f3-4ac1-80c9-ec016c8047bd,9575c8b4-2451-48a6-9dab-1777f9be73fc,5,the current divorce rate,当前的离婚率,
a2ed2fb5-7b8f-4f5a-81b1-e449cd8fec2c,8d5d44a2-7ee4-4801-8109-f8d405b969ef,1,a business professor,商学教授,
a2ed2fb5-7b8f-4f5a-81b1-e449cd8fec2c,1377bd44-a175-4086-a924-dbce541f763d,2,a professor of psychology,心理学教授,
a2ed2fb5-7b8f-4f5a-81b1-e449cd8fec2c,624b0ec4-d7bc-4070-be1d-1484d91bfec5,3,a visiting professor,客座教授,
a2ed2fb5-7b8f-4f5a-81b1-e449cd8fec2c,47214924-c1f3-4f30-98fb-e62ef00c0235,4,be made (a) professor,被任命为教授,
6827fc7c-16a4-457a-a96c-3121bb85925e,ee125e72-9daa-4f5a-a7c7-0a37086d7312,1,a profession of loyalty,表明忠心,
6827fc7c-16a4-457a-a96c-3121bb85925e,a7084e28-bb3d-4168-9f7b-cf12354b3f15,2,the accounting profession,会计专业,
6827fc7c-16a4-457a-a96c-3121bb85925e,114255e2-7254-4f1a-94d3-e813e77ee680,3,the legal profession,法律专业,
6827fc7c-16a4-457a-a96c-3121bb85925e,aa3af6f8-b7cf-4139-acad-65ce35442c83,4,within the profession,行业内部,
258c724a-e05d-403a-8ce9-352c9f66a47e,d4b0b1d3-2579-4ded-92f1-1dc4dc37af1e,1,a health professional,保健专家,
258c724a-e05d-403a-8ce9-352c9f66a47e,83b2bd82-9943-4f24-b8d0-04290968ee89,2,a professional geologist,专业地质学家,
258c724a-e05d-403a-8ce9-352c9f66a47e,76f7d5a7-bd99-46d4-8866-c2dcf6cc8b1f,3,a professional scientist,专业的科学家,
258c724a-e05d-403a-8ce9-352c9f66a47e,aa27367a-66d9-4664-821f-037053a9cf13,4,a restaurant professional,餐饮业的内行,
258c724a-e05d-403a-8ce9-352c9f66a47e,3daf8e21-45e3-45ed-b890-a42bc4867799,5,play professional sports,从事职业运动,
258c724a-e05d-403a-8ce9-352c9f66a47e,88a3986e-407f-4af5-bc9f-7b0bb99e5f06,6,the support of a professional,专家的支持,
87f92c50-d208-4093-a080-88d9b2e3e53a,ed1a5d79-7da1-4a3e-88be-8a58e0b09708,1,a big financial win,一场巨大的经济胜利,
87f92c50-d208-4093-a080-88d9b2e3e53a,272fb9e2-ec6d-4cff-8b8b-85472a45aa46,2,a financial regulator,金融监管部门,
87f92c50-d208-4093-a080-88d9b2e3e53a,4093b945-5abc-4e80-93da-a5c657ec0a4e,3,a world financial crisis,世界金融危机,
87f92c50-d208-4093-a080-88d9b2e3e53a,67c86f5f-8b9f-43ea-ad39-463f3088326b,4,financial burdens,财务负担,
87f92c50-d208-4093-a080-88d9b2e3e53a,9f7df5ac-bca7-4587-b8b6-1f0156136081,5,financial loss,财政损失,
87f92c50-d208-4093-a080-88d9b2e3e53a,2ddf3a46-71ea-417b-be9a-97f0ee463dcd,6,financial support,财政资助,
594e513c-9ada-4313-9b93-a5a30881358e,a69be6ed-37d0-47cc-bde2-a36eee75b76b,1,apply for a project,申请项目,
594e513c-9ada-4313-9b93-a5a30881358e,62996c0d-6827-40cd-8dd8-214dafeb51ef,2,apply pressure on sb.,对某人施加压力,
594e513c-9ada-4313-9b93-a5a30881358e,c88316cc-b1ad-424b-96a6-131b7f51911c,3,apply sth. to sb.,将某物应用在某人身上,
594e513c-9ada-4313-9b93-a5a30881358e,542e511e-16d2-4997-8828-c3e649ad28b6,4,apply to a university,向大学申请,
594e513c-9ada-4313-9b93-a5a30881358e,0f93a885-21df-4f25-ad1c-8a4c55a0636b,5,apply to any language,适用于任何语言,
594e513c-9ada-4313-9b93-a5a30881358e,b42b8d5b-0a74-44d2-9833-24f0bed7b6da,6,apply to do sth.,申请做某事,
7590780b-589b-4d38-ae33-6a865d323a88,c4192610-fc9c-4cb5-8028-2b3749574750,1,an available choice,可获得的选择,
7590780b-589b-4d38-ae33-6a865d323a88,2bd935b5-84e9-4bc5-9da2-b590d54a6003,2,available funding,可用资金,
7590780b-589b-4d38-ae33-6a865d323a88,9466cefc-2a00-42f8-b230-3a8eab246779,3,be available for sth.,有空做某事,
7590780b-589b-4d38-ae33-6a865d323a88,7c3b92c3-f421-4734-8b77-0bd00962e3fb,4,be available to do sth.,可用来做某事,
7590780b-589b-4d38-ae33-6a865d323a88,bc1f4121-3d37-46dc-bffa-a54ef8ea6bf8,5,be readily available to sb.,某人容易获得,
7590780b-589b-4d38-ae33-6a865d323a88,6448f5c6-36f0-4074-9cd6-57e558459f9a,6,make sth. freely available,免费提供某物,
e264128c-5fa4-4a89-9331-f31b922ab80a,39f64198-7c52-461e-b8e2-dc20d4840793,1,biographical details,生平资料,
e264128c-5fa4-4a89-9331-f31b922ab80a,6aabc3dc-f3f1-479d-b285-4c6810b509b2,2,detail the duties,详述职责,
e264128c-5fa4-4a89-9331-f31b922ab80a,13e1febf-b93c-4795-afcb-4f59f853b5ee,3,figure out the details,弄清楚细节,
e264128c-5fa4-4a89-9331-f31b922ab80a,24a34579-4a2a-475e-9524-cc5c2124e87a,4,ignore a detail,忽略细节,
e264128c-5fa4-4a89-9331-f31b922ab80a,0e509bb6-66b6-4311-a4a5-370c163624bc,5,in detail,详细地,
e264128c-5fa4-4a89-9331-f31b922ab80a,b49b37a1-5926-4205-a7e2-69d9b71befe7,6,irrelevant detail,无关的详情,
bee11f4c-f1fb-4fcc-b02d-45f1054e161d,20a91787-7187-4d04-b172-cde95da270c7,1,embarrass sb. by...,通过……让某人为难,
bee11f4c-f1fb-4fcc-b02d-45f1054e161d,bec9e267-e2ac-445f-87b7-2c634da12c44,2,embarrass sb. with sth.,通过某事让某人尴尬,
bee11f4c-f1fb-4fcc-b02d-45f1054e161d,b609534c-d7b7-4eaa-9fd1-2c8d21f8dc7f,3,embarrass the company,使公司陷入困境,
7877c61c-ab13-487b-951b-c180dbe28f33,ca2288bd-346f-4bd4-a3b5-6108694080ab,1,an employment agency,职业介绍所,
7877c61c-ab13-487b-951b-c180dbe28f33,7aaf1912-544c-42d5-bd69-b724e3fd6a45,2,full-time employment,全职工作,
7877c61c-ab13-487b-951b-c180dbe28f33,9a77a5dc-1f28-47e6-a8e2-8a1b61f3168c,3,secure employment,有保障的就业,
7877c61c-ab13-487b-951b-c180dbe28f33,c4db0ebf-baab-4763-93a1-9951c6a6151c,4,the concept of employment,就业概念,
537de570-c015-4531-b3b7-64735689ba48,881c489c-0a53-4e45-99d5-92e7d96154ca,1,in the unemployment line,处于失业行列,
537de570-c015-4531-b3b7-64735689ba48,66cfc421-e3fd-40f8-ae0b-57f1eb213e6b,2,mass unemployment,大量失业人员,
537de570-c015-4531-b3b7-64735689ba48,ef2b52d0-627d-41f4-b881-792bee494bdc,3,reduce unemployment,减少失业人数,
537de570-c015-4531-b3b7-64735689ba48,99074d74-a892-447b-9064-d546c6475e60,4,rising unemployment,上升的失业人数,
537de570-c015-4531-b3b7-64735689ba48,ab9ad865-52b2-4394-896f-263417447ddb,5,the unemployment rate,失业率,
537de570-c015-4531-b3b7-64735689ba48,2cbcf627-e973-43f7-af98-728e31a76e8c,6,unemployment insurance,失业保险,
8077083d-ceb6-40d1-802d-0682b2cf436d,3c7bc336-8b9b-4af5-9c99-579c1b6209aa,1,a motivated employee,有积极性的员工,
8077083d-ceb6-40d1-802d-0682b2cf436d,bef79630-e075-47ac-8f57-dd27734266c1,2,an airline employee,航空公司的雇员,
8077083d-ceb6-40d1-802d-0682b2cf436d,2d4e83c9-23f3-41d4-9739-2dfae8a00812,3,an experienced employee,有经验的员工,
8077083d-ceb6-40d1-802d-0682b2cf436d,73b96b56-4888-46d3-89f1-691313aac60a,4,employee health costs,员工的医疗费用,
8077083d-ceb6-40d1-802d-0682b2cf436d,537f7243-7f66-46b8-af3c-9b31fc3ba0f2,5,employee rights,雇员权利,
8077083d-ceb6-40d1-802d-0682b2cf436d,184eb2aa-4dfe-4e48-98a4-8b87769890d9,6,lay off an employee,解雇员工,
d560157b-0bdf-46a8-b682-7a4dccd6e105,e8a29111-27fd-4395-9848-59490c77d83f,1,a printing press,印刷机,
d560157b-0bdf-46a8-b682-7a4dccd6e105,dc358b27-707f-4614-aa88-0f54a295bce1,2,press a bell,按铃,
d560157b-0bdf-46a8-b682-7a4dccd6e105,5888b599-13f9-4ac0-8a35-11c3f0de9568,3,press down on sth.,用力压某物,
d560157b-0bdf-46a8-b682-7a4dccd6e105,9dbe55ca-c714-41d3-8c4b-01b5c315a009,4,press sb. to do sth.,敦促某人做某事,
d560157b-0bdf-46a8-b682-7a4dccd6e105,4805cc1f-0e80-4c65-8230-12232f7e827e,5,the daily press,日报,
d560157b-0bdf-46a8-b682-7a4dccd6e105,86ab68da-8b9d-4487-a763-50c22ff0c708,6,the lay press,非专业新闻媒体,
691b7a7b-29d7-4d99-b6ec-9aa114c9dbc8,e63d36ec-51d5-405a-90f2-0706de528bdb,1,be pressured into doing sth.,被迫做某事,
691b7a7b-29d7-4d99-b6ec-9aa114c9dbc8,6084f034-8d13-44d2-88ae-48336c669686,2,be under pressure,处于压力之下,
691b7a7b-29d7-4d99-b6ec-9aa114c9dbc8,cfc65703-e759-4e3c-bc7d-08da81e4c5da,3,blood pressure,血压,
691b7a7b-29d7-4d99-b6ec-9aa114c9dbc8,ae3cbf34-0f54-4aab-8127-74fe04cab0df,4,create a pressure,形成一种压力,
691b7a7b-29d7-4d99-b6ec-9aa114c9dbc8,f4f2bf81-f485-4aec-9db5-d877affd6d30,5,put pressure on sb.,向某人施压,
691b7a7b-29d7-4d99-b6ec-9aa114c9dbc8,923ce1ef-7d2c-4b1a-bc24-e863b73ba11c,6,unusual pressure,异常的心理压力,
2385cb79-80b5-46a8-a6f2-0d6480511e67,9e8605d1-003b-4d9d-9674-198561e41f64,1,promote a product,推销产品,
2385cb79-80b5-46a8-a6f2-0d6480511e67,e536644e-d83e-498a-b185-2aaf72789e25,2,promote economic growth,促进经济增长,
2385cb79-80b5-46a8-a6f2-0d6480511e67,47a8e555-ed30-4663-9ba5-f63f31cc6c4f,3,promote sales,提高销量,
2385cb79-80b5-46a8-a6f2-0d6480511e67,09c4dfb5-4a30-4508-bdf7-78c564849fc7,4,promote sb. to manager,晋升某人为经理,
2385cb79-80b5-46a8-a6f2-0d6480511e67,cd55db13-e762-415c-9b80-2c5125697244,5,promote the learning of sth.,促进学习某事,
1137e05a-63c6-4bcd-938d-ebcf3127b1cb,785c9694-1754-4cec-a08b-4a51d6abb748,1,a similar challenge,类似的挑战,
1137e05a-63c6-4bcd-938d-ebcf3127b1cb,212110b5-bb4d-4379-8e59-5c52b79a499f,2,a similar process,相似的过程,
1137e05a-63c6-4bcd-938d-ebcf3127b1cb,a0a47eb9-8a9c-4c4b-8b50-b6ba57f60a4c,3,be similar in...,在……方面相似,
1137e05a-63c6-4bcd-938d-ebcf3127b1cb,be5d1e6d-f84d-44a7-ab7a-f6a9649dbe43,4,be similar to sth.,与某物类似,
1137e05a-63c6-4bcd-938d-ebcf3127b1cb,f8a38099-b13e-44e8-8c13-88e2c4d2c96b,5,follow similar practices,采用类似的做法,
1137e05a-63c6-4bcd-938d-ebcf3127b1cb,673087eb-9efa-4f06-9181-4158842cf85c,6,similar tasks,类似的任务,
4ee1cc0b-ee4a-4f1d-9ba0-89c8d784cc42,afef67dd-367a-46c6-9d47-160ca34da79d,1,an extreme intensity,极大的强度,
4ee1cc0b-ee4a-4f1d-9ba0-89c8d784cc42,39536e09-a9c2-4cab-88be-4f3fd0a92915,2,extreme dieting,极度节食,
4ee1cc0b-ee4a-4f1d-9ba0-89c8d784cc42,f1ffa930-edd1-4862-9bc2-9507474ac7b4,3,extreme poverty,极度贫困,
4ee1cc0b-ee4a-4f1d-9ba0-89c8d784cc42,c36fa7dd-4a77-48c8-bcba-f89cb7a3b0e4,4,extreme stress,极大的压力,
4ee1cc0b-ee4a-4f1d-9ba0-89c8d784cc42,0f57ea1a-b282-4f71-9065-9728540c8e9f,5,extreme weather,极端天气,
4ee1cc0b-ee4a-4f1d-9ba0-89c8d784cc42,9b68649f-af45-4135-8944-e749dc803dba,6,in an extreme case,在极端情况下,
eeebc9db-9520-44df-aa1c-897cf23fd77d,8d15833a-b603-4088-b399-64b5d1114904,1,a national identity,民族认同感,
eeebc9db-9520-44df-aa1c-897cf23fd77d,fea2ef19-8b33-41fa-8644-9feefa135a1a,2,a sense of identity,认同感,
eeebc9db-9520-44df-aa1c-897cf23fd77d,4b521b90-a8c5-4b42-96bd-8e16b93d993d,3,an identity as a citizen,公民身份,
eeebc9db-9520-44df-aa1c-897cf23fd77d,571cc78f-fbca-4b1d-a8b1-4c66e2f1670a,4,discover one’s identity,查明某人的身份,
eeebc9db-9520-44df-aa1c-897cf23fd77d,358b39a7-b3f6-4836-b9cf-ec348c2d4a62,5,identity with...,与……一致,
eeebc9db-9520-44df-aa1c-897cf23fd77d,2ed14d4e-df06-4d58-b02c-fcd43ba8df90,6,trust one’s identity,信任某人的身份,
0e62b486-7689-4263-90e0-bbcdfaeb27b7,3555e9ea-adf2-441a-8823-7ecf2f63a733,1,reflect a trend,反映一种趋势,
0e62b486-7689-4263-90e0-bbcdfaeb27b7,1b326c4a-ef49-4827-93d3-c192a4ffdf10,2,reflect back to sp.,反射回某处,
0e62b486-7689-4263-90e0-bbcdfaeb27b7,ad8c0fc7-123f-4c82-84b8-12aaf1b5f2d4,3,reflect on sth.,认真思考某事,
0e62b486-7689-4263-90e0-bbcdfaeb27b7,3f5763a6-d7d6-408e-96f5-f47e9e586e13,4,reflect the sunlight,反射阳光,
0e62b486-7689-4263-90e0-bbcdfaeb27b7,11e5bce2-5843-4191-ad17-c8b0f5646e34,5,reflect the view of sb.,反映某人的观点,
00ca2ad7-53c1-4618-baa5-9e99fa01bb8f,0d5020a9-01e3-4108-9bc8-41e50b44150d,1,a reflection of sth.,某事的反映,
00ca2ad7-53c1-4618-baa5-9e99fa01bb8f,56acbef6-28c7-49bc-bf11-72085d64e734,2,an accurate reflection,精准的反映,
00ca2ad7-53c1-4618-baa5-9e99fa01bb8f,b5f12a6e-6692-4f4f-b85c-efaed04025a9,3,ethical reflection,伦理反思,
00ca2ad7-53c1-4618-baa5-9e99fa01bb8f,370519e4-0e6f-4fc8-a3f1-6b65c995a27a,4,on reflection,经过深思,
00ca2ad7-53c1-4618-baa5-9e99fa01bb8f,397025e1-887b-4b53-bcba-2e8ae5fd3551,5,reflections on sth.,对某事的思考,
00ca2ad7-53c1-4618-baa5-9e99fa01bb8f,33e9d2ca-c3a9-4da1-aae9-71fbbcf16982,6,without reflection,没有经过考虑,
3319ed87-1dc8-436f-bc4d-f46eb6e8632c,67aab91f-748d-425d-9b79-9846c9b18b4b,1,a degree in biology,生物学学位,
3319ed87-1dc8-436f-bc4d-f46eb6e8632c,301ffeb6-3c11-4f7e-97aa-8317c8c8191c,2,a professor of biology,生物学教授,
3319ed87-1dc8-436f-bc4d-f46eb6e8632c,a4478a09-6c53-4444-973e-c58fe25a36a6,3,human biology,人体生命机理,
3319ed87-1dc8-436f-bc4d-f46eb6e8632c,4abdd4f1-d91c-46fa-8e67-13386cf96642,4,learn biology,学习生物学,
3697b98a-c7fb-4349-bf76-dde4db1fe62d,48a010a3-8793-46c3-9098-19b212dd3b94,1,operate a machine,操作机器,
3697b98a-c7fb-4349-bf76-dde4db1fe62d,945b9156-6bd9-4036-87c6-c233c35846b7,2,operate a system,使系统运转,
3697b98a-c7fb-4349-bf76-dde4db1fe62d,840d6562-6bb8-4522-b804-b16856d67ae2,3,operate on a patient,为病人动手术,
3697b98a-c7fb-4349-bf76-dde4db1fe62d,22be9989-20fa-49f4-9f65-a5861c01abc7,4,operate with supervision,在监控下运行,
b2add5d3-351e-43a0-92ef-7681e1297d2f,0515fef7-7e09-4f1d-90ef-dc6024378954,1,a subtraction operation,减法运算,
b2add5d3-351e-43a0-92ef-7681e1297d2f,2addfb50-4e5f-49d6-bcb2-d2e590af3579,2,an international operation,国际业务,
b2add5d3-351e-43a0-92ef-7681e1297d2f,65a896c1-62e7-45c6-bb47-8b8821a715bb,3,have an operation,动手术,
b2add5d3-351e-43a0-92ef-7681e1297d2f,ec57dbd4-e564-431a-b844-313c26e11945,4,move an operation,转卖经营,
b2add5d3-351e-43a0-92ef-7681e1297d2f,5064fd2e-3340-42c7-97b3-7d7b0deec557,5,normal operation,常规操作,
b2add5d3-351e-43a0-92ef-7681e1297d2f,5490e6ae-c6c2-48b4-8f29-c8cc8b39da1f,6,the cost of operation,运营费用,
642656ba-5323-4961-82b3-64643c7cd222,7865ebaf-55d9-41e5-8fa2-482a0112d524,1,a bus operator,公共汽车公司,
642656ba-5323-4961-82b3-64643c7cd222,fcd7eb40-9175-4537-8294-b5e26d98dabd,2,a computer operator,电脑操作员,
642656ba-5323-4961-82b3-64643c7cd222,667743fc-df90-466e-8781-08a426789ffb,3,a network operator,网络运营商,
642656ba-5323-4961-82b3-64643c7cd222,774f5fda-ce6f-4440-8599-24b556ffb64c,4,a telephone operator,话务员,
442ed84a-975d-4b0c-ac4a-f5c8fd955d7c,c2ecab3f-67bc-4c2e-9485-0e0e94e28754,1,systematic knowledge,系统的知识,
442ed84a-975d-4b0c-ac4a-f5c8fd955d7c,9df1d9fc-d290-424b-ac9a-bbdf5766b48f,2,systematic methods,系统的方法,
442ed84a-975d-4b0c-ac4a-f5c8fd955d7c,148238f6-01df-44bb-8ebe-fac8764c4cbc,3,systematic patient abuse,蓄意虐待病人,
88f473de-73b0-4b50-bfc9-95dda1522808,eb425f7e-b797-4b42-8619-05e5dc606d83,1,vary according to...,随……而变化,
88f473de-73b0-4b50-bfc9-95dda1522808,fc636cc1-b221-48df-a00c-6ec893b8d2fd,2,vary considerably in quality,质量参差不齐,
88f473de-73b0-4b50-bfc9-95dda1522808,69fa28f2-19b6-45b6-a190-6f76fccfc0c1,3,vary greatly,变化很大,
88f473de-73b0-4b50-bfc9-95dda1522808,cae9fbe8-35d3-4a31-ac5f-e6123faa1c82,4,vary with sth.,随某事而变化,
2afa7cc6-68ac-4c5a-93b5-6849f89e2acb,09cb52fc-6584-4ee0-a216-7e6bf70e24b1,1,depict various theories,描述各种理论,
2afa7cc6-68ac-4c5a-93b5-6849f89e2acb,48cc21b8-9375-4932-a920-45ba28cd9790,2,in various ways,以各种方式,
2afa7cc6-68ac-4c5a-93b5-6849f89e2acb,b36cde2c-a703-43ac-89f0-47dcc9220013,3,recognize various signs,识别各种迹象,
2afa7cc6-68ac-4c5a-93b5-6849f89e2acb,6166ed48-133e-4eda-b409-85fccbbab133,4,various kinds of loss,各种各样的损失,
2afa7cc6-68ac-4c5a-93b5-6849f89e2acb,4885f02b-2c8b-44ec-99f6-ea036c4dbae1,5,various reasons,种种原因,
2afa7cc6-68ac-4c5a-93b5-6849f89e2acb,77041867-db3a-4e93-ae0f-26ad7eba4bcb,6,various services,各类服务,
1420ef01-c974-49c6-96d1-1e1f75feea27,7f94ebe9-02c7-4938-b252-7e58f994c07b,1,identify A with B,将 A 等同于 B,
1420ef01-c974-49c6-96d1-1e1f75feea27,0e38255e-ebb3-4516-839c-a18bc58840b4,2,identify a new product,发现新产品,
1420ef01-c974-49c6-96d1-1e1f75feea27,ed3b800f-26db-4caa-9a81-d4f1307748a8,3,identify a photograph,认出照片,
1420ef01-c974-49c6-96d1-1e1f75feea27,77fb017d-340f-4420-a8e4-3c6da2b19e81,4,identify human DNA,识别人类 DNA,
1420ef01-c974-49c6-96d1-1e1f75feea27,a03e2da1-7772-4252-bb50-c51eff676a26,5,identify the murder,确认凶手,
355f7f24-f581-441d-a752-dda4fa80d78c,58042057-46dd-418b-b0a9-5801d33e937a,1,conduct a test,进行测试,
355f7f24-f581-441d-a752-dda4fa80d78c,3004de22-dd6f-4077-b8fc-59e0d718d86f,2,conduct an orchestra,指挥管弦乐队,
355f7f24-f581-441d-a752-dda4fa80d78c,77bcc937-ef8a-482b-979e-0956bc8063f3,3,the code of conduct,行为规范,
6dc070b7-43df-4c10-a302-fb25d8a643ea,176b4a23-5f72-4ed1-a4fa-db013fb7e82b,1,attach a label,贴标签,
6dc070b7-43df-4c10-a302-fb25d8a643ea,0eef23f1-bd1d-4feb-a697-8cbbc15b1e2a,2,attach importance to...,重视……,
6dc070b7-43df-4c10-a302-fb25d8a643ea,24f5db1a-abe9-4897-b50a-8a015e395b9b,3,attach oneself to sb.,缠着某人不放,
6dc070b7-43df-4c10-a302-fb25d8a643ea,101148b3-86bb-400d-a3c0-032ead795768,4,be attached to sth.,被贴到某物上,
c526a12f-4fb7-4a70-ad1e-d4b5c103b31e,ca36fa47-b50a-48f5-8348-42e910ad5c30,1,expand one’s influence,扩大某人的影响,
c526a12f-4fb7-4a70-ad1e-d4b5c103b31e,24014eaa-a61b-43a9-b386-a39b042935a6,2,expand the market,扩展市场,
c526a12f-4fb7-4a70-ad1e-d4b5c103b31e,64743552-7f74-4b77-b75a-cc5d012c4db4,3,expand the repertoire,增加节目,
7534c469-0535-48e8-bf44-91326a77d1f4,d02d472f-bec8-401a-9994-a9d2a0ba4b18,1,a business expansion,业务扩张,
7534c469-0535-48e8-bf44-91326a77d1f4,11c0aaf3-434a-452a-9b8b-bc6d3cb499bd,2,an expansion in...,......的发展,
7534c469-0535-48e8-bf44-91326a77d1f4,df2e763b-be04-471d-baee-81d353b557f8,3,an expansion project,扩建项目,
7534c469-0535-48e8-bf44-91326a77d1f4,d101b86f-d801-4c6c-8627-7e9c6ad9838a,4,control the expansion,控制扩张,
7534c469-0535-48e8-bf44-91326a77d1f4,f0259b5e-404a-4f50-9111-543edaf6f0c6,5,economic expansion,经济发展,
7534c469-0535-48e8-bf44-91326a77d1f4,3468612f-d6df-40a7-924e-90b8705eb459,6,expansion of sth.,某物的扩张,
ad7df724-82b1-4fca-8d7d-c9ff1b183367,131b351a-b7c7-4442-b1bf-fcd12dfdccbd,1,describe a circle,画出一个圈,
ad7df724-82b1-4fca-8d7d-c9ff1b183367,7f3dcad2-11d3-42ad-9a80-e1b99f335979,2,describe a context,描写语境,
ad7df724-82b1-4fca-8d7d-c9ff1b183367,6d8d5cd5-e09e-4fc1-a4e8-44a85358b7c6,3,describe monetary policy,描述货币政策,
ad7df724-82b1-4fca-8d7d-c9ff1b183367,c98532f2-68c5-4636-91e7-036878890d77,4,describe sth. with...,用……描述某物,
ad7df724-82b1-4fca-8d7d-c9ff1b183367,0aa0a830-fc64-425e-9e06-d2fd1a034d19,5,describe the process of sth.,描述某事的过程,
ad7df724-82b1-4fca-8d7d-c9ff1b183367,6c379545-0ab3-4324-8980-ed3c15ed477f,6,describe...as...,把……描述为……,
b812147a-48b9-44cd-ac30-6cdd47195cda,ce159309-2317-42e8-b1a2-3525a5de11a9,1,a misleading statement,误导性的陈述,
b812147a-48b9-44cd-ac30-6cdd47195cda,7d80082b-6eb7-4888-905e-2930bec8586b,2,agree one's statements,认同某人的说法,
b812147a-48b9-44cd-ac30-6cdd47195cda,9b1ccf67-a5ff-41d2-9e60-b38191d71a70,3,an income statement,收益报表,
b812147a-48b9-44cd-ac30-6cdd47195cda,98c80dfb-89df-4981-9f99-2157fc903a34,4,an official statement,官方声明,
b812147a-48b9-44cd-ac30-6cdd47195cda,0034b02f-ca9e-468f-a1f2-b04fd2bc7b9c,5,make a statement,发表声明,
51233dec-96ba-427f-b0fc-975d9c8b3aed,23032721-3808-4d28-a4b5-fcedca902989,1,a cultural stereotype,固定文化模式,
51233dec-96ba-427f-b0fc-975d9c8b3aed,3df844ba-c926-4a41-87ac-dbcbf2dffa35,2,a negative stereotype,消极的刻板印象,
51233dec-96ba-427f-b0fc-975d9c8b3aed,1e5fb224-3df2-42f1-ae6b-6a2e25eee085,3,a racial stereotype,种族的刻板观念,
51233dec-96ba-427f-b0fc-975d9c8b3aed,ebd6c22d-194e-4c34-b540-19689c4f08f2,4,a stereotype about sb.,对某人的刻板印象,
62c81eeb-f3f2-40d8-936c-75edbf2fd8da,bbb79979-fe40-4a63-8b12-702924b80552,1,a federal institution,联邦机构,
62c81eeb-f3f2-40d8-936c-75edbf2fd8da,1aa35598-9e22-4703-b5c4-51a233ea6df8,2,a research institution,研究机构,
62c81eeb-f3f2-40d8-936c-75edbf2fd8da,37c412b3-e439-4f61-90bc-b0d35634cb76,3,innovate an institution,革新体制,
8cb9f11a-3fa2-486f-97da-85f07dbfc34e,f7998137-9474-44f6-8a90-2edab2a6ba43,1,damage the ecology,破坏生态,
8cb9f11a-3fa2-486f-97da-85f07dbfc34e,7886f8d4-b031-4dff-af1f-801a2c1591bd,2,fire ecology,火灾生态学,
8cb9f11a-3fa2-486f-97da-85f07dbfc34e,7979fb68-44d1-482f-bdee-1179cd9f2876,3,human ecology,人类生态学,
8cb9f11a-3fa2-486f-97da-85f07dbfc34e,893e2025-21ea-481c-9430-f7b453e88cc6,4,the ecology movement,生态运动,
4c9c7221-44b8-4111-8dcb-1f4625dd8285,69c8aa46-5f7b-42da-aa55-f0a678119f49,1,a cultural innovation,文化新思想,
4c9c7221-44b8-4111-8dcb-1f4625dd8285,075a7556-4a82-43d2-b470-527d3fc4bf0b,2,introduce an innovation,引进新方法,
4c9c7221-44b8-4111-8dcb-1f4625dd8285,3713594e-7ebc-4b12-bb1f-d11f7a59350d,3,radical innovation,根本的变革,
4c9c7221-44b8-4111-8dcb-1f4625dd8285,b2b323a8-67fa-4b09-ae5d-00a2403a13bb,4,social innovation,社会创新,
4c9c7221-44b8-4111-8dcb-1f4625dd8285,dcbe5eb1-b471-44de-b5d0-7e1e03f74783,5,technological innovation,技术革新,
4c9c7221-44b8-4111-8dcb-1f4625dd8285,c7d4b37c-26ab-47cf-b10c-31066e5c6948,6,trigger innovation,引发变革,
f5eb744e-c576-4838-82b3-26f70830fd12,43ae7839-7bc8-4c1f-9501-180d36a74eb5,1,a massive wall,厚重的围墙,
f5eb744e-c576-4838-82b3-26f70830fd12,d5d5ebef-1611-4b58-98a9-397d5b7c300b,2,a massive wave,巨大的浪潮,
f5eb744e-c576-4838-82b3-26f70830fd12,1c655e5d-55ef-4cd6-9ebf-a359e93ba682,3,massive attention,大量的关注,
53c8b8b6-70a6-479a-9985-ff6cc9735c4f,9ded4451-4d7b-4c54-8e8b-31dd16393e82,1,a home purchase,购房,
53c8b8b6-70a6-479a-9985-ff6cc9735c4f,a624f725-d667-4653-b42b-29876c8f95d0,2,an online purchase,网购商品,
53c8b8b6-70a6-479a-9985-ff6cc9735c4f,ddae0dfe-6379-4691-9cb6-723bf291c098,3,proof of purchase,购货凭证,
e8a18786-2de8-4ceb-be9e-7b19f4f56cee,42edb190-5bad-4024-ae2e-f64f42299780,1,a release from prison,从监狱获释,
e8a18786-2de8-4ceb-be9e-7b19f4f56cee,848a9979-d388-4713-8874-ab81cc45b5f8,2,frequent releases,频繁发行的新产品,
e8a18786-2de8-4ceb-be9e-7b19f4f56cee,b7d87c00-8887-41ca-84dd-b95879cfbb86,3,release A into B,把 A 释放到 B 中,
e8a18786-2de8-4ceb-be9e-7b19f4f56cee,0a6cf7ba-39a9-4472-928c-5dec1480034f,4,release a strategy,发布战略,
e8a18786-2de8-4ceb-be9e-7b19f4f56cee,38423aa2-166b-4f19-a6cf-0351b4158feb,5,release one’s emotions,发泄某人的情绪,
e8a18786-2de8-4ceb-be9e-7b19f4f56cee,10aa5350-faf6-4c06-ad34-a4275f08f825,6,the release of sb.,释放某人,
f1812770-e8eb-49e3-b9d5-85a6242ba497,80cefead-f1b3-4b14-9a9c-48c53bf92a3f,1,a civil servant,公务员,
f1812770-e8eb-49e3-b9d5-85a6242ba497,a666b68d-b1b4-4600-8303-ea40f7903f90,2,a domestic servant,家仆,
f1812770-e8eb-49e3-b9d5-85a6242ba497,b7e514dc-b25b-4b34-8947-4838d5beb85e,3,a faithful servant,忠诚的仆人,
f1812770-e8eb-49e3-b9d5-85a6242ba497,36f2e743-0d3c-457c-b566-59260f927107,4,a post office servant,邮政职员,
f1812770-e8eb-49e3-b9d5-85a6242ba497,964552bb-44c6-4172-92d1-fb3454777ef8,5,a useful servant,有用的仆人,
f1812770-e8eb-49e3-b9d5-85a6242ba497,9a2849ce-3617-49bd-9233-831096ab6fa7,6,fellow servants,同主雇员,
e6165985-ca31-450d-861b-8abbe125dc32,78fb0939-bdc9-476a-a6c7-a05acecf9659,1,a Conservative leader,保守党领袖,
e6165985-ca31-450d-861b-8abbe125dc32,0eca8069-f951-461f-a239-abb2d077b2be,2,a Conservative supporter,保守党的支持者,
e6165985-ca31-450d-861b-8abbe125dc32,bca4d48a-eb47-4e86-aecb-b56e4ef1968f,3,a conservative idea,保守的思想,
e6165985-ca31-450d-861b-8abbe125dc32,83870e42-955f-4e52-9c63-dc1b35df47ef,4,be conservative to do sth.,保守做某事,
f6e102b5-faa9-44df-a28c-896ecde92fcb,d43aa906-46b6-4f80-bc25-269fdc4ee933,1,a conservation measure,保护措施,
f6e102b5-faa9-44df-a28c-896ecde92fcb,954b4f23-a3ca-4a8a-b047-e8413f80db9a,2,awareness of conservation,保护意识,
f6e102b5-faa9-44df-a28c-896ecde92fcb,86008098-9af2-40e8-812c-b653b6dc89a6,3,energy conservation,能源节约,
f6e102b5-faa9-44df-a28c-896ecde92fcb,218f68a0-090d-492c-a261-5f0864375855,4,forest conservation,森林保护,
f6e102b5-faa9-44df-a28c-896ecde92fcb,f06b7c4b-1401-4d39-812b-6bb0dcb88548,5,the conservation of water,节约用水,
7cc6a1b0-42cc-4d44-a16b-cbe7a94fbe1c,679c08b5-cec3-480f-a570-329c55f21e70,1,a campaign against...,反对……的运动,
7cc6a1b0-42cc-4d44-a16b-cbe7a94fbe1c,e31f19a8-39ad-47de-a9f6-a72606d3b4b0,2,a public health campaign,公众健康运动,
7cc6a1b0-42cc-4d44-a16b-cbe7a94fbe1c,4ed8b019-150e-4653-8b5d-5e3ff4122519,3,an air campaign,空战,
7cc6a1b0-42cc-4d44-a16b-cbe7a94fbe1c,fcc572c9-44e1-4761-82bf-95ca8044d7fa,4,an election campaign,竞选活动,
7cc6a1b0-42cc-4d44-a16b-cbe7a94fbe1c,77110557-2285-460c-adfc-b8bb0a9bc3e9,5,campaign to do sth.,发起运动做某事,
7cc6a1b0-42cc-4d44-a16b-cbe7a94fbe1c,41f58194-13cb-4aa4-aec5-4e1ea62ddb59,6,campaigning against...,领导反对……的运动,
27928a6a-1e62-4edc-92ef-da0beb7fdd9f,dcbe4b93-ea30-4604-94c8-060c38ef5e85,1,a natural reserve,自然保护区,
27928a6a-1e62-4edc-92ef-da0beb7fdd9f,aeb4fb58-7f43-471c-b316-f10d6295afb8,2,ice reserves,冰储量,
27928a6a-1e62-4edc-92ef-da0beb7fdd9f,db2408ed-6f49-4e3e-a009-23f9eaf7814e,3,reserve a ticket,预先订票,
27928a6a-1e62-4edc-92ef-da0beb7fdd9f,b8734d69-5f16-4a95-8879-c38a68566169,4,reserve space,保留空间,
27928a6a-1e62-4edc-92ef-da0beb7fdd9f,3da1c1f3-4f96-4264-848f-e95a356d6d32,5,reserve sth. for...,为……保留某物,
27928a6a-1e62-4edc-92ef-da0beb7fdd9f,acd232de-99b1-4353-9b1f-68ebd28a1565,6,reserves of sth.,某物的储量,
28575ed0-fa29-48bf-b07a-97dc0362f8c4,f608a5df-8c60-4130-9925-333b04857276,1,an urgent business,紧急的事,
28575ed0-fa29-48bf-b07a-97dc0362f8c4,155e0519-6b46-4caa-ba5c-975c26fa0b09,2,an urgent circumstance,紧急情况,
28575ed0-fa29-48bf-b07a-97dc0362f8c4,d01a40cb-9958-4b6a-8366-91e17f127bf8,3,an urgent need of...,……的迫切需求,
28575ed0-fa29-48bf-b07a-97dc0362f8c4,cc54f968-ed7f-403a-a1cd-d1ffe64bd2e7,4,an urgent whisper,急切的耳语,
28575ed0-fa29-48bf-b07a-97dc0362f8c4,7f7f51a0-9f46-4fe2-aa3f-7925c941dda2,5,be too urgent to do sth.,太紧急而不能做某事,
28575ed0-fa29-48bf-b07a-97dc0362f8c4,677880b9-477a-4229-ace0-2bbb11c172e7,6,urgent attention,迫切关注,
0617047d-69fc-4660-9311-dc4b8801a98c,bc0121ff-54d1-4971-9689-9073a6ff9c79,1,a holiday mood,节日气氛,
0617047d-69fc-4660-9311-dc4b8801a98c,364a90a5-289c-4081-9211-2ab59fdcc01d,2,be based on one’s mood,根据某人的情绪,
0617047d-69fc-4660-9311-dc4b8801a98c,7e743f49-503c-4867-b474-73550627021c,3,dampen one’s moods,使某人情绪低落,
0617047d-69fc-4660-9311-dc4b8801a98c,3cdf2656-33ef-404e-bbe0-258864d0e503,4,in a good mood,心情不错,
344f6de6-fc12-4b6f-881d-7b49c9e5726a,159efffa-d8d1-417e-ae8e-cc5c74292199,1,a cancer specialist,癌症专科医生,
344f6de6-fc12-4b6f-881d-7b49c9e5726a,5cbd7fb2-b3b3-4c6b-a01b-e8d794e91410,2,a heart specialist,心脏专科医生,
344f6de6-fc12-4b6f-881d-7b49c9e5726a,3e7a8838-ed0e-40a5-b376-149e28b6a757,3,a modern specialist,现代专家,
344f6de6-fc12-4b6f-881d-7b49c9e5726a,1419c3ca-f2b5-4d06-add2-b058d8e45277,4,a specialist in...,……方面的专家,
344f6de6-fc12-4b6f-881d-7b49c9e5726a,c133b883-682c-44af-88a9-f158cd02ec1c,5,an academic specialist,学术专家,
419c0c08-a1bd-457f-a2ed-2bc3347f1692,958938a7-4c6b-4d04-b6a5-554e1eca94f6,1,a specific society,特定的团体,
419c0c08-a1bd-457f-a2ed-2bc3347f1692,66259ac3-9a32-4659-be82-fb5507484702,2,a specific task,特定的任务,
419c0c08-a1bd-457f-a2ed-2bc3347f1692,66458c5e-30ce-41a5-8c0f-4736ed5ca30a,3,make specific plans,制定具体的计划,
419c0c08-a1bd-457f-a2ed-2bc3347f1692,f4fecdc5-f55d-42c4-8385-ffc886e23681,4,set a specific goal,制定明确的目标,
053b527c-20ca-460c-b950-91803c785614,5033e56d-b69f-4bad-ab01-17be21254c89,1,a consumption mode,消费模式,
053b527c-20ca-460c-b950-91803c785614,0ff8e58d-80fa-48ba-9eed-6dbfc829c1dd,2,a culture of consumption,消费文化,
053b527c-20ca-460c-b950-91803c785614,280e8ba1-4cdc-4386-b53b-a477f73c58ab,3,oil consumption,石油消耗量,
053b527c-20ca-460c-b950-91803c785614,4cc76d64-6f41-4ab1-ad48-9e9736a16218,4,oxygen consumption,氧气消耗,
053b527c-20ca-460c-b950-91803c785614,50bfe18d-5df2-4c96-9855-5ebae20a3eaf,5,the consumption of food,食物消耗,
053b527c-20ca-460c-b950-91803c785614,3c423f50-3efb-4146-afef-65c61332dcb6,6,total consumption,总消耗量,
6314ee01-a74d-4254-945b-4366c46a71ca,5e6e2621-ae7f-4389-9b5c-10b6fe16ac0b,1,a current crisis,当前的危机,
6314ee01-a74d-4254-945b-4366c46a71ca,79a40120-9351-48a1-887f-852ccf535c9e,2,a financial crisis,金融危机,
6314ee01-a74d-4254-945b-4366c46a71ca,cfc41c1d-36dd-450c-a04c-2eceed1672c3,3,a sign of crisis,危机的迹象,
6314ee01-a74d-4254-945b-4366c46a71ca,13521107-9b9b-4f5d-9c3f-b775fbb5c6aa,4,in a crisis,在危急关头,
6314ee01-a74d-4254-945b-4366c46a71ca,b3126632-f30b-47b1-9aaa-3314bbe57f43,5,pass the crisis,度过危险期,
6314ee01-a74d-4254-945b-4366c46a71ca,32edf92b-d630-405f-b115-e6c9842da71d,6,sink into a crisis,陷入危机,
d2121964-5715-4d68-aa7b-5fd0e92d9fd2,2a4962d7-41d4-43e0-aa99-69941d48efe4,1,a core of debate,辩论的核心,
d2121964-5715-4d68-aa7b-5fd0e92d9fd2,503a064a-ce27-4d75-953c-88edbf9615bb,2,debate a bill,讨论法案,
d2121964-5715-4d68-aa7b-5fd0e92d9fd2,835ac7d6-a215-4be6-affc-5c133553c486,3,debate face to face,面对面讨论,
d2121964-5715-4d68-aa7b-5fd0e92d9fd2,a0e3f0e7-3774-498e-95d6-8fe21b3b8d8e,4,debate the implications,辩论影响,
d2121964-5715-4d68-aa7b-5fd0e92d9fd2,ea3fb387-eb35-4688-97f0-ec7e70f021ea,5,debate with sb.,和某人辩论,
d2121964-5715-4d68-aa7b-5fd0e92d9fd2,b527edc2-317f-40a1-8bbc-ecfb06f60e60,6,plan a debate,策划辩论,
4ed039ea-542b-48d6-96e4-2d4ff2cac4ce,55213246-87bf-4396-9922-40d77771e7b0,1,a business associate,商业伙伴,
4ed039ea-542b-48d6-96e4-2d4ff2cac4ce,ee591cc5-9c6d-4ebb-b130-e1f73242eb8f,2,an associate member,准会员,
4ed039ea-542b-48d6-96e4-2d4ff2cac4ce,fbcecfc7-8528-4fa0-ba47-4a74bb1bdef1,3,an associate professor,副教授,
4ed039ea-542b-48d6-96e4-2d4ff2cac4ce,8d3c568a-20a4-4800-964e-c3b2bedb5dcb,4,associate A with B,把 A 和 B 联系起来,
4ed039ea-542b-48d6-96e4-2d4ff2cac4ce,2a1eacf3-8a20-4d0f-8d69-0bdcdc806bda,5,associate with sb.,与某人交往,
4ed039ea-542b-48d6-96e4-2d4ff2cac4ce,4de2f6f4-295e-44ec-aa6f-a7571f7e1ced,6,get an associate to do sth.,让同事做某事,
b7a6ff73-d342-402d-85af-87048707f68c,0ceb7b8a-4170-485c-86ba-d26a759243ec,1,a unique contribution,特殊贡献,
b7a6ff73-d342-402d-85af-87048707f68c,0ce2611b-ccd4-4ee5-b5d5-62df7e177c09,2,a unique identity,独特的身份,
b7a6ff73-d342-402d-85af-87048707f68c,2f95b196-ce48-4fe3-825a-9357e8fbb106,3,a unique opportunity,难得的机会,
b7a6ff73-d342-402d-85af-87048707f68c,60c22e63-665f-4d02-a01f-ac413a78b776,4,a unique position,独一无二的地位,
b7a6ff73-d342-402d-85af-87048707f68c,10f267ed-9e14-4adc-ba38-c43c0e3b18d6,5,be unique to...,……所特有的,
b7a6ff73-d342-402d-85af-87048707f68c,424fc183-abe3-48e3-9829-d9699bc5e9a7,6,far from unique,并非特例,
8abe1a29-9bed-456d-87cb-b6cab5868c5e,4e6a3bfc-b052-428b-b6e4-05edabef2468,1,an efficient administrator,高效的管理者,
8abe1a29-9bed-456d-87cb-b6cab5868c5e,50870197-e1cd-412f-bc1e-b4184d0e8cf9,2,an efficient secretary,效率高的秘书,
8abe1a29-9bed-456d-87cb-b6cab5868c5e,b60f4176-4341-4994-a7a6-3683c39620fe,3,an efficient use of...,……的高效利用,
8abe1a29-9bed-456d-87cb-b6cab5868c5e,26a18441-462d-45e2-aa84-cc3086513129,4,efficient energy,高效能源,
8abe1a29-9bed-456d-87cb-b6cab5868c5e,aa5aa9f0-acf8-4060-a30a-e991ad8c0187,5,efficient management,高效管理,
0351dd92-4972-4671-bc8c-1c8a8a2cb394,0d4f62e7-f798-477f-9ce4-91cdd30b62b4,1,economic efficiency,经济效率,
0351dd92-4972-4671-bc8c-1c8a8a2cb394,f198f986-eedf-423f-abee-47d5c521bd5a,2,increase efficiency,提高效率,
0351dd92-4972-4671-bc8c-1c8a8a2cb394,d803d2ff-305c-43a2-b987-5e0fc693cd6c,3,technical efficiency,技术效能,
0351dd92-4972-4671-bc8c-1c8a8a2cb394,b32e6c88-e0ae-4b45-9486-be209e64256a,4,the declining efficiency,下降的效率,
0351dd92-4972-4671-bc8c-1c8a8a2cb394,0b1186ba-55d5-4eef-82c7-21f6313805dc,5,the efficiency of agriculture,农业效率,
de94e26a-770d-4c74-bb84-ab42811edd00,c7c057d0-6f52-4b63-bdea-08a884dfd1d7,1,a gigantic scale,大规模,
de94e26a-770d-4c74-bb84-ab42811edd00,7cbbd9b2-d552-47e4-ba4c-2ff274dc6ebb,2,a global scale,全球规模,
de94e26a-770d-4c74-bb84-ab42811edd00,b90b4da6-51eb-429c-8554-eff2c8a6ca46,3,a pay scale,工资等级,
de94e26a-770d-4c74-bb84-ab42811edd00,0c347e98-efd2-417d-9f2b-af5e4c1efe80,4,an industrial scale,工业规模,
de94e26a-770d-4c74-bb84-ab42811edd00,4eb23922-92ca-48ab-948a-1cca3e336a63,5,economies of scale,规模经济,
de94e26a-770d-4c74-bb84-ab42811edd00,5fb05d44-a0a2-4b79-8c98-ad265db7a005,6,the scale of the project,项目规模,
41db9722-e6de-4971-a573-710c643ad943,3e69f694-bf84-4dff-9d34-099b5f355369,1,an essential factor,必要条件,
41db9722-e6de-4971-a573-710c643ad943,63599662-064c-4bac-990e-7f6a85f4fcd2,2,an essential quality,必不可少的品质,
41db9722-e6de-4971-a573-710c643ad943,62a7f360-8a03-479d-99eb-b99625ab4e60,3,be essential for...,对……来说必不可少,
41db9722-e6de-4971-a573-710c643ad943,dc83df60-ede8-436c-a826-4631e9b556a2,4,be essential to...,对……至关重要,
41db9722-e6de-4971-a573-710c643ad943,39e23221-89ff-4774-a493-bde78a473553,5,the basic essentials,基本必需品,
41db9722-e6de-4971-a573-710c643ad943,6066fcc7-6761-49d3-bec9-8a470a4b682c,6,the essential nature,本质特征,
a2e9bcaf-38bf-4929-affc-c084db8cd5e4,c95ba7ea-d870-4b47-9914-abfbc945e3e3,1,a defective gene,有缺陷的基因,
a2e9bcaf-38bf-4929-affc-c084db8cd5e4,aa6303ca-018b-450f-bf63-14d7c55b6706,2,a gene for smell,嗅觉基因,
a2e9bcaf-38bf-4929-affc-c084db8cd5e4,08c27be0-57d9-4767-8879-bbe437a13d24,3,a gene interaction,基因相互作用,
a2e9bcaf-38bf-4929-affc-c084db8cd5e4,3620701a-8fff-4ebc-afba-41e8033ce8c0,4,a recessive gene,隐性基因,
a2e9bcaf-38bf-4929-affc-c084db8cd5e4,7dd0932a-8ffa-4a55-b37b-08add11d3865,5,draw a picture of genes,画基因图,
a2e9bcaf-38bf-4929-affc-c084db8cd5e4,697c9916-71d2-45ea-9b10-7e0de2c75b74,6,gene expression,基因表达,
439b2fc9-bb59-4ea6-902c-04d5b32560d1,b4ede672-3299-484b-95eb-b71d9e479ffc,1,electricity generation,发电,
439b2fc9-bb59-4ea6-902c-04d5b32560d1,d668c738-8c2b-4d01-ace1-f0e33b59d69d,2,future generations,后代,
439b2fc9-bb59-4ea6-902c-04d5b32560d1,c42730d9-d0af-405e-b241-f5ae33fb3429,3,inspire a generation,激励一代人,
439b2fc9-bb59-4ea6-902c-04d5b32560d1,9720d7bf-b1b6-4ed4-8261-59489f6895b2,4,the generation gap,代沟,
439b2fc9-bb59-4ea6-902c-04d5b32560d1,85b6d323-7f17-4a7c-a1fa-0db684cfd740,5,the third generation,第三代人,
439b2fc9-bb59-4ea6-902c-04d5b32560d1,2c8ae51e-7132-4eb9-aae0-082b03623677,6,wealth generation,财富创造,
d47b5eb9-28e9-4256-b91f-e8f6b15269f6,688151d9-6b78-4a0e-ae54-ef7236cfd121,1,generate electricity,发电,
d47b5eb9-28e9-4256-b91f-e8f6b15269f6,09c7c8fd-046f-4457-83da-96c14e4492a2,2,generate interest,产生效益,
d47b5eb9-28e9-4256-b91f-e8f6b15269f6,11a132bf-96de-4773-b792-0b9283276b6b,3,generate tumors on...,……生出肿瘤,
cd829ce7-5ba3-4a46-b0ac-af87407f907f,41d6c16e-abb5-45a2-ade2-52146c8828ac,1,be motivated by...,出于……原因,
cd829ce7-5ba3-4a46-b0ac-af87407f907f,f611cae1-9cd0-4b03-8c5f-5dfc95ef86f6,2,motivate a student,激励学生,
cd829ce7-5ba3-4a46-b0ac-af87407f907f,92197318-f55e-4b98-952c-ebe393e50ff4,3,motivate oneself by sth.,通过某事激励自己,
cd829ce7-5ba3-4a46-b0ac-af87407f907f,2c28f6c2-44c1-4ac1-aa0f-17c9dbeee157,4,motivate positive behaviour,激发积极行为,
cd829ce7-5ba3-4a46-b0ac-af87407f907f,72f9dead-ee7d-4d9f-9d7a-82042656bc9b,5,motivate sb. for sth.,激发某人考虑某事,
cd829ce7-5ba3-4a46-b0ac-af87407f907f,2767b5e6-b42a-4965-9240-c073394ef2ce,6,motivate sb. to do sth.,激励某人做某事,
bb8eaade-8a83-4f86-8ea3-b141e2ae939c,ac70f95a-560b-43cb-8230-13bc00301c4d,1,a motive in doing sth.,做某事的动机,
bb8eaade-8a83-4f86-8ea3-b141e2ae939c,2f9c6cbe-1d6e-47d3-8deb-1573b9eb9412,2,an economic motive,经济动机,
bb8eaade-8a83-4f86-8ea3-b141e2ae939c,6c73f8db-504d-4ec4-9813-0418da5e35fa,3,an uplifting motive,令人振奋的动机,
bb8eaade-8a83-4f86-8ea3-b141e2ae939c,14d16e95-0098-4486-ab76-cac7d5dce98e,4,distort one’s motive,曲解某人的动机,
bb8eaade-8a83-4f86-8ea3-b141e2ae939c,76929941-5fc3-4b02-b277-af4c9d4e7b4d,5,question one’s motive,质疑某人的动机,
bb8eaade-8a83-4f86-8ea3-b141e2ae939c,5bf9b1b7-1c97-4937-bf35-45b9bb3d272f,6,the motive for doing sth.,做某事的动机,
13d51750-674a-40b1-bd57-06b2a334314e,dcb0f667-6547-4ff0-97ef-2ec9b5d3afe1,1,a birthday present,生日礼物,
13d51750-674a-40b1-bd57-06b2a334314e,90381175-4f47-4f9c-8296-66bd2b063012,2,for present purposes,就当前而言,
13d51750-674a-40b1-bd57-06b2a334314e,9d6f8dce-a3b6-4c36-9a45-768645709a47,3,poison the present,破坏现在,
13d51750-674a-40b1-bd57-06b2a334314e,d5462162-cd29-4678-bc96-c4da9060c170,4,present a challenge,提出挑战,
13d51750-674a-40b1-bd57-06b2a334314e,819da63e-9af5-48f7-9763-b456453b1eae,5,present one’s research,展示某人的研究,
13d51750-674a-40b1-bd57-06b2a334314e,24193386-f194-4e95-bace-9c1924d39b7c,6,the present situation,当前形势,
a043b8b0-8bf9-4519-b1eb-6a9f57f54e50,cb37429c-037d-40ee-a155-4566c896f59d,1,represent a bias,体现偏见,
a043b8b0-8bf9-4519-b1eb-6a9f57f54e50,b396d2a5-bf83-4c9d-b471-66bdfbc367a5,2,represent a language,代表一种语言,
a043b8b0-8bf9-4519-b1eb-6a9f57f54e50,3c7aa987-0614-4842-b8dc-69c9dfb9201d,3,represent a scene,描绘一幅场景,
a043b8b0-8bf9-4519-b1eb-6a9f57f54e50,96937812-c02a-4e90-af32-4d4c11f68ad2,4,represent sb. as...,把某人描绘为……,
a043b8b0-8bf9-4519-b1eb-6a9f57f54e50,1d13ea97-2021-45f9-afa0-76e92f8d8c34,5,represent the hub of...,代表……的中心,
40a8091d-7343-4887-9c5c-fa37c0e5dc22,1d632fe6-9b7a-4b0c-83ae-fe3362513cda,1,a critical assumption,关键的假设,
40a8091d-7343-4887-9c5c-fa37c0e5dc22,10d3f616-2a49-4936-b531-153478bb5f2d,2,a critical condition,严重的情况,
40a8091d-7343-4887-9c5c-fa37c0e5dc22,b7d0aed2-da23-49cb-9b7c-23354e9a6436,3,a critical mind,批判性思维,
40a8091d-7343-4887-9c5c-fa37c0e5dc22,b15821e3-86cf-4b63-9fd1-2a0291dbcd18,4,a critical skill,关键技能,
40a8091d-7343-4887-9c5c-fa37c0e5dc22,a7117981-da71-4869-8c28-d1b1a4e1860c,5,be critical of sb.,批评某人,
40a8091d-7343-4887-9c5c-fa37c0e5dc22,73b7698f-4fa5-4fd2-b318-e9b240b8ce5e,6,critical assessment,批判性评估,
eaec6260-6ebb-40f8-ad29-49d9837f9feb,f0238984-4182-417d-b3bc-b4146a056765,1,an electric car,电动汽车,
eaec6260-6ebb-40f8-ad29-49d9837f9feb,7afbb5d0-1e14-48ed-adc0-bc14e29c24bd,2,an electric fan,电风扇,
eaec6260-6ebb-40f8-ad29-49d9837f9feb,2685ac70-1284-461b-a743-afbd323ee429,3,an electric generator,发电机,
eaec6260-6ebb-40f8-ad29-49d9837f9feb,a482d891-80a0-4f4e-861a-bbf6018bb3f0,4,an electric light bulb,电灯泡,
eaec6260-6ebb-40f8-ad29-49d9837f9feb,b74c7956-3323-4a5a-b86c-5812ca11ad65,5,an electric shock,电击,
eaec6260-6ebb-40f8-ad29-49d9837f9feb,f62f7a5a-05ff-45d3-aefc-6141e54493e0,6,an electric switch,电源开关,
1f1091a0-7996-4887-99da-b2fed0a53af1,19c160f7-04fe-4bbd-bdf4-5b2516e9d65d,1,electrical engineering,电机工程,
1f1091a0-7996-4887-99da-b2fed0a53af1,cd26f435-f887-4b80-8827-c1f32fc28b69,2,electrical power,电力,
25f7cffe-d797-4761-9304-cc5dba4d7a1e,c55e67b1-8dd3-4ca5-941c-69af5bcc17bc,1,an electronic book,电子书,
25f7cffe-d797-4761-9304-cc5dba4d7a1e,fed4efd6-b27e-4455-aed0-6418c4ba6c03,2,an electronic calculator,电子计算器,
25f7cffe-d797-4761-9304-cc5dba4d7a1e,97d2d7fb-e211-47e7-8bfd-1b4154851d8a,3,an electronic payment,电子支付,
25f7cffe-d797-4761-9304-cc5dba4d7a1e,a854d622-d397-4426-8e20-be34ef181700,4,electronic banking,电子银行业务,
25f7cffe-d797-4761-9304-cc5dba4d7a1e,503b6c20-e996-481d-925f-9a8986a46a7b,5,electronic fund transfers,电子资金转账,
25f7cffe-d797-4761-9304-cc5dba4d7a1e,566c774d-8c0f-4e04-8e4b-a98f8a6949e1,6,electronic money,电子货币,
ae469d92-3811-479f-8683-538d54757625,770919fb-93f6-4d1a-a93a-f627d160e627,1,begin to recover,开始复苏,
ae469d92-3811-479f-8683-538d54757625,25a36385-1742-4b6a-884e-33e2213a1266,2,recover consciousness,恢复知觉,
58651127-452b-4e77-83d1-a265e4548fb1,d8563310-822e-45a0-b828-2d26454305d7,1,a full recovery,痊愈,
58651127-452b-4e77-83d1-a265e4548fb1,c0dac923-4bdf-4538-9ad6-41bfefacbbcc,2,a sign of recovery,复苏的迹象,
58651127-452b-4e77-83d1-a265e4548fb1,c95a3f18-c194-47e0-9c01-7903f86863a8,3,economic recovery,经济复苏,
58651127-452b-4e77-83d1-a265e4548fb1,7d1eb6a0-7f49-46d9-9934-9151b3c1c013,4,painless recovery,无痛康复,
58651127-452b-4e77-83d1-a265e4548fb1,5ed612c3-4646-45cd-a095-0dbf2ee46f1d,5,remarkable recovery,显著的恢复,
58651127-452b-4e77-83d1-a265e4548fb1,deb3cab8-26b5-49d8-88c4-539f309944bf,6,the recovery of sth.,取回某物,
c7a01594-fc9d-4295-a7ea-b37cfc929b78,d75c1514-7687-4766-ad9e-971f688c446e,1,a notion of significance,对重要性的理解,
c7a01594-fc9d-4295-a7ea-b37cfc929b78,44e3e1d8-7f4a-4339-b94d-99b7a8e06c4b,2,emotional significance,情感意义,
c7a01594-fc9d-4295-a7ea-b37cfc929b78,1d827a29-7c0b-4f6b-b910-9fc96f7bc6a0,3,have a great significance,极具重要性,
c7a01594-fc9d-4295-a7ea-b37cfc929b78,eaf9ae3c-dc76-4953-b2e7-91daa7741cd1,4,political significance,政治意义,
c7a01594-fc9d-4295-a7ea-b37cfc929b78,62e82d53-bd4c-48db-a801-ccc122a23dbf,5,statistical significance,统计学上的意义,
c7a01594-fc9d-4295-a7ea-b37cfc929b78,cf026349-6e9c-49db-810f-4bb8b0d440e4,6,the significance of sth.,某事的重要性,
e04fd73e-f25e-49e1-bf1e-1e3b7367da1e,6313bfb4-e433-4325-ba68-a871b259bed8,1,a significant change,显著的变化,
e04fd73e-f25e-49e1-bf1e-1e3b7367da1e,aabed082-187b-4155-9fba-b242cb872288,2,a significant event,重大的事件,
e04fd73e-f25e-49e1-bf1e-1e3b7367da1e,f5cf5699-01e7-41e5-abe4-2e794a58b9f7,3,a significant hit,重大的打击,
e04fd73e-f25e-49e1-bf1e-1e3b7367da1e,30101678-f0cd-4390-bfc7-756c9923dfa7,4,a significant look,意味深长的眼神,
e04fd73e-f25e-49e1-bf1e-1e3b7367da1e,cf8ba875-2b11-444b-9a9c-9952e461031d,5,be highly significant,极其重要的,
e04fd73e-f25e-49e1-bf1e-1e3b7367da1e,d20104c4-9628-4ce8-a79f-fff237ca4c9d,6,be significant for...,对……有意义,
e8ae34a1-4edf-4d03-8329-b3ec7f4bde77,e351d66e-37dc-4827-a566-ea0cb719ad15,1,complete a questionnaire,填写问卷,
e8ae34a1-4edf-4d03-8329-b3ec7f4bde77,5e89891d-9737-4b82-b750-b78b8528f561,2,complete a task,完成任务,
e8ae34a1-4edf-4d03-8329-b3ec7f4bde77,fc4ec645-9853-4a20-a62b-0dfc5e6d09ce,3,complete assignments,完成作业,
e8ae34a1-4edf-4d03-8329-b3ec7f4bde77,045595cc-5a42-47f3-b9a0-e79f6d1a8ace,4,complete opposite,完全相反,
e8ae34a1-4edf-4d03-8329-b3ec7f4bde77,7735ef16-890d-4fa8-b023-878291c27a89,5,complete recovery,完全恢复,
e8ae34a1-4edf-4d03-8329-b3ec7f4bde77,7aea450f-7a6f-4742-a457-62fadd21a240,6,complete removal,全部移除,
1ae31c42-23e3-4796-ad65-ea2490e277c1,3265f8b6-0932-413c-b0b5-a8c5eb405a45,1,a complex issue,复杂的问题,
1ae31c42-23e3-4796-ad65-ea2490e277c1,fbcf4140-4e87-4984-b9ae-95a11232eace,2,a complex plot,复杂的故事情节,
1ae31c42-23e3-4796-ad65-ea2490e277c1,0beeb035-0691-4a27-bb08-c3ed484cda1e,3,a complex situation,复杂的情况,
1ae31c42-23e3-4796-ad65-ea2490e277c1,a9b821fe-1d87-4282-b8e6-4b9f6d09cf3b,4,a sports complex,综合体育场,
1ae31c42-23e3-4796-ad65-ea2490e277c1,b6668256-4043-45a9-8aa8-191da6908fab,5,an apartment complex,公寓群,
1ae31c42-23e3-4796-ad65-ea2490e277c1,1fb3ef06-e306-4f1b-afaa-50ff15b5cc59,6,handle a complex problem,处理复杂问题,
df8ceae2-7fa2-4457-832b-967a8058fe41,2c40c456-d4e0-4fd1-ab2a-7f1eb095689a,1,a good character,良好的性格,
df8ceae2-7fa2-4457-832b-967a8058fe41,05a7e1db-ae28-4d40-9fdf-36a8552ae1e8,2,a leading character,主角,
df8ceae2-7fa2-4457-832b-967a8058fe41,80a2bb7c-696e-4e3c-9fc9-1d54dc86a973,3,be simple in character,性格简单,
df8ceae2-7fa2-4457-832b-967a8058fe41,989b64e4-b12c-4e9d-8fb6-b2350b0a63a4,4,the character of a society,社会特征,
6d823fdc-71a1-407b-ba4a-43632225c911,9709cb2f-da24-4a2e-84ed-20b1578667f8,1,predict a breakthrough in...,预测……的突破,
6d823fdc-71a1-407b-ba4a-43632225c911,8620b63c-560a-40d2-a6ae-96a15fbf375a,2,predict a drug's efficacy,预测药效,
6d823fdc-71a1-407b-ba4a-43632225c911,c803411a-9181-4824-aa9f-7f4c25977b60,3,predict an earthquake,预报地震,
6d823fdc-71a1-407b-ba4a-43632225c911,97edb049-96f4-435e-a1a0-42f0e547ed80,4,predict the outcome,预测结果,
c09430ec-8404-411a-9f43-bc576d64f761,78352aa9-9815-47b2-95b9-77bad8216464,1,a moral issue,道德问题,
c09430ec-8404-411a-9f43-bc576d64f761,b8dc604f-15fd-4a37-af80-6bb086e6ba81,2,foster moral development,促进道德发展,
c09430ec-8404-411a-9f43-bc576d64f761,ccff2d16-345a-4ed6-8ddc-11cbc0aa5ad4,3,moral character,道德品质,
c09430ec-8404-411a-9f43-bc576d64f761,39587714-567f-4372-9e37-d1b4ae4a6c4a,4,moral norms,道德规范,
c09430ec-8404-411a-9f43-bc576d64f761,67d7a42b-39f6-412b-ad25-8e7c06b11517,5,public morals,公众道德,
c09430ec-8404-411a-9f43-bc576d64f761,fa71658a-627f-4cef-8647-6e7f24affa3a,6,the moral decaying,道德沦丧,
e56ae18f-9900-41b0-8385-5eddd74996dc,97a4bcd7-5c87-4b42-8faf-bbdcb1b9506d,1,commercial morality,商业道德,
e56ae18f-9900-41b0-8385-5eddd74996dc,0b4f0324-62d4-47ac-8541-b91dbf81bb0a,2,ideological morality,思想品德,
e56ae18f-9900-41b0-8385-5eddd74996dc,6f5b9bc2-7ccb-4a89-94a4-26d801831c4d,3,private morality,个人道德,
e56ae18f-9900-41b0-8385-5eddd74996dc,3fe12ed7-dbd0-4621-b04e-a3a6802c40d9,4,the morality of leadership,领导的道德,
08597f6f-a877-4d2e-8979-9bba59c24d99,c8e8091b-a5c2-4357-9780-0ef24fdf3ee8,1,a majority of advisers,大多数顾问,
08597f6f-a877-4d2e-8979-9bba59c24d99,0bebb8b0-e038-4604-83e8-2dafaeac09a0,2,gain a majority,赢得多数票,
08597f6f-a877-4d2e-8979-9bba59c24d99,b777c3a5-7259-4496-ac41-31a24c490c0f,3,the majority of authors,大多数作家,
37152562-a96c-4cb5-92f3-9e045d6f3bc3,e1c306a4-37cd-40d5-8f96-895366e692d5,1,a minority language,小语种,
37152562-a96c-4cb5-92f3-9e045d6f3bc3,8e434b82-490e-457d-869a-51efdeffb90f,2,be in the minority,占少数,
37152562-a96c-4cb5-92f3-9e045d6f3bc3,6e673d6a-6884-41ec-a60f-67ed918c1f09,3,minority shareholders,少数股东,
a76ca8b0-25fa-412c-9add-ce70e42f68da,12b4053b-0ed3-4301-ac5b-a2bbc8f9d2d8,1,a major contributor,主要因素,
a76ca8b0-25fa-412c-9add-ce70e42f68da,38d6a2e8-cf61-4896-925e-a29c8f26884d,2,decide on a major,选择专业,
a76ca8b0-25fa-412c-9add-ce70e42f68da,282b6346-bf74-434c-bdb5-17f3a4af9409,3,play a major role,起重要作用,
b24fe997-d595-4e54-a144-a57b78d76550,74bedd02-5282-467a-9106-5db8d67ea603,1,maintain a data centre,维护数据中心,
b24fe997-d595-4e54-a144-a57b78d76550,7c7bd281-76c0-4ead-897f-1a55ca166632,2,maintain a model,保持一种模式,
b24fe997-d595-4e54-a144-a57b78d76550,f45d186f-e6e3-4119-b7df-6bc18814bfa0,3,maintain allure,保持吸引力,
b24fe997-d595-4e54-a144-a57b78d76550,bcb8bc25-da5f-43e8-bae9-8be0c90da3e4,4,maintain diversity,维持多样性,
b24fe997-d595-4e54-a144-a57b78d76550,039bb889-011f-4583-8451-29a0900eac25,5,maintain graduation rates,维持毕业率,
b24fe997-d595-4e54-a144-a57b78d76550,4bb7ab34-1e43-4ede-b80a-b247999a62aa,6,maintain the right image,维持正面形象,
04ced793-31e3-4b33-b3e1-409ded541ce2,8fde745f-01a1-4e86-99d2-480ef6c8a1b8,1,a distant object,遥远的物体,
04ced793-31e3-4b33-b3e1-409ded541ce2,12cca5a7-d2c4-49c9-b443-84d348c0eb73,2,a natural object,自然物体,
04ced793-31e3-4b33-b3e1-409ded541ce2,1dcfd5fb-b0de-4f86-a119-35b7ccfc8ecf,3,an object in life,人生目标,
04ced793-31e3-4b33-b3e1-409ded541ce2,c7c63432-a4d7-4f12-9f8a-4c10cc2c457b,4,in both objects,在两个对象中,
04ced793-31e3-4b33-b3e1-409ded541ce2,5d3a2ff8-a312-499a-9d55-db7f71b8a74e,5,object to sth.,反对某事,
04ced793-31e3-4b33-b3e1-409ded541ce2,f3042782-22bb-4723-8c42-8f8c92b0ea4e,6,the object of study,研究对象,
e7460c9c-cdf8-4e2f-bf52-1ae71742b316,831d0d55-259a-43ed-a7dc-f3810d32abee,1,a major objection,主要的反对意见,
e7460c9c-cdf8-4e2f-bf52-1ae71742b316,39a169ac-499d-4bf8-bc56-6f09dcde9550,2,make no objection,毫无异议,
e7460c9c-cdf8-4e2f-bf52-1ae71742b316,23f753bc-b03f-4767-a765-b4665342372e,3,raise an objection to sth.,对某事提出异议,
e7460c9c-cdf8-4e2f-bf52-1ae71742b316,9d3c81ad-4650-40eb-ab79-88d5359770b9,4,the objection to sth.,反对某事,
b9775d39-9565-41b4-9bb2-5212bab5219d,75ac7325-a0e5-4706-9a80-cae6dda6a78b,1,a large package,大包裹,
b9775d39-9565-41b4-9bb2-5212bab5219d,7ea9ca18-b7bd-4594-86dd-5dda4bada169,2,a package deal,一揽子交易,
b9775d39-9565-41b4-9bb2-5212bab5219d,ae40ba72-0270-4da0-a65f-1073481ebcf5,3,a package of...,一包……,
b9775d39-9565-41b4-9bb2-5212bab5219d,1ebc5730-980a-4348-ae22-03c929c3aea1,4,an aid package,综合援助计划,
ca619d95-cf02-4363-a847-8b9878e0b057,777e9842-80bb-4d54-ad10-2a2e1ee941b1,1,a dispute over sth.,关于某事的争论,
ca619d95-cf02-4363-a847-8b9878e0b057,44c06863-b4a6-4083-883d-5063f506fe31,2,a political dispute,政治纠纷,
ca619d95-cf02-4363-a847-8b9878e0b057,db2bd5f6-a576-46f5-80be-e6560148d6e3,3,be hotly disputed,饱受争议,
ca619d95-cf02-4363-a847-8b9878e0b057,ae454f6e-8794-415f-82bb-82e5fb771ca2,4,beyond dispute,无可争辩,
ca619d95-cf02-4363-a847-8b9878e0b057,d24125fa-dcda-40ea-9b33-78eb5c78db2f,5,dispute with sb.,与某人争论,
ca619d95-cf02-4363-a847-8b9878e0b057,d2554258-7350-4d74-a310-faebe00bd1e0,6,in dispute,处于纠纷中,
b689380c-c94b-4f37-894d-e769caa5d96b,dab3b87b-5be4-4453-ab30-78cbb39a421a,1,be quick to respond,快速反应,
b689380c-c94b-4f37-894d-e769caa5d96b,ab996629-f11f-441a-8a26-b8733921790a,2,respond by doing sth.,通过做某事来回应,
b689380c-c94b-4f37-894d-e769caa5d96b,1f310e9e-efc4-4b0f-829b-8adcbba5d4db,3,respond strongly to sth.,对某事反应激烈,
b689380c-c94b-4f37-894d-e769caa5d96b,f4f2bf35-cb60-469d-b151-5b31709808e6,4,respond to the call,响应号召,
b689380c-c94b-4f37-894d-e769caa5d96b,f1068d82-dca8-4cda-be69-f621801c4f60,5,respond to...,回应……,
b689380c-c94b-4f37-894d-e769caa5d96b,944325e0-9ac0-4242-8b0e-b8e372bf0de6,6,respond with sth.,以某物回应,
608bb8d6-be53-472f-9530-26d96d503339,19e03f2a-ba43-4f31-83aa-0ba35307cfb2,1,a crabbed response,尖酸刻薄的回应,
608bb8d6-be53-472f-9530-26d96d503339,ce56683a-ae72-4191-88c5-f7391f5e8be9,2,a personal response,个人答复,
608bb8d6-be53-472f-9530-26d96d503339,5cfa2c90-ac51-4099-90c6-d3b7a1acffc6,3,a response to sth.,对某事的答复,
608bb8d6-be53-472f-9530-26d96d503339,70b06fd3-e6f2-4381-82a8-e2fc8d5ae87d,4,get a response,得到答复,
608bb8d6-be53-472f-9530-26d96d503339,de7a1ed7-255e-4273-947b-212523564892,5,in response to...,作为对……的回应,
608bb8d6-be53-472f-9530-26d96d503339,ad2481c2-9960-42d2-8433-d604d8ae9a88,6,make no response,未做任何答复,
ee158c28-cd41-40db-b57b-a1e57eaee8bb,a3acce9a-f064-4b83-bc8d-7ed873d28ebe,1,a secure job,稳定的工作,
ee158c28-cd41-40db-b57b-a1e57eaee8bb,93cb1ffd-2f41-4101-8b2b-d52538ddfc37,2,a secure society,安全的社会,
ee158c28-cd41-40db-b57b-a1e57eaee8bb,9f3f2b6f-7a32-484b-b8a7-89187bcb58ea,3,secure for free,免费获得,
2a88e20a-bfc3-40b6-95ee-3b3a0c8d99d7,89d8cefc-1f22-4a8e-9de7-711b52b7f306,1,airline security,航空安全,
2a88e20a-bfc3-40b6-95ee-3b3a0c8d99d7,3e129537-8386-430c-9c24-fe66cb35504f,2,security of a home life,家庭生活的安全感,
2a88e20a-bfc3-40b6-95ee-3b3a0c8d99d7,e84b194c-c775-4ccb-b1f6-0d5485815372,3,strengthen security,加强安全工作,
cd52ddb5-1906-4969-b576-73722c1e50fb,25097723-ee6f-4f30-868c-f2e98fa8fe0c,1,a letter of application,申请信,
cd52ddb5-1906-4969-b576-73722c1e50fb,fbf31a02-fbf6-4356-908c-0bbcfe49e595,2,a passport application,护照申请,
cd52ddb5-1906-4969-b576-73722c1e50fb,3f2d2473-7058-4dab-9496-dcc67677f941,3,an application of sth.,某物的应用,
cd52ddb5-1906-4969-b576-73722c1e50fb,d926c3a8-8012-4231-a6dd-28f7d1910187,4,widespread application,广泛应用,
3839f333-3ed7-410d-8152-806b674dba69,81eb3223-e425-485c-9b16-fdb8d6d1cd15,1,a commercial company,贸易公司,
3839f333-3ed7-410d-8152-806b674dba69,0b5eac4d-8464-47ae-9c60-142fc2f90af4,2,a commercial promotion,商业推广,
3839f333-3ed7-410d-8152-806b674dba69,ca3c5860-20d3-4dbe-b57c-285aae9716c3,3,a commercial sphere,商业领域,
3839f333-3ed7-410d-8152-806b674dba69,cf2dea75-b4b1-4123-842d-7273464f291f,4,a television commercial,电视广告,
3839f333-3ed7-410d-8152-806b674dba69,e7509b3f-5a6f-4fb5-b433-8632ea3c2dfb,5,commercial information,贸易信息,
3839f333-3ed7-410d-8152-806b674dba69,2122e65e-7a79-44d3-b5db-8438b1dba708,6,lack commercial value,缺乏商业价值,
bb3d1798-3a94-42ef-b37c-652245c1b758,b9780e0c-e35e-4d35-8e6d-04c7a2be7b54,1,a convenient time,方便的时间,
bb3d1798-3a94-42ef-b37c-652245c1b758,dde686ab-7414-49cd-86fb-d95ccf42d418,2,a convenient way,捷径,
bb3d1798-3a94-42ef-b37c-652245c1b758,72ac0b20-c8ca-46ee-9a8f-d700963c6268,3,be convenient for sb.,对某人来说很方便,
5ba59421-0e98-4b19-97a9-4f455eeeb119,0d5fa6ac-d68d-4cbe-9904-3917a57ef133,1,a modern convenience,现代化便利设施,
5ba59421-0e98-4b19-97a9-4f455eeeb119,a93f5b63-0417-4439-a875-9d66f6949f23,2,at one’s convenience,在某人方便之时,
5ba59421-0e98-4b19-97a9-4f455eeeb119,9728f4a4-5d99-427e-9af3-8329736d0ae4,3,for the sake of convenience,为方便起见,
5ba59421-0e98-4b19-97a9-4f455eeeb119,2b8df56d-50e6-4fdc-9feb-33209e768327,4,the convenience of ...,...的便利之处,
badec43b-daf1-4f25-a19a-39c39ea80e6f,e3153639-9727-4b19-b40b-7e0a6ac1a854,1,an optional course,选修课,
badec43b-daf1-4f25-a19a-39c39ea80e6f,3bfa7716-cfb4-4124-83fe-7dec937cbf26,2,an optional exercise,自选动作,
badec43b-daf1-4f25-a19a-39c39ea80e6f,6ecd17db-3d7b-4f18-816e-5dfeb5369c22,3,an optional item,可选择的项目,
badec43b-daf1-4f25-a19a-39c39ea80e6f,a905bfa9-b0f3-4d50-9bd4-89b2d0c4e040,4,be optional with sb.,是某人的自由,
0adf0c0b-9e00-4148-9ee2-3c9502db8560,5f274f6f-5525-4892-8757-8ea8638bca22,1,a housing option,住房选择,
0adf0c0b-9e00-4148-9ee2-3c9502db8560,6183fbc5-dffd-4207-9d5c-b7b46d4ce43f,2,at one’s option,随意,
0adf0c0b-9e00-4148-9ee2-3c9502db8560,377bbc6a-420f-4436-bd84-61ba797956e6,3,explore an option,探索选择,
0adf0c0b-9e00-4148-9ee2-3c9502db8560,ee99b477-f3d8-4944-bf24-23a0054919fb,4,offer an option,提供选修课,
0adf0c0b-9e00-4148-9ee2-3c9502db8560,0a09aa39-648b-45fd-84c3-d37a0ae81893,5,select an option,选择一个选项,
0adf0c0b-9e00-4148-9ee2-3c9502db8560,1aa13802-e8fa-4b7e-8fe0-c4e7d8c4600e,6,the same option,同样的选择,
c08fa2d5-392d-4c67-a11b-1c200b4c404a,513e82b1-38c2-4d46-92b9-82d2db8b3eca,1,a social responsibility,社会责任,
c08fa2d5-392d-4c67-a11b-1c200b4c404a,ef185764-1b1d-4a16-880a-130aa70865bc,2,shoulder responsibility,承担责任,
c08fa2d5-392d-4c67-a11b-1c200b4c404a,d732052b-911e-4053-a6cd-1c6ddd5cfde8,3,take responsibility for...,对……负责,
c08fa2d5-392d-4c67-a11b-1c200b4c404a,9b6c6289-ad3f-4164-8eab-578a9f4b98d5,4,the sense of responsibility,责任感,
d2eeb45f-dba2-4448-9de4-29eae65c7088,588c197b-ca73-4a6b-a0b6-d70634df0a65,1,a responsible position,责任重大的岗位,
d2eeb45f-dba2-4448-9de4-29eae65c7088,4d92233e-5948-4dd9-8c42-626ecb118053,2,a responsible steward,有责任心的管理员,
d2eeb45f-dba2-4448-9de4-29eae65c7088,e43d559f-63cf-4a36-8ed1-94584a5ff100,3,be responsible for sb.,对某人负责,
d2eeb45f-dba2-4448-9de4-29eae65c7088,8f0a7639-d661-4cf5-8199-1f281cdc75fc,4,be responsible for sth.,对某事负有责任,
d2eeb45f-dba2-4448-9de4-29eae65c7088,f3b56825-cb8c-4d97-864c-8e33beba0cde,5,far less responsible,不是很负责任,
d2eeb45f-dba2-4448-9de4-29eae65c7088,1a82b814-d2e8-4df5-9398-f8a5007189ae,6,hold sb. responsible for sth.,要求某人对某事负责,
9ddf389c-7b2e-47f0-b09b-b9490d7be229,e4654e1a-5a09-4350-9e98-b390a3c5d549,1,an international power,国际性力量,
9ddf389c-7b2e-47f0-b09b-b9490d7be229,8d70b4c3-45b1-4b29-bb51-644844d6c71d,2,an international project,国际项目,
9ddf389c-7b2e-47f0-b09b-b9490d7be229,0ac850f4-bba1-4024-8ef4-4f0dfc40f5b7,3,international communication,国际交流,
9ddf389c-7b2e-47f0-b09b-b9490d7be229,b4429e7e-e7db-4149-952a-f7de54b6bc78,4,international law,国际法,
9ddf389c-7b2e-47f0-b09b-b9490d7be229,23324517-26c6-4a5b-b4c5-3fd20881878e,5,international trade,国际贸易,
9ddf389c-7b2e-47f0-b09b-b9490d7be229,71554eed-f5c8-4b52-9f19-d1fc7d37c72e,6,the international space station,国际空间站,
afef50b4-2e53-434a-b3c2-4935f249eddd,46022e03-9383-48c2-81d5-95e63c6d0111,1,adolescent mental health,青少年心理健康,
afef50b4-2e53-434a-b3c2-4935f249eddd,1da03bd0-01d5-418d-9178-075ddf2b9468,2,an adolescent boy,青春期的男孩,
afef50b4-2e53-434a-b3c2-4935f249eddd,cb425573-7576-4b4d-8fc6-9bedcf7d75fa,3,educate an adolescent,教育青少年,
60f42c6e-278f-4c74-8f65-6ccbaedc52de,482ad3fb-b02c-4b51-ab98-f823096f4c15,1,reveal a potential threat,揭示潜在威胁,
60f42c6e-278f-4c74-8f65-6ccbaedc52de,7f2c9c8b-4f90-4f33-9869-9f7ae2aca2ae,2,reveal a secret,透露一个秘密,
60f42c6e-278f-4c74-8f65-6ccbaedc52de,22688710-a7c6-46cb-bef0-ce02043c083c,3,reveal impacts on sth.,揭示对某物的影响,
60f42c6e-278f-4c74-8f65-6ccbaedc52de,06bdcafd-5284-453d-9ce3-691caf60ca77,4,reveal one’s intention,透露某人的意图,
60f42c6e-278f-4c74-8f65-6ccbaedc52de,4f2d506d-9a4f-4387-8c54-7fd17f262f30,5,reveal one’s teeth,露出牙齿,
60f42c6e-278f-4c74-8f65-6ccbaedc52de,dbef5bdd-a88f-41f9-864c-25f7b84a80e3,6,reveal the truth,揭露真相,
ccea00d4-5a5d-4668-b914-ca72f3997abd,459ed42e-0584-46a7-a4a9-77b926de592f,1,a divine revelation,神的启示,
ccea00d4-5a5d-4668-b914-ca72f3997abd,22a4e104-a088-4411-a8cb-8942949c33df,2,a significance of revelation,启示性意义,
ccea00d4-5a5d-4668-b914-ca72f3997abd,22fc034e-3bbe-4f2c-a9b6-e74acce974ff,3,an astonishing revelation,令人震惊的真相,
ccea00d4-5a5d-4668-b914-ca72f3997abd,75a35a8a-86d0-4805-90ba-72190090fe68,4,the revelation of...,对……的揭露,
a5fe21db-17f3-4699-aebf-c3ac2b857eac,a04d534a-82ab-4c26-9df5-c42882aa9bec,1,a daily schedule,日程安排,
a5fe21db-17f3-4699-aebf-c3ac2b857eac,d4db45d0-25e2-4c2d-ab3d-b1fd862dbaea,2,a weighing schedule,称重计划,
a5fe21db-17f3-4699-aebf-c3ac2b857eac,d357bd61-5632-456b-aed4-6c56d9ece999,3,a work schedule,工作计划,
a5fe21db-17f3-4699-aebf-c3ac2b857eac,3d6460c7-db25-44ea-91ec-aca6aac33a62,4,schedule sth. for...,将某事安排在……时间,
53949bae-ce91-4266-bf23-ffe38bdae4a5,da31a165-13c7-4c10-beac-3413d4ab9663,1,a cost estimate,费用估价,
53949bae-ce91-4266-bf23-ffe38bdae4a5,70a63c81-9efc-4474-bca3-9d7a1d67bf7a,2,a rough estimate,粗略的估计,
53949bae-ce91-4266-bf23-ffe38bdae4a5,37858646-3755-4e1f-8e6a-b881fb2a389b,3,according to an estimate,据估计,
53949bae-ce91-4266-bf23-ffe38bdae4a5,d8b2bf11-2b31-4306-a77a-a7c1b7de2229,4,be estimated to be worth...,估计价值是……,
53949bae-ce91-4266-bf23-ffe38bdae4a5,1a49331b-886b-4bbe-b5f9-eeb9f5c86f89,5,estimate sth. at...,某物的估价有……,
53949bae-ce91-4266-bf23-ffe38bdae4a5,fa4383e5-5861-4564-ac50-96e05cdd87e6,6,estimate the biomass,估算生物量,
8b528fac-a61f-430f-b396-5b05c9dd4a6e,971428cc-65f9-47a1-88ee-d77bb9b02b73,1,a primary cause of...,……的主要原因,
8b528fac-a61f-430f-b396-5b05c9dd4a6e,699d2b61-28b8-4cc9-9c25-8d4d2167e9d3,2,a primary duty,首要义务,
8b528fac-a61f-430f-b396-5b05c9dd4a6e,7cd3ea02-a402-42ff-8432-80dd1a1633da,3,a primary language,主要语言,
8b528fac-a61f-430f-b396-5b05c9dd4a6e,4dbe21d5-d10c-4196-9dbb-ebe12e6d7941,4,a primary school pupil,小学生,
8b528fac-a61f-430f-b396-5b05c9dd4a6e,15ce194d-64ac-4abc-a9c9-92f4f94ef92f,5,be of primary importance,最重要的,
8b528fac-a61f-430f-b396-5b05c9dd4a6e,2592cea1-9c3c-48e9-bb21-f64d8d8bff77,6,in the primary stage,处于初始阶段,
e62004d2-bec7-40e6-93ef-047afcf51828,b7bf7f06-3381-4547-bb75-1200f87db130,1,a prime concern,首要考虑因素,
e62004d2-bec7-40e6-93ef-047afcf51828,e937763f-4467-4363-8628-2481c092a6f5,2,a prime objective,首要目标,
e62004d2-bec7-40e6-93ef-047afcf51828,3811f6e1-b261-4912-aff8-8eb3fc1e32db,3,in one's prime,在某人的鼎盛时期,
e62004d2-bec7-40e6-93ef-047afcf51828,7fe7e65e-2b56-4341-8d5d-048a61b7ef91,4,in prime hours,在黄金时段,
e62004d2-bec7-40e6-93ef-047afcf51828,a49cbb45-4571-4ded-8c0d-afa481bf507f,5,prime beef,优质牛肉,
e62004d2-bec7-40e6-93ef-047afcf51828,79d09290-b1ec-4a37-847f-69b11a33e36d,6,prime sb. to do sth.,事先交代某人做某事,
ae5c1d4a-0be4-475c-9456-af95bcaaa4ae,ebd31ce4-f25f-46a7-8d3d-835fb2667970,1,a designing concept,设计理念,
ae5c1d4a-0be4-475c-9456-af95bcaaa4ae,bf18435e-5a94-4dc5-937a-7c0ad63e1755,2,a flawed concept,有瑕疵的概念,
ae5c1d4a-0be4-475c-9456-af95bcaaa4ae,a314378a-19fa-48e8-bde3-374608f83c07,3,a narrow concept,狭隘的概念,
ae5c1d4a-0be4-475c-9456-af95bcaaa4ae,b096ca6e-1ed2-403f-8897-37aebc4a7742,4,an abstract concept,抽象概念,
ae5c1d4a-0be4-475c-9456-af95bcaaa4ae,853fb7ba-4e5f-4bee-9b4b-e88bfd52bc55,5,rest upon the concept of...,基于……观念,
ae5c1d4a-0be4-475c-9456-af95bcaaa4ae,5c12acaf-aebf-49fe-807c-dd981bb5dbb1,6,the concept of sth.,某物的概念,
d90fcf7d-10dc-4db0-bbdc-9043d825b87f,6cc0b42a-cdca-48fc-a73e-ecde66084340,1,reproduce an effect,再现效果,
d90fcf7d-10dc-4db0-bbdc-9043d825b87f,271ead58-84f6-476a-a915-a97fb03a8ddf,2,reproduce oneself,自我繁殖,
21876003-ef15-4d34-a97e-e29a128e6db5,7038ac07-990d-4b3d-afdf-0705db94905c,1,a leap in productivity,生产力飞跃,
21876003-ef15-4d34-a97e-e29a128e6db5,0234a4b9-83a6-478c-bce1-5b9582f93dad,2,a productivity revolution,生产力革命,
21876003-ef15-4d34-a97e-e29a128e6db5,8f6e864c-ec3b-48a0-8038-b693bfcf956e,3,improve productivity,提高生产率,
21876003-ef15-4d34-a97e-e29a128e6db5,ec785f84-e9c3-4d16-b486-856c9d1ee52e,4,superior productivity,先进生产力,
21876003-ef15-4d34-a97e-e29a128e6db5,fdf7c21e-4e56-4b43-99a7-1db60cb32fd8,5,the level of productivity,生产力水平,
21876003-ef15-4d34-a97e-e29a128e6db5,a7a351b4-f0de-4205-90a9-436817963a8a,6,the overall productivity,整体生产效率,
ac21fbaa-d8f6-40c4-bd1f-81e7647b4315,4ddd7fd0-5c6f-4e70-b041-1dcc06a88d67,1,in order to survive,为了活着,
ac21fbaa-d8f6-40c4-bd1f-81e7647b4315,7c9e9f09-40ee-4210-97d2-4baf1b4716be,2,survive an attack,在袭击中幸存下来,
ac21fbaa-d8f6-40c4-bd1f-81e7647b4315,07d64eb5-e3a9-41d2-86b5-8636a465195c,3,survive for centuries,存活数个世纪,
ac21fbaa-d8f6-40c4-bd1f-81e7647b4315,fb062f0d-108d-4400-9b30-e22785793a71,4,survive on sth.,依靠某物存活,
ac21fbaa-d8f6-40c4-bd1f-81e7647b4315,257957c3-5b6e-4b2f-9169-fb05bd05d9cd,5,survive sb. by some years,比某人多活几年,
ac21fbaa-d8f6-40c4-bd1f-81e7647b4315,ab61f77c-b540-49b1-9d71-4390f4a28dfc,6,survive the journey,在旅途中幸存下来,
3a427860-5ff5-43e2-87fc-8ece46f8ae80,46055b5c-8ff0-4f67-9267-0a81a644fb2b,1,a lower survival rate,较低的存活率,
3a427860-5ff5-43e2-87fc-8ece46f8ae80,edfe0dad-8b00-4692-a83c-0cd21cce1162,2,a survival from sth.,某物的残存物,
3a427860-5ff5-43e2-87fc-8ece46f8ae80,9112116c-1eef-4472-9f45-cf35f7f1a81e,3,a survival skill,生存技能,
3a427860-5ff5-43e2-87fc-8ece46f8ae80,366fe455-763b-417f-9c4c-a38d1325c9cd,4,a useless survival,无用的残存物,
3a427860-5ff5-43e2-87fc-8ece46f8ae80,f6ce1511-92dc-4a54-acbf-ec247d265374,5,struggle for survival,为生存斗争,
3a427860-5ff5-43e2-87fc-8ece46f8ae80,9e391cb7-d77d-4d80-8730-afbdcea9d96d,6,survival of the fittest,适者生存,
ab5a72ef-4535-4f61-aea3-8e1f05b1a47a,f381a8be-d516-4c9f-8b87-fc56f0a91238,1,be possessed by sth.,被某物支配,
ab5a72ef-4535-4f61-aea3-8e1f05b1a47a,8ea8fd5f-a338-4856-9038-a1ca7d9ae79a,2,possess different skills,拥有不同技能,
ab5a72ef-4535-4f61-aea3-8e1f05b1a47a,c86f4f1f-33a6-4e3e-84ed-0bf841173919,3,possess higher authority,拥有更高权威,
ab5a72ef-4535-4f61-aea3-8e1f05b1a47a,40d3482d-4f23-4679-8aa0-8915fa64e729,4,possess immense wealth,拥有巨额财富,
ab5a72ef-4535-4f61-aea3-8e1f05b1a47a,928442ce-acb4-4bf0-91b0-d8f59ebd034d,5,possess status,拥有地位,
ab5a72ef-4535-4f61-aea3-8e1f05b1a47a,10171e7f-7364-4cba-8ee4-890f3b03d7b8,6,possess the power of...,具备……能力,
fbd49993-5f2b-4b69-95df-1856f9f20f30,58577b4c-6a64-4de2-ba40-6193e66af1e9,1,a successful experiment,成功的实验,
fbd49993-5f2b-4b69-95df-1856f9f20f30,000dfcc8-fb19-4bad-b32c-79e9c1f9e352,2,a successful lawyer,有成就的律师,
fbd49993-5f2b-4b69-95df-1856f9f20f30,c17b2ea2-2ba0-4874-81a2-5a2c183f0048,3,a successful leader,有成就的领袖,
fbd49993-5f2b-4b69-95df-1856f9f20f30,8232ff15-a4ea-45e5-bedc-00467a87e3cc,4,a successful movie,受欢迎的影片,
fbd49993-5f2b-4b69-95df-1856f9f20f30,e3c0feec-c780-4fe5-8812-4d7117e3cedd,5,be successful at sth.,做成某事,
fbd49993-5f2b-4b69-95df-1856f9f20f30,b5f6840b-edfc-411f-901d-05bec57e90b5,6,be successful in doing sth.,成功做成某事,
b325a8e3-ebf8-4d52-a0b7-0010d669316e,cc8238df-1c86-4c9d-80c1-0fcd95300c02,1,succeed in sth.,在某事中获得成功,
b325a8e3-ebf8-4d52-a0b7-0010d669316e,f86ca5ec-8683-4d4f-9476-2d2f50f016a6,2,succeed to the throne,继承王位,
b325a8e3-ebf8-4d52-a0b7-0010d669316e,abbaa299-65b5-4543-8a19-f592f804bd1c,3,succeeded sb. as president,接替某人当总统,
b325a8e3-ebf8-4d52-a0b7-0010d669316e,a5af5a0b-e4ee-412d-987a-46827bcfd6ca,4,wish to succeed,渴望成功,
53692ea2-b632-434c-95b6-f350e0cc8cb3,03f707e5-4790-4a69-afde-f511065a406e,1,a measure of success,成功的衡量标准,
53692ea2-b632-434c-95b6-f350e0cc8cb3,b78918f1-7638-45db-b794-5aca319a868d,2,a road to success,成功之路,
53692ea2-b632-434c-95b6-f350e0cc8cb3,f3efd988-3105-4489-a332-6c211b854171,3,be a success as...,作为……很成功,
53692ea2-b632-434c-95b6-f350e0cc8cb3,e1350838-dc15-48f0-8570-cb61995f1310,4,hinder the success of...,阻碍……的成功,
53692ea2-b632-434c-95b6-f350e0cc8cb3,fd39f641-7fff-4542-8e3e-1472c62d093a,5,make a success of sth.,将某事做成功,
53692ea2-b632-434c-95b6-f350e0cc8cb3,a84af2fa-a6c2-4129-b337-66d95a2a41ff,6,success in doing sth.,成功做某事,
d750094f-ddc0-4525-a55e-187503c9c152,5b71f3e8-0bf3-4de1-b5ee-3729a2321ff0,1,in successive years,连年,
d750094f-ddc0-4525-a55e-187503c9c152,92ff6a90-8603-4e35-9485-e09390a70606,2,successive governments,历届政府,
d750094f-ddc0-4525-a55e-187503c9c152,e74fa8f3-9155-4a6f-a937-1464d493e4a0,3,successive losses,连续亏损,
d750094f-ddc0-4525-a55e-187503c9c152,28e6edd4-a302-4fd4-a6a9-8f7852ea370c,4,successive rounds,连续几轮,
47ca46e0-0b9f-4c11-92c4-97c76ad6dc29,23cec399-fe1e-4fc0-a0e1-e1e8bec06f6b,1,a succession of victory,一系列的胜利,
47ca46e0-0b9f-4c11-92c4-97c76ad6dc29,d74ab603-f5c5-4b9a-a41d-cea0c44d2870,2,a succession plan,续任计划,
47ca46e0-0b9f-4c11-92c4-97c76ad6dc29,1f9cada8-dce6-431f-bfa1-443ca160b4a8,3,in succession,连续地,
47ca46e0-0b9f-4c11-92c4-97c76ad6dc29,5de5d6aa-5581-4b43-8685-2b8fef336663,4,the rightful succession,合法继承权,
e9a8ae03-2473-49c2-b224-750009e2d9df,4797c4bc-c986-45d1-b04e-31b4912857aa,1,be defined by...,被……定义,
e9a8ae03-2473-49c2-b224-750009e2d9df,bb249b11-0b27-485e-b84d-ecfbff7dc863,2,be defined in terms of...,按照……而定,
e9a8ae03-2473-49c2-b224-750009e2d9df,8821e861-3937-48d4-829a-23c010e4a4b2,3,define a role,定义角色,
e9a8ae03-2473-49c2-b224-750009e2d9df,def1dfb6-67fc-462e-b6fb-63fbe34080c0,4,define happiness,定义幸福,
e9a8ae03-2473-49c2-b224-750009e2d9df,57e41ea9-325a-4099-a767-9bf4ec3421e7,5,define one’s position,明确某人的地位,
e9a8ae03-2473-49c2-b224-750009e2d9df,14832f48-d617-4b4f-8911-f6f721f93f81,6,define...as...,把……定义为……,
4a1bdc73-b307-41d7-b7a2-01d9677bdff5,4f947d6d-2a26-49a9-a781-f497c418d868,1,enhance communication,增进交流,
4a1bdc73-b307-41d7-b7a2-01d9677bdff5,7ab9b5f8-102a-44d5-a2f0-0e7ce488dbee,2,enhance mutual trust,增进互信,
4a1bdc73-b307-41d7-b7a2-01d9677bdff5,14920920-8797-4740-a7b6-f3bedfc8b1cf,3,enhance one’s image,提升某人的形象,
4a1bdc73-b307-41d7-b7a2-01d9677bdff5,3a87fa38-3db9-4d50-b101-044e4b39e1b5,4,enhance pleasure,提升幸福感,
4a1bdc73-b307-41d7-b7a2-01d9677bdff5,e9f291c8-a46e-44b6-85fc-b660d82c97f7,5,enhance security measures,加强安全措施,
4a1bdc73-b307-41d7-b7a2-01d9677bdff5,0317b4bf-fb47-4d34-8877-de0f589428d0,6,enhance the level of security,加强安全等级,
11b44f3d-99e0-4125-821e-defe6570f65f,cbbb84c7-008b-4fb1-a30f-e275b92650a3,1,an executive board,执行董事会,
11b44f3d-99e0-4125-821e-defe6570f65f,9247f3a0-0549-4df0-a72f-d69ebc38d7e9,2,an executive coach,高级培训师,
11b44f3d-99e0-4125-821e-defe6570f65f,2984d98b-514c-4647-a2f6-afbc79702ba7,3,an executive committee,执行委员会,
11b44f3d-99e0-4125-821e-defe6570f65f,5a4267db-60d6-4d36-b8ff-65eff7639b59,4,executive power,执行权,
0b4e2e0b-94ad-4a5b-bce6-2292a698f505,bab264f2-3147-4282-896f-c2e01dc0e519,1,as a matter of principle,从原则上来说,
0b4e2e0b-94ad-4a5b-bce6-2292a698f505,d1c5f9d2-924a-4b81-99f9-4b7fc4eae024,2,lose faith in principles,对原则失去信心,
0b4e2e0b-94ad-4a5b-bce6-2292a698f505,b3fb385f-7038-46e2-bd3a-57901fae95b9,3,the medical principle,医疗原则,
f9234452-8989-4670-997f-1ec058a852d2,fcbbb2d0-95d7-4003-8538-64913cd1b5ce,1,a string of awards,一系列奖励,
f9234452-8989-4670-997f-1ec058a852d2,5c88061c-f35a-45b1-82bf-ab3b19c819c9,2,an annual pay award,年度加薪,
f9234452-8989-4670-997f-1ec058a852d2,d4432239-7c95-44fe-ad8f-d1ca804fa9a6,3,award a degree,授予学位,
f9234452-8989-4670-997f-1ec058a852d2,1a7c7c40-d376-4a91-8316-8d7f078eeead,4,award sb. sth.,授予某人某物,
f9234452-8989-4670-997f-1ec058a852d2,a31432aa-0025-4f41-8f42-8176e8ed5c6d,5,get an award,得奖,
f9234452-8989-4670-997f-1ec058a852d2,42b50d3f-e3f6-4d6b-a907-4bacc521cdbb,6,lucrative awards,丰厚的奖金,
4bbaf2a4-bef8-494b-9a3c-b179e1d63d4a,82edcae5-e4c7-4c5b-843e-1de05f380293,1,a financial reward,经济奖励,
4bbaf2a4-bef8-494b-9a3c-b179e1d63d4a,38e0919f-b449-405c-ab36-65e957f71734,2,a greater reward,更好的回报,
4bbaf2a4-bef8-494b-9a3c-b179e1d63d4a,db638152-bc13-4992-91d4-3badfe1c28cc,3,an inadequate reward,不充足的报酬,
4bbaf2a4-bef8-494b-9a3c-b179e1d63d4a,a962da8e-d2fc-4a47-8f67-578347745112,4,lasting reward,长期回报,
4bbaf2a4-bef8-494b-9a3c-b179e1d63d4a,60742854-07b4-4451-ab7a-76cc10c0c36a,5,reward for sth.,因某事得到奖励,
4bbaf2a4-bef8-494b-9a3c-b179e1d63d4a,e27ad9f1-14c3-42b5-9cdd-1568164c16a1,6,reward sb. for sth.,因某事奖励某人,
65959ca6-45df-4435-9952-bd9802bbdd0e,948d1f74-2f34-46ea-8ca2-0387522f2edd,1,a TV series,电视连续剧,
65959ca6-45df-4435-9952-bd9802bbdd0e,c1b3a6a9-8810-4315-bf09-cee6ddc17430,2,a radio series,广播剧,
65959ca6-45df-4435-9952-bd9802bbdd0e,896012b7-7edc-4749-8ab6-cd5469b5aef3,3,a random series of numbers,随机数列,
65959ca6-45df-4435-9952-bd9802bbdd0e,419677db-16ab-45b2-ae1d-1770b479f608,4,a series of factors,一系列因素,
65959ca6-45df-4435-9952-bd9802bbdd0e,f32ec2e6-1cfe-4cc2-9ca6-382b1da717b5,5,a series of fires,接连的火灾,
65959ca6-45df-4435-9952-bd9802bbdd0e,648d9630-4e3c-43f4-bbd2-f0d902f044be,6,spark off a series of...,引发一连串的……,
14450120-b872-4583-930a-a2dfd41a7776,f7167c7c-5221-45ab-8192-c9390336ca91,1,be vulnerable to...,易受……的伤害,
14450120-b872-4583-930a-a2dfd41a7776,d23b10d1-e0c1-4fd2-90a2-27e3e3bfd705,2,leave sb. vulnerable,使某人变得脆弱,
6d3ebf60-2e85-480b-bc3a-9083c2a1f9f0,26f211d8-0839-482d-b908-dec59c0d8390,1,be forced to yield,被迫投降,
6d3ebf60-2e85-480b-bc3a-9083c2a1f9f0,cf294684-6ba9-4be9-885c-01f89f417f1c,2,crop yields,农作物产量,
6d3ebf60-2e85-480b-bc3a-9083c2a1f9f0,62d18cd3-9ca5-45a6-8f95-b68347e78b99,3,yield a profit,产生利润,
6d3ebf60-2e85-480b-bc3a-9083c2a1f9f0,9aabdca2-bfe2-4e3b-8319-99c6ace7a8ad,4,yield the gun,缴枪,
6d3ebf60-2e85-480b-bc3a-9083c2a1f9f0,99e04966-9dc4-4591-8cc2-2630d1529e7b,5,yield to sth.,屈服于某物,
6d3ebf60-2e85-480b-bc3a-9083c2a1f9f0,ee33510c-6d26-4cdd-9343-971127a9006f,6,yield workforce,产生劳动力,
09c282db-420f-4a4e-abe9-118eb75a6c55,4b8f230a-62c1-495f-85dd-78953fd65e52,1,a confident mood,自信的心态,
09c282db-420f-4a4e-abe9-118eb75a6c55,791f55c7-d418-40ca-91f6-44e5da8dc162,2,be confident about sth.,对某事有信心,
09c282db-420f-4a4e-abe9-118eb75a6c55,230a45f1-e765-41a7-ac55-67e3577c53fe,3,feel fairly confident,感到相当自信,
ee9a0744-75cc-41b6-a004-23d2ea0442a1,6cb7b79b-6fbd-4da4-be47-6a4ed891fed2,1,a crisis of confidence,信任危机,
ee9a0744-75cc-41b6-a004-23d2ea0442a1,58ea3b42-4576-4501-8a04-e8ff5fbc15bd,2,be in the strictest confidence,切勿外传,
ee9a0744-75cc-41b6-a004-23d2ea0442a1,714bf2fa-34f5-4a17-9417-c13eb66a41f9,3,give sb. the confidence,给某人信心,
ee9a0744-75cc-41b6-a004-23d2ea0442a1,cba92c5a-d512-4102-934f-d8534b6f66ee,4,have confidence in sth.,对某事有信心,
ee9a0744-75cc-41b6-a004-23d2ea0442a1,50c94571-6671-44e0-8cfd-1fecd77c7e9a,5,lack of confidence,缺乏自信,
ee9a0744-75cc-41b6-a004-23d2ea0442a1,0341037e-048b-4120-b764-5fdba04d2ee4,6,need the confidence,需要自信,
c0a978e9-2225-4824-85c0-ce7087bba7e4,dcb43772-177c-4f7e-abd6-b95f8ef43b61,1,a definite relationship,明确的关系,
c0a978e9-2225-4824-85c0-ce7087bba7e4,6fdef64e-0cff-46bd-a9b9-625c54241f7e,2,a definite sign,明显的迹象,
c0a978e9-2225-4824-85c0-ce7087bba7e4,3368d678-e914-4eac-8138-de33138fe7b1,3,be definite about sth.,对某事毫无疑问,
c0a978e9-2225-4824-85c0-ce7087bba7e4,a1c66592-1ab7-4c8d-92c2-8cd74867ad26,4,give sb. a definite answer,给某人明确的答复,
c3364496-7aac-4638-bca9-8dfdf958e603,cf0dcedc-45a7-4e23-9644-222d4a74f815,1,a definition of...,……的定义,
c3364496-7aac-4638-bca9-8dfdf958e603,9d2a18f9-ca02-46c2-8715-ebddec93063e,2,a simple definition,简单明了的定义,
c3364496-7aac-4638-bca9-8dfdf958e603,73cda2a5-936c-471f-94c6-305231b542a8,3,a strict definition,严格的定义,
c3364496-7aac-4638-bca9-8dfdf958e603,707e4dfc-5c9d-4f41-bcb7-f2047d69c04f,4,by definition,按照释义,
58fdcafc-1a71-468b-9903-c4e8be9f07fc,19bbc199-00d3-47ce-b5bc-f974ae3ad37e,1,be demonstrated by...,由……证明,
58fdcafc-1a71-468b-9903-c4e8be9f07fc,80b45ed0-dd64-4b38-857a-daa4e4369a3e,2,demonstrate against sth.,示威抗议某事,
58fdcafc-1a71-468b-9903-c4e8be9f07fc,9075f644-e997-481c-951d-ea8cee1dabf9,3,demonstrate identity,展示身份,
58fdcafc-1a71-468b-9903-c4e8be9f07fc,617e48b8-ccef-41e2-a0ee-2944ffd424b3,4,demonstrate new products,展示新产品,
58fdcafc-1a71-468b-9903-c4e8be9f07fc,b670bc41-a1a6-423e-a63f-6ca9011ba8bd,5,demonstrate sth. to sb.,向某人示范某物,
58fdcafc-1a71-468b-9903-c4e8be9f07fc,a3a05935-adbe-40f0-85dc-e99e9a4993a7,6,demonstrate the importance,证明重要性,
10be2cdf-9a48-416f-980c-0e88782f2b1f,77a2db85-7c18-4ce8-a10f-0648c684e722,1,illustrate A with B,用 B 说明 A,
10be2cdf-9a48-416f-980c-0e88782f2b1f,2c3c8043-5047-4dbd-8d5b-5ff2ae93357b,2,illustrate a change,说明变化,
10be2cdf-9a48-416f-980c-0e88782f2b1f,9878d2a1-51f4-413f-af3c-19b11d347bee,3,illustrate a textbook,给课本加插图,
10be2cdf-9a48-416f-980c-0e88782f2b1f,2db0a46c-8b53-4e12-b233-aa3446b70645,4,illustrate the value of sth.,阐明某物的价值,
408f99bf-f4d5-42e9-9eaf-925d79d6f132,cd272c5b-121e-4ffc-86ef-3aa0b1eb97f6,1,be ignored by sb.,被某人忽视,
408f99bf-f4d5-42e9-9eaf-925d79d6f132,40635802-ad6a-4be4-9695-448f1832f754,2,ignore a flaw,忽视缺陷,
408f99bf-f4d5-42e9-9eaf-925d79d6f132,94093d11-7e63-4df8-acb5-07598103878b,3,ignore an opportunity,忽视机会,
408f99bf-f4d5-42e9-9eaf-925d79d6f132,8660147f-7d76-4cd2-ab89-77006ea8071c,4,ignore sustainability,忽略可持续性,
408f99bf-f4d5-42e9-9eaf-925d79d6f132,972b3a45-5cfa-47a2-b59a-3c1d5ec3d9e3,5,ignore the expenses,忽略费用,
408f99bf-f4d5-42e9-9eaf-925d79d6f132,f6ba8a0a-2192-4185-bfb6-da6b509002c6,6,ignore warning signs,忽视警示标志,
459fb790-cb96-44f1-8a1c-22338bd081b7,35460226-8992-4741-952a-2a78683125ac,1,an ignorant question,愚昧的提问,
459fb790-cb96-44f1-8a1c-22338bd081b7,b284873e-6fc2-4e9b-9bbf-2886609da1e0,2,be ignorant in...,在……方面无知,
6208fa8a-5714-459a-bcb6-c6c418e38adc,9ed4a4d9-e8f6-40a3-8ccb-142469220cdd,1,confess one’s ignorance,承认自己的无知,
6208fa8a-5714-459a-bcb6-c6c418e38adc,8a13452e-67e9-4afd-8dd1-3a32b5578c56,2,eliminate ignorance,消除愚昧,
6208fa8a-5714-459a-bcb6-c6c418e38adc,b397934a-6406-43cd-be09-da6cbe248ef0,3,ignorance about sth.,对某物的无知,
6208fa8a-5714-459a-bcb6-c6c418e38adc,72907a12-88c1-47ed-9a14-2fe23729b5a9,4,out of ignorance,出于无知,
5ce529ab-2863-4bef-b05e-783f2f5d36b0,40bd74d2-aaa0-4b67-af01-6fdb1199076e,1,a general tendency,总体趋势,
5ce529ab-2863-4bef-b05e-783f2f5d36b0,a5b5709e-f6ad-4ea1-ba28-1adf0cf515cf,2,a tendency to do sth.,做某事的倾向,
5ce529ab-2863-4bef-b05e-783f2f5d36b0,cb863ed0-34e1-4031-9a11-3abd724f9733,3,a tendency towards sth.,某事的趋势,
5ce529ab-2863-4bef-b05e-783f2f5d36b0,a249cf0c-f65c-48dd-b5eb-9fc288a5ca7f,4,an occupation tendency,职业倾向,
001b1010-9fbf-4013-ae4c-aebcd8620205,a18d94e5-5b31-4fd9-a5fb-ca87e0f7b89d,1,tend a child,照料孩子,
001b1010-9fbf-4013-ae4c-aebcd8620205,921729c5-7648-4135-b380-95e9a4fc67f9,2,tend not to work,往往不会起作用,
001b1010-9fbf-4013-ae4c-aebcd8620205,3bdb74c9-0029-4394-9b8e-1a847f9fb4fd,3,tend to get stuck in...,往往被困于……,
001b1010-9fbf-4013-ae4c-aebcd8620205,e6ff99b2-7be5-41e1-a29e-df52b51947fb,4,tend to remain in sp.,趋向于留在某地,
001b1010-9fbf-4013-ae4c-aebcd8620205,af8e08c2-f459-42e7-a900-a3638c97ef84,5,tend to the injured,照料受伤者,
001b1010-9fbf-4013-ae4c-aebcd8620205,0ea745c6-3242-498f-b674-1fbc125fddb9,6,tend toward peace,趋向于和平,
f2246f88-6183-4861-916e-1bc68f163c4b,e9e5ed4d-668d-4704-ab46-b94876888f2b,1,admit good arguments,承认好的论点,
f2246f88-6183-4861-916e-1bc68f163c4b,47f08141-f0df-4ff6-9664-01b7305452cb,2,admit sb. into sp.,允许某人进入某地,
f2246f88-6183-4861-916e-1bc68f163c4b,a5290407-a986-4699-9d52-0eae5ebd2878,3,admit to sth.,承认某事,
f2246f88-6183-4861-916e-1bc68f163c4b,a6b6714c-a766-42d7-b178-2b19f6dddfe9,4,be admitted to a hospital,被接收入院,
e7a9f01f-7734-4ac1-8925-85cd0a07fe2c,286e16c9-df3d-4c4c-a51e-c7c09ffd1c68,1,assume a unit price,假定单价,
e7a9f01f-7734-4ac1-8925-85cd0a07fe2c,783bfa8e-2a9d-41df-b7ae-09d060befaef,2,assume an air of concern,假装关心,
e7a9f01f-7734-4ac1-8925-85cd0a07fe2c,adc2d8cc-2f6e-4835-a576-dd97801f4fb0,3,assume responsibility,承担责任,
e7a9f01f-7734-4ac1-8925-85cd0a07fe2c,6ab9088e-d1e5-40c8-ac08-3b416cfb4532,4,assume the importance,呈现重要性,
6ce79d4a-4d3e-4ade-93f0-939813abec56,9f185cd8-c5a6-4293-8c82-c974e0e0743c,1,a breed of dog,犬种,
6ce79d4a-4d3e-4ade-93f0-939813abec56,adba225c-1e26-42c8-9604-7980d7d024f9,2,a rare breed,少见的类型,
6ce79d4a-4d3e-4ade-93f0-939813abec56,fcf94650-72f7-40a4-8f68-979be6e7c923,3,breed a bird,养鸟,
2d8aa3bb-ba72-427f-ab3a-fc1a955fa9f8,235b8b6d-7b2c-470e-bcf0-4519b9d65248,1,be cited by sb.,受到某人的表彰,
2d8aa3bb-ba72-427f-ab3a-fc1a955fa9f8,34c5c199-e84c-4ccb-ada3-552ceeab79b6,2,cite past research,引用以前的研究,
2d8aa3bb-ba72-427f-ab3a-fc1a955fa9f8,cb037a04-f545-462d-8210-6f77cc71f18d,3,cite situations,列举情况,
634f97a1-01e2-4be7-95e0-6b00cb6bd9e1,b4bb6556-5370-4138-b113-2f958602cf3e,1,be manufactured at sp.,在某地大量生产,
634f97a1-01e2-4be7-95e0-6b00cb6bd9e1,8a0efe7f-2cca-4e5a-a4df-0c1571371b71,2,cotton manufactures,棉花产品,
634f97a1-01e2-4be7-95e0-6b00cb6bd9e1,2b89123e-c970-4768-9ed9-6a15f7ce2b9b,3,manufacture evidence,捏造证据,
634f97a1-01e2-4be7-95e0-6b00cb6bd9e1,471647e9-36c3-4a13-b5f0-a2f1e629b03e,4,the manufacture of cars,汽车制造,
0e9c67a2-16ae-4f65-ab84-050e039df715,710945da-3fdd-4eae-b6c2-e003243d9f95,1,participate fully in...,全面参与……,
0e9c67a2-16ae-4f65-ab84-050e039df715,4f552460-2a43-4ffb-8a49-94a31453c14b,2,participate in an activity,参加活动,
659a2814-a80a-4728-b6ab-272fc0703d51,f4bbfb55-a291-4d4e-b956-8e3cb7bd45f6,1,a market participant,市场参与者,
659a2814-a80a-4728-b6ab-272fc0703d51,518ea92d-ff35-407b-a7d6-802fdf7cdde2,2,an active participant,积极参与者,
659a2814-a80a-4728-b6ab-272fc0703d51,079d357f-4be5-4f5f-90bf-6369f23c29e1,3,an eager participant,热心的参与者,
659a2814-a80a-4728-b6ab-272fc0703d51,9634b975-e8cc-4a86-82e5-8d5a21d378be,4,let participants down,让参与者失望,
19994e37-cb42-4308-a4d3-ee236167f47a,33651323-45ef-420e-a39f-8a4c42f0c61b,1,an urban environment,城市环境,
19994e37-cb42-4308-a4d3-ee236167f47a,db707f80-16da-48d8-a839-31214c5774ba,2,urban areas,城镇地区,
19994e37-cb42-4308-a4d3-ee236167f47a,f79262ac-cbbd-4b58-9446-1318c1e87d9b,3,urban lifestyle,都市生活方式,
19994e37-cb42-4308-a4d3-ee236167f47a,d38ec263-dc45-423c-9868-f8ca1326b33b,4,urban living,都市生活,
19994e37-cb42-4308-a4d3-ee236167f47a,c1e3a4fc-57ed-49d6-8458-33dac69ec17f,5,urban management,城市管理,
19994e37-cb42-4308-a4d3-ee236167f47a,22d44b82-e72d-4280-89ed-a8716c3dd348,6,urban renovation,城市改造,
aa8d0f6a-325c-40ad-bcf4-02d322eeee82,6f77c440-82ec-4238-afbe-0610625aab23,1,a cross-cultural perspective,跨文化视角,
aa8d0f6a-325c-40ad-bcf4-02d322eeee82,03b58236-0147-4736-a88d-5f1db70402b4,2,a global perspective,全面的观点,
aa8d0f6a-325c-40ad-bcf4-02d322eeee82,9282c2cc-fd23-4145-bd0c-ea1ed7bb360f,3,from a...perspective,从……角度来看,
aa8d0f6a-325c-40ad-bcf4-02d322eeee82,cbec9003-3023-42ab-9e74-e60327895da1,4,have perspective on...,对……有正确认识,
aa8d0f6a-325c-40ad-bcf4-02d322eeee82,f07bd3a5-9e9d-440b-b9ca-a5186ef6cc8b,5,put sth. into perspective,客观看待某事,
490b04a9-d441-4938-9f88-20cc0e9c84b4,8c30343f-fcff-47e0-9d21-ecb093301e5e,1,accelerate change,加速改变,
490b04a9-d441-4938-9f88-20cc0e9c84b4,4eb93e41-e7a1-4eb6-90b2-05a1ac384cfc,2,accelerate progress,加快发展,
490b04a9-d441-4938-9f88-20cc0e9c84b4,6e5bf217-ad70-4646-8c14-a1d2fdb8aa4f,3,continue to accelerate,不断加速,
a9c2f632-8457-4569-9f36-3a3fa3eb1aea,e69a0bd8-2f81-42e2-92ae-68e4caf39920,1,a candidate for...,……的申请人,
a9c2f632-8457-4569-9f36-3a3fa3eb1aea,6611c1c8-2e6b-43f6-93c5-7cd5e724f465,2,a potential candidate,有潜力的候选人,
a9c2f632-8457-4569-9f36-3a3fa3eb1aea,15b4fe81-7d36-47c1-852c-c8397be69605,3,an attractive candidate,有吸引力的候选人,
a9c2f632-8457-4569-9f36-3a3fa3eb1aea,0ac713bf-f5c1-4c53-9184-1becd1004109,4,an unqualified candidate,不能胜任的候选人,
a9c2f632-8457-4569-9f36-3a3fa3eb1aea,c9492924-99c7-4717-b31a-e744d330b329,5,find a candidate,寻找申请者,
a9c2f632-8457-4569-9f36-3a3fa3eb1aea,234de8e9-7062-4c14-b7bb-4e47e714ed3c,6,the age of a candidate,应试者的年龄,
c2f11384-4a9a-47ae-ad58-a49c13c4dfd0,d5e09b12-b53a-40a2-83a3-588df9b0f9c8,1,a consequence of...,……的后果,
c2f11384-4a9a-47ae-ad58-a49c13c4dfd0,67cc7152-119c-405b-b79a-783254c637f2,2,a long-term consequence,长期的后果,
c2f11384-4a9a-47ae-ad58-a49c13c4dfd0,3fc1b902-32da-4846-85c9-f7f06f75a4f4,3,a negative consequence,负面结果,
c2f11384-4a9a-47ae-ad58-a49c13c4dfd0,be1605b7-369b-4594-84a1-cd5a4cd8feb1,4,as a consequence,结果,
c2f11384-4a9a-47ae-ad58-a49c13c4dfd0,136a0a71-b231-4890-aa07-9f699b603f5a,5,be of no consequence,无关紧要,
c2f11384-4a9a-47ae-ad58-a49c13c4dfd0,1082c9be-7821-4957-b477-36faeba5da8a,6,the economic consequences,经济影响,
b50dc97e-5fa6-4cf2-ab50-4c2e8b1953b4,5bca2f9a-e5d0-4a70-9b90-b62a5904583b,1,learn addition,学习加法,
b50dc97e-5fa6-4cf2-ab50-4c2e8b1953b4,7b5d14e2-9ace-476e-96a3-4d13f6840244,2,with the addition of sth.,添加某物,
cad8e612-f736-47fc-9a7c-f8f3f75891ed,d5a45d30-9847-4e00-8e25-049c50a2b275,1,additional funds,附加基金,
cad8e612-f736-47fc-9a7c-f8f3f75891ed,ea2ae684-22ed-4c9c-8615-68a28678f233,2,additional resources,额外的资源,
cad8e612-f736-47fc-9a7c-f8f3f75891ed,0177d699-78a1-46d6-ac8f-94665f27c46d,3,additional scrutiny,额外审查,
cad8e612-f736-47fc-9a7c-f8f3f75891ed,1662e5de-fee1-46cf-abd4-331ece9f1746,4,an additional capability,附加的能力,
cad8e612-f736-47fc-9a7c-f8f3f75891ed,3512dafd-9d12-4f3e-a3b0-e3ed6008351c,5,an additional charge,附加收费,
cad8e612-f736-47fc-9a7c-f8f3f75891ed,53b3216b-41e5-486a-9e89-70dab81ef705,6,an additional stress,额外的压力,
8e275605-9f74-45f2-8991-1155e440ef73,ad311a67-876c-494d-9eb9-43462c97bd91,1,approval for a contract,批准合同,
8e275605-9f74-45f2-8991-1155e440ef73,75df51ed-1fbd-48d8-a43c-0e8802ef107c,2,be contracted to do sth.,签下做某事的合同,
8e275605-9f74-45f2-8991-1155e440ef73,2a9ab6eb-ff02-4535-b4b6-e74cff905572,3,contract down to...,收缩至……,
8e275605-9f74-45f2-8991-1155e440ef73,b9d303a2-fd6a-4ddf-b71e-321de7b479bc,4,contract the mouth,噘嘴,
8e275605-9f74-45f2-8991-1155e440ef73,82039c9c-58c3-4fef-a6fc-dbd7aaafa3ee,5,contract with sb.,与某人签合同,
8e275605-9f74-45f2-8991-1155e440ef73,23296f38-4778-4099-8072-82ed154baaeb,6,fulfill a contract,履行契约,
4829b57f-57a5-44c5-a6d1-c90d6e812ee0,3779f4c4-e76d-4f9b-a5f7-29b7657691b8,1,compete at the Olympics,参加奥运会比赛,
4829b57f-57a5-44c5-a6d1-c90d6e812ee0,4aa70b85-bbd5-4035-8998-d3faed1caca5,2,compete for...,为……而竞争,
4829b57f-57a5-44c5-a6d1-c90d6e812ee0,3497313f-39c5-4a0b-b609-9910652b3db2,3,compete to do sth.,竞争做某事,
4829b57f-57a5-44c5-a6d1-c90d6e812ee0,3c887849-4519-4213-b2d6-f493f2758ab3,4,compete with sb.,与某人竞争,
246aa184-ff5c-4e58-ab93-ca7ab98bf9b6,830344c0-0568-4250-bb6a-f81ba01bbcc2,1,a competent civil servant,称职的公务员,
246aa184-ff5c-4e58-ab93-ca7ab98bf9b6,7b467b89-628c-401f-b74b-38401d6324eb,2,a competent job,能胜任的工作,
246aa184-ff5c-4e58-ab93-ca7ab98bf9b6,fdbfcc85-3e43-454e-8011-d3bc5660a42f,3,be competent to do sth.,有能力做某事,
8f07113f-28dc-446b-b505-995432933fc5,efd31f7a-8261-4866-a7fe-0c70e6da0b5d,1,a chair of psychology,心理学系主任,
8f07113f-28dc-446b-b505-995432933fc5,1c610d04-c0f0-4f94-906b-49155f01d3c1,2,a psychology professor,心理学教授,
8f07113f-28dc-446b-b505-995432933fc5,7fd59a78-a365-4942-9253-3d7c58ae829a,3,a psychology researcher,心理学研究者,
8f07113f-28dc-446b-b505-995432933fc5,deb14422-61e1-4cf8-9dd6-6a4ffd6c51a2,4,a psychology test,心理测试,
8f07113f-28dc-446b-b505-995432933fc5,b5f1e047-630b-4658-842f-01261eb8551e,5,social psychology,社会心理学,
8f07113f-28dc-446b-b505-995432933fc5,9d54a3fb-7416-466d-a6bb-6dde327fd37e,6,the psychology of sb.,某人的心理特征,
9783ebf7-a511-47aa-87b8-c2a76de53121,0695c160-1253-4571-b96e-b188954b0edd,1,a greater reliance,更多的信任,
9783ebf7-a511-47aa-87b8-c2a76de53121,bdc73b9a-71de-4256-8817-71891435355f,2,an undue reliance,过度依赖,
9783ebf7-a511-47aa-87b8-c2a76de53121,77d9e7cd-cc70-4c9e-ae7d-b1b820db1554,3,excessive reliance,过分依赖,
acaae4d6-818a-4e4d-9dd8-430971ebe678,40bf94c0-6f05-4a32-90aa-9ecd9ad2d658,1,a reliable indicator,可靠的指标,
acaae4d6-818a-4e4d-9dd8-430971ebe678,75314c70-d194-4d15-9020-a33651543033,2,a reliable workforce,可靠的劳动力,
acaae4d6-818a-4e4d-9dd8-430971ebe678,884d6e6e-b76f-49ed-930c-9cce2b99b358,3,reliable access,可靠的通道,
acaae4d6-818a-4e4d-9dd8-430971ebe678,b32c5742-a5b5-4f4b-a042-e7da178aa564,4,reliable data,可靠数据,
acaae4d6-818a-4e4d-9dd8-430971ebe678,9d88cf37-3302-4eea-8741-2084ad0406a1,5,reliable evidence,确凿的证据,
acaae4d6-818a-4e4d-9dd8-430971ebe678,b9fb0404-36d8-4be6-ab6d-a1be18d32bd8,6,reliable information,确凿的信息,
7f399453-3f03-4958-8228-6c7b53209d9f,60ad2ac5-9b74-4e91-b313-7ed0176287a1,1,a charitable corporation,慈善企业,
7f399453-3f03-4958-8228-6c7b53209d9f,c87e61c6-94a7-4d55-8354-0c0aebd36982,2,a corporation in Europe,欧洲企业,
7f399453-3f03-4958-8228-6c7b53209d9f,dae600c2-5acb-4c4b-9132-1c63b11fb159,3,a corporation share,法人股,
7f399453-3f03-4958-8228-6c7b53209d9f,9424f479-6ca3-4e19-b845-d02ec92a685c,4,a global corporation,全球性公司,
7f399453-3f03-4958-8228-6c7b53209d9f,971c01d3-be2c-4438-bad6-576c4dd14a01,5,an international corporation,跨国公司,
7f399453-3f03-4958-8228-6c7b53209d9f,dee8a5d6-07aa-4b74-8a21-5d8d2cee72fc,6,corporation governance,公司管理,
f0615c5e-79ff-4830-9158-258f870529c7,32d9676e-99ff-4346-98ca-b1c37c9b8e7f,1,a modest reputation,谦虚的名声,
f0615c5e-79ff-4830-9158-258f870529c7,8f1c2f32-5a0b-4a06-bf0c-3b5579247c48,2,a reputation for...,……的名声,
f0615c5e-79ff-4830-9158-258f870529c7,1c9cbbfb-e0ef-4e77-bcda-94304fb03be0,3,build a reputation,树立声望,
f0615c5e-79ff-4830-9158-258f870529c7,3fd60056-d50c-4021-96e0-a5b79887fd92,4,damage one’s reputation,毁坏某人的名声,
f0615c5e-79ff-4830-9158-258f870529c7,dad71545-2591-4d85-800a-9aa85a726970,5,earn sb. a reputation,为某人赢得名声,
f0615c5e-79ff-4830-9158-258f870529c7,b88fd5bb-3f3a-4e02-ae90-21ed075d11ac,6,weaken one’s reputation,削弱某人的名誉,
1439af4d-3b36-4ed9-8fde-60c83e91a0d7,63774a06-0d9d-4c25-a8a5-0d08d728112e,1,a new vehicle,新的交通工具,
1439af4d-3b36-4ed9-8fde-60c83e91a0d7,11910c01-8b5b-4743-8034-084eb029ea0d,2,a vehicle for sth.,做某事的手段,
1439af4d-3b36-4ed9-8fde-60c83e91a0d7,e9284505-f7c5-4669-b837-f5a6bb4d9d39,3,a vehicle manufacturer,车辆制造商,
1439af4d-3b36-4ed9-8fde-60c83e91a0d7,2694a26f-3972-4939-9177-ec5afe7cd066,4,an autonomous vehicle,自动驾驶车辆,
1439af4d-3b36-4ed9-8fde-60c83e91a0d7,94367028-eff3-4ed5-ab12-724ac26df299,5,an electric vehicle,电动汽车,
1439af4d-3b36-4ed9-8fde-60c83e91a0d7,47920705-7c9f-4351-a803-4274ccb0ba29,6,load a vehicle,装车,
eb16de08-a0e4-4dcc-9335-ef437927c9f2,495a964a-f9eb-4a4d-ada8-23e01a973774,1,a select group,优胜小组,
eb16de08-a0e4-4dcc-9335-ef437927c9f2,17133373-ec08-4e5b-abeb-4d0edac72378,2,a select wine list,精选葡萄酒名录,
eb16de08-a0e4-4dcc-9335-ef437927c9f2,037d5483-075c-4996-930b-69b3e70182d2,3,select a career path,选择职业道路,
eb16de08-a0e4-4dcc-9335-ef437927c9f2,257d2f40-6626-4500-b565-85497aab591a,4,select a site,选址,
eb16de08-a0e4-4dcc-9335-ef437927c9f2,e250fd83-f7d2-4c89-ae37-84f06d7b0b77,5,select...as...,选定……为……,
eb16de08-a0e4-4dcc-9335-ef437927c9f2,55115db7-6c0c-4aab-aa96-557c23d4c483,6,select...from sth.,从某物中挑选出……,
57515681-f34e-4b36-976a-151b6513cfe9,5997bd66-99f7-417b-8bcd-08b6ac5e3c6e,1,a selection from...,从……中挑选出的人/物,
57515681-f34e-4b36-976a-151b6513cfe9,8ef63918-ed2d-46cc-a5b6-592cef98b8f0,2,a selection procedure,选择程序,
57515681-f34e-4b36-976a-151b6513cfe9,a6eebe4a-93ed-43ce-bcae-bf0576c641a2,3,natural selection,自然选择,
57515681-f34e-4b36-976a-151b6513cfe9,7bc9243d-ceed-4588-92b3-52f7c34f04d0,4,random selection,随机挑选,
57515681-f34e-4b36-976a-151b6513cfe9,d02e98e6-d0d2-49d9-9ff4-0614becb8914,5,sexual selection,性别选择,
57515681-f34e-4b36-976a-151b6513cfe9,7f1d3e61-896d-4adc-a537-cb826669b8ec,6,the selection of jurors,陪审员的选举,
c1667ab4-bc22-44a8-877b-da44c9213a94,8af9c06e-1c8e-442a-b7aa-0a3202b99af6,1,an appeal for legislation,立法呼吁,
c1667ab4-bc22-44a8-877b-da44c9213a94,57a7e08f-f4cd-488b-84ad-cd2d8dbdf646,2,appeal against...,对……提出申诉,
c1667ab4-bc22-44a8-877b-da44c9213a94,32b64763-1f47-442a-8aed-c3440709f2a8,3,appeal to sb. to do sth.,呼吁某人做某事,
c1667ab4-bc22-44a8-877b-da44c9213a94,7bb54db9-b7fc-44c5-928f-22cd07324e22,4,handle an appeal,处理投诉,
c1667ab4-bc22-44a8-877b-da44c9213a94,244c77f0-01f4-41d9-ba05-db93d46d1c0e,5,respond to appeal,回应申诉,
c1667ab4-bc22-44a8-877b-da44c9213a94,b334d2b1-a847-4448-96e1-2d09e472866b,6,silent appeal,无声的呼吁,
e9a7bbbd-e754-4b8a-bd26-790570c34d86,8bd8c614-3ac4-4b3f-8431-34cf892a3dbb,1,National Intelligence Council,国家情报局,
e9a7bbbd-e754-4b8a-bd26-790570c34d86,a0df36e8-a5ec-420e-88c9-d30bcfc3e476,2,an intelligence service,情报部门,
e9a7bbbd-e754-4b8a-bd26-790570c34d86,84f32cd9-b700-4548-8cd9-ffc338fd892d,3,business intelligence,商业智能,
e9a7bbbd-e754-4b8a-bd26-790570c34d86,bad8929e-3847-470e-bf7b-2299857a4a72,4,intelligence analysis,情报分析,
e9a7bbbd-e754-4b8a-bd26-790570c34d86,1836927f-809d-4a83-b89b-3f676b190dc0,5,native intelligence,天生的智力,
e9a7bbbd-e754-4b8a-bd26-790570c34d86,4637c589-6d09-4344-beb6-222e22eadf18,6,superior intelligence,高智商,
09bed1c7-540f-4366-9288-25a574e09093,5fa8695a-e5f7-4374-8917-65978dd479f5,1,an artificial barrier,人为障碍,
09bed1c7-540f-4366-9288-25a574e09093,677fa2a3-ad83-4a26-bde5-bc47acc80f16,2,an artificial organ,人造器官,
09bed1c7-540f-4366-9288-25a574e09093,f9eceabb-1497-498d-8d33-3d6c89cae2e8,3,an artificial smile,假笑,
09bed1c7-540f-4366-9288-25a574e09093,7b69b04b-4d19-4d99-b230-3d78dd9d1831,4,artificial aid,人工援助,
09bed1c7-540f-4366-9288-25a574e09093,1bd9f3a2-124b-4505-a10c-9c146fd07a7b,5,artificial intelligence,人工智能,
09bed1c7-540f-4366-9288-25a574e09093,eb234c8b-09d3-4ae3-a956-302a90d258a9,6,artificial light sources,人造光源,
f3d585ed-e470-4963-ab54-69b0c69b649d,e09e842e-735c-46a2-9410-22de9f3582f1,1,a critic of materialism,唯物主义批评家,
f3d585ed-e470-4963-ab54-69b0c69b649d,acfe802b-0d91-4541-981e-84d43388952f,2,a critic of the paper,报纸的评论员,
f3d585ed-e470-4963-ab54-69b0c69b649d,38dc6c24-8736-4136-b66c-54fb8d78b70e,3,a literary critic,文学评论家,
f3d585ed-e470-4963-ab54-69b0c69b649d,713bc9cd-ce61-4f53-8259-1c1964cb0f95,4,a music critic,音乐评论家,
f3d585ed-e470-4963-ab54-69b0c69b649d,fd856043-32ac-4fa3-a2a1-c992289c2e39,5,a stern critic,苛刻的批评者,
f3d585ed-e470-4963-ab54-69b0c69b649d,baa8cb22-5c1d-4424-940a-38f3d11230ee,6,an angry critic,愤怒的批评家,
c9af1186-7ba9-4d61-8c18-b64e3ca14ddc,7a9690a6-05c4-4b4f-8f66-9931fa92e5df,1,a knowledgeable elite,知识精英,
c9af1186-7ba9-4d61-8c18-b64e3ca14ddc,59330062-ee7c-449c-bd5f-80e6935cb703,2,a political elite,政界精英,
c9af1186-7ba9-4d61-8c18-b64e3ca14ddc,6fead3dc-8865-4395-bb30-e6327944e392,3,an elite athlete,优秀运动员,
c9af1186-7ba9-4d61-8c18-b64e3ca14ddc,be884df9-7b0a-4cf2-82bc-50de70bbb3eb,4,an elite in technology,技术界的精英,
c9af1186-7ba9-4d61-8c18-b64e3ca14ddc,9ff8a523-351c-44d2-9ce0-6a65714281c0,5,an elite university,名牌大学,
c9af1186-7ba9-4d61-8c18-b64e3ca14ddc,0a3d42f9-3a1a-48e9-83ff-820eb964222e,6,create an elite,培育精英,
ea6f7ee6-1c59-49fd-837d-8b78d041710b,a449e274-eef7-463d-80d6-dec7738b969f,1,a blank expression,面无表情,
ea6f7ee6-1c59-49fd-837d-8b78d041710b,0795b638-3929-4da8-b478-685060cffb32,2,a change of expression,表达方式的改变,
ea6f7ee6-1c59-49fd-837d-8b78d041710b,c6084a12-9b9a-4490-94a9-759caa185fcb,3,a lawful expression,合法的表达,
ea6f7ee6-1c59-49fd-837d-8b78d041710b,9853d1ef-1f97-4a54-87b4-dff928df86e9,4,a mode of expression,表达形式,
ea6f7ee6-1c59-49fd-837d-8b78d041710b,f3f7c1f3-9082-40eb-ae5c-65010783dba4,5,an expression of...,……的表情,
ea6f7ee6-1c59-49fd-837d-8b78d041710b,0a19bc9b-8890-429f-a022-4fc1fa25bf1e,6,give expression to fears,表现出恐惧,
a8b6c2cd-802e-4d20-b2ee-9e3d0b9f073e,c994f644-db74-448a-bdd2-c052c4735449,1,collect payments from...,从……收款,
a8b6c2cd-802e-4d20-b2ee-9e3d0b9f073e,ef42531d-dc72-43a8-ad5a-b336f0a9a705,2,electronic payments,电子支付,
a8b6c2cd-802e-4d20-b2ee-9e3d0b9f073e,b23b47f7-49d8-4653-98ea-723c6b0c2287,3,late payment of taxes,迟缴税款,
a8b6c2cd-802e-4d20-b2ee-9e3d0b9f073e,17dfd5b9-c7ef-494b-9abf-5a582433befc,4,means of payment,支付方式,
5932d5e6-b167-4e43-a0e5-a34f47759591,ddc7d044-4fdf-417b-bd30-98c31574263e,1,receive a fine,收到罚款,
5932d5e6-b167-4e43-a0e5-a34f47759591,3b79727e-f481-497d-a267-7392313973d6,2,receive a letter,收到信函,
5932d5e6-b167-4e43-a0e5-a34f47759591,2d4d260b-9a74-4fb7-b7f9-6f0583a87b22,3,receive a review notice,收到面试通知,
5932d5e6-b167-4e43-a0e5-a34f47759591,67aa7bee-f590-4fd0-a0bc-7108c65dff87,4,receive a warm welcome,受到热烈欢迎,
5932d5e6-b167-4e43-a0e5-a34f47759591,c96710a3-4a5f-41e8-a80a-8cb3895d1b7c,5,receive little attention,很少受到关注,
5932d5e6-b167-4e43-a0e5-a34f47759591,c1a320d1-a5ed-4f64-956a-3fb1753c7c52,6,receive medical treatment,接受医疗,
667d76a3-257e-47f5-a98c-d45eae995974,d46c8608-53f7-4406-9942-d22906a81eee,1,a shortfall in tax revenue,税收收入不足,
667d76a3-257e-47f5-a98c-d45eae995974,162f03d1-4b7d-41d7-82eb-46342e42d54f,2,additional revenue,额外的收益,
667d76a3-257e-47f5-a98c-d45eae995974,f6a6abbe-dd53-457f-8bcc-40dfc6e3421f,3,bring in revenue,带来收入,
667d76a3-257e-47f5-a98c-d45eae995974,0f64594f-c996-4e2c-8ffa-358c8897b735,4,government revenues,政府财政收入,
667d76a3-257e-47f5-a98c-d45eae995974,d1103fed-ed31-4369-86f0-d5041bbbe933,5,short-term revenues,短期税收,
667d76a3-257e-47f5-a98c-d45eae995974,0782e1b1-4bc6-487e-b2bf-c16ebb6c3688,6,the loss of revenue,收入损失,
2831f2eb-6a39-4fe7-95d6-5f3955598316,e74e45b7-008e-4b85-a83f-45d983568f1a,1,be captured by...,被……捕获,
2831f2eb-6a39-4fe7-95d6-5f3955598316,5bd49078-5146-42ff-bf74-d540faf9baa9,2,capture a soldier,俘虏士兵,
2831f2eb-6a39-4fe7-95d6-5f3955598316,50a0fb80-6f03-4107-b653-5e1cd84cbf42,3,capture one’s attention,吸引某人注意力,
2831f2eb-6a39-4fe7-95d6-5f3955598316,619cac65-ebaa-4b81-8fa6-8afc79032618,4,capture the aspects,表达主要方面,
2831f2eb-6a39-4fe7-95d6-5f3955598316,e22e59e0-e4e0-4a7e-aa2f-8bb8c0cc6f7e,5,capture the essence of...,刻画出……的神韵,
2831f2eb-6a39-4fe7-95d6-5f3955598316,aeeab4b6-a2b8-4963-a460-de1c8830b80c,6,lead to the capture,被捕,
7b8108d9-5fcc-40b0-8716-f55b3798f69b,06838412-8839-4554-952e-20646f22f9f0,1,be filled to capacity,座无虚席,
7b8108d9-5fcc-40b0-8716-f55b3798f69b,ebf3508c-9988-452f-8ec6-c4a058d908ef,2,beyond one's capacity,超出某人的能力,
7b8108d9-5fcc-40b0-8716-f55b3798f69b,d20301d4-d843-4d88-9130-8fafe2c4ebcd,3,oxygen capacity,肺活量,
3c717be0-dbf3-411b-886e-c7f6b7b8d876,77c6d11e-4700-4824-ad9c-dfcfea4b6080,1,reduction in supply,供应量减少,
3c717be0-dbf3-411b-886e-c7f6b7b8d876,90c8294d-adc4-4326-8c7e-33f0c52e0699,2,supply...with sth.,给……提供某物,
3c717be0-dbf3-411b-886e-c7f6b7b8d876,18881ff4-be32-499d-920f-5fcbc227691a,3,the electricity supply,电量供应,
3c717be0-dbf3-411b-886e-c7f6b7b8d876,20d16088-1ae1-40d6-88c8-08edbf3f4825,4,the supply chain,供应链,
63323027-2497-4eb2-b798-4630cc6c88ab,8f848f3e-7608-410a-9b24-f8787c77d9fc,1,a newspaper supplement,报纸增刊,
63323027-2497-4eb2-b798-4630cc6c88ab,c5cedc78-3c34-46f8-a089-717fb542dc68,2,a special supplement,特别增刊,
63323027-2497-4eb2-b798-4630cc6c88ab,ff2704ae-81c1-45de-afcb-dbd40f0ffe2b,3,a supplement to sth.,对某物的补充,
63323027-2497-4eb2-b798-4630cc6c88ab,0b7ab02b-a1fe-48f0-948a-abeb54ccc0fe,4,a vitamin supplement,补充维生素,
63323027-2497-4eb2-b798-4630cc6c88ab,24a00f3c-fcc8-40ce-a1db-ba4e15816562,5,supplement A with B,用 B 补充 A,
63323027-2497-4eb2-b798-4630cc6c88ab,a707ff12-e0b5-4806-8d87-e736d666677f,6,supplement one’s income,补充收入,
488801fc-1917-49f0-ac87-561143cce897,2db14f14-d59f-42ac-b0ef-8fc8d98a7bcc,1,a criminal lawyer,刑事诉讼律师,
488801fc-1917-49f0-ac87-561143cce897,3f599a8d-dc5d-4055-a897-3c5a81bfd99b,2,be criminal to do sth.,做某事是犯法的,
488801fc-1917-49f0-ac87-561143cce897,683da36f-e236-4933-bf96-cd16a4e0261f,3,commit a criminal act,犯罪,
488801fc-1917-49f0-ac87-561143cce897,f2baa733-f4a2-4227-bfe0-a7d8ad9c6e3a,4,criminal behaviour,犯罪行为,
488801fc-1917-49f0-ac87-561143cce897,cbac37b0-3083-4058-8781-661346783106,5,deal with a criminal,处置罪犯,
d63c698d-c172-4ffe-9adf-7e1bb18f6350,41d52415-1527-4122-b318-bde69f999a5d,1,crime prevention,防止犯罪,
d63c698d-c172-4ffe-9adf-7e1bb18f6350,70c4e2ee-95be-47f8-8a82-177eb616bcb2,2,deny sth. as a crime,否认某事是犯罪,
d63c698d-c172-4ffe-9adf-7e1bb18f6350,6c572efe-11b9-4c41-bc57-0ddfd0cfe6ef,3,efforts against crime,打击犯罪的努力,
d63c698d-c172-4ffe-9adf-7e1bb18f6350,31f3a885-40fd-4f5d-923d-d8502a709057,4,gun crime,枪支犯罪,
d63c698d-c172-4ffe-9adf-7e1bb18f6350,4e2fef37-56e0-4d08-b517-1c264e25ef8c,5,the scene of a crime,犯罪现场,
f2aa422a-d767-414b-bec3-86e45fc49c6c,926de8d0-8883-4a41-b35e-3b47d4b8222b,1,an increase in sth.,在某方面的增长,
f2aa422a-d767-414b-bec3-86e45fc49c6c,fa015e4a-8d7c-4f91-8a87-a2e8a3ad443e,2,increase A to B,给 B 增加 A,
f2aa422a-d767-414b-bec3-86e45fc49c6c,23135bc8-9964-4a29-a561-19176858e4e1,3,increase by...,增长了……,
f2aa422a-d767-414b-bec3-86e45fc49c6c,395c4b5a-3908-441c-b8de-b158e42d2b23,4,increase sales,增加销量,
f2aa422a-d767-414b-bec3-86e45fc49c6c,44059ea0-b88d-4f95-aba2-489befde087e,5,increase to...,增加到……,
f2aa422a-d767-414b-bec3-86e45fc49c6c,db296063-b580-4861-9d07-0329773b4059,6,on the increase,递增,
6a6789e9-b893-4f74-be59-54f2005e907d,492578cb-aba5-4e8e-a3c9-4265429cf925,1,a decrease in sth.,在某方面的减少,
6a6789e9-b893-4f74-be59-54f2005e907d,31659fb3-ea02-488f-9ce4-653f13ec8072,2,decrease by...,减少了……,
6a6789e9-b893-4f74-be59-54f2005e907d,b99b8a68-5725-42ea-8c81-0173eb11336e,3,decrease demand,减少需求量,
6a6789e9-b893-4f74-be59-54f2005e907d,89a31301-2ab8-428e-b86f-af4788495083,4,decrease opportunities,减少机会,
6a6789e9-b893-4f74-be59-54f2005e907d,3cc9cad9-d73b-457c-9828-c3daa61403d0,5,decrease to...,减少到……,
6a6789e9-b893-4f74-be59-54f2005e907d,413dfeea-2231-438e-8542-225dad6d27be,6,on the decrease,递减,
33f7ee93-c880-4a0c-8e8b-a2c646002cb8,2434a0ab-c41b-45ac-a09a-9908e7bbca4e,1,an isolated location,僻静之地,
33f7ee93-c880-4a0c-8e8b-a2c646002cb8,96806367-6b4a-4955-b1ed-817c7e37c04d,2,choose a location,选择地点,
33f7ee93-c880-4a0c-8e8b-a2c646002cb8,df2d32c9-42e3-48d8-a497-2068176445b6,3,the location of,……的位置,
eba9570c-5d41-4764-a7a8-996a3c608197,54434c21-45f1-4225-b132-c8807e12908a,1,be exposed to new ideas,使接触新思想,
eba9570c-5d41-4764-a7a8-996a3c608197,fd1b139d-de75-4939-814f-e65e88f8a469,2,be exposed to stress,使遭受压力,
eba9570c-5d41-4764-a7a8-996a3c608197,349d929e-86f5-42b4-853b-59c283458ff4,3,expose oneself to...,使自己暴露于……,
eba9570c-5d41-4764-a7a8-996a3c608197,129f67ae-4525-4a48-bf91-50138bfff2b3,4,expose the bone,露出骨头,
eba9570c-5d41-4764-a7a8-996a3c608197,7509ccc6-1942-48c1-8276-3c7daa35de0e,5,expose the racism,揭露种族歧视,
eba9570c-5d41-4764-a7a8-996a3c608197,d86ccee3-65ff-40d6-9908-541f8f2a6128,6,expose the truth,揭露事实,
67b4e3db-b406-4752-a1ba-2ee9b4af0270,fd618fc0-4b62-4294-be5f-dc1f04b5544b,1,early exposure,提早接触,
67b4e3db-b406-4752-a1ba-2ee9b4af0270,8dac7875-129d-4066-9d3b-3cb551862486,2,exposure as a liar,作为说谎者被揭露,
67b4e3db-b406-4752-a1ba-2ee9b4af0270,b5447d6b-fcde-4ad9-89c7-32c1223ef2c7,3,exposure of a secret,揭露秘密,
67b4e3db-b406-4752-a1ba-2ee9b4af0270,7a4c5466-05c3-4452-9e8d-7cc74695ac36,4,exposure time,曝光时间,
67b4e3db-b406-4752-a1ba-2ee9b4af0270,bcc385ed-8d97-464c-9213-214f85b49676,5,exposure to sth.,暴露在某物下 / 接触某物,
67b4e3db-b406-4752-a1ba-2ee9b4af0270,479cd9ee-7a81-45c5-bd7a-a0416fd8a389,6,public exposure,公众揭露,
1e0b051c-c04c-400e-a079-9f8948111d41,d4d0e20b-7dc2-4244-ae80-e86b7c52cc29,1,create a new vision,创造新愿景,
1e0b051c-c04c-400e-a079-9f8948111d41,5903c6b7-1d27-4017-8ff4-41a91abe863d,2,create a society,创建社会,
1e0b051c-c04c-400e-a079-9f8948111d41,1c5ec9ca-93fd-450a-93c6-2c0731f59ce1,3,create incentives,创建激励机制,
1e0b051c-c04c-400e-a079-9f8948111d41,5bde35d4-1f5d-476a-876d-067d19d11b72,4,create sth. for...,为……创造某物,
79cdb157-ba47-47c8-9f33-3c2827e2d92c,e973453c-b8b8-4b9c-8350-95bf2bb876c6,1,a creative personality,有创造力的人,
79cdb157-ba47-47c8-9f33-3c2827e2d92c,d39f7a8f-d84f-4805-b485-088ec3e5469f,2,creative process,创作过程,
79cdb157-ba47-47c8-9f33-3c2827e2d92c,477b5635-4a94-441c-aa9c-e50980ffd050,3,creative thinking,创造性思维,
79cdb157-ba47-47c8-9f33-3c2827e2d92c,322c110c-1f51-49d2-ad77-554a02b1b597,4,in a creative way,以创造性的方式,
85a2fe16-7de9-4028-a39f-aff3988f22f6,61260aff-8581-443e-8da6-dd68f7cd04eb,1,a federal policy,联邦政府的政策,
85a2fe16-7de9-4028-a39f-aff3988f22f6,2ec83bcd-3d19-4da7-a6d5-53c6d9a1343b,2,federal dollars,联邦政府的资金,
85a2fe16-7de9-4028-a39f-aff3988f22f6,745f4bd6-fb0e-47b4-9f0f-32a0872bf7ea,3,the federal government,联邦政府,
85a2fe16-7de9-4028-a39f-aff3988f22f6,cb093db4-795e-4e41-95b2-08cbdc0726b1,4,the federal judiciary,联邦司法体系,
dcf3527b-6d65-4f87-ab48-1a0c3ef7c289,8fccc6ae-2865-4092-acfe-6d51561550a4,1,be concentrated in sp.,被集中于某处,
dcf3527b-6d65-4f87-ab48-1a0c3ef7c289,2b3297bd-025e-4b9d-a160-89705e5de49b,2,concentrate at...,集中在……,
dcf3527b-6d65-4f87-ab48-1a0c3ef7c289,4ccdbb71-d724-4b71-a314-2fa42fa52cde,3,concentrate on sth.,专心；专注于某事,
dcf3527b-6d65-4f87-ab48-1a0c3ef7c289,9afb6a50-2034-4cb0-afdd-04598ce64348,4,concentrate the mind,集中精神,
6f8ceaf6-a170-4319-8cd7-011b151bd370,8b8fba93-a12d-4bf5-a0bd-c84ad3252f1f,1,a powerful incentive,强有力的刺激,
6f8ceaf6-a170-4319-8cd7-011b151bd370,54f34868-d2c1-4eb4-bef5-ac49bd00ecf2,2,an incentive for...,对……的激励,
6f8ceaf6-a170-4319-8cd7-011b151bd370,b08c1b56-4f38-4350-a507-be9fb3a11f17,3,incentive structure,激励结构,
6f8ceaf6-a170-4319-8cd7-011b151bd370,25712850-2e42-4d70-9afe-d91bb31ec849,4,provide an incentive,提供激励,
6f8ceaf6-a170-4319-8cd7-011b151bd370,4aad58d9-3083-460c-a42f-46d88e6d885c,5,reduce a tax incentive,减少税收激励,
6f8ceaf6-a170-4319-8cd7-011b151bd370,113a28b6-6a19-49c4-849b-9c016562f731,6,under the incentive of...,在……的刺激下,
e06930e9-acc7-4a6e-b7f5-71e116735c8d,fce665d6-0849-4ad1-b6e7-5a0c1464f9f9,1,climb out of recession,走出衰退,
e06930e9-acc7-4a6e-b7f5-71e116735c8d,595a7ff8-4735-4ce4-8f2d-7bc744e4beb0,2,deep recession,严重的经济衰退,
e06930e9-acc7-4a6e-b7f5-71e116735c8d,a1ef5458-87b7-44a8-a403-fab1849f93d5,3,enter a recession,陷入经济衰退,
e06930e9-acc7-4a6e-b7f5-71e116735c8d,63fd40ef-0860-4979-8e86-f278d0ef88d6,4,manufacturing recession,制造业衰退,
e06930e9-acc7-4a6e-b7f5-71e116735c8d,6e70c47d-3c6c-4bc9-bb56-7a48be18778f,5,shrug off the recession,摆脱衰退,
e06930e9-acc7-4a6e-b7f5-71e116735c8d,29e36901-be35-4d4d-a412-b59958d23eef,6,the recession of sth.,某事物的消退,
ee7588ae-1bd0-448f-84ad-71c90627a4cb,f38398ac-9f00-4471-a122-62e6323e9c68,1,a previous experiment,先前的实验,
ee7588ae-1bd0-448f-84ad-71c90627a4cb,f0e04c37-92c9-46e0-bd0f-578554e7395c,2,the previous candidate,上一位候选人,
ee7588ae-1bd0-448f-84ad-71c90627a4cb,5b4ded18-6666-46de-b371-1566a8d993d2,3,the previous decisions,之前的裁决,
1848b698-e3a8-45f9-aab5-76091696a5d1,cb8304fb-5c0f-49eb-8fa3-c356a8cb3bb6,1,a gene patent,基因专利,
1848b698-e3a8-45f9-aab5-76091696a5d1,433cde23-f254-4f0e-bf5b-612e4f7ce5f8,2,a patent attorney,专利律师,
1848b698-e3a8-45f9-aab5-76091696a5d1,b559d9d7-0bc2-4119-8e1e-f6898803c3a5,3,a patent holder,专利持有者,
1848b698-e3a8-45f9-aab5-76091696a5d1,dbdcffe8-4735-477d-852f-73375b536141,4,approve a patent,批准专利,
1848b698-e3a8-45f9-aab5-76091696a5d1,f7fe25b9-c890-47f6-858d-5da9a746f115,5,patent evaluation,专利评估,
1848b698-e3a8-45f9-aab5-76091696a5d1,eef087be-15a9-4c73-9348-bf8f0b3b4ccd,6,win a patent,获得专利,
812eb64d-1b4d-4f3e-9ca1-33b04690b085,68fbc919-73ca-46b5-bb71-077ef16ec01c,1,a comprehensive strategy,全面战略,
812eb64d-1b4d-4f3e-9ca1-33b04690b085,9d1bb9e6-753b-4a2b-b9f4-73d47717a6a7,2,a marketing strategy,营销策略,
812eb64d-1b4d-4f3e-9ca1-33b04690b085,1d25c262-0178-48c0-ae43-7b63af7989be,3,a question of strategy,策划问题,
812eb64d-1b4d-4f3e-9ca1-33b04690b085,ac79bf5a-b30a-4e91-b47a-251eed89ad49,4,a strategy to do sth.,做某事的策略,
812eb64d-1b4d-4f3e-9ca1-33b04690b085,9d6d37d4-e6af-451c-8b6a-cb1cba4483b2,5,an allocation strategy,分配计划,
812eb64d-1b4d-4f3e-9ca1-33b04690b085,6d5ca713-60aa-442e-8810-73e26d039241,6,basic principles of strategy,战略的基本原则,
364f700b-8f08-42c4-b53b-bbe0c60c2447,04efe9c3-9bf4-4f63-96ff-460fdbc73123,1,complex plots,复杂的故事情节,
364f700b-8f08-42c4-b53b-bbe0c60c2447,1e4250e6-8733-4d00-b8a3-9fccb8c887f3,2,in terms of plot,就情节而言,
364f700b-8f08-42c4-b53b-bbe0c60c2447,acc3ba42-7da4-4818-b21c-c86feba6d4b5,3,plot a coup,密谋政变,
364f700b-8f08-42c4-b53b-bbe0c60c2447,b3a2bff6-5a3c-4f51-9384-758035c4985c,4,plot against sb.,密谋反对某人,
3681282d-7bc2-4e97-b350-ea82ddab451b,8c872e48-6735-4475-88bf-077c1d5cf45a,1,explore a career path,探索职业道路,
3681282d-7bc2-4e97-b350-ea82ddab451b,767b95d9-f4c0-4344-96fb-54a1a768091b,2,explore sp. on foot,徒步勘探某地,
3681282d-7bc2-4e97-b350-ea82ddab451b,2a8b8a6d-9ad0-4cff-841e-9a349a7f9ab5,3,explore the reason for...,探究……的原因,
ae62023b-1f3c-4b06-94fc-d9f029db2da7,f3e770bf-c2da-4ccd-9c90-6553bf43f153,1,establish a community,建立社区,
ae62023b-1f3c-4b06-94fc-d9f029db2da7,37b77391-7bf7-4315-a25e-7af67b9f7d78,2,establish a relationship,建立关系,
ae62023b-1f3c-4b06-94fc-d9f029db2da7,dbf7c305-5bf1-41ef-876a-003dbcfedd10,3,establish a rule,建立规则,
9f75bc6d-6f83-434f-ab1c-390e187369e6,72b97519-bcb8-49f3-9e68-0c7c3e4bfa15,1,a minimum investment,最低投资额,
9f75bc6d-6f83-434f-ab1c-390e187369e6,dfd5c9cd-5370-4d01-8840-24bb63b39afb,2,buy sth. as an investment,购买某物作为投资,
9f75bc6d-6f83-434f-ab1c-390e187369e6,dca04866-3635-4d8e-b5d0-99714de7acc4,3,enormous investment,巨额投资,
9f75bc6d-6f83-434f-ab1c-390e187369e6,ad258d62-bde0-41f2-8864-fa85f8764fa4,4,investment risk,投资风险,
9f75bc6d-6f83-434f-ab1c-390e187369e6,f71f10a1-1f2e-4488-9cac-c7291410d447,5,make investment in...,对……进行投资,
9f75bc6d-6f83-434f-ab1c-390e187369e6,560ec4b0-ee87-4801-940d-b9d68e2636b9,6,public investment,公共投资,
d5978bee-6237-4bd3-9c7e-752905c17c7a,dcd8e5ce-37e5-42e4-b9d8-f88d876562d9,1,a mass-market label,大众品牌,
d5978bee-6237-4bd3-9c7e-752905c17c7a,e86318b4-3bed-4aa0-b616-c75c9be04e67,2,label A as B,将 A 看作 B,
d5978bee-6237-4bd3-9c7e-752905c17c7a,73f5c045-87b8-4f23-a611-aa6b4d3800f4,3,label a book,给书贴标签,
698a7b81-e321-4535-9c8d-1081921f6345,67e6201e-799d-4e8c-b696-4c282adc5e04,1,a top priority,首务之急,
698a7b81-e321-4535-9c8d-1081921f6345,7c7fc23a-1212-4299-81e1-00b3ef335023,2,absolute priority,绝对优先权,
698a7b81-e321-4535-9c8d-1081921f6345,8bd0fe2f-6369-408c-b2c2-75f63cfd40ef,3,become a priority,成为头等要事,
698a7b81-e321-4535-9c8d-1081921f6345,9b348573-a1ca-4b71-a6a6-0dc3b0951fef,4,give priority to sth.,给予某事优先权,
698a7b81-e321-4535-9c8d-1081921f6345,809a6fdd-75bb-44dd-a65c-c1d6234294f1,5,make sth. a priority,将某事放在首位,
698a7b81-e321-4535-9c8d-1081921f6345,1397cc66-b685-4b78-8b54-0fdd8d5353aa,6,the priority over sth.,优先于某事,
0f0f31f0-4c45-43fb-abe7-16e1f0284d73,56795f7d-3918-4b01-acd6-cf63220e806a,1,shrink away from sb.,避开某人,
0f0f31f0-4c45-43fb-abe7-16e1f0284d73,8926de1e-f648-4db9-8b2b-d8cae7316429,2,shrink back,退缩,
0f0f31f0-4c45-43fb-abe7-16e1f0284d73,47410bfe-4ff7-40fc-b76c-cab3518bd11d,3,shrink rapidly,迅速收缩,
0f0f31f0-4c45-43fb-abe7-16e1f0284d73,6040e8e7-d33c-4166-9d62-7430cf100152,4,shrink the market,缩小市场,
1fb865ca-401f-4baf-8c63-1ba842adf679,1f43243a-d13b-412d-b6c2-e3284341e3f0,1,a vital part,重要部分,
1fb865ca-401f-4baf-8c63-1ba842adf679,c5aea54d-3f76-4083-ab2b-d97dfc1c162f,2,a vital sign,生命体征,
1fb865ca-401f-4baf-8c63-1ba842adf679,3f112394-c62a-4c96-8097-97576c983039,3,be vital for/to sth.,对某事很重要,
1fb865ca-401f-4baf-8c63-1ba842adf679,8bb75b73-1b54-4d5f-acbf-76959ff499ac,4,neglect a vital thing,忽视重要事物,
1fb865ca-401f-4baf-8c63-1ba842adf679,7c4a3854-d8d4-4add-919b-0817d9431df3,5,vital information,重要信息,
1fb865ca-401f-4baf-8c63-1ba842adf679,603c3f94-25c4-4f26-a801-4ce9e2cc1f88,6,vital modernization,至关重要的现代化,
8f536cc2-d638-4e9a-9c7a-416b920d6343,6887485c-ea9c-45a2-bf85-17975d6e3756,1,adapt A from B,根据 B 改写 A,
8f536cc2-d638-4e9a-9c7a-416b920d6343,bdabc82a-cc4b-4586-9d98-e950aac1adbc,2,adapt oneself to sth.,使自己适应某事,
8f536cc2-d638-4e9a-9c7a-416b920d6343,f61ce66f-4440-455b-ace8-7fd4b13d9153,3,adapt to sth.,适应某事,
8f536cc2-d638-4e9a-9c7a-416b920d6343,fa11345c-0ebd-44d4-bf8b-d9e2fc409482,4,be slow to adapt,慢慢适应,
780c935d-fffb-4b50-82cd-1e766b8aad85,2e40afda-8745-45ae-87ea-671ecf42e8dc,1,a relation to sth.,与某物的联系,
780c935d-fffb-4b50-82cd-1e766b8aad85,a643f0fc-d7b9-46e1-a423-26757797a011,2,interpersonal relations,人际关系,
780c935d-fffb-4b50-82cd-1e766b8aad85,4b16a56a-e503-4615-b80d-87db42c99353,3,timeless relation,永恒的联系,
2fc82019-f10d-4057-96d9-73c714c533f7,b3446b28-5cb8-477e-b41b-7760b8eafdc0,1,a democratic relationship,民主关系,
2fc82019-f10d-4057-96d9-73c714c533f7,fe9273c3-a0a0-4023-8d13-7c67f6417a89,2,a relationship with sb.,与某人的关系,
2fc82019-f10d-4057-96d9-73c714c533f7,db45bb9e-7a75-4a38-a59d-0c8c6d3f4190,3,interpersonal relationship,人际关系,
2fc82019-f10d-4057-96d9-73c714c533f7,503468d1-e2fa-409e-96eb-5d05f9f0feed,4,manage a relationship,处理关系,
1c43f716-e61a-4d51-a30e-3b2e6776a9a0,2b40b85c-0dd6-4ab4-b188-7d707c4d42e9,1,relate A to B,把 A 和 B 联系起来,
1c43f716-e61a-4d51-a30e-3b2e6776a9a0,c9bbb45d-b80a-4938-ae3a-d70fed85db8d,2,relate a joke,讲笑话,
1c43f716-e61a-4d51-a30e-3b2e6776a9a0,09fb93e9-2c25-4e68-8e9c-3a3ed6c31677,3,relate the fact,叙述实际情况,
bbf02b8b-5c57-4543-9bac-ab71eae3d3ab,8a2deecf-a0f7-4e25-b915-27baaa28f5f0,1,a relative lack of...,相对缺乏……,
bbf02b8b-5c57-4543-9bac-ab71eae3d3ab,af99883f-bc74-47fe-b076-846660f96155,2,a relative strength,相对优势,
bbf02b8b-5c57-4543-9bac-ab71eae3d3ab,5557a586-1854-42f7-9a03-1b42da6f7975,3,opposition of a relative,亲戚的反对,
c468e6c6-3c6f-46bf-a259-854199a07601,6610ddce-c04a-4d13-84a6-0345d4afb537,1,a 54-year-old resident,54岁的居民,
c468e6c6-3c6f-46bf-a259-854199a07601,3d3cdae1-e889-4fd8-be0b-c2370078387c,2,a resident in the community,社区居民,
c468e6c6-3c6f-46bf-a259-854199a07601,f50e0922-2691-47ce-9e9f-91125bdcf809,3,a resident of sp.,某地的居民,
c468e6c6-3c6f-46bf-a259-854199a07601,2a55f590-506c-4d5a-bff1-b08f3f1d71bc,4,an urban resident,城市居民,
c468e6c6-3c6f-46bf-a259-854199a07601,a9e25c44-9e3c-452f-9d66-554b5a7d8eeb,5,be resident abroad,常驻国外,
aca26edc-6503-4515-ab2b-efa9f707c0aa,c356d7ef-67a1-44e8-a622-ea997579896e,1,a realistic alternative,切合实际的选择,
aca26edc-6503-4515-ab2b-efa9f707c0aa,a459c3a7-d09c-4a47-80b3-4deb6733a3eb,2,alternative energy,可替代能源,
aca26edc-6503-4515-ab2b-efa9f707c0aa,25afa8f4-e301-46e2-a20e-a757e48d1b73,3,an alternative form,其他形式,
aca26edc-6503-4515-ab2b-efa9f707c0aa,a2a7c204-9f02-492f-ac49-f7086d175ac1,4,an alternative lifestyle,非传统生活方式,
98b3bce3-b09e-4ec7-be45-b9d791f6bfaa,29995077-3be2-47ce-b320-3ea7f0023c0f,1,a capable manager,称职的经理,
98b3bce3-b09e-4ec7-be45-b9d791f6bfaa,1ce1334e-abe3-43cc-ae92-3a4fac367dd0,2,a capable speaker,善于言辞的人,
98b3bce3-b09e-4ec7-be45-b9d791f6bfaa,4aef3762-1fb7-463c-88c2-ca0b1c167a53,3,be capable (of doing) sth.,有能力做某事,
98b3bce3-b09e-4ec7-be45-b9d791f6bfaa,c719ea71-b6d1-49f6-a5c4-7a05b7ff63b9,4,capable hands,高手,
d6797e95-71a8-4431-abe9-4b06de8fb9b4,96882f44-fbca-4065-8fff-afc55fd90409,1,begin with transport,从运输开始,
d6797e95-71a8-4431-abe9-4b06de8fb9b4,0abccf2a-1b92-48c2-90f9-99854564d0e8,2,public transport,公共交通工具,
d6797e95-71a8-4431-abe9-4b06de8fb9b4,ca5db355-6db8-49ee-bbb1-9e6313aec732,3,transport goods,运送货物,
d6797e95-71a8-4431-abe9-4b06de8fb9b4,df1bbeb9-a79e-442e-9e1a-570d04d20978,4,transport service,运输服务,
9e9e4729-b04c-404e-adc0-3efa83af80ba,acbc9066-c14f-474c-9196-2c183fd711ef,1,be required for sth.,是某物所需的,
9e9e4729-b04c-404e-adc0-3efa83af80ba,0f964d1f-9a05-4258-b3d8-354ed8cb968f,2,be required of sth.,被要求做某事,
9e9e4729-b04c-404e-adc0-3efa83af80ba,6acd5b7b-a570-45cc-b389-b32785ac26f6,3,require approval,需要批准,
7083dab8-0219-4491-8d26-cb7c857d5618,12fbf504-9ea5-407d-ae0d-26187c7d3188,1,a principal requirement,主要条件,
7083dab8-0219-4491-8d26-cb7c857d5618,e7267998-2c70-4b88-95d1-8969b6ef7b9c,2,a requirement for...,……的必要条件,
7083dab8-0219-4491-8d26-cb7c857d5618,98887e26-5f8b-4f35-81b0-ea16d47e1ab0,3,a requirement of...,……的要求,
7083dab8-0219-4491-8d26-cb7c857d5618,401e076f-5e2a-4e08-9a15-a26dd2f88700,4,an educational requirement,学历要求,
3832d631-fd51-49ff-91eb-d35adcb37015,533f4a99-0d32-449b-a33e-1f472d00d250,1,be inconceivable to imagine,很难想象,
3832d631-fd51-49ff-91eb-d35adcb37015,131c792a-4f65-4b6e-91af-3b397f2142f2,2,begin to imagine,开始想象,
3832d631-fd51-49ff-91eb-d35adcb37015,488782e2-0720-43ad-90b1-654a62c19f5f,3,imagine A as B,把A想象成B,
3832d631-fd51-49ff-91eb-d35adcb37015,a305da90-bb8f-4de9-a831-c0e6c78d75c3,4,imagine sb. doing sth.,想象某人做某事,
3832d631-fd51-49ff-91eb-d35adcb37015,9b322570-3798-4e2f-bbae-48415f08a33b,5,imagine sb. with sth.,想象某人有某物,
3832d631-fd51-49ff-91eb-d35adcb37015,bb7e0f1f-c011-4880-9b24-62d631ac9f60,6,imagine the future,想象未来,
2ff05da1-5c53-4696-a1a5-c834dea99ff7,8aeb3d53-986e-4877-ad27-f523193e7267,1,a software program,软件程序,
2ff05da1-5c53-4696-a1a5-c834dea99ff7,ccb87f53-c321-444a-b0b8-b2ac66b1abea,2,application software,应用软件,
2ff05da1-5c53-4696-a1a5-c834dea99ff7,2e52a69a-67a3-46c3-a19a-f6e7307ff19a,3,computer software,计算机软件,
2ff05da1-5c53-4696-a1a5-c834dea99ff7,c62f0251-2193-4047-9415-720c6a6ece4b,4,install a piece of software,安装一个软件,
ba597fa2-2c91-4735-9aa1-9831c5560854,ae51dccb-98ad-4d29-8355-70b9798391f6,1,actually aware,深切地意识到,
ba597fa2-2c91-4735-9aa1-9831c5560854,a88b45e2-f023-479d-8fc2-247d61d26142,2,be aware of sth.,意识到某事,
ba597fa2-2c91-4735-9aa1-9831c5560854,c92c0596-afd0-47d9-aa63-2471ac89a81d,3,make sb. aware of ...,使某人知道……,
ba597fa2-2c91-4735-9aa1-9831c5560854,bd0af2dc-4b02-4fff-99dc-40d574d4fb09,4,stay aware of sth.,意识到某事,
83f7945b-8370-43fc-894a-e663ef32197d,ddd23e41-9b38-4e6e-9b3f-db6560284d93,1,fascinate a reader,吸引读者,
83f7945b-8370-43fc-894a-e663ef32197d,59e53159-1b13-43af-9ef6-74941334e8a9,2,fascinate sb. with sth.,用某物吸引某人,
83f7945b-8370-43fc-894a-e663ef32197d,9add8f7f-c626-4e89-98ae-893a36977331,3,never fail to fascinate,一直令人着迷,
83f7945b-8370-43fc-894a-e663ef32197d,481530e4-bfaa-407e-a66d-77c79188cf99,4,the power to fascinate sb.,迷人的力量,
8cd8114c-7309-4950-b28f-aa31e1c1dc83,72d31332-2142-4b9c-981f-f6c3781a451e,1,a newborn infant,新生婴儿,
8cd8114c-7309-4950-b28f-aa31e1c1dc83,2d3d37a2-0006-42ea-9c73-159af82f101d,2,an infant industry,新兴工业,
8cd8114c-7309-4950-b28f-aa31e1c1dc83,892b9f3a-a049-4e9f-837d-9168a343b831,3,care for an infant,照顾婴儿,
8cd8114c-7309-4950-b28f-aa31e1c1dc83,f0b9b00d-c0d6-4b10-a0c1-109f840bb7d6,4,infant wear,婴儿装,
5eba67eb-2548-489c-bc71-3c23a3d3add1,9ef469c5-a7e7-4279-82ff-d96698cfcb75,1,a regular at the pub,酒吧的常客,
5eba67eb-2548-489c-bc71-3c23a3d3add1,85d8c838-3278-49ee-8125-9ea20f8496ad,2,a regular meeting,例行会议,
5eba67eb-2548-489c-bc71-3c23a3d3add1,c2b79120-c9d6-46b2-9397-4ca28731a18f,3,get a regular job,找一份普通工作,
5eba67eb-2548-489c-bc71-3c23a3d3add1,0490e7cc-dce9-4e7d-9ba0-06cd7cc9b341,4,regular discussions,频繁的讨论,
5eba67eb-2548-489c-bc71-3c23a3d3add1,03be9999-7b1d-4c8a-b953-539b6dd205f5,5,regular times,规律的时间,
e1651922-bc4e-427e-b1f5-2f19103fa44a,aef77d8d-c10b-415e-ad05-6ab572bbd9c0,1,federal regulations,联邦法规,
e1651922-bc4e-427e-b1f5-2f19103fa44a,a06c2c16-2feb-4bd1-84fe-f552005a011c,2,government regulation,政府管理,
e1651922-bc4e-427e-b1f5-2f19103fa44a,15dae671-f895-4132-b810-8588c919d8cc,3,public health regulations,公众健康规定,
671b4241-bcfa-4f4f-ad47-6c21fe4ffac3,2ea1d602-e47d-4ed4-bc28-9c7e8436b32f,1,an exchange of goods,商品交换,
671b4241-bcfa-4f4f-ad47-6c21fe4ffac3,d9f1ba2a-729a-4c86-ad61-af660b40794c,2,exchange cards,交换贺卡,
671b4241-bcfa-4f4f-ad47-6c21fe4ffac3,c8144dea-18cd-4750-a1c2-a8290322d296,3,exchange currency,兑换货币,
671b4241-bcfa-4f4f-ad47-6c21fe4ffac3,fef5e9c9-5fe3-4b22-a7f6-0c0bbe4ac333,4,exchange views,交流意见,
671b4241-bcfa-4f4f-ad47-6c21fe4ffac3,b115c731-2077-488e-b1ae-3540e698a6be,5,in exchange for sth.,交换某物,
671b4241-bcfa-4f4f-ad47-6c21fe4ffac3,991bc4e6-5189-4245-99ff-4c40a9c2247b,6,the stock exchange,证券交易所,
ef2c24d2-0f74-4971-ba61-3ba42ca0cb13,c094f9db-7e19-4ac1-8b45-c166b46272c0,1,English translation,英译本,
ef2c24d2-0f74-4971-ba61-3ba42ca0cb13,c43342d8-f595-49c5-b098-6aa1bb4110b7,2,a rough translation,粗略的译文,
ef2c24d2-0f74-4971-ba61-3ba42ca0cb13,b99e259a-cde4-4370-8a1f-a2137daa55f7,3,a translation tool,翻译工具,
ef2c24d2-0f74-4971-ba61-3ba42ca0cb13,cb77fcdd-08de-4509-aea0-e95b701e8145,4,an error in translation,误译,
d9f782f5-001a-4ab8-91e7-54393f163168,2c0219b6-ad5e-43eb-bfc2-ed6446c5ffe8,1,assess analytical skills,评定分析能力,
d9f782f5-001a-4ab8-91e7-54393f163168,fbb0822b-642a-4598-9f89-3a90e122de96,2,assess feasibility,评估可行性,
d9f782f5-001a-4ab8-91e7-54393f163168,7efdd517-c0f5-4de5-b26f-9d630b2a48ea,3,assess one's competence,评估某人的能力,
d9f782f5-001a-4ab8-91e7-54393f163168,69280052-7737-4b25-98e2-894e893586b5,4,assess one's strength,评估某人的实力,
d9f782f5-001a-4ab8-91e7-54393f163168,1de3c9aa-d438-4438-b45e-af6707f0297c,5,assess the achievement,评估成就,
d9f782f5-001a-4ab8-91e7-54393f163168,a4ba4730-b743-4a7e-930d-65063761b83e,6,assess the number,估算数量,
46977c12-6e88-44d1-ba8d-7698dc22ef03,13a2027b-84aa-41a1-a110-cde0d1cdc8d1,1,acquire a helicopter,购买直升机,
46977c12-6e88-44d1-ba8d-7698dc22ef03,c187723a-4708-4366-bf30-22ef5afe9ed1,2,acquire a sense of commitment,培养责任感,
46977c12-6e88-44d1-ba8d-7698dc22ef03,e921c22e-e35f-4aec-9425-5b758b1c3207,3,acquire a skill,习得技能,
46977c12-6e88-44d1-ba8d-7698dc22ef03,3158f658-b151-4445-aa24-4a45e6300b0b,4,acquire a taste for...,养成……的爱好,
46977c12-6e88-44d1-ba8d-7698dc22ef03,0cc246eb-bd38-4931-a483-7f73784f7db4,5,acquire messaging service,获取消息服务,
46977c12-6e88-44d1-ba8d-7698dc22ef03,090b58f9-2e4d-48ff-8edb-64fc4be55655,6,be hard to acquire sth.,难以获得某物,
03ee27cc-1064-48e0-be81-4694fbf464f1,c11e9b5b-9c89-492b-906c-a84b2140c7f5,1,a stock acquisition,股票收购,
03ee27cc-1064-48e0-be81-4694fbf464f1,a56df93d-780d-4f55-9b0d-776faa671882,2,complete acquisition,完成收购,
03ee27cc-1064-48e0-be81-4694fbf464f1,0a5d283b-425a-4b07-b121-12fcb916a397,3,display an acquisition,展示购得物,
03ee27cc-1064-48e0-be81-4694fbf464f1,b10fe62c-435a-4248-87e5-970001955186,4,the acquisition of sth.,获得某物,
4b115dfc-03d5-4647-8817-3ec5e8bb9950,3825ef71-3106-45da-8299-1b2ba0efbf5e,1,be transformed by...,被……改变,
4b115dfc-03d5-4647-8817-3ec5e8bb9950,69cd87a2-5aa7-4452-8b16-eeb3b0648da0,2,transform A into B,使 A 变为 B,
4b115dfc-03d5-4647-8817-3ec5e8bb9950,b410caca-2e99-4b89-80f8-8fc485cecaf1,3,transform economics,改变经济情况,
4b115dfc-03d5-4647-8817-3ec5e8bb9950,f7ec33bf-93af-4bf6-8f00-9df4b4a7ae27,4,transform one’s life,改变某人的生活,
4b115dfc-03d5-4647-8817-3ec5e8bb9950,5449d3ba-88ae-41c3-b9a8-7a28d40f939e,5,transform one’s status,转换某人的身份,
4b115dfc-03d5-4647-8817-3ec5e8bb9950,4b1d2e06-96af-445b-92ca-e17bec997b8e,6,transform the system,转换系统,
1f9c1962-ba8e-4a02-aa9c-2a387e971eff,fb50554c-b1bb-4c8e-9abf-3035bf9cb055,1,a crucial phase,关键时期,
1f9c1962-ba8e-4a02-aa9c-2a387e971eff,19898663-05bd-4522-acf5-f5044e22e98d,2,a significant phase,重要阶段,
1f9c1962-ba8e-4a02-aa9c-2a387e971eff,59a18fed-9fbb-4348-8cb4-aecbd66c045c,3,phase sth. out,逐步废除某物,
4ceeaab0-2be3-41f3-89b2-d9dad58622f3,ae8ae733-4e1b-4455-9feb-1013ca152b4f,1,emphasize analytic skills,重视分析技能,
4ceeaab0-2be3-41f3-89b2-d9dad58622f3,c7a90494-9677-4a3c-a8dc-4e0d0b7a3db0,2,emphasize the diversity,重视多样性,
4ceeaab0-2be3-41f3-89b2-d9dad58622f3,67c72bc3-3aa7-43d3-a024-380c4d3b4962,3,emphasize the importance,强调重要性,
4ceeaab0-2be3-41f3-89b2-d9dad58622f3,45f85fef-016d-457b-bf22-2bd69f47affa,4,emphasize the uniqueness,强调独特性,
4ceeaab0-2be3-41f3-89b2-d9dad58622f3,4089bf62-7b54-4ed8-b12a-e1db22e7adfa,5,tend to emphasize sth.,倾向于强调某事,
62728e79-e6f6-47c9-931e-122821db78fa,1a6f39c3-2f6e-4b56-829c-c4df65504c4f,1,a shift of emphasis,重点的转移,
62728e79-e6f6-47c9-931e-122821db78fa,ad6022bd-a70b-4d50-a18d-7a80cd90ddb3,2,an increasing emphasis on sth.,日益强调某事,
62728e79-e6f6-47c9-931e-122821db78fa,472ea202-6644-4122-843d-0db8448c9793,3,different emphases,不同的侧重点,
62728e79-e6f6-47c9-931e-122821db78fa,37e32e26-afd3-401b-a581-d949b07da27e,4,excessive emphasis,过分强调,
62728e79-e6f6-47c9-931e-122821db78fa,e983dc54-c3d4-4da2-a4db-144e1d6e546d,5,place emphasis on sth.,重视某事,
62728e79-e6f6-47c9-931e-122821db78fa,efaff23e-700a-4118-b9c5-1d649e2c1dee,6,require an emphasis on sth.,需要重视某事,
d983ccf1-b77c-4266-b2db-4f957ae7b323,9750451b-8f64-47a7-992b-b03c682962c9,1,a diplomatic mission,外交使命,
d983ccf1-b77c-4266-b2db-4f957ae7b323,287d9066-670d-4255-8ec5-3aca63b51cf7,2,a mission to do sth.,做某事的使命,
d983ccf1-b77c-4266-b2db-4f957ae7b323,855e9320-e3fd-4561-9292-efd7d30714d0,3,a sense of mission,使命感,
d983ccf1-b77c-4266-b2db-4f957ae7b323,9f9d48f5-5ec1-42e6-8b30-01f779a19465,4,a two-week mission,为期两周的任务,
d983ccf1-b77c-4266-b2db-4f957ae7b323,6df7b278-3938-4ea6-897a-92b48015e315,5,during one’s mission,在某人的任务中,
d983ccf1-b77c-4266-b2db-4f957ae7b323,3c5f191f-269d-4d49-8fcf-ee8fbe2d043e,6,send sb. on a mission,派某人执行任务,
ec4eb4b0-4baf-458b-90f5-7a322476129b,20b7c287-4fcc-4b97-a723-979faea317ae,1,a normal reaction,正常的反应,
ec4eb4b0-4baf-458b-90f5-7a322476129b,e32b27df-1573-4969-bd7b-4dc4d9f40f55,2,be regarded as normal,被视为正常,
ec4eb4b0-4baf-458b-90f5-7a322476129b,3503accc-4737-49d0-8215-a682f85bc1e1,3,perfectly normal people,完全正常的人,
0cb98fce-79d9-423b-a0ca-1563eeae8563,28baa434-a8aa-4735-96e9-52a8b1aea352,1,a departure from the norm,一反常态,
0cb98fce-79d9-423b-a0ca-1563eeae8563,9f038631-b3cb-4e91-b63f-4dbf55406749,2,an international norm,国际标准,
0cb98fce-79d9-423b-a0ca-1563eeae8563,2489be68-b78e-44e3-82bc-799c865af28d,3,moral norms,道德规范,
0cb98fce-79d9-423b-a0ca-1563eeae8563,04a79c99-dd71-458c-9107-c52c9a3d2cfa,4,social norms,社会规范,
0cb98fce-79d9-423b-a0ca-1563eeae8563,ef39acf1-5924-42f7-908c-a9e2166cd4d2,5,the norms of culture,文化规范,
0cb98fce-79d9-423b-a0ca-1563eeae8563,e6883927-8224-435a-b4d2-b541c39ef2af,6,violate a norm,违反标准,
78364e25-3eaf-4978-bbcc-ec12eb570772,ab6ad37f-bfe4-4b06-aaee-5a170223bc90,1,acknowledge one's help,感谢某人的帮助,
78364e25-3eaf-4978-bbcc-ec12eb570772,e766d47e-8000-40a8-8385-459cace19918,2,acknowledge receipt of...,确认收到……,
78364e25-3eaf-4978-bbcc-ec12eb570772,4aea8af6-526f-4d29-bcc9-27f8b41b7dc0,3,be acknowledged by sb.,被某人承认,
c2abfa31-193a-4d8b-8ffa-6eda9c21936c,9eee096b-1635-4b04-879a-6cdd3fc889c4,1,no longer obtain,不复存在,
c2abfa31-193a-4d8b-8ffa-6eda9c21936c,7a635c4a-80a1-4b07-b9bc-207711479375,2,obtain an image,获得图像,
c2abfa31-193a-4d8b-8ffa-6eda9c21936c,750c47d5-df2f-44c4-afcf-9a78961357aa,3,obtain financial support,得到财政支持,
c2abfa31-193a-4d8b-8ffa-6eda9c21936c,70150687-6020-4401-aedb-b088bff7509a,4,obtain protection from...,从……获得保护,
c2abfa31-193a-4d8b-8ffa-6eda9c21936c,8825f917-628d-4137-b597-19a1513cf8a3,5,obtain satisfaction,获得满足感,
c2abfa31-193a-4d8b-8ffa-6eda9c21936c,e949cfae-5b2a-471f-8ba4-34583cd09316,6,obtain sth. from sb.,从某人那里获取某物,
558b68e1-0694-4ad3-aa5c-bd2075b9d665,dab0639a-9ec6-48f0-b5c8-9ab915aed3e7,1,a conference with sb.,与某人的会议,
558b68e1-0694-4ad3-aa5c-bd2075b9d665,99fad3fb-0c40-4b1d-be79-42d4e5525708,2,attend a conference,出席会议,
66dd956c-3737-49b7-a4ed-54e50a44bcdb,c0987e92-61de-4089-8eeb-04c387c9e864,1,a preferable method,更好的方法,
66dd956c-3737-49b7-a4ed-54e50a44bcdb,1d85ca11-26d8-4574-9ea5-095e39d83c46,2,be preferable for sb.,对某人来说更可取,
66dd956c-3737-49b7-a4ed-54e50a44bcdb,0c727bd7-6d8c-4f69-8b80-354d64a8de0f,3,be preferable to...,比……更好,
66dd956c-3737-49b7-a4ed-54e50a44bcdb,80e73f11-9fcd-4ffd-a768-e87d851d2c28,4,preferable treatment,更合心意的待遇,
12871f73-f477-46e9-82c2-787f796e63e5,4a7fa2fd-4a9b-4905-82b2-eb4ce21120fc,1,a growing preference,日益增长的偏好,
12871f73-f477-46e9-82c2-787f796e63e5,10c3062b-cef3-4a6b-8340-db6803d77b35,2,a particular preference,特别的偏好,
12871f73-f477-46e9-82c2-787f796e63e5,bc25ddc7-9543-4583-8f38-2d929f1f4a3f,3,a political preference,政治倾向,
2c4c7d33-affe-4459-8f71-ba3315c0ec69,42ce57f5-5052-4946-b3e9-955ee7b9cc0a,1,numerous advantages,众多优势,
2c4c7d33-affe-4459-8f71-ba3315c0ec69,ef8087df-fbc2-43d1-8c0e-2cbb06df692d,2,numerous factors,很多因素,
2c4c7d33-affe-4459-8f71-ba3315c0ec69,9d65c69a-5948-46c6-ae92-b68935caa472,3,numerous options,许多选择,
2c4c7d33-affe-4459-8f71-ba3315c0ec69,f859e1af-e176-4620-9d8a-cee217884a33,4,too numerous to mention,不胜枚举,
c6b8f710-0b0c-4c42-971e-d831845e2634,4b04e43a-394f-4f6b-924b-7a5186934d91,1,a routine inspection,例行检查,
c6b8f710-0b0c-4c42-971e-d831845e2634,26c5a8dd-ab4f-4f4f-8085-70025610b2d4,2,an exercise routine,常规锻炼,
c6b8f710-0b0c-4c42-971e-d831845e2634,db9bf96c-16bf-4b0e-98a1-cb19833f6284,3,family routine,家庭惯例,
c6b8f710-0b0c-4c42-971e-d831845e2634,aa30ca8d-c8ec-40c9-b54f-179ae02fc755,4,routine matters,日常事务,
c6b8f710-0b0c-4c42-971e-d831845e2634,c1cb56fd-f597-4a66-9be6-495835f986a0,5,the publication routine,出版惯例,
771d7080-bacf-4ed2-a102-c7071c2726ae,977c124e-6e6c-4774-bae3-a65fd1726f02,1,combine A and B,使 A 和 B 结合,
771d7080-bacf-4ed2-a102-c7071c2726ae,58625189-9bbe-4351-83ff-bd01f357539c,2,combine against sb.,联手对付某人,
771d7080-bacf-4ed2-a102-c7071c2726ae,8f8a407f-d43e-46ee-85b6-884eb25d1e4b,3,combine efforts to do sth.,联合做某事,
771d7080-bacf-4ed2-a102-c7071c2726ae,df131c78-a2cc-4159-8ddf-ea8d4cd63db4,4,successfully combine,成功地结合,
391cf247-cd60-4360-9699-c48f93b9fae0,c64824b7-9162-475e-b2a6-45ccde83d835,1,tackle a practical issue,解决实际问题,
391cf247-cd60-4360-9699-c48f93b9fae0,48624b82-3888-4cce-905e-cd1b82cf91c2,2,tackle a problem,处理问题,
391cf247-cd60-4360-9699-c48f93b9fae0,cea37dcd-f711-4970-a327-addd07e0adb8,3,tackle an intruder,抓获入侵者,
391cf247-cd60-4360-9699-c48f93b9fae0,5818c0a8-d87c-4610-8120-eace39af472b,4,tackle sb. about sth.,就某事与某人交涉,
1691bca8-f82c-4565-bf22-4c5d950e456d,e412c217-d416-4304-9278-35adfc05e5a0,1,a close association with...,与……关系密切,
1691bca8-f82c-4565-bf22-4c5d950e456d,c74369ee-fdcd-41e1-9420-ec9d81e726b9,2,a professional association,专业协会,
1691bca8-f82c-4565-bf22-4c5d950e456d,fd95dc9c-5b1b-4400-9785-c2e0e4947c4c,3,a sports association,体育协会,
1691bca8-f82c-4565-bf22-4c5d950e456d,b1df67eb-2b0d-4af6-a226-b994a4f3bd95,4,human association,人际交往,
1691bca8-f82c-4565-bf22-4c5d950e456d,85420822-4369-4279-af4a-5e82fda5be27,5,pleasant associations,愉快的联想,
1691bca8-f82c-4565-bf22-4c5d950e456d,9d660091-64e0-4a54-bc39-2c3de11f1a08,6,the Football Association,足球协会,
f387947d-55af-4a6c-8919-9cdd0348c47d,f060aaad-7144-4689-b4a0-2568954eb7c0,1,collaborate in doing sth.,合作做某事,
f387947d-55af-4a6c-8919-9cdd0348c47d,b633d2b1-e004-4aee-8597-9810744ddaf5,2,collaborate on a project,合作项目,
f387947d-55af-4a6c-8919-9cdd0348c47d,306574fa-7e1b-4364-8510-33150d99f49e,3,collaborate to do sth.,合作做某事,
f387947d-55af-4a6c-8919-9cdd0348c47d,70b1fafa-9305-41a2-98b0-e24fb3ac7226,4,collaborate with sb.,通敌,
0af007ef-0560-45f4-9fb0-d51912c7bbbf,1cd42404-0336-4bd2-810d-89fe1030f344,1,anticipate an accident,预见事故,
0af007ef-0560-45f4-9fb0-d51912c7bbbf,c1fc9d5e-f1c2-47f0-b8dd-f636a7395b70,2,anticipate doing sth.,预料做某事,
0af007ef-0560-45f4-9fb0-d51912c7bbbf,70b6b42d-3d7d-4373-8611-6b43d78bd035,3,anticipate the result,预料结果,
d9ac0762-1173-49bd-8c20-03e79c322798,3223f8cc-2483-4c02-b360-cda9a04d7986,1,a basic component,基本成分,
d9ac0762-1173-49bd-8c20-03e79c322798,d63b48b9-dde7-4eb1-a89e-aeedb890c08e,2,a component of a machine,机器部件,
d9ac0762-1173-49bd-8c20-03e79c322798,48b56215-7c8f-48fd-ad7f-84704a498ccc,3,a component of sth.,某物的成分,
d9ac0762-1173-49bd-8c20-03e79c322798,b0db93df-b643-476d-8aa4-b7c4099fbf3c,4,a fastest growing component,增长最快的部分,
d9ac0762-1173-49bd-8c20-03e79c322798,fbe7af72-579c-4a11-a56f-a1f59d80566e,5,a reading component,阅读部分,
d9ac0762-1173-49bd-8c20-03e79c322798,5bec1590-0dae-4c7b-9d40-a31cb9f88cec,6,make components for sth.,制造某物的零件,
2bbdc457-fd84-4f36-9280-21793eace5b7,419ca8f1-807c-4306-b2f6-02cb74b8575f,1,assign responsibilities,分配职责,
2bbdc457-fd84-4f36-9280-21793eace5b7,e7585933-f3e4-4b2e-ad7b-e81a087aff4c,2,assign sb. a task,给某人分配任务,
2bbdc457-fd84-4f36-9280-21793eace5b7,1dd15248-d3d3-4cd3-a7c1-8f4c241d35b0,3,be assigned to...,被分配给......,
3a2b7741-bd52-4264-9dda-adc119fae7bc,c886d97e-3fad-43e1-afca-c76cdd250fb5,1,a tough assignment,艰巨的任务,
3a2b7741-bd52-4264-9dda-adc119fae7bc,148dc966-cfe7-4c0e-a48f-9628050381fb,2,eliminate assignments,取消作业,
3a2b7741-bd52-4264-9dda-adc119fae7bc,4ededf58-4784-4e9b-a70b-e9b087ada97a,3,on assignment,执行任务,
3a2b7741-bd52-4264-9dda-adc119fae7bc,fe08cb3e-039d-4b6d-81cc-5769da38cbd6,4,the assignment of…,对……的分配,
da56a481-7a5f-424e-8276-4f444a9b3e19,a3433612-9d24-4f0f-9e08-1972ccb21e3f,1,advice on discipline,训练建议,
da56a481-7a5f-424e-8276-4f444a9b3e19,64e829a3-519f-450c-8880-dbc59f8165b7,2,discipline one’s child,管教孩子,
da56a481-7a5f-424e-8276-4f444a9b3e19,3a120019-a7cf-4459-8ccb-ead78c1c7a2e,3,discipline the workforce,训练劳动力,
da56a481-7a5f-424e-8276-4f444a9b3e19,6b4e27b9-8907-4db5-a64f-641f6ae00242,4,keep good discipline,严格执行纪律,
140b2d2c-cf43-4bf1-99ad-33665831d89b,1f3bddca-af79-43fd-a4a3-1f646ecc7a09,1,eliminate A from B,将 A 从 B 中排除,
140b2d2c-cf43-4bf1-99ad-33665831d89b,bab18b6a-ab7d-46ad-9626-2be64759be05,2,eliminate a team,淘汰队伍,
140b2d2c-cf43-4bf1-99ad-33665831d89b,bbbbd1f8-acd9-4550-9e25-8ea01769aec2,3,eliminate an effect,消除影响,
140b2d2c-cf43-4bf1-99ad-33665831d89b,806e1e41-f863-40d7-9248-3f38deb3a3ca,4,eliminate distractions,消除干扰,
140b2d2c-cf43-4bf1-99ad-33665831d89b,51895891-74d8-4338-b07c-25870f9c9f4f,5,eliminate poverty,消除贫困,
140b2d2c-cf43-4bf1-99ad-33665831d89b,620d991c-22a6-4dd3-b262-6075115ac36d,6,eliminate toxins,排除毒素,
ee979132-30b4-4a1d-aec8-b3ce2d5fcff5,8f184543-9ac5-4175-9a85-c6354407b50a,1,a federal judge,联邦法官,
ee979132-30b4-4a1d-aec8-b3ce2d5fcff5,4ee8be82-05b4-45bb-9528-51721975d01e,2,a group of judges,审判团,
ee979132-30b4-4a1d-aec8-b3ce2d5fcff5,a46369f0-8314-432c-9891-968e7500e882,3,an incorruptible judge,廉洁的法官,
ee979132-30b4-4a1d-aec8-b3ce2d5fcff5,44c99db4-b25a-44f1-a2a0-934acdcecadd,4,judge a case,审判案件,
ee979132-30b4-4a1d-aec8-b3ce2d5fcff5,3fc35a1c-e927-4f2a-8fee-f2003bb9faed,5,judge by...,通过……来判断,
ee979132-30b4-4a1d-aec8-b3ce2d5fcff5,2ee63c8a-2835-4062-82d7-19be97a5281b,6,judge the situation,判断形势,
5d25fe2d-cf02-4c3e-9c63-529388e3d27d,b5bcc59c-2818-4a75-a518-2c6b0f94c883,1,a sense of justice,正义感,
5d25fe2d-cf02-4c3e-9c63-529388e3d27d,3afcb639-b817-4edb-bc5c-1565c81f78f0,2,demand justice,寻求公正,
5d25fe2d-cf02-4c3e-9c63-529388e3d27d,dc19eede-fd0b-410c-9222-1cb3cfa4989e,3,social justice,社会公正,
5d25fe2d-cf02-4c3e-9c63-529388e3d27d,6e984795-adad-4e71-aa11-845c58f67319,4,the Chief Justice,首席法官,
5d25fe2d-cf02-4c3e-9c63-529388e3d27d,272f8364-09f8-4f13-87e9-4aa2a4fcb19a,5,the Supreme Court justice,最高法院法官,
5d25fe2d-cf02-4c3e-9c63-529388e3d27d,86ee0fcd-972b-4c3e-8a3b-95429d9579a7,6,the criminal justice system,刑事司法体制,
bac2b77e-1302-48e8-92c4-6f83ebe1e568,c4febb8e-f9c3-4f2d-b350-323bc3226706,1,justify an assumption,证明假设正确,
bac2b77e-1302-48e8-92c4-6f83ebe1e568,fc64b3b9-d2df-4dc2-a74f-6210b1813308,2,justify doing sth.,证明做某事是正确的,
bac2b77e-1302-48e8-92c4-6f83ebe1e568,fcc4f3fe-991d-4956-9bce-494728321274,3,justify one's conduct,证明某人的行为正确,
bac2b77e-1302-48e8-92c4-6f83ebe1e568,483f65b9-e96a-4f01-94eb-2d6d27e264a4,4,justify one's effort,为某人的努力辩护,
bac2b77e-1302-48e8-92c4-6f83ebe1e568,e3e4b9e1-e996-4957-8d3a-ff04b43f8926,5,justify sth. to sb.,向某人辩解某事,
bac2b77e-1302-48e8-92c4-6f83ebe1e568,7b5a7d5a-d99e-4714-b442-29b577494aaf,6,justify text,对齐文本,
9f60e575-0b80-4e9c-ba66-25e4bd2e2075,38c0dc12-6d5c-45d1-b43f-3fb7eeef07fa,1,a political radical,政治激进分子,
9f60e575-0b80-4e9c-ba66-25e4bd2e2075,c766109a-e99c-465c-96e9-22c03ab03bbe,2,a radical approach,激进的方法,
9f60e575-0b80-4e9c-ba66-25e4bd2e2075,22550e5e-f425-4c82-9a5f-f232e68a19c0,3,a radical change,彻底的改变,
7f747f9e-b4ed-4995-8ebb-dd9a32afb36f,65b2c08b-80eb-4f6f-96a1-e5a57048b883,1,a common origin,共同的起源,
7f747f9e-b4ed-4995-8ebb-dd9a32afb36f,1634bee1-4e94-4ac0-999f-7c2ebd5e6cca,2,a humble origin,卑微的出身,
7f747f9e-b4ed-4995-8ebb-dd9a32afb36f,95187bc1-2cea-4f1a-860c-af3e77babc5f,3,in origin,源于……,
7f747f9e-b4ed-4995-8ebb-dd9a32afb36f,26b02dd0-87e0-4fe2-bbbd-cd423c527723,4,national origin,民族出身,
7f747f9e-b4ed-4995-8ebb-dd9a32afb36f,e563b695-80a3-4680-9b61-28d600968c53,5,people of mixed origin,混血儿,
7f747f9e-b4ed-4995-8ebb-dd9a32afb36f,08c0aa6c-d6c8-44a4-9ef5-68803c074e8d,6,uncover the origin of sth.,揭开某物的起源,
9c362c65-5a6f-4d39-aef4-0d4360e42f99,f826394b-7d8e-47c8-955f-4841d7ef98d4,1,an original message,初始信息,
9c362c65-5a6f-4d39-aef4-0d4360e42f99,9e58589e-2580-4369-954d-5f06c27338a7,2,an original purpose,初衷,
9c362c65-5a6f-4d39-aef4-0d4360e42f99,36251d95-749d-4ec8-80b0-d19473b38a76,3,have an original idea,有创见,
9c362c65-5a6f-4d39-aef4-0d4360e42f99,fd525d26-ae00-498e-98d2-0abe2d346c58,4,keep an original,保留原件,
2c71f5e4-4cf9-4874-bde6-62649883c7e3,38662ecc-157e-4776-9971-2595891f4a8d,1,a subjective factor,主观因素,
2c71f5e4-4cf9-4874-bde6-62649883c7e3,3645adc3-2854-4d5f-acd8-b5ff519a5345,2,a subjective judgment,主观判断,
2c71f5e4-4cf9-4874-bde6-62649883c7e3,05bdecaf-fa5e-482c-9fea-d64845ca5df9,3,a subjective point of view,主观看法,
d00e0e1d-8931-45f8-a494-994c332ac527,64549bbc-59b4-4743-ae79-d557d47dd298,1,be transmitted live,被现场播送,
d00e0e1d-8931-45f8-a494-994c332ac527,36e8da7b-c9f9-43d8-8ad7-97bd392dc35e,2,transmit a message,传送信息,
d00e0e1d-8931-45f8-a494-994c332ac527,c04e2ba0-92ed-4da2-b855-ae61b84a2362,3,transmit diseases,传播疾病,
d00e0e1d-8931-45f8-a494-994c332ac527,b9a7fcbe-c35c-4079-b6d2-abdc75485140,4,transmit from A to B,从A传送到B,
338f4c58-2a30-417a-b30e-0bd2295e1abf,448d0088-0b93-45a5-b0c8-d1fd09f12e7b,1,a car accident,车祸,
338f4c58-2a30-417a-b30e-0bd2295e1abf,e2a970a8-e6eb-4da3-9c5b-597658321f4b,2,a low accident rate,低事故率,
338f4c58-2a30-417a-b30e-0bd2295e1abf,44dfa7ad-42ce-4baa-86d6-67e6305cf8c2,3,a string of accidents,一连串的事故,
338f4c58-2a30-417a-b30e-0bd2295e1abf,c83abec6-f473-4c10-a8d1-0042f16e4066,4,an accident of history,历史偶然,
338f4c58-2a30-417a-b30e-0bd2295e1abf,a25cd814-c47f-46f1-8988-27b0fca8efa3,5,by accident,偶然地,
338f4c58-2a30-417a-b30e-0bd2295e1abf,c59f9cdc-095f-4801-9a91-77f25c1f035e,6,traffic accidents,交通事故,
6d2b4ccb-1277-4a39-9563-1d57b42b0541,d86b6aef-f746-4675-befd-35e4c711b330,1,a defining characteristic,鲜明的特点,
6d2b4ccb-1277-4a39-9563-1d57b42b0541,941b0101-c609-4472-882c-202edaedb888,2,a national characteristic,民族品质,
6d2b4ccb-1277-4a39-9563-1d57b42b0541,4657b2c0-f981-4678-8db0-f487f3a5ccf8,3,an essential characteristic,基本特点,
6d2b4ccb-1277-4a39-9563-1d57b42b0541,b805d508-56df-4c9d-9ca2-d0b947b6d7af,4,characteristic confidence,特有的自信,
6d2b4ccb-1277-4a39-9563-1d57b42b0541,6facd695-a863-4861-b0fd-c854f85525f2,5,describe a characteristic,描述品质,
6d2b4ccb-1277-4a39-9563-1d57b42b0541,485d4a64-b08c-49f3-be79-f0e1a6c965aa,6,the characteristic of...,……的特点,
37350da0-3612-4b2e-9897-5590785837ee,f3ea452b-bb1e-4ea2-ad9b-ee6e4dbf2281,1,a desperate effort,孤注一掷,
37350da0-3612-4b2e-9897-5590785837ee,89dc0b08-dddb-43c7-9c6d-3ecab66cc4cf,2,a desperate measure,孤注一掷的措施,
37350da0-3612-4b2e-9897-5590785837ee,5b82e7a3-ceb1-4d14-b385-8a28005b1465,3,be desperate for sth.,渴望某物,
37350da0-3612-4b2e-9897-5590785837ee,cc63ec2b-68c5-409c-93d3-5920afdab761,4,be desperate to do sth.,渴望做某事,
37350da0-3612-4b2e-9897-5590785837ee,1c6c881d-1dcd-4d9e-922d-4f80b7e9a5b0,5,be desperate with sth.,因某事感到绝望,
37350da0-3612-4b2e-9897-5590785837ee,a72070af-63eb-4394-aa98-43d8e0b834ef,6,in a desperate situation,在绝境中,
b8fa200f-0cc0-4e87-85f2-0ec39a11076e,1a0056b3-eee3-4cfa-8cc6-823777e5e784,1,a conflict of interests,利益冲突,
b8fa200f-0cc0-4e87-85f2-0ec39a11076e,992995b9-6cd8-40ae-8826-9104e268a008,2,conflict between A and B,A与B的冲突,
b8fa200f-0cc0-4e87-85f2-0ec39a11076e,094d5ec2-c1a6-4fc8-b6b1-830b09cf224c,3,conflict with sth.,与某事相冲突,
b8fa200f-0cc0-4e87-85f2-0ec39a11076e,040eac71-ae6f-4388-8930-5d739f1066a5,4,constant conflicts,不断的冲突,
b8fa200f-0cc0-4e87-85f2-0ec39a11076e,4e00b8f7-2d3a-4918-a589-46aa9809e8cb,5,financial conflicts,金融冲突,
b8fa200f-0cc0-4e87-85f2-0ec39a11076e,721c248c-b4ff-44ba-919e-3fcb035ebf54,6,social conflict,社会矛盾,
688831db-5cec-451e-9797-c687c02ded92,72f15b88-6c14-4ef5-b1e6-9fa299c7b3b2,1,a domestic flight,国内航班,
688831db-5cec-451e-9797-c687c02ded92,6f9dde52-8d6f-4f14-8dcc-008043605636,2,a domestic horse,驯养的马,
688831db-5cec-451e-9797-c687c02ded92,644b94d9-eff6-4a03-ad7b-3949ba96951e,3,a domestic washing machine,家用洗衣机,
688831db-5cec-451e-9797-c687c02ded92,49f3e1ae-6123-4624-b784-8524329867e5,4,perform domestic duties,承担家庭责任,
688831db-5cec-451e-9797-c687c02ded92,623e09a9-0ce4-41fe-8165-b7831a2841d8,5,sort out a domestic,解决家庭纠纷,
688831db-5cec-451e-9797-c687c02ded92,05e2f9a9-8b84-4f5a-ba0b-40a13bad0d8b,6,the domestic market,国内市场,
34799d1d-9dee-433b-bf12-781f87fde136,98a4ae83-851a-4312-be6d-862c2c7d6805,1,submit a short sketch,提交简报,
34799d1d-9dee-433b-bf12-781f87fde136,475392d4-a519-4caf-b6ed-2f2927beae8a,2,submit oneself to...,顺从……,
34799d1d-9dee-433b-bf12-781f87fde136,06f626f1-844b-4e07-8558-bbe90885f051,3,submit sth. to sb.,向某人提交某物,
4353fe74-ab49-4532-99d3-44870ce3dcea,2db399ea-23d4-47e8-ac45-d950aa68856b,1,a normal attribute,正常特征,
4353fe74-ab49-4532-99d3-44870ce3dcea,4976280c-8c21-4f51-8bd2-5cfdb0ec10a2,2,an attribute in sb.,某人的品质,
4353fe74-ab49-4532-99d3-44870ce3dcea,728e157d-c5c8-4b9b-b258-210afae01e0c,3,an attribute of greatness,伟大的特征,
4353fe74-ab49-4532-99d3-44870ce3dcea,27190c8c-4244-41b7-92a2-901ffbb3ebec,4,attribute A to B,把 A 归因于 B,
4353fe74-ab49-4532-99d3-44870ce3dcea,8a942ef3-1ff2-4bac-9084-913c8647bf81,5,attribute blame to sb.,归罪于某人,
4353fe74-ab49-4532-99d3-44870ce3dcea,72eb3dcc-ed54-49c4-b6e3-c04a0d259205,6,attribute sth. to a cause,把某事归于某种原因,
8b3d45dd-cd7d-4e1e-ae45-9fff37267d9f,70fb7e4f-7ad4-4c43-9468-72dbd0a1dffd,1,pursue a goal,追求目标,
8b3d45dd-cd7d-4e1e-ae45-9fff37267d9f,d9b9429b-e365-4481-8640-98e4241fe7d0,2,pursue a local study,从事地方研究,
8b3d45dd-cd7d-4e1e-ae45-9fff37267d9f,63ae091e-a8c2-4135-90d4-3845004abdca,3,pursue a medical career,从事医学工作,
8b3d45dd-cd7d-4e1e-ae45-9fff37267d9f,a42ab304-e0a6-4d6e-b88e-b94f9a36b180,4,pursue a policy,贯彻政策,
8b3d45dd-cd7d-4e1e-ae45-9fff37267d9f,eceff250-fe29-4093-a42e-160e287bd0b6,5,pursue an enemy,追踪敌人,
8b3d45dd-cd7d-4e1e-ae45-9fff37267d9f,dc01ad91-c178-4f12-bd60-3757dcc25766,6,pursue knowledge,追求知识,
6a2e8bcc-f9d8-42e0-b20e-b4b15a3592c1,ae947aab-9071-4ae6-adb2-8029d27b09d7,1,a natural ingredient,天然成分,
6a2e8bcc-f9d8-42e0-b20e-b4b15a3592c1,83e8e801-2f81-49d8-a9d7-0a9066c28c01,2,an ingredient to sth.,某事的要素,
6a2e8bcc-f9d8-42e0-b20e-b4b15a3592c1,f6cf797c-0608-48f9-b86c-6e5c4ad5db73,3,the essential ingredient,基本要素,
e50c0ac8-e75f-4434-85b9-703d89759541,ff5fa2c1-899c-44e7-9afb-3038f53d38ed,1,give a guarantee of...,保证……,
e50c0ac8-e75f-4434-85b9-703d89759541,2052f376-6c95-42ec-83c6-d042477f4a5c,2,guarantee fair play,保证公平竞争,
e50c0ac8-e75f-4434-85b9-703d89759541,742beb18-2cc1-407d-9676-721e33c4a380,3,under guarantee,在保修期内,
100b3cdf-7767-4415-b459-9869e3a426a2,90ac0ae5-5afa-4e65-967e-7ecd1b34b3f7,1,a time of prosperity,繁荣昌盛的时期,
100b3cdf-7767-4415-b459-9869e3a426a2,e6c21bf5-6d9d-468e-81d1-fd9197b25f5d,2,bring prosperity to...,给……带来繁荣,
100b3cdf-7767-4415-b459-9869e3a426a2,ba5bfb60-19e2-4896-9375-4deffd2c80a2,3,economic prosperity,经济繁荣,
100b3cdf-7767-4415-b459-9869e3a426a2,008c87de-d08a-4246-8bc4-7edb1f6588fa,4,long-term prosperity,长期的繁荣,
100b3cdf-7767-4415-b459-9869e3a426a2,47a074d1-661b-4cb8-b6cd-606aa53a63a9,5,seek prosperity,追求繁荣,
100b3cdf-7767-4415-b459-9869e3a426a2,99b9f6ab-ee22-48e9-bf9b-5fbadd8cc4fb,6,the prosperity of...,……的繁荣,
d5610494-94f3-4ab2-9d77-c2b3c3293a9b,74c1da16-0938-4810-bbd7-d1b293b7702f,1,a prosperous country,兴旺的国家,
d5610494-94f3-4ab2-9d77-c2b3c3293a9b,45879fb7-c43f-46ae-bf1a-3644e5c24fbe,2,a prosperous family,富裕的家庭,
d5610494-94f3-4ab2-9d77-c2b3c3293a9b,ade988f1-8b1e-449b-a7af-f35216d3b7c8,3,be more prosperous than ever,空前繁荣,
d5610494-94f3-4ab2-9d77-c2b3c3293a9b,79c05e71-d8b2-43a4-84a7-2ea2f3c9898f,4,prosperous times,繁荣的时期,
a19db34f-8590-4904-8767-ac640a8c217c,fdd73c22-4789-4f25-a889-b99779c48e50,1,commit a crime,犯罪,
a19db34f-8590-4904-8767-ac640a8c217c,ffc1ab5c-9bd0-4279-9ff4-529c3cef7273,2,commit money to sth.,对某事投入资金,
a19db34f-8590-4904-8767-ac640a8c217c,d5d70fa4-c1d3-4e56-a7a0-f4b0b855543c,3,commit murder,犯谋杀罪,
a19db34f-8590-4904-8767-ac640a8c217c,ea3f6923-f051-4924-8b49-63433bc9d7c9,4,commit oneself to doing sth.,承诺做某事,
a19db34f-8590-4904-8767-ac640a8c217c,5725c61d-5b0f-4cd2-8bd1-3f68b047ab49,5,commit suicide,自杀,
8518478a-0068-46fa-8a94-c9e52664b0e5,3a008e1c-05df-4d76-8bbb-5ad165238c22,1,a committee member,委员会成员,
8518478a-0068-46fa-8a94-c9e52664b0e5,1a0d9f36-8dbd-4a91-886a-d04384f55a0c,2,a compensation committee,薪酬委员会,
8518478a-0068-46fa-8a94-c9e52664b0e5,e4cede0e-707f-4d19-9165-d7b681093cb1,3,an organizing committee,组委会,
8518478a-0068-46fa-8a94-c9e52664b0e5,e28f8cb7-5e6d-4d54-b1c5-1f64d5834c11,4,establish a committee,建立委员会,
8518478a-0068-46fa-8a94-c9e52664b0e5,2b310792-5668-4927-b1b2-fad4e4ca2ad8,5,sit on a committee,在委员会任职,
8518478a-0068-46fa-8a94-c9e52664b0e5,521c8311-1bec-43e2-9cb6-8f7eaf3eaaf3,6,the education committee,教育委员会,
38644c88-1825-4205-b3d5-791917cd0b1e,38b5dfde-105a-4b23-977e-202977e88378,1,necessary expertise,必要的专门技术,
38644c88-1825-4205-b3d5-791917cd0b1e,27c08e4f-73ca-4ba5-96d7-c835ed58c7e8,2,the expertise economy,专业知识型经济,
f3cde8bd-c24b-4ef1-b811-77bcec331660,9ef6d630-617f-44ee-b358-330570d45782,1,a majority of immigrants,大量的移民,
f3cde8bd-c24b-4ef1-b811-77bcec331660,b075a66d-b24b-43e6-bb25-337f45186dfd,2,a wave of immigrants,移民浪潮,
f3cde8bd-c24b-4ef1-b811-77bcec331660,ac315886-78e1-4960-88a2-08d87657c500,3,an Italian immigrant,意大利移民,
f3cde8bd-c24b-4ef1-b811-77bcec331660,008943e4-6050-491e-8aef-37b932522b72,4,an illegal immigrant,非法移民,
f3cde8bd-c24b-4ef1-b811-77bcec331660,7217e548-4e8e-4341-bad4-3cce45d6b47e,5,an immigrant family,移民家庭,
f3cde8bd-c24b-4ef1-b811-77bcec331660,7c917997-d865-4497-b009-da1830d79ffb,6,the aging of immigrants,移民的老龄化,
54a34a23-f212-4873-a02b-22407ce57c7c,cfcc9058-0aca-4ddc-a500-7107010b7885,1,a notion of power,权力观念,
54a34a23-f212-4873-a02b-22407ce57c7c,a5298e23-c3b7-4031-a419-f6880663a82a,2,a notion of...,……的概念,
54a34a23-f212-4873-a02b-22407ce57c7c,39cabff8-008c-482c-94da-8dc9a90ad59a,3,a vague notion,模糊的概念,
54a34a23-f212-4873-a02b-22407ce57c7c,e3f59bc6-0109-45d6-93fd-b7f091af0bc5,4,elevate a notion,提升观念,
54a34a23-f212-4873-a02b-22407ce57c7c,d7931445-a84e-4542-a549-5792fb6cea51,5,forsake a notion,抛弃想法,
54a34a23-f212-4873-a02b-22407ce57c7c,3cca98e7-2c5f-4871-8259-d34ee40df045,6,support a notion,支持一种想法,
1acd9334-d4dc-49e6-8be1-e9cbc1b23a22,e076dc0e-1d8c-4c38-8a4a-163bedbdf2d5,1,oppose doing sth.,反对做某事,
1acd9334-d4dc-49e6-8be1-e9cbc1b23a22,f89066b2-2086-4998-8c82-2d3508d52c0d,2,oppose reform,反对改革,
1acd9334-d4dc-49e6-8be1-e9cbc1b23a22,b02cacc2-554a-45ec-a18f-2f1b23568131,3,oppose violence,抵制暴力,
c5968009-9b03-458c-9c31-a585aa065185,21051c8a-7619-430d-ba9a-2586e4325eef,1,a productive author,高产作家,
c5968009-9b03-458c-9c31-a585aa065185,767bc292-4b0b-4a83-b435-eb0c41622df6,2,a productive way,有效的方式,
c5968009-9b03-458c-9c31-a585aa065185,41fd27dc-d2f9-4d42-aa5f-fb0336910902,3,productive farming land,高产农田,
c5968009-9b03-458c-9c31-a585aa065185,994fb77e-16d9-4c69-a436-443c00a25068,4,productive slack,生产萧条,
c5968009-9b03-458c-9c31-a585aa065185,39de2ea7-d4a9-4d86-9001-b81daaa6dedc,5,remain productive,保持高产,
5586c443-a770-4458-88a4-2d44159b7b65,0fe203da-4329-4a56-9196-431b4fa970be,1,information about nutrition,营养状况,
5586c443-a770-4458-88a4-2d44159b7b65,de6d8d8d-46a2-4cdb-b578-6791ad6a0b00,2,lack of nutrition,缺乏营养,
5586c443-a770-4458-88a4-2d44159b7b65,9873fb30-bdff-40bc-a79e-3a4dc63e71cf,3,poor nutrition,营养不良,
5586c443-a770-4458-88a4-2d44159b7b65,0a9e5f83-a7c1-443d-941a-9d8c6a5efd8a,4,provide nutrition,提供营养,
1571947a-5b15-4f2f-afec-24b57cd2d520,71281ee6-9162-4819-b566-111e1faea148,1,an annual meeting,年会,
1571947a-5b15-4f2f-afec-24b57cd2d520,ce765727-09fa-4ab0-b408-029c47ec4b15,2,an annual record,年度记录,
1571947a-5b15-4f2f-afec-24b57cd2d520,9e546cca-77a2-4d0c-93c4-0f4d5c133822,3,the annual flu vaccine,每年的流感疫苗,
8efe1f8e-ce5e-4fc0-bcf3-126d00dbd042,ba8e29a9-04f0-4d7a-9b33-069025327a43,1,a business cycle,商业周期,
8efe1f8e-ce5e-4fc0-bcf3-126d00dbd042,630d3d2a-12e3-4d68-aa49-6beb58ae41ea,2,a fashion cycle,时尚周期,
8efe1f8e-ce5e-4fc0-bcf3-126d00dbd042,7c2c4f80-e83c-45ff-81af-68a05be95d6a,3,avoid a market cycle,规避市场周期,
8efe1f8e-ce5e-4fc0-bcf3-126d00dbd042,ec0f748d-c72a-4b8a-b05d-c382cd79f2b7,4,cycle to sp.,骑自行车去某地,
8efe1f8e-ce5e-4fc0-bcf3-126d00dbd042,7a192ad7-f5d6-49c2-9b65-cdb20c25d9c1,5,make a cycle of...,构成一个……的循环,
8efe1f8e-ce5e-4fc0-bcf3-126d00dbd042,43390ba1-c70d-4c6c-b8e7-c57dba94c493,6,the cycle of the seasons,四季的循环,
96a9cac4-49ca-4ee9-ac0d-b31123862966,37c01d55-1205-4adf-a197-db91e2af0e11,1,be recycled into...,被回收利用变成……,
96a9cac4-49ca-4ee9-ac0d-b31123862966,18c2b76b-d75b-4c91-96bb-ac0f4282c9e2,2,recycle cling-film,回收利用保鲜膜,
00e9c4e6-24ac-44b5-91af-3a852913fb50,496a78ad-0a51-4fed-bfe5-555a330d1da6,1,a superior officer,上级军官,
00e9c4e6-24ac-44b5-91af-3a852913fb50,a36fabd9-b8e8-4a26-9fde-3472846efa36,2,be superior to sb.,比某人更好,
00e9c4e6-24ac-44b5-91af-3a852913fb50,92764dde-8e24-496a-8070-8aaa2641f9fb,3,superior soccer skills,高超的球艺,
ebca9545-53d3-44d6-a093-166b52519f5a,bbaf95db-c0e4-4dc7-8064-9ec1e66ad344,1,illusory superiority,虚幻的优越感,
ebca9545-53d3-44d6-a093-166b52519f5a,b252ed3f-741c-47c5-a5a4-538b23683b8b,2,the superiority of...,...的优势,
95a50d0f-1795-4310-b6cf-6b78952f234f,0eec51fd-2269-49e8-8e9e-1117ce1575fb,1,a complaint about sth.,对某事的投诉,
95a50d0f-1795-4310-b6cf-6b78952f234f,346342e3-d75a-4e9e-a965-b1733fbd3c06,2,a complaint from sb.,来自某人的抱怨,
95a50d0f-1795-4310-b6cf-6b78952f234f,56af1d24-b8a2-4589-8d8f-faf066bcac7b,3,a letter of complaint,投诉信,
95a50d0f-1795-4310-b6cf-6b78952f234f,7532e507-9e93-4050-8bf5-ab24f688f76c,4,a skin complaint,皮肤病,
95a50d0f-1795-4310-b6cf-6b78952f234f,51463d1c-f2c3-4baa-b0ac-102e9de19e18,5,a specific complaint,不满的具体原因,
95a50d0f-1795-4310-b6cf-6b78952f234f,57444dcc-6777-4a46-a2fb-3c57621ffe82,6,grounds for complaint,抱怨的理由,
8b514cb7-728d-4139-a93b-911959b23ff4,bf441471-8291-41d7-a0b2-986f3d1552ce,1,the absolute maximum,极限,
8b514cb7-728d-4139-a93b-911959b23ff4,568f2e4e-e231-4db5-b9db-1a6bea26bc51,2,the genetic maximum,基因最大值,
8b514cb7-728d-4139-a93b-911959b23ff4,4decb4ff-f9e0-431b-b0f4-707654851be3,3,the maximum result,最好的结果,
8b514cb7-728d-4139-a93b-911959b23ff4,b889e443-08ad-4315-9d94-6c2a9d14fc0f,4,the maximum temperature,最高温度,
8b514cb7-728d-4139-a93b-911959b23ff4,6519fe14-7cbf-4ee0-a28f-860b28e0e0f1,5,the maximum yield,最大产量,
8b514cb7-728d-4139-a93b-911959b23ff4,6f8bd5f8-46f7-412a-b4e9-b2da60c43f0e,6,to the maximum,最大限度地,
239b5b73-f50b-4cc5-bf9f-d384dbabb1ab,d618512f-aeb5-45f1-9bbe-b65fa78ad7aa,1,bare minimum,绝对最小值,
239b5b73-f50b-4cc5-bf9f-d384dbabb1ab,1a799700-f952-4b88-866c-76c8f9cf35a2,2,be kept at a minimum,保持在最低限度,
239b5b73-f50b-4cc5-bf9f-d384dbabb1ab,ddfd03c8-aedb-4f6f-878d-947ac9aa548b,3,the minimum temperature,最低温度,
bd761717-1511-4010-b46b-2b9ddee00ce7,a336ec0d-41da-4dd2-a3fe-49a0f0b279af,1,diminish opportunities,减少机会,
bd761717-1511-4010-b46b-2b9ddee00ce7,8ae781bf-2d51-461a-a4a4-e14b34c1ad63,2,diminish the leading position,削弱领先地位,
bd761717-1511-4010-b46b-2b9ddee00ce7,e221600e-8688-4b35-90cc-5236c12faf99,3,diminish with time,随时间减弱,
5cc64fbc-f485-4953-b145-e8cd5bca318c,a0290c43-3447-4fa7-a70d-040defe002a5,1,an exotic language,外来语,
5cc64fbc-f485-4953-b145-e8cd5bca318c,6476e46b-6f8e-440b-b0e9-775a9007edbe,2,an exotic location,异国他乡,
5cc64fbc-f485-4953-b145-e8cd5bca318c,49652b21-322f-4290-9ada-02e7635a4cc3,3,exotic clothes,奇装异服,
5cc64fbc-f485-4953-b145-e8cd5bca318c,4ae9a300-8595-43c9-ae6e-9276135ee20e,4,exotic food,异国食物,
c402f29f-7990-4778-9866-4104d3edcb16,ff827a98-0d8c-4f9d-a35e-7ce1d056b79a,1,combat fatigues,战斗服,
c402f29f-7990-4778-9866-4104d3edcb16,d20e2aff-8a77-45cd-b54d-a52879127f83,2,drop with fatigue,累倒,
c402f29f-7990-4778-9866-4104d3edcb16,ef2193ad-cdef-4e48-a78b-bb149caa247e,3,reduce decision fatigue,减少决策疲劳,
62f6f720-819f-4dbf-ad4d-baa490cb4fa4,e91aaf49-5a0b-4a65-8fdb-9df53c5d1444,1,gain momentum from...,从……中得势,
62f6f720-819f-4dbf-ad4d-baa490cb4fa4,044a74a9-1a2c-4465-9bcd-c72aa7da03a8,2,lose momentum,失去动力,
62f6f720-819f-4dbf-ad4d-baa490cb4fa4,3debe7f5-91c6-4db4-a157-dd82c9b40792,3,pick up momentum,获得动力,
62f6f720-819f-4dbf-ad4d-baa490cb4fa4,690dbefd-9e00-4683-8c73-5e6ced516392,4,steady momentum,稳定的势头,
c41ab386-d637-4bf2-bae2-75cebf0bd2a8,47848d0f-394a-4c04-8edd-e72e91135e75,1,a professional rank,职业排名,
c41ab386-d637-4bf2-bae2-75cebf0bd2a8,423cbb90-bd9c-46ca-845d-10eb9c8691eb,2,be ranked second,排第二,
c41ab386-d637-4bf2-bae2-75cebf0bd2a8,5de21e2c-b5ae-415e-9cc1-4fa4ab81400a,3,junior rank,低级军衔,
c41ab386-d637-4bf2-bae2-75cebf0bd2a8,f7a8c5a5-7ce1-407e-90d3-3347ad37f603,4,military ranks,军阶,
c41ab386-d637-4bf2-bae2-75cebf0bd2a8,df4d4349-a113-4cb9-a074-ef9391aceebe,5,rank with sth.,与某物并列,
c41ab386-d637-4bf2-bae2-75cebf0bd2a8,bdd8651f-8fde-470a-8c76-3d0aa52f5ff7,6,rise to the rank of...,晋升为……等级,
829c2cb7-a09a-42af-8e2a-31dfd5b362a2,ddbeb324-4808-4e5c-afa0-cd8c0da63814,1,a chronic depressive,长期抑郁症患者,
829c2cb7-a09a-42af-8e2a-31dfd5b362a2,34eec3b7-a002-4c74-981c-ab58f03b9cd3,2,a chronic nature,长期性,
829c2cb7-a09a-42af-8e2a-31dfd5b362a2,668ff42f-142c-4438-817b-e282db80f77a,3,a chronic problem,长期的问题,
829c2cb7-a09a-42af-8e2a-31dfd5b362a2,fdff3c0e-b4bf-40c2-86ed-c25445f70845,4,a chronic shortage of sth.,某物的长期匮乏,
829c2cb7-a09a-42af-8e2a-31dfd5b362a2,082b865e-c383-4400-837f-edab8e9e4759,5,a chronic stress,长期的压力,
829c2cb7-a09a-42af-8e2a-31dfd5b362a2,e6a48e6c-4759-405a-a15c-3671f2a7e015,6,chronic illness,慢性疾病,
58a48290-3888-455c-8c0a-271d90690e26,c4639939-14a1-43f8-b398-8c76d7d9a288,1,overwhelm the area,淹没这片区域,
58a48290-3888-455c-8c0a-271d90690e26,69a37c2b-8d77-452b-ab5a-b1a56e6f9ee5,2,overwhelm the enemy,击败敌军,
58a48290-3888-455c-8c0a-271d90690e26,16eee56c-e11c-4d73-adc6-8a67961978c7,3,overwhelm the governance,击败统治,
cf1886dd-3020-488c-a224-138be6897681,85cd8e2b-80b7-45ad-a408-14cbed83beb8,1,consult a doctor,咨询医生,
cf1886dd-3020-488c-a224-138be6897681,20d52fc9-3083-402b-a08f-0f3a7f0d1953,2,consult sb. about sth.,与某人商量某事,
cf1886dd-3020-488c-a224-138be6897681,53d3b63b-6a8a-447e-a492-f51c316752af,3,consult with an attorney,咨询律师,
cf1886dd-3020-488c-a224-138be6897681,c5ee64c1-aa03-4194-9e9e-a1f10818a748,4,consult with colleagues,与同事商议,
8f4452f8-3387-4c25-bf57-04734749dffa,9108afc0-60b5-4e9c-b377-d35ca9841e5b,1,a firm of consultants,顾问公司,
8f4452f8-3387-4c25-bf57-04734749dffa,6b2ae554-eae5-4735-9a4a-6a5009f42142,2,act as a consultant to…,担任……的顾问,
8f4452f8-3387-4c25-bf57-04734749dffa,0ea82023-002c-4610-9722-d7d26a742172,3,an education consultant,教育顾问,
8f4452f8-3387-4c25-bf57-04734749dffa,7bbfc24b-2155-4706-aea5-3d9f9e3aa5a6,4,hire a consultant,聘用顾问,
59f0e00a-94d9-4394-925a-4f6c11592274,8685f9df-43f3-4d0c-a18b-51777ada3ea2,1,a passion to do sth.,做某事的激情,
59f0e00a-94d9-4394-925a-4f6c11592274,d90df25f-d4e8-45b7-b429-00e88c7346fc,2,fly into a passion,勃然大怒,
6287e2f3-7f54-4a4b-ba16-391d8308ea82,a8688f22-02a7-458d-998e-78dd5a3b17da,1,assist digestion,促进消化,
6287e2f3-7f54-4a4b-ba16-391d8308ea82,62f538c5-fbce-4818-a8e8-a0f7a3ea76ba,2,assist in sth.,在某事上给予帮助,
6287e2f3-7f54-4a4b-ba16-391d8308ea82,95de875f-60de-4307-a906-55cc5cb6fc86,3,assist patients,帮助病人,
16e35e09-d4c0-4371-8494-275aa35ac078,cd0f4dcf-eb4a-403c-b4f2-5e9646114d77,1,beyond comprehension,无法理解,
16e35e09-d4c0-4371-8494-275aa35ac078,4e1a8a2b-9270-47b5-b588-24a2d7026c90,2,comprehensions at high level,高水平练习,
16e35e09-d4c0-4371-8494-275aa35ac078,c93d6e13-d7fc-4f18-8efd-7bbe5986dae1,3,have no comprehension of sth.,不理解某事,
16e35e09-d4c0-4371-8494-275aa35ac078,12c60839-bb68-4d3f-9eea-93b8019a7feb,4,reading comprehension,阅读理解,
99ce1076-76bd-4596-8e37-47624735c15b,373ba3aa-ef3e-4abf-970f-ae2f3b76ccfc,1,a comprehensive insight,全面的见解,
99ce1076-76bd-4596-8e37-47624735c15b,c762e376-1cbf-450b-a595-c7f6c4d8a674,2,a comprehensive record,全面记录,
99ce1076-76bd-4596-8e37-47624735c15b,085aeb50-4b44-44b3-bb24-480f29c1b38a,3,a comprehensive reform,全面改革,
99ce1076-76bd-4596-8e37-47624735c15b,060c4539-2092-45dc-bb96-13b0f37e8504,4,a comprehensive report,全面报道,
99ce1076-76bd-4596-8e37-47624735c15b,686b5e44-021c-4f23-85aa-e8f3d604e647,5,a comprehensive review,全面审查,
99ce1076-76bd-4596-8e37-47624735c15b,0c9cae06-160d-47cb-9433-220cdd38e4d7,6,comprehensive insurance,综合保险,
11a2f3de-4bd9-4a55-9ba9-091d914d94b8,1f33a539-7dd1-4649-84e9-5044b7d8ed95,1,a proper formulation,恰当的解释,
11a2f3de-4bd9-4a55-9ba9-091d914d94b8,94fd6795-6839-4113-8f35-fc9aabe6a2d6,2,a proper job,正经的工作,
11a2f3de-4bd9-4a55-9ba9-091d914d94b8,9a4072bb-594b-4855-8038-e7d1d8d33ed9,3,a proper subject,合适的课题,
11a2f3de-4bd9-4a55-9ba9-091d914d94b8,4b839bae-6fe3-43b8-819e-79cec13bb956,4,be proper to do sth.,做某事是正确的,
11a2f3de-4bd9-4a55-9ba9-091d914d94b8,26e508f2-e2bc-4269-8159-181f4133708c,5,in the proper place,在恰当的位置,
11a2f3de-4bd9-4a55-9ba9-091d914d94b8,e288f303-3a09-4914-b851-6a3b5ddd15d5,6,the proper investment,适当投资,
952992f3-206e-4312-a02d-ec7945631738,7982fdfa-20c8-431d-bf7d-51a2ad73e535,1,empty properties,闲置房地产,
952992f3-206e-4312-a02d-ec7945631738,b0f354d0-a967-419d-8d0f-a9bdaa174752,2,intellectual property,知识产权,
952992f3-206e-4312-a02d-ec7945631738,38d2bdc7-0f0c-472d-bcf3-d939178160c0,3,medical properties,药用性,
952992f3-206e-4312-a02d-ec7945631738,c88c1278-ef3d-4ba0-9ae6-c55a40d55bd3,4,private property,私人地产,
952992f3-206e-4312-a02d-ec7945631738,68cfa232-ab58-426d-8834-6b1b3838ca84,5,stolen property,赃物,
952992f3-206e-4312-a02d-ec7945631738,d4b6dbe8-c29f-4f7e-8c2a-7dcb38665905,6,the stolen property,失窃物,
b9c91503-1075-4fb0-8b58-e6f9b2a2da0a,c0a82950-f165-4369-94cb-0269412f952d,1,contrary opinions,相反的观点,
b9c91503-1075-4fb0-8b58-e6f9b2a2da0a,e4170614-0ae4-4543-b3ac-16325b352c92,2,contrary to sth.,与某事相反,
b9c91503-1075-4fb0-8b58-e6f9b2a2da0a,17962139-00ce-497f-a07f-77ed0f3f1206,3,to the contrary,相反地,
2c8681c3-68b9-423f-8b16-7299a8850664,d0a7bdc5-4fca-4c2d-b22a-b893942cb628,1,an obvious contrast,明显的对比,
2c8681c3-68b9-423f-8b16-7299a8850664,deea8703-3fd3-435c-afc2-9095b183a83d,2,by contrast,相比之下,
2c8681c3-68b9-423f-8b16-7299a8850664,db0b207c-fd5e-4f96-a41a-0f283d20195d,3,in contrast to sth.,与某物相比,
2c8681c3-68b9-423f-8b16-7299a8850664,7647d07f-5f3f-4e71-ab30-93e46fec422f,4,pose a contrast,形成对比,
2fbbde49-698d-44c2-8457-dadc86d3050d,96b771a8-000b-4603-981f-0cdea117472f,1,a distinction for sb.,给某人的荣誉,
2fbbde49-698d-44c2-8457-dadc86d3050d,d7d291e3-72ef-4c9a-83f4-7c2c3bf81945,2,a little distinction,微小的差别,
2fbbde49-698d-44c2-8457-dadc86d3050d,1ab6c45a-8fa7-485f-aa6d-72aee52a2f71,3,a writer of distinction,优秀的作家,
2fbbde49-698d-44c2-8457-dadc86d3050d,a6863c06-49e1-4c46-91dc-4433e1b31944,4,explore the distinction,探究区别,
2fbbde49-698d-44c2-8457-dadc86d3050d,43cd333a-65c2-4e7c-80b9-089975247aaf,5,graduate with distinction,以优异成绩毕业,
2fbbde49-698d-44c2-8457-dadc86d3050d,12f4b309-cb6a-44f9-b6cb-7748ec048ec5,6,without distinction,无差别,
8d2cce12-10d6-45ae-b07a-ec29cec78a4a,7222011d-c43c-4403-92c6-edf1ae835bf3,1,distinguish A from B,区分 A 与 B,
8d2cce12-10d6-45ae-b07a-ec29cec78a4a,76dbb270-bdc5-406c-84ef-b15503c67aad,2,distinguish one’s words,听清某人的话,
8d2cce12-10d6-45ae-b07a-ec29cec78a4a,d1e6b5b0-75af-43f0-85a4-892d4bedb2f2,3,distinguish voices,听出不同的声音,
98b0089e-6cd4-425a-a13c-6953d3313fad,e36eef3f-5d03-441f-a1eb-8534e959afcb,1,imply displeasure,暗示不高兴,
98b0089e-6cd4-425a-a13c-6953d3313fad,c03e26e0-00b7-4061-847d-160e4744d6eb,2,imply greater problems,意味着更大的困难,
98b0089e-6cd4-425a-a13c-6953d3313fad,a721c9ef-cd90-49c4-afe0-f09c3b87a5bf,3,imply happiness,意味着幸福,
98b0089e-6cd4-425a-a13c-6953d3313fad,757de84b-6bd2-4b95-913c-ccb4e3857f06,4,seem to imply sth.,似乎暗示某事,
03b6e7a3-829f-478c-a2f5-4907c9e24613,77c7a846-519d-456d-be76-7e8998eac004,1,close to implication,接近含意,
03b6e7a3-829f-478c-a2f5-4907c9e24613,a79d1b3a-b7ea-4078-9820-3f09b36f1c8e,2,implications of sth.,某事的影响,
03b6e7a3-829f-478c-a2f5-4907c9e24613,c3724c17-3675-4421-bdba-16a4ac069bd8,3,social implications,社会影响,
13c3d6b2-bc9c-4e9e-a5de-fa2949464945,aab6b936-1c6d-480a-99c0-e2e6cedba09f,1,a wrong conclusion,错误的结论,
13c3d6b2-bc9c-4e9e-a5de-fa2949464945,58f0316b-b3d0-4116-b38c-52e3b247ef42,2,general conclusions,概括性结论,
13c3d6b2-bc9c-4e9e-a5de-fa2949464945,6cee2785-f2ac-434f-b2c1-c2d70f06b49f,3,the conclusion of...,……的结局,
bd30f524-d9b3-41cf-afd1-ba6b714c1960,e67e0dfd-d584-4d72-a30f-942da150841c,1,conclude A from B,从 B 推断出 A,
bd30f524-d9b3-41cf-afd1-ba6b714c1960,0258229c-a42b-4ea0-aa13-b03788bf274d,2,conclude a bargain,达成协议,
bd30f524-d9b3-41cf-afd1-ba6b714c1960,9c9b6d5c-222c-4bf0-9bb3-42d4981dc070,3,conclude the speech,结束演讲,
bd30f524-d9b3-41cf-afd1-ba6b714c1960,14bf4160-11c6-4fb1-bf9c-f89118858d35,4,conclude with...,以……结束,
50877a8f-6884-4aed-bd08-4ae78ef57222,c6dd60b0-c1d4-4151-8bec-ff74d5ca7d43,1,a studied intellectual,深思熟虑的知识分子,
50877a8f-6884-4aed-bd08-4ae78ef57222,d0f6f948-6aca-4921-93e1-42720df04591,2,an intellectual demand,智力需求,
50877a8f-6884-4aed-bd08-4ae78ef57222,408b07fc-8132-40d6-bca1-27292ea642cf,3,intellectual curiosity,求知欲,
50877a8f-6884-4aed-bd08-4ae78ef57222,96add79c-0541-4e5c-8ef8-b7d9e1cb34e1,4,intellectual development,智力发展,
50877a8f-6884-4aed-bd08-4ae78ef57222,eaff6eec-6ee4-4b6e-adb0-b430b0fd2430,5,intellectual equipment,知识储备,
50877a8f-6884-4aed-bd08-4ae78ef57222,e8ab2817-90c6-4fa7-b430-3642b1a69f34,6,intellectual territories,知识领域,
ca326208-5d00-42b7-8354-255b29e46a46,3502d90b-1968-49ca-88a2-aa10c8694dde,1,a business model,商业模式,
ca326208-5d00-42b7-8354-255b29e46a46,bd27b4e8-73ed-4509-94dd-cf311a8854e0,2,a fashion model,时装模特儿,
ca326208-5d00-42b7-8354-255b29e46a46,67c822a3-a94a-4bae-83c4-610d08cc6817,3,a model student,模范生,
ca326208-5d00-42b7-8354-255b29e46a46,a3b056c4-cb20-4793-bf6d-0a404ec68237,4,model the behaviour of...,模仿……的行为,
ca326208-5d00-42b7-8354-255b29e46a46,11edcb50-1f0d-4c48-996f-ded01f52479f,5,set a model for sb.,为某人树立榜样,
00312465-cf91-46fc-a302-4d977dc567b6,294a4478-2c55-4970-a2ab-6634a247c693,1,be modified in...,在……中被修改,
00312465-cf91-46fc-a302-4d977dc567b6,2228ef48-36b5-4b56-970c-5a723fdd108a,2,modify a game,修改游戏,
00312465-cf91-46fc-a302-4d977dc567b6,44fc1a85-eb4d-422f-ab99-87c2b40db495,3,modify one’s tone,缓和语气,
00312465-cf91-46fc-a302-4d977dc567b6,3a72bb02-9704-4945-a88b-6a6c144c9bf9,4,modify one’s views,修正某人的观点,
00312465-cf91-46fc-a302-4d977dc567b6,9af9d9f2-3256-4888-ad4a-9f765a4e18ae,5,modify the content,修改主要内容,
00312465-cf91-46fc-a302-4d977dc567b6,ce0105bf-a1cb-4818-8958-45d79d3677af,6,modify the environment,调节环境,
1e4ebd9a-6fd7-498c-9ed5-03b074ec1542,36794df0-f8eb-4e79-a5d7-f612aa503459,1,a desire for profit,对利润的渴求,
1e4ebd9a-6fd7-498c-9ed5-03b074ec1542,5d5e3a97-dfb3-45da-9d7c-c70a6f0cc791,2,boost a profit,提高利润,
1e4ebd9a-6fd7-498c-9ed5-03b074ec1542,13dc337e-8f52-4c4b-8683-e88ce069bd30,3,gain excessive profits,牟取暴利,
1e4ebd9a-6fd7-498c-9ed5-03b074ec1542,d331c49d-52bb-40c6-9494-58b1e6624ffa,4,make profit from sth.,从某事中获利,
1e4ebd9a-6fd7-498c-9ed5-03b074ec1542,c0a61ac2-8b57-4661-a183-99dbbd46b7c7,5,profit from sth.,从某事中获益,
1e4ebd9a-6fd7-498c-9ed5-03b074ec1542,8d4ef733-78e0-41fc-b6bf-88250e99d870,6,profit sb. little,让某人获益不多,
25a52cbf-0a7c-45a4-849f-2875cb16f017,8a8bf721-b2dc-41ad-ba89-5a7551c1ed6f,1,a profitable business,有利润的企业,
25a52cbf-0a7c-45a4-849f-2875cb16f017,cc268c3a-517f-45d8-b122-bcfc77ee40fb,2,a profitable exchange,有益的交流,
25a52cbf-0a7c-45a4-849f-2875cb16f017,6d4209e2-2fe5-4193-b8e2-26d5eb86eb48,3,a profitable opportunity,盈利机会,
25a52cbf-0a7c-45a4-849f-2875cb16f017,5db79c85-7eee-4275-a3ca-cf4da428ec52,4,be profitable to do sth.,做某事有利可图,
25a52cbf-0a7c-45a4-849f-2875cb16f017,4aab3941-44d2-4ac0-ac9f-8ce0a2ddf7bc,5,keep sb. profitable,使某人盈利,
25a52cbf-0a7c-45a4-849f-2875cb16f017,94ee1824-afcd-4b10-8c96-8d8d0d5789e5,6,profitable exercise,有益的锻炼,
66df985d-7cd9-4ea2-9157-7d5adbc68548,26b2279c-2689-4645-884b-e5beed91f956,1,a democratic reform,民主改革,
66df985d-7cd9-4ea2-9157-7d5adbc68548,ea30593b-640f-4669-90a3-21288b1dd541,2,a public-sector reform,公共部门改革,
66df985d-7cd9-4ea2-9157-7d5adbc68548,9cf6a08f-ab91-4205-984c-809cc396935c,3,reform a program,改革计划,
66df985d-7cd9-4ea2-9157-7d5adbc68548,ea8e3957-db00-4fa7-bd6d-085d46baaaf5,4,reform a system,改进系统,
66df985d-7cd9-4ea2-9157-7d5adbc68548,9a19591d-9322-4478-b876-293ecf564752,5,reform education,改革教育,
66df985d-7cd9-4ea2-9157-7d5adbc68548,5c1a966b-f898-48fa-9e06-41ce3c2833e5,6,take measures in reform,采取措施进行改革,
dd8cfba4-7a8b-4fb0-8833-b900e37c770b,2c44d4d8-dc20-4915-85c7-45433a31de31,1,accomplish a change,完成改变,
dd8cfba4-7a8b-4fb0-8833-b900e37c770b,5e297b94-1033-430f-89d9-160d0740f848,2,accomplish the task,完成任务,
dd8cfba4-7a8b-4fb0-8833-b900e37c770b,e97b9c04-c4f2-4dbd-a8cc-88343cb68c4d,3,intend to accomplish sth.,打算完成某事,
92203f09-3981-4b0f-a6c6-f0f7179c4c09,1358b4cb-b9dd-481f-83fd-245dd8d4047a,1,be discouraged by...,因……灰心丧气,
92203f09-3981-4b0f-a6c6-f0f7179c4c09,bc98ca7d-3030-4f5a-b66e-ae6a3fb47dae,2,discourage a student,使学生灰心,
92203f09-3981-4b0f-a6c6-f0f7179c4c09,205c7dff-7232-4081-8647-960d27b4fe5e,3,discourage an action,阻止行动,
92203f09-3981-4b0f-a6c6-f0f7179c4c09,6e723ac3-bc4f-406c-b8e1-f96f9effebd7,4,discourage consumption,阻碍消费,
92203f09-3981-4b0f-a6c6-f0f7179c4c09,279637e7-f8d9-479e-bdbd-4de57cc1a5c2,5,discourage sb. from doing sth.,劝阻某人做某事,
92203f09-3981-4b0f-a6c6-f0f7179c4c09,57b61f16-e699-4734-a232-a4aa576758c0,6,discourage smoking,劝阻吸烟,
4808d0a1-2b90-4322-b2b8-c2380bfd27a3,f8a83e20-bf7a-4139-a895-83b77da6af66,1,help sb. thrive,有助于某人茁壮成长,
4808d0a1-2b90-4322-b2b8-c2380bfd27a3,e69cf2a4-41e3-4127-aacf-e4559b966793,2,thrive in sp.,在某地茁壮成长,
e83e81e0-6475-4342-880d-75124edfb32c,7393b9b8-d52f-4df2-bbbf-7ec2c0d82533,1,a telephone conversation,电话交谈,
e83e81e0-6475-4342-880d-75124edfb32c,7ad37517-5a52-4bf3-92df-a4a96988b9a4,2,come into a conversation,开始谈话,
e83e81e0-6475-4342-880d-75124edfb32c,6c07d16d-c6d9-4646-9042-38b51b1f22d2,3,failed conversation,失败的谈话,
e83e81e0-6475-4342-880d-75124edfb32c,ebadf5b6-ba5a-47a8-90b8-e8a75222cc76,4,keep the conversation going,继续谈话,
e83e81e0-6475-4342-880d-75124edfb32c,6b8381a4-17cd-42a5-8bdc-a92002fb8fe3,5,make conversation with sb.,与某人交谈,
e83e81e0-6475-4342-880d-75124edfb32c,c57a6404-0b12-4d5b-89c1-6954b7ceae66,6,start a conversation,开始交谈,
0147fe9e-829b-4d2f-8ef2-fdddeacc913f,602476b6-a1f7-4dc3-8342-0fdc3a20dc81,1,a diverse range of...,各种......,
0147fe9e-829b-4d2f-8ef2-fdddeacc913f,a610a560-7e9e-43ce-8fa4-835434ac40cb,2,as diverse as sth.,和某物一样多样的,
0147fe9e-829b-4d2f-8ef2-fdddeacc913f,29b96a5d-dce4-41a6-b98f-44ffd9e8314a,3,diverse aspects of sth.,某物的各方面,
0147fe9e-829b-4d2f-8ef2-fdddeacc913f,6a7b1dae-949f-44a6-962f-57f9da7b3e2a,4,diverse contexts,不同的背景,
0147fe9e-829b-4d2f-8ef2-fdddeacc913f,dd476764-d3f1-4358-ad41-8e437b835faa,5,diverse languages,各种不同的语言,
0147fe9e-829b-4d2f-8ef2-fdddeacc913f,3c03b817-ebcf-49cf-990d-374760533fbd,6,diverse resources,多方资源,
ec44e36c-e12b-4fa3-bd7a-d7bc3ea4e718,19f3f22e-a6f0-4413-896c-cd4d89fc5b3a,1,suffer a bias,遭受偏见,
ec44e36c-e12b-4fa3-bd7a-d7bc3ea4e718,3f8d7954-6933-4eda-84a3-26d24f8258bb,2,suffer a disappointment,经受失望,
ec44e36c-e12b-4fa3-bd7a-d7bc3ea4e718,e8999df7-c476-4767-b323-01067cb3848c,3,suffer a setback,遭受挫折,
ec44e36c-e12b-4fa3-bd7a-d7bc3ea4e718,d3681fec-28c2-4fa4-8d0c-d3f1993dc3bd,4,suffer from cancer,患有癌症,
ec44e36c-e12b-4fa3-bd7a-d7bc3ea4e718,9ff3d8c5-973d-4f97-994f-e9e3475e24d4,5,suffer in sth.,经受某事,
ec44e36c-e12b-4fa3-bd7a-d7bc3ea4e718,4e86e9b9-20c7-4ffd-829a-705138e3cd3a,6,suffer pain,遭受痛苦,
7e9080c4-dc6e-4fe8-a3b0-92ac8c36f141,92a88280-c1bd-43c8-9b8e-66bd30e399f7,1,a sufficient condition,充分条件,
7e9080c4-dc6e-4fe8-a3b0-92ac8c36f141,ac0b173a-a2b7-4866-97eb-213b9b732268,2,be sufficient for...,对……来说是足够的,
7e9080c4-dc6e-4fe8-a3b0-92ac8c36f141,ee331839-2475-4e3f-8808-7ec20829e3ae,3,be sufficient to do sth.,足以做某事,
7e9080c4-dc6e-4fe8-a3b0-92ac8c36f141,595a89cc-5127-4b63-b0b9-4da0a31fa846,4,far from sufficient,远远不够,
7e9080c4-dc6e-4fe8-a3b0-92ac8c36f141,8c98e1e5-50cc-4d11-92fc-e77e0efdbe23,5,give sufficient thought to sth.,充分考虑某事,
7e9080c4-dc6e-4fe8-a3b0-92ac8c36f141,51fa4cf6-8fe1-408b-b019-ee180edea981,6,sufficient labour force,充足的劳动力,
4b71b908-1709-49dd-8846-0d3cd804dccf,c6dd5279-d04d-4d06-ab55-cc9fca118a7e,1,be extracted from a book,从书中摘录,
4b71b908-1709-49dd-8846-0d3cd804dccf,80f8521d-2268-44b5-987c-813e29503e42,2,extract oil,提取石油,
4b71b908-1709-49dd-8846-0d3cd804dccf,fa6c9b44-f91a-4016-978e-b3cd2796444e,3,extract sth. from...,从……中取出某物,
4b71b908-1709-49dd-8846-0d3cd804dccf,b985dbda-6225-4c8a-a0b1-80166aa67b69,4,make an extract,摘录,
e179fb9e-9509-4855-9781-2c9e215d8604,6fd7173c-856e-4dc4-bf58-20ad014986f0,1,be highlighted in...,在……中被强调,
e179fb9e-9509-4855-9781-2c9e215d8604,6a84ff81-fecf-43cc-a383-a34111833f1d,2,highlight changes,突出变化,
e179fb9e-9509-4855-9781-2c9e215d8604,100d2309-581e-4cbc-a24f-9bb7c10e2968,3,highlight the key points,标出重点,
e179fb9e-9509-4855-9781-2c9e215d8604,9445961f-d72d-4b72-bd1b-cc9aec8c181f,4,the highlights of sth.,某事最精彩的片段,
adda2809-952b-4f93-96a8-f671a978220f,cc9e45dd-f802-4df5-a1f1-6c69bcb7c120,1,a display of one’s work,展示某人的成果,
adda2809-952b-4f93-96a8-f671a978220f,322466ef-6ff9-4b4a-9fcc-d8d1aa16a1e7,2,a display team,表演队,
adda2809-952b-4f93-96a8-f671a978220f,e56a45f6-7569-4f93-9e8c-b0c80317125b,3,a window display,橱窗展示,
adda2809-952b-4f93-96a8-f671a978220f,ae011d25-ec22-46a8-84cd-7ddd7860b5cd,4,display artworks,展示艺术作品,
adda2809-952b-4f93-96a8-f671a978220f,3fb23a6d-cf2d-4dda-afc7-ca2e232e9dcb,5,display enthusiasm,显示出热情,
adda2809-952b-4f93-96a8-f671a978220f,7ebd3e27-217f-46a7-bc0f-eca93c29b4cf,6,display...toward sb.,对某人表现出……,
bc606fd6-caee-4585-8d1f-9702ad916725,9426504a-c96d-48a2-9885-19e4dfeee921,1,an acute crisis,严重的危机,
bc606fd6-caee-4585-8d1f-9702ad916725,d751d0f4-b576-4f8e-a1dd-f32da8a27b6f,2,an acute disease,急性病,
bc606fd6-caee-4585-8d1f-9702ad916725,82217c79-3bd2-44dd-b003-b5a1a5e77748,3,an acute observer,敏锐的观察者,
fdc183be-6717-42b5-926e-23bcad735620,eadbd50b-7419-45ba-9a6e-5e1e2ec35532,1,an accurate answer,准确的答案,
fdc183be-6717-42b5-926e-23bcad735620,aa79a600-009d-4d3b-ae3f-3b0a073f2cf6,2,an accurate calculation,精确的计算,
fdc183be-6717-42b5-926e-23bcad735620,167ba9a5-58db-4174-a8a0-d67b9f9ce890,3,an accurate depiction,准确的描述,
fdc183be-6717-42b5-926e-23bcad735620,07662806-8f9e-4bda-9480-88d0c82177ae,4,an accurate time,精确的时间,
cd2099cf-eadf-4fc6-9be2-5cd563b42135,967f7ce4-c5a0-4d16-9606-5128103f93de,1,accuracy of sth.,某物的准确性,
cd2099cf-eadf-4fc6-9be2-5cd563b42135,e9ba1d57-7fec-43f5-ab6c-6fe6e848a757,2,achieve accuracy,达到准确,
cd2099cf-eadf-4fc6-9be2-5cd563b42135,6a8880ef-7197-45d1-b782-fc4f48f53afb,3,check the accuracy of sth.,核对某物的准确性,
cd2099cf-eadf-4fc6-9be2-5cd563b42135,b29b5ee8-dd85-4b09-8f13-3db07355d7f3,4,with accuracy,精确地,
b3461dc7-ef81-4297-b803-29fe4ea307f1,598a35f7-1cd3-4280-9bc4-c7fa15d98fee,1,a census official,人口普查官员,
b3461dc7-ef81-4297-b803-29fe4ea307f1,5b97b25c-64b5-41cb-9b88-bd20da970c72,2,a national census,全国性人口普查,
b3461dc7-ef81-4297-b803-29fe4ea307f1,9df8194b-a151-4609-8e24-3cbfc278eba2,3,an official census,官方人口普查,
b3461dc7-ef81-4297-b803-29fe4ea307f1,48ae523a-8180-4a42-b007-38f14a24e084,4,carry out a census,进行人口普查,
b3461dc7-ef81-4297-b803-29fe4ea307f1,480ff3ec-71d5-4585-8b4a-99ee70df28f7,5,emerge from a census,人口普查结果显示,
b3461dc7-ef81-4297-b803-29fe4ea307f1,a57e6b1f-272c-4889-bd34-cdd6ca9bddc4,6,the latest census,最新的人口普查,
10ee1f0c-ca58-4f38-9d65-03b0db023709,4c7c057e-7f05-4a7d-b1ba-0e184bd14879,1,a mere child,只是个孩子,
10ee1f0c-ca58-4f38-9d65-03b0db023709,4dbd5db3-1e32-46c1-b332-371ea1f6e944,2,a mere drudge,微不足道的苦工,
10ee1f0c-ca58-4f38-9d65-03b0db023709,52cb63fa-c872-4b3d-b3b6-6a36e1949465,3,a mere piece of...,一小片……,
10ee1f0c-ca58-4f38-9d65-03b0db023709,ed000a61-5c86-467c-9c41-c5e640a3ca4f,4,a mere trifle,只是小事一桩,
10ee1f0c-ca58-4f38-9d65-03b0db023709,a9be0aba-836e-4420-846c-f55136f0baa7,5,the mere presence of...,仅有……存在,
bda403bf-037d-4169-be78-4a4ff0316531,30060bce-3bd2-424a-8aa0-601efdb8bfe8,1,a stone implement,石器,
bda403bf-037d-4169-be78-4a4ff0316531,3f357db8-70c9-486d-913c-52397758d517,2,a writing implement,书写工具,
bda403bf-037d-4169-be78-4a4ff0316531,a2eb98ee-c49e-46cd-9cde-1f3390dfd48c,3,implement a decision,执行决议,
bda403bf-037d-4169-be78-4a4ff0316531,a8eaa5fe-715d-401d-9704-5889d0b012ef,4,implement a policy,实施政策,
bda403bf-037d-4169-be78-4a4ff0316531,bd16d865-b6dd-4d29-a28c-4564b5211bc9,5,implement sth. flexibly,灵活执行某事,
99aa4a26-c2af-4d19-a2bf-31e5308b2dd0,b66534d6-2f5f-4c38-9b6a-45831ad4fb21,1,a crucial ethical issue,重要的道德问题,
99aa4a26-c2af-4d19-a2bf-31e5308b2dd0,ed4ca821-84c7-448f-80a4-9f37eebe6a6b,2,a crucial question,关键性的问题,
99aa4a26-c2af-4d19-a2bf-31e5308b2dd0,f7afdff6-7813-40b0-b696-8975bad55c02,3,at a crucial time,在关键时刻,
99aa4a26-c2af-4d19-a2bf-31e5308b2dd0,2404ff4c-cb16-4121-9fda-3842787a745a,4,be crucial to sth.,对某事至关重要,
99aa4a26-c2af-4d19-a2bf-31e5308b2dd0,2a27f475-3c1d-4ced-b754-7316bcefd370,5,crucial values,重要的价值观,
99aa4a26-c2af-4d19-a2bf-31e5308b2dd0,08ccc2ed-2c8c-4247-a5b3-49fd5b973015,6,play a crucial role,起关键性作用,
11ffc809-27a2-4ee4-961f-069cb6962c6d,1c1e1b2d-0d45-4c8d-91e0-f1f5f9ad0837,1,incorporate A in B,将 A 包含在 B 内,
11ffc809-27a2-4ee4-961f-069cb6962c6d,1d94e4eb-cc41-4faf-9524-08c7c5f15faf,2,incorporate A into B,将 A 纳入 B,
4a7c870c-2130-4be9-a6d7-379a6011be5f,290573eb-dfb6-4ee2-8678-e7bcbc135ef2,1,a source of tension,紧张的根源,
4a7c870c-2130-4be9-a6d7-379a6011be5f,8222be64-55cb-42ba-bfb7-6e0e4440f232,2,international tensions,国际紧张局势,
4a7c870c-2130-4be9-a6d7-379a6011be5f,936d7b9a-53a7-4751-b91c-95833793dadd,3,mounting tension,日趋紧张的局势,
4a7c870c-2130-4be9-a6d7-379a6011be5f,2a34c55b-da0a-4551-b8f5-d5dd47aaf5c9,4,the tension of life,紧张的生活,
5f21dc9b-da01-4e02-bd0e-34648c3ea32f,0f0e3188-78ad-4082-95a5-7716dbd3f87f,1,a leisure activity,休闲活动,
5f21dc9b-da01-4e02-bd0e-34648c3ea32f,bf83a59f-9c45-43ce-b9fa-eeebd7b278f5,2,have leisure to do sth.,有空做某事,
5f21dc9b-da01-4e02-bd0e-34648c3ea32f,ee524e0d-32a8-4b61-83f6-c71227b9dba1,3,leisure time,空闲时间,
262982b8-7feb-48e5-a0d4-d2d4ad9cb06a,a663856a-fc65-4cdd-826b-46cff7388531,1,agriculture and industry,工农业,
262982b8-7feb-48e5-a0d4-d2d4ad9cb06a,b6612ccd-fe2c-490e-b6e4-c4736ef14790,2,agriculture workforce,农业劳动力,
262982b8-7feb-48e5-a0d4-d2d4ad9cb06a,755abf6f-1f8a-4701-9103-13a8c5514a35,3,an agriculture employer,农业雇主,
262982b8-7feb-48e5-a0d4-d2d4ad9cb06a,a9e592d8-fd5a-4a4f-a735-ca0146f88ea1,4,be strong in agriculture,农业发达,
262982b8-7feb-48e5-a0d4-d2d4ad9cb06a,0b1c2343-9d4c-48e2-a212-e2042dd560ef,5,pose a threat to agriculture,对农业造成威胁,
262982b8-7feb-48e5-a0d4-d2d4ad9cb06a,bd093a32-937e-49de-a937-f9e2e7b18259,6,the state of agriculture,农业状况,
1d96aed4-dfd4-48be-aedd-49b9b9782262,ed3425a9-ecb9-4ed7-a40f-2594de17b0d1,1,migrate along...,沿着……迁徙,
1d96aed4-dfd4-48be-aedd-49b9b9782262,5da321ff-fee3-4e48-b764-0e0a999b2ea7,2,migrate from sp.,从某地移居,
1d96aed4-dfd4-48be-aedd-49b9b9782262,9c6e4030-ce24-4e68-ae13-fe0b201eb72d,3,migrate south,迁徙至南方,
1d96aed4-dfd4-48be-aedd-49b9b9782262,76003d97-f40c-4984-b323-2f40d909e1e0,4,migrate to sp.,迁往某地,
f1c5afb4-73ae-4ada-9d45-4306a9fca877,38d2d3eb-8fea-4c3e-afaf-e6405e7046f7,1,an obstacle to sth.,对某事的阻碍,
f1c5afb4-73ae-4ada-9d45-4306a9fca877,97b0d2ee-cadf-4264-b932-caf82b7c7b40,2,overcome an obstacle,克服障碍,
30c1758e-3529-4900-819e-7d04f25e6a18,3078282f-6a05-43fb-8803-c1280b0f50d8,1,adjust the difficulty,调整难度,
30c1758e-3529-4900-819e-7d04f25e6a18,42bbef4d-d849-415e-bbb0-ccb0119e7d9c,2,adjust the volume,调节音量,
30c1758e-3529-4900-819e-7d04f25e6a18,2e51f986-0e9b-4641-a371-6deeec7fbea6,3,adjust to sth.,适应某事,
ae0a110b-6ffe-426d-a92c-ea8f41ae6322,cffdb9c6-81ee-41b3-a535-6f781a28cb55,1,a sense of hearing,听觉,
ae0a110b-6ffe-426d-a92c-ea8f41ae6322,a2650a8a-23d8-4129-8977-04745647316e,2,a sense of well-being,幸福感,
ae0a110b-6ffe-426d-a92c-ea8f41ae6322,e8e4ea29-4dbc-4c63-80e7-f1d3c2f399f4,3,common sense,常识,
ae0a110b-6ffe-426d-a92c-ea8f41ae6322,5a6d2f69-0206-4fa3-b882-b3b7f2b6b400,4,in one sense,在某种意义上,
ae0a110b-6ffe-426d-a92c-ea8f41ae6322,a552cb22-ee30-461f-9f67-f8c4cd7fd96e,5,make sense,有道理,
ae0a110b-6ffe-426d-a92c-ea8f41ae6322,66710144-93a9-414f-9a80-b59eeafb1435,6,sense smells,感知气味,
4ff85862-d1a1-4372-8400-ce9d81b51186,a5b42e7e-40ac-48f1-9d22-9c5d52bf6e21,1,a sensitive instrument,灵敏的仪器,
4ff85862-d1a1-4372-8400-ce9d81b51186,c6669721-4e63-4e8d-a524-9d6c4baa3e60,2,a sensitive man,体贴的男人,
4ff85862-d1a1-4372-8400-ce9d81b51186,29d2006d-e212-4912-b793-b5cad07e7b9c,3,be sensitive to one’s needs,体谅某人的需求,
4ff85862-d1a1-4372-8400-ce9d81b51186,646ca8de-77dc-45bb-b44d-77d1fd1d37a2,4,be sensitive to sth.,对某事敏感,
4ff85862-d1a1-4372-8400-ce9d81b51186,1377a9b7-2b07-44a1-8b0b-c692da338b7c,5,sensitive external skin,敏感的皮肤,
4ff85862-d1a1-4372-8400-ce9d81b51186,36f773cb-4ca4-4091-8428-3a9eeedcc7bb,6,sensitive personal data,敏感的个人数据,
4c8396a7-fb02-4a1a-a3f2-0177346bbf15,bf41ad9d-28ec-467f-b21b-21316015878f,1,apart from...,除了……之外,
4c8396a7-fb02-4a1a-a3f2-0177346bbf15,30ae5727-7de0-481d-942d-81f7521d497d,2,be three days apart,相差三天,
4c8396a7-fb02-4a1a-a3f2-0177346bbf15,cec0a53b-cefe-4355-8f4e-d3c51fc7355c,3,fall apart,解体,
4c8396a7-fb02-4a1a-a3f2-0177346bbf15,a46ff929-58cc-421a-b37c-432016de1ab5,4,move apart,移开,
4c8396a7-fb02-4a1a-a3f2-0177346bbf15,85a26b61-09f4-4ab9-bc24-52513b70fb43,5,pull sth. apart,拆分某物,
4c8396a7-fb02-4a1a-a3f2-0177346bbf15,5361e20b-38c3-400b-8275-1c11896bb94a,6,set A apart from B,把 A 和 B 分开,
3fef47a5-4c66-47b1-a562-e118d256519f,81fb67f6-4a20-49d9-becf-a4e715c17e9d,1,gradually strengthen...,逐步强化……,
3fef47a5-4c66-47b1-a562-e118d256519f,0659bc24-2856-40fb-8538-4dc9bd31b55e,2,strengthen a link,加强联系,
3fef47a5-4c66-47b1-a562-e118d256519f,d7fc04e8-4dd1-4a21-9f44-1f1471c5ca67,3,strengthen community tie,增强社区关系,
3fef47a5-4c66-47b1-a562-e118d256519f,52945de6-a23c-4f7b-ac96-3f4197c01ed0,4,strengthen over the years,逐年增强,
3fef47a5-4c66-47b1-a562-e118d256519f,12d72155-f392-445e-a460-26694d884832,5,strengthen support,加强支持,
3fef47a5-4c66-47b1-a562-e118d256519f,d6a8ea06-34d1-4fa4-81c6-75efcc5ddc07,6,strengthen the position,巩固地位,
07f9d1ff-f0b5-461e-b958-99e36372f145,63318ef9-a158-4570-9fb0-ba20d8936f1f,1,a version of medicine,医学版本,
07f9d1ff-f0b5-461e-b958-99e36372f145,a7c982b9-22de-48ee-8f88-e7c369fa2fab,2,according to one's version,按照某人的说法,
07f9d1ff-f0b5-461e-b958-99e36372f145,b2ab8d80-ba98-44d1-9a3a-a9360cdb3aa8,3,an idealized version,理想化版本,
07f9d1ff-f0b5-461e-b958-99e36372f145,644fc3bf-8381-4282-87d0-809c0415cea4,4,an official version,官方说法,
07f9d1ff-f0b5-461e-b958-99e36372f145,677579cb-3ab3-4c35-8f77-186253ea6844,5,the film version of...,......的电影版本,
07f9d1ff-f0b5-461e-b958-99e36372f145,825970f6-3266-44b7-9a8c-2fd26c3f51bb,6,the mechanical version,机械版,
ff21c8c2-ed8a-493d-8154-4fdf977d2c17,199c4f72-37e2-445a-9d88-154ced84a4da,1,a column of figures,一列数字,
ff21c8c2-ed8a-493d-8154-4fdf977d2c17,923b90b2-d30b-4e37-812d-6d3095e5cbb6,2,a marble column,大理石柱,
ff21c8c2-ed8a-493d-8154-4fdf977d2c17,f9d6aba8-32bd-402a-9eb6-d2846d897894,3,a weekly column,每周专栏,
ff21c8c2-ed8a-493d-8154-4fdf977d2c17,68575de9-8f8c-458a-ae3c-48eb1ec30d56,4,write in a column,在专栏中写道,
d7cb1798-df86-4fd7-a98d-4cc19b831d58,01691195-3879-4002-b824-51dce235afcb,1,a slim volume,薄册子,
d7cb1798-df86-4fd7-a98d-4cc19b831d58,94f9f7b1-1495-479b-8b35-dc798976d513,2,different volumes,不同的体积,
d7cb1798-df86-4fd7-a98d-4cc19b831d58,b6ca2d48-9645-4739-a4f9-bef56808864f,3,increase the volume,调大音量,
d7cb1798-df86-4fd7-a98d-4cc19b831d58,ec148f73-ffb0-4407-b097-c2885652dfd8,4,order in volumes,大量订购,
d7cb1798-df86-4fd7-a98d-4cc19b831d58,c9fb2992-2ef1-4f27-b845-ea9423210d7f,5,the sheer volume of choice,大量选择,
d7cb1798-df86-4fd7-a98d-4cc19b831d58,06e40d0b-db38-42ef-9ae7-9f84404be945,6,the volume of,……的体积,
4f2a0c06-5c46-416d-9982-c51addcc864a,84afe297-3289-4a9b-a5de-1ef95f557b4b,1,accuse an opponent,指责对手,
4f2a0c06-5c46-416d-9982-c51addcc864a,9137c6d0-5a7c-4ad5-88a4-1af95aefc085,2,accuse sb. of doing sth.,指控某人做某事,
4f2a0c06-5c46-416d-9982-c51addcc864a,60fd0767-f0ec-42af-92f8-e60bd004168b,3,accuse sb. of murder,控告某人谋杀,
4f2a0c06-5c46-416d-9982-c51addcc864a,200a89e8-aaf2-40d7-bb3c-3a102f0232b5,4,accuse social evils,谴责社会弊端,
acb46561-a580-4098-9ba7-2e8020bd8571,1adba355-7273-4095-91b0-bb479af32114,1,threaten marine life,危及海洋生物,
acb46561-a580-4098-9ba7-2e8020bd8571,97001da9-6f63-429e-a516-030f3a909687,2,threaten one’s health,威胁某人的健康,
acb46561-a580-4098-9ba7-2e8020bd8571,81af8641-0744-475c-80f3-fcb8a1b66769,3,threaten sb. with sth.,用某物威胁某人,
acb46561-a580-4098-9ba7-2e8020bd8571,aba0150f-b93e-495b-8a5f-1d6ea61a8b8b,4,threaten to do sth.,威胁做某事,
3269c977-5dc9-448f-8714-0d1b5b96fb25,aabf0c0f-5720-46c0-860d-86b7621cf4b4,1,a severe punishment,重刑,
3269c977-5dc9-448f-8714-0d1b5b96fb25,dadff4cb-31e7-4a8f-84c2-44376254ccd3,2,a severe recession,严重的经济衰退,
3269c977-5dc9-448f-8714-0d1b5b96fb25,afd81841-20ab-4b76-b43c-718909229ca9,3,a severe symptom,严重的症状,
3269c977-5dc9-448f-8714-0d1b5b96fb25,38509c68-4f71-405c-9555-1e59ae24eeb7,4,severe circumstances,严峻的形势,
3269c977-5dc9-448f-8714-0d1b5b96fb25,a45175bc-0ec4-4df7-a04e-e73154a69bea,5,severe criticism,严厉的批评,
3269c977-5dc9-448f-8714-0d1b5b96fb25,dc9514de-049d-4e46-80a5-fab586a93ffd,6,severe weather conditions,恶劣的天气条件,
67e330f5-e813-44fd-ba1e-0e6fbbcd7483,30a898d6-cc34-499d-80bb-978b608f9402,1,a consistent improvement,持续改善,
67e330f5-e813-44fd-ba1e-0e6fbbcd7483,1b842c08-a5bc-47b4-bcb7-ba0e2ace7665,2,a consistent policy,一贯的政策,
67e330f5-e813-44fd-ba1e-0e6fbbcd7483,7588bf14-76d2-4c2f-935f-af3cd5c4c123,3,a consistent strategy,一致战略,
67e330f5-e813-44fd-ba1e-0e6fbbcd7483,b8863c49-767b-49ee-8cea-4f9f7985b209,4,be consistent with sth.,与某物一致,
7d9d1181-f539-4cdf-9bb7-ba6c578ebf65,2bca01f6-e67e-4003-bac8-8c422a22626a,1,consist in,在于,
7d9d1181-f539-4cdf-9bb7-ba6c578ebf65,b415571e-fceb-4dac-9f5e-81bbe1c91cf8,2,consist of,由……组成,
baa70828-42c2-471a-85e7-1f9b009fecb2,5c07390b-1d91-424f-8a7b-786e9aa93b41,1,an alien culture,异域文化,
baa70828-42c2-471a-85e7-1f9b009fecb2,1da3e4e4-0f55-4477-8017-f3050fe9adde,2,an alien environment,陌生的环境,
baa70828-42c2-471a-85e7-1f9b009fecb2,8100d39d-a0c3-476b-bb7b-dae21105df30,3,an illegal alien,非法外侨,
baa70828-42c2-471a-85e7-1f9b009fecb2,158ee7a1-c407-4b0c-9ddd-424c21a18252,4,be alien to...,和……不相容,
d22ecb8e-958a-4234-b9af-d23d56fa30ac,4e90206e-4212-47fc-a9c3-63eaa91793b4,1,a smoky atmosphere,烟雾弥漫的空气,
d22ecb8e-958a-4234-b9af-d23d56fa30ac,a5c41736-36d4-46c9-a044-f4b4c39561f1,2,an atmosphere of...,一种……的气氛,
d22ecb8e-958a-4234-b9af-d23d56fa30ac,735a2ba1-2d65-4133-8c22-f9bc51c21bb8,3,be full of atmosphere,气氛浓郁,
d22ecb8e-958a-4234-b9af-d23d56fa30ac,81aa9f9e-f2b5-4b49-938c-520a00b4dd95,4,pollution of the atmosphere,大气污染,
d22ecb8e-958a-4234-b9af-d23d56fa30ac,f30e37d3-4355-473e-b1df-ddc0a7657df6,5,protect the atmosphere,保护大气层,
d22ecb8e-958a-4234-b9af-d23d56fa30ac,a8525f96-5c84-4365-82a3-e8a1ffff269e,6,the dense atmosphere,稠密的大气层,
5a19a074-009a-4433-b3e1-1e566efbc23f,93c12bed-de14-40f5-b461-01d926172c62,1,appoint a commission,任命委员会,
5a19a074-009a-4433-b3e1-1e566efbc23f,f58d0dc6-4c6a-4ab2-94b5-b7fd039ed902,2,commission a study,委托一项研究,
5a19a074-009a-4433-b3e1-1e566efbc23f,424f7575-a44d-4ba3-9a58-19c29480102f,3,pay a commission,支付佣金,
5a19a074-009a-4433-b3e1-1e566efbc23f,3fff202a-aff0-4d98-a4f1-d74ab9778f8e,4,work on commission,按销售额提成,
df284d7a-02fb-4b7c-9a12-9d2fc6edc2ff,25e61c56-b26f-46bb-b036-861a3b548237,1,a flash of insight,灵光乍现,
df284d7a-02fb-4b7c-9a12-9d2fc6edc2ff,1988311d-4bd2-4130-b287-5a9adbe5c02b,2,a marketplace insight,对市场的深入了解,
df284d7a-02fb-4b7c-9a12-9d2fc6edc2ff,d4925b58-1284-46bc-8da5-a3d2e9756e21,3,gain an insight into sth.,深入了解某事,
df284d7a-02fb-4b7c-9a12-9d2fc6edc2ff,8b37d4b2-7800-49eb-9242-b5f7194c0462,4,give sb. insight as to sth.,使某人了解某事,
df284d7a-02fb-4b7c-9a12-9d2fc6edc2ff,15099fbf-a046-4511-853f-bca08d618e0f,5,insight about sth.,对某事的洞察力,
df284d7a-02fb-4b7c-9a12-9d2fc6edc2ff,c630d4b5-acb7-4ee4-90f5-3d0539495b97,6,lack insight,缺乏洞察力,
ce66594e-b63a-4922-a7b7-9f6a1df4776d,f18a020d-e55b-450b-b10f-8f07dadfea5a,1,an elementary course,基础课程,
ce66594e-b63a-4922-a7b7-9f6a1df4776d,5a044ec1-ea1b-4746-a0df-b5e81d5ca8b4,2,an elementary form,基本形式,
ce66594e-b63a-4922-a7b7-9f6a1df4776d,2051014d-af30-40cd-b4e9-b152f1edf39d,3,an elementary school,小学,
ce66594e-b63a-4922-a7b7-9f6a1df4776d,ed5faeb1-d5fc-4d04-bf00-a184a749d4bd,4,elementary education,初等教育,
b91133e3-1062-4d0e-817c-eb19c19cc7f9,9e83e377-c7e2-4d80-8cf8-f5bf593f474a,1,a chemical element,化学元素,
b91133e3-1062-4d0e-817c-eb19c19cc7f9,8fd49c36-be6b-4ef8-9fd2-16ac69c71589,2,a key element of...,……的主要因素,
35fb3c4b-014a-4bc6-bc6c-175744e4f6e5,93d7a524-0d86-4d8d-9004-26e23692410d,1,a collection of criticism,评论集,
35fb3c4b-014a-4bc6-bc6c-175744e4f6e5,b14547f4-ad2c-4341-ab5f-647916e82b21,2,a criticism against sth.,对某事的批评,
35fb3c4b-014a-4bc6-bc6c-175744e4f6e5,1a9ae330-4512-4eaa-a4ba-8afe22846495,3,a sharp criticism,尖锐的批评,
35fb3c4b-014a-4bc6-bc6c-175744e4f6e5,ade88bac-4ecf-449e-910b-e3a3dae5c9e2,4,attract criticism,招致批评,
35fb3c4b-014a-4bc6-bc6c-175744e4f6e5,3b56b351-68fd-4035-abd4-1fbc81cc7f11,5,music criticism,音乐评论,
35fb3c4b-014a-4bc6-bc6c-175744e4f6e5,0286164e-c5a7-47e2-8cbe-b2995d12c147,6,take criticism,接受批评,
36422c9c-d967-4dd5-96d7-6c64d4411b06,c6a772f6-1861-44ce-8375-8862577a1364,1,deprive sb. of powers,剥夺某人的权力,
36422c9c-d967-4dd5-96d7-6c64d4411b06,dad71c95-516c-4ed9-919d-36574830dfe6,2,deprive...of workers,使……失去工人,
a838badb-45e0-4e06-b967-38d522f0705a,76016fb2-cb3b-4275-8416-97aee808b6ea,1,a private enterprise,私营企业,
a838badb-45e0-4e06-b967-38d522f0705a,2c0593df-0d1a-48bd-80c2-7bdb8dfe962f,2,a private landowner,私有土地所有者,
a838badb-45e0-4e06-b967-38d522f0705a,d0bfec6c-3691-4d45-a1b4-b9d38cd7e0cc,3,private funding,私人基金,
2a29b8d1-d831-4f5a-8b91-2ac3bcc384ac,dad43003-f794-43a7-bc6f-b3ed5f1a863b,1,a privacy right,隐私权,
2a29b8d1-d831-4f5a-8b91-2ac3bcc384ac,5755e480-16fd-4f23-94d7-57dba35f65a4,2,live in privacy,过着隐居生活,
2a29b8d1-d831-4f5a-8b91-2ac3bcc384ac,3f63befa-30bc-462f-a8a6-5aa805254bf1,3,privacy controls,隐私监控,
2a29b8d1-d831-4f5a-8b91-2ac3bcc384ac,4573259f-ea33-4bd8-986d-36bef8350906,4,privacy law,隐私法,
2a29b8d1-d831-4f5a-8b91-2ac3bcc384ac,d1cb2bb2-b87a-453d-9264-b029e88d2c6f,5,privacy protection,隐私保护,
2a29b8d1-d831-4f5a-8b91-2ac3bcc384ac,d6b9dd8f-05e3-41b7-a0fd-94f3d02dceb9,6,raise privacy concerns,引发隐私担忧,
b7a2a5f7-638e-4307-adf3-f0befaa76edd,75924f3d-5de7-40d7-bf55-4d4a6c797530,1,a comparison of...,……的对比,
b7a2a5f7-638e-4307-adf3-f0befaa76edd,885b7d1f-01d1-4ad0-a85d-48ea842c983d,2,by comparison,比较起来,
b7a2a5f7-638e-4307-adf3-f0befaa76edd,a27f5533-809b-4554-b1b0-1e1a7cab0656,3,comparisons between A and B,A 与 B 的对比,
b7a2a5f7-638e-4307-adf3-f0befaa76edd,30d90b0e-227f-433b-bcb4-bacad3171026,4,in comparison with sth.,与某物相比,
b7a2a5f7-638e-4307-adf3-f0befaa76edd,47e33507-b509-4a46-82c0-956ff7242369,5,make a comparison,做比较,
b7a2a5f7-638e-4307-adf3-f0befaa76edd,6024f602-68e3-4c88-9946-3f343ab657be,6,sample comparison,样本比较,
a13503d1-991a-4a96-8b06-b0ec7924f083,de06aa98-1cfc-415b-a48b-0b9d8433e2e9,1,cease to exist,不复存在,
a13503d1-991a-4a96-8b06-b0ec7924f083,36444a68-444f-4bc6-96b5-de2b230ca439,2,exist in sth.,存在于某物中,
a13503d1-991a-4a96-8b06-b0ec7924f083,234d02b1-1630-470b-9ea6-a723e7240f8f,3,exist within a contract,存在于契约中,
47b6add7-1918-4f39-9503-b56cdb8e278a,ea3c0be7-8fa9-41c7-872e-66325eaaf879,1,human existence,人类的存在,
47b6add7-1918-4f39-9503-b56cdb8e278a,5afb1c65-0a3d-41e0-870a-666f5f32090e,2,lead a miserable existence,艰难度日,
47b6add7-1918-4f39-9503-b56cdb8e278a,360f9daf-d21b-4337-8e5d-edd44ad82e0b,3,the existence of sth.,某物的存在,
9604dad2-f053-45bc-8d7c-290ebe95230e,0a717ea9-4fe6-4603-b9ad-66659aea0d48,1,a fertile imagination,丰富的想象力,
9604dad2-f053-45bc-8d7c-290ebe95230e,a5bd043c-ff29-476b-960e-1e820e791df5,2,fertile soil,肥沃的土壤,
9604dad2-f053-45bc-8d7c-290ebe95230e,90a55d32-cd3f-422d-8b2f-d4444204940e,3,make sb. fertile again,使某人恢复生育能力,
96686f39-15aa-437c-812c-1d28dea843f7,1a0d304e-ca4a-483f-97df-60cf339734cf,1,apply fertilizer,施肥,
96686f39-15aa-437c-812c-1d28dea843f7,c8ffbb48-802d-42ce-9cf5-a7b77e58d8e1,2,artificial fertilizers,人造肥料,
96686f39-15aa-437c-812c-1d28dea843f7,d694b9c2-2a16-4661-8fa1-e9c42986b750,3,chemical fertilizers,化学肥料,
96686f39-15aa-437c-812c-1d28dea843f7,bcd1a84f-2d62-4aac-9b26-2790c83dc69e,4,farming without fertilizers,无肥耕种,
66015a91-11c0-479c-825e-05eebc797b2a,df0a0ead-a7a1-4bce-819a-27bc4dac9f45,1,a fundamental question,根本问题,
66015a91-11c0-479c-825e-05eebc797b2a,a4e02962-781a-4261-9e89-6e8df8e5a528,2,a fundamental right,基本权利,
66015a91-11c0-479c-825e-05eebc797b2a,f6da25ea-228f-44f7-85f3-220026b8ba77,3,a fundamental urge,根本诉求,
66015a91-11c0-479c-825e-05eebc797b2a,ba1be1ff-eae7-4593-b73b-fc1e8f72e8b2,4,fundamentals of physics,物理学基本原理,
66015a91-11c0-479c-825e-05eebc797b2a,e8e57d9d-e81f-4c95-be90-60d9df8e023c,5,the fundamental makeup,基本构成,
66015a91-11c0-479c-825e-05eebc797b2a,3720b4bc-9014-4dd8-bc67-39aa9a43435e,6,the fundamental structure,基本结构,
b4607a62-8012-4c61-9309-76a7d4e35c40,cc5b2fa9-4a5a-4ecd-ae54-99ef761c6339,1,depend on cooperation,取决于合作,
b4607a62-8012-4c61-9309-76a7d4e35c40,d9580820-96e8-4c50-b259-91aadc8ea21b,2,depend on innovation,取决于创新,
b4607a62-8012-4c61-9309-76a7d4e35c40,a749c7ef-014b-4cb4-bf48-b1d26062d9c5,3,depend on learning,取决于学习,
b4607a62-8012-4c61-9309-76a7d4e35c40,12997826-5d67-482e-bc97-9b9a93ca0510,4,depend on sb.,依赖某人,
b4607a62-8012-4c61-9309-76a7d4e35c40,5aee0c8b-f124-4a2f-9916-1e715fbcee5d,5,depend on the experiments,依靠实验,
b4607a62-8012-4c61-9309-76a7d4e35c40,4d625128-d728-4a5f-8441-1a2479ae4691,6,depend on...for sth.,依靠……获取某物,
846a8ccf-ab91-43ce-8bdd-2760ec9b7250,3fc0c185-a72e-4ec5-a88b-16e2e5ee8708,1,an independent nation,独立的国家,
846a8ccf-ab91-43ce-8bdd-2760ec9b7250,014fe04d-6af0-4039-b75e-e261ecfae986,2,an independent store,私营商店,
846a8ccf-ab91-43ce-8bdd-2760ec9b7250,5a0b067c-0bf1-436e-9a02-c1220414c9c6,3,be financially independent,经济上自立的,
846a8ccf-ab91-43ce-8bdd-2760ec9b7250,7bef446e-eb67-49b2-8c51-93264e335323,4,be independent of...,脱离……独立存在,
846a8ccf-ab91-43ce-8bdd-2760ec9b7250,69219f68-d462-4c29-b32b-8ead07d5e04e,5,become independent,变得独立,
846a8ccf-ab91-43ce-8bdd-2760ec9b7250,98e595a5-502e-467f-874c-0aefd2b17846,6,independent reflection,独立思考,
80b15d4b-5479-4893-852a-edffedc84195,42a1bd08-559f-4d2f-9cf8-0b6e2f6a5665,1,bid for independence,争取独立,
80b15d4b-5479-4893-852a-edffedc84195,8be56db2-6403-48d4-9d8b-6ffc516be1d2,2,enough independence,足够独立,
80b15d4b-5479-4893-852a-edffedc84195,e1792cb2-21be-4269-b177-490f1b513c98,3,financial independence,经济上的自立,
80b15d4b-5479-4893-852a-edffedc84195,5ff471f5-9e09-4af1-a72f-caa2be53b613,4,prepare for independence,为自立做准备,
4c500938-a77c-472c-a68a-4aa3299321b2,fce271b0-1c8f-48f8-a565-9fb0ec827f9f,1,a historical drama,历史剧,
4c500938-a77c-472c-a68a-4aa3299321b2,431cb9d9-fe52-45af-bcb0-1c55c1a63677,2,make the drama popular,使戏剧流行,
4c500938-a77c-472c-a68a-4aa3299321b2,61c2618c-1a05-4031-ab54-5abbc04278f4,3,the religious drama,宗教戏剧,
7c09d6b3-8172-457c-86f7-15ea8e68fee1,7081fcf0-b083-4f56-925f-da0062e49729,1,an initial stage,最初的阶段,
7c09d6b3-8172-457c-86f7-15ea8e68fee1,0cb013b8-44a9-448f-96c8-eee67549ac16,2,give the initial jolt,带来最初的震撼,
7c09d6b3-8172-457c-86f7-15ea8e68fee1,4e4544b3-b64d-4a98-9440-5bee10004f7a,3,initial each page,在每页用姓名首字母签名,
7c09d6b3-8172-457c-86f7-15ea8e68fee1,ea4efe02-f13f-4592-aabf-f6561eb92f61,4,initial reaction,最初的反应,
7c09d6b3-8172-457c-86f7-15ea8e68fee1,8de20a45-abae-4706-a85a-34e88b049fce,5,the initial draft,初稿,
7c09d6b3-8172-457c-86f7-15ea8e68fee1,e822dca4-7397-490d-b724-594b1118e2a1,6,write one’s initials,写下某人的姓名首字母,
1dd9ec12-13a2-473f-81a1-e18fd8bfebd0,48dd27f4-87b9-4889-a29f-33427885458d,1,a fitness initiative,健身方案,
1dd9ec12-13a2-473f-81a1-e18fd8bfebd0,e92bf278-87f0-43ee-b25e-797cc56b3831,2,a marketing initiative,营销方案,
1dd9ec12-13a2-473f-81a1-e18fd8bfebd0,17794120-4350-44ef-b256-c25b086f1827,3,a peace initiative,和平倡议,
1dd9ec12-13a2-473f-81a1-e18fd8bfebd0,02b5db55-1bd5-4792-aa59-45d12460fd11,4,individual initiative,个人主动性,
1dd9ec12-13a2-473f-81a1-e18fd8bfebd0,ff46ccf4-bc79-4dd2-a52b-7c8e1c5a8f6f,5,launch an initiative,提出倡议,
1dd9ec12-13a2-473f-81a1-e18fd8bfebd0,94b1f111-4351-409d-b91b-36f5664790e2,6,take initiative,发挥主动性,
ba173f57-12b5-4980-a16c-e9e286f48a83,e3d81848-534c-47d2-95ab-a31c8390ec92,1,an ultimate aim,最终目标,
ba173f57-12b5-4980-a16c-e9e286f48a83,3774110d-6dee-4d07-93fa-fe65d8d4229d,2,an ultimate overseer,终极监管者,
ba173f57-12b5-4980-a16c-e9e286f48a83,546c56bc-85df-4b8d-94ce-f8501058b04e,3,an ultimate stakeholder,最终利益相关者,
ba173f57-12b5-4980-a16c-e9e286f48a83,a54a25e3-88a5-4333-b71e-da00e6d39039,4,predict the ultimate outcome,预料最后结局,
ba173f57-12b5-4980-a16c-e9e286f48a83,63aaa4de-4e0e-4b90-ba96-cafdad38bac7,5,the ultimate power,至高权力,
ba173f57-12b5-4980-a16c-e9e286f48a83,eab69052-ef1f-4f23-908b-84ab7d18bb01,6,the ultimate value,最终价值,
d00555fc-9975-4c8d-a1b7-e4912575e5ff,dc80db48-c8b8-4545-bc6c-3eb57d37c40b,1,a counterpart of sth.,某物的对应部分,
d00555fc-9975-4c8d-a1b7-e4912575e5ff,d45ab078-1944-4418-a07c-9a92ccca2c29,2,a foreign counterpart,外国同行,
d00555fc-9975-4c8d-a1b7-e4912575e5ff,1d880e7c-6d6e-46a7-9522-b505986ac91e,3,absolutist counterparts,同级专制领导人,
d00555fc-9975-4c8d-a1b7-e4912575e5ff,f74cb206-2c8e-4861-b7e8-5b2ebb826677,4,female human counterparts,女性同胞,
9a1cceb4-ef71-4bf8-82f4-6a6db18fbb22,ca4d4ac0-dffa-4396-9b8d-6b64e7e59505,1,be forced to register,被迫注册,
9a1cceb4-ef71-4bf8-82f4-6a6db18fbb22,bbf8b035-e6c5-4416-a8bb-730e45122a52,2,register a birth,登记出生,
9a1cceb4-ef71-4bf8-82f4-6a6db18fbb22,febee7d5-a47a-4e14-a97d-0f9aa898c5ef,3,register a company,注册公司,
9a1cceb4-ef71-4bf8-82f4-6a6db18fbb22,1681a11d-9113-4be5-94d1-4bf2e15744bb,4,register for...,注册……,
9a1cceb4-ef71-4bf8-82f4-6a6db18fbb22,aa57c89a-b4a7-482e-b4cb-641f37ce94bf,5,register in...,在……上登记,
9a1cceb4-ef71-4bf8-82f4-6a6db18fbb22,3759614f-7711-429c-a3fa-bd71540e16ef,6,sign a register,在登记表上签字,
661a9dd7-8b38-4ddd-83f7-3d845e66d296,f402e9d2-db70-4c45-a363-16a6030def08,1,a complicated process,复杂的过程,
661a9dd7-8b38-4ddd-83f7-3d845e66d296,f1a7bfba-1b70-4ddc-8649-e47be7845e2c,2,a complicated route,复杂的路径,
661a9dd7-8b38-4ddd-83f7-3d845e66d296,94dc9c51-6796-41f1-a14b-5298c7f27ae0,3,a complicated situation,复杂的情况,
661a9dd7-8b38-4ddd-83f7-3d845e66d296,26c78115-9bea-4aa2-bd38-55ba0bd36878,4,a complicated system,复杂的系统,
661a9dd7-8b38-4ddd-83f7-3d845e66d296,0bd878c3-c49f-4ff1-b579-0fcd76adcb05,5,complicated family lives,复杂的家庭环境,
661a9dd7-8b38-4ddd-83f7-3d845e66d296,19845267-44d8-452b-ad0b-bd296cda9690,6,dazzlingly complicated,极其复杂,
02cf0fe1-6727-4dc2-91a7-fc5ac1af098d,dc893b62-7572-440e-898b-421a750366ea,1,a voluntary agreement,自愿协议,
02cf0fe1-6727-4dc2-91a7-fc5ac1af098d,c393a304-ab18-40ac-9239-4df836e54e63,2,develop a voluntary code,建立自律守则,
02cf0fe1-6727-4dc2-91a7-fc5ac1af098d,4d9504e2-0cf8-4241-b998-54a913d7198a,3,purely voluntary,纯粹自愿,
02cf0fe1-6727-4dc2-91a7-fc5ac1af098d,a9280d87-18c2-4431-9405-7a564389dd70,4,set voluntary standards,制定自愿性标准,
02cf0fe1-6727-4dc2-91a7-fc5ac1af098d,c7564185-2906-4d1a-9c59-c4cda03d396e,5,voluntary action,自发行动,
02cf0fe1-6727-4dc2-91a7-fc5ac1af098d,c22e4d5e-e983-484d-99dd-faa64b53a4b8,6,voluntary part-time jobs,自愿兼职工作,
a97a9cc0-d667-4410-b3f7-b5633c825f4f,e3eb1788-bb9b-4a58-86a7-814ba3e896b5,1,a local volunteer,当地志愿者,
a97a9cc0-d667-4410-b3f7-b5633c825f4f,8d56f736-9640-4aef-8041-4b235b68e75b,2,thousands of volunteers,上千名志愿者,
a97a9cc0-d667-4410-b3f7-b5633c825f4f,626c6cdc-f376-4c49-8e7e-89544d0882bc,3,volunteer for...,自愿……,
a97a9cc0-d667-4410-b3f7-b5633c825f4f,84faace1-199e-4130-af01-ce18da78fb14,4,volunteer military,志愿役,
a97a9cc0-d667-4410-b3f7-b5633c825f4f,b250a397-2be4-464a-8ac3-aea841d3fddc,5,volunteer to do sth.,自愿做某事,
a97a9cc0-d667-4410-b3f7-b5633c825f4f,4afb8c09-18c1-424c-96fb-ccbb3e52acfb,6,volunteer work,志愿者工作,
555a428b-889a-44f6-951e-90a0e94a66f4,5020108a-1e30-416e-b5fa-e4348f9377bb,1,portray a character,扮演角色,
555a428b-889a-44f6-951e-90a0e94a66f4,742cbe1c-2403-4e03-a16d-1ceb3facec15,2,portray an idea,描述理念,
555a428b-889a-44f6-951e-90a0e94a66f4,6a8cb816-dff7-4276-9f2b-9d0660082bbc,3,portray landscape,描绘风景,
555a428b-889a-44f6-951e-90a0e94a66f4,b070f515-db15-434b-baab-fddbb6026971,4,portray sb. as...,把某人描绘成……,
61c36462-eb1f-41c2-8e49-001ff5107c98,8eb2bf9e-7754-4621-b443-86b42b494d86,1,a universal campaign,全民运动,
61c36462-eb1f-41c2-8e49-001ff5107c98,9f0cf0ec-0767-4185-9cea-2041aa924e82,2,a universal disease,世界性的疾病,
61c36462-eb1f-41c2-8e49-001ff5107c98,6d781a6e-a8e8-47d8-816a-6e3bf05669f5,3,a universal feature,普遍特征,
61c36462-eb1f-41c2-8e49-001ff5107c98,6304e95f-4aab-43e5-a690-df0e471206bd,4,a universal principle,普遍法则,
61c36462-eb1f-41c2-8e49-001ff5107c98,e712e23e-a87c-44c0-b994-3915b21e2893,5,universal health coverage,全民医疗保险,
61c36462-eb1f-41c2-8e49-001ff5107c98,427eb82c-2b84-478c-8192-d46ba5eb6878,6,universal history,世界史,
41794228-7fd7-41cb-9b97-0f4f1dd5da43,6e489d07-a99c-4685-bbaf-83e3e445b7aa,1,a parallel universe,平行宇宙,
41794228-7fd7-41cb-9b97-0f4f1dd5da43,e7ceaa8f-144c-4f19-bd9d-63dcade39dff,2,a universe of one’s own,某人自己的天地,
41794228-7fd7-41cb-9b97-0f4f1dd5da43,7d4a4501-9413-43a2-b5b9-915f8f6fdf81,3,in the universe,在宇宙中,
41794228-7fd7-41cb-9b97-0f4f1dd5da43,191e2866-653f-4d80-b0af-463b50a263d9,4,the universe theory,宇宙理论,
24bb12fb-76d7-410e-8751-7dafca8891eb,05112ed5-ef54-40b7-a858-563d1ae6807c,1,fall into ruin,毁灭,
24bb12fb-76d7-410e-8751-7dafca8891eb,ccd7df55-5f1d-489d-bf1c-0ee1d3480791,2,ruin a party,毁坏聚会,
24bb12fb-76d7-410e-8751-7dafca8891eb,1a1f33eb-0872-4f45-8a9c-160261955887,3,ruin an urban area,破坏城市区域,
7bd101f6-2bfe-4fc9-a335-23dd73fb7429,8094350c-611a-4d78-84ed-2ace6becd445,1,abstract a poem,摘取诗作,
7bd101f6-2bfe-4fc9-a335-23dd73fb7429,14723bee-c924-4d3b-b371-5686e866f169,2,abstract art,抽象艺术,
7bd101f6-2bfe-4fc9-a335-23dd73fb7429,8d005862-6a45-428d-837f-58ede3232b9e,3,abstract principles,抽象原理,
7bd101f6-2bfe-4fc9-a335-23dd73fb7429,d8aed076-ee36-4973-b18d-21b8c3ac0d93,4,an abstract painting,抽象画,
7bd101f6-2bfe-4fc9-a335-23dd73fb7429,f93536aa-bb4c-4dbb-bd6b-cd865bb02e3b,5,an indicative abstract,指示性摘要,
396b3704-9923-44c3-b27b-dbd16551b665,1960da19-4194-4a52-8f46-8e560a942718,1,an intense discussion,激烈的讨论,
396b3704-9923-44c3-b27b-dbd16551b665,ef465bc2-4db6-450b-b6d4-82a041f38611,2,an intense fear,强烈的恐惧,
396b3704-9923-44c3-b27b-dbd16551b665,defa6bbc-2edc-47c4-af63-1f9c0600822b,3,an intense look,热切的神情,
396b3704-9923-44c3-b27b-dbd16551b665,5152db6d-7cca-414e-b98c-aa68fe414b85,4,intense competition,激烈的竞争,
396b3704-9923-44c3-b27b-dbd16551b665,378ccbe8-6eef-4ed1-9645-48cb697484e6,5,intense gratification,强烈的满足,
396b3704-9923-44c3-b27b-dbd16551b665,01580db2-9c4d-4a8c-b08f-3a7b4bd2a2a4,6,intense opposition,强烈反对,
31f2f1b7-d787-47dc-b11a-377071ad1ad3,c1209cb8-e6c6-4a0f-b311-6f1cf32aa0fc,1,a certain intensity,一定强度,
31f2f1b7-d787-47dc-b11a-377071ad1ad3,3462df37-20de-4aab-b4ad-ac83520880d7,2,intensity of feelings,感情强烈,
31f2f1b7-d787-47dc-b11a-377071ad1ad3,fcc8e5cb-0f0d-43af-9712-498566539ce6,3,intensity of light,光的强度,
31f2f1b7-d787-47dc-b11a-377071ad1ad3,033f5024-e4e8-40d9-a7c8-7bec449d0d95,4,intensity of relief,大为宽慰,
31f2f1b7-d787-47dc-b11a-377071ad1ad3,b26d397a-ade5-4061-a2f7-02cc8c70bfef,5,training intensity,训练强度,
31f2f1b7-d787-47dc-b11a-377071ad1ad3,da317de3-d463-4311-b4e0-c03749331a0c,6,watch sb. with an intensity,密切注视某人,
89e39eb3-c493-4132-9a16-61c7d973dd4d,013e2981-763e-4a57-a6d6-6b17302ebdb2,1,an intensive investigation,彻底调查,
89e39eb3-c493-4132-9a16-61c7d973dd4d,e32f98df-edcd-491c-b627-bda953175840,2,intensive agriculture,集约农业,
89e39eb3-c493-4132-9a16-61c7d973dd4d,61a27f12-2abf-4ce7-bed1-6a3c59146340,3,intensive negotiations,紧锣密鼓的谈判,
89e39eb3-c493-4132-9a16-61c7d973dd4d,aec9e24f-83d1-41e1-8544-26133bf5b179,4,intensive training,密集训练,
2267e29f-b11d-4e82-a830-6ad30c7f8332,5f53f3c7-e87f-485e-a160-d77b4d31a227,1,a deceptive appearance,骗人的外表,
2267e29f-b11d-4e82-a830-6ad30c7f8332,4b5fc963-1e4e-49ff-92ce-c0611ab074e5,2,be nice in appearance,外表好看,
2267e29f-b11d-4e82-a830-6ad30c7f8332,d08840f5-8357-4a9e-bf6f-eca0aa6437dc,3,external appearance,外观,
2267e29f-b11d-4e82-a830-6ad30c7f8332,78ae56c9-4470-45d9-801d-7ab526d8841c,4,judge by appearances,以貌取人,
2267e29f-b11d-4e82-a830-6ad30c7f8332,3805b7f4-f9f3-418f-b641-b6de13a2a8fb,5,make an appearance,（当众）露面,
2267e29f-b11d-4e82-a830-6ad30c7f8332,f13a21fe-e333-4104-a6ee-8e8e1f6e2d36,6,the appearance of a symptom,症状的出现,
2c894d24-cd21-4f5b-86b1-7842503b6aed,b36c0740-6bbb-47d7-865d-873dbd30f5f9,1,convert A into B,将 A 转变为 B,
2c894d24-cd21-4f5b-86b1-7842503b6aed,19bc816d-4129-47f6-b183-74214f44ecf3,2,convert from A to B,从 A 转变为 B,
2c894d24-cd21-4f5b-86b1-7842503b6aed,cfbb8d1e-6545-4145-8343-325a770167e5,3,convert to...,转换为……,
6e99081f-3240-4cde-add1-30aa0a31ce53,288f7ea4-9730-4b83-9710-6db269da09ac,1,arise at dawn,黎明即起,
6e99081f-3240-4cde-add1-30aa0a31ce53,d75d4a72-0c12-428c-989f-8b9ca58b142f,2,arise from a basic need,源于基本需求,
bacc157d-4d4a-4a3f-9843-a7800239df5a,66194f53-98d2-446a-952c-a3260771cbc1,1,arouse criticism,引发批评,
bacc157d-4d4a-4a3f-9843-a7800239df5a,e92b9105-0989-40e0-8b64-b0b0752574d4,2,arouse one’s enthusiasm,激起某人的热情,
bacc157d-4d4a-4a3f-9843-a7800239df5a,4a88ac05-834b-4fd7-b69a-ef47013eeaf8,3,arouse resistance,激起反抗,
bacc157d-4d4a-4a3f-9843-a7800239df5a,063cf797-5cdf-41f6-be9a-8c5d4e062a68,4,arouse sb. from sleep,将某人从沉睡中唤醒,
e98042c3-bc57-4079-a2fa-1c811006edb4,0a6a7bad-f681-490e-9f34-64a884404baa,1,a leading authority,主要权威人士,
e98042c3-bc57-4079-a2fa-1c811006edb4,de32845e-c370-44dd-82e3-0d81dcb098cf,2,bow to authority,向权威低头,
e98042c3-bc57-4079-a2fa-1c811006edb4,446781d7-b6c5-4fb5-8609-c145131cc831,3,have the authority to do sth.,有权做某事,
e98042c3-bc57-4079-a2fa-1c811006edb4,972e39ff-4136-437d-89f6-47e944f69f68,4,local authorities,地方当局,
e98042c3-bc57-4079-a2fa-1c811006edb4,d7e86bcb-3488-4d75-9bd5-e05512cb5b33,5,the authority of...,……的权威,
e98042c3-bc57-4079-a2fa-1c811006edb4,182aa492-808d-4bad-a361-55bf86d5dc11,6,the higher authority,更高的权威,
1f0ec3f9-129a-47e3-96d2-bbd94781404d,9845677b-eeda-4eb0-8c9c-3ac8235b8a08,1,a bizarre incident,稀奇古怪的事件,
1f0ec3f9-129a-47e3-96d2-bbd94781404d,0a7af0f0-b833-43a1-94a1-172084882ef4,2,bizarre behaviour,怪异的行为,
1f0ec3f9-129a-47e3-96d2-bbd94781404d,65e953bc-b982-4f16-85c2-1a2e21ac74a8,3,bizarre data,古怪的数据,
55d7cc1e-405c-4d59-aac6-e4ad5953353a,3754d8b9-1136-48f4-9e65-7404d11786f6,1,be characterized as...,被描绘为……,
55d7cc1e-405c-4d59-aac6-e4ad5953353a,c520dacb-7236-45bf-b55e-955221e914b4,2,be characterized by...,以……为特征,
55d7cc1e-405c-4d59-aac6-e4ad5953353a,e8c46ebe-a889-42e9-ac7f-5654d2882625,3,characterize a market,是市场的特征,
942f3a98-0db2-4e00-9735-814e8c607595,f0c15935-8c95-4dc0-984c-4f86b3768d90,1,be correlated with sth.,与某物有关,
942f3a98-0db2-4e00-9735-814e8c607595,99c747ac-ad5c-4ebe-8e11-dae5ca2e73c1,2,correlate weakly to sth.,与某物联系不大,
942f3a98-0db2-4e00-9735-814e8c607595,ed2e269d-496d-4cf3-9b3a-b62a2d8d58e7,3,seem to correlate,似乎有关联,
8cade1ae-5cff-4d18-8098-10cbd506906f,d147dd8e-2386-4872-9667-96acb2e7802a,1,be called in to investigate,奉命调查,
8cade1ae-5cff-4d18-8098-10cbd506906f,ddb50c2d-1dd2-432d-959f-2f11c1786b14,2,investigate formation flight,研究编队飞行,
8cade1ae-5cff-4d18-8098-10cbd506906f,99e358bb-0210-49fd-ba89-ea3c5d3613b8,3,investigate further,深入研究,
8cade1ae-5cff-4d18-8098-10cbd506906f,dfdd8e72-17a7-49f3-b85c-8bdf2a5506e8,4,investigate the cause,调查原因,
8ca613a8-2bc4-4121-9f91-b27021f1a8b4,e57d1f4e-821d-4b41-ab13-e8b7d3e92724,1,administration ability,管理能力,
8ca613a8-2bc4-4121-9f91-b27021f1a8b4,3a7f7c51-cac7-4624-badc-4d17af280e43,2,administration costs,行政费用,
8ca613a8-2bc4-4121-9f91-b27021f1a8b4,8f4a03f0-52cf-473d-82a0-28d7f8f5bbea,3,administration of justice,执法,
8ca613a8-2bc4-4121-9f91-b27021f1a8b4,47155acb-08ef-4026-abbd-05fcc25072ba,4,an administration’s plan,政府的计划,
8ca613a8-2bc4-4121-9f91-b27021f1a8b4,c5bf20f0-de76-41ec-8497-33363444e1d6,5,the Obama Administration,奥巴马政府,
8ca613a8-2bc4-4121-9f91-b27021f1a8b4,b7ccfb41-e2ff-4324-9890-0221d5090d1f,6,the administration system,管理体制,
d3d2f43c-042b-4fa6-b8e4-f40a83668d73,4b59447b-88b2-486d-a9a8-c1ff04e0db81,1,a sophisticated machine,精密的机器,
d3d2f43c-042b-4fa6-b8e4-f40a83668d73,dd40aead-ef82-4294-b97a-dbc6ccca922e,2,a sophisticated merchant,久经世故的商人,
d3d2f43c-042b-4fa6-b8e4-f40a83668d73,9cc5a590-2ff7-46d8-b0b5-2a5c03d6ad4c,3,a sophisticated traveler,老练的旅行家,
d3d2f43c-042b-4fa6-b8e4-f40a83668d73,38b3caf9-ff77-4e53-a400-798c023df153,4,sophisticated presentation,巧妙呈现,
54947c83-ec2b-490d-9bbf-04ee2710df17,09005364-2be0-4b73-86fb-0404c58ff5ef,1,a level of complexity,复杂程度,
54947c83-ec2b-490d-9bbf-04ee2710df17,20a43542-d282-4acf-a42d-927eb468ef10,2,a lower level of...,较低等级的……,
54947c83-ec2b-490d-9bbf-04ee2710df17,53f5436f-0b22-4d11-8411-7d2ba0f7490e,3,a mental level,智力水平,
54947c83-ec2b-490d-9bbf-04ee2710df17,eb9a08f7-e590-4c15-88ff-98e906f8f0ea,4,level the road,整平道路,
54947c83-ec2b-490d-9bbf-04ee2710df17,2088a831-e737-481d-835d-cc53df962ccd,5,the economic level,经济水平,
54947c83-ec2b-490d-9bbf-04ee2710df17,5fa37810-6b1b-4693-922c-82f2b77eee2c,6,the level ground,平坦的陆地,
6c5b7e54-6bcf-46c4-85dc-22b87ea0b088,ec274da5-e5f3-488c-85b8-d08ee7eb7dc7,1,an internal change,内部变化,
6c5b7e54-6bcf-46c4-85dc-22b87ea0b088,b031dc51-49f0-48f6-8870-7659a8435438,2,an internal editor,内部编辑,
6c5b7e54-6bcf-46c4-85dc-22b87ea0b088,cc8b5214-550e-4582-a570-e29e4c84e246,3,an internal quarrel,内部纷争,
6c5b7e54-6bcf-46c4-85dc-22b87ea0b088,ab8b1247-19dd-4f8e-a57a-7893afc0f9c5,4,internal bleeding,体内出血,
6c5b7e54-6bcf-46c4-85dc-22b87ea0b088,4a66eafd-294a-49ba-a7cf-0a763e216710,5,internal trade,国内贸易,
6c5b7e54-6bcf-46c4-85dc-22b87ea0b088,1c5d170e-dfc2-4bab-a0ec-12f811dda048,6,the internal criticism,内部批判,
06b7901b-8f99-4aa6-a83f-13861e87780a,5e03dbaa-a740-4e4f-8b3a-e5ea22e283f1,1,adequate control,足够的控制,
06b7901b-8f99-4aa6-a83f-13861e87780a,297b65c8-9d6a-4218-b080-f50755404e1a,2,adequate information,足够的信息,
06b7901b-8f99-4aa6-a83f-13861e87780a,dfff168d-adb7-4551-bf61-933e63ddf94d,3,an adequate amount,足够的数量,
06b7901b-8f99-4aa6-a83f-13861e87780a,5d233d97-d449-4439-8b56-7d1c19563f5b,4,an adequate supply,供应充足,
06b7901b-8f99-4aa6-a83f-13861e87780a,310d8c09-499c-42c7-8de6-3c3272df325b,5,be adequate for...,对……来说是合格的,
06b7901b-8f99-4aa6-a83f-13861e87780a,95882474-470a-473a-912e-8213fef53fc7,6,be adequate to do sth.,足以做某事,
0719e446-63c4-4155-9238-c4a3096ea88a,f74ca4c7-cd6c-4f73-9b42-e7386107af72,1,a navigation app,导航应用程序,
0719e446-63c4-4155-9238-c4a3096ea88a,7d8097df-644a-454f-a593-5c0b8a3bdbb1,2,an expert in navigation,导航专家,
0719e446-63c4-4155-9238-c4a3096ea88a,8408316b-ad1b-4caf-bc38-594a1c850b8d,3,the right of navigation,航行权,
529d8212-9952-40d9-8adb-c12699f1aa09,932fa496-85bd-438e-b43a-d862bbd3bd82,1,an enthusiastic reception,热烈的欢迎,
529d8212-9952-40d9-8adb-c12699f1aa09,78136ea8-3e08-4fd9-9348-d53b71223120,2,an enthusiastic supporter,热心的支持者,
529d8212-9952-40d9-8adb-c12699f1aa09,8df8d009-dfa3-4a14-8780-e9051896e00a,3,be enthusiastic about sth.,对某事充满热情,
529d8212-9952-40d9-8adb-c12699f1aa09,c265ad74-63ad-46de-bb05-13c4508febe2,4,be enthusiastic in sth.,在某方面很热心,
529d8212-9952-40d9-8adb-c12699f1aa09,26235f23-e2b5-4f1a-999f-58ed3818fbf4,5,enthusiastic applause,热情的掌声,
529d8212-9952-40d9-8adb-c12699f1aa09,f05b3bbd-610b-48db-b09d-669d55195137,6,enthusiastic support,热情的支持,
2bc4c901-7426-42f0-98b4-7fea75921834,d8d27546-eb2c-43a0-853d-25b00c62ee5d,1,approve a plan,通过一个计划,
2bc4c901-7426-42f0-98b4-7fea75921834,3e0c7d23-0005-43d6-9646-3d110386b032,2,approve a proposal,批准提议,
2bc4c901-7426-42f0-98b4-7fea75921834,68f643d7-5687-4d5a-9ebb-7a1c2aabc638,3,approve of...,赞成……,
4e5a6579-83a6-4f10-a613-98f7c0dabf1b,4c2cbc7a-4fe3-4456-b13f-6b8da10dde87,1,approval for the sale,批准销售,
4e5a6579-83a6-4f10-a613-98f7c0dabf1b,69f1c43a-fc38-4039-8b91-24931a297c9c,2,be subject to approval,须经批准,
4e5a6579-83a6-4f10-a613-98f7c0dabf1b,1a914883-4376-4ae9-b368-19ada04fdf9a,3,look to sb. for approval,期待某人赞成,
4e5a6579-83a6-4f10-a613-98f7c0dabf1b,39b4ec9d-fa5b-4c36-b6f7-87f889b7d716,4,nod in approval,点头以示同意,
4e5a6579-83a6-4f10-a613-98f7c0dabf1b,80377835-089c-4c0b-a077-c95abae557f7,5,receive an approval,获得批准,
4e5a6579-83a6-4f10-a613-98f7c0dabf1b,71daee3d-1998-4a1a-8e9a-c3a0c7ee06ad,6,win one's approval,赢得某人的赞同,
27481197-eda9-48a6-a04d-a39bc3703d6c,a85b1732-2f46-46be-b952-f39fd7c6d23b,1,adopt an optimistic view,采取乐观的态度,
27481197-eda9-48a6-a04d-a39bc3703d6c,f95a4bc6-fe09-48ec-b06a-70e1ae787efd,2,an optimistic notion,乐观的理念,
27481197-eda9-48a6-a04d-a39bc3703d6c,5af3247a-cef0-4c80-9018-9cc7eea09670,3,be optimistic about sth.,对某事乐观,
27481197-eda9-48a6-a04d-a39bc3703d6c,647e467a-9a53-43f8-bb19-4b6b22acdf2d,4,in an optimistic mood,以乐观的情绪,
27481197-eda9-48a6-a04d-a39bc3703d6c,039c188f-9eff-4668-af26-7e01fe5e09f3,5,maintain optimistic beliefs,保持乐观的信念,
27481197-eda9-48a6-a04d-a39bc3703d6c,462f851b-59fa-44cf-84d3-9a1aac8a5ac2,6,three optimistic exercises,三步乐观训练法,
91e62da3-9ff3-4840-ae89-c5b0dcb8c199,5d23c501-13cc-4a1f-a1b2-7565fa0143f3,1,a unity of objectives,目标的统一,
91e62da3-9ff3-4840-ae89-c5b0dcb8c199,c10fa86a-622e-42e2-b10c-fc9f0a350f63,2,aim to be objective,力求做到客观,
91e62da3-9ff3-4840-ae89-c5b0dcb8c199,087a6c66-454d-4284-91c0-0e689834db86,3,the objective law,客观规律,
43afec92-cfa6-4d4c-ae32-0771817ddcb8,4e57ff75-d4af-40f0-a01e-2de2c4de29fa,1,a departure from tradition,违背传统,
43afec92-cfa6-4d4c-ae32-0771817ddcb8,f6620b82-9893-4b95-9719-e06d198daf1c,2,a surprise departure,意外离开,
43afec92-cfa6-4d4c-ae32-0771817ddcb8,83537271-8315-413c-9196-e2929d1c3177,3,departure to sp.,前往某地,
43afec92-cfa6-4d4c-ae32-0771817ddcb8,7f38f625-2782-4cbc-9035-8a99be076a30,4,the departure of sb.,某人的离开,
35c7fc49-36f8-4525-82be-3de81e366099,e108bc86-2987-4828-9fbc-36fafeb4da31,1,a reluctant choice,勉强的选择,
35c7fc49-36f8-4525-82be-3de81e366099,7a3981a2-26cb-415a-9a2a-dd0f59aa7340,2,a reluctant promise,不情愿的承诺,
35c7fc49-36f8-4525-82be-3de81e366099,62cf572d-ea28-4893-8498-26278fc70d97,3,be reluctant to do sth.,不愿做某事,
aab40d1c-179c-405a-97aa-508b93b08826,41a54164-737f-478a-85c1-11f546939dfa,1,a coaching scheme,训练计划,
aab40d1c-179c-405a-97aa-508b93b08826,76e631c7-de7c-4fa3-b16b-0fda5e7836b3,2,a compensation scheme,赔偿方案,
aab40d1c-179c-405a-97aa-508b93b08826,1e383428-5c33-45fb-8b35-7111bdd3d374,3,introduce a scheme,引进方案,
aab40d1c-179c-405a-97aa-508b93b08826,8ed1eb4d-5a47-4bdf-9649-73fe10936733,4,scheme against sb.,密谋反对某人,
aab40d1c-179c-405a-97aa-508b93b08826,fe9d393c-e88f-4d7f-b7ac-d94e175483f8,5,scheme one’s downfall,密谋把某人搞垮,
8e9e1591-1510-402c-8629-5bc8f18cdaf7,7e2fa51d-8f75-40e8-8854-5889ba3c7919,1,reverse the flow,扭转潮流,
8e9e1591-1510-402c-8629-5bc8f18cdaf7,e1435d26-6540-4004-a12d-4dbd1b5b4173,2,reverse the order,颠倒次序,
8e9e1591-1510-402c-8629-5bc8f18cdaf7,2c19d0ca-ba3d-48a7-85c3-e7d42ce42ee0,3,reverse the trend,扭转趋势,
8e9e1591-1510-402c-8629-5bc8f18cdaf7,94d97e3c-b172-4930-9101-ca410b04e2f8,4,the reverse of...,......的反面,
8e9e1591-1510-402c-8629-5bc8f18cdaf7,578902c4-c2ac-402c-b29e-91afea68a8fd,5,the reverse side,反面,
8e9e1591-1510-402c-8629-5bc8f18cdaf7,a8a1c0e7-8283-47ca-8fa9-9a57746ff07d,6,try to reverse sth.,努力扭转某一局面,
c9637960-7adf-4794-be31-71dd4d171f5b,a1ba4d77-a15c-4ffb-bbd7-acb0ec9065e7,1,barely cover sth.,几乎不够支付某物,
c9637960-7adf-4794-be31-71dd4d171f5b,41d339a6-e177-4789-9b2f-4beff0b3c8a3,2,barely enough food,勉强够的食物,
c9637960-7adf-4794-be31-71dd4d171f5b,8d462638-641c-4d52-ac4a-43a95e93e0c2,3,barely notice...,几乎没有注意到……,
c9637960-7adf-4794-be31-71dd4d171f5b,e0ed69ba-52be-4a1a-b8a5-e71438406dec,4,barely see,几乎看不见,
c9637960-7adf-4794-be31-71dd4d171f5b,beac5392-dac9-450f-9018-0224e1e71da7,5,be barely able to stand,能勉强站立,
c9637960-7adf-4794-be31-71dd4d171f5b,4a34b606-9d1a-4db3-9193-d7aa05db0778,6,be barely visible,勉强看得见,
0a2da8df-7a4a-41ad-bfe0-da8e84a967cd,326dd398-9aa7-4d5c-bff9-f9a773d3b347,1,a linguistic trait,语言特征,
0a2da8df-7a4a-41ad-bfe0-da8e84a967cd,1a2de01a-f81b-4ad2-852d-cdcaf7588f47,2,a personality trait,性格特点,
0a2da8df-7a4a-41ad-bfe0-da8e84a967cd,b9c192b5-1a16-4bdd-8406-ab39cc0f5e80,3,a trait of character,性格特征,
0a2da8df-7a4a-41ad-bfe0-da8e84a967cd,ad3dfe88-c4d6-4556-bac8-516bdeb3efed,4,a trait of humor,幽默的特点,
0a2da8df-7a4a-41ad-bfe0-da8e84a967cd,03d770bb-0b6e-40c3-b855-965cd453dc99,5,identify a trait,确定特征,
0a2da8df-7a4a-41ad-bfe0-da8e84a967cd,fb86434e-0adf-408d-8bcf-2037f6bae40a,6,modify a trait,修改特性,
83068b64-a2ca-4a11-9248-33ea0733d550,3b8920d1-cac1-498a-8e32-86e2bd6d3487,1,complete a transfer,完成转移,
83068b64-a2ca-4a11-9248-33ea0733d550,8d5d31d2-0435-42a9-ae86-c8a657ade0e5,2,transfer cargo,转移货物,
83068b64-a2ca-4a11-9248-33ea0733d550,1cb12a2e-01a7-42b7-b3eb-d3e76d5ff155,3,transfer sb. to sp.,把某人调到某地,
c8faf755-a566-459e-9d32-9544bab6c23d,2a6c96a3-6ebb-4eb0-8f4a-1a9c45d37367,1,a progressive policy,进步政策,
c8faf755-a566-459e-9d32-9544bab6c23d,63cfe9e6-9b07-4b7f-adde-158c565346cc,2,a progressive politician,进步的政治家,
c8faf755-a566-459e-9d32-9544bab6c23d,0e80b57e-88b8-4c78-a22a-2d9970f750c9,3,a progressive reduction,逐步减少,
c8faf755-a566-459e-9d32-9544bab6c23d,60301039-82c4-4299-ac50-1a4910dbfa6d,4,a progressive school,先进学校,
c8faf755-a566-459e-9d32-9544bab6c23d,7a425e48-8eb7-43ca-9c88-298ab0e6e345,5,environmentally progressive,环保进步,
c8faf755-a566-459e-9d32-9544bab6c23d,b6b2660d-f877-4889-a935-9f7d69952ec8,6,progressive development,稳步的发展,
1e35e6cb-ec38-431d-9553-e8a4620c72a5,bdf7dc92-6c44-4c51-a7e6-e64691ee79fb,1,a job database,求职数据库,
1e35e6cb-ec38-431d-9553-e8a4620c72a5,2f3fd9f3-934b-464a-ad90-6fb003ba6c51,2,check the database,查阅数据库,
1e35e6cb-ec38-431d-9553-e8a4620c72a5,d025f0e6-8183-41ff-94a0-2dcfafd56562,3,exit the database,退出数据库,
1e35e6cb-ec38-431d-9553-e8a4620c72a5,7da2ec67-73d7-4b74-8e1b-c829bae32d29,4,maintain a database,维护数据库,
01b9b267-a642-4c3c-bd08-31630d8133e2,32fd09be-e718-4b12-894e-a5f3e20239d1,1,appreciate instructions,理解指令,
01b9b267-a642-4c3c-bd08-31630d8133e2,c0674e3d-b0db-406b-b21f-666eb73fb4f7,2,carry out instructions,执行命令,
01b9b267-a642-4c3c-bd08-31630d8133e2,ac4972a4-f210-417f-8e0c-91d997691f20,3,follow the instructions,按照用法说明操作,
5ef24a55-00f0-44cc-9019-5a3b15abb641,8032ca4e-2bcd-48ec-aa93-cc62ad25d516,1,instruct sb. to do sth.,指示某人做某事,
5ef24a55-00f0-44cc-9019-5a3b15abb641,68092f55-9c53-4cdd-9d53-abbc2bf62116,2,instruct the bank,通知银行,
5ef24a55-00f0-44cc-9019-5a3b15abb641,4bd7bfeb-b6c6-462e-9d99-48b945863f17,3,instruct the child,教导孩子,
989b7674-d59e-4abc-b08e-853704fe7f53,89942317-fa6a-444a-97b9-56b6457d048a,1,be closely examined,被仔细调查,
989b7674-d59e-4abc-b08e-853704fe7f53,b5afd940-0f06-45b8-af9f-74de7aa868be,2,examine a birth certificate,检查出生证,
989b7674-d59e-4abc-b08e-853704fe7f53,bbb8733d-c672-4b01-ba97-e8349e3636c7,3,examine one’s passport,检查某人的护照,
989b7674-d59e-4abc-b08e-853704fe7f53,0c34c1a4-61dd-433f-bd1d-b6019b5420cc,4,examine the crisis,调查危机,
989b7674-d59e-4abc-b08e-853704fe7f53,07cad1be-b0e1-496a-a01d-8796bc135e21,5,examine the history,调查历史,
881872a1-ee3b-4213-a598-a108aacf741f,0f37d342-a721-4953-8d75-67989716cc10,1,complex structure,复杂的体系,
881872a1-ee3b-4213-a598-a108aacf741f,c540089d-c323-43b2-aa8a-0cd713940d20,2,population structure,人口结构,
881872a1-ee3b-4213-a598-a108aacf741f,2d99a901-b5fd-4211-83e3-fe309b596366,3,readjust a structure,重新调整结构,
fa118226-096c-4f04-80f7-b540c139564f,0b426e89-1e2c-4b35-8543-68abfea2577c,1,construct a theory,创建理论,
fa118226-096c-4f04-80f7-b540c139564f,ae354eac-1b52-4a9a-a806-cdc20ae263f5,2,construct a triangle,画三角形,
fa118226-096c-4f04-80f7-b540c139564f,0d8a67e4-5eb9-40a2-be33-9f4f630d197c,3,construct an ideal society,构建理想社会,
fa118226-096c-4f04-80f7-b540c139564f,54cb7b01-f3d9-4720-bc52-278851848089,4,construct irrigation channels,建造灌溉渠道,
5fff9b79-9a3c-4262-9e0d-32591123bdbe,9039812a-7db9-4a89-b68a-3d2b3c236b4c,1,exaggerate a story,夸大其词,
5fff9b79-9a3c-4262-9e0d-32591123bdbe,ab1457db-f22f-4bf9-9628-5923356a5cd4,2,exaggerate statements,夸大言辞,
5fff9b79-9a3c-4262-9e0d-32591123bdbe,2bf8ee99-0ba8-4281-a350-1a8f808d5a71,3,tend to exaggerate sth.,往往夸大某事,
476fbfaf-e23a-4b9e-9f4e-37268b0e194e,2bf257af-50c8-434b-a978-efd75a342dcb,1,a MTV celebrity,音乐电视名人,
476fbfaf-e23a-4b9e-9f4e-37268b0e194e,1eb6b311-923a-416c-b5d4-2b09534f02e2,2,a celebrity chef,名厨,
476fbfaf-e23a-4b9e-9f4e-37268b0e194e,10bcd565-a457-4977-9a4d-a0b52b9b5ada,3,a celebrity magazine,名人杂志,
476fbfaf-e23a-4b9e-9f4e-37268b0e194e,68be2cca-e805-4a89-a363-ab81832923e2,4,achieve celebrity,获得名誉,
476fbfaf-e23a-4b9e-9f4e-37268b0e194e,bffaf0dd-581d-4344-920b-7b2b3282f957,5,international celebrity,国际声誉,
5fa77b6f-1bf3-47d9-b7a9-31de6daddf0a,b6795ab4-54b4-4cbe-b122-c6cd48a9819b,1,a destructive drought,具有破坏性的旱灾,
5fa77b6f-1bf3-47d9-b7a9-31de6daddf0a,3a296702-acac-4204-92cc-aa5bd526a921,2,a terrible drought,严重的干旱,
5fa77b6f-1bf3-47d9-b7a9-31de6daddf0a,0ffe74d9-3fa9-4301-9b48-3218d56ae638,3,at risk of drought,面临干旱的风险,
5fa77b6f-1bf3-47d9-b7a9-31de6daddf0a,f90e238b-639f-4cef-9ab2-83fc673488da,4,suffer drought,遭受旱灾,
1099d61e-6112-4a70-8ac6-c5d4866e5516,b151373b-2c68-4573-b6a8-79d2ee127990,1,be first detected,被首次发现,
1099d61e-6112-4a70-8ac6-c5d4866e5516,3a545112-9f37-462e-b28c-39f6c2f88a9a,2,detect a note of...,觉察到……语气,
1099d61e-6112-4a70-8ac6-c5d4866e5516,16728e37-2d1d-4e90-9f1f-6d06f607108a,3,detect an error,发现错误,
1099d61e-6112-4a70-8ac6-c5d4866e5516,0f56383a-973d-4a7c-ac9a-7a48bb27e8e2,4,detect human smells,察觉人体气味,
1099d61e-6112-4a70-8ac6-c5d4866e5516,a78246a7-0067-466b-8a8b-d1f3a42da502,5,detect the disease,检测疾病,
1099d61e-6112-4a70-8ac6-c5d4866e5516,bee619ef-3fc6-487e-ac6a-1e473cff0e79,6,fail to detect sth.,未能察觉某事,
8a552bad-8580-42f7-b2ed-3fab5e2a1f88,dd201eb5-3c92-4fab-9a41-ffc5dcf7dc08,1,a hypothesis about sth.,关于某事的假设,
8a552bad-8580-42f7-b2ed-3fab5e2a1f88,84c19fe9-0697-48b6-8fbc-1efe7e30ef64,2,a testable hypothesis,可验证的假设,
8a552bad-8580-42f7-b2ed-3fab5e2a1f88,4cf4ba06-e2a2-4b11-a8ba-42f3ad368d35,3,engage in hypothesis,进行猜测,
8a552bad-8580-42f7-b2ed-3fab5e2a1f88,808d9f4a-2e9b-459e-9991-c7b984d106da,4,formulate a hypothesis,提出假设,
fc92dc96-f006-4c6c-b893-c31a3467022d,29c4a2d7-cfe9-413c-b144-22c1b15c783e,1,be imposed by...,被……强加,
fc92dc96-f006-4c6c-b893-c31a3467022d,d410e116-f9c1-4bfd-ba4c-d5701d847790,2,impose a burden,强加负担,
fc92dc96-f006-4c6c-b893-c31a3467022d,5c2bb1aa-364b-426e-b300-dda4e12df0a3,3,impose a complete ban,强行完全禁止,
fc92dc96-f006-4c6c-b893-c31a3467022d,ab216ad7-c901-4693-a6c2-ce006f7a2cdb,4,impose a rule,强制实行规定,
fc92dc96-f006-4c6c-b893-c31a3467022d,f6e2eef6-927f-48f9-a208-6a883ba631de,5,impose on/upon sb.,勉强某人,
fc92dc96-f006-4c6c-b893-c31a3467022d,e196b911-5e73-4143-a7e2-7956b3a3a4dc,6,impose sth. on...,把某物强加于……,
c76e8d85-8bee-434e-981b-7f7158971b62,b951c8c3-d542-4995-9b3d-5213d0d1ce42,1,a legal consequence,法律后果,
c76e8d85-8bee-434e-981b-7f7158971b62,59a8cb57-a232-4bc9-aad9-a034186f5618,2,a legal solution,合法的解决方案,
c76e8d85-8bee-434e-981b-7f7158971b62,ff859c09-99c6-4dd8-ada2-c5756a39db8a,3,legal liability,法律责任,
add6bba3-0fcc-4067-89cd-5d76d3c841b4,c2aa020f-b315-4bd7-821d-85e287bfb821,1,a gripping narrative,扣人心弦的描述,
add6bba3-0fcc-4067-89cd-5d76d3c841b4,107b1e91-d436-4dcf-ae03-4bff8536ddab,2,a narrative of sth.,对某物的描述,
add6bba3-0fcc-4067-89cd-5d76d3c841b4,c85aa05f-80f4-4b0e-84c3-7348bbf21631,3,a narrative poem,叙事诗,
add6bba3-0fcc-4067-89cd-5d76d3c841b4,e6077e55-bd5a-40e4-a5a8-eafd1a984d4f,4,a narrative structure,叙事结构,
add6bba3-0fcc-4067-89cd-5d76d3c841b4,97ad4ef5-8fba-47e2-b744-a7bfbfc8ad67,5,an individualistic narrative,个人主义叙述,
add6bba3-0fcc-4067-89cd-5d76d3c841b4,17600c65-1c66-43c6-aed3-a7a7c732842c,6,be strong on narrative,善于叙述,
f3bab13f-b7c6-4008-8216-ea2d35ec9695,00ed2683-5587-451b-907f-98257b237387,1,prevent destruction,阻止毁灭,
f3bab13f-b7c6-4008-8216-ea2d35ec9695,a6b05b5f-2b34-4031-bb2b-fed527a918e8,2,the destruction of sth.,对某物的破坏,
f3bab13f-b7c6-4008-8216-ea2d35ec9695,2053bc7b-b2a1-4b39-9cb5-968474c8863e,3,weapons of destruction,杀伤性武器,
366601f4-6cad-462d-8b57-406132ff3246,cb665409-dd43-4fdd-9187-d622ed4cb3b6,1,react against sth.,反对某事,
366601f4-6cad-462d-8b57-406132ff3246,9ead3215-2ae3-4092-bece-5eb6f06b987d,2,react quickly,快速做出反应,
366601f4-6cad-462d-8b57-406132ff3246,096798f4-0df9-48c5-a591-29e7cf699109,3,react to certain food,对某些食物过敏,
366601f4-6cad-462d-8b57-406132ff3246,aa0aca6c-89e3-4ac5-b74b-47a4fe760230,4,react to sth.,对某事做出反应,
366601f4-6cad-462d-8b57-406132ff3246,10bf66a2-96fa-478b-9923-c25f585c9dc6,5,react with a feeling...,以……的心情回应,
366601f4-6cad-462d-8b57-406132ff3246,1cb87d9f-f15e-4fb7-b767-7dbe57b1e085,6,react with sth.,和某物起化学反应,
626e4c31-ba47-46ce-96cf-43c25939226a,51e2855d-7b1e-4666-96a5-e8551720b90d,1,a department store,百货商店,
626e4c31-ba47-46ce-96cf-43c25939226a,2b28a638-627a-4f39-9cc8-acb9d83273de,2,a grain store,粮仓,
626e4c31-ba47-46ce-96cf-43c25939226a,93a5bc09-8654-42c0-bf42-30385accc010,3,a physical store,实体店,
626e4c31-ba47-46ce-96cf-43c25939226a,18df9333-2be5-4631-9560-a38b981ec176,4,naval stores,海军物资,
626e4c31-ba47-46ce-96cf-43c25939226a,1f0f0297-558f-4716-b049-ee6859f35131,5,store data,贮存数据,
626e4c31-ba47-46ce-96cf-43c25939226a,70de7b43-593b-46ea-b07c-2e82217c3027,6,store information,贮存信息,
21bbe3b4-700f-41a2-bf27-e0b5b7f10970,00f0572a-48a1-4b9d-ad49-08731dd5545f,1,restore a building,修复建筑物,
21bbe3b4-700f-41a2-bf27-e0b5b7f10970,5a7aa593-1986-4ead-975d-600ca16cd222,2,restore habitat,恢复栖息地,
21bbe3b4-700f-41a2-bf27-e0b5b7f10970,174d4cdb-1829-46a7-87b8-db7427ee0964,3,restore old paintings,修复旧画,
21bbe3b4-700f-41a2-bf27-e0b5b7f10970,b9ceca1c-9eba-447e-af88-8bf252f64c9c,4,restore public trust,恢复公众信任,
21bbe3b4-700f-41a2-bf27-e0b5b7f10970,010bca76-5a07-4985-b216-a5d8b38a3512,5,restore sb. to health,使某人恢复健康,
21bbe3b4-700f-41a2-bf27-e0b5b7f10970,a5b8cf72-9ae4-4a18-82f9-907b6207143b,6,restore the glory,恢复荣耀,
1a7a8495-73e2-4732-8b4e-95687c75fbfa,fe686e21-5d6e-465e-a753-f597b41eaf38,1,pull a trigger,扣板机,
1a7a8495-73e2-4732-8b4e-95687c75fbfa,247d74da-6fa4-45e7-8c29-9d83b39b67ed,2,trigger a debate,引起争论,
1a7a8495-73e2-4732-8b4e-95687c75fbfa,e6821cbf-1baa-4c74-ac13-6a60bc6d38f9,3,trigger a memory,触发回忆,
1a7a8495-73e2-4732-8b4e-95687c75fbfa,95c517bf-7688-42da-85e8-f93b5daef492,4,trigger an instinct,触发本能,
92bb8b49-69d6-4bf6-9ab1-2a0bcd4fd24b,d73c2b94-4fc1-48e8-8c76-300b34362abd,1,multiply A and B,A 和 B 相乘,
92bb8b49-69d6-4bf6-9ab1-2a0bcd4fd24b,fb144f5a-dc05-4018-8596-22eb1ed99a25,2,multiply by...,乘以……,
92bb8b49-69d6-4bf6-9ab1-2a0bcd4fd24b,e04c15cc-13c9-436b-95b1-8614a42b02d4,3,multiply quickly,迅速增加,
92bb8b49-69d6-4bf6-9ab1-2a0bcd4fd24b,b3b7e3a3-5f6e-46ab-835e-aeb613f0afd8,4,multiply the risk of cancer,增加癌症风险,
ec1860f0-21bd-427c-b462-70aca1675938,36b8b5f4-4456-4665-83e8-e94996607c16,1,a common multiple,公倍数,
ec1860f0-21bd-427c-b462-70aca1675938,d2881dad-22ae-4967-98b5-ce471669f7ab,2,multiple paths,多种途径,
ec1860f0-21bd-427c-b462-70aca1675938,2083a731-8b99-4b0e-a060-abe6a39ddfd2,3,multiple times,多次,
01792bf4-1fa3-4e3d-a76f-70e6caf8881b,e63471e5-9a90-4fd5-a428-2a5c56c56fce,1,a global epidemic,全球性的流行病,
01792bf4-1fa3-4e3d-a76f-70e6caf8881b,ed0562fd-c714-4b81-a869-529bc208d55e,2,a social epidemic,社会流行病,
01792bf4-1fa3-4e3d-a76f-70e6caf8881b,32aa849c-6682-4a7b-801f-1f8765f8798f,3,an epidemic disease,一种流行病,
01792bf4-1fa3-4e3d-a76f-70e6caf8881b,fea2108f-f973-4b01-aa91-a4aa8f4fda41,4,an epidemic of sth.,某事频发,
01792bf4-1fa3-4e3d-a76f-70e6caf8881b,db6d0f32-05cc-4348-838c-de9752c49c2c,5,epidemic flu,流感,
01792bf4-1fa3-4e3d-a76f-70e6caf8881b,02d1d086-e5b8-470b-aa28-b98e5ef907dc,6,suffer from an epidemic,患病流行病,
9aea4c6d-9739-4f00-b1c8-7d80ff97c835,d7778e29-1b2a-46fb-bec9-2021bbc3d5c8,1,an image upgrade,形象提升,
9aea4c6d-9739-4f00-b1c8-7d80ff97c835,18ef515c-3bed-4cdb-99de-f3bbc4df3b74,2,be upgraded to leader,被提拔为领导,
9aea4c6d-9739-4f00-b1c8-7d80ff97c835,35453012-3832-4471-ad0a-f21c0d99b97a,3,invest in an upgrade,投资升级,
9aea4c6d-9739-4f00-b1c8-7d80ff97c835,4b284b85-29a1-43f6-9760-09ae77bda740,4,no need for an upgrade,无须提升,
9aea4c6d-9739-4f00-b1c8-7d80ff97c835,ff7fe3be-31f6-4912-bb4d-0001e9463cbc,5,upgrade a system,升级系统,
9aea4c6d-9739-4f00-b1c8-7d80ff97c835,90498516-1d14-4d60-9d79-c12b486ffb24,6,upgrade facilities,改善设施,
79f63d3a-77f3-4287-b62f-44e743b22bee,d42b52d3-d167-463a-a5c4-b9186d58c261,1,absent oneself from sp.,某人不在某地,
79f63d3a-77f3-4287-b62f-44e743b22bee,b14d6472-ee07-4bfb-a55d-b0395323d564,2,be absent from...,缺席……,
79f63d3a-77f3-4287-b62f-44e743b22bee,f9b72427-7909-4c89-bbac-52b2540a8d16,3,be absent in one’s mind,心不在焉,
79f63d3a-77f3-4287-b62f-44e743b22bee,1d21e908-3424-4217-a50d-cf3112183ebd,4,be absent of sth.,缺乏某物,
247d2f68-8f2a-4d53-ae1d-f70577bb87ee,ce48beab-a8e1-4708-86b8-b804c3e5ff4d,1,a long absence,长期缺席,
247d2f68-8f2a-4d53-ae1d-f70577bb87ee,6cb6fc1e-e879-4957-bca6-e57386a95489,2,absence from work,缺勤,
247d2f68-8f2a-4d53-ae1d-f70577bb87ee,77a08d7e-18cf-4d0f-a2f2-ee4be88b3e0c,3,during one’s absence,某人不在期间,
247d2f68-8f2a-4d53-ae1d-f70577bb87ee,b07b2e7e-a830-4995-9edd-4ba289d6a56e,4,in the absence of...,在缺乏……的情况下,
247d2f68-8f2a-4d53-ae1d-f70577bb87ee,ede563d6-c6e5-4d75-910d-a34afb21b257,5,the absence of purpose,目的的缺失,
247d2f68-8f2a-4d53-ae1d-f70577bb87ee,ea423af4-cff8-426e-b822-2d844beecc3e,6,the absence of work,缺乏工作,
10cc2558-4f14-4a9f-b54f-03b22ae4218f,283c7357-423e-4c18-ab9d-8921ba5a06a0,1,cherish a moment,怀念某一时刻,
10cc2558-4f14-4a9f-b54f-03b22ae4218f,a670c113-b711-441e-bbfa-46ad01426791,2,cherish an illusion,抱有幻想,
10cc2558-4f14-4a9f-b54f-03b22ae4218f,e51d47a7-7c46-4f23-ae39-78080eed9c6b,3,cherish time,珍惜时间,
10cc2558-4f14-4a9f-b54f-03b22ae4218f,5339069e-27b5-42c9-b294-6812e256dcd9,4,need to be cherished,需要被珍爱,
f60cadeb-cd30-4d9f-823c-87a413c61d32,ff451210-987c-4055-91f4-f8dc86fd5758,1,be severely punished,受到严厉惩罚,
f60cadeb-cd30-4d9f-823c-87a413c61d32,10d720ea-742e-4844-977e-813af65b548d,2,punish a waiter,处罚服务员,
f60cadeb-cd30-4d9f-823c-87a413c61d32,09304bc8-df5b-4abc-ba82-2f1427b9518d,3,punish crimes,惩处犯罪行为,
f60cadeb-cd30-4d9f-823c-87a413c61d32,e203e346-18f6-41c5-af6b-fceb26a962bf,4,punish sb. for...,因为……惩罚某人,
afa9f53d-bf83-409a-993f-4c1dde224129,06ff2fa1-d9ef-4a10-836b-2863ba312422,1,adverse circumstances,逆境,
afa9f53d-bf83-409a-993f-4c1dde224129,d16398b8-b3dc-40ce-8d3f-a7e9bb825fd7,2,adverse conditions,不利条件,
afa9f53d-bf83-409a-993f-4c1dde224129,d4606f25-c8a7-4794-b49b-7456d9bac96f,3,an adverse current,逆流,
afa9f53d-bf83-409a-993f-4c1dde224129,303465d3-2ce1-4855-871d-c715a4132a08,4,an adverse effect,副作用,
922257db-6fd5-4a2c-9428-d2fa28a15a70,6cec9205-fa4b-4254-8204-717b06c25c65,1,an opposite conclusion,相反的结论,
922257db-6fd5-4a2c-9428-d2fa28a15a70,57947caf-221c-4885-bb2e-e635dc71f55a,2,an opposite direction,相反方向,
922257db-6fd5-4a2c-9428-d2fa28a15a70,fc20de0e-1a2a-44b2-a66b-eecc6cedc878,3,opposite the supermarket,在超市的正对面,
922257db-6fd5-4a2c-9428-d2fa28a15a70,0959de4a-42da-4a73-839e-ee6042db3b55,4,the opposite of...,……的反面,
922257db-6fd5-4a2c-9428-d2fa28a15a70,38114bc8-020f-4340-9b21-76ec40385f3d,5,the opposite side,对方,
922257db-6fd5-4a2c-9428-d2fa28a15a70,4abbe1c5-df8d-416e-9a8d-891bfa14911e,6,two opposite aspects,正反两方面,
ebbbd142-1d89-4514-a7a0-981ee72cbafb,f483b973-8e7a-4e9a-9e61-881a64d5cc39,1,alert sb. to sth.,提醒某人某事,
ebbbd142-1d89-4514-a7a0-981ee72cbafb,d14f2bbf-4293-490c-b7d7-77ef88c8b9ed,2,on the alert,处于警戒状态,
ebbbd142-1d89-4514-a7a0-981ee72cbafb,7d1dcd90-e262-41fc-bad9-38c944055b6e,3,stay alert,保持警觉,
35a0aff5-a463-429f-be9e-5c891418037e,33329471-b19a-4c24-8f1a-94abf043a2a2,1,a rational decision,理性的决定,
35a0aff5-a463-429f-be9e-5c891418037e,7f5e3678-5b2e-471b-b75d-cf43b550bce4,2,a rational statement,合理的说法,
35a0aff5-a463-429f-be9e-5c891418037e,e2b50879-14b6-4bb9-b28b-e42e288e5db0,3,be far from rational,完全不理智,
35a0aff5-a463-429f-be9e-5c891418037e,5afd7642-3fc5-400f-b681-d5cd5806ffdb,4,rational thought,理性的思考,
89d49c6c-3e2f-434e-ab92-1d1bd07bc662,6c59ba5f-ade2-494b-932c-b877a297f19c,1,a Congress member,国会成员,
89d49c6c-3e2f-434e-ab92-1d1bd07bc662,b5b1af5f-9158-45a8-b6c4-56d048d7d945,2,an encounter with Congress,与国会的交锋,
89d49c6c-3e2f-434e-ab92-1d1bd07bc662,7127aeaf-cd6e-4f53-bb5c-488e6e67d142,3,an international congress,国际代表大会,
89d49c6c-3e2f-434e-ab92-1d1bd07bc662,32ad6b53-b3f8-4f24-98c9-2d023d76625c,4,be decided by Congress,由国会决定,
89d49c6c-3e2f-434e-ab92-1d1bd07bc662,0af18ccf-4fe3-45d9-9b88-5a4a78a37957,5,hold a congress,召开代表大会,
89d49c6c-3e2f-434e-ab92-1d1bd07bc662,edf847e7-7be4-4c23-a1cd-b8cfe1788b27,6,the party congress,党代会,
152cbca2-9727-443f-a154-076d92347a9b,21aebfe6-7ec9-4996-936d-8abdcf7c66cf,1,collapse abruptly,突然倒塌,
152cbca2-9727-443f-a154-076d92347a9b,fa978ffe-d396-4a4f-a2c4-571b013c7776,2,collapse after...,在……之后崩溃,
152cbca2-9727-443f-a154-076d92347a9b,9a9b9b85-3759-45c7-9017-b8a7bfe9a7b7,3,economic collapse,经济崩溃,
cb455c2b-6861-4c10-97cc-3b620032d9c7,a16522c7-cfad-4a71-bb5b-5fc38b40d8d5,1,compel enforcement,强迫执行,
cb455c2b-6861-4c10-97cc-3b620032d9c7,bb063abb-5f74-456a-a472-3cceb3cfebd8,2,compel sb. to do sth.,迫使某人做某事,
cb455c2b-6861-4c10-97cc-3b620032d9c7,448d4cca-a7f2-4876-ba82-a42c998c9648,3,compel the attention of,引起……的注意,
cb455c2b-6861-4c10-97cc-3b620032d9c7,4ee04301-1af8-44f2-ad4a-f1e54b9d31d4,4,feel compelled to do sth.,觉得必须做某事,
e8a10058-d575-4b4b-b9a3-a4de470b9458,cb1bccaf-5350-44cc-94d7-8628655fc278,1,assert one’s innocence,坚称某人是清白的,
e8a10058-d575-4b4b-b9a3-a4de470b9458,8e6ec0ff-7bf1-4fb0-a241-077fe25ccfc3,2,assert one’s right,维护某人的权利,
e8a10058-d575-4b4b-b9a3-a4de470b9458,0a81451c-b390-486c-bb94-8d42b658c565,3,assert one’s view of sth.,坚持对某事的看法,
e8a10058-d575-4b4b-b9a3-a4de470b9458,08d28260-579a-41ef-81e7-d1f75ed475ec,4,assert the truth,断言事实,
c7225615-659c-4e03-9e3a-a566c815655f,b8557527-454d-4a45-b363-d9b59bb0eb6d,1,a broad consensus,广泛的共识,
c7225615-659c-4e03-9e3a-a566c815655f,b0fb0b13-bebb-4df6-8ca1-a381fa602325,2,achieve consensus on...,就……达成共识,
c7225615-659c-4e03-9e3a-a566c815655f,03eebd84-2764-471f-a238-a9b2ed55d1a6,3,emerging consensus,初步的共识,
6536d59b-ee2e-49e8-8b44-0f3b5e4ca6db,727b11c1-25e4-4236-86ca-e3ca892472ac,1,be confronted with sth.,面临某事,
6536d59b-ee2e-49e8-8b44-0f3b5e4ca6db,2815745f-20a2-4a96-9044-f110ed5922d4,2,confront a robber,与劫匪对峙,
6536d59b-ee2e-49e8-8b44-0f3b5e4ca6db,eb766f35-002c-4138-bf42-61a85347174b,3,confront death,面对死亡,
6536d59b-ee2e-49e8-8b44-0f3b5e4ca6db,8975c0f3-bc16-4439-acc2-3b09f172f62c,4,confront moral questions,正视道德问题,
6536d59b-ee2e-49e8-8b44-0f3b5e4ca6db,62c2bb44-bdce-4eca-acbb-19ff5e3e3c68,5,confront rising costs,面对增长的成本,
6536d59b-ee2e-49e8-8b44-0f3b5e4ca6db,f6a4002f-e0e8-4c10-9986-c292290c4766,6,confront the reality,正视现实,
b5a3bd8e-5b4b-486b-bd91-d8e461009240,87c483e9-9bbe-47eb-b956-c250607347da,1,a controversial issue,引起争论的问题,
b5a3bd8e-5b4b-486b-bd91-d8e461009240,35de0ca5-9370-4445-8f36-34e97a005405,2,a controversial plan,备受争议的计划,
b5a3bd8e-5b4b-486b-bd91-d8e461009240,baae4b33-01d1-4584-8458-3f89c88570cc,3,a controversial view,异议,
b5a3bd8e-5b4b-486b-bd91-d8e461009240,62dc002f-c427-4917-be5f-05ea1657ec43,4,highly controversial means,颇有争议的方法,
68c8606c-97f2-4ef5-a8f1-d9683ec23333,3dcf3a22-81ff-4444-9c17-e8c8d97baf1a,1,a controversy over sth.,有关某事的辩论,
68c8606c-97f2-4ef5-a8f1-d9683ec23333,dc27447c-c6d7-4074-a2a7-ab05daa1032c,2,a focus of controversy,辩论的焦点,
68c8606c-97f2-4ef5-a8f1-d9683ec23333,46a5046a-004c-4fe9-b5ae-b8ac974f2615,3,a violent controversy,激烈的辩论,
68c8606c-97f2-4ef5-a8f1-d9683ec23333,3db77fbb-ddc1-4e42-89f9-f08a6e4277ef,4,arouse controversy,引起争议,
68c8606c-97f2-4ef5-a8f1-d9683ec23333,fe84c437-e8bf-4c43-aef7-4302b114e936,5,cause a controversy,引发争论,
68c8606c-97f2-4ef5-a8f1-d9683ec23333,533488ed-3d09-4db3-a261-f253736af4f8,6,current controversy,当前的争论,
c47d59b8-b1db-4e23-9418-340c36d90314,caa4a6aa-a79c-4081-ac25-6eac3daca913,1,be dismissed by sb.,被某人驳回,
c47d59b8-b1db-4e23-9418-340c36d90314,d5781958-4309-453f-bf5a-b3cb031bc787,2,be unfairly dismissed,被无理免职,
c47d59b8-b1db-4e23-9418-340c36d90314,2a53d59f-200a-4c09-b4f3-5acf9a66063b,3,dismiss a meeting,解散会议,
c47d59b8-b1db-4e23-9418-340c36d90314,1cd3f86a-f430-41f4-9eb3-86caa05ab55c,4,dismiss a possibility,排除可能性,
c47d59b8-b1db-4e23-9418-340c36d90314,a22e27f0-9037-4d4b-a48e-bc40970c355d,5,dismiss an objection,对异议不予理会,
c47d59b8-b1db-4e23-9418-340c36d90314,c172283d-c368-4a90-abb0-125760838286,6,dismiss sb. from...,从……解雇某人,
21dcdecb-f236-449c-96b2-3fdc1ff08a5e,ac48af29-7b1d-4488-8de0-0e5a36d4ac92,1,a brief encounter,短暂的相遇,
21dcdecb-f236-449c-96b2-3fdc1ff08a5e,bfe54dd2-9d5e-4f56-b0aa-bc6729022ae2,2,a bruising encounter,激烈的交锋,
21dcdecb-f236-449c-96b2-3fdc1ff08a5e,1560065a-59c0-4621-be49-480ac18a9507,3,an encounter with sb.,遇到某人,
21dcdecb-f236-449c-96b2-3fdc1ff08a5e,c614946d-05eb-44d9-b696-6481d0b2f8d1,4,an unfortunate encounter,不幸的遭遇,
21dcdecb-f236-449c-96b2-3fdc1ff08a5e,bc556d99-e341-489b-b50e-6af8ab409910,5,encounter an issue,遇到一个问题,
21dcdecb-f236-449c-96b2-3fdc1ff08a5e,f629dd66-2c30-40af-9a23-6c214d58d0cc,6,encounter opposition,遭到反对,
fb5c26b7-b838-4db4-ac74-5873f3efab9d,69f2417a-c26b-410c-aa14-5f922f4b9401,1,a move against rivals,抵抗对手的行动,
fb5c26b7-b838-4db4-ac74-5873f3efab9d,a6921690-64aa-42fa-aae5-890d84fbc1a1,2,a relationship with a rival,与对手的关系,
fb5c26b7-b838-4db4-ac74-5873f3efab9d,e67c66c6-a3c5-4df1-b251-e073da6ccfe6,3,a rival to sb.,某人的对手,
fb5c26b7-b838-4db4-ac74-5873f3efab9d,23c10a4d-1716-47da-b646-8ee7fb8d3991,4,a slack rival,懒散的对手,
fb5c26b7-b838-4db4-ac74-5873f3efab9d,be453f7e-c359-471e-a2e1-64143b4c8d32,5,as a mighty rival,作为强大的竞争对手,
fb5c26b7-b838-4db4-ac74-5873f3efab9d,f1d799cd-8e97-4e49-9128-9bb660203da8,6,rival sb. in sth.,在某方面比得上某人,
97b40544-0a82-49ea-8793-fe91037f05c5,84f862aa-0b19-4983-a969-089de8de5ce3,1,a formula for sth.,某事的方案,
97b40544-0a82-49ea-8793-fe91037f05c5,bb73fda2-2e88-4834-a699-d1db5c7bf6e7,2,a secret formula,秘方,
97b40544-0a82-49ea-8793-fe91037f05c5,c0f723c7-451c-4873-8337-64f0e9f371f1,3,a simple formula,简单的公式,
97b40544-0a82-49ea-8793-fe91037f05c5,1286ce3c-ac1f-449c-b06b-fe1f1e2c5558,4,a traditional formula,传统配方,
97b40544-0a82-49ea-8793-fe91037f05c5,26281dcb-d57d-47bc-b95f-e3c8c8d07866,5,reinvent a formula,彻底改变方案,
3bc6491b-fd56-4b45-b79e-1ba725b2cd98,bc256aed-b9b7-4b14-8707-2ee77fe6d40f,1,a foster home,寄养家庭,
3bc6491b-fd56-4b45-b79e-1ba725b2cd98,152f159f-84e8-459b-a0eb-e4a980a65a62,2,decide to foster,决定抚养,
3bc6491b-fd56-4b45-b79e-1ba725b2cd98,7f08e68e-e0c3-45a6-b1f8-134267caaced,3,foster cooperation,促进合作,
6baa2a6f-72cc-4f3f-bd8d-e26cf27d5601,62661096-8896-45c5-8d14-f5cde31548dc,1,derive benefits,得到好处,
6baa2a6f-72cc-4f3f-bd8d-e26cf27d5601,6c1c738b-1c3d-48c7-bf41-35088fa38888,2,derive from sth.,源于某物,
6baa2a6f-72cc-4f3f-bd8d-e26cf27d5601,23498bd6-b027-4d58-806e-b85287f9eb45,3,derive nutrients,摄取养分,
8d89102c-df04-4095-8990-e463e93cd2ad,81514620-7af2-4e64-8de1-a7c540ea524b,1,be hindered by...,受到……阻碍,
8d89102c-df04-4095-8990-e463e93cd2ad,35a63a80-c877-4ea0-afe2-d55ad5ec96f8,2,hinder economic growth,妨碍经济发展,
8d89102c-df04-4095-8990-e463e93cd2ad,0ee32aa6-ec80-4071-902d-8c9d51975ff7,3,hinder progress,阻碍发展,
8d89102c-df04-4095-8990-e463e93cd2ad,2bcdf7a6-9c82-4362-8cbd-cb2d4a6e8c5e,4,hinder the success,阻碍成功,
eb732470-3fee-46eb-bf70-d70054979c22,29cdde3b-6f67-474e-8c20-b41f50c5cfb9,1,an indifferent attitude,冷淡的态度,
eb732470-3fee-46eb-bf70-d70054979c22,40e450d9-e36f-45ed-b52b-cb95043315c3,2,an indifferent movie,平庸的电影,
eb732470-3fee-46eb-bf70-d70054979c22,4300c699-40c4-4b5e-a42f-cd02ca37ce9f,3,be indifferent to sth.,对某事漠不关心,
eb732470-3fee-46eb-bf70-d70054979c22,88f237f1-ac65-488a-9122-265fd749d2c8,4,be of indifferent quality,质量一般,
d570f595-3c9d-473d-af9b-1e2269630b08,88efba94-18c5-4413-92fa-ad9ae5d7a049,1,an intelligent conversation,睿智的对话,
d570f595-3c9d-473d-af9b-1e2269630b08,4845cffa-e483-4455-b006-0358e7e6bb79,2,an intelligent decision,明智的决定,
d570f595-3c9d-473d-af9b-1e2269630b08,983b6c39-d906-4829-9425-324792dc9afa,3,an intelligent gizmo,智能装置,
d570f595-3c9d-473d-af9b-1e2269630b08,61c2938f-bbc9-4655-af41-d1253748b8ad,4,an intelligent machine,智能机器,
d570f595-3c9d-473d-af9b-1e2269630b08,134dde0c-bed0-480c-ae38-28e098147efb,5,an intelligent student,聪明的学生,
d570f595-3c9d-473d-af9b-1e2269630b08,4ee4ab0d-ae43-463a-8d7d-718ece91b372,6,intelligent thought,智慧,
9045e44f-c807-4f9c-b175-fcadce69fb67,e9f1a608-d89d-4abf-9b28-286df1a86dc5,1,an invisible border,无形的界限,
9045e44f-c807-4f9c-b175-fcadce69fb67,d64dad94-0318-4522-8ba2-1c42b47cca6c,2,be invisible to sb.,对某人不可见,
9045e44f-c807-4f9c-b175-fcadce69fb67,937f2564-273e-49b8-83cd-95e7757c8706,3,make oneself invisible,隐身,
1da0126d-29df-4db3-b671-4b31ec162214,dc5060f4-5376-4b6f-9ccb-ea9c4f182f1f,1,dissolve a firm,解散公司,
1da0126d-29df-4db3-b671-4b31ec162214,d3211714-43c3-4966-9f61-f353d70e6641,2,dissolve in water,溶于水,
1da0126d-29df-4db3-b671-4b31ec162214,6d2ad267-8a43-440a-9f1d-b7e1d773c8c6,3,dissolve sth. in water,把某物溶解在水中,
c2dd3f28-f646-460e-b3e2-c03b931b2760,5f9c7bf9-40e5-418c-8d8b-93bdcca46fc9,1,be observed by sb.,被某人观察,
c2dd3f28-f646-460e-b3e2-c03b931b2760,9f33f994-83d1-485b-8ae1-896a28f8a24e,2,be observed in...,在……方面被观察,
c2dd3f28-f646-460e-b3e2-c03b931b2760,790d0b6c-7fd8-4d2b-9a2a-c179a0c04291,3,observe a change,注意到变化,
c2dd3f28-f646-460e-b3e2-c03b931b2760,014255a0-86cf-4923-944d-b8a30dde5b59,4,observe a rule,遵守规则,
c2dd3f28-f646-460e-b3e2-c03b931b2760,75215115-e7a1-4f42-ae31-84e7cc274065,5,observe keenly,观察敏锐,
c2dd3f28-f646-460e-b3e2-c03b931b2760,7bc1822a-2cf2-499d-b5ff-47494acaa299,6,observe one’s birthday,庆生,
69d25d53-b875-439a-ae49-4fc8c0e65f35,6ddfb164-171e-477a-90b4-5eaee482b65b,1,a general observation,概括性的评论,
69d25d53-b875-439a-ae49-4fc8c0e65f35,1ca630fd-e535-4994-aa9e-1b28bba6507e,2,a scientific observation,科学观测,
69d25d53-b875-439a-ae49-4fc8c0e65f35,a4c60c36-5d0e-4be1-80cb-fbc98e045fe0,3,a separate observation,独立观察,
69d25d53-b875-439a-ae49-4fc8c0e65f35,226899af-08f9-441c-8e83-574c75438d16,4,a simple observation,简单的观察,
69d25d53-b875-439a-ae49-4fc8c0e65f35,998f365f-ec61-472a-a402-1eb8e0c4e72e,5,by direct observation,通过直接观测,
69d25d53-b875-439a-ae49-4fc8c0e65f35,877d2e64-1b24-4a48-97c0-4d7bf21aa53e,6,in one’s observation,通过某人的观察,
78d39328-0e90-4a22-99fd-f11c669b899e,478405ad-0062-481c-ab5f-310f0bd8e127,1,a recording session,一场录音,
78d39328-0e90-4a22-99fd-f11c669b899e,d9878965-c345-47b2-9d40-4656d5912312,2,a session of...,一段……的时间,
78d39328-0e90-4a22-99fd-f11c669b899e,bdf903e8-296a-4200-82de-f7b8cc09a354,3,an emergency session,紧急会议,
78d39328-0e90-4a22-99fd-f11c669b899e,a9bc0c16-1fa8-46f8-8677-3bb06945782c,4,round off the session,圆满结束会议,
f80e3267-4c21-42bb-b975-23291fc7757d,c5ee1b9b-7c3d-4f63-9e7f-584ff460ba5a,1,be overcome by smoke,被烟熏倒,
f80e3267-4c21-42bb-b975-23291fc7757d,ae949d0a-ed24-4e8c-b625-d1d1a16c481d,2,overcome another team,战胜另一支队伍,
f80e3267-4c21-42bb-b975-23291fc7757d,3594b0d7-3743-4d75-92c4-eea1d5222546,3,overcome inertia,克服惰性,
f80e3267-4c21-42bb-b975-23291fc7757d,d4736909-179b-4bb0-9c32-137fe98bab74,4,overcome tough times,克服困难时期,
b1aae129-8efd-4a05-a97d-6464c46919b4,70ca38d0-3f74-43b7-bc21-cab353eef9e0,1,disclaim the possession,否认拥有,
b1aae129-8efd-4a05-a97d-6464c46919b4,29d9c9b3-95f3-45cc-b861-65fb64fedc21,2,personal possessions,私人物品,
b1aae129-8efd-4a05-a97d-6464c46919b4,c8f60ecc-18d4-4051-b437-8dfcadcd2385,3,take possession of sth.,占有某物,
b1aae129-8efd-4a05-a97d-6464c46919b4,d9b4106a-5b6e-423e-b7f3-3001dd899236,4,unlawful possession,非法占有,
d99070d2-e724-4282-802c-24174f5fbd7c,98cf383d-c3f0-4c58-9c31-a284ed29a4e8,1,a great relief,巨大的安慰,
d99070d2-e724-4282-802c-24174f5fbd7c,9dc81c25-90a0-4669-84e1-873536c139c8,2,appeal for rate relief,恳请降低费用,
d99070d2-e724-4282-802c-24174f5fbd7c,2b5b469d-9c01-4ad2-8716-c70603dd3437,3,breathe sighs of relief,如释重负,
d99070d2-e724-4282-802c-24174f5fbd7c,268d1298-432e-449d-a427-f881da12e341,4,gain complete relief,获得解脱,
d99070d2-e724-4282-802c-24174f5fbd7c,6d8e60ac-58e6-471d-8237-ad7e1e29c6f2,5,inexpressible relief,难以言表的安慰,
d99070d2-e724-4282-802c-24174f5fbd7c,5ac429e1-553e-4140-9e5e-70901e6cf157,6,the relief of suffering,痛苦的减轻,
bc91e8e5-f3c3-426b-8928-111010c81a25,e5d1e350-ba2f-4e18-8bfb-e5792cc4cbe4,1,be relieved of...,免受……,
bc91e8e5-f3c3-426b-8928-111010c81a25,bf757dcc-3e95-46a4-b57b-595d0a7336cc,2,relieve a sentry,换岗,
bc91e8e5-f3c3-426b-8928-111010c81a25,8175dd7d-9ca5-4f11-9adb-c3f41133c186,3,relieve sb. of pain,缓解某人的疼痛,
bc91e8e5-f3c3-426b-8928-111010c81a25,c923830e-45fa-412b-9099-80e96a390c4d,4,relieve sb. of pressures,减轻某人的压力,
bc91e8e5-f3c3-426b-8928-111010c81a25,ad24aa3c-4202-4ca5-818d-58952d5fd0e0,5,relieve the boredom,解闷,
bc91e8e5-f3c3-426b-8928-111010c81a25,6e4060f3-c3e8-4e30-a533-9a6b77dfd5b8,6,ways to relieve tension,缓解紧张的方法,
926e0aad-9160-48e1-9006-659f8ee1bfba,51dff83c-bc7f-4f55-95b4-8770a1a3c2f4,1,resolve an issue,解决问题,
926e0aad-9160-48e1-9006-659f8ee1bfba,0b62180e-d637-4f27-af6f-dcd8b55a1fab,2,resolve conflicts,调解冲突,
926e0aad-9160-48e1-9006-659f8ee1bfba,9c4293b0-65f5-41f0-aefa-c2090d551173,3,resolve on doing sth.,决定做某事,
926e0aad-9160-48e1-9006-659f8ee1bfba,921437ca-7f0a-4653-b5ab-5aeaf0fc2c9b,4,resolve to do sth.,决定做某事,
926e0aad-9160-48e1-9006-659f8ee1bfba,6a8f3f4e-e45a-4884-91ad-7e9431e66099,5,resolve uncertainty,解决不确定性,
926e0aad-9160-48e1-9006-659f8ee1bfba,a2033c65-e300-4282-b9da-175db99b37fb,6,strengthen one’s resolve,坚定某人的决心,
6577795c-d266-4a95-90e8-b4636b4c4d74,0e36d5ae-5de5-40ae-bee2-b1f1227e80d6,1,a secret message,秘密消息,
6577795c-d266-4a95-90e8-b4636b4c4d74,63bc75be-b5a2-4243-8f2e-0d9e154c4199,2,in secret,秘密地,
6577795c-d266-4a95-90e8-b4636b4c4d74,e9b1671a-1a7b-41c0-87f2-898909bd9162,3,keep sth. secret from sb.,就某事对某人保密,
6577795c-d266-4a95-90e8-b4636b4c4d74,fe94c04b-3c6c-465e-9a05-81f04387c125,4,leak a secret,泄露秘密,
6577795c-d266-4a95-90e8-b4636b4c4d74,fa6a014e-f225-498c-90ba-80cad184c45e,5,secret savings,秘密存款,
6577795c-d266-4a95-90e8-b4636b4c4d74,f365c8e3-e214-4143-aba3-1ff9894d606f,6,the secret of...,...的秘诀,
22e2bf39-c6b7-4ae8-bdf0-8dd86d0930a0,8c5af9eb-19d9-41b5-8f2c-2b586514decc,1,a sacred place,圣地,
22e2bf39-c6b7-4ae8-bdf0-8dd86d0930a0,c6aefc30-6a08-4744-b8f0-d42f6ddd13c8,2,a sacred temple,圣殿,
22e2bf39-c6b7-4ae8-bdf0-8dd86d0930a0,f5fcf225-e6fe-4532-ba77-b890fef98321,3,be sacred for sb.,对某人来说是神圣的,
746273ec-6a57-44cc-a078-48fb092798c7,6cb5003e-c2c7-4d76-be0f-5f430daec499,1,a personal sacrifice,个人牺牲,
746273ec-6a57-44cc-a078-48fb092798c7,59727e02-9618-45a6-a225-4fdbc3fac868,2,a sacrifice to God,献给上帝的祭品,
746273ec-6a57-44cc-a078-48fb092798c7,42d4ecaf-4f4a-40c3-ae21-ef38cad57300,3,be worthy of a sacrifice,值得牺牲,
746273ec-6a57-44cc-a078-48fb092798c7,dcb1c157-4472-405b-9913-d9dad87efb96,4,make the supreme sacrifice,牺牲生命,
dd24ce67-7b2a-41bc-b352-cd51daefc942,43514eda-5884-40e4-b21c-c9561f5643b4,1,a tremendous experience,了不起的经历,
dd24ce67-7b2a-41bc-b352-cd51daefc942,b1770c38-2df7-43f1-ae47-ac010085fd22,2,a tremendous luxury,极大的奢侈,
dd24ce67-7b2a-41bc-b352-cd51daefc942,09b83196-a2d2-4e8c-a28b-ef49995ce254,3,a tremendous pressure,巨大的压力,
eac654db-2a0d-4067-9e9f-39cd85f5b9b5,f05420dc-590e-41ae-963d-b38f884fc746,1,an underestimate of sth.,低估某物,
eac654db-2a0d-4067-9e9f-39cd85f5b9b5,bf5d6bf2-db6d-4359-b1bf-4781111a8d75,2,underestimate costs,低估成本,
eac654db-2a0d-4067-9e9f-39cd85f5b9b5,ae6b5392-501f-49b8-8928-79b45eab9d45,3,underestimate the time,低估时间,
c32256d2-f326-4a98-9ef2-2e8f85b66d26,d95ffd43-51e4-4cff-832c-0fe2004dd641,1,a virtual environment,虚拟环境,
c32256d2-f326-4a98-9ef2-2e8f85b66d26,ddf4b2e1-1214-49a1-a328-56454879ff52,2,a virtual impossibility,实际上不可能,
c32256d2-f326-4a98-9ef2-2e8f85b66d26,2a494a68-2f53-4763-b80d-b10350d5382f,3,a virtual necessity,实际需求,
c32256d2-f326-4a98-9ef2-2e8f85b66d26,bcfa0e69-7ecb-4e96-a44b-50ebc3a41acb,4,a virtual state,实际状态,
c32256d2-f326-4a98-9ef2-2e8f85b66d26,c7b537ff-b191-4260-a304-5ad56a886d2f,5,virtual reality,虚拟现实,
c636bdbc-9171-4934-84cf-ba85914208e2,0b77e86f-2d99-4d89-8231-c9864d4861c8,1,abundant decoration,大量的装饰,
c636bdbc-9171-4934-84cf-ba85914208e2,8962a449-36a2-450c-98f5-ccb96ac915e9,2,abundant evidence,充分的证据,
c636bdbc-9171-4934-84cf-ba85914208e2,7221f841-70ac-42c7-bd4c-eca77da252e5,3,abundant fuel,丰富的燃料,
c636bdbc-9171-4934-84cf-ba85914208e2,5c8a4376-283c-4420-85d0-790e9e9c3a2b,4,abundant resources,丰富的资源,
c636bdbc-9171-4934-84cf-ba85914208e2,402cf27a-684b-4297-8435-668eeae66ed7,5,an abundant supply of sth.,某种供应充足,
c636bdbc-9171-4934-84cf-ba85914208e2,ec7dab03-bd0f-4b56-92ac-f1823d6bfdf7,6,be abundant in knowledge,知识丰富,
9895b130-b085-44ef-86d3-cd7c5db25c78,2d6934b4-367b-4afd-96e5-8d7a7654705c,1,"collect 2,000 dollars",募捐 2000 美元,
9895b130-b085-44ef-86d3-cd7c5db25c78,424a12e0-9358-46bd-83ab-461c42b5bd49,2,collect for sth.,为某事募捐,
9895b130-b085-44ef-86d3-cd7c5db25c78,fe0942e2-abb3-4672-8457-893fdd928e9a,3,collect information,收集信息,
9895b130-b085-44ef-86d3-cd7c5db25c78,9f722d7e-c1f1-42aa-8fe5-25d470fa7f35,4,collect rainwater,积聚雨水,
9895b130-b085-44ef-86d3-cd7c5db25c78,9a1faec4-3bc6-452c-b639-becacb75f09c,5,collect sales tax,征收销售税,
9895b130-b085-44ef-86d3-cd7c5db25c78,637461d3-de77-47e2-a536-46153b3ccfa1,6,collect the jackpot,领取头奖,
72132f7b-d4cf-4be2-b59f-7a0851a7e894,b58689a9-d3b9-4730-87da-01c0ab81166f,1,a collection of runners,一群赛跑者,
72132f7b-d4cf-4be2-b59f-7a0851a7e894,a0b79f80-89fa-4ce6-becd-61746065ce70,2,a collection of shots,一组照片,
72132f7b-d4cf-4be2-b59f-7a0851a7e894,959e71c6-e921-409b-9a3f-03295bc20bf0,3,a private collection,私人收藏品,
72132f7b-d4cf-4be2-b59f-7a0851a7e894,aa6ded8b-3637-4707-a9c6-babdc9ed262c,4,art collections,艺术藏品,
72132f7b-d4cf-4be2-b59f-7a0851a7e894,8e0e1147-6262-4682-825b-ff9e710282d0,5,data collection,数据收集,
72132f7b-d4cf-4be2-b59f-7a0851a7e894,f30e81c8-fcc9-4d96-9ee7-206686e0874b,6,make a collection for sb.,为某人募捐,
b77c0678-764d-451a-b7a3-52fc5dc886fc,13b0d7e4-2e32-4935-82f8-1ced056edd51,1,an ambitious lad,有雄心的小伙子,
b77c0678-764d-451a-b7a3-52fc5dc886fc,1af7807a-9acf-43c2-89e0-3eb5fa3cda05,2,an ambitious plan,宏伟的计划,
b77c0678-764d-451a-b7a3-52fc5dc886fc,93914ac6-3269-4638-a0c5-9207edfcf1bf,3,appear ambitious,看起来野心勃勃,
4e4a56ae-8b76-4c89-9a7f-c6837a5bd0dd,acd5e9f2-3ba6-445b-8247-e401ab254f5e,1,a baby boom,婴儿潮,
4e4a56ae-8b76-4c89-9a7f-c6837a5bd0dd,c3cec5c9-80d1-4b97-a44d-355e4d1e3f51,2,a boom in sth.,某物的激增,
4e4a56ae-8b76-4c89-9a7f-c6837a5bd0dd,3eb12c22-2dc8-4c9e-a2aa-c3b6c42f795f,3,continue to boom,继续繁荣,
4e4a56ae-8b76-4c89-9a7f-c6837a5bd0dd,c4894bd1-15b2-417c-8dbf-7ca9d8043219,4,precede a boom,在繁荣之前,
c8875e97-c2e3-4c73-8710-4a8bf89e7b32,b20503c7-e494-4c85-9a1a-3b1e3ae508bd,1,a conscious choice,慎重的选择,
c8875e97-c2e3-4c73-8710-4a8bf89e7b32,6a7e2100-4934-483b-8865-c9f877bf6ab2,2,a conscious mind,头脑清醒,
c8875e97-c2e3-4c73-8710-4a8bf89e7b32,640f85d5-cafd-4e3b-918d-8d7e9dcadca0,3,a conscious patient,神志清醒的病人,
c8875e97-c2e3-4c73-8710-4a8bf89e7b32,e459f00a-8177-4e31-90c2-66e76290f5a6,4,be conscious of one’s role,意识到某人的作用,
c8875e97-c2e3-4c73-8710-4a8bf89e7b32,837fc3e2-c34f-4cb6-b19b-e2fc34284fe8,5,conscious control,有意识的控制,
1ff274ea-f718-4baf-a18f-5a11b8f6e621,bd01a68f-93c8-4969-b3f7-dd05f60274b6,1,a considerable variation,非常大的变化,
1ff274ea-f718-4baf-a18f-5a11b8f6e621,f4247e44-cdc0-4a04-9832-2c8c03841b3e,2,considerable delight,相当多的欢乐,
1ff274ea-f718-4baf-a18f-5a11b8f6e621,2d96deed-b8f9-4537-914d-9c0508d9eb63,3,considerable gains,可观的收益,
0a60c4a7-4ab5-4104-9cca-3956c3ab05e0,cb82c487-8473-4626-a8a4-df83cafe630e,1,depict A as B,将 A 描绘为 B,
0a60c4a7-4ab5-4104-9cca-3956c3ab05e0,eed54d88-ace8-4f53-9470-1224c9601f24,2,depict French society,描述法国社会,
0a60c4a7-4ab5-4104-9cca-3956c3ab05e0,3ff56481-da67-4614-87bc-8b5013ad816b,3,depict one’s dilemma,描述某人的困境,
0a60c4a7-4ab5-4104-9cca-3956c3ab05e0,132ab675-b2b6-423b-9007-63d8d8b76c93,4,depict sb. doing sth.,描画某人做某事,
0a60c4a7-4ab5-4104-9cca-3956c3ab05e0,f3ad6499-4d3b-4351-8a4b-7ebe4d1d12f7,5,depict the life of sb.,描绘某人的生活,
0a60c4a7-4ab5-4104-9cca-3956c3ab05e0,eb105d52-f40b-4aa5-b7b3-383a467ae1b8,6,depict the ordinary side,描绘平常的一面,
19468bf3-a409-4b02-a779-e9206706fed9,2b3c1166-cbc0-4c19-aa53-9790ba2e2a97,1,deteriorate into...,演变成……,
19468bf3-a409-4b02-a779-e9206706fed9,24086b53-64e7-43df-be9b-3910db9ac8ce,2,deteriorate rapidly,急剧恶化,
c8a93e48-0b9f-4d25-989d-fa3381568862,68d9d599-e906-4e6c-9de3-a1887c11bc83,1,a religious association,宗教协会,
c8a93e48-0b9f-4d25-989d-fa3381568862,0e51259a-4e0c-402b-9a64-431e5f273946,2,a religious community,宗教社区,
c8a93e48-0b9f-4d25-989d-fa3381568862,355771c3-1cb3-44b3-9cc0-ae560a95afea,3,a religious innovation,宗教新观念,
c8a93e48-0b9f-4d25-989d-fa3381568862,e4ae6541-fa46-4536-b8d7-6cb9058317ed,4,a religious man,虔诚的教徒,
c8a93e48-0b9f-4d25-989d-fa3381568862,ab88e8af-48cd-4967-bc8a-9dd7089513f7,5,religious convictions,宗教信仰,
c8a93e48-0b9f-4d25-989d-fa3381568862,c08443a2-cb7b-423a-b4b1-06ae4434e72e,6,religious customs,宗教习俗,
60cdbf38-9964-46da-b2e1-bc1b075249bf,35aa8253-1b5c-4924-93e9-65ce9554bd51,1,be devised by sb.,由某人发明,
60cdbf38-9964-46da-b2e1-bc1b075249bf,135454b0-159f-48ed-916c-e399186176f6,2,devise a scheme,想出计划,
60cdbf38-9964-46da-b2e1-bc1b075249bf,d58b329c-ad55-427b-8e5a-df3ed6db65c1,3,devise a tool,设计工具,
60cdbf38-9964-46da-b2e1-bc1b075249bf,748a9674-d8cc-4288-b280-645fc1a4af60,4,devise an experiment,设计一项实验,
0b80e982-3d17-4ed4-8699-3a9feaa8443b,a4762c52-348c-4559-b49d-0c6eeaf5e38e,1,be widely distributed,分布广泛,
0b80e982-3d17-4ed4-8699-3a9feaa8443b,39ad78db-abfc-45e9-b0b4-7dbf829cfb38,2,distribute brochures,分发小册子,
0b80e982-3d17-4ed4-8699-3a9feaa8443b,30cf587c-80ed-460e-a91c-5b19681b436a,3,distribute products,经销产品,
0b80e982-3d17-4ed4-8699-3a9feaa8443b,8af6f10e-e102-4a3e-a2d6-139854e8bb0e,4,distribute sth. among sp.,在某地分发某物,
0b80e982-3d17-4ed4-8699-3a9feaa8443b,598ce7e1-f488-4c47-a255-90d8e6aac4c8,5,distribute sth. evenly,均匀地撒某物,
0b80e982-3d17-4ed4-8699-3a9feaa8443b,c7f05847-0d02-4cb1-b7ee-356776d7ef28,6,distribute work,分配工作,
d4b18f23-a974-47b7-9843-8812f819d87f,f64b21c5-eff4-4b14-bda4-48ba93fdd228,1,a foreign enterprise,外国企业,
d4b18f23-a974-47b7-9843-8812f819d87f,0e89868c-390f-4860-ab9a-d8416be4dead,2,a global enterprise,全球性企业,
d4b18f23-a974-47b7-9843-8812f819d87f,abd71b8a-a298-4ca3-be32-0ec277d7019f,3,a joint enterprise,共同事业,
d4b18f23-a974-47b7-9843-8812f819d87f,e8b13e0b-1eca-42c2-8040-f1ccce262c91,4,a person with enterprise,有进取心的人,
d4b18f23-a974-47b7-9843-8812f819d87f,ca7cb791-2046-4e45-adbf-15c900f7ed29,5,a private-sector enterprise,私营企业,
d4b18f23-a974-47b7-9843-8812f819d87f,d035b3a7-514d-4cf8-9268-164536d66df3,6,a scientific enterprise,科学事业,
4db9657f-80b5-4e72-9d8d-15914a9276f8,38ab353a-90d6-4817-8cef-88235ac36526,1,Internet entrepreneurs,互联网企业家,
4db9657f-80b5-4e72-9d8d-15914a9276f8,078b77ae-c220-4176-85a0-199ce5f2db45,2,a creative entrepreneur,有创意的企业家,
4db9657f-80b5-4e72-9d8d-15914a9276f8,fd68dcbd-a9d9-453f-b381-7dc3edea6f9b,3,a famous entrepreneur,著名的创业者,
4db9657f-80b5-4e72-9d8d-15914a9276f8,10e7c133-ae38-4dda-938b-4cafc9e9550c,4,a political entrepreneur,政治企业家,
7a939956-8f74-469d-9b6f-68bf5f24d116,7db8aa7c-a25b-42d9-a3a5-132302904601,1,deserve a comment,值得评论,
7a939956-8f74-469d-9b6f-68bf5f24d116,a5c3b099-73b0-4424-8b9c-b111dccf1a9a,2,deserve attention,值得关注,
7a939956-8f74-469d-9b6f-68bf5f24d116,df6819dd-c7e6-42c7-b198-22528a0edc39,3,deserve more research,值得更多的研究,
7a939956-8f74-469d-9b6f-68bf5f24d116,cf46aed8-068c-4393-bf9e-02c4caafa098,4,deserve one’s help,值得某人的帮助,
7a939956-8f74-469d-9b6f-68bf5f24d116,42acbe38-adca-4453-bcb7-00954cc0ca72,5,deserve praise,值得称赞,
7a939956-8f74-469d-9b6f-68bf5f24d116,f9dad128-27a6-4409-8b4c-9e927f25eb8f,6,deserve respect,理应得到尊重,
e4bd0111-940c-4b99-a474-8912d89e3ffb,a79f36b6-0910-4955-9b9b-e09cb6800893,1,be excluded by sb.,被某人排斥,
e4bd0111-940c-4b99-a474-8912d89e3ffb,2a387ec6-af02-4af2-9e0c-beca02cea1d5,2,exclude an individual,把个人排除在外,
e4bd0111-940c-4b99-a474-8912d89e3ffb,20608469-b95f-4a3d-a0b2-10687ca8019d,3,exclude energy,不包括能源,
e4bd0111-940c-4b99-a474-8912d89e3ffb,112dcaf7-abce-47ae-b2b8-32cefb06e577,4,exclude the possibility,排除可能性,
f715d384-6f5b-4088-b661-52d5fe25e70b,d758703b-50d9-4acf-821a-5901aa071732,1,along the outer edge,沿外缘,
f715d384-6f5b-4088-b661-52d5fe25e70b,c6a83091-5447-49e8-9d26-157da54540d8,2,an outer layer,表层,
f715d384-6f5b-4088-b661-52d5fe25e70b,e6c2bbac-eb40-4ca5-8e73-b326216d2ac6,3,outer circumstances,外部环境,
f715d384-6f5b-4088-b661-52d5fe25e70b,f4f051d4-8ca8-45ad-9862-fbd8ee9c2ebd,4,the outer world,外界,
be378cad-48fa-4141-be1f-09d7e3a35025,d6603751-0ad8-420e-a7bd-b1bf5b585c17,1,a facility for languages,语言才能,
be378cad-48fa-4141-be1f-09d7e3a35025,484aabbd-fc00-46d3-9c29-3fb849af619e,2,the best facilities,最佳设备,
be378cad-48fa-4141-be1f-09d7e3a35025,da9a9866-4f34-442f-b4f9-297c3864db10,3,the facility to do sth.,做某事的才能,
6f50a865-f40d-46b9-b2d9-d27a081653cc,ad903467-0100-4949-8957-a6d8bd834141,1,facilitate economic growth,促进经济发展,
6f50a865-f40d-46b9-b2d9-d27a081653cc,17f619c3-431e-4675-a92d-06f6113defd7,2,facilitate farming,方便耕作,
6f50a865-f40d-46b9-b2d9-d27a081653cc,f634ae7c-dd69-4a37-9108-5de6d5362688,3,facilitate investment,促进投资,
6f50a865-f40d-46b9-b2d9-d27a081653cc,89494479-b255-4c6f-931d-def35c37ab66,4,facilitate learning,促进学习,
6f50a865-f40d-46b9-b2d9-d27a081653cc,3d618de2-78c2-4f01-a5e7-dda8c5eac02a,5,facilitate problem-solving,促进问题解决,
6f50a865-f40d-46b9-b2d9-d27a081653cc,8a6eba88-e0a9-41f0-9c89-a80cccc14bcc,6,facilitate the journey,便于出行,
27c609a9-b165-49ec-bf9b-459300519682,65b1f155-cb12-4637-b3a5-e6513058096f,1,an object of obsession,痴迷的对象,
27c609a9-b165-49ec-bf9b-459300519682,a8e9b07b-c0c3-45c8-a74b-cdde10cf9cc7,2,become an obsession with sb.,使某人痴迷,
27c609a9-b165-49ec-bf9b-459300519682,515a4596-3029-48f7-acfc-dbca20be2280,3,border on obsession,近乎痴迷,
27c609a9-b165-49ec-bf9b-459300519682,78bb8b36-6078-4c3a-821a-d92d1d69e8c2,4,obsession with...,对……的痴迷,
c8d3ec54-332c-4069-85af-d5f17d847092,fcde6a52-4c85-45a8-8f41-ba1178779faa,1,a dishonest profile,虚假的个人简介,
c8d3ec54-332c-4069-85af-d5f17d847092,6194d5af-f9b9-49bc-9b0c-5262ee35f0b2,2,a full profile of life,生活全景,
c8d3ec54-332c-4069-85af-d5f17d847092,488efb7b-cb8f-4c91-9e7f-65dc49f74a39,3,a handsome profile,英俊的侧影,
c8d3ec54-332c-4069-85af-d5f17d847092,103f2e28-df64-41e9-9434-966b02591bdb,4,a surface profile,表面轮廓,
c8d3ec54-332c-4069-85af-d5f17d847092,affbd1b0-b94a-4875-ae3f-0b81099f30eb,5,present one’s profile,呈现某人的侧影,
c8d3ec54-332c-4069-85af-d5f17d847092,2f44d8ba-753e-459b-a413-28a52222d7f2,6,profile one’s career,概述某人的职业生涯,
793a484c-cfb3-4469-a157-2edbc9270540,4a91d58c-4451-4e5a-8fd0-aa43315d4ab7,1,be identical in sth.,在某方面相同,
793a484c-cfb3-4469-a157-2edbc9270540,bfbe5872-1168-498f-8cc3-64106de9e80f,2,be identical with/to...,与……相同,
59771529-b141-49f6-9d7f-696d17903c73,87836461-d514-4d6a-9c2e-599792509114,1,an industrial nation,工业化国家,
59771529-b141-49f6-9d7f-696d17903c73,d77d2849-076c-4fb7-a440-87a4f1137599,2,an industrial pattern,工业模式,
59771529-b141-49f6-9d7f-696d17903c73,a1d02a54-bdfd-46c6-8adc-a7c966ab660d,3,industrial emissions,工业排放物,
59771529-b141-49f6-9d7f-696d17903c73,63b84e09-f067-4d3a-a2fb-ea84183a38df,4,industrial growth,工业发展,
59771529-b141-49f6-9d7f-696d17903c73,74dc1f6b-b36a-458e-aaa4-2dc9b651e018,5,industrial output,工业产量,
59771529-b141-49f6-9d7f-696d17903c73,07f99589-3ef1-4692-a274-138ba1c0e03f,6,industrial regulations,产业法规,
3332a6c6-d236-4ee4-a4a4-5135547fe968,408bcbe4-253d-420d-9c98-2c1131310677,1,a remote area,偏远地区,
3332a6c6-d236-4ee4-a4a4-5135547fe968,2d57c8f7-d7b0-40ae-8ac5-3856e33fea0e,2,a remote chance,一线希望,
3332a6c6-d236-4ee4-a4a4-5135547fe968,8a4d439d-a758-4332-ada4-3dc382fe4eb4,3,a remote cousin,远房表亲,
3332a6c6-d236-4ee4-a4a4-5135547fe968,dad1e737-59f6-411f-92ec-2602518ce434,4,a remote village,偏远乡村,
3332a6c6-d236-4ee4-a4a4-5135547fe968,1ded70bb-61ef-464f-85d8-921c5e18a264,5,be remote from reality,脱离现实,
3332a6c6-d236-4ee4-a4a4-5135547fe968,d18f294f-2c3b-4d08-9423-90920fe4a766,6,in the remote future,在遥远的将来,
93cca6b4-ff24-454f-819b-a12c75c71be4,e7cbb9d6-e8ce-4e72-9312-365bfb371600,1,a limit to sth.,对某物的限制,
93cca6b4-ff24-454f-819b-a12c75c71be4,3847d895-1599-4075-bc2e-b15e98489591,2,be limited to...,仅限于……,
93cca6b4-ff24-454f-819b-a12c75c71be4,26d59579-48aa-4e95-92bd-840edb9b3d5c,3,limit the number,限制数量,
93cca6b4-ff24-454f-819b-a12c75c71be4,a817780b-d159-4abd-a77a-75b147706fe4,4,reach a limit,达到极限,
93cca6b4-ff24-454f-819b-a12c75c71be4,d7d7f215-ac0e-4b78-b760-3e5c98ec66e2,5,set a limit,设定限制,
93cca6b4-ff24-454f-819b-a12c75c71be4,249b3955-2ef4-4faa-b6a7-f56241904c7c,6,the city limits,市区范围,
e66e927c-487f-46f6-810d-0419c3bbffb6,46388911-3c6e-4423-8d22-36a0d93d6ac1,1,a limited company,有限责任公司,
e66e927c-487f-46f6-810d-0419c3bbffb6,6964e7ed-0dd9-4a71-b1f8-202d3bf80e36,2,be limited to sb.,受限于某人,
e66e927c-487f-46f6-810d-0419c3bbffb6,d3012b21-59c1-469c-958e-eef996a89d0a,3,have limited time,时间有限,
e66e927c-487f-46f6-810d-0419c3bbffb6,ba9375db-d1bf-4906-8df0-e18c67446bdf,4,limited capacity for...,……的能力有限,
daade570-ba9e-48ed-bc16-2694b19e2e49,2711b708-dc9d-4fa7-a281-7cf21fb3dc70,1,limitation of powers,限制权力,
daade570-ba9e-48ed-bc16-2694b19e2e49,45d62677-1364-4b28-925c-b44d3337a100,2,limitations of...,...的局限性,
daade570-ba9e-48ed-bc16-2694b19e2e49,fae82574-2add-4894-aa3a-f19cb92bf6d6,3,recognize limitations,认识到局限性,
daade570-ba9e-48ed-bc16-2694b19e2e49,c3c8dedd-9e3e-4819-b300-9f1453947f69,4,resist limitation,抵制限制,
8f7de59a-acd9-41ce-b746-61b2cc2be577,0d331d14-94af-41a5-a5e2-e373a57b9ed4,1,a mortgage lender,抵押贷款方,
8f7de59a-acd9-41ce-b746-61b2cc2be577,03ee664f-9464-4761-94d9-e1188882816e,2,a mortgage payment,抵押贷款支付,
8f7de59a-acd9-41ce-b746-61b2cc2be577,a5ba1dc6-7639-444d-bc7c-be76f31fbd6a,3,mortgage one’s house,抵押某人的房子,
8f7de59a-acd9-41ce-b746-61b2cc2be577,66cb824b-72c8-4c8a-9c00-a1edc52ce10c,4,pay off a mortgage,还清抵押贷款,
e7f91d12-2e22-4a4e-91fc-7a4829e09668,9dc6323c-c8f0-4645-8825-1361fab123c2,1,be negotiated by...,由……进行谈判,
e7f91d12-2e22-4a4e-91fc-7a4829e09668,92ed6d5f-20a3-47c7-90df-d580bd0c1d05,2,be willing to negotiate sth.,愿意协商某事,
e7f91d12-2e22-4a4e-91fc-7a4829e09668,74be1bb8-2314-4d80-bca1-9e32e4613a1e,3,negotiate a price,协商价格,
e7f91d12-2e22-4a4e-91fc-7a4829e09668,f9ae4eeb-a8ca-42d7-85ce-5002110b3307,4,negotiate an agreement,谈判达成协议,
e7f91d12-2e22-4a4e-91fc-7a4829e09668,6c6ea8e0-d0b5-45e3-899c-e4932910bcc9,5,negotiate on behalf of sb.,代表某人谈判,
e7f91d12-2e22-4a4e-91fc-7a4829e09668,d33bf4d2-1ff2-4b51-adec-286cdfdb8aef,6,negotiate with sb.,与某人协商,
d223a44b-259a-41d9-9181-8caafbcb11f3,0513836d-3288-4d33-9eb8-fa8e3623833e,1,an intimate grouping,亲密的团体,
d223a44b-259a-41d9-9181-8caafbcb11f3,4a94ad27-d831-4de1-9011-5f2e58db9980,2,an intimate relationship,亲密的关系,
ed8418d1-e035-4a6f-9bca-cfefc8660611,8ca13590-1818-498b-a710-c785dfcdf5fe,1,a list of occupations,职业列表,
ed8418d1-e035-4a6f-9bca-cfefc8660611,70f2389c-e338-4d87-b196-635d012798ff,2,be under occupation,被占领,
ed8418d1-e035-4a6f-9bca-cfefc8660611,14f61367-3147-401f-914d-9984dbf89200,3,hold an occupation longer,工作更长时间,
ed8418d1-e035-4a6f-9bca-cfefc8660611,77e8fa8a-9745-426f-8eb7-b59b17279293,4,look for an occupation,找工作,
ed8418d1-e035-4a6f-9bca-cfefc8660611,b07dabff-a25c-49a4-b440-5b406c865f4a,5,middle-class occupations,中产阶级职业,
ed8418d1-e035-4a6f-9bca-cfefc8660611,19b1b1d4-d21b-415c-a28e-758862ba2d38,6,the occupation of...,对……的占领,
5abe71f4-49ac-485d-9198-1fef2f7f33b2,73352565-7c4a-40be-9409-05a6ad75ad16,1,exploit alternative forms,利用其他形式,
5abe71f4-49ac-485d-9198-1fef2f7f33b2,2fbd38f9-63ee-4c1b-8a17-97fbfc32b4cb,2,exploit natural resources,开发自然资源,
5abe71f4-49ac-485d-9198-1fef2f7f33b2,bc99573b-c4fa-41bf-b3fb-1c089a274cb1,3,exploit the workers,剥削工人,
2d6d6121-5e04-4f3e-86cc-447be8d322f0,7e88369f-0e70-440a-9cd4-59f128cec988,1,a suitable habit,合适的栖息地,
2d6d6121-5e04-4f3e-86cc-447be8d322f0,e6dc1fe5-a365-4c6a-bb87-dc5ec36b6b76,2,a suitable moment to do sth.,适时做某事,
2d6d6121-5e04-4f3e-86cc-447be8d322f0,376a49b3-0212-4675-ba5d-17cf239ddbb6,3,be suitable for...,适合于……,
2d6d6121-5e04-4f3e-86cc-447be8d322f0,88dd6c61-c155-41ee-af9d-d5844e848936,4,in suitable circumstances,在适宜的条件下,
22531ec3-e72d-45cb-9c9b-12686162d2ae,6b0d324f-ca87-44f0-bfa3-907902c4ed88,1,a new outfit,一套新衣服,
22531ec3-e72d-45cb-9c9b-12686162d2ae,e7591094-30bf-4f68-9e06-0c9a1c37ef78,2,a rock outfit,摇滚乐队,
22531ec3-e72d-45cb-9c9b-12686162d2ae,0a79a27d-2d32-48a8-83c9-ab4f29a8d9ba,3,be outfitted with...,配置……,
22531ec3-e72d-45cb-9c9b-12686162d2ae,bf45ac71-4833-4a01-bd04-73cc49f6299a,4,outfit A as B,把 A 改装为 B,
31636dc3-d2ce-4be6-8c75-885e301763ff,4b375d71-5c6d-4c5b-8bbe-ab45522cffe0,1,a big penalty,严重惩罚,
31636dc3-d2ce-4be6-8c75-885e301763ff,c1133b6f-d4f3-4a71-bff2-d036b0c34fec,2,a legal penalty,法律制裁,
31636dc3-d2ce-4be6-8c75-885e301763ff,307bfa03-dee2-47fb-9715-3bedca30d326,3,an administrative penalty,行政处罚,
31636dc3-d2ce-4be6-8c75-885e301763ff,40abf725-e20a-45dd-9b54-4b54d44f8799,4,impose a penalty,予以惩罚,
a9417b3b-8bb1-4aac-9ee2-5a03e82c99c4,5816ede8-1eb4-44dd-a89e-cf571436c23d,1,persist in doing sth.,坚持做某事,
a9417b3b-8bb1-4aac-9ee2-5a03e82c99c4,351af921-e519-4811-9896-6b635e1e4b3e,2,persist in the long term,长期持续,
a9417b3b-8bb1-4aac-9ee2-5a03e82c99c4,45819cd5-3a0f-4618-9b00-0585fbf314da,3,persist over time,一直持续存在,
a9417b3b-8bb1-4aac-9ee2-5a03e82c99c4,6aee89be-a9af-401b-b985-a840a25acf65,4,persist with sth.,坚持某事,
2605d0c6-ebdc-4615-bd98-b3ad1c5029df,51193fb9-6545-41b3-ac12-3ba444d71009,1,prohibit discrimination,禁止歧视,
2605d0c6-ebdc-4615-bd98-b3ad1c5029df,efac8fbe-6d57-4525-ac36-82e8a5db5153,2,prohibit parking,禁止停车,
2605d0c6-ebdc-4615-bd98-b3ad1c5029df,0a32e83f-1ebd-40f1-897b-de249844d2d5,3,prohibit sb. from doing sth.,阻止某人做某事,
2605d0c6-ebdc-4615-bd98-b3ad1c5029df,acbbdb09-5330-4713-a5c9-979b5844bede,4,prohibit smoking,禁止吸烟,
8819a45c-4f52-4be8-9df6-9cdbffe2a1e8,b0d2f89a-a328-41b6-9374-e91bc9d826ff,1,prolong a visit,延长访问,
8819a45c-4f52-4be8-9df6-9cdbffe2a1e8,da779c04-a65d-4bdd-8526-26533fe7c4cb,2,prolong a war,延长战争,
8819a45c-4f52-4be8-9df6-9cdbffe2a1e8,69b92ce0-90fe-448d-b118-144dcdfbf3da,3,prolong one's life,延长某人的寿命,
8819a45c-4f52-4be8-9df6-9cdbffe2a1e8,049fbb81-b9bf-4490-a8ea-f27e488760b0,4,prolong the period of sth.,延长某事的期限,
e0ef614f-b4a0-47be-91d0-4cb165a432c4,f6949964-68b2-4bd3-aa81-63e50c14f5a3,1,accept the obligation,承担责任,
e0ef614f-b4a0-47be-91d0-4cb165a432c4,6c80e039-9cfd-4f11-a41b-fbb5bbe22512,2,cope with an obligation,承担责任,
e0ef614f-b4a0-47be-91d0-4cb165a432c4,a128d8ab-c6bf-4c90-95a5-c6be742a7375,3,out of a sense of obligation,出于责任感,
e0ef614f-b4a0-47be-91d0-4cb165a432c4,ba132717-f0d0-42b6-832d-99edb227dba0,4,under obligation to do sth.,有义务做某事,
ceaf5574-6fbb-440c-b19b-bade02c169a0,866a52d0-6299-414d-a6b9-d0a7c1aa479c,1,a prospect for success,成功的希望,
ceaf5574-6fbb-440c-b19b-bade02c169a0,b329c0a4-c5d6-4eed-b125-eebb3c357d03,2,an illusory prospect,虚幻的设想,
ceaf5574-6fbb-440c-b19b-bade02c169a0,2da1f36f-d136-4337-911d-db250b9b30af,3,be optimistic about prospects,对前程乐观,
ceaf5574-6fbb-440c-b19b-bade02c169a0,0b11927c-37e9-444a-b3cd-cf88f553fcd2,4,prospect for gold,勘探金矿,
ceaf5574-6fbb-440c-b19b-bade02c169a0,78ff441e-67b7-490d-b63b-a07c359ad29d,5,the prospect of doing sth.,做某事的希望,
ceaf5574-6fbb-440c-b19b-bade02c169a0,f96308d7-bf56-4750-9712-ed447610f82d,6,the view of prospects,对前途的展望,
313d7cd2-27ce-4fa5-9134-d07e1e38e272,32fa069b-bb2d-4634-b4e1-36041e7a8c95,1,a relevant question,有意义的问题,
313d7cd2-27ce-4fa5-9134-d07e1e38e272,20db29b0-25a3-45f6-a554-811723eaffe2,2,a relevant respect,相关方面,
313d7cd2-27ce-4fa5-9134-d07e1e38e272,5238dede-fcb2-4ef0-83a3-f3fe84328394,3,be relevant to...,与……有关,
313d7cd2-27ce-4fa5-9134-d07e1e38e272,91d19337-fc03-46be-b02b-f4b6d18fbe22,4,directly relevant,直接相关,
313d7cd2-27ce-4fa5-9134-d07e1e38e272,ceb268d4-526c-4fcb-a773-0496f927780c,5,relevant information,相关信息,
313d7cd2-27ce-4fa5-9134-d07e1e38e272,8c79c8ee-99c4-4e67-96bc-2560e908e8b8,6,scarcely relevant,几乎无关,
3a9217ac-4c99-44c5-b5b3-8dd5d6024457,9b934490-475e-444f-8099-2236e25295d4,1,be stimulated by sb.,被某人所激发,
3a9217ac-4c99-44c5-b5b3-8dd5d6024457,9e2200d7-73fe-4fee-8e2c-ed84d73eb4f8,2,stimulate a policy,刺激一项政策,
3a9217ac-4c99-44c5-b5b3-8dd5d6024457,ec4f6b26-5360-4a48-9e3e-e18bc6b496a6,3,stimulate demand,刺激需求,
971e2c65-f386-4c3c-af75-0ae01f8abd24,807640f7-1ba7-4844-9cee-98cad5559bfd,1,be rigorous in sth.,在某方面很严格/细致,
971e2c65-f386-4c3c-af75-0ae01f8abd24,d44eec88-c7b0-4fe8-aec1-e4879db948b8,2,rigorous book learning,严格的书本学习,
7c8756e1-76c7-4a8c-998d-823dc1009379,522af32b-5a90-409f-a407-efa80fda771a,1,accumulate a burden,积累负担,
7c8756e1-76c7-4a8c-998d-823dc1009379,d7a1f792-0cf7-485f-9a5e-94d8b9418aa2,2,accumulate around sp.,在某处聚集,
7c8756e1-76c7-4a8c-998d-823dc1009379,2c2ad0be-f1f4-4f4b-a0d4-b7c65e1dab08,3,accumulate the stuff,积累物品,
7c8756e1-76c7-4a8c-998d-823dc1009379,83287442-e353-4b53-a732-09024cf279d2,4,accumulate to a level,累积到一定程度,
ee2d169e-d49a-41b7-aa93-2bf741f9c3e6,43c369aa-5d61-49d9-a6a0-2eb864f6d96e,1,be bound by sth.,受某物约束,
ee2d169e-d49a-41b7-aa93-2bf741f9c3e6,7ba1101b-e2e3-4702-a70b-5c30cc37a19b,2,be bound for sp.,前往某地,
ee2d169e-d49a-41b7-aa93-2bf741f9c3e6,e1866e08-f522-4c0c-96d5-8b434543753a,3,be bound to do sth.,必然会做某事,
ee2d169e-d49a-41b7-aa93-2bf741f9c3e6,3a28170e-6126-452c-b51b-57b8ed6c568a,4,be bound up with sth.,与某物密切相关,
099f4398-9a56-4a0e-a999-703752f949df,e6aaa20b-26aa-425f-8332-6e502524a202,1,outward calm,外表镇静,
099f4398-9a56-4a0e-a999-703752f949df,fb9aa3a3-d75f-4601-89f1-757880aef05c,2,the outward journey,外出旅行,
e1e9acf4-b685-4605-b7af-f0c6378ea61f,e3e9bf56-e0a8-4175-b505-427c9a5fcc73,1,a storm of media protest,媒体抗议风暴,
e1e9acf4-b685-4605-b7af-f0c6378ea61f,ad26aa42-d55c-441a-bd54-b0a10899c532,2,protest a decision,反对一项决定,
e1e9acf4-b685-4605-b7af-f0c6378ea61f,8a7fcb48-5a3e-48bf-a349-50cee19f3456,3,protest against/at sth.,对某事提出抗议,
e1e9acf4-b685-4605-b7af-f0c6378ea61f,58558122-680c-47b4-91f4-f41b17226ed9,4,result in protests,引起抗议,
796c0ac2-0200-4d29-8141-1884ee08eb5f,9eeea030-8df5-4d31-8e3f-ababf012e78f,1,have a wander,闲逛,
796c0ac2-0200-4d29-8141-1884ee08eb5f,dad18559-a3cd-4f19-a96b-769b8cec2b81,2,wander aimlessly,漫无目的地闲逛,
796c0ac2-0200-4d29-8141-1884ee08eb5f,f3754dbe-8725-4d38-a4c0-029d7ecc7414,3,wander around sp.,在某地闲逛,
796c0ac2-0200-4d29-8141-1884ee08eb5f,c259d03d-da72-43bb-ba64-e086629b1012,4,wander the street,在大街上闲逛,
b6b1098c-98fa-4bee-b480-d04902c765ef,15896ff1-a086-4ef4-98e0-41318861c902,1,a subtle argument,巧妙的论点,
b6b1098c-98fa-4bee-b480-d04902c765ef,5f6eb13b-2a07-4dcf-ae4f-93b4b19b797e,2,a subtle balance,微妙的平衡,
b6b1098c-98fa-4bee-b480-d04902c765ef,0203fa4f-ab79-4cba-9231-32efa43f357c,3,a subtle cue,微妙的线索,
b6b1098c-98fa-4bee-b480-d04902c765ef,db71e51a-00da-46fa-baae-ea170620643d,4,a subtle difference,微小的差异,
b6b1098c-98fa-4bee-b480-d04902c765ef,e95b8d60-139c-4d99-a7b4-49ff5abbaab8,5,a subtle mind,敏锐的头脑,
b6b1098c-98fa-4bee-b480-d04902c765ef,a06edab6-73ee-4603-825b-d2b05513cf57,6,a subtle plan,巧妙的计划,
2ac53730-7a00-4b79-8da5-b800662f7aad,4115928d-da74-45ab-8bd7-4c28b9a79ab6,1,a dangerous aggressive dog,危险的恶犬,
2ac53730-7a00-4b79-8da5-b800662f7aad,10b4f57a-e29f-40dd-8999-de524c183769,2,an aggressive campaign,声势浩大的运动,
2ac53730-7a00-4b79-8da5-b800662f7aad,194d87a9-7ba6-4cc8-876d-5b2ed60f4bdf,3,an aggressive policy,挑衅的政策,
2ac53730-7a00-4b79-8da5-b800662f7aad,482e2947-849c-4486-878e-6e8638bbe6fa,4,an aggressive promoter,积极的推动者,
2ac53730-7a00-4b79-8da5-b800662f7aad,81fa245a-9cfd-43d7-9d39-23b634b8b063,5,an aggressive stance,侵略性的姿态,
2ac53730-7a00-4b79-8da5-b800662f7aad,60c6f356-474f-4be9-9359-89709790d7e2,6,the aggressive use of sth.,积极使用某物,
7b6a2661-7176-4815-bf66-cf76e87f43aa,806103b8-ae45-4fab-965f-6c647f1a7aea,1,abandon one's career,放弃某人的事业,
7b6a2661-7176-4815-bf66-cf76e87f43aa,9eb1e77c-ecb1-4342-95ed-63cd5e66fd13,2,abandon oneself to despair,陷入绝望,
7b6a2661-7176-4815-bf66-cf76e87f43aa,9ce328c9-09c0-4e5a-bdc3-e9a00245b616,3,abandon the doctrine,放弃信条,
7b6a2661-7176-4815-bf66-cf76e87f43aa,2ff378cd-ea63-4930-8540-9e28f4b536b0,4,abandon the program,中止项目,
0b0a3117-8119-4ffe-87e9-5faf05714299,50567ce6-48e8-42d6-9589-b7cbd8878c8d,1,analyse data,分析数据,
0b0a3117-8119-4ffe-87e9-5faf05714299,41f1700e-d325-4384-9132-b81815407fe2,2,analyse sth. in detail,仔细分析某事,
7be97d1d-68ac-4579-a0a5-99ae2a4e0a19,b0c8acec-4d9e-4b19-9904-94a0c56d22e4,1,a scientific analysis,科学分析,
7be97d1d-68ac-4579-a0a5-99ae2a4e0a19,15e35de6-f96f-4ded-892a-437a5407f063,2,data analysis,数据分析,
7be97d1d-68ac-4579-a0a5-99ae2a4e0a19,8ca41ae3-1076-4e71-b9a5-e621415abd49,3,information analysis,信息分析,
195ed666-7375-4fd9-8927-a35fb69f3420,9dca7bd6-41c5-4273-8de2-f9481dc51569,1,a set of circumstances,一系列情况,
195ed666-7375-4fd9-8927-a35fb69f3420,5c546eb1-d84c-4ef3-baad-39ba3443bcce,2,different circumstances,不同的环境,
195ed666-7375-4fd9-8927-a35fb69f3420,8025fb11-dc6c-4145-91b7-0e2048cc2921,3,normal circumstances,正常情况,
5429f25e-50d0-4d4a-88c5-9c1f1511582d,be006e2f-c4d7-43dd-9106-1cf3a168eecc,1,a promising actor,有前途的演员,
5429f25e-50d0-4d4a-88c5-9c1f1511582d,61f7f849-df82-4a22-b9a4-fb734301ac13,2,a promising career,有前途的职业,
5429f25e-50d0-4d4a-88c5-9c1f1511582d,75308015-c6af-4933-a2e4-6c04bffd6480,3,a promising opening,有前途的空缺职位,
5429f25e-50d0-4d4a-88c5-9c1f1511582d,3a9040fd-0084-4257-8e51-165581fdd6fa,4,a promising start,良好的开端,
5429f25e-50d0-4d4a-88c5-9c1f1511582d,62531e89-5ffd-4e83-9694-0b576b2f0e39,5,be promising to act,有望采取行动,
1889d94f-1324-43cb-99b2-ca52fb46a3e7,5a04125c-d2f1-47eb-b99d-03eec87237d5,1,a wide range of pursuits,爱好广泛,
1889d94f-1324-43cb-99b2-ca52fb46a3e7,a88086cc-0a01-4530-843b-638b8d71d08a,2,academic pursuits,学术事业,
1889d94f-1324-43cb-99b2-ca52fb46a3e7,e8695dc3-ded9-445e-9aec-12055d4000f4,3,in pursuit of work,找工作,
1889d94f-1324-43cb-99b2-ca52fb46a3e7,e9bc1554-6c41-492c-917c-f35d10670f85,4,intellectual pursuits,智力活动,
1889d94f-1324-43cb-99b2-ca52fb46a3e7,4a129a14-354f-440d-b1aa-e467a0f61f30,5,the pursuit of an ideal,对理想的追求,
1889d94f-1324-43cb-99b2-ca52fb46a3e7,ca85dfef-409d-4841-bfc3-f26523756c36,6,uncontrollable pursuit,无法控制的追逐,
a3039cc5-4f8d-4379-8b66-bd6811c98123,10254c73-4f96-4d7d-a2d7-c7d113613d87,1,be confined to...,局限于……,
a3039cc5-4f8d-4379-8b66-bd6811c98123,f67e6d51-c8c7-4450-82dc-124cf0bbfe67,2,confine a prisoner,监禁犯人,
a3039cc5-4f8d-4379-8b66-bd6811c98123,5d133928-13a9-4c35-a49a-04899fb365dc,3,the confines of...,……的界限,
13e64830-7e9c-4f30-9b68-07ee338f73fe,7bcae883-6ee9-4850-806f-e6540a164945,1,an increased tolerance,忍耐力不断增强,
13e64830-7e9c-4f30-9b68-07ee338f73fe,10e2ecd9-2667-4aee-a198-623e88d294aa,2,legal tolerance,法律上的宽容,
13e64830-7e9c-4f30-9b68-07ee338f73fe,d3ab753c-5727-4763-b56f-6e6afbf87148,3,tolerance of checks,对检查的容忍,
396f0bab-f9f3-4aa7-b2d2-b32ec1a89332,0b407194-f03d-4d55-b0fa-3537c1c1f3fd,1,a tolerant attitude,宽容的态度,
396f0bab-f9f3-4aa7-b2d2-b32ec1a89332,55652076-758a-4fc1-ad3d-b6f11eec15b4,2,be less tolerant of sth.,难以忍受某事,
65816098-9508-4ff1-ba0f-8d02fbae9fc4,b2d927d8-9bab-4d3d-928d-edc66906d8d1,1,constitute a threat to...,是对……的威胁,
65816098-9508-4ff1-ba0f-8d02fbae9fc4,2af8037f-ca22-4bc3-89cc-bb274abe5df6,2,constitute part of...,构成……的一部分,
65816098-9508-4ff1-ba0f-8d02fbae9fc4,db866dfe-7656-4152-9d50-1319785f565e,3,constitute the majority of...,占……的大多数,
49a4a848-6293-4a64-82bc-734a47d15c8e,34985b4e-7fa7-4670-b5fe-4a77f6f6474d,1,be undermined by...,被……损害,
49a4a848-6293-4a64-82bc-734a47d15c8e,b76ed5f5-654a-4bb6-8189-cd1738bc5879,2,undermine interests,损害利益,
49a4a848-6293-4a64-82bc-734a47d15c8e,f4f1fb94-2de2-4bff-af64-dc0ab08dbd06,3,undermine reason,削弱理性,
49a4a848-6293-4a64-82bc-734a47d15c8e,559b5dae-7b55-49bc-bc4e-8c48258d12cd,4,undermine support,削弱扶持力度,
49a4a848-6293-4a64-82bc-734a47d15c8e,7e7eb110-2c37-4eb3-a26b-90c39479e426,5,undermine the authority,削弱权威性,
49a4a848-6293-4a64-82bc-734a47d15c8e,ad619c6f-33e4-455e-9c09-b858e826bd36,6,undermine the system of...,破坏……体系,
02d538e6-d83b-4d2d-abc9-c47b82f8f741,28f8e5a3-bf4d-4037-8425-1725a0c4062c,1,a population decline,人口数量减少,
02d538e6-d83b-4d2d-abc9-c47b82f8f741,92968de3-0b60-477f-be7d-df60172614af,2,a tendency of decline,下降的趋势,
02d538e6-d83b-4d2d-abc9-c47b82f8f741,fb777d2f-415d-4ada-b769-2dfc0ba9850b,3,an economic decline,经济衰退,
02d538e6-d83b-4d2d-abc9-c47b82f8f741,35160605-3718-429c-b363-42dcdb8cf2bd,4,continue to decline,持续下降,
02d538e6-d83b-4d2d-abc9-c47b82f8f741,4dcf1005-5a65-487b-8a88-f73cab112d13,5,in decline,下降,
02d538e6-d83b-4d2d-abc9-c47b82f8f741,707f5598-ba9c-4c1b-84c2-03db64c103e0,6,the decline of sth.,某物的衰退,
5489cb7c-1670-4c69-84d1-c5b939ebd6a4,840cf951-632c-4a92-b10d-fc7fbe0341f2,1,endorse one’s actions,赞同某人的行为,
5489cb7c-1670-4c69-84d1-c5b939ebd6a4,6d147a71-c559-4282-b11b-eb675e656e63,2,endorse one’s opinion,支持某人的观点,
5489cb7c-1670-4c69-84d1-c5b939ebd6a4,d3287de1-348b-4694-8b37-221e7df5ef3b,3,endorse one’s remarks,赞同某人的话,
5489cb7c-1670-4c69-84d1-c5b939ebd6a4,295310a5-46af-4cff-ab7a-8f760733ef03,4,endorse the cheque,在支票背面签名,
34bff7e2-ab17-47d7-8a6b-4e5a74b02ea5,db620b94-a792-4b50-92f0-5b4118bc6c4a,1,endure a period of...,忍受……的时期,
34bff7e2-ab17-47d7-8a6b-4e5a74b02ea5,18b7d90e-6907-41f6-9b5b-3bb24ce0bd92,2,endure doing sth.,忍受做某事,
34bff7e2-ab17-47d7-8a6b-4e5a74b02ea5,b9a3bb3c-6d5b-4892-b4c2-690b6c12237f,3,endure for millions of years,存在几百万年,
34bff7e2-ab17-47d7-8a6b-4e5a74b02ea5,ed38ca6e-3b5e-4db6-b9e4-31f3dc6a4764,4,endure forever,永世长存,
34bff7e2-ab17-47d7-8a6b-4e5a74b02ea5,d60e3938-3987-4a49-84b3-f444a2623d5c,5,endure lengthy commutes,忍受漫长的通勤,
34bff7e2-ab17-47d7-8a6b-4e5a74b02ea5,e8349f12-96ba-4abf-9a31-cf541a6fd6a6,6,endure to do sth.,忍受做某事,
51d30d71-a45a-4f44-a627-3440a008e848,82c63971-7c57-4c8e-b9fe-78dbd99f0b7a,1,intend doing sth.,打算做某事,
51d30d71-a45a-4f44-a627-3440a008e848,20f94ec1-337c-495e-9274-d69b3ac08981,2,intend originally,原本想要,
51d30d71-a45a-4f44-a627-3440a008e848,da9edcca-f048-4e89-b3a3-9678dba0c1cd,3,intend otherwise,另有打算,
51d30d71-a45a-4f44-a627-3440a008e848,5197062f-f331-4179-a1b4-ee3e2f5b8159,4,intend sb. no harm,无意伤害某人,
51d30d71-a45a-4f44-a627-3440a008e848,7848c7e8-89fd-4475-b372-1a5c7491c4e7,5,intend suicide,打算自杀,
51d30d71-a45a-4f44-a627-3440a008e848,5602f810-8125-4b21-a248-5fc9d31130d4,6,intend to do sth.,想要做某事,
02f196ea-3cd0-4479-84cd-832cf55c85ce,d97473ba-072c-4230-ad6f-4a918a947989,1,by intention,故意,
02f196ea-3cd0-4479-84cd-832cf55c85ce,51bee27a-dcd0-4d31-9124-d8e738b1bf6c,2,disguise intentions,掩盖目的,
02f196ea-3cd0-4479-84cd-832cf55c85ce,781c5a56-104a-46c3-b665-1c5793cf022e,3,good intentions,善意,
02f196ea-3cd0-4479-84cd-832cf55c85ce,3b0d76fd-2f84-44c0-9884-05784b689850,4,have no intention to do sth.,无意做某事,
77cddfe9-216f-4695-8aff-ba9093a95e2a,44f01f70-b794-4595-b258-a08e5e16d954,1,a certain extent,一定程度,
77cddfe9-216f-4695-8aff-ba9093a95e2a,73737354-8f89-4d8e-a29a-b45d265910e5,2,a great extent,相当大的程度,
77cddfe9-216f-4695-8aff-ba9093a95e2a,1a42ce83-4856-445b-bc9a-08ded226d10d,3,aggregate the true extent,夸大事实,
77cddfe9-216f-4695-8aff-ba9093a95e2a,ef2b4997-c9b8-47e4-93b2-819432fa83b4,4,the extent of sth.,某物的限定范围,
77cddfe9-216f-4695-8aff-ba9093a95e2a,56166116-9d1a-4baf-b3ea-7a8b7a43e7ca,5,the full extent,全貌,
77cddfe9-216f-4695-8aff-ba9093a95e2a,d8f0b4f1-6442-4472-b94e-d5b109f78f90,6,to some extent,某种程度上,
64308338-cf09-4164-8b23-c3c86ed39227,5a2daf03-f8c4-488f-a04f-9cb2e9b7ae79,1,a flexible substance,有弹性的物质,
64308338-cf09-4164-8b23-c3c86ed39227,bca40bc1-b736-4afd-9ee2-c3fd54d8f2f0,2,be flexible in operation,操作灵活,
64308338-cf09-4164-8b23-c3c86ed39227,01545596-54a6-4ae3-a769-5011b11830c1,3,flexible schedules,灵活的时间安排,
64308338-cf09-4164-8b23-c3c86ed39227,81a8d24b-16f6-44c4-afd7-6d43a74291f5,4,flexible working hours,灵活的工作时间,
65267935-0f96-4ef2-a4ba-729da74e01b7,6170ce91-ddd2-4d72-b9a6-2086fb75f4c2,1,a measuring instrument,测量仪器,
65267935-0f96-4ef2-a4ba-729da74e01b7,6ce2694b-3ec0-48e4-99bf-b2f9b7d565ba,2,a stringed instrument,弦乐器,
65267935-0f96-4ef2-a4ba-729da74e01b7,9873c3c9-6202-45b3-857a-ca562a472a7f,3,provide an instrument,提供仪器,
2e969c15-b522-4a62-8356-c785741d6b56,30d26d49-504f-488b-851a-8e7b62765132,1,a natural scene,自然景观,
2e969c15-b522-4a62-8356-c785741d6b56,064df5aa-831c-4aa3-aac6-ad1f68c16081,2,a natural talent,天赋,
2e969c15-b522-4a62-8356-c785741d6b56,533b2754-6e7c-4369-9325-2b36b6dd59cb,3,natural disasters,自然灾害,
2e969c15-b522-4a62-8356-c785741d6b56,4a8f6d48-e136-469e-b81f-5e16cf343a8c,4,natural gas,天然气,
2e969c15-b522-4a62-8356-c785741d6b56,1347d3ab-e4db-4680-97a7-6e6e3aa6d905,5,natural resources,自然资源,
2e969c15-b522-4a62-8356-c785741d6b56,370311ab-61a5-4125-b982-6d1da88b8b2b,6,the natural world,自然界,
8e505ecd-ba6a-417f-a980-ea93f43a4385,7831d4b8-93f7-4feb-92fb-60e19cf95e5f,1,a military uniform,军装,
8e505ecd-ba6a-417f-a980-ea93f43a4385,23344845-39f4-422a-ae49-b01834f6929f,2,military background,军事背景,
8e505ecd-ba6a-417f-a980-ea93f43a4385,09d24932-ddeb-4c39-8340-40bb0389fd0b,3,routine military flights,常规军事飞行,
8e505ecd-ba6a-417f-a980-ea93f43a4385,fed54421-d3ff-4599-a591-e6ce0a035979,4,serve in the military,在军队服役,
c76c6a33-4594-4f9b-8720-0d95975a3101,c5beb851-bd61-4580-b71a-26daa8a8c180,1,be occupied with sth.,被某事占据,
c76c6a33-4594-4f9b-8720-0d95975a3101,61e5e0ce-9baa-4826-9be0-afdfa2e55a8f,2,occupy a field,占领领域,
c76c6a33-4594-4f9b-8720-0d95975a3101,60408f7c-83ee-4937-91fd-1f03c1a2c59f,3,occupy a position,任职,
c76c6a33-4594-4f9b-8720-0d95975a3101,62691406-3b46-4afc-b245-4399790d59d4,4,occupy time,占用时间,
f8f44428-a2af-4a51-bcec-4c26d1c3178a,d9f27e56-f7ce-4ae2-a890-090afa52b0a8,1,be declared an epidemic,被宣布为流行病,
f8f44428-a2af-4a51-bcec-4c26d1c3178a,52fd9710-9864-4f14-9232-b098d9393f02,2,declare sth. off,宣布取消某事,
f8f44428-a2af-4a51-bcec-4c26d1c3178a,172740f6-2753-4127-8932-07c21444eb7a,3,declare sth. to be...,宣布某物是……,
f8f44428-a2af-4a51-bcec-4c26d1c3178a,72a03901-96ba-4500-b17d-d9c27dcb11a4,4,declare war on...,向……宣战,
03173d9c-3635-4824-8317-b0c81662b78f,a7f8e679-2586-4d79-bca0-d57e345d8860,1,pave a court,铺砌球场,
03173d9c-3635-4824-8317-b0c81662b78f,b37202a3-5323-4cb8-9daa-e2cf59a79afd,2,pave a path,铺路,
c2d9ee07-6633-4319-a78a-05f6b2ecb5d8,1b5fc162-2881-450b-8fb9-af306c87f1ac,1,be dedicated to...,被献给……,
c2d9ee07-6633-4319-a78a-05f6b2ecb5d8,917f12d3-5c23-48c4-b3d2-173300820c6c,2,dedicate a museum,为博物馆举行落成典礼,
c2d9ee07-6633-4319-a78a-05f6b2ecb5d8,b3f66582-d512-44df-bdb7-8975a39aa813,3,dedicate energies to...,致力于……,
c2d9ee07-6633-4319-a78a-05f6b2ecb5d8,03a1102a-4d97-45aa-bdd4-17da61e025d7,4,dedicate one's life to...,献身于……,
c2d9ee07-6633-4319-a78a-05f6b2ecb5d8,6d10b02d-b213-4e93-a3f8-51a99015a7f0,5,dedicate oneself to work,献身于工作,
c2d9ee07-6633-4319-a78a-05f6b2ecb5d8,d7dada20-dc1d-4d2e-bc30-4f8d7e310aa4,6,dedicate sth. to sb.,把某物献给某人,
18502412-52a6-44b7-bc70-7db734f1b88e,7feedf5c-ee80-45ae-abf0-c2dfaacd0d12,1,prevail in sp.,在某地流行,
18502412-52a6-44b7-bc70-7db734f1b88e,12ab992e-8d8a-4aa8-9c86-2f0d40e369ac,2,prevail over...,战胜……,
01f234f3-bc56-4f30-8508-521158f6b319,ba9d0126-68cf-4d5f-9dc5-42ea75633de3,1,a basic framework of,……的基本结构,
01f234f3-bc56-4f30-8508-521158f6b319,a299ae57-43b7-4619-bf63-f85517339d09,2,a legal framework,法律体制,
01f234f3-bc56-4f30-8508-521158f6b319,5633ef78-4f10-4a2f-887f-52935df51904,3,a single framework,单一的框架,
1c1c4bda-e859-4a0a-ab67-ac7a840e31f6,b350405e-35b6-49cd-af66-709a54fadff8,1,a romantic at heart,骨子里浪漫的人,
1c1c4bda-e859-4a0a-ab67-ac7a840e31f6,987a9c02-7183-4520-b34d-61a572e67981,2,a romantic escape,浪漫的逃亡,
1c1c4bda-e859-4a0a-ab67-ac7a840e31f6,3dae1cbd-ceda-4a8e-88f8-d33ff0fa6ff5,3,a romantic relationship,爱情,
1c1c4bda-e859-4a0a-ab67-ac7a840e31f6,c6cadac0-0544-4661-bc7c-827536943de6,4,a romantic story,爱情故事,
1c1c4bda-e859-4a0a-ab67-ac7a840e31f6,962b06f1-9eda-4f2d-8f04-76964b76a5b8,5,create a romantic mood,营造浪漫气氛,
1c1c4bda-e859-4a0a-ab67-ac7a840e31f6,2d1f3cbf-5439-4ab1-ae48-df5f911d91f7,6,romantic escapism,浪漫的遁世主义,
e1201bfa-ff23-4c9b-8360-0f7bb5bd2985,21e53452-030c-4f1a-9783-741be418e5d9,1,a precious experience,宝贵的经验,
e1201bfa-ff23-4c9b-8360-0f7bb5bd2985,802a10b1-8b7e-4c05-9947-6734678b3e7f,2,a precious opportunity,宝贵的机会,
e1201bfa-ff23-4c9b-8360-0f7bb5bd2985,db3238ab-e3ff-4e6a-997d-eb69847a57b3,3,a precious vase,稀世花瓶,
e1201bfa-ff23-4c9b-8360-0f7bb5bd2985,2f0012ff-07a4-49db-93df-ea1564f119f7,4,be precious to...,对...是可贵的,
1046713a-525b-4a5e-9afb-0d415b521ea4,0127f69b-1de5-4c1f-adf2-368f06b72789,1,be evolved from...,由……进化而成,
1046713a-525b-4a5e-9afb-0d415b521ea4,cb3a5756-6b31-4615-8937-307d919a2f0e,2,evolve a community,逐渐形成团体,
1046713a-525b-4a5e-9afb-0d415b521ea4,c163f361-05ae-46b9-baaf-a54f76902dd0,3,evolve around...,围绕……发展,
1046713a-525b-4a5e-9afb-0d415b521ea4,ce88661c-b7a2-4730-aaae-242f0d5413a4,4,evolve from sth.,由某物发展 / 进化而来,
1046713a-525b-4a5e-9afb-0d415b521ea4,2b1d9ac8-480d-4158-92cd-87e2012e36ff,5,evolve independently,独立进化,
1046713a-525b-4a5e-9afb-0d415b521ea4,688eef0f-a53a-4e47-850d-0dbdfff0115f,6,evolve into sth.,逐步发展成某物,
0f14bfda-63d8-4068-a39e-a9b177f0541d,cf6ad4b6-2085-43ec-a3a4-5e5e83c9e671,1,enjoy the scenery,欣赏风景,
0f14bfda-63d8-4068-a39e-a9b177f0541d,a4881a21-722d-4b84-9a2a-1ca9b93e150a,2,set up the scenery,布置舞台布景,
0f14bfda-63d8-4068-a39e-a9b177f0541d,cc98ba79-fc5f-48a1-bf41-07da3862fffa,3,spectacular scenery,壮丽的景色,
0f14bfda-63d8-4068-a39e-a9b177f0541d,3b7631a2-8e73-4d72-90b7-987b4c68ef6b,4,the passing scenery,沿途的风景,
2adddf81-f8ef-4f9c-8ce6-db7e3a439a15,4a3218d4-f6d6-4b25-864c-9a7eb5ea7c18,1,a random killing,随意杀戮,
2adddf81-f8ef-4f9c-8ce6-db7e3a439a15,7d468b09-8bda-4dfc-8109-2fccf0b5b795,2,a random outcome,随机结果,
2adddf81-f8ef-4f9c-8ce6-db7e3a439a15,d27bef53-4f79-40f6-8405-4d9d14d0fc3c,3,a random series of...,一系列随机的……,
8e3c403f-a130-479d-a70f-bbc1d17ea543,b17b67a4-4e75-44ef-983c-310a34eb00d2,1,a revolution in sth.,某方面的大变革,
8e3c403f-a130-479d-a70f-bbc1d17ea543,c9155b1d-5d29-4d9e-ba85-ce56a3483564,2,a socialist revolution,社会主义革命,
8e3c403f-a130-479d-a70f-bbc1d17ea543,4afa4e31-337c-48f6-bccc-cf2191aa0f74,3,accelerate a revolution,加速革命,
8e3c403f-a130-479d-a70f-bbc1d17ea543,50e74bad-981c-49bb-95e7-4ead0d86fe73,4,start a revolution,发动一场革命,
8e3c403f-a130-479d-a70f-bbc1d17ea543,96ab2dff-e48b-4947-ae54-5a0e508cd846,5,the Industrial Revolution,工业革命,
8e3c403f-a130-479d-a70f-bbc1d17ea543,da3410d9-5aaf-451d-9803-c7e4f1b3c53c,6,the communications revolution,通信革命,
9866e2ae-678b-4a7f-8664-775eb74f80b5,4443b9bc-0879-4e9f-9dc1-03a5d4d78716,1,a pink slip,解雇通知单,
9866e2ae-678b-4a7f-8664-775eb74f80b5,705fe9b0-791a-4337-9ddc-bbe365dda6cc,2,a slip of the tongue,口误,
9866e2ae-678b-4a7f-8664-775eb74f80b5,74f1c1c0-9050-4fd3-837d-97f0e24a7c06,3,slip away,溜走,
9866e2ae-678b-4a7f-8664-775eb74f80b5,19a4624f-9ed1-4a93-be07-94bc296bc280,4,slip into a coma,陷入昏迷,
9866e2ae-678b-4a7f-8664-775eb74f80b5,a32d421b-2159-44db-9874-050d8a23a43c,5,slip on sp.,在某处滑倒,
9866e2ae-678b-4a7f-8664-775eb74f80b5,749a8b61-9115-4832-a0a0-74aaf1c404cd,6,slip out of one’s hand,从某人手中脱落,
1c3c9b97-3600-43d5-8b4f-2ead828969d4,fd170149-5131-4fa0-a5df-affffa94f6f1,1,a slippery customer,狡猾的顾客,
1c3c9b97-3600-43d5-8b4f-2ead828969d4,81b9752e-9b79-4c2e-a4d2-490f90bafb95,2,a slippery subject,棘手的问题,
1c3c9b97-3600-43d5-8b4f-2ead828969d4,18f01c5f-8eab-4d33-b108-aaa425a02ca6,3,a slippery surface,光滑的表面,
761c2d12-507e-45a0-a59e-0a401e5a5ccc,972af0ee-3c41-45c9-9c0d-95d4c6b9c1fd,1,be expected to soar,预计会猛增,
761c2d12-507e-45a0-a59e-0a401e5a5ccc,914862df-dd40-4c43-9575-5845b6abe955,2,soar above sp.,在某地上空翱翔,
761c2d12-507e-45a0-a59e-0a401e5a5ccc,45ca7348-80c3-4fd6-9429-a6b9ba08c8dd,3,soar from A to B,从 A 急增到 B,
761c2d12-507e-45a0-a59e-0a401e5a5ccc,2bb87aa7-ed57-47f2-aaa0-0c7d3d26802a,4,soar into the sky,飞向高空,
2af590df-efc7-4b50-9ada-d74f76bed2fe,3c482e74-7086-45a4-827b-3bdb8d347366,1,a familiar substance,熟悉的物质,
2af590df-efc7-4b50-9ada-d74f76bed2fe,a95728c3-13b9-4084-a1a3-a9f0260d1119,2,a physical substance,实物,
2af590df-efc7-4b50-9ada-d74f76bed2fe,1e62f48c-99f6-41ed-b665-a97d4d117b32,3,give substance to...,给……提供根据,
2af590df-efc7-4b50-9ada-d74f76bed2fe,6ad02e55-900e-4d1b-8302-d5723fab2d72,4,substance abuse,物质滥用,
2af590df-efc7-4b50-9ada-d74f76bed2fe,df70c8c1-2a41-448f-a64f-1fb0996e7b5c,5,substance dependence,物质依赖,
2af590df-efc7-4b50-9ada-d74f76bed2fe,bc11c794-0454-45ab-a007-1ef997aa915d,6,the substance of sth.,某物的实质；主旨,
e92ecb37-ec5f-4cc6-a570-c51a8594460a,2c59a1af-ced2-4e1f-8148-f4a1ab58c0aa,1,formulate a concept,确切表达概念,
e92ecb37-ec5f-4cc6-a570-c51a8594460a,7027fea6-acd7-437c-a95e-9d096cf82714,2,formulate a plan,构思计划,
e92ecb37-ec5f-4cc6-a570-c51a8594460a,e6d564e6-8ba5-4e52-9977-4fc6db51b8d6,3,formulate a policy,制定政策,
e92ecb37-ec5f-4cc6-a570-c51a8594460a,803cc289-f773-4a9d-8305-ae423d6c4ae9,4,formulate a strategy,制定策略,
e92ecb37-ec5f-4cc6-a570-c51a8594460a,2d3dc5dd-81bf-4dc3-a92a-a0af282a8f82,5,formulate a theory,阐述理论,
e92ecb37-ec5f-4cc6-a570-c51a8594460a,d8183afa-ac86-466a-8656-bcd8accfe4ee,6,formulate an argument,构想论点,
6422d195-9e7e-455b-bdc1-cbc9b08f098f,cf707e2b-a1b2-46ef-9d20-a646e253caf1,1,fall prey to sth.,成为某物的猎物,
6422d195-9e7e-455b-bdc1-cbc9b08f098f,022492cb-cc56-4ffa-b6aa-9cd33b1d295b,2,find one’s prey,寻找猎物,
6422d195-9e7e-455b-bdc1-cbc9b08f098f,e4795c6e-1f69-4c66-b874-42ab728ddb46,3,prey on sth.,捕食某物,
6422d195-9e7e-455b-bdc1-cbc9b08f098f,a1f4931b-a5bc-481c-9737-8d969242e14b,4,stalk one’s prey,跟踪猎物,
7c8f9e3f-2c16-4bd9-a50c-e4c6633d4c7f,6b12d6a9-ddc2-4d7e-89e8-fa9d84623fa3,1,adopt different tactics,采取不同的策略,
7c8f9e3f-2c16-4bd9-a50c-e4c6633d4c7f,7958a380-7319-4150-9215-d74cc2179bba,2,delaying tactics,拖延手段,
7c8f9e3f-2c16-4bd9-a50c-e4c6633d4c7f,b4b0d554-1e25-4f06-88fd-a6849cf4bfc2,3,discuss tactics,讨论策略,
7c8f9e3f-2c16-4bd9-a50c-e4c6633d4c7f,9061ef05-f395-4782-9bfe-b4653d340398,4,the best tactic,上策,
f30ff7b1-8d6c-470d-b6e3-5a2315fe104d,131d020c-6d13-45fd-a983-7229b31aaea5,1,update a schedule,更新日程,
f30ff7b1-8d6c-470d-b6e3-5a2315fe104d,63b41ea2-c78a-4999-a153-a7445a6a8ac6,2,update a to-do list,更新待办事项清单,
f30ff7b1-8d6c-470d-b6e3-5a2315fe104d,ffe1a0d4-1731-4b20-ba6b-47d368390635,3,update sb. on sth.,向某人提供某物,
f30ff7b1-8d6c-470d-b6e3-5a2315fe104d,bf7f19ae-d21d-4261-8d0e-c0a5ac43786e,4,update the software,更新软件,
26228a1f-7b35-498b-8b29-d072d7538e77,98ea2d40-12db-4cef-8a96-0ac2cc2a0e32,1,a commercial venture,商业风险投资,
26228a1f-7b35-498b-8b29-d072d7538e77,2e1fab3b-1a71-4ce1-9969-df7a2495fbcf,2,a joint venture,合资企业,
c90e6ebb-d22c-4cdf-872d-97db910a3500,c478a9bc-e5bf-4ea7-aa6f-93f0717376ae,1,a verbal agreement,口头协议,
c90e6ebb-d22c-4cdf-872d-97db910a3500,ead980e0-487c-455d-ad5d-19f0710b7c8d,2,a verbal expression,语言表达,
c90e6ebb-d22c-4cdf-872d-97db910a3500,26b13162-111c-4cd1-a27a-4d4e7f2c0fbe,3,verbal interactions,言语交流,
9636915c-d962-4e45-80a4-a95978bb90f3,d1b5d8e0-10e4-46b4-bd6d-15ea1d71d139,1,a gender prejudice,性别歧视,
9636915c-d962-4e45-80a4-a95978bb90f3,5daa63ed-c473-445b-a5db-72c3f8c8f82a,2,a historical prejudice,历史偏见,
9636915c-d962-4e45-80a4-a95978bb90f3,5a1cf4a6-291a-4cb0-9398-c2c26d0da0df,3,prejudice one’s career,损害某人的事业,
9636915c-d962-4e45-80a4-a95978bb90f3,586c88d7-9c79-4f2e-a85c-47bb85d34237,4,prejudice sb. against...,使某人对……形成偏见,
48ec9b5f-b377-4742-ba27-c866c0211c5e,16483272-f839-4bd0-a412-cc2f6319797f,1,a biography of a great man,伟人传记,
48ec9b5f-b377-4742-ba27-c866c0211c5e,9de806eb-99b3-45b0-87b5-7b0379e591a1,2,a celebrity biography,名人传记,
48ec9b5f-b377-4742-ba27-c866c0211c5e,28d6c7cb-b9ab-4471-9487-3b4f6b3866b8,3,a copy of biography,一本传记文学,
48ec9b5f-b377-4742-ba27-c866c0211c5e,5264446c-c812-4ac9-90b6-d231dbae8e03,4,write a biography,写传记,
9577077f-dc53-4b1d-b1d2-f0bae1286ae8,251ee3f2-b2de-4a6a-85b2-d4bced736c07,1,a leg strain,腿部拉伤,
9577077f-dc53-4b1d-b1d2-f0bae1286ae8,e7bdd5cb-9b10-4001-af83-5cfdd9f33e14,2,muscle strain,肌肉劳损,
9577077f-dc53-4b1d-b1d2-f0bae1286ae8,f63218ba-fca1-4e86-9832-9379a162ad99,3,put a strain on...,给……施压,
9577077f-dc53-4b1d-b1d2-f0bae1286ae8,1b4a691d-cee1-471f-924b-d9dd90601852,4,strain a muscle,损伤肌肉,
9577077f-dc53-4b1d-b1d2-f0bae1286ae8,22094638-30cb-4994-8c5c-20d31023dcc9,5,strain resources,过度使用资源,
9577077f-dc53-4b1d-b1d2-f0bae1286ae8,652db8ea-d7f3-4802-b743-55d6e32ffc4c,6,withstand strain,承受重压,
7b6eab8b-d191-41da-aec0-ac035a0ba5a6,b4e9a3ed-320e-489d-9575-4d734cf87b47,1,be restrained by sb.,被某人制止,
7b6eab8b-d191-41da-aec0-ac035a0ba5a6,5926ffcd-e5b8-4109-bb68-6f10961d2cbe,2,restrain a feeling,控制情绪,
7b6eab8b-d191-41da-aec0-ac035a0ba5a6,87ce10ed-1ff2-43ca-8eee-990c348c74f0,3,restrain inflation,抑制通货膨胀,
7b6eab8b-d191-41da-aec0-ac035a0ba5a6,187ff1ac-c119-4901-9815-dfc3bd15617a,4,restrain sb. from doing sth.,阻止某人做某事,
aa92c49b-2a0f-457c-a1fb-090933b59712,35cb3970-94e3-435b-b711-1932e349e85b,1,considerable restraint,极大的克制,
aa92c49b-2a0f-457c-a1fb-090933b59712,0af6d6fd-4b64-42d4-b5ee-5707709c5ad5,2,produce strong restraint to...,有效抑制……,
aa92c49b-2a0f-457c-a1fb-090933b59712,fd988773-429c-49b8-8b83-a5bb52b16d50,3,put restraints on sb.,限制某人,
aa92c49b-2a0f-457c-a1fb-090933b59712,b23947ad-e202-46b5-a3a7-fbf727648322,4,without restraint,毫无约束,
67b1d033-6fc3-4ac1-bad9-77c238d8b23e,a9c02131-fb38-42da-8572-76ce675a7320,1,a cautious person,谨慎的人,
67b1d033-6fc3-4ac1-bad9-77c238d8b23e,64cd57ea-c31a-49ef-81e5-9d9912bac5d8,2,a cautious response,谨慎的答复,
67b1d033-6fc3-4ac1-bad9-77c238d8b23e,08e345c4-2755-4ad5-9b2f-26f14eec9800,3,be cautious about sth.,对某事十分慎重,
67b1d033-6fc3-4ac1-bad9-77c238d8b23e,540dda30-0645-4d85-a67f-54258bbfa9c4,4,be cautious of doing sth.,做某事很小心,
714bcb5e-a64e-45ca-b5ec-a1f6322a3886,7cb4e3f0-2052-4776-941c-d4db4589a70d,1,compensate for deficiency,弥补不足,
714bcb5e-a64e-45ca-b5ec-a1f6322a3886,dd273bd3-237c-4abd-b151-19d040b90c28,2,compensate sb. for sth.,赔偿某人某物,
714bcb5e-a64e-45ca-b5ec-a1f6322a3886,748e5290-5663-4e41-a04c-09bebcf00b19,3,compensate with sth.,用某物补偿,
cebb212d-6670-4a0d-bd8d-fb906fe95542,e3513647-83d0-431d-921e-28d73c11e0d8,1,depress one’s mood,使某人心情沮丧,
cebb212d-6670-4a0d-bd8d-fb906fe95542,ae069419-656e-474d-b28a-ac9f286b4b15,2,depress the price,降低价格,
378ecc9f-901b-4cf4-8238-b88206627769,cadb45d2-6c2c-43f3-98f7-65d03aa66598,1,a high school diploma,高中文凭,
378ecc9f-901b-4cf4-8238-b88206627769,f51520a4-791d-45dc-89fa-8a2d8416c581,2,an undergraduate diploma,本科文凭,
378ecc9f-901b-4cf4-8238-b88206627769,0c7b16a1-b8ad-4a97-b344-072d63bf94c9,3,receive a diploma,获得学位证书,
378ecc9f-901b-4cf4-8238-b88206627769,7c30ec21-d7b2-4cb7-8c24-d9c4b50226c2,4,take a diploma in...,攻读……的文凭课程,
560a69bb-c5c8-44a1-b2a2-b84f6f7cf823,f288eb0a-0429-4ae7-8544-058e319bfe6d,1,a personality disorder,人格障碍,
560a69bb-c5c8-44a1-b2a2-b84f6f7cf823,a0c322aa-90c6-4ac7-b96e-837300865914,2,a state of disorder,混乱的状态,
560a69bb-c5c8-44a1-b2a2-b84f6f7cf823,93af742d-c569-44ba-b844-bc30182e5ea6,3,an anxiety disorder,焦虑症,
560a69bb-c5c8-44a1-b2a2-b84f6f7cf823,29310517-a058-4f0e-9d60-714ff4d9625b,4,mental disorder,精神病,
560a69bb-c5c8-44a1-b2a2-b84f6f7cf823,0c86c05a-b6eb-4e69-bb10-8d4ff941a4a6,5,public disorder,公众动乱,
560a69bb-c5c8-44a1-b2a2-b84f6f7cf823,f7006d34-57d5-4434-943e-6bba81f96f0b,6,the power of disorder,无序的力量,
6fc8c833-22a5-4ca0-a174-7f1cbbef8eae,7db1c18f-55f0-4105-b543-e41a17f47f43,1,be embedded in...,被根植于……,
6fc8c833-22a5-4ca0-a174-7f1cbbef8eae,b28dd248-2ad4-49b9-bff6-6e7cf22766e7,2,embed a code,嵌入代码,
6fc8c833-22a5-4ca0-a174-7f1cbbef8eae,4137bda6-7982-42f0-a7e7-2e2e7d51dfb6,3,embed a watermark,插入水印,
6fc8c833-22a5-4ca0-a174-7f1cbbef8eae,06431090-6455-4b40-a0ca-98c980317652,4,embed sth. in sp.,把某物嵌入某处,
9d90c4f1-748d-4ff8-9448-45b5848fd126,1c69060b-87a9-433c-820a-834c9dd1d696,1,a contest for sth.,为了某事的竞争,
9d90c4f1-748d-4ff8-9448-45b5848fd126,15d4bfea-5c6a-4357-a921-4d403534fc9a,2,contest the election,争取当选,
9d90c4f1-748d-4ff8-9448-45b5848fd126,eab99acf-c719-47e6-be19-938f20125e55,3,contest the leadership,争夺领导权,
9d90c4f1-748d-4ff8-9448-45b5848fd126,9fa6ed2f-c092-4699-8bd5-a79eae5826ed,4,hold a contest,举办比赛,
ae526d5d-7a65-4391-a1bb-ce208eaa5d0d,ad8046a7-90b2-4a1e-8f67-c39bd1d7b07b,1,contend for sth.,竞争某物,
ae526d5d-7a65-4391-a1bb-ce208eaa5d0d,49226677-daae-4a35-96cb-9436c90c80c9,2,contend over the children,争夺子女,
ae526d5d-7a65-4391-a1bb-ce208eaa5d0d,0d2401bc-6139-4a70-a2ef-ef21aece6604,3,contend with a problem,处理问题,
ae526d5d-7a65-4391-a1bb-ce208eaa5d0d,0f3cb9d8-3b49-4043-bca7-a5ceaf8b9293,4,contend with/against sb.,与某人做斗争,
4bf148fa-c003-4978-b4bb-6679408e1375,aef7d642-e831-404f-97a5-6335d360ad88,1,entail a risk,导致风险,
4bf148fa-c003-4978-b4bb-6679408e1375,b46700c6-6dd8-48c2-9cbb-7b4b96f0fd50,2,entail a saving,需要节省,
4bf148fa-c003-4978-b4bb-6679408e1375,baf68f70-9815-4a6a-86df-1ee81b046501,3,entail doing sth.,需要做某事,
4bf148fa-c003-4978-b4bb-6679408e1375,a8fd1b54-a29e-4041-b922-c0aee35754fc,4,entail hard work,需要艰苦的努力,
64a160cb-162b-4146-b387-098ce8f1c166,c5178544-ed35-4ee1-90ea-3fd82c906c73,1,an indispensable book,必不可少的书,
64a160cb-162b-4146-b387-098ce8f1c166,4583083a-9890-4c50-8917-f2a38f911aaf,2,an indispensable part,不可或缺的部分,
64a160cb-162b-4146-b387-098ce8f1c166,6d97f9a0-ec39-4492-9ea1-3c3e18a23320,3,an indispensable quality,必备素质,
64a160cb-162b-4146-b387-098ce8f1c166,eecdf873-c999-4cc6-a895-23c49c37b64e,4,be indispensable to...,对……来说是必需的,
4c088c15-e7e9-40c8-80fb-d6f4d2e496c2,18d8d486-fc0e-4585-811d-ad25a299033d,1,a frequent presence of...,……的频繁出现,
4c088c15-e7e9-40c8-80fb-d6f4d2e496c2,4e4b688b-67ea-4c6a-8148-c735bcfedc20,2,frequent a restaurant,常去某餐馆,
4c088c15-e7e9-40c8-80fb-d6f4d2e496c2,0dc326b7-fb75-4b50-8fbb-279a505533a6,3,frequent checks,频繁的检查,
4c088c15-e7e9-40c8-80fb-d6f4d2e496c2,30748636-ddd5-426c-bf09-cf062954d356,4,frequent hugs,频繁的拥抱,
4c088c15-e7e9-40c8-80fb-d6f4d2e496c2,e3596d8a-6b70-4639-8476-62b5e2a14057,5,frequent use of sth.,频繁使用某物,
4c088c15-e7e9-40c8-80fb-d6f4d2e496c2,69a7af2b-e9c4-4327-afcf-a698609a028a,6,frequent wildfires,频繁的林火,
cdcfa559-d428-4695-a3f0-a1cb6005a310,f682285f-a677-48d0-a38c-8bcd16747330,1,interfere in internal affairs,干涉内政,
cdcfa559-d428-4695-a3f0-a1cb6005a310,9fd11f1c-0270-4778-a67f-4e3006e268b3,2,interfere in sth.,干涉某事,
cdcfa559-d428-4695-a3f0-a1cb6005a310,efcfb014-fd06-4ffb-b31a-33ac394402b7,3,interfere with each other,互相干扰,
cdcfa559-d428-4695-a3f0-a1cb6005a310,b362615e-2f05-4789-8a45-b282816b3533,4,interfere with one’s work,妨碍某人的工作,
3ed2d33a-880c-4a01-b8d9-fd0d2815225c,9c038f4c-4594-4bfb-8dd7-f8dee0d27b8b,1,International Monetary Fund,国际货币基金组织,
3ed2d33a-880c-4a01-b8d9-fd0d2815225c,99bd992f-eb95-4272-a410-e03a7e27d3f1,2,a monetary union,货币联盟,
3ed2d33a-880c-4a01-b8d9-fd0d2815225c,2a1e2d93-6b13-47d8-95a6-d088089648d3,3,create monetary value,创造货币价值,
3ed2d33a-880c-4a01-b8d9-fd0d2815225c,4d9660d5-24ff-4129-b6b3-911d9dec46d9,4,make a monetary policy,制定货币政策,
3ed2d33a-880c-4a01-b8d9-fd0d2815225c,ded4bdb3-7e00-473a-a109-f84692782d52,5,monetary growth,货币增长,
3ed2d33a-880c-4a01-b8d9-fd0d2815225c,66437630-7955-41d4-8c01-64aa64449ef8,6,monetary system,货币制度,
2eaa70c6-1c36-4880-9291-f7b6a28577ab,a53c048d-037b-4210-8a74-393d3e85e1b6,1,a myth of sb.,关于某人的神话,
2eaa70c6-1c36-4880-9291-f7b6a28577ab,13b06b0b-9eec-440c-a721-4b5405bd84a2,2,popular myth,普遍的错误见解,
2eaa70c6-1c36-4880-9291-f7b6a28577ab,f81e60ca-eeeb-4b84-a552-f55922eddd12,3,spread a myth,传播错误思想,
2eaa70c6-1c36-4880-9291-f7b6a28577ab,b0505799-0c9a-4efc-a6c1-f22e67b1caa7,4,the heroes of myth,神话中的英雄,
d777e3ce-0d20-4aa7-a7a7-d51926469a77,466d155e-c336-4abe-b4b2-a54cdd4b2f64,1,a prestige job,体面的工作,
d777e3ce-0d20-4aa7-a7a7-d51926469a77,78202e8f-35fb-4921-81df-f60a365e5db2,2,international prestige,国际威望,
d777e3ce-0d20-4aa7-a7a7-d51926469a77,c8de9fc0-c20a-40a6-8a38-d755e26a77a6,3,personal prestige,个人威信,
d777e3ce-0d20-4aa7-a7a7-d51926469a77,4cc52b56-d14a-4ab4-9fb0-fba498512703,4,the prestige of...,……的声望,
bedaa0aa-1f7d-4d38-8fcc-0313e267182c,7c95a7a8-f306-4a18-818a-0769d37c62e5,1,convey a feeling,表达感受,
bedaa0aa-1f7d-4d38-8fcc-0313e267182c,1da08dec-5cf7-4141-9259-61cd550431b0,2,convey an idea,传达思想,
bedaa0aa-1f7d-4d38-8fcc-0313e267182c,c9cf2bdb-8fb4-42f4-bb8d-92868e8a80f6,3,convey status,彰显身份,
bedaa0aa-1f7d-4d38-8fcc-0313e267182c,93c3d984-dd52-4a18-b341-3ceb1f6c7696,4,convey sth. to sb.,向某人传达某事,
bedaa0aa-1f7d-4d38-8fcc-0313e267182c,2d64a27d-42bb-47cc-86ad-7bf0752a7913,5,convey the baggage,运输行李,
bedaa0aa-1f7d-4d38-8fcc-0313e267182c,692102bf-37da-4b0a-b583-5076956a4dba,6,convey the land,转让土地,
bcd94641-d085-4ddf-adcc-7b53aeb96cab,618245dd-45a2-47c1-8bf2-826047f64080,1,a reason for a surge,激增的原因,
bcd94641-d085-4ddf-adcc-7b53aeb96cab,5c1eea5c-49b2-483e-b060-0dbb588269a5,2,a tidal surge,汹涌的潮水,
bcd94641-d085-4ddf-adcc-7b53aeb96cab,9c451470-171c-443e-b254-508b4cf9a962,3,surge forward,向前涌去,
bcd94641-d085-4ddf-adcc-7b53aeb96cab,4bd0e5bf-146f-4a16-a0fb-db51ce17de65,4,surge from A to B,从 A 骤升至 B,
9ebb674d-e502-4002-8c26-e72c4a3ea624,d4cf9f15-794d-4307-9fff-5b3ac7d9908b,1,a principal energy source,主要能源,
9ebb674d-e502-4002-8c26-e72c4a3ea624,bf9247e9-23ad-4f31-a3a7-82eb2243fbc7,2,a principal topic,主要议题,
9ebb674d-e502-4002-8c26-e72c4a3ea624,30164a4f-ef89-4a06-800a-90d4223c3bf3,3,a school principal,校长,
9ebb674d-e502-4002-8c26-e72c4a3ea624,0a31b026-480a-414d-994b-932503079349,4,principal forces,主要力量,
9ebb674d-e502-4002-8c26-e72c4a3ea624,20038dfa-4b76-418b-866c-956e105f0c6e,5,the principal of...,……的校长,
9ebb674d-e502-4002-8c26-e72c4a3ea624,9ae7baad-b439-4b9c-9458-fe58e99a879d,6,the principal reason for sth.,某事的主要原因,
773350cb-887d-4bf5-b15d-32124ed5832c,93107702-e1a5-4d0e-9501-931668e37e25,1,an inevitable choice,必然选择,
773350cb-887d-4bf5-b15d-32124ed5832c,1047882c-194a-4be8-9d2d-4ab7bd3a4c99,2,an inevitable consequence,必然后果,
773350cb-887d-4bf5-b15d-32124ed5832c,3e9eb7a3-e08d-4474-a13f-cbc735c7d212,3,an inevitable distraction,不可避免的干扰,
773350cb-887d-4bf5-b15d-32124ed5832c,c2ed626c-58ad-478e-a963-886d362521fd,4,an inevitable row,不可避免的争吵,
773350cb-887d-4bf5-b15d-32124ed5832c,6660a498-83f2-4ab9-bdfa-5640e36fc9d4,5,the inevitable suffering,不可避免的痛苦,
eff5dbeb-e06a-446e-8b94-72116a3391ec,d39207c1-193a-480a-a157-fbb9900a4998,1,a sensible suggestion,合理的建议,
eff5dbeb-e06a-446e-8b94-72116a3391ec,af9f7925-66d5-43ee-a78a-928aba334d3c,2,be sensible of sth.,意识到某事,
eff5dbeb-e06a-446e-8b94-72116a3391ec,81b22645-0adb-4796-8941-a7528b54f311,3,be sensible to do sth.,做某事是明智的,
8cb4927a-61e9-452e-8e78-4bc0183103c2,15206b1f-5342-4b1d-896b-874f82bf72c2,1,a skeptical look,怀疑的表情,
8cb4927a-61e9-452e-8e78-4bc0183103c2,cc049edf-308b-4f9d-857d-a97c14f35349,2,be skeptical about sth.,对某事表示怀疑,
8cb4927a-61e9-452e-8e78-4bc0183103c2,436eddbf-263c-4d8f-a8c7-9983f67e567c,3,become skeptical of sth.,变得怀疑某事,
045091fa-88f9-450f-9b3a-80692f4b2392,0c90f543-0f86-4ab4-9cbc-cb7999bdaf64,1,evaluate a case,评估案件,
045091fa-88f9-450f-9b3a-80692f4b2392,5bf6a468-b09f-4a06-81bb-af85a58cb6a2,2,evaluate sb. properly,正确地评价某人,
045091fa-88f9-450f-9b3a-80692f4b2392,5e8653e1-f69d-4215-bf1a-71bea4b0b0d9,3,evaluate the needs,评估需求,
045091fa-88f9-450f-9b3a-80692f4b2392,86324ae4-0202-4467-98b6-cb00372347a4,4,evaluate the performance,评估性能,
045091fa-88f9-450f-9b3a-80692f4b2392,9044147c-c399-4cea-b23d-919bd88f904e,5,evaluate the risk,评估风险,
bbefc4fe-0961-4a39-ae4a-cdd9821afb05,70b0c962-f5d0-47c8-b04f-7d164802cc7a,1,a stable child,稳重的孩子,
bbefc4fe-0961-4a39-ae4a-cdd9821afb05,474557af-9668-48db-8197-a361f8dd9169,2,a stable firm,稳定的公司,
bbefc4fe-0961-4a39-ae4a-cdd9821afb05,e1763f7a-5f78-4a1d-b032-7857d302bb35,3,a stable institution,稳定的机构,
bbefc4fe-0961-4a39-ae4a-cdd9821afb05,69f93c26-843d-4bd4-8e3e-ce5212bc5b27,4,build a stable,搭建马厩,
bbefc4fe-0961-4a39-ae4a-cdd9821afb05,97a4a587-1946-4243-b817-1a3d108d31d4,5,in a stable condition,处于稳定状态,
bbefc4fe-0961-4a39-ae4a-cdd9821afb05,668d35cf-0a82-4a97-812d-01550a7f1551,6,remain stable,保持稳定,
2f28e946-bf76-4120-ac26-fbecc449d380,84e6ea22-5a67-4d8a-823c-b9f59820acc6,1,a period of stability,一段稳定期,
2f28e946-bf76-4120-ac26-fbecc449d380,f40e84a1-7306-483d-af1f-72f61033c303,2,emotional stability,情绪稳定,
2f28e946-bf76-4120-ac26-fbecc449d380,c1062558-d06d-4e60-8a25-2c3cfca6a8be,3,stability analysis,稳定性分析,
2f28e946-bf76-4120-ac26-fbecc449d380,770f253b-1599-4534-a99d-81219b40ab05,4,the stability of the economy,经济稳定,
9c708563-e7a9-437b-8725-6d476347c53e,0b16ef43-051e-4881-b385-1cd5203325f1,1,a piece of legislation,一条法规,
9c708563-e7a9-437b-8725-6d476347c53e,81f3a700-859b-4d70-af06-f140d93766b8,2,enact legislation,通过法律,
9c708563-e7a9-437b-8725-6d476347c53e,7c6e40e3-5c93-4d71-bbec-4b62a0b8ce3e,3,reform legislation,立法改革,
9c708563-e7a9-437b-8725-6d476347c53e,3220dc0f-03cf-44e0-869a-89e09f3b6144,4,security legislation,安全法,
9c708563-e7a9-437b-8725-6d476347c53e,f9215d69-58c4-42a2-9519-f428d2b6d337,5,the focus of legislation,立法的焦点,
2702710e-310d-409d-a7f3-3bebbdf84d5b,3ca0cca4-afe4-4eff-bd0a-5cee837dd8c3,1,an exceptional student,出类拔萃的学生,
2702710e-310d-409d-a7f3-3bebbdf84d5b,5ebde709-2f83-46dd-a293-c382152c8405,2,be of exceptional interest,特别感兴趣,
2702710e-310d-409d-a7f3-3bebbdf84d5b,ac4b4fcf-a690-4f88-95a3-78a7b983cc13,3,exceptional circumstances,特殊情况,
2702710e-310d-409d-a7f3-3bebbdf84d5b,d47b7675-4854-489e-9152-cf4660168feb,4,show exceptional talent,表现出非凡的才能,
40a6edc8-df7d-425b-a337-71a6cc8fbf12,f0068ef1-6e29-4112-b599-54da9b89c859,1,a financial subsidy,财政补贴,
40a6edc8-df7d-425b-a337-71a6cc8fbf12,be364020-3a5f-4c8d-a09c-66ba3e8a9224,2,agricultural subsidies,农业补贴,
40a6edc8-df7d-425b-a337-71a6cc8fbf12,16051fb4-a898-4e00-b1d0-4efc819d8de6,3,contribute to a subsidy,提供补贴,
40a6edc8-df7d-425b-a337-71a6cc8fbf12,a6d3d275-fdfa-4e01-8428-5855601e9549,4,get a state subsidy,获得政府补贴,
40a6edc8-df7d-425b-a337-71a6cc8fbf12,75521c14-df2e-4751-bffb-23859af52043,5,seek a subsidy,寻求补助金,
40a6edc8-df7d-425b-a337-71a6cc8fbf12,82efb8f6-e234-4db1-8c60-c8787af9883b,6,the level of subsidy,补贴标准,
70495397-e412-4e30-8596-9828d2cf76f7,6e6e165f-c4ea-41c3-8314-bc04a405a1db,1,physical health,身体健康,
70495397-e412-4e30-8596-9828d2cf76f7,36c7a15d-7c74-4c9c-80e8-e82ab9438f38,2,physical labour,体力劳动,
70495397-e412-4e30-8596-9828d2cf76f7,db57989a-f39c-4881-8805-8779cb87e9d3,3,physical laws,物理定律,
4d0dc32b-1ce0-45d4-8977-ecb4b98cb42c,cb2c3ca0-1023-4f48-90c1-5f493ebe06af,1,a chief physician,主任医师,
4d0dc32b-1ce0-45d4-8977-ecb4b98cb42c,47eb06e6-c702-42cb-84b0-3dc130203ab0,2,a family physician,家庭医师,
4d0dc32b-1ce0-45d4-8977-ecb4b98cb42c,9b4399c6-8ebc-4b58-81e1-5df698e2c504,3,a skilled physician,医术高超的医生,
4d0dc32b-1ce0-45d4-8977-ecb4b98cb42c,d2ebee0a-36ba-44d8-b1be-87643b8ddfcd,4,turn to a physician,求助于医生,
2baff32e-04ae-41c6-8959-30eaacf0323f,8355a78d-b41a-4be7-8194-6b5f5d7318c1,1,across the borders,越过边境,
2baff32e-04ae-41c6-8959-30eaacf0323f,20a2c0a3-11be-4b46-8e88-20b1b18653a3,2,an internal border,内部边界,
2baff32e-04ae-41c6-8959-30eaacf0323f,267b1c2a-9c90-48be-86e5-ef73dd7fbd55,3,be bordered by sth.,紧邻某物,
2baff32e-04ae-41c6-8959-30eaacf0323f,d30620dd-2885-4095-b399-02a25ce876be,4,border Spain,与西班牙接壤,
799a97ce-8d71-4b11-b07e-cdd995e28eef,5dfc7c39-68ba-46a4-86ad-e1acd3438449,1,aspire after...,追求……,
799a97ce-8d71-4b11-b07e-cdd995e28eef,4301ae07-7fac-4c98-ab4e-b56d89d63a62,2,aspire for education,渴望接受教育,
799a97ce-8d71-4b11-b07e-cdd995e28eef,e287dc3d-d82e-48eb-8738-2feed1ddf593,3,aspire to sth.,渴望某物,
74112cae-ad8e-46c6-8f53-e4ab0d8ade1d,5147b988-ba2a-428e-bf3f-fa77227a34de,1,a temptation to do sth.,做某事的诱惑,
74112cae-ad8e-46c6-8f53-e4ab0d8ade1d,59365eb6-6555-494d-b24f-99e7347452c6,2,a temptation to sb.,对某人的诱惑,
74112cae-ad8e-46c6-8f53-e4ab0d8ade1d,0ff69697-8985-45c2-82f2-a64c216cf6d0,3,give way to temptation,经不住诱惑,
74112cae-ad8e-46c6-8f53-e4ab0d8ade1d,bd88190a-4993-4861-b983-59c95f8f010e,4,rise above temptation,抵制诱惑,
204255c6-aa94-4123-8e66-70816a8409e9,f93387df-ad66-45a3-b998-7754c612a891,1,annual tuition waiver,每年的学费减免,
204255c6-aa94-4123-8e66-70816a8409e9,fb66a89f-bc03-46a6-ab6a-b2eb9dbf17b6,2,direct tuition,直接讲授,
204255c6-aa94-4123-8e66-70816a8409e9,b2666353-e725-4bbf-9002-46923e57bc33,3,give sb. tuition,给某人教学,
204255c6-aa94-4123-8e66-70816a8409e9,47770866-ea3b-4029-81f5-6710061e31b2,4,pay tuition,支付学费,
204255c6-aa94-4123-8e66-70816a8409e9,53b86cdd-ba41-4bf9-b998-400d0dc2a4d6,5,private tuition in...,私人教授……,
204255c6-aa94-4123-8e66-70816a8409e9,31364c20-3286-478f-aac5-ab586941f3a0,6,tuition fees,学费,
dec80c33-dfb5-494a-b33d-5acb1b2317d6,e40080d8-81e4-41a5-85e9-76491c2936aa,1,an animal clone,克隆动物,
dec80c33-dfb5-494a-b33d-5acb1b2317d6,63be8c39-116d-408f-88e5-9e7cce4ddf7e,2,an exact clone of sb.,某人的翻版,
dec80c33-dfb5-494a-b33d-5acb1b2317d6,dba1a92e-990a-42f2-8966-f7941c76ae04,3,clone a human,克隆人类,
dec80c33-dfb5-494a-b33d-5acb1b2317d6,46a74bf2-dfb4-496b-8101-b8f14ec86b45,4,clone body cell nuclei,克隆人体细胞核,
82f24a7b-4d83-4707-b399-f7d45a6391d7,d00b6135-8c40-4371-b261-e4f18e22e3e4,1,underlie all policies,贯穿各项政策,
82f24a7b-4d83-4707-b399-f7d45a6391d7,da4b7fca-91da-4fde-8390-76a86cec4858,2,underlie one’s anger,是某人生气的原因,
82f24a7b-4d83-4707-b399-f7d45a6391d7,d59b465c-ba89-4596-9f87-7cabf9710bf2,3,underlie power,构成权力的基础,
82f24a7b-4d83-4707-b399-f7d45a6391d7,afd88a15-ef30-48b9-8aaf-3a496109c155,4,underlie the process,构成该进程的基础,
f6f99d0e-9adb-4a32-a5cf-ab9988321d39,76ab46a6-3e44-49a9-b2a2-09b90231e639,1,an underlying spirit,根本精神,
f6f99d0e-9adb-4a32-a5cf-ab9988321d39,d0d6e610-7e51-42cf-83e3-71c8a28181be,2,an underlying trend,潜在趋势,
88c844da-63c4-4033-9a45-6be7a0937021,558bc429-49e9-4ca5-99e5-7554f4f834c6,1,domestic violence,家庭暴力,
88c844da-63c4-4033-9a45-6be7a0937021,77a272e6-b61d-4d25-b122-b14a61286f51,2,interpersonal violence,人际关系暴力,
88c844da-63c4-4033-9a45-6be7a0937021,e799b3ab-a49d-4dc8-9d86-d528f17488d8,3,physical violence,肢体暴力,
88c844da-63c4-4033-9a45-6be7a0937021,a7135ef0-6144-440b-bac1-98522b336e32,4,school violence,校园暴力,
88c844da-63c4-4033-9a45-6be7a0937021,8332ab93-287b-42a0-b8af-5e73fa65510a,5,threats of violence,暴力威胁,
88c844da-63c4-4033-9a45-6be7a0937021,90d72764-d0fc-4430-a184-14a0439c9d48,6,violence against sb.,对某人施加暴行,
35fc8612-c904-4722-b339-e0ce5fb135f1,f46d9cd0-b388-4672-990d-102b4894c7c6,1,a violent explosion,剧烈的爆炸,
35fc8612-c904-4722-b339-e0ce5fb135f1,10752dbe-4f5c-46b5-b6f9-8a46d812979a,2,a violent murder,暴力谋杀,
35fc8612-c904-4722-b339-e0ce5fb135f1,a367eb9f-ac01-4822-b37c-125dd312178c,3,a violent reaction,强烈的反应,
35fc8612-c904-4722-b339-e0ce5fb135f1,22aa35a5-a0c9-49dc-be3c-fbde4e3ff700,4,violent crime,暴力犯罪,
00fdf711-bab3-4b9c-9ea2-d11f991dfe6c,27335de6-08cc-4870-bb05-0b703a44b0b9,1,a fierce enemy,凶猛的敌人,
00fdf711-bab3-4b9c-9ea2-d11f991dfe6c,c0915b12-a8d3-45ea-b120-0f11eee54e5b,2,fierce eyes,凶狠的眼神,
bc9c13db-8df1-40e2-b101-090c38ba79e6,11b9c489-3848-41a4-98f5-75a57791ee1c,1,a witness to...,……的目击者,
bc9c13db-8df1-40e2-b101-090c38ba79e6,b543e7f7-7a59-45f6-a725-348f72ecbc29,2,witness a victory,见证胜利,
bc9c13db-8df1-40e2-b101-090c38ba79e6,332a005d-50ef-4c67-9fdc-9de2625b2e57,3,witness payments,证人的报酬,
07502a02-e613-4133-9a19-30331cf18de7,ee4230db-2ce5-4fb9-9a54-25de8f2df988,1,a common feature,共性,
07502a02-e613-4133-9a19-30331cf18de7,83d78343-ec73-417d-a23f-e5e91a0ad9ed,2,an international common,国际公地,
07502a02-e613-4133-9a19-30331cf18de7,f2603d14-d213-4f12-aa3c-7a2466f4df20,3,be common in...,在……中是普遍的,
07502a02-e613-4133-9a19-30331cf18de7,b110336b-47e4-4ef4-8e55-f0d38adb4826,4,common misconception,常见的误解,
07502a02-e613-4133-9a19-30331cf18de7,263a22eb-0f14-4369-aa74-1b0403fc680d,5,have... in common,共有……,
07502a02-e613-4133-9a19-30331cf18de7,1eb2f912-5db0-4336-b844-64b7cd9c7079,6,provide common goods,提供公共物品,
804c3bf7-f589-491f-9b3b-1e4c5e942c93,4140a13d-47db-4a02-ba6c-996f25593756,1,political accommodation,政治和解,
804c3bf7-f589-491f-9b3b-1e4c5e942c93,e97b84b5-c4e7-4e0e-b464-0a6b4735b6c0,2,reach an accommodation,达成和解,
804c3bf7-f589-491f-9b3b-1e4c5e942c93,05443daf-7b7f-4689-98c0-16806a349b59,3,temporary accommodation,临时的住处,
804c3bf7-f589-491f-9b3b-1e4c5e942c93,444d8cae-2d9b-497e-a916-3b1c14dd7655,4,wonderful accommodations,豪华住宅,
d6f3f60f-f49a-4e2a-915e-6e166894be5c,6a1a0b77-f5b6-47ec-b2f8-e98fadef5e8d,1,accommodate a change,适应变化,
d6f3f60f-f49a-4e2a-915e-6e166894be5c,49a72111-fcb3-4108-aeb5-4e13998f1584,2,accommodate many tourists,容纳大量游客,
d6f3f60f-f49a-4e2a-915e-6e166894be5c,3a5d0a7a-361c-4b1a-87d0-1eabe840458c,3,be accommodated in sp.,被安置在某地,
6496f343-4b16-4711-925f-57ebf1f5d392,5af5362e-f74e-41fb-87c3-9113bab89372,1,a business transaction,商业交易,
6496f343-4b16-4711-925f-57ebf1f5d392,957cf758-3e51-4ebe-9a7a-4c22c9221645,2,a private transaction,私人交易,
6496f343-4b16-4711-925f-57ebf1f5d392,69f352ea-c8d3-4e2d-93d9-b0bc87d8a9e7,3,an online transaction,线上交易,
6496f343-4b16-4711-925f-57ebf1f5d392,90efe275-e022-4d57-8d97-802b3a1efb3e,4,complete a transaction,完成交易,
6496f343-4b16-4711-925f-57ebf1f5d392,4e717897-8d58-40cb-87cc-e4b724730e5b,5,conduct a transaction,进行交易,
6496f343-4b16-4711-925f-57ebf1f5d392,728b2e9f-e103-4e48-a13d-c387df94f387,6,costs of the transaction,交易运作成本,
f50bc6a7-fbb2-4a3d-b804-a3e4db9152c2,7f79bf90-a182-41dc-9471-762616aac2ea,1,alleviate damage,减轻损失,
f50bc6a7-fbb2-4a3d-b804-a3e4db9152c2,bd139494-0e41-48dc-a503-cd7fdd86f738,2,alleviate pain,减轻疼痛,
f50bc6a7-fbb2-4a3d-b804-a3e4db9152c2,190ba6b4-45f8-4ca1-a67f-47a7e3e08a62,3,alleviate the problem,缓和问题,
f50bc6a7-fbb2-4a3d-b804-a3e4db9152c2,b68435c8-aea5-4d9f-84a0-61a48f3ab7c9,4,alleviate the symptom,缓解症状,
1985001f-9d07-40d8-b05c-8f5c516c8cef,4cfb70ff-cdc8-406d-a3e7-6d19feec8943,1,a dentist’s surgery,牙医诊室,
1985001f-9d07-40d8-b05c-8f5c516c8cef,fcee59f7-852c-40f8-9041-6d00ffe68bc9,2,brain surgery,脑科手术,
1985001f-9d07-40d8-b05c-8f5c516c8cef,b001ab1a-8097-4625-bc07-c2228e7bd37e,3,dental surgery,牙科手术,
1985001f-9d07-40d8-b05c-8f5c516c8cef,3f02a4bc-bc55-4cf9-95ba-14eff6e49b2b,4,recover from surgery,从手术中恢复过来,
6432d82f-e71f-4d2c-99b4-2de977ddfb2d,608e1220-8d90-4010-b252-1b4e01cdb2ab,1,a comparable area,类似的地区,
6432d82f-e71f-4d2c-99b4-2de977ddfb2d,ff5ebf9c-53c3-48d7-92da-f02e841f8e35,2,a comparable situation,类似的情况,
6432d82f-e71f-4d2c-99b4-2de977ddfb2d,9236621a-73de-45b9-8686-3a131d3f9130,3,be comparable to...,与……相比较,
6432d82f-e71f-4d2c-99b4-2de977ddfb2d,62e21334-1eb9-4dd7-b28f-f47282d1ed9c,4,comparable value,可比价值,
164fca39-df76-4eb9-bc6e-350366591a6c,2093120b-7beb-4de0-90a3-fe9a7227b121,1,a single currency,单一货币,
164fca39-df76-4eb9-bc6e-350366591a6c,c9aa0512-1eeb-4108-b1f7-55bf641cf390,2,a virtual currency,虚拟货币,
164fca39-df76-4eb9-bc6e-350366591a6c,8f3e419c-c722-42c2-ba28-a4cb838a1e9a,3,foreign currency,外币,
164fca39-df76-4eb9-bc6e-350366591a6c,d8aa7e86-c43d-463d-a2bf-02d53a4182d1,4,gain currency,开始通用,
c72b0b24-6e3b-4a6e-9df8-fea12b8f98d8,1b1566d9-ab70-47e4-8b32-57b8efb94731,1,sustain damage,遭受损失,
c72b0b24-6e3b-4a6e-9df8-fea12b8f98d8,47cf19c3-0ba3-4ae7-b664-6488b0f34bbe,2,sustain integrity,保持完整性,
c72b0b24-6e3b-4a6e-9df8-fea12b8f98d8,51588126-dee3-4ff9-8c5f-cd2260aea2a4,3,sustain life,维持生命,
c72b0b24-6e3b-4a6e-9df8-fea12b8f98d8,f37354a2-e749-43c2-b911-318ef9857c20,4,sustain one’s interest,保持某人的兴趣,
c72b0b24-6e3b-4a6e-9df8-fea12b8f98d8,dcc4022b-5706-426a-8a92-716e0bf6df41,5,sustain one’s weight,支撑某人的重量,
c72b0b24-6e3b-4a6e-9df8-fea12b8f98d8,a5365657-d838-4d4d-81b9-da90859c1194,6,sustain the quality of sth.,保持某物的质量,
8efd1421-4a63-477a-b677-c2c4ac3e3cfd,c9f63e18-01bc-48af-b589-80ab37d544b6,1,a mortgage default,抵押贷款违约,
8efd1421-4a63-477a-b677-c2c4ac3e3cfd,2f069554-4a2d-4d11-bb56-cc5778cdbe17,2,default settings,默认设置,
8efd1421-4a63-477a-b677-c2c4ac3e3cfd,00146d0c-cee9-4c6d-9129-3b6144bf866a,3,have sth. as a default,默认使用某物,
8efd1421-4a63-477a-b677-c2c4ac3e3cfd,8a1ab224-eb89-4faf-aa97-b1e975376cc3,4,in default on a loan,拖欠借款,
8efd1421-4a63-477a-b677-c2c4ac3e3cfd,c5af9874-f903-4827-a869-1c163128fd4f,5,the default state,默认状态,
a897335b-321a-408c-ad91-a2b1fb63931d,b0b66b89-76e6-4cc8-b86c-504aaae71791,1,adhere strictly to the law,严格遵守法律,
a897335b-321a-408c-ad91-a2b1fb63931d,0b8a8ded-e9e5-4c95-927d-3291e3e01f99,2,adhere to a leaf,附在叶子上,
a897335b-321a-408c-ad91-a2b1fb63931d,10b5d484-b09f-406a-9d89-a9743cfa8643,3,adhere to a rule,坚持原则,
a897335b-321a-408c-ad91-a2b1fb63931d,8854597d-49af-495b-b173-4e5bce89cf66,4,adhere to the surface,附着在表面,
60a24034-504b-4c5f-989f-120f43893b38,96202ef7-d180-41cc-993b-81ee21d359d6,1,a Spanish colony,西班牙殖民地,
60a24034-504b-4c5f-989f-120f43893b38,27f7a932-8931-4144-bedc-dd9d1b741ec7,2,a bird colony,鸟群,
60a24034-504b-4c5f-989f-120f43893b38,59249aee-d697-42e5-b75b-bf7e198aff19,3,a colony of ants,蚁群,
60a24034-504b-4c5f-989f-120f43893b38,70542c13-9c3e-455f-8e7e-073fd4ba6ea8,4,an artists’ colony,聚居的艺术家,
8abd7670-09c3-481f-9eb5-3d1289eb0f3c,2d7307a4-147c-4135-9691-c988509dfaa1,1,a colonial period,殖民地时期,
8abd7670-09c3-481f-9eb5-3d1289eb0f3c,bb84ed10-ef43-4ae3-845a-8d7879d3376e,2,a colonial power,殖民强国,
8abd7670-09c3-481f-9eb5-3d1289eb0f3c,11966ed2-a935-401e-a407-46adcf46d0b4,3,colonial America,殖民时期的美国,
8abd7670-09c3-481f-9eb5-3d1289eb0f3c,4391a75b-3686-4e9d-91bb-dfb6e5c55f6a,4,colonial rule,殖民统治,
e918b777-c7d9-4a17-aa51-fbac3e46fded,8d2a85fd-5bec-4ec2-9df5-08bdc88abd13,1,exceed one’s authority,超越某人的权限,
e918b777-c7d9-4a17-aa51-fbac3e46fded,50ac8ffd-4cd0-455f-8785-ea0c676b44e9,2,exceed one’s expectation,出乎某人的预料,
e918b777-c7d9-4a17-aa51-fbac3e46fded,e4b2c0a5-d4e3-4d24-909f-500ce06cc613,3,exceed revenue,超出收入,
d7c74686-3284-4a60-b760-de5b29c90c1b,2c6bd9fd-63df-4b4d-9385-1d25ed607aad,1,a separation distance,间隔的距离,
d7c74686-3284-4a60-b760-de5b29c90c1b,b2093860-96c3-4eb8-a61b-f219b4d0cbfd,2,in the distance,在远处,
d7c74686-3284-4a60-b760-de5b29c90c1b,13e212b7-7c61-42b6-a645-192f63f45d41,3,within walking distance,几步路的距离,
dea8dfa5-3785-41e7-8212-c42656b66d06,4cf8503c-fc8f-4153-9aee-1a9f65239c0b,1,assure happiness,确保幸福,
dea8dfa5-3785-41e7-8212-c42656b66d06,bccc1e15-1a7b-4851-b519-d4df72099e4e,2,assure oneself of sth.,使某人弄清某事,
dea8dfa5-3785-41e7-8212-c42656b66d06,d01576c7-7be5-45a1-91cc-f575f28922de,3,hasten to assure sb.,急忙使某人确信,
7dd85047-0351-4ae5-84f5-48831c17e520,c2307736-23d8-4bf3-90da-84c60e15f25e,1,an air of assurance,自信的神情,
7dd85047-0351-4ae5-84f5-48831c17e520,21dc9d1e-6c6f-4325-bce5-fd62a11b4bc6,2,considerable assurance,相当自信,
7dd85047-0351-4ae5-84f5-48831c17e520,6a1970c9-ce83-490e-9d6e-5daea0cc1ba8,3,give sb. an assurance,向某人保证,
7dd85047-0351-4ae5-84f5-48831c17e520,8efa25dd-39de-4f06-97cb-479161854456,4,repeated assurances,再三保证,
c969c701-6a32-4209-944c-e4d5712a0e84,7c7d36d0-4f04-430e-8055-1bbdd3157295,1,a happy marriage,美满的婚姻,
c969c701-6a32-4209-944c-e4d5712a0e84,def8233e-67a4-42da-aa63-4e1a5a6ac4d4,2,an arranged marriage,包办婚姻,
c969c701-6a32-4209-944c-e4d5712a0e84,b230e8cc-fa5d-45e2-9399-be2088049c0f,3,an indissoluble marriage,牢不可破的婚姻,
c969c701-6a32-4209-944c-e4d5712a0e84,e49dd08b-35a6-4c1f-a4f4-8f6dd34caaee,4,avoid marriage conflicts,避免婚姻冲突,
c969c701-6a32-4209-944c-e4d5712a0e84,8929a9ea-7587-4e12-8079-611ee3fa5473,5,forms of marriage,婚姻的形式,
c969c701-6a32-4209-944c-e4d5712a0e84,91bffb44-2b9b-4737-9bfe-e8594a9f0c73,6,the quality of marriages,婚姻的质量,
6febbf4f-63b6-4489-9cf1-bec2843ebe04,d8867e96-2b7e-4973-831b-82a0f92d8d85,1,a fiscal transfer,财政转移,
6febbf4f-63b6-4489-9cf1-bec2843ebe04,b631e32c-3f05-465c-a94b-756c2d010d7b,2,fiscal deficit,财政赤字,
6febbf4f-63b6-4489-9cf1-bec2843ebe04,d4360818-8a50-4576-9f56-603f1969a083,3,the fiscal surplus,财政盈余,
6febbf4f-63b6-4489-9cf1-bec2843ebe04,c6bf2bc2-37aa-4098-9b26-345d0607f99e,4,tighten fiscal policy,收紧财政政策,
7b922f0c-bc8b-453e-847d-7542fde0b716,951add73-27ce-4841-b4f9-2e44c9a357ea,1,a generous harvest,丰收,
7b922f0c-bc8b-453e-847d-7542fde0b716,829bd30e-eceb-4591-a9e1-68ac8203f129,2,a generous investor,慷慨的投资者,
7b922f0c-bc8b-453e-847d-7542fde0b716,f6c130ea-0616-42ee-a1cd-163a813fccfc,3,a generous mind,宽阔的胸怀,
7b922f0c-bc8b-453e-847d-7542fde0b716,063653b1-7095-4636-8ee2-3f7e04b2b695,4,a generous state,慷慨的国家,
7b922f0c-bc8b-453e-847d-7542fde0b716,b278c3fb-0644-4ad7-80a5-0e881b1b3bd7,5,be generous to sb.,对某人很慷慨,
7b922f0c-bc8b-453e-847d-7542fde0b716,13e3f822-24b5-4651-8b79-27ec12ff4d6a,6,generous funding,慷慨的资助,
2e8f49d7-b136-4378-a41a-8dd42fce1968,c9408ca0-d165-407a-be3f-c58c3db22142,1,a hollow sphere,空心球体,
2e8f49d7-b136-4378-a41a-8dd42fce1968,67b8c090-0f28-40ab-a155-dbfbeb532d91,2,a sphere of modern life,现代生活领域,
2e8f49d7-b136-4378-a41a-8dd42fce1968,4c4be1a0-bb27-4fd1-9181-2035c18a7bc7,3,in a small sphere,在小范围内,
2e8f49d7-b136-4378-a41a-8dd42fce1968,278ddf14-1e85-4c0f-aa9c-4b74c0631c18,4,in a social sphere,社交圈,
2e8f49d7-b136-4378-a41a-8dd42fce1968,d941a630-cf57-4484-91c0-0234893c9ad8,5,in the commercial sphere,在商业领域,
2e8f49d7-b136-4378-a41a-8dd42fce1968,2558b711-9c93-45ed-b928-f756f21b9322,6,the political sphere,政界,
477b57d9-8cd6-4b0f-bfd9-674fea90e4a4,a3c7f275-4d3c-49b0-a379-a679e2849ba2,1,hemispheres of the brain,大脑半球,
477b57d9-8cd6-4b0f-bfd9-674fea90e4a4,07d30c43-5002-4237-87e0-df05fabcb16f,2,in different hemispheres,位于不同半球,
477b57d9-8cd6-4b0f-bfd9-674fea90e4a4,80440e8a-5aba-425e-9a24-5afe31983806,3,the left cerebral hemisphere,左脑,
477b57d9-8cd6-4b0f-bfd9-674fea90e4a4,f50c51ec-1af3-4608-af7f-75e1ca1b940c,4,the northern hemisphere,北半球,
5b16f458-6501-40d8-9344-7d45fa8e9681,778b95c9-8c1f-42de-aa5a-185572d29a6e,1,a guiding ideology,指导思想,
5b16f458-6501-40d8-9344-7d45fa8e9681,5c244440-fcbf-4de2-9490-752bcbeff662,2,an oppressive ideology,强迫性意识形态,
5b16f458-6501-40d8-9344-7d45fa8e9681,f657504d-c505-4782-b2b2-e54f86166529,3,capitalist ideology,资本主义思想体系,
5b16f458-6501-40d8-9344-7d45fa8e9681,58e51aa2-1b1d-4233-a7da-b77607928892,4,official ideology,官方意识形态,
a91c525e-f593-4459-97ca-1a3292354186,5015f992-20fc-4fa2-87a9-785cde4449ce,1,an immune response,免疫反应,
a91c525e-f593-4459-97ca-1a3292354186,c99b3bb3-c513-4658-921b-5f726e6cef27,2,be immune from sth.,免于经历某事,
a91c525e-f593-4459-97ca-1a3292354186,5494cdea-7d86-4a93-a6c4-6df566354f4d,3,be immune to criticism,不受批评影响,
a91c525e-f593-4459-97ca-1a3292354186,47f7570b-d831-477d-82ce-d23ca7935afe,4,be immune to...,对……有免疫力,
a91c525e-f593-4459-97ca-1a3292354186,e9ebc4d4-4163-4c6b-a890-c66133f338be,5,immune disorders,免疫紊乱,
a91c525e-f593-4459-97ca-1a3292354186,962f6f72-a8ef-4856-a596-055e540c8e42,6,the immune system,免疫系统,
d7a30b66-61a4-410a-8ec2-b72ce9d764bb,c6b7e1e1-0ca7-4070-8b8a-8764fde3934a,1,dictate a letter to sb.,向某人口述信稿,
d7a30b66-61a4-410a-8ec2-b72ce9d764bb,836dcf55-e56f-4383-803a-b12149d4f7a7,2,dictate directly to sb.,直接口述给某人,
d7a30b66-61a4-410a-8ec2-b72ce9d764bb,5639085a-e399-4f12-bf55-a8d1bfa0f1f4,3,dictate one's behaviour,支配某人的行为,
d7a30b66-61a4-410a-8ec2-b72ce9d764bb,ad81fab6-df66-4adc-9f89-7a28d8d96b55,4,dictate perception,影响认知,
d7a30b66-61a4-410a-8ec2-b72ce9d764bb,b58e9f26-f012-46ff-8aa5-7c211cf5b580,5,dictate terms,发号施令,
d7a30b66-61a4-410a-8ec2-b72ce9d764bb,ae81813b-dbcd-4ec5-a2c9-d15c039fa149,6,dictate to sb.,对某人发号施令,
889aa573-6270-49a1-a21a-4f1faad5f1cc,3d87f140-61ef-465a-9ad3-10ba203da711,1,the Supreme Commander,最高指挥官,
889aa573-6270-49a1-a21a-4f1faad5f1cc,b5483576-1762-4f1a-8f27-e866a1c5a83c,2,the Supreme Court,最高法院,
889aa573-6270-49a1-a21a-4f1faad5f1cc,8521651c-bbde-42e3-bf33-8fe0d0dc3997,3,the supreme confidence,无比自信,
889aa573-6270-49a1-a21a-4f1faad5f1cc,771d8de8-765f-4eb1-a3be-99a1bc56538f,4,the supreme effort,最大的努力,
ff299055-27c6-4e59-a83d-eee8b8ce6dc7,247339b0-3c06-4014-a60d-89de208f5921,1,a triple alliance,三方同盟,
ff299055-27c6-4e59-a83d-eee8b8ce6dc7,240e9fe8-fe29-46ad-a364-733529d1baa8,2,receive triple wages,领取三倍工资,
ff299055-27c6-4e59-a83d-eee8b8ce6dc7,54dabd87-ccc3-48d2-8ebf-f469490267cd,3,triple in size,规模扩大三倍,
ff299055-27c6-4e59-a83d-eee8b8ce6dc7,57eb7b2f-b9d0-4a40-8586-07991b829d93,4,triple profits,使利润增至三倍,
e541c64f-4b9f-4c45-9c73-d1073c671af2,41b25a6b-0e24-4329-a9b7-e387dd21716f,1,distort a system,扭曲体系,
e541c64f-4b9f-4c45-9c73-d1073c671af2,4818dbbe-77aa-427a-999e-945a114c9fce,2,distort one’s view,曲解某人的看法,
e541c64f-4b9f-4c45-9c73-d1073c671af2,41a869f0-33f4-4259-b774-2fa98cbc11db,3,distort the shape of sth.,使某物变形,
e541c64f-4b9f-4c45-9c73-d1073c671af2,5b9475f0-bbe6-4c5f-8a64-1043850fbfa6,4,distort the truth,歪曲事实,
6f827cdb-ef92-4e16-bd34-141191f48e60,bd5512c6-f99b-4b20-8b93-0c44b30a3c0e,1,allocate A for B,把 A 分配给 B,
6f827cdb-ef92-4e16-bd34-141191f48e60,adb20850-976e-4ff2-8675-3a813f7c23dd,2,allocate one’s attention,分配注意力,
6f827cdb-ef92-4e16-bd34-141191f48e60,9ed3f559-24e7-4abd-a33d-f51b70f007ed,3,allocate sth. to sb.,给某人分配某物,
2658990c-cfff-447c-b726-f788857b0414,571b340b-7334-4edc-a26d-a575d0b6b650,1,be dominated by...,由……支配,
2658990c-cfff-447c-b726-f788857b0414,2b1ef8a7-06b6-4559-b20e-cf9d210a9ecc,2,dominate over others,支配他人,
2658990c-cfff-447c-b726-f788857b0414,078b4c50-92bf-48bf-82e1-66434fccc14c,3,dominate political life,主导政治生活,
2658990c-cfff-447c-b726-f788857b0414,2a011faa-b14f-4442-80b3-bd388076216a,4,dominate the city,俯瞰全城,
2658990c-cfff-447c-b726-f788857b0414,f31fdc36-41bd-48b3-9b80-81603a4dd18e,5,dominate the institution,控制该机构,
2658990c-cfff-447c-b726-f788857b0414,aba211f5-c833-45f6-9dae-1e696aadc5c4,6,dominate throughout...,一直控制着……,
6c419149-0e9f-4939-91b0-6a5ccbdd7578,c6ac0afb-9c85-491b-9677-19e70da83e96,1,a dominant approach,主要方法,
6c419149-0e9f-4939-91b0-6a5ccbdd7578,db2fad98-4f7d-49fa-bee5-83b53f5d34bd,2,a dominant gene,显性基因,
6c419149-0e9f-4939-91b0-6a5ccbdd7578,2d992eeb-dafc-4a34-942d-724a690350e0,3,a dominant medium,主流媒体,
6c419149-0e9f-4939-91b0-6a5ccbdd7578,2980074e-c7a2-476e-beb4-5c4ebc4b29a3,4,a dominant strategy,主导策略,
6c419149-0e9f-4939-91b0-6a5ccbdd7578,ee656c0a-6020-4b85-95d4-2f2a0ed4f290,5,be dominant in...,在……中占优势,
6c419149-0e9f-4939-91b0-6a5ccbdd7578,6dd54d00-5fca-49b7-ae88-ea373c9377f9,6,the dominant power,主导力量,
ea658f31-c8d5-4c7d-b6ae-68e5cf93fcb1,4478e2a1-17d5-43f9-8687-7274e08bb423,1,avoid legal liability,逃避法律责任,
ea658f31-c8d5-4c7d-b6ae-68e5cf93fcb1,1197d623-8387-4f53-ae43-9ab648951b6e,2,have liability for sth.,对某事有责任,
ea658f31-c8d5-4c7d-b6ae-68e5cf93fcb1,4c6a5042-6161-4546-873c-c5135edb5325,3,tax liability,纳税义务,
ea658f31-c8d5-4c7d-b6ae-68e5cf93fcb1,4f442cb6-1449-444f-a828-4706f1d68782,4,unfunded liabilities,无资金预备的债务,
868e1286-755a-47d8-98a7-b03bb1c2aeb3,f09c3933-94a9-4744-aae9-c52ed07187b5,1,a magnificent building,宏伟的建筑,
868e1286-755a-47d8-98a7-b03bb1c2aeb3,90e30076-9b0b-4e02-b0ee-03b1aac40346,2,a magnificent waterfall,壮丽的瀑布,
427a7143-180c-4835-8aff-05617474c3bd,4c50b612-27f0-4dec-b600-c31963ffb8a8,1,be magnified by...,被……夸大,
427a7143-180c-4835-8aff-05617474c3bd,60588693-c2dd-4387-ad11-e1a8aa0422d9,2,magnify a difference,扩大差异,
427a7143-180c-4835-8aff-05617474c3bd,c8ca2071-ec19-4e9c-9228-a03819285555,3,magnify the problem of...,加剧……的问题,
427a7143-180c-4835-8aff-05617474c3bd,57153cf6-5619-4427-9236-bb4f737b4b8a,4,magnify words,放大文字,
064c6348-075c-4639-9b09-2cc45c0b10de,24b21820-640d-4667-a40b-e1e3a1f8116e,1,be manipulated by sb.,被某人控制,
064c6348-075c-4639-9b09-2cc45c0b10de,8d0fdab7-08a4-4d23-909d-8b12f8fc0739,2,manipulate a computer,操作计算机,
064c6348-075c-4639-9b09-2cc45c0b10de,81d9188d-465e-4e88-89e2-e853fa9303ae,3,manipulate the market,操纵市场,
064c6348-075c-4639-9b09-2cc45c0b10de,d587a3e3-d398-4a1a-bb9d-17ad70e6c315,4,manipulate the stock,操纵股票,
4593a26e-a73a-4b31-a747-f05932efaa66,211f73d3-8dda-4574-85ac-5e97bbe31c37,1,be polite to the guests,礼貌待客,
4593a26e-a73a-4b31-a747-f05932efaa66,2df3b9b1-327a-4bce-b767-6f2cbd3129da,2,polite applause,礼节性的掌声,
4593a26e-a73a-4b31-a747-f05932efaa66,d8065d91-917e-4135-a750-4ed373e6698f,3,polite society,上流社会,
9435b95b-dffa-479e-946f-5303eaa77d30,4b6266ba-6079-416c-be2c-717ed29e79f9,1,a brand extension,品牌延伸,
9435b95b-dffa-479e-946f-5303eaa77d30,8002cf5c-b85f-4b7b-8775-0821f94ad2bb,2,allow an extension,允许延期,
9435b95b-dffa-479e-946f-5303eaa77d30,4dd9fdb5-9231-41d5-87fa-23674ad6e938,3,the extension of technology,技术的传播,
50185eea-7ba3-4d1e-b4c0-bb06c942b6d7,70f7dc7a-0760-409f-87b9-0d88e8f4425b,1,cause extensive damage,造成巨大的损失,
50185eea-7ba3-4d1e-b4c0-bb06c942b6d7,e28c309e-4699-423a-a7fd-837617a3f435,2,extensive research,广泛的研究,
50185eea-7ba3-4d1e-b4c0-bb06c942b6d7,b9daf35f-85c3-4c01-8df9-ea3a9638aea4,3,extensive territory,广阔的地区,
50185eea-7ba3-4d1e-b4c0-bb06c942b6d7,7af94230-1491-41ba-9a96-206b394c7864,4,extensive trade,广泛贸易,
50185eea-7ba3-4d1e-b4c0-bb06c942b6d7,91b9cb78-e1f5-4de7-aaf9-61403affcc18,5,extensive work,大量工作,
50185eea-7ba3-4d1e-b4c0-bb06c942b6d7,d59416e5-0d14-40f6-9f23-855b0dfe516c,6,make extensive use,广泛使用,
2c5eb7a6-7703-4088-a0f6-987d2fe213d1,6b96446e-7970-445b-8cc0-dde0baf60db9,1,a political leader,政党领袖,
2c5eb7a6-7703-4088-a0f6-987d2fe213d1,493ea43e-c7bf-464d-b2ca-29f1d4d26902,2,political support,政治上的支持,
2c5eb7a6-7703-4088-a0f6-987d2fe213d1,644467c7-5c8e-4ebf-876e-6d4c584e41b8,3,redraw a political map,重绘政治版图,
2c5eb7a6-7703-4088-a0f6-987d2fe213d1,4024ef4b-338d-4b62-8118-5638352939ff,4,the political influence,政治影响力,
7c419ce6-e6c7-486a-8c09-30f12d0364a8,4fa2cad9-8b4c-4476-931a-9f149a867d44,1,a leading politician,政界要员,
7c419ce6-e6c7-486a-8c09-30f12d0364a8,93bfe04c-b60c-41b0-a03d-f8b951ff5b2f,2,a significant politician,重要的政治家,
7c419ce6-e6c7-486a-8c09-30f12d0364a8,ed4b2f90-7570-4edf-9408-6320b9582e8c,3,a skillful politician,有手腕的政治家,
7c419ce6-e6c7-486a-8c09-30f12d0364a8,15fb19a5-67c2-4376-96e3-06dd274d80a7,4,mainstream politicians,主流政治家,
c8149df8-f73c-4d69-b291-d11c21559a8d,6883fa15-1166-42bb-b0f8-33790702a9fd,1,a large metropolitan area,大城市区域,
c8149df8-f73c-4d69-b291-d11c21559a8d,2a4b8421-48fd-4a06-85c9-6f4347c70284,2,a metropolitan district,都市区,
c8149df8-f73c-4d69-b291-d11c21559a8d,b874bd6c-fed6-4d57-bb78-032eb464ab2e,3,a metropolitan government,市政府,
c8149df8-f73c-4d69-b291-d11c21559a8d,e41608fa-2e95-4d11-a6a7-696237899c72,4,metropolitan life,都市生活,
79fde949-e734-48eb-9a31-ad19848188c2,8c2c5f79-661e-48f5-a185-dfb3e5c03eec,1,a fortunate few,少数幸运者,
79fde949-e734-48eb-9a31-ad19848188c2,8ea6059e-9230-406e-a85e-44f6d560096e,2,be fortunate for sb.,对某人来说是幸运的,
79fde949-e734-48eb-9a31-ad19848188c2,9f6e4392-24b1-43b4-b2a4-53831c49ed8f,3,be fortunate to survive,侥幸逃生,
defdf22b-a49d-41d1-af58-b79a69aab78a,bdcfa8b3-ce92-4281-93b6-d001693b80c5,1,a customer’s misfortune,顾客的不幸,
defdf22b-a49d-41d1-af58-b79a69aab78a,34b1a694-380e-4fdd-bed6-7480867949d8,2,bear a misfortune,承受不幸的遭遇,
defdf22b-a49d-41d1-af58-b79a69aab78a,96bb1fc6-c107-40c4-8f0a-f1ecd59d704e,3,have the misfortune to do sth.,不幸做某事,
defdf22b-a49d-41d1-af58-b79a69aab78a,65ca25d6-7357-4536-af1c-d48ce0817b06,4,suffer great misfortune,遭遇巨大的不幸,
b6effefd-cba8-4c6e-b1d3-e4f099608d52,c3660d00-0d91-4a50-ad5b-ad93e261330a,1,a dangerous opponent,危险的对手,
b6effefd-cba8-4c6e-b1d3-e4f099608d52,f348c091-f6e9-4e63-873f-37f7f025decf,2,a political opponent,政敌,
b6effefd-cba8-4c6e-b1d3-e4f099608d52,eee52954-7cde-49ab-bb2e-999fde63fbb5,3,a vocal opponent,直言不讳的反对者,
b6effefd-cba8-4c6e-b1d3-e4f099608d52,6f72ea3c-a79c-4b58-97c9-f737e8fcd10a,4,an opponent of sth.,某事的反对者,
b6effefd-cba8-4c6e-b1d3-e4f099608d52,657a57ef-fc3c-47d9-8b57-d3da78132465,5,beat an opponent,击败对手,
b6effefd-cba8-4c6e-b1d3-e4f099608d52,cded9a97-b305-43e3-9366-ae894aa5e105,6,pairs of opponents,成对的竞争者,
dbd73ec1-a059-431b-9a7e-ecc453ec99e1,832b3aec-49ab-4943-8d66-b74af39fe2d8,1,a large quantity of sth.,大量的某物,
dbd73ec1-a059-431b-9a7e-ecc453ec99e1,1f244080-fa2e-4904-a12f-172d32279219,2,an exact quantity,精确的数量,
dbd73ec1-a059-431b-9a7e-ecc453ec99e1,529d0210-f34e-46d6-a263-148c6793fb93,3,demand a small quantity,少量需求,
dbd73ec1-a059-431b-9a7e-ecc453ec99e1,cada98ff-35cc-40aa-ac2f-879cb8031e9f,4,in quantity,大量,
dbd73ec1-a059-431b-9a7e-ecc453ec99e1,8caa1e53-babc-468d-9b2d-402aa4b24d8b,5,reasonable quantity,适量,
dbd73ec1-a059-431b-9a7e-ecc453ec99e1,e42754bb-5dbe-4069-9271-1a37dfb0ca70,6,sufficient quantity,足量,
11c803d0-c291-4c19-8c3f-e50033a4c8c5,9150798e-7654-422a-9cc6-13ae662553cd,1,quantitative analysis,定量分析,
11c803d0-c291-4c19-8c3f-e50033a4c8c5,f1e73c81-b467-49c2-aaca-a92e15c914ce,2,quantitative application,定量应用,
11c803d0-c291-4c19-8c3f-e50033a4c8c5,bcbbde14-8f75-4e1e-bb83-d925d5ed326c,3,quantitative change,量变,
11c803d0-c291-4c19-8c3f-e50033a4c8c5,c223795e-7016-4c63-bde5-8075e77efb9e,4,quantitative data,定量数据,
5f19c809-feeb-45af-9c71-bcc936b556f1,dd4b728a-41a5-48a8-b353-198694caaa3b,1,a harsh reality,残酷的现实,
5f19c809-feeb-45af-9c71-bcc936b556f1,6ede95df-a96d-429a-9dfb-2ce06af4b354,2,a sad reality,可悲的现实,
5f19c809-feeb-45af-9c71-bcc936b556f1,91108e08-3ad2-4079-9df3-c19135d5472b,3,an economic reality,经济现实,
5f19c809-feeb-45af-9c71-bcc936b556f1,7b9580f4-bbb6-4081-a1d2-ec3c15be3d12,4,be in touch with reality,切合实际,
5f19c809-feeb-45af-9c71-bcc936b556f1,34eba7fc-94a7-4852-bb02-6ad4284d70e4,5,ignore the reality,忽略事实,
c885873f-a3a2-46c0-b623-84fcb2f64e7d,cb039fc9-30f3-4bf9-8034-d90b789b4303,1,a realistic drawing,逼真的绘画,
c885873f-a3a2-46c0-b623-84fcb2f64e7d,ff6bddd9-b7b6-492d-b1f0-0ed20f4aed83,2,a realistic optimist,现实的乐观主义者,
c885873f-a3a2-46c0-b623-84fcb2f64e7d,adc7fed4-fc53-497c-b2ce-38d9705adba3,3,a realistic possibility,现实的可能性,
c885873f-a3a2-46c0-b623-84fcb2f64e7d,10c6e916-1953-482e-8859-35a1e7e358f0,4,a realistic situation,现实情况,
c885873f-a3a2-46c0-b623-84fcb2f64e7d,98a57df9-945e-41a4-ba4a-1786b52f7235,5,be realistic about...,对……实事求是,
c885873f-a3a2-46c0-b623-84fcb2f64e7d,2b09a6e3-7b4b-42e5-aad2-ca2751be8fe5,6,set a realistic goal,制定可实现的目标,
376834d8-b85d-4796-912c-3a946f7a0933,99702e16-81d4-4060-83a6-7b9a66e57db2,1,be diagnosed with...,被诊断患有……,
376834d8-b85d-4796-912c-3a946f7a0933,c187a1bb-63be-4a1a-aece-6ef5dd76ea2e,2,diagnose a cause,判断原因,
376834d8-b85d-4796-912c-3a946f7a0933,e60b65f6-0092-44da-bfce-2f110ce76be7,3,diagnose a problem,判断问题,
376834d8-b85d-4796-912c-3a946f7a0933,d3d81d8a-a6b8-4f16-983b-a3d7f342f14d,4,diagnose disease,诊断疾病,
e8c54574-5d8b-4c2d-8fad-d8abfb12489e,13cfc8b6-6708-46cb-a8df-8cba8aea3f1c,1,originate an instrument,发明仪器,
e8c54574-5d8b-4c2d-8fad-d8abfb12489e,51e59878-1483-4a63-8f6c-97b45238a8cf,2,originate from plants,来自植物,
e8c54574-5d8b-4c2d-8fad-d8abfb12489e,2dee7efa-20a8-4039-8708-bc0af9132056,3,originate from practice,源于实践,
e8c54574-5d8b-4c2d-8fad-d8abfb12489e,35415949-ac44-4583-b6b6-5acae7575081,4,originate from/in sp.,发源于某地,
e8c54574-5d8b-4c2d-8fad-d8abfb12489e,8e3b03f7-b803-4e00-a46c-ec0c82eb3e16,5,originate the theory,创立理论,
e8c54574-5d8b-4c2d-8fad-d8abfb12489e,e7eb40b0-6a15-4113-b8f9-5f2cbe54905e,6,originate with sb.,源自某人,
4ce6ec1c-3bd4-4f88-b6fc-67629c071f63,ebf9685d-d36d-4cec-8308-9fe2db45a552,1,refer to A as B,称 A 为 B,
4ce6ec1c-3bd4-4f88-b6fc-67629c071f63,3a64074e-7f9b-469f-a510-8ac9c9366216,2,refer to a dictionary,查字典,
4ce6ec1c-3bd4-4f88-b6fc-67629c071f63,5762955e-86ed-4233-b8ba-90d366dd4280,3,refer to a method,谈及方法,
4ce6ec1c-3bd4-4f88-b6fc-67629c071f63,40f34092-d2d6-4cfd-ad32-56d62af76bea,4,refer to the note,参考笔记,
f65dc3c5-2bb7-4dd5-a6c4-8315736c2700,cc50f8d7-2a57-46db-b951-3bc9c56701e2,1,a frame of reference,参考体系,
f65dc3c5-2bb7-4dd5-a6c4-8315736c2700,319dd6e0-4b09-443e-83ea-6583ffa10991,2,a passing reference,一语带过,
f65dc3c5-2bb7-4dd5-a6c4-8315736c2700,bee091f8-6ffb-4a29-913f-40a955c2e42b,3,a reference book,参考书,
f65dc3c5-2bb7-4dd5-a6c4-8315736c2700,f7f6f079-ec42-4f03-b99f-cac5aa196455,4,for easy reference,方便查阅,
f65dc3c5-2bb7-4dd5-a6c4-8315736c2700,9698708d-672a-4ed0-91bf-e406855309db,5,for later reference,供以后参考,
f65dc3c5-2bb7-4dd5-a6c4-8315736c2700,4c8455fc-a959-4490-a0eb-358644ba5afc,6,make no reference to...,未提及……,
31274361-6dec-4098-9a74-891e29878181,50e6c7b3-f511-4af6-833c-cdec0b4c229a,1,a seaside resort,海滨胜地,
31274361-6dec-4098-9a74-891e29878181,e5ec68c5-4566-4753-b882-35bca937bbf5,2,resort to doing sth.,求助于做某事,
31274361-6dec-4098-9a74-891e29878181,930c4abd-a0d6-40ed-86e5-fd530eed8a97,3,resort to violence,诉诸暴力,
31274361-6dec-4098-9a74-891e29878181,34bbb302-c738-42cd-8587-542b4f7a25cc,4,resort to...,诉诸……,
4012d7ba-7c46-400b-bb47-fbc3bb5b3563,651e1469-5f3e-4df8-9e32-53ae539d1cfc,1,a peace settlement,和平协议,
4012d7ba-7c46-400b-bb47-fbc3bb5b3563,eb21fe2b-68c7-4d11-b2e5-102c5d390fc1,2,a settlement map,聚居点地图,
4012d7ba-7c46-400b-bb47-fbc3bb5b3563,e9c7f92f-9cb5-4283-b236-707d34224138,3,reach a settlement,达成协议,
4012d7ba-7c46-400b-bb47-fbc3bb5b3563,b348389d-0594-4f6f-b6a3-d53b31810092,4,the human settlement,人类聚居地,
4012d7ba-7c46-400b-bb47-fbc3bb5b3563,6f404007-d22d-4163-b264-baa56182ce2d,5,the largest settlement,最大的聚居点,
4012d7ba-7c46-400b-bb47-fbc3bb5b3563,ede23206-a0a2-4634-950f-9e86a8f95e07,6,the settlement of a dispute,争端的解决,
29f41d72-3d42-4bd7-ad9c-8ba6640c3635,742672ee-5d58-4e16-b77f-dfecf50f1280,1,a robust athlete,强健的运动员,
29f41d72-3d42-4bd7-ad9c-8ba6640c3635,6d755645-a635-4cc5-91b1-6807f340d909,2,robust defence,强有力的辩护,
29f41d72-3d42-4bd7-ad9c-8ba6640c3635,cc6e2828-924f-4bd0-b754-b2df16cd17d0,3,robust faith,坚定的信念,
dc5b240a-fbf9-423d-9bda-3ed41cf0f14c,1fcbedfc-3903-4ccb-83f6-a108ea15b058,1,a substitute for...,……的替代品,
dc5b240a-fbf9-423d-9bda-3ed41cf0f14c,a75c22a2-317f-46e1-b3d8-7f0a8fabae06,2,substitute A with B,用 B 代替 A,
dc5b240a-fbf9-423d-9bda-3ed41cf0f14c,c89cb921-f297-436b-af2a-0d92bf17f211,3,substitute for...,代替……,
8753b49f-0c1a-4c53-b393-8182b4d2d14e,b744303a-930b-4d3c-823f-c9ce6829f226,1,a suicide letter,绝命书,
8753b49f-0c1a-4c53-b393-8182b4d2d14e,bc5a641a-7778-42ca-8c06-fbdc66755aa8,2,a suicide squad,敢死队,
8753b49f-0c1a-4c53-b393-8182b4d2d14e,cb1d8a42-c1ae-426f-870f-bd242d515e25,3,an attempted suicide,自杀未遂,
8753b49f-0c1a-4c53-b393-8182b4d2d14e,f1a8af2d-7e2b-4cc4-9438-0266d2aa00e8,4,evolutionary suicide,进化式自杀,
8753b49f-0c1a-4c53-b393-8182b4d2d14e,a3fefc04-6f48-4740-ac88-1da49f614887,5,physician-assisted suicide,医助自杀,
8753b49f-0c1a-4c53-b393-8182b4d2d14e,a4112ec0-7d7d-41fe-8769-eb493c945f4b,6,two suicides,两起自杀案,
f67eba29-da9c-425a-b4bd-48f800224d1e,c92ec3f2-5acb-4f22-be55-8b64dd5f5f0e,1,a new territory for sb.,某人的新天地,
f67eba29-da9c-425a-b4bd-48f800224d1e,b60bdc01-e4e0-4af6-aaff-443fb8243ccc,2,a vast territory,辽阔的领土,
f67eba29-da9c-425a-b4bd-48f800224d1e,8629913c-552b-462c-be47-7f742b1b2be3,3,foreign territory,外国领土,
f67eba29-da9c-425a-b4bd-48f800224d1e,eee6bd47-9b42-4684-b489-059c18c0c394,4,uncharted territory,未涉足的领域,
96249370-dc32-4102-a7b3-a1bc22fb3bfa,386f053d-95eb-4c66-afb2-7c63f69f0869,1,Thanksgiving dinner,感恩节晚餐,
96249370-dc32-4102-a7b3-a1bc22fb3bfa,c34a24c0-e83a-4464-9e10-203f93df06bf,2,a peaceful Thanksgiving,和平的感恩节,
96249370-dc32-4102-a7b3-a1bc22fb3bfa,39525b11-257c-4bb4-a98b-babf65279b43,3,at Thanksgiving time,在感恩节期间,
96249370-dc32-4102-a7b3-a1bc22fb3bfa,7a4b2e38-b72e-4064-9a0a-c3d2773f7ded,4,celebrate Thanksgiving,庆祝感恩节,
3c980581-4022-45ea-ab45-972b4f20f076,c2e7ec09-7c1c-49b3-ab46-5b2246f27b9b,1,a legal safeguard,法律保护措施,
3c980581-4022-45ea-ab45-972b4f20f076,5be3e277-bd25-4e8c-99bb-5cae4ad02157,2,a stronger safeguard,更有力的保护措施,
3c980581-4022-45ea-ab45-972b4f20f076,119ecfc3-f3e6-401c-ba36-00666b3bacfe,3,safeguard against...,防备……,
3c980581-4022-45ea-ab45-972b4f20f076,40fa5f68-8ea2-4070-9605-9e392390b68e,4,safeguard one’s right,保护某人的权利,
3dcbe7eb-00fb-4d64-a22f-8678d41ab3ed,31f4c068-554e-464b-9c2f-7252e04c4a96,1,undergo a process,经历一个过程,
3dcbe7eb-00fb-4d64-a22f-8678d41ab3ed,16f7778f-b8bb-4f92-8b1e-8cbfff705176,2,undergo a transformation,经历转变,
3dcbe7eb-00fb-4d64-a22f-8678d41ab3ed,52009b85-1953-4f6c-8a71-5a967b09ae3a,3,undergo inspection,经受检查,
680d92f2-74b4-40e6-a056-1b71cfa86346,c0e96a04-816f-4f32-bf8f-262e6906826a,1,a major variation,主要的变化,
680d92f2-74b4-40e6-a056-1b71cfa86346,a33a0572-7d08-4f9c-ae89-7336bb36b4c4,2,a wide variation,很大的变化,
680d92f2-74b4-40e6-a056-1b71cfa86346,96d7b009-eecb-43d7-8201-1a68a4df823b,3,seasonal variation,季节性变化,
680d92f2-74b4-40e6-a056-1b71cfa86346,42c14308-04e7-43b9-9927-85e23b2b56fb,4,variations in...,...中的变化,
ebd5ac79-70d6-4b70-ac0e-00c06018497e,46d1020b-9493-4b60-b101-52199ca0f875,1,a sacrificial victim,献祭品,
ebd5ac79-70d6-4b70-ac0e-00c06018497e,861e10da-fb1c-41e7-ba4c-ac58a9ae099b,2,a victim of bias,偏见的受害者,
ebd5ac79-70d6-4b70-ac0e-00c06018497e,6caea85c-06f8-4623-920a-691274854dbb,3,a victim of sth.,某事的受害者,
ebd5ac79-70d6-4b70-ac0e-00c06018497e,4cc170ac-6758-4ce7-a3fd-d24b3dc2104b,4,earthquake victims,地震受害者,
ebd5ac79-70d6-4b70-ac0e-00c06018497e,2cf4a106-f6ef-471e-b271-6552ff61f368,5,fall victim to...,沦为……的受害者,
ebd5ac79-70d6-4b70-ac0e-00c06018497e,f0d00c5b-553d-4afc-b3ae-ca4f2eae943c,6,murder victim,谋杀案受害者,
34b6baa4-ec7f-4879-a91b-d60d32c20539,c5003ba8-db19-4d52-b630-7c7191eace8d,1,a collective acceptance,共同接受,
34b6baa4-ec7f-4879-a91b-d60d32c20539,c6f89391-829e-4734-87c9-2e8c71be8ad3,2,general acceptance,普遍赞同,
34b6baa4-ec7f-4879-a91b-d60d32c20539,830c629d-39e8-47dd-b174-a81dabafaf05,3,passive acceptance,被动接受,
34b6baa4-ec7f-4879-a91b-d60d32c20539,17575af6-225f-4f5b-9e14-c05aa6f0401f,4,promote acceptance,提高接受度,
34b6baa4-ec7f-4879-a91b-d60d32c20539,d313effe-e9cd-40db-9cf0-656f104c06cd,5,the acceptance of sth.,接受某物,
34b6baa4-ec7f-4879-a91b-d60d32c20539,2a41c0f2-3217-4182-be2d-ad52cecabfeb,6,win acceptance,赢得认可,
8b0cdf1c-0c2d-4baf-a6f5-43b6f727190f,abbefe48-3f7d-49f8-ae95-9721bf4ed264,1,break one’s spirit,击垮某人的意志,
8b0cdf1c-0c2d-4baf-a6f5-43b6f727190f,9175c658-310d-403d-9669-a3139fb115f4,2,feel young in spirit,精神上感到年轻,
8b0cdf1c-0c2d-4baf-a6f5-43b6f727190f,b00b0695-0936-48b3-aaa7-51800f554a23,3,pioneering spirit,开拓精神,
8b0cdf1c-0c2d-4baf-a6f5-43b6f727190f,7e16a33c-88b9-4efe-b0a7-2506cb48d233,4,spirit of enquiry,求知精神,
0acf788b-7116-4018-9519-58362dd5f061,699d14af-abab-4f2f-b0de-6c61cdf2e151,1,cling to a phone,紧握手机,
0acf788b-7116-4018-9519-58362dd5f061,6e908549-d969-48c0-bc62-957e97903715,2,cling to one's post,坚守自己的岗位,
0acf788b-7116-4018-9519-58362dd5f061,2e5f9c35-eec7-404d-b337-fc7d9e51de5a,3,cling to the wall,紧贴墙壁,
571edf7e-d4db-40b1-b1eb-f2a074a762fa,3cffd133-1025-47d4-b73f-8bc60f9e4213,1,a long combat,长期斗争,
571edf7e-d4db-40b1-b1eb-f2a074a762fa,d7cdcfee-dca2-456e-bd02-8b18cc75e9c9,2,combat stress,战斗压力,
571edf7e-d4db-40b1-b1eb-f2a074a762fa,c6dd3b69-4e7a-45fe-806e-aeea608d23c1,3,combat world poverty,防止世界性贫困,
571edf7e-d4db-40b1-b1eb-f2a074a762fa,7ad53c62-95a1-4c94-b934-6cf56835d70a,4,participate in a combat,参与战斗,
eca00205-f081-41d6-8b7f-83c21b275508,92942807-8172-4799-822e-7950aa3fba88,1,be composed of sth.,由某物构成,
eca00205-f081-41d6-8b7f-83c21b275508,a4c8eaa7-9f7d-424f-8c83-158c67ce152b,2,be free to compose,自由创作,
eca00205-f081-41d6-8b7f-83c21b275508,af3ff757-2b11-4f02-93cd-a2f62ac71da5,3,compose a draft,撰写草案,
eca00205-f081-41d6-8b7f-83c21b275508,8723ea99-6f00-488e-b80a-b6642b54a7e4,4,compose an opera,创作歌剧,
7b51b760-e920-4af5-860c-bb9c102bef6e,10f4cf47-bf0f-47d1-805e-fe90faaca4e9,1,a literary composition,文学作品,
7b51b760-e920-4af5-860c-bb9c102bef6e,50a0b5a4-97ed-4fe6-8a0c-ee2b82e65142,2,chemical composition,化学成分,
7b51b760-e920-4af5-860c-bb9c102bef6e,ef6496bd-c5b5-42e1-a738-37bb6f8c6d36,3,leave a composition,留下作品,
7b51b760-e920-4af5-860c-bb9c102bef6e,d64716ca-ea66-4936-bf5d-ed2efc85a724,4,revise a composition,修改作文,
7b51b760-e920-4af5-860c-bb9c102bef6e,92f8fdfc-861b-4389-a779-7cd10ec17824,5,teach composition,教写作,
7b51b760-e920-4af5-860c-bb9c102bef6e,24d21900-d77e-4f61-81fa-c30e9667be4a,6,write a composition,写作文,
a2811f2a-7f02-459d-93b3-3c80868e0543,91bc3130-4379-42f2-87aa-cf6a056d6dd1,1,a thrill of joy,一阵喜悦,
a2811f2a-7f02-459d-93b3-3c80868e0543,764c9f47-ec9d-4545-99bc-96cdbac7de83,2,be thrilled by sth.,因某事而激动,
a2811f2a-7f02-459d-93b3-3c80868e0543,56530491-4be9-4b4c-bf94-9d086cb478d1,3,give sb. a big thrill,使某人兴奋不已,
a2811f2a-7f02-459d-93b3-3c80868e0543,66c15857-8b54-4fa9-8e66-de8dd2b57ea9,4,the thrill of doing sth.,做某事的兴奋感,
3d0f661a-8d49-4002-9a49-d9143a38e305,bbb8de39-f00a-49c0-8e22-9ef01e410ca0,1,an evident mistake,明显的错误,
3d0f661a-8d49-4002-9a49-d9143a38e305,7b2ce443-117f-4f6c-8fcc-553277684cb6,2,be evident in...,在……中很明显,
3d0f661a-8d49-4002-9a49-d9143a38e305,46cf435e-553a-4da8-ad23-f79ef4dd4a63,3,be evident to sb.,对某人来说很清楚,
3d0f661a-8d49-4002-9a49-d9143a38e305,f06173c9-5eec-407c-8b10-be1e7f1036c3,4,with evident enjoyment,兴致勃勃,
59d2b202-3cee-4ca4-b700-22f169eee3ae,d8de7b65-72aa-4a88-803f-e80a2887753d,1,a fabric softener,织物柔顺剂,
59d2b202-3cee-4ca4-b700-22f169eee3ae,d02a05ec-e2d9-47c2-afdc-1eb00c776287,2,a furnishing fabric,装饰织物,
59d2b202-3cee-4ca4-b700-22f169eee3ae,ea4f8c33-e5d3-4657-b637-27be26ff8b03,3,cotton fabric,棉织物,
59d2b202-3cee-4ca4-b700-22f169eee3ae,f41c0b69-c653-4aed-b580-0ebc1d58c867,4,reshape the fabric,重塑结构,
59d2b202-3cee-4ca4-b700-22f169eee3ae,9b2e4444-c2d1-4245-a70f-09d49c1e862d,5,the connecting fabric of...,连接……的纽带,
59d2b202-3cee-4ca4-b700-22f169eee3ae,8f1a43f9-917e-42df-b0cf-630d4c221af8,6,the social fabric,社会结构,
72b2ffbc-2616-435b-9be5-d75130ab492e,7dee2b2d-dff2-4e20-9c09-f699f8c955b4,1,activate an alarm,触发警报器,
72b2ffbc-2616-435b-9be5-d75130ab492e,7ddc3f06-b052-4892-9a15-39f6d7ad5bdb,2,activate an elevator,启动电梯,
72b2ffbc-2616-435b-9be5-d75130ab492e,2583d2e8-1de9-4770-b9be-f6ff65061cb2,3,activate one’s mind,激发某人的思维,
72b2ffbc-2616-435b-9be5-d75130ab492e,40f8610f-c8c2-4983-90d5-206093e1a076,4,be activated by...,被……激活,
4cf558fd-32fa-488a-98d8-77f1c3be4780,fd019a5e-477c-4463-abc9-7ff6629c2735,1,a format of sth.,某物的设计,
4cf558fd-32fa-488a-98d8-77f1c3be4780,777204be-813b-48ee-a0a4-595f3ad2a85a,2,a standard format,标准版式,
4cf558fd-32fa-488a-98d8-77f1c3be4780,66b4703d-949f-47ec-bfec-6004f8ef538e,3,format a disk,格式化磁盘,
6914e165-c908-497f-8d3f-25414e409d85,5c47b9bf-bccd-4748-80b8-637569ff064d,1,disable a switch,停用开关,
6914e165-c908-497f-8d3f-25414e409d85,2b28f82f-f823-42a5-a1cc-18eebbdc7a96,2,disable sb. for life,使某人终身残疾,
cc7445bf-1dae-4894-9942-b73d670e8d67,8cbaf495-75db-484b-b479-a739475ea97b,1,a collection of geniuses,一群天才,
cc7445bf-1dae-4894-9942-b73d670e8d67,eb3a5771-f158-48b1-8faa-6e6a7b833fce,2,a stroke of genius,神来之笔,
cc7445bf-1dae-4894-9942-b73d670e8d67,2752e7dc-614b-473c-a12d-b9091b1dc4cb,3,an architect of genius,天才建筑师,
cc7445bf-1dae-4894-9942-b73d670e8d67,e57e8f0f-8b0c-4ccc-b66d-cef3c98b7944,4,reveal one's genius,展现某人的天赋,
7e30c100-f28e-44d3-b4a7-72ebdb87be95,fb3352d5-8c85-4b77-8afa-2860570083bd,1,a dreadful handicap,可怕的阻碍,
7e30c100-f28e-44d3-b4a7-72ebdb87be95,5cd462cc-db9b-4494-b759-8137054c2709,2,handicap progress,妨碍进步,
7e30c100-f28e-44d3-b4a7-72ebdb87be95,e5b108ea-8d2d-4150-afa5-0167901a25cb,3,overcome a handicap,克服缺陷,
7e30c100-f28e-44d3-b4a7-72ebdb87be95,a8abd523-b918-4f3e-ba58-3b8e33cce4e9,4,physical handicap,生理缺陷,
4afb19a6-c143-43e9-8a3c-0233ac6fedac,3f6d1f88-9847-4139-90f8-e7a589ba9296,1,be full of enthusiasm,充满热情,
4afb19a6-c143-43e9-8a3c-0233ac6fedac,f6259ae5-f319-4927-a6ca-93b82d740810,2,display great enthusiasm,表现出极大热情,
4afb19a6-c143-43e9-8a3c-0233ac6fedac,fcfbccaf-4340-4d73-b861-e22c45e682e7,3,gather all of the enthusiasm,聚集所有热情,
4afb19a6-c143-43e9-8a3c-0233ac6fedac,4e0ca6e1-9238-4150-806a-9852478be662,4,generate enthusiasm,引发热忱,
4afb19a6-c143-43e9-8a3c-0233ac6fedac,3007f7a7-c1e9-4db0-8289-89ad3cbc307f,5,lack of enthusiasm,缺乏热情,
4afb19a6-c143-43e9-8a3c-0233ac6fedac,76e64f70-13c0-4c19-bd00-222d3671c768,6,with great enthusiasm,满怀热情,
84247cf0-f44f-49ac-9323-6ee8673b917a,7bb9f727-ce98-4379-86a6-131e07fd6dc3,1,deny access for sb.,拒绝某人参加,
84247cf0-f44f-49ac-9323-6ee8673b917a,d2b89dd4-37fb-4404-a1a9-dcd5ee343a50,2,deny doing sth.,否认做过某事,
84247cf0-f44f-49ac-9323-6ee8673b917a,7f8d76df-b3f1-46cc-99aa-06bd5efb8fe7,3,deny one’s contribution,否认某人的贡献,
84247cf0-f44f-49ac-9323-6ee8673b917a,34682b83-bc1f-4d71-9db9-c406e2dcfeb9,4,deny one’s request,拒绝某人的请求,
84247cf0-f44f-49ac-9323-6ee8673b917a,959312e3-b581-47be-aec2-1056ed5c3eea,5,deny the possibility of...,否认……的可能性,
84247cf0-f44f-49ac-9323-6ee8673b917a,f3d27dfd-fd4e-44c2-8029-0aacc7d2b941,6,intend to deny sth.,想要否认某事,
a8b57205-0fd2-4769-b83f-9614f7614acb,f1efa159-1b44-45f6-8398-b040dc58ba3e,1,a young illiterate,年轻文盲,
a8b57205-0fd2-4769-b83f-9614f7614acb,3825e114-b6c4-4987-aab9-d7d78e082aaa,2,an illiterate letter,文笔拙劣的信,
a8b57205-0fd2-4769-b83f-9614f7614acb,16f39a07-53c0-458c-b54e-e3f1862005a5,3,computer illiterate,计算机盲,
a8b57205-0fd2-4769-b83f-9614f7614acb,9f9f2439-3476-489b-8d79-79f3bd79949a,4,illiterate people,不识字的人,
60e8467c-ae2c-40b6-90d7-4f567682cddd,ac7d3b36-0bb5-4210-89b1-79dce393a4cb,1,a master of...,……的主人,
60e8467c-ae2c-40b6-90d7-4f567682cddd,724e9a17-6802-4428-8ef6-b58fcec1b332,2,a master weaver,大师级的编织者,
60e8467c-ae2c-40b6-90d7-4f567682cddd,03c5a451-a86f-4379-ade4-222f041d98fb,3,a true master,真正的大师,
60e8467c-ae2c-40b6-90d7-4f567682cddd,bef0b426-d07c-49be-bb23-28201705dcdf,4,master new skills,掌握新技能,
60e8467c-ae2c-40b6-90d7-4f567682cddd,b8a7a230-4ea1-449b-8d43-eeaaf0b33b3f,5,master one's temper,控制某人的脾气,
60e8467c-ae2c-40b6-90d7-4f567682cddd,c24b2b5a-c0d7-4995-9564-9efc28498ffd,6,master the art of...,精通……的技巧,
b3bd6726-429c-45f5-8994-16448537b3c6,4c3068ed-6b36-41ff-a104-66cf2febde81,1,be imitated by sb.,为某人所模仿,
b3bd6726-429c-45f5-8994-16448537b3c6,5d624ad6-b2a1-4376-9118-6152d45e1056,2,imitate Shakespeare,模仿莎士比亚,
b3bd6726-429c-45f5-8994-16448537b3c6,b3c62bdb-e08a-4317-b982-bdf175398d63,3,imitate Western customs,仿效西方的社会习俗,
b3bd6726-429c-45f5-8994-16448537b3c6,90490bec-b839-4c5c-9f35-8dcced5208e1,4,imitate a way,模仿某一方式,
b3bd6726-429c-45f5-8994-16448537b3c6,a2407f0e-70f1-489b-b7b9-bef67e9f7314,5,imitate one’s tone,模仿某人的语调,
b3bd6726-429c-45f5-8994-16448537b3c6,76bbf39b-6d7d-4d95-93ad-c3417d1544da,6,imitate the behaviour,模仿行为,
14a161a8-d89c-4e0e-9612-3a862b926e0a,a837635a-9f2b-4054-ac93-2ecd7427dc32,1,a diplomatic incident,外交冲突,
14a161a8-d89c-4e0e-9612-3a862b926e0a,fead0cec-dd4f-49d9-bcef-d524873711f7,2,an incident of violence,暴力事件,
14a161a8-d89c-4e0e-9612-3a862b926e0a,8f58d772-dfec-4f9f-a245-dfbc09e5bd1e,3,experience an incident,经历事件,
05ce0fe3-6cb3-43ef-ab00-10a82c1e360d,43d241cb-f619-4e70-869c-ea1ac6bd8e71,1,a high incidence,高发生率,
05ce0fe3-6cb3-43ef-ab00-10a82c1e360d,700e0627-ca12-4a41-98a9-2c1d8dfb4ec1,2,an incidence of a risk,风险的发生率,
05ce0fe3-6cb3-43ef-ab00-10a82c1e360d,6f7c8006-532c-4a66-8811-2dc42d895b7f,3,increase the incidence,提高发生率,
05ce0fe3-6cb3-43ef-ab00-10a82c1e360d,1041e180-97f2-4735-b55a-1d5db84e1a66,4,reduce the incidence,降低发生率,
51a57ebf-278f-4f91-b38c-09fae68b74aa,655cb7a8-1a21-4228-ac5b-fe69bf86c712,1,an inherent need,内在需求,
51a57ebf-278f-4f91-b38c-09fae68b74aa,401035a6-9df7-4222-959c-1b5e97ab6843,2,an inherent problem,固有的问题,
51a57ebf-278f-4f91-b38c-09fae68b74aa,f9dd2f08-8c3c-4ccf-8a3f-f11a3d2093d7,3,an inherent weakness,内在缺陷,
51a57ebf-278f-4f91-b38c-09fae68b74aa,8f713243-7fd4-4cd5-92f6-d2642e46a61d,4,be inherent in...,...所固有的,
51a57ebf-278f-4f91-b38c-09fae68b74aa,51fc5dd5-b71d-4c2c-92c3-328d095c0807,5,the inherent model,固有的模式,
51a57ebf-278f-4f91-b38c-09fae68b74aa,21440818-b86a-4ff7-b895-e41c39280158,6,the inherent value,内在价值,
9c6e095a-7a32-4c84-9984-10de13ccce2b,0eeb1793-44eb-48a5-b238-faa88eee5d63,1,exert influence on...,对……产生影响,
9c6e095a-7a32-4c84-9984-10de13ccce2b,6fd75370-5017-4930-825a-5732e6bac4af,2,exert oneself to do sth.,尽力做某事,
9c6e095a-7a32-4c84-9984-10de13ccce2b,aea58f92-b35b-474e-81ea-49afd8f07f51,3,exert tighter control,施加更严的控制,
961ebc02-e8c0-49eb-b8fa-b42b91f432d5,828cd602-6639-4ca8-8197-2ea9d61f068d,1,a life of luxury,奢侈的生活,
961ebc02-e8c0-49eb-b8fa-b42b91f432d5,cc66c610-4b25-4f98-b0be-59031caee65c,2,a luxury car,豪华轿车,
961ebc02-e8c0-49eb-b8fa-b42b91f432d5,2d440e13-c857-4e4e-9371-7a52513a9dca,3,a luxury restaurant,豪华饭店,
961ebc02-e8c0-49eb-b8fa-b42b91f432d5,b5594127-54ac-4611-be88-a7ee45afd5fd,4,a traditional luxury,传统奢侈品,
961ebc02-e8c0-49eb-b8fa-b42b91f432d5,4aa3d735-c223-49b7-8015-8e882f489a52,5,afford a luxury,买得起奢侈品,
961ebc02-e8c0-49eb-b8fa-b42b91f432d5,fb35341f-63bf-4e9a-af32-821d12664d3d,6,luxury goods,奢侈品,
94149c03-4b2f-4bff-bc69-def998a944f3,3f20c751-159f-4d85-b6aa-5802807b7cea,1,be manifest to sb.,对某人来说是明显的,
94149c03-4b2f-4bff-bc69-def998a944f3,70e2a81a-cb2c-4007-9f9d-b70bb5eb9c29,2,manifest A among B,在 B 中显现 A,
94149c03-4b2f-4bff-bc69-def998a944f3,a7373600-7ba8-43c7-86b5-714ade2752be,3,manifest injustice,明显的不公平现象,
94149c03-4b2f-4bff-bc69-def998a944f3,9527301d-5aed-447e-b9dd-09ccc6b2af2d,4,manifest the significant role,体现重要性,
c8db25bd-c7e3-4b05-a924-d1a0f3a15f06,fc2200bf-f3a3-4594-956f-22519f2e4583,1,a discourse on...,关于……的演讲,
c8db25bd-c7e3-4b05-a924-d1a0f3a15f06,72c678f1-70f1-4e91-9ec8-404852874d9a,2,launch into a discourse,发表演讲,
c8db25bd-c7e3-4b05-a924-d1a0f3a15f06,7b3fbfd2-7f40-4720-8002-e3345591ef5e,3,political discourse,政治演讲,
c8db25bd-c7e3-4b05-a924-d1a0f3a15f06,06fe1919-aff2-4622-898f-0eb3ca33c2c5,4,public discourse,公众讨论,
ee717118-b277-4a26-b8ce-b01f420ac1d5,b74aa94d-5709-48a4-b940-3629e65934b9,1,a narrow margin,微小的差额,
ee717118-b277-4a26-b8ce-b01f420ac1d5,51927dfb-88d2-4884-ae04-f3dda287b066,2,an average margin,平均利润,
ee717118-b277-4a26-b8ce-b01f420ac1d5,f13ee14f-9fa0-4be3-8e2c-1e6437b9c2cf,3,leave a margin,留出页边空白,
ee717118-b277-4a26-b8ce-b01f420ac1d5,28dd012f-a93c-4302-ad9c-b6d49d2965e1,4,the margins of...,……的边缘,
676539df-8ead-4e37-a046-391876fde7b8,f5892336-2427-4b1c-ae45-d613ebfdc5fd,1,a capital virtue,重要的美德,
676539df-8ead-4e37-a046-391876fde7b8,63a7be75-8ca1-41ca-9396-dd9dfe9a5db6,2,a corporate virtue,企业美德,
676539df-8ead-4e37-a046-391876fde7b8,bcbcb779-6fae-4ef2-aeb7-a12e5c6cac40,3,highlight a virtue,强调美德,
676539df-8ead-4e37-a046-391876fde7b8,2dc9878e-87e9-4e11-9513-8fc884e5c2be,4,see no virtue in talking,看不见讨论的好处,
676539df-8ead-4e37-a046-391876fde7b8,dff74e82-af48-4418-ad5a-b8f73c295ef5,5,the virtue of...,...的优点,
676539df-8ead-4e37-a046-391876fde7b8,ed8c71d9-d075-4250-b481-e0df3018eecd,6,various virtues,各种各样的优点,
2d3c3e99-d402-4268-b1ee-879d741ea346,4e738976-8a95-491f-aafd-b3de850f534b,1,a literary masterpiece,文学名著,
2d3c3e99-d402-4268-b1ee-879d741ea346,091616dd-3c4b-41d7-9255-4999809d7355,2,a masterpiece of...,……的典范,
2d3c3e99-d402-4268-b1ee-879d741ea346,66a9f283-4659-4398-bd41-4b15b68e5eb0,3,a real masterpiece,真正的杰作,
2d3c3e99-d402-4268-b1ee-879d741ea346,a1eb5bb3-14e5-484a-ae7a-436cace23697,4,accomplish a masterpiece,完成杰作,
828dc09a-ac9c-4685-a3f7-30746578788b,1e260121-ab33-4fdd-a7ad-3189f5a8072b,1,a mechanical clock,机械表,
828dc09a-ac9c-4685-a3f7-30746578788b,08dfcdf2-9e6f-4fad-afc6-98bac5629576,2,a mechanical device,机械装置,
828dc09a-ac9c-4685-a3f7-30746578788b,d863569c-9c9a-41f5-afb7-d7f6c83f4737,3,mechanical guarding,机械防护,
828dc09a-ac9c-4685-a3f7-30746578788b,6d63d32d-5d7e-4b75-837c-e346d7e0205e,4,mechanical learning,机械学习,
828dc09a-ac9c-4685-a3f7-30746578788b,665cd5fd-35f3-47d0-95a8-88406930db19,5,mechanical memorization,机械记忆,
828dc09a-ac9c-4685-a3f7-30746578788b,d221381a-4ef8-4fe1-8bd0-6751fe4b56f6,6,the mechanical revolution,机械革命,
27b3f388-c34a-45fa-a961-68dcc3d4a69b,1f0a86b6-759b-4d6a-be3e-81c084434a62,1,a brake mechanism,刹车装置,
27b3f388-c34a-45fa-a961-68dcc3d4a69b,14f95ef2-1e05-4446-8367-3c01ecc8fdfa,2,a mechanism for...,……的机制,
27b3f388-c34a-45fa-a961-68dcc3d4a69b,3e8fa4a2-9732-428f-96a4-0a18af839b1d,3,a self-driven mechanism,自我驱动机制,
27b3f388-c34a-45fa-a961-68dcc3d4a69b,127fe41b-76d6-4ed0-88be-49aeec3257c7,4,adopt a new mechanism,采用新机制,
ed21cf33-ce90-4aff-9462-77944c93de6d,78c7486e-292d-4eb7-a06d-0e6df0588df4,1,be criticized for...,因……受到批评,
ed21cf33-ce90-4aff-9462-77944c93de6d,3ee408a0-04e6-4df4-acce-8016e17dcdb6,2,criticize a poem,评论诗歌,
ed21cf33-ce90-4aff-9462-77944c93de6d,53297459-5969-4dc0-94a3-780b51f47071,3,criticize one’s appearance,评论某人的外貌,
ed21cf33-ce90-4aff-9462-77944c93de6d,5a142393-7309-4c9f-a267-8c62cd4526f1,4,criticize research,批评研究,
ed21cf33-ce90-4aff-9462-77944c93de6d,48e4ce35-071d-4e35-ac6b-d12156dbbdde,5,have nothing to criticize sth.,无可指责,
ed21cf33-ce90-4aff-9462-77944c93de6d,48dd18dd-8d4b-423b-b599-70f152180e12,6,the right to criticize,批评权,
7cb95a90-4766-4522-9a5a-262fe08ef09d,c3545bdc-eccf-43c9-9bac-1b9a91dd4d34,1,a monopoly in/on...,对……的垄断,
7cb95a90-4766-4522-9a5a-262fe08ef09d,3ee902b8-5b6a-4a2f-a7d6-04978775e6aa,2,a monopoly of big data,大数据垄断,
7cb95a90-4766-4522-9a5a-262fe08ef09d,7ae5b38b-21a3-4185-8929-1beb0da0b32e,3,a private monopoly,私人垄断企业,
7cb95a90-4766-4522-9a5a-262fe08ef09d,7435d28a-ca6b-47ed-8d6a-eb649b31fe20,4,acquire a monopoly,获得垄断,
7cb95a90-4766-4522-9a5a-262fe08ef09d,a6efa4cf-0e07-4edc-80bb-ef4e90c8f14f,5,concerns about monopoly,对垄断的担忧,
7cb95a90-4766-4522-9a5a-262fe08ef09d,dd2f4e79-3d60-48b3-adab-7acb4be814c8,6,threat of monopoly,垄断的威胁,
2e2bae50-286a-4a75-a0a0-0cff7c93a258,c702ca4d-a921-4108-aabc-d7407d9e321d,1,a commute to work,上下班路程,
2e2bae50-286a-4a75-a0a0-0cff7c93a258,11d03aad-f50a-4971-aa5c-0f416f76d2e0,2,a lengthy commute,漫长的通勤路程,
2e2bae50-286a-4a75-a0a0-0cff7c93a258,43b28256-cddc-4f0b-990e-6dfeb51a1046,3,commute a sentence,减刑,
2e2bae50-286a-4a75-a0a0-0cff7c93a258,b2d11fdc-2223-4783-b06d-cab9309ecb13,4,commute to sp. every day,每天去某地上班,
2e2bae50-286a-4a75-a0a0-0cff7c93a258,1db73434-70f2-464e-9d3a-5cfbeb1e4c53,5,the way to commute,通勤方式,
60a56564-4824-46e3-a2b0-62a36d96f40a,300c0b50-e2ee-4852-83b4-a492e2b09814,1,a mutual gaze,对视,
60a56564-4824-46e3-a2b0-62a36d96f40a,2743137b-285e-4179-b759-d46f250ca740,2,a mutual interest,共同兴趣,
60a56564-4824-46e3-a2b0-62a36d96f40a,cbc1b25d-df31-4f8b-80b6-3717b64dc5e9,3,gain mutual respect,获得彼此的尊重,
60a56564-4824-46e3-a2b0-62a36d96f40a,d5b2e463-cdd1-4203-abd9-893209c9f118,4,mutual trust,相互信任,
b2a25efa-2395-4e58-acba-7df37d193892,3571f350-41f0-4485-89d2-bbfbf3660d81,1,be oriented towards...,以……为方向,
b2a25efa-2395-4e58-acba-7df37d193892,729bd49f-40d2-4a36-801e-1e89126c3a55,2,be politically oriented,有政治倾向,
b2a25efa-2395-4e58-acba-7df37d193892,3f2b6886-3e6b-43b0-b362-5a5ea39d8b76,3,orient oneself by...,通过……确定方向,
b2a25efa-2395-4e58-acba-7df37d193892,4a4008eb-15f9-4619-8796-e682ba16baa5,4,orient oneself to...,使某人适应……,
58805ca5-39cf-4370-b962-8c405c72dbfd,9056429f-c53e-4a58-a7ae-b9a6cb32e083,1,a helpful summary,有用的总结,
58805ca5-39cf-4370-b962-8c405c72dbfd,1011b918-9ed1-48e8-803f-b366d669ef7a,2,a summary of sth.,对某事的概括,
4cd0018f-815c-41e3-8613-35b2d0ab2bb3,fc5e9bc2-54e9-4230-ab47-534dc5c21f8e,1,annoy sb. by...,用……惹恼某人,
4cd0018f-815c-41e3-8613-35b2d0ab2bb3,20f7e97b-4f8d-44a0-b527-e23af0105ee1,2,annoy the enemy,骚扰敌人,
4cd0018f-815c-41e3-8613-35b2d0ab2bb3,828ba762-bf3b-44a3-8c56-56cec57437da,3,tend to annoy sb.,常常惹恼某人,
09a90296-aede-47e3-b3f6-f72b0022f6a5,a7ba3980-cf17-40ee-94af-03c01bd4a2f9,1,a vague outline,模糊的轮廓,
09a90296-aede-47e3-b3f6-f72b0022f6a5,1e9fd0f0-37f3-4a83-aab0-5b2d2712657b,2,an outline of the topic,主题概要,
09a90296-aede-47e3-b3f6-f72b0022f6a5,11801afb-f4d5-4ba2-a3ed-996739c72a55,3,outline a solution,概括解决方案,
09a90296-aede-47e3-b3f6-f72b0022f6a5,e378c51d-ee34-4afd-8045-f123007d48c5,4,write an outline,列提纲,
607c4f5f-d08f-4c82-9a60-5ef418e28745,a6e92e8e-928b-4e06-bb59-831301b4975f,1,be largely overlooked,极大地被忽视,
607c4f5f-d08f-4c82-9a60-5ef418e28745,cdac0ec5-eb68-4ae8-bbb5-2c2c1f7845cd,2,overlook diversity,忽视多样性,
607c4f5f-d08f-4c82-9a60-5ef418e28745,4539bd84-471c-46e5-ac31-04fd58e1819f,3,overlook negative effects,忽略消极影响,
607c4f5f-d08f-4c82-9a60-5ef418e28745,316c6dec-a44e-4c8b-b4e2-b7f784ee0799,4,overlook the ocean,俯视海洋,
607c4f5f-d08f-4c82-9a60-5ef418e28745,11848584-1c36-48f0-bcc3-5c57dee721dd,5,overlook the possibility,忽略可能性,
607c4f5f-d08f-4c82-9a60-5ef418e28745,24a42bab-c9f0-49ad-a24e-80f481269c53,6,tend to overlook sth.,容易忽略某事,
9d00d736-08a3-4038-9438-60e88582130f,0313eb7b-b300-477e-bdc4-fcc72984d886,1,a dramatic plunge in sth.,某物的猛跌,
9d00d736-08a3-4038-9438-60e88582130f,344c07f2-d6ee-47df-94b8-fe9f6743f3e8,2,a headlong plunge,奔腾直下,
9d00d736-08a3-4038-9438-60e88582130f,28281c4a-d938-4651-88ad-a7ef76701210,3,plunge into...,突然落入……,
9d00d736-08a3-4038-9438-60e88582130f,0f2cadc3-4afd-48e8-91b5-1ea996f7df9e,4,take the plunge,冒险一试,
d962e732-af5e-4488-9759-808b23d42ea9,6e9eae24-97e1-4e33-9dd5-5b14f03c123c,1,be in joint ownership,为共有产权,
d962e732-af5e-4488-9759-808b23d42ea9,b9228eda-5d5b-471e-b8cd-e18f6658bb9e,2,home ownership,房屋所有权,
d962e732-af5e-4488-9759-808b23d42ea9,d32a0e03-4eef-441e-a691-6e9e26aed649,3,ownership of property,财产所有权,
d962e732-af5e-4488-9759-808b23d42ea9,67fe3313-a549-4ef4-bc44-a14d50eb9d45,4,ownership of the land,土地产权,
d962e732-af5e-4488-9759-808b23d42ea9,31f62b06-e616-496f-a3ae-cc12fbae11dc,5,private ownership,私有产权,
d962e732-af5e-4488-9759-808b23d42ea9,1e27d006-afaa-4538-8c0a-c70abe61885c,6,the ownership structure,所有权结构,
fbb14ed0-87de-4849-a5af-9a05c4c6a105,bdacab41-d090-4de0-a9a9-bb5db0256549,1,a permanent job,固定工作,
fbb14ed0-87de-4849-a5af-9a05c4c6a105,a9cec8db-d8aa-443e-948e-b9ecb78c78f5,2,do permanent damage,造成永久性损伤,
fbb14ed0-87de-4849-a5af-9a05c4c6a105,9a1400b6-b6e2-481d-99c7-91cb1ea12677,3,permanent dependency,永久的依赖,
9316e6de-73b6-43be-991e-b7bc5dd2118e,10c76c9b-efd6-4c47-abfe-102c9c3533ab,1,create a parallel pathway,创建平行路径,
9316e6de-73b6-43be-991e-b7bc5dd2118e,f92fc0c3-3f96-4a24-904e-3107007087b9,2,parallel a carton,与漫画相媲美,
9316e6de-73b6-43be-991e-b7bc5dd2118e,d26189a7-aa3e-4d74-9a23-b7c125ce5abb,3,parallel lines,平行线,
9316e6de-73b6-43be-991e-b7bc5dd2118e,13173b2d-5af2-4722-93d6-77d59a4db101,4,parallel trends,并行发展的趋势,
df8d70a7-caad-4cdc-992d-8f5964016a35,eb431bd4-eb80-4e88-856a-d3bf856b6333,1,a paradise on earth,人间天堂,
df8d70a7-caad-4cdc-992d-8f5964016a35,91ae2946-4319-4c41-a2a4-a6c1bd3ba758,2,a private paradise,私人天堂,
dc05f4f3-0ba2-41f8-9494-79ee92744d32,8d5b6617-600e-4bfc-ac70-a2a4b23597d2,1,a well-known paradox,为人所熟知的悖论,
dc05f4f3-0ba2-41f8-9494-79ee92744d32,32c4e35c-3a62-42f7-a32f-8931e2c18c8f,2,an apparent paradox,明显的矛盾,
dc05f4f3-0ba2-41f8-9494-79ee92744d32,5c31c172-d6fe-4a2a-a9d8-850171b3a672,3,be full of paradoxes,充满矛盾,
dc05f4f3-0ba2-41f8-9494-79ee92744d32,7acc416a-60f7-4fb4-8b78-ce5bec9765e7,4,create a paradox,导致自相矛盾,
dc05f4f3-0ba2-41f8-9494-79ee92744d32,b5f04a28-1369-42e0-ba9a-b570978fc335,5,face a paradox,面对矛盾,
dc05f4f3-0ba2-41f8-9494-79ee92744d32,b1016387-e9a3-4dac-b463-dda9999fd1ff,6,many levels of paradox,多重悖论,
d0d1897c-ed64-4bda-8371-20fbdd0f471b,136f2d25-5307-47bc-9a5a-41cdf491ac41,1,a vivid account of...,对……的生动描述,
d0d1897c-ed64-4bda-8371-20fbdd0f471b,e51771b1-6d7b-4b66-906e-8587b938a46c,2,a vivid blue sky,蔚蓝的天空,
d0d1897c-ed64-4bda-8371-20fbdd0f471b,0e51f001-7f96-4c28-ab04-6518e983b548,3,a vivid dream,逼真的梦,
d0d1897c-ed64-4bda-8371-20fbdd0f471b,fa54f887-43b2-4323-8713-26032ecf5240,4,a vivid image of,……的生动形象,
d0d1897c-ed64-4bda-8371-20fbdd0f471b,a3203867-5eb7-4ec1-b091-c863c165bc11,5,make...vivid,使……变得生动,
d0d1897c-ed64-4bda-8371-20fbdd0f471b,260bf507-f9e6-486d-a530-2b4fff633a99,6,vivid memories,清晰的记忆,
e06f3f57-bcdc-460c-9703-b2af5d0a2c93,fdf9239b-a6c3-441d-aea4-0f70293eea27,1,a public pledge,公开保证,
e06f3f57-bcdc-460c-9703-b2af5d0a2c93,796fd88c-f1c3-45ce-94d7-ac6739218e32,2,pledge to do sth.,承诺做某事,
00294c8d-649c-43b2-ac26-654d2f887793,857a6d78-4095-469f-bc54-ada30b84b0d4,1,common practice,常规实践,
00294c8d-649c-43b2-ac26-654d2f887793,485fbea4-08dc-4523-ba5e-01bd38389a10,2,plenty of practice,大量练习,
00294c8d-649c-43b2-ac26-654d2f887793,9cc11f5d-6015-4840-9514-33e7e97771b9,3,practice doing sth.,练习做某事,
00294c8d-649c-43b2-ac26-654d2f887793,764ced9f-1147-4b79-8517-a21ee3eb7f6e,4,practice for sth.,为某事练习,
0eb398fe-3856-43e3-a5b0-4c06cbb60fea,57e35c0a-e609-4d07-bac0-c2c51c01c1ed,1,a practical approach,切实可行的方法,
0eb398fe-3856-43e3-a5b0-4c06cbb60fea,e744901e-ce4f-455e-b0ca-3c766b6e8f63,2,a practical matter,实际情况,
0eb398fe-3856-43e3-a5b0-4c06cbb60fea,28085f8d-13de-49c3-8207-b13d8d9d7245,3,offer a practical tip,提供可行的建议,
0eb398fe-3856-43e3-a5b0-4c06cbb60fea,5f9f6db7-afec-41a2-9096-a446659f771a,4,practical knowledge,实用的知识,
6477c408-5340-4497-8a34-7188b03cef2e,1082f082-2779-4c1d-a2a9-86c02f4e7bf3,1,a dental practitioner,牙医,
6477c408-5340-4497-8a34-7188b03cef2e,7d5d9e31-683b-45af-bab5-fb7612dbbe05,2,a legal practitioner,执业律师,
6477c408-5340-4497-8a34-7188b03cef2e,015e8235-4664-4e53-93ab-8a3481db040e,3,a medical practitioner,执业医师,
6477c408-5340-4497-8a34-7188b03cef2e,49b8c9cd-3966-4e70-8903-32af8cc584d3,4,a qualified practitioner,合格的从业者,
cfb75520-34b5-4a8b-b98d-0628be8d3ed4,fa0908ac-1913-4881-a8f6-629769427c7a,1,probe a social factor,探究社会因素,
cfb75520-34b5-4a8b-b98d-0628be8d3ed4,3ad08c12-5c55-43f8-83cd-f1ef35ed0598,2,probe for sth.,想弄明白某事,
cfb75520-34b5-4a8b-b98d-0628be8d3ed4,a4cd5103-57e0-4747-89d1-95451d3baddb,3,probe the cause of...,调查……的原因,
349113ff-ce2f-42a6-b46d-417eb2456386,edcef5c4-b031-4953-b0a6-cb5715d5f9d6,1,a dim blur,模糊不清,
349113ff-ce2f-42a6-b46d-417eb2456386,9dadbb52-5531-46f3-bde4-f07543ce9043,2,a rapid blur of movement,快速一晃,
349113ff-ce2f-42a6-b46d-417eb2456386,2d2bc2dd-e2be-426c-aa5f-f7368ef576a2,3,blur the eyes,使双眼模糊,
349113ff-ce2f-42a6-b46d-417eb2456386,e7884baa-1318-49e2-abac-f733f63239b3,4,blur with tears,泪眼模糊,
14828f0c-1e48-421f-b036-e0f3b3a84ad9,71c2765b-1a7d-4999-9858-f98e77dfee36,1,civil aviation,民用航空,
14828f0c-1e48-421f-b036-e0f3b3a84ad9,73607f64-ef14-446b-982c-11a4a9f5c4ab,2,the aviation business,航空业,
14828f0c-1e48-421f-b036-e0f3b3a84ad9,4f1874cb-78e0-4405-93ba-8a5e3050d632,3,the field of aviation,航空领域,
25222fea-6b69-4be0-a975-1be3b36c59bd,b8d86b16-b77d-4da8-bcc5-c689306c7903,1,refresh oneself with sth.,用某物提神,
25222fea-6b69-4be0-a975-1be3b36c59bd,f6d964d6-28be-46cc-8a2c-9e0fc757bd4f,2,refresh one’s image,使形象焕然一新,
59935a00-61eb-48f4-98ca-a89f8c6302e0,b8502bcc-7393-4e29-9648-91aed3609246,1,a remedy for...,……的疗法,
59935a00-61eb-48f4-98ca-a89f8c6302e0,791f0c4e-e584-4b68-b9e3-c923a36a64b0,2,prescribe a remedy,开药,
59935a00-61eb-48f4-98ca-a89f8c6302e0,228321ea-4d6c-455e-b8e6-7b6d12fb8085,3,remedy a defect,纠正缺点,
59935a00-61eb-48f4-98ca-a89f8c6302e0,dd4bc7ef-32d0-4afe-a204-69dec39ce6d4,4,the single remedy,唯一的解决方法,
bb9396c7-2f4f-4402-bb38-4153fc4d6c13,2470e844-da16-42cc-a587-c270a95526f9,1,a financial setback,经济阻碍,
bb9396c7-2f4f-4402-bb38-4153fc4d6c13,518ed628-53fa-4f1f-95e0-33960e0a9df0,2,a temporary setback,暂时的阻碍,
bb9396c7-2f4f-4402-bb38-4153fc4d6c13,0df38432-2a68-4ee8-bcf8-b413d27b2c89,3,deal with a setback,应对挫折,
bb9396c7-2f4f-4402-bb38-4153fc4d6c13,70b4de7e-b13f-44cf-b6fa-d34417994de4,4,experience a setback,遭受挫折,
3a5ba7d0-f0d4-4b85-bb03-7d0ed62489a5,f042e013-4485-4e79-8169-9aff5d65cf86,1,signify intent,表明意图,
3a5ba7d0-f0d4-4b85-bb03-7d0ed62489a5,2696f8b9-aace-476e-ae25-4879b2187224,2,signify refusal,表示反对,
287ec1a8-0eb5-4e61-b261-185c6a6becfc,fec57c7b-64de-4bcc-9a84-3e45aa0a5fad,1,a profound impact,深刻的影响,
287ec1a8-0eb5-4e61-b261-185c6a6becfc,a092de3c-5287-4ff0-b1bf-8a9133f8b1ce,2,a profound problem,极大的问题,
287ec1a8-0eb5-4e61-b261-185c6a6becfc,b190e7fc-39f9-4488-8c56-4540352bd15b,3,be profound in sth.,在某方面很深刻,
287ec1a8-0eb5-4e61-b261-185c6a6becfc,26ae1e8d-68b8-42c3-aaac-be232e0c42e7,4,profound insecurities,极大的不安全感,
287ec1a8-0eb5-4e61-b261-185c6a6becfc,2ab24826-5a0b-48f5-9acd-8e6671f58df4,5,profound insights,深刻的见解,
287ec1a8-0eb5-4e61-b261-185c6a6becfc,0be9217a-fc3c-465d-a3a6-03f8c521868b,6,profound knowledge,渊博的知识,
90bf16b8-114b-4a49-8cd7-05e1ccc8cb57,08f524e8-04ce-4e44-b013-651f5d0bdeda,1,on the threshold of...,在……的开端,
90bf16b8-114b-4a49-8cd7-05e1ccc8cb57,ed328a1b-cee2-4aad-9327-78c01c89bf28,2,set a threshold,设置门槛,
90bf16b8-114b-4a49-8cd7-05e1ccc8cb57,bea81a74-b40c-4976-b50e-8bc77edd79d5,3,the tax threshold,征税起点,
437dfa1a-b419-443b-8463-145c94edad2f,e217c459-94d7-4db2-87ca-bf289b8cf393,1,a surprising toll,惊人的损失,
437dfa1a-b419-443b-8463-145c94edad2f,e7a52df5-8b3a-4153-8ded-db644a028e8d,2,pay a toll,付通行费,
437dfa1a-b419-443b-8463-145c94edad2f,1c319785-a536-41a4-990e-58a6481c859a,3,take its toll,造成损失,
437dfa1a-b419-443b-8463-145c94edad2f,58743689-b549-4c1f-a0e5-34c2dcc609ac,4,the casualty toll,伤亡人数,
437dfa1a-b419-443b-8463-145c94edad2f,7cf39f37-dab3-44fb-86eb-7d3da4ad753c,5,toll for sb.,为某人的去世鸣钟致哀,
437dfa1a-b419-443b-8463-145c94edad2f,6218140f-6343-4f3c-8137-01142adb6140,6,toll the bell,敲钟,
f0f82670-0d01-4c2c-bc0c-c8d51643b5f6,28bf6f06-0f0a-4f07-bb30-eb63fdc71dfc,1,a grass verge,长草的路边,
f0f82670-0d01-4c2c-bc0c-c8d51643b5f6,e168ca02-041c-4c3d-bc11-d69ae78b99d7,2,on the verge of...,处于......的边缘,
f0f82670-0d01-4c2c-bc0c-c8d51643b5f6,8da641e9-3132-40ab-8a1c-282f4b975733,3,to the verge of doing sth.,行将做某事,
f0f82670-0d01-4c2c-bc0c-c8d51643b5f6,a2dff911-0071-4e01-a42a-00b029d5d527,4,verge on...,濒于......,
02c7d663-dec4-4bbe-8b92-0234dcd19908,146f8e66-083e-41c0-b4db-8fcafcd28a56,1,attract a recruit,吸引新成员,
02c7d663-dec4-4bbe-8b92-0234dcd19908,a04b657e-2a1e-417d-b19e-ec532032bc9b,2,fit a recruit,适合新兵,
02c7d663-dec4-4bbe-8b92-0234dcd19908,c8f8c381-5381-42b2-b756-9a3db6089a07,3,recruit an advertiser,招募广告商,
02c7d663-dec4-4bbe-8b92-0234dcd19908,eb685135-0f51-4cb2-ae1d-29be1885999b,4,recruit at all levels,各级招募,
02c7d663-dec4-4bbe-8b92-0234dcd19908,e8e03adc-303b-41fb-9b33-97ea02b55acf,5,recruit sb. to do sth.,说服某人做某事,
02c7d663-dec4-4bbe-8b92-0234dcd19908,e2202d9f-530a-4d25-9fb0-071d8c3f3cbd,6,recruit young people,招募年轻人,
5faca6f2-18e8-4c07-8e26-c201873c48e3,7ec13111-786e-4131-8cd0-f8cfd82234fa,1,bronze casts,青铜铸件,
5faca6f2-18e8-4c07-8e26-c201873c48e3,509acad5-008f-4259-b463-2902225641b8,2,cast a glance at...,向……瞥一眼,
5faca6f2-18e8-4c07-8e26-c201873c48e3,47a07af3-7b1e-4447-8a64-5e2d4a786c46,3,cast a smile on sb.,向某人微笑,
5faca6f2-18e8-4c07-8e26-c201873c48e3,281ccc50-7f46-4a94-9713-207457e3ab5c,4,cast anchor,抛锚,
5faca6f2-18e8-4c07-8e26-c201873c48e3,d6336d9a-095d-4b85-94bc-6d24b989f61f,5,cast away,丢弃，浪费,
5faca6f2-18e8-4c07-8e26-c201873c48e3,cf657c23-5ea5-4458-ac3b-d7d9a068357f,6,cast doubt on sb.,对某人产生怀疑,
73838c1f-6f5b-4762-938d-bef8458a566f,1159659e-8fba-4d40-a063-73bd0636f890,1,aggravate a situation,使情况恶化,
73838c1f-6f5b-4762-938d-bef8458a566f,f7c63c4c-017f-4849-90aa-930579f782fb,2,aggravate the injury,使伤势加重,
a48d01e3-ec33-41a4-a482-4775c66698f5,08b26395-e377-4419-8af1-6b2c3bbcf006,1,be integrated into...,融入……,
a48d01e3-ec33-41a4-a482-4775c66698f5,b76b0dd9-1edc-4ddc-b65d-44319ca89c06,2,integrate A with B,把 A 和 B 合并,
a48d01e3-ec33-41a4-a482-4775c66698f5,92624516-8dce-44ac-84aa-11e0f11d39df,3,integrate quickly into...,快速融入……,
a48d01e3-ec33-41a4-a482-4775c66698f5,095b0995-0483-4c97-879a-11fa4006742e,4,integrate with sth.,与某物合并,
5a7c8c35-e5e4-4b9d-a92c-a32d3db31cae,88917f74-3788-4488-b0be-1f8618c8c251,1,a medical procedure,医疗程序,
5a7c8c35-e5e4-4b9d-a92c-a32d3db31cae,1d1aa3e1-093e-4158-9740-7fd3ba4fe019,2,a procedure for sth.,某事的程序,
5a7c8c35-e5e4-4b9d-a92c-a32d3db31cae,de76bed3-3467-446e-9661-08692d5ab5aa,3,a surgical procedure,外科手术,
5a7c8c35-e5e4-4b9d-a92c-a32d3db31cae,b4a746b0-870e-4547-a197-3f1aee6d18b1,4,highlight procedure,强调步骤,
5a7c8c35-e5e4-4b9d-a92c-a32d3db31cae,27793d4b-a654-4db3-bb1f-273d471ed7d6,5,prolonged procedures,延长的程序,
5a7c8c35-e5e4-4b9d-a92c-a32d3db31cae,4c657da7-d3db-44fa-ac0f-1c6c89377e22,6,standard procedure,标准程序,
56f90132-1893-4759-9a50-429d80c1f905,18f28174-a484-416a-9e11-e80ae3bbbb2c,1,a guaranteed bonus,有保证的红利,
56f90132-1893-4759-9a50-429d80c1f905,85ac9b55-6247-418d-b6c4-20a3c9b108f1,2,a performance bonus,绩效奖金,
56f90132-1893-4759-9a50-429d80c1f905,fa1069db-1e66-456b-a782-973a83f493cb,3,an added bonus,额外的好处,
56f90132-1893-4759-9a50-429d80c1f905,81ce6ce2-7dd4-45c8-af63-2d414ff51813,4,enormous bonus payouts,巨额奖金支出,
56f90132-1893-4759-9a50-429d80c1f905,501160a3-5b67-488d-9755-d876f2df350d,5,get a bonus,获得红利,
56f90132-1893-4759-9a50-429d80c1f905,b8b1daf1-2fcf-4c55-9dff-a3692b7936b1,6,the bonuses of top executives,高管的奖金,
3a544c5c-286b-46cf-ae2a-0084a9af93da,ea281241-6c40-4f76-ac6d-abdf213c8ecc,1,a foreign bureau,驻外办事处,
3a544c5c-286b-46cf-ae2a-0084a9af93da,102e4453-6a05-42f3-8d92-aef96d699ab7,2,an employment bureau,职业介绍所,
3a544c5c-286b-46cf-ae2a-0084a9af93da,8edbce2f-01d4-4f4d-af49-bad68823ff2b,3,information bureau,问讯处,
3a544c5c-286b-46cf-ae2a-0084a9af93da,410199bb-a809-4a38-b987-37b744d27b93,4,the credit reference bureau,征信局,
eac1fa70-07d1-4fbc-8be1-9507e01ee37c,eaf34f12-ae80-481d-be8a-8e066a4a4ba2,1,a state bureaucracy,国家官僚体制,
eac1fa70-07d1-4fbc-8be1-9507e01ee37c,ddc3507f-4b5b-4256-90b0-19c896238942,2,excessive bureaucracy,过分的官僚作风,
eac1fa70-07d1-4fbc-8be1-9507e01ee37c,8ca8896c-43a8-4a69-916a-aef0c526150c,3,oppose bureaucracy,反对官僚主义,
eac1fa70-07d1-4fbc-8be1-9507e01ee37c,926a3762-c9a8-42e0-9a66-9d0a25aae1de,4,the power of bureaucracy,官僚体制的权力,
2d91eaab-c65a-4742-83e1-bba825602192,dcc8fe56-c546-4464-9096-9a5d817e8c9b,1,civilian construction,民用建筑,
2d91eaab-c65a-4742-83e1-bba825602192,dbdcc72c-bf60-4f5a-9e6c-2a14b9db66a5,2,civilian industry,民用工业,
2d91eaab-c65a-4742-83e1-bba825602192,05917760-3c67-4c53-a3d7-1871b7aac168,3,share with civilians,与平民共享,
1329d857-7c04-4580-bafd-b1dcb30c7b5e,25e0ead0-4629-4ff7-87df-779cdd375f7d,1,a civil duty,公民义务,
1329d857-7c04-4580-bafd-b1dcb30c7b5e,47631860-22bb-48c7-b97c-8fca291fca0b,2,a civil right,公民权利,
1329d857-7c04-4580-bafd-b1dcb30c7b5e,f6bd2160-1f65-4d37-b78c-8a785a7c9400,3,a civil society,文明社会,
1329d857-7c04-4580-bafd-b1dcb30c7b5e,5ff7271f-adc9-4fe8-8214-497a9253b98d,4,civil affairs,民政事务,
1329d857-7c04-4580-bafd-b1dcb30c7b5e,d0c8ec06-3ce5-446f-b4f2-810a2654b400,5,civil aviation,民用航空,
1329d857-7c04-4580-bafd-b1dcb30c7b5e,15a2bfc3-e235-4eea-9bce-d9ddd63246d2,6,represent a civil servant,代表公务员,
0aa9527a-2eff-454f-b529-7e0342087f75,4befbbf4-d5a8-4d15-8e12-5a17c3a14835,1,a common ancestor,共同的祖先,
0aa9527a-2eff-454f-b529-7e0342087f75,1057ecd9-624a-4d86-8d9a-2523d72beff3,2,a distant ancestor,远祖,
0aa9527a-2eff-454f-b529-7e0342087f75,aac231f7-a187-4c6a-9b77-3d0b9e325045,3,an ancestor of...,……的原型,
0aa9527a-2eff-454f-b529-7e0342087f75,16d80566-6384-4c1e-b47d-17cfacd26646,4,an immediate ancestor,直系祖先,
0aa9527a-2eff-454f-b529-7e0342087f75,02d24d1d-3a9f-46dc-9893-984e7a342652,5,share one ancestor,共有一个祖宗,
0aa9527a-2eff-454f-b529-7e0342087f75,106b885b-cf6b-4179-9d6b-a9e22dcb2fee,6,trace an ancestor,追踪祖先,
6d69bfe2-74fa-4b97-85a0-576ea0b4a19e,2f1412d8-1ce8-49f5-a78d-e78c64346604,1,a basic commodity,基本商品,
6d69bfe2-74fa-4b97-85a0-576ea0b4a19e,420d9706-c106-4ca3-84a1-a45af07c32dc,2,a precious commodity,宝贵的东西,
6d69bfe2-74fa-4b97-85a0-576ea0b4a19e,870e2e36-98d0-4caa-b11b-914951246f3b,3,commodity price,商品价格,
6d69bfe2-74fa-4b97-85a0-576ea0b4a19e,1d88cd59-c9cf-4286-93a0-62f272539c58,4,use sth. as a commodity,将某物用作商品,
84ae0cb4-d43f-42d7-9670-8f4f273f5a52,38db7188-34a1-482f-8afb-411539a7c043,1,simulate brain death,模拟脑死亡,
84ae0cb4-d43f-42d7-9670-8f4f273f5a52,15d99bd7-3592-448d-b8d7-72f7d8595bfe,2,simulate feeling,模拟感觉,
84ae0cb4-d43f-42d7-9670-8f4f273f5a52,d6a1c765-6280-4c0e-94a5-b41e831b8f82,3,simulate human behaviour,模仿人的行为,
84ae0cb4-d43f-42d7-9670-8f4f273f5a52,e74b16b9-89fd-4f80-8697-fbae284c824e,4,simulate ignorance,假装不知道,
82033ef9-7e6f-4789-ac62-df780a4c8a3a,9921ae6e-f350-4e77-88dc-49c21f25a5bf,1,conform to a custom,顺应风俗,
82033ef9-7e6f-4789-ac62-df780a4c8a3a,c7f77010-6357-4796-95ec-a3f3a7c3a42b,2,conform to the law,遵守法律,
82033ef9-7e6f-4789-ac62-df780a4c8a3a,148cedda-9624-40c9-8398-f5a86bb9dd24,3,conform to the style of...,和……的风格一致,
82033ef9-7e6f-4789-ac62-df780a4c8a3a,a262f314-6680-410e-afdf-7de1d93d8357,4,conform with a regulation,符合条例,
3611161d-4044-4484-8f73-29ed318e4630,3fe0d884-e000-42a8-8100-82e528b88d1a,1,by common consent,经一致同意,
3611161d-4044-4484-8f73-29ed318e4630,489e2b4f-2c9a-48ed-b2f5-2d0663bb55e9,2,consent to a contract,赞同契约,
3611161d-4044-4484-8f73-29ed318e4630,76cf0f90-4bb4-4a1c-ab15-73c1cb1eef5d,3,consent to do sth.,同意做某事,
3611161d-4044-4484-8f73-29ed318e4630,2a73e78f-41fe-441d-82a2-1f50bbcad076,4,informed patient consent,患者知情同意书,
3b7dea58-d169-4597-a06d-56f208a99f00,aeec35b8-5b8e-4b7d-bd51-1f70a742752c,1,contradict oneself,自相矛盾,
3b7dea58-d169-4597-a06d-56f208a99f00,1b44143d-d4a7-47e7-b72f-71657fd9b905,2,contradict one’s remark,反驳某人的评论,
3b7dea58-d169-4597-a06d-56f208a99f00,94c5f1e5-f686-4995-a424-c10ed100df3e,3,contradict one’s statement,驳斥某人说的话,
2878fd51-964b-4a26-8362-48417bc90364,be73a2f9-70cd-41a3-bd88-17fff426c5ae,1,seemingly dull,看似平淡,
2878fd51-964b-4a26-8362-48417bc90364,a0eabcd7-04f9-42c7-8deb-b084e6ebcf14,2,seemingly endless,似乎没有止境,
2878fd51-964b-4a26-8362-48417bc90364,e6fb0707-2a3a-42c1-b908-e252d4580930,3,seemingly innocent,看似无辜,
2878fd51-964b-4a26-8362-48417bc90364,84f0eaa0-b5a8-4695-8c86-20caf189545c,4,seemingly opposite ideas,看似对立的观点,
061cc621-ee8d-4119-8af4-478a40ea4b91,4efb11a1-f636-4d16-ad3c-8eaa9fd34807,1,in essence,本质上,
061cc621-ee8d-4119-8af4-478a40ea4b91,5568db5a-a7a8-4eef-a8a4-b82974e15df7,2,seize the essence,抓住本质,
061cc621-ee8d-4119-8af4-478a40ea4b91,99b7a763-0dfb-4280-bb08-f75a766b6632,3,the essence of a problem,问题的实质,
4e1002a0-c420-4064-85c6-d48293dc81fc,c17cf3c4-0ffc-485a-9c25-a2dc23f03dc7,1,slight hesitancy,有点犹豫,
4e1002a0-c420-4064-85c6-d48293dc81fc,9e8f2141-cde4-4a0f-849a-d73c19db65e5,2,slight increase,略有增长,
285fb948-cd96-415d-8dfc-496a1eb89533,60df60f5-8f20-4d99-b649-2ef0dccc2743,1,a reasonable quota,合理配额,
285fb948-cd96-415d-8dfc-496a1eb89533,fdce8535-f964-4f69-92af-7626f797ab9e,2,fill a quota,完成指标,
285fb948-cd96-415d-8dfc-496a1eb89533,3eea796f-c74b-41d0-944f-aecfd36d27dd,3,need a quota,需要限额,
285fb948-cd96-415d-8dfc-496a1eb89533,4c9d2867-ad70-42d5-990d-f4bed0a6cbf1,4,set a quota,设定限额,
6fd2e8da-4a2e-4c51-9267-430b28ea4320,0e44caba-2ec6-4f96-a857-4b976e36d898,1,a dazzle of bright light,耀眼的明亮灯光,
6fd2e8da-4a2e-4c51-9267-430b28ea4320,b6c7d3bd-15ee-4ed2-852f-34e3d403854b,2,dazzle one’s eyes,使某人目眩,
638f450d-3254-49eb-92af-f91c65179ab4,2de7cc52-25c0-42fe-a3e5-295e2f9acc70,1,be designated by...,用……命名,
638f450d-3254-49eb-92af-f91c65179ab4,9abaaaa9-3265-4dab-bcbb-93b8dda26d6c,2,designate A as B,将 A 指定为 B,
638f450d-3254-49eb-92af-f91c65179ab4,97f078e4-543c-411e-b87d-571807c0b4a4,3,designate a successor,指定继承人,
638f450d-3254-49eb-92af-f91c65179ab4,d09d4eb5-498f-418a-a679-4b4af7d8c4a8,4,designate sb. to do sth.,指派某人做某事,
ff0acf27-3858-477b-9bf6-163447fe38f2,6e93d920-929c-45ed-9fbe-1583a909b128,1,a certain university,某高校,
ff0acf27-3858-477b-9bf6-163447fe38f2,a08cd840-f3b2-4c47-959e-ba9d8d4b3b2b,2,be certain of sth.,对某事很确信,
ff0acf27-3858-477b-9bf6-163447fe38f2,2154a34e-b5e4-486f-901d-eb2fe880f3f0,3,feel certain,感到确定,
863145af-bf51-46df-9e6a-b3f670051872,8f6cef99-e1a6-4435-9b71-e1fd6ae28564,1,a birth certificate,出生证明,
863145af-bf51-46df-9e6a-b3f670051872,87e2fc38-8795-41c0-91f5-c363a2ecdfe2,2,a certificate of request,请求书,
863145af-bf51-46df-9e6a-b3f670051872,d94298ca-8b4e-4906-93ab-85bed3ab16ed,3,pursue a certificate,攻读证书,
ffa22a5d-34ca-4a05-a4a2-434862f27082,4027d788-b522-4fd9-aa7a-65fcc5436384,1,appoint a time to do sth.,约定时间做某事,
ffa22a5d-34ca-4a05-a4a2-434862f27082,106a6d32-2ecb-465a-8d86-88a215451161,2,appoint sb. to do sth.,任命某人做某事,
6cf1d874-47de-4487-b944-377b8c9e9130,414192e7-fa36-44db-a873-08b5420bd4cb,1,a desirable component,可取的要素,
6cf1d874-47de-4487-b944-377b8c9e9130,a89c5833-5bdb-4315-a3dc-98148fb9932f,2,a desirable mental state,理想的精神状态,
6cf1d874-47de-4487-b944-377b8c9e9130,ef0bae5c-a558-418f-a3e2-704f1bb705eb,3,be desirable to do sth.,值得做某事,
6cf1d874-47de-4487-b944-377b8c9e9130,9482c768-1279-40b0-9a59-c74e47db79c8,4,highly desirable,非常可取,
6cf1d874-47de-4487-b944-377b8c9e9130,6daf7921-bdeb-4dba-8941-28ac98d394a0,5,the most desirable item,最值得拥有的物品,
685619a6-b869-49db-a75e-27c17552ec9b,9dd67360-78c4-49c7-9ade-dec62fe7eb57,1,a quick rhythm,快节奏,
685619a6-b869-49db-a75e-27c17552ec9b,553244f1-2ff0-45fa-b161-342cae0a8917,2,biological rhythms,生物节律,
685619a6-b869-49db-a75e-27c17552ec9b,50ed76d8-e65e-4fbb-8a6b-2548f79d81a3,3,rhythm of the seasons,四季的更迭,
685619a6-b869-49db-a75e-27c17552ec9b,5f5d605b-e8c8-48de-8bbd-bf678aea8d5f,4,sense of rhythm,节奏感,
d6dee250-1d13-4587-b946-30b9bc9213c7,678f20dd-3a27-464c-91e2-24c28a7ec07b,1,a dilemma about sth.,就某事陷入窘境,
d6dee250-1d13-4587-b946-30b9bc9213c7,d0ef7888-1f7d-4756-b1c5-db08d64d95a4,2,a dilemma for sb.,某人面临的困境,
d6dee250-1d13-4587-b946-30b9bc9213c7,dee5d68e-cfb7-48bb-b986-d41817ff180f,3,depict the dilemma,描述困境,
d6dee250-1d13-4587-b946-30b9bc9213c7,56bfc536-b6c5-4869-b843-4891e89d5b4c,4,face a dilemma,面临困境,
d6dee250-1d13-4587-b946-30b9bc9213c7,43c5605e-d9c3-408a-962e-970210a651c3,5,out of a dilemma,摆脱困境,
d6dee250-1d13-4587-b946-30b9bc9213c7,19af7d4e-2379-4a9b-a5ca-dcc4eab45979,6,put…in a dilemma,使……陷入窘境,
ad0c0c2c-a7ab-41df-935c-1de0f68c0198,3cf5fd54-f5f6-4b6c-90de-2a9e5844eeb1,1,a dim figure,模糊的人影,
ad0c0c2c-a7ab-41df-935c-1de0f68c0198,18c4aca1-3195-460d-8f76-acfff5250e47,2,begin to dim,开始变模糊,
ad0c0c2c-a7ab-41df-935c-1de0f68c0198,759e4e2e-ee36-4425-82d5-8ca3656eb8f9,3,dim one’s memory,使某人记忆模糊,
ad0c0c2c-a7ab-41df-935c-1de0f68c0198,de80a845-807a-417e-b746-a8c1b547b535,4,the dim light,暗淡的灯光,
5e9e52eb-f90d-4c96-aa11-31e59256a3fd,61982d98-8343-4aa9-be0f-bd865e3f1beb,1,disclose a passage,露出一条通道,
5e9e52eb-f90d-4c96-aa11-31e59256a3fd,99369a9f-3bf7-45d4-86c4-78e54daff75e,2,disclose details of sth.,透露某事的细节,
5e9e52eb-f90d-4c96-aa11-31e59256a3fd,29577d9d-63d6-478a-bbc6-11d02d69c92a,3,disclose sth. to sb.,向某人透露某事,
5e9e52eb-f90d-4c96-aa11-31e59256a3fd,e0468b5c-2e39-4fc4-94dc-ce1b0ea4899d,4,disclose the cause,揭露原因,
7457adf0-279e-4300-9e3d-f30ef61a9b9a,d6b6677d-f1fe-4bbf-a2dd-81e8a7f5209d,1,a crude joke,粗俗的笑话,
7457adf0-279e-4300-9e3d-f30ef61a9b9a,60a91b30-52dc-4f1c-b701-6e1e26bbf94e,2,crude oil,原油,
7457adf0-279e-4300-9e3d-f30ef61a9b9a,721b9bbc-dac4-4637-9f34-7bafcfab2109,3,crude workmanship,粗糙的工艺,
7457adf0-279e-4300-9e3d-f30ef61a9b9a,caaa69d2-f2ca-47bf-a9a0-fd5f8c24a3a9,4,in crude terms,简略地说,
c5165d8b-2112-4fec-88b2-65677f2854ae,c52629b3-a1a5-4e5a-8a80-8913c8aa4a34,1,a substantial concern,极大关注,
c5165d8b-2112-4fec-88b2-65677f2854ae,c6b9bd4d-5f17-40b8-8ca1-6d75af0a6d42,2,a substantial house,坚固的房子,
c5165d8b-2112-4fec-88b2-65677f2854ae,e83c6b62-c70e-4f59-942f-8286f160d4bd,3,a substantial part of...,大部分的……,
c5165d8b-2112-4fec-88b2-65677f2854ae,a51062dc-4f86-40a9-aadf-34aa2e79fd66,4,a substantial result,实质性后果,
c5165d8b-2112-4fec-88b2-65677f2854ae,3c4a7ff2-a815-4f47-895b-1be06cd5edae,5,substantial premiums,高额费用,
c5165d8b-2112-4fec-88b2-65677f2854ae,60b8af02-fe8a-4413-b6b8-37d53d17f8c3,6,substantial profits,大量的利润,
29d899f8-1854-43bc-9119-6d170e772dc0,6b656011-aef8-4fe0-b453-0e10ccf1cef1,1,a divorce between A and B,A与B的分裂,
29d899f8-1854-43bc-9119-6d170e772dc0,f32ea77a-3b3e-438f-b65d-2582a6d253fa,2,agree to get a divorce,同意离婚,
29d899f8-1854-43bc-9119-6d170e772dc0,45c30c29-1290-4def-aaaf-d7b5ef98f64a,3,divorce one’s husband,与丈夫离婚,
29d899f8-1854-43bc-9119-6d170e772dc0,53109bad-d745-4a6d-b1ff-e7491a34d80b,4,end in divorce,以离婚告终,
34d32361-6248-448c-8739-9b42f44abe0f,29e3d7e8-0521-4d54-9944-03d4e7354433,1,a personal domain,私人领域,
34d32361-6248-448c-8739-9b42f44abe0f,3c6a5d99-7979-49fa-a980-a44f4fd313bd,2,a public domain,公共领域,
34d32361-6248-448c-8739-9b42f44abe0f,7bd5f2ee-8daa-44f7-ab76-38d54aab3fee,3,outside the domain of...,不属于……的范围,
34d32361-6248-448c-8739-9b42f44abe0f,449e412b-88d4-4ce3-a2ab-7ef065fd64ed,4,the domain of the state,国家领土,
31f71a72-503f-4b13-bb3f-711fd24cb0a6,b372a5fd-fc8b-4d7a-80ab-0f2c44f38880,1,an eligible suitor,合适的求婚者,
31f71a72-503f-4b13-bb3f-711fd24cb0a6,cdb0865b-cee8-4a53-80ff-361b37614b31,2,be eligible to do sth.,有资格做某事,
31f71a72-503f-4b13-bb3f-711fd24cb0a6,86171ac8-1728-4a9e-a786-42914ca22020,3,make sb. eligible,使某人有资格,
332b0e9a-87c4-479b-a1d8-854c60187faf,c05cc4f6-8c98-42f9-b624-53777194e64c,1,be sued by doing sth.,因做某事被控告,
332b0e9a-87c4-479b-a1d8-854c60187faf,dc3c1e3d-5f74-4348-93fb-d32ab15cc312,2,can’t afford to sue,没钱提起诉讼,
332b0e9a-87c4-479b-a1d8-854c60187faf,db8318af-511d-4657-8729-441e3e971778,3,sue for divorce,起诉要求离婚,
332b0e9a-87c4-479b-a1d8-854c60187faf,a16ae185-a438-435a-9825-00f4ce9adb11,4,sue sb. for...,因……控告某人,
bdb51b1f-84e7-4919-aced-c9589ed0ae19,d7136ded-2cf7-4672-b2f1-b80a01e7f5f8,1,an empirical approach,经验主义方法,
bdb51b1f-84e7-4919-aced-c9589ed0ae19,d2ac98c0-3708-4722-8e0e-21a59d21940f,2,an empirical law,经验法则,
bdb51b1f-84e7-4919-aced-c9589ed0ae19,2a438e28-80a5-4f70-a170-5afbbaf1716c,3,empirical research,实证研究,
b1b87d7e-46d8-4b03-a24f-83fe27c66452,fe02d615-e1d4-4fe6-a80a-1b783ffa1169,1,a home appliance,家用电器,
b1b87d7e-46d8-4b03-a24f-83fe27c66452,39d3bcf4-9b18-4dc6-a11a-54981cdcb157,2,a kitchen appliance,厨房器具,
b1b87d7e-46d8-4b03-a24f-83fe27c66452,322aa7f5-6c4e-4716-bba7-9e3c3c15bc9f,3,an appliance chain,电器连锁企业,
2dd41004-3957-457b-bb1d-a0e5cd78bf8a,9fbfbca1-f8b2-4aa9-bb1b-9b3ae261e656,1,be explicit about sth.,对某事直言不讳,
2dd41004-3957-457b-bb1d-a0e5cd78bf8a,85a35378-5e23-4c65-b222-c04d87a696b9,2,explicit directions,清楚的说明,
2dd41004-3957-457b-bb1d-a0e5cd78bf8a,de19d125-772b-4375-abb3-fc8d941b43b9,3,explicit permission,明确同意,
2dd41004-3957-457b-bb1d-a0e5cd78bf8a,613e846c-86ff-4332-87ac-2308d2258929,4,explicit reference,明确的参照,
550fdd6c-2f7a-4f24-abcc-eba8cee10aa2,6dc65d08-e18f-46f3-8c99-f1e9aeacfacf,1,a bold black headline,粗黑体大字标题,
550fdd6c-2f7a-4f24-abcc-eba8cee10aa2,1cce0c24-2770-4315-9dc9-16140269a0ac,2,a distinct headline,明显的标题,
550fdd6c-2f7a-4f24-abcc-eba8cee10aa2,f5f19916-3afe-4e79-981d-6b3ce6251226,3,the news headlines,新闻提要,
b87081ed-8870-4d80-bdc9-17f1b8e7caaf,aae1e66a-e42f-4d63-b6eb-6472d238c9f7,1,be entitled to freedom,享有自由,
b87081ed-8870-4d80-bdc9-17f1b8e7caaf,63644877-2cd2-4b92-ab48-ad505975c198,2,be entitled to...,有权……,
b87081ed-8870-4d80-bdc9-17f1b8e7caaf,5b7bc729-df82-4f91-83eb-319bbe5a06d8,3,entitle sb. to do sth.,使某人有资格做某事,
b87081ed-8870-4d80-bdc9-17f1b8e7caaf,156a72c8-54e2-4579-b305-669bcf9e44bc,4,entitle the book...,将该书命名为……,
4b1157f9-0d10-454f-b750-c1e669faaf3e,183ad3d4-ac52-404d-a2a0-308ec41f623b,1,an exclusive interview,独家报道,
4b1157f9-0d10-454f-b750-c1e669faaf3e,ee572fc7-57fa-42b9-97b2-48797bdcd59a,2,an exclusive study,专门研究,
4b1157f9-0d10-454f-b750-c1e669faaf3e,263460d8-7aed-4858-be12-93e5c1d804ba,3,be exclusive to...,为……所专用,
4410383f-ba6d-4207-b946-ea35717adca2,0762836d-fdbe-471a-a6c8-e3ffc2e29131,1,a precise definition,准确的定义,
4410383f-ba6d-4207-b946-ea35717adca2,ae598b46-efe8-4572-aa92-bf14028366d0,2,precise figures,精确的数据,
0e60721a-eaf1-4261-9556-81406cc2f664,f1c166b0-0271-4eb5-9f2d-f6d74a233b48,1,estimate sth. with precision,准确估计某物,
0e60721a-eaf1-4261-9556-81406cc2f664,f3292902-ae7b-4ecf-87bd-436c684c0c6d,2,false precision,虚假的精确度,
0e60721a-eaf1-4261-9556-81406cc2f664,f0940e8b-bbbe-4364-9ca3-217840100de0,3,greater precision,更高的精确度,
0e60721a-eaf1-4261-9556-81406cc2f664,1a8ad68c-41f8-448c-bd76-269c9eeed336,4,size precision,尺寸精度,
34ae84ec-1151-4897-925e-18ea9bc1752b,c103e874-b01f-4a9f-89b4-641fceaabe37,1,be set to expire,到期,
34ae84ec-1151-4897-925e-18ea9bc1752b,0b498b54-0d35-43c6-ad9e-1d6665d1cd10,2,expire as scheduled,如期届满,
34ae84ec-1151-4897-925e-18ea9bc1752b,fffa782f-d749-4c5f-abe0-e1e594bb9375,3,expire in agony,在痛苦中逝世,
30d37550-8f38-4ed2-adf3-c51b372a9bae,ea3d0dd4-70da-4ca6-a08d-08b5b38699d7,1,a firm grasp on sth.,紧抓某物,
30d37550-8f38-4ed2-adf3-c51b372a9bae,fc3f528e-024e-424b-bfcc-854bdbd8aa05,2,a grasp of sth.,对某事的领悟,
30d37550-8f38-4ed2-adf3-c51b372a9bae,4767bf42-e7f3-4033-932b-947cd9311b1f,3,grasp an opportunity,抓住机会,
30d37550-8f38-4ed2-adf3-c51b372a9bae,d565fa58-eb95-4317-a5cf-b39caf3ca23e,4,grasp music,领会音乐,
fa2e1709-1c52-42a3-b62b-177e5e41284c,9c557cc4-cb71-4405-8f8b-d1511486a5b9,1,a powerful telescope,超级望远镜,
fa2e1709-1c52-42a3-b62b-177e5e41284c,d799cf60-6e20-43cb-94a2-16cdb6cdc6f3,2,a space telescope,太空望远镜,
fa2e1709-1c52-42a3-b62b-177e5e41284c,b4568bab-d6ac-43c4-ae1a-c5b7e48c8f03,3,build a big telescope,建造大型望远镜,
fa2e1709-1c52-42a3-b62b-177e5e41284c,f0e555de-ef1e-4da7-ac50-1f68cef43133,4,telescope...into...,把……压缩成……,
fa2e1709-1c52-42a3-b62b-177e5e41284c,50e3478b-a9c4-4b8f-806c-ec96e6230c5f,5,the telescope’s visibility,望远镜的可见性,
fa2e1709-1c52-42a3-b62b-177e5e41284c,afced65c-bb2b-4b63-a135-50ea4874107d,6,view...through a telescope,用望远镜看……,
548ee385-6e6a-4ee8-995d-3a5d4b7a63a0,bdb8d850-db73-442a-b11f-d84675029adb,1,give sb. scope for...,给某人……的机会,
548ee385-6e6a-4ee8-995d-3a5d4b7a63a0,ee7c937e-5859-4589-9a5f-b0db344b6dc6,2,limit the scope of sth.,限定某物的范围,
548ee385-6e6a-4ee8-995d-3a5d4b7a63a0,fc521dd0-fb19-489f-a5e9-90bd354d66a0,3,narrow the scope,缩小范围,
548ee385-6e6a-4ee8-995d-3a5d4b7a63a0,5043dc1a-84fe-452c-b437-b0767e532f32,4,scope for improvement,改进的机会,
548ee385-6e6a-4ee8-995d-3a5d4b7a63a0,f165dbe6-30c8-48cd-aa7a-c4eb28f263b1,5,scope sth. out,端详某物,
548ee385-6e6a-4ee8-995d-3a5d4b7a63a0,a7cde137-c2af-41aa-87d3-537a9e3aeb89,6,the scope of protections,保护范围,
7c675748-7564-4473-9ebf-3ffdfc78541e,3ab25e5a-c026-42fc-b1da-c878729b4aed,1,extinguish all hope,使全部希望破灭,
7c675748-7564-4473-9ebf-3ffdfc78541e,8b0581bd-4b93-4721-bd44-cad1a49b62eb,2,extinguish embers,扑灭余火,
7c675748-7564-4473-9ebf-3ffdfc78541e,09ea7bdd-a07c-4b7c-aff9-f6917bdb35b9,3,extinguish the memory,抹去记忆,
38cfecd1-3d5f-43a3-a96c-ff2b39321cda,b589f72f-b701-4fe2-9529-c48e918ce08d,1,an extinct skill,绝迹的技艺,
38cfecd1-3d5f-43a3-a96c-ff2b39321cda,0bfacaea-33c3-40c4-9037-632a0aba853e,2,an extinct species,灭绝的物种,
38cfecd1-3d5f-43a3-a96c-ff2b39321cda,8f4ebb3c-e61c-4cd2-be0b-33ff18c29073,3,an extinct volcano,死火山,
38cfecd1-3d5f-43a3-a96c-ff2b39321cda,ff799ff8-dc2d-4238-8357-8671c9358f54,4,become extinct,绝种,
229a4439-4cbd-4a9b-9b12-fa0306f0d9cc,725d5128-c2b5-4390-a19c-b001140602d4,1,an agreeable companion,讨人喜欢的同伴,
229a4439-4cbd-4a9b-9b12-fa0306f0d9cc,577544df-96a5-43f2-8832-2b8e6938179e,2,be agreeable to sb.,符合某人的心意,
229a4439-4cbd-4a9b-9b12-fa0306f0d9cc,c34e99fc-38f4-4164-87e2-32e0f011aee9,3,be agreeable to sth.,同意某事,
1ba8c692-d5ad-4fec-b33a-26df3e14572d,0208d0ad-15f5-4b06-a625-68525ea2614c,1,agree with the logic,同意此逻辑,
1ba8c692-d5ad-4fec-b33a-26df3e14572d,3e1e9bae-0030-4e0e-9820-35ae650ff96e,2,faulty logic,错误的逻辑,
1ba8c692-d5ad-4fec-b33a-26df3e14572d,36b1db49-97d7-4ad8-829b-47ab35a18d0e,3,learn logic,学习逻辑学,
307dbed4-495c-481a-b679-bb4ab2ba9ee0,90addf12-d8fc-4524-9f0b-d48d05c0d6f6,1,a logical analysis,合理分析,
307dbed4-495c-481a-b679-bb4ab2ba9ee0,584c8336-b3c7-47c8-a776-0c16007ca851,2,a logical consequence,必然结果,
307dbed4-495c-481a-b679-bb4ab2ba9ee0,10fa6eae-e287-4f9a-b55c-0c5f3df1310b,3,a logical hypothesis,合理的假设,
307dbed4-495c-481a-b679-bb4ab2ba9ee0,c97491bb-543d-4f86-bbfa-9e1967a0b4fc,4,a logical product of...,……的必然产物,
307dbed4-495c-481a-b679-bb4ab2ba9ee0,7d2041ff-4046-4065-ab8a-917147087203,5,justify sth. with logic,用逻辑证明某事正确,
307dbed4-495c-481a-b679-bb4ab2ba9ee0,f0ab5fb2-6e01-45a4-9ceb-90cc4ae8e97c,6,logical thinking,逻辑思维,
307dbed4-495c-481a-b679-bb4ab2ba9ee0,dfbaa243-3930-4dcf-a2a5-743e63075088,7,perfectly logical,完全符合逻辑,
307dbed4-495c-481a-b679-bb4ab2ba9ee0,021adbf9-902c-4a2c-a326-b6fed907db71,8,the flow of logic,逻辑流畅,
307dbed4-495c-481a-b679-bb4ab2ba9ee0,406975aa-417f-42c1-a969-45b14e6837ce,9,the foundations of logic,逻辑学基础,
e828428a-f472-471d-904c-53a3946cb540,0b443bc3-af87-47e0-983a-cfae2a398437,1,a jobseeker’s allowance,求职者津贴,
e828428a-f472-471d-904c-53a3946cb540,21f354d9-41ab-44ec-bd36-01c946e55f4e,2,a time-limited allowance,有时限的津贴,
e828428a-f472-471d-904c-53a3946cb540,7e310dfc-1e00-4873-8af8-11f52b86a83f,3,restrictions on the allowance,补助限制,
533fdef8-d693-4e06-a93a-f7c29617af9e,e505471c-93ad-4877-9297-d707bce0f64f,1,an eminent scholar,著名的学者,
533fdef8-d693-4e06-a93a-f7c29617af9e,b7657362-34e7-4369-834d-d41a2cc9d14e,2,meet an eminent figure,遇到著名的人物,
26014150-3d1b-43db-b5d8-2f9632046200,44b7aef3-c223-4229-af00-dd4c4ac7eeeb,1,a finite clause,限定性从句,
26014150-3d1b-43db-b5d8-2f9632046200,0836e80e-cd79-4234-a34b-d0474e58c142,2,a finite verb,限定性动词,
26014150-3d1b-43db-b5d8-2f9632046200,2d07f3e9-bfc4-4023-8095-b55d2d4f91dd,3,finite resources,有限的资源,
26014150-3d1b-43db-b5d8-2f9632046200,8ca9cd7b-2b80-46fb-a94c-35b5ffad3f20,4,the finite space,有限的空间,
3ad64326-e0df-4e18-b5cf-732d2fef0aeb,45cf194a-8f84-456c-9a4e-29daba349301,1,a prominent case,重大案件,
3ad64326-e0df-4e18-b5cf-732d2fef0aeb,55973757-b59b-43d0-ad67-adc3830e4c26,2,a prominent critic,杰出的评论家,
3ad64326-e0df-4e18-b5cf-732d2fef0aeb,20cb758a-be38-472d-9c63-c488c3938ede,3,a prominent figure,著名人物,
3ad64326-e0df-4e18-b5cf-732d2fef0aeb,dc6ec861-e10a-4aa8-89f8-0d7787d850c4,4,a prominent nose,高鼻子,
3ad64326-e0df-4e18-b5cf-732d2fef0aeb,b6b4dca8-bc51-42cf-9534-c333c5dcbaed,5,a prominent position,显著的位置,
3ad64326-e0df-4e18-b5cf-732d2fef0aeb,85611766-7a59-4bf0-b6cd-a07962bdf524,6,play a prominent part,发挥重要作用,
6d10d626-6a6f-4c85-928f-d015ac6ddf4d,29571120-4ba3-46a2-bd64-de2f64c169b6,1,the architectural heritage,建筑遗产,
6d10d626-6a6f-4c85-928f-d015ac6ddf4d,d6e0d4f9-31ec-45d7-8c2d-c8eea24c2199,2,the cultural heritage,文化遗产,
6d10d626-6a6f-4c85-928f-d015ac6ddf4d,e95e89ef-4fbc-4553-b8f5-7f323e3b787b,3,the national heritage,民族遗产,
da94648b-de4e-46c5-aa42-3c4cba2e2b22,2d61738a-d8de-40a3-a449-8648817ca718,1,inherit a fortune,继承财富,
da94648b-de4e-46c5-aa42-3c4cba2e2b22,3267e4df-608c-4028-9545-46d5f997d510,2,inherit from...,从……处继承,
da94648b-de4e-46c5-aa42-3c4cba2e2b22,9aef6339-f7ca-405e-90cc-f4a0175a804c,3,inherit genes,获得基因,
da94648b-de4e-46c5-aa42-3c4cba2e2b22,b5910506-94ba-4c4b-8237-d6a39585ece9,4,inherit one’s land,继承某人的田产,
0101f5bc-cca2-41a2-9cf0-0d1fc878c8a9,fc5a3e97-f04c-4c30-b249-eca48d0bd26b,1,a financial standpoint,经济角度,
0101f5bc-cca2-41a2-9cf0-0d1fc878c8a9,ec012dc0-fa61-4fec-8553-68fed1444c60,2,a political standpoint,政治观点,
0101f5bc-cca2-41a2-9cf0-0d1fc878c8a9,54591af7-c123-4bdd-9b0c-740cc7f186e4,3,a practical standpoint,现实的角度,
0101f5bc-cca2-41a2-9cf0-0d1fc878c8a9,efa9b2d9-b28b-48ac-8cc5-85c115de5c9e,4,from the standpoint of sb.,从某人的立场,
3ddb2246-2419-40c5-9e97-66e668c2cda4,5fce01ae-e71c-4055-8960-22fbacf80673,1,a notorious criminal,臭名昭著的罪犯,
3ddb2246-2419-40c5-9e97-66e668c2cda4,9ee1e370-78ef-4b64-86ad-ad33b67517aa,2,be notorious as...,作为……而声名狼藉的,
3ddb2246-2419-40c5-9e97-66e668c2cda4,ef1606d2-43f2-4e51-9090-b8e6523e0dc8,3,be notorious for sth.,因某事而臭名远扬,
3ddb2246-2419-40c5-9e97-66e668c2cda4,eb4c626d-aa4e-4495-9962-636c6354226a,4,notorious bad taste,众所周知的差品位,
eb2c6697-4c3f-4811-9d95-694240f20baf,2058341b-7da8-45d0-b9eb-692c48e38d2a,1,a great legacy,伟大的遗产,
eb2c6697-4c3f-4811-9d95-694240f20baf,08b474ce-08f3-4203-ab8a-91c12062c153,2,a legacy from history,历史遗留问题,
eb2c6697-4c3f-4811-9d95-694240f20baf,8381d5b3-aae2-4de0-bde3-30b45974fc4e,3,receive a legacy,继承遗产,
24bebad7-4252-4ed2-a456-2dd324a95d00,c5e319cf-eba9-4c43-854c-1c8d924776ca,1,an occasion for sth.,某事的时机,
24bebad7-4252-4ed2-a456-2dd324a95d00,18021d28-9b96-44a1-aebf-a5aca0ce52b6,2,an occasion of...,……的原因,
24bebad7-4252-4ed2-a456-2dd324a95d00,51a72201-6ae5-422b-affc-6ec10ad16e2c,3,occasion to do sth.,做某事的原因,
24bebad7-4252-4ed2-a456-2dd324a95d00,8a992967-1f10-47b4-8a29-4c7687d4859d,4,on a certain occasion,在特定的场合,
f0448546-cbc3-489f-a661-a4c59476172b,49019c7a-92ba-4b3b-a726-dd189e3c82cf,1,polish A with B,用 B 擦亮 A,
f0448546-cbc3-489f-a661-a4c59476172b,5fd2223c-71bf-4c03-ae39-48c7a3261b23,2,polish one’s nails,擦亮指甲,
f0448546-cbc3-489f-a661-a4c59476172b,6a14d351-355c-4516-a12d-f23121559f88,3,polish sth. up,改进某物,
f0448546-cbc3-489f-a661-a4c59476172b,765f9b65-cf9e-4c4e-b62f-358f831987d1,4,polish the technique,改进技巧,
b5bc33c4-2e53-4671-826b-bcf9463dce4d,fe65087e-e624-435f-9e67-29370e3957da,1,incur a big penalty,受到严重惩罚,
b5bc33c4-2e53-4671-826b-bcf9463dce4d,10276c9d-22b5-40fa-a5e7-141a692a0624,2,incur criticism,招致批评,
b5bc33c4-2e53-4671-826b-bcf9463dce4d,78d1a65d-6952-4c31-b363-e3e663102d9f,3,incur losses,遭受损失,
b5bc33c4-2e53-4671-826b-bcf9463dce4d,54208f9a-922e-42e3-ba17-8023bd9138dc,4,incur one's anger,惹某人生气,
3d0e3dc3-c51d-4801-ac95-228c12301f56,a128ed67-3cc2-4ca1-bfb0-2d2d85faaa3c,1,a prevalent quality,普遍特性,
3d0e3dc3-c51d-4801-ac95-228c12301f56,1af9772c-cdf7-4bbc-9991-abe5421f82d5,2,a prevalent trend,流行趋势,
3d0e3dc3-c51d-4801-ac95-228c12301f56,a55469c9-e885-4219-89b5-7e5f96a491a7,3,a prevalent view,普遍的观点,
3d0e3dc3-c51d-4801-ac95-228c12301f56,24a412b3-42e3-41b9-8be8-47687e09a992,4,be more prevalent in...,在……中更为盛行,
3d0e3dc3-c51d-4801-ac95-228c12301f56,77f99467-7d78-4c9b-bb74-4528bb7b3389,5,be prevalent among...,在……中较为普遍,
3d0e3dc3-c51d-4801-ac95-228c12301f56,b1c774df-f05d-4836-b42c-2389a5658c9e,6,the prevalent discrimination,普遍歧视,
e154fada-ea2e-4eb5-8a33-3b55576f991b,cb75d3a0-f7db-4078-9d9b-93e48daaee73,1,continue to improve,持续改善,
e154fada-ea2e-4eb5-8a33-3b55576f991b,a9ee9a72-6891-4651-8aee-a9386716b4b6,2,improve governance,改善治理方法,
e154fada-ea2e-4eb5-8a33-3b55576f991b,1a46adaa-77f9-4728-aa22-6a29b101e995,3,improve intellectual ability,提高智力,
fe913f16-9e9d-403b-b20b-d08c70254453,d363bc29-3032-4474-90ae-017830aab427,1,be propelled by...,受……的驱动,
fe913f16-9e9d-403b-b20b-d08c70254453,5181b89b-8018-4147-9474-57f7bb14656d,2,propel A across B,推动 A 穿过 B,
fe913f16-9e9d-403b-b20b-d08c70254453,609d9426-04df-432c-ae36-d854f81074f0,3,propel political reform,推进政治改革,
fe913f16-9e9d-403b-b20b-d08c70254453,11278369-1d2f-470d-8364-9416ca14e1f6,4,propel sb. into action,驱使某人行动,
fe913f16-9e9d-403b-b20b-d08c70254453,cfa9d0ae-c4b0-4e11-8c39-4dee5a36bfd4,5,propel the plates,推动板块,
fe913f16-9e9d-403b-b20b-d08c70254453,92a96096-07e7-4017-8c54-50781a0fcc55,6,propel the vehicle,驱动车辆,
bb71c988-62e0-4427-b79d-01446e0da398,12f4a232-91b9-495e-bf70-6156327c54d7,1,be provoked by sth.,被某事激怒,
bb71c988-62e0-4427-b79d-01446e0da398,0ecc2479-7d92-47c1-b444-9b2a312a1823,2,provoke a revolution,引发革命,
bb71c988-62e0-4427-b79d-01446e0da398,d45f6335-d4e6-4f67-a871-70c411997ae3,3,provoke disbelief,引起怀疑,
bb71c988-62e0-4427-b79d-01446e0da398,1577394b-988d-4a68-ba91-8c5b50d2e2af,4,provoke protest,激起抗议,
bb71c988-62e0-4427-b79d-01446e0da398,3e86a312-47c0-4fff-a95e-5b64431f6ff8,5,provoke sb. into doing sth.,激怒某人做某事,
bb71c988-62e0-4427-b79d-01446e0da398,ab6f42fa-c963-45d0-9379-648ac6a83a83,6,provoke sb. to do sth.,激怒某人去做某事,
4b382b92-f1ff-477d-97d2-d82e4993f351,88901412-4c13-4700-86d1-0c4ec8b817b3,1,a request for...,对……的请求,
4b382b92-f1ff-477d-97d2-d82e4993f351,594eed3f-01bc-4be3-9784-02e2b496f176,2,respond to a request,回应请求,
4b382b92-f1ff-477d-97d2-d82e4993f351,4ac0a067-aef4-4b91-9108-a651f38f2a4d,3,without requests,未经要求,
83ed320a-ee7f-4380-b102-c83a99059222,41ecd83b-9958-4cde-8b7d-a296dde352ea,1,an inferior officer,下级军官,
83ed320a-ee7f-4380-b102-c83a99059222,15383164-6914-4d57-a9e9-7426c0bfa543,2,an inferior product,劣质产品,
83ed320a-ee7f-4380-b102-c83a99059222,4ff8c591-ddb1-4b98-b2f9-bfad69d41693,3,be inferior to...,不如……,
83ed320a-ee7f-4380-b102-c83a99059222,e70ad0f9-9020-46d1-8f59-25d6d898455b,4,respect inferiors,尊重下级,
a206b5ce-4419-4583-aaf1-2605c1c468cc,38aa3fe2-f691-4597-b37b-cd3d522ca84d,1,an accelerating rate,加速,
a206b5ce-4419-4583-aaf1-2605c1c468cc,81198078-7b46-4520-bc8f-245c9d299074,2,rate the sympathy level,评估同情心水平,
a206b5ce-4419-4583-aaf1-2605c1c468cc,6afd88b6-bb61-4589-91e8-0fbbd9f52ed9,3,the divorce rate,离婚率,
31b7fa84-b6e2-4fe9-867a-afd6bf0961be,25dbaab5-6f13-4398-a381-7e1db8d747f8,1,restrict imports,限制进口,
31b7fa84-b6e2-4fe9-867a-afd6bf0961be,98593063-809f-4fc7-acd7-78bb48e7cb89,2,restrict one’s power,限制某人的权力,
31b7fa84-b6e2-4fe9-867a-afd6bf0961be,84477ebb-4d22-413a-8984-7c204f20b484,3,restrict sb. to doing sth.,约束某人做某事,
c0e5da01-4fb7-4ea3-8ef9-6fd94e41a6e9,8860d578-19ae-47de-be45-75bebc02125e,1,widespread poverty,普遍贫穷,
c0e5da01-4fb7-4ea3-8ef9-6fd94e41a6e9,03d3ab6f-b982-4188-b666-b90254c720cd,2,widespread use,广泛使用,
e534fb48-fa20-4e05-8c29-261ee8f55be3,3641787c-6f39-4cab-a89a-40d03ac62204,1,propose doing sth.,提议做某事,
e534fb48-fa20-4e05-8c29-261ee8f55be3,7c724baa-b226-4337-abe1-904df9342079,2,propose marriage,求婚,
e534fb48-fa20-4e05-8c29-261ee8f55be3,3704e711-1b62-4f68-b4fa-d373fc657d57,3,propose to do sth.,计划做某事,
30b61dd0-12a4-417d-8727-7be674df2238,a1b3c044-4b15-4654-8f46-e2d244bdda50,1,a proposal for sth.,对某事的提议,
30b61dd0-12a4-417d-8727-7be674df2238,a404c015-1210-4dad-ab35-864771f527d9,2,a proposal to do sth.,做某事的建议,
30b61dd0-12a4-417d-8727-7be674df2238,741a4d23-954d-46c2-bbde-495b7b757f6a,3,consider a proposal,审议提议,
30b61dd0-12a4-417d-8727-7be674df2238,bc2caf3a-161f-4306-a1a8-6e9c23bc19c7,4,disagree with a proposal,反对提议,
30b61dd0-12a4-417d-8727-7be674df2238,7f623b2b-3af4-4065-9696-3f0c13037a7b,5,make a proposal to sb.,向某人求婚,
30b61dd0-12a4-417d-8727-7be674df2238,aed0bdf9-de87-4f81-bd9a-405a0184e480,6,offer sb. a proposal,给某人提交议案,
44363b69-d1d2-4c9b-8bfe-55761db80cc6,8f17c492-f990-4bd4-bcf7-a658474a149b,1,a proposition of law,法律主张,
44363b69-d1d2-4c9b-8bfe-55761db80cc6,9d403e24-192f-47e5-8a75-d7855d3b10b5,2,a simple proposition,简单的事情,
44363b69-d1d2-4c9b-8bfe-55761db80cc6,030c2db1-482a-4a8e-be4e-68d081840e90,3,a viable proposition,可行的建议,
44363b69-d1d2-4c9b-8bfe-55761db80cc6,4f1e3206-be1f-4b74-ac5c-4fa6f1120c8f,4,the first proposition,第一命题,
61d2db5d-a430-4d6e-89e2-e4eb2a727a79,56ec7280-63d1-4edf-9aa6-bb2b2651c288,1,a legitimate concern,合理的担忧,
61d2db5d-a430-4d6e-89e2-e4eb2a727a79,c90c8324-e257-451b-b7bd-bf120c3440d4,2,a legitimate purpose,合法目的,
61d2db5d-a430-4d6e-89e2-e4eb2a727a79,92d3361f-d8a8-42e7-b2bb-86426326805f,3,a legitimate right,合法权利,
61d2db5d-a430-4d6e-89e2-e4eb2a727a79,ef565e14-889b-4e06-82ee-0e3f56f5ea49,4,a legitimate role,合法角色,
0f64d2b3-892c-4998-a79b-7b0151f74f84,9836051e-9caf-465e-84e0-2bb239c3f00d,1,be saturated with sth.,充满某物,
0f64d2b3-892c-4998-a79b-7b0151f74f84,ac18897f-bfcc-445b-9528-2cff1e110e2d,2,saturate the market,使市场饱和,
0f64d2b3-892c-4998-a79b-7b0151f74f84,2a17de64-bd8b-467b-9761-27b374a3ea69,3,saturate the soil,使土地湿透,
ec10073a-ef7a-4521-bccf-4d176455b9be,ec8386e7-d157-4a20-9003-839bc353c94a,1,a royal welcome,盛大的欢迎,
ec10073a-ef7a-4521-bccf-4d176455b9be,1316c4b7-5c24-44c0-ab0d-bf3b97895443,2,the Royal College,皇家学院,
ec10073a-ef7a-4521-bccf-4d176455b9be,a0766960-336f-49f4-8dc9-282e30c7a4dd,3,the Royal Society,英国皇家学会,
1e92a12c-2f06-41e5-bf46-8a228277fd5f,49b9e8f9-bc12-4668-bd07-5295fafeb069,1,a loyal customer,忠实的顾客,
1e92a12c-2f06-41e5-bf46-8a228277fd5f,c00d08bb-6272-4098-8e13-1f19e92e60c5,2,a loyal employee,忠诚的员工,
1e92a12c-2f06-41e5-bf46-8a228277fd5f,164fd8e5-6dd7-4af2-934b-c75f651907f7,3,a loyal servant,忠实的仆人,
1e92a12c-2f06-41e5-bf46-8a228277fd5f,35480ac1-6985-4f16-9d35-507592d9a17d,4,be loyal to sb.,忠诚于某人,
a1f1a719-6c58-4ae5-ac27-9c6dceee1d01,7305424b-496b-4de6-b8f8-7edcb98740e4,1,customer loyalty,顾客忠诚度,
a1f1a719-6c58-4ae5-ac27-9c6dceee1d01,3162e767-7dc5-4fed-a883-b1b2d924a2e2,2,fierce loyalty,极度忠诚,
a1f1a719-6c58-4ae5-ac27-9c6dceee1d01,cd9376f0-d193-46df-b87c-9df9e0ffcff7,3,loyalty of sb.,某人的忠诚,
a1f1a719-6c58-4ae5-ac27-9c6dceee1d01,d0a79276-c822-4f0e-9b9b-9c146c1e3ba7,4,strengthen loyalty,增强忠诚度,
a1f1a719-6c58-4ae5-ac27-9c6dceee1d01,d69177cd-b9b2-485d-87b1-6e9cc195a14c,5,swear loyalty to...,宣誓效忠于……,
a1f1a719-6c58-4ae5-ac27-9c6dceee1d01,6f051d34-0e09-40a8-823d-154537398a25,6,the meaning of loyalty,忠诚的含义,
318e2833-58b6-45e0-9bcc-2eac9bee6154,7602822c-2821-4169-ad0a-2a8186efd0d1,1,attain a goal,达到目的,
318e2833-58b6-45e0-9bcc-2eac9bee6154,dc903ccf-af70-4218-b5f3-2fced645e7ff,2,attain a state,达到一种状态,
f3d1153a-c310-4db0-bff5-ec2df6bec028,b84daddb-7310-48f4-b459-03cabce433e6,1,be suspended for a year,被停职一年,
f3d1153a-c310-4db0-bff5-ec2df6bec028,f7c6daec-e764-4445-b2f0-19875e86aac4,2,suspend judgement,暂缓宣判,
f3d1153a-c310-4db0-bff5-ec2df6bec028,c5e6c37e-865b-43ad-a3f4-4c4098fe8dfe,3,suspend oil exports,暂停石油出口,
f3d1153a-c310-4db0-bff5-ec2df6bec028,27b408d4-7d66-428b-a0cb-feb494ba725b,4,suspend...from sth.,将……悬挂在某物上,
5261fe5d-fc83-4e98-8cc2-72281f89ebf0,dfa9fe68-5976-46ba-86c9-b25dba6c7fcf,1,expect a social problem,预见社会问题,
5261fe5d-fc83-4e98-8cc2-72281f89ebf0,a569fcb5-b3b9-45b4-9fae-16d038611af3,2,expect sb. to do sth.,期望某人做某事,
5261fe5d-fc83-4e98-8cc2-72281f89ebf0,70c3878d-eb09-4304-bf73-e46bd5047de3,3,expect the consequence,预计影响,
5261fe5d-fc83-4e98-8cc2-72281f89ebf0,bd58a019-c5f8-4fac-836c-41459f752345,4,expect to do sth.,预计做某事,
5261fe5d-fc83-4e98-8cc2-72281f89ebf0,c59f1481-26ec-4c39-8cad-fef95e52a939,5,expect too much of sb.,对某人要求过高,
5261fe5d-fc83-4e98-8cc2-72281f89ebf0,70c7686e-4bfd-4dec-a8d1-c7a91bf52013,6,expect...from sb.,期望某人……,
f06dad41-7163-41bf-abf9-4ebf713acd26,9942493f-3cba-4c52-adac-744eedaeb9a2,1,a suspect evidence,可疑的证据,
f06dad41-7163-41bf-abf9-4ebf713acd26,a50d5659-fd38-4e77-88e1-08ec0d035ae5,2,a suspect’s purse,嫌疑人的钱包,
f06dad41-7163-41bf-abf9-4ebf713acd26,fa57b112-1426-432e-a7aa-6facc9f91e03,3,highly suspect,相当可疑,
f06dad41-7163-41bf-abf9-4ebf713acd26,49128a62-5b97-47f3-86c3-31ac3cbf80bd,4,prevent a suspect,阻止嫌疑人,
f06dad41-7163-41bf-abf9-4ebf713acd26,6c21ac2e-5659-4fff-8669-4b7835be6a5a,5,suspect sb. of doing sth.,怀疑某人做某事,
f06dad41-7163-41bf-abf9-4ebf713acd26,d6576954-6bcd-4bb0-9a67-5a10337fc925,6,suspect the truth,怀疑真相,
e3f3ff3e-d62b-4295-a5ac-43baed3aa1a7,2a43ca46-824d-4d5e-b3fd-00ca5832fa76,1,a suspicious face,可疑的面孔,
e3f3ff3e-d62b-4295-a5ac-43baed3aa1a7,abaf31b0-03d2-4cc3-9510-8d9733eeffcc,2,a suspicious look,怀疑的神情,
e3f3ff3e-d62b-4295-a5ac-43baed3aa1a7,4d9a7521-14bb-42df-8eba-0e7af9db5f7b,3,a suspicious package,可疑的包裹,
e3f3ff3e-d62b-4295-a5ac-43baed3aa1a7,a19c4a1f-e5f0-466c-9212-89101195c738,4,be suspicious of/about...,怀疑……,
cdc87d83-6f36-401a-b39d-463c2dc333b5,2f9e4113-c1e8-4359-aa02-d00d0a479692,1,arouse one’s suspicion,引起某人的怀疑,
cdc87d83-6f36-401a-b39d-463c2dc333b5,90077291-7791-4396-a8a1-d9ddc7ccd3db,2,confirm suspicions,证实怀疑,
cdc87d83-6f36-401a-b39d-463c2dc333b5,1b534d61-a020-4537-8b68-f802d98e3be3,3,have a suspicion about...,怀疑……,
cdc87d83-6f36-401a-b39d-463c2dc333b5,d45260de-4db2-405e-8b43-c81880c64c02,4,on suspicion of sth.,涉嫌某事,
892639b9-640b-4bc3-b229-8e4dc9cbff3c,2960aa97-c284-4002-b2c2-ecb2766a73b5,1,a susceptible adult,易受影响的成年人,
892639b9-640b-4bc3-b229-8e4dc9cbff3c,a1b2771f-e6ec-4f74-9478-a4e57c653e57,2,a susceptible nature,情绪化,
892639b9-640b-4bc3-b229-8e4dc9cbff3c,4cf12652-4e70-41e7-afea-01872877b239,3,be susceptible to...,易受……影响,
c28eff9b-ef9f-4c54-a217-243dac6715bb,b08c4a08-dda0-432a-ab1d-85d3ad31a82a,1,a poisonous snake,毒蛇,
c28eff9b-ef9f-4c54-a217-243dac6715bb,e89bedaf-e9dc-45c8-bfe4-8c521e3f8704,2,a poisonous substance,有毒物质,
c28eff9b-ef9f-4c54-a217-243dac6715bb,cca62ba1-15df-4708-a839-d91f992f2956,3,hardly poisonous,几乎无毒,
c28eff9b-ef9f-4c54-a217-243dac6715bb,6b861d3b-da23-4362-8e8c-9215e41ca51f,4,poisonous atmosphere,敌对气氛,
c8bc88ce-9066-4c4e-a1e1-b0c65ef48fff,40d09243-94be-437f-87cc-a0bb0a2428db,1,incline one’s head,点头,
c8bc88ce-9066-4c4e-a1e1-b0c65ef48fff,fb081ca9-6766-4877-8175-b0e753325ca7,2,incline sb. towards...,使某人有……倾向,
9434232e-dca4-45a0-af7e-b201bfd101d4,283e3364-acfb-482b-9e3a-fe279ad52a36,1,engage sympathy,产生同情,
9434232e-dca4-45a0-af7e-b201bfd101d4,1c1f5cc9-e2ba-4715-917b-df49ddd05d28,2,show sympathy for sb.,对某人表示同情,
9434232e-dca4-45a0-af7e-b201bfd101d4,522c256a-a424-48ec-b6aa-8607ce405c86,3,sympathies towards sb.,对某人的支持,
dbc31493-3540-4bae-955d-4cfe90503350,4fab699a-a184-43a1-9016-10178b125666,1,a sympathetic attitude,同情的态度,
dbc31493-3540-4bae-955d-4cfe90503350,a2a28dc2-9deb-4926-b813-c5c21489b498,2,a sympathetic character,讨人喜欢的人物,
dbc31493-3540-4bae-955d-4cfe90503350,947e5639-c187-4b3c-8234-990da32213b1,3,be sympathetic to sb.,同情某人,
dbc31493-3540-4bae-955d-4cfe90503350,936bd2c0-086f-40f6-89ef-3c381240ce4b,4,be sympathetic to/towards...,赞同……,
6b38820d-d8a7-49e5-8e26-26cc445e5008,78b46d50-0eac-4d5b-9ca8-6efcef21e747,1,be intrinsic to sth.,是某物固有的,
6b38820d-d8a7-49e5-8e26-26cc445e5008,05bfc9e2-fe52-48b3-bd08-f24ba25d65fe,2,intrinsic change,内在变化,
6b38820d-d8a7-49e5-8e26-26cc445e5008,06fa0f62-5613-4e36-803d-e4c6f5b23364,3,intrinsic right,固有权利,
6b38820d-d8a7-49e5-8e26-26cc445e5008,33f45191-840c-4427-b446-992871591fbd,4,intrinsic value,内在价值,
f042b589-11be-415c-862c-3370e3083495,bde02e3a-fad7-47ce-9d4f-5b209c45563e,1,a quick temper,急性子,
f042b589-11be-415c-862c-3370e3083495,3ddc9c7e-5119-4a7d-9c4b-68e96dcc0b62,2,control one’s temper,控制脾气,
f042b589-11be-415c-862c-3370e3083495,964e3bb2-1978-416d-802b-480c82b4a186,3,fly into a temper,勃然大怒,
f042b589-11be-415c-862c-3370e3083495,a5e7bb24-9f9d-411c-b60e-9e6fa618dcaa,4,temper spending,减少开支,
88ccfb0d-9b7b-4f99-a7e6-a539a3620bf1,323c1417-707b-45f0-b303-21e5466e6582,1,CEO turnover,CEO 的人事变动率,
88ccfb0d-9b7b-4f99-a7e6-a539a3620bf1,b3f094ad-6985-4bfb-80ed-5aaf8216c9db,2,a fall in turnover,营业额的下降,
88ccfb0d-9b7b-4f99-a7e6-a539a3620bf1,58ae2bc0-04e8-4b6a-b350-061b7da595f6,3,an annual turnover,年营业额,
88ccfb0d-9b7b-4f99-a7e6-a539a3620bf1,88288aa2-703d-4149-92a2-efb33b14026c,4,increase staff turnover,提高员工变更率,
8bb1060d-e837-41ca-81cc-760febbebc47,52c88bad-3dad-4aa7-90a6-1024ed078671,1,stumble over sth.,在某物上绊了一下,
8bb1060d-e837-41ca-81cc-760febbebc47,0592c553-cec5-4994-b48f-a70141d3719b,2,stumble upstairs,踉踉跄跄地上楼,
8bb1060d-e837-41ca-81cc-760febbebc47,8f4e78bc-ae21-444a-8261-b22954e3b18f,3,stumbled into...,踉跄着走进……,
8bb1060d-e837-41ca-81cc-760febbebc47,41e5d2fb-63de-481f-b3f8-4c77c9cdf395,4,stumbling around,跌跌撞撞地走,
69707175-1d1e-4b88-9809-d65d24a4b68b,3e5f967e-0c7f-4020-be60-86d6b1cecf57,1,a primitive condition,原始状态,
69707175-1d1e-4b88-9809-d65d24a4b68b,4ddd53c3-eee1-41ae-8c82-0898a3a77a06,2,a primitive system,原始的体系,
69707175-1d1e-4b88-9809-d65d24a4b68b,c4afbf68-5068-43e6-9088-dadfb3023f6c,3,a primitive tribe,原始部落,
69707175-1d1e-4b88-9809-d65d24a4b68b,add9bceb-2acf-472e-a2ef-73225c0b81fd,4,in a primitive way,以原始的方法,
69707175-1d1e-4b88-9809-d65d24a4b68b,4ed957f0-952c-4463-8e12-1f6465b7f75d,5,primitive life forms,低等生物,
69707175-1d1e-4b88-9809-d65d24a4b68b,629390a5-6f54-458f-8cc1-77c0aba11562,6,primitive practice,落后的实践,
871c1eb9-e534-40d7-8770-6913582010d9,001c717d-7c37-48fc-93b7-7326329371ba,1,verify a conclusion,证实结论,
871c1eb9-e534-40d7-8770-6913582010d9,c36309ac-e807-474f-8b91-bc7bde42861d,2,verify a hypothesis,证明假说,
871c1eb9-e534-40d7-8770-6913582010d9,41aa6028-6faa-4440-b164-705860963e38,3,verify a story,验证消息,
871c1eb9-e534-40d7-8770-6913582010d9,6b55e252-f780-4f38-9d11-0b56fc8cd4da,4,verify news by...,通过……证实新闻,
871c1eb9-e534-40d7-8770-6913582010d9,3c9d1993-098c-4dfe-82ef-0f8d8c15c575,5,verify the process,核实过程,
871c1eb9-e534-40d7-8770-6913582010d9,ad46dc80-e1dc-4d64-a09f-b74f58c7d649,6,verify the status of sb.,核实某人的身份,
39e43f1f-42a5-4613-9148-7a4839ff952f,74720aa4-3570-4f11-873f-789e39375931,1,a scatter of papers,散落的几张报纸,
39e43f1f-42a5-4613-9148-7a4839ff952f,9b1c5d27-a094-4966-a39d-52b4937a2327,2,scatter a flock of birds,惊散鸟群,
39e43f1f-42a5-4613-9148-7a4839ff952f,b39289e4-326e-4247-9b1c-affe51a26b83,3,scatter around sp.,遍布某地,
39e43f1f-42a5-4613-9148-7a4839ff952f,e5e2ad23-6f17-4149-a962-fd5d2e5df252,4,scatter seeds,撒种子,
811df0de-f83d-4a80-8796-faa7c113a564,c56b875c-0e72-4e93-b222-3e9bcd3883b9,1,assemble a machine,装配机器,
811df0de-f83d-4a80-8796-faa7c113a564,fdff7a87-e44a-47da-807c-8a9ef702a5fe,2,assemble at the gate,在门口集合,
811df0de-f83d-4a80-8796-faa7c113a564,6c3e5ee0-ef15-46a2-96f8-df82fd4a8511,3,assemble evidence,收集证据,
811df0de-f83d-4a80-8796-faa7c113a564,fa8d6045-39a8-4509-8327-47538a09a98f,4,assemble forces,调集兵力,
811df0de-f83d-4a80-8796-faa7c113a564,a9b7146a-ac88-4d0a-9654-7216221fdb73,5,assemble notes,整理笔记,
811df0de-f83d-4a80-8796-faa7c113a564,da08840e-f72c-40f4-a67b-bcc1e8a0bfe8,6,assemble over sp.,在某地上方聚集,
61277772-5a22-490e-94b9-0ccc3a149fad,643a35f9-bd45-4ee8-a14d-9183438203ab,1,a local assembly,地方议会,
61277772-5a22-490e-94b9-0ccc3a149fad,805dd8a6-3157-49aa-ae77-6a84e004b851,2,a public assembly,公众集会,
61277772-5a22-490e-94b9-0ccc3a149fad,0e49f3d1-3b37-4585-b64c-941984c571c7,3,freedom of assembly,集会自由,
61277772-5a22-490e-94b9-0ccc3a149fad,6faeea56-915e-45db-90bd-2c3bef3be36c,4,robot assembly arms,机器人装配臂,
e161b065-0ed7-40af-b398-e8411e659e47,0e54c09f-d598-499a-86d1-821404006303,1,a disappearing spouse,已故配偶,
e161b065-0ed7-40af-b398-e8411e659e47,360d92f2-fbb1-44cb-ae53-492e6318587d,2,a lawful spouse,合法伴侣,
e161b065-0ed7-40af-b398-e8411e659e47,22697ed7-f210-4a12-a283-cf5a7da909e0,3,a likely spouse,合适的配偶,
e161b065-0ed7-40af-b398-e8411e659e47,d05155be-4dec-4887-b4a9-eea350437308,4,argue with the spouse,与配偶争吵,
e161b065-0ed7-40af-b398-e8411e659e47,bd1c8b38-39b4-4784-be1e-a2473d2a9109,5,leave one’s spouse,离开某人的配偶,
e161b065-0ed7-40af-b398-e8411e659e47,30538fa9-ceee-42d4-a5ce-c9e7dfe9d783,6,the choice of a spouse,配偶的选择,
c9c4e14d-8521-40ec-b403-d7fee8bdceb1,ecc3f244-729d-4e4b-a306-6962ed7a63cf,1,an old acquaintance,老熟人,
c9c4e14d-8521-40ec-b403-d7fee8bdceb1,89b5cdb7-3099-4d5e-b278-0a22d36eb2e5,2,have an acquaintance with sb.,结识某人,
c9c4e14d-8521-40ec-b403-d7fee8bdceb1,24ff2079-ae7f-42c2-93e3-0a3f049e11dd,3,require acquaintance with sth.,需要了解某物,
c9c4e14d-8521-40ec-b403-d7fee8bdceb1,7e27da90-decc-4a73-b4bd-d94f2db46220,4,take a lifelong acquaintance,用毕生去了解,
e0bd2569-97c6-41b8-bb45-b21b48e6568d,63c6fbf9-3040-4b02-af80-df94ff78d5bd,1,be withdrawn from...,被从……中取出,
e0bd2569-97c6-41b8-bb45-b21b48e6568d,b22d3c9c-b006-431e-ac0f-36f344774b92,2,withdraw a lawsuit,撤诉,
e0bd2569-97c6-41b8-bb45-b21b48e6568d,ee42cb21-d0e6-4271-9b7f-b0b9ebde79aa,3,withdraw a statement,撤销声明,
e0bd2569-97c6-41b8-bb45-b21b48e6568d,f8c824fc-887f-414f-aa26-3e3f3f226087,4,withdraw an application,撤回申请,
e0bd2569-97c6-41b8-bb45-b21b48e6568d,de5cae01-295f-43e7-9b15-7fd4300898e8,5,withdraw funds,取出资金,
e0bd2569-97c6-41b8-bb45-b21b48e6568d,2479f082-c527-492b-9376-f77c75bef897,6,withdraw to sp.,撤退到某地,
14b2cf64-540e-48da-883e-550cc3253c36,fc94f1ea-b8ca-46fe-85e4-3d78e9bbe02d,1,a negative influence,负面影响,
14b2cf64-540e-48da-883e-550cc3253c36,5601d075-427f-4e50-bb16-6a9862c1a202,2,be influenced by...,受……影响,
14b2cf64-540e-48da-883e-550cc3253c36,55fe15e3-81b7-451c-9db5-bcf52eb02f98,3,dilute influence,削弱影响,
14b2cf64-540e-48da-883e-550cc3253c36,f5dfef9b-61d8-4bfc-9e0e-7bced8c4cdde,4,have an influence on...,对……有影响,
14b2cf64-540e-48da-883e-550cc3253c36,ba47ca06-3c04-45a4-ac58-f6c15640ee41,5,influence factors,影响因素,
14b2cf64-540e-48da-883e-550cc3253c36,1c55c92a-ea25-4b4e-bb6d-688e9a8d1d38,6,influence one’s life,影响某人的生活,
a2c9be2e-88b5-4f14-a17d-f0c5dfc9ddae,eff8af3b-0603-4c6f-9b0c-469fc9a4bd99,1,Digital Advertising Alliance,数字广告联盟,
a2c9be2e-88b5-4f14-a17d-f0c5dfc9ddae,816608ef-f83c-4842-b626-0e64956b0b19,2,an alliance between A and B,A与B的结盟,
a2c9be2e-88b5-4f14-a17d-f0c5dfc9ddae,04cfec6c-8a50-41f0-add1-4502078c8b84,3,an alliance with...,与……的结盟,
a2c9be2e-88b5-4f14-a17d-f0c5dfc9ddae,ad3b7ef7-091d-4ea7-a726-1c0bbe78fdee,4,form an alliance,形成联盟,
5ec6ab81-7030-4732-8cc5-f18f63092c90,08c93c42-c08a-4d24-a9ff-b086916968cf,1,be protected against rot,防止腐烂,
5ec6ab81-7030-4732-8cc5-f18f63092c90,ccfe2dfb-1f69-4c07-99b0-39ca705004c6,2,extensive rot,大面积腐烂,
5ec6ab81-7030-4732-8cc5-f18f63092c90,79134fe1-c115-4ede-b869-a2f8ab568006,3,rot away completely,完全腐烂,
5ec6ab81-7030-4732-8cc5-f18f63092c90,196105b9-d7dd-4d54-8395-5653a41b2326,4,rot the teeth,腐蚀牙齿,
75b4b035-4da3-4e05-afa2-42f173ec0841,41ad5297-b1d0-447c-ac07-92e02bc3dc90,1,a mixed reception,反响不一,
75b4b035-4da3-4e05-afa2-42f173ec0841,f8d558ba-abef-4ef9-925d-4554ab934ab9,2,a wedding reception,结婚喜宴,
75b4b035-4da3-4e05-afa2-42f173ec0841,0ad9494c-6f1e-4d93-ac23-b0a65f5aaca0,3,meet in reception,在接待处会面,
b828b40d-92cb-4adb-82c7-5e3bd1428328,1963d39e-1ae6-4809-a766-9633a9cf93b3,1,an awkward gesture,笨拙的姿势,
b828b40d-92cb-4adb-82c7-5e3bd1428328,20ff41b1-69e1-4866-ae0c-f1cdad16eb03,2,an awkward question,令人尴尬的问题,
b828b40d-92cb-4adb-82c7-5e3bd1428328,513cbd54-82d9-46fa-aeac-b354f9b009d2,3,be awkward to do sth.,不便做某事,
b828b40d-92cb-4adb-82c7-5e3bd1428328,4e2928e2-8ea6-4dcf-83d8-884390091704,4,feel awkward,感到尴尬,
f67c28a4-fa3f-4f54-8718-46fdf3416a18,1af4a160-ba34-4c5c-935a-73aaf8fc6b8e,1,an ample figure,丰满的身材,
f67c28a4-fa3f-4f54-8718-46fdf3416a18,46b631d0-41d7-433f-9d4d-e902cca831bb,2,an ample reward,优厚的报酬,
f67c28a4-fa3f-4f54-8718-46fdf3416a18,c92cde2f-61d4-4a8e-b327-c0174f743292,3,in ample supply,供应充足,
e863a06e-69e7-42fb-a90c-60ae726d4c5a,10e3888f-aa1d-4a05-89ac-c58bb31ae502,1,amplify a difference,扩大差异,
e863a06e-69e7-42fb-a90c-60ae726d4c5a,45b43946-c148-47aa-890b-9b3d841c48e0,2,amplify a remark,详述一句话,
e9555d9e-768a-4e1f-a69b-7d8e9c19a559,2766f3a7-953b-4d27-8495-71865f671d34,1,a casual manner,漫不经心的样子,
e9555d9e-768a-4e1f-a69b-7d8e9c19a559,9d9dcb58-c4f9-4304-96c8-2c2e656191a2,2,a casual meeting,偶遇,
e9555d9e-768a-4e1f-a69b-7d8e9c19a559,961d56d1-1aa0-4d86-977f-4862ce2b9f46,3,a casual style,随性的风格,
e9555d9e-768a-4e1f-a69b-7d8e9c19a559,c7ccc147-93c4-459b-b809-5f3d062f418a,4,a casual worker,临时工,
e9555d9e-768a-4e1f-a69b-7d8e9c19a559,42d97ab3-60c9-4b2c-9ee1-cc3bb41835f5,5,casual friendliness,不经意的友善,
d5baf62c-1b0f-4b76-88d2-cde3c2ce328a,3dbfa5d4-a103-4b27-b6c6-d374de68d4a7,1,cause heavy casualties,造成大量伤亡,
d5baf62c-1b0f-4b76-88d2-cde3c2ce328a,8357dab3-3eca-488f-86ec-681c594e4b0a,2,reduce casualties,减少伤亡人员,
d5baf62c-1b0f-4b76-88d2-cde3c2ce328a,9d403a95-7be1-4f5a-9b92-28cd61235fb7,3,take sb. to casualty,送某人去急诊室,
d5baf62c-1b0f-4b76-88d2-cde3c2ce328a,ff53a717-ad33-4757-a9a8-4a7b43ff51e9,4,the next casualty,下一个受害者,
36ea6ee6-1d82-4f5e-a28b-e8719a5fec58,5d8b38ef-27a6-4963-9f47-77296fecf7b7,1,an incredible amount of...,数量惊人的……,
36ea6ee6-1d82-4f5e-a28b-e8719a5fec58,8af31037-f853-4cde-81f5-054fc58bf5e0,2,an incredible discovery,惊人的发现,
36ea6ee6-1d82-4f5e-a28b-e8719a5fec58,5eab095a-e242-4810-b7e2-2f9c523b6f34,3,an incredible performance,出色的表演,
36ea6ee6-1d82-4f5e-a28b-e8719a5fec58,d1cbdd6a-e3dc-473d-bccf-0cb20f2b7c1e,4,an incredible story,不可思议的故事,
16dcd12e-9ceb-4d33-85a2-b9ed9e5bd777,f57d104b-750c-4dfb-b14d-40080508ba16,1,coincide in part with sth.,与某物部分重叠,
16dcd12e-9ceb-4d33-85a2-b9ed9e5bd777,7d17f94f-3626-465a-b007-bb40a564429c,2,coincide in sth.,与某物一致,
16dcd12e-9ceb-4d33-85a2-b9ed9e5bd777,1e616e8d-3a65-48b5-9c2e-36a927ab16a3,3,coincide with sth.,与某事同时发生,
a3fc8ab3-b7fa-4fb0-8296-e56f8a6307cb,f871633f-4a36-4946-8a17-1e91a68d58f7,1,descend from sp.,从某处下来,
a3fc8ab3-b7fa-4fb0-8296-e56f8a6307cb,9475f6a0-2fb1-4b94-bdeb-ccb5e3beceda,2,descend on/upon...,降临到……,
a3fc8ab3-b7fa-4fb0-8296-e56f8a6307cb,5c388fff-8a51-4108-b9fa-672e6bf7197b,3,descend the stairs,下楼,
89f3a4ad-18d2-4498-9b41-af46b343fdf6,062ef272-c121-431d-a3c3-7fbb29494176,1,African descent,非洲血统,
89f3a4ad-18d2-4498-9b41-af46b343fdf6,117380fe-07a4-4517-8ad4-35dfc8d4d5cd,2,a descent to sp.,降落到某地,
89f3a4ad-18d2-4498-9b41-af46b343fdf6,b5cb9ab4-0324-4d34-b3ea-01e2b0621b7d,3,a gradual descent,一片斜坡,
89f3a4ad-18d2-4498-9b41-af46b343fdf6,33374253-d66f-4d24-98f7-93eb3c05a248,4,on a descent,在下坡道,
36db6aca-17d6-457e-b900-39954ab7592f,cde2534d-7cb3-49f5-a074-a29eebcc5925,1,a descendant of sb.,某人的后裔,
36db6aca-17d6-457e-b900-39954ab7592f,7c2d83b8-7182-4360-8563-5a315d451cd4,2,a direct descendant,嫡系后裔,
36db6aca-17d6-457e-b900-39954ab7592f,86f74817-fa1c-444b-bd51-075577de1e51,3,an imperial descendant,皇室后裔,
36db6aca-17d6-457e-b900-39954ab7592f,1f093dc1-dade-4f25-8c59-237250dd66d4,4,the majority of descendants,大多数后裔,
1ac86af8-35e9-4d1a-98d1-d655e7d5799a,3e2ad1d6-bf63-4665-b505-f02432bf7456,1,a harsh remark,尖锐的评论,
1ac86af8-35e9-4d1a-98d1-d655e7d5799a,1ef848b4-85cf-43a4-b1c5-b0854123441a,2,a remark about sth.,关于某事的评论,
1ac86af8-35e9-4d1a-98d1-d655e7d5799a,8f08e8be-64a7-4ff6-aac2-416bfa1541e9,3,be remarked on by sb.,被某人谈论,
1ac86af8-35e9-4d1a-98d1-d655e7d5799a,6f0714f1-ef0d-4439-8858-f5442fd33657,4,make a light-hearted remark,开玩笑,
1ac86af8-35e9-4d1a-98d1-d655e7d5799a,963ff900-eb7b-4d62-bffc-9fc6fb43c296,5,make a passing remark,顺便说一句,
1ac86af8-35e9-4d1a-98d1-d655e7d5799a,aafea87a-0ecc-415d-8dd8-c8732ee69955,6,remark upon sth.,对某事评头论足,
cd77b75e-3a01-4197-b949-12f4ca1e2cf0,4c211307-d23d-4ce6-bf72-6817b72d8f10,1,a remarkable claim,非凡的主张,
cd77b75e-3a01-4197-b949-12f4ca1e2cf0,8c0ed0c8-2820-426b-a2ba-c8b2571f5f9f,2,a remarkable shift,显著的变化,
cd77b75e-3a01-4197-b949-12f4ca1e2cf0,8d5eab0b-cc38-4889-8578-43777417fa81,3,a remarkable work,非凡的作品,
cd77b75e-3a01-4197-b949-12f4ca1e2cf0,c6e69ae4-0b83-42e2-be24-9a005b24a6d8,4,be remarkable for...,因……而卓越,
cd77b75e-3a01-4197-b949-12f4ca1e2cf0,62fcd1a8-071d-4c70-a3c0-8e7e680ebb9d,5,remarkable development,卓越发展,
cd77b75e-3a01-4197-b949-12f4ca1e2cf0,6a64fb21-b872-45d8-a954-3e7416251f77,6,remarkable improvement,显著提高,
15668674-e18e-455e-b434-a79b10ab73f6,b85f7539-3ce8-45ee-be61-c963bfc376bf,1,a contempt for safety,将安全置之度外,
15668674-e18e-455e-b434-a79b10ab73f6,ce46082f-9bcf-4dce-bc43-be3fbecc4361,2,a contempt for sb.,对某人的轻视,
15668674-e18e-455e-b434-a79b10ab73f6,4643434b-ab4d-44c7-aae6-1a5ebc5677e5,3,contempt for the truth,不顾事实,
15668674-e18e-455e-b434-a79b10ab73f6,22282fa7-4436-4e2c-9124-c2be592256fa,4,earn contempt of sb.,遭到某人的鄙视,
15668674-e18e-455e-b434-a79b10ab73f6,25b26fc0-1139-44a7-8d07-04d09c664f18,5,look at sb. with contempt,轻蔑地看着某人,
15668674-e18e-455e-b434-a79b10ab73f6,bb9f3052-04b3-4a4b-b30c-1b297968e473,6,slight contempt,一丝轻视,
1b478a51-0515-4548-a26e-8f361add362d,7e508ff9-3d27-480b-bff9-4ae2e394a18f,1,converge at sp.,在某地会合,
1b478a51-0515-4548-a26e-8f361add362d,0842bd32-b721-44ce-a7a8-f19bc9d3ddd4,2,converge on a point,集中于一点,
1b478a51-0515-4548-a26e-8f361add362d,f7b341e3-138c-4c45-8ffd-3c1a130f6738,3,converge on the scene,聚集在现场,
1b478a51-0515-4548-a26e-8f361add362d,28572629-bc83-4536-9e6a-b11bb45ab0c7,4,converge with...,与……趋于一致,
8bb76873-5463-4d70-b859-d8979cec0e17,f82dda19-c0ec-4ee3-8283-77c1fd5cc1ad,1,a wise counsel,高明的建议,
8bb76873-5463-4d70-b859-d8979cec0e17,aad3cc17-6d37-4c8d-907c-bcb56034d509,2,counsel caution,建议谨慎行事,
8bb76873-5463-4d70-b859-d8979cec0e17,15031061-a6e1-40b4-8f3d-1ce3136e7dc8,3,counsel sb. to do sth.,建议某人做某事,
8bb76873-5463-4d70-b859-d8979cec0e17,2a4b8614-ee53-473b-935f-5ec608eeaad0,4,counseled for a company,公司的法律顾问,
ae1f7ed5-cd94-4c26-ab8c-41c0d4837271,0b972607-c3d2-4a19-956f-9e93ca36bd09,1,a row of...,一排……,
ae1f7ed5-cd94-4c26-ab8c-41c0d4837271,3a23720f-b662-4f63-b8a9-0d4e71efc573,2,have a row with sb.,和某人吵架,
ae1f7ed5-cd94-4c26-ab8c-41c0d4837271,890c0927-45a0-4311-9891-42614faffe7e,3,in a row,在一排/连续地,
ae1f7ed5-cd94-4c26-ab8c-41c0d4837271,f4d46459-fa76-41b6-96a8-02c7a9f046ba,4,in the back row,在后排,
ae1f7ed5-cd94-4c26-ab8c-41c0d4837271,6ca97090-98f9-4334-b275-c87caaf2bdfa,5,row with sb.,和某人吵架,
ae1f7ed5-cd94-4c26-ab8c-41c0d4837271,71a6cb97-ac71-462c-bf0a-ee7b96f70ec7,6,set off a row,引起争议,
3484d219-af05-46f1-b98a-c5d3e2b56c86,c6189af7-d4a7-4266-be32-06fcfb67673a,1,be discarded as...,因……而被丢弃,
3484d219-af05-46f1-b98a-c5d3e2b56c86,0b23e13a-d397-4cc5-8223-e839d1fd7027,2,discard ambition,抛弃雄心壮志,
3484d219-af05-46f1-b98a-c5d3e2b56c86,a0f97ba4-7f73-41ab-bab9-8dfc2c062655,3,discard an argument,摒弃观点,
3484d219-af05-46f1-b98a-c5d3e2b56c86,518cd862-4418-44d5-b567-b870f272c0a1,4,discard chewing gum,丢弃口香糖,
3484d219-af05-46f1-b98a-c5d3e2b56c86,2d9bfe0e-faa8-49b6-b9ef-c67ec31f15bc,5,discard old beliefs,抛弃旧信仰,
3484d219-af05-46f1-b98a-c5d3e2b56c86,87f236d0-6b57-4982-bfb3-3720bf71420b,6,discard paper,丢弃纸张,
e52c0959-b5d5-4c9e-b62b-d58496b50aa3,b214c23f-76f6-4b7a-9502-e89c6f95d72c,1,be displaced by...,被……取代,
e52c0959-b5d5-4c9e-b62b-d58496b50aa3,40075100-394e-4542-b75a-ab67ad19939e,2,displace A as B,取代 A 成为 B,
e52c0959-b5d5-4c9e-b62b-d58496b50aa3,a37c7aba-36e1-468b-a843-ea8057f9b258,3,displace sth. to sp.,把某物转移到某地,
e52c0959-b5d5-4c9e-b62b-d58496b50aa3,24fea3ba-c91a-4220-87ad-3b4c02d5df40,4,displace tourism,取代旅游业,
96230012-2f3b-46db-82ca-145c64a3ba0f,7e46260e-1572-47f1-8df0-cd666cc3dec6,1,an ethnic background,种族背景,
96230012-2f3b-46db-82ca-145c64a3ba0f,af8393c6-a2a3-4c6e-9e20-9a2fb14405ee,2,ethnic groups,族群,
96230012-2f3b-46db-82ca-145c64a3ba0f,2f348cea-02db-4cbd-997c-a105e82c6568,3,ethnic tastes,具有民族特色的口味,
96230012-2f3b-46db-82ca-145c64a3ba0f,512c03b0-a55a-400c-af96-1dc57949dc24,4,the ethnic unity,民族团结,
411e1801-5cf6-4446-953c-c74eb97df161,ff85d321-cd6f-4905-b388-613de16d1ce8,1,a cooperative farm,合作农场,
411e1801-5cf6-4446-953c-c74eb97df161,a8101790-8d34-4353-9a7a-0bbc220d6fcc,2,a cooperative spirit,合作精神,
411e1801-5cf6-4446-953c-c74eb97df161,79b85dbd-f6dd-4e82-8177-3a2470a1ff1f,3,an agricultural cooperative,农业合作社,
411e1801-5cf6-4446-953c-c74eb97df161,1640306f-abfe-4ca6-abe3-a482a7511069,4,do one’s best to be cooperative,尽全力配合,
156c9132-c55b-4546-922d-9925f9d71bcb,4b6887ba-549d-4c53-87d7-20b5d05f2922,1,a bypass around the city,绕城环路,
156c9132-c55b-4546-922d-9925f9d71bcb,73be5739-0714-488a-b391-7d4aab8a9689,2,bypass a road,绕路,
156c9132-c55b-4546-922d-9925f9d71bcb,694068b2-956f-41d3-802a-ad2d4ba48963,3,bypass the centre,绕过市中心,
731b3f60-9173-4448-aae9-e767fe38c0b5,24dd964f-8c75-496e-a671-c93a46f4adcf,1,a compulsory course,必修课,
731b3f60-9173-4448-aae9-e767fe38c0b5,6aa26a05-8706-4e2a-8d24-cd831628d621,2,a compulsory mentality,强制的心态,
731b3f60-9173-4448-aae9-e767fe38c0b5,a8aabf88-68c3-4833-b055-73f6d675b383,3,compulsory education,义务教育,
731b3f60-9173-4448-aae9-e767fe38c0b5,d641b710-f116-47d5-b97b-bc47fe6678ff,4,compulsory execution,强制执行,
2b802626-93b4-473f-979e-d5276d3ca0bf,a47f4e11-d594-4295-b899-91066b51f7a7,1,an elaborate layout,复杂的布局,
2b802626-93b4-473f-979e-d5276d3ca0bf,88297737-d101-4056-974e-e5376b7e0af2,2,an elaborate pattern,精美的图案,
2b802626-93b4-473f-979e-d5276d3ca0bf,0b36a319-aece-49ff-a407-0a593be78ccc,3,elaborate a speech,精心准备演讲,
2b802626-93b4-473f-979e-d5276d3ca0bf,d554f427-e5d1-473c-a917-20ad97e5e02e,4,elaborate an effect,详细说明影响,
2b802626-93b4-473f-979e-d5276d3ca0bf,46995e25-b0c4-4f52-a896-0382e26825a1,5,elaborate design,精心的设计,
2b802626-93b4-473f-979e-d5276d3ca0bf,bd47112e-b0a5-4960-9f62-61e3292d5d09,6,elaborate on...,详述……,
563aa339-0ddd-4a48-8860-c78032fb1d58,51f0d891-0945-48d8-a99e-254f4a154744,1,a character flaw,性格缺点,
563aa339-0ddd-4a48-8860-c78032fb1d58,3e0a27c4-677b-411f-ad6a-8b3dbd619978,2,a fundamental flaw,根本性的错误,
563aa339-0ddd-4a48-8860-c78032fb1d58,bf75f1c0-58b1-4530-9540-fb9426d6d54c,3,a glaring flaw,明显的瑕疵,
563aa339-0ddd-4a48-8860-c78032fb1d58,6f3550cd-7fda-4eb0-9deb-162972cba98b,4,fatal flaw,致命缺陷,
6dcf9139-4696-41d8-84d4-d6c5babe5d16,00a5df48-821a-4e79-8a2f-2c4fe7ceca4a,1,embody a feature,包含某一特点,
6dcf9139-4696-41d8-84d4-d6c5babe5d16,bcfb25a8-01cf-480a-b067-323e8836fe89,2,embody a privilege,体现特权,
6dcf9139-4696-41d8-84d4-d6c5babe5d16,34897a00-46b5-4f43-b523-21612f238713,3,embody a sense of honour,代表荣誉感,
6dcf9139-4696-41d8-84d4-d6c5babe5d16,1f950f82-b2c3-4e08-942f-20f7ea3967ba,4,embody a spirit of…,体现……的精神,
6dcf9139-4696-41d8-84d4-d6c5babe5d16,e657d574-7aa0-4e60-a80d-90b973c91125,5,embody an achievement,代表成功,
6dcf9139-4696-41d8-84d4-d6c5babe5d16,9f81a2f0-9914-4876-b38f-4460e41dc443,6,embody the hope of…,代表……的希望,
8d45b925-a88b-4365-a9df-f9f98b3da957,3dd0da09-b8c5-4417-b8ba-6a730cf0b521,1,a collaborative endeavor,共同努力,
8d45b925-a88b-4365-a9df-f9f98b3da957,e262345c-f671-4777-b0fb-665064bc6e02,2,endeavor to do sth.,努力做某事,
8d45b925-a88b-4365-a9df-f9f98b3da957,73a03cb7-b137-4b82-b296-7b3d93e8012a,3,human endeavor,人类的努力,
8d45b925-a88b-4365-a9df-f9f98b3da957,e253c507-7d76-4315-8221-2dfca7c09590,4,make endeavor to do sth.,努力做某事,
595c02fa-4fe0-4227-af25-013ac4e79145,bae0b0e0-ad77-4de9-a465-d9e933bcecc7,1,a visible improvement,明显的改进,
595c02fa-4fe0-4227-af25-013ac4e79145,514ae89c-17c8-45be-8d49-cc6b9c17039c,2,nothing visible,无迹可寻,
10d52596-0bc9-42ee-8e75-2daf7a45d814,95ef969f-09e9-4676-a121-b79cd22f2345,1,be envisaged as...,被设想为……,
10d52596-0bc9-42ee-8e75-2daf7a45d814,fab138c8-d41d-4e7e-bc2c-6a3b70023243,2,envisage doing sth.,想象做某事,
10d52596-0bc9-42ee-8e75-2daf7a45d814,ee67c049-8a90-4f7b-b9ce-9a81cb1d7d19,3,envisage sb. doing sth.,设想某人做某事,
10d52596-0bc9-42ee-8e75-2daf7a45d814,9d9154ea-d4a3-4fe6-8388-ca6973b1353c,4,envisage the consequences,想象结果,
c764b71e-5a93-4093-a895-8e704bea3022,5c0c42f2-0ae5-4776-8a33-a98ed5d725aa,1,a conspicuous bias,明显的偏见,
c764b71e-5a93-4093-a895-8e704bea3022,f5bf05e7-7cda-4a74-ae5e-5c17fc904c9a,2,a conspicuous place,显眼的地方,
c764b71e-5a93-4093-a895-8e704bea3022,a12e69cd-3fc0-473d-beb3-3a903d01e69a,3,a conspicuous success,令人瞩目的成功,
c764b71e-5a93-4093-a895-8e704bea3022,2064277a-49b7-4988-9e18-5697b6a7eb9b,4,make sb. conspicuous,使某人惹眼,
caa687a9-cc0f-4343-b5cc-2ebd01d4b460,2878a610-c885-41aa-815a-27aeeed85100,1,a federation of...,...的联盟,
caa687a9-cc0f-4343-b5cc-2ebd01d4b460,8d00c57e-615d-4885-ad3e-9051368a9f09,2,be against federation,反对同盟,
caa687a9-cc0f-4343-b5cc-2ebd01d4b460,bf2a1be2-0c0c-406b-9359-45044cea1034,3,create a federation,建立联盟,
caa687a9-cc0f-4343-b5cc-2ebd01d4b460,6fa6fed4-3188-423a-8898-524c145a5935,4,the Russian Federation,俄罗斯联邦,
56021207-66e1-4055-a8b2-02197b41ab25,fdd10d35-15a4-4f5d-baba-f648a6d2c368,1,evaporate away,衰竭,
56021207-66e1-4055-a8b2-02197b41ab25,1e157b3f-834d-4442-bc9b-d05f53776cc1,2,evaporate moisture,蒸发水分,
56021207-66e1-4055-a8b2-02197b41ab25,459ebe1f-75e4-475f-a6e8-76b4f70ea5cb,3,largely evaporate,荡然无存,
e3d3e57f-b98c-4467-b3ea-e527cd8f128e,f308fe99-b907-4552-85e1-049dab7ffa13,1,an extraordinary ability,非凡的才能,
e3d3e57f-b98c-4467-b3ea-e527cd8f128e,0f9c6b1b-0dab-46c1-b447-7d6de1f7353a,2,an extraordinary session,特别会议,
e3d3e57f-b98c-4467-b3ea-e527cd8f128e,3af08026-73bc-4269-87b4-263f64a01729,3,an extraordinary woman,杰出的女性,
e3d3e57f-b98c-4467-b3ea-e527cd8f128e,2600bf5e-4c3d-4fdf-afe4-1e64d0908dbc,4,extraordinary modesty,异常谦虚,
a615b43c-3889-4218-9b14-69bf593568af,2da9d64c-e210-4421-a936-2bbcf768a23a,1,a feasible plan,可行的计划,
a615b43c-3889-4218-9b14-69bf593568af,b4334d2a-206b-4eb5-a777-151f39d120c2,2,a feasible scheme,可行的方案,
52bc838e-af41-4b44-9834-263ca544647c,435b3efe-7ea4-49dc-a80e-c9cef9dbc7eb,1,discern a trend,认清趋势,
52bc838e-af41-4b44-9834-263ca544647c,339ec962-f203-4472-a3fe-0ab8848de49c,2,discern one's coldness,觉察到某人的冷漠,
52bc838e-af41-4b44-9834-263ca544647c,c0683275-673b-43d2-9044-c04ec8c9c9a7,3,discern right from wrong,辨别对错,
52bc838e-af41-4b44-9834-263ca544647c,5f41cbe2-8285-4909-b1c2-0d925a7c8edf,4,discern the truth,了解真相,
79568bf2-06f1-46b2-bca8-958eebe3be5c,4e059658-f1ff-46c2-8774-85d6c7bc5684,1,a church hierarchy,教会统治集团,
79568bf2-06f1-46b2-bca8-958eebe3be5c,007a4847-6774-486c-b057-0483752d6b84,2,a rigid hierarchy,森严的等级制度,
79568bf2-06f1-46b2-bca8-958eebe3be5c,aa312470-c75a-40bf-aed7-2acf8037d25a,3,a traditional hierarchy,传统的等级制度,
79568bf2-06f1-46b2-bca8-958eebe3be5c,1f3766df-e1e1-471a-9baf-7592e7f827ba,4,the political hierarchy,政治等级制度,
f1ec67e3-6fe8-4de5-b67e-998c9d5cec8b,cbf00eb3-5063-4dd7-8a54-4fd2864f555e,1,enlighten others,启发他人,
f1ec67e3-6fe8-4de5-b67e-998c9d5cec8b,2cf8a776-ed0c-40d1-ba48-2b4fde8a495e,2,enlighten sb. about sth.,向某人阐明某事,
f1ec67e3-6fe8-4de5-b67e-998c9d5cec8b,f17b312f-c3bc-4d89-ab19-500b478662e8,3,enlighten sb. on sth.,在某事上指导某人,
f1ec67e3-6fe8-4de5-b67e-998c9d5cec8b,c445c3b0-5e50-4555-91c2-c23ece6a1ece,4,kindly enlighten sb.,好心开导某人,
16e08674-43b0-4f0f-8bd3-da2cd950b9b8,40293a4a-eca3-4b9e-b9ac-75a0557bbec1,1,a coalition of...,……的联盟,
16e08674-43b0-4f0f-8bd3-da2cd950b9b8,4e2c382d-985f-4f6d-9801-8c0984aa1386,2,a two-party coalition,两党联合的政府,
16e08674-43b0-4f0f-8bd3-da2cd950b9b8,d0d4497f-64b9-4bfb-a32e-e1cec889bca9,3,form a coalition,组成联合政府,
16e08674-43b0-4f0f-8bd3-da2cd950b9b8,a846a801-f15c-485d-a7a9-1bde1c1952b8,4,in coalition with sb.,跟某人结盟,
040ed47a-6be7-4d53-82ca-72a55537ae3e,6ede4f03-e75e-4939-9126-e8fa20e22fd2,1,an equivalent amount,等量,
040ed47a-6be7-4d53-82ca-72a55537ae3e,4e57390d-c071-46f8-9808-d0817a1ec2be,2,be equivalent to sth.,相当于某物,
040ed47a-6be7-4d53-82ca-72a55537ae3e,f64440c6-c967-48b4-b49e-a13f05fed3f0,3,have no equivalent,没有等价物,
040ed47a-6be7-4d53-82ca-72a55537ae3e,ed5a2777-9d12-4ed0-bb3a-0a8935e1fa1d,4,propose equivalent cuts,提出等值削减,
040ed47a-6be7-4d53-82ca-72a55537ae3e,4e71d122-ba10-42fd-9250-8116938c7b38,5,the emotional equivalent,情感等价物,
040ed47a-6be7-4d53-82ca-72a55537ae3e,e881e227-936a-4231-a3d4-402a31076e72,6,the equivalent of sth.,某物的等价物,
98061b1e-5f76-461e-b196-59ebffc99ca7,2a231fcf-5357-468f-b0f0-1d5cac0ecb69,1,illuminate a difficult issue,解释难点,
98061b1e-5f76-461e-b196-59ebffc99ca7,deea758f-4f29-4c2c-9f10-4d48c0c2ee92,2,illuminate a street,照亮街道,
98061b1e-5f76-461e-b196-59ebffc99ca7,8251e19c-b476-49d1-9d7a-23cb4294f899,3,illuminate a subject,阐明主题,
7eb8512f-9ce7-4c44-9250-e59f1b118e34,40228306-cbae-4085-b3e3-3a0a17aed5a9,1,comply with a request,服从要求,
7eb8512f-9ce7-4c44-9250-e59f1b118e34,a7f86341-f1dc-4f83-a487-994093e163e8,2,comply with a statute,遵守法规,
7eb8512f-9ce7-4c44-9250-e59f1b118e34,a9127764-ba90-44e6-82d7-fc77b530af4b,3,comply with tax laws,遵守税法,
7eb8512f-9ce7-4c44-9250-e59f1b118e34,a1e39add-c143-403a-ab84-d9be48fa77d3,4,fail to comply,未能遵守,
7eb8512f-9ce7-4c44-9250-e59f1b118e34,31a978ec-9042-4ac1-a6ee-9797401eeaeb,5,refuse to comply,拒不服从,
7eb8512f-9ce7-4c44-9250-e59f1b118e34,57cdc4d6-c14c-42d7-abc8-1bb0fcf92a9c,6,strictly comply,严格服从,
b0779866-653d-4861-ba34-4ed702d0ae75,e6996917-d3b1-48d6-81c4-9ab56052a7c4,1,be liable to do sth.,可能做某事,
b0779866-653d-4861-ba34-4ed702d0ae75,94f78f0c-b153-469d-84b8-ee85db8a2063,2,be liable to sth.,倾向于某事,
b0779866-653d-4861-ba34-4ed702d0ae75,4b81eeba-58bf-4845-bfb7-b8deb16547de,3,hold sb. liable for sth.,让某人对某事负责,
b5a36f71-ffb9-475d-83d2-73b8e3477e89,5890c8db-aad3-47f9-b792-57c73944212a,1,a Court’s liberal,法院中支持变革者,
b5a36f71-ffb9-475d-83d2-73b8e3477e89,6a921405-569c-48d7-8ae3-4572aa51ebad,2,a liberal environment,自由的环境,
b5a36f71-ffb9-475d-83d2-73b8e3477e89,a724f8ba-933e-4344-9492-1e5f32fc44e3,3,a liberal idea,自由理念,
b5a36f71-ffb9-475d-83d2-73b8e3477e89,74b675af-c38f-4a0d-b326-443dbdff18a7,4,a liberal reform,自由改革,
b5a36f71-ffb9-475d-83d2-73b8e3477e89,c339e39d-1dc8-4574-ac73-66ad92e63a55,5,liberal theories,自由主义理论,
b5a36f71-ffb9-475d-83d2-73b8e3477e89,5a52713d-46a3-4b2f-93df-aaf46503ed4f,6,the Liberal Democratic Party,自由民主党,
5cd4d38d-d339-4ad8-bdc4-bc574b6241d6,492de4c2-05ba-435e-b0ee-abfe6d1e34e0,1,a complement to sth.,某物的补充物,
5cd4d38d-d339-4ad8-bdc4-bc574b6241d6,7a1800f8-4785-4113-b88c-620f30f1df8e,2,a subjective complement,主语补足语,
5cd4d38d-d339-4ad8-bdc4-bc574b6241d6,3ea08af5-b565-4ef7-a64e-c136532ab7eb,3,complement each other,互相补充,
5cd4d38d-d339-4ad8-bdc4-bc574b6241d6,0431d571-7fa4-4f12-807b-8b0891895d7a,4,the full complement of...,全部……,
367bae1b-7ca4-49a5-89fe-2fbc1b0bd2d9,3ea7563d-4eb2-4ecb-b005-166b262e3a69,1,in all likelihood,十有八九,
367bae1b-7ca4-49a5-89fe-2fbc1b0bd2d9,29467bf9-5e02-46df-85d4-4f28845d8cf8,2,reduce the likelihood,降低可能性,
367bae1b-7ca4-49a5-89fe-2fbc1b0bd2d9,bf171902-0546-4d43-9a70-4d0d0d762851,3,the greater likelihood,更大的可能性,
367bae1b-7ca4-49a5-89fe-2fbc1b0bd2d9,bb0d1a2d-deef-4c12-ba08-09a7682fb2c6,4,the likelihood of sth.,某事的可能性,
4e4c1a5b-c122-41c1-a937-66200b34a1ef,6374aae6-b593-4d64-a77b-a637c7869b18,1,beyond endurance,无法忍受,
4e4c1a5b-c122-41c1-a937-66200b34a1ef,f5d80ac1-ddf1-4224-b6ef-eab8ffa42feb,2,improve endurance,增强耐力,
4e4c1a5b-c122-41c1-a937-66200b34a1ef,1e5352a5-f89f-4ec8-b83d-3c6f1dcc21f0,3,mental endurance,心理承受力,
4e4c1a5b-c122-41c1-a937-66200b34a1ef,2d88c05a-e9db-47a8-9833-e1cd48af7ac2,4,remarkable endurance,非凡的忍耐力,
ef4bf819-bd13-4487-bf15-7e678682624a,a652fb65-9f3f-4718-a8f6-ce9089bafe0a,1,a literary drama,文学戏剧,
ef4bf819-bd13-4487-bf15-7e678682624a,d3e259b5-985a-4fd9-9e28-d0b18037b5f3,2,a literary language,书面语,
ef4bf819-bd13-4487-bf15-7e678682624a,de15352e-7b86-48cf-9e3a-0cd04a5f4347,3,literary agents,文稿代理商,
ef4bf819-bd13-4487-bf15-7e678682624a,d2dec841-3877-40b0-9e7c-5f5ffafc765d,4,literary distinction,文学特质,
ef4bf819-bd13-4487-bf15-7e678682624a,9b3f556a-5864-45a8-92e6-0ba775cab6ce,5,literary history,文学史,
ef4bf819-bd13-4487-bf15-7e678682624a,1a0ff2c4-518a-434b-a183-869345e079e6,6,the literary field,文学领域,
348890d3-deef-4ded-a8ac-c17788b3477c,1343cf00-7ea9-4035-85b5-260a84ec15bb,1,fluctuate according to...,根据……而波动,
348890d3-deef-4ded-a8ac-c17788b3477c,a2e62553-f751-4c8f-9c1c-850e41019288,2,fluctuate around...,在……左右浮动,
348890d3-deef-4ded-a8ac-c17788b3477c,9c7e36c2-33d3-45d9-8775-0fac1e78fab9,3,fluctuate between A and B,在 A 和 B 之间浮动,
348890d3-deef-4ded-a8ac-c17788b3477c,aa9911b1-91dd-4417-8555-e32adf739f78,4,fluctuate wildly,波动很大,
3f37e0d1-4f3d-4d4c-9c1d-2f57bb512f6b,d16703f0-1b1a-4c59-a9d7-fccf5e1b53ef,1,a statistical manual,统计手册,
3f37e0d1-4f3d-4d4c-9c1d-2f57bb512f6b,190615bb-80db-43c9-851d-c622397f0e64,2,an instruction manual,用法指南,
3f37e0d1-4f3d-4d4c-9c1d-2f57bb512f6b,8aabc701-aa48-4333-8555-562cc657058e,3,manual skills,手工技巧,
dc1f9549-e6d6-4038-be97-9a087a81b5eb,1e1ca266-1de0-4a02-8af4-6aaabf9707f9,1,a rare manuscript,手抄珍本,
dc1f9549-e6d6-4038-be97-9a087a81b5eb,d360f6c4-e3fa-4fba-afa0-b1b2f9056239,2,flag up a manuscript,标记手稿,
dc1f9549-e6d6-4038-be97-9a087a81b5eb,4b49c77e-8966-422f-a9e3-c5a0124b098d,3,reject a manuscript,退回原稿,
6973debb-531a-4fcb-b726-cd07808519e7,302c0e00-d325-423b-8265-541b6538343b,1,be initiated by sb.,由某人发起,
6973debb-531a-4fcb-b726-cd07808519e7,22cf34c2-0456-46d0-9df8-f62c7c1dae89,2,initiate a reform,开始改革,
6973debb-531a-4fcb-b726-cd07808519e7,cdcb423a-c5f8-415e-a752-7f2566e48c46,3,initiate legal proceedings,提起诉讼,
6973debb-531a-4fcb-b726-cd07808519e7,e746c4ea-5fbd-4e76-b1b2-a7d354bf6bce,4,initiate sb. into sth.,使某人加入某事,
768810d1-d984-4b78-bfcc-5608039d1188,3bc8ddd5-0361-4d2a-9a25-b6530c93373f,1,evade a flaw of…,规避……的缺陷,
768810d1-d984-4b78-bfcc-5608039d1188,f7c4555c-f80a-4f3e-91e8-22fa8c41160f,2,evade an arrest,逃避逮捕,
768810d1-d984-4b78-bfcc-5608039d1188,383d972f-d443-4780-a879-548947452dd2,3,evade engagement,逃避参与,
768810d1-d984-4b78-bfcc-5608039d1188,1040ee60-adfb-446a-a0d8-4a201e6f80ff,4,evade obligations,逃避义务,
768810d1-d984-4b78-bfcc-5608039d1188,a5f7f344-d23a-48d8-9ede-63b2232a8216,5,evade the pressure,逃避压力,
768810d1-d984-4b78-bfcc-5608039d1188,863360fb-1201-4570-baac-25ee310fce30,6,tend to evade sth.,倾向于逃避某事,
cde6da16-29ad-4e35-8562-fb8b4f0603b4,190f91ee-7873-4a1f-bc31-c91c46fc4ec9,1,be worth remembering,值得记住,
cde6da16-29ad-4e35-8562-fb8b4f0603b4,0c2e5322-717b-4c2c-8e70-b8c5d6f6a6cf,2,remember a detail,记住细节,
cde6da16-29ad-4e35-8562-fb8b4f0603b4,825aab34-c7fd-4398-8bc7-ceffb94bb731,3,remember doing sth.,记得做过某事,
cde6da16-29ad-4e35-8562-fb8b4f0603b4,e308a44f-dc36-46c4-a9c9-813eba2adf87,4,remember rightly,没有记错,
cde6da16-29ad-4e35-8562-fb8b4f0603b4,46908d0c-a4dd-4361-9aba-5f3be251ada2,5,remember the dead,纪念逝者,
cde6da16-29ad-4e35-8562-fb8b4f0603b4,9dabebf9-fb42-4382-84d4-7b11f4e4f1ad,6,remember to do sth.,记得要做某事,
83640dbe-9c73-482c-964f-333563add897,08a21e34-bf45-40a1-bc06-174ad9978043,1,a lasting memorial to sb.,对某人的永久纪念,
83640dbe-9c73-482c-964f-333563add897,1228f033-7ebb-4493-8796-a687c83ffc00,2,a memorial prize,纪念奖,
83640dbe-9c73-482c-964f-333563add897,66d8a81d-7504-4b8e-bfe9-5f529d459fd6,3,a war memorial,战争纪念碑,
f1aa501d-6b72-40ec-9bf8-f6057af92235,b586de84-90a9-4a16-9acd-7072eab037da,1,be decorated with sth.,用某物装饰,
f1aa501d-6b72-40ec-9bf8-f6057af92235,25becfeb-14c9-414f-8070-3bfc65dd1d30,2,decorate a soldier,授予士兵勋章,
f1aa501d-6b72-40ec-9bf8-f6057af92235,37380167-5262-4915-825c-99c25110d044,3,decorate an office,装饰办公室,
f1aa501d-6b72-40ec-9bf8-f6057af92235,2c819097-f425-4e78-8e5e-781118aa10c6,4,decorate sb. for sth.,因某事授予某人勋章,
7661f38f-868b-40db-b5e6-0d8870245ac6,995cf473-4e60-4dc6-856f-99de67ca586a,1,a sewage disposal field,污水处理场,
7661f38f-868b-40db-b5e6-0d8870245ac6,ff9fd2e5-e614-4602-9a69-25fc3ba8e95a,2,at one’s disposal,由某人处理,
7661f38f-868b-40db-b5e6-0d8870245ac6,2c472999-5f56-4cea-b289-9344c3841b1e,3,disposal of waste,废料处理,
7661f38f-868b-40db-b5e6-0d8870245ac6,1a672f00-e99c-4075-b9fd-bfe6c23734b8,4,trash disposal,垃圾清理,
3435a29a-8321-4b09-80ea-55a3afb38658,7a719ae9-14c2-4b3f-91a4-63d69d01d33a,1,a man of integrity,正直的人,
3435a29a-8321-4b09-80ea-55a3afb38658,bce06d4c-5128-402c-b7ac-aed74f02d37a,2,linguistic integrity,语言完整性,
3435a29a-8321-4b09-80ea-55a3afb38658,5b78e5b0-fa19-4413-aed2-9aa3ba3a7238,3,the integrity of sth.,某物的完整,
3435a29a-8321-4b09-80ea-55a3afb38658,da92ce2f-a7bf-45a3-9aa3-4df2bf94d547,4,the misuse of integrity,诚信的滥用,
f267417d-1c30-4551-a7d2-29b123ac2019,7528de3c-77d9-4148-8e10-87d1ec5f1c55,1,deliberate a question,考虑问题,
f267417d-1c30-4551-a7d2-29b123ac2019,c887c46b-ae80-47f8-9300-02acc028b94e,2,deliberate about sth.,仔细考虑某事,
f267417d-1c30-4551-a7d2-29b123ac2019,caf5254b-8f79-46ab-bba0-82969efaed81,3,deliberate practice,刻意训练,
ae2acad2-0b06-4530-9756-d203598eb1bf,04f3ecbf-2902-4f38-a753-df32313a075e,1,a neutral colour,中性颜色,
ae2acad2-0b06-4530-9756-d203598eb1bf,76407da5-ed18-4283-9830-f9fb9d6586bd,2,a neutral during the war,战争的中立者,
ae2acad2-0b06-4530-9756-d203598eb1bf,22559789-dd35-4541-9a23-d47d5532755a,3,adopt a neutral position,采取中立立场,
ae2acad2-0b06-4530-9756-d203598eb1bf,3e8167b7-78bd-4451-9691-b63f170f2a73,4,neutral policy,中立政策,
46bb2ea9-656e-4718-b46f-8bd163d185f0,736c2705-6071-48d3-b36a-5100fab65a4f,1,produce an offspring,生育后代,
46bb2ea9-656e-4718-b46f-8bd163d185f0,eb3d3dbe-337a-4e0d-ad9e-cffce1348fa4,2,the number of offspring,子女数量,
46bb2ea9-656e-4718-b46f-8bd163d185f0,e8a1287b-d7a5-4699-a503-6841f90574e2,3,the offspring of...,的产物,
b2d07a20-0619-4920-a168-e2b33d5029d5,ed57e416-eeb2-4397-a999-3f443459f416,1,recite a list of sth.,逐一列举某事,
b2d07a20-0619-4920-a168-e2b33d5029d5,4dd362a7-662c-4451-88fe-ce8e8eb086b3,2,recite a prayer,吟诵祈祷文,
b2d07a20-0619-4920-a168-e2b33d5029d5,579a9d34-5abb-4cce-b2d1-e11ba6932720,3,recite one’s experiences,述说某人的经历,
b2d07a20-0619-4920-a168-e2b33d5029d5,ce363c9b-4003-45fe-9653-86ab702d60d1,4,recite to sb.,背给某人听,
1eda8811-ad9b-4d92-8e85-87c261159023,413d44e5-83d8-4f0b-9336-581fd422fa45,1,a dealer in...,……的交易商,
1eda8811-ad9b-4d92-8e85-87c261159023,1dcb35ba-8660-443b-b7a3-08c0b63939ac,2,a securities dealer,证券交易商,
1eda8811-ad9b-4d92-8e85-87c261159023,3ae05a9d-dbab-4e43-8dfe-cb5e577c40fd,3,an antique dealer,古董商,
1eda8811-ad9b-4d92-8e85-87c261159023,653ecf27-e482-4525-b9c8-479ae5a57d25,4,an art dealer,艺术品交易商,
a3e49616-872f-4600-b774-572d8bb395f1,5af29a49-929a-4535-bfb9-f3970a5cdd22,1,an annual output of sth.,某物的年产量,
a3e49616-872f-4600-b774-572d8bb395f1,49bb58cd-04aa-4557-ab0d-de60870b5a16,2,an output device,输出装置,
a3e49616-872f-4600-b774-572d8bb395f1,7f03d85d-9764-4582-a0be-1208c15027eb,3,carbon-dioxide output,二氧化碳排放量,
a3e49616-872f-4600-b774-572d8bb395f1,339442a7-29bd-498a-a637-0014ec31ad2e,4,data output,数据输出,
a3e49616-872f-4600-b774-572d8bb395f1,b8911ccd-25e6-496b-9399-fc7031e7c1b0,5,heat output,热量输出,
a3e49616-872f-4600-b774-572d8bb395f1,ff2039be-18c2-4aeb-b1f0-f10004429b26,6,physical output,物质的产出,
256c7701-ae6f-4976-aed2-b9ceb26a8400,20f9363e-ebd8-4e2f-9f0b-66d4b3509705,1,a crowd of spectators,一群观众,
256c7701-ae6f-4976-aed2-b9ceb26a8400,470a177c-9e05-4b97-a3ef-ac30672a7375,2,a good spectator,文明的观众,
256c7701-ae6f-4976-aed2-b9ceb26a8400,58525e6d-77c5-4ea3-b180-ab8347d56241,3,a passive spectator,被动的观众,
256c7701-ae6f-4976-aed2-b9ceb26a8400,63c89321-0253-484d-9f08-c3af80aa2f93,4,a spectator sport,吸引观众的体育运动,
df50fc20-a343-42e0-a1de-51fc00247938,011b997c-b4b0-4bcd-a6f3-2736fd0a9363,1,a large degree of overlap,很大程度的重叠,
df50fc20-a343-42e0-a1de-51fc00247938,4b60cf4f-0503-4777-a713-7c367bb7830f,2,an overlap of,……的重叠部分,
df50fc20-a343-42e0-a1de-51fc00247938,5fb91b24-8806-48cb-ad93-75992f32071d,3,overlap the slices,使切片重叠,
df50fc20-a343-42e0-a1de-51fc00247938,f192351e-7f8d-44a6-838f-777bdb2fae0c,4,overlap with sth.,与某物重叠,
7c6ab201-a322-415c-b721-6a7aea9b8da9,4b135aed-d6fa-42fa-96c0-29c8c806c737,1,a particular sequence,特定次序,
7c6ab201-a322-415c-b721-6a7aea9b8da9,fb8ad2ee-51b9-40c5-a110-df875c26aa6b,2,a sequence of...,一系列……,
7c6ab201-a322-415c-b721-6a7aea9b8da9,a44a73db-a321-4297-b18c-6b5bd936a72b,3,out of sequence,不按顺序,
7c6ab201-a322-415c-b721-6a7aea9b8da9,14d988bf-d693-4760-a146-584ba0f307f4,4,the alphabetical sequence,字母顺序,
e6aa8682-2c1b-4a51-a31a-6d932dd88f24,81e81600-9001-4ce8-95b1-237b13424223,1,a sheer cliff,悬崖峭壁,
e6aa8682-2c1b-4a51-a31a-6d932dd88f24,118c30a3-3080-4729-92ef-798fae53503f,2,a sheer slope,陡坡,
e6aa8682-2c1b-4a51-a31a-6d932dd88f24,146f248a-ca48-4647-9e2c-8fd08c65b039,3,sheer argumentation,纯粹的辩论,
e6aa8682-2c1b-4a51-a31a-6d932dd88f24,cf1f0305-f430-41b1-8594-67c511dda708,4,sheer delight,纯粹的享受,
e6aa8682-2c1b-4a51-a31a-6d932dd88f24,05b895b3-be54-4a94-84bf-77d7ea7bad34,5,sheer difficulty,高难度,
e6aa8682-2c1b-4a51-a31a-6d932dd88f24,81505e46-3137-45da-9d0a-e3c7d9845700,6,the sheer volume of sth.,大量的某物,
6538406c-421f-483e-b42e-c341d113dcdd,50c4b66e-4bd0-49ff-ad5a-c5f2a2d44da6,1,calculate costs,估计成本,
6538406c-421f-483e-b42e-c341d113dcdd,6a508dcb-6c82-485c-b2bb-da624365176f,2,calculate the consequence,预测后果,
6538406c-421f-483e-b42e-c341d113dcdd,d742f694-7643-4bb6-ba66-51eda1092ea4,3,calculate the price,计算价格,
6538406c-421f-483e-b42e-c341d113dcdd,fe655ede-745f-48c3-8bdd-7800c86e4ab8,4,calculate the total mass,计算总质量,
8420bfd9-1f96-47f8-8df9-1ddc6a31bc11,434c07a2-a4aa-4dc0-935a-acace0c0600e,1,have spite against sb.,怨恨某人,
8420bfd9-1f96-47f8-8df9-1ddc6a31bc11,c03d8b3d-23d0-4b9e-93fa-3dc03e772aec,2,just to spite sb.,存心打扰某人,
8420bfd9-1f96-47f8-8df9-1ddc6a31bc11,b155ae29-4ef6-45ff-a49a-c048d3f9cf84,3,out of spite,为了泄愤,
8420bfd9-1f96-47f8-8df9-1ddc6a31bc11,780516da-cd79-4c9c-8bea-0ed0531673dc,4,pure spite,纯属恶意,
0884f042-1d0b-4e99-a5f0-324ead3df39a,9da9b420-162b-4fd8-9341-1a86add3ee3e,1,a talent for anecdote,讲述轶事的天赋,
0884f042-1d0b-4e99-a5f0-324ead3df39a,a7a70c1e-8303-4aa9-bd34-b8e7c936cf98,2,be based on anecdote,基于传闻,
0884f042-1d0b-4e99-a5f0-324ead3df39a,0602f96b-938c-4f7b-8401-3f31e2b06389,3,offer an anecdote,讲述奇闻趣事,
0884f042-1d0b-4e99-a5f0-324ead3df39a,e659eef0-2a71-4a54-9a69-cbcf9b3d629a,4,plenty of anecdotes,许多传闻,
42395019-9d03-415f-8ac8-66a78e3abb5a,e36a75c4-ce85-48c5-8709-d8f1ad49e3ef,1,be spoilt by...,被……破坏,
42395019-9d03-415f-8ac8-66a78e3abb5a,5a524ca9-2015-4cbf-b309-caed38fb646c,2,spoil a child,宠坏孩子,
42395019-9d03-415f-8ac8-66a78e3abb5a,c2fceeba-c40a-4ec9-a2b8-dd8ba907529b,3,spoil one’s life,毁掉某人的生活,
42395019-9d03-415f-8ac8-66a78e3abb5a,e19cfe7f-9474-4ace-a6dc-1969a2cecfc1,4,the spoils of war,战利品,
24df699c-883b-4abb-bed0-f2eb2bb7842a,184fa5da-0001-4fed-84b5-50f2491096f6,1,a police spy,警方密探,
24df699c-883b-4abb-bed0-f2eb2bb7842a,d661e1a4-2e15-4f21-bb8e-c0ecfabe408f,2,a potential spy,潜在的间谍,
24df699c-883b-4abb-bed0-f2eb2bb7842a,bb26287d-6771-4a8e-91aa-bea5f133ec71,3,spy for...,为……从事间谍活动,
24df699c-883b-4abb-bed0-f2eb2bb7842a,234b76d7-df4d-4efe-8141-d09a629fb96f,4,spy on sb.,暗中监视某人,
b3406b21-e3d2-4309-b3f4-b110f5eb2326,a28b80e6-35a4-4aa6-8fac-0583d40ec050,1,a straightforward process,简单的过程,
b3406b21-e3d2-4309-b3f4-b110f5eb2326,53546e36-28be-46f5-a4d9-d49ddba1e892,2,seem straightforward,看起来一目了然,
b3406b21-e3d2-4309-b3f4-b110f5eb2326,71e5bf50-e8ef-4b72-a84a-5703ac6521c2,3,straightforward manner,坦率的作风,
b3406b21-e3d2-4309-b3f4-b110f5eb2326,b6940216-8f6f-4e10-a285-f4c26aa8981c,4,used to be straightforward,曾经很简单,
2c992179-8e1b-4b18-904b-6918a654e9c9,38d25ff2-bde1-47b3-8868-57a72b2397bc,1,aesthetic fatigue,审美疲劳,
2c992179-8e1b-4b18-904b-6918a654e9c9,021bfd74-e6eb-4fb7-9775-d58008fe6c8d,2,aesthetic perception,审美观念,
2c992179-8e1b-4b18-904b-6918a654e9c9,e1570ae4-1707-4f5a-bd30-d30680c3ba1e,3,an aesthetic effect,美学效果,
2c992179-8e1b-4b18-904b-6918a654e9c9,524dfa6c-a604-48b8-ab64-0798f592c5af,4,an aesthetic point of view,美学角度,
9f779860-8220-45bd-8ce1-28b9c842f21d,add46b27-d937-45f2-9087-1a32c8acd2d0,1,a marine biologist,海洋生物学家,
9f779860-8220-45bd-8ce1-28b9c842f21d,be30fda4-9b0f-4da7-bd1c-98d3d82e28fc,2,a marine insurance,海上保险,
9f779860-8220-45bd-8ce1-28b9c842f21d,7dbcd144-a852-4ba7-85e0-f237fb93fd8f,3,marine biomass,海洋的生物量,
9f779860-8220-45bd-8ce1-28b9c842f21d,aa157080-fc3c-443e-9873-271f36875264,4,marine life,海洋生物,
9f779860-8220-45bd-8ce1-28b9c842f21d,b4ca85fb-97d3-4c84-a990-2d9462cd9c2a,5,marine research,海洋研究,
9f779860-8220-45bd-8ce1-28b9c842f21d,4bd36655-8eda-42b9-b051-c8314b0d676a,6,the marine law,海事法,
5213e1cf-2885-4fc4-aa0c-fbb24bedce7a,5526392e-1c21-4d76-8d1b-f761e4984732,1,a surplus supply,供大于求,
5213e1cf-2885-4fc4-aa0c-fbb24bedce7a,57674816-3012-4c5a-af26-e050703a6586,2,budget surplus,预算盈余,
5213e1cf-2885-4fc4-aa0c-fbb24bedce7a,538f2767-e6f9-4cfb-b311-6f4ab7685333,3,capital surplus,资本盈余,
5213e1cf-2885-4fc4-aa0c-fbb24bedce7a,9b3e448e-e264-4012-87e6-2328ab198354,4,produce a surplus,生产过剩,
5213e1cf-2885-4fc4-aa0c-fbb24bedce7a,84cb73f0-e723-4a97-9195-e127ce8a3839,5,surplus of crude oil,原油过剩,
5213e1cf-2885-4fc4-aa0c-fbb24bedce7a,65286317-5bbe-4fe5-8b9d-d4175f0f06bd,6,surplus vegetables,剩余的蔬菜,
77dd2066-b22d-4d8d-9f83-c7c6aa84a89f,efdfd798-7468-4a69-b188-905cc6f05951,1,at the outset,一开始,
77dd2066-b22d-4d8d-9f83-c7c6aa84a89f,6277f5ef-d30f-4362-8699-3bf8feb85683,2,at the outset of an experiment,实验开始,
77dd2066-b22d-4d8d-9f83-c7c6aa84a89f,e60f86dd-f786-40ff-a0e3-21ee37c5769b,3,the outset of a project,项目初期,
956089dd-0296-4647-9973-dc2074f27862,ae82f88a-7049-4901-8548-351f9171e653,1,a recipient of...,……（奖）得主,
956089dd-0296-4647-9973-dc2074f27862,4d79e677-c593-4c9f-acb4-e930ff503fad,2,the largest recipient,最大受惠者,
956089dd-0296-4647-9973-dc2074f27862,f59ded93-781a-4b0b-a496-5032d6fa2871,3,the ultimate recipient,最终受体,
b9fc7eca-6779-42e0-9b2a-be3bb56c9559,f5688aea-20a4-40df-853b-91735e0e8186,1,a slice of cucumber,黄瓜片,
b9fc7eca-6779-42e0-9b2a-be3bb56c9559,02bd4622-9732-4f94-8cb3-7a8474e01dd8,2,a slice of rainbow,彩虹的一部分,
b9fc7eca-6779-42e0-9b2a-be3bb56c9559,0ae3026f-ad72-43fd-875b-62fa1fb289ba,3,a slice of the market,市场份额,
b9fc7eca-6779-42e0-9b2a-be3bb56c9559,19ed9ac9-267b-4a35-8ca4-5c0d5eb28a2c,4,a tiny slice of...,……的一小部分,
b9fc7eca-6779-42e0-9b2a-be3bb56c9559,36e1f43b-c977-4981-9f4c-6e081b14b106,5,cut sth. into slices,把某物切成薄片,
b9fc7eca-6779-42e0-9b2a-be3bb56c9559,c74c11b6-bf64-4266-a045-6394f180e1af,6,slice an onion,把洋葱切成片,
d49f4ce6-2cd5-4f7e-8c0c-6d44fc67ae76,7219d680-f7c2-4c14-ab64-85e5d44e15fc,1,applaud the approach,赞许该做法,
d49f4ce6-2cd5-4f7e-8c0c-6d44fc67ae76,3eb73b29-35f7-4222-ac68-f31b8309f7e6,2,applaud winners,为胜利者鼓掌,
d6c3e365-edf6-4318-9647-bb14be19592d,ee449bc1-c2e4-4330-8350-caf7fa448402,1,a plausible consequence,貌似合理的结论,
d6c3e365-edf6-4318-9647-bb14be19592d,7753d5f5-e2f7-47b0-987d-c1461bc648ad,2,a plausible liar,巧言令色的说谎者,
d6c3e365-edf6-4318-9647-bb14be19592d,b96b5e34-2992-4146-9e93-6e1f5319794b,3,a plausible salesman,花言巧语的推销员,
d6c3e365-edf6-4318-9647-bb14be19592d,9bc70fb2-15f7-4bfe-9225-f32d57bf9c20,4,seem plausible,似乎有道理,
4a8d82c4-efee-4a19-ba1b-025f360c3404,45bf9cd9-726d-4907-9487-2a3dc4df18cc,1,accept an offer,接受报价,
4a8d82c4-efee-4a19-ba1b-025f360c3404,9f7736de-1551-4e68-89c8-352cd144a35c,2,offer different paths,提供不同的途径,
4a8d82c4-efee-4a19-ba1b-025f360c3404,f9cfdeb7-13e7-4129-9735-07b9638180de,3,offer justification,提供依据,
f04fe771-be23-4627-bd78-8a6bd1d35246,bb8edd15-be9d-4d2c-8097-4960f1d88efb,1,arrange a recreation,安排娱乐活动,
f04fe771-be23-4627-bd78-8a6bd1d35246,8cb7fd18-8ed4-47e9-972f-908f62cbf109,2,enjoy peaceful recreation,享受平静的消遣,
f04fe771-be23-4627-bd78-8a6bd1d35246,673292b4-3600-4254-8685-4ec7e3bf8d47,3,facilities for recreation,娱乐设施,
f04fe771-be23-4627-bd78-8a6bd1d35246,9d6579b8-a8f5-4b63-acdd-65c19ef11c6b,4,opportunities for recreation,娱乐的机会,
65a33858-aad9-4532-b77b-20f966a59ce1,c47909a7-0aed-44cb-a0b1-26ff988978d3,1,a fast-growing segment,快速增长的部分,
65a33858-aad9-4532-b77b-20f966a59ce1,e6951955-6dda-4f7a-baea-f83ed44f9a24,2,identify a segment of sth.,识别某物的一部分,
65a33858-aad9-4532-b77b-20f966a59ce1,96f7d466-35a7-42fb-876d-5d4837362f8d,3,segment a market,划分市场,
0564de84-f445-4c88-a463-f111cec876da,b8f8cc15-1691-4fe5-a17c-65d034e7a020,1,proclaim a law,公布一条法令,
0564de84-f445-4c88-a463-f111cec876da,b21a8a90-33ca-4ba4-8572-1124c8243385,2,proclaim hostility,表明敌意,
0564de84-f445-4c88-a463-f111cec876da,d8586f9a-a3c6-4159-b5fe-2b56ce748022,3,proclaim independence,宣布独立,
0564de84-f445-4c88-a463-f111cec876da,972fb29e-e76d-406a-82df-a742226a9dd3,4,proclaim war,宣战,
6eb13c41-6e45-41d3-8ebc-b399a1ec6746,a6fd64ac-78ad-43e8-8a9c-8687f81042fe,1,testify against sb.,指证某人,
6eb13c41-6e45-41d3-8ebc-b399a1ec6746,d1be612f-1f02-4181-a4b3-57b8d7d04b61,2,testify at the trial,出庭作证,
6eb13c41-6e45-41d3-8ebc-b399a1ec6746,bca8e93a-28a7-495c-9c03-ec7e311bf59b,3,testify one’s honesty,证明某人诚实,
6eb13c41-6e45-41d3-8ebc-b399a1ec6746,2a22d3cf-979a-4ba0-a53e-1ee0fb806921,4,testify to sth.,证明某事,
595d52ba-1027-4853-bd03-8fc9636122e0,3a08ef3e-350b-46c3-ba93-7bb71384d47f,1,a classical tragedy,古典悲剧,
595d52ba-1027-4853-bd03-8fc9636122e0,3ddd1cd6-a38b-467a-a0ec-9b6145bf3401,2,an element of tragedy,悲剧元素,
595d52ba-1027-4853-bd03-8fc9636122e0,7d8831f2-868b-4f44-9efa-1e8d6acffa52,3,an enormous tragedy,巨大的不幸,
595d52ba-1027-4853-bd03-8fc9636122e0,64d99a2d-af3c-44b9-a900-e9d7b8eb5c87,4,during a time of tragedy,身处不幸之中,
595d52ba-1027-4853-bd03-8fc9636122e0,7d8e968c-0985-4c74-944f-961423459ecd,5,end in tragedy,以不幸告终,
595d52ba-1027-4853-bd03-8fc9636122e0,3f083e64-42c1-43bd-83f8-fb66f289963c,6,write a tragedy,创作悲剧作品,
94ff500e-1ca2-448e-8efb-bccbb781bc09,6cc7f2d9-ee8f-4eb1-b889-5a24ea455f5e,1,a repetition of a tragic event,悲剧重演,
94ff500e-1ca2-448e-8efb-bccbb781bc09,51074ba8-3744-4c33-8102-2e625a1ed7c3,2,a tragic actor,悲剧演员,
94ff500e-1ca2-448e-8efb-bccbb781bc09,275b56cb-7751-4dc1-b38e-6267fe97b37f,3,a tragic fate,悲惨的命运,
94ff500e-1ca2-448e-8efb-bccbb781bc09,169dd558-f63e-477f-b177-963641d9642e,4,come to a tragic end,得到悲惨的结局,
f7a0c1fe-7640-4202-880d-967b16c3c60a,7a95f4fc-0131-4eea-85c4-77b3bd4c29ac,1,the advent of new technology,新技术的出现,
f7a0c1fe-7640-4202-880d-967b16c3c60a,5fe65af6-5928-4966-9d84-ffcf08ae0aaf,2,the advent of social media,社交媒体的出现,
f7a0c1fe-7640-4202-880d-967b16c3c60a,caf73253-8b82-4568-9615-c264ceee57cb,3,the advent of spring,春天的到来,
f7a0c1fe-7640-4202-880d-967b16c3c60a,345ae677-aad6-4b94-87c1-bc900bcedbac,4,the advent of war,战争的到来,
f61838aa-1a4f-40c0-b35e-9f87403ec854,3a7f4af8-bfc5-4024-bc7c-43f96ac86f10,1,be disturbed by sb.,被某人打扰,
f61838aa-1a4f-40c0-b35e-9f87403ec854,db06c87b-31df-40d2-869d-3b97f18f49af,2,disturb balance,扰乱平衡,
f61838aa-1a4f-40c0-b35e-9f87403ec854,1dc800c9-f580-4b8f-a56d-614ddb320103,3,disturb papers,弄乱文件,
33f336a4-54ba-4eb5-8347-fad165d3931d,ab39ae4b-e7d5-4532-8781-40135a99c67b,1,an ambiguous sentence,含意不清的句子,
33f336a4-54ba-4eb5-8347-fad165d3931d,5931116e-1fdc-47f1-82e3-d1c7ede783c6,2,an ambiguous term,模糊不清的术语,
33f336a4-54ba-4eb5-8347-fad165d3931d,953c14a2-25e8-4d70-98e8-a6788e96853f,3,remain ambiguous,仍然模棱两可,
baec101b-19df-42c6-b03e-06c49761899c,d5eed1fc-8f73-4602-b829-304527ab9533,1,community solidarity,社群团结,
baec101b-19df-42c6-b03e-06c49761899c,768ad202-0e7e-4649-a5f0-756f73b6c348,2,reinforce solidarity,加强团结,
d6d86a02-0c15-4d7c-aa24-2e9258021c93,c2efbe7f-4966-475d-8bc0-99065b16b3ee,1,a turbulent environment,混乱的环境,
d6d86a02-0c15-4d7c-aa24-2e9258021c93,3f7823f2-d1c5-49bd-940b-df22b6feca72,2,the turbulent past,动荡的过去,
406fc7a3-31e4-4cfe-8e57-bedbd5e58229,25c906b0-1f2c-4706-abc6-856471b3511e,1,a valid claim,合法权利,
406fc7a3-31e4-4cfe-8e57-bedbd5e58229,75ca1ed1-9f4e-430b-9d34-8894c54fb9d5,2,a valid concern,合理的担忧,
406fc7a3-31e4-4cfe-8e57-bedbd5e58229,a891c934-8d29-43bf-bd08-36bba22a269b,3,a valid passport,有效的护照,
406fc7a3-31e4-4cfe-8e57-bedbd5e58229,e0fb0d51-67e7-47bc-9d8f-a4ed347e1fa8,4,a valid reason,有根据的理由,
e5b492f5-c19e-401a-8ccf-97c168d7f7c4,00b1611a-1f52-4632-9629-22b3ebc15477,1,violate a grave,亵渎墓地,
e5b492f5-c19e-401a-8ccf-97c168d7f7c4,6cd50fac-87aa-40d6-a151-397ba23e4e98,2,violate criminal law,违反刑法,
e5b492f5-c19e-401a-8ccf-97c168d7f7c4,fd866472-09dd-44b9-9d02-9278bbae80ed,3,violate one’s privacy,侵犯某人的隐私,
e5b492f5-c19e-401a-8ccf-97c168d7f7c4,07f818c2-45cc-4c4e-9853-053f721fb09b,4,violate the patents,侵犯专利,
07fc2e03-1025-47d8-bcb8-102b30db6a29,ed509437-2503-4f44-bc5a-ee19958909cf,1,avert a strike,避免罢工,
07fc2e03-1025-47d8-bcb8-102b30db6a29,6527f45c-5bf4-4f2c-882a-d402cbfa9d7d,2,avert crisis,防止危机,
07fc2e03-1025-47d8-bcb8-102b30db6a29,2332fc98-0681-4059-9bba-581ad0a39312,3,avert harm,避免伤害,
07fc2e03-1025-47d8-bcb8-102b30db6a29,a0d4b5de-7e46-421f-ab80-06d6e6dc5c36,4,avert one’s gaze,转移目光,
1fae820e-7383-479d-95c3-5fa26e55abb8,f946931f-f484-4f92-a27c-2e7a00594319,1,no warrant for sth.,某事毫无依据,
1fae820e-7383-479d-95c3-5fa26e55abb8,fc2a90ba-91b2-4b31-bf33-a019532bd196,2,obtain a warrant,获得许可证,
1fae820e-7383-479d-95c3-5fa26e55abb8,dec294eb-e185-4131-8164-3b4da72173cd,3,warrant an investigation,有必要进行调查,
1fae820e-7383-479d-95c3-5fa26e55abb8,35d53ed7-a13b-48dc-902a-92ae8ccd4517,4,without a warrant,没有搜查令,
c891015e-9943-4e63-8f28-5554b7f4b962,31a07361-001f-4c9b-b118-1e3dfb92f3b8,1,a drug addict,吸毒者,
c891015e-9943-4e63-8f28-5554b7f4b962,e2d904f0-4dcf-4a89-ac14-c1cc97d1c9b2,2,a nicotine addict,尼古丁成瘾者,
c891015e-9943-4e63-8f28-5554b7f4b962,8a25b271-3a50-484e-b292-0e3d9d7566f7,3,a video game addict,电子游戏迷,
c891015e-9943-4e63-8f28-5554b7f4b962,7fde23df-dc9a-41df-b765-766389bf6fca,4,an Internet addict,网络狂,
0a717951-c4a8-438a-aaf7-1dd6146caf3b,fa4d9db1-0024-49b0-a54f-db1217a93a5b,1,a weird dream,离奇的梦,
0a717951-c4a8-438a-aaf7-1dd6146caf3b,9424561e-1445-42a4-9cfe-5cfaa908ba73,2,get a weird idea,产生怪异的念头,
0a717951-c4a8-438a-aaf7-1dd6146caf3b,387a3150-d020-42a5-961f-b7669d13ea88,3,make a weird sound,发出诡异的声音,
c5b3831b-40eb-478f-b60a-4a86e8916959,c5cd436c-306e-42d2-9660-9722b620235f,1,a folk prescription,偏方,
c5b3831b-40eb-478f-b60a-4a86e8916959,d46c33f5-fcc5-4f97-aada-effbe9fb4c81,2,a prescription drug cost,处方药品费用,
c5b3831b-40eb-478f-b60a-4a86e8916959,64dca371-9052-4388-b141-e4e3ca99e652,3,an economic prescription,经济对策,
c5b3831b-40eb-478f-b60a-4a86e8916959,9696dbad-55f2-4b85-bfcf-8bb2fb2c25b7,4,without a prescription,没有处方,
780a007a-6503-4cf2-a9cf-b85165d615ec,92c26633-ea3a-48f4-8452-0c85e03c169c,1,be startled to do sth.,做某事使人吃惊,
780a007a-6503-4cf2-a9cf-b85165d615ec,9f7874df-40dd-4400-ab7d-51dbae2aebc1,2,mean to startle sb.,存心吓唬某人,
780a007a-6503-4cf2-a9cf-b85165d615ec,8824ca75-5c7f-42cd-ac93-efc3007da6a6,3,startle sb. by...,通过……吓唬某人,
780a007a-6503-4cf2-a9cf-b85165d615ec,950a78d7-4c83-42f6-aeae-3e9780e0bedf,4,startle the world,震惊世界,
4cb9a6fc-41c2-49f0-bf20-4ce59ae67114,6256cb97-756f-4074-8325-9ed753822a3f,1,be asked to speculate,被要求进行推测,
4cb9a6fc-41c2-49f0-bf20-4ce59ae67114,2c433eea-7a5a-4ffb-92bd-9221736f52d6,2,neglect to speculate,疏于推测,
4cb9a6fc-41c2-49f0-bf20-4ce59ae67114,3de98f2d-4cf7-4957-a398-4f8b77a170c2,3,refuse to speculate,拒绝推测,
4cb9a6fc-41c2-49f0-bf20-4ce59ae67114,23809efe-4c21-451f-af00-95142de00ccf,4,speculate about/on sth.,推测某事,
4cb9a6fc-41c2-49f0-bf20-4ce59ae67114,b853b7fe-350b-4266-81c5-08fa9665418a,5,speculate in sth.,在某事上投机,
4cb9a6fc-41c2-49f0-bf20-4ce59ae67114,d585cf80-bace-4237-b1eb-fca57f5d7c57,6,speculate with...,利用……进行投机,
e44051fa-2c99-4d10-9268-a98c29b7f67b,a67f9585-19b8-4ec7-9314-66707a3ea961,1,an articulate person,善于表达的人,
e44051fa-2c99-4d10-9268-a98c29b7f67b,e37432bb-eb1f-48d4-9f68-426a6a8466d3,2,an articulate speech,发音清晰的演讲,
e44051fa-2c99-4d10-9268-a98c29b7f67b,1d311de0-67a4-41e4-ac73-816eeafdbafe,3,articulate one’s thoughts,表达某人的思想,
e44051fa-2c99-4d10-9268-a98c29b7f67b,a2cb38c9-4e0a-48d9-851c-e03e29be7a72,4,articulate the dissatisfaction,表达不满,
cd9d1d70-da82-4ec3-aa6b-405fa7380d02,1294c633-e943-44a9-afbf-ef596bc7003c,1,assimilate information,接受信息,
cd9d1d70-da82-4ec3-aa6b-405fa7380d02,d5e00163-846b-40b7-abfc-b9b3f2332a5c,2,assimilate nutrient,吸收养分,
cd9d1d70-da82-4ec3-aa6b-405fa7380d02,40bbba9a-ac4a-42de-9de3-86cef9eb2bc1,3,be assimilated into...,被……同化,
cd9d1d70-da82-4ec3-aa6b-405fa7380d02,c50c791c-9e2e-42e3-a59b-f42bb77ae07e,4,be hard to assimilate,难以融入,
851893bb-cfae-49ee-87b8-699bf8f155c9,f684630b-368d-4b1b-8032-1894c376c6d5,1,a spacious apartment,宽敞的公寓,
851893bb-cfae-49ee-87b8-699bf8f155c9,4d88e3e8-d596-4d13-9fa6-63ae4fb3f838,2,a spacious dining area,宽敞的用餐区,
851893bb-cfae-49ee-87b8-699bf8f155c9,dd35bb70-3421-4518-8882-b196db551c9d,3,be more spacious than...,比……宽敞,
851893bb-cfae-49ee-87b8-699bf8f155c9,aaf9e303-dd77-4b1b-9ab2-aa7615934ce1,4,spacious living,广阔的生存空间,
ba3fd9a8-2900-4771-a51d-a87dad13bcdf,f720faa0-61e1-4030-ab93-0408854b842b,1,an authentic model,真实的榜样,
ba3fd9a8-2900-4771-a51d-a87dad13bcdf,f23be808-d889-40a1-8788-a98e54cb2612,2,authentic charm,真正的魅力,
ba3fd9a8-2900-4771-a51d-a87dad13bcdf,68dc37f4-fa6b-4da7-a5a4-30a472fb8c2f,3,authentic details,可靠的资料,
4d911e09-39ee-4c04-97ef-4e2bdab7004d,71b3ef2d-358d-4146-80ac-cc33bf9d97a2,1,a form of privilege,特权的一种形式,
4d911e09-39ee-4c04-97ef-4e2bdab7004d,32fea6db-c80e-4153-9c5e-2b5505d34d73,2,a great privilege,万分荣幸,
4d911e09-39ee-4c04-97ef-4e2bdab7004d,a19d016d-bf20-40d0-9883-8ee4f71cb2a2,3,a state privilege,州特权,
4d911e09-39ee-4c04-97ef-4e2bdab7004d,55512e65-7ff8-4bde-be5c-4a3591b4802c,4,an indefensible privilege,不合理的特权,
4d911e09-39ee-4c04-97ef-4e2bdab7004d,dad50ed3-966a-4627-b608-1a51f0646ede,5,privilege a graduate,给予毕业生特权,
4d911e09-39ee-4c04-97ef-4e2bdab7004d,6e7cfc52-8281-422a-9608-a6eae9e3a2f9,6,privilege sb. to do sth.,特许某人做某事,
a8bf7e84-300c-4a39-b762-ecc7231d31d7,9d6e8f3d-13c3-4e74-8776-c73519869a78,1,acclaim A as B,称赞 A 为 B,
a8bf7e84-300c-4a39-b762-ecc7231d31d7,48a0097b-76e2-4429-95b2-1849c30b53d6,2,be highly acclaimed,受到高度赞扬,
a8bf7e84-300c-4a39-b762-ecc7231d31d7,a268c6d5-dec6-46e8-a23b-0eaea71ead9c,3,public acclaim,公众的高度评价,
a8bf7e84-300c-4a39-b762-ecc7231d31d7,c9ce0946-6110-42d0-bbef-28905d0c6c0c,4,receive acclaim,获得好评,
e5e218c3-a7e3-43a6-bb3b-a665b632b81c,94e95b0f-12dd-4ee0-bd62-95ae088e2460,1,bargain for sth.,为某物讨价还价,
e5e218c3-a7e3-43a6-bb3b-a665b632b81c,64ddbc70-f701-42c4-b18e-e9130c451cda,2,bargain with sb.,与某人商谈,
e5e218c3-a7e3-43a6-bb3b-a665b632b81c,86ad0719-86c4-4558-b8e9-9b19051149b5,3,make a bargain,成交,
e5e218c3-a7e3-43a6-bb3b-a665b632b81c,6ca9d423-6144-4548-ad9e-4f7af6a1f61a,4,supposed bargains,所谓的便宜货,
317bbaed-71bb-42b2-8685-e8b63bf3105f,0eeb015b-bbe9-4a35-a648-392e1f120b48,1,a visual analogy,视觉类比,
317bbaed-71bb-42b2-8685-e8b63bf3105f,24b6346c-00cf-4d1e-b386-20e8f86105a4,2,striking visuals,醒目的视觉资料,
317bbaed-71bb-42b2-8685-e8b63bf3105f,db91d34d-3b0d-4bfe-981c-428c84f3dc47,3,visual social feedback,视觉交流反馈,
74dc3215-b52f-405e-b0be-769116d8ca4e,50a96def-c8b7-4669-b44c-87016bec26d1,1,a benign audience,性情温和的观众,
74dc3215-b52f-405e-b0be-769116d8ca4e,6f959f1d-463b-45e5-b7ec-19d30edbd51c,2,a benign climate,宜人的气候,
74dc3215-b52f-405e-b0be-769116d8ca4e,a331db4d-429d-4189-ab20-4f5e7e33f23f,3,a benign tumour,良性肿瘤,
74dc3215-b52f-405e-b0be-769116d8ca4e,3d967741-e17a-463c-8512-15bc991e2cde,4,make...benign,使……变成良性,
73a233ca-d5a2-4ec2-9567-8087cccd7740,6471fe5e-ab7a-4fa1-9bf4-37ba03670066,1,provide a receipt,提供收据,
73a233ca-d5a2-4ec2-9567-8087cccd7740,4cebc6c4-aec1-42d7-9bdd-0a4f71acb6b8,2,provide electricity,供电,
73a233ca-d5a2-4ec2-9567-8087cccd7740,63025024-5cd4-487b-97a5-74b3d90137d9,3,provide feedback,提供反馈,
73a233ca-d5a2-4ec2-9567-8087cccd7740,86ddcfdc-3323-4e93-bc74-2278656abdba,4,provide sth. for sb.,为某人提供某物,
8b5d72eb-7559-4e9c-aac3-c9e041fbedfd,b0978b2a-fe46-468a-af9e-56e44f180dab,1,a contested provision,有争议的条款,
8b5d72eb-7559-4e9c-aac3-c9e041fbedfd,6ba04ffd-550d-45a6-b095-1af017b23790,2,a provision of activities,提供活动,
8b5d72eb-7559-4e9c-aac3-c9e041fbedfd,861b59b0-76e5-4881-a7d6-88a32af46066,3,an overturned provision,被推翻的条款,
8b5d72eb-7559-4e9c-aac3-c9e041fbedfd,09e4de6f-271a-4ad3-b67f-e8c8cf3f8d56,4,make provisions for sb.,为某人做准备,
ed614a8c-bbee-4d76-8ab3-087c38cb6a77,0cbd69ef-dec7-46a8-8400-7fcf54225f70,1,detach a coupon,撕下赠券,
ed614a8c-bbee-4d76-8ab3-087c38cb6a77,987b7945-2ba2-420d-9ec8-00dba0e72b25,2,detach a force,派遣一支部队,
ed614a8c-bbee-4d76-8ab3-087c38cb6a77,e0951e4f-ed7a-4d86-b22d-cefb772ed718,3,detach oneself from...,使某人摆脱……,
6bf60c87-76a3-43d5-b772-e3d27dfa35c4,7022c03f-1e3a-4d73-b1b8-1af08fef1ed1,1,a drastic change,剧烈的变化,
6bf60c87-76a3-43d5-b772-e3d27dfa35c4,130e079d-8507-42a1-b5d9-70a49ff2d809,2,a drastic measure,严厉的措施,
6bf60c87-76a3-43d5-b772-e3d27dfa35c4,6f179295-7c58-45e6-840b-7323967b62fd,3,a drastic reduction,急剧降低,
518dfcfd-da3a-4b0e-a22a-12eef7628cdd,4057845c-6105-44f0-9f7a-e44e4d8fc655,1,be compiled from sth.,由某物汇编而成,
518dfcfd-da3a-4b0e-a22a-12eef7628cdd,249ec74c-60c1-40b4-9bcc-3dde5afef5cd,2,compile a dictionary,编纂词典,
518dfcfd-da3a-4b0e-a22a-12eef7628cdd,43beb1b3-47ff-4cb4-9643-2882d37a1ad5,3,compile a list of...,编制……的名单,
518dfcfd-da3a-4b0e-a22a-12eef7628cdd,b11590a8-a910-40d3-970b-29b2893ab43a,4,compile data,汇编资料,
3a7f220d-6fdb-47d5-9390-8cde3f171c84,d9501107-1674-4f2b-9c21-7fb3cbfcf7dd,1,a modern democracy,现代民主国家,
3a7f220d-6fdb-47d5-9390-8cde3f171c84,5547a72e-afe7-44eb-9801-266c0b61a728,2,advocate democracy,提倡民主,
3a7f220d-6fdb-47d5-9390-8cde3f171c84,945ca907-c020-4029-9711-14c2d2f07285,3,parliamentary democracy,议会民主,
3a7f220d-6fdb-47d5-9390-8cde3f171c84,7eb12577-cae1-45d6-9304-d4bfe084e7c6,4,participate in democracy,参与民主制度,
3a7f220d-6fdb-47d5-9390-8cde3f171c84,5ac7029c-64f8-456e-92e4-da1e02600185,5,the liberal democracy,自由民主,
3a7f220d-6fdb-47d5-9390-8cde3f171c84,156a6c41-3f95-492c-94a4-0f16c868de4a,6,the trend of democracy,民主趋势,
612d3344-974c-40eb-80e3-85a95d8e394e,3b47f024-6cac-4072-9fc2-f76ccb641df1,1,a democratic act,民主行为,
612d3344-974c-40eb-80e3-85a95d8e394e,bf08cafe-3519-43b9-81e1-4a2cde372f64,2,a democratic ideal,民主理想,
612d3344-974c-40eb-80e3-85a95d8e394e,c78c20f5-167f-4eb3-a997-ec5dcc900545,3,a democratic society,民主社会,
612d3344-974c-40eb-80e3-85a95d8e394e,a0f61190-ef84-4c9e-93b0-599034b81418,4,a democratic state,民主国家,
612d3344-974c-40eb-80e3-85a95d8e394e,b482f3b1-00d9-4479-9f04-c3473f475ef9,5,democratic relationship,民主的关系,
612d3344-974c-40eb-80e3-85a95d8e394e,f7e637d1-bd2b-43c0-98de-ed0b73efd287,6,democratic values,民主价值观,
96d6050f-5e3a-4912-9988-e77149591bab,16f73f5f-d311-4c04-875f-33638d776acd,1,divert one’s attention,转移某人的注意力,
96d6050f-5e3a-4912-9988-e77149591bab,7813a789-e1b5-464c-b4a4-9fbb18b1acce,2,divert resources,转移资源,
3523e57b-ba36-42ee-a78b-8e9db626e46e,f53ca20f-8cdd-4918-b4aa-f0c0675039f7,1,enroll for the draft,应征入伍,
3523e57b-ba36-42ee-a78b-8e9db626e46e,bd9ff3f1-b0e2-42bf-9731-ab70a597abea,2,enroll in college,登记入学,
3523e57b-ba36-42ee-a78b-8e9db626e46e,a7282e56-4c07-4836-9347-5ba61fd82b6a,3,enroll sb. in...,将某人纳入……中,
0991058b-9847-4c2f-a807-3ec203f06752,4b61dd77-59f6-40d3-9388-ed171f1352cb,1,a narrow escape,死里逃生,
0991058b-9847-4c2f-a807-3ec203f06752,d4d53138-580b-40ae-a2a5-c6e47033f5be,2,escape from sp.,逃出来地,
0991058b-9847-4c2f-a807-3ec203f06752,65534b05-60e7-4db3-b14a-5500ff24d76d,3,escape the law,逃避法律,
dba7591b-2e64-4bcc-a890-e1d1a6f9becd,549cae41-8656-4467-bcd7-b59806289175,1,a rise of expenditure,花费增长,
dba7591b-2e64-4bcc-a890-e1d1a6f9becd,2ae20234-1704-4b08-b6b0-7ccb00633c62,2,a total expenditure of...,花费总额为……,
dba7591b-2e64-4bcc-a890-e1d1a6f9becd,797d9477-cbe4-4b9f-a155-c5df54423132,3,cut expenditure on defence,削减国防开支,
dba7591b-2e64-4bcc-a890-e1d1a6f9becd,af471fbb-ea59-4607-899e-e16bb93c5fd1,4,infrastructure expenditure,基础设施支出,
dba7591b-2e64-4bcc-a890-e1d1a6f9becd,c4096ad0-d6a2-4d21-9ffc-32dd416a903e,5,public expenditure,公共开支,
dba7591b-2e64-4bcc-a890-e1d1a6f9becd,27989ab7-2bb4-4aaf-8377-872bdc7b6a3f,6,the expenditure of energy,精力耗费,
7738c190-d62d-45db-bc79-335797a5a7f0,6aba3a93-6be1-4db1-b77f-d8d56dc387cc,1,be fabricated from...,由……制成,
7738c190-d62d-45db-bc79-335797a5a7f0,34b223a6-1fe3-42ca-8afa-2c9574f69120,2,fabricate an engine,装配发动机,
7738c190-d62d-45db-bc79-335797a5a7f0,c6131501-b7f8-4ded-a776-2a98cff95cb0,3,fabricate an evidence,伪造证据,
7738c190-d62d-45db-bc79-335797a5a7f0,dcc35d2e-ddfb-48a6-acef-8df2b754c97b,4,fabricate data,编造数据,
d7177796-d9fd-4880-aa51-0baee5222e3e,56935c6e-1741-4174-9ce4-064184a0f111,1,foresee a great change,预见巨大的变化,
d7177796-d9fd-4880-aa51-0baee5222e3e,9df88987-8be4-4d6e-a907-b8b9a8b8ca33,2,foresee a problem,预见问题,
d7177796-d9fd-4880-aa51-0baee5222e3e,daeb2f21-4d28-41b6-87ed-e03ea02da0d4,3,foresee the situation,预测形势,
cd67ee2b-40a8-4e6e-a9eb-5d04797edc6e,cd7ec228-0104-42fe-a997-8c5978fe1488,1,forge a blade,锻造刀刃,
cd67ee2b-40a8-4e6e-a9eb-5d04797edc6e,fbb6c84b-7423-41f1-a7c9-2165f773e063,2,forge a new career,努力开创事业,
cd67ee2b-40a8-4e6e-a9eb-5d04797edc6e,47d80d78-28c4-452d-bfe9-e1fb82eea82c,3,forge a passport,伪造护照,
cd67ee2b-40a8-4e6e-a9eb-5d04797edc6e,b5bd07eb-483c-4ea2-8a5a-d2b8a040ae0e,4,forge collaborations,建立合作,
1f7127f4-a571-4096-972a-4fc95d94d0d0,5fc78317-e989-40c3-b430-e6737dba9938,1,gamble on the horses,赌马,
1f7127f4-a571-4096-972a-4fc95d94d0d0,6a474669-8ede-4a78-aba6-2fdda14fed21,2,gamble sth. away,赌光某物,
1f7127f4-a571-4096-972a-4fc95d94d0d0,ab2b338c-8425-4960-903f-2e431b12593b,3,lose the gamble,输掉赌局,
1f7127f4-a571-4096-972a-4fc95d94d0d0,d00a55a2-1cfb-41a7-a356-c662a8296a52,4,take a gamble,冒险,
ba1da737-f9dd-42d4-b7f9-4135c649bd4f,ff841341-6118-4cb0-b5a4-939bfa3c44d5,1,constrain one’s mind by,束缚某人的思想,
ba1da737-f9dd-42d4-b7f9-4135c649bd4f,cc0615eb-1c24-452e-a099-65ca65c0607e,2,constrain sb. from...,限制某人做……,
ba1da737-f9dd-42d4-b7f9-4135c649bd4f,7c2a06de-def7-40f2-9794-f9df02419dbe,3,constrain sb. to do sth.,强迫某人做某事,
ba1da737-f9dd-42d4-b7f9-4135c649bd4f,88a1218c-aff2-43d5-801c-ea9a5e3b8fa7,4,constrain the ability of...,限制……的能力,
9eb46f1f-7ef9-4ee9-ab40-28f1e07a51d5,ec3dd23c-e254-47f1-ac10-29dad022b5a8,1,a game genre,游戏类型,
9eb46f1f-7ef9-4ee9-ab40-28f1e07a51d5,edd48f26-d4e1-403f-8f61-5ee7c98c97ba,2,a performative genre,富有表现力的体裁,
bc39234a-f982-4a40-be9a-56b20263b654,e461c20a-80c8-45cc-887e-b22274091aca,1,confer a capability,赋予能力,
bc39234a-f982-4a40-be9a-56b20263b654,23c50dc1-aa9e-4510-9619-7338611acda8,2,confer with sb.,与某人商议,
bc39234a-f982-4a40-be9a-56b20263b654,db6cc39a-ffd8-4e8b-a657-63b75b289258,3,confer with sb. on sth.,与某人商议某事,
a0a9b0f4-9d6a-4420-a79a-e6a2aa001f08,ca57a4e4-4163-4095-b9ba-f473c29c3b0e,1,a giant dam,大坝,
a0a9b0f4-9d6a-4420-a79a-e6a2aa001f08,b629a8fe-fc60-4ac4-8d1d-28da1ada5b44,2,a giant of economics,经济学伟人,
a0a9b0f4-9d6a-4420-a79a-e6a2aa001f08,8ef4d819-4f09-4b07-be5c-4fbdf6656181,3,a giant target,巨大的目标,
a0a9b0f4-9d6a-4420-a79a-e6a2aa001f08,b23f94f9-b923-4aaf-b3e2-5906183ff5af,4,a literary giant,文学泰斗,
a0a9b0f4-9d6a-4420-a79a-e6a2aa001f08,7da0cfe0-3bb6-4200-a6b7-54db7464d230,5,a media giant,媒体巨头,
a0a9b0f4-9d6a-4420-a79a-e6a2aa001f08,7888a4cf-b615-4f32-a132-87f78d473b24,6,an industrial giant,产业巨头,
b84e1867-136b-4207-bea8-02e5c95d81b2,20060c9e-d9a4-4e03-9cc8-0e4edd991d59,1,a gigantic appetite,大胃口,
b84e1867-136b-4207-bea8-02e5c95d81b2,56219fc6-25aa-4414-9d95-c9b3f9f03325,2,a gigantic bank,大型银行,
b84e1867-136b-4207-bea8-02e5c95d81b2,1596abb8-1ffb-489b-a70a-d241dd4f0a1d,3,a gigantic consequence,巨大影响,
b84e1867-136b-4207-bea8-02e5c95d81b2,c6e7639d-d9ab-460f-9ec7-5080a1593b88,4,a gigantic corporation,大型企业,
b84e1867-136b-4207-bea8-02e5c95d81b2,03c7accc-661c-4e70-853e-0a2816969f60,5,a gigantic task of...,……的艰巨任务,
b84e1867-136b-4207-bea8-02e5c95d81b2,bf080dbb-5346-4783-9026-43a5dd0f6b20,6,gigantic losses,巨大亏损,
42e75f21-cecf-4d12-8ba4-ba248d939a69,9b3bb07a-b5a8-4a6b-b32b-6e4f7cb6e5ea,1,a divine performance,绝妙的表演,
42e75f21-cecf-4d12-8ba4-ba248d939a69,2b750b25-3a1a-4b6e-9445-db9975700f5e,2,a divine punishment,上天的惩罚,
42e75f21-cecf-4d12-8ba4-ba248d939a69,f8a5dcf0-7178-486d-a0c1-8f746bed8088,3,divine the needs of sb.,猜到某人的需求,
da4ad4b3-849a-4dd0-9ba5-ea4638ce26ed,d4802bfa-7504-409b-ba09-77e7e1fb5064,1,be hostile to...,对……怀有敌意的,
da4ad4b3-849a-4dd0-9ba5-ea4638ce26ed,61380f12-ea32-446a-9ed7-0fb74d599721,2,hostile action,敌对行动,
da4ad4b3-849a-4dd0-9ba5-ea4638ce26ed,8e80eb26-7ac8-497a-a0a9-57547e285f7e,3,hostile conditions,不利的条件,
da4ad4b3-849a-4dd0-9ba5-ea4638ce26ed,4574602b-a305-485d-a9c2-f98875614bc8,4,the hostile army,敌军,
bcd119d6-164b-434d-9a11-20aedb4d7c27,83b8df01-2b4d-43c8-8151-bcbbecf2c112,1,donate blood,献血,
bcd119d6-164b-434d-9a11-20aedb4d7c27,d3d1cf5d-e803-4538-a574-145c210dd037,2,donate one’s organs,捐献某人的器官,
bcd119d6-164b-434d-9a11-20aedb4d7c27,74491eb2-8219-48fa-bdf9-99ff331e2b17,3,donate sth. to...,给……捐赠某物,
02422498-21ca-427c-bdcc-52668f43a0b3,1c53c120-17e1-4a01-87dd-80fbf1765e94,1,a fragile alliance,不牢固的联盟,
02422498-21ca-427c-bdcc-52668f43a0b3,d685191d-e2ff-4d9b-b2c8-e55096dc078f,2,a fragile ecosystem,脆弱的生态系统,
02422498-21ca-427c-bdcc-52668f43a0b3,e4cce233-c451-43f3-a5a9-bb26759488b3,3,a fragile nature,脆弱的本质,
02422498-21ca-427c-bdcc-52668f43a0b3,75cd8a15-7ed5-4388-b468-015a4ad9feb6,4,a fragile recovery,无力的复苏,
02422498-21ca-427c-bdcc-52668f43a0b3,4f54510b-de0f-4ea3-b0d4-51d953c6addd,5,a fragile vase,易碎的花瓶,
02422498-21ca-427c-bdcc-52668f43a0b3,5a3305c7-74bc-4f13-95b4-d34a7bedb0bb,6,fragile health,虚弱的身体,
1d664ecb-c4be-4659-8f59-4b100b9e1402,e880393d-4238-47c0-aa90-4ace4de2fbc9,1,a forthcoming book,即将出版的书,
1d664ecb-c4be-4659-8f59-4b100b9e1402,d7e03f16-456f-4770-a049-9231e6e73252,2,a forthcoming election,即将到来的选举,
1d664ecb-c4be-4659-8f59-4b100b9e1402,ac24a0f3-25b7-4a4c-98e2-b82f5a326e27,3,a forthcoming event,即将来临的活动,
1d664ecb-c4be-4659-8f59-4b100b9e1402,ebcccc30-0eb7-496a-a5af-8a08d092cbf3,4,be forthcoming in the journal,即将刊登,
3344cd57-27c7-46e0-83a0-e1c4a33335a6,7b19768b-32d1-47e7-a64b-1eb1c4a7a671,1,a fully inclusive price,全包价,
3344cd57-27c7-46e0-83a0-e1c4a33335a6,098e0e14-10ea-4a8c-8c62-6d0c0037a488,2,an inclusive way,具有包容性的方式,
3344cd57-27c7-46e0-83a0-e1c4a33335a6,e69a35cd-b64f-4c90-b349-8d461e122e31,3,be inclusive of sth.,包括某物的费用,
3344cd57-27c7-46e0-83a0-e1c4a33335a6,6ba48cf7-a3a2-4757-92fa-5ed2e58c22b1,4,the inclusive strategies,包容性策略,
1a5d8b8f-02d7-40d9-bd95-c62f3f8d4995,817ab8e4-7770-4c77-8fc5-eca237a77459,1,a general belief,普遍的信念,
1a5d8b8f-02d7-40d9-bd95-c62f3f8d4995,547125b4-3fc1-439d-ba40-14a771e35174,2,general population,人口总数,
1a5d8b8f-02d7-40d9-bd95-c62f3f8d4995,d3bb6e9f-eceb-4a50-a219-dff6aadf8aa2,3,in general,总的来说,
1a5d8b8f-02d7-40d9-bd95-c62f3f8d4995,7af105f7-5ed5-4ba6-aea8-c8359368fe91,4,locate a general area,确定大概区域,
1a5d8b8f-02d7-40d9-bd95-c62f3f8d4995,4fcda569-1798-4321-91da-104a484c3a3e,5,the general education,普通教育,
1a5d8b8f-02d7-40d9-bd95-c62f3f8d4995,4f63c0c2-1216-4548-836b-aa989c49f31b,6,the general public,普通大众,
96f75e9b-c075-4620-83e3-8af964e3bae2,abc2bbf9-ba55-49a9-b9f2-2cee796479cb,1,a good instinct,良好的本能,
96f75e9b-c075-4620-83e3-8af964e3bae2,c89b6be3-34b2-4729-aea4-e8d5862b93f3,2,an instinct for sth.,对某事的直觉,
96f75e9b-c075-4620-83e3-8af964e3bae2,ec186857-e907-4a28-9c0c-9f90edb2fbda,3,an instinct to do sth.,做某事的本能,
96f75e9b-c075-4620-83e3-8af964e3bae2,b4e33285-b139-40d6-856a-ced5e5d632a4,4,mankind’s instinct,人类的本能,
96f75e9b-c075-4620-83e3-8af964e3bae2,16783567-a549-413e-91e5-226112573c98,5,on instinct,凭直觉,
96f75e9b-c075-4620-83e3-8af964e3bae2,384f88e8-9dc3-4ebe-b817-6ea73fafb458,6,survival instinct,求生的本能,
4d3b1984-6f37-4b1a-92ae-c172a757d5bd,7611ca01-8dc7-4ab8-99e1-71019d1a3922,1,a cross section of...,典型的一群……,
4d3b1984-6f37-4b1a-92ae-c172a757d5bd,e643f248-f587-445e-b43d-4b369e6f5184,2,a random section,随机的部分,
4d3b1984-6f37-4b1a-92ae-c172a757d5bd,452f8081-228a-4bb0-8dd4-44d1f6c9343d,3,a whole section,一整节,
ce483aee-71ce-4a31-8984-884061e0ec43,6ac7ddf8-3f66-466f-bddd-105e519c8c1b,1,a portion of fresh fruit,一份新鲜水果,
ce483aee-71ce-4a31-8984-884061e0ec43,8ed1e698-257c-4b69-9a99-d00324289c9a,2,a portion of revenues,收入的一部分,
ce483aee-71ce-4a31-8984-884061e0ec43,a1dfd2f9-8f9b-4238-a162-a869402d03d1,3,a significant portion,重要部分,
ce483aee-71ce-4a31-8984-884061e0ec43,71369eb8-62b0-4341-8789-9f49a553789c,4,a sizable portion,很大一部分,
67ee655f-6a56-490c-940a-d842d980268f,49b36a91-64f8-4ff0-90e3-686171329a90,1,be obliged to intervene,有责任干预,
67ee655f-6a56-490c-940a-d842d980268f,93782aaf-2201-40e9-b8df-08d24300687e,2,intervene at this stage,在此阶段介入,
67ee655f-6a56-490c-940a-d842d980268f,38e3af1b-f3e0-4336-a391-3db24847b09b,3,intervene in sth.,干预某事,
67ee655f-6a56-490c-940a-d842d980268f,45b32db7-fd65-43e6-985d-f718cf047e0b,4,intervene personally,亲自出面,
f09cc6fa-6947-441a-8195-5a0f91772bd3,71533c67-ce63-45a6-88d1-df73557aa587,1,contemplate doing sth.,考虑做某事,
f09cc6fa-6947-441a-8195-5a0f91772bd3,dc257065-a72b-45e9-b583-ee15a59dc4ac,2,contemplate retirement,考虑退休,
f09cc6fa-6947-441a-8195-5a0f91772bd3,62ef3e7b-f25d-417f-ba3a-5c053d02b920,3,contemplate sb.,注视着某人,
f09cc6fa-6947-441a-8195-5a0f91772bd3,b5c75f94-9009-4aa8-a26e-d5b4ea167df3,4,contemplate the longer term,思考长远,
1b535fb6-de2d-4501-95f2-a2d6a8683366,e8bb0fe5-a0e4-4a23-b098-5f118bcaf17b,1,education for juveniles,青少年教育,
1b535fb6-de2d-4501-95f2-a2d6a8683366,5d21a248-947d-4dad-b003-324902a01466,2,juvenile behaviour,幼稚的行为,
1b535fb6-de2d-4501-95f2-a2d6a8683366,2015d7a1-d658-4680-9848-e4ed27d2181f,3,juvenile delinquency,青少年犯罪,
1b535fb6-de2d-4501-95f2-a2d6a8683366,d93b7d72-2e61-44bc-82a1-da9bd1f678c5,4,the juvenile crime rate,青少年犯罪率,
c0023077-aa79-4909-9cce-e2c15c4f7891,dd845f6c-8c0d-450c-93e3-1389219717bd,1,a main constitution,主要构成,
c0023077-aa79-4909-9cce-e2c15c4f7891,ba37b8c4-8832-461b-be42-31e97e6b33f5,2,adopt a new constitution,采用新宪法,
c0023077-aa79-4909-9cce-e2c15c4f7891,67c302ef-7345-4263-817c-b04a1a43898c,3,principles of the Constitution,宪法的原则,
c0023077-aa79-4909-9cce-e2c15c4f7891,b3397f26-b945-4bfb-ab69-24d1335628ee,4,sign the Constitution,签署宪法,
d9d9e0f4-2839-42dc-9bb9-1f1556cd1d74,ee69086b-715a-4648-867f-74aaa6be572e,1,be invented by sb.,由某人发明,
d9d9e0f4-2839-42dc-9bb9-1f1556cd1d74,fe3f8e70-b9e6-4878-b417-0a6b294a8282,2,invent the steam engine,发明蒸汽机,
bc603272-7c07-4c77-aed3-e0dd917301da,cdb2d30f-63d2-4924-ad54-f0b452f296be,1,a creative invention,创造性的发明,
bc603272-7c07-4c77-aed3-e0dd917301da,448cd5e7-3cc2-4bde-adf6-e10ac66cf37a,2,a fair share of invention,一定的创造力,
bc603272-7c07-4c77-aed3-e0dd917301da,429d9af5-b84c-483e-a416-ba7de75b1878,3,an invention for fun,娱乐发明,
bc603272-7c07-4c77-aed3-e0dd917301da,69cb4f06-1645-495e-98f7-91b92eb9d466,4,the invention of sth.,某物的发明,
7fa5f7a8-bf61-4e83-a5bb-dfa82aec58f9,2de071c5-f687-4d01-814c-dabe5a0a91df,1,an inventory of...,……的清单 / 库存,
7fa5f7a8-bf61-4e83-a5bb-dfa82aec58f9,d8d68dd6-4fb7-41a3-a937-de66c9216128,2,available inventory,可用库存,
7fa5f7a8-bf61-4e83-a5bb-dfa82aec58f9,694bd71b-3315-4715-a743-7863b7a01270,3,less inventory,更少的库存,
7fa5f7a8-bf61-4e83-a5bb-dfa82aec58f9,998946ef-b596-48af-a6f0-0beab29fbe5b,4,make an inventory,列清单,
cf4779e2-c109-4f97-884f-92be6c8bc6b2,42b03984-f79d-43b5-98e5-db8c20414f09,1,inhabit a corner,栖居于角落,
cf4779e2-c109-4f97-884f-92be6c8bc6b2,bd7f94c6-b5c6-4b72-8749-dad461c9b2be,2,inhabit an island,居住在岛上,
cf4779e2-c109-4f97-884f-92be6c8bc6b2,1917affd-2201-4492-8d31-da85eec20249,3,inhabit one’s mind,占据某人的心灵,
cf4779e2-c109-4f97-884f-92be6c8bc6b2,d48857a2-206f-45e4-b00c-df40e6ce1884,4,inhabit this area,居住在该地区,
78371c09-7fc4-4b3d-9234-07a6d7df2e36,5fdea844-95cf-4ecf-97b1-4d45bf89ca8d,1,a lottery jackpot,彩票最高奖,
78371c09-7fc4-4b3d-9234-07a6d7df2e36,b7dfa027-acff-41f0-8537-5785f1bf9f53,2,a lottery winner,彩票中奖者,
78371c09-7fc4-4b3d-9234-07a6d7df2e36,f7c87de8-dfd0-4431-84f7-f200da9a90e1,3,a total lottery,完全碰运气的事,
78371c09-7fc4-4b3d-9234-07a6d7df2e36,b66b3fc9-acd5-4e9f-8a99-f11cc40b7dcd,4,hit the lottery,中彩,
3b52f349-5d21-4677-a407-8c816394ba2a,c92a3cb6-2eaa-4835-814d-d6673a5e20dc,1,consolidate accounts,合并账目,
3b52f349-5d21-4677-a407-8c816394ba2a,2a0bd4d9-b5c3-4a37-afb4-28a35e171dca,2,consolidate for...,因……而合并,
3b52f349-5d21-4677-a407-8c816394ba2a,de2e0402-40a9-433c-8fb8-c32408e2abd3,3,consolidate one’s position,巩固某人的地位,
3b52f349-5d21-4677-a407-8c816394ba2a,760f8ee3-54ac-4ed7-8715-4e1f6d3e5833,4,proceed to consolidate,开始巩固,
f141733b-5dc0-4f0d-a258-1ab5fbc6714c,e98751d4-bc30-4f09-b986-55c652bc0683,1,an operation of magnitude,重大手术,
f141733b-5dc0-4f0d-a258-1ab5fbc6714c,738df9a7-4452-4a3a-846f-3cdef3c3401d,2,earthquake magnitude,地震震级,
f141733b-5dc0-4f0d-a258-1ab5fbc6714c,4d4e92c7-bed2-41db-81e1-91ed5eea6712,3,of the first magnitude,最重要的,
9f3a744f-a79a-4709-90ea-f005ce8bf12a,4189a04d-0150-45f9-bd8e-33c40ebe9c07,1,make no effort to obey,不肯服从,
9f3a744f-a79a-4709-90ea-f005ce8bf12a,011a09f1-c954-4ff5-975e-a437f5804b6f,2,obey an order,服从命令,
9f3a744f-a79a-4709-90ea-f005ce8bf12a,90037229-63d1-41fc-8cd7-84165ad1c63b,3,obey the law,遵守法律,
9f3a744f-a79a-4709-90ea-f005ce8bf12a,d203f3bd-e2aa-423f-a352-5d31e69a7345,4,promise to obey,承诺遵守,
cb5958e1-c05c-4009-b9e1-afc62e55bbdf,012f91f2-6919-487b-9806-7ca18eb82c1a,1,a struggle for sth.,为某物而做的斗争,
cb5958e1-c05c-4009-b9e1-afc62e55bbdf,35862dc1-3d82-4b91-9b32-de392dccdd64,2,continue to struggle,继续努力,
cb5958e1-c05c-4009-b9e1-afc62e55bbdf,f1b1ec9f-2a17-481b-a608-bbd87c4e1f43,3,struggle with sth.,与某物做斗争,
acd8d49f-4b2d-4cda-bcec-c4274f90f0d6,cdbbfba7-e772-401f-af30-8d39b06210b1,1,a major offensive,主要攻势,
acd8d49f-4b2d-4cda-bcec-c4274f90f0d6,9f57f068-1c63-4d5f-8e14-7eacfd122910,2,launch an offensive,发动进攻,
acd8d49f-4b2d-4cda-bcec-c4274f90f0d6,6b697e77-9405-4c37-8b25-6a4e0e86ef2c,3,offensive remarks,冒犯的言论,
ca0698a9-6589-4289-b459-b18cc350b2a5,0f6f89a6-6062-4019-9923-5c5cb3bbc7c9,1,a peculiar feeling,奇怪的感觉,
ca0698a9-6589-4289-b459-b18cc350b2a5,d612805f-080e-41e4-a60b-5bf1ab85b29a,2,a peculiar idea,独特的想法,
ca0698a9-6589-4289-b459-b18cc350b2a5,cd52e684-adb1-45d0-a6f6-0a46850a62d4,3,a peculiar institution,特殊的制度,
ca0698a9-6589-4289-b459-b18cc350b2a5,1d18ae6a-6a88-4cf5-92cc-c0f6abaa54e8,4,a peculiar smell,奇怪的气味,
ca0698a9-6589-4289-b459-b18cc350b2a5,41892d03-734d-4ae9-87f3-c2fa4fcdc19c,5,be peculiar to...,为……所特有,
ca0698a9-6589-4289-b459-b18cc350b2a5,7d2a58ad-6b3a-4a09-8830-299a85b6eaad,6,feel quite peculiar,感觉有点不适,
e0c1b0cb-e30f-48c8-8671-7c4c31748601,7567306c-60a0-4a56-9269-09e4476373ff,1,National Health Council,国家医疗委员会,
e0c1b0cb-e30f-48c8-8671-7c4c31748601,19a4c525-4234-4996-91f8-e9f895ec2dc6,2,a city council,市委员会,
e0c1b0cb-e30f-48c8-8671-7c4c31748601,615227a9-f63c-4ecc-9eaa-213d878d3936,3,a local council,地方议会,
e0c1b0cb-e30f-48c8-8671-7c4c31748601,d12b5f5e-40fb-4230-9aea-6cdf82ccc9ef,4,a ministerial council,部长委员会,
e0c1b0cb-e30f-48c8-8671-7c4c31748601,d3bbd9e4-b2bd-4f50-bbdb-abeb7ac1521d,5,control of the council,地方议会的控制权,
e0c1b0cb-e30f-48c8-8671-7c4c31748601,5be1de09-3d08-435e-90f7-1a4fd9d348e3,6,urge a council to do sth.,敦促议会做某事,
98c7846e-15a5-4f13-af0f-2b1ad25ac804,55233eb8-fe48-4ba1-a807-e8bbd92d7f33,1,a postal union,邮政工会,
98c7846e-15a5-4f13-af0f-2b1ad25ac804,3571cde0-5dc4-49c4-976b-5f85fa94e1a0,2,a public-sector union,公共部门协会,
98c7846e-15a5-4f13-af0f-2b1ad25ac804,1761c877-6cf5-4440-bf05-1ae5509b63c7,3,a union of A and B,A 和 B 的联合,
98c7846e-15a5-4f13-af0f-2b1ad25ac804,89e04228-b26d-4a7a-b6e1-1881a854da18,4,join the union,加入联盟,
98c7846e-15a5-4f13-af0f-2b1ad25ac804,f457db1b-20f0-4eae-bcee-e0847f57fcfc,5,the European Union,欧盟,
98c7846e-15a5-4f13-af0f-2b1ad25ac804,6b8dd5f4-0305-4fbb-b05f-73b4ca4b70b8,6,union with...,与……的联合,
385764df-064b-4c02-b5a0-fa2c7040fd1f,26c75688-b68d-44b5-a0d8-cbf0322298a1,1,a human courtship ritual,人类求偶仪式,
385764df-064b-4c02-b5a0-fa2c7040fd1f,7511d7b1-c8a2-4e8c-bde6-3676ada4081d,2,a ritual dance,仪式性舞蹈,
385764df-064b-4c02-b5a0-fa2c7040fd1f,38b2f16c-ba9b-4e2e-8a8c-6f5d8876c1b1,3,according to the ritual,按照惯例,
385764df-064b-4c02-b5a0-fa2c7040fd1f,08b6690e-e701-43c9-82ca-c5fa7c14991d,4,an educational ritual,教育惯例,
385764df-064b-4c02-b5a0-fa2c7040fd1f,b6f2b364-f6e5-43e6-bb9d-dd9d6b7970eb,5,focus on a ritual,注重仪式,
385764df-064b-4c02-b5a0-fa2c7040fd1f,2ecbae7d-372e-470b-99d4-b9c455cb98ea,6,the ritual of doing sth.,做某事的仪式,
1786f89b-b832-47e5-bf1f-d856ea640210,f8bba6bb-541e-4f9e-b77a-a37f58bb7963,1,supervise a transaction,监督交易,
1786f89b-b832-47e5-bf1f-d856ea640210,f839e7bf-af0f-4753-a065-9d2f451eef50,2,supervise building work,监督建筑工程,
1786f89b-b832-47e5-bf1f-d856ea640210,8d84e08a-71ba-4444-9090-1eb66d0ad5b2,3,supervise the market,管理市场,
dccc8358-02a8-4a71-8e90-210231376986,ff80bb25-36ab-47db-89fe-03ffbc2ade06,1,a savage beast,凶猛的野兽,
dccc8358-02a8-4a71-8e90-210231376986,f9213373-f134-4628-b741-ac1f54e23ae3,2,a savage manner,举止粗暴,
dccc8358-02a8-4a71-8e90-210231376986,2291e619-2b1b-4577-bc4c-5ed53db11df5,3,as a savage,如同野人,
dccc8358-02a8-4a71-8e90-210231376986,4459f393-4c9d-4dcd-862e-4777391e98b3,4,savage sb. to death,攻击某人致死,
81ebd87b-8be0-4e5f-b512-2ff61604d528,2396b6b3-f416-4d23-85ec-42e58d697f28,1,Canada’s premiers,加拿大各省省长们,
81ebd87b-8be0-4e5f-b512-2ff61604d528,59503f03-0d26-40c6-8ffd-55f7937cb2e2,2,be of premier importance,头等重要,
81ebd87b-8be0-4e5f-b512-2ff61604d528,223d70f5-ff56-41e1-bccf-1b9f0290a566,3,take the premier place,占第一位,
4b10b31e-b3dc-429c-8537-cbb59b24e2b4,dcd7ee2f-b859-45b7-908c-c9391e9292c7,1,collective scrutiny,集体审查,
4b10b31e-b3dc-429c-8537-cbb59b24e2b4,7c7064aa-8ffa-431d-90e1-aa7831edba94,2,come under scrutiny,受到仔细审查,
4b10b31e-b3dc-429c-8537-cbb59b24e2b4,d5279c0d-9c37-4ec3-b519-c5e35ea2fac1,3,need scrutiny,需要仔细检查,
4b10b31e-b3dc-429c-8537-cbb59b24e2b4,33e3a2db-0fac-4f6f-a15b-d6c9ba6d43dd,4,public scrutiny,公众监督,
4b10b31e-b3dc-429c-8537-cbb59b24e2b4,fc058040-e0a5-43ff-bb73-33ddab41f51f,5,stand up to scrutiny,经得起推敲,
4b10b31e-b3dc-429c-8537-cbb59b24e2b4,06bda993-b538-43f4-a97d-18e66ffaf201,6,under scrutiny,受到审查,
481921c9-5789-4caf-b961-a62f91ef846a,99e0b83d-68b8-48f8-9361-42b77ee399f8,1,revolve an image,旋转图像,
481921c9-5789-4caf-b961-a62f91ef846a,369dd278-4e8e-497e-9da0-502f94ffc17d,2,revolve around sth.,围绕某物转动,
481921c9-5789-4caf-b961-a62f91ef846a,360416d4-b2f9-4a61-88ae-be09ffd87e36,3,revolve on sth.,环绕某物转动,
c29f095c-61b9-4e48-8d91-5e3ca3105cb1,52f5890a-b5f4-461c-b6ef-a0aa6d915ae1,1,be easy to overturn,容易翻倒,
c29f095c-61b9-4e48-8d91-5e3ca3105cb1,17b43e3d-5dc8-4a82-b2b8-36ca3c2df91c,2,overturn a chair,弄翻椅子,
c29f095c-61b9-4e48-8d91-5e3ca3105cb1,e4c0d67b-371d-42f9-8c4a-8b3fc37eead9,3,overturn a decision,推翻决定,
c29f095c-61b9-4e48-8d91-5e3ca3105cb1,2d74714f-813c-4b4f-b515-0339ce83bcd6,4,overturn a sentence,撤销判决,
503ac91d-3a06-4d4f-85e1-d676e2143e1e,89e5f32d-94d0-4e16-ade5-eb96ff435272,1,a nationalist sentiment,民族主义情绪,
503ac91d-3a06-4d4f-85e1-d676e2143e1e,02d45010-5e8f-4385-9ccc-94e6e3964521,2,be influenced by sentiment,受情绪影响,
503ac91d-3a06-4d4f-85e1-d676e2143e1e,3a3cc060-d26c-49c1-920e-ad792cdda636,3,public sentiment,公众的看法,
287366d2-ab2f-47d2-ae3d-a176063c873b,32416d0b-2754-4598-9ed3-b09139610a85,1,nurture the hope of...,滋生……的愿望,
287366d2-ab2f-47d2-ae3d-a176063c873b,6232fddb-330c-4679-ac2b-7938b95a235f,2,nurture trust,培养信任,
287366d2-ab2f-47d2-ae3d-a176063c873b,0eae546e-9722-47e4-a4e6-755fbc9d4824,3,owe...to nurture,将……归功于后天培养,
0652abcf-b677-419e-a185-5a901c250e2f,d13453ed-f19b-46e3-b6e8-79e44e32ed38,1,begin to revive,开始恢复,
0652abcf-b677-419e-a185-5a901c250e2f,0ba154eb-c67b-468b-b162-905993fb4a38,2,revive a patient,使病人苏醒,
0652abcf-b677-419e-a185-5a901c250e2f,fd7e1746-eb47-4540-810a-14bb56feda70,3,revive a system,恢复系统,
0652abcf-b677-419e-a185-5a901c250e2f,62b0b27e-39e9-413f-888c-c6ab0e125a6c,4,revive an old custom,恢复旧习俗,
0652abcf-b677-419e-a185-5a901c250e2f,61e3d79d-e46a-46ef-9946-4ba6b1c6cf2d,5,revive dynamism,恢复活力,
0652abcf-b677-419e-a185-5a901c250e2f,5e791b26-c895-4ab6-a0d7-27591409daf2,6,revive from a coma,从昏迷中苏醒过来,
d213b47e-a73b-4109-b5e1-1c1b8af07047,6afb6537-10e7-43af-be31-345d562e5431,1,toss in the wind,在风中摇曳,
d213b47e-a73b-4109-b5e1-1c1b8af07047,f6a78412-4e1f-48f6-b172-1cbb3dada72b,2,toss sth. at sb.,把某物扔向某人,
94e79b72-4541-499a-aa0a-30b2f5194ca3,8cd4fd2e-e06a-4a6f-989b-ca33cb2a26a8,1,a pair of spectacles,一副眼镜,
94e79b72-4541-499a-aa0a-30b2f5194ca3,bba163c3-1dd2-4237-ad14-745ac1006d76,2,a public spectacle,公开的闹剧,
94e79b72-4541-499a-aa0a-30b2f5194ca3,3cce3220-85b0-41ff-901b-496ec7d22df4,3,a stunning spectacle,壮观景象,
94e79b72-4541-499a-aa0a-30b2f5194ca3,a2b7dd82-3492-4228-a5f6-8da83dcd6f06,4,hypocritical spectacles,虚伪的场面,
5c21466d-f934-4568-88b3-2b9bcc6e2145,11e98838-6a3d-4a5c-b4f7-c706f7505a5b,1,a spectrum of interests,兴趣范围,
5c21466d-f934-4568-88b3-2b9bcc6e2145,36420b4f-b2bc-41d1-8d9f-efa132695b04,2,opposite ends of a spectrum,光谱的两端,
5c21466d-f934-4568-88b3-2b9bcc6e2145,384fef83-0e3b-49c2-bda2-cfa2a11231d1,3,the political spectrum,政治派别,
5c21466d-f934-4568-88b3-2b9bcc6e2145,36293ce4-f6c6-4178-a0f7-8c523ad5f4d3,4,the sound spectrum,声谱,
ebf415d0-e180-4708-82b6-14622139bf4a,be349aac-eb5c-4eb3-833a-2a0d555876f8,1,a personal triumph,个人的成功,
ebf415d0-e180-4708-82b6-14622139bf4a,98eb5d90-c419-4c27-b97d-eac1dae6e3c1,2,a sense of triumph,喜悦感,
ebf415d0-e180-4708-82b6-14622139bf4a,ea607bb5-41ea-407c-b066-96e764ca6217,3,a shout of triumph,喜悦的欢呼声,
ebf415d0-e180-4708-82b6-14622139bf4a,ec77deab-bb00-4edb-b2fe-2ab61a5f9dff,4,a triumph of...,……的楷模,
ebf415d0-e180-4708-82b6-14622139bf4a,314e8fed-6efd-4856-bce0-fa7e93c23ee1,5,bring sth. to triumph,使某事成功,
ebf415d0-e180-4708-82b6-14622139bf4a,41cd4a5e-ab69-42bd-981e-0764a1789832,6,triumph over...,战胜……,
0d9986ef-d47b-469e-9c14-62c79c7cc274,70f00870-ec6a-473f-be2a-6eeb9778bcc7,1,a trivial detail,细枝末节,
0d9986ef-d47b-469e-9c14-62c79c7cc274,0bbbcba4-4d68-4df7-ae4d-5299e5f37a82,2,a trivial mistake,小错误,
0d9986ef-d47b-469e-9c14-62c79c7cc274,6c53aadc-6d13-4551-b3b6-8d535024343b,3,sound trivial,听起来微不足道,
0d9986ef-d47b-469e-9c14-62c79c7cc274,fd8d3559-3e58-4de8-a18d-ff49128029f2,4,trivial issues,琐事,
b864df3d-bd0b-453f-a82e-5fea41ec8ee5,1d31342b-927e-4c76-877b-cda83d1bff08,1,a little absurd,有点荒谬可笑,
b864df3d-bd0b-453f-a82e-5fea41ec8ee5,8d9d4ece-cf1b-468e-88b1-004b71000657,2,an absurd idea,荒谬的想法,
b864df3d-bd0b-453f-a82e-5fea41ec8ee5,6f9bc29c-af41-42d4-b843-a33542a5c47a,3,an absurd theory,谬论,
b864df3d-bd0b-453f-a82e-5fea41ec8ee5,f8b8de87-fde3-465e-aa7d-2aca60c98a25,4,look absurd,看起来荒谬,
9d54226d-515c-416d-8d82-ef1c815e7fb0,82768ab2-4c62-4900-bcf4-ebf94e9c38a2,1,crawl along/by,缓缓而行,
9d54226d-515c-416d-8d82-ef1c815e7fb0,487c9272-43b5-44a6-b876-bcc82e016eb0,2,learn to crawl,学习爬行,
9d54226d-515c-416d-8d82-ef1c815e7fb0,e29fed52-6a50-436a-ad84-8c50bc4e0282,3,move at a crawl,缓慢行进,
652245a3-6347-4c16-8daa-6da992448018,253a72c4-467a-4e4c-81a8-7fd8f1123ef8,1,a direct subordinate,直接下属,
652245a3-6347-4c16-8daa-6da992448018,9758255a-542e-4bfa-89b3-683cf3cb3a53,2,a subordinate officer,下级官员,
652245a3-6347-4c16-8daa-6da992448018,95ae4f80-aa06-4554-a310-1b091929f090,3,be subordinate to sb.,从属于某人,
652245a3-6347-4c16-8daa-6da992448018,8bd4219d-f34b-45bf-bbb7-4a4d4ab56f59,4,subordinate A to B,使 A 从属于 B,
33e2433a-1921-4e8d-9c7e-318f5b692e90,10a00f6d-4786-4205-94d7-5ae2ab76d866,1,be reinforced by...,被……加强,
33e2433a-1921-4e8d-9c7e-318f5b692e90,a268dcc1-43fd-4c16-b578-03e4bdb7bd9f,2,reinforce social solidarity,加强社会团结,
33e2433a-1921-4e8d-9c7e-318f5b692e90,58ef5283-1213-4b51-bb2c-df43846570ee,3,reinforce steel,加固钢材,
33e2433a-1921-4e8d-9c7e-318f5b692e90,4c69227a-1523-47d7-b90d-23f2bce58cef,4,reinforce the need for...,强化……的需求,
33e2433a-1921-4e8d-9c7e-318f5b692e90,87bccee4-0ac4-4e58-9ff4-3b7cfbe230fd,5,reinforce the power,增强力量,
33e2433a-1921-4e8d-9c7e-318f5b692e90,1b066327-4dd2-48b9-a8e8-bc628028ae30,6,reinforce troops,增派军队,
170f1dfe-ce00-434d-8390-5e396c4924d8,fb616398-f631-40dc-950c-71651f5ecdd0,1,a superficial layer,表层,
170f1dfe-ce00-434d-8390-5e396c4924d8,d61eb743-4bb7-4853-a34e-25ad71d070d7,2,on a superficial level,从表面上看,
170f1dfe-ce00-434d-8390-5e396c4924d8,4ee2b5a9-c0ba-4353-8055-166a71dd433e,3,rather superficial,相当肤浅的,
170f1dfe-ce00-434d-8390-5e396c4924d8,4d068bb9-aec4-43d2-929c-cbbd5cea40c7,4,superficial thinking,肤浅的思想,
508bce88-e602-4e6f-87d6-ce0d31802605,b98b9926-3fba-4d14-8210-622cd6ca5dbf,1,a perpetual union,永久性工会,
508bce88-e602-4e6f-87d6-ce0d31802605,4c47aab8-1e06-4a12-b91f-c9def41cd1d3,2,a perpetual war,持续的战争,
508bce88-e602-4e6f-87d6-ce0d31802605,1cbca6d9-18b9-4dce-9393-e6d45b8270ba,3,perpetual complaints,无休止的抱怨,
508bce88-e602-4e6f-87d6-ce0d31802605,cfa99114-4ad8-4468-a63b-ab32046a5c22,4,perpetual interruptions,反复打扰,
dda8dc4b-d840-4ee7-b96c-635645f6633f,e4ac8184-eb09-4624-a916-0bd73e6e6bbc,1,a twist on sth.,在某方面的转变,
dda8dc4b-d840-4ee7-b96c-635645f6633f,a2482617-ac62-45e9-9fc2-af55532ef929,2,twist one’s head,转过头,
dda8dc4b-d840-4ee7-b96c-635645f6633f,06e06f15-fb58-4917-a6ca-585c667c911d,3,twist one’s words,曲解某人的话,
dda8dc4b-d840-4ee7-b96c-635645f6633f,028d2dce-e0f0-4fbe-9af1-7188a5ff61d9,4,twist...into...,把……拧成……,
e22a5652-743e-48ef-9a83-772efc87cfed,3af9b599-b242-4e12-b007-fee91a846255,1,be easy to recur,容易复发,
e22a5652-743e-48ef-9a83-772efc87cfed,fb5a184c-87e8-4d6d-b6c9-58084ff6a950,2,be likely to recur,有可能重现,
e22a5652-743e-48ef-9a83-772efc87cfed,21ea5b58-238e-4740-824b-d0f0fe6f2499,3,recur frequently,反复出现,
e22a5652-743e-48ef-9a83-772efc87cfed,d45c3a79-f072-426c-a069-04f6f964f099,4,recur year in year,年年重现,
bab53832-6ba9-49c3-bd34-258cff3a1f85,6e7d4252-27a4-4d45-8bc9-cc2523e4673e,1,suppress drug dealers,压制毒贩,
bab53832-6ba9-49c3-bd34-258cff3a1f85,1b550bd4-3eff-4e9f-a220-8270f5458878,2,suppress emotions,抑制情绪,
bab53832-6ba9-49c3-bd34-258cff3a1f85,750aa32d-922b-4599-967e-99779979f385,3,suppress innovation,抑制创新,
bab53832-6ba9-49c3-bd34-258cff3a1f85,9ce190ed-060a-4109-b956-a28ee6161cb1,4,suppress one’s desire,抑制某人的欲望,
bab53832-6ba9-49c3-bd34-258cff3a1f85,340c30df-a7ea-49f2-9410-57abdbb0cc7e,5,suppress rebellion by force,以武力镇压叛乱,
4972b4dd-a37f-40ad-ad29-c77fbdc4e9b6,1fb8d982-b092-4a0a-9b6b-58868c7e727b,1,a complete wardrobe,样式齐全的衣服,
4972b4dd-a37f-40ad-ad29-c77fbdc4e9b6,88275c4c-ee88-45ad-9772-65b253489006,2,a fitted wardrobe,入墙衣柜,
4972b4dd-a37f-40ad-ad29-c77fbdc4e9b6,6f00bae9-a3cd-4bf1-ae4a-27edb0bf120b,3,a wardrobe department,服装部,
4972b4dd-a37f-40ad-ad29-c77fbdc4e9b6,2a08a466-e1b5-4653-a4ed-8d91c39baa93,4,renew one's wardrobe,更新某人的衣橱,
9ffca7ac-a778-40e0-9494-7b93c0c90d8a,c7e88e49-2f90-4639-99e6-bb90d823267a,1,abolish old customs,废除旧习俗,
9ffca7ac-a778-40e0-9494-7b93c0c90d8a,fcc9a7ba-a4c8-431b-9dab-ebf5ba64ffc6,2,abolish slavery,废除奴隶制,
9ffca7ac-a778-40e0-9494-7b93c0c90d8a,c1517807-b404-4be2-a475-98f2cec1a5ec,3,abolish the death penalty,废除死刑,
9ffca7ac-a778-40e0-9494-7b93c0c90d8a,a9810980-0bda-48af-8b66-3deef106a922,4,abolish the practice of...,废除……的做法,
8c5efeea-dec9-4177-8301-cabd777d8208,3a9d8036-d9b4-4b2c-82f5-3d369ae19949,1,a worthy champion,当之无愧的冠军,
8c5efeea-dec9-4177-8301-cabd777d8208,36f32d25-6a3a-4b9a-b81e-665c331aa719,2,a worthy life,有价值的生活,
8c5efeea-dec9-4177-8301-cabd777d8208,2426f781-1286-4a99-aad0-b92caf4e6be6,3,a worthy resident,值得尊敬的居民,
8c5efeea-dec9-4177-8301-cabd777d8208,9e539cf3-a19d-423e-b7ec-c4161ad0537f,4,a worthy strategy,有价值的策略,
8c5efeea-dec9-4177-8301-cabd777d8208,631a5cce-57c1-46b5-ad3f-4061c13bc9e2,5,be worthy of attention,值得关注,
8c5efeea-dec9-4177-8301-cabd777d8208,9f570b2b-6692-46db-95ba-c15a3d2668c0,6,be worthy of doing sth.,值得做某事,
29d1e509-588c-4db5-b542-156ee6aa49fc,a4a47d41-2258-45b9-8b82-6f59680bb493,1,a worthwhile movie,值得一看的电影,
29d1e509-588c-4db5-b542-156ee6aa49fc,5be2d304-cf31-4835-9f2a-403729151438,2,be worthwhile doing sth.,值得做某事,
29d1e509-588c-4db5-b542-156ee6aa49fc,8f665d0b-981f-401f-9599-3912033c3b34,3,worthwhile research,有价值的研究,
1c424e43-de5c-46d9-afef-56c81ab4aa08,57affa1e-c3dc-4cd9-a050-1c3b41d17c93,1,an affiliate of...,……的附属机构,
1c424e43-de5c-46d9-afef-56c81ab4aa08,1d62eb52-edba-4ad1-9730-2147ef61d66a,2,an international affiliate,跨国分公司,
1c424e43-de5c-46d9-afef-56c81ab4aa08,0a15cb89-de1a-4cb0-8f7f-5291e4aee1b8,3,be affiliated with...,隶属于……,
50884744-2811-4fc0-861f-d99812a94944,16aef3ab-e027-448b-8994-e3c11ab21b1b,1,be trumpeted as...,被宣扬为……,
50884744-2811-4fc0-861f-d99812a94944,96d8492f-e556-4274-8a29-b607e15b74ff,2,play the trumpet,吹小号,
50884744-2811-4fc0-861f-d99812a94944,2bd094c6-20bb-4ac7-8bfb-fbc38702d764,3,the sound of the trumpet,喇叭声,
50884744-2811-4fc0-861f-d99812a94944,6556eb93-95d4-4e96-9d00-382d0bd9880f,4,trumpet the efficiency,吹嘘功效,
57c5d55f-150e-41f3-935b-ac0fc0802bb7,46ab465a-a26b-4781-949a-c3459cb29492,1,preparation for sth.,为某事所做的准备,
57c5d55f-150e-41f3-935b-ac0fc0802bb7,fc1f9102-b429-4781-9741-b6ec3042f5f0,2,the preparation of food,准备食物,
57c5d55f-150e-41f3-935b-ac0fc0802bb7,0d6b311a-7e13-471d-997e-153fe0328238,3,wedding preparations,婚礼准备工作,
f82705b1-39f2-4ef2-9ae5-eaf106457a1a,0e588beb-cafc-4a4e-9391-f014d8e330b6,1,a subsequent experiment,随后的实验,
f82705b1-39f2-4ef2-9ae5-eaf106457a1a,8e979b76-a74c-48bd-8459-fe49e9360d0e,2,a subsequent report,后续报道,
f82705b1-39f2-4ef2-9ae5-eaf106457a1a,d0b9ea81-e252-4fd6-8f38-53c43c456e62,3,subsequent contents,后续内容,
f82705b1-39f2-4ef2-9ae5-eaf106457a1a,a9202945-acf9-4888-9b9e-6b74fa1ec4f1,4,subsequent events,后来发生的事,
f82705b1-39f2-4ef2-9ae5-eaf106457a1a,45c584e3-c0fb-4481-a324-c9a8512e2b35,5,subsequent generations,后代,
f82705b1-39f2-4ef2-9ae5-eaf106457a1a,7c7321bf-73fb-40a8-a436-c970c590a8be,6,the subsequent action,后续行动,
c524ebfb-1482-4f2b-8c63-93cdb87ad82d,47dbe641-4f3f-4606-a18a-8a9c2f2c1129,1,in an arrogant tone,以一种傲慢的语气,
c524ebfb-1482-4f2b-8c63-93cdb87ad82d,19bd78ed-e449-43a2-8e51-62cf049d7181,2,insufferably arrogant,不可一世,
7b7ba122-4ae8-4c8b-a888-187e1b6c34a4,28e53b71-5bce-47c8-9c38-c365451ab32f,1,a distant suburb,偏远郊区,
7b7ba122-4ae8-4c8b-a888-187e1b6c34a4,d2ee48ac-da68-4ad5-a0fa-92aaa3d0600b,2,live in the suburbs,住在郊区,
4b06d76c-5266-4b36-a9a5-77c9f187082a,727e4a02-a260-441b-8d96-c5e6ead98b26,1,a basic classification,基本类别,
4b06d76c-5266-4b36-a9a5-77c9f187082a,24b17038-56ff-49ed-b50b-53c404798a39,2,job classifications,工作类别,
4b06d76c-5266-4b36-a9a5-77c9f187082a,ee2d154d-9dc4-4263-bc04-6d2a492e8d55,3,part-timer classification,兼职者的分类,
6b084e87-28a6-420e-88e8-8efa4a01d472,ab6d2e41-84e5-4e31-bedc-c0108a5d0575,1,a cooling off period,冷却期,
6b084e87-28a6-420e-88e8-8efa4a01d472,20114248-e99a-4951-b992-4d955fd79487,2,a crucial period,关键阶段,
6b084e87-28a6-420e-88e8-8efa4a01d472,d3843979-f72b-4e06-b653-3ba09ad15433,3,a historical period,历史时期,
6b084e87-28a6-420e-88e8-8efa4a01d472,b8ca20cf-76d5-4f75-8af5-1dacb0c3597f,4,a long period of time,长时期,
6b084e87-28a6-420e-88e8-8efa4a01d472,a2b70076-3e63-4da4-8fb7-0b527612cb89,5,endure a painful period,经历痛苦时期,
6b084e87-28a6-420e-88e8-8efa4a01d472,a92c90f6-fb5c-47d5-83e6-1aa765b0e2bf,6,in a brief period,在短期内,
dfeb09ef-dff8-4329-9340-e0e40ccbcbca,eea82596-a66e-4549-8b4b-b0a1ff722082,1,a consumer era,消费时代,
dfeb09ef-dff8-4329-9340-e0e40ccbcbca,ca4b5740-2288-49ae-b149-a193d86f5bc5,2,an era of...,……的时代,
dfeb09ef-dff8-4329-9340-e0e40ccbcbca,6de43555-a6cf-4949-925f-4fdfa08177d4,3,the end of an era,一个时代的结束,
dfeb09ef-dff8-4329-9340-e0e40ccbcbca,465a945b-9c67-43b0-9553-52a5547d92e7,4,the post-war era,战后时代,
be66a5ce-37a5-4129-acba-5a25d364bd21,5d4d6dae-158e-438e-8f10-8a51b2cd8cf0,1,a nursing auxiliary,护理辅助人员,
be66a5ce-37a5-4129-acba-5a25d364bd21,16de7f15-920d-4876-9de3-4dfe53a99727,2,an auxiliary course,辅助课程,
be66a5ce-37a5-4129-acba-5a25d364bd21,e61c3503-169d-4f89-b6d7-a71b26a44090,3,an auxiliary motor,备用发动机,
be66a5ce-37a5-4129-acba-5a25d364bd21,084d8c9f-e5d4-4084-ae64-f0e257aece64,4,auxiliary forces,辅助部队,
989ea3bf-b2d5-44f4-8280-587c2bca482f,d3e788ce-63e4-4942-92e0-0e52e8db16c6,1,be recommended for sb.,被推荐给某人,
989ea3bf-b2d5-44f4-8280-587c2bca482f,b66488b0-c08e-4f66-b128-94a6cb45a837,2,recommend a product,推荐产品,
989ea3bf-b2d5-44f4-8280-587c2bca482f,c0428e58-45e1-4288-b6b1-3f166510d9dc,3,recommend an approach,推荐方法,
989ea3bf-b2d5-44f4-8280-587c2bca482f,1f1882f6-de2e-4298-a27c-0eb3fa30e9db,4,recommend doing sth.,建议做某事,
989ea3bf-b2d5-44f4-8280-587c2bca482f,e565b8f1-78bc-4c2b-967d-003f86b476ed,5,recommend legislation,建议立法,
989ea3bf-b2d5-44f4-8280-587c2bca482f,346f7d94-ebae-4b18-ba1f-4a540bf8157c,6,recommend sth. to sb.,向某人推荐某物,
611a4a07-ed91-4155-a28e-ca53e1d641c2,bb77b205-d899-42db-a948-81ed0e5cf01b,1,be granted concessions,获得授权,
611a4a07-ed91-4155-a28e-ca53e1d641c2,21ab8d10-8807-4927-9212-2bff6e97d79c,2,further concession,进一步的妥协,
611a4a07-ed91-4155-a28e-ca53e1d641c2,1cf249f3-6d23-4985-b94c-3c6a292f36a9,3,make more concessions,做出更多的让步,
611a4a07-ed91-4155-a28e-ca53e1d641c2,a565bf99-8424-49b4-aa10-bfefdfd2528b,4,the concession of sth.,承认某事,
1011b225-5d55-4451-8b7f-1fe97ee0a30e,5b22c993-337d-4eb2-9217-61482784dd4c,1,a solar eclipse,日食,
1011b225-5d55-4451-8b7f-1fe97ee0a30e,c77dc043-9bc1-4c07-a2ca-6ff88b370251,2,a solar panel,太阳能电池板,
1011b225-5d55-4451-8b7f-1fe97ee0a30e,523778d8-621a-436a-b973-ed47b0a9d799,3,create a solar sail,创造太阳帆,
1011b225-5d55-4451-8b7f-1fe97ee0a30e,b2d4428a-e24b-47d4-87d2-36199234bd1c,4,solar power,太阳能,
1011b225-5d55-4451-8b7f-1fe97ee0a30e,5ba39850-ac2a-4202-a626-183a63c4fb15,5,the solar calendar,阳历,
1011b225-5d55-4451-8b7f-1fe97ee0a30e,1288acdf-988f-4823-9a18-cfebfdc8fcd2,6,the solar system,太阳系,
8ce34d3b-ed6d-47f2-b81b-df18bf850836,fb6e9990-71e7-480f-8f4e-c7a2a0be227c,1,console oneself with sth.,用某事安慰自己,
8ce34d3b-ed6d-47f2-b81b-df18bf850836,9d952480-8c4a-428f-b06d-b56ce09350ee,2,console sb. in grief,给悲伤的人以慰藉,
8ce34d3b-ed6d-47f2-b81b-df18bf850836,add4f241-515a-4bbf-83d1-1d50911a4db3,3,console sb. on sth.,就某事安慰某人,
04b5e74b-fb42-49b1-b3a0-248dd08dca08,e403eacc-02d7-4b47-a160-eaf3d16611c5,1,a name tag,姓名标签,
04b5e74b-fb42-49b1-b3a0-248dd08dca08,649b91c1-cf8b-4e96-b72c-54882fe557df,2,a price tag,价格标签,
04b5e74b-fb42-49b1-b3a0-248dd08dca08,bc27afee-d057-4351-9ef5-50fcfa2d8b21,3,attach a tag,贴标签,
04b5e74b-fb42-49b1-b3a0-248dd08dca08,48fc2bc5-591e-4ac9-9ec3-edd92cc341b9,4,the anti-science tag,反科学标签,
cf3a4a6d-973b-49bf-9a8e-7450e2b4f159,d3ccb309-7177-48c9-8218-dacf78821b8b,1,attend a convention,参加大会,
cf3a4a6d-973b-49bf-9a8e-7450e2b4f159,21871700-9082-4101-b1dc-ab69dac1696d,2,attend school,上学,
cf3a4a6d-973b-49bf-9a8e-7450e2b4f159,3db1ce1e-ac50-40b7-80d6-257ef2b64042,3,attend to...,照料/处理……,
cf3a4a6d-973b-49bf-9a8e-7450e2b4f159,96eee8a3-3699-4584-9184-0c3c9bd1d2b1,4,be unable to attend,不能出席,
6c70d63d-20e3-46f2-af00-7aa5ed5674f8,43b48949-2b24-41b6-bc32-60bb550b270c,1,correspond regularly with sb.,定期与某人通信,
6c70d63d-20e3-46f2-af00-7aa5ed5674f8,7268bd38-1177-4650-95f6-931207cbccac,2,correspond roughly to...,大致相当于……,
6c70d63d-20e3-46f2-af00-7aa5ed5674f8,31f831ea-aeef-4b6c-a004-cbe648dd0522,3,correspond with...,和……一致,
1d3e3cf7-7329-4503-bd24-6e96c2cb0338,5f4cb8a5-c237-4368-8ece-98a8d78c91d6,1,a blunt instrument,钝器,
1d3e3cf7-7329-4503-bd24-6e96c2cb0338,fb47f368-0030-4016-810a-598a0afbc62a,2,blunt the sharp edge of...,削弱……的锐气,
dbfbd421-f573-4b01-a08d-cab2ff220b75,fb0e5538-3f6c-4ded-af99-93c3b9d6e2a0,1,be difficult to differentiate,很难辨别,
dbfbd421-f573-4b01-a08d-cab2ff220b75,897a85f0-de3a-4b00-b06e-ea93d13dc2d1,2,differentiate A from B,使人有别于B,
dbfbd421-f573-4b01-a08d-cab2ff220b75,6deaead4-2bf0-4b25-9b17-701512687244,3,differentiate between A and B,区分A和B,
dbfbd421-f573-4b01-a08d-cab2ff220b75,af8f48d1-7f95-40fe-821f-337a7bd95a86,4,differentiate effects,区分效应,
dbfbd421-f573-4b01-a08d-cab2ff220b75,4eac8879-0ebc-44ef-952b-034702859526,5,differentiate into...,分化为……,
dbfbd421-f573-4b01-a08d-cab2ff220b75,b36422a6-5b4a-4718-a7e6-74a882530e96,6,differentiate the words,区分单词,
a01530c6-ec83-446c-ab12-f7bf28c55c49,ea679fda-eb4d-4559-b9be-734e329cc6ca,1,a concise report,一份简明的报告,
a01530c6-ec83-446c-ab12-f7bf28c55c49,c17cc58b-567c-4619-a3a8-efcf2d119fe1,2,a concise way to do sth.,做某事的简明方法,
a01530c6-ec83-446c-ab12-f7bf28c55c49,44487bcd-c53a-43f9-801c-014c50451fd4,3,give a concise answer,给出简洁的答复,
21c2df5a-b860-43a0-97c8-e6c91a7d11c7,10afa171-887f-43b0-95e7-1d092ced8d6f,1,be diluted to...,被稀释为……,
21c2df5a-b860-43a0-97c8-e6c91a7d11c7,f3ad7ccd-f73c-42ed-bcb9-c6cbf2d38763,2,dilute the quality,降低质量,
cd334e9b-edab-4ea3-b6f1-7fc3728ee908,99964378-150f-49ef-a6ab-c579214fb75f,1,be conceived in this way,这样想的话,
cd334e9b-edab-4ea3-b6f1-7fc3728ee908,68cb5541-92e1-4b70-8f97-e0e60cde71da,2,be hard to conceive,难以想象,
cd334e9b-edab-4ea3-b6f1-7fc3728ee908,7118a930-98cb-4b27-be14-77ddcf1a6af8,3,conceive A as B,把 A 想象成 B,
cd334e9b-edab-4ea3-b6f1-7fc3728ee908,48fd7e01-f419-4602-9363-b1ef03caf33a,4,conceive a child,怀孕,
cd334e9b-edab-4ea3-b6f1-7fc3728ee908,025372da-0013-4076-aa1f-56882b105779,5,conceive of (doing) sth.,想象（做）某事,
cd334e9b-edab-4ea3-b6f1-7fc3728ee908,5548201d-472f-424f-9b4d-0675e154f414,6,plan to conceive,计划怀孕,
ef625331-a691-448f-b71a-a3e184b45e9e,7fe598b9-e2c5-4ce8-9234-e32d551a9c6d,1,a certain conception,特定概念,
ef625331-a691-448f-b71a-a3e184b45e9e,4edf44d7-386c-458d-b1c8-ae8a4d0598ed,2,a conception of reason,理性概念,
ef625331-a691-448f-b71a-a3e184b45e9e,055cbdec-40a2-4b17-a9e2-d910059fd6dd,3,be admirable in conception,构思绝妙,
ef625331-a691-448f-b71a-a3e184b45e9e,9cc3ef7e-afd7-4dbc-9fc3-1b1528c52e63,4,complete a conception,完善概念,
ef625331-a691-448f-b71a-a3e184b45e9e,818546f0-b65a-429d-ba89-a8f87887e15a,5,have no conception of sth.,对某事没有概念,
ef625331-a691-448f-b71a-a3e184b45e9e,670ea829-7855-486f-8c8c-8b8801c95f5c,6,the conception of sth.,对某物的构思,
af847e58-aadb-44d2-87db-0a2087c48a95,598c2e6f-d94c-4073-89eb-9d504714b539,1,avoid doom,避免厄运,
af847e58-aadb-44d2-87db-0a2087c48a95,67c66097-2a54-4d2c-9a88-8ae336f34062,2,meet one’s doom,死亡,
3db78d22-5fdb-4b7c-9fbc-09fb97270b5f,41233994-0d82-46ca-8950-a660aef2362f,1,evoke a bright future,唤起光明的未来,
3db78d22-5fdb-4b7c-9fbc-09fb97270b5f,53732456-37b0-4bb3-9ec7-fbd857d0ba1b,2,evoke a tradition,唤起传统,
3db78d22-5fdb-4b7c-9fbc-09fb97270b5f,57f4bc69-99e0-4891-b057-bf0b74949513,3,evoke one’s memory,勾起某人的回忆,
3db78d22-5fdb-4b7c-9fbc-09fb97270b5f,20b14e73-b360-4e4e-80b4-8e6e5d37488d,4,evoke public sympathy,引起公众的同情,
88323c21-6ab4-4258-b618-762b40583bea,9b166484-99de-4500-b061-916e004ef7ad,1,a direct answer,坦率的回答,
88323c21-6ab4-4258-b618-762b40583bea,4538cecc-dddf-4208-9c5c-9042065d8e0c,2,a direct link,直接的联系,
88323c21-6ab4-4258-b618-762b40583bea,4186e156-33d0-45f2-a250-22560887abbf,3,direct funds,管理资金,
88323c21-6ab4-4258-b618-762b40583bea,b83eedd6-0a1a-447f-94cb-3fc37460b6fc,4,direct sth. to sb.,把某物对准某人,
48f0d7ef-8165-493d-8d1b-64768973dddf,7edc856b-ac06-42ea-b303-e8edc284e8eb,1,a director with foresight,有远见的经理,
48f0d7ef-8165-493d-8d1b-64768973dddf,30b67f15-a79c-4e5b-bf48-d2db34cde45d,2,a notable director,著名导演,
48f0d7ef-8165-493d-8d1b-64768973dddf,e8869ce9-0863-43b2-a727-72aa7103417a,3,an executive director,执行董事,
48f0d7ef-8165-493d-8d1b-64768973dddf,234e3253-046d-4024-9f69-f494c4251b38,4,an outside director,外部董事,
797fb852-7d37-4a6e-942e-799abdb42820,1d032bbe-ad57-4b7c-8967-b36fd57fed7d,1,condense into a particle,浓缩成粒子,
797fb852-7d37-4a6e-942e-799abdb42820,80b7e35e-eff2-4d69-84ee-b917266bf9eb,2,condense into water,凝结为水,
797fb852-7d37-4a6e-942e-799abdb42820,db1faaa3-b920-45b8-898c-58dab06f4848,3,condense milk,将牛奶浓缩,
797fb852-7d37-4a6e-942e-799abdb42820,7afde286-3135-4bf7-a000-0cb5a52793ad,4,condense steam,使蒸汽凝结,
ce2eb99f-8c24-4ef9-b6f6-8166f26ce357,8bf2d097-0adf-414a-ac47-9462fc957461,1,exclaim at sb.,对某人惊叫,
ce2eb99f-8c24-4ef9-b6f6-8166f26ce357,9816b4c7-e630-4681-a2be-b4e34764c3d4,2,exclaim in despair,绝望地呼喊,
ce2eb99f-8c24-4ef9-b6f6-8166f26ce357,8138fda2-720d-4e80-b9f2-e49c96c2a14b,3,exclaim with delight,欢呼,
ce2eb99f-8c24-4ef9-b6f6-8166f26ce357,ff876a20-e476-4609-ac74-0b36c817f2b6,4,hear sb. exclaim,听见某人惊叫,
9f25cfc6-0a4e-44c0-9885-0682be6b67ad,9260001c-99b6-42ef-9c60-7169d301942a,1,be exempt from...,免于……,
9f25cfc6-0a4e-44c0-9885-0682be6b67ad,1b73eb60-0515-48c5-b394-58a650bb505e,2,exempt goods,免税货物,
9f25cfc6-0a4e-44c0-9885-0682be6b67ad,76dedd03-d716-4ea1-996e-35b56116c525,3,exempt sb. from sth.,使某人免于某事,
9f25cfc6-0a4e-44c0-9885-0682be6b67ad,33091548-4e34-4f27-bad7-dae5e1b5ec85,4,partially exempt,部分免除,
12ba8b19-da31-4f39-b581-8356a701dc8b,966b6a6f-a5f5-43d0-b111-a35624bdb8bf,1,be exemplified by...,以……为代表,
12ba8b19-da31-4f39-b581-8356a701dc8b,bb4162b7-f8db-4bb0-8d37-f65a6f4b7bf3,2,exemplify A with B,用 B 说明 A,
12ba8b19-da31-4f39-b581-8356a701dc8b,5da2af77-1197-4470-aba3-c294d92f8e26,3,exemplify a point,举例说明论点,
12ba8b19-da31-4f39-b581-8356a701dc8b,a1e610c3-ec5a-4f73-a883-1c82cea7cca6,4,exemplify the division,举例说明区别,
12ba8b19-da31-4f39-b581-8356a701dc8b,7d5e172b-8478-42fa-8ff0-6435e3b8f93c,5,exemplify the response,举例说明反应,
12ba8b19-da31-4f39-b581-8356a701dc8b,43166d6e-b01f-44b9-939b-8032239ee31d,6,exemplify the style of...,代表……风格,
65f9a4ba-0a88-4c53-a2a2-363ad420fb67,c3d40aaa-26e1-43ec-baaf-4a85bd5489e5,1,a conspiracy between A and B,A和B的合谋,
65f9a4ba-0a88-4c53-a2a2-363ad420fb67,a2dc1721-389b-484f-a92d-100dcdcf2da4,2,part of a conspiracy,阴谋的一部分,
f7e11bfa-16df-4213-a0ac-54b5a483a483,ef254e0c-b0c8-4d06-923b-93b0447e05b1,1,an extravagant claim,夸大其词,
f7e11bfa-16df-4213-a0ac-54b5a483a483,ebad83a0-c60b-43bf-a818-7244d7133740,2,an extravagant home,豪宅,
f7e11bfa-16df-4213-a0ac-54b5a483a483,3714d6a8-ec3b-4698-893f-d5e23852fd76,3,an extravagant lifestyle,奢侈的生活方式,
f7e11bfa-16df-4213-a0ac-54b5a483a483,96f97d35-7691-473f-a604-2087ef324620,4,be extravagant with water,浪费水,
a28653ec-ecdc-4867-8710-4c60955e2c9c,017aa4ed-e2a9-4322-b437-23bfa7d6204b,1,an online comment,网络评论,
a28653ec-ecdc-4867-8710-4c60955e2c9c,bd3c252f-b273-4648-b4fe-854e0b0c50e8,2,be available for comment,可做出评论,
a28653ec-ecdc-4867-8710-4c60955e2c9c,c40030b8-4235-4da7-96e7-8bdce928cc4b,3,comment on an event,评论事件,
a5f78854-d4c6-4859-9ffd-267cc1c140ae,584ac288-107e-458d-98e3-85539ca1aab7,1,enforce a ban,实施禁令,
a5f78854-d4c6-4859-9ffd-267cc1c140ae,6dbbf47f-2969-4e2a-96e2-6c619ba9a726,2,enforce a ceasefire,强制执行停火命令,
a5f78854-d4c6-4859-9ffd-267cc1c140ae,d7b652d0-8da0-4e9a-823b-d6896f1e6b08,3,enforce a law,执法,
a5f78854-d4c6-4859-9ffd-267cc1c140ae,e72628ef-399e-4be7-b372-3694fd812e8f,4,enforce sth. on sb.,把某物强加于某人,
b2ab0cd4-fe4b-46b6-8012-0bbcfadfe318,2273d1ac-6e93-42b4-b2e8-fb62e002549c,1,following one’s death,在某人死后,
b2ab0cd4-fe4b-46b6-8012-0bbcfadfe318,48168293-ba20-408d-8e5c-7394bfe9009f,2,the following day,第二天,
b2ab0cd4-fe4b-46b6-8012-0bbcfadfe318,6ff7bdc5-1548-4755-8c80-3b68e5898931,3,the following operations,下列操作,
13fe094c-76c2-418c-b6e5-93070134ffbd,ed956c7b-1c03-433b-ba63-4841202a7a3f,1,be afraid for...,为……担心,
13fe094c-76c2-418c-b6e5-93070134ffbd,2ee05e37-8ca2-40c9-bf60-ff8a50368dac,2,be afraid of doing sth.,害怕做某事,
13fe094c-76c2-418c-b6e5-93070134ffbd,8c349960-fd96-4c18-b7a6-2a68c496fb93,3,be afraid of...,害怕……,
13fe094c-76c2-418c-b6e5-93070134ffbd,31f6693b-1aea-4140-b027-d6a90820b55e,4,be afraid to do sth.,害怕做某事,
93809271-814e-40d5-a210-d3709f9afb2a,37635e1f-7bc5-42a6-a0dd-a318cee3eef3,1,hold hospitality attitude,保持好客态度,
93809271-814e-40d5-a210-d3709f9afb2a,bbe20eb2-1243-40f9-8a0c-5c47974982b1,2,kind hospitality,盛情款待,
93809271-814e-40d5-a210-d3709f9afb2a,ce60be5d-7eac-49cc-b44e-18026b9d9cee,3,the hospitality industry,招待性行业,
93809271-814e-40d5-a210-d3709f9afb2a,23b049e6-5582-4f39-8d06-7525e2780e80,4,the tradition of hospitality,好客的传统,
25c0fe84-0781-4537-bbf4-f17fb22f7624,f9b28a14-9f0c-433a-9bdf-36a8d95f4661,1,an illusion of control,控制的错觉,
25c0fe84-0781-4537-bbf4-f17fb22f7624,1d15873e-96f2-4c94-9742-dc586f8741b3,2,an illusion of happiness,幸福的幻想,
25c0fe84-0781-4537-bbf4-f17fb22f7624,1e0edf45-11f6-4d4b-ad91-2f7d698a987e,3,create an illusion,产生错觉,
25c0fe84-0781-4537-bbf4-f17fb22f7624,a4b6bd29-8f8a-4902-bf91-559782760fa6,4,have an illusion about sb.,对某人抱有幻想,
25c0fe84-0781-4537-bbf4-f17fb22f7624,050ec386-d058-4c7b-8ef4-ba9f7cda084d,5,shatter illusion,打破幻想,
25c0fe84-0781-4537-bbf4-f17fb22f7624,c99bbbaf-4f71-4feb-bc08-1603edd2fdb0,6,sustain the illusion of...,维持……的幻想,
50773505-9b98-444a-98a9-b463183fb30a,4cd67566-6a60-4272-9e5b-c3de88482368,1,an adult patient,成年患者,
50773505-9b98-444a-98a9-b463183fb30a,9d32baf5-e7c6-40bc-80e1-213dd3e58058,2,be patient with...,对……有耐心,
50773505-9b98-444a-98a9-b463183fb30a,e3de01ae-febc-471e-91d8-046bc5d66cac,3,benefit patients,造福病人,
50773505-9b98-444a-98a9-b463183fb30a,13757d6c-e149-4e45-96c7-d9599096a405,4,patient purpose,坚韧不拔,
50773505-9b98-444a-98a9-b463183fb30a,0b1313f9-0dbf-4b72-8f6c-bc602a9afed0,5,the record of a patient,患者病历,
102feae0-17aa-4f19-99a9-87a79a6ec66e,d18b083a-65d5-4fe5-8f52-11e78749a370,1,be implicit in sth.,隐含在某物中,
102feae0-17aa-4f19-99a9-87a79a6ec66e,2cfbc58f-d367-4b27-8660-1da25d55a036,2,implicit criticism,含蓄的批评,
102feae0-17aa-4f19-99a9-87a79a6ec66e,e8b30722-ae3c-4f20-a02d-e3ccca2c1948,3,implicit knowledge,隐含的知识,
102feae0-17aa-4f19-99a9-87a79a6ec66e,25a62e67-e311-413d-8b6f-92adaac59104,4,implicit obedience,盲从,
102feae0-17aa-4f19-99a9-87a79a6ec66e,f6a81adf-e858-4e65-aa13-575e7e6be55a,5,implicit reference,隐含的关联,
102feae0-17aa-4f19-99a9-87a79a6ec66e,84138a97-2f72-4075-9a74-d6cfaccf1b1f,6,the implicit trust,绝对信任,
c126b8e3-f106-410b-b64c-f785d2d20b12,207abed9-a101-428e-813a-0f23306949a7,1,a bit monotonous,有些单调,
c126b8e3-f106-410b-b64c-f785d2d20b12,47a70960-b2ec-416e-a237-d5501fc9feed,2,monotonous beats,单调的节奏,
c126b8e3-f106-410b-b64c-f785d2d20b12,4d47b19d-fa19-489e-849e-6b95c68c4f4d,3,monotonous regularity,单调的规律,
6982f104-9f51-4a0d-9f90-a9d08a72f457,6eeb8dcc-b80f-4e76-b06b-7fe51f3555df,1,grieve loss,因失去而悲伤,
6982f104-9f51-4a0d-9f90-a9d08a72f457,fab0290d-18a6-4304-a393-4fad52eb15f3,2,grieve over/for sth.,为某事感到悲伤,
081bd26d-06ba-412f-9f75-c5e69fea69b7,172b9d2f-e53e-4326-8d0e-f7ab368fe4b4,1,an intricate IT system,复杂的 IT 系统,
081bd26d-06ba-412f-9f75-c5e69fea69b7,ed3a7ecd-48d0-4d93-872d-25cc4991c5fa,2,an intricate web,复杂的网页,
e3c65b3f-52db-4c67-95b1-021ba5b2820a,bb1f6037-75c8-47e4-a9f4-95ecfc538b89,1,a close conjunction,紧密结合,
e3c65b3f-52db-4c67-95b1-021ba5b2820a,7c4ced4c-5bdd-4e5b-af06-c04cb1dedc68,2,a conjunction of A and B,A 与 B 的结合,
e3c65b3f-52db-4c67-95b1-021ba5b2820a,1cef93cf-f641-46dc-86fa-01a21de12d8b,3,in conjunction with...,连同……,
b3567e76-a79f-470a-ae5e-5dee5b8615e9,50a2a6de-4c5b-4006-a13e-20f38dfa2bdc,1,be nasty to sb.,对某人不友好的,
b3567e76-a79f-470a-ae5e-5dee5b8615e9,49712e47-fc30-45a6-bea8-599707a6d625,2,have a nasty taste,口感很差,
7ddf7bc0-7c25-40d1-a2e0-c5f3f3cd45ab,ead62bc7-310b-40ab-ba41-44da0c9af591,1,lure sb. away from...,诱惑某人离开……,
7ddf7bc0-7c25-40d1-a2e0-c5f3f3cd45ab,8743d1d0-8125-4de6-93ca-2ca20a0cf439,2,lure sb. into doing sth.,吸引某人做某事,
7ddf7bc0-7c25-40d1-a2e0-c5f3f3cd45ab,ffc583a2-80eb-476b-a66e-c8918c2fe1da,3,lure sb. to do sth.,引诱某人做某事,
7ddf7bc0-7c25-40d1-a2e0-c5f3f3cd45ab,95b3acc4-ddc6-4d5f-88ca-5f3e5ad4efd5,4,resist a lure,抵御诱惑,
7ddf7bc0-7c25-40d1-a2e0-c5f3f3cd45ab,bab46b1f-945b-4455-83b6-f0d4182034a2,5,the lure of...,……的魅力,
7ddf7bc0-7c25-40d1-a2e0-c5f3f3cd45ab,cdd7c3b9-eb53-4808-a660-9c7ea698d072,6,use sth. as a lure,用某物作诱饵,
1f3d54b9-ba1d-4b50-98ce-30c0588963f5,86910ddd-d6af-4d4f-ae19-4c74d03b1206,1,an inhabitant of the town,城镇居民,
1f3d54b9-ba1d-4b50-98ce-30c0588963f5,78b39688-70f9-45cd-b8f1-5d6d2925a9ea,2,inhabitant distribution,居民分布,
1f3d54b9-ba1d-4b50-98ce-30c0588963f5,8c830e19-4cfe-4bd2-8837-e186fdc5edae,3,the island’s inhabitants,岛民,
1f3d54b9-ba1d-4b50-98ce-30c0588963f5,834530e7-b5e7-40da-baa5-3071ada4ae14,4,without an inhabitant,无人居住,
f3572e6d-b9d2-4e97-ac58-4787a043c361,b8fb65da-0e7e-419e-a46a-fe6403997321,1,assess merit,评估价值,
f3572e6d-b9d2-4e97-ac58-4787a043c361,21d04db0-4ffd-4403-814d-507b45b99b84,2,be based on the merits,基于优势,
f3572e6d-b9d2-4e97-ac58-4787a043c361,021f2a8d-737e-40ce-9c4e-cba9c71fc303,3,have some merit,有一定的优点,
f3572e6d-b9d2-4e97-ac58-4787a043c361,f7e1ffab-41fd-412e-8220-aae62b7d1363,4,merit a prize,值得奖赏,
f3572e6d-b9d2-4e97-ac58-4787a043c361,dbec59b2-ef0e-4a46-afdf-ad97f954bcec,5,merit pay,绩效工资,
f3572e6d-b9d2-4e97-ac58-4787a043c361,4983dac1-69ab-4e2b-9a2c-fb53fccf5a88,6,merits of...,……的长处,
baf6a3bd-6887-4959-8571-65a1e6d938a0,a8a7ec18-4811-45a2-b8c4-7f18a947586c,1,neglect of sth.,忽视某物,
baf6a3bd-6887-4959-8571-65a1e6d938a0,6c15c625-3b01-4a16-8ee9-9b6b594ecaa0,2,neglect the baby,疏于照顾孩子,
baf6a3bd-6887-4959-8571-65a1e6d938a0,90b87cff-68cf-41e7-9b16-9da233d72b55,3,neglect the happiness,忽略幸福,
baf6a3bd-6887-4959-8571-65a1e6d938a0,f6444807-c28d-49bb-8657-936231ce29f4,4,neglect the sign of sth.,忽视某事的迹象,
baf6a3bd-6887-4959-8571-65a1e6d938a0,3585a550-d649-4a0e-9a2f-e7ca3d70b8aa,5,neglect to do sth.,忘记做某事,
baf6a3bd-6887-4959-8571-65a1e6d938a0,04f9964d-b0a0-4785-ab1e-163643788bb6,6,unconscious neglect,无意的疏忽,
a0be00fe-4195-4c97-b2bb-1990e252bdd0,ce478c18-a0a5-42f1-8086-1f0b47ce2979,1,a negligible amount,很小的量,
a0be00fe-4195-4c97-b2bb-1990e252bdd0,41e55722-c14a-4a98-9096-1d2b240a07c8,2,a negligible difference,极小的差别,
a0be00fe-4195-4c97-b2bb-1990e252bdd0,f908bdce-83f5-49eb-98da-79a6766e5c1d,3,a negligible effect,微不足道的影响,
a0be00fe-4195-4c97-b2bb-1990e252bdd0,4fc84ec8-a90a-47bc-82d3-832016d6de8e,4,negligible damage,轻微的破坏,
e47d73fe-6dee-4d33-b37c-5a515bc63165,05ed2f8e-088c-46c4-8039-62eba7fc7121,1,a mere mortal,普通人,
e47d73fe-6dee-4d33-b37c-5a515bc63165,28c1bbf1-ec8a-4907-a55b-9e29a9658e9f,2,a mortal strike,致命一击,
e47d73fe-6dee-4d33-b37c-5a515bc63165,3704731a-174e-4f14-b43c-0af1e918ad75,3,be designed to be mortal,注定要死去,
e47d73fe-6dee-4d33-b37c-5a515bc63165,be12713d-3d85-40c8-bb09-707ab7d2058a,4,in mortal danger,处于极度危险中,
83ee9724-8801-4498-bc42-44ce9a6c25cc,b8a4efae-d8e2-4119-83e1-9ba73951633d,1,a numerical example,数值例子,
83ee9724-8801-4498-bc42-44ce9a6c25cc,dc916131-4852-4efd-9f47-79778519ab66,2,a numerical pattern,数值模式,
83ee9724-8801-4498-bc42-44ce9a6c25cc,40614d66-66df-4ad1-adf2-c945df0f4801,3,a numerical sequence,数字序列,
83ee9724-8801-4498-bc42-44ce9a6c25cc,5a9f21f9-7995-4b47-9279-a2e39c33f91f,4,a numerical standard,数字标准,
83ee9724-8801-4498-bc42-44ce9a6c25cc,540c23f2-8766-4c2c-b4d9-d9ef1de65922,5,have no numerical cap,没有数值上限,
83ee9724-8801-4498-bc42-44ce9a6c25cc,8c5bb180-6581-4921-94be-c8e2c66b0065,6,in numerical order,按数字顺序排序,
52cd6176-df86-4f3a-a776-4f85a44a971a,db4f43f0-dd5d-4a64-99d3-2a2e35cda48e,1,groan about...,抱怨……,
52cd6176-df86-4f3a-a776-4f85a44a971a,124f6efa-6f8c-4c69-b9af-cb9286996f12,2,groan at...,抱怨……,
52cd6176-df86-4f3a-a776-4f85a44a971a,8d294421-4959-49fe-8133-ec487e523f8e,3,groan with pleasure,愉快地哼哼,
7f359ceb-fdfc-4137-9957-1f6c42c0f1c9,faf82569-24ed-4763-ad0a-fb5ca7779e8e,1,an aggressive outrage,侵略暴行,
7f359ceb-fdfc-4137-9957-1f6c42c0f1c9,6bef89a4-caf4-4d72-9141-75b7ec137582,2,provoke outrage,激起愤怒,
b1f291bf-b350-4140-9e87-796811dc802a,4265ffd3-d409-4967-9c86-b0db4b2b0ee0,1,a comfort zone,舒适区,
b1f291bf-b350-4140-9e87-796811dc802a,79920af9-8bcd-4cab-bb79-783a6d37118c,2,an earthquake zone,地震带,
b1f291bf-b350-4140-9e87-796811dc802a,7766492d-1f19-4e32-aacb-270c760b799e,3,the euro zone,欧元区,
f38ce7f1-8517-4379-9124-5eee0a04a9d0,c354c107-406e-4522-a537-e043aa0874e4,1,a reign of murder,残暴的统治,
f38ce7f1-8517-4379-9124-5eee0a04a9d0,9b5c413f-b4f3-4e6d-aea5-47b06b33dc0c,2,during the reign of sb.,在某人统治期间,
f38ce7f1-8517-4379-9124-5eee0a04a9d0,e7a51247-fe7c-4d0c-858e-7fe7c2591217,3,the Nazi reign,纳粹统治时期,
c3627493-ee5f-4b21-9a80-6a1a5b6b3c41,5975bbe3-119c-4b82-b171-88953b068e97,1,a brutal regime,残暴的政权,
c3627493-ee5f-4b21-9a80-6a1a5b6b3c41,fc475bb0-64c2-4cab-b77f-0cb09c9e0b4e,2,a tax regime,税收管理体制,
c3627493-ee5f-4b21-9a80-6a1a5b6b3c41,c3a5bcf9-61af-4cf5-bc39-e6615e3a61be,3,an old regime,旧政权,
c3627493-ee5f-4b21-9a80-6a1a5b6b3c41,f6c2ab70-bb0c-4db5-80a5-2fbdda58ed33,4,regime change,政权更替,
c3627493-ee5f-4b21-9a80-6a1a5b6b3c41,e2020927-41b6-4805-b572-c1ab1622f261,5,successive regimes,继任政权,
c3627493-ee5f-4b21-9a80-6a1a5b6b3c41,afc2a055-61ce-4c10-bcd3-fcb6f915af3f,6,the end of a regime,统治末期,
3525ac5d-c8e8-4c44-970e-ddde1769ee97,6c735402-ef24-4ad1-ad20-f1eaf4982a61,1,a reckless nature,鲁莽的性格,
3525ac5d-c8e8-4c44-970e-ddde1769ee97,65a4a082-1a20-449a-beba-eb5701cc05ef,2,reckless behaviour,鲁莽的行为,
3525ac5d-c8e8-4c44-970e-ddde1769ee97,2f9b6973-5b00-4724-9eba-64b113965d5f,3,reckless spending,不计后果的消费,
3525ac5d-c8e8-4c44-970e-ddde1769ee97,50b30759-d36b-455e-9602-338b44706928,4,with reckless abandon,毫无顾忌,
fd15f70b-ffa5-4c30-8823-d9b89c457a59,ba862422-ca0e-47d7-8dbe-e4a5ab7d631c,1,fail to persuade sb.,未能说服某人,
fd15f70b-ffa5-4c30-8823-d9b89c457a59,1171ddfb-15c8-4a9e-96c9-0d2cc48ffd12,2,persuade sb. into doing sth.,说服某人做某事,
fd15f70b-ffa5-4c30-8823-d9b89c457a59,24aa384b-9a7f-4f9c-abef-e32cfca5b008,3,persuade sb. of sth.,使某人相信某事,
fd15f70b-ffa5-4c30-8823-d9b89c457a59,7eff1b46-b8c5-443d-bd2b-a278593bc558,4,persuade sb. to do sth.,劝说某人做某事,
9a532622-a562-4469-8439-209f2bef98ef,867e0602-7be8-445f-84f6-850a8315b367,1,a method of persuasion,劝说方法,
9a532622-a562-4469-8439-209f2bef98ef,06b37440-3b98-42f2-867b-fbe56cadebd4,2,a political persuasion,政治信仰,
9a532622-a562-4469-8439-209f2bef98ef,8f3ec77a-0f46-4cdd-bc7f-ea56a9b6fb28,3,be based on persuasion,基于说服力,
9a532622-a562-4469-8439-209f2bef98ef,8db7cdb3-f363-44e9-bf05-32879427acc4,4,ethical persuasion,道德劝说,
9a532622-a562-4469-8439-209f2bef98ef,05e93060-53a2-42f3-bfb5-7e8afeb0678c,5,religious persuasion,宗教信仰,
9a532622-a562-4469-8439-209f2bef98ef,5a6f3216-1006-4284-b11f-408923a63e4c,6,rely on persuasion,依靠说服,
bfee0a65-2c39-4677-b576-ad92e7319997,2e314734-78a2-4eb0-a95c-f660f510411d,1,plead for sth.,恳求获得某物,
bfee0a65-2c39-4677-b576-ad92e7319997,74ebabee-c879-4591-a4ad-65a9fc426102,2,plead guilty,认罪,
bfee0a65-2c39-4677-b576-ad92e7319997,5336fac0-ab6c-4362-9104-f67d3161bb04,3,plead with sb. to do sth.,恳求某人做某事,
bfee0a65-2c39-4677-b576-ad92e7319997,7a7d4b0a-3e1c-40bf-b924-d500fdf61ec8,4,refuse to plead,拒绝认罪,
a15844e2-2205-49d1-8517-8265eab83b68,aacebd0c-4b73-4ece-8b83-d13514e1aebe,1,a renaissance in...,……的复兴,
a15844e2-2205-49d1-8517-8265eab83b68,e4f6cde7-cc82-41fe-a450-356cccea8c2e,2,an economic renaissance,经济复兴,
a15844e2-2205-49d1-8517-8265eab83b68,e461f204-90ac-4b1d-b146-aa9d331075a6,3,during the Renaissance,在文艺复兴时期,
a15844e2-2205-49d1-8517-8265eab83b68,0c799ca2-fa9b-4957-a8ab-eb77f0ae7f4c,4,undergo a renaissance,经历复兴,
7305a360-67e5-4083-b93e-575ee08a736e,3d46c205-707a-4c37-a01f-a1cd9e454f18,1,a fire-prone district,火灾多发区,
7305a360-67e5-4083-b93e-575ee08a736e,a0370925-0df6-424f-82d3-dbce81fa4bd0,2,a prone position,俯卧,
7305a360-67e5-4083-b93e-575ee08a736e,c594c142-02d2-4e35-8e3a-0627a4fb52f4,3,be prone to do sth.,倾向于做某事,
7305a360-67e5-4083-b93e-575ee08a736e,2768b99e-4b77-4ca0-9e64-2fa182c28c3e,4,be prone to injury,容易受伤,
7777cc46-8422-4e0c-b535-ff9b7abc4327,aee25816-f899-407a-9fa0-75391c52a000,1,a giant reservoir,巨型水库,
7777cc46-8422-4e0c-b535-ff9b7abc4327,1c38b913-1bad-498f-8472-831c5c0cdbd8,2,a huge oil reservoir,巨大的石油储备,
7777cc46-8422-4e0c-b535-ff9b7abc4327,8bcd368a-89b7-437d-a005-538d1a2f8d07,3,a reservoir of energy,能量储备,
7777cc46-8422-4e0c-b535-ff9b7abc4327,f75a340b-5cff-4147-a457-9828178c0461,4,gush into a reservoir,涌入水库,
69c54e09-21a9-48ef-bb98-17156ffec181,b7766aa8-065f-47f1-81cc-41856ebb33a4,1,sanction the use of force,批准使用武力,
69c54e09-21a9-48ef-bb98-17156ffec181,4031b731-09c1-48b5-9ebe-37b4cf43c743,2,sanctions for sb.,对某人的制裁,
69c54e09-21a9-48ef-bb98-17156ffec181,01e0db8f-12e0-4af0-aa6e-471bc7008acb,3,trade sanctions,贸易制裁,
69c54e09-21a9-48ef-bb98-17156ffec181,7b8068fc-6895-41ad-a248-2cc5343f8e79,4,without the sanction of...,未经……的许可,
dd93b10c-a11e-4493-a7cc-7f0c7e06af1b,2ba2d70b-4fa5-4da0-aa57-ba00927100cb,1,a preliminary step,第一步,
dd93b10c-a11e-4493-a7cc-7f0c7e06af1b,2570827c-1e34-4390-b950-7900fdc8a97a,2,a preliminary to sth.,某事的初步行动,
dd93b10c-a11e-4493-a7cc-7f0c7e06af1b,7cff7657-2946-47a2-a16b-2eb9c0bf3b5d,3,be preliminary to sth.,是某事的初步阶段,
dd93b10c-a11e-4493-a7cc-7f0c7e06af1b,ec6ced94-86cc-4d81-b2e6-45144d400234,4,get through a preliminary,通过预赛,
dd93b10c-a11e-4493-a7cc-7f0c7e06af1b,2c443b82-7f73-43bc-9f21-d4af0999478d,5,give preliminary approval,初步通过,
dd93b10c-a11e-4493-a7cc-7f0c7e06af1b,34d01ec5-d4cc-491f-862b-173e6facb868,6,preliminary evidence,初步证据,
4468f77a-15f7-43ba-bce4-6b69b50ded50,93a153a5-876d-434f-a3c0-349e7a687904,1,a pessimistic view,悲观的看法,
4468f77a-15f7-43ba-bce4-6b69b50ded50,26478c95-624b-4a4d-afcf-a9e961c47411,2,be pessimistic about sth.,对某事很悲观,
4468f77a-15f7-43ba-bce4-6b69b50ded50,461d79d4-5ce0-4e8f-b447-01c000f9f570,3,far too pessimistic,过于悲观,
4468f77a-15f7-43ba-bce4-6b69b50ded50,db84fa36-87be-4117-8802-94f3d4c40f96,4,pessimistic psychology,悲观心理,
64881192-f5c0-466e-bc07-d96a22c6cb51,42781941-b73d-401e-a43c-04d55f7389b9,1,a high-school senior,高中毕业班学生,
64881192-f5c0-466e-bc07-d96a22c6cb51,9186ef76-a3e1-4723-93d5-11df6c2143fa,2,a senior executive,高级管理人员,
64881192-f5c0-466e-bc07-d96a22c6cb51,49460942-ba50-443d-890a-e8f9637b1019,3,a senior medical figure,资深医疗专家,
05cb04e6-9494-4116-886f-51c0b2a5e025,9a9f78f5-86d0-4133-ae9e-8832707b66f7,1,be partial to sth.,热爱某物,
05cb04e6-9494-4116-886f-51c0b2a5e025,ffb845e6-58dd-4cba-8dcb-d87c59224a6a,2,partial contents,部分内容,
22f426e9-4b74-430e-bf09-9dcf1bb5ddd0,26bba63f-73bd-4df8-b9da-ce1fed3f970b,1,rectify a fault,改正缺点,
22f426e9-4b74-430e-bf09-9dcf1bb5ddd0,c68f4eb1-9b86-4a95-b7be-18e341eb81ee,2,rectify one’s vision,矫正视力,
22f426e9-4b74-430e-bf09-9dcf1bb5ddd0,9787ed23-319b-4e50-86b6-d4abf7d62492,3,rectify the error,纠正错误,
22f426e9-4b74-430e-bf09-9dcf1bb5ddd0,03e2ebd2-7b82-4fb9-b738-05deb0446a36,4,rectify the situation,矫正形势,
9818e1b9-115d-4b05-94be-efef4d150e84,24a7d0ff-49cb-48b8-8e42-cb010ebc3b44,1,be permeated by...,弥漫着……,
9818e1b9-115d-4b05-94be-efef4d150e84,0147635d-ca67-46d0-82ae-780b186d854e,2,permeate into...,渗透……,
9818e1b9-115d-4b05-94be-efef4d150e84,6bd7fdb4-1b3c-4381-8556-4f46dc4c810c,3,permeate through...,渗进……,
bc379bf3-3c95-46fc-a507-9db31d526445,581428ea-5874-441a-9bd0-e128ef415c8a,1,a sociology professor,一位社会学教授,
bc379bf3-3c95-46fc-a507-9db31d526445,0c775225-b83b-43ad-bcd9-f9f082739bf2,2,economic sociology,经济社会学,
bc379bf3-3c95-46fc-a507-9db31d526445,b659a9b0-c55c-4277-ab65-2356680c7efe,3,major in sociology,主修社会学,
bc379bf3-3c95-46fc-a507-9db31d526445,13297ba9-2f5d-495f-8522-bc775d7b6226,4,transfer to sociology,转向社会学,
0764fb03-4c0e-4e13-8d2a-c206470372ec,96b5c2a7-4771-4231-8d33-99497fc21e30,1,apply for permission,申请准许,
0764fb03-4c0e-4e13-8d2a-c206470372ec,3b04b3aa-8610-4a1a-b420-fd3685009b84,2,ask permission for sth.,请求批准某事,
0764fb03-4c0e-4e13-8d2a-c206470372ec,962eaa16-8762-4d89-9078-5508b1bc4983,3,get permission to do sth.,获得做某事的许可,
0764fb03-4c0e-4e13-8d2a-c206470372ec,7878d7ab-d346-47d9-b919-27b9ca3c922f,4,necessary permissions,必要的许可证,
0764fb03-4c0e-4e13-8d2a-c206470372ec,d997848d-476e-46d1-9d61-25cbad137f7c,5,seek permission to do sth.,寻求许可做某事,
0764fb03-4c0e-4e13-8d2a-c206470372ec,2171f89a-ec8e-40a4-8211-67a67a695f37,6,without permission,未经许可,
c7a1a279-c106-4ded-b75d-bf02db2bac21,4ad3d419-b9b7-4021-a474-93b251788598,1,hit a plateau,达到稳定期,
c7a1a279-c106-4ded-b75d-bf02db2bac21,6cba66bd-e526-4983-bd76-5f1bd0daa6d4,2,on a plateau,在高原上,
c7a1a279-c106-4ded-b75d-bf02db2bac21,6924ddaa-b667-41e0-a035-f233bc20d9ef,3,plateau out,保持稳定水平,
c6b9eb42-29b7-42bb-bd15-1ff0f486291c,aea35673-882b-474f-8934-2d06a4a0e183,1,a sovereign nation,主权国家,
c6b9eb42-29b7-42bb-bd15-1ff0f486291c,f7eb609e-20e8-4eab-8330-9fe14caf40c2,2,a sovereign ruler,最高统治者,
c6b9eb42-29b7-42bb-bd15-1ff0f486291c,8d697ee5-0a0d-4ea8-9cd3-fc066b89adb9,3,become the first sovereign,成为首位君主,
c6b9eb42-29b7-42bb-bd15-1ff0f486291c,b29b26ae-1e80-4a32-9177-1e8c8937784f,4,sovereign power,最高统治权,
6cda6ae2-529c-42c2-b495-5072e6b20389,9d50bf80-8f8e-4b96-97e1-1b6c0d819d21,1,a sunflower stalk,葵花秆,
6cda6ae2-529c-42c2-b495-5072e6b20389,13a90d02-f3ba-4e47-991f-5f50db20072a,2,be stalked by sb.,被某人跟踪,
6cda6ae2-529c-42c2-b495-5072e6b20389,8506a37f-d8ff-46e6-9827-50a91f42b864,3,corn stalk,玉米秆杆,
6cda6ae2-529c-42c2-b495-5072e6b20389,6a4bb48b-4e54-469a-9e8d-cb16e299e189,4,stalk around,昂首阔步,
fc47af4e-bc29-4b9a-b2e3-8a7b8c9720b3,fdab2b4c-3047-4276-bc57-19404528e654,1,a film review,影评,
fc47af4e-bc29-4b9a-b2e3-8a7b8c9720b3,e200f7a0-ba93-4754-8c7d-ea3b405ce4a7,2,a judicial review,司法审查,
fc47af4e-bc29-4b9a-b2e3-8a7b8c9720b3,c57af438-914c-495a-a268-e2d6eb84cf2c,3,expert review,专家审查,
fc47af4e-bc29-4b9a-b2e3-8a7b8c9720b3,1ce27b7f-ea5a-4b5c-98ae-9cae7f6fcf2b,4,review one's failure,回顾某人的失败,
fc47af4e-bc29-4b9a-b2e3-8a7b8c9720b3,2823fb55-debb-4b07-ab17-6beb1ac339b3,5,review the need,审视需求,
fc47af4e-bc29-4b9a-b2e3-8a7b8c9720b3,777c5e69-f55a-4db0-b83f-8444c8c2cbad,6,submit sth. for review,提交某物以供评论,
103d3fca-04b6-448b-a5c6-ccd4da1235bf,2a784be1-4d01-4f68-a984-4d67acdca414,1,a mountain stream,山涧,
103d3fca-04b6-448b-a5c6-ccd4da1235bf,e06cad2f-b3bf-421a-bb72-dfe30e538c59,2,a tourist stream,客流,
1cbb8e30-2bfa-4f5e-8fc2-ef7ba655e45c,b7da2e28-52e7-41eb-920a-14612ec3c795,1,subscribe for another year,续订一年,
1cbb8e30-2bfa-4f5e-8fc2-ef7ba655e45c,bae4ed5c-2b77-45bd-9981-72fc6657bffd,2,subscribe regularly to sb.,定期向某人捐款,
1cbb8e30-2bfa-4f5e-8fc2-ef7ba655e45c,ec350c4d-1b6b-455a-9d5d-a721e0a7d73f,3,subscribe to a journal,订阅刊物,
1cbb8e30-2bfa-4f5e-8fc2-ef7ba655e45c,b3d3cbe8-57df-46e9-9b8c-c9d42d7fcbc2,4,subscribe to a theory,赞成理论,
9df5256d-9361-4fe7-83ab-a04af6f099c8,ac07cc77-5e39-48e7-8a53-c4abed27a1f5,1,a beautiful symphony,悦耳的交响曲,
9df5256d-9361-4fe7-83ab-a04af6f099c8,93617e1a-8a7d-4c89-aa6f-a65eb490abb6,2,play a symphony,演奏交响曲,
9df5256d-9361-4fe7-83ab-a04af6f099c8,c34f21d3-0246-4536-9863-287f5032b075,3,the Eroica Symphony,英雄交响曲,
e7a4e426-b4e3-4969-a757-f03ce03c35ab,c4e11851-2b40-4533-a33f-4ba9ace5901a,1,be praised for thrift,因节俭而受到表扬,
e7a4e426-b4e3-4969-a757-f03ce03c35ab,2c548c40-d96c-44e5-adbc-bcdfc5d71b9c,2,due to one’s thrift,由于某人的节俭,
e7a4e426-b4e3-4969-a757-f03ce03c35ab,173be87a-a1b3-4c9c-a69e-9535c49dd0ce,3,politics of thrift,节俭政策,
cb15b0c9-d3d2-4b49-98e1-ea10836102c7,ba1786bf-7522-4ce0-a08f-d6055dc8f9b4,1,a Democratic senator,民主党参议员,
cb15b0c9-d3d2-4b49-98e1-ea10836102c7,8defcdec-68a2-4bb2-8efb-060c190f4df4,2,a senior senator,资深参议员,
065f3796-4914-46f6-b508-63bd62be764b,dae6a3bb-9a56-44d4-ad22-cb8d41e981ba,1,a splash of color,亮丽的色彩,
065f3796-4914-46f6-b508-63bd62be764b,52d78a75-388c-4949-985e-370c1a2d5791,2,make a splash,引起轰动,
065f3796-4914-46f6-b508-63bd62be764b,5dd3f33a-a24c-4a2a-97e9-66877ff38652,3,splash onto the floor,泼洒在地板上,
065f3796-4914-46f6-b508-63bd62be764b,0fe9c634-dabe-4419-8264-790ecb5e73a1,4,splash out,花大笔的钱,
24b86c32-d275-42e4-afd9-2cb7c95cb24f,19bb1d20-a8fd-483d-8748-3d202e34b7b7,1,be doomed to perish,注定灭亡,
24b86c32-d275-42e4-afd9-2cb7c95cb24f,bf4a08a4-9918-4fb4-bf95-f4f492527e77,2,begin to perish,开始腐烂,
24b86c32-d275-42e4-afd9-2cb7c95cb24f,d9915d9c-a388-4705-a3c4-0025769f39e7,3,perish in a fire,死于火灾,
24b86c32-d275-42e4-afd9-2cb7c95cb24f,41bd3fc9-7b4d-4527-b5a5-05e01fa219b8,4,perish with age,随着岁月而老化,
fe048d46-8c6a-47ac-844c-cde6beb73543,397369fa-1caf-400c-9207-6dfc0a065ecd,1,continue to prosper,持续兴旺,
fe048d46-8c6a-47ac-844c-cde6beb73543,ac39a713-c0c3-49b4-a553-44724121611f,2,prosper from...,因……而繁荣,
93cc8138-32a0-45a6-b7f6-a892171a1dc6,9fcfdc0b-70f1-44d5-8c40-b9c7f615f083,1,a teller terminal,取款终端机,
93cc8138-32a0-45a6-b7f6-a892171a1dc6,dae1630b-04b2-45a3-bd7d-665d4cb9d84a,2,an airport terminal,航站楼,
93cc8138-32a0-45a6-b7f6-a892171a1dc6,4de27acb-8000-4435-b217-b508badb4f37,3,terminal cancer,癌症晚期,
93cc8138-32a0-45a6-b7f6-a892171a1dc6,398096b7-484b-4b7e-b1af-4cb93d35612e,4,terminal examinations,期末考试,
979f0edb-63db-4638-a7f5-be03d6976709,088351f6-a772-4148-90ba-42258d367327,1,a terrific amount of work,大量的工作,
979f0edb-63db-4638-a7f5-be03d6976709,438ca0f8-62b0-46b3-a64f-b9cb409e594a,2,a terrific athlete,出色的运动员,
979f0edb-63db-4638-a7f5-be03d6976709,806ea3f1-d85d-4517-8c19-25de03dc8805,3,look terrific,看上去很好,
5c0b58f1-7422-4d30-bb02-59813e68467e,b5a4bf9f-1861-4703-9bec-ab8f005b689d,1,precede sb. out of sp.,比某人先走出某地,
5c0b58f1-7422-4d30-bb02-59813e68467e,1f183763-5344-4d2b-895e-c7ed71f4a31a,2,precede state laws,先于州级法律,
5c0b58f1-7422-4d30-bb02-59813e68467e,dbc649b9-d718-4307-a35a-6d929e029bed,3,precede the vote,在投票之前,
22060091-fe91-4c82-81e8-21a5a38bcec4,d4d1b72f-8459-4fff-ab2c-067ca69a9306,1,preceding twenty years,前二十年,
22060091-fe91-4c82-81e8-21a5a38bcec4,ee2860b7-54bd-43e6-8410-b5838e892418,2,the preceding section,前一节,
801baf82-b489-4271-ae42-7eb1aabe1612,edb143af-ac1c-47da-9d32-7c9c2ea69601,1,follow the precedent,遵循先例,
801baf82-b489-4271-ae42-7eb1aabe1612,bd08f7b4-fcae-423c-a14f-dd996b3cc092,2,set a precedent,开创先例,
801baf82-b489-4271-ae42-7eb1aabe1612,bf587174-bc79-4bbf-88da-4dbd63fa3a85,3,without precedent,史无前例,
94aa4ea1-8a6c-48d0-ac6c-7984ae8a5f48,5090bfde-50ec-43ac-8393-7f9ebba99e91,1,a symposium on...,关于……的研讨会,
94aa4ea1-8a6c-48d0-ac6c-7984ae8a5f48,364b1385-d813-4383-8a70-0d4717027d5f,2,hold a symposium,召开研讨会,
94aa4ea1-8a6c-48d0-ac6c-7984ae8a5f48,1d3d1b96-53e7-465b-9898-b04d6e26aa8b,3,sponsor a symposium,赞助研讨会,
94aa4ea1-8a6c-48d0-ac6c-7984ae8a5f48,8b59d768-35f5-4dea-8ac3-69a78f5587d9,4,take part in a symposium,参加研讨会,
0382072e-927a-4883-bdb5-8ae34c1b9704,c02e01bb-86e4-4b75-83f6-b75c1ba5361f,1,be resented as...,作为……遭到憎恶,
0382072e-927a-4883-bdb5-8ae34c1b9704,df0d1d4b-8abf-43fb-87a6-b890a7813ae5,2,resent an outsider,对外人感到怨恨,
0382072e-927a-4883-bdb5-8ae34c1b9704,e64161c2-37e4-489f-a8da-769c28644f74,3,resent unfairness,怨恨不公平,
c90d5b95-f727-4ae2-b54f-0e4df02d24ff,2ab371b8-3a62-4407-88be-bcec6b2b9a4e,1,at a slight tilt,有点歪斜,
c90d5b95-f727-4ae2-b54f-0e4df02d24ff,e1f6500b-cd03-4185-ad14-f88fbb25c10f,2,tilt one’s head back,仰头,
79219fef-a4c9-408e-8094-fa3f08b2da5f,01488113-9648-4e0a-908f-9826e5db4285,1,a vicious dog,恶犬,
79219fef-a4c9-408e-8094-fa3f08b2da5f,05e47dde-8b54-405b-90b7-371f16e53116,2,a vicious headache,剧烈的头痛,
79219fef-a4c9-408e-8094-fa3f08b2da5f,b25f31b8-695e-4598-b172-6f2691f54ce9,3,a vicious rivalry,恶性竞争,
79219fef-a4c9-408e-8094-fa3f08b2da5f,f60cf7fd-b129-49c6-a5d5-d6d4bfe44766,4,a vicious tone,恶毒的语气,
512e4bf3-3a5e-42de-a3b5-fb0dd5c6beae,d8a2a3f9-568d-43bf-bf1a-d804932dffac,1,a vulgar house,俗气的房子,
512e4bf3-3a5e-42de-a3b5-fb0dd5c6beae,27ab4ce4-5d5b-45af-a1b2-79fcb6e4d99b,2,a vulgar joke,低俗的笑话,
512e4bf3-3a5e-42de-a3b5-fb0dd5c6beae,a2aa7f40-483b-427d-8aab-9774e93a8c21,3,vulgar behaviour,粗俗的行为,
512e4bf3-3a5e-42de-a3b5-fb0dd5c6beae,c09a5fc6-91dc-431c-ac64-42c9acb8b941,4,vulgar decorations,庸俗的装饰品,
10a91b5c-4130-43cd-a0d2-bc62a184256f,a8d55410-b121-4b7f-8786-ee98e0a9357d,1,steer a boat,开船,
10a91b5c-4130-43cd-a0d2-bc62a184256f,762530ea-836e-44f5-9dbd-98e859edbe43,2,steer sb. away from sth.,引导某人远离某物,
10a91b5c-4130-43cd-a0d2-bc62a184256f,2b50f915-4d2d-4df3-ac78-313b72c72553,3,steer the economy,引导经济,
10a91b5c-4130-43cd-a0d2-bc62a184256f,28cb4dc2-073d-465d-9798-959404c6708b,4,steer toward the left,向左行驶,
81ef49af-a18b-4857-bf79-c538a3b036e1,fc15f434-bb7d-4a91-9639-ac9baf39d27c,1,a stern expression,严厉的表情,
81ef49af-a18b-4857-bf79-c538a3b036e1,7e0aac2b-33f4-45f6-be01-ae6eaeeccb88,2,a stern test,严峻的考验,
81ef49af-a18b-4857-bf79-c538a3b036e1,b0f6a2e3-3033-4c63-9f5f-e63c4e2962c8,3,the stern of a ship,船尾,
10a0a0ef-0120-40cb-afc9-c8072e0dfc67,5cf6620f-2a27-43b2-be00-ce0054278368,1,a humble apology,谦恭的道歉,
10a0a0ef-0120-40cb-afc9-c8072e0dfc67,ebefaa88-4c22-488d-9cf0-cdbc18d1c009,2,a humble cottage,简陋的农舍,
10a0a0ef-0120-40cb-afc9-c8072e0dfc67,e05d50f4-db55-4ddc-bbae-b78a6d3ca8b6,3,a humble lamp,毫不起眼的灯,
10a0a0ef-0120-40cb-afc9-c8072e0dfc67,b1cea979-0c1d-4754-b3d2-1e667379c429,4,humble origins,卑微的出身,
551c1599-03e9-4d01-9564-9ab4bcb8dc7e,5219f6ac-1039-48b2-95d1-f928ac1d0d21,1,a valuable function,重要功能,
551c1599-03e9-4d01-9564-9ab4bcb8dc7e,2385a746-45e9-4d10-a9ae-f8568059d303,2,a valuable service,有价值的服务,
551c1599-03e9-4d01-9564-9ab4bcb8dc7e,66913951-a6b7-4cc8-86e0-aaf30c2cb199,3,be valuable to...,对...很重要,
551c1599-03e9-4d01-9564-9ab4bcb8dc7e,28889018-0c51-4c5e-a81c-a5072b5ce2bc,4,valuable experience,宝贵的经验,
551c1599-03e9-4d01-9564-9ab4bcb8dc7e,cd24fe44-20e8-4ba0-aaed-605becc2832a,5,valuable information,有价值的信息,
551c1599-03e9-4d01-9564-9ab4bcb8dc7e,f71ad047-b98b-4f9c-9a46-c0ae832dc8f8,6,valuable stuff,贵重物品,
963d69c3-7fea-4e2b-81a4-292c7e6475ba,a7ccfd25-c279-4363-a0ec-f25e180000eb,1,an indignant look,愤慨的神情,
963d69c3-7fea-4e2b-81a4-292c7e6475ba,396ece5f-3d02-4b55-ba77-4291fff3e8fd,2,make sb. very indignant,使某人非常愤怒,
a5c5ec8d-d36e-4c4e-a04d-ea2bb88bd08a,08be216f-10ad-4490-a5cf-bca4d2eae131,1,feelings of indignation,愤怒的感觉,
a5c5ec8d-d36e-4c4e-a04d-ea2bb88bd08a,0d36ffc9-df0c-4f6f-8b64-c303875b8a47,2,righteous indignation,义愤填膺,
0e2e92d9-0a44-4f69-8875-0413e6c34eeb,5e0f0295-d2ab-447a-acf1-0c473cd402ae,1,linguistic barriers,语言障碍,
0e2e92d9-0a44-4f69-8875-0413e6c34eeb,267cbf9c-03cc-4be3-a8d9-2315419a84db,2,linguistic determinism,语言决定论,
0e2e92d9-0a44-4f69-8875-0413e6c34eeb,48966b94-fb6f-4c4a-a878-1c5682ed348e,3,linguistic diversity,语言的多样性,
0e2e92d9-0a44-4f69-8875-0413e6c34eeb,15212218-d603-40ef-8f37-62e89de393c0,4,linguistic identity,语言的特征,
0e2e92d9-0a44-4f69-8875-0413e6c34eeb,c52ace89-5051-4bf8-93b4-b27e400ceac0,5,linguistic theory,语言学理论,
0e2e92d9-0a44-4f69-8875-0413e6c34eeb,66094f21-6323-46cf-aeed-916b0c7bf832,6,pursue linguistic research,从事语言学研究,
7fe72ba2-c2e5-4424-913f-d23aba9e9652,f7bfd55a-4320-46a6-bbd9-ae149c7911c5,1,predominant power,主导权,
7fe72ba2-c2e5-4424-913f-d23aba9e9652,2ef75d03-c2db-4c96-a823-d70ccacbe03d,2,the predominant feeling,主要的感受,
d6ffd5ed-21ea-457e-ab50-9526794810a4,76ad338a-52c2-47f2-9983-149ac1b5e44e,1,a vain attempt,徒劳的尝试,
d6ffd5ed-21ea-457e-ab50-9526794810a4,8e81e368-b26c-4c73-abac-bdcf6bcafb16,2,be vain of sth.,因某事而自负,
d6ffd5ed-21ea-457e-ab50-9526794810a4,ab91073c-dcd6-4a40-b3bd-85eee84ed403,3,in vain,徒劳无功,
d6ffd5ed-21ea-457e-ab50-9526794810a4,d2806e2e-72ac-4ecc-b9cd-084fb7b6defe,4,take a vain pride,盲目骄傲,
2a3ab85e-aba4-4b5c-856a-fa93796ddd67,74fc1938-c488-4fb8-a8c8-0487459250e7,1,admire vanity,爱慕虚荣,
2a3ab85e-aba4-4b5c-856a-fa93796ddd67,1c31c6f6-e33c-45f3-9064-528363f38cd3,2,feed one’s vanity,满足某人的虚荣心,
2a3ab85e-aba4-4b5c-856a-fa93796ddd67,485871bb-ca58-447a-be95-f6473ce31177,3,out of vanity,出于虚荣,
2a3ab85e-aba4-4b5c-856a-fa93796ddd67,59800862-32f5-4723-885d-ddbe9ae0e38e,4,the vanity of...,……的微不足道,
6b351a80-7579-4a75-8696-a89143e5ab2c,d059fc57-7a7d-4b81-ac6a-4309b1839367,1,greet...with scorn,对……不屑一顾,
6b351a80-7579-4a75-8696-a89143e5ab2c,107abe32-a664-4a1f-9d9c-3f0536e01653,2,have scorn for...,对……怀有鄙视,
6b351a80-7579-4a75-8696-a89143e5ab2c,5bd96414-7cf1-431c-b8b0-10c345a764d2,3,scorn one’s view,对某人的观点嗤之以鼻,
564972dd-f654-475c-8d63-2ef53521fd01,85631e6b-7eaf-40b4-bb25-4a2d2f9978b1,1,a superb panorama,雄伟景观,
564972dd-f654-475c-8d63-2ef53521fd01,c42d7a46-2f8d-471a-be7d-7469ffc52feb,2,capture the panorama,捕捉……的全貌,
564972dd-f654-475c-8d63-2ef53521fd01,de9d87a8-78c2-45a4-8774-f9e308d5dc88,3,present a panorama of...,展现……的全貌,
d2b922f3-f1c5-4dcd-ae91-db6db4bd0a88,472f54a5-8c98-4b0e-8f57-25efdb710554,1,an amiable man,友善的人,
d2b922f3-f1c5-4dcd-ae91-db6db4bd0a88,ac5ddf00-222e-45ef-ac58-dbf39d91500d,2,speak in an amiable tone,用亲切的口吻讲话,
c2d5051f-29c6-458e-8f67-24ad5f6573e1,05ef4729-2858-4917-bc49-db7040ff1816,1,withhold a passport,扣留护照,
c2d5051f-29c6-458e-8f67-24ad5f6573e1,ebd5314d-2140-4ba0-b9bc-c92e49bac7a2,2,withhold information,隐瞒信息,
c2d5051f-29c6-458e-8f67-24ad5f6573e1,81bc28da-1dec-4a83-b40d-53ceee2b447f,3,withhold payment,拒绝支付,
c2d5051f-29c6-458e-8f67-24ad5f6573e1,7c289995-a3b1-4f9b-95cd-83ee38db11f1,4,withhold sth. from...,拒绝将某物给予……,
b32a7e72-8190-4249-b02a-73e2d4ce1edc,56721a32-99d9-4dcf-b1da-ea1563c0bce6,1,a groundless doubt,毫无根据的怀疑,
b32a7e72-8190-4249-b02a-73e2d4ce1edc,a966a87c-bf51-4d7e-9203-b5cb74579d39,2,address a doubt for,消除疑问,
b32a7e72-8190-4249-b02a-73e2d4ce1edc,664eaf41-8e9a-4a60-b0c6-6f8e622e11cc,3,doubt one’s words,怀疑某人的话,
b32a7e72-8190-4249-b02a-73e2d4ce1edc,b2a298a8-b348-4df4-9615-f5c508486f4b,4,doubt the suitability,怀疑适用性,
b32a7e72-8190-4249-b02a-73e2d4ce1edc,4ccbb992-9959-47f4-9161-7b6e7f4cd815,5,have doubts about sth.,怀疑某事,
b32a7e72-8190-4249-b02a-73e2d4ce1edc,17ac959a-39b5-4d66-b97a-31c11629af09,6,without doubt,毫无疑问,
090cdf36-aff1-4301-ab9d-fab65e6ef978,7f87cfb8-9037-4b91-af3c-a4584efe7301,1,a warm embrace,温暖的拥抱,
090cdf36-aff1-4301-ab9d-fab65e6ef978,673bc598-135a-4f50-96b1-da18bb910fd3,2,embrace cultural heritage,接纳文化遗产,
090cdf36-aff1-4301-ab9d-fab65e6ef978,01fa9ad7-4e43-4c16-9a21-5b4797cfb351,3,embrace democracy,信奉民主,
090cdf36-aff1-4301-ab9d-fab65e6ef978,ea2dcb7e-a6b5-4a74-871c-9822ceab036a,4,embrace downtime,接受低迷时期,
090cdf36-aff1-4301-ab9d-fab65e6ef978,58123b08-b7be-45b8-91c4-4a60638d41bc,5,embrace each other,互相拥抱,
090cdf36-aff1-4301-ab9d-fab65e6ef978,17a90e18-71c8-4e56-81df-27c5baaf336e,6,embrace warmly,热情地拥抱,
9d9262a7-2c22-4c68-b0a0-b4de1e6ced58,a26832f9-3e9c-409a-a027-1f38be1e8b07,1,proceed to London,前往伦敦,
9d9262a7-2c22-4c68-b0a0-b4de1e6ced58,144050e8-ec47-4910-b6e2-788cda735633,2,proceed to do sth.,继续做某事,
9d9262a7-2c22-4c68-b0a0-b4de1e6ced58,9ed07591-6ffb-4b64-8ed9-463e9be8eca0,3,proceed with sth.,继续进行某事,
9d9262a7-2c22-4c68-b0a0-b4de1e6ced58,b663cba3-ee2d-4789-b76e-31d0f874d490,4,the proceeds of sth.,某物的收益,
f5d92ddb-d5cf-4d99-a754-b2a010e49cdf,95ff501f-1d2d-48d3-9a7f-cd7cf612cc91,1,divorce proceedings,离婚诉讼,
f5d92ddb-d5cf-4d99-a754-b2a010e49cdf,f0d44c80-599c-4c5f-85ce-484485e1b390,2,interrupt the proceedings,打断进程,
f5d92ddb-d5cf-4d99-a754-b2a010e49cdf,509e1e21-3e59-48fa-9f8b-cb93d478884f,3,judicial proceedings,司法程序,
f5d92ddb-d5cf-4d99-a754-b2a010e49cdf,7192542b-f6a0-4431-902f-cfe4eb022e09,4,start proceedings,提起诉讼,
99baaf9d-baad-4138-be24-4922a37f069a,5b81dc1a-5357-46ae-b8ae-95e34305fe68,1,an upright citizen,正直的公民,
99baaf9d-baad-4138-be24-4922a37f069a,f991b5a8-78a6-41c0-8aea-764f6c01dc4c,2,an upright posture,直立的姿势,
99baaf9d-baad-4138-be24-4922a37f069a,3d4c89cc-5e6f-4820-b2d5-4d77495dbe80,3,in the upright position,在垂直位置,
99baaf9d-baad-4138-be24-4922a37f069a,532f5068-ee6b-49f8-ae35-3bdbe661b699,4,stand upright,直立,
9677adc8-f900-4bb1-972f-d2133f9c7800,72349e43-5d27-4728-bc73-d072983f88d1,1,be decided by sb.,由某人裁决,
9677adc8-f900-4bb1-972f-d2133f9c7800,015d89b7-ee0c-4913-9c24-d40ab2b262a6,2,decide against doing sth.,决定不做某事,
9677adc8-f900-4bb1-972f-d2133f9c7800,4e840116-4d20-4009-9495-6fd19fc3270f,3,decide in one's favour,做出有利于某人的裁决,
9677adc8-f900-4bb1-972f-d2133f9c7800,8afb04f0-a16f-4516-8ce9-4ea510725801,4,decide on sth.,决定某事,
9677adc8-f900-4bb1-972f-d2133f9c7800,7d553105-8f5a-429d-b93a-74add6531be9,5,decide one's destiny,决定某人的命运,
9677adc8-f900-4bb1-972f-d2133f9c7800,a585971e-50cc-494e-bcaf-33562034ec96,6,decide to do sth.,决定做某事,
c38a3eb0-20d3-4908-9027-5ef2bddccd9e,0c2c23d3-95f1-4d76-b190-0859f2ace5bf,1,a decisive moment,决定性时刻,
c38a3eb0-20d3-4908-9027-5ef2bddccd9e,8caad610-ca09-4e74-9c55-8ba5e2bd70a0,2,play a decisive role,起决定性作用,
c38a3eb0-20d3-4908-9027-5ef2bddccd9e,09bba55a-8156-4c01-8d93-34a1511e3b0a,3,take decisive action,采取果断措施,
0c036ffe-13d4-4f78-888b-77c346dee280,ce822aba-a059-4439-b798-07626bab08a3,1,tuck sb. up,把某人的被子掖好,
0c036ffe-13d4-4f78-888b-77c346dee280,fba15d42-0b75-4fa8-96f7-a2807ef26293,2,tuck sth. in...,把某物塞进……,
0c036ffe-13d4-4f78-888b-77c346dee280,c9f44531-53de-4acf-bdd1-e805ba814412,3,tuck sth. inside...,把某物塞进……,
0c036ffe-13d4-4f78-888b-77c346dee280,3a58614c-c697-49dc-b25b-b87fa4f824ed,4,tuck sth. into...,把某物塞进……,
dadcca83-846f-49a4-be74-95ae7373002d,46e10680-d243-4f5d-af6e-0be0fb0085c1,1,a singing verse,曲段,
dadcca83-846f-49a4-be74-95ae7373002d,95a41c4a-6ca9-4345-b10c-0acf75c22a45,2,a volume of verse,一本诗集,
dadcca83-846f-49a4-be74-95ae7373002d,0d028a0d-59d7-4a4a-b812-5d8b44c6ce62,3,narrative verse,叙事诗,
dadcca83-846f-49a4-be74-95ae7373002d,dd3f1562-a7d9-47a3-87d4-ef6b633067a9,4,write in verse,以韵文写作,
de914903-3bfa-415d-b5bb-11f1443df583,5d91ea38-013d-4157-ad9d-0491639415da,1,a foremost critic,最著名的评论家,
de914903-3bfa-415d-b5bb-11f1443df583,5ccb55f6-72c8-4043-ad1f-aab76502d35a,2,a foremost position,最前的位置,
de914903-3bfa-415d-b5bb-11f1443df583,447412af-7a67-42d2-91fb-5b76f0f4e8ca,3,first and foremost,首先,
de914903-3bfa-415d-b5bb-11f1443df583,558dc4be-d968-4d5d-91b8-cd765a082172,4,foremost authority,最高权威,
2f2d6a96-5f44-481d-9c64-67c0bff452e1,4eb563b8-903d-46e8-847e-99149fef9033,1,a form of shorthand,一种简称,
2f2d6a96-5f44-481d-9c64-67c0bff452e1,b27d5e72-6778-4486-9362-499d545d56e1,2,a shorthand typist,速记打字员,
2f2d6a96-5f44-481d-9c64-67c0bff452e1,5ea71b6f-6c6a-4caf-8724-234a709b4ea9,3,in shorthand,用速记法,
2f2d6a96-5f44-481d-9c64-67c0bff452e1,13d81801-fb0e-47f4-a4f4-906603e5900c,4,teach oneself shorthand,自学速记,
e92bc580-c1a2-4f30-92ae-06e518a2ce84,07c86fa4-a8f1-4472-98d7-e8729448971d,1,a different sort,不同种类,
e92bc580-c1a2-4f30-92ae-06e518a2ce84,7ba4b3fb-a844-4479-bbbd-31d8bf0d140a,2,a sort of sth.,某类东西,
e92bc580-c1a2-4f30-92ae-06e518a2ce84,28c691ea-7dd9-4157-a273-43a5269fe7a3,3,all sorts of activities,各种各样的活动,
e92bc580-c1a2-4f30-92ae-06e518a2ce84,6cbcd996-08f4-498e-ba19-a8c7d46c30b0,4,be sorted into...,被分成……,
e92bc580-c1a2-4f30-92ae-06e518a2ce84,ca366cf4-d879-43b5-bf6b-a5e34dea7995,5,sort out sth.,解决某事,
e92bc580-c1a2-4f30-92ae-06e518a2ce84,41dabf3a-e09b-4d23-8482-3a0eb63a9abf,6,sort the mail,整理信件,
549b0deb-95e5-496a-addb-2704584537d4,8b4d1aad-9ad7-46a4-8ca5-ba6cdd175866,1,a coherent narrative,条理清晰的叙述,
549b0deb-95e5-496a-addb-2704584537d4,c8704aee-d406-40d0-986c-828d9d5fcd58,2,a coherent policy,前后一致的政策,
549b0deb-95e5-496a-addb-2704584537d4,dc85321e-5dc2-46ba-a3d9-2f1df1badbbc,3,coherent curricula,连贯的课程,
08191841-1b01-420e-b1f7-5aa53cc30283,8256c292-19ec-4e67-a2ed-0e22d5f438a3,1,a necessary condition,必要条件,
08191841-1b01-420e-b1f7-5aa53cc30283,a296a754-9007-4cdf-8597-9dc7f9df17b5,2,a necessary development,必然发展,
08191841-1b01-420e-b1f7-5aa53cc30283,61d2f3e0-7bef-4907-a16d-c504d18b9536,3,a necessary ingredient,必要因素,
08191841-1b01-420e-b1f7-5aa53cc30283,75f01ff9-3a18-4e64-b12a-8e426b2bcca5,4,a necessary part,必要部分,
08191841-1b01-420e-b1f7-5aa53cc30283,097032d1-c3b6-4a1a-9834-f8913e81a787,5,be necessary for sb.,对某人是必要的,
08191841-1b01-420e-b1f7-5aa53cc30283,c22e99ec-d8c9-4db6-a490-fcf8d159c1a1,6,be necessary to do sth.,做某事是必要的,
264b1c88-e3d4-4c04-b47c-b3ec143255f1,9aa2b301-d09a-41a2-ae29-b26a3057b6ad,1,necessitate a change,需要改变,
264b1c88-e3d4-4c04-b47c-b3ec143255f1,522740d1-89ce-4c42-a8e1-70d28ea1abda,2,necessitate an end to sth.,有必要结束某事,
264b1c88-e3d4-4c04-b47c-b3ec143255f1,75272f9b-cab7-40aa-a0e7-f8582d42967f,3,necessitate doing sth.,需要做某事,
264b1c88-e3d4-4c04-b47c-b3ec143255f1,50cd3f6a-a13f-4aa2-9552-44d7af36add7,4,necessitate the demolition,迫使拆除,
938d1c9d-aaa0-428d-ae45-6a5bec7dc8d9,798cfc5a-9c34-4d3a-b446-59aac7ad9916,1,a guilty verdict,有罪裁决,
938d1c9d-aaa0-428d-ae45-6a5bec7dc8d9,a710f5b6-861d-4e0c-9f18-48b26af775b6,2,give a verdict on sth.,给某事下结论,
938d1c9d-aaa0-428d-ae45-6a5bec7dc8d9,5810e347-eb10-46f7-bcff-a86c31360143,3,issue a verdict,宣布裁决,
938d1c9d-aaa0-428d-ae45-6a5bec7dc8d9,7c390587-8454-41d2-bba8-6d34b075dad4,4,reach a verdict,做出裁定,
735709c5-91cd-495e-bf32-2e8abf597c22,fa852171-203c-49a7-b356-92a7bab5de0c,1,a new statute,新法规,
735709c5-91cd-495e-bf32-2e8abf597c22,430595db-0a0b-4d98-83d4-237456ee56e9,2,the federal statute,联邦法,
96110e88-444b-424a-bb35-dcfbc4ea2f2f,0013e285-ca53-498f-9a15-ebad90af4912,1,be prosecuted for...,因……被起诉,
96110e88-444b-424a-bb35-dcfbc4ea2f2f,009ae827-baa7-4b2a-98bf-1bf923cf0ca5,2,decide to prosecute,决定起诉,
96110e88-444b-424a-bb35-dcfbc4ea2f2f,ea06f2cf-f332-49a9-92a8-d314d3e8a84f,3,prosecute a landowner,起诉土地所有者,
96110e88-444b-424a-bb35-dcfbc4ea2f2f,0c9ffe58-ba17-4cd4-816b-abe674a41edf,4,prosecute the war,继续作战,
ea8657af-9ae9-4f15-914c-a54194542769,3e5f1148-395d-4a40-9f15-c6d04aa575b3,1,be spiral in form,呈螺旋形,
ea8657af-9ae9-4f15-914c-a54194542769,d37f9610-ab36-4999-8387-6ba9c5453c8f,2,in a slow spiral,缓缓盘旋,
ea8657af-9ae9-4f15-914c-a54194542769,55ad0fbb-2d72-4fb9-85e7-cb4df46b3e38,3,in a spiral staircase,螺旋梯,
ea8657af-9ae9-4f15-914c-a54194542769,3f06ff51-81ee-4eac-a4d3-06394c9784da,4,spiral up,盘旋上升,
88c3b48a-68f7-4f5f-a679-d497c75eed4a,808ceca8-03b5-4174-a6ad-c55f5c076b26,1,be condemned illegal,被宣判违法,
88c3b48a-68f7-4f5f-a679-d497c75eed4a,38a43455-4e5f-4578-8466-166343824ca3,2,be condemned to do sth.,被迫做某事,
88c3b48a-68f7-4f5f-a679-d497c75eed4a,122bcbcc-31b6-48bd-9a4f-cef90b826d24,3,condemn an opponent,谴责对手,
88c3b48a-68f7-4f5f-a679-d497c75eed4a,7be4d6e2-4cc0-4c6a-8928-6454887022b3,4,condemn violence,谴责暴行,
cddec877-161f-40bb-86c3-8303bbe3c714,8221a09a-c651-4265-aaf3-aabb2f4e305a,1,a unique compliment,独特的称赞,
cddec877-161f-40bb-86c3-8303bbe3c714,802b04ea-f0b9-449b-9d61-b1cf5b23cd62,2,compliment sb. on sth.,就某事称赞某人,
cddec877-161f-40bb-86c3-8303bbe3c714,dfbf3534-e744-4718-9d9b-f461bfbc844c,3,give compliments to sb.,向某人致意,
cddec877-161f-40bb-86c3-8303bbe3c714,e64d3967-7adc-4e1f-bfdd-c3546da46a39,4,pay a compliment,表达赞美,
91ebee69-52cd-4570-ad0b-fb8068225101,64b22adb-e5de-41ae-b1ba-bdc1bc208fd3,1,a European monarch,欧洲君主,
91ebee69-52cd-4570-ad0b-fb8068225101,6c29d582-e20d-405b-aefb-9f3e872f891d,2,a monarch of...,……的君主,
91ebee69-52cd-4570-ad0b-fb8068225101,25c712a7-070f-438c-82f8-3c888e924622,3,a reigning monarch,执政君主,
91ebee69-52cd-4570-ad0b-fb8068225101,b5e604c1-1999-4d10-a944-09541f4379e5,4,an absolute monarch,专制君主,
91ebee69-52cd-4570-ad0b-fb8068225101,38bc924c-ca76-40e9-9291-3aabf70d0927,5,monarch’s popularity,君主的声望,
91ebee69-52cd-4570-ad0b-fb8068225101,e1385632-8d25-4f73-a3fd-2a4ddd88db50,6,overthrow the monarch,推翻君主,
4dbc243d-820f-4283-9159-71355832abdc,cd86eb79-3dd6-409e-8650-fd305a53f67e,1,a rescue crew,救援队,
4dbc243d-820f-4283-9159-71355832abdc,9ea2a7ca-6a5b-4b62-88cc-24b789f1c4ef,2,a sea rescue,海上营救行动,
4dbc243d-820f-4283-9159-71355832abdc,0829a3e8-4387-486b-bdd4-4341e4e7f318,3,rescue sb. from sp.,从某处营救出来人,
eb7133aa-f903-4a36-94d4-49632306f302,75fe7d22-06a3-4a2e-a2d1-d959bc3c2a50,1,a habitual cue,习惯性暗示,
eb7133aa-f903-4a36-94d4-49632306f302,216cf0bd-1afc-456f-a0b1-b93f944383b0,2,a set of cues,一系列提示,
eb7133aa-f903-4a36-94d4-49632306f302,b396a822-89fb-4373-b8a4-fea8ebf0fa10,3,look for a cue,寻找提示,
eb7133aa-f903-4a36-94d4-49632306f302,c65f9f50-893c-4f84-900d-37019c3bca34,4,miss a cue,错过暗示,
eb7133aa-f903-4a36-94d4-49632306f302,83785578-9699-44f2-9414-76892de95381,5,social cues,社交暗示,
eb7133aa-f903-4a36-94d4-49632306f302,d2583c06-b736-4766-8934-f8eca15c865a,6,wait for one’s cue,等待某人的提示,
302a211d-0162-44b8-a5dd-22f6487bcadd,69539238-80fb-4e16-8fad-4ffcaf8bb041,1,be bewildered by...,被……弄糊涂,
302a211d-0162-44b8-a5dd-22f6487bcadd,c7697823-4457-404a-9fa9-5fcd1c4c639e,2,be totally bewildered,完全被迷惑,
302a211d-0162-44b8-a5dd-22f6487bcadd,f74fcb23-bb00-4c05-8640-b2ad566f92d2,3,bewilder one’s mind,迷惑某人的心志,
302a211d-0162-44b8-a5dd-22f6487bcadd,aea3834c-639b-4ea1-b00e-c38dc6de5d44,4,intend to bewilder sb.,意图迷惑某人,
3887f7dd-8786-417e-9b37-be0ae5395632,ce7b726b-65e9-40e8-a990-a0807ebde024,1,an art auction,艺术品拍卖,
3887f7dd-8786-417e-9b37-be0ae5395632,f629aa75-1221-4d6c-a600-bd04c52bd96d,2,an auction system,拍卖系统,
3887f7dd-8786-417e-9b37-be0ae5395632,120dfd1a-f7f2-48d5-ad6f-39431dc1d1d7,3,at auction,在拍卖会上,
3887f7dd-8786-417e-9b37-be0ae5395632,588e4c88-890b-4dce-9aad-e1589ba2fa7b,4,auction off,拍卖某物,
3887f7dd-8786-417e-9b37-be0ae5395632,8ce39fc5-1479-4fd7-ae9c-ad578458b511,5,hold an auction,举行拍卖,
e0154d64-6154-4848-b370-0473a1d8a002,e902bb86-fb22-4082-a579-db550dfaa385,1,a patriotic poet,爱国诗人,
e0154d64-6154-4848-b370-0473a1d8a002,446cd20c-d1d7-4ce2-987f-a35e693eb6a7,2,a patriotic sentiment,爱国之情,
e0154d64-6154-4848-b370-0473a1d8a002,60eca177-1c73-44c5-afab-c5dbaf7b0d10,3,a patriotic song,爱国歌曲,
e0154d64-6154-4848-b370-0473a1d8a002,125cf324-ebca-44e9-b74f-f589d8ea28fe,4,a patriotic struggle,爱国战争,
04be1e86-bab7-4ea9-ac92-825c587c532a,29090c33-9970-494e-a841-3530e3a929e7,1,defend against an attack,防御进攻,
04be1e86-bab7-4ea9-ac92-825c587c532a,d5040565-65c0-4d3a-93ee-3417cef83bb0,2,defend freedom,捍卫自由,
04be1e86-bab7-4ea9-ac92-825c587c532a,7da11277-97d2-48e6-87ed-f73a86bb9aea,3,defend one’s idea,捍卫某人的思想,
04be1e86-bab7-4ea9-ac92-825c587c532a,a4ea3a7d-f403-4d9e-ab48-45da43ad4ec7,4,defend the country,保卫国家,
9271df44-6866-4110-9937-b8ca012d99c8,8687e620-c2e5-423a-a7d7-0467dcbe22ba,1,accuse a defendant of...,控告被告……,
9271df44-6866-4110-9937-b8ca012d99c8,cfd20a9c-5a3f-4eed-88c4-9e1edc3af556,2,an innocent defendant,无辜的被告,
9271df44-6866-4110-9937-b8ca012d99c8,1d7ed626-7e49-4908-9c0e-f63fe3486704,3,provide...to defendants,给被告提供……,
9271df44-6866-4110-9937-b8ca012d99c8,bbc57889-b934-4b59-9145-280843201cf6,4,side with a defendant,支持被告,
9271df44-6866-4110-9937-b8ca012d99c8,cdc214b0-b95c-4bf6-a49b-3d96dfd15bcc,5,the objection of a defendant,被告的异议,
2865ed94-2efb-4985-a85f-3ec139f7841f,0714e3fd-168d-4a61-bf59-28a57f916c20,1,be likely to emigrate,可能移民,
2865ed94-2efb-4985-a85f-3ec139f7841f,bc68b8e3-27a0-4261-a5e8-96476b85b413,2,emigrate from sp.,从某地移民,
2865ed94-2efb-4985-a85f-3ec139f7841f,fe999390-b2be-4a1d-91b0-63ab85b0c626,3,emigrate in winter,在冬季移民,
2865ed94-2efb-4985-a85f-3ec139f7841f,66ca131f-2d6a-4371-a581-e3ce79886c8b,4,emigrate to sp.,移居到某地,
a8da72a0-6d96-4544-8ff1-5d2c3d5defe2,e07fd1c2-cb35-4c0b-a73d-51e00bae2c0b,1,an air-conditioning system,空调系统,
a8da72a0-6d96-4544-8ff1-5d2c3d5defe2,5d7431f5-43a4-4212-a901-e5e6418fb727,2,central air-conditioning,中央空调,
a8da72a0-6d96-4544-8ff1-5d2c3d5defe2,8cec10ac-e6fe-4caf-b9b7-0122ef7754a1,3,clean air-conditioning,清洁空调,
a8da72a0-6d96-4544-8ff1-5d2c3d5defe2,91e99d99-2531-4a42-84ee-6b3d79431c2e,4,energy-saving air-conditioning,节能空调,
3ec0b335-99cb-47cb-a7d1-48d0eafe07c6,91857618-dfb7-411b-92d4-b46cd30e6efa,1,an invalid agreement,无效协议,
3ec0b335-99cb-47cb-a7d1-48d0eafe07c6,a04507b9-5c91-44d1-b94d-4ccde6fcd659,2,an invalid argument,站不住脚的论点,
3ec0b335-99cb-47cb-a7d1-48d0eafe07c6,f26cf4df-f2b7-4d8b-aa03-a2661375bd52,3,be declared invalid,被宣布无效,
3ec0b335-99cb-47cb-a7d1-48d0eafe07c6,ffac8b5a-4676-441c-9de9-0391d410ef9d,4,be invalidated out of the army,因伤退役,
2c0d7f3b-3e8d-458c-828e-0c9ccf04e53e,76698dbc-66d8-4a27-bf85-51cef1889a8c,1,offer support,提供帮助,
2c0d7f3b-3e8d-458c-828e-0c9ccf04e53e,e746e8c7-316b-4080-80d5-a9a64b8372cd,2,public support for sth.,公众支持某事,
2c0d7f3b-3e8d-458c-828e-0c9ccf04e53e,59a7e803-4635-4184-af10-febd2c5377ad,3,support a customer,帮助顾客,
2c0d7f3b-3e8d-458c-828e-0c9ccf04e53e,41df6a2c-84b1-46ef-8c34-31c68beedecb,4,support employment,促进就业,
2c0d7f3b-3e8d-458c-828e-0c9ccf04e53e,8065a504-ec2b-446b-b58d-6c9dfc37ddbf,5,support sb. by doing sth.,靠做某事赡养某人,
2c0d7f3b-3e8d-458c-828e-0c9ccf04e53e,ad2b09e3-a302-4190-9876-c88e940fae2c,6,support the government,支持政府,
66546b7c-e1a3-4635-8946-89d05ed88aea,3e735543-a501-4db9-8759-1d2659f8f622,1,cultivate a habit,培养习惯,
66546b7c-e1a3-4635-8946-89d05ed88aea,54474760-bbca-46b9-ac4f-34095df87efa,2,cultivate creativity,培养创造性,
66546b7c-e1a3-4635-8946-89d05ed88aea,3a21433b-623b-42fe-bea6-23a6a95119f7,3,cultivate trees,种树,
48dd025d-45cb-482a-93fc-784485729984,cd260d57-c965-4b70-9377-60d232b8369c,1,a diffuse article,冗长的文章,
48dd025d-45cb-482a-93fc-784485729984,e2e20f6b-18f1-453c-9a55-ef478e92e1c5,2,a diffuse effect,扩散效应,
48dd025d-45cb-482a-93fc-784485729984,3b9a1ffe-a362-4fc7-9312-6b921c40f6f7,3,diffuse knowledge,传播知识,
48dd025d-45cb-482a-93fc-784485729984,79c19041-ae78-4d0c-88eb-a5bb40695094,4,diffuse rapidly,迅速分散,
48dd025d-45cb-482a-93fc-784485729984,f3abe174-da1b-4c0d-acd0-3676ee710a3c,5,diffuse stress,分散压力,
48dd025d-45cb-482a-93fc-784485729984,2c522925-1501-4587-9bf4-c067e3f27c96,6,diffuse throughout sp.,传递某地,
202490df-0e72-4ae5-8012-2593150a2f9e,150f2e2c-8799-4af1-a73f-8b72e8da586e,1,a chemical process,化学过程,
202490df-0e72-4ae5-8012-2593150a2f9e,a8bf6166-aae1-4bdd-8967-1b718a32f023,2,a chemical response,化学反应,
202490df-0e72-4ae5-8012-2593150a2f9e,44bbc470-55fc-4b2c-bae0-1afddb7725ff,3,a harmful chemical,有害的化学品,
202490df-0e72-4ae5-8012-2593150a2f9e,8b54d544-4f4f-4ad4-aa6a-a430f14adac6,4,an illegal chemical,非法的化学品,
202490df-0e72-4ae5-8012-2593150a2f9e,edec915d-3d0f-4f32-9d62-9ad538bbfade,5,make chemical weapons,制造化学武器,
202490df-0e72-4ae5-8012-2593150a2f9e,6f03c848-c6e6-43cd-a6d0-097fbe89c73d,6,obtain chemical fertilizers,获得化肥,
1cffa3b9-768f-42ca-934d-5fe0069491f8,455df3d9-ddc9-497e-b989-4d0f0a98410c,1,a kidney for transplant,用于移植的肾脏,
1cffa3b9-768f-42ca-934d-5fe0069491f8,f0c17562-83c6-43a4-8730-81a92594c3f0,2,an organ transplant,器官移植,
1cffa3b9-768f-42ca-934d-5fe0069491f8,0decedc3-4fed-4674-aa5f-c9d99ed3d4ac,3,reject a transplant,排斥移植器官,
1cffa3b9-768f-42ca-934d-5fe0069491f8,b2adb0c9-1de5-4ded-8726-401705f50877,4,transplant a tooth,移植牙齿,
1cffa3b9-768f-42ca-934d-5fe0069491f8,936d0c6e-b8f4-4791-bcc4-c50be0722f56,5,transplant sth. to sp.,把某物移到某地,
d58098aa-2976-4510-b49d-1a59399e4ce7,0a15586d-b63c-406d-a3ee-1700c0684598,1,a mock election,模拟选举,
d58098aa-2976-4510-b49d-1a59399e4ce7,d938892a-a237-42d8-9956-36a2c1f08cd9,2,mock horror,假装恐惧,
d58098aa-2976-4510-b49d-1a59399e4ce7,968d3838-baa6-4fc6-afa0-b5b9390f3a73,3,mock sb. as...,嘲笑某人为……,
645eb2dd-2ee2-4997-a283-4dddc9c62a10,d0e9d546-184e-4ce9-baa2-30767eeca712,1,an interim goal,暂时性的目标,
645eb2dd-2ee2-4997-a283-4dddc9c62a10,45b8aded-e9f9-45bc-9f7b-c3e79aff7e27,2,an interim period,过渡阶段,
645eb2dd-2ee2-4997-a283-4dddc9c62a10,1aea87f5-a3e4-46c2-8a2a-80e424734865,3,an interim receipt,临时的收据,
780c3082-6b89-458d-ae8d-cb92bf937716,028c9d3c-381a-4d23-8361-df8b6da9e599,1,a vertical cliff,陡直的悬崖,
780c3082-6b89-458d-ae8d-cb92bf937716,1abbcc2f-bc3d-4609-a3ef-db223bcb5c76,2,a vertical fall,垂直下落,
780c3082-6b89-458d-ae8d-cb92bf937716,148a0155-0f64-4e3a-ad55-77bb52a1f5ef,3,vertical integration,纵向一体化,
283452fe-e0b3-4eb6-a72b-05460e24ea25,f7cd39fd-8e4a-48d8-9a40-999a17bec333,1,a token fee,象征性的费用,
283452fe-e0b3-4eb6-a72b-05460e24ea25,c9492c9d-3991-490a-b4d2-793a2299b9b0,2,as a token of sth.,作为某物的象征,
d801eb22-8194-4391-b3fa-ef087112ef30,9904845c-c254-4bf1-985e-d5f849bdbdb2,1,be essentially intact,基本完好无损,
d801eb22-8194-4391-b3fa-ef087112ef30,d37d4d98-4482-4ad9-9ddc-ddf8b1cd57a4,2,preserve the farm intact,保持农场完整,
d801eb22-8194-4391-b3fa-ef087112ef30,60ec2028-7477-4417-9718-a6a0502a291c,3,with reputation intact,声誉完好无损,
21fe5293-a8c4-421e-ad2d-ff9aa154d473,40fdc9ba-b691-4ed6-9b73-376110ce4b40,1,a drawback to/of sth.,某事物的缺点,
21fe5293-a8c4-421e-ad2d-ff9aa154d473,cc5da51c-36fb-4d05-b856-dd6de48189dd,2,one major drawback,一大弊端,
21fe5293-a8c4-421e-ad2d-ff9aa154d473,fc18cb36-0305-4005-aff6-22d70f179aec,3,the only drawback,唯一的缺点,
e6218ca6-f6ff-498b-81dc-554496993720,a0b961b5-e074-4eb8-bfa6-150ba6e52381,1,a weary traveler,疲惫的旅行者,
e6218ca6-f6ff-498b-81dc-554496993720,8eefa35e-93b1-4acf-8e94-487a24f2a1c6,2,be weary of doing sth.,对做某事感到厌烦,
e6218ca6-f6ff-498b-81dc-554496993720,b96eecff-dacf-4bbf-8395-6a3dc6cbd3bb,3,weary of...,对……失去热情,
053a563f-55d5-4d3d-95af-fccc7b313ba2,4f826a4e-511a-4d8a-b9f1-196cf81c6e1a,1,a strong conviction,坚定不移的信念,
053a563f-55d5-4d3d-95af-fccc7b313ba2,1d6dc6ab-2e70-4e74-8f09-2f6e29231edc,2,be exempt from conviction,免于罪行,
053a563f-55d5-4d3d-95af-fccc7b313ba2,0a64f1d1-3ff6-452e-a16c-74f302337e1a,3,overturn a conviction,推翻定罪,
053a563f-55d5-4d3d-95af-fccc7b313ba2,ec127d29-8123-4c91-a3d4-253e4553cd36,4,political conviction,政治信念,
053a563f-55d5-4d3d-95af-fccc7b313ba2,9fb29ac6-2264-4d1a-a9dd-6b69c941e6c7,5,speak with conviction,坚定地说,
053a563f-55d5-4d3d-95af-fccc7b313ba2,bc844e59-d7a9-4119-9079-202438440667,6,the corruption conviction,腐败定罪,
e479c0e1-668d-405f-886c-a3ff85fedeee,495fd603-b973-4484-9d71-997af308a3bb,1,have a veto over sth.,对某事有否决权,
e479c0e1-668d-405f-886c-a3ff85fedeee,f1539e08-ebfa-4336-80d8-b07d3ac04af7,2,veto a bill,否决一项议案,
58c30c6a-5bd3-4feb-9594-c8455f8666f2,279e4f68-2769-400b-b2c7-0ceb2ebced53,1,an abrupt departure,突然离开,
58c30c6a-5bd3-4feb-9594-c8455f8666f2,b817d1d7-4855-4b11-9a04-cea1332c9930,2,an abrupt manner,举止唐突,
58c30c6a-5bd3-4feb-9594-c8455f8666f2,4ee06f73-df28-492a-af2c-d5726aa7665f,3,be abrupt with sb.,对某人粗鲁,
89be17c2-05eb-4c66-931d-bae840dc4f1e,e5b883d8-6516-4e2c-b6a9-a092055e749e,1,a man of zeal,热心人,
89be17c2-05eb-4c66-931d-bae840dc4f1e,666e4086-6236-44f8-bc3a-24a6c9444be2,2,zeal for sth.,对某物的热情,
76764a6c-fafb-4f76-8616-02aecb4b29ce,17968ad3-ebcd-437e-ab69-cea74b7483c9,1,a cunning liar,狡猾的骗子,
76764a6c-fafb-4f76-8616-02aecb4b29ce,268f3b03-46a7-4124-8bd2-f22c17bcd99d,2,a cunning personality,狡猾的性格,
76764a6c-fafb-4f76-8616-02aecb4b29ce,e84c2313-841d-48a7-8536-5c21dc742aa0,3,a cunning tool,巧妙的工具,
76764a6c-fafb-4f76-8616-02aecb4b29ce,a4864090-5f4c-4eda-bfba-c1de58ff477e,4,as cunning as a fox,像狐狸一样狡猾,
76764a6c-fafb-4f76-8616-02aecb4b29ce,a7285cc9-39ce-4002-939e-5fb19bee98d3,5,low cunning,卑鄙的主意,
76764a6c-fafb-4f76-8616-02aecb4b29ce,38f1fac4-ce44-40cf-8ec6-f810e2f82bd7,6,the cunning tackling of sth.,巧妙处理某事,
93c69974-c15f-40b5-93cf-94071d9333a5,0d742996-d24b-4bb9-acae-3dbd0d3472f9,1,hypocrisies of diplomacy,虚伪的处世之道,
93c69974-c15f-40b5-93cf-94071d9333a5,647d7aff-c11f-4981-9b56-65749f87a03e,2,rail against hypocrisy,痛斥伪善,
93c69974-c15f-40b5-93cf-94071d9333a5,1efcffa2-9c26-41ee-9a7a-d90b3e9b0665,3,sheer hypocrisy,虚情假意,
b298070c-d0e1-411c-a587-06cd8fd21ec8,57450132-6cf5-445b-9430-18807148b734,1,a conventional channel,传统频道,
b298070c-d0e1-411c-a587-06cd8fd21ec8,d3c5c62b-c369-42bc-8211-f27ea81f5acb,2,a proper channel,正当途径,
b298070c-d0e1-411c-a587-06cd8fd21ec8,fda3af7b-804e-4ac4-8c0a-d26937e59f61,3,an irrigation channel,灌溉水渠,
ee684175-67a5-4620-b6ec-4792cb576e9c,a492e0e0-4cbc-4d98-a1b3-ec8a892664c6,1,a submarine tunnel,海底隧道,
ee684175-67a5-4620-b6ec-4792cb576e9c,29a5e0a9-11ef-4e95-a29b-f04d6e7fe818,2,a white tunnel,白色隧道,
ee684175-67a5-4620-b6ec-4792cb576e9c,d4719563-c00e-4135-bd74-886938545008,3,tunnel a way,挖地道,
ee684175-67a5-4620-b6ec-4792cb576e9c,f64cc0eb-aba6-41f8-9db8-71af56674569,4,tunnel through rock,在岩石中挖地道,
d3cc0af7-1625-4ff4-9694-9b67924815a9,784e01f9-5dc0-4205-a33b-57cbd6909ac8,1,a criterion for entry,准入标准,
d3cc0af7-1625-4ff4-9694-9b67924815a9,e31d89d8-6824-42f8-a391-74833f2c180f,2,a job criterion,求职标准,
d3cc0af7-1625-4ff4-9694-9b67924815a9,4efc9290-df61-48fd-bc25-71f9a24f457a,3,meet the criteria,符合标准,
d3cc0af7-1625-4ff4-9694-9b67924815a9,a9e22066-126e-4b33-a120-6d53bf8d9b87,4,narrow one’s criteria,限定某人的标准,
4a38a66e-0ee9-40ef-9fbf-c287368f0c9c,919915c3-719f-4c95-8a35-35c689610c11,1,a president's adviser,总统的顾问,
4a38a66e-0ee9-40ef-9fbf-c287368f0c9c,5aeba4e3-42e1-4760-99c1-281232d6a3ca,2,a vice president,副董事长,
4a38a66e-0ee9-40ef-9fbf-c287368f0c9c,f750bb2b-d815-4665-b06f-1447d71cf048,3,an incumbent president,现任总统,
4a38a66e-0ee9-40ef-9fbf-c287368f0c9c,068ceae5-b92e-4fb0-b061-fe92b6144c1c,4,the American president,美国总统,
4a38a66e-0ee9-40ef-9fbf-c287368f0c9c,9fb53d7c-1cd6-4129-b968-2f1a72ea0199,5,the president elect,候任总统,
4a38a66e-0ee9-40ef-9fbf-c287368f0c9c,1542f20d-8108-4af9-bed2-8a9950048550,6,the president of a company,公司董事长,
0249616b-e2b3-4606-86ef-3a3911ebd462,e827c14d-f17a-4be6-bbb6-b366ba5c543a,1,preside at a meeting,主持会议,
0249616b-e2b3-4606-86ef-3a3911ebd462,90ea063a-fadf-402b-86b4-0bd4604deb44,2,preside at a trial,主审案件,
0249616b-e2b3-4606-86ef-3a3911ebd462,9bd35efc-c08b-49af-8ada-6d541c969f0a,3,preside over a company,掌管公司,
0249616b-e2b3-4606-86ef-3a3911ebd462,cb2717c6-93e8-48c9-8d06-edd40d8f2013,4,preside over doing sth.,负责做某事,
b9c013ca-af31-4b96-bd3b-e5e6803535d6,95953319-57ee-4bc7-8b6d-da06b19b1be5,1,a tribe of artists,许多艺术家,
b9c013ca-af31-4b96-bd3b-e5e6803535d6,114e69f6-de94-45f9-8acb-e2a8f39f83c0,2,an ancient tribe,古代部落,
b9c013ca-af31-4b96-bd3b-e5e6803535d6,b636a0f7-dca9-43e2-b7b1-73fb7023aec2,3,an ant tribe,蚁族,
b9c013ca-af31-4b96-bd3b-e5e6803535d6,d34c3179-ba27-4787-80ff-d2a6d4f2c6c9,4,compare to tribes,与部落相比较,
c8076bbe-1a35-4715-973e-a510bd7162e8,34a2cc13-c163-41e1-8666-07d729a36b33,1,a unanimous ruling,一致的裁决,
c8076bbe-1a35-4715-973e-a510bd7162e8,bcf1359f-bd49-4659-9a63-e17d9f71fdda,2,be unanimous in sth.,在某事上意见一致,
c8076bbe-1a35-4715-973e-a510bd7162e8,72f13b6a-88f2-46ea-8625-000074744d2d,3,unanimous approval,一致通过,
c8076bbe-1a35-4715-973e-a510bd7162e8,c1c33780-4f26-4b4d-a591-c319043627c6,4,unanimous support,一致的拥护,
51aba54e-82ff-4040-9c6a-1e96f6e1e051,a59b9218-1c96-47a0-b953-d115ced408f9,1,a degree program,学位课程,
51aba54e-82ff-4040-9c6a-1e96f6e1e051,54d62c07-9a77-41ff-985b-e82da17da1a1,2,a high degree of concentration,高度集中,
51aba54e-82ff-4040-9c6a-1e96f6e1e051,b9acb942-8384-4459-afdd-225095e9c135,3,a master’s degree,硕士学位,
51aba54e-82ff-4040-9c6a-1e96f6e1e051,64feba7b-d256-4d14-84ef-6a3ac4769614,4,a matter of degree,程度问题,
51aba54e-82ff-4040-9c6a-1e96f6e1e051,5faef5d1-60f6-4eab-a278-54a5705e7443,5,to a certain degree,在某种程度上,
51aba54e-82ff-4040-9c6a-1e96f6e1e051,5af3ae49-e8be-47d7-8801-43bb604a15ed,6,zero degrees Celsius,零摄氏度,
034c2886-790b-4e73-828e-0ccf66a5b492,714b7351-2dae-4b3b-aec9-1919b8067691,1,a piece of prose,一篇散文,
034c2886-790b-4e73-828e-0ccf66a5b492,84053f64-257a-4e29-929d-be623c358b42,2,be faithful to the prose,忠实于散文,
034c2886-790b-4e73-828e-0ccf66a5b492,4d15b102-73e6-41ec-ba03-3fe0820602cd,3,clear elegant prose,清晰的散文,
034c2886-790b-4e73-828e-0ccf66a5b492,edc7f638-316d-4aa5-85b6-4fbf0448a2d6,4,richly upholstered prose,风格华丽的散文,
41e4004f-76ee-4561-a9c3-cc45c4d76b6b,9411e32d-7307-483f-98b3-358934a7ee86,1,a formidable challenge,可怕的挑战,
41e4004f-76ee-4561-a9c3-cc45c4d76b6b,9b912097-afb9-4a57-b570-d42196b345fb,2,have a formidable task,面临艰巨的任务,
6ad0e56a-10b5-41c0-8bd5-b066ad126610,77b5995c-9349-47be-a3ca-6f0a879437d1,1,a feeble argument,无力的争论,
6ad0e56a-10b5-41c0-8bd5-b066ad126610,da004782-7290-438e-adc8-8a9086b06bd6,2,a feeble effort,白费力气,
6ad0e56a-10b5-41c0-8bd5-b066ad126610,c2ef29b3-3328-4a5f-8bf3-a11465adabe6,3,a feeble voice,虚弱的声音,
6ad0e56a-10b5-41c0-8bd5-b066ad126610,c994c2cf-af73-4ad3-b1ed-9cd39cb4b717,4,feeble relations,微弱的关系,
20ebade2-d7bd-4556-a238-485b2f37297d,846dc7d5-3107-4532-ad97-fe9cdcd34b00,1,a bloody massacre,血腥屠杀,
20ebade2-d7bd-4556-a238-485b2f37297d,8e3406b1-961b-4b0b-82fb-cd21a474ec36,2,massacre civilians,屠杀平民,
20ebade2-d7bd-4556-a238-485b2f37297d,c42026c9-a67b-42fe-af83-42093f7d31bc,3,massacre of innocents,滥杀无辜,
20ebade2-d7bd-4556-a238-485b2f37297d,fcf03f1d-c672-43eb-ac35-156a6113ca88,4,survive the massacre,在大屠杀中幸存,
072d3e7c-8c7d-42fd-a048-634b70c8b7ac,4ce73237-f556-4c35-965b-a0bf8b7c8a77,1,commemorate a painter,纪念一位画家,
072d3e7c-8c7d-42fd-a048-634b70c8b7ac,41a71285-2d18-403c-9a4c-35943708dfbb,2,commemorate a victory,庆祝胜利,
072d3e7c-8c7d-42fd-a048-634b70c8b7ac,f90067a4-fc53-453f-b1a3-c4aa46bd43f0,3,commemorate history,缅怀历史,
072d3e7c-8c7d-42fd-a048-634b70c8b7ac,36221793-0b1d-4d53-8df3-f0a2a19d1453,4,commemorate soldiers,纪念士兵,
e00b6595-add3-4aac-8b20-ab5790ad8dfc,a7bf7dc3-95a7-4e3b-a3f5-7a4c96525496,1,an anonymous child,不知姓名的孩子,
e00b6595-add3-4aac-8b20-ab5790ad8dfc,d0e9b774-62de-4203-a30e-1d5a42886b33,2,an anonymous letter,匿名信,
e00b6595-add3-4aac-8b20-ab5790ad8dfc,534257a0-e063-45b6-b68d-ba7f4e1c3c25,3,an anonymous vote,匿名投票,
e00b6595-add3-4aac-8b20-ab5790ad8dfc,90909129-f6c9-46ef-9121-ea745fad8214,4,wish to remain anonymous,不愿透露姓名,
3ca1a44c-e89e-4fb6-8461-b6645507a4c1,dab97c50-f7db-4e8b-9cc7-f4e2799d5db2,1,a vague agreement,模糊的协议,
3ca1a44c-e89e-4fb6-8461-b6645507a4c1,2f9400de-5d21-4b04-b6bb-5206f31d1cd1,2,a vague answer,含糊的回答,
3ca1a44c-e89e-4fb6-8461-b6645507a4c1,575b0b7e-106e-49d7-a756-bb2f2cce4a35,3,a vague excuse,含糊的借口,
3ca1a44c-e89e-4fb6-8461-b6645507a4c1,c3db33ea-e33c-42cf-828f-f3028abccd8a,4,a vague impression,模糊的印象,
3ca1a44c-e89e-4fb6-8461-b6645507a4c1,e16e0819-fbde-465f-a91b-9f94fd2e0e63,5,a vague promise,含糊不清的承诺,
3ca1a44c-e89e-4fb6-8461-b6645507a4c1,957bd785-306d-4380-a06b-3d783718c0bf,6,be vague about sth.,对某事不清楚,
97fbbed5-172b-436b-80a9-1af3b1c77843,94ad2047-d4ae-4383-91e1-743df9d8ee2f,1,humiliate one’s parents,使某人的父母蒙羞,
97fbbed5-172b-436b-80a9-1af3b1c77843,5d350231-a2ae-4c64-ab55-6e182a874711,2,humiliate sb. in public,当众羞辱某人,
97fbbed5-172b-436b-80a9-1af3b1c77843,413472f8-df0e-4932-8b73-82d265957228,3,humiliate the nation,使国家蒙羞,
5aaaa1f8-3f76-4599-adb2-f5f149bd92b7,d82835ad-a672-4e7f-99fd-85195c083534,1,happiness in retrospect,回想中的幸福,
5aaaa1f8-3f76-4599-adb2-f5f149bd92b7,c38a2f6e-15fd-4bf9-ac90-4ca363b90baa,2,retrospect to sth.,追溯到某物,
5aaaa1f8-3f76-4599-adb2-f5f149bd92b7,9fa48bf5-eef4-487c-a1a2-3557c078dcdc,3,the historical retrospect,历史的回顾,
06ffbc10-b7e4-4a18-b22e-85f6e04a4313,a4aba9d3-4c53-46f3-98dd-3b03209a4321,1,disguise oneself as...,把自己伪装成……,
06ffbc10-b7e4-4a18-b22e-85f6e04a4313,598954ed-0de0-48ed-b0ab-eeb21498ac1c,2,disguise surprise,掩饰惊奇,
06ffbc10-b7e4-4a18-b22e-85f6e04a4313,17413b6b-d5f1-4a6f-b118-96026593ce4b,3,in disguise,伪装,
06ffbc10-b7e4-4a18-b22e-85f6e04a4313,5420a232-8fda-43dd-9da1-d36c0b7aedfb,4,wear sth. as a disguise,用来物伪装起来,
53c8bdda-387a-40d9-9cbf-2af706099da1,aa8a9d4d-4860-42e1-9194-262a59cceb62,1,lose a parachute,失去降落伞,
53c8bdda-387a-40d9-9cbf-2af706099da1,d6d38e9e-c373-4775-9369-ae1fbf7ab000,2,parachute back to...,空降回到……,
53c8bdda-387a-40d9-9cbf-2af706099da1,fe01029f-961a-4597-9458-ed1f8d43ea47,3,parachute to safety,跳伞脱险,
b22a4b52-7a29-4708-b681-618e2a1b628b,a345fe43-4d1a-4f16-be87-54d11b6ada4a,1,a curious mixture,奇妙的混合,
b22a4b52-7a29-4708-b681-618e2a1b628b,ede3d650-e0c6-4bc8-9fda-1f7aefc4ae1a,2,a mixture of A and B,A和B的混合物,
b22a4b52-7a29-4708-b681-618e2a1b628b,24f775e7-b506-4dc2-aa7f-77614da939ca,3,chemical mixture,化学混合物,
93969008-ff6d-4c0b-96cb-b631c1785138,0c9eae30-b989-4614-acdb-e3d05475ea49,1,a shrewd judge of character,看人很准,
93969008-ff6d-4c0b-96cb-b631c1785138,3329c4b8-4b70-433c-8501-819a1fa51d8b,2,shrewd advertising,精明的广告宣传,
4b25da95-9d69-4110-b071-8c6f7d1c83c8,a1f659e4-fd2a-4167-92c7-1930182bd286,1,an artistic temperament,艺术家的气质,
4b25da95-9d69-4110-b071-8c6f7d1c83c8,15b62d8b-debe-4134-9bff-5dc9860a6b52,2,an excellent temperament,温顺的性情,
4b25da95-9d69-4110-b071-8c6f7d1c83c8,5101547f-bb0b-4b4b-9d95-788c97bb1a46,3,be nice in temperament,性格很好,
4b25da95-9d69-4110-b071-8c6f7d1c83c8,5f360a97-7759-4566-86c7-86fccfd7b91e,4,the cultivation of temperament,气质的培养,
e0de392b-0676-4b3d-96d1-852435b5fad4,6c1b1b25-8539-4428-883d-81bafd52afe5,1,a personality dimension,性格维度,
e0de392b-0676-4b3d-96d1-852435b5fad4,277cb97b-b83c-4da1-9a6c-18abc63ce57d,2,a sunny personality,阳光开朗的个性,
e0de392b-0676-4b3d-96d1-852435b5fad4,697f1893-3404-4fdb-9ab9-514c9081cbfe,3,a well-known personality,知名人士,
e0de392b-0676-4b3d-96d1-852435b5fad4,0ce35b42-d2b3-4fab-9718-fb6ed8687403,4,an aspect of personality,性格的一方面,
e0de392b-0676-4b3d-96d1-852435b5fad4,fb4e0119-25da-4826-8c4f-f993c9b37d42,5,compete with a personality,与名人竞争,
e0de392b-0676-4b3d-96d1-852435b5fad4,7f546f92-5b20-4731-ac0e-993f8d8f7a5e,6,lack personality,缺乏特色,
9f641a42-860f-44af-bfc6-8d034d5a31f7,ae21026b-a9d0-4014-a940-c2f1fb1c761a,1,hesitate a long time,犹豫很久,
9f641a42-860f-44af-bfc6-8d034d5a31f7,d6626d14-e8eb-4ee5-93ac-e434229b0722,2,hesitate about sth.,犹豫某事,
9f641a42-860f-44af-bfc6-8d034d5a31f7,1b1c3733-5d5b-4e9d-9726-0e916f3988c7,3,hesitate for a moment,犹豫片刻,
9f641a42-860f-44af-bfc6-8d034d5a31f7,e790fbb4-3703-47c1-be85-dffee7572a79,4,hesitate to do sth.,不愿意做某事,
c4033193-752c-48d9-88ed-3c9e34d8325e,0697edd9-f2f7-4c8a-83f4-7a915fdcee91,1,achieve a balance,达到平衡,
c4033193-752c-48d9-88ed-3c9e34d8325e,7e6f20fd-3f31-47b9-b89c-a8dad800edbc,2,achieve a profit,获得利润,
c4033193-752c-48d9-88ed-3c9e34d8325e,17eb05e3-31c5-4aa7-b601-a5d11ab2fb91,3,achieve an ideal,实现理想,
c4033193-752c-48d9-88ed-3c9e34d8325e,1076c2be-2d3b-40d8-a38a-1bdf21072133,4,achieve an objective,实现目标,
c4033193-752c-48d9-88ed-3c9e34d8325e,6cf72547-eeed-4a5b-b373-7b558d71f260,5,achieve one's ambition,实现某人的抱负,
c4033193-752c-48d9-88ed-3c9e34d8325e,794599c0-b32c-491a-83c0-e5d1f4befb5f,6,achieve success,获得成功,
8c98fa31-376f-44b5-82c6-f05a94c6443f,d68e011e-4aaf-4e2b-9bbb-8d383cdb1971,1,a transient phenomenon,短暂的现象,
8c98fa31-376f-44b5-82c6-f05a94c6443f,14d5caa4-ca56-4cb8-b2bc-4df7e96075ac,2,a transient population,流动人口,
8c98fa31-376f-44b5-82c6-f05a94c6443f,844b4add-9a93-4bff-864d-c88bb1c0ad3f,3,transient data,瞬时数据,
8c98fa31-376f-44b5-82c6-f05a94c6443f,d1a94765-7feb-487e-8615-f133ff676967,4,transient investment,暂时性投资,
78e1f791-53a4-46df-ab47-38f0ce8ec12d,1837ecdd-d66f-40cd-bf7e-30af44223225,1,at the same latitude,在同一纬度,
78e1f791-53a4-46df-ab47-38f0ce8ec12d,d000d149-0f09-456f-a946-79c7bfdcaeab,2,latitude of an island,岛屿的纬度,
78e1f791-53a4-46df-ab47-38f0ce8ec12d,e5460c92-2487-457a-9f2d-75a7d5e35836,3,the northern latitudes,北纬地区,
78e1f791-53a4-46df-ab47-38f0ce8ec12d,4157bddd-cb6b-4f03-a12d-96dea141f94b,4,wide latitude,广泛的自由度,
9845f787-01c6-46eb-86f0-55fb9077af56,29fa1aea-a572-4211-96c8-b04b07c457c4,1,a weekly periodical,周刊,
9845f787-01c6-46eb-86f0-55fb9077af56,29a4125b-8d6f-419c-b328-46ac56827a45,2,periodical events,周期性事件,
9845f787-01c6-46eb-86f0-55fb9077af56,3d23da9c-c8ba-4a37-b15d-8298531e0f3b,3,periodical screening,定期检查,
9845f787-01c6-46eb-86f0-55fb9077af56,2e4e01ba-073f-4044-a7f9-1d400eb89ad1,4,periodical visits,定期访问,
36c7a202-d06b-496f-b618-4c994e40db42,212ef3d6-1931-4c04-a0fc-a0aebef206fc,1,affirm a view,证实观点,
36c7a202-d06b-496f-b618-4c994e40db42,ee8a7b17-bb6a-42a2-87b5-174ec860f71c,2,affirm the importance,肯定重要性,
36c7a202-d06b-496f-b618-4c994e40db42,c4bfb7e5-4777-49cc-9e6a-ea20528cd01d,3,affirm the truth of sth.,断言某事的真实性,
b7ab5c19-cfbd-4576-a6dc-639836121dad,e7c30958-ad86-4f6c-acf0-28905c33ec23,1,a synthetic construction,人工建筑物,
b7ab5c19-cfbd-4576-a6dc-639836121dad,81590242-ade6-4b2e-8c74-64214e981916,2,a synthetic drug,合成药物,
b7ab5c19-cfbd-4576-a6dc-639836121dad,381fb6c0-f1ad-4ec2-b2e3-396b955cb90c,3,a synthetic material,合成材料,
b7ab5c19-cfbd-4576-a6dc-639836121dad,70711fb1-75c0-4288-95f8-89e596bb7d77,4,a synthetic robot,人造机器人,
e98528b4-74c2-40f1-9c98-864656c365a4,e57f0b34-d7d4-45d8-bf20-0366f5814a51,1,a religious superstition,宗教迷信,
e98528b4-74c2-40f1-9c98-864656c365a4,a9d0d655-26f7-472b-8dd6-9d02b81805b2,2,according to superstition,按照迷信的说法,
e98528b4-74c2-40f1-9c98-864656c365a4,a184d0cf-e069-4b7d-ab22-741fc99ccc64,3,be influenced by superstitions,受迷信影响,
e98528b4-74c2-40f1-9c98-864656c365a4,6fec66cf-3437-4ba8-b8c4-80ee3beb6020,4,do away with superstition,破除迷信,
a90ac760-7004-46c7-8554-133032e1d391,09c5c99d-b851-4e70-94b6-0f08043d1715,1,a messenger of peace,和平使者,
a90ac760-7004-46c7-8554-133032e1d391,da7eb79d-d390-4fab-b816-bbbdd9811262,2,a motorcycle messenger,骑摩托车的邮递员,
a90ac760-7004-46c7-8554-133032e1d391,e687a321-3164-4c9e-bfa0-09e116704083,3,a text messenger,通信员,
a90ac760-7004-46c7-8554-133032e1d391,126bcb65-3cfe-4093-a812-57942c90795d,4,dispatch a messenger,派出一名信使,
5bebd52c-a599-4840-ba11-406dd8f9d11b,7920f056-16c9-432e-b75d-98b9fddbc5b2,1,a bipolar transistor,双极型晶体管,
5bebd52c-a599-4840-ba11-406dd8f9d11b,e18dcc6b-880c-4bfd-868d-7240d53abf27,2,a new type of transistor,一种新型晶体管,
5bebd52c-a599-4840-ba11-406dd8f9d11b,b3175591-d8f3-4546-8387-05cac26402bf,3,a transistor circuit,晶体管电路,
5bebd52c-a599-4840-ba11-406dd8f9d11b,67022cbc-c8ee-4a96-9cc2-290f6219280b,4,a transistor radio,晶体管收音机,
cd6425c9-a4ba-4479-bb1d-4c023ebd5174,caa05ce3-0586-44fb-a75c-91b3244a67d8,1,Oriental rugs,东方地毯,
cd6425c9-a4ba-4479-bb1d-4c023ebd5174,b440d9a6-3b22-47cd-b3be-1bab97592629,2,oriental medicine,东方医学,
1026049b-388d-4e1f-9699-bd61b94a2adc,155ec108-57fe-4110-b52e-a43986b7823e,1,a twelve-week voyage,为期 12 周的航行,
1026049b-388d-4e1f-9699-bd61b94a2adc,b7131c13-867e-4685-90b3-bf785b72490a,2,a voyage around the world,环球航行,
1026049b-388d-4e1f-9699-bd61b94a2adc,ccf98049-bd75-41ca-b17c-529c62b740db,3,an international voyage,国际航程,
1026049b-388d-4e1f-9699-bd61b94a2adc,b13cfc5d-13d3-4af0-a1cd-166c250d327b,4,voyage through sp.,航行穿越某地,
77d3952e-0162-4926-9f1b-695c907e875a,65e4175a-0864-4284-b421-ee302dd3c83b,1,a diligent student,勤奋的学生,
77d3952e-0162-4926-9f1b-695c907e875a,63162e56-4ad8-471f-b30f-e20bd461173a,2,be diligent in sth.,做某事很勤奋,
77d3952e-0162-4926-9f1b-695c907e875a,ee5d197d-e20b-4290-8dfa-97dc7fb4d1f3,3,impressively diligent,十分勤奋,
77d3952e-0162-4926-9f1b-695c907e875a,eb7e8fa9-1f57-42c2-b7d6-20b972743c07,4,tend to be diligent,往往是勤奋的,
791c2526-2417-4d94-ba54-e1effecc1e59,91737622-ed2e-45fa-b994-0a530e1031be,1,a constituent of sth.,某物的成分,
791c2526-2417-4d94-ba54-e1effecc1e59,c46d74ca-c975-4e8f-9ff3-063d7fd24379,2,an active constituent,一种活性成分,
791c2526-2417-4d94-ba54-e1effecc1e59,c50f27e1-7b05-4008-8e06-2a0338e22453,3,hear from a constituent,听从选民意见,
791c2526-2417-4d94-ba54-e1effecc1e59,a7a0e74a-2bd6-4a4c-84f7-c1891606e46b,4,the constituent parts,组成部分,
791c2526-2417-4d94-ba54-e1effecc1e59,41adea98-66ad-41a1-aee1-355e8b04df53,5,the need of a constituent,选民的需求,
f0f1a498-63e2-471b-a984-67c9033f26d2,a7a84360-8c7a-46b6-8ddd-f74da8589491,1,a tremble of fear,恐惧引起的颤抖,
f0f1a498-63e2-471b-a984-67c9033f26d2,605cd520-7ae1-41df-bcc3-ef06596d5d3e,2,tremble at the thought of...,因……焦虑,
f0f1a498-63e2-471b-a984-67c9033f26d2,ac7cfa33-62e1-4efa-9423-6e119d268485,3,tremble violently,剧烈颤抖,
f0f1a498-63e2-471b-a984-67c9033f26d2,e643154f-c971-4be5-ac17-7324d8711570,4,tremble with anger,气得发抖,
5257b0e0-3581-4dd3-a6ae-370d7c2a8ef9,57d351d5-1012-4c99-aa3b-17a34cfac8df,1,an ornament to sth.,某物的装饰品,
5257b0e0-3581-4dd3-a6ae-370d7c2a8ef9,179caec3-26dd-4898-8bd0-f774fee58cb6,2,be rich in ornament,装饰华丽,
5257b0e0-3581-4dd3-a6ae-370d7c2a8ef9,3954053c-ad6d-4e7b-b20c-9fea4f6c1573,3,ornament a house,装饰房间,
b6ff7f0f-fe2f-437c-b00f-cbeb33fdb95f,560e7b57-9509-416d-9573-d1197bd25209,1,be repelled by sth.,厌恶某物,
b6ff7f0f-fe2f-437c-b00f-cbeb33fdb95f,ad5a383d-d22a-49cb-b294-0feaa535d934,2,repel an attack,击退进攻,
b6ff7f0f-fe2f-437c-b00f-cbeb33fdb95f,ab892120-16f9-4cf9-a68a-87b634812820,3,repel each other,互相排斥,
b6ff7f0f-fe2f-437c-b00f-cbeb33fdb95f,9362b200-0b2f-4844-9d28-29d225c5f602,4,repel mosquitoes,驱蚊,
3c80bad1-cb62-46ee-a506-cc07c995504c,189ea8e9-e5f6-445c-a94e-4acceaec13d4,1,an analogy between A and B,A 与 B 的类比,
3c80bad1-cb62-46ee-a506-cc07c995504c,1e8c20fc-450c-4fd8-86c0-97a1cd85ed30,2,an analogy with sth.,与某物的类比,
3c80bad1-cb62-46ee-a506-cc07c995504c,a5a04b08-d127-448e-9d79-2b6f96d45862,3,complete an analogy,完成类比,
3c80bad1-cb62-46ee-a506-cc07c995504c,44ef81c5-94bc-47b1-879d-df3dc94971b7,4,draw an analogy,打比喻,
ca2a5dee-6d4e-4b1b-82da-ee1566abddf9,5610351e-33e3-4949-ada1-bc8d7c36ff90,1,be seen as a blunder,被视为一个错误,
ca2a5dee-6d4e-4b1b-82da-ee1566abddf9,6e5f8fa0-72f5-4ae4-9926-c107334123fa,2,blunder about/around in sp.,在某地乱撞,
ca2a5dee-6d4e-4b1b-82da-ee1566abddf9,13dfa0da-5742-44b4-bcc8-defdf22099f0,3,blunder badly,犯大错,
ca2a5dee-6d4e-4b1b-82da-ee1566abddf9,25b66bc8-541c-4fdf-81d2-0f15a691d158,4,make a blunder,犯错,
9c9ccb86-486f-4f70-a144-d501118ff8c3,e9190b06-b9df-4a17-bcf0-d65494261ee9,1,a sarcastic manner,嘲讽的态度,
9c9ccb86-486f-4f70-a144-d501118ff8c3,b9054ba8-dc3c-4b1a-a328-562cec7bb4bc,2,a sarcastic smile,嘲讽的微笑,
9c9ccb86-486f-4f70-a144-d501118ff8c3,77486010-1739-4d5a-a476-efe8b5fa89b9,3,make sarcastic comments,说嘲讽的话,
9c9ccb86-486f-4f70-a144-d501118ff8c3,d5b7b1df-0479-4df7-bd47-af6b3277a093,4,sarcastic remarks,挖苦的话语,
3e931c59-c7fc-4150-bde5-fbf12fe6d936,a84fdf31-5740-4392-bce5-4f3189f11e00,1,forms of government,政体形式,
3e931c59-c7fc-4150-bde5-fbf12fe6d936,3ca412e2-69e0-434e-afe2-0b54d8883414,2,government interference,政府干预,
3e931c59-c7fc-4150-bde5-fbf12fe6d936,a8794f37-6e1a-4f4a-aed0-e8480cdb0058,3,government mandates,政府授权,
d5d524f4-df4f-4ced-838d-14d0d87bc2a0,a7a4fa57-da24-4ab8-a22b-7c6889ec0704,1,regulate a platform,管理平台,
d5d524f4-df4f-4ced-838d-14d0d87bc2a0,ea6801a0-db92-4d8b-96ad-611c1b77200a,2,regulate emotions,调节情绪,
d5d524f4-df4f-4ced-838d-14d0d87bc2a0,abedcc74-8b2a-4889-a0c5-9ead332eece8,3,regulate the use of...,对……的使用进行管理,
36b4d81c-8ccd-4cd8-a71c-e6f46abb7f4b,4ace7f03-7953-475a-a27c-d064045ecaba,1,a bronze baluster,青铜制的栏杆,
36b4d81c-8ccd-4cd8-a71c-e6f46abb7f4b,df68fabe-52c4-4b2a-9487-73a936ddfc4a,2,a figure cast in bronze,一尊青铜铸像,
36b4d81c-8ccd-4cd8-a71c-e6f46abb7f4b,234bb2c8-7f69-4e48-94ba-6ff0f82e9921,3,be made of bronze,由青铜制成,
36b4d81c-8ccd-4cd8-a71c-e6f46abb7f4b,3ab8b179-dbd1-4c4f-a4e7-702aef601e26,4,bronze implements,铜器,
7f905ca0-a747-4e3c-ac97-eaa739ebc53d,50652fc5-3085-4bac-adb7-fb358ed5dd95,1,a charitable impulse,冲动而行的善事,
7f905ca0-a747-4e3c-ac97-eaa739ebc53d,e1322112-d33f-4359-a20d-1b902766b01a,2,a healthy impulse,健康的动力,
7f905ca0-a747-4e3c-ac97-eaa739ebc53d,c7d36099-4709-45c7-95c4-e2b0b24a7470,3,act on impulse,一时冲动,
7f905ca0-a747-4e3c-ac97-eaa739ebc53d,378c8732-0adb-43ed-aa13-324d65ff0470,4,carry an impulse into sth.,一时冲动做某事,
7f905ca0-a747-4e3c-ac97-eaa739ebc53d,4cceb148-acac-4e91-8afd-c7a26b881d83,5,electrical impulses,电路脉冲,
7f905ca0-a747-4e3c-ac97-eaa739ebc53d,36492341-8d8e-4fb8-b4ca-ed4466182ff1,6,under the impulse of...,在……的推动下,
2490a401-bb98-4d24-a2af-ec6501b1938c,cc0b497f-c984-44b1-8be4-217eab7abab3,1,an apparent end to sth.,某事貌似结束了,
2490a401-bb98-4d24-a2af-ec6501b1938c,db482653-4c38-4bf6-aa2b-290d8d784efb,2,apparent change,显著的变化,
2490a401-bb98-4d24-a2af-ec6501b1938c,6aca9777-ea69-4fc7-b454-2410cfc3ef8a,3,apparent deliberation,明显的思考,
2490a401-bb98-4d24-a2af-ec6501b1938c,1c3125af-8cf7-4b20-b19b-448c4f116770,4,apparent transcendence,明显的超越,
2490a401-bb98-4d24-a2af-ec6501b1938c,2b8e55b5-543a-4ad0-8fe1-4129604751d8,5,be apparent to sb.,对某人来说显而易见,
2490a401-bb98-4d24-a2af-ec6501b1938c,4bc3e49d-45d7-430b-9755-583e9b4eefcb,6,for no apparent reason,没有明显的原因,
d41eae54-d5b9-4776-986b-9e339c92bc64,ab6f6d86-fb6c-44cd-8565-31d8f548d669,1,deduce a conclusion,推出结论,
d41eae54-d5b9-4776-986b-9e339c92bc64,f9331619-8ed5-4e8b-88da-74f274a70ec5,2,deduce sequences,推出序列,
d41eae54-d5b9-4776-986b-9e339c92bc64,0ac1b254-b8eb-476d-b409-71eb3718f215,3,deduce the property of...,推断……的性质,
f7cf9306-28d0-400a-a07d-2342c868cf6d,168c1a5c-9cc9-41c0-bf75-27960327a626,1,an elegant atmosphere,雅致的环境,
f7cf9306-28d0-400a-a07d-2342c868cf6d,0118db9e-c004-47ac-aa58-ee24c1646549,2,an elegant dress,高雅的连衣裙,
f7cf9306-28d0-400a-a07d-2342c868cf6d,5d76752c-4d0c-45d1-971a-41a6c6daadb2,3,an elegant library,雅致的图书馆,
f7cf9306-28d0-400a-a07d-2342c868cf6d,94b239e1-d682-4f37-afcc-69056581c5d8,4,an elegant solution,简明的方法,
f7cf9306-28d0-400a-a07d-2342c868cf6d,db9f624d-3880-4237-bbd9-f7a3fe5309e9,5,an elegant tower,别致的塔楼,
f7cf9306-28d0-400a-a07d-2342c868cf6d,e298b500-e22b-41e1-9664-0ad6c32cd7c7,6,the elegant side,优雅的一面,
f69727cf-5ad7-40a3-a0f9-4845326eac20,c79aaecd-c5dd-442d-8737-eeb7ad3e192d,1,an erroneous notion,错误的观念,
f69727cf-5ad7-40a3-a0f9-4845326eac20,10c6da04-ad41-41c4-9063-142bb71dd416,2,correct erroneous data,纠正错误的数据,
f69727cf-5ad7-40a3-a0f9-4845326eac20,e1f771e0-f962-4d3c-a828-be3da263b98b,3,erroneous nature,错误的本质,
f69727cf-5ad7-40a3-a0f9-4845326eac20,bcfc155c-d35a-4d0e-8839-27f053705b7d,4,lead to erroneous decisions,导致错误的决定,
6c6baf39-2133-4e9b-bbd8-387c1552721b,77ed1281-1b1b-44e4-a148-cb0a95c9bb67,1,a diversity of habitat,生活环境的多样性,
6c6baf39-2133-4e9b-bbd8-387c1552721b,be117d42-ddfd-4642-8c4d-0f1c6226f22e,2,an ideal habitat,理想的生活环境,
0ec3608c-41df-4e3f-9e9f-f708bf618aaa,007e3472-c9f2-4d1b-b6b1-be7627843841,1,a synthesis of...,……的综合,
0ec3608c-41df-4e3f-9e9f-f708bf618aaa,c72bf1a9-5be9-4f5c-afba-0948bf5a6f1c,2,protein synthesis,蛋白质的合成,
0ec3608c-41df-4e3f-9e9f-f708bf618aaa,b8bea4c3-4944-48aa-8aff-988ff9154a82,3,speech synthesis,语音合成,
0ec3608c-41df-4e3f-9e9f-f708bf618aaa,594e4069-aad6-481a-a782-63e019db2f64,4,through synthesis of...,通过……的综合,
55ef874e-1f1e-4ca4-b841-4a6eadfc37a1,022385d7-2673-4012-ab66-74f2b381490f,1,a mode of behaviour,行为模式,
55ef874e-1f1e-4ca4-b841-4a6eadfc37a1,605e8557-9389-4c83-a4b2-c8fe41f254e6,2,a mode of production,生产方式,
55ef874e-1f1e-4ca4-b841-4a6eadfc37a1,6bb2f1b1-0203-4150-bfc6-5355d9b89fc1,3,a mode of thought,思维模式,
55ef874e-1f1e-4ca4-b841-4a6eadfc37a1,0c018444-343a-4ef5-9c88-ef80941748e8,4,the automatic mode,自动化模式,
b4a77078-6b46-4ef3-9141-b1d0a660437d,b7c9ae27-5cdb-41df-a2e6-111b339de398,1,abide at sp.,在某地居住,
b4a77078-6b46-4ef3-9141-b1d0a660437d,2f4a0d8a-316e-4b82-a56a-f2565daa8d46,2,abide by regulations,遵守规则,
b4a77078-6b46-4ef3-9141-b1d0a660437d,18db5ab9-0695-4ce3-af83-bfaf4c18de90,3,abide in...,停留在……中,
b4a77078-6b46-4ef3-9141-b1d0a660437d,3a446049-4cd2-43a2-b3ff-a64d78aadac4,4,cannot abide the noise,无法忍受噪音,
f5633bda-6220-4195-aa0c-a1bb62f15fec,19ad7e50-1b1b-4047-9677-72aac21da45f,1,preach a sermon,布道,
f5633bda-6220-4195-aa0c-a1bb62f15fec,d634e823-6333-4275-9860-dc7f554d74ef,2,preach about...,宣扬……,
f5633bda-6220-4195-aa0c-a1bb62f15fec,352b4b29-2703-4b62-a5c4-0782d94cbe5a,3,preach free trade,宣扬自由贸易,
f5633bda-6220-4195-aa0c-a1bb62f15fec,50be266d-acf1-469d-8ef7-f06c99df64a6,4,preach to sb.,向某人布道,
e35ac198-944c-48fc-99ce-53b36c1918a8,c11c60e9-7062-42e9-a19e-5b7eb6eb0165,1,be widely defied,受到普遍藐视,
e35ac198-944c-48fc-99ce-53b36c1918a8,16bf9b46-faa6-403e-8c76-7a49d6257e28,2,defy one’s will,反抗某人的意愿,
3dc2b66e-36e8-482c-8c20-41e3a4d9baf3,0a6069f3-998f-4730-9ba4-68bdabc1756f,1,mobilize immediately,立即动员,
3dc2b66e-36e8-482c-8c20-41e3a4d9baf3,2cfd72a3-5b98-424e-be7e-4f8070717b8e,2,mobilize resources,调用资源,
3dc2b66e-36e8-482c-8c20-41e3a4d9baf3,a777cb0f-210c-4767-9322-236f85629cd5,3,mobilize sth. for...,因……调动某物,
3dc2b66e-36e8-482c-8c20-41e3a4d9baf3,a5a85778-e7fe-47c8-9121-496b8aec629d,4,mobilize the masses,发动群众,
0e1c915e-8dfb-4812-bd2a-ceddd1feaa01,34facf96-f4f1-461b-8934-f07c32e7413f,1,agitate for/against sth.,鼓动支持/反对某事,
0e1c915e-8dfb-4812-bd2a-ceddd1feaa01,d0bb76f6-3973-4dac-ae3c-17d6c5dda3a5,2,agitate the crowd,使群众激动,
0e1c915e-8dfb-4812-bd2a-ceddd1feaa01,50b8c791-83e1-4805-b481-e2a66029d2e8,3,agitate the juice,摇动果汁,
0e1c915e-8dfb-4812-bd2a-ceddd1feaa01,7c5b7183-1f80-4b54-8896-f2dfbaed0ace,4,agitate to do sth.,鼓动做某事,
c71a1ed4-a8c0-456a-a910-57cdc8783b43,29a6db22-9f31-4892-9fc0-98b9cbd1326a,1,a Muslim pilgrim,穆斯林朝圣者,
c71a1ed4-a8c0-456a-a910-57cdc8783b43,85e61e35-ac96-4411-9d01-fe717d6b3f15,2,pilgrim soul,朝圣者般的灵魂,
c71a1ed4-a8c0-456a-a910-57cdc8783b43,16646a38-d83f-4ce7-8a6d-0b14603e8332,3,the pilgrim place,朝圣地,
c71a1ed4-a8c0-456a-a910-57cdc8783b43,74ad7a1b-c87d-43e3-beab-0a2c1750cf9c,4,the pilgrim route,朝圣路线,
e2f839ba-74d8-4fa7-b753-87666f2e9f11,60b6de9f-f06a-4e2b-b03e-47b2ddf7f53d,1,Christian doctrine,基督教教义,
e2f839ba-74d8-4fa7-b753-87666f2e9f11,630de776-4258-4d7d-bcf4-ad15e8fd737a,2,a doctrine of sovereignty,主权学说,
e2f839ba-74d8-4fa7-b753-87666f2e9f11,84d21831-94ea-4ba9-a8ac-23907d16f016,3,accept doctrine of...,接受……的信条,
e2f839ba-74d8-4fa7-b753-87666f2e9f11,c87a62fa-5375-4e8f-a8c6-a0d958aeeea1,4,cling to a doctrine,坚持信条,
70a93bb3-f794-44b8-bb76-7fd824a0094b,1a1d8f06-df2d-4579-8613-37ed3fae0b4c,1,a corrupt middleman,腐败的中间商,
70a93bb3-f794-44b8-bb76-7fd824a0094b,1172abd3-0d43-4db8-8346-0eabef8451d9,2,a corrupt official,贪官污吏,
70a93bb3-f794-44b8-bb76-7fd824a0094b,74039c1e-8728-4569-a429-177a13faea61,3,be corrupted by sb.,被某人带坏,
70a93bb3-f794-44b8-bb76-7fd824a0094b,7c5ab066-c339-4a76-8696-def8d175a946,4,corrupt a nation,使国家腐化,
e1a483b4-1483-4301-99a7-47fdf029f55c,3c732dd8-e5d9-4cd2-ac61-26dd71496c37,1,be staring sb. in the face,显而易见,
e1a483b4-1483-4301-99a7-47fdf029f55c,c74df56b-ab53-442f-9090-2778b6681bec,2,stare at sth.,盯着某物,
0698af3a-8ded-4f89-a3ec-d67c8e43eff6,0fd8362b-a959-4870-8706-b7a01e3d6d76,1,a sightseeing handbook,观光指南,
0698af3a-8ded-4f89-a3ec-d67c8e43eff6,caef3fb0-568e-4b0a-9fe7-fb81469a9c3b,2,compile a handbook,编写一本手册,
0698af3a-8ded-4f89-a3ec-d67c8e43eff6,28799636-46e2-4eb9-90f9-cb9db43d0d7b,3,purchase a handbook,购买一本手册,
985a1fb3-9a00-4e0c-a97e-1529b9068be1,d8b4aa90-90fa-4531-bd6d-a8db684a209a,1,indicate a danger,暗示危险,
985a1fb3-9a00-4e0c-a97e-1529b9068be1,67c3a9c4-11d3-4257-aef1-e45163b25a7d,2,indicate clearly,清楚地表明,
985a1fb3-9a00-4e0c-a97e-1529b9068be1,206c9a1a-a446-4e9b-9490-2ef2ca942389,3,indicate one’s effect,表明某人的影响,
985a1fb3-9a00-4e0c-a97e-1529b9068be1,07662401-35f5-4146-926f-6395e045cbfd,4,indicate the direction of...,指出……的方向,
e36befd7-9f14-4de8-b513-47ea7ce3f53c,ac281889-1c10-4b4e-aa55-d259ef4c215e,1,an indicative mood,陈述语气,
e36befd7-9f14-4de8-b513-47ea7ce3f53c,5d37424c-95c6-42e5-8065-84084d2ab2d6,2,an indicative sentence,陈述句,
e36befd7-9f14-4de8-b513-47ea7ce3f53c,10543d54-95b7-4abf-bb89-7f37ee53724b,3,be indicative of change,表明变化,
e36befd7-9f14-4de8-b513-47ea7ce3f53c,c7ff7ad1-3cb9-4020-b299-8eb3dd4b0d8a,4,be indicative only of...,只表明……,
815cf99a-dea5-4f54-bd44-b397ecfc40d7,04c7c217-a88a-42e3-a513-3051b7f396a9,1,a tentative standard,暂行标准,
815cf99a-dea5-4f54-bd44-b397ecfc40d7,0d179c9e-9050-4d0c-bc5f-a7cd4ee4a4fd,2,a tentative thesis,暂定的论题,
815cf99a-dea5-4f54-bd44-b397ecfc40d7,78857eac-f8ec-458f-8336-12efedbdbbff,3,be tentative to sth.,对某事是试探性的,
55c28267-003e-409d-a2d7-88c0695b0bd2,21a20135-9e1a-4dac-9f62-7e316f171903,1,a masculine color,男性化的颜色,
55c28267-003e-409d-a2d7-88c0695b0bd2,b894f365-0763-428b-9e7e-cc1239fe5db3,2,a masculine image,男子汉形象,
55c28267-003e-409d-a2d7-88c0695b0bd2,3e605380-218f-4601-9b44-a77410e3c815,3,a masculine pride,男性的骄傲,
55c28267-003e-409d-a2d7-88c0695b0bd2,a1a929a2-6cb6-4372-bd59-d2bd76475cd8,4,a masculine pronoun,阳性代词,
7f949096-cee8-4fa1-8be4-3ea8631b66c5,d5c9dcd0-bd4e-44a2-97d0-bb842a4cef6a,1,a miserable life,悲惨的生活,
7f949096-cee8-4fa1-8be4-3ea8631b66c5,35802370-4b21-4c98-8aaa-253f4586388e,2,a miserable wage,微薄的工资,
7f949096-cee8-4fa1-8be4-3ea8631b66c5,a8751682-04d4-45ed-bca3-51008eb66a57,3,be miserable about sth.,对某事感到痛苦,
7f949096-cee8-4fa1-8be4-3ea8631b66c5,cf4a92f4-d562-4454-b23f-898da7439091,4,in miserable conditions,在恶劣的条件下,
f296a1e6-ba94-46c4-a0f1-fd852985118e,9cea9c36-2a1b-4299-a955-555b92e60832,1,make one’s life a misery,使某人生活痛苦,
f296a1e6-ba94-46c4-a0f1-fd852985118e,2d3203d4-9b16-4931-bbd9-7e20f6f8bde8,2,the miseries of war,战争造成的苦难,
f296a1e6-ba94-46c4-a0f1-fd852985118e,b05880bc-e129-4e3b-a3bd-96e227a8148a,3,widespread misery,普遍的苦难,
fc0760a3-bb75-4967-9dbf-e946e4b0dd84,7fb79f59-ccc0-4059-8023-252f6f3d0673,1,a captive animal,关在笼子里的动物,
fc0760a3-bb75-4967-9dbf-e946e4b0dd84,8fbae157-dfa8-4c4a-bcc8-2f08bd6f0072,2,a captive shipper,受控的托运商,
a31083ce-d7c1-434b-83ff-39ff236760e6,25db4742-3607-48ef-a9cc-b37113fd1807,1,a letter of apology,道歉信,
a31083ce-d7c1-434b-83ff-39ff236760e6,85e74707-7968-4576-a0b3-7df101f1e27e,2,make apologies for sth.,因某事致歉,
a31083ce-d7c1-434b-83ff-39ff236760e6,bc837f19-fb9d-4c95-be00-12c1f65bb0bc,3,official apology,官方道歉,
76ca0bd8-0121-4154-b3c5-dfac6e41425b,b5d1d853-f2b7-49fe-9125-9f068c9fabfb,1,a diplomatic maneuver,外交策略,
76ca0bd8-0121-4154-b3c5-dfac6e41425b,8b7b414f-8eaf-465d-8710-d078f4b74f9b,2,by skillful maneuver,用巧妙的策略,
76ca0bd8-0121-4154-b3c5-dfac6e41425b,cefbbef1-3d93-4929-a85c-9f43918feeec,3,maneuver one's way,施展手腕,
76ca0bd8-0121-4154-b3c5-dfac6e41425b,633d62f8-031d-4099-b998-f09edbee5bcc,4,maneuver the canoe,控制独木舟,
f4278050-3f56-446a-bdab-97cec0e2ee4c,6a052aed-133b-4c65-9c95-5dc708956b54,1,a freelance journalist,自由新闻记者,
f4278050-3f56-446a-bdab-97cec0e2ee4c,f0da12d9-1b83-4851-840e-79b93f333321,2,a political journalist,政治记者,
f4278050-3f56-446a-bdab-97cec0e2ee4c,e9ca0c6d-e010-4863-bf4c-ca8fd6cbf6f7,3,an excellent journalist,杰出的记者,
f4278050-3f56-446a-bdab-97cec0e2ee4c,f9f54c3c-24d7-446c-bb6d-27a136c46427,4,journalist’s reporting,记者的报道,
f7085a8d-68a7-467a-bb75-63c307819a87,8a443a99-b902-4e87-aa3b-fab0dc3f3413,1,The Wall Street Journal,华尔街日报,
f7085a8d-68a7-467a-bb75-63c307819a87,81397213-b813-4df8-b769-8300510e5a47,2,a journal editor,期刊编辑,
f7085a8d-68a7-467a-bb75-63c307819a87,b3114749-e951-4826-bcb2-d2f9db1d65c2,3,a medical journal,医学杂志,
f7085a8d-68a7-467a-bb75-63c307819a87,75b97c70-3657-4a0f-86dc-80bae04933c5,4,a specialized journal,专业杂志,
f7085a8d-68a7-467a-bb75-63c307819a87,4076f7dd-3517-449a-ab47-c356c2eb6afe,5,keep a journal,记日记,
f7085a8d-68a7-467a-bb75-63c307819a87,9fbf22ce-9552-4cdc-8ba8-4bcfa7da1f04,6,keep...in a journal,把……记在日记里,
37344f44-6b79-4457-8d7f-d77c0eb96e1b,88178ea3-9265-4018-bb46-a6a046b81ed9,1,defer a bonus,推迟发放奖金,
37344f44-6b79-4457-8d7f-d77c0eb96e1b,0f4cc5d8-8520-4d6d-b26e-f6748e3cf6f0,2,defer admission to college,延期入学,
37344f44-6b79-4457-8d7f-d77c0eb96e1b,d5d45fc5-5442-47ce-b89c-cabd47a5e8fb,3,defer modernization,推迟现代化,
37344f44-6b79-4457-8d7f-d77c0eb96e1b,5aaec557-c057-4135-b47d-f689c874fd00,4,defer to an expert,听从专家的意见,
05195b4d-9c01-47c9-b535-02a6fe2b37f4,221ec083-4a93-4c28-97ab-ea75ff1a840a,1,a convention on bribery,反贿赂公约,
05195b4d-9c01-47c9-b535-02a6fe2b37f4,0ee299bf-9a54-44ee-94e6-5fdf75361848,2,by convention,按照惯例,
05195b4d-9c01-47c9-b535-02a6fe2b37f4,80d0c599-0adf-409f-9169-3a039834c60d,3,cultural conventions,文化习俗,
05195b4d-9c01-47c9-b535-02a6fe2b37f4,1154833a-973d-41d6-b56d-fd1938ee0d11,4,hold a convention,举行大会,
05195b4d-9c01-47c9-b535-02a6fe2b37f4,d9a908df-48d9-4f61-bae9-6b8ed7706691,5,the established conventions,既定惯例,
4bc93f20-51b7-406f-b751-713e19bf8545,2ffe7d88-2be4-4193-9d3a-5b8cfcbb2ee4,1,be of utmost importance,极为重要,
4bc93f20-51b7-406f-b751-713e19bf8545,25f28896-3674-4cf7-bac3-f6c541bfc4c8,2,do one’s utmost,竭尽全力,
4bc93f20-51b7-406f-b751-713e19bf8545,dee51d2c-7b9b-40b1-ab93-1b992531cd43,3,make the utmost use of sth.,物尽其用,
4bc93f20-51b7-406f-b751-713e19bf8545,c9757d34-efed-4049-9a19-f6d0c2b9096d,4,push oneself to the utmost,尽某人最大努力,
1dd39ea8-79fe-415b-b29b-5144768e10cf,87461ef0-9043-4b69-b85a-9784b6cbfae1,1,E-mail a resume,通过电子邮件发简历,
1dd39ea8-79fe-415b-b29b-5144768e10cf,a8b390f8-f828-4165-9a24-3386a35b2832,2,a resume of sth.,某事的概述,
1dd39ea8-79fe-415b-b29b-5144768e10cf,d097afa7-3657-451f-9da4-d6bd5a57e162,3,resume a career,重新上岗,
1dd39ea8-79fe-415b-b29b-5144768e10cf,3992d8b6-9f65-4d8c-aeed-8bd7346d4e39,4,resume early,尽早重新开始,
bb2f39ce-d103-407a-b934-f3a7a28a021c,7e05cb7f-d56b-4419-bcb5-6dec21510f70,1,a swaying palm,摇曳的棕榈树,
bb2f39ce-d103-407a-b934-f3a7a28a021c,ee505e8f-4db5-4752-999d-85389ac418ba,2,in the palms,在手中,
72e58e85-03a4-4670-8386-106bf889501b,a695ca76-9fab-4ce0-b2af-409135f4874a,1,a pamphlet about sth.,关于某事的小册子,
72e58e85-03a4-4670-8386-106bf889501b,ceb0e53e-370b-42ca-9afd-a1909c664203,2,a political pamphlet,政治小册子,
72e58e85-03a4-4670-8386-106bf889501b,317b0fd1-8e2a-435e-abc4-5b13c6c937fd,3,give out pamphlets,分发小册子,
72e58e85-03a4-4670-8386-106bf889501b,9b93eb37-c4b3-446b-a153-4a407a85c704,4,receive a pamphlet,收到小册子,
36c9a749-f0d3-4cc3-86a5-2f6dc52b8f4e,68a5c1a7-475f-404e-9bcf-45c56e783aa6,1,resemble European society,像欧洲社会,
36c9a749-f0d3-4cc3-86a5-2f6dc52b8f4e,04324618-d294-480c-bb7a-1345a06274ec,2,resemble each other,彼此相似,
36c9a749-f0d3-4cc3-86a5-2f6dc52b8f4e,9391a4d1-6b28-4bfc-a509-4888dc2ce488,3,resemble one’s kin,像某人的亲属,
36c9a749-f0d3-4cc3-86a5-2f6dc52b8f4e,c4fd868f-03d0-4e1c-94e8-47e77222dfd3,4,resemble sb. in taste,跟某人兴趣相似,
580591f7-679a-464e-a558-64a93f343641,7423789a-1efc-43f1-8c6d-91ca0f2114af,1,a false impression,错觉,
580591f7-679a-464e-a558-64a93f343641,56e00651-b218-4a4e-8615-b38fe8103b77,2,a final impression,最后的印象,
580591f7-679a-464e-a558-64a93f343641,f496a863-a024-48ea-b53f-39cea3d5f623,3,a subjective impression,主观感觉,
580591f7-679a-464e-a558-64a93f343641,92290d2a-6599-410a-b50d-b4cd0c717ba4,4,an impression of...,对……的印象,
580591f7-679a-464e-a558-64a93f343641,44e60169-5da9-44de-a6d5-af778cbfc52d,5,leave an impression on sb.,给某人留下印象,
580591f7-679a-464e-a558-64a93f343641,187a7865-e5fe-4f43-b6b5-3e8b92d1413e,6,the first impression,第一印象,
c3151d00-c962-47f6-8442-8a3371ff03c8,591d07f2-4254-459a-97f3-9781c2c63c8d,1,an insult to sb.,对某人的侮辱,
c3151d00-c962-47f6-8442-8a3371ff03c8,28af5739-1f84-4f55-b63f-8b2f37966343,2,insult sb. by doing sth.,做某事侮辱某人,
c3151d00-c962-47f6-8442-8a3371ff03c8,00e4c122-5fad-4ed3-9961-87467816cb3e,3,mean to insult sb.,故意侮辱某人,
c3151d00-c962-47f6-8442-8a3371ff03c8,87f12454-4285-4a72-8aa7-1830b3648af6,4,shout insults at sb.,大声辱骂某人,
f5ca5ab1-1fc4-4760-944e-184ba408fad3,b5df0e58-2ba2-493f-b7d2-b7c701434b5f,1,a government minister,政府大臣,
f5ca5ab1-1fc4-4760-944e-184ba408fad3,028e6759-63a7-4bc7-bf4f-0df5eb62a1dc,2,an education minister,教育部部长,
f5ca5ab1-1fc4-4760-944e-184ba408fad3,ed7694b2-34d3-4557-ac83-cb98e3f38286,3,the commerce minister,商业部部长,
b398d43c-4e2a-4106-aeae-4dba49f18d1d,7c9ed952-933c-4e01-97a8-8006206296fe,1,a business lobby,商业游说团体,
b398d43c-4e2a-4106-aeae-4dba49f18d1d,9ed2ac1a-19d3-4b7d-be2f-2d3940999830,2,a hotel lobby,旅馆大厅,
b398d43c-4e2a-4106-aeae-4dba49f18d1d,735499e6-6f46-4750-b1dd-a0f7d99462d8,3,an antismoking lobby,禁烟游说团体,
b398d43c-4e2a-4106-aeae-4dba49f18d1d,0ab5b469-6774-4bb5-9049-9f4707b825de,4,lobby for...,为……游说,
b398d43c-4e2a-4106-aeae-4dba49f18d1d,3bb885ff-c777-4c28-b69f-ca58f218a87e,5,lobby sb. to do sth.,游说某人做某事,
b398d43c-4e2a-4106-aeae-4dba49f18d1d,4b70a5ba-47a5-4abd-893a-89237bf25206,6,lobby talk,游说说辞,
cea29248-d53c-4c63-bdce-478bda3f1cde,8c5c55bf-0498-4784-85e3-1cf38fd12cd3,1,a pregnant celebrity,怀孕的明星,
cea29248-d53c-4c63-bdce-478bda3f1cde,a54e9992-46ef-4e45-84bb-680be84e4db0,2,be pregnant with meaning,饱含深意,
cea29248-d53c-4c63-bdce-478bda3f1cde,a21a6d28-cef8-4b6b-8d0d-ad8f80d3d6b3,3,get pregnant,怀孕,
2b48eda9-6257-4977-a38e-f120b160e6b0,80a4d3f6-2ec0-4138-9fee-89c69c4e15e9,1,a temporary necessity,暂时的必然性,
2b48eda9-6257-4977-a38e-f120b160e6b0,89831f61-8db8-4ce5-9539-bf0a49a340e9,2,daily necessities,生活必需品,
2b48eda9-6257-4977-a38e-f120b160e6b0,1e05114e-3611-428a-860c-3b8732a13231,3,the necessity for working,工作的必要性,
2b48eda9-6257-4977-a38e-f120b160e6b0,11ac8add-5dbe-47aa-8fcc-dff92046518d,4,the necessity to do sth.,做某事的必要,
ed1bcd0b-141e-4879-85c1-0118dadd8007,7d828b11-1cdb-4bb2-b448-9d1acae46a71,1,in motion,移动中,
ed1bcd0b-141e-4879-85c1-0118dadd8007,e4dad525-121c-4dc2-a529-a46650d0e56d,2,laws of motion,运动定律,
ed1bcd0b-141e-4879-85c1-0118dadd8007,1a24114b-119d-4342-a99d-1d3efe13a39f,3,motion sb. to do sth.,示意某人做某事,
ed1bcd0b-141e-4879-85c1-0118dadd8007,631a5e28-9909-4bf7-a5f8-c9365f61c1c5,4,motion to sb.,示意某人,
ed1bcd0b-141e-4879-85c1-0118dadd8007,e9a9d668-cb2d-4b82-821c-d3ed84ab3b4c,5,orbital motion,轨道运行,
ed1bcd0b-141e-4879-85c1-0118dadd8007,242dfb3e-7a93-4a78-9ca9-c7042a973643,6,relative motion,相对运动,
ac90afe3-604e-44df-acd1-1cf30456fefc,0336498a-4c69-4820-b5c3-1ce7736d089c,1,a reasonable argument,合理的论据,
ac90afe3-604e-44df-acd1-1cf30456fefc,6ef63f0f-8ea5-43ff-990a-3d70b3bf2f97,2,a reasonable level,合理的水平,
ac90afe3-604e-44df-acd1-1cf30456fefc,2e4ff1a9-d7a8-447d-b317-23cc819fe775,3,a reasonable price,公道的价格,
ac90afe3-604e-44df-acd1-1cf30456fefc,62958052-935b-45b0-b87b-b2e1d479dc8f,4,be reasonable to do sth.,做某事很合理,
ac90afe3-604e-44df-acd1-1cf30456fefc,27627720-c9f8-466a-9046-980b86f9b65f,5,reasonable principles,合理的原则,
ac90afe3-604e-44df-acd1-1cf30456fefc,887c255f-df44-43ad-9c50-72d0c60ec5fc,6,take a reasonable measure,采取合理措施,
5f578552-6df1-41fd-8a0a-fd9e488040b8,a0d2cd79-5492-447e-bfb4-cb8f00f3e45b,1,refine a new way,改进新方法,
5f578552-6df1-41fd-8a0a-fd9e488040b8,5f0a366c-e30a-4e66-9442-c11656bb30b1,2,refine gold,炼金,
5f578552-6df1-41fd-8a0a-fd9e488040b8,80637847-7999-48da-9847-7b7ef547ca9d,3,refine sugar,炼糖,
5f578552-6df1-41fd-8a0a-fd9e488040b8,12f7a487-55c0-4cc3-9c88-3b1f08399df8,4,refine the work,完善作品,
b6b96503-4af7-4e6f-9815-d6cecd18c5f0,95232796-de45-499e-a0aa-ac6151138433,1,revise all the notes,复习所有笔记,
b6b96503-4af7-4e6f-9815-d6cecd18c5f0,5977d334-1a9e-458e-b79f-0696543e31f9,2,revise figures,修正数据,
b6b96503-4af7-4e6f-9815-d6cecd18c5f0,935dfb36-13b1-4cfe-a8bb-d4cf79669891,3,revise for an exam,复习备考,
b6b96503-4af7-4e6f-9815-d6cecd18c5f0,ce3812dd-425d-412c-88b4-67e3fcc176bb,4,revise one’s opinion,改变某人的看法,
b41ce868-3a06-415f-a6cc-cdc2117c0ac7,f5fb021d-c51c-4c2a-905b-e8bbdf9918ca,1,vanish away,消失,
b41ce868-3a06-415f-a6cc-cdc2117c0ac7,c33a918d-a54f-427f-bab1-ef72dd14eb5a,2,vanish from sp.,在某地绝迹,
b41ce868-3a06-415f-a6cc-cdc2117c0ac7,a061ac3b-294f-4fd4-aa11-26a91c3c047b,3,vanish in sp.,消失在某处,
b41ce868-3a06-415f-a6cc-cdc2117c0ac7,b756fa23-884c-4a50-a01a-ae9d65e87499,4,vanish into thin air,烟消云散,
f6013802-aa5f-4904-8ca5-2156b41b9814,90b96a97-d245-410d-8362-720d1d6e8f52,1,a signature phrase,口头禅,
f6013802-aa5f-4904-8ca5-2156b41b9814,29269ab4-339c-4463-b935-e869f4b2e58b,2,be sent to sb. for signature,送交某人签字,
f6013802-aa5f-4904-8ca5-2156b41b9814,1e54c71c-d569-4910-9794-f5778ec06cad,3,collect signatures,收集签名,
f6013802-aa5f-4904-8ca5-2156b41b9814,95c663dd-4cce-4f49-b4ee-9b92d11881b3,4,forge one's signature,伪造某人的签名,
7202ddc7-31f1-483e-a2d1-352d2424dad7,fe421f94-1312-40a0-974c-d7d113b44b76,1,prescribe a deadline,规定截止日期,
7202ddc7-31f1-483e-a2d1-352d2424dad7,45ec4be6-6e62-4970-b71e-b5cd963a0421,2,prescribe a drug,开药,
7202ddc7-31f1-483e-a2d1-352d2424dad7,44003e91-b6ab-41f7-aa54-09e3ddd0d7a6,3,prescribe the format,规定格式,
194fc0ef-7caa-431f-b9dc-007b84c0c70c,dbd3691f-c126-46b6-b171-6f9adf4d064f,1,a secondary consideration,次要的因素,
194fc0ef-7caa-431f-b9dc-007b84c0c70c,87b56093-1be1-4a45-bc18-1b12dd68ce2c,2,a secondary effect,间接结果,
194fc0ef-7caa-431f-b9dc-007b84c0c70c,fa0ac968-a911-42bc-82a6-478f281d623b,3,a secondary infection,继发性感染,
194fc0ef-7caa-431f-b9dc-007b84c0c70c,e1ddf8b6-a2ad-4a0f-a075-6418703a87f7,4,a secondary school,中学,
c946d3e8-c018-4139-90de-cf44bb05ce55,ac5d03e1-a1d8-42d0-8781-d1f2e219391f,1,inevitable presence,不可避免的存在,
c946d3e8-c018-4139-90de-cf44bb05ce55,bfe29446-34be-4d3c-99b2-6bec8affdac6,2,notice one’s presence,注意到某人在场,
c946d3e8-c018-4139-90de-cf44bb05ce55,593df49c-7d29-448c-b9ea-63bc430c07ee,3,presence of a marketer,营销者的出现,
c946d3e8-c018-4139-90de-cf44bb05ce55,ef830505-eac5-4c41-84a4-2bcfed3974fa,4,presence of thoughts,思想的出现,
c946d3e8-c018-4139-90de-cf44bb05ce55,7c3c697c-16b0-4812-a23a-19af55b0d25f,5,request presence,要求出席,
c946d3e8-c018-4139-90de-cf44bb05ce55,8164b9d2-0308-4ac0-84ed-16aca251011f,6,the possible presence,可能的存在,
efe88ee1-d338-4ea4-93d8-bb19b490a8ca,9f4cd391-c6ab-4972-9f1b-7faf1bdb1923,1,a stone tablet,石碑,
efe88ee1-d338-4ea4-93d8-bb19b490a8ca,45cd6c51-16d9-47ec-98a0-716dc43df9e7,2,a vitamin tablet,维生素药片,
efe88ee1-d338-4ea4-93d8-bb19b490a8ca,8d3e6fea-4ecc-43a0-b1c2-699178a0de97,3,the use of a tablet,平板电脑的使用,
d2dbe77d-c518-4910-9651-fcb5d8c50d7a,ac1a3ff6-1cdd-49bd-9b99-7664e534ffea,1,absolute costs,绝对成本,
d2dbe77d-c518-4910-9651-fcb5d8c50d7a,e1508a2f-af06-4fb3-b5f8-41b56563e913,2,an absolute reality,绝对的现实,
d2dbe77d-c518-4910-9651-fcb5d8c50d7a,112d7091-e1de-46f2-a050-e99b28ada2c8,3,an absolute right,绝对权,
d2dbe77d-c518-4910-9651-fcb5d8c50d7a,b11bc129-7f78-4bd2-8666-0a1542deb7a9,4,make absolute sense,完全合乎情理,
d2dbe77d-c518-4910-9651-fcb5d8c50d7a,1b0d54fc-5b7b-4200-9f0d-bbc110f60bc4,5,moral absolutes,道德上的绝对准则,
d2dbe77d-c518-4910-9651-fcb5d8c50d7a,78ca2d45-811b-4bc1-917a-0f14cf53d8fb,6,say with absolute certainty,斩钉截铁地说,
2d1746dd-ae68-432a-85e1-a609af5addff,b606c43a-a793-48a2-a9c3-645f75c576f6,1,accompany sb. on a trip,陪伴某人出行,
2d1746dd-ae68-432a-85e1-a609af5addff,f3f1c726-8b9a-4d3f-8fe3-5e83c5253220,2,accompany sb. on sth.,用某物为某人伴奏,
2d1746dd-ae68-432a-85e1-a609af5addff,d654461c-4986-4491-b893-55fe3bdecf10,3,be accompanied by heavy rain,伴着暴雨,
928cbf6a-fdac-41c4-9abf-4d6c6e2a4351,737fa42f-6c1e-4fce-bb8c-39435564f13f,1,be rich in vitamins,富含维生素,
928cbf6a-fdac-41c4-9abf-4d6c6e2a4351,eeaa01de-f81b-4f2f-bb87-231364a5ae65,2,lack of vitamins,缺乏维生素,
928cbf6a-fdac-41c4-9abf-4d6c6e2a4351,4a1615cf-0b72-4cc0-a31f-966f0477fe13,3,take vitamins,补充维生素,
928cbf6a-fdac-41c4-9abf-4d6c6e2a4351,8c80adbb-fec2-49e2-a870-982372acd86d,4,vitamin deficiency,维生素不足,
26ed1f99-fab1-4d5d-b6ff-da366cd4e10d,df433c2d-c3c3-40f0-9089-59f3c0557e01,1,the dawn of civilization,文明的开端,
26ed1f99-fab1-4d5d-b6ff-da366cd4e10d,273832d7-bce0-40b7-92f4-529d274f782e,2,the foundation of civilization,文明基础,
26ed1f99-fab1-4d5d-b6ff-da366cd4e10d,b6a74c36-520b-4e59-bfc9-883591dc1665,3,the material civilization,物质文明,
26ed1f99-fab1-4d5d-b6ff-da366cd4e10d,b34035d7-0aa7-4ae8-ad47-9a75ff0d31cd,4,the whole of civilization,整个文明社会,
f4da9a2a-7574-4b85-a364-7f3052f51c95,265b9a43-f340-406e-85ea-4e4b06700b85,1,civilize a savage,教化野蛮人,
f4da9a2a-7574-4b85-a364-7f3052f51c95,ba681c37-a38f-4147-9c4f-f881dd1fd001,2,civilize a wild tribe,使野蛮部落开化,
f4da9a2a-7574-4b85-a364-7f3052f51c95,8b4c1d78-e27c-467b-93f5-25bba8f557dc,3,civilize people,教化民众,
f4da9a2a-7574-4b85-a364-7f3052f51c95,af0df364-94f7-451c-85ad-785d7de58308,4,civilize sb. with sth.,用某物教化某人,
a69764ca-e232-43d4-868b-e8f14f34dd5d,1322ea95-db69-4913-ad2c-2e0ec4ecfaf5,1,follow one’s tracks,跟着某人的踪迹,
a69764ca-e232-43d4-868b-e8f14f34dd5d,aa62af83-3a1a-40cb-80ed-01bff86a8e10,2,the wrong track,错误的轨道,
a69764ca-e232-43d4-868b-e8f14f34dd5d,e2bf7a40-b861-47ab-b67e-fd4ec204c809,3,track one’s activities,跟踪某人的活动,
9ed3b149-69a9-4046-a0ae-61db3e2c55ee,6ca8074d-56d6-4794-8233-e795df4a061b,1,a trace of a smile,一丝微笑,
9ed3b149-69a9-4046-a0ae-61db3e2c55ee,eeb3b055-a964-493e-9332-540efd8a014a,2,find no trace of sb.,未发现某人的踪迹,
9ed3b149-69a9-4046-a0ae-61db3e2c55ee,c12fae90-9c5f-4a84-add5-e166458dc4cc,3,trace one’s demand,追踪某人的需求,
9ed3b149-69a9-4046-a0ae-61db3e2c55ee,a2b52121-2663-4b46-bef2-2b2210442061,4,trace the beginning,追根溯源,
9ed3b149-69a9-4046-a0ae-61db3e2c55ee,9e460ea0-b154-415f-a9ac-4bb0e31dd9fd,5,trace the root of...,追溯……的根源,
9ed3b149-69a9-4046-a0ae-61db3e2c55ee,5bb7703a-bada-45b0-96d7-c28ee3220a3a,6,without a trace,无影无踪,
18d72fd4-28c4-4911-bd84-b2709a416362,f72a06d0-ea04-4caa-bfa6-219233125103,1,a tourist trail,旅行路线,
18d72fd4-28c4-4911-bd84-b2709a416362,496dee2b-a562-4598-ac66-8c8e3b567f97,2,leave a trail,留下痕迹,
18d72fd4-28c4-4911-bd84-b2709a416362,8ecf09cf-dba2-42d9-92fc-5eccb290af98,3,trail a cloud of dust,拖着一股扬尘,
2cbae321-fa04-4edd-bb9c-35289abdb534,14c8242c-072d-484c-b995-d0a107707376,1,a qualified youngster,合格的年轻人,
2cbae321-fa04-4edd-bb9c-35289abdb534,e4ec73fe-a1b7-407e-90a3-68fe45a08d71,2,a self-reliant youngster,自立的年轻人,
2cbae321-fa04-4edd-bb9c-35289abdb534,e121a1dc-8200-4a8d-a2d9-c8e0c411864c,3,a youngster’s view,年轻人的观点,
2cbae321-fa04-4edd-bb9c-35289abdb534,7a4bfdd6-6b04-4b09-b5da-819fa91cdb39,4,millions of youngsters,数以百万计的年轻人,
7740bfeb-d9ac-49c9-9724-8258bad21649,5f099393-493f-4198-9b95-785d0b7c3f7d,1,daily arrivals of...,每天到来的……,
7740bfeb-d9ac-49c9-9724-8258bad21649,fd796395-2f62-4982-a669-c5d3bcae9771,2,on/upon arrival at sp.,到达某地,
7740bfeb-d9ac-49c9-9724-8258bad21649,b841f0d0-6d63-41e3-93f4-c3bf953b126f,3,the arrival of sb.,某人的到来,
03a95fc4-fdb4-459d-8b63-e662ecff8fbf,5f3e678f-075f-4fc7-85e9-9cd10e5549de,1,a doctor’s appointment,与医生的预约,
03a95fc4-fdb4-459d-8b63-e662ecff8fbf,0c4b14de-ba00-42fb-9c80-64d6110eeb86,2,accept an appointment,接受任命,
03a95fc4-fdb4-459d-8b63-e662ecff8fbf,903e8753-f2af-40ba-a97b-db5c770dce5b,3,cancel an appointment,取消约会,
fe77c927-8e13-4c6d-a347-c9c2319a2e72,3e4df262-fc74-42fb-a360-4a6d43007f35,1,a carpet of snow,一层厚雪,
fe77c927-8e13-4c6d-a347-c9c2319a2e72,40c29995-bcb7-4994-829e-3b6316e7424c,2,a roll of carpet,一卷地毯,
fe77c927-8e13-4c6d-a347-c9c2319a2e72,3ee2bbd8-4b28-438a-9305-c4f073460148,3,carpet the stairs,给楼梯铺地毯,
fe77c927-8e13-4c6d-a347-c9c2319a2e72,541649e1-bdef-4931-bb29-7b78565e9e8d,4,under a carpet,在地毯下,
7892661a-d011-4c68-8f47-d67feb2da9e7,2dd183c3-0698-4b53-b2ec-d41f2c1cc169,1,a catalogue of...,一连串的……,
7892661a-d011-4c68-8f47-d67feb2da9e7,89740a8b-c69b-4506-9e19-b7cf22f10959,2,a library catalogue,图书馆目录,
7892661a-d011-4c68-8f47-d67feb2da9e7,354b6cbb-c5a5-430f-b109-9cafafc618b3,3,an online catalogue,网上目录,
7892661a-d011-4c68-8f47-d67feb2da9e7,d9028d97-ce87-41e1-8450-600432644a7c,4,consult a catalogue,查阅目录,
94f40d06-d252-4e24-9716-e94b7e0a50f6,f8c6e581-1f90-49a2-a8c4-0b80fa880cce,1,Internet commerce,网络商务,
94f40d06-d252-4e24-9716-e94b7e0a50f6,2395f183-c25b-4610-bb3b-c4284ae2f72c,2,a commerce clause,商业条款,
94f40d06-d252-4e24-9716-e94b7e0a50f6,f3fc472d-94de-4c82-ae08-1783d9e766c3,3,a language of commerce,商业用语,
94f40d06-d252-4e24-9716-e94b7e0a50f6,75505c26-ac8a-4bdd-a29d-b4f5f127a1cd,4,electronic commerce,电子商务,
94f40d06-d252-4e24-9716-e94b7e0a50f6,2eb8f022-9e27-4fc8-8bd2-7bb9ed5f57ac,5,foreign commerce,对外贸易,
94f40d06-d252-4e24-9716-e94b7e0a50f6,1c7c8ce1-238a-4b13-af10-d088b2bf04a4,6,freedom of commerce,贸易自由,
