word_id,exam_type,frequency_count,per_10k_words
597eb4d1-348d-47dc-9bb7-dfcf1712cfa1,cet6,28,1.0853
dad251fe-fa3a-420a-9a47-02bb73c9083d,cet6,95,3.6824
bb579196-8b02-4b50-b1bb-e12b8dd632cc,cet6,26,1.0078
7f36b380-6dc9-46e4-b5ee-c90ab3b911a2,cet6,21,0.814
23228a76-0482-4b5a-a9c0-4084908853cd,cet6,0,0
818f57a1-405d-4a86-82d2-b4f8fe024843,cet6,1,0.0388
d669f094-000d-4b69-b62c-882b59b154e4,cet6,271,10.5045
e29ff563-e1d4-4323-85bb-af6c38dd8ccc,cet6,0,0
91419fea-861e-4ab8-aae0-19725782dfe8,cet6,136,5.2716
7b8133a8-6649-427c-a979-34b206ddc2c9,cet6,48,1.8606
a9061134-fa96-4701-83b2-a2b40e1fa455,cet6,964,37.3665
c945ec32-e74d-4a3a-803e-2e5e56bbd1fb,cet6,2,0.0775
ed0aa2a8-4071-4e21-9031-170784ca82ba,cet6,11,0.4264
52e57afe-8dcc-46d0-a31f-a7a10a41b9d4,cet6,119,4.6127
01678d1e-cad6-4f77-8d51-3555e693184a,cet6,22,0.8528
3d7384f0-021f-425e-97cb-4eeb4a0eaeb2,cet6,23,0.8915
3d2cb9a3-0b11-4c3e-a0b9-8ad72732ab25,cet6,186,7.2097
6cf2668e-101a-4f7a-a287-eb07614fea0b,cet6,252,9.768
149a3e48-c4aa-4e05-8b47-4a0c107b4888,cet6,192,7.4423
6ccd24f7-ab9a-4722-911f-583315e1071a,cet6,95,3.6824
5bde7089-ec23-447e-9c99-0afd1c68a366,cet6,121,4.6902
b04b2bfd-c811-4daf-975f-2558361f4aac,cet6,68,2.6358
56d684a4-53dd-4d2f-a4aa-e62dc06fbda6,cet6,31,1.2016
ee509035-52e2-42d5-af8e-44cab931c3df,cet6,6,0.2326
a8e68251-3a7c-45d0-9f57-a60c3f700b6e,cet6,169,6.5508
0c1fa019-18fa-4762-89b3-7b2fb49ff7ef,cet6,13,0.5039
1b28da07-c470-4d29-8814-43f2774a878a,cet6,25,0.969
226e03a3-dcd5-4f9d-ae27-b04fc5517ab2,cet6,157,6.0856
f992f7ec-dad8-4ef6-9310-fb48bf3c3735,cet6,13,0.5039
4669a8db-7946-4e94-ac7f-ae26b740a5e9,cet6,24,0.9303
e6ada86c-cdcf-4b63-bbeb-093b0ca9f2ce,cet6,28,1.0853
f4ba8625-46be-47f9-ba0c-db387f938c67,cet6,120,4.6514
ca520c00-74a7-4609-975d-996331f58b31,cet6,259,10.0393
30b4d743-0169-4879-96e9-9482e229c6a3,cet6,390,15.1172
69701105-fe5a-4890-9c5e-cdf2d27fd130,cet6,140,5.4267
59519300-06d1-4e59-b262-af895315431f,cet6,10,0.3876
e5ac2120-27fe-42fe-832a-e9a332e4fc13,cet6,3,0.1163
8ac583e5-333c-46b6-be4d-d67a967385b5,cet6,15,0.5814
06113a1b-9c64-4741-88c2-8d6f07fd5339,cet6,46,1.783
8294469a-e205-4d16-871c-fe87c9a4a1e7,cet6,5,0.1938
1931e56d-5daf-4fe8-837b-c1330df9b4c3,cet6,7,0.2713
dd63b5fb-0630-4771-b9c8-61a65da20bde,cet6,3,0.1163
4b53b55f-3d7d-4824-8c78-e12ad3cee386,cet6,16,0.6202
29c5e590-bd90-4881-b45d-5c91388d69e7,cet6,138,5.3491
dedd6c70-ce50-4ed5-b110-8a12695b8fe1,cet6,995,38.5681
854e8119-ed2c-4af0-8a1d-30db5b702563,cet6,133,5.1553
395f0c6d-1c01-4538-94a1-f6d15488c3c8,cet6,87,3.3723
e7c93797-0833-40e6-b0db-eff1df71c656,cet6,262,10.1556
68ab6915-216f-4cb9-ac5b-f4770ae7bebd,cet6,88,3.4111
bf24a206-d6b8-4b58-bd08-aee22a3d5808,cet6,83,3.2172
84b42a02-b972-4109-ac42-7d04746f07c8,cet6,5356,207.609
f6ffe559-161c-4f13-9dfc-cfdaefcf9d4a,cet6,2,0.0775
e560a365-f384-48ea-bb0e-16f83cb10387,cet6,132,5.1166
a072ec55-08fe-4374-b5e6-d5a29eb1439b,cet6,93,3.6049
4a3458b5-0cb6-41ac-99d8-6254eacb5376,cet6,20,0.7752
dfc0fc95-d463-4a0e-b57f-97240bb3ee99,cet6,96,3.7211
57a78b1c-e985-4e8f-8fbc-486776feaf6c,cet6,115,4.4576
f981276c-6c25-491d-a65a-5132dd7699a0,cet6,110,4.2638
09de9eb6-5bde-44b4-81c1-5145759489af,cet6,35,1.3567
8f4dafed-ccc8-417e-adec-bc10c39d86ec,cet6,148,5.7368
49712486-7250-4285-8335-3214c46da5d8,cet6,15,0.5814
318796cf-b684-4a58-b945-2ddcc5609c55,cet6,11,0.4264
945877c0-c2a2-4071-81c1-454c3a957338,cet6,118,4.5739
c6f34070-157f-4643-b378-36d8ae16dd09,cet6,180,6.9771
4dab4c11-8ee4-443a-b76f-b51e0635e3ea,cet6,26,1.0078
97b485b0-9f36-4d4c-b17b-4f2306d5fb6f,cet6,43,1.6668
b43a9f9d-b11f-485f-8f57-e26adfe58791,cet6,132,5.1166
b3d3e1a5-d0b0-43c9-af63-7c04db3aee34,cet6,10,0.3876
36911b43-31e2-4d1d-8fcd-8d26a12012d6,cet6,90,3.4886
b0805971-d99c-41de-bb21-9d9ff49693a4,cet6,5,0.1938
443c4f81-060e-4551-aaac-16368efcbc88,cet6,91,3.5273
f511b2e0-e72d-4b5e-b9e3-202ed9d46351,cet6,87,3.3723
79b31af7-b49f-42d9-b595-8a463d7a022c,cet6,81,3.1397
bea0a00a-7b6a-42fe-8f94-29f8645199d4,cet6,0,0
149ffc3d-71e1-44dd-a403-b92ce9a6a0a5,cet6,96,3.7211
91dff230-2655-403b-8e7f-52fd78ec08aa,cet6,68,2.6358
04e2c888-2ea9-4b54-98ac-abdb9c754bff,cet6,68,2.6358
e2e76bc6-ac70-4680-a68e-64a85d9e5b50,cet6,82,3.1785
3c1f093c-3bca-4b0d-bec1-684e50dbe669,cet6,105,4.07
3c124513-6a6b-4b23-8593-9216c752b960,cet6,2,0.0775
ddcc579b-8efe-41f6-907e-a2235a56125a,cet6,69,2.6746
c9f296b0-f279-4ee8-9d96-341b61cdf520,cet6,16,0.6202
266f87e2-2d93-4ad2-a791-db3db12a0b98,cet6,84,3.256
664ad8e8-765c-4906-bffe-67c49bc501d0,cet6,88,3.4111
7219d316-4469-4b1a-bfcd-168b46cb8db9,cet6,27,1.0466
24c369d5-b60f-4de3-a957-094cd8a0e455,cet6,62,2.4032
4778cd3f-bc4f-4132-9328-d25bf386abdf,cet6,40,1.5505
fc4070f8-bf57-4626-aea1-1cb127778a1c,cet6,78,3.0234
62e398e8-e715-4c9e-bff5-b9159a72c167,cet6,2,0.0775
d787bb54-4ffb-4979-a9de-c3f62d260533,cet6,5,0.1938
7eee6b38-273d-4f6a-8ca1-1135a5c0f9bf,cet6,43,1.6668
20321abf-6c52-4f20-b584-665077cb0581,cet6,79,3.0622
3e02e135-28cd-4d89-8216-dd4fad2cafb2,cet6,79,3.0622
3c9140b3-d8c8-4dd7-8c73-7a1d9eb67d48,cet6,21,0.814
f4e3f7a0-5902-4ce2-a010-4663b0af6b90,cet6,29,1.1241
accdbce8-733c-4bda-aebb-cfddc6ec0208,cet6,90,3.4886
60b2441a-5f64-4d9c-95df-ded5ef1760e4,cet6,76,2.9459
72cfda17-980d-453b-ada5-7f5f026cc6a1,cet6,13,0.5039
75e045e6-7ddf-4083-b80d-40cb2af374a5,cet6,87,3.3723
e82de23b-7ee6-47f2-8db6-bb367ebe1155,cet6,39,1.5117
e127cbaf-3f17-41f0-965d-5edd14b4cd7e,cet6,68,2.6358
2a6138d0-bac6-47eb-a241-6de56d59b0af,cet6,25,0.969
0b29638b-5869-4466-8371-597540ff1186,cet6,5,0.1938
b73da79b-8309-44e7-9f67-92beac400c22,cet6,70,2.7133
144d99e2-cc1c-452d-af80-08bdb12ee29f,cet6,39,1.5117
4896c161-4fb0-4cdd-ba73-03582f46f96a,cet6,33,1.2791
f2767f91-a3a9-4422-8523-d0b71d9156cc,cet6,19,0.7365
8aa56e7c-48c1-41ad-be5b-b27e8b544462,cet6,82,3.1785
a972c964-a2e4-43ea-b1e9-bfae0c2904ee,cet6,79,3.0622
13996482-4892-48a1-9f37-e67ff5ad1f6a,cet6,70,2.7133
c7bda84b-30ab-4dc0-ab2f-8e0bed840adb,cet6,1,0.0388
a06d4163-66da-4d5e-9fed-b65dd7e7614c,cet6,132,5.1166
ca2bfdbb-9fb8-49ef-8f89-f10e7a04333d,cet6,72,2.7909
457c7e84-50f3-4cf8-9233-e729083463ec,cet6,87,3.3723
fc8bc6e3-ca2b-4c73-9991-b0e87f5ac70a,cet6,13,0.5039
01b516d3-0c5a-4850-86fd-b33fe320f59d,cet6,46,1.783
db1ffd14-5244-4145-9328-763b789ad78a,cet6,43,1.6668
6f2d4a13-2515-4034-a108-1e16105b9663,cet6,136,5.2716
00159592-e62b-46e2-9c49-0f0687a4e2d9,cet6,68,2.6358
6d31a750-ef68-4b94-b4ea-bb80b0280437,cet6,23,0.8915
2eb080a9-bc73-46b5-9cbf-5eeb238bd387,cet6,25,0.969
231cfcab-e78e-458f-9f98-c39b82fca0f2,cet6,70,2.7133
890ae9d5-f16b-499f-b1a0-f06dfb765f50,cet6,75,2.9071
b78a2f42-08dc-4cf4-b97b-d6248a8ffe28,cet6,19,0.7365
55988bb6-475e-4899-b12f-27e8a6eb2078,cet6,5,0.1938
b7e9b18e-0d39-474a-afc8-18731b58679a,cet6,34,1.3179
40860f0a-69d4-4d94-8f4f-55c1657f37aa,cet6,108,4.1863
1957183f-5548-4d71-94fa-2cdc6776102e,cet6,3,0.1163
0a6a6e76-f01d-4a87-a3a7-5a7cd4baf2f3,cet6,64,2.4808
05947739-2df7-420a-bbb3-329dd51f8cd1,cet6,62,2.4032
be00046f-4666-40fd-b9b5-fae7b353b2d6,cet6,7,0.2713
d6c342d1-51e6-4fcc-9f86-b950917b2ad6,cet6,57,2.2094
2e2cbf9d-2e21-4eb5-a751-c5c31dd10e07,cet6,45,1.7443
bbaa98ad-99b6-464a-b30d-184ed476130f,cet6,51,1.9769
d57613e6-e0c7-4fbf-9e74-ee008ce4d627,cet6,42,1.628
15cdb56c-6848-4571-8723-be473b219dfd,cet6,2,0.0775
e733d044-6422-42b9-bac7-cde5b7738e5e,cet6,44,1.7055
56dbe20d-3ebe-4872-983e-0787cec6536a,cet6,53,2.0544
dc0ab1c7-3193-46e0-bfd0-63ff5d73bf89,cet6,52,2.0156
a7a8635e-5db0-471f-a519-91896425616e,cet6,1492,57.8328
fd62f3ed-a3a9-4c67-80ed-5437fd88f075,cet6,31,1.2016
f30b96b7-f915-43ca-88f0-01929a0c0afb,cet6,6,0.2326
6b98469f-1de7-4839-8a4e-068efdf255ba,cet6,0,0
cecd313e-b2cb-4a52-ae5f-718063c44d2d,cet6,2,0.0775
e716187e-c3be-4f6d-ac7b-7dc0b2d15d9e,cet6,26,1.0078
0ffd8012-9ddf-43bc-9bca-eefa7c2bff3f,cet6,21,0.814
34ce42d7-a655-4d7b-9b76-abe62712d620,cet6,126,4.884
2f275fb6-1560-47e5-a87c-4ea1571d63bc,cet6,17,0.659
b4c2f137-7e74-46a1-8036-8150762c889a,cet6,38,1.473
9ce1db83-5de1-4c0b-9753-bed99a4351f2,cet6,2,0.0775
d6468400-fceb-4bb4-b7cf-a64d800da7b2,cet6,4,0.155
e43fb088-5c13-4118-baa4-6109467c0d4f,cet6,102,3.9537
a924f8ee-89b4-414c-bd06-c57cd9e03c10,cet6,25,0.969
1e66c3d8-a8fa-4aa1-9d26-a16781ec5a1e,cet6,54,2.0931
084091b2-1bdc-457b-a227-5391db39d199,cet6,11,0.4264
808f1290-285b-4405-9605-8c0d32506f26,cet6,13,0.5039
2d72bc0a-1e50-41e4-b458-e8e152d3d8c4,cet6,59,2.287
09370f89-9e0c-48ef-9876-8790e5f1d145,cet6,59,2.287
3390f1f3-b7be-4f63-900a-7064bc3a0393,cet6,52,2.0156
f7eb273f-bb07-48c0-a062-a6160ef50d8f,cet6,55,2.1319
bf295b30-140d-4792-9a6e-b274081b35b9,cet6,12,0.4651
ea1e022f-608e-448d-abce-9745c8ccfb76,cet6,48,1.8606
51506c5e-1407-4287-90d9-83b953a2571a,cet6,45,1.7443
dd7df190-f0c2-459e-b58e-5741db00cd88,cet6,4,0.155
00a62e6f-48f3-4ac1-80c9-ec016c8047bd,cet6,58,2.2482
a2ed2fb5-7b8f-4f5a-81b1-e449cd8fec2c,cet6,50,1.9381
6827fc7c-16a4-457a-a96c-3121bb85925e,cet6,9,0.3489
258c724a-e05d-403a-8ce9-352c9f66a47e,cet6,57,2.2094
b7589837-adc9-42a5-a4e2-1fc7af1dd24f,cet6,5,0.1938
9068a6ac-aab1-4516-9d00-f872ca5368d7,cet6,13,0.5039
87f92c50-d208-4093-a080-88d9b2e3e53a,cet6,61,2.3645
594e513c-9ada-4313-9b93-a5a30881358e,cet6,49,1.8993
7590780b-589b-4d38-ae33-6a865d323a88,cet6,45,1.7443
484b6394-33fc-436b-a02c-cbae0f1d07f9,cet6,1,0.0388
261ea176-4c72-4810-90cf-01d5d1b2b489,cet6,4,0.155
f1a61c01-3c8f-4824-808f-676d248667df,cet6,0,0
e264128c-5fa4-4a89-9331-f31b922ab80a,cet6,31,1.2016
d3b66353-15ea-42f8-8d2f-eb50c77ac846,cet6,15,0.5814
ecb84599-c1e1-4705-992e-b28f1ce24837,cet6,51,1.9769
eeb1330f-bb2f-4ae7-ad1b-d321ac346750,cet6,15,0.5814
bee11f4c-f1fb-4fcc-b02d-45f1054e161d,cet6,1,0.0388
a807c19e-43fd-4676-ad8b-83e2478e8c0c,cet6,1,0.0388
04e1b368-45bf-4a9f-9b53-383cf384a1bc,cet6,1,0.0388
c75130a0-be0c-4de2-914e-578688acac54,cet6,26,1.0078
7877c61c-ab13-487b-951b-c180dbe28f33,cet6,34,1.3179
537de570-c015-4531-b3b7-64735689ba48,cet6,37,1.4342
9308f18c-4dd9-48c4-8e43-c42da1eae96b,cet6,8,0.3101
8077083d-ceb6-40d1-802d-0682b2cf436d,cet6,132,5.1166
a25e6655-4c35-4e5b-8e58-1baadef2ff7c,cet6,50,1.9381
d560157b-0bdf-46a8-b682-7a4dccd6e105,cet6,25,0.969
691b7a7b-29d7-4d99-b6ec-9aa114c9dbc8,cet6,47,1.8218
e2b564b4-b6c2-49cb-bbdc-45947e9402c0,cet6,8,0.3101
2385cb79-80b5-46a8-a6f2-0d6480511e67,cet6,69,2.6746
895dbe32-6185-4d36-9760-5562bbe061ff,cet6,22,0.8528
1137e05a-63c6-4bcd-938d-ebcf3127b1cb,cet6,54,2.0931
5bcfb925-853e-4fb2-a802-184be749022b,cet6,11,0.4264
c32cd01a-c4db-492b-8ebb-3cd6144e2fe4,cet6,8,0.3101
8c6db189-aa2a-4232-bcc4-bdda0f23a3f1,cet6,8,0.3101
7493f8c2-ab98-4aa6-97d2-856a4fd06722,cet6,8,0.3101
4ee1cc0b-ee4a-4f1d-9ba0-89c8d784cc42,cet6,37,1.4342
71eff7d9-cf4d-4e8f-9c00-c2fb9c388ddc,cet6,20,0.7752
eeebc9db-9520-44df-aa1c-897cf23fd77d,cet6,37,1.4342
7a014ba6-d468-4a1e-8e73-f45d493c0c24,cet6,57,2.2094
0e62b486-7689-4263-90e0-bbcdfaeb27b7,cet6,51,1.9769
00ca2ad7-53c1-4618-baa5-9e99fa01bb8f,cet6,10,0.3876
4b2274d4-06c1-4ac6-bc65-40ec46f5b99c,cet6,0,0
e82d2eca-6d0c-4df4-9cf2-3a25d0f422cc,cet6,97,3.7599
1187c2b4-9b62-4231-858a-e7c81fecd32b,cet6,9,0.3489
b8fbd7d6-ad21-4765-a6c6-8aba5dece1e7,cet6,33,1.2791
95768061-0565-4ff5-b774-6342aa2cf8c2,cet6,2,0.0775
45c9b63b-9d6c-43e0-8919-f27cb6d27cb9,cet6,58,2.2482
0e62c009-1765-40b2-865d-49c0b59fc74c,cet6,0,0
3319ed87-1dc8-436f-bc4d-f46eb6e8632c,cet6,5,0.1938
ce1b0839-8707-44d2-9090-82e01ec9c510,cet6,14,0.5427
bd0978bc-ee12-4bf7-8cfe-9fb5055ea729,cet6,8,0.3101
273c6069-9efb-43fb-b572-57e75903f45f,cet6,5,0.1938
2a33faef-b465-4fa9-9e75-76015f8bca48,cet6,1,0.0388
3697b98a-c7fb-4349-bf76-dde4db1fe62d,cet6,42,1.628
b2add5d3-351e-43a0-92ef-7681e1297d2f,cet6,31,1.2016
642656ba-5323-4961-82b3-64643c7cd222,cet6,8,0.3101
c43c4b6b-a406-44bc-883a-451f6c2e42d3,cet6,132,5.1166
442ed84a-975d-4b0c-ac4a-f5c8fd955d7c,cet6,12,0.4651
a1a6af00-0fc2-4a29-90ff-f0e3308d0c65,cet6,38,1.473
0ea1668c-63f9-46b8-9b9a-7d3035ea177d,cet6,114,4.4189
4f676617-1ee6-40ba-9539-79afae65939e,cet6,47,1.8218
9348f902-84e0-4e87-9e9e-9d1a4b0b5c62,cet6,4,0.155
ac3812d4-62d9-4ba8-8e46-644be2fa6c11,cet6,34,1.3179
93f7e811-9e09-4433-bdfe-95d3a90d2758,cet6,154,5.9693
88f473de-73b0-4b50-bfc9-95dda1522808,cet6,25,0.969
2afa7cc6-68ac-4c5a-93b5-6849f89e2acb,cet6,49,1.8993
b799ffa0-80cf-44b0-a183-30d272cd3a06,cet6,75,2.9071
f6b1d2db-c97f-403a-bc1f-749863673267,cet6,75,2.9071
e47b69c2-2705-4e49-884e-803732e7c663,cet6,58,2.2482
1420ef01-c974-49c6-96d1-1e1f75feea27,cet6,188,7.2872
2d33e9fa-c949-42a2-882a-31c4e9f79491,cet6,65,2.5195
dd9caabf-812b-4edd-b802-5bdc2692fc91,cet6,0,0
b656913b-6585-45f1-9716-7e366f02df2c,cet6,2,0.0775
2d0413dc-6afb-47a8-a025-e31a683ca178,cet6,7,0.2713
82cf9ae9-56ea-49a6-8946-2f5a8d6078a5,cet6,52,2.0156
969d634f-3265-481b-9bcc-a9374b65c73e,cet6,0,0
7e80d44e-7c0b-46b9-aed8-ccdbe5253229,cet6,0,0
355f7f24-f581-441d-a752-dda4fa80d78c,cet6,45,1.7443
6f54ce00-ed1c-4c50-8361-e699e96af5cc,cet6,2,0.0775
95ce8d9f-ad61-4ac3-8d62-c6ecfd29d3af,cet6,10,0.3876
881f30cd-a39e-43f8-9720-87ed413bc365,cet6,0,0
6dc070b7-43df-4c10-a302-fb25d8a643ea,cet6,90,3.4886
2f723b38-d3cd-49ab-8451-617030674278,cet6,2,0.0775
04036a9d-883e-461f-9411-72270b774cde,cet6,27,1.0466
07bf6377-61d1-42cf-a012-79ac4eeceea5,cet6,3,0.1163
c526a12f-4fb7-4a70-ad1e-d4b5c103b31e,cet6,42,1.628
7534c469-0535-48e8-bf44-91326a77d1f4,cet6,15,0.5814
d2cadbbe-4483-4afc-b9e5-60919bbe878d,cet6,1,0.0388
8d68f079-5e83-4217-b07f-de47f40eb8b3,cet6,4,0.155
8b272839-b86d-4bfc-8ff1-004eed622fbc,cet6,4,0.155
ad7df724-82b1-4fca-8d7d-c9ff1b183367,cet6,44,1.7055
cf33c8c7-14f7-427a-a8aa-8d4d52a13992,cet6,27,1.0466
7b8aba5e-cfcb-4bb8-9b7f-7ee31aa0efc4,cet6,51,1.9769
1f7e8b24-fb49-48d4-af6b-03dc33d5b653,cet6,165,6.3957
b812147a-48b9-44cd-ac30-6cdd47195cda,cet6,235,9.1091
13c2728c-88b2-40e1-81fb-b189c29991f5,cet6,57,2.2094
75ad0972-7a7e-4d61-b025-f129fa487468,cet6,1,0.0388
51233dec-96ba-427f-b0fc-975d9c8b3aed,cet6,16,0.6202
dd7bceef-5508-45ee-884d-8246dc4b5b93,cet6,33,1.2791
c0f57f2c-eab1-4e4a-aba6-a6d3c20068b1,cet6,50,1.9381
8b25657b-db43-4236-9194-95d9f9302836,cet6,7,0.2713
5e11be18-a95b-4680-b242-9b8db772a02f,cet6,343,13.2953
f0ca4afd-be8c-43fb-a3f8-abf9ecd184e0,cet6,108,4.1863
ea028d1b-31ff-4a38-9fa6-1e7c9805c59b,cet6,0,0
3a0471ae-c47b-4a2b-92c5-20b66df31e93,cet6,4,0.155
62c81eeb-f3f2-40d8-936c-75edbf2fd8da,cet6,55,2.1319
8cb9f11a-3fa2-486f-97da-85f07dbfc34e,cet6,4,0.155
e26a7b78-f2a1-46db-aec7-a1403655d607,cet6,33,1.2791
e7433002-4d86-45b3-89be-c561e2ffc2a1,cet6,417,16.1637
73c4d3ba-589c-478e-9c9b-e3aff0be5330,cet6,20,0.7752
5fb0877f-0f53-4f82-8207-298aaeed2f34,cet6,24,0.9303
4c9c7221-44b8-4111-8dcb-1f4625dd8285,cet6,33,1.2791
f93dd867-4b80-40a7-b5fc-8faf5e029e89,cet6,62,2.4032
c4ee3477-cfee-4d14-adb0-2cd48c86e0c7,cet6,50,1.9381
bfef09ff-2ab9-432a-987d-74e0ef0f487e,cet6,25,0.969
f5eb744e-c576-4838-82b3-26f70830fd12,cet6,23,0.8915
53c8b8b6-70a6-479a-9985-ff6cc9735c4f,cet6,34,1.3179
e8a18786-2de8-4ceb-be9e-7b19f4f56cee,cet6,33,1.2791
d89080a3-7a00-4a04-8b66-3dc4fd722e49,cet6,52,2.0156
f1812770-e8eb-49e3-b9d5-85a6242ba497,cet6,7,0.2713
d1b0af5c-0980-47bc-b201-d4fe3f068f08,cet6,121,4.6902
e6165985-ca31-450d-861b-8abbe125dc32,cet6,3,0.1163
f6e102b5-faa9-44df-a28c-896ecde92fcb,cet6,21,0.814
6588206e-38a5-400f-95cf-fd187b6b403f,cet6,6,0.2326
7cc6a1b0-42cc-4d44-a16b-cbe7a94fbe1c,cet6,37,1.4342
01c44416-3a29-4072-b097-b69018233377,cet6,1,0.0388
27928a6a-1e62-4edc-92ef-da0beb7fdd9f,cet6,27,1.0466
faef4464-a9ee-4f0a-8268-c7e2b50a0398,cet6,157,6.0856
a10346ea-61c2-48f9-8266-5252b69326fa,cet6,265,10.2719
af4796d0-123d-4a53-ba1c-071b5af80b33,cet6,25,0.969
28575ed0-fa29-48bf-b07a-97dc0362f8c4,cet6,17,0.659
0e6708a9-34b0-4767-9763-3bd82b03f61d,cet6,3,0.1163
0617047d-69fc-4660-9311-dc4b8801a98c,cet6,14,0.5427
7524403d-9973-48d6-bea0-6869f18e6608,cet6,3,0.1163
201dd746-849a-47bd-b28f-40395191fb40,cet6,8,0.3101
93e23c17-5950-4968-bdd0-09b0c55fbe77,cet6,38,1.473
344f6de6-fc12-4b6f-881d-7b49c9e5726a,cet6,7,0.2713
dc6ab888-d7c4-49ec-95ad-b975cc2fbfe2,cet6,13,0.5039
4c4b4033-1773-4dc0-a988-e42144008456,cet6,1,0.0388
419c0c08-a1bd-457f-a2ed-2bc3347f1692,cet6,48,1.8606
0027c864-c2b8-4ce6-8d52-8a5e965532f8,cet6,9,0.3489
053b527c-20ca-460c-b950-91803c785614,cet6,48,1.8606
6314ee01-a74d-4254-945b-4366c46a71ca,cet6,51,1.9769
bfbc4ed9-4bd5-4468-a4fd-fb492f411a71,cet6,23,0.8915
d2121964-5715-4d68-aa7b-5fd0e92d9fd2,cet6,42,1.628
828459cc-a3f4-4e66-9776-b781ea9d3c27,cet6,28,1.0853
fce3703e-a34c-4e47-bafa-5d2e1fdf9364,cet6,37,1.4342
4ed039ea-542b-48d6-96e4-2d4ff2cac4ce,cet6,42,1.628
6bf0967d-e569-468b-8a97-de0aebdf3bc5,cet6,505,19.5748
b7a6ff73-d342-402d-85af-87048707f68c,cet6,42,1.628
8abe1a29-9bed-456d-87cb-b6cab5868c5e,cet6,15,0.5814
0351dd92-4972-4671-bc8c-1c8a8a2cb394,cet6,32,1.2404
de94e26a-770d-4c74-bb84-ab42811edd00,cet6,37,1.4342
41db9722-e6de-4971-a573-710c643ad943,cet6,36,1.3954
a2e9bcaf-38bf-4929-affc-c084db8cd5e4,cet6,41,1.5892
fe3d6ee2-93ed-4009-a0af-8f141473d9dd,cet6,37,1.4342
439b2fc9-bb59-4ea6-902c-04d5b32560d1,cet6,74,2.8684
d47b5eb9-28e9-4256-b91f-e8f6b15269f6,cet6,35,1.3567
cd829ce7-5ba3-4a46-b0ac-af87407f907f,cet6,18,0.6977
9be4fda7-64f9-4357-a1be-daef9029f3ed,cet6,22,0.8528
bb8eaade-8a83-4f86-8ea3-b141e2ae939c,cet6,5,0.1938
e9967f4b-cf7e-4700-8adc-06a2a2e630f7,cet6,20,0.7752
13d51750-674a-40b1-bd57-06b2a334314e,cet6,65,2.5195
6ab447bb-1cf6-4415-8af1-fd70cac051b6,cet6,4,0.155
a043b8b0-8bf9-4519-b1eb-6a9f57f54e50,cet6,31,1.2016
08a7949e-21d4-4374-86fb-4d5ba5534bf4,cet6,7,0.2713
40a8091d-7343-4887-9c5c-fa37c0e5dc22,cet6,41,1.5892
ab581f99-0217-41d0-a399-67dfd813b352,cet6,32,1.2404
007372c6-e4dd-4e90-8575-c2adaaa01632,cet6,25,0.969
54b24876-84e2-4edd-a9c5-e09e14cc67c0,cet6,25,0.969
eaec6260-6ebb-40f8-ad29-49d9837f9feb,cet6,17,0.659
1f1091a0-7996-4887-99da-b2fed0a53af1,cet6,3,0.1163
25f7cffe-d797-4761-9304-cc5dba4d7a1e,cet6,26,1.0078
11df319c-04d5-4714-9d0e-f102ae953a9f,cet6,4,0.155
973539aa-22d5-4c9c-b4b3-15c0fca5363b,cet6,14,0.5427
9b5cef5c-2fb7-4754-8ba1-419b431df50c,cet6,26,1.0078
013e27fd-e596-43ea-adcf-cdaad469e44e,cet6,33,1.2791
ae469d92-3811-479f-8683-538d54757625,cet6,25,0.969
58651127-452b-4e77-83d1-a265e4548fb1,cet6,34,1.3179
c7a01594-fc9d-4295-a7ea-b37cfc929b78,cet6,6,0.2326
e04fd73e-f25e-49e1-bf1e-1e3b7367da1e,cet6,53,2.0544
e8ae34a1-4edf-4d03-8329-b3ec7f4bde77,cet6,37,1.4342
1ae31c42-23e3-4796-ad65-ea2490e277c1,cet6,48,1.8606
15dc9f0a-4095-49d8-b9c0-82d75f9484a2,cet6,4,0.155
aed0de1c-e269-477e-af2b-88ee01a3ab68,cet6,33,1.2791
39fe8d92-d1ee-4d16-b7d6-d039fc9166dd,cet6,44,1.7055
ca7d4bab-b5e3-40cc-b558-13b8b8b41452,cet6,27,1.0466
0ace1e96-d2a1-43fa-8cb0-360a7d987cc4,cet6,0,0
df8ceae2-7fa2-4457-832b-967a8058fe41,cet6,19,0.7365
c5032cdb-9461-4039-9102-457130d5cb42,cet6,13,0.5039
321d0d3d-dc5c-4b1d-8655-01ea267bb346,cet6,34,1.3179
6d823fdc-71a1-407b-ba4a-43632225c911,cet6,31,1.2016
e08560b1-ed6e-4463-8c10-10d8e258b268,cet6,11,0.4264
4631edbd-21f3-4259-a907-a42afa5a7050,cet6,6,0.2326
c09430ec-8404-411a-9f43-bc576d64f761,cet6,22,0.8528
072bac1c-e325-412d-9fac-0fed134d7ede,cet6,5,0.1938
e56ae18f-9900-41b0-8385-5eddd74996dc,cet6,4,0.155
c05f9f7c-5461-4c5e-99bc-2c466aae29b0,cet6,36,1.3954
08597f6f-a877-4d2e-8979-9bba59c24d99,cet6,41,1.5892
37152562-a96c-4cb5-92f3-9e045d6f3bc3,cet6,11,0.4264
43d0bc99-8799-4ef2-a21b-a1c0ca372d0b,cet6,4,0.155
a76ca8b0-25fa-412c-9add-ce70e42f68da,cet6,82,3.1785
6799d17e-fb26-46fe-a222-acd8b3d5c8b8,cet6,27,1.0466
b24fe997-d595-4e54-a144-a57b78d76550,cet6,44,1.7055
04ced793-31e3-4b33-b3e1-409ded541ce2,cet6,46,1.783
e7460c9c-cdf8-4e2f-bf52-1ae71742b316,cet6,3,0.1163
f276f494-1631-4922-820c-b178f41ac00d,cet6,4,0.155
b9775d39-9565-41b4-9bb2-5212bab5219d,cet6,10,0.3876
ca619d95-cf02-4363-a847-8b9878e0b057,cet6,13,0.5039
b689380c-c94b-4f37-894d-e769caa5d96b,cet6,35,1.3567
608bb8d6-be53-472f-9530-26d96d503339,cet6,34,1.3179
03f8f548-1152-4ed0-9630-fd10691b7c59,cet6,6,0.2326
d913effd-e3ff-41a0-9c5c-05951636924c,cet6,12,0.4651
ee158c28-cd41-40db-b57b-a1e57eaee8bb,cet6,17,0.659
2a88e20a-bfc3-40b6-95ee-3b3a0c8d99d7,cet6,29,1.1241
f59fcb5b-8765-4f56-8ec9-326e8b21179f,cet6,81,3.1397
5b87832b-cfb9-4445-bd67-3af9d1a426a5,cet6,11,0.4264
cd52ddb5-1906-4969-b576-73722c1e50fb,cet6,25,0.969
f37a186d-aacf-4798-8f02-615812de0abe,cet6,119,4.6127
cc45b813-91f9-493d-baa0-e265033196f7,cet6,38,1.473
3839f333-3ed7-410d-8152-806b674dba69,cet6,32,1.2404
bb3d1798-3a94-42ef-b37c-652245c1b758,cet6,8,0.3101
5ba59421-0e98-4b19-97a9-4f455eeeb119,cet6,10,0.3876
e15be643-1275-41ce-acbe-39f1a94c653c,cet6,1,0.0388
9df36b87-3d4b-42bc-8762-d3c331f26e22,cet6,1,0.0388
badec43b-daf1-4f25-a19a-39c39ea80e6f,cet6,0,0
0adf0c0b-9e00-4148-9ee2-3c9502db8560,cet6,29,1.1241
c08fa2d5-392d-4c67-a11b-1c200b4c404a,cet6,64,2.4808
d2eeb45f-dba2-4448-9de4-29eae65c7088,cet6,37,1.4342
7e25fcb0-7027-47f8-85e3-add575b0f267,cet6,0,0
9ddf389c-7b2e-47f0-b09b-b9490d7be229,cet6,59,2.287
29c5af13-d604-45ef-be4b-e9c56189acae,cet6,68,2.6358
e55c88bc-bc96-4307-a797-c5aa808cc734,cet6,40,1.5505
afef50b4-2e53-434a-b3c2-4935f249eddd,cet6,37,1.4342
c215d81e-a6dc-46af-aef7-76550da468f4,cet6,3,0.1163
32ff5a0f-0ec5-4b47-b396-cd016ffc6100,cet6,26,1.0078
cea2c6aa-8ed7-40c5-9e16-565cd6b34de7,cet6,5,0.1938
7fe9e896-2af6-4a64-b9f3-de4e3a3ec2f6,cet6,0,0
60f42c6e-278f-4c74-8f65-6ccbaedc52de,cet6,42,1.628
ccea00d4-5a5d-4668-b914-ca72f3997abd,cet6,3,0.1163
bf91333b-2e5e-481e-8678-ba7c1c41a7dc,cet6,33,1.2791
a5fe21db-17f3-4699-aebf-c3ac2b857eac,cet6,29,1.1241
af53753a-ef65-4ffc-9b18-e9b6677744fe,cet6,6,0.2326
669f7d0a-c69b-4643-9e66-a447d4010d53,cet6,20,0.7752
1116c7f3-c899-4e03-850b-c8389792baac,cet6,5,0.1938
620fe4d0-edcc-4fe5-8073-c90689c9d8f9,cet6,40,1.5505
53949bae-ce91-4266-bf23-ffe38bdae4a5,cet6,31,1.2016
8b528fac-a61f-430f-b396-5b05c9dd4a6e,cet6,16,0.6202
e62004d2-bec7-40e6-93ef-047afcf51828,cet6,5,0.1938
6b3f0705-3876-4780-82a9-a16a68e7e6d9,cet6,116,4.4964
ce100fa4-a80d-4789-b99b-9ee4c9c6e81d,cet6,103,3.9925
9a48aa50-6f8e-4fb3-add2-e565f975d57e,cet6,197,7.6361
796eb12c-58f6-4b5f-95f4-082f3639b276,cet6,49,1.8993
c167b02f-d3b3-4fb9-9e10-6dd83b4a7af2,cet6,17,0.659
ae5c1d4a-0be4-475c-9456-af95bcaaa4ae,cet6,45,1.7443
9a1675c8-b608-438a-ae99-236f5f7db84b,cet6,0,0
d90fcf7d-10dc-4db0-bbdc-9043d825b87f,cet6,11,0.4264
21876003-ef15-4d34-a97e-e29a128e6db5,cet6,47,1.8218
ac21fbaa-d8f6-40c4-bd1f-81e7647b4315,cet6,32,1.2404
3a427860-5ff5-43e2-87fc-8ece46f8ae80,cet6,20,0.7752
cca78f12-40fc-48bf-b7c6-847a85e40bbb,cet6,1,0.0388
02818bb3-51c6-49ec-93b3-faa3e3fcb612,cet6,18,0.6977
ab5a72ef-4535-4f61-aea3-8e1f05b1a47a,cet6,10,0.3876
fbd49993-5f2b-4b69-95df-1856f9f20f30,cet6,40,1.5505
b325a8e3-ebf8-4d52-a0b7-0010d669316e,cet6,25,0.969
53692ea2-b632-434c-95b6-f350e0cc8cb3,cet6,89,3.4498
d750094f-ddc0-4525-a55e-187503c9c152,cet6,2,0.0775
47ca46e0-0b9f-4c11-92c4-97c76ad6dc29,cet6,1,0.0388
bfefd974-debc-4826-8d5a-76e09a7507e5,cet6,14,0.5427
e9a8ae03-2473-49c2-b224-750009e2d9df,cet6,37,1.4342
4a1bdc73-b307-41d7-b7a2-01d9677bdff5,cet6,34,1.3179
c43be42f-c6d0-488a-863b-ed767cea28e9,cet6,3,0.1163
41f9bab6-adf2-4ff3-be59-48e216f94cf7,cet6,72,2.7909
11b44f3d-99e0-4125-821e-defe6570f65f,cet6,29,1.1241
0b4e2e0b-94ad-4a5b-bce6-2292a698f505,cet6,39,1.5117
f9234452-8989-4670-997f-1ec058a852d2,cet6,7,0.2713
4bbaf2a4-bef8-494b-9a3c-b179e1d63d4a,cet6,35,1.3567
65959ca6-45df-4435-9952-bd9802bbdd0e,cet6,23,0.8915
14450120-b872-4583-930a-a2dfd41a7776,cet6,28,1.0853
4cd8a34a-462d-4979-a1b3-4c5ee94f5caa,cet6,6,0.2326
47241416-cd0d-4bb1-a1b9-7894e110f5f7,cet6,66,2.5583
b0574ed5-8eab-44c4-b852-a39f42bd783a,cet6,81,3.1397
6d3ebf60-2e85-480b-bc3a-9083c2a1f9f0,cet6,34,1.3179
09c282db-420f-4a4e-abe9-118eb75a6c55,cet6,12,0.4651
ee9a0744-75cc-41b6-a004-23d2ea0442a1,cet6,23,0.8915
b97d78a7-0b66-473f-b732-0f68b8a2e3d2,cet6,153,5.9306
4190dc7c-aadb-4c81-8aa2-528ea6caf3d1,cet6,39,1.5117
cd57c864-1ec9-46cb-9285-2eef47c5aa65,cet6,5,0.1938
438f311f-0256-43c3-b1be-a5a229a8ade6,cet6,2,0.0775
c0a978e9-2225-4824-85c0-ce7087bba7e4,cet6,0,0
25117393-1cd0-49b7-8e3e-2d0b3f6c02ab,cet6,4,0.155
c3364496-7aac-4638-bca9-8dfdf958e603,cet6,10,0.3876
637e0be3-caf5-435c-9596-0c58a5faa8b9,cet6,15,0.5814
58fdcafc-1a71-468b-9903-c4e8be9f07fc,cet6,28,1.0853
77024e55-1a74-4d91-aa75-81ccd500bbd1,cet6,1,0.0388
11ac748b-bc7a-46ad-a12f-9ce96a0dbf61,cet6,0,0
efef8bd8-9070-4b69-84aa-c4b98bd117d6,cet6,15,0.5814
4d29b72b-1966-4a79-a734-e809446df88a,cet6,39,1.5117
f0150dc7-29f3-49a7-9d0b-0aff437a06a1,cet6,42,1.628
10be2cdf-9a48-416f-980c-0e88782f2b1f,cet6,25,0.969
e6c1773d-df83-44c0-a310-76bdb3104bb9,cet6,3,0.1163
6c39e484-51c9-45a7-a939-6bc57e60d1f1,cet6,1,0.0388
408f99bf-f4d5-42e9-9eaf-925d79d6f132,cet6,41,1.5892
459fb790-cb96-44f1-8a1c-22338bd081b7,cet6,4,0.155
6208fa8a-5714-459a-bcb6-c6c418e38adc,cet6,7,0.2713
5ce529ab-2863-4bef-b05e-783f2f5d36b0,cet6,14,0.5427
001b1010-9fbf-4013-ae4c-aebcd8620205,cet6,117,4.5351
b3ef4c67-512d-4bef-9811-4278dfc494c0,cet6,0,0
5dc4e543-6d2f-4834-8e0c-310e4a44e857,cet6,0,0
f2246f88-6183-4861-916e-1bc68f163c4b,cet6,23,0.8915
443d0a9c-6308-46f8-80c4-87099369e681,cet6,37,1.4342
8f5ebf50-4055-402a-80e9-8b50ace7f65a,cet6,0,0
9a9812dc-287d-4493-9531-e489c63b9cdc,cet6,659,25.5441
0a1ea628-dd14-484f-ae06-3ed74f78532a,cet6,29,1.1241
e7a9f01f-7734-4ac1-8925-85cd0a07fe2c,cet6,26,1.0078
a37210a7-655c-4d9b-a88e-36595d0791ee,cet6,13,0.5039
d42c6203-4da5-48e3-9f95-158e628cc1c1,cet6,235,9.1091
6ce79d4a-4d3e-4ade-93f0-939813abec56,cet6,15,0.5814
adb03c7e-caf3-4a07-b622-0bc54b6a4127,cet6,20,0.7752
ba27019a-05c3-4641-be98-9f9c0e0d573a,cet6,25,0.969
2d8aa3bb-ba72-427f-ab3a-fc1a955fa9f8,cet6,54,2.0931
950845d7-2d40-46b6-a13b-5ff00ef17eeb,cet6,6,0.2326
634f97a1-01e2-4be7-95e0-6b00cb6bd9e1,cet6,12,0.4651
59c87af3-be87-422b-b444-6aca6d6bb978,cet6,23,0.8915
9892b3f2-1d29-4b3e-9b2c-39cab7d9a34e,cet6,60,2.3257
f6c6ec73-4848-4690-a4b6-c7be1e84aa13,cet6,56,2.1707
be52536a-1b7a-4072-83eb-233ffce24c93,cet6,584,22.637
0e9c67a2-16ae-4f65-ab84-050e039df715,cet6,32,1.2404
00b166d5-1ef2-4961-93d1-112cc4595a12,cet6,17,0.659
659a2814-a80a-4728-b6ab-272fc0703d51,cet6,59,2.287
2636665f-c18a-4cf7-8124-086a897a2857,cet6,38,1.473
19994e37-cb42-4308-a4d3-ee236167f47a,cet6,32,1.2404
709790e8-375a-4426-83d1-1db83e258743,cet6,1,0.0388
68203d31-5834-4c95-96be-bd159041a36c,cet6,12,0.4651
59a2e573-2e07-4d71-a277-5992f5791ddb,cet6,33,1.2791
fadbacd1-ae6c-4dad-aa3f-da2cf5865399,cet6,206,7.985
81905f64-6c01-4ed1-9cb4-8de2e27ecbfb,cet6,64,2.4808
83e3bb90-52e0-4940-bb44-ea84bb9134b5,cet6,15,0.5814
aa8d0f6a-325c-40ad-bcf4-02d322eeee82,cet6,24,0.9303
490b04a9-d441-4938-9f88-20cc0e9c84b4,cet6,27,1.0466
fb95f5e3-a498-4484-82b2-14c36bbb41ce,cet6,9,0.3489
f5e3d1eb-8c49-479f-a6c8-4883adf7a8c3,cet6,275,10.6595
1f8d54d2-3f12-4d1a-ac39-666c10a1dd2d,cet6,0,0
a9c2f632-8457-4569-9f36-3a3fa3eb1aea,cet6,32,1.2404
c2f11384-4a9a-47ae-ad58-a49c13c4dfd0,cet6,59,2.287
77fd5f3a-23ba-4209-9e07-5617eb760024,cet6,59,2.287
b50dc97e-5fa6-4cf2-ab50-4c2e8b1953b4,cet6,24,0.9303
cad8e612-f736-47fc-9a7c-f8f3f75891ed,cet6,12,0.4651
8e275605-9f74-45f2-8991-1155e440ef73,cet6,13,0.5039
bcc8e213-428d-425a-9c8d-1737df42985b,cet6,2,0.0775
77182f8d-de66-452b-8076-90fcb7a846e5,cet6,0,0
d1eca9d7-926d-4f41-8925-0b4b08c31d20,cet6,26,1.0078
2cb911c2-fbde-4994-8f22-66231e60eb83,cet6,29,1.1241
a5b06aad-eb7f-4c53-848b-c4e3f17898cc,cet6,5,0.1938
3c1eb9c2-3b45-45cf-9001-2c9be555af38,cet6,27,1.0466
36c3959d-bb12-4399-bd2a-c86f94c38eb7,cet6,12,0.4651
4829b57f-57a5-44c5-a6d1-c90d6e812ee0,cet6,26,1.0078
1ae89f0f-ba99-4c8b-9414-40810bec4231,cet6,63,2.442
fa3cec21-84ad-4874-9090-18de1d7e5f20,cet6,12,0.4651
246aa184-ff5c-4e58-ab93-ca7ab98bf9b6,cet6,8,0.3101
e8ed61f9-f948-4d9d-9559-0fb1d9660e6b,cet6,4,0.155
8f07113f-28dc-446b-b505-995432933fc5,cet6,46,1.783
2a725236-5d27-4ad0-bdd2-2868e0e7d8f0,cet6,32,1.2404
8a43387e-f079-464c-9b39-c61a3b0e6d55,cet6,35,1.3567
9783ebf7-a511-47aa-87b8-c2a76de53121,cet6,4,0.155
acaae4d6-818a-4e4d-9dd8-430971ebe678,cet6,11,0.4264
7f399453-3f03-4958-8228-6c7b53209d9f,cet6,7,0.2713
830806f6-b92c-4096-a613-85da328320fd,cet6,23,0.8915
bc446369-00fa-4198-b8ba-a5a7e9cf4445,cet6,6,0.2326
7526be1b-bc35-4741-aea6-24f0b319dcb8,cet6,1,0.0388
1bcde10a-afc4-46e7-a209-6f9f6d6b8de1,cet6,0,0
76430a21-02e0-4bd2-843f-ea010743d95c,cet6,106,4.1088
f0615c5e-79ff-4830-9158-258f870529c7,cet6,23,0.8915
1439af4d-3b36-4ed9-8fde-60c83e91a0d7,cet6,25,0.969
1ad44126-5306-471e-8335-a4264a508f2d,cet6,23,0.8915
eb16de08-a0e4-4dcc-9335-ef437927c9f2,cet6,84,3.256
57515681-f34e-4b36-976a-151b6513cfe9,cet6,10,0.3876
067aeb5e-2032-4fea-b05b-a25ddb8e0262,cet6,12,0.4651
599f7680-ef1d-47b8-9259-c439e2284a5e,cet6,13,0.5039
c1667ab4-bc22-44a8-877b-da44c9213a94,cet6,43,1.6668
58c6a7f3-fb63-40e1-9e96-18294f4dc108,cet6,3,0.1163
a8661332-e63c-4806-88fc-6f8e3a804b24,cet6,0,0
e9a7bbbd-e754-4b8a-bd26-790570c34d86,cet6,45,1.7443
09bed1c7-540f-4366-9288-25a574e09093,cet6,21,0.814
bdb25cef-8ace-488c-9a03-2fb67aa28251,cet6,18,0.6977
f3d585ed-e470-4963-ab54-69b0c69b649d,cet6,28,1.0853
a22c4fe2-fc32-47c8-842c-445cc8021e7f,cet6,17,0.659
c188eb41-36ec-4ebd-aa50-f1e565f268f2,cet6,2,0.0775
af1cd9d1-92b2-4cd2-b8cf-06b06b324aa9,cet6,9,0.3489
c9af1186-7ba9-4d61-8c18-b64e3ca14ddc,cet6,31,1.2016
e43e2596-cce4-4378-b519-70f46fa5d5e7,cet6,32,1.2404
46db6326-dee3-45b9-a7dc-1cdff1215129,cet6,39,1.5117
77f3ac4d-7ffa-4ef5-8bdd-ce8d162a37ce,cet6,27,1.0466
ea6f7ee6-1c59-49fd-837d-8b78d041710b,cet6,30,1.1629
51771213-9e10-4b3f-a7e6-4a49e4fa71b0,cet6,35,1.3567
6e0bc9b5-8c62-4af9-8fb7-646b9634d616,cet6,17,0.659
1e9722ac-80d5-465a-95d4-67acd8107ca2,cet6,20,0.7752
568cbd7c-eabe-4a6e-a4f8-989acfd04c31,cet6,40,1.5505
8da43fed-2487-435e-a484-b01726174f50,cet6,4,0.155
5a6ec44b-5a12-4462-91e2-4de444a51fa3,cet6,160,6.2019
a8b6c2cd-802e-4d20-b2ee-9e3d0b9f073e,cet6,16,0.6202
40c4971e-d9d7-47c7-aa7a-38ee178a7566,cet6,0,0
90f13f4a-3a9e-4fac-a485-3f3f4abd5301,cet6,24,0.9303
09de1433-a968-4c63-8675-67544cfd973b,cet6,16,0.6202
5932d5e6-b167-4e43-a0e5-a34f47759591,cet6,54,2.0931
2f9503de-962c-4b1d-8e22-43adaf44ae84,cet6,0,0
e9e6e311-1563-440b-86b2-1afa13da3e7a,cet6,189,7.326
8f6af29e-dcd0-4b71-85be-6145075bbe60,cet6,11,0.4264
667d76a3-257e-47f5-a98c-d45eae995974,cet6,25,0.969
ad7056f3-0279-4c0a-9a6f-854893970baa,cet6,30,1.1629
56b7b65b-9838-4fa1-a10f-d9b09fd49e4b,cet6,25,0.969
6cf04f3f-5c86-433e-aff4-7effd69ff7f5,cet6,24,0.9303
2831f2eb-6a39-4fe7-95d6-5f3955598316,cet6,12,0.4651
d8e837ef-8b5d-4318-86d9-25e9f930b6a1,cet6,4,0.155
7b8108d9-5fcc-40b0-8716-f55b3798f69b,cet6,34,1.3179
3c717be0-dbf3-411b-886e-c7f6b7b8d876,cet6,50,1.9381
b1012274-e306-4ae5-86f3-bcd021795fb0,cet6,0,0
63323027-2497-4eb2-b798-4630cc6c88ab,cet6,16,0.6202
92d470d3-a8c7-47e1-9fb7-423b83f74518,cet6,1,0.0388
91d95756-d598-47c4-812f-08f0b602cde4,cet6,21,0.814
488801fc-1917-49f0-ac87-561143cce897,cet6,7,0.2713
d63c698d-c172-4ffe-9adf-7e1bb18f6350,cet6,7,0.2713
f2aa422a-d767-414b-bec3-86e45fc49c6c,cet6,229,8.8765
6a6789e9-b893-4f74-be59-54f2005e907d,cet6,26,1.0078
33f7ee93-c880-4a0c-8e8b-a2c646002cb8,cet6,14,0.5427
eba9570c-5d41-4764-a7a8-996a3c608197,cet6,34,1.3179
67b4e3db-b406-4752-a1ba-2ee9b4af0270,cet6,15,0.5814
1e0b051c-c04c-400e-a079-9f8948111d41,cet6,176,6.8221
f75ac46d-6f5d-451d-8310-a61ea6947623,cet6,24,0.9303
79cdb157-ba47-47c8-9f33-3c2827e2d92c,cet6,42,1.628
f5f99966-e5dd-4604-baa3-9e4dbeca4f66,cet6,35,1.3567
affdecd9-8784-43d3-b3a6-a7881c801a0e,cet6,10,0.3876
c1f8a1ee-78a9-44ec-abe5-969b0dd03599,cet6,4,0.155
85a2fe16-7de9-4028-a39f-aff3988f22f6,cet6,19,0.7365
dcf3527b-6d65-4f87-ab48-1a0c3ef7c289,cet6,11,0.4264
121e81e4-caa1-4fe1-bdc4-7c73c8398efc,cet6,5,0.1938
6f8ceaf6-a170-4319-8cd7-011b151bd370,cet6,28,1.0853
e06930e9-acc7-4a6e-b7f5-71e116735c8d,cet6,20,0.7752
ee7588ae-1bd0-448f-84ad-71c90627a4cb,cet6,28,1.0853
e3fe0f7a-f0ee-4f24-a293-467f05dedda0,cet6,23,0.8915
ccace763-1026-476d-8653-0b2d0296973b,cet6,4,0.155
1848b698-e3a8-45f9-aab5-76091696a5d1,cet6,6,0.2326
ad42ddc4-9aa2-48c1-b828-6fe265a01b6b,cet6,88,3.4111
c54154a4-6742-4a0a-ba26-424fe7d25bd7,cet6,3,0.1163
812eb64d-1b4d-4f3e-9ca1-33b04690b085,cet6,49,1.8993
cfcafc2b-3769-4e29-bac5-ffece4814164,cet6,3,0.1163
3271f71a-9653-4669-b720-8f7739880379,cet6,23,0.8915
364f700b-8f08-42c4-b53b-bbe0c60c2447,cet6,7,0.2713
3681282d-7bc2-4e97-b350-ea82ddab451b,cet6,43,1.6668
d1c10601-bd53-4854-a6c2-f7c7e820759b,cet6,3,0.1163
6f411f76-3652-42ef-9865-c8d252ae6809,cet6,7,0.2713
709d2c40-fbe8-4c6e-a2f0-38f9e683bca1,cet6,14,0.5427
00707979-c709-4d30-b7f2-f43dac05fccc,cet6,1,0.0388
576bf8b4-0b6d-455d-8a65-134d321b0efb,cet6,4,0.155
507621f5-b831-477c-a5f7-619886c8ec5a,cet6,6,0.2326
312b4f40-6f58-4bd2-9494-2c735c99e401,cet6,21,0.814
f1ed81a7-e78a-4be9-910d-bbac665e073c,cet6,164,6.357
ae62023b-1f3c-4b06-94fc-d9f029db2da7,cet6,33,1.2791
1d51a5c3-fab4-4aca-a71e-386f9b8428cc,cet6,5,0.1938
685589a6-a8a5-4d85-a342-38c8eec29b48,cet6,28,1.0853
9f75bc6d-6f83-434f-ab1c-390e187369e6,cet6,37,1.4342
53ac5fd2-dcca-47ba-94e7-94deb4456df8,cet6,21,0.814
e053c579-c687-4100-9ea2-5100386e05f0,cet6,0,0
d5978bee-6237-4bd3-9c7e-752905c17c7a,cet6,39,1.5117
c41a846d-5e1f-41c9-b176-98236da7af27,cet6,3,0.1163
698a7b81-e321-4535-9c8d-1081921f6345,cet6,30,1.1629
02d4f3f6-c76d-4d62-ae43-4d7df396dbc2,cet6,0,0
983a3a81-ad49-4dfe-b974-f09f78144fd4,cet6,27,1.0466
0f0f31f0-4c45-43fb-abe7-16e1f0284d73,cet6,22,0.8528
e76d984a-047f-4fc7-b38e-a0f61db04e76,cet6,16,0.6202
1fb865ca-401f-4baf-8c63-1ba842adf679,cet6,27,1.0466
8ce0e083-8f8b-4700-ab5e-7f2ad6ff90dc,cet6,3,0.1163
8f536cc2-d638-4e9a-9c7a-416b920d6343,cet6,38,1.473
6a4dc3af-7569-43ff-b0ae-574f690bf2f2,cet6,37,1.4342
780c935d-fffb-4b50-82cd-1e766b8aad85,cet6,19,0.7365
2fc82019-f10d-4057-96d9-73c714c533f7,cet6,112,4.3413
1c43f716-e61a-4d51-a30e-3b2e6776a9a0,cet6,60,2.3257
bbf02b8b-5c57-4543-9bac-ab71eae3d3ab,cet6,21,0.814
0bb1708d-4ce9-4a20-9855-252ea0e87e98,cet6,25,0.969
67066dc7-cad3-4d0a-b645-930c8267aba1,cet6,35,1.3567
c468e6c6-3c6f-46bf-a259-854199a07601,cet6,44,1.7055
031b45b8-e9a7-4685-ab11-b15800793ad6,cet6,4,0.155
aca26edc-6503-4515-ab2b-efa9f707c0aa,cet6,29,1.1241
28f2bbfb-625b-4b81-b573-93b0b7326cc8,cet6,3,0.1163
224ddd1c-df38-4652-bb1f-618c0a65b511,cet6,2,0.0775
80a8386c-c36f-4e63-8296-cca67958693e,cet6,97,3.7599
98b3bce3-b09e-4ec7-be45-b9d791f6bfaa,cet6,11,0.4264
60ad142c-3c2a-4177-850a-fc3bda2eeda8,cet6,20,0.7752
d6797e95-71a8-4431-abe9-4b06de8fb9b4,cet6,17,0.659
c5d9f612-369f-49a3-86db-048a15a055ae,cet6,19,0.7365
9e9e4729-b04c-404e-adc0-3efa83af80ba,cet6,185,7.171
7083dab8-0219-4491-8d26-cb7c857d5618,cet6,17,0.659
b7b1ea72-9a65-4164-82c7-f1b8df8bcdb8,cet6,20,0.7752
f188c233-d0b7-4a29-a36e-ca04b31a4d29,cet6,0,0
a4b17f97-cbfd-4766-a14d-d3bca30133aa,cet6,5,0.1938
71db360c-764f-4b6c-9f40-e4215b30faca,cet6,29,1.1241
6056e162-d922-4716-a211-a5d66d754750,cet6,0,0
a73f1b85-08ab-412a-b421-09aa7187373c,cet6,0,0
d7eed1dc-5908-4409-9f9c-bad480b5fb4b,cet6,0,0
3832d631-fd51-49ff-91eb-d35adcb37015,cet6,41,1.5892
a4a44ced-c01b-4196-975a-629913c4be76,cet6,0,0
1e45174b-e80a-4a79-94a2-e89d59c55a06,cet6,9,0.3489
727866b2-e242-4ff7-ad6f-503efef4014d,cet6,1,0.0388
2526a44f-27a1-4032-9229-1baad1ca18d9,cet6,3,0.1163
013e604d-81d0-4296-a2ba-c4faf7038d80,cet6,0,0
15e2a5da-b5fc-4681-ba44-03aa6cd4ab66,cet6,1,0.0388
2ff05da1-5c53-4696-a1a5-c834dea99ff7,cet6,24,0.9303
f27fab45-516c-429a-ba9c-03451706fc90,cet6,3,0.1163
afbf9a07-7a1f-491f-87e7-9bdb527f0309,cet6,0,0
ba597fa2-2c91-4735-9aa1-9831c5560854,cet6,31,1.2016
1207f857-78fc-4c57-b3f0-79fe9a461fe7,cet6,30,1.1629
0be39cdc-e152-46b7-a465-63ab1f3b27bc,cet6,105,4.07
a15cacb0-f10d-484c-aa0e-371a74b9d365,cet6,41,1.5892
5b4ec5c2-bd82-4388-aef1-1ee48f6a7e1b,cet6,16,0.6202
53da8ade-18a2-4936-8971-be158f377281,cet6,9,0.3489
83f7945b-8370-43fc-894a-e663ef32197d,cet6,5,0.1938
8b8de7ad-275e-479a-adde-954ee1eda69b,cet6,0,0
8cd8114c-7309-4950-b28f-aa31e1c1dc83,cet6,19,0.7365
5eba67eb-2548-489c-bc71-3c23a3d3add1,cet6,27,1.0466
d65c86a5-f34f-428e-89f4-e1825cbf96c2,cet6,22,0.8528
e1651922-bc4e-427e-b1f5-2f19103fa44a,cet6,30,1.1629
f809a063-d98d-4a5d-9be6-07e1e14d386b,cet6,18,0.6977
041525f4-3fd6-48b0-8805-78b914b6e6d4,cet6,473,18.3344
671b4241-bcfa-4f4f-ad47-6c21fe4ffac3,cet6,18,0.6977
c957be11-2de2-40b7-a654-85b901281533,cet6,5,0.1938
4e8f6e9b-619f-4fe3-95c6-8f2fd01997dc,cet6,68,2.6358
a40ccc31-cb31-439a-bf71-22fd32d5e330,cet6,83,3.2172
ef2c24d2-0f74-4971-ba61-3ba42ca0cb13,cet6,11,0.4264
ed10e31e-7d7a-475c-be13-a776e70b1917,cet6,0,0
c719a600-5928-4bf7-bdf6-fde64f9b3177,cet6,217,8.4113
1f5e7611-cbd1-4bea-82a4-0c1d50e61a05,cet6,101,3.915
d9f782f5-001a-4ab8-91e7-54393f163168,cet6,26,1.0078
b5ff0a9c-2fc0-449d-85d7-ff63b50a8955,cet6,9,0.3489
a80cd7db-8bb4-44d6-ac08-497b3b106a82,cet6,67,2.5971
38c87acf-3205-41e5-a08a-f61e403d823b,cet6,19,0.7365
46977c12-6e88-44d1-ba8d-7698dc22ef03,cet6,25,0.969
03ee27cc-1064-48e0-be81-4694fbf464f1,cet6,2,0.0775
3a47415d-ff76-4095-ab3b-66152fbe1bf2,cet6,126,4.884
e90862db-fdc9-4dbf-8e14-cf550ed83f71,cet6,24,0.9303
4b115dfc-03d5-4647-8817-3ec5e8bb9950,cet6,23,0.8915
ec9e8d7c-6ab2-4423-b914-181701696c70,cet6,13,0.5039
1f9c1962-ba8e-4a02-aa9c-2a387e971eff,cet6,7,0.2713
4ceeaab0-2be3-41f3-89b2-d9dad58622f3,cet6,12,0.4651
62728e79-e6f6-47c9-931e-122821db78fa,cet6,15,0.5814
d983ccf1-b77c-4266-b2db-4f957ae7b323,cet6,15,0.5814
ce309ae0-58b9-4528-b9ce-40918f8f8cef,cet6,37,1.4342
0ea84361-029f-48ab-a754-93957b76212c,cet6,2,0.0775
ec4eb4b0-4baf-458b-90f5-7a322476129b,cet6,21,0.814
afc23002-7eed-4bf6-b0b8-f3512f6569e2,cet6,1,0.0388
b4f7ae7b-97ca-45ba-b9da-e7651fa12fc4,cet6,0,0
0cb98fce-79d9-423b-a0ca-1563eeae8563,cet6,21,0.814
78364e25-3eaf-4978-bbcc-ec12eb570772,cet6,15,0.5814
8e01ef3c-cbe8-4330-bae1-7d4c9470e460,cet6,1,0.0388
c2abfa31-193a-4d8b-8ffa-6eda9c21936c,cet6,15,0.5814
558b68e1-0694-4ad3-aa5c-bd2075b9d665,cet6,10,0.3876
2469e4b7-b03d-46e1-9c4f-7f02c5a9390b,cet6,33,1.2791
66dd956c-3737-49b7-a4ed-54e50a44bcdb,cet6,1,0.0388
12871f73-f477-46e9-82c2-787f796e63e5,cet6,25,0.969
da092ac2-1ea1-4939-a629-9d931572ced8,cet6,154,5.9693
2c4c7d33-affe-4459-8f71-ba3315c0ec69,cet6,14,0.5427
c6b8f710-0b0c-4c42-971e-d831845e2634,cet6,18,0.6977
771d7080-bacf-4ed2-a102-c7071c2726ae,cet6,25,0.969
e3d25d1e-d7d3-4e85-a140-bcc18503d6cd,cet6,10,0.3876
407e869c-4ae4-4bbe-8a06-c8e029bd6cb0,cet6,100,3.8762
72fba08d-34a6-4d5d-8a0c-1a5369696256,cet6,72,2.7909
391cf247-cd60-4360-9699-c48f93b9fae0,cet6,12,0.4651
8fde3948-05fc-416c-b525-13c5646b69b3,cet6,20,0.7752
2b4d9d9d-052b-4ce3-9035-9775a394c2ea,cet6,15,0.5814
5b678798-60b9-49f6-a09e-0475a3e7efe9,cet6,2,0.0775
1691bca8-f82c-4565-bf22-4c5d950e456d,cet6,7,0.2713
3407bb2c-6089-4b45-b3f8-e7f744b85b00,cet6,31,1.2016
f387947d-55af-4a6c-8919-9cdd0348c47d,cet6,5,0.1938
5901ce82-9982-4fe5-814c-8df8141c19ae,cet6,13,0.5039
a4d7af6e-070c-4d4b-be10-2182b11188d2,cet6,9,0.3489
0af007ef-0560-45f4-9fb0-d51912c7bbbf,cet6,15,0.5814
6d3ab4d5-44ce-4771-81f3-f9ca3b6f1423,cet6,2,0.0775
d9ac0762-1173-49bd-8c20-03e79c322798,cet6,20,0.7752
2bbdc457-fd84-4f36-9280-21793eace5b7,cet6,11,0.4264
3a2b7741-bd52-4264-9dda-adc119fae7bc,cet6,5,0.1938
04c3191a-6520-41f3-b8cc-32c582038e9f,cet6,310,12.0162
da56a481-7a5f-424e-8276-4f444a9b3e19,cet6,28,1.0853
3cf67b51-bf27-408a-bddd-09a6805f45e6,cet6,1,0.0388
140b2d2c-cf43-4bf1-99ad-33665831d89b,cet6,24,0.9303
c07dd82b-1770-4920-bf3d-247be340b95d,cet6,5,0.1938
5729c906-cc89-4f2d-93e5-9ea08cbabca6,cet6,42,1.628
64d73420-abd0-4d5b-a0dd-99fe205c39d8,cet6,33,1.2791
11743f67-c836-49bc-a8bb-f93b62ffcef8,cet6,11,0.4264
6d0527da-5ebc-454a-a49e-3164494b7d3f,cet6,6,0.2326
c5d0be60-aaf1-41e7-bc07-83c51e2dddf7,cet6,574,22.2494
ee979132-30b4-4a1d-aec8-b3ce2d5fcff5,cet6,20,0.7752
5d25fe2d-cf02-4c3e-9c63-529388e3d27d,cet6,9,0.3489
bac2b77e-1302-48e8-92c4-6f83ebe1e568,cet6,19,0.7365
1a31f49b-e517-4385-8616-ce2bd51d2844,cet6,7,0.2713
18b27c72-3d44-45e1-bb5d-c85c11785b66,cet6,4,0.155
9f60e575-0b80-4e9c-ba66-25e4bd2e2075,cet6,12,0.4651
27734262-ee45-45b1-95bf-780694aaf186,cet6,63,2.442
7f747f9e-b4ed-4995-8ebb-dd9a32afb36f,cet6,8,0.3101
9c362c65-5a6f-4d39-aef4-0d4360e42f99,cet6,25,0.969
ef422259-bb76-4771-aa8e-fc6459ffc8fb,cet6,5,0.1938
2c71f5e4-4cf9-4874-bde6-62649883c7e3,cet6,4,0.155
d00e0e1d-8931-45f8-a494-994c332ac527,cet6,6,0.2326
967e0066-0284-4bfe-82e7-cb74572e5a79,cet6,1,0.0388
b5f377f1-763b-4969-b5d2-e033b4fd269a,cet6,4,0.155
99b11d82-9461-478c-81ff-f4ba2732f781,cet6,28,1.0853
338f4c58-2a30-417a-b30e-0bd2295e1abf,cet6,17,0.659
5ff110be-679d-4d51-b6b3-38cda4fc53f1,cet6,2,0.0775
01567f8c-62b4-46de-ba9d-bffe6c825368,cet6,19,0.7365
6d2b4ccb-1277-4a39-9563-1d57b42b0541,cet6,19,0.7365
80a344d1-ea33-4ee0-a570-d44b43d61a0d,cet6,23,0.8915
37350da0-3612-4b2e-9897-5590785837ee,cet6,5,0.1938
b8fa200f-0cc0-4e87-85f2-0ec39a11076e,cet6,26,1.0078
80b6eb4a-30da-4d2a-b9fd-26e812f177e1,cet6,126,4.884
688831db-5cec-451e-9797-c687c02ded92,cet6,22,0.8528
67d23437-39c8-427c-9f66-9ebeadd9e51e,cet6,82,3.1785
34799d1d-9dee-433b-bf12-781f87fde136,cet6,2,0.0775
42110a45-3489-426a-9e01-f0a999a0bbf7,cet6,1,0.0388
ecf17521-aa49-4f5c-adcb-b4a24514f4d3,cet6,1,0.0388
8688fcf3-3cb8-4b5b-b501-82b24e37de75,cet6,4,0.155
e89b796b-c7c2-4c69-ae6a-d34e1e6593ec,cet6,19,0.7365
0b8b82d0-51ac-4c42-a920-89f9ab7c22d4,cet6,14,0.5427
4353fe74-ab49-4532-99d3-44870ce3dcea,cet6,22,0.8528
8b3d45dd-cd7d-4e1e-ae45-9fff37267d9f,cet6,30,1.1629
5e84c1fd-f42b-4a17-863c-099abcd61750,cet6,8,0.3101
d175f34c-7a57-492d-8cb5-e8aff746c3cb,cet6,2,0.0775
1fb29b43-4e71-498e-9d44-ff0ae523b6b6,cet6,355,13.7605
5610e82f-e597-43ee-8697-638d9da2cf97,cet6,29,1.1241
c28de61d-d1d2-4bb7-9160-be54edcc0740,cet6,18,0.6977
2e3e406a-0279-4c36-83fd-9afd6db3b8c3,cet6,100,3.8762
4ed3b1f8-618e-4fd9-902a-c8ed4c098950,cet6,38,1.473
450eadc3-d86e-4d10-9218-dee2daa40e17,cet6,19,0.7365
6a2e8bcc-f9d8-42e0-b20e-b4b15a3592c1,cet6,18,0.6977
b953b67b-6efe-4724-874b-a92ddca513cd,cet6,27,1.0466
2e1e3840-e823-4076-b268-0c5cedab6000,cet6,3,0.1163
c6279663-8f39-4aa8-8cc5-efec50747e3f,cet6,20,0.7752
8f6c7249-c3fd-48f1-897b-ae03494dab61,cet6,1,0.0388
e51bbe15-b489-469b-9ef0-8b299e36a65f,cet6,23,0.8915
e50c0ac8-e75f-4434-85b9-703d89759541,cet6,17,0.659
4ff5f285-c332-4a92-a471-0baf01fc0e7f,cet6,0,0
5f3c769c-aa3b-454b-9ebc-5db0002dc28a,cet6,0,0
6c417c82-161d-4eb3-af54-0dd012a4669d,cet6,26,1.0078
100b3cdf-7767-4415-b459-9869e3a426a2,cet6,16,0.6202
d5610494-94f3-4ab2-9d77-c2b3c3293a9b,cet6,1,0.0388
c5534703-d1e7-4e68-ac00-300bfc574c0d,cet6,14,0.5427
5a1b6e31-b9fb-4deb-8ac8-9fd2452def64,cet6,1,0.0388
40e8d894-7d21-4f3d-8af8-8a70f478e91f,cet6,3,0.1163
ed0f3f61-97bb-48fc-93ed-953f227cd7f8,cet6,10,0.3876
54547b41-69ad-4b7b-b349-e6e651e8c5b8,cet6,20,0.7752
a19db34f-8590-4904-8767-ac640a8c217c,cet6,16,0.6202
8518478a-0068-46fa-8a94-c9e52664b0e5,cet6,7,0.2713
1b5e8c2c-676b-4692-bf33-e909f4f5f424,cet6,9,0.3489
38644c88-1825-4205-b3d5-791917cd0b1e,cet6,13,0.5039
64612f4d-beb3-4164-a36c-7f079405ed6d,cet6,16,0.6202
f3cde8bd-c24b-4ef1-b811-77bcec331660,cet6,15,0.5814
01445cbc-0a8e-4511-9cce-42a8d1c6b19c,cet6,63,2.442
54a34a23-f212-4873-a02b-22407ce57c7c,cet6,12,0.4651
1acd9334-d4dc-49e6-8be1-e9cbc1b23a22,cet6,27,1.0466
3a606982-fe36-4eb5-ae10-777ef2f24796,cet6,11,0.4264
c5968009-9b03-458c-9c31-a585aa065185,cet6,19,0.7365
c45d9be2-9f18-4d55-9e29-ff2d8b562221,cet6,24,0.9303
5586c443-a770-4458-88a4-2d44159b7b65,cet6,21,0.814
6996aac2-b9af-46f1-956d-b8e493acaa00,cet6,13,0.5039
1571947a-5b15-4f2f-afec-24b57cd2d520,cet6,14,0.5427
8efe1f8e-ce5e-4fc0-bcf3-126d00dbd042,cet6,22,0.8528
86eb449b-e74e-4538-ab27-b90870278dc0,cet6,5,0.1938
96a9cac4-49ca-4ee9-ac0d-b31123862966,cet6,13,0.5039
a83ae2b1-cc69-4597-971f-3cb78ca829c9,cet6,1,0.0388
37754806-1bf0-47a1-8497-217d8db330a0,cet6,18,0.6977
00e9c4e6-24ac-44b5-91af-3a852913fb50,cet6,14,0.5427
ebca9545-53d3-44d6-a093-166b52519f5a,cet6,4,0.155
95a50d0f-1795-4310-b6cf-6b78952f234f,cet6,20,0.7752
6bbf003c-1b3b-4dee-ac0a-430ddcd6abb5,cet6,105,4.07
065e4ac1-1456-40f0-ab82-3627864b082d,cet6,25,0.969
8b514cb7-728d-4139-a93b-911959b23ff4,cet6,2,0.0775
09fbfa70-2757-4427-822f-7e56ccc5b4eb,cet6,1,0.0388
ebc52292-aeb3-4f68-b4f8-963cff777429,cet6,6,0.2326
239b5b73-f50b-4cc5-bf9f-d384dbabb1ab,cet6,6,0.2326
bd761717-1511-4010-b46b-2b9ddee00ce7,cet6,12,0.4651
5cc64fbc-f485-4953-b145-e8cd5bca318c,cet6,12,0.4651
238b3ffc-9009-4beb-b2cc-ac7e1f1db8ca,cet6,14,0.5427
c402f29f-7990-4778-9866-4104d3edcb16,cet6,16,0.6202
5abd27b2-b9c1-4423-aeb4-f8c938291c29,cet6,2,0.0775
77aed33f-fbdd-4a5f-94cd-354b552dd7b8,cet6,12,0.4651
9be4f4bf-7d30-43f8-94e9-7865b006bed8,cet6,1,0.0388
e7d9577e-f338-483b-a2ec-7e69c05f906f,cet6,2,0.0775
d132bf99-6535-4088-a28b-9fa870cf14a2,cet6,16,0.6202
cd7a630d-de58-4300-8fa1-a7b192fb65e7,cet6,22,0.8528
62f6f720-819f-4dbf-ad4d-baa490cb4fa4,cet6,25,0.969
c41ab386-d637-4bf2-bae2-75cebf0bd2a8,cet6,18,0.6977
829c2cb7-a09a-42af-8e2a-31dfd5b362a2,cet6,20,0.7752
84e2d434-ffdd-4c93-9c95-5351549631b2,cet6,7,0.2713
27430e01-df9e-44fd-9e03-e820ad347e36,cet6,11,0.4264
5bbd5dbe-032d-4060-936c-4088d18dce41,cet6,304,11.7836
5ea2ca04-581e-48b0-808f-fe0d6cfe970c,cet6,504,19.536
58a48290-3888-455c-8c0a-271d90690e26,cet6,4,0.155
e0adeb9a-81be-4e49-af80-a96ac3ed6f11,cet6,10,0.3876
17ea9cac-7045-4763-a0fe-a313536ea6a2,cet6,3,0.1163
cf1886dd-3020-488c-a224-138be6897681,cet6,15,0.5814
8f4452f8-3387-4c25-bf57-04734749dffa,cet6,3,0.1163
d0c1cb7e-466c-4816-bb99-96f7123f9e4e,cet6,0,0
59f0e00a-94d9-4394-925a-4f6c11592274,cet6,28,1.0853
0e80b679-f7b7-4ace-815d-a4d45dde5a5d,cet6,8,0.3101
6e358fdc-9f3a-4861-9a22-c8269f86cd72,cet6,6,0.2326
e9ff7026-1f25-41b4-b9fd-c525c72802e3,cet6,0,0
c9815c24-d0ef-4e79-9dd0-d95ca6685afd,cet6,20,0.7752
b53c2e40-e251-43a1-90b3-1d0a5f9f9dff,cet6,2804,108.6885
e008495c-9ca1-4b5e-849b-61912aa299c2,cet6,1,0.0388
929604ab-19e1-4e18-8060-2bdbdfdedd67,cet6,84,3.256
6287e2f3-7f54-4a4b-ba16-391d8308ea82,cet6,5,0.1938
0fc2c2b2-9d24-49df-a845-c57486ef116e,cet6,14,0.5427
eed4458f-4d47-4336-ac00-6ccc98ff36ba,cet6,10,0.3876
16e35e09-d4c0-4371-8494-275aa35ac078,cet6,9,0.3489
99ce1076-76bd-4596-8e37-47624735c15b,cet6,15,0.5814
11a2f3de-4bd9-4a55-9ba9-091d914d94b8,cet6,14,0.5427
952992f3-206e-4312-a02d-ec7945631738,cet6,22,0.8528
10fd399e-8cbf-4255-ad48-8cd6ec379d62,cet6,87,3.3723
b9c91503-1075-4fb0-8b58-e6f9b2a2da0a,cet6,16,0.6202
2c8681c3-68b9-423f-8b16-7299a8850664,cet6,12,0.4651
2beb53c6-823b-4981-89cb-74fbfe52c19a,cet6,13,0.5039
d06206a9-0f27-4321-b7fb-421ea7d1c8d5,cet6,31,1.2016
bfdc771a-e6ae-42b7-ab1a-455eac730af7,cet6,14,0.5427
2fbbde49-698d-44c2-8457-dadc86d3050d,cet6,11,0.4264
8d2cce12-10d6-45ae-b07a-ec29cec78a4a,cet6,15,0.5814
19fd79f0-171a-461d-bbd7-60401909935f,cet6,0,0
502d4c08-1916-45ef-9fbf-3b07946dbece,cet6,1,0.0388
438ea656-c06a-47b8-876c-5e7cab29be0e,cet6,0,0
ba4b9dbf-0f71-49d0-b0cd-fe3d47510721,cet6,3,0.1163
49e72853-b308-4384-80a8-78571b445d2b,cet6,16,0.6202
276907b7-9c44-419e-81d3-cb91fa993b3d,cet6,15,0.5814
98b0089e-6cd4-425a-a13c-6953d3313fad,cet6,14,0.5427
03b6e7a3-829f-478c-a2f5-4907c9e24613,cet6,12,0.4651
ea1fd0e1-7d27-47aa-8456-482cf5441216,cet6,13,0.5039
6b10380c-be20-40b5-bd98-d716a73c43fa,cet6,142,5.5042
13c3d6b2-bc9c-4e9e-a5de-fa2949464945,cet6,34,1.3179
2f80d2cd-9a5f-4fd2-9159-506fd5d3e565,cet6,3,0.1163
bd30f524-d9b3-41cf-afd1-ba6b714c1960,cet6,17,0.659
2b874a20-1a9b-4b3f-81b0-29748e583d17,cet6,0,0
a73e010a-14c2-4d17-86f2-d148b0ba4f4f,cet6,22,0.8528
30d59e83-d1e4-4884-8319-b1866c2ca661,cet6,2,0.0775
50877a8f-6884-4aed-bd08-4ae78ef57222,cet6,24,0.9303
ca326208-5d00-42b7-8354-255b29e46a46,cet6,72,2.7909
00312465-cf91-46fc-a302-4d977dc567b6,cet6,11,0.4264
ad550243-1818-4afa-8a7d-921d4429ec6c,cet6,6,0.2326
1e4ebd9a-6fd7-498c-9ed5-03b074ec1542,cet6,29,1.1241
25a52cbf-0a7c-45a4-849f-2875cb16f017,cet6,19,0.7365
66df985d-7cd9-4ea2-9157-7d5adbc68548,cet6,20,0.7752
d4c1b075-aa9a-430d-a06a-a78fb3f1adac,cet6,162,6.2794
2567c7fe-3d0a-4177-bb14-e1427a50b794,cet6,10,0.3876
dd8cfba4-7a8b-4fb0-8833-b900e37c770b,cet6,8,0.3101
3b68d00a-25cc-4e19-873e-367a70506783,cet6,7,0.2713
e82730e8-b111-425c-9905-97f9118a823f,cet6,10,0.3876
dd9b3783-754e-4bea-81dd-f91fc4cd8ef6,cet6,5,0.1938
92203f09-3981-4b0f-a6c6-f0f7179c4c09,cet6,11,0.4264
daef1567-4f79-490e-bc7e-5022cedc6e4d,cet6,2,0.0775
b0730a27-44ad-41fa-809a-2f1de5253cee,cet6,0,0
6884360b-9008-4863-a21e-1b27bb554817,cet6,2,0.0775
06c81508-5a1b-4679-aacf-bc9d9cd9642d,cet6,6,0.2326
fc2cf11a-88ed-493e-bc31-df4dae61be66,cet6,17,0.659
4808d0a1-2b90-4322-b2b8-c2380bfd27a3,cet6,25,0.969
e83e81e0-6475-4342-880d-75124edfb32c,cet6,299,11.5898
0147fe9e-829b-4d2f-8ef2-fdddeacc913f,cet6,15,0.5814
d3fa8e6c-fcbf-4788-a85b-16235438b792,cet6,4,0.155
c68d6b2d-156e-44da-a5b8-0b4531faefa6,cet6,42,1.628
ec44e36c-e12b-4fa3-bd7a-d7bc3ea4e718,cet6,50,1.9381
cfdc40ca-3606-4d8d-ad21-9c4f2475ccd0,cet6,5,0.1938
7e9080c4-dc6e-4fe8-a3b0-92ac8c36f141,cet6,25,0.969
4b71b908-1709-49dd-8846-0d3cd804dccf,cet6,12,0.4651
2c8ee0c2-2f32-4fb3-93bb-913e126e041c,cet6,1,0.0388
ff8386ce-5716-4a2f-80dd-7d614579a394,cet6,4,0.155
1f956edf-8363-4d71-80ed-1eede674a953,cet6,1,0.0388
9d2f0c8c-e1e7-4ace-a227-84a5fac42ea3,cet6,2,0.0775
487580f5-5325-4624-ba0d-22a3264f885a,cet6,9,0.3489
50adf631-5483-4945-b981-2bff0d75999f,cet6,363,14.0706
b02050ef-f305-4cda-aefd-21358408d11b,cet6,65,2.5195
e179fb9e-9509-4855-9781-2c9e215d8604,cet6,17,0.659
adda2809-952b-4f93-96a8-f671a978220f,cet6,13,0.5039
bc606fd6-caee-4585-8d1f-9702ad916725,cet6,0,0
fdc183be-6717-42b5-926e-23bcad735620,cet6,11,0.4264
cbb1e305-6913-4327-a6fc-fe231a5c856b,cet6,5,0.1938
cd2099cf-eadf-4fc6-9be2-5cd563b42135,cet6,9,0.3489
b34e0d89-a3a5-4e25-b923-df6ef853c990,cet6,2,0.0775
2337f75c-ff7e-481c-a8b9-af988b247aae,cet6,13,0.5039
10ee1f0c-ca58-4f38-9d65-03b0db023709,cet6,14,0.5427
1e210516-afc8-46dd-8111-c350ceb861c0,cet6,522,20.2337
8c582d4b-1a2d-420e-bf1c-060cbd693d20,cet6,10,0.3876
50ba7f89-5a42-495b-b502-6c57b8a1451c,cet6,9,0.3489
bda403bf-037d-4169-be78-4a4ff0316531,cet6,25,0.969
77278168-d6a5-4d28-94dd-a14e369c8673,cet6,6,0.2326
177fca8e-780f-4a99-bb6a-a724c216ddac,cet6,4,0.155
6543e43f-e421-427e-af1b-25ee0ebcf76f,cet6,0,0
99aa4a26-c2af-4d19-a2bf-31e5308b2dd0,cet6,19,0.7365
11ffc809-27a2-4ee4-961f-069cb6962c6d,cet6,12,0.4651
79482bc1-4715-4e0b-9020-a0f00bd52dff,cet6,5,0.1938
4a7c870c-2130-4be9-a6d7-379a6011be5f,cet6,5,0.1938
5f21dc9b-da01-4e02-bd0e-34648c3ea32f,cet6,18,0.6977
b756b715-4946-4c1d-8e18-7a2eab619d1e,cet6,0,0
73ae9796-2bed-4b59-8b06-867d62dfc80e,cet6,0,0
66f3309e-b4e8-4fb6-9dca-705761797c81,cet6,14,0.5427
262982b8-7feb-48e5-a0d4-d2d4ad9cb06a,cet6,50,1.9381
7c45cfde-56a0-4bd9-8605-6ace885c5a66,cet6,23,0.8915
1d96aed4-dfd4-48be-aedd-49b9b9782262,cet6,12,0.4651
593aba3d-9b54-42d7-a57c-37fdf768b69b,cet6,1,0.0388
57422480-96c1-40ba-95de-9678b5c1002a,cet6,11,0.4264
f1c5afb4-73ae-4ada-9d45-4306a9fca877,cet6,9,0.3489
fdb8f3e6-4a50-4f74-ae1c-74d1d6b64492,cet6,11,0.4264
30c1758e-3529-4900-819e-7d04f25e6a18,cet6,16,0.6202
d1e8a6f6-488f-45e8-bb3f-6737ead73603,cet6,0,0
fcdd5ab8-3884-46c4-a5d0-477ac9cf7614,cet6,6,0.2326
e61eaf17-9528-466b-9f98-e7e2cc75e59a,cet6,15,0.5814
ae0a110b-6ffe-426d-a92c-ea8f41ae6322,cet6,124,4.8065
4ff85862-d1a1-4372-8400-ce9d81b51186,cet6,16,0.6202
78dc601d-11b2-4450-a424-bc72da0298dd,cet6,5,0.1938
4db5cee1-dc49-497f-8e51-acdfe11848af,cet6,100,3.8762
a19a690b-f4ab-4fc6-9a59-1f39afe48439,cet6,3,0.1163
4c8396a7-fb02-4a1a-a3f2-0177346bbf15,cet6,15,0.5814
d308a291-1a36-428e-9f2c-f7b2eee551c8,cet6,11,0.4264
a8af2796-01af-4e10-8553-b2a438f33730,cet6,15,0.5814
3fef47a5-4c66-47b1-a562-e118d256519f,cet6,24,0.9303
07f9d1ff-f0b5-461e-b958-99e36372f145,cet6,14,0.5427
ff21c8c2-ed8a-493d-8154-4fdf977d2c17,cet6,4,0.155
6f99d1ef-6d27-4f2b-ab29-38fc846bc51a,cet6,0,0
d7cb1798-df86-4fd7-a98d-4cc19b831d58,cet6,13,0.5039
aa2c8716-ea78-4362-8c30-d51546c7ee02,cet6,16,0.6202
4f2a0c06-5c46-416d-9982-c51addcc864a,cet6,6,0.2326
a9598a3d-d26a-4f9d-8ff0-fe65c2c9dee1,cet6,3,0.1163
060a19ca-56c8-4b0d-8221-17ce6b85ef93,cet6,38,1.473
acb46561-a580-4098-9ba7-2e8020bd8571,cet6,15,0.5814
3269c977-5dc9-448f-8714-0d1b5b96fb25,cet6,11,0.4264
30eebc17-6a94-4244-a95f-07be8893328e,cet6,1,0.0388
67e330f5-e813-44fd-ba1e-0e6fbbcd7483,cet6,11,0.4264
7d9d1181-f539-4cdf-9bb7-ba6c578ebf65,cet6,13,0.5039
baa70828-42c2-471a-85e7-1f9b009fecb2,cet6,7,0.2713
d22ecb8e-958a-4234-b9af-d23d56fa30ac,cet6,8,0.3101
bed2da61-da50-4e6e-ad60-0caa543d62a8,cet6,267,10.3494
5a19a074-009a-4433-b3e1-1e566efbc23f,cet6,8,0.3101
e5b3a899-4ae2-4c09-8edf-e897fcc20c21,cet6,17,0.659
7dc85979-da74-46d8-89dc-940d92ddf264,cet6,6,0.2326
df284d7a-02fb-4b7c-9a12-9d2fc6edc2ff,cet6,13,0.5039
9d7aad29-f727-476a-8e38-7ce1bee6beab,cet6,1,0.0388
ce66594e-b63a-4922-a7b7-9f6a1df4776d,cet6,8,0.3101
b91133e3-1062-4d0e-817c-eb19c19cc7f9,cet6,17,0.659
35fb3c4b-014a-4bc6-bc6c-175744e4f6e5,cet6,10,0.3876
36422c9c-d967-4dd5-96d7-6c64d4411b06,cet6,14,0.5427
7a7407d8-f220-49cc-94a2-8128b478224b,cet6,5,0.1938
0265b059-9e28-4f49-85e3-cd7e0be01150,cet6,3,0.1163
bbea1ea4-b9f4-45db-b840-9e4170017889,cet6,9,0.3489
a838badb-45e0-4e06-b967-38d522f0705a,cet6,52,2.0156
2bd6fb24-1111-4d3f-adc5-8b12296b7583,cet6,0,0
2a29b8d1-d831-4f5a-8b91-2ac3bcc384ac,cet6,16,0.6202
3273d8a2-4ab3-4c24-b95c-a378ca7aeb56,cet6,3,0.1163
ab957ed4-c10f-4d85-b295-7ea808cf81b1,cet6,13,0.5039
57ae4ef1-882c-45d5-8c82-bf0de72e2dae,cet6,17,0.659
d374c27a-b931-45d7-a24b-62906f74b70f,cet6,6,0.2326
b7a2a5f7-638e-4307-adf3-f0befaa76edd,cet6,18,0.6977
1bb3005f-c292-497d-81c8-6433273179ee,cet6,18,0.6977
3e720c10-5b0b-4c43-9e9b-a2be5f5c2ea7,cet6,15,0.5814
a13503d1-991a-4a96-8b06-b0ec7924f083,cet6,68,2.6358
a452c0a9-a356-4a3b-baac-6ee67091e9c4,cet6,0,0
47b6add7-1918-4f39-9503-b56cdb8e278a,cet6,13,0.5039
9604dad2-f053-45bc-8d7c-290ebe95230e,cet6,1,0.0388
3117ebf8-d72d-4915-8861-53904df26fe6,cet6,2,0.0775
96686f39-15aa-437c-812c-1d28dea843f7,cet6,15,0.5814
a13e8790-c3f8-4020-bf05-0fd7a08383e0,cet6,448,17.3654
9753faa3-f3f0-4d40-a678-f66aa9f0047e,cet6,9,0.3489
66015a91-11c0-479c-825e-05eebc797b2a,cet6,9,0.3489
16397cd7-b802-4bc1-9e8f-64d2aad4b3ca,cet6,21,0.814
28a71c37-e61a-48bd-bde2-526911d8e2f3,cet6,12,0.4651
056f4924-3611-48d4-8142-015601ce2ea8,cet6,11,0.4264
b4607a62-8012-4c61-9309-76a7d4e35c40,cet6,54,2.0931
846a8ccf-ab91-43ce-8bdd-2760ec9b7250,cet6,20,0.7752
034a8277-191a-4b2e-943f-b7bbf7edef95,cet6,6,0.2326
80b15d4b-5479-4893-852a-edffedc84195,cet6,10,0.3876
4c500938-a77c-472c-a68a-4aa3299321b2,cet6,6,0.2326
ea45f0ac-bf15-4ccc-af13-74506307afad,cet6,12,0.4651
69083992-bb5d-4e47-b811-1808fb0e8f27,cet6,12,0.4651
7c09d6b3-8172-457c-86f7-15ea8e68fee1,cet6,14,0.5427
35743948-7935-4255-a865-3de6fcd631be,cet6,3,0.1163
1dd9ec12-13a2-473f-81a1-e18fd8bfebd0,cet6,25,0.969
500fa835-123b-415d-943e-429da6e362bf,cet6,4,0.155
608c0ba9-2969-4eb6-91de-e6bc14817eea,cet6,3,0.1163
a5c88134-82ea-43ff-8f27-ac931d7e7144,cet6,347,13.4504
ba173f57-12b5-4980-a16c-e9e286f48a83,cet6,18,0.6977
ba24a821-0bed-40b8-a9f3-31ec9196842d,cet6,23,0.8915
b0c2d93b-9a01-4c9c-a53e-51719c87186f,cet6,15,0.5814
6b52fc79-170d-48cb-aefa-7825d08be828,cet6,1,0.0388
053a3137-ee90-4f3f-a691-00cc17db8d78,cet6,1,0.0388
d00555fc-9975-4c8d-a1b7-e4912575e5ff,cet6,16,0.6202
6f1567e4-bc67-41fd-b530-fca00104317b,cet6,11,0.4264
cb8abf5c-2d54-4d55-a9f0-1b4adc337174,cet6,31,1.2016
e468aa48-8c0a-4430-b969-7d5a5302251b,cet6,15,0.5814
aa3c093b-492a-4580-97a0-8bea7e791b42,cet6,1,0.0388
5358c6e1-267f-4dc7-b5c6-6be86af1c578,cet6,4,0.155
93f7a90e-c8c3-4bc2-8cd6-5a17a5668fe2,cet6,4,0.155
0d8af578-0117-4983-84cf-9762c3e16f12,cet6,5,0.1938
9a1cceb4-ef71-4bf8-82f4-6a6db18fbb22,cet6,10,0.3876
726efb49-3792-47bb-8bae-2f0f1847e782,cet6,3,0.1163
81e0e31b-df36-4c76-bff5-0a1b1166b091,cet6,422,16.3575
661a9dd7-8b38-4ddd-83f7-3d845e66d296,cet6,17,0.659
f73ff946-4518-41ed-95a7-8947dbe49bfe,cet6,5,0.1938
5ddbe4d2-1ac9-4f73-82c8-4849349fc0ad,cet6,15,0.5814
cb66e49b-e686-4380-90cf-b4899b343fe7,cet6,3,0.1163
02cf0fe1-6727-4dc2-91a7-fc5ac1af098d,cet6,4,0.155
a97a9cc0-d667-4410-b3f7-b5633c825f4f,cet6,15,0.5814
1ffab033-e372-4dfd-a906-a59e9d8b5d05,cet6,22,0.8528
a814110e-b734-4cf0-bd59-02aa4440361b,cet6,5,0.1938
555a428b-889a-44f6-951e-90a0e94a66f4,cet6,12,0.4651
4f55739e-89d4-4483-bf09-caaf8217debe,cet6,10,0.3876
fd36380f-e5c1-4f27-b2f9-6cab8c594bc4,cet6,0,0
9afd7c21-64f1-4bd1-abaa-3c18a67a31e8,cet6,187,7.2485
61c36462-eb1f-41c2-8e49-001ff5107c98,cet6,14,0.5427
41794228-7fd7-41cb-9b97-0f4f1dd5da43,cet6,9,0.3489
24bb12fb-76d7-410e-8751-7dafca8891eb,cet6,18,0.6977
506faccc-20de-4077-9ae1-c580704131fd,cet6,1,0.0388
7bd101f6-2bfe-4fc9-a335-23dd73fb7429,cet6,16,0.6202
396b3704-9923-44c3-b27b-dbd16551b665,cet6,10,0.3876
31f2f1b7-d787-47dc-b11a-377071ad1ad3,cet6,4,0.155
89e39eb3-c493-4132-9a16-61c7d973dd4d,cet6,13,0.5039
0ea0efbd-bf3d-435f-8568-e84fd4aafa9e,cet6,0,0
369f6e97-8ce1-4681-95f5-950e0fbc7aec,cet6,5,0.1938
fee4d8ef-2efb-4fc3-8080-a15d3db523d5,cet6,74,2.8684
2267e29f-b11d-4e82-a830-6ad30c7f8332,cet6,12,0.4651
2c894d24-cd21-4f5b-86b1-7842503b6aed,cet6,15,0.5814
1b61c882-f28d-483f-b761-42ad3815a092,cet6,3,0.1163
7ccf26cb-30e4-4f8f-a641-2831229a9799,cet6,83,3.2172
6e99081f-3240-4cde-add1-30aa0a31ce53,cet6,7,0.2713
bacc157d-4d4a-4a3f-9843-a7800239df5a,cet6,13,0.5039
e98042c3-bc57-4079-a2fa-1c811006edb4,cet6,16,0.6202
1f0ec3f9-129a-47e3-96d2-bbd94781404d,cet6,4,0.155
55d7cc1e-405c-4d59-aac6-e4ad5953353a,cet6,11,0.4264
942f3a98-0db2-4e00-9735-814e8c607595,cet6,16,0.6202
b1d12772-9803-4408-b669-e572c61414c9,cet6,11,0.4264
5762c724-c4cf-4c4d-abe7-6842d418c29e,cet6,1,0.0388
8cade1ae-5cff-4d18-8098-10cbd506906f,cet6,17,0.659
8ca613a8-2bc4-4121-9f91-b27021f1a8b4,cet6,7,0.2713
2eb1cb67-bcd2-44ad-b33f-def2f0ad5913,cet6,3,0.1163
d3d2f43c-042b-4fa6-b8e4-f40a83668d73,cet6,15,0.5814
e5bc6f91-d1c6-4dce-b49b-f58e30504cc4,cet6,2,0.0775
54947c83-ec2b-490d-9bbf-04ee2710df17,cet6,144,5.5817
e3dc0f7c-a9bb-4695-a62b-c3a32e941156,cet6,3,0.1163
59a0df1f-8f8b-4e9b-bbaa-d8be608375d6,cet6,3,0.1163
827fa741-29f1-468d-83d0-349de57ffbcb,cet6,2,0.0775
6c5b7e54-6bcf-46c4-85dc-22b87ea0b088,cet6,13,0.5039
c8013c4b-265e-4fac-8701-bffc10cedc1f,cet6,9,0.3489
3b06b0e8-def4-4b20-9225-139c459a238d,cet6,97,3.7599
a83893b8-a41b-4cdf-a6e1-9ec88751a934,cet6,28,1.0853
2d842c5b-d9fc-468d-be1b-fa357ba5ae94,cet6,8,0.3101
a30832ea-3a76-47ed-808b-cd880e2449eb,cet6,1,0.0388
beb2e267-f52c-4758-9dd0-4698548e4326,cet6,5,0.1938
0ab18c92-f88f-4650-aa52-9fd9d485bab1,cet6,8,0.3101
ee541987-0c7c-416e-a68a-56da7b63a274,cet6,2,0.0775
06b7901b-8f99-4aa6-a83f-13861e87780a,cet6,14,0.5427
d61c0ca8-80f2-4626-ba1f-ed546dfdd770,cet6,4,0.155
8118d16c-1b43-45b3-b111-9df9459925cf,cet6,0,0
06c4c325-ce01-45f8-95d3-9234263ce0b1,cet6,0,0
bee6ce07-6aa7-480c-9248-e8b824b84f58,cet6,12,0.4651
0719e446-63c4-4155-9238-c4a3096ea88a,cet6,4,0.155
529d8212-9952-40d9-8adb-c12699f1aa09,cet6,5,0.1938
02a8ccdb-2fb1-4f2e-92d3-6eff248079eb,cet6,7,0.2713
6fe0e8ac-aa41-41d3-88f8-18ba684e1aa1,cet6,73,2.8296
2bc4c901-7426-42f0-98b4-7fea75921834,cet6,11,0.4264
4e5a6579-83a6-4f10-a613-98f7c0dabf1b,cet6,9,0.3489
27481197-eda9-48a6-a04d-a39bc3703d6c,cet6,10,0.3876
91e62da3-9ff3-4840-ae89-c5b0dcb8c199,cet6,17,0.659
43afec92-cfa6-4d4c-ae32-0771817ddcb8,cet6,0,0
3b90f00a-f0a2-44b6-b309-e50676d9c443,cet6,0,0
712f06c9-26ef-431b-bf6a-412f5d9b37e9,cet6,282,10.9309
35c7fc49-36f8-4525-82be-3de81e366099,cet6,12,0.4651
b6e9c7a5-0485-4c00-8155-b812d17f65b1,cet6,2,0.0775
aab40d1c-179c-405a-97aa-508b93b08826,cet6,8,0.3101
34661a3c-ce29-44ba-94e6-8a18128148b5,cet6,15,0.5814
3ff44d02-f1e8-42e0-9b28-87cff9171c3f,cet6,1,0.0388
fba47880-df92-4c83-be9f-98e7278ebf03,cet6,63,2.442
45dabc73-8f0d-400d-b53b-17a864ba9792,cet6,36,1.3954
0862d171-04cf-40b5-b26d-88dfd7356c36,cet6,2,0.0775
b8526bf0-228f-40ae-9d75-2a05518596aa,cet6,30,1.1629
80f6abe4-dcf5-432b-9d21-1c8ebd19ccf4,cet6,5,0.1938
8e9e1591-1510-402c-8629-5bc8f18cdaf7,cet6,13,0.5039
b68b22da-f8e4-4cbf-9971-a3367cd4ed5c,cet6,0,0
29093059-8674-405f-aeee-90959d54b766,cet6,1,0.0388
7594a186-4ac3-43fd-b13d-6a319af9f8ee,cet6,0,0
e0a5233c-91bf-46f7-9f7f-343381f0e855,cet6,7,0.2713
1d0fa964-f3d7-4344-9b39-d28c48a6020a,cet6,7,0.2713
316eb4d0-49f8-4952-b4af-05d1320b6201,cet6,10,0.3876
c9637960-7adf-4794-be31-71dd4d171f5b,cet6,4,0.155
04b01a25-c509-4b09-ba9b-d7b803a1a28b,cet6,10,0.3876
5df356e0-2c3a-4200-a014-70ab2f8798fd,cet6,17,0.659
7ad49873-6c69-4c54-9022-e8c993a35a66,cet6,1,0.0388
0a2da8df-7a4a-41ad-bfe0-da8e84a967cd,cet6,22,0.8528
4b3cb745-6c2e-440b-a995-dcb57a5f00c6,cet6,15,0.5814
3f698dbe-4384-4459-9260-608a2bc9e76c,cet6,2,0.0775
9b316ae4-a8eb-4479-9add-2dbe2661b29a,cet6,2,0.0775
3012b5fc-bcbc-4e44-b987-cddd04040fa5,cet6,6,0.2326
8bba4210-52af-472e-840c-c960473af24e,cet6,1512,58.6081
f3b1d817-a09b-453e-be0c-634f060b3f09,cet6,4,0.155
83068b64-a2ca-4a11-9248-33ea0733d550,cet6,15,0.5814
194eff34-b5b9-4871-a5e4-3ebd7db3e3a8,cet6,54,2.0931
c8faf755-a566-459e-9d32-9544bab6c23d,cet6,1,0.0388
e46fd8ac-bdc0-4320-b6ef-6b47e8d3aaa2,cet6,1,0.0388
42cab8e3-17cb-4c11-bb08-238e311f248f,cet6,27,1.0466
5a9bc4f6-729f-4243-a3fe-ecc28b3e61c3,cet6,21,0.814
1e35e6cb-ec38-431d-9553-e8a4620c72a5,cet6,13,0.5039
01b9b267-a642-4c3c-bd08-31630d8133e2,cet6,34,1.3179
5ef24a55-00f0-44cc-9019-5a3b15abb641,cet6,3,0.1163
bbc42948-5831-4abc-a1f0-bb250b51bdb4,cet6,5,0.1938
f5d311b4-eef9-4b3e-a7f8-90e65003db8f,cet6,1,0.0388
e7b2b358-d807-4550-9ac5-53066b09513c,cet6,90,3.4886
329ac200-8489-4142-b17f-b577e59b6c98,cet6,11,0.4264
989b7674-d59e-4abc-b08e-853704fe7f53,cet6,33,1.2791
6e2d89ed-d19a-4a2c-a58a-808ddc072bc8,cet6,2,0.0775
e796fcba-66fd-45dd-912e-71cc802aee4a,cet6,1,0.0388
87d6d3d8-efb1-481d-aea8-7c1d65bdfb92,cet6,0,0
083731fc-2e40-411d-87f2-7b72d674bc53,cet6,6,0.2326
881872a1-ee3b-4213-a598-a108aacf741f,cet6,30,1.1629
ee83baa4-828f-4ffe-b503-86c0c7250dac,cet6,9,0.3489
fa118226-096c-4f04-80f7-b540c139564f,cet6,9,0.3489
5d0b9d17-598b-4937-b7a3-01a3a6553850,cet6,35,1.3567
5fff9b79-9a3c-4262-9e0d-32591123bdbe,cet6,9,0.3489
7ec72f08-331f-445f-b0f8-db88d3635dde,cet6,3,0.1163
4641fd89-9290-42ae-a472-8ca778db6678,cet6,11,0.4264
5f04d3a0-3341-4a97-975e-072f0ef25b10,cet6,15,0.5814
f31be69d-c7d0-4904-bb93-99864cd80214,cet6,3,0.1163
476fbfaf-e23a-4b9e-9f4e-37268b0e194e,cet6,22,0.8528
698c97e6-208d-4bcc-b585-debccaaa0925,cet6,19,0.7365
5fa77b6f-1bf3-47d9-b7a9-31de6daddf0a,cet6,11,0.4264
b8fbdda2-a72d-48f4-b3af-cae411865619,cet6,790,30.6219
6e82d17e-149d-411c-ace6-318b66600a6a,cet6,14,0.5427
15963430-7534-4819-8e21-e62c21507cd9,cet6,0,0
1099d61e-6112-4a70-8ac6-c5d4866e5516,cet6,12,0.4651
28860aa5-ea24-4602-9db1-f34355e086f4,cet6,3,0.1163
145e4d28-8092-4d4c-a80e-f7a259c022c2,cet6,2,0.0775
3a45bb37-0b06-4e59-abd6-f03619773a19,cet6,0,0
13f1ccc4-c2c1-4e58-a357-2cee5b612269,cet6,4,0.155
8a552bad-8580-42f7-b2ed-3fab5e2a1f88,cet6,9,0.3489
8a18605f-e85f-46a1-b215-359f21657543,cet6,1,0.0388
fc92dc96-f006-4c6c-b893-c31a3467022d,cet6,13,0.5039
c9e895bd-5f54-4c98-b4fa-7866477db648,cet6,1,0.0388
2019a16c-35a4-4f53-b0e3-926aec2a631e,cet6,119,4.6127
050ee47b-da7a-4be1-8f6e-15e1fa76f9c7,cet6,5,0.1938
f92139d7-f0ff-4112-8a18-cd2ae9a68f55,cet6,5,0.1938
c76e8d85-8bee-434e-981b-7f7158971b62,cet6,22,0.8528
daa4c038-cc52-4223-8352-289f31e6b013,cet6,2,0.0775
121cf01b-6621-451f-9089-bcb101beec29,cet6,1,0.0388
bd344297-be67-4cc1-8c71-44230dc2e514,cet6,0,0
add6bba3-0fcc-4067-89cd-5d76d3c841b4,cet6,11,0.4264
8f2ca0c6-169b-41de-891b-4cf92a3cd4e4,cet6,11,0.4264
c0f4ee99-0bd2-43f0-9125-b66fa2dba6af,cet6,37,1.4342
137b781f-76b3-472f-9121-9080cfe187c3,cet6,1,0.0388
315e2ec8-156d-465f-964c-4d59a70099c2,cet6,24,0.9303
f3bab13f-b7c6-4008-8216-ea2d35ec9695,cet6,16,0.6202
aa06e839-183f-427b-8120-010e6349f497,cet6,6,0.2326
7fd74071-1446-46dc-9287-aca3af8e2d47,cet6,21,0.814
c3a07d0c-0ffd-4184-b2c8-3c98a3a995a1,cet6,38,1.473
04690531-bcc5-49fa-b025-63df14a2c5b5,cet6,21,0.814
c6436b70-7a33-4c3f-8a71-4aa69bd064f0,cet6,2,0.0775
366601f4-6cad-462d-8b57-406132ff3246,cet6,7,0.2713
484fdd3e-86e4-4227-969a-efd4186df243,cet6,6,0.2326
626e4c31-ba47-46ce-96cf-43c25939226a,cet6,81,3.1397
21bbe3b4-700f-41a2-bf27-e0b5b7f10970,cet6,10,0.3876
d3860da0-9a40-4369-bf1d-c343d403e0b4,cet6,0,0
fb0341f5-ca46-476d-bed4-bbf96adbe8f9,cet6,0,0
1a7a8495-73e2-4732-8b4e-95687c75fbfa,cet6,14,0.5427
4f6e77bb-d124-481d-9873-049d0637fefe,cet6,243,9.4192
92bb8b49-69d6-4bf6-9ab1-2a0bcd4fd24b,cet6,10,0.3876
ec1860f0-21bd-427c-b462-70aca1675938,cet6,16,0.6202
7aa8de7a-aa30-4189-8037-d917d916341f,cet6,0,0
01792bf4-1fa3-4e3d-a76f-70e6caf8881b,cet6,6,0.2326
b82adcc3-5c4a-4220-b591-43c4089fb2ff,cet6,155,6.0081
2105bd75-6642-4ae6-9d38-0d17ecfc728c,cet6,51,1.9769
e821e04b-3de1-4069-aa6b-11618a9d0785,cet6,11,0.4264
12aa4cb9-0f1f-4a0f-b6e2-af58e4705090,cet6,7,0.2713
2277818d-6c7c-4d3d-a77b-754500392b0f,cet6,0,0
87d521dd-066c-4e00-8ea8-05de4f538d51,cet6,3,0.1163
ab7322ea-987d-403f-bc8d-1f71f209aa14,cet6,378,14.652
9aea4c6d-9739-4f00-b1c8-7d80ff97c835,cet6,12,0.4651
79f63d3a-77f3-4287-b62f-44e743b22bee,cet6,3,0.1163
247d2f68-8f2a-4d53-ae1d-f70577bb87ee,cet6,42,1.628
10cc2558-4f14-4a9f-b54f-03b22ae4218f,cet6,8,0.3101
d2911dee-84dd-44a1-acd1-8ca752373ae2,cet6,648,25.1177
a96d2dc4-bc13-4ecb-9812-800f47bccc28,cet6,33,1.2791
fcbcba46-249f-43f5-b126-ddbc95f04442,cet6,31,1.2016
b397b4e3-0b76-4355-a59f-6b64fb87d434,cet6,13,0.5039
f60cadeb-cd30-4d9f-823c-87a413c61d32,cet6,12,0.4651
ce635986-4fc9-4879-8600-c3e43a0106b1,cet6,6,0.2326
afa9f53d-bf83-409a-993f-4c1dde224129,cet6,12,0.4651
a4a59616-5050-4cc8-8053-7b9da57c06ab,cet6,8,0.3101
922257db-6fd5-4a2c-9428-d2fa28a15a70,cet6,18,0.6977
33864107-637d-4648-be00-75281484aa30,cet6,5,0.1938
ebbbd142-1d89-4514-a7a0-981ee72cbafb,cet6,12,0.4651
a013d602-2072-4692-b014-1f9094fda509,cet6,107,4.1475
35a0aff5-a463-429f-be9e-5c891418037e,cet6,21,0.814
1324a595-3a85-4dce-9756-e61bdeefc562,cet6,0,0
7db8a53e-00ba-435c-b1fa-ec97f98c62e0,cet6,3,0.1163
6df4f85d-bfb8-4813-b2de-1a6423b36abb,cet6,3,0.1163
82349a8b-3016-4d91-9a3d-121feb581fbc,cet6,535,20.7376
b19fcef5-0d08-45ca-bcb7-327e9072d520,cet6,6,0.2326
17759820-1b15-455c-82f2-dbab00f00ed5,cet6,112,4.3413
6be00da2-212a-41c2-88f1-20b0d73dc48c,cet6,7,0.2713
197605f9-167f-4f17-9eee-1dbd49837aef,cet6,8,0.3101
152cbca2-9727-443f-a154-076d92347a9b,cet6,11,0.4264
cb455c2b-6861-4c10-97cc-3b620032d9c7,cet6,11,0.4264
df9f9fa9-5b54-4e02-89b0-fe76f3db9da0,cet6,13,0.5039
9a5c0822-8a06-4959-baff-de464e1b69eb,cet6,1,0.0388
e8a10058-d575-4b4b-b9a3-a4de470b9458,cet6,11,0.4264
014120bc-44c8-4bd2-892b-23d8ae17bf2f,cet6,5,0.1938
402145dd-055a-4e27-9dbf-fcf0628170f0,cet6,2,0.0775
c7225615-659c-4e03-9e3a-a566c815655f,cet6,9,0.3489
f53b26b6-600f-4c80-a0a6-579df534a954,cet6,6,0.2326
c5a6a952-7840-4c8b-8617-1dd2bc650e3c,cet6,3,0.1163
bc5ff455-3250-48af-91a6-b12564d9d2c9,cet6,10,0.3876
6536d59b-ee2e-49e8-8b44-0f3b5e4ca6db,cet6,17,0.659
12d91b48-13f4-4bc3-a0b0-cf8fd1fc431c,cet6,6,0.2326
be6ff9ee-deea-4e42-a3c0-f2db741f8cb7,cet6,7,0.2713
e2485b92-182d-4f91-9462-dfb785ee8e9d,cet6,1,0.0388
d45ce9aa-22fd-431e-97a2-8d0c331ca802,cet6,2,0.0775
47c57fa1-b988-4ec8-b48a-a02125c460b7,cet6,2,0.0775
b5a3bd8e-5b4b-486b-bd91-d8e461009240,cet6,6,0.2326
68c8606c-97f2-4ef5-a8f1-d9683ec23333,cet6,7,0.2713
c47d59b8-b1db-4e23-9418-340c36d90314,cet6,12,0.4651
e2882320-3832-4de5-b78d-07e8f2d3faf3,cet6,0,0
21dcdecb-f236-449c-96b2-3fdc1ff08a5e,cet6,7,0.2713
e440d30d-a5dd-4ccf-b496-8c30519c98dd,cet6,11,0.4264
fb5c26b7-b838-4db4-ac74-5873f3efab9d,cet6,9,0.3489
d5fb9f02-90d0-4352-996a-8875295d1978,cet6,0,0
97b40544-0a82-49ea-8793-fe91037f05c5,cet6,10,0.3876
6b648358-28cf-4789-826a-4f349648c6fb,cet6,7,0.2713
55da594e-f160-48ad-9cb3-bddacc080ca8,cet6,10,0.3876
47ea147b-0820-45a2-9a5a-3707b83a977c,cet6,21,0.814
3bc6491b-fd56-4b45-b79e-1ba725b2cd98,cet6,13,0.5039
1e1d9025-b807-4504-ab30-deca4f5c6104,cet6,9,0.3489
0a33b684-8f07-4879-8a4c-e1063a57aa50,cet6,1,0.0388
6baa2a6f-72cc-4f3f-bd8d-e26cf27d5601,cet6,79,3.0622
5b8748c1-a08b-4202-830d-7fb5260b28e8,cet6,4,0.155
8b65ab7b-98d9-4d27-8a70-30e22a78ff2b,cet6,36,1.3954
8d89102c-df04-4095-8990-e463e93cd2ad,cet6,14,0.5427
eb732470-3fee-46eb-bf70-d70054979c22,cet6,9,0.3489
ddc6cf6c-02bb-487f-86dd-4b9945173519,cet6,1,0.0388
a3203a04-f8dd-4095-abb8-1268dd81db41,cet6,0,0
03b2a014-58a6-4e60-b379-4a6d1ad6417d,cet6,0,0
314f94ec-18a1-4e6d-b7cb-9102595868f4,cet6,2,0.0775
d570f595-3c9d-473d-af9b-1e2269630b08,cet6,17,0.659
4d687f87-a513-4a52-bccf-f226b83941ad,cet6,8,0.3101
543aa04f-256c-4020-9d40-b62c3b8e82ce,cet6,1,0.0388
9045e44f-c807-4f9c-b175-fcadce69fb67,cet6,11,0.4264
62c2bdb9-be60-452e-8e0e-4a71d369a1bd,cet6,7,0.2713
3499f530-f2b9-442c-8d78-1abb03a1bb9e,cet6,1,0.0388
fae46b34-055b-4dee-8155-cb89f85da758,cet6,3,0.1163
f56d0567-1c12-4a64-ac47-5b9360f345ca,cet6,3,0.1163
a0800e23-5f11-4af5-a0bb-f0fc22a4ea99,cet6,2,0.0775
fa9d6732-1f90-42e5-9b1d-df0121f8f2a0,cet6,2,0.0775
05fa653d-632e-4826-90ed-8d579aade75a,cet6,1,0.0388
1da0126d-29df-4db3-b671-4b31ec162214,cet6,3,0.1163
012c08d7-3724-4914-9e4a-569e01febc9d,cet6,1,0.0388
c2dd3f28-f646-460e-b3e2-c03b931b2760,cet6,33,1.2791
9c4a4aa2-b771-4cb3-834b-9b5599e0872d,cet6,7,0.2713
69d25d53-b875-439a-ae49-4fc8c0e65f35,cet6,14,0.5427
78d39328-0e90-4a22-99fd-f11c669b899e,cet6,6,0.2326
f80e3267-4c21-42bb-b975-23291fc7757d,cet6,11,0.4264
1d2afdef-1571-4d80-864e-ca0d9ca2c68f,cet6,8,0.3101
ae4e45b9-d5cf-45f8-b00a-52efe5987f42,cet6,9,0.3489
b1aae129-8efd-4a05-a97d-6464c46919b4,cet6,6,0.2326
3bd04dda-4b22-44b5-9391-4a68505d450a,cet6,18,0.6977
3bd0b3f5-0c65-4f0d-95e0-847a23ee13ee,cet6,0,0
f7e0a60c-0f5e-4204-8f8b-c6a738513942,cet6,8,0.3101
d99070d2-e724-4282-802c-24174f5fbd7c,cet6,6,0.2326
bc91e8e5-f3c3-426b-8928-111010c81a25,cet6,5,0.1938
926e0aad-9160-48e1-9006-659f8ee1bfba,cet6,11,0.4264
6577795c-d266-4a95-90e8-b4636b4c4d74,cet6,14,0.5427
22e2bf39-c6b7-4ae8-bdf0-8dd86d0930a0,cet6,3,0.1163
746273ec-6a57-44cc-a078-48fb092798c7,cet6,19,0.7365
9ce7e804-b8f9-471e-903e-5a50214f473a,cet6,11,0.4264
89d76338-7a4c-4205-b890-56c74bfdfe25,cet6,64,2.4808
6e92b4de-de4b-46c4-9509-9ddc62a8a378,cet6,176,6.8221
6ad039ec-16fd-466d-b162-af326cfb86f3,cet6,29,1.1241
dd24ce67-7b2a-41bc-b352-cd51daefc942,cet6,9,0.3489
eac654db-2a0d-4067-9e9f-39cd85f5b9b5,cet6,16,0.6202
3fd636a6-331f-461c-861d-bb49a322c4bc,cet6,7,0.2713
c32256d2-f326-4a98-9ef2-2e8f85b66d26,cet6,20,0.7752
0c6ce5ad-ab8a-4fce-9164-327e901188fe,cet6,9,0.3489
c636bdbc-9171-4934-84cf-ba85914208e2,cet6,10,0.3876
11009ac9-de08-486b-907a-ea9ac3d0396f,cet6,3,0.1163
9895b130-b085-44ef-86d3-cd7c5db25c78,cet6,24,0.9303
72132f7b-d4cf-4be2-b59f-7a0851a7e894,cet6,20,0.7752
1a573c10-c776-44e2-ba4f-cab83c6c3605,cet6,4,0.155
72aa6208-19b8-4b15-9dbb-e26c7ab1b950,cet6,12,0.4651
abe480ce-5472-42a4-874a-cdd390b0b95c,cet6,6,0.2326
b77c0678-764d-451a-b7a3-52fc5dc886fc,cet6,12,0.4651
f30d9559-c323-4ebb-b54e-1530405f22bd,cet6,2,0.0775
4e4a56ae-8b76-4c89-9a7f-c6837a5bd0dd,cet6,8,0.3101
431405d8-528c-4fb9-80f5-50245a24a26f,cet6,31,1.2016
c8875e97-c2e3-4c73-8710-4a8bf89e7b32,cet6,11,0.4264
a4e0b4c0-7566-4830-8ec7-68df79be93d7,cet6,10,0.3876
924f9b97-5ba5-477a-bd52-bf63332e3a1c,cet6,0,0
1ff274ea-f718-4baf-a18f-5a11b8f6e621,cet6,4,0.155
b8b4f8e8-8bcf-4a1d-a4cc-2335a83b0d92,cet6,8,0.3101
0cf84a5a-34a7-43d6-853b-f4ccacfe3c36,cet6,0,0
7eb38f04-7745-448f-993c-ded0eea30a48,cet6,54,2.0931
0a60c4a7-4ab5-4104-9cca-3956c3ab05e0,cet6,7,0.2713
8d2390ab-2163-4b71-a5d0-d741e900cdf5,cet6,0,0
8aa4543f-29be-41da-a1b3-2b6f10dce0f4,cet6,1,0.0388
c0123400-6ee7-4eff-98b5-a7575f31d238,cet6,1,0.0388
1a4610b8-31b0-496b-bc7d-31ebb4b6049e,cet6,8,0.3101
0a5f8558-9b56-404c-8e8a-f17c3cfc1a4d,cet6,1,0.0388
19468bf3-a409-4b02-a779-e9206706fed9,cet6,13,0.5039
4d83b0bd-137c-4577-bdb4-182d79151c91,cet6,9,0.3489
a347cf72-e1a9-43a4-b5e7-9e829835dde4,cet6,407,15.7761
ca0057a5-e962-4226-ba53-40589cae8dc0,cet6,156,6.0469
b573bad6-453b-470f-8a5f-67bb48f7595b,cet6,30,1.1629
3076facf-32f1-4dc1-a7a9-cd946a1ef60b,cet6,6,0.2326
c8a93e48-0b9f-4d25-989d-fa3381568862,cet6,12,0.4651
60cdbf38-9964-46da-b2e1-bc1b075249bf,cet6,8,0.3101
0b80e982-3d17-4ed4-8699-3a9feaa8443b,cet6,7,0.2713
a9fb393f-2089-4921-a57b-d53f56fe16af,cet6,11,0.4264
23ddfe89-09e1-4ced-b717-c740e12705fe,cet6,0,0
84b93138-54b5-4131-a775-e1056fdb1492,cet6,10,0.3876
f0d85ef1-a91b-448d-b9f0-08c21600c128,cet6,128,4.9615
d4b18f23-a974-47b7-9843-8812f819d87f,cet6,4,0.155
4db9657f-80b5-4e72-9d8d-15914a9276f8,cet6,18,0.6977
7bec3c0d-3352-44b3-92c4-38dfd2d08a58,cet6,3,0.1163
7a939956-8f74-469d-9b6f-68bf5f24d116,cet6,11,0.4264
e4bd0111-940c-4b99-a474-8912d89e3ffb,cet6,13,0.5039
d87db12c-b9c6-4c07-af63-b7d08fd70b3a,cet6,3,0.1163
f715d384-6f5b-4088-b661-52d5fe25e70b,cet6,7,0.2713
36fa9763-b793-44c3-8517-81dee7049c41,cet6,40,1.5505
765fd6b8-5534-4034-baa3-cab592159d4d,cet6,3,0.1163
be378cad-48fa-4141-be1f-09d7e3a35025,cet6,26,1.0078
6f50a865-f40d-46b9-b2d9-d27a081653cc,cet6,16,0.6202
27c609a9-b165-49ec-bf9b-459300519682,cet6,8,0.3101
daecfeec-c90e-4aee-9886-7bf8406e8b93,cet6,7,0.2713
8bad626c-874b-41d0-ab28-f854c0e8abda,cet6,3,0.1163
05faa749-f84f-41e1-a95d-70062e687374,cet6,2,0.0775
64398806-47a9-4d7f-aab3-6d192894f504,cet6,8,0.3101
c8d3ec54-332c-4069-85af-d5f17d847092,cet6,12,0.4651
1752d7ee-7a13-4c8c-8925-6bd2319a1abe,cet6,180,6.9771
36821505-4bb0-465b-9a32-88e7d58d59f2,cet6,2,0.0775
793a484c-cfb3-4469-a157-2edbc9270540,cet6,4,0.155
90dac86c-7c2a-4d61-b6bf-bbb632ecacdc,cet6,0,0
4e16ce71-b1dc-4a28-bf14-5db2262560b2,cet6,1,0.0388
282d1f0d-79b6-4e04-9b58-61e8137d59c4,cet6,136,5.2716
59771529-b141-49f6-9d7f-696d17903c73,cet6,9,0.3489
1611c5bb-1f5e-497e-87bc-498737cc255d,cet6,1,0.0388
3332a6c6-d236-4ee4-a4a4-5135547fe968,cet6,23,0.8915
93cca6b4-ff24-454f-819b-a12c75c71be4,cet6,41,1.5892
e66e927c-487f-46f6-810d-0419c3bbffb6,cet6,19,0.7365
8cd06e91-559c-4018-8f8e-d10fbef56b0c,cet6,3,0.1163
daade570-ba9e-48ed-bc16-2694b19e2e49,cet6,9,0.3489
8f7de59a-acd9-41ce-b746-61b2cc2be577,cet6,7,0.2713
e7f91d12-2e22-4a4e-91fc-7a4829e09668,cet6,11,0.4264
9a895542-c99c-452f-8678-1cae260da62e,cet6,5,0.1938
d223a44b-259a-41d9-9181-8caafbcb11f3,cet6,7,0.2713
2db79fe5-3d2f-4c82-bbab-7f16b0886bde,cet6,0,0
ed8418d1-e035-4a6f-9bca-cfefc8660611,cet6,16,0.6202
c0cb3c88-4ff9-4fd6-9288-c8e5340fb8e0,cet6,2,0.0775
5abe71f4-49ac-485d-9198-1fef2f7f33b2,cet6,13,0.5039
55bc23b1-f8ed-4a9b-817d-6423fe42c251,cet6,2,0.0775
2d6d6121-5e04-4f3e-86cc-447be8d322f0,cet6,16,0.6202
5cebe128-0496-4c62-acc3-566853e8fe93,cet6,10,0.3876
89f8b1f6-bdc7-4b5a-ae99-5a03fa94f7aa,cet6,1,0.0388
3d4cb6aa-e934-4a2a-a0d3-fd1520a49e4c,cet6,19,0.7365
39f4dc20-1218-4ed8-9842-9612573ab1be,cet6,16,0.6202
d5eabdf6-9134-439f-a602-a5bc3427d60b,cet6,28,1.0853
2d8448d3-514e-49e3-97f9-290a5c552d4a,cet6,339,13.1403
22531ec3-e72d-45cb-9c9b-12686162d2ae,cet6,5,0.1938
31636dc3-d2ce-4be6-8c75-885e301763ff,cet6,5,0.1938
ab2badc4-e57d-428d-ad2d-23caa0e7af3d,cet6,30,1.1629
a9417b3b-8bb1-4aac-9ee2-5a03e82c99c4,cet6,10,0.3876
0606080e-a2cc-460a-9f17-0702affbec01,cet6,9,0.3489
709a406e-c031-4f0b-abcb-8afb6f9d40ed,cet6,7,0.2713
e4874f1a-3d26-4f60-ac7a-4ad11cfe846a,cet6,1,0.0388
2605d0c6-ebdc-4615-bd98-b3ad1c5029df,cet6,10,0.3876
86c9aa71-e4a0-4975-9b42-c26c0d7f045d,cet6,1,0.0388
5479f022-087f-409b-8176-617444dcc6a9,cet6,0,0
46dfd8f8-98ef-42a8-95e9-5793efa28d03,cet6,342,13.2566
8819a45c-4f52-4be8-9df6-9cdbffe2a1e8,cet6,4,0.155
e0ef614f-b4a0-47be-91d0-4cb165a432c4,cet6,9,0.3489
ceaf5574-6fbb-440c-b19b-bade02c169a0,cet6,18,0.6977
343a54bc-f0c6-4926-9695-ddb2bbb0cc7b,cet6,7,0.2713
3f69eeb1-4b76-4cfd-a575-3ee368f9b53e,cet6,141,5.4654
e49a0cde-fe82-4090-8d2b-095e2ddf5e00,cet6,6,0.2326
002f473f-bf8c-48ce-89c0-9bc8d341dade,cet6,0,0
68e32be4-416d-4c17-a0c1-f5ce6a2dc030,cet6,13,0.5039
313d7cd2-27ce-4fa5-9134-d07e1e38e272,cet6,28,1.0853
ef925719-b048-433f-bc2c-5e8d60e2d957,cet6,1,0.0388
3a9217ac-4c99-44c5-b5b3-8dd5d6024457,cet6,15,0.5814
1eeec491-e56c-4ebd-9be8-199caf18b172,cet6,3,0.1163
4e4d329e-608f-49f6-b023-726a08b4c8a4,cet6,13,0.5039
41ca66eb-7e6d-4a0f-bbfd-bc0ed467015b,cet6,4,0.155
20258771-5fb9-47c3-ac18-2ea9c1c5a4d2,cet6,2,0.0775
971e2c65-f386-4c3c-af75-0ae01f8abd24,cet6,11,0.4264
7c8756e1-76c7-4a8c-998d-823dc1009379,cet6,12,0.4651
a2d91d13-1311-4d3d-b5f8-c7046636b9da,cet6,3,0.1163
ee2d169e-d49a-41b7-aa93-2bf741f9c3e6,cet6,1,0.0388
a0cff918-26ae-4142-b529-0441f0c4e168,cet6,9,0.3489
099f4398-9a56-4a0e-a999-703752f949df,cet6,2,0.0775
59d27283-9cd9-4f62-8b7b-89f44f4eec2d,cet6,2,0.0775
e1e9acf4-b685-4605-b7af-f0c6378ea61f,cet6,6,0.2326
796c0ac2-0200-4d29-8141-1884ee08eb5f,cet6,4,0.155
1d2431d2-63f6-4a22-8591-34ffa1840b1b,cet6,1,0.0388
fc240599-bb6d-489c-9edd-88d287615d41,cet6,10,0.3876
db8cb438-afe9-4e19-87de-7c29d4f9511a,cet6,2,0.0775
0960bf09-ef7d-4873-9d8e-8170466dc364,cet6,0,0
b6b1098c-98fa-4bee-b480-d04902c765ef,cet6,14,0.5427
5d85bb50-8731-4aa2-8ecd-5ac18f42e6ee,cet6,10,0.3876
c1e93c09-15da-4926-bb31-76acc9ea32b6,cet6,12,0.4651
f4817c75-0f02-41e5-bcfb-ac1664f3d059,cet6,5,0.1938
eb5d6a2d-d561-45a7-9d5d-6c6b1fc3cae4,cet6,7,0.2713
2ac53730-7a00-4b79-8da5-b800662f7aad,cet6,6,0.2326
017e3ba9-61ed-47d8-a841-166317279de0,cet6,1,0.0388
3090e71f-ead1-49e6-8ef2-520fb888aaf2,cet6,2672,103.5719
7b6a2661-7176-4815-bf66-cf76e87f43aa,cet6,20,0.7752
d0c1c4ce-18c4-4c95-9c49-abd54119db25,cet6,9,0.3489
0b0a3117-8119-4ffe-87e9-5faf05714299,cet6,5,0.1938
7be97d1d-68ac-4579-a0a5-99ae2a4e0a19,cet6,48,1.8606
f508c70d-1294-4feb-a91d-0057def806ee,cet6,8,0.3101
195ed666-7375-4fd9-8927-a35fb69f3420,cet6,10,0.3876
d74933b2-5b73-4cc0-b80b-e123959c8ab3,cet6,34,1.3179
5429f25e-50d0-4d4a-88c5-9c1f1511582d,cet6,8,0.3101
31d6181c-c15a-40de-a409-73a28ea3d6bf,cet6,8,0.3101
1889d94f-1324-43cb-99b2-ca52fb46a3e7,cet6,12,0.4651
a3039cc5-4f8d-4379-8b66-bd6811c98123,cet6,10,0.3876
1e166bf9-8253-499e-82ed-3bd3ce94829e,cet6,2,0.0775
15f261d7-d74f-4af8-bb6a-ff1efefb09b6,cet6,11,0.4264
13e64830-7e9c-4f30-9b68-07ee338f73fe,cet6,6,0.2326
396f0bab-f9f3-4aa7-b2d2-b32ec1a89332,cet6,9,0.3489
47bdc213-f20a-4714-9866-88d2b1c7c080,cet6,5,0.1938
ab1c0a62-2f88-4529-b350-fa0f4a70db72,cet6,13,0.5039
65816098-9508-4ff1-ba0f-8d02fbae9fc4,cet6,8,0.3101
ad5826c6-2095-4503-9786-e4c58a0d7772,cet6,3,0.1163
afeb2ac5-18eb-4096-9c71-6cd1064a6e7d,cet6,2,0.0775
49a4a848-6293-4a64-82bc-734a47d15c8e,cet6,8,0.3101
02d538e6-d83b-4d2d-abc9-c47b82f8f741,cet6,53,2.0544
8646538c-59e4-4b52-9e84-f84d5f91d6bf,cet6,81,3.1397
3eba3d6d-9152-444d-8f63-2fb77160a49a,cet6,7,0.2713
0e331e0a-71a5-40a3-8dcd-890632285177,cet6,2,0.0775
69f4a821-c401-4b7a-bb82-cd2bd2ca34ad,cet6,1,0.0388
5459cf26-0aea-4c42-8515-0261d71684e1,cet6,16,0.6202
ba34f186-79ba-4c37-8ad8-4f2cd24f2415,cet6,17,0.659
5489cb7c-1670-4c69-84d1-c5b939ebd6a4,cet6,8,0.3101
18c7c24b-e893-4536-9bfc-46502ff3a2dc,cet6,1,0.0388
2f0c5c52-69de-4aeb-9e82-cf51a4aaa85f,cet6,100,3.8762
34bff7e2-ab17-47d7-8a6b-4e5a74b02ea5,cet6,12,0.4651
51d30d71-a45a-4f44-a627-3440a008e848,cet6,15,0.5814
02f196ea-3cd0-4479-84cd-832cf55c85ce,cet6,8,0.3101
08313c68-0df5-4b3c-83b7-8b30c9c42d4c,cet6,0,0
90abe612-4a1d-4c6d-8c41-835c1930c51e,cet6,2,0.0775
0ba73777-c3d9-4bfa-8e79-e65cc83b04ae,cet6,214,8.2951
7e13f552-0325-49fd-9537-89464dabfaf3,cet6,4,0.155
77cddfe9-216f-4695-8aff-ba9093a95e2a,cet6,19,0.7365
64308338-cf09-4164-8b23-c3c86ed39227,cet6,11,0.4264
550f68db-9cf8-433c-9099-e244e8cc03db,cet6,7,0.2713
97355217-39be-4a82-b361-54bc26d9152d,cet6,5,0.1938
ad8e2059-3d5c-4a20-a841-0e0ac5cab03a,cet6,14,0.5427
e44b2213-76d4-4912-ab69-8888bdd7ee4a,cet6,12,0.4651
2c761c44-31ef-4f05-aaeb-14ed62b3c2ea,cet6,0,0
51ebb885-8cf0-4890-ae20-ac8c3c631af9,cet6,5,0.1938
03158161-092d-495b-80e6-f8f334322f41,cet6,4,0.155
be1aa372-f4ed-44f4-8180-fa93ed38f480,cet6,479,18.567
65267935-0f96-4ef2-a4ba-729da74e01b7,cet6,7,0.2713
77c1449c-df19-4d26-8a54-f22a094e8dba,cet6,52,2.0156
2e969c15-b522-4a62-8356-c785741d6b56,cet6,103,3.9925
eadca536-6313-43e2-b105-37dc2543360d,cet6,22,0.8528
db68e6e7-fc74-4bfd-bbb4-302d99af51b6,cet6,1,0.0388
20af8817-5363-4ffb-83d9-f8b6f64ae5b1,cet6,9,0.3489
c0162181-674e-4891-b050-f92779257649,cet6,6,0.2326
3242715c-6e07-461e-ab4c-6baafdc8262b,cet6,1,0.0388
ba309273-7fc7-46be-9b46-8466b8cd9d02,cet6,3,0.1163
1896dc42-a754-4245-a083-522f4aacd2e6,cet6,6,0.2326
ff1bd5ce-aee2-435d-a1a4-f76f0d86978c,cet6,3,0.1163
cea68dd6-7629-494c-8b9c-8b5bb3d30cce,cet6,8,0.3101
23dc30a0-617f-4540-aeca-62da73664b58,cet6,1,0.0388
8e505ecd-ba6a-417f-a980-ea93f43a4385,cet6,12,0.4651
c61a70e7-05d4-48f2-9032-bdb9a92943e7,cet6,3,0.1163
e0a5bcf4-f8b3-4025-849d-6a32427c32f4,cet6,6,0.2326
c76c6a33-4594-4f9b-8720-0d95975a3101,cet6,6,0.2326
f8f44428-a2af-4a51-bcec-4c26d1c3178a,cet6,21,0.814
47fefbaa-db3b-4946-972c-28882a17310f,cet6,72,2.7909
03173d9c-3635-4824-8317-b0c81662b78f,cet6,5,0.1938
c2d9ee07-6633-4319-a78a-05f6b2ecb5d8,cet6,4,0.155
dc38f01a-ef12-4b36-847b-b6ebba591aa0,cet6,5,0.1938
3b3747ee-22e6-44e7-89c1-44ce6cce087d,cet6,1,0.0388
eb28941b-424b-4256-a3d9-606342d41a6c,cet6,1,0.0388
02f7ec89-4f4e-4144-8404-7bbb9da796e4,cet6,4,0.155
18502412-52a6-44b7-bc70-7db734f1b88e,cet6,8,0.3101
47e2827e-df3c-4205-afdb-53e1913c0546,cet6,6,0.2326
115b3cb1-b96a-42a4-a9d5-dddb16433997,cet6,47,1.8218
4ab84e41-4701-4d84-8bb1-bda460ca91ac,cet6,2,0.0775
9bc5a050-408b-4241-8bff-6b3cc5a0a7c7,cet6,3,0.1163
9024de37-059e-4c34-8409-4440c0713270,cet6,1,0.0388
55167bae-d225-4885-91f5-b14202f10f58,cet6,38,1.473
8938c1b3-3153-4946-a5aa-a1b098f06297,cet6,4,0.155
01f234f3-bc56-4f30-8508-521158f6b319,cet6,3,0.1163
e8f9a8ee-132a-49cf-89dd-6e44b03fdade,cet6,8,0.3101
1c1c4bda-e859-4a0a-ab67-ac7a840e31f6,cet6,3,0.1163
9588b21b-bfb0-42b2-915d-1562e1a95911,cet6,6,0.2326
e1201bfa-ff23-4c9b-8360-0f7bb5bd2985,cet6,11,0.4264
1046713a-525b-4a5e-9afb-0d415b521ea4,cet6,18,0.6977
c04dffc8-3532-4d56-9ff6-4a0b3f3ad692,cet6,9,0.3489
3101cfae-ddbf-4b7d-8ca1-8bf9ac755530,cet6,5,0.1938
e594fc3c-a54d-4e5b-abd6-07df634acc6b,cet6,2,0.0775
4134ef08-b9e6-410b-b1a8-63b391415e9f,cet6,14,0.5427
0f14bfda-63d8-4068-a39e-a9b177f0541d,cet6,0,0
bf8b05b7-879b-4021-ac92-711d6b3ba412,cet6,11,0.4264
2adddf81-f8ef-4f9c-8ce6-db7e3a439a15,cet6,11,0.4264
eafe81f8-2ff7-4e76-aaed-2a7cbe3bbcfb,cet6,2,0.0775
bf398392-9555-4771-8673-a326cb203add,cet6,10,0.3876
754e88a2-a40b-4252-bbf6-f5065068f2dc,cet6,1,0.0388
8e3c403f-a130-479d-a70f-bbc1d17ea543,cet6,19,0.7365
9866e2ae-678b-4a7f-8664-775eb74f80b5,cet6,10,0.3876
1c3c9b97-3600-43d5-8b4f-2ead828969d4,cet6,0,0
062a2a19-a454-477d-a410-8abaa41113ae,cet6,2,0.0775
dfc5fee5-8168-4cb8-9cde-a60a9d42eb73,cet6,7,0.2713
761c2d12-507e-45a0-a59e-0a401e5a5ccc,cet6,5,0.1938
c449f5d7-dd3b-4a4a-a1c2-f9fcd1c5ccc7,cet6,10,0.3876
5962c213-537e-4111-99d8-7f510755542a,cet6,2,0.0775
69b9e31d-475e-4e73-aea3-b395eb657c76,cet6,1,0.0388
2af590df-efc7-4b50-9ada-d74f76bed2fe,cet6,5,0.1938
bbd9c222-7a55-40fb-aed1-d8dc12dc2357,cet6,1,0.0388
b32df1f0-4a04-4e07-9b89-24beb914c309,cet6,4,0.155
3f6dfb27-7609-46d4-8f03-b7173be68c4b,cet6,5,0.1938
951210f2-2d25-47e7-8fe4-729d4b32e057,cet6,28,1.0853
554b070d-12d9-47b4-b66d-002602bca363,cet6,5,0.1938
e92ecb37-ec5f-4cc6-a570-c51a8594460a,cet6,6,0.2326
ae2857af-cf7d-43be-ac17-ac98e546d3d5,cet6,4,0.155
6422d195-9e7e-455b-bdc1-cbc9b08f098f,cet6,12,0.4651
7c8f9e3f-2c16-4bd9-a50c-e4c6633d4c7f,cet6,8,0.3101
f30ff7b1-8d6c-470d-b6e3-5a2315fe104d,cet6,15,0.5814
853673d8-0d7d-4476-ab35-030e06366478,cet6,7,0.2713
d3e51621-5ae1-4fea-8717-ca3ee31cff8e,cet6,3,0.1163
77b10f7f-7e92-468c-8fd2-8af35b26da4c,cet6,3,0.1163
26228a1f-7b35-498b-8b29-d072d7538e77,cet6,8,0.3101
db291125-d727-46da-ab5b-e72437a69552,cet6,2,0.0775
c90e6ebb-d22c-4cdf-872d-97db910a3500,cet6,6,0.2326
f8f19037-d663-418f-90b6-2492cf34d855,cet6,7,0.2713
9636915c-d962-4e45-80a4-a95978bb90f3,cet6,5,0.1938
9e4db6bb-a6cd-4010-9d63-8cbec1744ca6,cet6,4,0.155
48ec9b5f-b377-4742-ba27-c866c0211c5e,cet6,2,0.0775
e73f9c19-e21e-4d51-9ffd-80283f8c115f,cet6,1,0.0388
f7766ada-829e-4b8e-a957-4741e91ae116,cet6,0,0
9577077f-dc53-4b1d-b1d2-f0bae1286ae8,cet6,6,0.2326
7b6eab8b-d191-41da-aec0-ac035a0ba5a6,cet6,3,0.1163
aa92c49b-2a0f-457c-a1fb-090933b59712,cet6,1,0.0388
7674224a-cd08-45d3-921d-4ed7987da883,cet6,10,0.3876
9931cec8-655c-4d6d-9e66-de5308fa7c5e,cet6,7,0.2713
96f0b57a-ad11-4c4e-bf27-88cb679bcb7e,cet6,0,0
67b1d033-6fc3-4ac1-bad9-77c238d8b23e,cet6,5,0.1938
20a84325-adf8-42bc-ac2d-54830f8e1804,cet6,13,0.5039
83aefc9b-b229-4ca1-950c-4614d018cb4e,cet6,0,0
a78fd673-7cbb-42b2-b05c-653517f4925d,cet6,1,0.0388
714bcb5e-a64e-45ca-b5ec-a1f6322a3886,cet6,7,0.2713
fd14b44f-43a8-4ddc-b969-75de63f5d198,cet6,9,0.3489
cebb212d-6670-4a0d-bd8d-fb906fe95542,cet6,2,0.0775
378ecc9f-901b-4cf4-8238-b88206627769,cet6,7,0.2713
244422e0-e517-4ce7-8caf-f7d2d544b3d0,cet6,70,2.7133
560a69bb-c5c8-44a1-b2a2-b84f6f7cf823,cet6,8,0.3101
c29bd5f8-b909-4df5-a6ca-d4d07900c466,cet6,12,0.4651
6fc8c833-22a5-4ca0-a174-7f1cbbef8eae,cet6,4,0.155
9d90c4f1-748d-4ff8-9448-45b5848fd126,cet6,6,0.2326
ff42be5a-c94d-4aca-a31d-3ad73347ad30,cet6,3,0.1163
ae526d5d-7a65-4391-a1bb-ce208eaa5d0d,cet6,6,0.2326
4bf148fa-c003-4978-b4bb-6679408e1375,cet6,7,0.2713
94db06c0-7f5f-48a4-8e35-2f3d4080b633,cet6,117,4.5351
d04dfd7c-5f02-476c-9d6c-706777a56ccc,cet6,2,0.0775
4c268bfb-8d3b-4af0-b348-8fce202b728e,cet6,0,0
35a84c5b-613a-4af9-bc3a-41233db40ef7,cet6,5,0.1938
5f00d72e-a063-466e-ab81-34e0cd66992f,cet6,5,0.1938
64a160cb-162b-4146-b387-098ce8f1c166,cet6,7,0.2713
b70a8ce8-a51b-42b9-b23c-a2e14b0ae667,cet6,4,0.155
812fa545-399d-4e1a-8f1a-6c04c4cdc74e,cet6,63,2.442
0258258d-eb0c-4cdb-9b6e-344a997513dc,cet6,5,0.1938
4c088c15-e7e9-40c8-80fb-d6f4d2e496c2,cet6,11,0.4264
73dc3e31-b9c6-48da-b147-58335e059430,cet6,6,0.2326
335b49e0-a124-4d1c-aea4-d41efc468720,cet6,7,0.2713
c902e6b1-f6cf-4ca7-8b68-aa6aed0e6551,cet6,1,0.0388
cdcfa559-d428-4695-a3f0-a1cb6005a310,cet6,5,0.1938
6074eaa4-8f55-4c82-a899-823aab9e120f,cet6,2,0.0775
bc528e39-0095-481a-9cc6-80b43a5b898e,cet6,125,4.8452
3ed2d33a-880c-4a01-b8d9-fd0d2815225c,cet6,5,0.1938
335a2168-5dfb-4479-b6eb-39f32060f431,cet6,9,0.3489
7afe1701-b77c-495c-bf4e-8e9f835a9108,cet6,3,0.1163
44aae446-b925-40f5-bfdc-3525ec531723,cet6,6,0.2326
148d2165-81b2-4e1e-92ad-821ed07ad800,cet6,7,0.2713
acb990fd-8bd4-4b37-a47f-9170e4f7c968,cet6,1,0.0388
8ba15786-ef9a-4fbe-90cc-2ba8e06dde98,cet6,2,0.0775
aba74c42-039a-4633-a470-599e86fb0022,cet6,0,0
18f509ca-5b4f-4c51-bc8a-24ff9cd44db1,cet6,4,0.155
2eaa70c6-1c36-4880-9291-f7b6a28577ab,cet6,7,0.2713
0b16dcd0-fb7c-4eec-8822-c8f758bdad9f,cet6,11,0.4264
d777e3ce-0d20-4aa7-a7a7-d51926469a77,cet6,5,0.1938
bedaa0aa-1f7d-4d38-8fcc-0313e267182c,cet6,11,0.4264
89edc2e8-9023-41d6-a040-08c27ce3c35c,cet6,3,0.1163
09128544-fde1-424b-8925-3a8f3a6607a3,cet6,6,0.2326
bcd94641-d085-4ddf-adcc-7b53aeb96cab,cet6,7,0.2713
9ebb674d-e502-4002-8c26-e72c4a3ea624,cet6,6,0.2326
773350cb-887d-4bf5-b15d-32124ed5832c,cet6,11,0.4264
f3bca1c1-91d4-4ab4-b2cd-c32f9c601346,cet6,6,0.2326
a0431691-9a24-4e10-8a40-0e4d44df0539,cet6,9,0.3489
18bc2d52-56e1-4c44-b982-4be41308734d,cet6,4,0.155
12eb8d3e-1a6a-463f-acd5-6689c81a5b42,cet6,5,0.1938
d98ee812-0f23-4f83-b71a-6a7d76f9da28,cet6,0,0
54ff3fb7-185c-4837-8896-84181a78e938,cet6,5,0.1938
9ae70412-a7a7-4843-8fbb-15fb909517fe,cet6,15,0.5814
fe9d37d3-0720-448d-bcc1-1768ce74a3a3,cet6,5,0.1938
eff5dbeb-e06a-446e-8b94-72116a3391ec,cet6,8,0.3101
8cb4927a-61e9-452e-8e78-4bc0183103c2,cet6,9,0.3489
7796fcc3-45d8-42a4-9213-7fe7f98c2883,cet6,1,0.0388
2a33e980-0612-46f5-b6b1-46eb5718af03,cet6,5,0.1938
045091fa-88f9-450f-9b3a-80692f4b2392,cet6,10,0.3876
4d75816a-dc90-4625-9b27-02c70ad81ca7,cet6,12,0.4651
bbefc4fe-0961-4a39-ae4a-cdd9821afb05,cet6,8,0.3101
2f28e946-bf76-4120-ac26-fbecc449d380,cet6,7,0.2713
f343f0de-3f70-4564-8e3c-fdc26434dd7c,cet6,2,0.0775
9c708563-e7a9-437b-8725-6d476347c53e,cet6,4,0.155
adbecc15-491f-442f-902a-e52044d96d06,cet6,8,0.3101
2702710e-310d-409d-a7f3-3bebbdf84d5b,cet6,8,0.3101
c400b3e3-d98f-415d-9ae3-d53bf07e969f,cet6,1,0.0388
40a6edc8-df7d-425b-a337-71a6cc8fbf12,cet6,5,0.1938
d43fb858-da8e-471e-9227-69a51d4c027b,cet6,5,0.1938
c2688f36-5a17-4a57-977d-057675db24ab,cet6,0,0
70495397-e412-4e30-8596-9828d2cf76f7,cet6,70,2.7133
871adfa5-45ec-4993-92bd-f4a3aae4f269,cet6,8,0.3101
4d0dc32b-1ce0-45d4-8977-ecb4b98cb42c,cet6,17,0.659
c697bdd0-def4-4470-8dcc-6950ed986961,cet6,6,0.2326
2baff32e-04ae-41c6-8959-30eaacf0323f,cet6,8,0.3101
799a97ce-8d71-4b11-b07e-cdd995e28eef,cet6,2,0.0775
eb988bf5-93a1-48b4-97c7-37705b5ec9cc,cet6,6,0.2326
7c36110f-8d40-444a-ac57-aa6975145ee3,cet6,3,0.1163
74112cae-ad8e-46c6-8f53-e4ab0d8ade1d,cet6,4,0.155
376ad1b9-3c86-464f-ad92-abd1732bb8ce,cet6,3,0.1163
a0bfdb2c-9300-48a0-b73b-8344125e402d,cet6,161,6.2407
405b5349-ed2f-41d2-b547-46c60b6fa849,cet6,14,0.5427
204255c6-aa94-4123-8e66-70816a8409e9,cet6,16,0.6202
d026ca91-e1eb-413f-8e5a-0cb936fbea4f,cet6,20,0.7752
03037378-2be8-4d61-8fd2-842bd285cf71,cet6,87,3.3723
15c49d45-9f0f-47a8-a39e-b43a55341ead,cet6,28,1.0853
2a32292e-7159-4fb2-ad18-26536456ef09,cet6,20,0.7752
dec80c33-dfb5-494a-b33d-5acb1b2317d6,cet6,6,0.2326
a89fce0d-8493-4cf5-8fa1-fe5ff19c541e,cet6,58,2.2482
82f24a7b-4d83-4707-b399-f7d45a6391d7,cet6,12,0.4651
f6f99d0e-9adb-4a32-a5cf-ab9988321d39,cet6,0,0
88c844da-63c4-4033-9a45-6be7a0937021,cet6,5,0.1938
35fc8612-c904-4722-b339-e0ce5fb135f1,cet6,5,0.1938
d03d4226-146a-4813-b5ec-f687f3c3cfe7,cet6,60,2.3257
00fdf711-bab3-4b9c-9ea2-d11f991dfe6c,cet6,8,0.3101
1b0c0788-41bc-4c13-a6de-89576c3f3c2c,cet6,1,0.0388
bc9c13db-8df1-40e2-b101-090c38ba79e6,cet6,14,0.5427
07502a02-e613-4133-9a19-30331cf18de7,cet6,78,3.0234
804c3bf7-f589-491f-9b3b-1e4c5e942c93,cet6,2,0.0775
d6f3f60f-f49a-4e2a-915e-6e166894be5c,cet6,7,0.2713
5fdb3599-2b0b-407e-9d07-2667b0ddfe01,cet6,2,0.0775
d6f68a17-eed1-4c50-859a-d756f36bf3ef,cet6,13,0.5039
6496f343-4b16-4711-925f-57ebf1f5d392,cet6,10,0.3876
f50bc6a7-fbb2-4a3d-b804-a3e4db9152c2,cet6,15,0.5814
75291ee4-d316-45d2-815e-cde35b604cf6,cet6,2,0.0775
2f3ebf93-23fe-4ddf-ad07-ba5a0b37942b,cet6,3,0.1163
ea598563-c934-415f-aab6-38bfe4ac1c69,cet6,3,0.1163
1985001f-9d07-40d8-b05c-8f5c516c8cef,cet6,8,0.3101
4f2a4e47-032b-4907-a52f-c448508c5902,cet6,0,0
6432d82f-e71f-4d2c-99b4-2de977ddfb2d,cet6,11,0.4264
bb4c7b8f-d458-4b11-8bda-80a308c1cc8b,cet6,38,1.473
55a01c80-f79a-475b-beee-fef3ce8dd16c,cet6,0,0
59ce81cb-beb7-4921-bc8e-0809ef7f428f,cet6,8,0.3101
164fca39-df76-4eb9-bc6e-350366591a6c,cet6,8,0.3101
cf2c01a4-0d3e-41c1-b149-2629829a8877,cet6,7,0.2713
c72b0b24-6e3b-4a6e-9df8-fea12b8f98d8,cet6,14,0.5427
4e61e251-1bcd-4e60-a1d6-3dbd45b55ec1,cet6,26,1.0078
43d9fc35-d7e8-4050-8f0c-70e437106aeb,cet6,12,0.4651
8e38948e-4d47-4bfc-abea-ac840714323e,cet6,4,0.155
7584568d-43fb-419f-80fe-3727542ef06b,cet6,26,1.0078
af401291-c44b-4f15-b9cb-a4d3a2baae9a,cet6,1,0.0388
8efd1421-4a63-477a-b677-c2c4ac3e3cfd,cet6,6,0.2326
a897335b-321a-408c-ad91-a2b1fb63931d,cet6,3,0.1163
20009619-86e1-48c1-9eb8-83ea9c56b890,cet6,0,0
dd9bf75e-3c31-47f7-a067-e61ca74ab396,cet6,0,0
bada05b0-17d0-430e-a4df-cbecc05a2d9e,cet6,9,0.3489
1357987b-8a5e-4ed0-8b69-df654d062cd9,cet6,3,0.1163
7fcb2654-cd7a-432b-8b0c-40966a011dc4,cet6,4,0.155
094236cb-cd18-4eb8-878e-0f1da7de216c,cet6,35,1.3567
d886612f-4db2-4cdf-9da3-e72a56dfd622,cet6,2,0.0775
60a24034-504b-4c5f-989f-120f43893b38,cet6,8,0.3101
8abd7670-09c3-481f-9eb5-3d1289eb0f3c,cet6,6,0.2326
e691e916-5bb0-4c64-93e2-4d4d581210e2,cet6,3,0.1163
e918b777-c7d9-4a17-aa51-fbac3e46fded,cet6,6,0.2326
a80d71bf-61ca-4c92-bc3d-72c2f588e0fa,cet6,1,0.0388
144dcef5-8a17-49b1-9e59-72972fa8b007,cet6,1,0.0388
c6a77d6d-851f-4825-b614-01b906b2fcb4,cet6,5,0.1938
d7c74686-3284-4a60-b760-de5b29c90c1b,cet6,22,0.8528
278b104f-5f8a-48bb-bfcb-59f0622e0325,cet6,8,0.3101
73ae6b6f-3c69-402a-8c70-1fa6853a27f5,cet6,0,0
c3232386-7d54-49ce-b761-b744c90d968b,cet6,8,0.3101
9dcecc5a-084c-4460-973d-e26249b729bf,cet6,0,0
dea8dfa5-3785-41e7-8212-c42656b66d06,cet6,3,0.1163
7dd85047-0351-4ae5-84f5-48831c17e520,cet6,0,0
a498dc77-916d-4eca-9cc4-dbed08eec793,cet6,3,0.1163
c969c701-6a32-4209-944c-e4d5712a0e84,cet6,5,0.1938
4229fd5f-1c26-4e4e-9b8c-568111f0ebfb,cet6,0,0
bb23316f-c8e4-4f23-93dd-0827d4022cf0,cet6,4,0.155
ea5d276e-2407-4e4b-84ac-af2ad70d4f50,cet6,52,2.0156
92fde68b-4e06-4689-8327-bdc53ff37eef,cet6,2,0.0775
6febbf4f-63b6-4489-9cf1-bec2843ebe04,cet6,6,0.2326
d21eb0c3-b1b4-48c3-9554-0770667d0bbb,cet6,2,0.0775
f37ec451-fa47-47e8-b175-ab646671c671,cet6,0,0
e6d84cf9-68c4-4a1b-b638-62cbcf6f0ddb,cet6,7,0.2713
7b922f0c-bc8b-453e-847d-7542fde0b716,cet6,9,0.3489
5e8ffc98-adec-4cad-8590-e4ba81ec8503,cet6,2,0.0775
bea529cf-0173-4a7c-af79-00087ff991da,cet6,12,0.4651
c050e86a-4849-4bed-98f3-e2e432e63eff,cet6,4,0.155
b3b05e3b-33bb-4d4b-89c6-e084b7dda947,cet6,2,0.0775
2e8f49d7-b136-4378-a41a-8dd42fce1968,cet6,9,0.3489
477b57d9-8cd6-4b0f-bfd9-674fea90e4a4,cet6,19,0.7365
5b16f458-6501-40d8-9344-7d45fa8e9681,cet6,9,0.3489
3d361af8-d827-40b8-b8d1-91cf4e0a798a,cet6,4,0.155
bc377ee4-f864-4fbe-9e5d-9e9b73c43590,cet6,5,0.1938
a91c525e-f593-4459-97ca-1a3292354186,cet6,10,0.3876
64d7357a-55de-4a00-92a8-dc07edd170c7,cet6,1,0.0388
4af2dfbd-6288-4153-8bc7-4a93e64c4b3f,cet6,1,0.0388
d7a30b66-61a4-410a-8ec2-b72ce9d764bb,cet6,5,0.1938
e65f26d3-80be-4bbb-bd67-4623b044c832,cet6,0,0
f3645fd5-df22-42fd-9b83-6a673c5f53a8,cet6,1,0.0388
f24a7a55-23ab-43f1-a003-4193cd121d97,cet6,3,0.1163
ff299055-27c6-4e59-a83d-eee8b8ce6dc7,cet6,1,0.0388
2aa6c29b-93ac-4a36-8403-9fd48bb3a8c7,cet6,6,0.2326
e541c64f-4b9f-4c45-9c73-d1073c671af2,cet6,5,0.1938
a51f4b0b-ca87-4262-a8a2-9cc2bffc19f3,cet6,2,0.0775
6f827cdb-ef92-4e16-bd34-141191f48e60,cet6,4,0.155
ce96f86b-d1ab-4c72-a742-7befdcde8626,cet6,8,0.3101
8435b693-f5fa-4b0c-b158-cd06fd69e4ec,cet6,0,0
2658990c-cfff-447c-b726-f788857b0414,cet6,16,0.6202
c8f419f9-0fd9-4938-a629-5fae079bdacf,cet6,0,0
d9588342-92e0-4dac-89aa-96d864f1cd3c,cet6,5,0.1938
6c419149-0e9f-4939-91b0-6a5ccbdd7578,cet6,13,0.5039
06e8440a-380f-4f9f-8c12-277742898a1b,cet6,151,5.8531
ea658f31-c8d5-4c7d-b6ae-68e5cf93fcb1,cet6,6,0.2326
710dbf7d-7709-4d50-9621-bc586be61176,cet6,5,0.1938
155df9cc-b19c-427c-be9b-546d1289cb42,cet6,1,0.0388
a95733f6-818f-4251-815d-550f4f7656ca,cet6,5,0.1938
c94459b5-0ffc-48f9-aa87-2a8bca6f1f4f,cet6,4,0.155
3c920f9a-8763-40d0-88d5-abc919bdac81,cet6,0,0
37994738-d05b-4c1d-a723-055f61b2ad24,cet6,0,0
5482ab2f-74d0-4944-8adf-de2d1221df6f,cet6,12,0.4651
9967897e-a050-41ec-8368-2d8c0fe6038b,cet6,5,0.1938
f76caaf7-dec6-49c1-8f3d-f4362c7f8aec,cet6,6,0.2326
868e1286-755a-47d8-98a7-b03bb1c2aeb3,cet6,1,0.0388
826c411e-1542-4d65-bea8-7500ca3cb88b,cet6,0,0
427a7143-180c-4835-8aff-05617474c3bd,cet6,7,0.2713
97e90297-ccb6-43fe-a110-5190d5c1bcf8,cet6,5,0.1938
5c3f3890-4298-4c2f-b912-8e4bc5495cb2,cet6,6,0.2326
064c6348-075c-4639-9b09-2cc45c0b10de,cet6,5,0.1938
826f13e7-1a8b-484d-9944-72a284bb1bdd,cet6,9,0.3489
b402a978-f944-4e41-adef-8ed8345385f9,cet6,56,2.1707
583dade0-e7b4-44c1-84a8-3c5d80eac050,cet6,6,0.2326
4593a26e-a73a-4b31-a747-f05932efaa66,cet6,2,0.0775
9435b95b-dffa-479e-946f-5303eaa77d30,cet6,2,0.0775
50185eea-7ba3-4d1e-b4c0-bb06c942b6d7,cet6,8,0.3101
2c5eb7a6-7703-4088-a0f6-987d2fe213d1,cet6,50,1.9381
7c419ce6-e6c7-486a-8c09-30f12d0364a8,cet6,21,0.814
c8149df8-f73c-4d69-b291-d11c21559a8d,cet6,6,0.2326
1686562d-68f7-4c10-89d0-7063d39bac64,cet6,20,0.7752
d0a98dfb-3449-4506-b18b-419af09df8eb,cet6,10,0.3876
560af20c-4ef1-4230-9178-c57fb98c81e7,cet6,5,0.1938
3ffd51d3-5594-4b07-9828-c3ce33c06784,cet6,10,0.3876
e5149dd5-3c37-4c31-b9bb-a576cc6bbafa,cet6,5,0.1938
37a66c1d-083a-4089-9853-7c56f4f20c9b,cet6,5,0.1938
79fde949-e734-48eb-9a31-ad19848188c2,cet6,3,0.1163
0b93bbef-4ab9-40be-b3d5-610723cb1157,cet6,7,0.2713
defdf22b-a49d-41d1-af58-b79a69aab78a,cet6,3,0.1163
6f6ec09c-c364-4d34-b13a-af1005bd7569,cet6,128,4.9615
318be575-ce0d-4200-aae0-13a128a0aeca,cet6,60,2.3257
770e969a-d030-4017-8e13-de4911a4ee10,cet6,2,0.0775
57a14675-f55b-4464-82c0-4fe2d8d72cec,cet6,4,0.155
76afc2d3-afab-452d-8990-5184fe241f10,cet6,14,0.5427
68580510-d969-4d44-b327-1446c83a6650,cet6,3,0.1163
ebf84b7b-b6d3-4000-8b5b-1450c5c5f312,cet6,0,0
d9f99950-e2d6-4812-a3e4-f658903672d3,cet6,17,0.659
065900aa-a29d-4897-8f8f-12e4fab8cb75,cet6,6,0.2326
b6effefd-cba8-4c6e-b1d3-e4f099608d52,cet6,8,0.3101
dbd73ec1-a059-431b-9a7e-ecc453ec99e1,cet6,6,0.2326
11c803d0-c291-4c19-8c3f-e50033a4c8c5,cet6,4,0.155
f6da7831-c03a-4814-a250-f3ddbc25fe52,cet6,87,3.3723
5f19c809-feeb-45af-9c71-bcc936b556f1,cet6,48,1.8606
e9e50d0c-8ecf-4360-82a5-2cbce319dc37,cet6,77,2.9847
c885873f-a3a2-46c0-b623-84fcb2f64e7d,cet6,10,0.3876
a73e5e02-00a7-4809-ab31-518377710e29,cet6,0,0
376834d8-b85d-4796-912c-3a946f7a0933,cet6,6,0.2326
666c7671-4902-431c-814f-8d0c25c513da,cet6,6,0.2326
e8c54574-5d8b-4c2d-8fad-d8abfb12489e,cet6,7,0.2713
4ce6ec1c-3bd4-4f88-b6fc-67629c071f63,cet6,28,1.0853
f65dc3c5-2bb7-4dd5-a6c4-8315736c2700,cet6,8,0.3101
e7002028-7cf8-418d-b057-1275625da824,cet6,3,0.1163
91c9e2c5-0653-4a4c-9cdb-2460331dbd83,cet6,57,2.2094
0f207564-6c8b-4f3b-8f90-db97522cc097,cet6,40,1.5505
91a3d867-6aae-474e-a9dd-f6e9645232fa,cet6,120,4.6514
24aab782-905a-4a20-a792-d390b0fc08f6,cet6,11,0.4264
c9616211-1821-47c2-9239-8cacdec53f57,cet6,4,0.155
31274361-6dec-4098-9a74-891e29878181,cet6,8,0.3101
fddfa36b-aaf8-40b9-81ec-ed9497f7bbb9,cet6,28,1.0853
956c3613-4865-4fac-9ce0-0fb54600d8a6,cet6,4,0.155
73e3d2e6-b8d8-47ef-ab75-88e47f51584c,cet6,5,0.1938
20489ca5-f306-491a-9d42-3b221baf0b58,cet6,1,0.0388
214b2d54-7f84-4200-8d20-dd62da674dd7,cet6,2,0.0775
4012d7ba-7c46-400b-bb47-fbc3bb5b3563,cet6,1,0.0388
29f41d72-3d42-4bd7-ad9c-8ba6640c3635,cet6,8,0.3101
53440a60-6f42-4cac-9425-e62c5c81f954,cet6,0,0
dbda894f-fa48-4135-b581-7d0d7800873c,cet6,0,0
d8a37f80-a5fd-4596-8fe8-b9e49bc18ba8,cet6,8,0.3101
d88f3c43-f7e2-4a7b-af6a-e741d7248cdf,cet6,146,5.6592
dd5e022a-6fc0-45e5-9056-8dd69851e211,cet6,3,0.1163
5f813bb4-968b-41d6-82d6-6e40f3019f86,cet6,2,0.0775
6ac53dfc-1f62-474d-ab80-5b43f6c36223,cet6,0,0
fddd39c9-d3b3-4ef9-bba8-f216e7304050,cet6,6,0.2326
dc5b240a-fbf9-423d-9bda-3ed41cf0f14c,cet6,10,0.3876
60ac2e26-a127-4193-8501-e8aa24d4cb20,cet6,0,0
0d28556a-b922-4c6d-a484-78af8bad85fc,cet6,9,0.3489
8753b49f-0c1a-4c53-b393-8182b4d2d14e,cet6,4,0.155
cb8efc2f-7a74-4ac6-8ffa-7f9d4a0f5aa9,cet6,0,0
7d8d3b70-27d3-4f38-80d5-e0661e19cd4a,cet6,1,0.0388
4e278014-0039-45a1-bcdf-c686e4aca775,cet6,10,0.3876
0e7fef65-0021-42cf-8bd0-809756bed8f2,cet6,1,0.0388
32481c28-e42d-4c51-ae41-85ad48709d6e,cet6,13,0.5039
9e3689c2-de37-4b85-aea6-2b09963af679,cet6,28,1.0853
f67eba29-da9c-425a-b4bd-48f800224d1e,cet6,7,0.2713
b4cf7b75-3f4d-44e7-874a-4cd2407500ea,cet6,29,1.1241
3c980581-4022-45ea-ab45-972b4f20f076,cet6,1,0.0388
ae4abcfa-c067-4bca-88f7-3ecea00bf413,cet6,0,0
edda13ad-f230-44cf-a4da-33139c508ae4,cet6,5,0.1938
9da0fd49-25a8-4f9b-9a69-e38cd9f26ab9,cet6,6,0.2326
c37c1bac-5df5-4895-adc5-4ae21744d305,cet6,2,0.0775
5be5b1d2-8f39-45f5-9ca8-300ea9299bff,cet6,17,0.659
176a6646-4985-435a-8780-1001b19c991c,cet6,3,0.1163
3dcbe7eb-00fb-4d64-a22f-8678d41ab3ed,cet6,6,0.2326
680d92f2-74b4-40e6-a056-1b71cfa86346,cet6,9,0.3489
ebd5ac79-70d6-4b70-ac0e-00c06018497e,cet6,5,0.1938
f662f8e6-33bd-4b77-ad99-b4d8d1dbc0c1,cet6,0,0
b11f872b-9340-40de-b2bc-e834a7c2d29a,cet6,1,0.0388
4e72ca3d-7fca-4c50-9e00-3d91d3756629,cet6,7,0.2713
d16f55dc-2e02-46f0-a2e8-840971e76d66,cet6,0,0
48454765-83e1-47d5-b298-ad99af610529,cet6,45,1.7443
0b3f60ec-610a-4196-a6f5-6bb74a2e01c9,cet6,4,0.155
34b6baa4-ec7f-4879-a91b-d60d32c20539,cet6,9,0.3489
8b0cdf1c-0c2d-4baf-a6f5-43b6f727190f,cet6,10,0.3876
95e34421-ccf6-4b9e-8bda-89d7dfb6e133,cet6,0,0
999a0334-427d-4fc6-b59e-38f5e0092258,cet6,0,0
488aebf3-5d62-4716-baeb-bb0bc67adf28,cet6,1,0.0388
2c43c35a-d80b-4901-b6bb-8b79fc452cb4,cet6,3,0.1163
28e199f1-d3e6-450d-9cac-15e86b3beaa3,cet6,5,0.1938
0acf788b-7116-4018-9519-58362dd5f061,cet6,1,0.0388
571edf7e-d4db-40b1-b1eb-f2a074a762fa,cet6,11,0.4264
85895eb6-798c-4937-b438-73e74d2a5418,cet6,1,0.0388
4e8e5431-eb9a-44c7-9fe8-025761365da9,cet6,3,0.1163
eca00205-f081-41d6-8b7f-83c21b275508,cet6,3,0.1163
7b51b760-e920-4af5-860c-bb9c102bef6e,cet6,9,0.3489
8b4965a7-c9e6-4079-a0ef-2da16614e178,cet6,3,0.1163
b7c14e0b-e73d-408b-9904-14ad0800693b,cet6,3,0.1163
a2811f2a-7f02-459d-93b3-3c80868e0543,cet6,5,0.1938
dd16dde3-dffc-45c6-84cd-08b4de21586b,cet6,1,0.0388
6a4b571b-51c0-485d-b20a-ed4274227203,cet6,3,0.1163
2a23b14d-e60a-4b54-954c-769c85c6eb72,cet6,5,0.1938
b94c63f5-48c7-4e94-8adf-7bef7550a040,cet6,1,0.0388
44cb5bc3-d88f-4cac-be2b-302522d35d4b,cet6,1,0.0388
f1404bef-cda3-46e1-b579-5029546d0631,cet6,4,0.155
f8b78815-4729-4dab-8928-4495f554214f,cet6,2,0.0775
a69f8d93-70de-4465-834e-7d3753da429c,cet6,84,3.256
9e780e65-beff-49ad-a531-5353f000d2f2,cet6,13,0.5039
42ec8eae-9fb9-4ae2-98e3-64c791ed9fb9,cet6,4,0.155
b0359584-0876-4471-8fa7-9d71ad1293a4,cet6,1,0.0388
bb4ca51b-eace-4dbf-828d-d0f1622e9ecb,cet6,3,0.1163
514df12b-2cad-49e4-b324-e5f486be73c6,cet6,7,0.2713
3d0f661a-8d49-4002-9a49-d9143a38e305,cet6,4,0.155
b87c0de1-6c8b-4659-98c3-3b418138b3f1,cet6,1,0.0388
dc371f73-a1a1-4c26-9cbc-e39f50c2bff6,cet6,0,0
fa30db29-e806-4b7d-af29-6fbc2ce8cd74,cet6,4,0.155
64fcdd51-f9b2-4a31-8ac2-c71cc50369eb,cet6,2,0.0775
59d2b202-3cee-4ca4-b700-22f169eee3ae,cet6,6,0.2326
34b6ef1a-5778-429a-a79e-02ab53f6f75a,cet6,3,0.1163
b5e2e155-5570-4095-bbd9-ab13c741ad7c,cet6,26,1.0078
64afa25c-621b-4a3a-b5db-bc2dcc0cc372,cet6,39,1.5117
cc404052-7006-4567-bdcc-739f16cfffd6,cet6,4,0.155
bc205cd6-d2e0-48e5-8524-7a2b05d1f1f1,cet6,0,0
f33b3449-2cf6-473b-b26f-048f79a209e2,cet6,22,0.8528
72b2ffbc-2616-435b-9be5-d75130ab492e,cet6,11,0.4264
4cf558fd-32fa-488a-98d8-77f1c3be4780,cet6,7,0.2713
f0cc09d8-e46f-4da1-9a76-6a3c4cefe233,cet6,3,0.1163
6914e165-c908-497f-8d3f-25414e409d85,cet6,0,0
bdbec4e3-6649-4c31-981c-b5fb4c1f0667,cet6,3,0.1163
db448baf-1ad9-4b3c-83d7-b801ecb5f002,cet6,4,0.155
8a33012a-919b-4b2c-90f3-abe153f5a850,cet6,5,0.1938
cc7445bf-1dae-4894-9942-b73d670e8d67,cet6,10,0.3876
655c44f9-da8b-4c3d-aec7-7b2b8bb38f5b,cet6,5,0.1938
efb95a59-0212-4348-b740-425134384df2,cet6,5,0.1938
1319b23b-04f5-4739-a073-ce85974fa8c6,cet6,8,0.3101
03d1c6e1-4eaf-4bbb-8a85-72e23c98b199,cet6,6,0.2326
5ba272a0-a4c8-408d-86cb-d1ca2c24d71f,cet6,8,0.3101
c2761d75-bdfa-41bb-911e-2f26742859e6,cet6,1,0.0388
7e30c100-f28e-44d3-b4a7-72ebdb87be95,cet6,3,0.1163
4afb19a6-c143-43e9-8a3c-0233ac6fedac,cet6,9,0.3489
ef83e52a-e7e6-493b-b6ef-d5dc5e19a929,cet6,0,0
a6ff497c-204f-4363-9484-55f91bf07d2e,cet6,3,0.1163
ee811d7e-ec91-4f9a-b0aa-92a04bc530be,cet6,5,0.1938
09e94f01-9e26-488b-8721-8d672d3c2acf,cet6,256,9.9231
45f0ed11-c501-423e-92d1-4ff792690801,cet6,1,0.0388
89d57b7c-3da3-4794-959d-853c614f3062,cet6,6,0.2326
84247cf0-f44f-49ac-9323-6ee8673b917a,cet6,7,0.2713
5e32710b-22bd-470b-ac6c-61bc09da6b83,cet6,2,0.0775
a8b57205-0fd2-4769-b83f-9614f7614acb,cet6,2,0.0775
dd3e1425-1c97-421c-9e79-589eba34d521,cet6,2,0.0775
1d017888-1740-4956-8507-9d3aa6e8463d,cet6,8,0.3101
60e8467c-ae2c-40b6-90d7-4f567682cddd,cet6,15,0.5814
b3bd6726-429c-45f5-8994-16448537b3c6,cet6,12,0.4651
08d5740e-1ca1-48d8-a586-c42427aaf438,cet6,5,0.1938
14a161a8-d89c-4e0e-9612-3a862b926e0a,cet6,6,0.2326
1c6fc853-9f91-4f79-9e03-4359141cd4c2,cet6,60,2.3257
88cd0338-a82d-4a47-b2b9-ae41029e1fa8,cet6,0,0
05ce0fe3-6cb3-43ef-ab00-10a82c1e360d,cet6,4,0.155
52c3f31e-8bc1-4e02-8d03-c6993bf953e9,cet6,3,0.1163
7a8ce9ab-17d2-4bb5-87a2-d033fbc1c471,cet6,138,5.3491
3cc7b286-5a36-47f9-8b54-01f98e41bbf8,cet6,6,0.2326
51a57ebf-278f-4f91-b38c-09fae68b74aa,cet6,4,0.155
9c6e095a-7a32-4c84-9984-10de13ccce2b,cet6,12,0.4651
6fefb1bb-8ba2-49bc-9d9c-f88933fd944e,cet6,2,0.0775
90ea8ce4-e9f0-42ec-ad3f-51ec00034da6,cet6,8,0.3101
4d7723c0-dd07-4342-9829-39cd0d478afd,cet6,3,0.1163
04ada90b-cb2d-4e42-9add-542aa062d848,cet6,2,0.0775
961ebc02-e8c0-49eb-b8fa-b42b91f432d5,cet6,21,0.814
95137184-7da5-4dc2-9353-68c61f6b3ac8,cet6,1,0.0388
e1b8ac9c-b1d3-4f09-b7e0-ec2f4f71ecf8,cet6,153,5.9306
bd80d11f-7246-4f34-9e79-c451fe5c95aa,cet6,6,0.2326
26916287-6bdb-4af4-88e4-cb93dbf901bf,cet6,7,0.2713
94149c03-4b2f-4bff-bc69-def998a944f3,cet6,2,0.0775
c8db25bd-c7e3-4b05-a924-d1a0f3a15f06,cet6,9,0.3489
92510058-9663-4203-9a42-8816f0699c81,cet6,2,0.0775
45ab1199-fc42-4f81-9408-bb2fcba3640b,cet6,20,0.7752
ee717118-b277-4a26-b8ce-b01f420ac1d5,cet6,4,0.155
4a7ef3ac-ce99-4da7-99c4-fb3db48ba76b,cet6,6,0.2326
676539df-8ead-4e37-a046-391876fde7b8,cet6,11,0.4264
a5b4c0b7-ed8a-4c64-99ec-fc36770e3f4a,cet6,1,0.0388
7fb560fc-72d1-4175-a439-d1b7db6eeb26,cet6,38,1.473
2d3c3e99-d402-4268-b1ee-879d741ea346,cet6,6,0.2326
841284ac-2f5a-4b18-8033-36a81df4f2d9,cet6,53,2.0544
ebc39f44-5d76-4186-8707-00db87d014f4,cet6,3,0.1163
828dc09a-ac9c-4685-a3f7-30746578788b,cet6,4,0.155
27b3f388-c34a-45fa-a961-68dcc3d4a69b,cet6,11,0.4264
ed21cf33-ce90-4aff-9462-77944c93de6d,cet6,7,0.2713
7cb95a90-4766-4522-9a5a-262fe08ef09d,cet6,7,0.2713
1ccdcbd9-9e30-481b-a04e-bbf8972c7010,cet6,0,0
24bced38-61da-4a67-b277-c273f1fd7190,cet6,51,1.9769
6e04d43d-cb32-4798-bb70-e0d4046a363c,cet6,8,0.3101
2e2bae50-286a-4a75-a0a0-0cff7c93a258,cet6,5,0.1938
f7a21488-2f11-44e1-8375-7a6d77a5a249,cet6,3,0.1163
152952e4-14d9-4c56-b4bc-400372a31231,cet6,5,0.1938
60a56564-4824-46e3-a2b0-62a36d96f40a,cet6,15,0.5814
fb400050-45ec-426a-91e1-ab7b87a46232,cet6,110,4.2638
b2a25efa-2395-4e58-acba-7df37d193892,cet6,11,0.4264
2e5c66d6-bf74-4bad-998b-5b63fa61419c,cet6,22,0.8528
58805ca5-39cf-4370-b962-8c405c72dbfd,cet6,2,0.0775
4cd0018f-815c-41e3-8613-35b2d0ab2bb3,cet6,2,0.0775
b3a1b154-5592-4ad8-9a61-439a7600fd39,cet6,2,0.0775
8ab45eaf-ce35-4d8e-91f5-bb804ca78ea4,cet6,5,0.1938
09a90296-aede-47e3-b3f6-f72b0022f6a5,cet6,3,0.1163
607c4f5f-d08f-4c82-9a60-5ef418e28745,cet6,6,0.2326
9d00d736-08a3-4038-9438-60e88582130f,cet6,5,0.1938
e238ed73-5e33-4db2-a03e-7409f13d657e,cet6,202,7.8299
ac6ebf5d-70d2-47bf-a8f7-fe2d511a739e,cet6,21,0.814
d962e732-af5e-4488-9759-808b23d42ea9,cet6,7,0.2713
ec82a694-dea6-4890-beb5-c5c24a993926,cet6,10,0.3876
fbb14ed0-87de-4849-a5af-9a05c4c6a105,cet6,6,0.2326
0aaf97b9-d40a-4bdc-bf25-84c73ddfc897,cet6,10,0.3876
8ea87c92-1f5f-4e0a-a279-1209d2263136,cet6,5,0.1938
9316e6de-73b6-43be-991e-b7bc5dd2118e,cet6,1,0.0388
df8d70a7-caad-4cdc-992d-8f5964016a35,cet6,4,0.155
aec41ed8-db8b-4b95-a1e0-1d6d5c5a2516,cet6,6,0.2326
dc05f4f3-0ba2-41f8-9494-79ee92744d32,cet6,6,0.2326
f9f9d7f3-9360-4ad1-aa4a-2e233772d06e,cet6,3,0.1163
20dc3bdd-e885-42ad-98e1-1ede25e871c7,cet6,1,0.0388
d0d1897c-ed64-4bda-8371-20fbdd0f471b,cet6,3,0.1163
a55f7dd0-7e47-46fe-b16c-da692cde595b,cet6,1,0.0388
e399b051-cec9-4e88-85e7-d643e7b34e59,cet6,99,3.8374
05a81826-a9b2-449c-b91e-91613b05edfb,cet6,7,0.2713
e7446253-b64f-4566-a193-d215a6e8dc78,cet6,2,0.0775
e06f3f57-bcdc-460c-9703-b2af5d0a2c93,cet6,7,0.2713
00294c8d-649c-43b2-ac26-654d2f887793,cet6,78,3.0234
0eb398fe-3856-43e3-a5b0-4c06cbb60fea,cet6,35,1.3567
e73d7a90-7b6d-43fd-a5a6-c6f60a1326b9,cet6,2,0.0775
6477c408-5340-4497-8a34-7188b03cef2e,cet6,4,0.155
1011adaa-be45-4195-9729-6dff2a6c4213,cet6,75,2.9071
cfb75520-34b5-4a8b-b98d-0628be8d3ed4,cet6,3,0.1163
349113ff-ce2f-42a6-b46d-417eb2456386,cet6,2,0.0775
c772dda3-2b6a-4947-ab81-da3844bb8fa2,cet6,2,0.0775
77bbf675-57e4-471f-95bb-07e76a5b87f1,cet6,1,0.0388
4058b3d4-a522-46fc-aa42-59a43dae8ad3,cet6,8,0.3101
14828f0c-1e48-421f-b036-e0f3b3a84ad9,cet6,4,0.155
bdd78bd1-5143-4902-906d-f162c567ed4c,cet6,14,0.5427
355ec052-cd3a-4559-a5fb-35b9eafad3e9,cet6,1,0.0388
25222fea-6b69-4be0-a975-1be3b36c59bd,cet6,2,0.0775
8425333d-17ac-4b88-b042-d6a37b2a50af,cet6,1,0.0388
ff9f1b5a-5d64-4584-ae33-c04caebd4c57,cet6,75,2.9071
c0d4834d-a0bb-452a-9081-35fb7a03eb36,cet6,28,1.0853
8a71982f-2bb9-48f2-aeaa-de6e67c50a06,cet6,6,0.2326
59935a00-61eb-48f4-98ca-a89f8c6302e0,cet6,12,0.4651
3ce554ab-8eba-4d7e-ba32-7ebb18092338,cet6,0,0
2c3a6ee0-52ec-438a-94e4-7bf5c32c493e,cet6,8,0.3101
e3b017e2-7ad4-40d0-a342-a0fb4a315a43,cet6,58,2.2482
52e69a68-454b-49d7-b32e-d7536b18a8c8,cet6,8,0.3101
76258413-2810-477e-8c2b-312367783d94,cet6,5,0.1938
a1488259-baaa-45dc-946b-03b0c9f4dec1,cet6,115,4.4576
40a409cf-8d84-4623-8363-a0a8dcb6f0ae,cet6,111,4.3026
bb9396c7-2f4f-4402-bb38-4153fc4d6c13,cet6,10,0.3876
eb7c30b6-580d-420f-b366-cf251f18f3fd,cet6,27,1.0466
3a5ba7d0-f0d4-4b85-bb03-7d0ed62489a5,cet6,6,0.2326
a5c8d405-b0a8-4013-89b7-7ae1edb87fb3,cet6,1,0.0388
287ec1a8-0eb5-4e61-b261-185c6a6becfc,cet6,7,0.2713
8b8a10d9-9381-4ba2-9d52-15d6630b50ee,cet6,92,3.5661
d1f7acc8-0c57-47c1-b799-2f353c522ebe,cet6,2,0.0775
90bf16b8-114b-4a49-8cd7-05e1ccc8cb57,cet6,3,0.1163
437dfa1a-b419-443b-8463-145c94edad2f,cet6,3,0.1163
e188d597-5a65-46e2-b03b-18fd25823d9b,cet6,2,0.0775
bf03b930-fb55-4f85-b946-08fbb34ef6fb,cet6,6,0.2326
c68b4982-283d-4788-b093-f03a9c921985,cet6,11,0.4264
f0f82670-0d01-4c2c-bc0c-c8d51643b5f6,cet6,4,0.155
02c7d663-dec4-4bbe-8b92-0234dcd19908,cet6,9,0.3489
ae6fd0bc-65b8-4672-ba7d-af26611b8543,cet6,3,0.1163
bd98e645-4021-48c2-aed1-bf1f0bfe924c,cet6,2,0.0775
5faca6f2-18e8-4c07-8e26-c201873c48e3,cet6,7,0.2713
9bbee3ad-91ee-4fa9-a694-f58209f88093,cet6,2,0.0775
73838c1f-6f5b-4762-938d-bef8458a566f,cet6,5,0.1938
a48d01e3-ec33-41a4-a482-4775c66698f5,cet6,10,0.3876
e4579fad-66df-4309-ac6b-f4a9ae7bd03e,cet6,4,0.155
886fbe2a-ae7f-43cb-90e3-665e0c6e1da8,cet6,6,0.2326
dadf82a9-eaef-4571-a631-2ca61fa75bf7,cet6,6,0.2326
ed976922-a9bc-44a5-8ccf-9701f8bb49d8,cet6,1,0.0388
7f226022-2819-4855-8bd8-3b8abc6d9f15,cet6,8,0.3101
7eb15316-d93e-4277-9bfe-fd1a22f1cb7d,cet6,0,0
ed4d0002-b13d-444d-9b29-7bf7d6b54a60,cet6,4,0.155
5a7c8c35-e5e4-4b9d-a92c-a32d3db31cae,cet6,7,0.2713
56f90132-1893-4759-9a50-429d80c1f905,cet6,2,0.0775
958b7216-fa13-43ba-819f-a20a7ca76e57,cet6,7,0.2713
b85471d8-44a5-48b1-a9d7-72563c9e7a39,cet6,1,0.0388
3a544c5c-286b-46cf-ae2a-0084a9af93da,cet6,1,0.0388
eac1fa70-07d1-4fbc-8be1-9507e01ee37c,cet6,3,0.1163
2d91eaab-c65a-4742-83e1-bba825602192,cet6,2,0.0775
1329d857-7c04-4580-bafd-b1dcb30c7b5e,cet6,10,0.3876
70508b05-6f8d-426f-b85c-bff8d90a977d,cet6,7,0.2713
0aa9527a-2eff-454f-b529-7e0342087f75,cet6,12,0.4651
247ffebc-53d3-497c-910b-829fdce22d98,cet6,6,0.2326
6d69bfe2-74fa-4b97-85a0-576ea0b4a19e,cet6,8,0.3101
bcdc21e5-b351-4feb-933a-ab3211d7075e,cet6,16,0.6202
54b7be05-dbad-4360-9bbf-fb704987affe,cet6,3,0.1163
985c066d-dc35-483b-a349-70e4cc124c56,cet6,3,0.1163
84ae0cb4-d43f-42d7-9670-8f4f273f5a52,cet6,5,0.1938
82033ef9-7e6f-4789-ac62-df780a4c8a3a,cet6,2,0.0775
32e5407b-3d23-43e4-b2d8-7b43d4d068c6,cet6,1,0.0388
3611161d-4044-4484-8f73-29ed318e4630,cet6,2,0.0775
3c44c2fc-c14f-489c-ae86-470f995fa565,cet6,4,0.155
25a532a2-5281-40b0-8a1e-732be5515330,cet6,4,0.155
3b7dea58-d169-4597-a06d-56f208a99f00,cet6,8,0.3101
6996e937-b741-403b-ac03-6ba0a92d968a,cet6,135,5.2329
2878fd51-964b-4a26-8362-48417bc90364,cet6,8,0.3101
7d8f846e-6374-4272-9b4c-b372432f1b26,cet6,2,0.0775
b67441e3-edda-4c51-93d5-2c20b8c53274,cet6,2,0.0775
061cc621-ee8d-4119-8af4-478a40ea4b91,cet6,6,0.2326
4e1002a0-c420-4064-85c6-d48293dc81fc,cet6,8,0.3101
f8c05994-d8a6-42bf-aa1d-888251475764,cet6,15,0.5814
4eeaf225-4617-4445-887c-86bdd6d2c54f,cet6,2,0.0775
75b2bc27-fdcb-46d4-821d-050b379e4c92,cet6,3,0.1163
0970b721-c0bd-439e-a039-8a4adf9b8132,cet6,3,0.1163
afe92738-4e0f-4901-aa4c-62d326d60649,cet6,0,0
3e480c10-2a26-4ab8-8c67-663e09b48f78,cet6,5,0.1938
285fb948-cd96-415d-8dfc-496a1eb89533,cet6,4,0.155
62477e8c-f09e-43c2-951b-132710cda0aa,cet6,1,0.0388
6fd2e8da-4a2e-4c51-9267-430b28ea4320,cet6,2,0.0775
dcdcadbe-fa7e-4294-914b-4653cf4adea9,cet6,2,0.0775
c0727923-0348-4bae-ac30-10065297f2e1,cet6,3,0.1163
d8b5e326-eda4-4886-83ff-d7aaf80a08ab,cet6,6,0.2326
b80250e0-2cc8-4b3a-87b1-70be34d37721,cet6,3,0.1163
d925d36e-7b8b-4147-99b4-140a3b1534aa,cet6,28,1.0853
638f450d-3254-49eb-92af-f91c65179ab4,cet6,5,0.1938
ff0acf27-3858-477b-9bf6-163447fe38f2,cet6,70,2.7133
3e4d86b0-51f4-474e-a343-445c42f4d520,cet6,5,0.1938
863145af-bf51-46df-9e6a-b3f670051872,cet6,0,0
0cf783c9-e528-40b4-aecb-297dda296ebc,cet6,5,0.1938
bb123ada-bb73-4b04-8c62-ca2172451660,cet6,2,0.0775
3d635239-76bb-4e55-b068-45cfed7b54e8,cet6,3,0.1163
0d9a9dfc-b873-4374-8c3d-793e53ac0fef,cet6,106,4.1088
ffa22a5d-34ca-4a05-a4a2-434862f27082,cet6,2,0.0775
6cf1d874-47de-4487-b944-377b8c9e9130,cet6,7,0.2713
fb6de196-167c-4a89-8e52-34d80502b8e0,cet6,1,0.0388
b325d333-7b19-4460-b06c-5a816adb0c4a,cet6,1,0.0388
96d74c35-c7e6-43ed-a255-1630ff9bc034,cet6,47,1.8218
f1c34030-dea5-41b4-a3c3-e1ae800e8b97,cet6,68,2.6358
d00effbf-5264-4119-b67d-4f1b17671674,cet6,4,0.155
e125adb7-aa6f-42e4-b632-18381855f372,cet6,3,0.1163
aecd769c-39b6-4947-8881-8f7685992672,cet6,1,0.0388
d0c3f6e6-f28e-42c5-b2f6-dbb98a454d7c,cet6,4,0.155
d7973527-907c-4f7e-824a-cf21c5523159,cet6,1,0.0388
596029b2-fb0c-4485-964c-2ab5e2096194,cet6,1,0.0388
685619a6-b869-49db-a75e-27c17552ec9b,cet6,5,0.1938
6cdbe5b9-72e6-417d-9cbf-1767f1fc1fee,cet6,3,0.1163
d6dee250-1d13-4587-b946-30b9bc9213c7,cet6,4,0.155
ad0c0c2c-a7ab-41df-935c-1de0f68c0198,cet6,2,0.0775
75783059-b4cc-4780-b52a-b83fab946700,cet6,84,3.256
5e9e52eb-f90d-4c96-aa11-31e59256a3fd,cet6,5,0.1938
05853a41-362f-4bbb-9fcf-ef1db809f294,cet6,0,0
7457adf0-279e-4300-9e3d-f30ef61a9b9a,cet6,4,0.155
c5165d8b-2112-4fec-88b2-65677f2854ae,cet6,10,0.3876
5397eb55-b3fc-413f-8441-690f50064bf8,cet6,3,0.1163
895436f7-a340-47eb-8d8b-df363e164ff2,cet6,0,0
81ef97e1-91ce-4adb-8b91-ad9ac2f5b2f8,cet6,1,0.0388
08a5d1e3-c44f-4a95-a4eb-5d2777062696,cet6,0,0
37652ec8-4ea7-4c48-80da-7eb0041606a1,cet6,0,0
154a3b80-317e-4364-a496-df03a0e78b6f,cet6,2,0.0775
79bf3859-b380-46e1-826d-11b5a82939d0,cet6,8,0.3101
29d899f8-1854-43bc-9119-6d170e772dc0,cet6,4,0.155
34d32361-6248-448c-8739-9b42f44abe0f,cet6,6,0.2326
aa095fba-904a-491a-984d-3d5abcffc10f,cet6,5,0.1938
31f71a72-503f-4b13-bb3f-711fd24cb0a6,cet6,4,0.155
918d2ac0-3551-4656-b9a2-c4633d25313b,cet6,2,0.0775
47911cfa-3bd1-4c23-ad6d-c0ef2446ee08,cet6,12,0.4651
791c80ae-3937-4c27-9884-780274a43c8b,cet6,5,0.1938
7c63aa4c-5f7c-4852-827b-5b1840bc971b,cet6,1,0.0388
c6479d92-aec8-4a46-b6a3-57dd0de61a3a,cet6,0,0
332b0e9a-87c4-479b-a1d8-854c60187faf,cet6,3,0.1163
58709095-1e8c-4848-bb07-dac39bbc6d78,cet6,3,0.1163
bdb51b1f-84e7-4919-aced-c9589ed0ae19,cet6,5,0.1938
75a00e33-d517-42e5-84cf-df0e64d0d111,cet6,3,0.1163
b1b87d7e-46d8-4b03-a24f-83fe27c66452,cet6,4,0.155
2dd41004-3957-457b-bb1d-a0e5cd78bf8a,cet6,4,0.155
550fdd6c-2f7a-4f24-abcc-eba8cee10aa2,cet6,10,0.3876
8ad37bf9-44ee-4b4c-9bbd-9597474ea2ce,cet6,11,0.4264
b87bd36c-a1c1-4896-82ce-5fd342d6bb61,cet6,11,0.4264
b87081ed-8870-4d80-bdc9-17f1b8e7caaf,cet6,3,0.1163
ec7de092-7572-4dc7-afaf-00658c1b7260,cet6,6,0.2326
1f6e674d-8a37-41f7-a283-b0093a485644,cet6,1,0.0388
793d78b6-c572-4986-a76f-6c2feb9345a8,cet6,9,0.3489
a6c9897e-05f4-403d-bc21-f4915de62c1c,cet6,8,0.3101
00d675c1-948a-42ec-94ba-852545505c95,cet6,22,0.8528
4b1157f9-0d10-454f-b750-c1e669faaf3e,cet6,6,0.2326
4410383f-ba6d-4207-b946-ea35717adca2,cet6,5,0.1938
8937134a-8ae5-410b-9d38-4dad90303f41,cet6,11,0.4264
0e60721a-eaf1-4261-9556-81406cc2f664,cet6,5,0.1938
7b617a32-f580-4d18-8ee2-bc7be80f8966,cet6,3,0.1163
0a7e663b-c4d0-4f53-a606-7ec17090fd30,cet6,3,0.1163
7eceb5e1-250a-4c82-a623-47564722a137,cet6,2,0.0775
40818637-115d-4704-8844-770e0571ca37,cet6,0,0
0715b1ab-79f8-474b-a93b-cd99650ef7d6,cet6,4,0.155
34ae84ec-1151-4897-925e-18ea9bc1752b,cet6,3,0.1163
2f98ee20-63d6-431b-bef4-7c9521f431e2,cet6,3,0.1163
9a266639-7fcc-472a-91f1-58bd449696d2,cet6,4,0.155
30d37550-8f38-4ed2-adf3-c51b372a9bae,cet6,4,0.155
464fcd36-90e0-48fb-9863-2eed5e1638eb,cet6,5,0.1938
c4d5a484-d04e-4803-9825-6d1b5465b6b1,cet6,12,0.4651
256965f0-5226-45bc-9b56-15a0cd3f681d,cet6,2,0.0775
fa2e1709-1c52-42a3-b62b-177e5e41284c,cet6,1,0.0388
548ee385-6e6a-4ee8-995d-3a5d4b7a63a0,cet6,5,0.1938
f8f68b0f-6246-4e9f-a493-9d0028f5e916,cet6,43,1.6668
459be1d7-eba6-485c-8fc7-da22c3f5175f,cet6,8,0.3101
1a6c473c-eec5-40ec-917d-50ae40444c77,cet6,24,0.9303
7c675748-7564-4473-9ebf-3ffdfc78541e,cet6,2,0.0775
656212f7-f486-406d-a4c4-83b6ded8fcd7,cet6,25,0.969
38cfecd1-3d5f-43a3-a96c-ff2b39321cda,cet6,4,0.155
4d677d61-5e3d-4a50-b679-a4f7fce10f46,cet6,4,0.155
d9a2c233-8bf2-4cdb-b073-a359f89d0cbf,cet6,4,0.155
1e079daf-fe77-4cbe-b117-4b2a906cb824,cet6,3,0.1163
74693551-29b0-40a4-aa6f-c0a829a0a4f3,cet6,3,0.1163
d75e5594-998f-44f0-8174-527c8d7d4352,cet6,4,0.155
0c5405e2-d05b-4c8b-911a-e455ada9c952,cet6,46,1.783
073c6ba9-64b0-4681-85f6-5afdc2574e42,cet6,24,0.9303
f33b38f6-79bb-4750-9a0e-c5067cf2886c,cet6,5,0.1938
229a4439-4cbd-4a9b-9b12-fa0306f0d9cc,cet6,2,0.0775
1ba8c692-d5ad-4fec-b33a-26df3e14572d,cet6,5,0.1938
307dbed4-495c-481a-b679-bb4ab2ba9ee0,cet6,6,0.2326
39bcb370-86fb-490b-9036-0673998bf185,cet6,279,10.8146
e828428a-f472-471d-904c-53a3946cb540,cet6,1,0.0388
82032694-d175-4e50-b154-9ba997f606fd,cet6,3,0.1163
6a643359-302b-4701-9039-8e869c9fdcff,cet6,4,0.155
5125c429-50b2-46da-95c7-a1a4d4f8f1ef,cet6,61,2.3645
7287d011-b55d-4937-b67b-14d5d8a5feb8,cet6,4,0.155
8798a64d-01d2-4545-b636-6ede48ea1eaa,cet6,2,0.0775
ef4ab0e0-77c5-4b3d-98de-0d541153938a,cet6,2,0.0775
533fdef8-d693-4e06-a93a-f7c29617af9e,cet6,1,0.0388
62bb4815-4438-4da8-bd9d-8775772d3c10,cet6,4,0.155
a0c06517-e08c-4fc3-8cd0-de01451a9598,cet6,3,0.1163
164307e5-e69d-4d52-bc94-ccadf075a687,cet6,2,0.0775
26014150-3d1b-43db-b5d8-2f9632046200,cet6,3,0.1163
ab956e44-5235-4203-8e06-4c0401003989,cet6,1,0.0388
519ae053-a475-4108-b97a-459b78c60f7d,cet6,1,0.0388
3ad64326-e0df-4e18-b5cf-732d2fef0aeb,cet6,9,0.3489
1280e358-805e-49a0-8b00-62e11ef4b01a,cet6,1,0.0388
6d10d626-6a6f-4c85-928f-d015ac6ddf4d,cet6,4,0.155
da94648b-de4e-46c5-aa42-3c4cba2e2b22,cet6,4,0.155
198ae03f-17a4-451a-b661-c50a51f75223,cet6,1,0.0388
88725b2d-f82d-4cf5-a499-0105739d68c1,cet6,4,0.155
558e8e74-664d-4d1f-968c-642f26cc7975,cet6,1,0.0388
3e95214a-aeed-460f-9487-98648d74e843,cet6,2,0.0775
7e673d72-0835-4482-94d2-e103853bacbf,cet6,3,0.1163
3c4cc4df-d6a3-4927-bb5b-956a2accfe3b,cet6,3,0.1163
0101f5bc-cca2-41a2-9cf0-0d1fc878c8a9,cet6,2,0.0775
12127f62-2c0c-4c78-b32f-a30c3e166f76,cet6,6,0.2326
0c8b9716-e52d-4e58-aea9-9ece917d2471,cet6,4,0.155
fc373a80-bb6b-4b3e-9bf0-98949b4ce942,cet6,0,0
3ddb2246-2419-40c5-9e97-66e668c2cda4,cet6,4,0.155
eb2c6697-4c3f-4811-9d95-694240f20baf,cet6,9,0.3489
24bebad7-4252-4ed2-a456-2dd324a95d00,cet6,11,0.4264
8ed14034-0e85-41d8-83cc-ef5dcae2f0d3,cet6,12,0.4651
e8aba5b5-4472-4042-aaa8-8b0a424f8c22,cet6,6,0.2326
c87d61db-8e1b-426d-a2f5-494532ab100f,cet6,84,3.256
643a6331-a3e0-44f9-b27e-c49b41bb5aab,cet6,4,0.155
edef7f77-06fb-4b7e-b29f-ef03cc2c6eb2,cet6,1,0.0388
687b25cc-9ba9-4939-8a28-c4fc8b0936ef,cet6,2,0.0775
f0448546-cbc3-489f-a661-a4c59476172b,cet6,2,0.0775
b5bc33c4-2e53-4671-826b-bcf9463dce4d,cet6,6,0.2326
3d0e3dc3-c51d-4801-ac95-228c12301f56,cet6,11,0.4264
e154fada-ea2e-4eb5-8a33-3b55576f991b,cet6,118,4.5739
3f4fea77-5ecf-41d4-97af-a436d0867874,cet6,32,1.2404
50ee9144-2414-4db5-945a-c66cd4d37cb1,cet6,5,0.1938
fe913f16-9e9d-403b-b20b-d08c70254453,cet6,4,0.155
48351032-67f7-4d90-9ccc-87a51a6d6542,cet6,2,0.0775
670e33a3-6b88-47b2-a657-ab764e19c2be,cet6,10,0.3876
bb71c988-62e0-4427-b79d-01446e0da398,cet6,3,0.1163
0cf55246-6880-4518-826a-831cd8bd0c90,cet6,0,0
1a3ae415-76d6-4db6-9599-8910b4fcdd7c,cet6,2,0.0775
4a40b1ad-384b-4764-a675-c77d1ea212f0,cet6,4,0.155
4b382b92-f1ff-477d-97d2-d82e4993f351,cet6,5,0.1938
98b3e4b1-581b-4503-89df-ad37048e7af9,cet6,6,0.2326
83ed320a-ee7f-4380-b102-c83a99059222,cet6,6,0.2326
38588b63-0de3-46e3-9db4-d5a465c598b1,cet6,0,0
7a5640c7-c19e-4b3f-ada8-e101484f0224,cet6,3,0.1163
a206b5ce-4419-4583-aaf1-2605c1c468cc,cet6,100,3.8762
9616c98c-cc0b-46c2-9c47-a15f5d52baff,cet6,4,0.155
dc899fca-da4d-457e-87a0-672992a3c17b,cet6,26,1.0078
384308c4-deb4-4eaf-8519-764aaf7a3a9c,cet6,3,0.1163
df223cca-3192-468f-b046-20a38c4c3257,cet6,0,0
802f5258-d558-46e6-9550-c085104404ff,cet6,6,0.2326
e8b9bad7-2112-491a-b37e-a812d69edae3,cet6,9,0.3489
4e24be71-5bea-417a-84fe-87a4a695bf78,cet6,2,0.0775
31b7fa84-b6e2-4fe9-867a-afd6bf0961be,cet6,5,0.1938
a8a58877-0766-4628-8a55-5f5b33f33e17,cet6,1,0.0388
01dda992-e644-426e-8207-3375b45fa59f,cet6,4,0.155
546863ff-d04e-4478-80fb-a470a612b0b9,cet6,56,2.1707
7abb50fc-10ca-436f-ae27-e2b29e9cacb0,cet6,1,0.0388
e6c2b387-e6a8-438f-8a78-b335dc70ef81,cet6,32,1.2404
c0e5da01-4fb7-4ea3-8ef9-6fd94e41a6e9,cet6,21,0.814
27e5d037-f0f7-4490-b259-a5edf51f89ae,cet6,37,1.4342
a09d51d2-ed27-4a8d-9765-71e312a46078,cet6,10,0.3876
763aa7fd-4244-4c74-a651-6539fadbac4a,cet6,29,1.1241
fc3d988a-d74b-49ea-9b6a-9b9fc4973859,cet6,1,0.0388
e534fb48-fa20-4e05-8c29-261ee8f55be3,cet6,22,0.8528
30b61dd0-12a4-417d-8727-7be674df2238,cet6,27,1.0466
44363b69-d1d2-4c9b-8bfe-55761db80cc6,cet6,5,0.1938
61d2db5d-a430-4d6e-89e2-e4eb2a727a79,cet6,9,0.3489
db09e74d-b7bc-43eb-9ab7-c0990a93654e,cet6,0,0
0f64d2b3-892c-4998-a79b-7b0151f74f84,cet6,2,0.0775
fa48f675-c1b0-4586-b711-81cd9e18edd1,cet6,5,0.1938
a8f58b06-6a8e-4964-838c-990ef0aadb1e,cet6,2,0.0775
63e6fa52-60e8-495b-bbe9-a571ad1d70d9,cet6,5,0.1938
d96ede36-668f-4eba-abef-40b82ff5a411,cet6,2,0.0775
ec10073a-ef7a-4521-bccf-4d176455b9be,cet6,2,0.0775
4806426b-39eb-4aa0-9bbe-723a7ca38bbb,cet6,1,0.0388
1e92a12c-2f06-41e5-bf46-8a228277fd5f,cet6,3,0.1163
a1f1a719-6c58-4ae5-ac27-9c6dceee1d01,cet6,4,0.155
318e2833-58b6-45e0-9bcc-2eac9bee6154,cet6,4,0.155
3b2e5b5d-6c40-4988-9c1c-8181642fd41f,cet6,0,0
308a0672-5c52-47a4-900f-04ec1068202e,cet6,2,0.0775
f3d1153a-c310-4db0-bff5-ec2df6bec028,cet6,4,0.155
f2324626-2c02-429d-9f27-3bd1f06070e9,cet6,0,0
5261fe5d-fc83-4e98-8cc2-72281f89ebf0,cet6,87,3.3723
198e6154-d922-4f6a-8911-515d952f59d4,cet6,2,0.0775
f06dad41-7163-41bf-abf9-4ebf713acd26,cet6,11,0.4264
e3f3ff3e-d62b-4295-a5ac-43baed3aa1a7,cet6,0,0
cdc87d83-6f36-401a-b39d-463c2dc333b5,cet6,5,0.1938
892639b9-640b-4bc3-b229-8e4dc9cbff3c,cet6,8,0.3101
c28eff9b-ef9f-4c54-a217-243dac6715bb,cet6,4,0.155
14a455df-84ce-4b21-b96c-3b0a58ffb9d8,cet6,5,0.1938
6682ae68-b740-41c5-bd8e-2a39705e3e96,cet6,6,0.2326
c8bc88ce-9066-4c4e-a1e1-b0c65ef48fff,cet6,5,0.1938
11b80079-6693-4813-a2bc-46c43fee214a,cet6,1,0.0388
00839c18-5d94-454c-9224-2d4328c7c3ac,cet6,1,0.0388
9434232e-dca4-45a0-af7e-b201bfd101d4,cet6,1,0.0388
dbc31493-3540-4bae-955d-4cfe90503350,cet6,7,0.2713
6b38820d-d8a7-49e5-8e26-26cc445e5008,cet6,4,0.155
5bf50d72-a116-4ede-b147-e6b3d2a320dd,cet6,2,0.0775
e2494a18-e8be-49e9-8eeb-062851e84d6b,cet6,2,0.0775
b9405541-fc69-483c-a476-f496279dd044,cet6,2,0.0775
c2f7b145-5659-487c-9686-2c7124a6c1c4,cet6,2,0.0775
f042b589-11be-415c-862c-3370e3083495,cet6,2,0.0775
844e3a81-c010-49d3-bc9a-5add82db6135,cet6,579,22.4432
59306fa7-cab4-4ebf-b7ef-ceef85ec9b67,cet6,9,0.3489
e80d63ab-5a8e-4ee7-930b-a3127dcddab8,cet6,3,0.1163
085f3395-9d88-4a13-8078-ad55b5c011ed,cet6,110,4.2638
88ccfb0d-9b7b-4f99-a7e6-a539a3620bf1,cet6,7,0.2713
8bb1060d-e837-41ca-81cc-760febbebc47,cet6,1,0.0388
3ce4f363-5a92-484d-b3a3-ebbb45154b86,cet6,2,0.0775
69707175-1d1e-4b88-9809-d65d24a4b68b,cet6,8,0.3101
871c1eb9-e534-40d7-8770-6913582010d9,cet6,4,0.155
f6943e48-e505-4642-a82d-a67f0ac3e59d,cet6,1,0.0388
39e43f1f-42a5-4613-9148-7a4839ff952f,cet6,4,0.155
e8f0a532-b6ce-4f2e-b657-924dc034081d,cet6,1,0.0388
9705f513-ef52-4ccd-bb0d-f959b524c719,cet6,1,0.0388
6cd2277f-9405-4209-a29b-0777a73a6e7e,cet6,3,0.1163
052033a2-296f-43de-b9b4-70cd230479e3,cet6,3,0.1163
57a205a6-082b-4a40-be0c-b779e71922e0,cet6,2,0.0775
4287d14f-5c19-4ea3-b357-8e07ba253eaa,cet6,5,0.1938
c91b7e57-a901-4d6b-bbf9-2a418fbfa53a,cet6,2094,81.1675
a99bf5fb-811f-4126-9f8e-6e40f9629402,cet6,1,0.0388
a09eda46-2323-4a41-9fe5-dbae49976163,cet6,2,0.0775
13a46149-192c-4371-8ddd-56423de67191,cet6,0,0
81ded94c-4634-4618-9805-04f033e4425e,cet6,0,0
c2864c80-c7c9-44a9-8fc8-4aebebbf0551,cet6,62,2.4032
b28900aa-6278-4451-a098-4d8dacd047c5,cet6,12,0.4651
811df0de-f83d-4a80-8796-faa7c113a564,cet6,2,0.0775
61277772-5a22-490e-94b9-0ccc3a149fad,cet6,1,0.0388
e161b065-0ed7-40af-b398-e8411e659e47,cet6,9,0.3489
45b66f60-2282-4bbd-b3f3-838cad5ac3d9,cet6,3,0.1163
ef5afb32-22b1-46d9-87c0-ec8a51e09ef3,cet6,1,0.0388
c9c4e14d-8521-40ec-b403-d7fee8bdceb1,cet6,3,0.1163
dcf7b0fe-d6ce-44e8-8a00-b0447c2c35e9,cet6,2,0.0775
9a3b44f0-fcde-4c28-b99e-330dbd42474f,cet6,11,0.4264
7873830d-f7bd-4990-b134-4cad2205f55a,cet6,7,0.2713
279f65e0-d832-4d8b-ba8b-1f6fa0141d47,cet6,7,0.2713
9005d805-e7c7-4cee-92b3-840f01f20bdf,cet6,79,3.0622
2b17ac60-4713-4dd1-b9e3-be5e56861555,cet6,5,0.1938
f0770246-79ae-45a5-a852-c205fd5c468c,cet6,1,0.0388
ef2bc343-fb22-4a1a-95b5-6920975e0944,cet6,1,0.0388
e0bd2569-97c6-41b8-bb45-b21b48e6568d,cet6,4,0.155
2578bac3-4711-4dd2-b778-be8cdfc9d539,cet6,3,0.1163
14b2cf64-540e-48da-883e-550cc3253c36,cet6,67,2.5971
aca021f1-53ac-4608-8e1c-7525d1c1bdea,cet6,1,0.0388
a2c9be2e-88b5-4f14-a17d-f0c5dfc9ddae,cet6,1,0.0388
02c05eb7-9af2-4cbc-aeec-7c77887e46ec,cet6,6,0.2326
5ec6ab81-7030-4732-8cc5-f18f63092c90,cet6,1,0.0388
4d7e9800-8d06-48b2-bea6-3d91633d57b8,cet6,1,0.0388
8eafbb37-3bb8-43e7-86b2-e7f4ca946852,cet6,5,0.1938
92fe6e15-e2ee-4a58-84e6-a377fd64187b,cet6,2,0.0775
61259f32-bec3-4fde-95b3-ab5b27467756,cet6,1,0.0388
75b4b035-4da3-4e05-afa2-42f173ec0841,cet6,2,0.0775
f43c4d4a-65d1-472e-8c3f-6ece521471ad,cet6,4,0.155
6b866b19-e785-42c6-8e4c-ae80790ce529,cet6,9,0.3489
562c6e4c-cc05-4aef-aefd-53215d971215,cet6,3,0.1163
b2a32f7a-4e23-4315-a14c-cd5addd6b267,cet6,4,0.155
b828b40d-92cb-4adb-82c7-5e3bd1428328,cet6,2,0.0775
a3ca4fd0-fdee-40e2-af35-5d5ea2e2bf50,cet6,0,0
9fe69382-3374-483c-8f6a-cad1990607d8,cet6,3,0.1163
06e140d2-619c-4f69-9a05-bdc97e304787,cet6,112,4.3413
54a2a08d-c972-4019-9dab-4e732095c6e7,cet6,2,0.0775
f67c28a4-fa3f-4f54-8718-46fdf3416a18,cet6,3,0.1163
e863a06e-69e7-42fb-a90c-60ae726d4c5a,cet6,3,0.1163
e07b4411-d610-4693-8153-f69c21a2575c,cet6,5,0.1938
0ecca063-08b0-46ce-b8ad-2b8968b8b816,cet6,2,0.0775
79dfef16-8b71-4823-8041-d1e602654746,cet6,3,0.1163
9a051484-4543-4ee1-9d01-c67ab5a60671,cet6,48,1.8606
e9555d9e-768a-4e1f-a69b-7d8e9c19a559,cet6,3,0.1163
9b2064c8-3ef6-4bf9-8519-61819e288ab6,cet6,2,0.0775
d5baf62c-1b0f-4b76-88d2-cde3c2ce328a,cet6,5,0.1938
36ea6ee6-1d82-4f5e-a28b-e8719a5fec58,cet6,2,0.0775
984a1daf-1363-42ea-b25a-a5957de5694b,cet6,10,0.3876
001afbad-8238-4ca3-aa1b-e9672c7f9254,cet6,1,0.0388
216259f7-5140-4c0d-976a-639915bc978b,cet6,3,0.1163
16dcd12e-9ceb-4d33-85a2-b9ed9e5bd777,cet6,2,0.0775
4a715e0f-4d7b-458d-81a1-6375e23ebabe,cet6,5,0.1938
a3fc8ab3-b7fa-4fb0-8296-e56f8a6307cb,cet6,1,0.0388
89f3a4ad-18d2-4498-9b41-af46b343fdf6,cet6,2,0.0775
36db6aca-17d6-457e-b900-39954ab7592f,cet6,2,0.0775
55f3199b-3413-444c-a937-5c34e9afcb75,cet6,6,0.2326
31d60fdf-85fc-4bf9-8374-dc067b0ca512,cet6,8,0.3101
1ac86af8-35e9-4d1a-98d1-d655e7d5799a,cet6,8,0.3101
cd77b75e-3a01-4197-b949-12f4ca1e2cf0,cet6,10,0.3876
15668674-e18e-455e-b434-a79b10ab73f6,cet6,3,0.1163
359478f8-a64b-4bf3-9975-c5267981c11a,cet6,1,0.0388
1df084f8-91fb-41fd-9d72-7c5b353cd15b,cet6,87,3.3723
1b478a51-0515-4548-a26e-8f361add362d,cet6,3,0.1163
948ac737-23d9-4190-818d-aba2b80a4755,cet6,2,0.0775
72abc610-487d-4551-95be-1c67545eac83,cet6,3,0.1163
8bb76873-5463-4d70-b859-d8979cec0e17,cet6,5,0.1938
a6cfb89d-b2fb-45ac-831e-ebf403bf022e,cet6,4,0.155
ae1f7ed5-cd94-4c26-ab8c-41c0d4837271,cet6,4,0.155
378f47d4-8d3d-4c1c-8d92-c51024e5b5e6,cet6,0,0
9afbcdf5-01a5-4bbe-9877-fe33d2e57ffa,cet6,1,0.0388
3cc351fd-dc2d-494a-bc4d-1edee74959fd,cet6,3,0.1163
cdb74b81-8310-40a8-b1b0-0ed0ad4d3dc5,cet6,0,0
acef729e-24b7-4c41-8f1a-24bd0e989cec,cet6,0,0
dc1d875f-be70-4b4a-9d39-ae3e1a5b2e5c,cet6,1,0.0388
d6e13b21-5b7e-4a6d-a67f-5e478998fa51,cet6,1,0.0388
6cd819e4-917f-4e62-8097-6eea089b6888,cet6,4,0.155
a3197867-0800-4e90-9a98-2d4890c74853,cet6,4,0.155
acdc8ff8-1ea2-4a24-98b7-593e5fd12f1f,cet6,6,0.2326
d905022a-9053-44a6-807f-bcd9f5025165,cet6,51,1.9769
3484d219-af05-46f1-b98a-c5d3e2b56c86,cet6,4,0.155
b926db50-6c63-4f85-b78a-229e655f822d,cet6,180,6.9771
e52c0959-b5d5-4c9e-b62b-d58496b50aa3,cet6,6,0.2326
96230012-2f3b-46db-82ca-145c64a3ba0f,cet6,5,0.1938
cb6dd02a-2f03-4004-b3cd-ddcbdea43ddd,cet6,10,0.3876
b7203f9a-0458-4156-934f-78c6f2bca222,cet6,19,0.7365
411e1801-5cf6-4446-953c-c74eb97df161,cet6,3,0.1163
323af8b9-7b22-470f-a101-9f0662de6f21,cet6,1,0.0388
5232981e-08e4-4bd7-956b-6350f5615b6b,cet6,14,0.5427
bcb270eb-b1ae-4ff0-b270-a9a30fa82a6f,cet6,1,0.0388
d401ec38-b5b6-4728-ad7f-9ce99f2a0185,cet6,3,0.1163
8b0eb09f-5d83-4dd7-845c-7b50c477a214,cet6,1369,53.0651
156c9132-c55b-4546-922d-9925f9d71bcb,cet6,1,0.0388
731b3f60-9173-4448-aae9-e767fe38c0b5,cet6,4,0.155
96e00b1b-87c9-4024-a85f-2ec0c1c5df54,cet6,1,0.0388
6311e82f-085e-422e-b2cb-fe33dd67a01d,cet6,3,0.1163
e88ad660-5f59-4af6-9b1a-1748e0cd98d6,cet6,4,0.155
49567a7e-5e4a-482c-99e6-dfad9ee8f278,cet6,1,0.0388
2b802626-93b4-473f-979e-d5276d3ca0bf,cet6,3,0.1163
329983df-86b3-41b7-aa51-223737d70f7c,cet6,2,0.0775
563aa339-0ddd-4a48-8860-c78032fb1d58,cet6,4,0.155
0a1874ad-d11f-4eed-8345-e3533f3482f8,cet6,0,0
a1414e4c-0381-477b-b44c-4a4a539db9fe,cet6,3,0.1163
4b9e8908-b370-4c87-8599-955f6b583bc0,cet6,84,3.256
6dcf9139-4696-41d8-84d4-d6c5babe5d16,cet6,4,0.155
0e32e5a6-d203-4173-bd8a-a312a7e3ff8f,cet6,2,0.0775
c5a2e314-2d46-4b7e-90a3-d14d9b62f08c,cet6,3,0.1163
8d45b925-a88b-4365-a9df-f9f98b3da957,cet6,10,0.3876
98001258-a3c5-4d0e-8a83-a8996b75da79,cet6,1,0.0388
77d90481-6512-418d-aed7-5d731e8e699c,cet6,3,0.1163
a387f5d1-1e5f-4325-aaa1-9e8fc743029b,cet6,3,0.1163
1db3677a-ea7d-49a8-a0e3-3fe38fb3f6fd,cet6,1,0.0388
595c02fa-4fe0-4227-af25-013ac4e79145,cet6,6,0.2326
8f631c08-4aba-486c-afea-c14bd6c8f0de,cet6,1,0.0388
10d52596-0bc9-42ee-8e75-2daf7a45d814,cet6,4,0.155
c764b71e-5a93-4093-a895-8e704bea3022,cet6,3,0.1163
730b85c4-fd5b-498d-ad74-c43ffd5d009b,cet6,1,0.0388
b68aea3f-078d-4b62-95ee-690917291aa0,cet6,2,0.0775
a5eccbc5-db31-47de-915f-cff5a206b94d,cet6,6,0.2326
caa687a9-cc0f-4343-b5cc-2ebd01d4b460,cet6,0,0
2e1844d1-769d-44c7-b6f8-37026bd655e4,cet6,3,0.1163
0826b98f-4458-4c91-b0cf-a82f546369f1,cet6,0,0
56021207-66e1-4055-a8b2-02197b41ab25,cet6,3,0.1163
1767fe07-f513-4f7e-bae9-ce53724d5f74,cet6,1,0.0388
b2625710-1a54-4fbe-89e9-3c3a4731769c,cet6,22,0.8528
12441980-2c16-4ec0-bf3f-7c7a659ae10b,cet6,15,0.5814
e3d3e57f-b98c-4467-b3ea-e527cd8f128e,cet6,6,0.2326
937d1a5a-dca5-449e-98d6-0cbce2b89bf3,cet6,1,0.0388
e4d6bc07-c856-4b8b-ad1d-9b5f81188006,cet6,4,0.155
ebeb7305-8c93-48b2-8f47-8695ec39f5cc,cet6,0,0
a615b43c-3889-4218-9b14-69bf593568af,cet6,4,0.155
93b05794-3dce-4eb7-af3e-9e45f6d6276f,cet6,2,0.0775
aa11a46a-f540-4f5b-89f0-d1539d390c06,cet6,19,0.7365
8e13a759-fc4a-440c-96a7-6915688b1afb,cet6,11,0.4264
f94e6ded-089d-46bc-ae00-5588d0142cb9,cet6,2,0.0775
66525a37-1efb-4d8b-af11-fc5e824783b8,cet6,37,1.4342
6ad7b579-5e89-425c-8129-f65f6920eb29,cet6,7,0.2713
52bc838e-af41-4b44-9834-263ca544647c,cet6,1,0.0388
3fe4983a-6644-416a-b8a4-c612e226c741,cet6,5,0.1938
673571c5-193a-4775-995c-e52a5b6850e0,cet6,1,0.0388
bee860b4-2140-4a5f-96c8-aee8d00663bd,cet6,1,0.0388
6f2a1c8d-151f-4823-9339-2ae07db4dc30,cet6,2,0.0775
43af0a6a-7bb0-4712-bc6f-83c119cf533e,cet6,3,0.1163
79568bf2-06f1-46b2-bca8-958eebe3be5c,cet6,3,0.1163
6b3f5d6a-ee75-4401-bd73-c68ede5f03a1,cet6,2,0.0775
f1ec67e3-6fe8-4de5-b67e-998c9d5cec8b,cet6,3,0.1163
e0c43c8d-83e5-4257-a6ef-bfdfa181070f,cet6,4,0.155
5f0d442d-0428-40f6-beba-f35d59c6a4f5,cet6,1,0.0388
3687ede4-5496-43e7-bd8c-b0cb95c11989,cet6,11,0.4264
5518c403-c2af-4866-9851-143e2b920052,cet6,1,0.0388
7dea9f98-4441-4337-9497-a1e5ff5da63a,cet6,2,0.0775
6b774fab-2207-46fc-8381-746126e38dcb,cet6,4,0.155
16e08674-43b0-4f0f-8bd3-da2cd950b9b8,cet6,1,0.0388
b7299251-35b2-4f37-807c-f59852af4186,cet6,3,0.1163
040ed47a-6be7-4d53-82ca-72a55537ae3e,cet6,2,0.0775
5d030181-3e65-4187-b5de-6073bad49994,cet6,0,0
6286eb6f-b4cd-418b-ad43-65476c29d183,cet6,5,0.1938
c7f1b201-b739-41ad-ae5c-7f484367b227,cet6,1,0.0388
98061b1e-5f76-461e-b196-59ebffc99ca7,cet6,4,0.155
ab5c7841-ab50-4667-a10b-6a2cbc3abf64,cet6,0,0
0b1cabf4-635a-4c07-9536-842efd4023d8,cet6,0,0
9d22a2a6-ec50-4e08-9641-79d9f60db6e8,cet6,2,0.0775
6e848d07-97fd-4492-a304-fb37f5443762,cet6,1,0.0388
14adf84f-6ea6-4353-bd38-5ba2cf2c729c,cet6,4,0.155
7eb8512f-9ce7-4c44-9250-e59f1b118e34,cet6,3,0.1163
d87da2d8-d0cb-4362-a1c5-24bf38b067fd,cet6,1,0.0388
b0779866-653d-4861-ba34-4ed702d0ae75,cet6,3,0.1163
d2a68966-949c-46fd-bdb6-af36c9590d06,cet6,76,2.9459
dfd38491-4b06-41c0-ab8a-d9314e603c91,cet6,20,0.7752
163e18a4-7097-45c6-a491-4294591eabf7,cet6,3,0.1163
35e998ac-8002-4212-84f2-16873d65b773,cet6,61,2.3645
ed1013cd-ffc9-46ed-857b-674e82e9637b,cet6,2,0.0775
b5a36f71-ffb9-475d-83d2-73b8e3477e89,cet6,9,0.3489
5cd4d38d-d339-4ad8-bdc4-bc574b6241d6,cet6,4,0.155
361e14c0-6feb-4cff-a31f-f38226c9bf5a,cet6,2,0.0775
6ea8d502-700f-439e-90e1-ed2dd00ebd08,cet6,5,0.1938
367bae1b-7ca4-49a5-89fe-2fbc1b0bd2d9,cet6,6,0.2326
856f8628-8bb0-4642-a309-79f4e5c90707,cet6,3,0.1163
47da4e70-c4af-487b-8e06-1c2b857279b2,cet6,6,0.2326
61354096-1f02-4e52-a466-1abfb504cdbb,cet6,1,0.0388
e42870ed-dfc5-4042-887f-f3a1f137f9a4,cet6,4,0.155
4e4c1a5b-c122-41c1-a937-66200b34a1ef,cet6,7,0.2713
ef4bf819-bd13-4487-bf15-7e678682624a,cet6,5,0.1938
fb087dcf-56a6-43a2-8434-3209470dc593,cet6,1,0.0388
a6979ef5-850d-4462-83d0-48817dc5d5c5,cet6,9,0.3489
573829ee-36ec-4c6d-8797-16855e4e4c8a,cet6,0,0
65e0309a-3317-4afc-941a-6239be28ab08,cet6,3,0.1163
348890d3-deef-4ded-a8ac-c17788b3477c,cet6,2,0.0775
39c6dc56-e4e1-4a65-82d4-b141c4d7392c,cet6,5,0.1938
3f37e0d1-4f3d-4d4c-9c1d-2f57bb512f6b,cet6,7,0.2713
de1b4d95-c7ea-4a67-9966-c0d422ee2b94,cet6,0,0
dc1f9549-e6d6-4038-be97-9a087a81b5eb,cet6,0,0
641dd215-830e-4413-9ee6-87a39480b7ce,cet6,5,0.1938
6973debb-531a-4fcb-b726-cd07808519e7,cet6,7,0.2713
3e471ff8-d8d2-4aec-8ba0-42345e08448c,cet6,0,0
768810d1-d984-4b78-bfcc-5608039d1188,cet6,6,0.2326
3b283a12-4f66-4ea6-8dd2-17f1a03e0cad,cet6,4,0.155
6a495e27-1266-4d2b-91db-baa03a1a62d9,cet6,2,0.0775
cde6da16-29ad-4e35-8562-fb8b4f0603b4,cet6,30,1.1629
83640dbe-9c73-482c-964f-333563add897,cet6,0,0
b81ed055-fc78-40f1-9dbe-b4033b0420b8,cet6,3,0.1163
46a946c5-e114-4b16-9390-957ddf4253ad,cet6,3,0.1163
860c37f5-92e6-4c1f-a6fa-f3765cdb61f2,cet6,2,0.0775
f1aa501d-6b72-40ec-9bf8-f6057af92235,cet6,2,0.0775
71736ad4-2272-45f4-a41d-01866e598ff1,cet6,1,0.0388
1a29c9fa-30a7-4f1f-a9e5-2f0dbcd49b96,cet6,2,0.0775
55887267-be59-4c61-b73e-2a5a45a9124c,cet6,2,0.0775
26b15789-f604-4560-8e1f-92c67123a0a8,cet6,1,0.0388
7661f38f-868b-40db-b5e6-0d8870245ac6,cet6,5,0.1938
3435a29a-8321-4b09-80ea-55a3afb38658,cet6,8,0.3101
e8a18158-8cad-4339-bc73-0bd06cb69f9b,cet6,130,5.0391
f9262e91-4970-4387-bf67-2045fd0013ec,cet6,5,0.1938
93a2ba10-e7d6-4a2e-90db-c7b55d978ca4,cet6,1,0.0388
c2396401-0ebd-4d43-a117-8b317dbb4855,cet6,2,0.0775
f267417d-1c30-4551-a7d2-29b123ac2019,cet6,4,0.155
2cef2b43-ed76-4869-8662-4a841b75fbc1,cet6,0,0
ef8276c6-df7f-44e1-a028-82a2fecae88e,cet6,2,0.0775
91adc7b6-93ea-41d1-bd70-ecea0c48e403,cet6,1,0.0388
ae2acad2-0b06-4530-9756-d203598eb1bf,cet6,4,0.155
2ce66a5f-26c4-4e74-a6cd-6948f7f3ed48,cet6,2,0.0775
c1d8502b-e158-4adf-9885-b9e273b6757b,cet6,1,0.0388
ed0f95a8-d1f5-4021-bb2a-18ee31b4e254,cet6,10,0.3876
12150847-5387-4c66-9ddf-1fd9ac63bf8e,cet6,14,0.5427
0eb5ce01-069a-4f04-af8b-739861ed8129,cet6,105,4.07
ff8327d8-7912-4ff5-ba99-87702d546c61,cet6,10,0.3876
46bb2ea9-656e-4718-b46f-8bd163d185f0,cet6,4,0.155
b2d07a20-0619-4920-a168-e2b33d5029d5,cet6,1,0.0388
5599a20b-dc3b-49c2-84f2-6b4135e2c5ab,cet6,0,0
652ac954-bbcd-488d-856c-fcf1d62b786d,cet6,2,0.0775
c78c0e0b-7846-43ce-bdb8-b42132f74145,cet6,1,0.0388
8118d41e-61ff-48ff-a159-8a990dcb3787,cet6,47,1.8218
1eda8811-ad9b-4d92-8e85-87c261159023,cet6,2,0.0775
92cf514d-fb10-4e23-a5d7-bf7a1cf4f8a2,cet6,6,0.2326
a3e49616-872f-4600-b774-572d8bb395f1,cet6,9,0.3489
256c7701-ae6f-4976-aed2-b9ceb26a8400,cet6,4,0.155
4445c594-bc24-4f76-939c-1b3e6f321d62,cet6,1,0.0388
df50fc20-a343-42e0-a1de-51fc00247938,cet6,2,0.0775
ed08ef47-15cb-4473-9133-1a725825aea2,cet6,23,0.8915
2d630cbf-8ae4-4313-a304-071bbd3e36eb,cet6,8,0.3101
6d291bee-b2ba-49e8-a6ee-057728b71949,cet6,1,0.0388
4832e929-41aa-4b03-b5cf-08c94c2db27b,cet6,6,0.2326
4e324b9e-36b7-4fe6-97ea-6d5c43d36b94,cet6,1,0.0388
7c6ab201-a322-415c-b721-6a7aea9b8da9,cet6,7,0.2713
e6aa8682-2c1b-4a51-a31a-6d932dd88f24,cet6,1,0.0388
b75f149a-271a-4852-8800-0ea17aa4387c,cet6,1,0.0388
efcbc0a3-0302-49c5-b531-50eef3757e44,cet6,69,2.6746
caf41cce-d891-42f2-b96e-42bddd58fcb2,cet6,4,0.155
2663cfcb-51ce-4e3b-aac1-9bc67b855483,cet6,2,0.0775
35969290-a192-496b-a379-104881891a62,cet6,13,0.5039
05606688-a6fa-4a95-934a-b0e716d8ac08,cet6,27,1.0466
a52952e1-c6c3-4e7f-b587-867498b1f0dc,cet6,59,2.287
a74093d2-0239-4aca-a511-7a06bb09550e,cet6,6,0.2326
8ce13ac2-0f43-4806-81e0-a0ad3557d4a5,cet6,18,0.6977
b59e8345-9005-45f4-aa8e-e87787049865,cet6,5,0.1938
128700ed-6fd9-4b88-8699-7a6255547f90,cet6,9,0.3489
a3d1d5b2-3aa5-4f01-ac1f-64793d3f0b84,cet6,6,0.2326
892e9c91-8e44-4f9d-981a-ec8cd541688d,cet6,0,0
a1638329-677c-46fd-a366-5860b0045770,cet6,1,0.0388
3746f5eb-b761-4a28-8cf7-e56231f514ed,cet6,4,0.155
f1bb3684-f729-4356-a7b1-719ef16ae68d,cet6,1,0.0388
6538406c-421f-483e-b42e-c341d113dcdd,cet6,12,0.4651
65f6dc38-7b39-418b-87a3-62b57d2c84e1,cet6,0,0
81e2d436-a5ed-4a80-9cee-c0ded584a4ba,cet6,6,0.2326
3dc9ddd5-e866-490e-b62a-606848800c2c,cet6,3,0.1163
09750533-6b08-426f-98c2-b20b8aff99c3,cet6,0,0
8420bfd9-1f96-47f8-8df9-1ddc6a31bc11,cet6,4,0.155
f98102c7-9f0a-4da9-a6f0-782dabd8bb62,cet6,2,0.0775
0884f042-1d0b-4e99-a5f0-324ead3df39a,cet6,1,0.0388
3004f27a-574e-4c16-af95-c3b4f24da2ca,cet6,19,0.7365
42395019-9d03-415f-8ac8-66a78e3abb5a,cet6,6,0.2326
a23acb62-2b79-45b7-8c8b-26ecb4107e28,cet6,10,0.3876
c6af92fe-3a6b-49c4-bd0f-8cde39fb3f1e,cet6,0,0
24df699c-883b-4abb-bed0-f2eb2bb7842a,cet6,3,0.1163
e18bf949-35ff-4328-9736-81039377deb9,cet6,4,0.155
755b6d25-b72d-419b-91c9-00dd992f032b,cet6,1,0.0388
f732010a-70ff-417b-b80d-78b93a4591fb,cet6,11,0.4264
6d2769b8-fb93-44fc-952d-0cb29cadb430,cet6,17,0.659
b3406b21-e3d2-4309-b3f4-b110f5eb2326,cet6,2,0.0775
d92e29f7-3d25-4dc7-89e6-9efeb20946e7,cet6,3,0.1163
2c992179-8e1b-4b18-904b-6918a654e9c9,cet6,12,0.4651
9f779860-8220-45bd-8ce1-28b9c842f21d,cet6,32,1.2404
3e2f542c-a715-4a61-a359-fc412602746d,cet6,1,0.0388
a5302102-3ebd-4144-97af-114b326a4d5e,cet6,1,0.0388
ee653428-fe12-4dd6-9ea9-a82e02328b37,cet6,7,0.2713
5213e1cf-2885-4fc4-aa0c-fbb24bedce7a,cet6,4,0.155
13f5010b-1cc9-4c86-8d47-1acfa517e776,cet6,4,0.155
1d702e65-43d2-48b8-b196-933613f93df4,cet6,3,0.1163
77dd2066-b22d-4d8d-9f83-c7c6aa84a89f,cet6,3,0.1163
9626b66e-4873-4129-9b40-4997f3d8cbf3,cet6,46,1.783
664cf7a3-d380-4836-bb29-6521189b2e97,cet6,1,0.0388
956089dd-0296-4647-9973-dc2074f27862,cet6,5,0.1938
22c12c78-d07c-44c7-8393-c9ee2226fa21,cet6,13,0.5039
b9fc7eca-6779-42e0-9b2a-be3bb56c9559,cet6,2,0.0775
d49f4ce6-2cd5-4f7e-8c0c-6d44fc67ae76,cet6,5,0.1938
08c97211-1f5d-4ea3-a593-a35467b06f95,cet6,0,0
d6c3e365-edf6-4318-9647-bb14be19592d,cet6,3,0.1163
f6aa18aa-9551-4d0d-8bd9-03c054657460,cet6,1,0.0388
8955b4d3-c440-47b0-b7fd-d3606c5545d5,cet6,2,0.0775
238f1a64-28ee-48b3-997e-3bf129040b53,cet6,1,0.0388
4a8d82c4-efee-4a19-ba1b-025f360c3404,cet6,128,4.9615
f04fe771-be23-4627-bd78-8a6bd1d35246,cet6,6,0.2326
e2f10e8a-9333-414d-8a7d-565ab0d65c92,cet6,1,0.0388
4062aef5-0089-454f-be62-235c25df6e3e,cet6,13,0.5039
eb5dda07-8dc1-47a5-a8ad-9c5959db60e8,cet6,0,0
b75dedf3-c5d7-4269-9749-0fd46c43da90,cet6,1,0.0388
65a33858-aad9-4532-b77b-20f966a59ce1,cet6,5,0.1938
2a7260bc-6acb-4bc1-9b15-62eaabf7837c,cet6,2,0.0775
9040342c-cd8f-4131-8302-b1277253f3e1,cet6,7,0.2713
b8ebc5b5-54f4-4c31-8dd0-fd111248d1fa,cet6,1,0.0388
d1be15af-e80d-4579-a8cc-81ade2687fde,cet6,1,0.0388
0564de84-f445-4c88-a463-f111cec876da,cet6,1,0.0388
b130f1de-8b1c-446c-918e-e979a62b7f37,cet6,1,0.0388
41b41bb3-78ff-4efa-b48c-34d4a1855751,cet6,1,0.0388
6eb13c41-6e45-41d3-8ebc-b399a1ec6746,cet6,5,0.1938
29b9aba8-8ba2-4e33-8665-9e55fad3ed37,cet6,8,0.3101
56e4262b-376d-408c-a592-b26a87d4426e,cet6,0,0
595d52ba-1027-4853-bd03-8fc9636122e0,cet6,4,0.155
94ff500e-1ca2-448e-8efb-bccbb781bc09,cet6,2,0.0775
f7a0c1fe-7640-4202-880d-967b16c3c60a,cet6,4,0.155
9cb392ff-388b-45fe-8712-904c6a696395,cet6,2,0.0775
49c240dc-af56-4d83-988e-6599b2476673,cet6,1,0.0388
956efe54-96b2-4477-9ad4-b234201511c4,cet6,6,0.2326
9df4599d-1378-45f9-a53f-8b3398d21299,cet6,3,0.1163
11e29b4b-f92b-44a5-adc0-e1bbc36ccb39,cet6,3,0.1163
f61838aa-1a4f-40c0-b35e-9f87403ec854,cet6,3,0.1163
7674f79a-35e7-4c9a-82fd-20a2d3b73a66,cet6,4,0.155
4a58b9df-ac28-4cca-949a-e0d542d75710,cet6,2,0.0775
47226b1f-ec6a-4c40-866c-98974396012a,cet6,2,0.0775
173c7cda-84d2-4116-9a08-90f9eb554e48,cet6,3,0.1163
33f336a4-54ba-4eb5-8347-fad165d3931d,cet6,3,0.1163
baec101b-19df-42c6-b03e-06c49761899c,cet6,3,0.1163
016d0887-e4fe-4b4c-8f40-3dc2a18528b9,cet6,5,0.1938
13ddb609-7596-45b9-9532-dc0e6ee20e16,cet6,20,0.7752
143b57a1-97ed-43da-a8a4-8efb91079531,cet6,20,0.7752
d6d86a02-0c15-4d7c-aa24-2e9258021c93,cet6,3,0.1163
e7e5e911-c95e-46ab-9219-eab74ff63b5c,cet6,0,0
fc46eba7-478c-4ecc-9a2b-6eafb442fc75,cet6,1,0.0388
66b99c8f-0072-4196-8e98-93400264ed95,cet6,1,0.0388
043d6b48-37ac-442c-a544-7f15b6fce9d3,cet6,1,0.0388
406fc7a3-31e4-4cfe-8e57-bedbd5e58229,cet6,3,0.1163
1edbc373-11d1-4c52-9707-04241bd73f16,cet6,4,0.155
a49e8064-f421-4a81-8cb1-85173beefbe2,cet6,2,0.0775
82bc30da-3f02-41d0-bbe5-36d9575cd3b8,cet6,4,0.155
e5b492f5-c19e-401a-8ccf-97c168d7f7c4,cet6,5,0.1938
07fc2e03-1025-47d8-bcb8-102b30db6a29,cet6,3,0.1163
4b1750cc-14cf-457d-a539-171a9fe57e2b,cet6,1,0.0388
1fae820e-7383-479d-95c3-5fa26e55abb8,cet6,6,0.2326
ca48d0fc-3119-485a-94fc-5ce4b27609a7,cet6,1,0.0388
31293e9a-ef5e-471d-8aed-7d82a1d3e8a6,cet6,4,0.155
43fbd724-750b-4bc1-8135-e1f18a78efc3,cet6,5,0.1938
ac7aab71-8b50-45ae-a17b-65051d3b6742,cet6,1,0.0388
c891015e-9943-4e63-8f28-5554b7f4b962,cet6,8,0.3101
0a717951-c4a8-438a-aaf7-1dd6146caf3b,cet6,4,0.155
f7ed1c78-f639-41b8-8194-c4e2a2ebaf12,cet6,2,0.0775
c5b3831b-40eb-478f-b60a-4a86e8916959,cet6,6,0.2326
711230bc-c6dd-4ae4-860b-506e2685473d,cet6,1,0.0388
d6776a68-03cd-4629-9a44-2248fe33ff6c,cet6,1,0.0388
488a8251-89aa-4d47-9052-25d45a488ee7,cet6,2,0.0775
dc3ddbe9-3c29-4172-9bbf-d5309b7185b7,cet6,1,0.0388
01c0c290-5860-4956-b75d-871d585d12e8,cet6,2,0.0775
cb347f4a-c9e8-4f9f-a6b7-97369f9c334b,cet6,2,0.0775
98909896-f308-4011-aaf5-c4eb079b4e59,cet6,3,0.1163
6aceaa33-1cae-4e36-8c8e-f163f729c2b7,cet6,1,0.0388
4cb9a6fc-41c2-49f0-bf20-4ce59ae67114,cet6,4,0.155
4afdd21f-6bff-403e-be44-868b8d35237b,cet6,1,0.0388
e8560844-6952-40ab-bdbf-c9912ca74b5b,cet6,0,0
75c1d334-85c5-4272-a1d0-a0acf844ba78,cet6,27,1.0466
e44051fa-2c99-4d10-9268-a98c29b7f67b,cet6,2,0.0775
cd9d1d70-da82-4ec3-aa6b-405fa7380d02,cet6,1,0.0388
b63e1996-c84e-4d7b-b6f3-48f27b7b895c,cet6,25,0.969
83e103e1-e304-4a7c-be03-5f25388b4ecd,cet6,7,0.2713
56a602a1-2eac-4a3d-a177-697fd83a6c68,cet6,0,0
7364183f-4aa8-420d-871a-2a8ec3b75e3d,cet6,10,0.3876
851893bb-cfae-49ee-87b8-699bf8f155c9,cet6,3,0.1163
ba3fd9a8-2900-4771-a51d-a87dad13bcdf,cet6,4,0.155
ba79093d-a96f-4a23-8bd7-2694007c4413,cet6,0,0
e0f5441f-5149-448c-83a4-fcb103a69953,cet6,1,0.0388
4d911e09-39ee-4c04-97ef-4e2bdab7004d,cet6,8,0.3101
3f40ad3a-071e-4a7e-acbc-abd3300284db,cet6,12,0.4651
e0c84d68-aeb0-4ae0-9cb3-2de3a83d43d1,cet6,2,0.0775
7acf8b7f-7030-46c0-b127-e42832ad83ab,cet6,2,0.0775
e9059aba-625c-4d34-b185-75c1016e0e80,cet6,7,0.2713
a8bf7e84-300c-4a39-b762-ecc7231d31d7,cet6,4,0.155
70f9dcb1-56ce-41b3-a3cd-339daef0b5cf,cet6,3,0.1163
e5e218c3-a7e3-43a6-bb3b-a665b632b81c,cet6,0,0
60645740-becd-42a9-8f70-52bc9391dbf0,cet6,118,4.5739
f05a07f2-170b-4ac0-85a2-1ea9fec6db1f,cet6,2,0.0775
2402eb84-5e3c-45d6-9e5f-394047895aab,cet6,1,0.0388
317bbaed-71bb-42b2-8685-e8b63bf3105f,cet6,15,0.5814
d5d32731-48ed-4063-85d1-14b322a7fd56,cet6,2,0.0775
74dc3215-b52f-405e-b0be-769116d8ca4e,cet6,2,0.0775
73a233ca-d5a2-4ec2-9567-8087cccd7740,cet6,187,7.2485
8b5d72eb-7559-4e9c-aac3-c9e041fbedfd,cet6,5,0.1938
b782f2ed-eef3-4a3d-9fc1-0b9f4fe3b703,cet6,2,0.0775
08b5b6d9-4774-4a91-b368-385d6d6c5f93,cet6,2,0.0775
b0886c3f-328e-4df6-8e1d-47f1253a6288,cet6,1,0.0388
fd59c065-0a25-4621-bde0-354a6256a123,cet6,1,0.0388
31b7cd70-c824-47b9-b94c-7aa29ff97829,cet6,77,2.9847
3e7b8d82-96ac-4f8d-8c60-db3ccf9797fa,cet6,0,0
f897e248-a3af-4ca3-901b-53953aaa0ece,cet6,1,0.0388
6c947c34-3cd6-47dd-b2f4-97cfe44a802e,cet6,5,0.1938
c2f927ae-2eec-4c2f-9f4a-07a15f8d6bee,cet6,1,0.0388
3e745ff2-1a74-40a1-816c-55f6c3be96d6,cet6,1,0.0388
ed614a8c-bbee-4d76-8ab3-087c38cb6a77,cet6,4,0.155
078b94eb-0ff6-4345-9a03-b9a4b7dcb241,cet6,1,0.0388
4e09ee5c-3408-4d22-b617-4b9cf9220f25,cet6,0,0
76424592-3d38-4658-81d0-35fdf8078164,cet6,1,0.0388
6bf60c87-76a3-43d5-b772-e3d27dfa35c4,cet6,5,0.1938
8a9eea27-944f-42ae-8e10-fa3e78ac250a,cet6,1,0.0388
f53a1ff4-389f-4ecf-b841-e6aa2362ed62,cet6,7,0.2713
518dfcfd-da3a-4b0e-a22a-12eef7628cdd,cet6,4,0.155
fb9a96e2-4ad1-49ae-b6a5-53883099fccc,cet6,170,6.5895
94df1479-5d70-49a1-9536-a7521a427115,cet6,3,0.1163
4a4c438c-be21-4931-8d37-b779ea91b9ec,cet6,4,0.155
c2a80261-f5f7-421d-a798-02fdf37e2f83,cet6,1,0.0388
367b3a3a-c106-4f9b-a9c2-781767f2cf51,cet6,3,0.1163
e2ceb207-4cfd-4991-af54-c60dbf12cbc7,cet6,1,0.0388
e34fe7f0-35ad-4a2d-96ee-52df5772008d,cet6,2,0.0775
162358e6-f91c-46df-9ffb-9ec710688354,cet6,3,0.1163
3aae7f2f-bb92-4a67-ba11-0358bfa28e4a,cet6,6,0.2326
731bcd95-a474-4a56-816b-5932b8763b1f,cet6,1,0.0388
5de927e9-b6e0-4bb6-81ca-5141bd5615f7,cet6,2,0.0775
3a7f220d-6fdb-47d5-9390-8cde3f171c84,cet6,5,0.1938
612d3344-974c-40eb-80e3-85a95d8e394e,cet6,3,0.1163
d6c99bef-1949-4d6f-a7e3-5d1f53975c50,cet6,2,0.0775
9db2642e-24fa-47af-a306-512d72cfaf0b,cet6,4,0.155
7a07faec-3404-4c42-aea3-27d221a61a5b,cet6,1,0.0388
1e2a425a-d0db-412c-a885-dc12c0296eee,cet6,5,0.1938
ec0d1e23-e405-4fa2-8feb-46881b44f5bf,cet6,1,0.0388
a000dc8f-4042-473c-a5bb-59c017a0d2f7,cet6,54,2.0931
05a40edd-ca71-4ac2-9f8d-816c47d07cc1,cet6,1,0.0388
19e43ce6-0758-41fb-bfa7-bf57adfbd4d7,cet6,4,0.155
96d6050f-5e3a-4912-9988-e77149591bab,cet6,2,0.0775
1edc3fbf-696d-4947-935c-c563d14930f3,cet6,1,0.0388
a205f216-8bd6-4c4d-ae02-42e4f9696399,cet6,4,0.155
5dd65959-a1eb-4155-9b5f-19cd1da106e7,cet6,0,0
2de6f552-f591-4c66-8f11-cf058c13a31e,cet6,1,0.0388
8192e1fe-e7a3-4875-8f8e-3a6bbc8c0fdc,cet6,4,0.155
34a7763e-927e-4409-82b4-b75c55f44f26,cet6,2,0.0775
c2177088-610d-4b17-9359-90eafbd1c77e,cet6,3,0.1163
eebde4c8-e265-48f0-a3c3-0ff7ceb658e3,cet6,7,0.2713
788a2256-43bf-4b7e-ab10-45f3827cbbcf,cet6,2,0.0775
2157fd32-649a-4aca-b67c-f55f1e8401f1,cet6,7,0.2713
3523e57b-ba36-42ee-a78b-8e9db626e46e,cet6,4,0.155
8ed70ded-f47b-469f-9684-88ff3a201c70,cet6,3,0.1163
12715d7e-a23b-4515-b4a9-bd64e1cdb310,cet6,5,0.1938
0991058b-9847-4c2f-a807-3ec203f06752,cet6,20,0.7752
dba7591b-2e64-4bcc-a890-e1d1a6f9becd,cet6,1,0.0388
25f49117-98c7-4347-8fec-15331e7f3617,cet6,0,0
d7177796-d9fd-4880-aa51-0baee5222e3e,cet6,6,0.2326
28dbc1ba-6301-4765-b8cb-0b33083ea130,cet6,2,0.0775
cd67ee2b-40a8-4e6e-a9eb-5d04797edc6e,cet6,7,0.2713
cd3205b4-1797-4ebd-9e69-469c1fed927d,cet6,0,0
5e0b01a7-460c-4245-bf7c-be08a266955b,cet6,74,2.8684
a4fad531-da5b-4b53-9472-880e8f0d8238,cet6,3,0.1163
e3e5014d-271b-4b8c-adae-e72d2e6b4ef1,cet6,2,0.0775
7fd50798-9b78-4502-af17-9e93f7e34b21,cet6,1,0.0388
2b6e67e7-ce7c-4f37-bf6f-abee7533c22b,cet6,1,0.0388
267c7086-1fd4-4a34-944a-13d85d6c8532,cet6,2,0.0775
a40678b3-1178-4f83-acc0-14347cc82842,cet6,21,0.814
71cfe034-6cfd-45ee-b043-ab25dcec3ecd,cet6,2,0.0775
2fd620a5-8c03-4102-843d-3f166906e51d,cet6,4,0.155
956d86ef-c90c-4b8f-bda2-9b9bd5f0b1a8,cet6,0,0
6735b213-80ca-4659-8a30-0555219cad48,cet6,1,0.0388
956ca3e4-66ff-4466-92bc-7c9b9fe57c2b,cet6,2,0.0775
8818ebae-1ad2-4fe9-a3ea-bbf7bf06943b,cet6,2,0.0775
1f7127f4-a571-4096-972a-4fc95d94d0d0,cet6,2,0.0775
ba1da737-f9dd-42d4-b7f9-4135c649bd4f,cet6,9,0.3489
15b315f3-415f-4aba-9ad3-94db4e897aa9,cet6,4,0.155
a06bf2da-ce28-4dde-b615-7fcf86c41119,cet6,16,0.6202
d2ee8240-2035-42b6-a96c-e2e49d50555e,cet6,0,0
9eb46f1f-7ef9-4ee9-ab40-28f1e07a51d5,cet6,3,0.1163
bc39234a-f982-4a40-be9a-56b20263b654,cet6,5,0.1938
946c0580-afa2-4b75-b336-fbe090571a9e,cet6,9,0.3489
a0a9b0f4-9d6a-4420-a79a-e6a2aa001f08,cet6,24,0.9303
b84e1867-136b-4207-bea8-02e5c95d81b2,cet6,2,0.0775
c8cd73f1-b2c0-4bf4-ad12-fdf579b3a8c8,cet6,2,0.0775
e1ffe0b5-5684-43c2-a059-7fc5034bd757,cet6,16,0.6202
32c215a4-739b-4082-8405-b1fb3bec0090,cet6,1,0.0388
32b4b84b-158a-4fe0-9096-febcf2111213,cet6,0,0
e294a63f-0832-4ac3-bf57-936719b3e0c8,cet6,3,0.1163
62928384-3db9-409c-abf3-5c111e4be75c,cet6,8,0.3101
7f4b5fd9-f5be-419f-8378-65fef0a30c22,cet6,6,0.2326
bab29c57-d8f9-4716-85c8-eb693211cee4,cet6,21,0.814
6c02e3b8-c07d-4d71-85bf-39f1f2c14039,cet6,18,0.6977
a4865ba0-c1c0-488b-8494-8374edacc792,cet6,15,0.5814
128fe33b-d038-4f66-8e5d-e2920d541fc5,cet6,5,0.1938
116944b6-bb2e-4987-af9d-d9e9560a9a23,cet6,3,0.1163
92ca3910-e09b-4780-b1cf-61e299095181,cet6,2,0.0775
1caf16a2-bdea-4704-b119-50af402b3b77,cet6,3025,117.2549
348481c0-fac1-4b14-8357-f5f990edd5a4,cet6,4,0.155
17762242-0b91-4998-a259-5c61829cafa8,cet6,3,0.1163
2af7f041-db3f-4977-bbe1-be66d8c4782f,cet6,11,0.4264
42e75f21-cecf-4d12-8ba4-ba248d939a69,cet6,2,0.0775
47b10f56-793f-464e-a291-be3407e41e55,cet6,30,1.1629
2c437c71-8685-468b-8cc7-3288f161870d,cet6,2,0.0775
983e8f44-caef-46d6-a3d8-4916fbba8ae9,cet6,1,0.0388
a2c86686-a8d6-4d6a-8537-8fcf3c1237a8,cet6,10,0.3876
8f69bf18-4123-4582-93e7-3bae37a503d4,cet6,1,0.0388
e6da6705-5245-4dcf-a705-1b093d0c17fa,cet6,3,0.1163
d0020ee3-b354-48d1-a2aa-f8add52fe8fc,cet6,2,0.0775
ff397c7f-9bda-44b1-99b0-29f354382aac,cet6,1,0.0388
1872289a-71da-434b-b52b-2dc12a5cb7f4,cet6,0,0
da4ad4b3-849a-4dd0-9ba5-ea4638ce26ed,cet6,6,0.2326
439cfa23-92d4-4ecd-beb4-635a18a67e7c,cet6,17,0.659
b538be5d-6ae0-41b1-ba18-10c2c7b51154,cet6,3,0.1163
c68091ee-d613-4930-bf69-1234b6ff5f36,cet6,3,0.1163
0b6b379b-9b72-488c-a7fd-7de80b3752ab,cet6,4,0.155
5a205568-83a3-4253-b116-0b09c56241fb,cet6,1,0.0388
bcd119d6-164b-434d-9a11-20aedb4d7c27,cet6,4,0.155
06bbd20d-306c-4666-a077-a75c7552707f,cet6,1,0.0388
fac51b58-a2ed-4858-ab36-df32e86d5c88,cet6,1,0.0388
bfe11b56-4f84-443c-b6d9-1f636864c96c,cet6,72,2.7909
e335846e-6654-4eb5-b2d2-b6bbe63bbd90,cet6,1,0.0388
05c7dc75-2525-424a-ac8a-7fb3509818f8,cet6,2,0.0775
8050b1d8-0366-46b1-b8d3-7ed957467dcb,cet6,1,0.0388
bfa9407e-b4e0-41d6-9e58-b3377591d9e6,cet6,0,0
3d298ad5-2d3f-47fa-a777-8ab388b4b2ae,cet6,3,0.1163
02422498-21ca-427c-bdcc-52668f43a0b3,cet6,2,0.0775
9b04161f-9744-4a69-b2db-e4030470e771,cet6,1,0.0388
c74b4b3e-d7e0-43c0-9e71-d5df04389228,cet6,1,0.0388
c127c226-b10a-4a7d-85d9-bdc1c805348e,cet6,2,0.0775
b6160f6b-1e35-4a7f-8ed6-7371ec29f086,cet6,2,0.0775
ef050b69-e086-470c-aa3f-ace9fb62cdbb,cet6,3,0.1163
0618ef60-fe47-4e40-857f-0cb8677f9bc8,cet6,4,0.155
1d664ecb-c4be-4659-8f59-4b100b9e1402,cet6,2,0.0775
8fafca74-fb35-4621-a60d-b588917c0f46,cet6,130,5.0391
82e5da09-9205-456b-9e3b-e5932f9736f6,cet6,2,0.0775
3344cd57-27c7-46e0-83a0-e1c4a33335a6,cet6,2,0.0775
1a5d8b8f-02d7-40d9-bd95-c62f3f8d4995,cet6,49,1.8993
6275a509-6bd2-4ccb-9fc1-3394ce9f0219,cet6,38,1.473
7513304f-7591-4e3d-b8c6-fecf9291cf9f,cet6,4,0.155
03e2db6c-14f2-49a1-a374-93851426727f,cet6,1,0.0388
8f108ffe-bc56-46eb-a866-6238b95ed293,cet6,65,2.5195
40c57554-bb5d-437d-a59d-0549bfbb1f59,cet6,1,0.0388
211c7613-b40c-437e-a794-2827fb89d860,cet6,0,0
35e7e6e0-92ff-4ce6-8270-a41a46e5d471,cet6,0,0
96f75e9b-c075-4620-83e3-8af964e3bae2,cet6,2,0.0775
a0ca5459-389a-4488-b627-0a2d04313707,cet6,0,0
4d3b1984-6f37-4b1a-92ae-c172a757d5bd,cet6,525,20.35
ce483aee-71ce-4a31-8984-884061e0ec43,cet6,7,0.2713
4b776e88-b933-4724-86b9-cd19c154d0d8,cet6,0,0
cb5f9e4a-1a64-4bec-87fa-83f73a7e6deb,cet6,51,1.9769
eaea3ce4-0e28-498d-a9df-00da6c70ce87,cet6,4,0.155
67ee655f-6a56-490c-940a-d842d980268f,cet6,16,0.6202
52908f49-6dd8-4b59-a2fd-284f3a9549de,cet6,29,1.1241
f09cc6fa-6947-441a-8195-5a0f91772bd3,cet6,4,0.155
8bfa31b3-85e3-47bc-811d-9c8428c3a2a3,cet6,5,0.1938
38acf722-55df-4f07-9786-1130a6bd0e43,cet6,1,0.0388
e8c307e4-6181-4478-930a-1c921f90249c,cet6,9,0.3489
1b535fb6-de2d-4501-95f2-a2d6a8683366,cet6,1,0.0388
c0023077-aa79-4909-9cce-e2c15c4f7891,cet6,0,0
c408fe32-a9d4-48d8-8702-6b043049b648,cet6,0,0
e470e02f-9aa9-4139-a57d-7aa34b557d9a,cet6,6,0.2326
5be44804-69fc-4c5c-887f-01481377f35b,cet6,2,0.0775
d9d9e0f4-2839-42dc-9bb9-1f1556cd1d74,cet6,10,0.3876
bc603272-7c07-4c77-aed3-e0dd917301da,cet6,7,0.2713
e440fa1e-744d-4496-930e-89e8970c8759,cet6,2,0.0775
07b735d6-5fbd-4715-a0d2-56ac89baae0b,cet6,5,0.1938
7fa5f7a8-bf61-4e83-a5bb-dfa82aec58f9,cet6,4,0.155
19fffe2c-3f18-4d3e-84d4-1848d7f863c8,cet6,3,0.1163
cf4779e2-c109-4f97-884f-92be6c8bc6b2,cet6,4,0.155
21a25bc6-4352-4126-a305-c3a618d6be08,cet6,2,0.0775
c5a1f118-85d2-4829-92eb-fea4a7ca8717,cet6,2,0.0775
78371c09-7fc4-4b3d-9234-07a6d7df2e36,cet6,2,0.0775
3b52f349-5d21-4677-a407-8c816394ba2a,cet6,2,0.0775
6ea0efb9-699b-47fa-81ef-dfb352559599,cet6,1,0.0388
f141733b-5dc0-4f0d-a258-1ab5fbc6714c,cet6,1,0.0388
e76a5f5e-6245-475f-9731-30d8bf54c317,cet6,2,0.0775
7632731a-d19e-4ea5-ad4b-f547d00f1248,cet6,2,0.0775
55f9eb8c-030f-4a90-94e6-e1680f7ebf43,cet6,2,0.0775
abc2559b-3b58-490e-b27d-d1690ae20517,cet6,1,0.0388
cad8760c-d0d5-411a-a606-aa564f85eb76,cet6,4,0.155
1f2d45cc-2ed6-441e-83e1-df94421cbf94,cet6,2,0.0775
8e0e904d-2874-4405-b387-865dfacbc664,cet6,59,2.287
9f3a744f-a79a-4709-90ea-f005ce8bf12a,cet6,1,0.0388
bdb630b9-ae0d-472d-be29-cec73bd698c9,cet6,0,0
fe10f182-5d44-42b5-b943-9a4be260a413,cet6,2,0.0775
9d333555-d4ee-4cf1-94ec-051596b20d54,cet6,2,0.0775
6349a294-4eb5-4dba-8367-39ed4ecc6159,cet6,1,0.0388
cb5958e1-c05c-4009-b9e1-afc62e55bbdf,cet6,37,1.4342
84435736-a8a7-4016-931c-c3e2788805eb,cet6,0,0
8e100839-13e5-4fdf-8437-8172031b0426,cet6,0,0
cd8dd5a3-b3c1-4a61-a436-8136a6ef6168,cet6,1,0.0388
f82eef8e-ef96-49b0-8d46-8bd2bfd16475,cet6,5,0.1938
8f0dcf5c-bcd3-466d-8bbb-9b1cc7608729,cet6,6,0.2326
acd8d49f-4b2d-4cda-bcec-c4274f90f0d6,cet6,1,0.0388
9583322d-2896-4645-be89-da62176e342d,cet6,3,0.1163
ca0698a9-6589-4289-b459-b18cc350b2a5,cet6,2,0.0775
604f0472-5ad9-4cc1-aa78-d5a6bfc89d41,cet6,1,0.0388
831edf0c-9803-4673-b111-13b490f04b89,cet6,48,1.8606
7d2ab812-81cd-479c-8115-1fdb6e49a086,cet6,2,0.0775
c1e87e6c-49c7-4318-89c4-b4586fc54417,cet6,1,0.0388
2d8a0610-f7d4-4d47-a7bc-8de86c4291bf,cet6,6,0.2326
beda193f-58c3-46cb-9d43-a829845683b6,cet6,7,0.2713
a167dfab-2643-4291-845c-78a32d3d1d33,cet6,3,0.1163
f436f801-e15c-4a7d-9bd7-2daed383b0e4,cet6,11,0.4264
dd159a3c-3610-4bb0-aef3-0c66aaaa4a78,cet6,4,0.155
9e7ca995-c03f-473b-a7fb-133e90330ce6,cet6,3,0.1163
9da44b1b-472f-4b74-9fa7-6be296d91bfe,cet6,1,0.0388
a63cb129-cf45-4602-bc09-ff429d24a2a3,cet6,4,0.155
c95808a9-0be1-4527-acad-fa1976460f2e,cet6,21,0.814
da40ff14-3965-4989-868f-d2c571c93f0d,cet6,1,0.0388
2f83a3c8-5939-449d-b571-276b6b7cae98,cet6,3,0.1163
9e58427e-4302-4d37-9bf0-b37df8bffd57,cet6,0,0
50f6b07c-596d-43d6-b656-db2450874a65,cet6,11,0.4264
8a7b0a72-91d9-4b58-9a7b-8d0bc87085f4,cet6,1,0.0388
fe5c9d18-6fe3-4f4d-b3e1-d6f278abc3d3,cet6,1,0.0388
9b874772-b560-4599-a699-bc221634e952,cet6,2,0.0775
fc91bd36-5bfb-4be1-bd7f-e9fb8d4c0a5f,cet6,1,0.0388
33ac3013-382b-40c9-966b-3431d291f993,cet6,7,0.2713
342bd78f-cd46-41df-ba1b-b06c00c58583,cet6,1,0.0388
e0c1b0cb-e30f-48c8-8671-7c4c31748601,cet6,4,0.155
e45f74a2-51c3-4744-bde0-ce5accc1f415,cet6,1,0.0388
a50d8b28-d501-4aa0-adba-07f122c4d149,cet6,1,0.0388
9639c8e8-b1a9-4d1a-b739-f71196d4d12b,cet6,14,0.5427
98c7846e-15a5-4f13-af0f-2b1ad25ac804,cet6,14,0.5427
b8421571-b480-4de2-838f-122b842c14e1,cet6,1,0.0388
d4dc8d81-8cb0-4a25-bfe3-6af76d041595,cet6,2,0.0775
0d2f3130-5e77-48c9-aafa-c1e20e439670,cet6,7,0.2713
907da6bb-5799-4687-98cd-5e2579224be8,cet6,1,0.0388
c0d1d5d4-85d5-4528-863b-4aad2f402ef2,cet6,1,0.0388
8516bce1-dffb-41e3-b238-8eb8457fc3ec,cet6,131,5.0778
c1558ecb-fe39-4f0f-8111-58a78e562937,cet6,3,0.1163
9889bd22-affd-4e84-b7e3-391ec0fa3d70,cet6,2,0.0775
385764df-064b-4c02-b5a0-fa2c7040fd1f,cet6,4,0.155
1786f89b-b832-47e5-bf1f-d856ea640210,cet6,0,0
60834b90-744e-4017-bab1-efd5ed4366a4,cet6,3,0.1163
dccc8358-02a8-4a71-8e90-210231376986,cet6,2,0.0775
d23f1e75-31c9-47a2-95f1-a4d9403efdee,cet6,44,1.7055
81ebd87b-8be0-4e5f-b512-2ff61604d528,cet6,0,0
4b10b31e-b3dc-429c-8537-cbb59b24e2b4,cet6,3,0.1163
df2345d3-0771-4184-aca4-c28b1ce64025,cet6,2,0.0775
481921c9-5789-4caf-b961-a62f91ef846a,cet6,1,0.0388
c29f095c-61b9-4e48-8d91-5e3ca3105cb1,cet6,2,0.0775
503ac91d-3a06-4d4f-85e1-d676e2143e1e,cet6,3,0.1163
2df0b66c-11bf-4cb7-bda9-4fdfa01d5839,cet6,2,0.0775
2a59bb3f-a348-46b6-8d43-318295cb9f1f,cet6,3,0.1163
4480db98-93d2-459a-9839-a9f0e6860866,cet6,1,0.0388
287366d2-ab2f-47d2-ae3d-a176063c873b,cet6,7,0.2713
df137463-1123-41f6-bb9f-17dabf68f497,cet6,3,0.1163
0652abcf-b677-419e-a185-5a901c250e2f,cet6,4,0.155
e53b7c02-792a-4423-b6c6-9436713694f2,cet6,3,0.1163
18ca103d-f46e-40d2-a526-a88b50fd60eb,cet6,1,0.0388
1f5bb3cc-a103-4049-b9bf-66e8f6945351,cet6,0,0
45e86ed2-f0fa-4bac-9da2-5bb88e942ba0,cet6,5,0.1938
350e4dcc-efcd-4198-84b9-368b962ec1cb,cet6,1,0.0388
89088d31-80bb-450c-ba18-e2942ea7ef57,cet6,1,0.0388
643e6817-cc7a-4086-9fe7-1c0a520445bb,cet6,2,0.0775
265a32dc-585e-444f-ba48-4f13f672ffc9,cet6,2,0.0775
58ee379c-9b3c-4cde-99cc-ccce2f674712,cet6,2,0.0775
f2a7568f-dd6e-4ca4-8070-5b7fee3a6d41,cet6,3,0.1163
d213b47e-a73b-4109-b5e1-1c1b8af07047,cet6,3,0.1163
94e79b72-4541-499a-aa0a-30b2f5194ca3,cet6,2,0.0775
5c21466d-f934-4568-88b3-2b9bcc6e2145,cet6,11,0.4264
ac6c8264-c078-434b-8d5f-c5ee664abc9a,cet6,2,0.0775
4f70b2b9-649b-4295-8c60-9eba3e1118bf,cet6,2,0.0775
fe01d66b-ca54-431b-bd48-6028dec4b58b,cet6,1,0.0388
ebf415d0-e180-4708-82b6-14622139bf4a,cet6,3,0.1163
70d4f3d9-6143-4939-976b-592f3243018b,cet6,25,0.969
422f4870-66c2-44fd-80c0-72d6e38e6ea7,cet6,1,0.0388
2b321bfd-3f64-4589-8158-84410a46173b,cet6,0,0
0d9986ef-d47b-469e-9c14-62c79c7cc274,cet6,5,0.1938
b864df3d-bd0b-453f-a82e-5fea41ec8ee5,cet6,6,0.2326
ac324fae-1767-49b3-903d-6f359465bb3f,cet6,0,0
9d54226d-515c-416d-8d82-ef1c815e7fb0,cet6,4,0.155
2da76ded-0e0d-4a74-a615-560615c8b4f6,cet6,2,0.0775
5e0f4e3b-5f6d-47d3-b9aa-3562a78b026b,cet6,29,1.1241
f247007c-bef5-49a1-8bf4-d314fb82f935,cet6,3,0.1163
f1ce1582-484b-4005-a196-12cf14286db5,cet6,6,0.2326
458a5d5e-9da9-4218-9ceb-d094b7397561,cet6,20,0.7752
8d68aa38-bb43-4235-ace7-aeaef6824e2d,cet6,0,0
d76383bc-fcb8-4286-a06e-c81b74e5c939,cet6,2,0.0775
6f8b9a43-f220-4ebb-a739-89f7b167cc6f,cet6,0,0
652245a3-6347-4c16-8daa-6da992448018,cet6,1,0.0388
33e2433a-1921-4e8d-9c7e-318f5b692e90,cet6,4,0.155
8a90cdad-4109-4cae-85a5-650f5326cad7,cet6,2,0.0775
5cd9195c-e314-4fde-b5c6-67d8c9edcba2,cet6,1,0.0388
fe01e511-34b1-4939-865b-f0422f3e9d59,cet6,1,0.0388
e133d117-96ac-4624-81ea-29aff308d39a,cet6,19,0.7365
7e30a685-59a9-4b8c-ad0d-24cf7a90c008,cet6,0,0
170f1dfe-ce00-434d-8390-5e396c4924d8,cet6,2,0.0775
79b06973-683a-472e-ab87-9fa439831319,cet6,7,0.2713
69d61800-25b0-4756-8407-82f2f17e0b80,cet6,10,0.3876
508bce88-e602-4e6f-87d6-ce0d31802605,cet6,1,0.0388
f79ba080-7a24-4fd6-be0d-cbf77d76baca,cet6,5,0.1938
2aed6cf8-d371-4141-a088-82add956d406,cet6,2,0.0775
b70c1798-0be0-4afd-a744-acdc783ed4ad,cet6,2,0.0775
db444870-6073-4cd9-bf73-00eb6391ba6d,cet6,22,0.8528
5cc4aca6-6490-42f6-85de-7b9a4937cbe2,cet6,1,0.0388
6bff67cb-7661-487b-92a1-19af63c8d300,cet6,2,0.0775
a9ed1b32-dc62-4092-8831-c93d98f40117,cet6,2,0.0775
0f9bd542-d217-4a7d-ac89-11c20574c4ef,cet6,2,0.0775
c491775c-2f86-447d-8ca2-a52ae718277f,cet6,1,0.0388
dda8dc4b-d840-4ee7-b96c-635645f6633f,cet6,0,0
9fa475dd-abc1-4f1b-8ae6-8f9845f1e8d0,cet6,6,0.2326
53914142-8814-49b8-abc9-07aedc128019,cet6,1,0.0388
e22a5652-743e-48ef-9a83-772efc87cfed,cet6,2,0.0775
bab53832-6ba9-49c3-bd34-258cff3a1f85,cet6,2,0.0775
38109377-0409-41f8-b551-7e4b3fc5ba5a,cet6,1,0.0388
49eade78-4123-4576-b363-40b25f415796,cet6,2,0.0775
f9b771a7-860b-4bbc-bf63-d13d3a1909eb,cet6,2,0.0775
4ee3682a-8537-486d-9da1-67bbccb7d35f,cet6,3,0.1163
c0e335bb-c800-4410-aa55-86cb3a869af6,cet6,0,0
ee5c2f51-ab9a-4df7-ac7f-57e6a1c8e4b0,cet6,2,0.0775
33af27cc-cd89-4df9-a365-f38f1178f533,cet6,0,0
4fa0606b-adce-4df8-bc46-2466055e3e6b,cet6,0,0
4972b4dd-a37f-40ad-ad29-c77fbdc4e9b6,cet6,3,0.1163
c58d1083-fbd3-49db-8671-5424d2f3b8b0,cet6,3,0.1163
0c2bafae-e768-4a5a-8383-c8222726cb85,cet6,1,0.0388
3da3c104-b18d-4b98-966f-f4d2778e5f60,cet6,1,0.0388
1c62aacb-5908-4298-8700-e65030596549,cet6,2,0.0775
9ffca7ac-a778-40e0-9494-7b93c0c90d8a,cet6,0,0
8f8136fa-df90-4a3a-beb6-33759ea3e48d,cet6,1,0.0388
4c3fd211-8c85-4fa8-8e08-25a13c836d87,cet6,50,1.9381
8c5efeea-dec9-4177-8301-cabd777d8208,cet6,9,0.3489
128c9e59-5cda-4f90-8cf7-2c45374addba,cet6,3,0.1163
29d1e509-588c-4db5-b542-156ee6aa49fc,cet6,2,0.0775
3970c5ca-3094-4b47-a869-9ace021c8c2d,cet6,2,0.0775
5c8a96b1-9a95-4a05-9543-41048521a6da,cet6,1,0.0388
1c424e43-de5c-46d9-afef-56c81ab4aa08,cet6,0,0
303ae067-ad8c-452e-88f1-e2b778d71b7f,cet6,1,0.0388
50884744-2811-4fc0-861f-d99812a94944,cet6,1,0.0388
71cff60c-c584-461b-9899-6fa5326048d4,cet6,1,0.0388
15757ab1-a81b-4bfd-a79c-75eade2d3106,cet6,116,4.4964
44fef064-0bd9-4775-bb77-a9bd09d2374c,cet6,0,0
b621a398-73bb-4da9-907b-c70431fbb91b,cet6,1,0.0388
20b665f1-dc6c-41f3-86d5-d7c219b05eb2,cet6,2,0.0775
7679921a-a0db-4ce8-8081-b36024d19277,cet6,45,1.7443
57c5d55f-150e-41f3-935b-ac0fc0802bb7,cet6,11,0.4264
2fbb6883-28fb-49a7-a88f-ee8a44bb9302,cet6,3,0.1163
01c70477-f18a-44b7-8f90-1b17ec3de778,cet6,1,0.0388
f82705b1-39f2-4ef2-9ae5-eaf106457a1a,cet6,3,0.1163
9e3e7b03-4ae4-46d4-bcd8-eabb7db61f3e,cet6,1,0.0388
c524ebfb-1482-4f2b-8c63-93cdb87ad82d,cet6,5,0.1938
9064b6d8-46f7-486a-bc49-64ee5b536ba1,cet6,1,0.0388
7b7ba122-4ae8-4c8b-a888-187e1b6c34a4,cet6,2,0.0775
2ced727c-c849-477e-be6e-e6e922ec71fd,cet6,2,0.0775
0d6705d1-19c8-48c6-9eb4-00b646dd75ab,cet6,0,0
12100447-f456-4d9e-b57f-f5d6592670c4,cet6,2,0.0775
1bd11949-af31-45da-8918-87eec4eb5a2b,cet6,1,0.0388
f8287d49-ce36-4505-9ac1-57393c332a1f,cet6,4,0.155
4b06d76c-5266-4b36-a9a5-77c9f187082a,cet6,3,0.1163
269cbe8f-8ba0-425e-93bc-577a56a865bd,cet6,1,0.0388
33e10614-5a0c-4546-9d8c-1b997bd08ccd,cet6,4,0.155
ee0ca65c-b161-4412-ba87-d9d62f080841,cet6,3,0.1163
f39815fc-d691-4ff0-98e2-ffebc09e5003,cet6,1,0.0388
45d819eb-2fd1-485f-a885-50caabe17c29,cet6,3,0.1163
810f2f03-786e-4cd8-aee2-ad371fef6ab5,cet6,28,1.0853
07c423f3-879e-490d-aecd-2fa5b0808f2d,cet6,7,0.2713
cf4cd5d4-ea6f-42ad-a1dc-63c43c4e9e96,cet6,1,0.0388
2ab76785-4f49-4d10-b308-4a9ae6c5d4ec,cet6,26,1.0078
65f61451-b03d-456c-a3fb-bd6c641b795e,cet6,3,0.1163
2d0543b9-7886-494f-80fc-30ebdf757047,cet6,1,0.0388
a68adc4a-4f82-4320-bbad-eac3eff95296,cet6,3,0.1163
87ab915b-2a6d-49ea-ba26-79b23845a5c6,cet6,15,0.5814
3dc516ce-86fa-40e4-9548-769ada56bbe8,cet6,0,0
5d94a86e-3116-4302-bb53-1a83749d21ef,cet6,4,0.155
c9de4ac6-28e1-44f9-9adf-c971c488554c,cet6,4,0.155
58fb56ce-df15-45ee-b584-8ac038895395,cet6,0,0
893de1c0-101d-4dc2-a917-342c5633a5ff,cet6,2,0.0775
fe078c49-1756-4620-a7f4-6c62ccbf6c1a,cet6,2,0.0775
827d431b-1de8-4984-9aa4-8f7e0aac1c83,cet6,15,0.5814
6b084e87-28a6-420e-88e8-8efa4a01d472,cet6,38,1.473
49d05b22-2649-4206-bec0-fc5bfb91edc2,cet6,104,4.0312
dfeb09ef-dff8-4329-9340-e0e40ccbcbca,cet6,20,0.7752
e3066e13-85e4-413b-bd9a-ee0707fb8fca,cet6,1,0.0388
079051a9-1caf-4696-a483-c3480e52ee5d,cet6,5,0.1938
860bfaba-5560-467d-9ab9-17e752f2a08d,cet6,2,0.0775
3ed80dcb-f49c-4bdb-af1e-bb6ab8ee5b05,cet6,1,0.0388
a26db9b0-055f-4c03-9191-f82436cfaf8d,cet6,3,0.1163
989ea3bf-b2d5-44f4-8280-587c2bca482f,cet6,24,0.9303
4f538085-0ac3-4978-9be4-4ff1f97803df,cet6,15,0.5814
d100c1a2-70ba-4a38-88d8-fbac57c35ef7,cet6,4,0.155
e6c6eb87-2146-476e-8737-2089d9249282,cet6,0,0
1011b225-5d55-4451-8b7f-1fe97ee0a30e,cet6,10,0.3876
1c8ec43c-4b6f-46b1-8bd3-cfafc4629930,cet6,1,0.0388
04b5e74b-fb42-49b1-b3a0-248dd08dca08,cet6,8,0.3101
cf3a4a6d-973b-49bf-9a8e-7450e2b4f159,cet6,49,1.8993
086a1f89-a88f-4067-b64d-6778eaf89c33,cet6,0,0
b2f4c29a-f287-496f-b1cd-a3f031b2575d,cet6,1,0.0388
6c70d63d-20e3-46f2-af00-7aa5ed5674f8,cet6,221,8.5664
39bb157e-5033-477f-be76-4624ee3c7aa3,cet6,0,0
758d6822-9ed0-4568-9629-2e6173e73db5,cet6,3,0.1163
2d801f1c-d710-41ef-be71-ff6418e65cab,cet6,0,0
e94d41fa-ef48-4d72-a526-0bd3d618f3df,cet6,3,0.1163
de1be7fa-73aa-42b3-85de-5d76d46c8a4c,cet6,2,0.0775
bd14a896-ad19-44eb-b8ea-9e9aa8111fa8,cet6,2,0.0775
156077b1-672a-4936-9be6-334d158978e6,cet6,1,0.0388
82d1e2f4-1f78-4184-9537-11e24d177e3c,cet6,2,0.0775
b63c2ea8-1951-4b37-975c-b1b257cac72d,cet6,1,0.0388
513ce9e8-86e9-4e72-bd70-d31ee9852498,cet6,0,0
2bbb06ab-1957-484f-8a72-ac9f94159d42,cet6,1,0.0388
ab21075b-75a8-4ece-b0dd-5b384118f804,cet6,1,0.0388
90eaa7b4-f0f1-4e3d-8836-08e3e27c5e5b,cet6,1,0.0388
a2144926-aba3-4c21-86b5-7c6fafd401ac,cet6,0,0
1d3e3cf7-7329-4503-bd24-6e96c2cb0338,cet6,1,0.0388
ce66e0a0-fa4b-4925-8df5-df7421924c16,cet6,1,0.0388
dbfbd421-f573-4b01-a08d-cab2ff220b75,cet6,4,0.155
a01530c6-ec83-446c-ab12-f7bf28c55c49,cet6,2,0.0775
541afaf1-4781-42a7-96b4-ccb24cf458ca,cet6,1,0.0388
9cbddc3d-0ae9-46db-b81c-48b8163b9c27,cet6,1,0.0388
0274fe97-ae3c-4f53-b4ac-a8ff3d8f2dd9,cet6,45,1.7443
b3c67a6e-cbcb-449b-9a7d-baf8a74a9b8b,cet6,0,0
7f3aeefd-9501-431c-b18e-2e831e3ddc90,cet6,2,0.0775
611550e1-d998-48af-a227-a2d6d2b7b967,cet6,2,0.0775
cd334e9b-edab-4ea3-b6f1-7fc3728ee908,cet6,2,0.0775
ef625331-a691-448f-b71a-a3e184b45e9e,cet6,7,0.2713
af847e58-aadb-44d2-87db-0a2087c48a95,cet6,2,0.0775
6a897092-ff3b-49da-a964-1cfd14b82a21,cet6,1,0.0388
bafffad3-2864-4a60-80f0-820b1926b3ce,cet6,1,0.0388
fa67e567-de32-46c2-be5b-772afc89b0fe,cet6,47,1.8218
7b8cbff4-6f64-426f-8539-50ac14af7f06,cet6,23,0.8915
87a0aa9a-46a9-4560-999a-161d36985d01,cet6,2,0.0775
a484403c-0eb2-4f85-a4c5-7b41b753a036,cet6,3,0.1163
7cb4ed5d-1d62-4147-9dfb-3192584ffae1,cet6,0,0
3dde0318-eac0-4905-a934-9578c173c136,cet6,3,0.1163
80ef946c-3abc-446f-a6b4-63b33dae93f2,cet6,1,0.0388
87029175-d72b-45e1-ac20-89f53b06e0c1,cet6,1,0.0388
2ebe9285-f6e3-42b2-951a-71f280ba8346,cet6,0,0
3db78d22-5fdb-4b7c-9fbc-09fb97270b5f,cet6,1,0.0388
88cf6b53-bf61-4297-b4ac-2bf6df0f8f91,cet6,2,0.0775
559b3f32-0e27-433b-9486-9f84fbe54761,cet6,2,0.0775
7dc40f7b-a494-4e05-a8aa-12f014d6cb6a,cet6,3,0.1163
3bfb14fd-37ec-4299-aba6-b52319a9dd57,cet6,3,0.1163
f0f959df-3cae-4a44-8596-7aa0eec73991,cet6,2,0.0775
299962e2-ab0f-42d2-bbb7-119f1416dd0b,cet6,4,0.155
ebdb30f4-aada-4ccf-9890-245bea4a1484,cet6,0,0
9fcaea1b-3ddc-4f55-9fe9-cdb431d0cd2c,cet6,1,0.0388
3c5b496d-3332-44e3-8ab2-8ebc5556b82a,cet6,0,0
63abb5f6-ec5d-4326-a16d-ffcf2f1a6c8b,cet6,4,0.155
7f75f132-35a8-4d41-918c-fc67802fb0f5,cet6,3,0.1163
f4424841-cfde-403f-b861-8ca36ee4416d,cet6,85,3.2948
25b92825-d865-4ad2-9e9c-6138ad480e0a,cet6,90,3.4886
9379bdda-12b7-4439-b162-931decedb675,cet6,2,0.0775
963b27d7-dfdf-475a-98be-096085070cfb,cet6,1,0.0388
09f1eec8-1cf4-4578-9321-5e2b34475805,cet6,2,0.0775
9f405d49-37e4-4927-a99f-078c7c07bab9,cet6,30,1.1629
f392b229-f3da-4d76-a8ad-a8e2a18c7a39,cet6,0,0
60664a8a-24d4-4fe7-92c9-3c97002e9b0a,cet6,7,0.2713
dd9704b8-2404-4a3c-bc63-043237d3d6e9,cet6,1,0.0388
50c9486b-4169-418a-a59d-f4717d0de210,cet6,0,0
91f4d335-db72-44d0-9550-f78ea188f71e,cet6,0,0
88323c21-6ab4-4258-b618-762b40583bea,cet6,29,1.1241
bbe59fe1-7f5b-4c3c-9239-e79ecf9e2e04,cet6,17,0.659
d1739cb9-8f62-40a2-8c51-f5305c0514d2,cet6,3,0.1163
48f0d7ef-8165-493d-8d1b-64768973dddf,cet6,26,1.0078
48bb1e81-9f09-4d23-92da-360550b6b276,cet6,1,0.0388
9e1da1cc-9765-4f39-8bef-f55faf7d3ee2,cet6,1,0.0388
3866b3c4-56e9-4846-a6d3-88befd4ad4b9,cet6,4,0.155
e85a667f-7507-480d-92e1-296a3ea1d6da,cet6,0,0
043564ec-5d34-48a0-9d14-d68214f6efd6,cet6,0,0
ce9b37a8-ad72-4956-8b88-6a331e0d62ba,cet6,1,0.0388
01ba99a5-498c-4ee6-9a70-ece10a192e74,cet6,1,0.0388
79577ccf-ae55-45f7-94ca-a1a0e346f2ab,cet6,4,0.155
ce2eb99f-8c24-4ef9-b6f6-8166f26ce357,cet6,1,0.0388
99538d9f-db99-4561-b468-290f74e1c397,cet6,1,0.0388
c9dc7047-da99-4126-8a86-32b7f2b56d93,cet6,2,0.0775
4f9a3855-9625-4b8b-b0e5-5f4e8057378f,cet6,2,0.0775
a1a012a3-20ff-4a55-bb1a-96a07d1e8248,cet6,9,0.3489
7415f669-71ec-420c-b073-6aa20017ce45,cet6,0,0
bafebf54-b733-4bd7-b0fe-3d45a025df0c,cet6,0,0
9f25cfc6-0a4e-44c0-9885-0682be6b67ad,cet6,2,0.0775
eb9c239b-019d-4a8e-8000-013e557f1ed3,cet6,0,0
5746778c-685a-4835-ac51-2bd78eb94b21,cet6,1,0.0388
12ba8b19-da31-4f39-b581-8356a701dc8b,cet6,1,0.0388
d8792d31-f0e6-4fcc-b499-24c3e0046ab6,cet6,1,0.0388
65f9a4ba-0a88-4c53-a2a2-363ad420fb67,cet6,1,0.0388
7930eadb-19d9-42d3-a012-79516bcc0a00,cet6,2,0.0775
4e9946c9-5675-4ef4-9be5-38db0c978da4,cet6,2,0.0775
40fad723-e8ee-473a-a749-3f91528cecc1,cet6,2,0.0775
1ea08456-2ab0-4f67-a7d7-767ce64fd14e,cet6,1,0.0388
f7e11bfa-16df-4213-a0ac-54b5a483a483,cet6,0,0
464c43db-3e96-405f-8bb8-85b3af3f3060,cet6,1,0.0388
20b4df71-be45-4a83-bb48-1375fe9749b0,cet6,1,0.0388
f62ad8a5-36e9-48f3-8b61-47e8fd7ce981,cet6,0,0
a28653ec-ecdc-4867-8710-4c60955e2c9c,cet6,63,2.442
9356489d-52ed-4617-9fe4-6793a88636b0,cet6,1,0.0388
e2abc50c-d875-4437-a4b3-4caa40eaa731,cet6,4,0.155
a5328c5f-e998-4e02-94da-df6aed94f3c6,cet6,3,0.1163
16043d33-334f-4aa0-8f01-618a3e14df8c,cet6,4,0.155
3ae69a1a-3f54-448f-9fe1-f8c9dcdc66cd,cet6,0,0
71c5ccb8-9a5f-4139-a495-a41146260916,cet6,0,0
e14f37aa-ac64-4b30-adb1-f782385ec36d,cet6,11,0.4264
71760c27-9bcc-4900-804e-7c402cf75ca9,cet6,2,0.0775
a5f78854-d4c6-4859-9ffd-267cc1c140ae,cet6,2,0.0775
521078a1-23cb-4af5-9ed4-400b9b413c01,cet6,4,0.155
d4be8681-a454-4f0b-b43e-95c7ab6e4a8f,cet6,3,0.1163
09b78cc8-b65d-438e-935d-74d0aea56502,cet6,1,0.0388
28747f6f-d065-4d72-b27c-c1261819b844,cet6,0,0
ae22396a-a60b-43fd-9861-d6556061e2f7,cet6,66,2.5583
e042c2a6-4122-40f7-be23-7e3f599fc02c,cet6,103,3.9925
2bdcd280-ee2e-414c-ad63-a020d9a411f9,cet6,438,16.9777
b2ab0cd4-fe4b-46b6-8012-0bbcfadfe318,cet6,2,0.0775
d8c69df2-0fe8-4d5f-9e43-d5571e87352a,cet6,7,0.2713
dad691f0-268b-4699-a968-3ded3ccf115d,cet6,1,0.0388
63577aa8-bd7a-4f78-8d17-c826ccd457ef,cet6,77,2.9847
3dde8e5b-0271-4bec-8e99-6f778e207a5c,cet6,0,0
e1ef5665-4e7a-42f2-875e-58fb77ec1f92,cet6,2,0.0775
3ccbad3a-27a2-4a43-8753-19645c39a152,cet6,0,0
afbbabbc-6b93-42d1-9172-9c1a02bf479d,cet6,0,0
7c3300ac-ec99-4353-a376-5fd2ba631537,cet6,2,0.0775
c90dd1e8-ae56-430a-bb70-d39c70a98aeb,cet6,1,0.0388
ca9eb970-cd10-4cdb-9c05-3139df81a768,cet6,5,0.1938
198fbfab-4536-4348-8753-394ffb178c36,cet6,2,0.0775
4d89189b-d1ec-4af1-88a4-85ec832ae0e2,cet6,1,0.0388
a2a57ba8-3025-4734-b5e3-222754cc3b1d,cet6,0,0
7b271073-bd2c-4217-9d13-f7d30d1ecde3,cet6,1,0.0388
8e881ccc-773f-4356-a4ae-1f464539f9a7,cet6,72,2.7909
8978a87b-dc2c-4a8d-95f0-946bcd672874,cet6,3,0.1163
8d1c2068-7b1d-4e47-94a9-bd1b04e33c20,cet6,0,0
4346c702-e625-4105-aa6f-4065587c5f76,cet6,3,0.1163
004c4f26-ad55-41f2-b317-305996b0ec96,cet6,13,0.5039
6edd0326-5c6b-48f3-99f8-03d938b28196,cet6,120,4.6514
d8bf6189-c212-4de4-8d0f-7d965ff573ca,cet6,3,0.1163
25600f8e-56ce-487f-869c-d8479bed121f,cet6,4,0.155
d7937515-cb41-4a99-bbdc-b7b586040dcb,cet6,1,0.0388
13fe094c-76c2-418c-b6e5-93070134ffbd,cet6,8,0.3101
aa31d065-274e-4f80-9c60-0587d450365b,cet6,0,0
1fac6a32-82f5-464c-ba78-23cb4213d59c,cet6,0,0
a2194752-4862-4cfb-8394-f420c8399aab,cet6,6,0.2326
666cdf2c-fe61-4cec-b4fb-b6bc6ff96eb3,cet6,3,0.1163
2cec9d65-b064-4654-beaf-0f387b4e81cd,cet6,2,0.0775
1e892c5f-6dc2-4597-9992-5c51e1595d58,cet6,3,0.1163
5abb9d14-10c3-410b-969e-901ad95ae7e2,cet6,0,0
90237459-40a8-497f-ade7-5a180ade7851,cet6,8,0.3101
08471d20-f541-4abd-a8cf-85711efa4343,cet6,0,0
585cc618-5462-46b3-ad7e-3cafd544f38c,cet6,23,0.8915
c7691b77-13de-498e-929b-cbd0a217c44b,cet6,39,1.5117
05903fb2-df56-448a-a7c4-3e36700ddce9,cet6,2,0.0775
96dd86ab-da91-4155-9301-841cdf902070,cet6,1,0.0388
9a9c3151-f02b-4391-a2bf-61e7ad604724,cet6,2,0.0775
9d7aca13-0992-4882-b4b1-5c0a58d1e742,cet6,21,0.814
c3c70566-23e0-4bbe-b2b9-9cce83cbae7b,cet6,2,0.0775
0e8d20d9-dd69-4b16-bc85-0b67a34ec630,cet6,2,0.0775
283ad3f1-9f7b-4a95-9374-2b06917ac4c4,cet6,17,0.659
143a0ecc-86f7-4626-9640-ce5d188c2426,cet6,11,0.4264
886ff16e-3dcc-4d15-8cfe-989972e905e3,cet6,1,0.0388
7d30b2ea-825d-4f95-a648-dd79f5dbf4fd,cet6,94,3.6436
0b23c08f-1017-467e-b333-3a4920d67bc0,cet6,9,0.3489
b7b4cbe6-e4da-41e3-9ecb-842a3293f327,cet6,0,0
98c0ca7f-5c69-4aff-8ce6-9846368ad437,cet6,0,0
b92ad406-1c8e-4fd0-be3a-9dba74b7295f,cet6,2,0.0775
1abe783d-3cee-4d6b-99d8-ec48448ac249,cet6,1,0.0388
25c0fe84-0781-4537-bbf4-f17fb22f7624,cet6,4,0.155
2aac9f6f-db71-410e-9c86-f44c72d3b13b,cet6,1,0.0388
e7562c4d-56e6-4a7f-aeb6-6b74618951a0,cet6,1,0.0388
55507e09-2df1-4e9e-a215-364f6cc4088d,cet6,119,4.6127
297fc7ed-c548-49a4-86ff-250087a7fa66,cet6,5,0.1938
50773505-9b98-444a-98a9-b463183fb30a,cet6,82,3.1785
95b9c7f8-9e01-4f6f-ad6b-fb7eddbeb6fc,cet6,0,0
e8796a97-86a9-4368-9472-c2024f396088,cet6,1,0.0388
d785e5a3-3360-4a6f-b49e-8f44a52cd683,cet6,1,0.0388
02b9a718-abf9-4e00-b216-5871e9451edb,cet6,1,0.0388
102feae0-17aa-4f19-99a9-87a79a6ec66e,cet6,2,0.0775
31be864e-0edd-4697-b8c8-d5b87f5dfabd,cet6,1,0.0388
b8989a81-0f7f-4203-880c-e6b6b8667af4,cet6,3,0.1163
13636c3d-6046-4dd7-b6a9-1aeeb23d2fc5,cet6,4,0.155
06327fe6-7193-4f0b-b583-003796ac9b35,cet6,6,0.2326
a0ba5a76-c100-4a75-8f11-27fcbe414367,cet6,1,0.0388
7dea366e-223d-4c40-80fd-15cf2b999ea4,cet6,1,0.0388
78d957af-93ed-4290-b9d0-05e9573959a4,cet6,3,0.1163
1e2bfae6-010e-4c32-a55f-c346b1b95369,cet6,38,1.473
454ee7d8-f27a-424c-aa78-f8e0a2163779,cet6,1,0.0388
6e862b06-5a4d-4795-b146-4339283c75e2,cet6,1,0.0388
5259d764-b915-441e-a03c-19d21a5dad23,cet6,1,0.0388
2f2cc292-d58c-468d-9ee1-99377dbfaff5,cet6,6,0.2326
77687800-2789-446c-a10d-a7b0f85fdcdb,cet6,3,0.1163
fb4c0d44-582e-4dc3-9c41-5d5853ad917a,cet6,1,0.0388
847a8a77-1524-44d3-80a9-e363d108136d,cet6,2,0.0775
f2a29bce-6448-449c-99b2-d87c068540eb,cet6,1,0.0388
6142a050-80ca-497d-ba3c-0c1067ee6910,cet6,1,0.0388
a07e7604-b1c4-47a6-97a5-5ca2be281176,cet6,1,0.0388
6982f104-9f51-4a0d-9f90-a9d08a72f457,cet6,1,0.0388
848c02e4-e38a-47b4-91e0-42681ccec092,cet6,2,0.0775
90b2dc0a-a970-4975-a676-352140125fd2,cet6,1,0.0388
081bd26d-06ba-412f-9f75-c5e69fea69b7,cet6,8,0.3101
0221473e-38b2-4891-9a9f-5e36ab6ff142,cet6,2,0.0775
6d6192d7-5494-4522-9cf3-1ec884d8133d,cet6,2,0.0775
3f2b8dd3-0123-401c-9568-6f156b735ef8,cet6,0,0
e3c65b3f-52db-4c67-95b1-021ba5b2820a,cet6,2,0.0775
63c8fb50-027d-4dcf-942d-ba9857e283f3,cet6,1,0.0388
494e8dab-524e-4661-97bb-3d174e894711,cet6,5,0.1938
9ae7c7d0-4538-49a4-a521-329547352094,cet6,639,24.7689
a0a42fa3-ea3b-46c8-b58f-6d2b0db8c6c8,cet6,3,0.1163
345f6bc4-3a0c-41a4-8ca1-f8ee809980ff,cet6,1,0.0388
f0c52e6e-6bb4-417b-b573-9fef925477ad,cet6,2,0.0775
68a64500-4c90-4c28-a1f9-819d0b2b3342,cet6,1,0.0388
9ab8094a-c408-4c26-b230-c6ae990f57f9,cet6,17,0.659
4d0c10d0-bbcb-46fd-a718-383e8953cf4d,cet6,1,0.0388
b3567e76-a79f-470a-ae5e-5dee5b8615e9,cet6,1,0.0388
26ebe5da-2b07-4e64-b490-d3eecdd871d5,cet6,1,0.0388
7ddf7bc0-7c25-40d1-a2e0-c5f3f3cd45ab,cet6,1,0.0388
7b1f5f17-4617-4659-b129-abf9678588cd,cet6,3,0.1163
51e2a9b7-0135-4913-b3d4-6de4afb0e064,cet6,3,0.1163
4a3ffb1b-5942-45fd-be18-d788a52c24f4,cet6,1,0.0388
35a9b75e-487d-4360-869c-ad75d3738c88,cet6,4,0.155
36f45243-16fa-4020-9df4-573a2e2b658e,cet6,6,0.2326
d2b518bf-95a0-4a9c-bf4e-e56c33f900aa,cet6,3,0.1163
1f3d54b9-ba1d-4b50-98ce-30c0588963f5,cet6,4,0.155
8bef9b92-5887-4bb7-8a29-33c374a32f34,cet6,2632,102.0214
f3572e6d-b9d2-4e97-ac58-4787a043c361,cet6,3,0.1163
0edde139-4c15-4d05-a378-5897d8e2db35,cet6,1,0.0388
e3e60389-2f1d-4a14-bdf0-9cc7000377a0,cet6,2,0.0775
e164094d-f9cc-4488-acd6-2822efdae9d4,cet6,0,0
948415a8-46b3-4417-b334-b1690af6f7c9,cet6,0,0
01c41fb2-bcea-4844-a9c8-d33057776fa0,cet6,2,0.0775
4c493359-47bc-4857-993c-c7480063db71,cet6,1,0.0388
2efb2a85-8b21-4e0f-b352-be8b0c4cb602,cet6,1,0.0388
74a643f3-d34f-4b4e-a6e9-a32e6b051e61,cet6,1,0.0388
1b63afb7-61e9-4ed3-a5fd-70e1557994e4,cet6,6,0.2326
2cbb9332-9407-48f2-83fd-fa1326c8ac6e,cet6,0,0
baf6a3bd-6887-4959-8571-65a1e6d938a0,cet6,16,0.6202
20929288-efe4-4f27-9088-6e2d9fb39822,cet6,1,0.0388
b026e0d4-4045-48ed-8a1b-86796127dfe5,cet6,1,0.0388
a0be00fe-4195-4c97-b2bb-1990e252bdd0,cet6,3,0.1163
e47d73fe-6dee-4d33-b37c-5a515bc63165,cet6,1,0.0388
6bef386b-4d40-4147-a5d1-74347555e1ac,cet6,5,0.1938
c396d3cd-e68a-4f03-b25a-750ab0e1d41e,cet6,56,2.1707
ea71f605-f558-427f-a0f6-1b7980e9e868,cet6,3,0.1163
21da9155-6631-478a-a68f-759ace298928,cet6,2,0.0775
94e20fca-823d-4b5a-b319-e2935df1d673,cet6,1,0.0388
9fbe6b65-4649-4374-af55-0251fd5318ca,cet6,1,0.0388
55f0f8b0-5690-436d-ad9c-539d8724abf8,cet6,2,0.0775
77385c53-438a-4b58-88ca-3bbc8f4008bb,cet6,1,0.0388
8d9e56de-a678-4761-8e3d-186819877662,cet6,1,0.0388
57f212b5-6465-4292-b087-15e558bedae6,cet6,78,3.0234
f4187e42-7f76-469f-8a76-ddd78f5cd7c0,cet6,26,1.0078
eda2d9b8-8dd8-48ed-92a8-ca21e92d279a,cet6,24,0.9303
bc0d2d3e-e3bc-4b93-8ea9-cd73e700166b,cet6,4,0.155
b98a695f-bc32-4966-8ebb-b9352e9d3b03,cet6,5,0.1938
83ee9724-8801-4498-bc42-44ce9a6c25cc,cet6,0,0
bf93a372-3123-4151-ac84-c2e833f32102,cet6,1,0.0388
2dc57e1a-b1e0-4f3c-ba3f-691e8f987566,cet6,8,0.3101
e0645cfa-fe6f-40da-ab01-0d5e417e3bb6,cet6,1,0.0388
289e650e-e5a1-48e9-bcca-dd84090c1a65,cet6,1,0.0388
536452b3-5554-4937-9055-fbf9a5a729cf,cet6,2,0.0775
041e23a3-ad8c-4d9a-a1a1-9d772548f83f,cet6,1,0.0388
b781e155-f9d1-4088-b711-982853e9e023,cet6,4,0.155
9f07c362-89ea-45dd-8b5f-40275f39c2c5,cet6,1,0.0388
51b0b3d5-3638-40fb-95fb-bde80c2dfa41,cet6,2,0.0775
a7f88bf6-92d6-4015-a705-2f9228ed4b2d,cet6,1,0.0388
dc65f192-4a2a-4791-8f65-4698ce08ed81,cet6,2,0.0775
7f359ceb-fdfc-4137-9957-1f6c42c0f1c9,cet6,3,0.1163
ff4c3248-da17-49cb-8118-53bd60720c2d,cet6,2,0.0775
eed4fc25-728a-4fe3-b328-71957cb7c8f4,cet6,2,0.0775
d1fe9861-647c-48d3-a3d3-a0fde09d8f2e,cet6,39,1.5117
adbf5445-de19-41fd-a791-c16116b1a37e,cet6,0,0
b1f291bf-b350-4140-9e87-796811dc802a,cet6,14,0.5427
58ba2866-8f2b-4029-82d4-3203d92c7c5a,cet6,1,0.0388
85751154-ee34-44cb-bb06-91a5b0ade957,cet6,1,0.0388
55b72998-ac9b-46c3-88ae-7252ef471c99,cet6,2,0.0775
16520410-c9b1-4861-bb9f-ef49317990bf,cet6,62,2.4032
a0324989-4bad-493d-8c30-174cbb548ed4,cet6,8,0.3101
a309f53d-a7ef-4391-ab7d-e5d8c58a8f3d,cet6,0,0
448fd262-afef-40ce-8bec-d1e3cb6245e9,cet6,2,0.0775
1e8fc056-bcff-4901-abe2-f054ff00fdde,cet6,0,0
a8dab5f6-b673-4ed2-b843-edc353df4c91,cet6,2,0.0775
f38ce7f1-8517-4379-9124-5eee0a04a9d0,cet6,2,0.0775
c3627493-ee5f-4b21-9a80-6a1a5b6b3c41,cet6,3,0.1163
f211e230-3990-449b-8889-8870fbfa7dad,cet6,3,0.1163
30567c08-3e95-4dc3-8b04-209d8fc98cb4,cet6,1,0.0388
3525ac5d-c8e8-4c44-970e-ddde1769ee97,cet6,2,0.0775
e975a1ab-832c-45bd-aae3-59189e43c50a,cet6,1,0.0388
40bad968-376c-4b4a-a5e5-2ddcd67a3fcc,cet6,44,1.7055
d1e524ea-7dfa-45dd-8bd3-6e1926ccddd3,cet6,1,0.0388
d0a1f9a1-f847-477b-839a-f4ecd1b32432,cet6,4,0.155
02a38602-7f17-4a2b-9462-9128f5c321bf,cet6,9,0.3489
fd15f70b-ffa5-4c30-8823-d9b89c457a59,cet6,16,0.6202
9a532622-a562-4469-8439-209f2bef98ef,cet6,0,0
d4fd94d2-b77e-431c-b81e-3731bd1406f4,cet6,1,0.0388
766b836b-05aa-435b-b09a-fffdd19048b1,cet6,1,0.0388
4e272c9d-a8ff-48c0-8ffd-38bca4314051,cet6,758,29.3816
ae947dad-a41c-4401-9409-c51a86bc4f13,cet6,4,0.155
ecb7a48d-bb2a-421c-8b81-a5297bcd7e1e,cet6,0,0
35c34606-6a6d-490b-b55c-3b17d0217d7b,cet6,2,0.0775
8cc7e5fb-34d0-44da-9d70-e34973fe63cf,cet6,0,0
dbc2828d-5707-4ad0-8428-5950112b9835,cet6,69,2.6746
bfee0a65-2c39-4677-b576-ad92e7319997,cet6,1,0.0388
ba938500-effe-4288-b5b6-3bcf41dfbbf9,cet6,1,0.0388
14ac3c33-87b8-400c-bc2d-fd25685b5910,cet6,19,0.7365
7925d41e-f343-40cf-915c-be3ad8f6a030,cet6,1,0.0388
a15844e2-2205-49d1-8517-8265eab83b68,cet6,1,0.0388
051c17bf-3905-4e9b-baee-207bf2c5c694,cet6,3,0.1163
b615e953-90c3-4b87-807e-55e399934ad6,cet6,2,0.0775
8551363d-8bd5-4958-b991-f4023c5f52aa,cet6,2,0.0775
7305a360-67e5-4083-b93e-575ee08a736e,cet6,2,0.0775
7777cc46-8422-4e0c-b535-ff9b7abc4327,cet6,0,0
3c8cb538-cd76-4131-a229-bc3b11ed6457,cet6,1,0.0388
5fba5f0f-d9ba-48bd-8c79-56fea8a32d1b,cet6,1,0.0388
0efee991-b295-4781-b7bb-c27a7981e050,cet6,63,2.442
f86f6062-0b88-4e9c-bf72-7cf869cd47dd,cet6,1,0.0388
77e184b5-d72f-4759-ab58-1de6a29cf168,cet6,1,0.0388
1fe6d41e-0283-4f38-bfa0-87c583e18333,cet6,19,0.7365
69c54e09-21a9-48ef-bb98-17156ffec181,cet6,1,0.0388
a89609d7-4d79-404c-b963-8edd9f943f6a,cet6,1,0.0388
7e0c89d9-f658-46a4-a191-1ad4fc1cb71c,cet6,3,0.1163
dd93b10c-a11e-4493-a7cc-7f0c7e06af1b,cet6,1,0.0388
4468f77a-15f7-43ba-bce4-6b69b50ded50,cet6,2,0.0775
3822b4e7-8c5c-4985-baed-cc554cbec523,cet6,2,0.0775
64881192-f5c0-466e-bc07-d96a22c6cb51,cet6,38,1.473
05cb04e6-9494-4116-886f-51c0b2a5e025,cet6,2,0.0775
3c7c3e5b-897c-45aa-9e46-72181a0ed4fb,cet6,1,0.0388
a63a600b-ad57-4983-8bbf-604b364e7795,cet6,0,0
21f891d0-63bc-4d04-a837-d472738a3dc4,cet6,2,0.0775
3114a8ca-a154-403e-9ec7-320348992d8b,cet6,144,5.5817
419daf6a-b9c0-4186-bd8d-e6aad36a074e,cet6,221,8.5664
88525ec6-fd89-4b05-be0a-104b54a6cbe3,cet6,46,1.783
38cccdbd-6d5d-46a3-ac34-f886efa32fbc,cet6,1,0.0388
27743817-c7c4-4953-ab7b-cdf829df45ba,cet6,1,0.0388
28969d19-406c-4532-aaa6-84dcda405409,cet6,0,0
d44b971e-a264-4859-a0aa-4108c91b871c,cet6,3,0.1163
7b8f2348-8256-4b15-a639-f07f67f46d98,cet6,13,0.5039
22f426e9-4b74-430e-bf09-9dcf1bb5ddd0,cet6,1,0.0388
8474e714-85b8-425a-8be3-73de7c839593,cet6,1,0.0388
4e608c86-4d9b-4338-9505-bec10370889d,cet6,4,0.155
e65d218b-7088-4be4-81a2-7506dbe26623,cet6,1,0.0388
793ea521-8d5d-462b-afb6-9df551946968,cet6,3,0.1163
db629cdb-efc6-4df6-8642-3f62b61dbcab,cet6,0,0
623bd53c-a1d9-4072-acc1-54209f60af2b,cet6,0,0
edc58d2d-2824-4fea-9d88-cc294541054e,cet6,0,0
58fccbcb-c756-4462-84cc-f03b32c58605,cet6,1,0.0388
9efc9767-a208-4a38-89e0-fc4c4c940623,cet6,0,0
a4c8573a-ac59-433b-93f0-5c777c03acb2,cet6,2,0.0775
0bab20b8-441f-4729-8ee0-f5aea4aada13,cet6,0,0
9818e1b9-115d-4b05-94be-efef4d150e84,cet6,3,0.1163
fc21275c-c3d3-4bf2-a886-2c78f5a1de70,cet6,2,0.0775
3a5b4ec6-4b8f-4ba2-be21-5e29b972b97d,cet6,2,0.0775
543154b4-cfc8-4f02-9cf9-9f7dfb086c2e,cet6,1,0.0388
2102c614-2f9f-4c82-8ed2-655229d859b5,cet6,1,0.0388
0e3676ca-5ae4-4766-af48-57b46e8092a3,cet6,1,0.0388
721ff2ac-61cf-46e5-bde9-6759940a8383,cet6,1,0.0388
79a726e9-d8e1-4b4e-8873-3f5e9bb34eba,cet6,1,0.0388
ba10f540-224e-4ffa-b01f-43f61edd09ff,cet6,78,3.0234
bc379bf3-3c95-46fc-a507-9db31d526445,cet6,1,0.0388
8b027268-cc0d-4636-9afa-6cbf4090be99,cet6,8,0.3101
0764fb03-4c0e-4e13-8d2a-c206470372ec,cet6,4,0.155
dec4b5cf-7f8f-4a7c-a7d4-0be7ce189ad5,cet6,1,0.0388
92310401-5c8a-4063-ad47-346553527044,cet6,3,0.1163
d54d6bb5-4166-4937-b9db-69307d3312b7,cet6,1,0.0388
338e791e-73dd-4d02-8b97-202d12d1350f,cet6,1,0.0388
c80e1fa4-fe55-4530-a318-44a4197a989d,cet6,2,0.0775
d12eaeaa-55fc-4372-9057-400fd1cb533b,cet6,1,0.0388
5071ecd7-2fef-4c77-ba4c-67353c5f0c31,cet6,0,0
1ea71b0b-099d-493c-86b3-90478e0cd735,cet6,10,0.3876
985990d4-f79d-4688-bb94-37b3fbca4c34,cet6,1,0.0388
3f7b51ac-a337-44b4-8816-c502c306f1e1,cet6,10,0.3876
c7a1a279-c106-4ded-b75d-bf02db2bac21,cet6,1,0.0388
c6b9eb42-29b7-42bb-bd15-1ff0f486291c,cet6,0,0
45783b24-d59d-405e-a320-06105079ee47,cet6,1,0.0388
20f035ff-fefa-4c67-b520-2a8a59372877,cet6,1,0.0388
95f51bd0-0434-4483-86c9-6fd611956058,cet6,1,0.0388
24b2603f-aac7-44c9-bbaa-f2ac8aa95fe4,cet6,3,0.1163
868d9ff0-f11b-40d1-836b-9897c18621ac,cet6,21,0.814
074371b3-5ab3-4d0b-8be0-e818915b6c83,cet6,0,0
5ba4f6cd-f3e1-4469-a6ae-76d752ace68c,cet6,3,0.1163
6cda6ae2-529c-42c2-b495-5072e6b20389,cet6,1,0.0388
36da1946-43ae-4dfb-a43a-bd3ef286db77,cet6,0,0
fc47af4e-bc29-4b9a-b2e3-8a7b8c9720b3,cet6,33,1.2791
525801b6-3130-4ac1-841b-fd26a60f5031,cet6,2,0.0775
103d3fca-04b6-448b-a5c6-ccd4da1235bf,cet6,9,0.3489
1c1bca7b-d21f-4010-8fde-cb934c060464,cet6,7,0.2713
2bfbead9-8f61-4acd-906c-49c9993d903f,cet6,1,0.0388
1cbb8e30-2bfa-4f5e-8fc2-ef7ba655e45c,cet6,2,0.0775
91df2123-9a23-46e5-b317-599e0d783172,cet6,1,0.0388
fbb57a9e-c294-421f-b1aa-f5035429ef6e,cet6,1,0.0388
19177551-5875-4598-8759-b1d812392664,cet6,1,0.0388
bbd7a126-de60-4952-8dfd-7ec5bd31bdf4,cet6,1,0.0388
cccf88a2-d27d-48db-ac17-e7864b9e5bd2,cet6,565,21.9005
e1395a89-36c1-44a4-90cd-61e4fa477c23,cet6,9,0.3489
af77c89e-0b7b-4a9c-a75e-ac7e5b19d84e,cet6,1,0.0388
9df5256d-9361-4fe7-83ab-a04af6f099c8,cet6,2,0.0775
e7a4e426-b4e3-4969-a757-f03ce03c35ab,cet6,1,0.0388
9cde3601-a3b9-4bf6-9a7c-2d9677a2b901,cet6,2,0.0775
d9028176-cda8-49ce-b3d5-31f47bff30b1,cet6,4,0.155
6bd52acc-cf1a-4aa4-9dd3-83146fcb1bd7,cet6,0,0
9d39405f-1bc8-44d4-9ecd-4b9946a6a8d2,cet6,2,0.0775
e8eb87a4-4ff5-40e0-85f9-3c8b024a7221,cet6,0,0
cb15b0c9-d3d2-4b49-98e1-ea10836102c7,cet6,1,0.0388
1be63681-3f81-4ac9-80d7-199a9093afd4,cet6,0,0
42e289ec-cc68-402b-9335-ba5f770647db,cet6,1,0.0388
065f3796-4914-46f6-b508-63bd62be764b,cet6,0,0
1298f8b8-023f-43e0-adbc-822489506e55,cet6,8,0.3101
24b86c32-d275-42e4-afd9-2cb7c95cb24f,cet6,3,0.1163
bd484688-fb6b-4595-bb5e-ee1266ebd76b,cet6,2,0.0775
fe048d46-8c6a-47ac-844c-cde6beb73543,cet6,3,0.1163
883f95a5-cdee-40b1-9cfb-0e8a2f947871,cet6,117,4.5351
93cc8138-32a0-45a6-b7f6-a892171a1dc6,cet6,2,0.0775
1146ec7e-ac90-46ca-a1e5-2b2ddf6af904,cet6,0,0
303fd5aa-e82a-48e9-a9d8-d9ae4a4976af,cet6,2,0.0775
7b66bb70-a458-4157-9871-6f3713f2784d,cet6,32,1.2404
cda5d035-87c3-4edb-a2c6-88438062badb,cet6,2,0.0775
ed3cc752-b61c-4c7f-bf8a-7a8e3d6a32da,cet6,0,0
d9f503f5-7e11-4713-a703-81edf8be0794,cet6,1,0.0388
c84b04a4-6538-4614-abfc-3614fe0d03a7,cet6,1,0.0388
979f0edb-63db-4638-a7f5-be03d6976709,cet6,2,0.0775
2b5dc22a-65cf-4520-8893-9da64ea73bdb,cet6,1,0.0388
53f803e9-9ff9-4a66-9bbc-0c78a06df307,cet6,1,0.0388
5c0b58f1-7422-4d30-bb02-59813e68467e,cet6,1,0.0388
801baf82-b489-4271-ae42-7eb1aabe1612,cet6,7,0.2713
94aa4ea1-8a6c-48d0-ac6c-7984ae8a5f48,cet6,1,0.0388
0382072e-927a-4883-bdb5-8ae34c1b9704,cet6,3,0.1163
17600f32-e1f7-45bd-923a-06fc46581b22,cet6,1,0.0388
ed64b676-c59e-44be-b093-11a24e1dd4af,cet6,3,0.1163
ebacca9c-bb91-49b8-b575-9f119aabe9c7,cet6,1,0.0388
7619917b-3f3c-47fa-9950-0d6de79db7cb,cet6,10,0.3876
7d02a858-3f03-40e3-8759-e1778d502c80,cet6,2,0.0775
75111607-00bf-497c-a9f1-7ad0f9ad4eac,cet6,1,0.0388
bdc1797b-73f6-4452-8452-9e26c9bb238f,cet6,0,0
a192fea6-7f59-48ac-90fd-d25c4d642f65,cet6,2,0.0775
40bc80bf-138e-429e-8cb1-23c8a7cf71d9,cet6,1,0.0388
23c85574-9601-4c1c-ab8a-c2c3c2028d4d,cet6,3,0.1163
c881df0d-1238-48b4-994e-34f93c38c019,cet6,2,0.0775
c90d5b95-f727-4ae2-b54f-0e4df02d24ff,cet6,1,0.0388
f28b79ca-9ea3-4846-8c27-6866a15471f7,cet6,1,0.0388
6cc2b674-0884-476a-8340-19dc1c80f4f1,cet6,25,0.969
6b0cdbac-a7c8-4f62-8683-27d82e739402,cet6,1,0.0388
b99a2573-f3d6-4abc-bb12-b8a2acf962fc,cet6,7,0.2713
f6f53076-1fb6-4cdc-bb71-f7d0b4449897,cet6,1,0.0388
15bf3c86-4976-46c2-bc27-b6ffb1596445,cet6,2,0.0775
070c9e1c-9d73-403c-a00b-e3b24f235322,cet6,21,0.814
b45effe6-2b79-480e-a526-e0c6f04e302a,cet6,0,0
06e9a434-17e2-4bdb-b66a-06d7a36fd3ee,cet6,0,0
79219fef-a4c9-408e-8094-fa3f08b2da5f,cet6,2,0.0775
27ccf1cd-185c-4d74-a00c-4606a8d99107,cet6,3,0.1163
06900131-7dcc-4376-9411-b08587619bd2,cet6,3,0.1163
23887545-d595-4765-9f5a-0ed05d690054,cet6,2,0.0775
8a227c8d-b95f-44e2-99a4-1d8ea646433f,cet6,2,0.0775
f737f0d2-283c-4481-841e-2c23416ab9bb,cet6,0,0
8856fa16-44aa-48b1-83ff-11a66ff30f61,cet6,1,0.0388
745f2274-765e-49f5-8ae7-038497ea55d8,cet6,0,0
10a91b5c-4130-43cd-a0d2-bc62a184256f,cet6,0,0
10a0a0ef-0120-40cb-afc9-c8072e0dfc67,cet6,0,0
dda992c6-5914-4b28-abc1-44341ee889aa,cet6,0,0
8bd9abc1-64b6-41c2-abb6-b3221ff7c77a,cet6,2,0.0775
db674b26-c740-42f6-a7c7-81163db6a0cf,cet6,1,0.0388
14444cd6-66b0-4841-b551-1eab34e605ce,cet6,2,0.0775
db29435d-454c-4f71-8548-c36b365f4106,cet6,1,0.0388
551c1599-03e9-4d01-9564-9ab4bcb8dc7e,cet6,26,1.0078
47f9c00c-3ad6-4ce4-864e-5d1e2e99a933,cet6,0,0
963d69c3-7fea-4e2b-81a4-292c7e6475ba,cet6,0,0
a5c5ec8d-d36e-4c4e-a04d-ea2bb88bd08a,cet6,1,0.0388
bf2fd1c9-d3a1-4b9c-8ed4-cf27888957da,cet6,0,0
0e2e92d9-0a44-4f69-8875-0413e6c34eeb,cet6,2,0.0775
e4dfcd58-3a7c-41a0-a78c-93de4869f82f,cet6,1,0.0388
6d9e3a34-073c-469d-a2aa-fe34a47464d2,cet6,2,0.0775
2dd03f7f-5bf9-4b22-b4e5-1d5cc2923bc0,cet6,0,0
52d4e1fd-f8f3-4b99-9ef5-2d0789e52f1e,cet6,2,0.0775
d6ffd5ed-21ea-457e-ab50-9526794810a4,cet6,0,0
2a3ab85e-aba4-4b5c-856a-fa93796ddd67,cet6,1,0.0388
6b351a80-7579-4a75-8696-a89143e5ab2c,cet6,0,0
19a497ff-9013-4882-ad8e-693e8109482a,cet6,0,0
655904c8-52ea-4401-8e24-5fbd15a81424,cet6,1,0.0388
564972dd-f654-475c-8d63-2ef53521fd01,cet6,0,0
f4ad6253-5542-4310-b077-f4bd423526f9,cet6,0,0
4f483a39-8bec-4157-b96d-7521f3644c53,cet6,0,0
119b3ff0-0059-46f9-839e-28683ec5b9e5,cet6,0,0
82912bc2-05b2-4cbc-a5ae-890287ed8980,cet6,0,0
c18aa183-7c39-4479-a277-adda362ab100,cet6,0,0
00d20b44-58b0-4aff-8111-a0fd411a7d26,cet6,5,0.1938
0af8fb52-8625-4b5a-825c-d9d0c910790a,cet6,4,0.155
5b4b940e-a257-44e8-bab0-9d63ef46587f,cet6,15,0.5814
a6f8437d-1a2c-4730-95ce-50545636c81a,cet6,0,0
f82a3f2f-4abd-4940-8ca9-7de8cf5bd158,cet6,1,0.0388
c5a2919c-9696-4708-9874-fbceb8891ebd,cet6,1,0.0388
ee768569-7af9-4570-a5b7-b27cb5d55695,cet6,1,0.0388
bbd69998-fef3-4c27-8a1d-0140615e78f4,cet6,0,0
99d7b3d2-5f60-4810-8823-88a007b967f6,cet6,0,0
d2b922f3-f1c5-4dcd-ae91-db6db4bd0a88,cet6,2,0.0775
3e56f0e6-d61b-4159-9156-f08b29607c9d,cet6,91,3.5273
97f26558-42d1-4561-8aba-3f9620b958d3,cet6,39,1.5117
b0432df1-ce9d-4c38-bcdc-a42005a01df5,cet6,69,2.6746
848f8fd8-3516-40fd-8df9-fdd79bbdaf96,cet6,11,0.4264
eb3274eb-a573-43f9-91fe-1e4626246947,cet6,0,0
6160eaa9-d3f5-4ef1-86e5-3b95b06a8e33,cet6,1,0.0388
5092ef70-b830-4716-88f7-0deddf4c976e,cet6,2,0.0775
3e65ad82-cf15-4e83-a9e5-091c78420d0c,cet6,1,0.0388
9e02e314-939b-4543-8ed4-94ce6d6a3ace,cet6,0,0
b5d8194e-bb50-460d-983a-c4ac09990989,cet6,0,0
887e22b7-9a62-400f-a4cc-ecf08500bb4a,cet6,0,0
c720b27e-279b-44a2-a7a0-60ffa8e70ede,cet6,0,0
b3a39a72-ace2-4e9c-99d7-7ace99bdb270,cet6,4,0.155
b32a7e72-8190-4249-b02a-73e2d4ce1edc,cet6,21,0.814
7bbdac38-6806-49f9-8504-5bbd3bbfd7a4,cet6,1,0.0388
7b4f48ec-95d5-4caa-bc97-5b69a7e24cee,cet6,0,0
7521dcb6-47ab-44d7-b446-05a6d78e9fd9,cet6,1,0.0388
ccd756e1-2353-46d3-b87f-ee47d2b8291a,cet6,40,1.5505
e21dd211-1137-4f59-8012-887dac75b289,cet6,0,0
2a8252c0-9979-4520-b50f-01b6bf40cfb0,cet6,0,0
1f0dff41-06ab-431e-8d6a-348cee154077,cet6,0,0
2eb21d15-9d04-460e-9e5b-64c4f98f9660,cet6,3,0.1163
2dfefdd2-ee2a-4a11-834f-4301d87e4419,cet6,2,0.0775
f20bf801-79a7-40c4-a176-5d6df0ef7648,cet6,53,2.0544
bcb372fe-a6cd-4ed0-a8c5-affd35a9eb37,cet6,3,0.1163
22a09faa-7197-431a-9e6b-92209634d77a,cet6,0,0
d31288f2-6b1f-48e5-9008-ba6df2a4b74a,cet6,2,0.0775
294daf89-49ac-4831-ab97-86da5a1dbebe,cet6,0,0
f27b4925-44a7-4aa7-9d36-ce4bc0bd780d,cet6,0,0
3da8f9c5-ad5b-4dbe-a916-b9b32f700cb3,cet6,2,0.0775
27fd3e5a-8e28-407a-b3e9-61286ecaffa5,cet6,1,0.0388
29c013a5-990e-4cd8-b35d-c79f74a54f1c,cet6,4,0.155
17f87389-bd11-4f02-8e4d-f20a4b0a5618,cet6,8,0.3101
edeb0987-205e-4fca-9e95-106dcfa26ba2,cet6,1,0.0388
14d85f15-9c1d-46d8-a54c-e6fcbe8aa7b8,cet6,0,0
5234b0ea-1d4c-4c7b-9eea-b711aacd86b7,cet6,0,0
981591b4-33c0-41d2-8f2e-45c8790eff82,cet6,3,0.1163
1099754a-a7e6-4583-ad2e-8b3d7c79d584,cet6,6,0.2326
adfacaa0-fa72-426e-9529-f2b7ad559dc6,cet6,52,2.0156
9c5dcab7-4030-4beb-8caa-30f1c8646d74,cet6,1,0.0388
246c2ac2-b844-4882-8dfb-b3a9c2ae1d07,cet6,14,0.5427
c6d01326-c71e-4156-a8d8-910bcacd03d0,cet6,0,0
68ed25f6-0b6a-4d13-8732-87ad3628c8ad,cet6,0,0
7942e791-8747-41fb-927f-b0d029b40ea2,cet6,0,0
05a8a7b6-f771-4495-bd73-75b5ab85dae4,cet6,0,0
5782c993-4ce8-4560-b0dd-9714a2588b0d,cet6,1,0.0388
fa73678b-e8bc-4892-b418-79376a03f735,cet6,5,0.1938
13ab92da-dc80-4382-b9d6-0ab7a506b132,cet6,0,0
b1bc001b-e4f8-4e62-a63e-607c0d070c6f,cet6,0,0
3b3fefb7-9d6d-4980-aca4-f79ab6e002e1,cet6,0,0
bf234e66-9bc9-4bf5-b6cf-ad5304600b3e,cet6,0,0
f9a796f3-2cd5-420f-9cd3-a0bef005a66e,cet6,1,0.0388
6a31a850-a6c2-4ddb-8ad7-2ba58db36aa4,cet6,0,0
5ba81725-13cd-4fdd-a021-5a5f5f96ebe5,cet6,1,0.0388
8ad975b6-0058-4b83-9f20-6113ff7202c3,cet6,17,0.659
6d74373a-85ce-4bee-9d09-30a287d0191c,cet6,0,0
61ac2d35-8f48-482a-b811-f2954fd7d47b,cet6,1,0.0388
090cdf36-aff1-4301-ab9d-fab65e6ef978,cet6,25,0.969
7f478053-66ba-4801-9a86-03197275c614,cet6,1,0.0388
9d9262a7-2c22-4c68-b0a0-b4de1e6ced58,cet6,6,0.2326
f5d92ddb-d5cf-4d99-a754-b2a010e49cdf,cet6,1,0.0388
32bcf8a9-e2d8-498b-b0b5-e4a1df08b6e3,cet6,0,0
d6279605-602d-4ba7-a950-98ce5252432c,cet6,122,4.729
99baaf9d-baad-4138-be24-4922a37f069a,cet6,0,0
12a55bce-2aa4-4d93-a23d-72084514f314,cet6,1,0.0388
f22f8470-b3e5-4c62-9906-7f561ed3a594,cet6,7,0.2713
2da8f197-f4c3-486f-974c-0d33e9decdeb,cet6,0,0
9677adc8-f900-4bb1-972f-d2133f9c7800,cet6,122,4.729
c38a3eb0-20d3-4908-9027-5ef2bddccd9e,cet6,0,0
2369d077-d369-494d-8df4-69e91e3f5283,cet6,7,0.2713
faff2ace-f2fe-45c0-84ab-bb11836cfecb,cet6,0,0
0c036ffe-13d4-4f78-888b-77c346dee280,cet6,0,0
da322127-1200-4f83-b283-ae695aeb44ee,cet6,0,0
85d56f34-60d7-4e8c-bf58-3f7620a01956,cet6,1,0.0388
bcb1ae98-4380-41ef-a980-6c4b6936c270,cet6,2,0.0775
11259079-f7a6-49d5-a5e3-e171af50cf9d,cet6,1,0.0388
38803707-bd66-4524-9c0f-901ca36b4921,cet6,2,0.0775
bbd8f3d5-7074-4c18-9fb2-139344c5c968,cet6,2,0.0775
f24438fc-2136-454a-a78c-d56cde3e3616,cet6,1,0.0388
e1983aa3-827e-4216-8734-f1878a0ee21f,cet6,1,0.0388
dadcca83-846f-49a4-be74-95ae7373002d,cet6,2,0.0775
677fd00e-bbb9-4741-9bf1-3cb09dcf2ce7,cet6,0,0
631824d9-1ff3-47a4-9ca9-987da70bd73b,cet6,40,1.5505
0aced021-c7b8-44af-9e1c-66de7ecbff94,cet6,0,0
4b813f27-ce63-487e-a6fb-08bcae290d71,cet6,1,0.0388
8247f158-111e-4b6f-8a87-2bd9152fde9e,cet6,16,0.6202
91e23f76-792a-48df-a8c4-c9c230f460b7,cet6,3,0.1163
25010273-b2a5-4e9b-bd76-6871d03fad19,cet6,0,0
de914903-3bfa-415d-b5bb-11f1443df583,cet6,0,0
2f2d6a96-5f44-481d-9c64-67c0bff452e1,cet6,1,0.0388
80049ee2-8094-46db-99b0-7f3b3b8d3e0c,cet6,0,0
91639df8-cb10-4e40-8053-2c4b3a3bd386,cet6,0,0
e92bc580-c1a2-4f30-92ae-06e518a2ce84,cet6,19,0.7365
52e16dd2-139f-46cb-bc78-d90f4a6916b2,cet6,2,0.0775
549b0deb-95e5-496a-addb-2704584537d4,cet6,0,0
73e9e739-fa48-40f0-8f09-218568dcb80a,cet6,0,0
d5c85c6d-9d4a-40c9-9efc-2c1026072b5b,cet6,0,0
62b41a3d-7fac-448d-b0ff-d8b9ffc38eb5,cet6,5,0.1938
16116450-d171-4b9f-9c31-6438a6cb43b1,cet6,11,0.4264
f08def20-ca13-405a-905c-f9759a07d25c,cet6,2,0.0775
d475d461-9638-4ba3-af85-7226c17e5822,cet6,0,0
f16b94de-67e8-4307-ad47-4e00ab9cb3e2,cet6,0,0
08191841-1b01-420e-b1f7-5aa53cc30283,cet6,36,1.3954
dc5a584a-c576-41e6-baa4-02d0db5e3a12,cet6,21,0.814
264b1c88-e3d4-4c04-b47c-b3ec143255f1,cet6,0,0
938d1c9d-aaa0-428d-ae45-6a5bec7dc8d9,cet6,0,0
5eb1af17-2972-4d5e-a274-a1bf0d4300e3,cet6,5,0.1938
0d48ea9f-2706-4fa7-a9f6-024185490794,cet6,0,0
96110e88-444b-424a-bb35-dcfbc4ea2f2f,cet6,0,0
afb47450-8faa-415e-9180-4cdef10de042,cet6,0,0
16aaa419-e511-4b87-9441-e56b83b761a9,cet6,1179,45.7003
d8587015-8d5c-4179-bee4-8a872a6e609f,cet6,23,0.8915
97530822-f033-4ef5-af26-8d19aea423e3,cet6,19,0.7365
4ab0bb31-e7a3-491e-9793-c50e10866e76,cet6,5,0.1938
aea0b594-4592-49fa-b98e-58187578f34f,cet6,0,0
b7f15442-0ac7-4498-9cc9-891992fec71a,cet6,3,0.1163
276058b7-a476-4aad-8c83-4b926b1bc6af,cet6,1,0.0388
e70466e1-3790-445b-9907-b1e543178763,cet6,16,0.6202
34d200ec-c2e2-4cab-9a4f-9d628d48bc27,cet6,4,0.155
b13a124e-4d5f-4d19-9b76-ed37b8cd7ef1,cet6,3,0.1163
ea8657af-9ae9-4f15-914c-a54194542769,cet6,1,0.0388
7dcac0ec-f80d-4d7c-8edd-d22133c38a68,cet6,0,0
88c3b48a-68f7-4f5f-a679-d497c75eed4a,cet6,2,0.0775
ac7539cb-729e-4265-a273-7d72cb8284f9,cet6,4,0.155
cddec877-161f-40bb-86c3-8303bbe3c714,cet6,1,0.0388
c68f4838-f1ed-4264-9bce-dfeabf6ab2b4,cet6,0,0
f143f06d-7e1b-49cc-8a37-e97e8398c6f3,cet6,0,0
dd009709-fcd2-4e1d-a7da-92e5aadf6dc1,cet6,1,0.0388
6e2fbb6a-af2c-4ff3-824d-11a886bcfc18,cet6,0,0
8df229e2-2de5-435c-9a4d-fcbe67e1be49,cet6,0,0
91ebee69-52cd-4570-ad0b-fb8068225101,cet6,4,0.155
907d688d-937f-4144-8ce3-23d4186bab9c,cet6,15,0.5814
2807020d-2fc4-4a6d-9777-36d99f336a72,cet6,9,0.3489
fff0e994-59c4-4a0c-bf67-513dfab31b1a,cet6,1,0.0388
51d49f16-c8d1-4f1b-a72d-9de67a95371d,cet6,1,0.0388
4dbc243d-820f-4283-9159-71355832abdc,cet6,10,0.3876
eb7133aa-f903-4a36-94d4-49632306f302,cet6,7,0.2713
d1709b57-ccab-4b6b-ace6-098edc86eba6,cet6,1,0.0388
f708c6a7-6b07-4556-93f1-0c50c648be0e,cet6,1,0.0388
441a4599-d029-4a32-b612-2b972f31a9f3,cet6,1,0.0388
bef60361-e318-4174-aa7e-e6b3606e978a,cet6,1,0.0388
44ed4a13-64d7-4240-a2a2-5960aa1b3c76,cet6,0,0
1e8631f5-8adc-4e10-af6b-cf97bed8c3d1,cet6,1,0.0388
cc9475a4-093d-4d2c-86d4-906565b7f2f5,cet6,2,0.0775
0cbba865-96c5-4f6d-b69d-aa71f1622d79,cet6,5,0.1938
fbf269c7-649f-4baf-b48d-0ce9f0029a3d,cet6,1,0.0388
a951da3b-eb75-4f11-ad51-b49dc504c9f1,cet6,0,0
f5a501f5-72b8-47db-a1de-bb3789b17d93,cet6,12,0.4651
76b3418a-cdb7-4cf3-a064-3c97d3db94ec,cet6,0,0
236cde86-b79d-4415-89f2-0172de93b14c,cet6,1,0.0388
515aa981-c0fb-422b-9e44-ffd3f80e2ce9,cet6,6,0.2326
7eb79a94-ef94-406c-9044-ea9ca934b2f7,cet6,0,0
302a211d-0162-44b8-a5dd-22f6487bcadd,cet6,1,0.0388
c6db65b8-0238-4a4f-b2a6-8de7e93e53f0,cet6,1,0.0388
62a2f53b-4ea2-4eeb-ab89-c2ee99c1a1a0,cet6,12,0.4651
979ae56c-8ee0-4ce0-99c9-e1445a3b93f4,cet6,2,0.0775
2f462012-fd30-4909-b0aa-57cfebe635d5,cet6,135,5.2329
3887f7dd-8786-417e-9b37-be0ae5395632,cet6,2,0.0775
126fde00-aec9-49de-aa86-3af64b99dc69,cet6,2,0.0775
5cb1fbdb-42a6-44e9-8132-5f4e975aaf41,cet6,3,0.1163
2d06cd25-edb6-4a34-8063-691f9b975f73,cet6,2,0.0775
719cf42a-7109-4d34-b680-639f9ee1b9e8,cet6,0,0
fa9e92a1-4571-4a5e-97ba-ea2e48a4849a,cet6,4,0.155
04be1e86-bab7-4ea9-ac92-825c587c532a,cet6,8,0.3101
9271df44-6866-4110-9937-b8ca012d99c8,cet6,0,0
ed9738b8-f92a-40e5-ba85-16d84024051d,cet6,1,0.0388
2865ed94-2efb-4985-a85f-3ec139f7841f,cet6,0,0
e2fd7839-bd99-47e1-b2e3-f7ec15811145,cet6,0,0
18abbfc7-073d-4aed-bfe0-af6e4ed8d777,cet6,2,0.0775
d28e269a-3bd7-467e-8f4f-6a0c6c9a6bfe,cet6,4,0.155
9172792e-4e23-4ebd-a498-0d8b733d41c9,cet6,82,3.1785
4268d227-ead8-4cc8-b1ce-9d9976f670f0,cet6,0,0
b2fb5d8c-b42c-40c7-b144-e4df36382c7d,cet6,2,0.0775
aa0c1d31-288e-423b-b211-d05f0dc08684,cet6,0,0
3ec0b335-99cb-47cb-a7d1-48d0eafe07c6,cet6,0,0
8c739ad9-28cc-4659-8c12-bd0975f97e4c,cet6,1,0.0388
0df7a687-e4bd-435d-ac8c-be2e8d160587,cet6,1,0.0388
2c0d7f3b-3e8d-458c-828e-0c9ccf04e53e,cet6,90,3.4886
4a14ccbc-0333-46bc-998f-5c3473199b1f,cet6,5,0.1938
8635f965-539d-4a4e-9113-1a4e372dbeb1,cet6,10,0.3876
fa374f73-d15d-4053-a907-2b57f54aed02,cet6,2,0.0775
ce258a80-4031-425f-b956-94b106ea5862,cet6,0,0
fa6690bd-176e-440f-95bf-66ffcc2a355f,cet6,0,0
d176707e-eb96-4bf1-9f3c-8a134d9d84c5,cet6,15,0.5814
8f301089-820a-41f3-b35f-c279341a0bff,cet6,2,0.0775
703ab902-b4a1-4a25-8001-5d7b0d9215b2,cet6,1,0.0388
e9cca546-5729-4712-ad06-24196393406f,cet6,2,0.0775
980884ed-0cde-4ad7-9ad6-dc46ae4749ab,cet6,0,0
509c2e73-0e8a-45e7-9d08-ea12ddf4a117,cet6,2,0.0775
86322bf3-4486-4736-bef1-a6d58ade6d3c,cet6,158,6.1244
e13a543f-9563-4abb-8f5f-ac1be0ab96df,cet6,0,0
38e58f8a-e375-4c34-89dd-9e932751374c,cet6,1,0.0388
427c6035-d099-4319-ad75-eebf1219fd21,cet6,0,0
5e648307-1fcb-43ab-bb34-c6e273a7e889,cet6,67,2.5971
bc9f82d5-c155-4573-b345-ae34d2f600e8,cet6,18,0.6977
6dfab08e-321e-45e9-a829-43cb26ab363d,cet6,12,0.4651
17761086-028b-4b79-b7f6-6815c0cd8b8d,cet6,0,0
96720440-1b1b-43f2-8c9a-605f1eeb4893,cet6,4,0.155
01c3ac3f-8cc0-41b1-83ee-1fc28902cbb3,cet6,0,0
a44fe7fb-d20d-4512-840c-0b9cb2333414,cet6,82,3.1785
d8cd64e3-d73b-4bd2-a812-0fe8783ecd24,cet6,5,0.1938
ca07a574-d256-4770-b1b4-926df4715d50,cet6,5,0.1938
66546b7c-e1a3-4635-8946-89d05ed88aea,cet6,23,0.8915
f882beb4-c409-477b-b6c4-a1e9ffec6f7c,cet6,3,0.1163
6e82230a-28e4-48c6-9679-c2c30e869224,cet6,2,0.0775
48dd025d-45cb-482a-93fc-784485729984,cet6,0,0
564bcea8-a7e5-480c-84bb-11ecdcd747f3,cet6,2,0.0775
e541b710-6a84-411d-b6ca-2dde136513f7,cet6,0,0
0cdcc7ff-0c7e-448c-b998-e58fd4688fa1,cet6,1,0.0388
7e9c4579-2942-420c-a658-dade591bfd4a,cet6,0,0
1f55dcc4-3238-4ccb-93ac-b1ebba3fb373,cet6,3,0.1163
202490df-0e72-4ae5-8012-2593150a2f9e,cet6,26,1.0078
78533546-d098-4852-8f72-2fae9db78366,cet6,8,0.3101
c98d1a87-ef62-4778-ad72-be650d07369c,cet6,684,26.5132
28df639c-129e-4871-bb62-2530cc437eac,cet6,318,12.3263
d939442b-9148-47e6-a843-1ec0d0ae180b,cet6,2,0.0775
3a1dcf2c-0e3b-4b51-bba1-5070cd40b7cf,cet6,103,3.9925
1cffa3b9-768f-42ca-934d-5fe0069491f8,cet6,2,0.0775
68c79efe-c69e-4368-8c85-00c633c378df,cet6,1,0.0388
d3bb9a27-2881-44d4-a3ce-49253531835e,cet6,0,0
4226b4b2-e770-42bd-b073-70aa1283f457,cet6,0,0
b2790343-951c-4bfe-8a17-3ebb28850bf0,cet6,0,0
c16eddd8-8edc-485b-b4ca-cf8f3187333c,cet6,1,0.0388
8bd66a44-45f4-4c16-9d20-bc12b324e36e,cet6,6,0.2326
d9bf86e3-0564-4a9d-9347-8716279bd716,cet6,2,0.0775
4a965099-1956-4817-bab2-4c1896be18a7,cet6,2,0.0775
0adb3608-aee3-4f29-980f-85db4714f646,cet6,3,0.1163
61fe6362-1331-48fa-8656-31a84f0cb31c,cet6,14,0.5427
c1c55f06-2789-4f5e-bc4b-20ed202b8fec,cet6,0,0
d58098aa-2976-4510-b49d-1a59399e4ce7,cet6,0,0
2200701a-d5c9-481a-a2cc-7a3b63d81b20,cet6,23,0.8915
e5f40ac2-2133-4dc9-a254-4c7bbc2930fd,cet6,1,0.0388
63b1beb4-290c-43b0-adff-4486b933441c,cet6,1,0.0388
f2771196-3e46-4df2-adfb-719cf9cb7f4a,cet6,2,0.0775
ae2f9762-c34c-44ce-bef4-54ac341494df,cet6,3,0.1163
26ad8762-ae26-4290-9e12-cbd8843e7208,cet6,1,0.0388
5dfa8c85-a9e9-4017-90d8-3a2364caebb8,cet6,1,0.0388
645eb2dd-2ee2-4997-a283-4dddc9c62a10,cet6,0,0
796455f0-2535-4d7a-8c16-a68c4ac5b49c,cet6,0,0
62fba4d4-4de5-4014-8fce-d8eda799cfc9,cet6,1,0.0388
780c3082-6b89-458d-ae8d-cb92bf937716,cet6,0,0
452a00e1-a307-4af5-bd72-637651f450f9,cet6,19,0.7365
283452fe-e0b3-4eb6-a72b-05460e24ea25,cet6,0,0
d801eb22-8194-4391-b3fa-ef087112ef30,cet6,0,0
21fe5293-a8c4-421e-ad2d-ff9aa154d473,cet6,2,0.0775
39ffae66-5263-4377-a690-2f8d97e763d9,cet6,4,0.155
f7475bbc-320d-4b55-b224-df180072f88f,cet6,1,0.0388
62451715-7efd-4c5b-a297-8bda78ff4765,cet6,0,0
053a563f-55d5-4d3d-95af-fccc7b313ba2,cet6,4,0.155
6583c09e-c7e4-49a2-806e-a11468c4487e,cet6,12,0.4651
34130671-896e-4016-8786-f714e44fa328,cet6,3,0.1163
e479c0e1-668d-405f-886c-a3ff85fedeee,cet6,0,0
1b709422-fdcf-4d1d-9cf4-5c1178f766ad,cet6,0,0
58c30c6a-5bd3-4feb-9594-c8455f8666f2,cet6,1,0.0388
fc2016fc-ddc3-418c-8b2d-e0a9552e27b2,cet6,0,0
a1f66ecb-8fd5-4b8a-adff-89410f78d5b3,cet6,0,0
cb0be37f-33f7-4e7b-9754-dc748726f172,cet6,3,0.1163
e1c144d6-b832-4df6-bdbd-4a5d2bb1ecc4,cet6,1,0.0388
ee25e7d0-2c82-4731-b867-2e02920c0e70,cet6,0,0
3c522106-0c41-467f-b787-de56fd2e4bdc,cet6,24,0.9303
0ce126b4-ceef-4076-8b51-4ffec2c823e2,cet6,0,0
d8335602-6ff2-42bb-89c7-f03a2e532e44,cet6,0,0
ae9009a0-7954-433c-9a63-4db50a08baeb,cet6,24,0.9303
2bd12f72-4775-4d1d-90ff-a4a565179770,cet6,1,0.0388
d139f082-79be-4636-882b-f83112ca9f3e,cet6,0,0
6d88dddd-0133-45a9-8e33-79176fca2b6e,cet6,10,0.3876
b8f51e12-585a-470f-99a5-a8fa636b7d98,cet6,0,0
5e47c1cf-6a60-47e6-9445-c07062f9a742,cet6,3,0.1163
89be17c2-05eb-4c66-931d-bae840dc4f1e,cet6,0,0
ed7a3013-ebbf-4017-a1e8-e7736988b5df,cet6,1,0.0388
6b5ae1de-29df-4f2b-9472-e67bd8a65882,cet6,1,0.0388
57867dda-57db-47f6-bf32-653d8ade88d8,cet6,2,0.0775
7114f539-46b4-4c34-9524-a34ac21e4dc8,cet6,3,0.1163
76764a6c-fafb-4f76-8616-02aecb4b29ce,cet6,0,0
c19ca860-00a8-4e9d-849f-1511ea7eb2b3,cet6,0,0
ba642082-8c0f-4afc-bb70-898acff505a7,cet6,5,0.1938
470a3d07-6735-4847-a7be-e008cdc9dde1,cet6,0,0
62dbef46-0dde-42f5-961a-33da8e4cefaa,cet6,3,0.1163
6831725c-6999-4af8-acba-73618e9ed8b9,cet6,0,0
bafeb327-5ccc-428f-b331-a2b7d39d7aa8,cet6,2,0.0775
9da8b70f-2d4a-4e10-804f-052132de8730,cet6,13,0.5039
53b3ae82-ef23-4b57-a10b-725aa8ad31c3,cet6,7,0.2713
a5ee6328-bd0c-41fd-97ab-96b08072f160,cet6,0,0
b298070c-d0e1-411c-a587-06cd8fd21ec8,cet6,9,0.3489
ee684175-67a5-4620-b6ec-4792cb576e9c,cet6,0,0
3905b782-1007-4e5f-b3a5-0a96c3681236,cet6,0,0
d3cc0af7-1625-4ff4-9694-9b67924815a9,cet6,0,0
6028bbd9-1907-4284-b24b-70c74366e9f6,cet6,0,0
6ff23901-879a-4d32-b28d-456e58f09a59,cet6,5,0.1938
34c4f1f5-8507-466d-a2a3-b4ee4a9f4de0,cet6,1,0.0388
d3faac4f-9f0b-46eb-88ec-2fb609020827,cet6,0,0
b92619ae-61aa-4682-bd9a-ff9e53f836df,cet6,2,0.0775
cbde8bb5-754f-4808-93e4-f56770e31c96,cet6,1,0.0388
fd30f60b-daf6-4a96-b1ea-817d9d4dbf07,cet6,1,0.0388
2ed59ede-89b1-40dd-9302-d43d88364892,cet6,23,0.8915
a50c0ead-8df8-4693-b88d-8c7f59d60b48,cet6,17,0.659
5ed8f413-0331-4aec-97db-0211d26687b5,cet6,0,0
b6a49e18-d90d-4d33-971e-db61f09ba540,cet6,0,0
9425308d-30d3-44c6-930e-4808c9560e58,cet6,1,0.0388
ef40833c-cde2-470b-8b15-7fb6ffb7da56,cet6,14,0.5427
e7b12a5a-0f3f-4832-a5e6-931fcf3d5cc0,cet6,39,1.5117
1b3af4f8-4a84-4d54-bb0e-bd547a4cdbc2,cet6,0,0
c1dec620-0c4a-47dc-876c-f61b51710c89,cet6,0,0
3fadfb0a-dad6-4e35-8e67-a54c78c91811,cet6,2,0.0775
499d0c41-dc7f-4ccb-98fc-4f79887986f1,cet6,3,0.1163
bb6afa33-646f-4e43-8ba6-f75b0caa6037,cet6,14,0.5427
23ee31b8-d22b-43b5-95c6-b2ab520e8367,cet6,4,0.155
2ce89a37-f0c6-4c4b-a0a1-8eef4b00e335,cet6,0,0
e5cc11d8-c524-4791-b19c-f4dc2b649280,cet6,12,0.4651
e0d526d6-ec95-4e38-92a9-4dd96c09e7e6,cet6,33,1.2791
da47db21-221c-43cf-a8b1-147ebe63a762,cet6,0,0
cdaa351d-9df3-4a5d-a90b-9056352bbe0b,cet6,7,0.2713
bdd11446-4c08-4f58-9e1e-17330e85bd10,cet6,113,4.3801
1070c264-a208-4d9d-a4f5-ec3e82047e03,cet6,0,0
4a38a66e-0ee9-40ef-9fbf-c287368f0c9c,cet6,19,0.7365
0249616b-e2b3-4606-86ef-3a3911ebd462,cet6,0,0
ab58c866-8438-4e50-b078-0041e9d6fe9b,cet6,0,0
81a9bbab-69b5-4eb2-b048-8b4da84600cc,cet6,235,9.1091
7e0a0dfa-25d5-459f-b40d-29be55e4ccd6,cet6,143,5.543
06c7b7ea-edcd-4d27-80b7-f24d9e761d74,cet6,0,0
233b4acb-ddc1-44fe-b67a-5de695391131,cet6,0,0
b69fb320-451c-499a-aa11-cf1594799ba3,cet6,9735,377.3475
b9c013ca-af31-4b96-bd3b-e5e6803535d6,cet6,13,0.5039
935fe896-4309-441e-ba29-b1f4d74d373b,cet6,2,0.0775
13ca5307-2567-412c-b285-cd8e0221584e,cet6,12,0.4651
cab687e2-c2f4-4b26-8968-af39a77d3d4e,cet6,6,0.2326
ac0a34bf-31f4-49da-99cf-b12d1b2e39f6,cet6,8,0.3101
da123b0c-63dc-45fc-b632-767610656251,cet6,0,0
5df6915e-e1de-4a0c-bf5a-d66c28f71e28,cet6,5,0.1938
51aba54e-82ff-4040-9c6a-1e96f6e1e051,cet6,68,2.6358
51724a99-3816-4123-9733-003cff359c56,cet6,0,0
5944729b-87ec-44ef-b4d4-a9642036172c,cet6,74,2.8684
e3989bf0-455d-4f23-97ea-be58751d46ef,cet6,87,3.3723
2b4f8fd3-efb5-4a3c-99ee-03d6e7045de0,cet6,0,0
4f31ba8c-433d-4da5-84ea-e4d2eb818c4e,cet6,12,0.4651
3e40d506-dc89-41c0-8d43-d9316732d833,cet6,2,0.0775
d4225556-7ad1-4b57-ab84-5fe69a211db7,cet6,9,0.3489
84da67bb-a2a8-43cf-994e-d5208ea94105,cet6,0,0
95bce2cd-165f-4a99-8e53-7a5479970935,cet6,120,4.6514
4837c497-e2ec-4db8-9d6c-09e1636e1ec8,cet6,4,0.155
0b3400f9-04fb-4fd0-a043-3b80bfd6bdf3,cet6,2,0.0775
249243d0-e0ad-467c-9c99-912751f740a5,cet6,5,0.1938
034c2886-790b-4e73-828e-0ccf66a5b492,cet6,1,0.0388
41e4004f-76ee-4561-a9c3-cc45c4d76b6b,cet6,1,0.0388
4bbd8b23-c13a-4c76-bd4b-5e80640b2014,cet6,3,0.1163
84173942-0038-4f16-ada1-cfb8a5d85f58,cet6,3,0.1163
cd4a6661-29e5-4c3b-a581-b58500403d6e,cet6,0,0
35d3b7e4-7d32-47eb-b7dd-a88423674da9,cet6,1,0.0388
6a2c23a0-d437-422e-a44c-9d9f83341e1e,cet6,6,0.2326
746cd86a-40c0-4b96-99e7-24629b53893a,cet6,0,0
061485f1-feca-4474-9f12-e953ea110aed,cet6,1,0.0388
26e88ee3-2aba-4afe-8896-2260ca57f259,cet6,0,0
3aa09597-aac2-432a-bf7a-79677a135fe1,cet6,0,0
462b008f-f87a-498d-aea1-1f67c3112aa5,cet6,1,0.0388
7a7dd85b-64fd-49b5-ba3e-a6fa90c316b5,cet6,159,6.1631
7406a81c-7225-4a8c-acbb-68b4ec0b5400,cet6,0,0
fed422ec-781a-46bb-ac58-07fba35d41e0,cet6,1,0.0388
ca3b2154-bcbb-49b4-8385-e0041ac92e30,cet6,0,0
cb836916-f794-474b-9dcc-2eafb289bfb0,cet6,1,0.0388
ec871554-3f27-489a-8c98-c4064949f094,cet6,0,0
42791cf1-7722-4a09-91db-3f69033290c4,cet6,2,0.0775
cb01059c-5d52-4fc5-a898-b2daba8dc1b7,cet6,67,2.5971
3f40998a-35bf-428d-861a-92c5147b303b,cet6,2,0.0775
072d3e7c-8c7d-42fd-a048-634b70c8b7ac,cet6,1,0.0388
8433409c-6131-4afb-9028-d9fd08171ff8,cet6,1,0.0388
e17c24f6-d646-4303-b72b-df9b7df6498f,cet6,0,0
e00b6595-add3-4aac-8b20-ab5790ad8dfc,cet6,5,0.1938
365a1b6f-1b75-448d-b802-ec216e550749,cet6,1,0.0388
3ca1a44c-e89e-4fb6-8461-b6645507a4c1,cet6,3,0.1163
dcc735b2-2987-4030-ad9d-6ef9216ffc4d,cet6,10,0.3876
c41bdd0c-40b9-4d16-9ca3-e6e9b153daef,cet6,1,0.0388
025b7bf2-1f81-4332-8691-3d385223e3a8,cet6,0,0
50711db8-d6c5-4515-ae98-8b074cc1244b,cet6,0,0
7fcdab5c-6f41-41ac-96ed-66ee1ff0f548,cet6,0,0
fe2d7afb-3787-40b0-bd94-b431403aff24,cet6,2,0.0775
e45412ee-3bc3-47ac-a6ee-e946f31704d3,cet6,7,0.2713
8f5b2561-cbe1-4cc4-80b3-b393c14dbf3b,cet6,1,0.0388
575a48ab-e7d0-4a01-9cad-318b20b1a268,cet6,0,0
e1e25b02-972f-435d-b061-cb17e62a72db,cet6,8,0.3101
a41cb7da-3515-4a72-8366-27a623268441,cet6,6,0.2326
06ffbc10-b7e4-4a18-b22e-85f6e04a4313,cet6,5,0.1938
975bf167-b970-47e8-8c01-cf4fbfc1c295,cet6,2,0.0775
02ba412a-c658-430a-a559-23b5cc32696b,cet6,0,0
595b7f9f-a5a8-43f5-841d-b08f487b049d,cet6,1,0.0388
4b57ccf9-0679-45de-9713-44059533bb69,cet6,1,0.0388
39bd0112-bd98-46c5-9579-93cc3414a468,cet6,5,0.1938
f10d2215-3d8d-417e-9c60-b166ab122a25,cet6,0,0
2f1f8ada-0c2d-4dd8-9283-ef2bbe9c84b8,cet6,2,0.0775
b6920389-e56c-4d29-8ecf-db9a90a51ebd,cet6,22,0.8528
33fd38f4-7dac-4241-aab6-4601e21237b6,cet6,7,0.2713
c253df5c-3793-4c89-8870-53a76fbf23b8,cet6,0,0
53c8bdda-387a-40d9-9cbf-2af706099da1,cet6,0,0
ac7a4feb-833d-4c77-b497-4581010e7a24,cet6,0,0
8cacfaf4-3e28-4d06-bf5f-64504802461b,cet6,1,0.0388
7f79e51f-63c6-4f39-a72c-57b76f1ea4b5,cet6,10,0.3876
a037d414-4cc7-413a-a2eb-ef43c255de8a,cet6,9,0.3489
bb0e1ff0-2f3a-4781-96fa-3e8abf8cf231,cet6,0,0
1ac033af-0c6b-4899-a993-eb791f1b97da,cet6,0,0
994f01b5-3662-4cbf-af84-acce3ef80364,cet6,17,0.659
b22a4b52-7a29-4708-b681-618e2a1b628b,cet6,0,0
554e597e-d86a-48e2-a897-a0e6383da43f,cet6,0,0
93969008-ff6d-4c0b-96cb-b631c1785138,cet6,1,0.0388
6c95e738-d943-42bc-9d75-3ef2af06a87b,cet6,4,0.155
e0de392b-0676-4b3d-96d1-852435b5fad4,cet6,23,0.8915
9038ab04-083b-4ef5-bb5c-673d1c27cfb3,cet6,1,0.0388
de260b46-c4e6-40f1-a6cc-45802fff5fc6,cet6,1,0.0388
1ffed2d2-215f-4050-98ff-f4e3d4b35360,cet6,1,0.0388
7daeb821-e71d-46f5-885c-6660347d5dfc,cet6,1,0.0388
9f641a42-860f-44af-bfc6-8d034d5a31f7,cet6,1,0.0388
524325f5-fb6d-4eeb-b6e0-4b27a3e05d9e,cet6,2,0.0775
fbe35855-3d5a-4796-847f-d35d61ccfa7f,cet6,3,0.1163
676bd03a-346a-4c01-9c0d-a9bb3b198df1,cet6,2,0.0775
36d08331-7509-450f-98b5-ce1899459bb8,cet6,6,0.2326
5b691362-b115-4e56-9ed7-8b22fe07dbb2,cet6,11,0.4264
c4033193-752c-48d9-88ed-3c9e34d8325e,cet6,62,2.4032
e2bd21d0-3501-4a95-aeb3-cc4d440cc670,cet6,6,0.2326
5a720ce5-745f-4c44-994f-0032dfa0367a,cet6,2,0.0775
e094d9e8-c471-4044-b03b-048c0104fb25,cet6,1,0.0388
e6f0360d-24e9-46dd-a31e-820e02855070,cet6,8,0.3101
1c986d9b-eeaa-4a3d-9636-202915a8e78d,cet6,2,0.0775
9b5d51af-bb47-4451-aab4-e3f57b6e516e,cet6,1,0.0388
9845f787-01c6-46eb-86f0-55fb9077af56,cet6,1,0.0388
36c7a202-d06b-496f-b618-4c994e40db42,cet6,0,0
d61e588a-a79e-4c4c-8897-cc790639fd61,cet6,7,0.2713
2b8b1271-1a7c-46a1-8e34-db8489d05675,cet6,6,0.2326
50b040f0-5b20-412d-a27c-806daadf805d,cet6,0,0
cfa7bd4c-4632-473f-bf5e-71b66cbe1561,cet6,3,0.1163
58626821-bbdb-4b23-8924-fecc458a0967,cet6,0,0
6b1ae753-9fc5-44fb-80f3-3b6b5f47944f,cet6,20,0.7752
54255b08-42f0-4cef-b3af-40541e61698b,cet6,0,0
16f4f7bd-e794-454b-9be7-a75569b5fa50,cet6,7,0.2713
5fcbd821-abce-4319-9a22-64006db1214a,cet6,0,0
a3e0995c-9048-40d9-a21c-2add74e07bc1,cet6,0,0
b7ab5c19-cfbd-4576-a6dc-639836121dad,cet6,4,0.155
facfb735-b9df-4ed8-9691-302862ecc008,cet6,3,0.1163
64888bd6-2705-4641-848b-9b6ef945adbf,cet6,4,0.155
4e2cf8a2-3f0b-4be3-9342-74ccd01c5394,cet6,2,0.0775
11821b7b-e4da-4a6a-8aeb-a929529b3107,cet6,1,0.0388
470a25d9-c6aa-401c-a247-3d7689d0bd16,cet6,2,0.0775
1b1e74c3-1451-4cb9-acd1-a229ed28b922,cet6,4,0.155
1af493a4-83ae-4152-a4c2-614e92bb098d,cet6,0,0
2341634a-fb39-4722-8a80-ec142c3973cf,cet6,559,21.6679
6589e801-a25c-41c4-9ec7-f29e03d883d2,cet6,193,7.4811
c6528d25-32d0-4420-bf00-7677fb2e86bc,cet6,0,0
48d5507f-6747-49e8-be1f-33d9d5ce6392,cet6,1,0.0388
80554fdd-36aa-42cf-b621-9ee7718a0598,cet6,2,0.0775
e05a2023-3899-4e15-9a0f-853e09c3df35,cet6,46,1.783
e4850eed-98bb-4d91-b31e-b419edd18668,cet6,2,0.0775
1be4449f-146b-4044-b3ac-0f307176e65f,cet6,0,0
ccc8f259-92c8-4d9f-8a3b-a199cd96ebd6,cet6,0,0
8c0f5771-4ab5-4a8a-bcb6-813c3c36d13f,cet6,0,0
6e212df2-f531-43a2-a7a1-5d0d349572d6,cet6,3,0.1163
5bfde166-12b7-4f58-b4f5-bc461dfbdfde,cet6,1,0.0388
5fa723f6-446b-4001-aeb9-a00adb221c5d,cet6,2,0.0775
1c68ef02-0de1-44be-bfbc-f2692d5e231d,cet6,0,0
6942b128-fb09-44c0-9336-d7cde3dd17ff,cet6,3,0.1163
073a5a0f-8bd7-4dfc-8e62-88e93845e2b8,cet6,3,0.1163
51a929c0-9de7-4ea3-a5b5-b4174f9d46bf,cet6,3,0.1163
4937d7a3-2ede-47b3-afe8-b36d3041bb58,cet6,34,1.3179
a90ac760-7004-46c7-8554-133032e1d391,cet6,0,0
5fbf7e07-0088-4b0a-9f5c-84a9ea3d1d6f,cet6,0,0
c317cf88-5d09-4b09-8660-344ee819ced3,cet6,0,0
98e172cf-07d9-457b-8166-bba5bd330580,cet6,0,0
ebb2c235-133f-4b8d-aea3-1739a6e1e705,cet6,0,0
fa5c24d4-5fd6-47e5-bcfb-052f909940df,cet6,26,1.0078
2037f4d1-c278-4cbc-b593-d1e6e8554e7b,cet6,1,0.0388
d8b5e146-f12e-4b99-aa75-973bce9cd80a,cet6,11,0.4264
a8f3e1f9-ed9f-474d-ab56-988ce3fb2221,cet6,0,0
7957c91f-e5be-422b-915a-bdc74948ae73,cet6,1,0.0388
d46bc329-5217-4538-b801-2fa3b325f2e6,cet6,88,3.4111
6d291ecb-a9fc-43e9-80f9-1d11c56b2141,cet6,1,0.0388
5b64507a-c886-44b3-852a-b460b037c341,cet6,1,0.0388
6c1cca9a-c09b-4fc6-a704-8bb493c2371b,cet6,0,0
cd6425c9-a4ba-4479-bb1d-4c023ebd5174,cet6,0,0
7c691bc7-f73c-4b8b-bc73-35b00ae16f4b,cet6,4,0.155
1026049b-388d-4e1f-9699-bd61b94a2adc,cet6,2,0.0775
77d3952e-0162-4926-9f1b-695c907e875a,cet6,1,0.0388
3c5feb05-b310-4ba7-8f47-79baa4125c51,cet6,0,0
791c2526-2417-4d94-ba54-e1effecc1e59,cet6,0,0
f0f1a498-63e2-471b-a984-67c9033f26d2,cet6,1,0.0388
dd5acd92-0332-4ce2-8516-43b7f20ebe26,cet6,1,0.0388
5257b0e0-3581-4dd3-a6ae-370d7c2a8ef9,cet6,0,0
459ce8e9-68f7-4425-9522-65158da15f9e,cet6,0,0
b1b11868-bb9d-40f0-8587-8558eb4c1065,cet6,23,0.8915
9f3129cb-96d5-47e0-aa8f-70f0445c2990,cet6,32,1.2404
b6ff7f0f-fe2f-437c-b00f-cbeb33fdb95f,cet6,0,0
231909cd-95c2-4e06-9f8a-73df24602fd9,cet6,1,0.0388
86770857-5121-42f8-aa3e-b8f450b758ed,cet6,0,0
0d10cf7f-b745-4ca4-8d99-a395b747349e,cet6,0,0
0ba1676e-4dac-49b6-837c-a33eefccb626,cet6,9,0.3489
c9119ce6-349d-424f-a794-9b3a34989fb9,cet6,67,2.5971
1e8f748c-5573-49bf-b161-7cc6799fc05f,cet6,1,0.0388
9e7ab523-6a2f-4f8a-9c1c-d4062794c276,cet6,2,0.0775
18f3bd45-2809-4817-8623-ec89b9caf9e7,cet6,0,0
3c80bad1-cb62-46ee-a506-cc07c995504c,cet6,5,0.1938
6097fbf3-6e83-47d0-913d-c93cb494eee3,cet6,147,5.698
3a00b736-8579-48c4-bd10-b305f7b33e28,cet6,0,0
7063a425-39f8-4edc-ba7e-b1f1610a1f34,cet6,0,0
09720696-cee0-47ae-9a92-b82605b51f3f,cet6,0,0
40945ffc-39e5-4196-a135-bd79f288292f,cet6,0,0
9588662d-20da-4789-a302-dbf54d40dcb3,cet6,0,0
df974e39-22bd-43d0-8521-9516f46ed079,cet6,0,0
ca2a5dee-6d4e-4b1b-82da-ee1566abddf9,cet6,0,0
5b75cf76-fcc5-4d86-920f-8c614e0ad920,cet6,4,0.155
5e9e0d91-2bba-4458-a014-f9d0e30ef665,cet6,1,0.0388
b2f670d4-da5e-4aad-a596-19ccb4cd8e2f,cet6,15,0.5814
9c9ccb86-486f-4f70-a144-d501118ff8c3,cet6,8,0.3101
3e931c59-c7fc-4150-bde5-fbf12fe6d936,cet6,192,7.4423
41517971-de6f-4fe0-b243-3d8a12b168ef,cet6,1,0.0388
0f4e19d1-a1a5-42f5-894a-ca0613476b70,cet6,42,1.628
40efaa5c-faa7-484a-9f4a-5a9cea32ba90,cet6,1,0.0388
8cf8adb9-bdb9-4836-b3fe-6c13ef6b24bc,cet6,1,0.0388
213b810b-45ab-4535-982a-b7985934372a,cet6,34,1.3179
f27d1b03-c5d4-447c-9693-ba7f58f33843,cet6,3,0.1163
b0965623-bc22-44c4-8c9a-65cd499312bd,cet6,0,0
694a43dc-b0f8-46ed-8ad9-f36d3acf33f6,cet6,0,0
538cdeb4-6fdd-4dda-bd9b-b01639b9a92a,cet6,0,0
bd6f70e0-7570-449a-84ec-e7a64eb537d9,cet6,3,0.1163
a43181f3-4ac1-462b-b713-8b4dec9a23e6,cet6,0,0
c8d73c70-cf68-4c77-bc6c-95e4c76939d2,cet6,1,0.0388
52b1d0b5-678a-42b2-95a5-b540f5cf8ff2,cet6,1,0.0388
8ee15a8a-7b31-4778-b06c-313ec41b1740,cet6,1,0.0388
a123919e-9ac1-4ecb-b5ff-f26ad6307d3b,cet6,1,0.0388
cfb83958-a5d9-4375-95a1-11b14555ff84,cet6,6,0.2326
19c47867-0a4e-4eae-bacd-c77ef8b8f40b,cet6,3,0.1163
3bd2b1e9-a331-42aa-9371-f47cc3dea31e,cet6,2,0.0775
72866100-7ed0-4efe-8b90-54e1f3772967,cet6,1,0.0388
d5d524f4-df4f-4ced-838d-14d0d87bc2a0,cet6,17,0.659
db0cb22e-c694-4210-b0f4-d11aa1ad6917,cet6,5,0.1938
1b4150dc-0755-4048-884b-49ad9ccff464,cet6,4,0.155
5588c03d-53e3-454a-a1d0-f1eddc0eebb9,cet6,1,0.0388
935808ec-8ea2-437e-a8b1-fd47e9cba084,cet6,1,0.0388
36b4d81c-8ccd-4cd8-a71c-e6f46abb7f4b,cet6,1,0.0388
704dee52-eff7-464e-b947-6d946f143d61,cet6,1,0.0388
7f905ca0-a747-4e3c-ac97-eaa739ebc53d,cet6,2,0.0775
bb319f2c-24f0-4b58-99fa-80d0a7779ced,cet6,0,0
2490a401-bb98-4d24-a2af-ec6501b1938c,cet6,4,0.155
ba890ddd-e1bb-4f9d-8350-e133eef7d542,cet6,11,0.4264
901f77f2-6034-421b-8004-82aacc258733,cet6,0,0
6875ec8c-992a-4af5-90f5-6011c3d3603a,cet6,1,0.0388
70053536-5af4-4928-8703-37503c510c8c,cet6,0,0
ad90179e-5386-41f7-a7a2-c98fe7123179,cet6,2,0.0775
e6018d5b-f992-4ca3-9267-b2b59533efcc,cet6,6,0.2326
83d62011-5477-4554-abae-e5150413d34f,cet6,0,0
e40115c6-b8af-4457-a5d3-8eb533a21775,cet6,1,0.0388
c0d8129d-ad91-407d-83a6-99d0de44eb69,cet6,406,15.7373
62080ce8-8d85-4df8-bf6d-3e737ac89454,cet6,0,0
aa0ff996-1fb6-4ec0-9950-e811db7d333d,cet6,11,0.4264
c37a9e5b-0730-43ce-ba11-907f6d74f13b,cet6,0,0
58f89707-adcc-4337-b44f-79a4480ad9e0,cet6,3,0.1163
c3fc5b1d-99c2-427e-a791-b572c1f9acad,cet6,0,0
0fe02c14-20ca-477c-b7fe-367627d81bf9,cet6,1,0.0388
d27be29e-78e0-4525-826f-1aaf3e617b8d,cet6,0,0
f4139b0c-8157-4d3b-ac34-0b2776969272,cet6,0,0
0b975e70-b86e-43ee-84b1-1cbbbeb24622,cet6,40,1.5505
46b76fae-a606-49b0-aa84-f7f3df28adf2,cet6,2,0.0775
2a2f78cc-7753-4791-ad23-9f1df667517c,cet6,0,0
e8505a0b-c477-4569-b5ca-9052241900c0,cet6,2,0.0775
5adde7ac-4a1d-49fc-93cc-dbdff6510f96,cet6,3,0.1163
39e41775-1f00-4f3b-8210-80573e688a0c,cet6,1,0.0388
2b314a8b-10e7-4ba6-896b-9fff08b496ec,cet6,0,0
6f09a0b1-74bd-49f1-833b-caecb0af172c,cet6,1,0.0388
a2ccf71e-443e-49e3-9d32-68c04fe65355,cet6,0,0
89a66a8e-dc54-4365-869a-896ce76c90c9,cet6,0,0
6c9bd8da-21ee-4a3a-954d-da1bd4b60524,cet6,0,0
f7cf9306-28d0-400a-a07d-2342c868cf6d,cet6,0,0
c567bd30-9165-407d-b826-5382db7bee94,cet6,1,0.0388
60978844-6b92-4045-9c8d-b0338ee4a5dc,cet6,21,0.814
379bd8ab-64ae-423f-ac6f-f0b6d83a90ad,cet6,3,0.1163
92b66426-11dd-462e-aade-6faa08a862f6,cet6,3,0.1163
6ef26a82-a5d9-4431-a831-d9352c203a0b,cet6,10,0.3876
f69727cf-5ad7-40a3-a0f9-4845326eac20,cet6,4,0.155
f1290a97-5421-4f93-abb3-a46995761f76,cet6,0,0
6c6baf39-2133-4e9b-bbd8-387c1552721b,cet6,25,0.969
4c07d366-5cf7-4254-8c39-4b0e8458e295,cet6,2,0.0775
b059dc30-a031-483d-b2dd-53eba74f9ff9,cet6,2,0.0775
ca356853-1745-41c1-b908-2279998169bb,cet6,1,0.0388
947d5bb0-4fd8-43bc-8415-073709e8456d,cet6,3,0.1163
338dcde0-16d4-494c-ba10-55773a9b9d2d,cet6,35,1.3567
c7c3a556-2a0a-48c3-b6ed-fe0e34ac5a5f,cet6,0,0
3c08e8e3-000b-4279-86ed-f6def6ff59d7,cet6,0,0
534fc9a5-479a-4c4f-bd7f-4644831af121,cet6,56,2.1707
55ef874e-1f1e-4ca4-b841-4a6eadfc37a1,cet6,8,0.3101
b6617667-4769-40f1-9f63-b80a7fb30b7c,cet6,2,0.0775
225456b6-07de-4054-abba-86bccf77fca5,cet6,15,0.5814
dc9ad1f0-142f-4584-afff-8453003c63ce,cet6,1,0.0388
97299abe-e28e-4306-bc36-a573ca3bad10,cet6,1,0.0388
f5633bda-6220-4195-aa0c-a1bb62f15fec,cet6,0,0
db0b9565-bf37-4364-93c0-af0a5373a846,cet6,1,0.0388
ba4400da-7fb1-4b5c-9f57-d8b041c2b990,cet6,0,0
a0a023b0-37c2-4f37-bb5d-707ee9680eb2,cet6,0,0
1dbf1d46-ff16-484e-a333-c732a491c095,cet6,0,0
ee137fa2-101a-42ab-b201-e5f2fb4784df,cet6,3,0.1163
62c7490e-aae9-40e2-8efa-5eaa23d57224,cet6,0,0
e35ac198-944c-48fc-99ce-53b36c1918a8,cet6,1,0.0388
da59172c-6d94-408b-9148-94fb0e8f11fa,cet6,0,0
3b56e321-96da-4716-afcc-9d1c0963055b,cet6,15,0.5814
6834e832-c805-4b1c-be2f-c2910dda3cf9,cet6,1,0.0388
c70cb96d-89af-4430-a64e-85493cb080d5,cet6,0,0
cbd20a8b-1024-4634-943b-f89e1c08501d,cet6,0,0
133b7320-1862-4ae3-b857-0fa658ca0a1f,cet6,3,0.1163
cb2e0b56-e56e-43ed-af50-c9445ead7fa3,cet6,1,0.0388
fe3e7c80-657d-429f-a1f0-4ce652f09179,cet6,0,0
57c7e75f-d46a-4146-8dd7-bdaf9488e073,cet6,1,0.0388
ff22a240-067c-4c4e-9eb4-8bb9e24d6ab0,cet6,5,0.1938
787b6b48-c315-475b-961a-ea6f671aff8c,cet6,0,0
e98f570f-93e9-412c-b70c-fe0a38fef432,cet6,2,0.0775
3d30cbae-0080-40bb-bcc3-8295837da038,cet6,0,0
b149f9ae-ee2d-4012-b43e-efee42b3fd3e,cet6,0,0
0e1c915e-8dfb-4812-bd2a-ceddd1feaa01,cet6,1,0.0388
7ee5af2a-c3c0-43d3-a4f7-620736ed12a1,cet6,1,0.0388
ba6b9734-269e-40c8-8313-eaba3319db22,cet6,6,0.2326
70f874de-3dc6-4e20-93e3-8c3992976c3a,cet6,2,0.0775
e2f839ba-74d8-4fa7-b753-87666f2e9f11,cet6,3,0.1163
9948002b-d1a5-49b9-b787-c5e525277fd6,cet6,0,0
e559ee12-d7cd-4890-9b48-fc9db419862b,cet6,0,0
020f2871-0dfa-4bc4-82a2-b1411725e803,cet6,0,0
b50fd1e7-a5c5-4513-9efe-d34b65989f23,cet6,0,0
70a93bb3-f794-44b8-bb76-7fd824a0094b,cet6,0,0
3a47317b-e80f-49cb-b8db-66858037cb98,cet6,0,0
99de282e-5cbc-43e4-b8d3-8e8daf4a99f4,cet6,0,0
413a0e0f-ec9f-4ad4-95c1-4d9afc9f67ea,cet6,5,0.1938
6d7ef09d-1f42-4911-83ba-9c6220f57221,cet6,0,0
00d27b30-b953-44bc-967d-464593fbca43,cet6,2,0.0775
7b1110b0-f503-4aac-878f-b9c1b6aaeaa8,cet6,13,0.5039
e1a483b4-1483-4301-99a7-47fdf029f55c,cet6,1,0.0388
20ea4009-edbe-4e9e-9de2-0705db491c7a,cet6,0,0
3138f4af-b5ef-4a04-86c4-8bd18d3d6d24,cet6,1,0.0388
1e8807b4-95d9-4b00-813b-a7d73694b821,cet6,16,0.6202
487ddb6f-3626-4eeb-b8c5-131d9ed74ad1,cet6,0,0
0698af3a-8ded-4f89-a3ec-d67c8e43eff6,cet6,0,0
1a30fa55-db0a-4068-a1c7-2c96b7feff1f,cet6,0,0
985a1fb3-9a00-4e0c-a97e-1529b9068be1,cet6,28,1.0853
9664a543-f1e9-48ff-9647-99a180d18ed9,cet6,17,0.659
e36befd7-9f14-4de8-b513-47ea7ce3f53c,cet6,0,0
5809ed02-5bba-4272-b7cd-d6c9762e845a,cet6,0,0
2824f6d9-b138-4acf-adda-3a0f727e9a10,cet6,0,0
815cf99a-dea5-4f54-bd44-b397ecfc40d7,cet6,0,0
46edb185-81bd-449a-b88c-d05b49a3f60b,cet6,0,0
86986ba8-4ac0-424a-839b-bee93f2cf357,cet6,3,0.1163
69fd142e-b5de-4654-a117-6abbeb2fd22e,cet6,2,0.0775
916b69dc-aecb-4f1c-983a-1c9446acb060,cet6,1,0.0388
e63fa872-2b28-4a8a-85c1-1b0475d08912,cet6,17,0.659
f9170e98-ae37-4c3c-82e1-ae8e52be818c,cet6,0,0
6db5e135-00e7-46d7-a339-fbe4baf49e5f,cet6,4,0.155
48ef19ed-5c23-450d-abdc-e203f2823abe,cet6,0,0
d61e228a-a9c0-4964-8d9e-9ded0ad177b5,cet6,1,0.0388
c61c9137-df73-4a05-b2a9-8449a2235ab4,cet6,5,0.1938
c20e2ff8-66ac-4ee2-805b-0ad612a9b5e7,cet6,0,0
55c28267-003e-409d-a2d7-88c0695b0bd2,cet6,1,0.0388
799b09ee-64a3-4af4-babe-c0aa09ce8f82,cet6,1,0.0388
638a3778-6c5c-4f89-bf84-24f3f6614637,cet6,21,0.814
69b65641-af66-4d7a-b219-4604133cb076,cet6,11,0.4264
f8258767-ee0b-4719-87c4-d490d16031f0,cet6,0,0
b65a9634-3855-410f-bb10-eaa7a8cd623a,cet6,5,0.1938
9cc7527a-e452-498d-b73f-5c5ee7a02178,cet6,0,0
7f949096-cee8-4fa1-8be4-3ea8631b66c5,cet6,4,0.155
f296a1e6-ba94-46c4-a0f1-fd852985118e,cet6,0,0
fc0760a3-bb75-4967-9dbf-e946e4b0dd84,cet6,0,0
9b397289-e91c-4229-9fa0-a68b3d871fb7,cet6,1,0.0388
f136cc73-3dad-40b2-9383-1234c4b15557,cet6,0,0
858dab43-8570-4970-9528-a5094110750e,cet6,2,0.0775
0e4efb2e-4daf-44a2-927a-6ccead1d7ab4,cet6,4,0.155
0e41c6cc-bd18-40b5-9bf9-1e3d27add583,cet6,0,0
4128e635-94f2-46b5-a282-7615c3734429,cet6,1,0.0388
18e5e495-4708-4fbd-8e5b-43790b5becdf,cet6,4,0.155
a69e6f95-08cc-435c-bc97-91977ff5b031,cet6,3,0.1163
5220daaa-2aeb-412d-97c4-3d17e0b96178,cet6,2,0.0775
a31083ce-d7c1-434b-83ff-39ff236760e6,cet6,2,0.0775
a42a9165-d109-40f2-96ad-b9a1b9e0159c,cet6,0,0
4037aafa-8113-471a-9093-de48074667ff,cet6,43,1.6668
9c2a72ac-600c-421b-b13d-3aed173b76e2,cet6,0,0
93afd2d0-e4c3-4111-807f-42194f5107aa,cet6,0,0
0700f6d4-2429-4561-a523-d0cb7f1ce7a9,cet6,0,0
34929459-3520-4290-ac0a-dc6f2ce1baa5,cet6,3,0.1163
e974b459-2dd3-4fa8-8e6b-4ae96ab72910,cet6,0,0
a79766e7-81e0-4f9a-bb81-217fb44846fc,cet6,8,0.3101
76ca0bd8-0121-4154-b3c5-dfac6e41425b,cet6,1,0.0388
e5cd693b-bf09-45dd-890a-c5c987134332,cet6,0,0
72059c9c-698a-453b-b37b-e6c41fb530f2,cet6,551,21.3578
8afbce7c-7245-43e8-a858-f6d98ef7b6b3,cet6,37,1.4342
380ef193-a4a2-4564-ad88-3f30c5927309,cet6,11,0.4264
f4278050-3f56-446a-bdab-97cec0e2ee4c,cet6,6,0.2326
f7085a8d-68a7-467a-bb75-63c307819a87,cet6,48,1.8606
2937dedf-cb67-4311-846d-6cfe7bfb9dbb,cet6,8,0.3101
02465e94-2f1d-4215-809a-85c5586413ea,cet6,35,1.3567
b19571fa-5a2b-4bac-b23b-9377710cfe95,cet6,0,0
ff1efd88-802b-4a61-9880-aff1cc703e63,cet6,2,0.0775
ec5775f5-49bf-41ee-8639-0ccbdb21723a,cet6,1,0.0388
e0625ba9-fb28-48f0-aafd-216b7f2e27b8,cet6,1,0.0388
a0673789-6198-48e6-bd11-87022a5a8189,cet6,24,0.9303
239b2590-ebb2-436f-b65c-db113885e113,cet6,6,0.2326
96430697-4e30-4990-8e0a-890dcd9d7797,cet6,1,0.0388
a5bd26f8-0cca-48a6-bcdf-99c7c8d57883,cet6,7,0.2713
4852e170-8499-4a14-9a12-6aa22103d45d,cet6,6,0.2326
316dff0c-1123-4750-a57b-b3e172b0856e,cet6,1,0.0388
37344f44-6b79-4457-8d7f-d77c0eb96e1b,cet6,3,0.1163
ff362e9d-31a0-4321-9ce5-f7c4ff1e0cc4,cet6,1,0.0388
74c9c7b8-bc9e-4408-aa9d-7303d3c10944,cet6,0,0
4d6bb87f-6b12-4aab-a982-fc2e8c524d97,cet6,2,0.0775
05195b4d-9c01-47c9-b535-02a6fe2b37f4,cet6,4,0.155
25996d9b-1220-4f47-bcc8-4815f9c5f609,cet6,0,0
a8c114e0-1fb6-413f-a7ed-12f5428f76ce,cet6,0,0
4bc93f20-51b7-406f-b751-713e19bf8545,cet6,0,0
2e912090-424f-4bae-a76c-9ebfcb69eda3,cet6,1,0.0388
1a181463-977e-4f45-8659-7b2b10024f6c,cet6,0,0
05e7da1f-456a-4082-8c30-feb1ef2ad6ef,cet6,0,0
0aeaa963-af96-49cf-9ed0-3c11179485a0,cet6,2,0.0775
6a08e06b-97a2-49e6-939b-4694c0e74208,cet6,0,0
ccb0001d-10f3-4b47-941d-283cda80d78b,cet6,0,0
8ccf7e29-d566-4ed1-be19-dd86610e0317,cet6,3,0.1163
1dd39ea8-79fe-415b-b29b-5144768e10cf,cet6,4,0.155
63d464f8-254b-4c6c-b8a7-d8aada3d5100,cet6,0,0
827387f0-f73d-40d9-b1eb-3bd7572222e7,cet6,1,0.0388
ba6d17e0-535e-4529-ad6f-a91c1e716ada,cet6,35,1.3567
e1757cda-3225-4c61-aba7-7ca204961891,cet6,0,0
2334e8f1-14bf-4bf7-827e-719298ff38d5,cet6,4,0.155
93b042f8-a214-4569-8678-86ab21a159c4,cet6,0,0
12a265ae-8d7c-4089-b531-26382ab227b0,cet6,1,0.0388
bb2f39ce-d103-407a-b934-f3a7a28a021c,cet6,1,0.0388
36c9a749-f0d3-4cc3-86a5-2f6dc52b8f4e,cet6,8,0.3101
7a11437b-932b-4a5d-87e4-425c4b4b22e5,cet6,3,0.1163
a630b3c8-450b-416f-9fa7-f3b8a7379515,cet6,167,6.4732
4a4c16bf-227a-46d9-9682-d3f0b62f700a,cet6,16,0.6202
12792fd2-45a7-4bde-a23d-c290513744fd,cet6,8,0.3101
c86a4f99-f6de-4449-85f7-a3021fb45e28,cet6,11,0.4264
2044b023-f83b-4f53-9086-700debc3bb1e,cet6,6,0.2326
5b9321b3-a5d8-44c7-8783-69cc61fd5764,cet6,29,1.1241
c4efc52f-4737-4799-87f6-b9442d92eec5,cet6,1,0.0388
7ae72109-8844-4531-9601-e2bf9db6bb3c,cet6,0,0
314dfeb0-5f7b-46ba-8f87-99c15663df03,cet6,0,0
edcecb3f-14c7-4682-8a9b-708c9d79f85e,cet6,10,0.3876
62d634bd-98da-477d-9a73-ec79a9314413,cet6,9,0.3489
580591f7-679a-464e-a558-64a93f343641,cet6,13,0.5039
bcac2c96-7014-45de-b670-53ee482ae8b0,cet6,7,0.2713
89fe4e1e-15f1-44aa-a16e-1931120fb58b,cet6,6,0.2326
d414cdde-7f7b-4e05-8fc6-aaefd2ccc28d,cet6,33,1.2791
8e3566bd-737a-4ba6-a5e2-52a6e868e8ce,cet6,3,0.1163
7240dea5-7014-455b-b001-b0ea0c6f288e,cet6,11,0.4264
eed1578f-3c13-4171-934e-c2ef18b20829,cet6,3,0.1163
86f86e63-5b3e-4bba-8857-03a855d1df32,cet6,0,0
c3151d00-c962-47f6-8442-8a3371ff03c8,cet6,5,0.1938
40c4b694-e815-499a-9e27-c63504982ed9,cet6,6,0.2326
565c7aad-daeb-494d-ba9d-18fae1aeef4d,cet6,1,0.0388
ee913fdb-ab89-4a5a-9ddd-48e823570cde,cet6,1,0.0388
80db3ecb-d80c-4d76-9934-b16072850d58,cet6,1,0.0388
7ae0e3a7-d8bc-4789-a0a3-32b47aaf52e1,cet6,2,0.0775
eb5a1b08-f339-414c-a82d-9ec0aaf5894a,cet6,6,0.2326
03679f04-d601-4647-a2dc-6f6130cb82e8,cet6,3,0.1163
e4a2e9e8-680c-43ca-a12e-0935a405c428,cet6,3,0.1163
d6ab98c1-6f2a-43a9-be43-50f8ffd0138e,cet6,0,0
f5ca5ab1-1fc4-4760-944e-184ba408fad3,cet6,9,0.3489
a34cefa5-4fc0-45f8-b828-394a7ae6d106,cet6,3,0.1163
8fee8bda-378e-4fe1-a41c-8bd160022e09,cet6,1,0.0388
b398d43c-4e2a-4106-aeae-4dba49f18d1d,cet6,4,0.155
bdfb24e3-4368-4f6d-b940-a56acf8d99b2,cet6,2,0.0775
0bcba624-d3fd-44f9-a6a2-55aca4fc72e6,cet6,5,0.1938
2d5b5041-a57c-4214-b1ad-4a0c00dd71fc,cet6,5,0.1938
cea29248-d53c-4c63-bdce-478bda3f1cde,cet6,0,0
4bb0c59f-3015-4a6a-b15e-72371074ba99,cet6,1,0.0388
2b48eda9-6257-4977-a38e-f120b160e6b0,cet6,5,0.1938
ed1bcd0b-141e-4879-85c1-0118dadd8007,cet6,5,0.1938
6753d9ae-52fd-4e44-a452-5c77e68d19ed,cet6,82,3.1785
030aef1b-d582-498b-b73a-1971b7167393,cet6,13,0.5039
ac90afe3-604e-44df-acd1-1cf30456fefc,cet6,8,0.3101
5f578552-6df1-41fd-8a0a-fd9e488040b8,cet6,6,0.2326
8c4391fe-2e65-4b0c-874b-4bef9c824507,cet6,2,0.0775
f65d5a06-7f8d-4e80-9532-b6dd55817ac6,cet6,1,0.0388
51a927d8-68c1-4d60-b05b-75400417cbc8,cet6,1,0.0388
b6b96503-4af7-4e6f-9815-d6cecd18c5f0,cet6,6,0.2326
f00bc5f8-497b-482a-a158-d6096b8f599b,cet6,2,0.0775
56d5e1ee-f68c-489f-a16a-7492bab04f85,cet6,51,1.9769
8a83f655-8c1b-4e88-ae8f-1b2a46abaf92,cet6,7,0.2713
b41ce868-3a06-415f-a6cc-cdc2117c0ac7,cet6,6,0.2326
fa7b8549-d376-4ba1-adf3-35e847b2cece,cet6,0,0
f6013802-aa5f-4904-8ca5-2156b41b9814,cet6,3,0.1163
7202ddc7-31f1-483e-a2d1-352d2424dad7,cet6,7,0.2713
2e143812-1aeb-49d4-91a9-0ad3f7b43c95,cet6,6,0.2326
b20ad5e7-a14d-4ab1-b112-3b96f6c79303,cet6,2,0.0775
194fc0ef-7caa-431f-b9dc-007b84c0c70c,cet6,7,0.2713
eb023e95-7474-41a7-bd96-9c31ace8dcbe,cet6,0,0
80d4acff-10a5-49be-9ea4-8e08a6d2b913,cet6,91,3.5273
8730fca9-65ea-4737-a2af-6bb722d3d578,cet6,6,0.2326
c946d3e8-c018-4139-90de-cf44bb05ce55,cet6,21,0.814
2303b036-fc71-4666-b87e-93d9cf8524bf,cet6,25,0.969
3d033bdd-e424-4711-85c6-67346fefb12b,cet6,1,0.0388
18ed8894-94b5-4b61-8a6f-2290c6f6d963,cet6,1,0.0388
efe88ee1-d338-4ea4-93d8-bb19b490a8ca,cet6,9,0.3489
a53be7e5-d975-4c23-8589-a1090220c333,cet6,6,0.2326
d5728a90-5754-4fa0-860a-b6163787ddc9,cet6,0,0
6f82dc8e-ce64-4820-add1-96277051d3d4,cet6,2,0.0775
2377b099-a13a-46b2-86a2-2b2eadbcbff8,cet6,0,0
fb964479-00de-4a9e-a21a-b6c780e24503,cet6,41,1.5892
aba0dbe6-7ab0-4139-99e0-7e5351973d7d,cet6,4,0.155
5b3d8cd5-f40a-4c27-b39c-5020b937db94,cet6,2,0.0775
d2dbe77d-c518-4910-9651-fcb5d8c50d7a,cet6,1,0.0388
2d1746dd-ae68-432a-85e1-a609af5addff,cet6,8,0.3101
928cbf6a-fdac-41c4-9abf-4d6c6e2a4351,cet6,8,0.3101
e65c5f8c-04ce-496a-90e4-177b65c2fcb5,cet6,17,0.659
cae887b9-24e7-493c-b943-7c09f2954bf7,cet6,5,0.1938
54eb13d2-581c-4fcc-bb20-3ee00fbe0a21,cet6,229,8.8765
7fc45a1b-2613-4f3d-9b15-1b1b5ce03807,cet6,7,0.2713
819642be-8250-42ec-bce2-fe3b3655516c,cet6,21,0.814
4ed30b8e-818f-4867-b57a-9e879ed7a8db,cet6,1,0.0388
85289bcd-2313-4f32-b7e5-4da6deb1c38c,cet6,2,0.0775
73ab4b15-2192-4f98-a3ce-d842b91d660e,cet6,1,0.0388
3a1eb6b4-c6e7-4b62-9a65-3e876264b489,cet6,1,0.0388
e7a379ec-f97c-4f32-8775-3710b49cbe84,cet6,0,0
d86e6004-1a0d-403e-9d63-788a0f7fd9db,cet6,1,0.0388
401479b8-c8c0-416b-b04b-87be2d48b0ac,cet6,5,0.1938
17e8f86f-dc46-43ba-bf73-585ef4bcd219,cet6,0,0
79944869-401f-4dae-b2db-b889788a3bd1,cet6,4,0.155
93cbe4db-c619-4aae-a8dc-8d68c1c1c0c1,cet6,3,0.1163
ad0bb14c-1692-4e43-843e-6902d1a0ae5e,cet6,5,0.1938
876a97fd-5a0f-4ee2-bf57-1444f32daec5,cet6,53,2.0544
083aabb1-e9dc-4c6d-b800-547f4e6a396c,cet6,5,0.1938
9674b2f3-b68f-4c73-970c-9298907b94cb,cet6,8,0.3101
c1b4a2fb-56ae-4b6a-b2fa-993acf4e8bbd,cet6,2,0.0775
caca9ce4-e081-4e78-953a-f7b46b0227f7,cet6,217,8.4113
811db763-fb32-4424-b8f6-7163907ad0e0,cet6,8,0.3101
1e472bbd-98a0-4333-ba16-960da6e2a251,cet6,2,0.0775
dab57d5a-6ec5-4443-9db6-8f2e46fbcbca,cet6,0,0
26ed1f99-fab1-4d5d-b6ff-da366cd4e10d,cet6,5,0.1938
f4da9a2a-7574-4b85-a364-7f3052f51c95,cet6,0,0
a2ed16c1-85d9-4f4c-8d13-39db19ee33c2,cet6,2,0.0775
662c7136-264c-4da1-ba6b-7078316ee73b,cet6,2,0.0775
24ea0d45-ba12-479b-b0b6-f75edc2be2c5,cet6,134,5.1941
a69764ca-e232-43d4-868b-e8f14f34dd5d,cet6,37,1.4342
9ed3b149-69a9-4046-a0ae-61db3e2c55ee,cet6,7,0.2713
18d72fd4-28c4-4911-bd84-b2709a416362,cet6,2,0.0775
91636529-ee56-4ff9-b69c-eb0890cbb821,cet6,4,0.155
0d977a33-0dbf-4ac1-a24c-584da817a1a8,cet6,0,0
eb7dfea9-79ac-4a11-b1a8-00bf2a09bbe5,cet6,5,0.1938
202303cd-a42c-439b-880a-b059b8362935,cet6,9,0.3489
ab3083e5-be89-4790-8496-35f1f93d21a7,cet6,6,0.2326
d3884de7-f11f-4f21-b7d7-37016a1b6eb8,cet6,3,0.1163
8ad01854-996d-41e3-9a0c-cfedf7138ec3,cet6,147,5.698
2cbae321-fa04-4edd-bb9c-35289abdb534,cet6,7,0.2713
86b93554-294a-4132-b626-4196cd6e483e,cet6,11,0.4264
5f102b6e-2ec8-4ee5-9572-a26e7f1dc21f,cet6,21,0.814
c81725b3-2cd6-418c-9e90-f4473c2453a5,cet6,16,0.6202
6e2244a7-4cf9-4415-a9ad-6ca182491848,cet6,1,0.0388
ca513b75-f10f-4ccc-bc4c-ee732d844e55,cet6,0,0
7740bfeb-d9ac-49c9-9724-8258bad21649,cet6,0,0
98fd3b95-fa3c-4c0e-8978-614e1043c3d9,cet6,5,0.1938
18312b81-cdbf-4928-b231-011745e999be,cet6,10,0.3876
95529fac-4f20-4b32-a67f-122fef11830e,cet6,2,0.0775
c7c853bd-f793-47d5-b89f-3cea012bd818,cet6,2,0.0775
c2bea419-77e8-4bba-841e-570ba0b9f086,cet6,3,0.1163
803bf8dc-e220-4c47-8f8e-772e2efa77f9,cet6,0,0
6b39ea76-f485-4dc5-b3da-6365748ac6ea,cet6,12,0.4651
18d3d8dc-2860-4869-9e75-9bf67041cf53,cet6,1,0.0388
0c0f2541-aea5-44c0-bce2-44b00fc70233,cet6,5,0.1938
b1bea874-fa87-455b-83bf-de9f32bcff08,cet6,0,0
03a95fc4-fdb4-459d-8b63-e662ecff8fbf,cet6,1,0.0388
837429f6-9dd8-4092-93d3-e7a9ca23901f,cet6,2,0.0775
fe77c927-8e13-4c6d-a347-c9c2319a2e72,cet6,3,0.1163
7892661a-d011-4c68-8f47-d67feb2da9e7,cet6,2,0.0775
94f40d06-d252-4e24-9716-e94b7e0a50f6,cet6,7,0.2713
