word_id,relation_type,related_index,related_word_id,spelling,display_text,meaning
91419fea-861e-4ab8-aae0-19725782dfe8,derivative,1,31293e9a-ef5e-471d-8aed-7d82a1d3e8a6,accordance,accordance,n. 一致
52e57afe-8dcc-46d0-a31f-a7a10a41b9d4,near_synonym,1,8e65b727-033c-45d7-a1ce-91ddd98df1a4,native,native,adj. 本地的
01678d1e-cad6-4f77-8d51-3555e693184a,near_synonym,1,7abb50fc-10ca-436f-ae27-e2b29e9cacb0,situate,situate,vt. 使位于
01678d1e-cad6-4f77-8d51-3555e693184a,derivative,1,33f7ee93-c880-4a0c-8e8b-a2c646002cb8,location,location,n. 位置；地点
3d7384f0-021f-425e-97cb-4eeb4a0eaeb2,antonym,1,1a6c473c-eec5-40ec-917d-50ae40444c77,harmful,harmful,a. 有害的
149a3e48-c4aa-4e05-8b47-4a0c107b4888,derivative,1,34a7763e-927e-4409-82b4-b75c55f44f26,economical,economical,a. 经济的，节约的
149a3e48-c4aa-4e05-8b47-4a0c107b4888,derivative,2,7e25fcb0-7027-47f8-85e3-add575b0f267,economics,economics,n. 经济学
6ccd24f7-ab9a-4722-911f-583315e1071a,near_synonym,1,b3b37305-803d-4628-8c48-debcb2461dc6,frugality,frugality,n. 节约
6ccd24f7-ab9a-4722-911f-583315e1071a,derivative,1,149a3e48-c4aa-4e05-8b47-4a0c107b4888,economic,economic,a. 经济的
b04b2bfd-c811-4daf-975f-2558361f4aac,antonym,1,92203f09-3981-4b0f-a6c6-f0f7179c4c09,discourage,discourage,vt. 使灰心
b04b2bfd-c811-4daf-975f-2558361f4aac,derivative,1,d6468400-fceb-4bb4-b7cf-a64d800da7b2,encouraging,encouraging,a. 令人鼓舞的
ee509035-52e2-42d5-af8e-44cab931c3df,near_synonym,1,79b31af7-b49f-42d9-b595-8a463d7a022c,negative,negative,a. 消极的
ee509035-52e2-42d5-af8e-44cab931c3df,derivative,1,9bf0db06-9fe5-4301-96ea-bee8acd96f65,passively,passively,ad. 被动地
1b28da07-c470-4d29-8814-43f2774a878a,near_synonym,1,09e94f01-9e26-488b-8721-8d672d3c2acf,company,company,n. 公司
226e03a3-dcd5-4f9d-ae27-b04fc5517ab2,near_synonym,1,14b2cf64-540e-48da-883e-550cc3253c36,influence,influence,n. 影响
226e03a3-dcd5-4f9d-ae27-b04fc5517ab2,near_synonym,2,9005d805-e7c7-4cee-92b3-840f01f20bdf,affect,affect,vt. 影响
f992f7ec-dad8-4ef6-9310-fb48bf3c3735,near_synonym,1,871c1eb9-e534-40d7-8770-6913582010d9,verify,verify,vt. 证实
f992f7ec-dad8-4ef6-9310-fb48bf3c3735,antonym,1,84247cf0-f44f-49ac-9323-6ee8673b917a,deny,deny,vt. 否认
e6ada86c-cdcf-4b63-bbeb-093b0ca9f2ce,near_synonym,1,aefe381a-28cc-4a20-9d5c-af5c28b9d943,expend,expend,vt. 消耗
e6ada86c-cdcf-4b63-bbeb-093b0ca9f2ce,derivative,1,f4ba8625-46be-47f9-ba0c-db387f938c67,consumer,consumer,n. 消费者
8ab9c302-698f-4983-982b-9cba3b580e39,near_synonym,1,e560a365-f384-48ea-bb0e-16f83cb10387,environment,environment,n. 环境
dd63b5fb-0630-4771-b9c8-61a65da20bde,near_synonym,1,8dd9c500-d56f-4995-8b01-634dc2bd6947,friend,friend,n. 朋友
dd63b5fb-0630-4771-b9c8-61a65da20bde,near_synonym,2,e0cde614-58de-4ce9-bf86-919b7522d36d,partner,partner,n. 同伴
68ab6915-216f-4cb9-ac5b-f4770ae7bebd,antonym,1,f48bf79f-7271-4cb9-8390-4c7f93942412,unconcern,unconcern,n. 不关心
68ab6915-216f-4cb9-ac5b-f4770ae7bebd,derivative,1,60d56afa-43e9-447c-8406-8acb9e4875a7,concerned,concerned,a. 担心的
4a3458b5-0cb6-41ac-99d8-6254eacb5376,near_synonym,1,36a3e395-cbca-4669-a077-61ece726cda1,gesture,gesture,n. 姿势
4a3458b5-0cb6-41ac-99d8-6254eacb5376,derivative,1,91c9e2c5-0653-4a4c-9cdb-2460331dbd83,position,position,n. 位置
dfc0fc95-d463-4a0e-b57f-97240bb3ee99,near_synonym,1,f33b3449-2cf6-473b-b26f-048f79a209e2,active,active,a. 积极的
dfc0fc95-d463-4a0e-b57f-97240bb3ee99,antonym,1,79b31af7-b49f-42d9-b595-8a463d7a022c,negative,negative,a. 消极的；负面的
57a78b1c-e985-4e8f-8fbc-486776feaf6c,near_synonym,1,5a7c8c35-e5e4-4b9d-a92c-a32d3db31cae,procedure,procedure,n. 过程
57a78b1c-e985-4e8f-8fbc-486776feaf6c,derivative,1,cc50e62f-12c8-4538-aa6e-1e6c08ab006f,processor,processor,n. 处理器
09de9eb6-5bde-44b4-81c1-5145759489af,near_synonym,1,bedaa0aa-1f7d-4d38-8fcc-0313e267182c,convey,convey,v. 传达
09de9eb6-5bde-44b4-81c1-5145759489af,derivative,1,664ad8e8-765c-4906-bffe-67c49bc501d0,communication,communication,n. 沟通
8f4dafed-ccc8-417e-adec-bc10c39d86ec,near_synonym,1,57787610-87a9-4f56-8c22-a9cac1469ac7,organization,organization,n. 团体
8f4dafed-ccc8-417e-adec-bc10c39d86ec,near_synonym,2,7641adc1-8d05-470f-b5d0-fb61a247fdb1,group,group,n. 团体
49712486-7250-4285-8335-3214c46da5d8,antonym,1,48454765-83e1-47d5-b298-ad99af610529,accept,accept,v. 接受
49712486-7250-4285-8335-3214c46da5d8,derivative,1,ba3d322d-7de7-46c9-9328-ca90f8acfbcc,rejection,rejection,n. 拒绝
4dab4c11-8ee4-443a-b76f-b51e0635e3ea,near_synonym,1,6b431c3e-370a-4658-b9a3-74f4f454dfcd,division,division,n. 分开
4dab4c11-8ee4-443a-b76f-b51e0635e3ea,near_synonym,2,13d0227e-a43c-4d38-a673-0659735ddc13,separate,separate,v. （使）分开
b43a9f9d-b11f-485f-8f57-e26adfe58791,near_synonym,1,845b5172-da27-4c96-a5d9-fd95a45feb81,moderate,moderate,a. 中等的
b43a9f9d-b11f-485f-8f57-e26adfe58791,antonym,1,1439af4d-3b36-4ed9-8fde-60c83e91a0d7,vehicle,vehicle,n. 媒介
36911b43-31e2-4d1d-8fcd-8d26a12012d6,near_synonym,1,4bbf9a7c-d339-4206-83f0-1e3bd414969a,style,style,v. 设计
36911b43-31e2-4d1d-8fcd-8d26a12012d6,derivative,1,d925d36e-7b8b-4147-99b4-140a3b1534aa,designer,designer,n. 设计师
b0805971-d99c-41de-bb21-9d9ff49693a4,near_synonym,1,01b9b267-a642-4c3c-bd08-31630d8133e2,instruction,instruction,n. 命令
b0805971-d99c-41de-bb21-9d9ff49693a4,derivative,1,7acd6211-3580-4a65-b684-25e391deb961,commander,commander,n. 指挥官
443c4f81-060e-4551-aaac-16368efcbc88,near_synonym,1,7083dab8-0219-4491-8d26-cb7c857d5618,requirement,requirement,n. 要求
443c4f81-060e-4551-aaac-16368efcbc88,derivative,1,48af33b8-2f2e-4a93-b397-c2da99c4d2bf,demanding,demanding,a. 要求高的
f511b2e0-e72d-4b5e-b9e3-202ed9d46351,near_synonym,1,2a725236-5d27-4ad0-bdd2-2868e0e7d8f0,psychological,psychological,a. 心理上的
f511b2e0-e72d-4b5e-b9e3-202ed9d46351,derivative,1,ce2682cb-ab90-42be-90d1-b507b4151b71,mentally,mentally,ad. 精神上地
79b31af7-b49f-42d9-b595-8a463d7a022c,near_synonym,1,ee509035-52e2-42d5-af8e-44cab931c3df,passive,passive,a. 消极的
79b31af7-b49f-42d9-b595-8a463d7a022c,antonym,1,dfc0fc95-d463-4a0e-b57f-97240bb3ee99,positive,positive,a. 积极的
04e2c888-2ea9-4b54-98ac-abdb9c754bff,near_synonym,1,40860f0a-69d4-4d94-8f4f-55c1657f37aa,contain,contain,vt. 包含
04e2c888-2ea9-4b54-98ac-abdb9c754bff,derivative,1,50b18596-37f0-462a-9e14-b80b9c24d8fb,involvement,involvement,n. 参与
e2e76bc6-ac70-4680-a68e-64a85d9e5b50,derivative,1,d1709b57-ccab-4b6b-ace6-098edc86eba6,remainder,remainder,n. 剩余物
3c1f093c-3bca-4b0d-bec1-684e50dbe669,near_synonym,1,55da594e-f160-48ad-9cb3-bddacc080ca8,distinctive,distinctive,a. 独特的
3c1f093c-3bca-4b0d-bec1-684e50dbe669,derivative,1,d6e49bfb-d7c5-4f50-9948-c8879a0981dc,individualism,individualism,n. 个人主义
3c124513-6a6b-4b23-8593-9216c752b960,near_synonym,1,39bcb370-86fb-490b-9036-0673998bf185,allow,allow,vt. 允许
3c124513-6a6b-4b23-8593-9216c752b960,derivative,1,0764fb03-4c0e-4e13-8d2a-c206470372ec,permission,permission,n. 准许
ddcc579b-8efe-41f6-907e-a2235a56125a,near_synonym,1,344f6de6-fc12-4b6f-881d-7b49c9e5726a,specialist,specialist,n. 专家
ddcc579b-8efe-41f6-907e-a2235a56125a,derivative,1,38644c88-1825-4205-b3d5-791917cd0b1e,expertise,expertise,n. 专长
266f87e2-2d93-4ad2-a791-db3db12a0b98,near_synonym,1,2c8681c3-68b9-423f-8b16-7299a8850664,contrast,contrast,n./vt. 对比
266f87e2-2d93-4ad2-a791-db3db12a0b98,derivative,1,b7a2a5f7-638e-4307-adf3-f0befaa76edd,comparison,comparison,n. 比较
664ad8e8-765c-4906-bffe-67c49bc501d0,near_synonym,1,671b4241-bcfa-4f4f-ad47-6c21fe4ffac3,exchange,exchange,n. 交流
4778cd3f-bc4f-4132-9328-d25bf386abdf,near_synonym,1,a484403c-0eb2-4f85-a4c5-7b41b753a036,execute,execute,vt. 执行
4778cd3f-bc4f-4132-9328-d25bf386abdf,derivative,1,fc4070f8-bf57-4626-aea1-1cb127778a1c,performance,performance,n. 表演
7eee6b38-273d-4f6a-8ca1-1135a5c0f9bf,near_synonym,1,d2121964-5715-4d68-aa7b-5fd0e92d9fd2,debate,debate,n. 辩论
7eee6b38-273d-4f6a-8ca1-1135a5c0f9bf,derivative,1,54cd4234-af2e-48d5-9c32-1fadcd7f7fd3,argumentative,argumentative,a. 好辩的
3e02e135-28cd-4d89-8216-dd4fad2cafb2,near_synonym,1,98e872db-259a-421e-9715-ffc5cdd6f6c9,passage,passage,n. 通道
3e02e135-28cd-4d89-8216-dd4fad2cafb2,derivative,1,3c9140b3-d8c8-4dd7-8c73-7a1d9eb67d48,accessible,accessible,a. 可到达的
60b2441a-5f64-4d9c-95df-ded5ef1760e4,derivative,1,7bea04fe-970a-4779-9ce8-daa5fd051a45,potentially,potentially,ad. 潜力
72cfda17-980d-453b-ada5-7f5f026cc6a1,near_synonym,1,cb6917ef-4ab2-413c-8d40-75b548ea9dc7,grumble,grumble,v. 抱怨
72cfda17-980d-453b-ada5-7f5f026cc6a1,derivative,1,95a50d0f-1795-4310-b6cf-6b78952f234f,complaint,complaint,n. 抱怨
75e045e6-7ddf-4083-b80d-40cb2af374a5,near_synonym,1,f8f44428-a2af-4a51-bcec-4c26d1c3178a,declare,declare,vt. 宣称
75e045e6-7ddf-4083-b80d-40cb2af374a5,derivative,1,35ed7139-66c8-4405-8c62-b34f4fadd00c,claimant,claimant,n. 索赔人
e127cbaf-3f17-41f0-965d-5edd14b4cd7e,derivative,1,2a6138d0-bac6-47eb-a241-6de56d59b0af,graduation,graduation,n. 毕业
4896c161-4fb0-4cdd-ba73-03582f46f96a,near_synonym,1,0617047d-69fc-4660-9311-dc4b8801a98c,mood,mood,n. 情绪
4896c161-4fb0-4cdd-ba73-03582f46f96a,derivative,1,144d99e2-cc1c-452d-af80-08bdb12ee29f,emotional,emotional,a. 情绪上的
ca2bfdbb-9fb8-49ef-8f89-f10e7a04333d,near_synonym,1,b91133e3-1062-4d0e-817c-eb19c19cc7f9,element,element,n. 要素
00159592-e62b-46e2-9c49-0f0687a4e2d9,antonym,1,57a031b0-45fb-4101-bc9c-3a22c489311d,ineffective,ineffective,a. 无效果的
00159592-e62b-46e2-9c49-0f0687a4e2d9,derivative,1,f229443a-19c9-46fe-a3ac-a8c6ef0910a6,effectiveness,effectiveness,n. 有效性
2eb080a9-bc73-46b5-9cbf-5eeb238bd387,near_synonym,1,1420ef01-c974-49c6-96d1-1e1f75feea27,identify,identify,vt. 认出
2eb080a9-bc73-46b5-9cbf-5eeb238bd387,derivative,1,4dfd7c52-b8af-44a7-8173-e156a9bb73e8,recognizable,recognizable,a. 容易认出的
231cfcab-e78e-458f-9f98-c39b82fca0f2,derivative,1,27430e01-df9e-44fd-9e03-e820ad347e36,cognition,cognition,n. 认知；认识
890ae9d5-f16b-499f-b1a0-f06dfb765f50,near_synonym,1,bcd119d6-164b-434d-9a11-20aedb4d7c27,donate,donate,vt. 捐赠
890ae9d5-f16b-499f-b1a0-f06dfb765f50,derivative,1,b78a2f42-08dc-4cf4-b97b-d6248a8ffe28,contribution,contribution,n. 贡献
05947739-2df7-420a-bbb3-329dd51f8cd1,near_synonym,1,8516bce1-dffb-41e3-b238-8eb8457fc3ec,area,area,n. 区域，地区
05947739-2df7-420a-bbb3-329dd51f8cd1,derivative,1,be00046f-4666-40fd-b9b5-fae7b353b2d6,regional,regional,a. 区域的，地区的
2e2cbf9d-2e21-4eb5-a751-c5c31dd10e07,near_synonym,1,1786f89b-b832-47e5-bf1f-d856ea640210,supervise,supervise,v. 管理
2e2cbf9d-2e21-4eb5-a751-c5c31dd10e07,derivative,1,d57613e6-e0c7-4fbf-9e74-ee008ce4d627,manager,manager,n. 经理
bbaa98ad-99b6-464a-b30d-184ed476130f,near_synonym,1,abad5415-0799-477e-b785-de501aa45603,supervision,supervision,n. 管理
bbaa98ad-99b6-464a-b30d-184ed476130f,near_synonym,2,8ca613a8-2bc4-4121-9f91-b27021f1a8b4,administration,administration,n. 管理
e733d044-6422-42b9-bac7-cde5b7738e5e,derivative,1,56dbe20d-3ebe-4872-983e-0787cec6536a,solution,solution,n. 解决办法
e733d044-6422-42b9-bac7-cde5b7738e5e,derivative,2,926e0aad-9160-48e1-9006-659f8ee1bfba,resolve,resolve,vt. 解决
cecd313e-b2cb-4a52-ae5f-718063c44d2d,near_synonym,1,dea8dfa5-3785-41e7-8212-c42656b66d06,assure,assure,vt. 确保
cecd313e-b2cb-4a52-ae5f-718063c44d2d,derivative,1,e716187e-c3be-4f6d-ac7b-7dc0b2d15d9e,insurance,insurance,n. 保险
e716187e-c3be-4f6d-ac7b-7dc0b2d15d9e,near_synonym,1,569bf0e8-6741-43d9-aad8-fbd8c2eec379,premium,premium,n. 保险费
e716187e-c3be-4f6d-ac7b-7dc0b2d15d9e,near_synonym,2,3c980581-4022-45ea-ab45-972b4f20f076,safeguard,safeguard,n. 保障措施
b4c2f137-7e74-46a1-8036-8150762c889a,antonym,1,6798ec79-2017-47f9-91aa-954d111471c1,discredit,discredit,vt. 使不相信
b4c2f137-7e74-46a1-8036-8150762c889a,derivative,1,e4525a79-0b27-4127-bb57-35f7dd2788a3,creditable,creditable,a. 值得赞扬的
084091b2-1bdc-457b-a227-5391db39d199,near_synonym,1,7b6a8971-c31c-4011-9989-a5174a54bc89,pitfall,pitfall,n. 陷阱
084091b2-1bdc-457b-a227-5391db39d199,near_synonym,2,d6dee250-1d13-4587-b946-30b9bc9213c7,dilemma,dilemma,n. 困境
09370f89-9e0c-48ef-9876-8790e5f1d145,near_synonym,1,16b45eff-9d43-4fb8-af5e-33969f54bfe1,co-worker,co-worker,n. 同事
3390f1f3-b7be-4f63-900a-7064bc3a0393,near_synonym,1,9546e52d-b5e9-4392-b3ad-9bc553ac3141,gadget,gadget,n. 小装置
3390f1f3-b7be-4f63-900a-7064bc3a0393,near_synonym,2,be378cad-48fa-4141-be1f-09d7e3a35025,facility,facility,n. 设备
f7eb273f-bb07-48c0-a062-a6160ef50d8f,near_synonym,1,0e9c67a2-16ae-4f65-ab84-050e039df715,participate,participate,vt. 参与
f7eb273f-bb07-48c0-a062-a6160ef50d8f,derivative,1,bf295b30-140d-4792-9a6e-b274081b35b9,engagement,engagement,n. 订婚；约会
bf295b30-140d-4792-9a6e-b274081b35b9,near_synonym,1,03a95fc4-fdb4-459d-8b63-e662ecff8fbf,appointment,appointment,n. 约会
ea1e022f-608e-448d-abce-9745c8ccfb76,near_synonym,1,9ae7c7d0-4538-49a4-a521-329547352094,mark,mark,n. 分数，成绩
ea1e022f-608e-448d-abce-9745c8ccfb76,derivative,1,d0600730-34d1-4ec7-b351-f993c2e382e5,scorer,scorer,n. 得分手；记分员
51506c5e-1407-4287-90d9-83b953a2571a,near_synonym,1,b12de166-9708-4013-be18-cda0cef8a051,happen,happen,vi. 发生；出现
51506c5e-1407-4287-90d9-83b953a2571a,derivative,1,dd7df190-f0c2-459e-b58e-5741db00cd88,occurrence,occurrence,n. 发生；出现
dd7df190-f0c2-459e-b58e-5741db00cd88,near_synonym,1,51c878f3-0bf5-4fc4-b695-865d69fed131,emergence,emergence,n. 出现
dd7df190-f0c2-459e-b58e-5741db00cd88,near_synonym,2,2267e29f-b11d-4e82-a830-6ad30c7f8332,appearance,appearance,n. 出现
00a62e6f-48f3-4ac1-80c9-ec016c8047bd,near_synonym,1,13d51750-674a-40b1-bd57-06b2a334314e,present,present,a. 现在的
00a62e6f-48f3-4ac1-80c9-ec016c8047bd,derivative,1,164fca39-df76-4eb9-bc6e-350366591a6c,currency,currency,n. 货币
a2ed2fb5-7b8f-4f5a-81b1-e449cd8fec2c,derivative,1,9df4c732-2982-415a-88a8-e6c47e51eba1,professorship,professorship,n. 教授的级别
a2ed2fb5-7b8f-4f5a-81b1-e449cd8fec2c,derivative,2,258c724a-e05d-403a-8ce9-352c9f66a47e,professional,professional,adj. 专业的
6827fc7c-16a4-457a-a96c-3121bb85925e,derivative,1,258c724a-e05d-403a-8ce9-352c9f66a47e,professional,professional,a. 专业的
6827fc7c-16a4-457a-a96c-3121bb85925e,derivative,2,66f709fd-ab05-4d3a-9b72-303084129873,professionalize,professionalize,vt. 使专业化
258c724a-e05d-403a-8ce9-352c9f66a47e,near_synonym,1,2144ffe6-d343-4374-afe3-89ef6414d661,specialized,specialized,adj. 专业的
258c724a-e05d-403a-8ce9-352c9f66a47e,antonym,1,05f68e09-01c6-445b-b28c-2aeca824c563,amateur,amateur,adj. 业余的
87f92c50-d208-4093-a080-88d9b2e3e53a,near_synonym,1,3ed2d33a-880c-4a01-b8d9-fd0d2815225c,monetary,monetary,a. 金融的
87f92c50-d208-4093-a080-88d9b2e3e53a,derivative,1,d8f2513c-8c50-424a-9a31-89f341c6d783,financier,financier,n. 金融家
594e513c-9ada-4313-9b93-a5a30881358e,derivative,1,cd52ddb5-1906-4969-b576-73722c1e50fb,application,application,n. 申请；应用
594e513c-9ada-4313-9b93-a5a30881358e,derivative,2,2d8cd65d-cd80-4328-92b7-c88db62a147a,applicable,applicable,a. 适用的
7590780b-589b-4d38-ae33-6a865d323a88,near_synonym,1,22ba3454-4792-4555-80e2-5b31a9827dc6,usable,usable,adj. 可用的
7590780b-589b-4d38-ae33-6a865d323a88,derivative,1,484b6394-33fc-436b-a02c-cbae0f1d07f9,availability,availability,n. 可用性
e264128c-5fa4-4a89-9331-f31b922ab80a,near_synonym,1,ce1c35e2-e24a-401b-a9a6-f6cefccb92fd,particular,particular,n. 细节
e264128c-5fa4-4a89-9331-f31b922ab80a,derivative,1,d3b66353-15ea-42f8-8d2f-eb50c77ac846,detailed,detailed,a. 详细的
bee11f4c-f1fb-4fcc-b02d-45f1054e161d,derivative,1,4e6a0841-26b0-4abe-be90-b982dd62f95b,embarrassment,embarrassment,n. 尴尬，难堪
7877c61c-ab13-487b-951b-c180dbe28f33,near_synonym,1,01ad0627-e397-493b-96b4-1a31a5257f1a,career,career,n. 职业
7877c61c-ab13-487b-951b-c180dbe28f33,antonym,1,537de570-c015-4531-b3b7-64735689ba48,unemployment,unemployment,n. 失业
537de570-c015-4531-b3b7-64735689ba48,antonym,1,7877c61c-ab13-487b-951b-c180dbe28f33,employment,employment,n. 就业
8077083d-ceb6-40d1-802d-0682b2cf436d,derivative,1,a25e6655-4c35-4e5b-8e58-1baadef2ff7c,employer,employer,n. 雇主
8077083d-ceb6-40d1-802d-0682b2cf436d,derivative,2,7877c61c-ab13-487b-951b-c180dbe28f33,employment,employment,n. 工作
d560157b-0bdf-46a8-b682-7a4dccd6e105,near_synonym,1,40bad968-376c-4b4a-a5e5-2ddcd67a3fcc,push,push,v. 按
d560157b-0bdf-46a8-b682-7a4dccd6e105,derivative,1,691b7a7b-29d7-4d99-b6ec-9aa114c9dbc8,pressure,pressure,n. 压力
691b7a7b-29d7-4d99-b6ec-9aa114c9dbc8,near_synonym,1,ad42ddc4-9aa2-48c1-b828-6fe265a01b6b,stress,stress,n. 压力
691b7a7b-29d7-4d99-b6ec-9aa114c9dbc8,derivative,1,4fc650b3-670c-4008-b3d0-6f82f390291a,pressurize,pressurize,vt. 使迫不得已
2385cb79-80b5-46a8-a6f2-0d6480511e67,near_synonym,1,96a01154-7276-4822-af5d-10ec52d6917b,advance,advance,vt. 促进
2385cb79-80b5-46a8-a6f2-0d6480511e67,derivative,1,895dbe32-6185-4d36-9760-5562bbe061ff,promotion,promotion,n. 晋升，晋级
1137e05a-63c6-4bcd-938d-ebcf3127b1cb,near_synonym,1,939794d0-4718-45ac-8629-8661f61fc0b2,alike,alike,a. 相似的
1137e05a-63c6-4bcd-938d-ebcf3127b1cb,derivative,1,c32cd01a-c4db-492b-8ebb-3cd6144e2fe4,similarity,similarity,n. 类似，相似
4ee1cc0b-ee4a-4f1d-9ba0-89c8d784cc42,near_synonym,1,4bc93f20-51b7-406f-b751-713e19bf8545,utmost,utmost,a. 极度的
4ee1cc0b-ee4a-4f1d-9ba0-89c8d784cc42,derivative,1,71eff7d9-cf4d-4e8f-9c00-c2fb9c388ddc,extremely,extremely,ad. 非常
eeebc9db-9520-44df-aa1c-897cf23fd77d,near_synonym,1,073c6ba9-64b0-4681-85f6-5afdc2574e42,agreement,agreement,n. 一致
eeebc9db-9520-44df-aa1c-897cf23fd77d,derivative,1,793a484c-cfb3-4469-a157-2edbc9270540,identical,identical,a. 相同的
0e62b486-7689-4263-90e0-bbcdfaeb27b7,near_synonym,1,0aa702c8-4b4e-4d5e-8960-d4d2cdad9a20,mirror,mirror,vt. 反映；反射
0e62b486-7689-4263-90e0-bbcdfaeb27b7,derivative,1,00ca2ad7-53c1-4618-baa5-9e99fa01bb8f,reflection,reflection,n. 反映
00ca2ad7-53c1-4618-baa5-9e99fa01bb8f,near_synonym,1,4f31ba8c-433d-4da5-84ea-e4d2eb818c4e,consideration,consideration,n. 深思
00ca2ad7-53c1-4618-baa5-9e99fa01bb8f,derivative,1,4b2274d4-06c1-4ac6-bc65-40ec46f5b99c,reflective,reflective,a. 深思的
3319ed87-1dc8-436f-bc4d-f46eb6e8632c,derivative,1,bd0978bc-ee12-4bf7-8cfe-9fb5055ea729,biologist,biologist,n. 生物学家
3319ed87-1dc8-436f-bc4d-f46eb6e8632c,derivative,2,ce1b0839-8707-44d2-9090-82e01ec9c510,biological,biological,a. 生物学的
3697b98a-c7fb-4349-bf76-dde4db1fe62d,near_synonym,1,064c6348-075c-4639-9b09-2cc45c0b10de,manipulate,manipulate,vt. 操作
3697b98a-c7fb-4349-bf76-dde4db1fe62d,derivative,1,289e650e-e5a1-48e9-bcca-dd84090c1a65,operative,operative,a. 可使用的
b2add5d3-351e-43a0-92ef-7681e1297d2f,near_synonym,1,ebf4a809-4834-465f-97cc-f4011978cb6d,manipulation,manipulation,n. 操作
b2add5d3-351e-43a0-92ef-7681e1297d2f,derivative,1,3216c75d-1a32-46fc-a322-3eee3fe3e0dc,operational,operational,adj. 操作的
642656ba-5323-4961-82b3-64643c7cd222,derivative,1,b2add5d3-351e-43a0-92ef-7681e1297d2f,operation,operation,n. 操作
442ed84a-975d-4b0c-ac4a-f5c8fd955d7c,near_synonym,1,aa676b81-1daf-464c-8c0b-88da61d095fc,orderly,orderly,a. 有条理的
442ed84a-975d-4b0c-ac4a-f5c8fd955d7c,derivative,1,d3ad30f2-a9a3-4a9e-a098-26695315bb4c,systematically,systematically,ad. 系统地
88f473de-73b0-4b50-bfc9-95dda1522808,near_synonym,1,f23d1e9b-a51f-4396-b01d-309ba62ec94a,differ,differ,vi. 不同
88f473de-73b0-4b50-bfc9-95dda1522808,derivative,1,680d92f2-74b4-40e6-a056-1b71cfa86346,variation,variation,n. 变化
2afa7cc6-68ac-4c5a-93b5-6849f89e2acb,near_synonym,1,0147fe9e-829b-4d2f-8ef2-fdddeacc913f,diverse,diverse,a. 各种各样的
2afa7cc6-68ac-4c5a-93b5-6849f89e2acb,derivative,1,746b8392-9522-487a-a481-02342911fccd,variously,variously,adv. 以各种方式；不同地
1420ef01-c974-49c6-96d1-1e1f75feea27,near_synonym,1,2eb080a9-bc73-46b5-9cbf-5eeb238bd387,recognize,recognize,vt. 认出
355f7f24-f581-441d-a752-dda4fa80d78c,near_synonym,1,88323c21-6ab4-4258-b618-762b40583bea,direct,direct,v. 指挥
355f7f24-f581-441d-a752-dda4fa80d78c,derivative,1,6f54ce00-ed1c-4c50-8361-e699e96af5cc,conductor,conductor,n. 指挥
6dc070b7-43df-4c10-a302-fb25d8a643ea,derivative,1,2f723b38-d3cd-49ab-8451-617030674278,attachment,attachment,n. 附件
6dc070b7-43df-4c10-a302-fb25d8a643ea,derivative,2,a660150b-b495-402d-91d8-99101ba06aba,attached,attached,a. 依恋的；附属于
c526a12f-4fb7-4a70-ad1e-d4b5c103b31e,near_synonym,1,f4710ad8-9ea7-4c8a-a068-5fc5bddd81a2,extend,extend,vt. 扩大；扩展
c526a12f-4fb7-4a70-ad1e-d4b5c103b31e,antonym,1,8e275605-9f74-45f2-8991-1155e440ef73,contract,contract,v. 缩小
7534c469-0535-48e8-bf44-91326a77d1f4,antonym,1,77182f8d-de66-452b-8076-90fcb7a846e5,contraction,contraction,n. 缩小
7534c469-0535-48e8-bf44-91326a77d1f4,derivative,1,d2cadbbe-4483-4afc-b9e5-60919bbe878d,expansive,expansive,a. 广阔的
ad7df724-82b1-4fca-8d7d-c9ff1b183367,near_synonym,1,555a428b-889a-44f6-951e-90a0e94a66f4,portray,portray,vt. 描写
ad7df724-82b1-4fca-8d7d-c9ff1b183367,derivative,1,cf33c8c7-14f7-427a-a8aa-8d4d52a13992,description,description,n. 描述，描写
b812147a-48b9-44cd-ac30-6cdd47195cda,near_synonym,1,da90b514-585f-4709-a918-2ccb90a10a3d,declaration,declaration,n. 声明
b812147a-48b9-44cd-ac30-6cdd47195cda,near_synonym,2,08a7949e-21d4-4374-86fb-4d5ba5534bf4,representation,representation,n. 声明；陈述
51233dec-96ba-427f-b0fc-975d9c8b3aed,derivative,1,d579954d-3a41-48aa-95e7-e90610120d24,stereotypical,stereotypical,a. 模式化的
62c81eeb-f3f2-40d8-936c-75edbf2fd8da,near_synonym,1,57787610-87a9-4f56-8c22-a9cac1469ac7,organization,organization,n. 机构
62c81eeb-f3f2-40d8-936c-75edbf2fd8da,near_synonym,2,c43c4b6b-a406-44bc-883a-451f6c2e42d3,system,system,n. 制度
8cb9f11a-3fa2-486f-97da-85f07dbfc34e,derivative,1,e26a7b78-f2a1-46db-aec7-a1403655d607,ecological,ecological,adj. 生态的
8cb9f11a-3fa2-486f-97da-85f07dbfc34e,derivative,2,ffea08d1-5d9f-4f9d-b2f7-f14315d48e77,ecologist,ecologist,n. 生态学家
4c9c7221-44b8-4111-8dcb-1f4625dd8285,near_synonym,1,749bf6f5-f151-4701-84be-6bd001f974ec,renovation,renovation,n. 革新
4c9c7221-44b8-4111-8dcb-1f4625dd8285,derivative,1,31ce34f9-88d9-4cac-b782-e481e1db9b19,innovative,innovative,adj. 创新的
f5eb744e-c576-4838-82b3-26f70830fd12,near_synonym,1,89d76338-7a4c-4205-b890-56c74bfdfe25,huge,huge,adj. 巨大的
f5eb744e-c576-4838-82b3-26f70830fd12,derivative,1,c8c8f922-5309-4cf4-b5d4-fa26c2b7a8a8,massively,massively,adv. 大量地
53c8b8b6-70a6-479a-9985-ff6cc9735c4f,near_synonym,1,3eec2a07-5c23-4f7c-a414-733486b8d161,buy,buy,n./v. 购买
53c8b8b6-70a6-479a-9985-ff6cc9735c4f,derivative,1,733f211b-f1bb-49b9-9142-126048b1b99c,purchaser,purchaser,n. 购买人
e8a18786-2de8-4ceb-be9e-7b19f4f56cee,near_synonym,1,7d30b2ea-825d-4f95-a648-dd79f5dbf4fd,free,free,vt. 释放
e8a18786-2de8-4ceb-be9e-7b19f4f56cee,near_synonym,2,85699430-bc3c-4c40-a9c6-4d30d2af05ba,deliver,deliver,vt. 发布
f1812770-e8eb-49e3-b9d5-85a6242ba497,near_synonym,1,8077083d-ceb6-40d1-802d-0682b2cf436d,employee,employee,n. 雇员
e6165985-ca31-450d-861b-8abbe125dc32,derivative,1,54c06843-66dd-40b7-9c2b-e11034dda956,conservatively,conservatively,ad. 保守地
f6e102b5-faa9-44df-a28c-896ecde92fcb,near_synonym,1,e3b9f992-5e20-435a-8454-118b29814261,protection,protection,n. 保护
f6e102b5-faa9-44df-a28c-896ecde92fcb,derivative,1,e6165985-ca31-450d-861b-8abbe125dc32,conservative,conservative,a. 保守的 n. 保守者
7cc6a1b0-42cc-4d44-a16b-cbe7a94fbe1c,near_synonym,1,901552cd-f6f6-4da2-a6fe-5fad81e1a588,movement,movement,n. 运动
27928a6a-1e62-4edc-92ef-da0beb7fdd9f,near_synonym,1,fe9d37d3-0720-448d-bcc1-1768ce74a3a3,retain,retain,vt. 保留
27928a6a-1e62-4edc-92ef-da0beb7fdd9f,derivative,1,01c44416-3a29-4072-b097-b69018233377,reservation,reservation,n. 预订
28575ed0-fa29-48bf-b07a-97dc0362f8c4,derivative,1,0e6708a9-34b0-4767-9763-3bd82b03f61d,urgency,urgency,n. 紧急
28575ed0-fa29-48bf-b07a-97dc0362f8c4,derivative,2,5b6bdc77-9821-4dcb-84e8-cc8bd8726927,urgently,urgently,ad. 紧急地
0617047d-69fc-4660-9311-dc4b8801a98c,near_synonym,1,4896c161-4fb0-4cdd-ba73-03582f46f96a,emotion,emotion,n. 情绪
0617047d-69fc-4660-9311-dc4b8801a98c,derivative,1,7524403d-9973-48d6-bea0-6869f18e6608,moody,moody,a. 喜怒无常的
344f6de6-fc12-4b6f-881d-7b49c9e5726a,near_synonym,1,ddcc579b-8efe-41f6-907e-a2235a56125a,expert,expert,n. 专家
344f6de6-fc12-4b6f-881d-7b49c9e5726a,derivative,1,693fc9ad-8c9a-478e-9353-02e42b9834cf,specialization,specialization,n. 专业化
419c0c08-a1bd-457f-a2ed-2bc3347f1692,near_synonym,1,d96ede36-668f-4eba-abef-40b82ff5a411,specification,specification,n. 规格；说明书
419c0c08-a1bd-457f-a2ed-2bc3347f1692,near_synonym,2,4410383f-ba6d-4207-b946-ea35717adca2,precise,precise,a. 明确的
053b527c-20ca-460c-b950-91803c785614,derivative,1,19ee273b-c8c8-413a-a95c-6b106f8de351,consumptive,consumptive,a. 消耗性的
053b527c-20ca-460c-b950-91803c785614,derivative,2,e6ada86c-cdcf-4b63-bbeb-093b0ca9f2ce,consume,consume,vt. 消耗
6314ee01-a74d-4254-945b-4366c46a71ca,near_synonym,1,c5032cdb-9461-4039-9102-457130d5cb42,emergency,emergency,n. 紧急情况
d2121964-5715-4d68-aa7b-5fd0e92d9fd2,near_synonym,1,7eee6b38-273d-4f6a-8ca1-1135a5c0f9bf,argument,argument,n. 辩论
d2121964-5715-4d68-aa7b-5fd0e92d9fd2,derivative,1,eec61b7a-21f4-4efb-82e0-6b6ec594a083,debater,debater,n. 辩论者
4ed039ea-542b-48d6-96e4-2d4ff2cac4ce,near_synonym,1,5534d03c-4d80-4c51-8930-4e5b6dd5a490,connect,connect,vt. 联系
b7a6ff73-d342-402d-85af-87048707f68c,near_synonym,1,ce1c35e2-e24a-401b-a9a6-f6cefccb92fd,particular,particular,a. 独特的
b7a6ff73-d342-402d-85af-87048707f68c,antonym,1,12441980-2c16-4ec0-bf3f-7c7a659ae10b,ordinary,ordinary,a. 普通的
8abe1a29-9bed-456d-87cb-b6cab5868c5e,antonym,1,911fa67b-20b6-48e4-a531-b6dfa432dcc1,inefficient,inefficient,a. 效率低的
8abe1a29-9bed-456d-87cb-b6cab5868c5e,derivative,1,0351dd92-4972-4671-bc8c-1c8a8a2cb394,efficiency,efficiency,n. 效率
0351dd92-4972-4671-bc8c-1c8a8a2cb394,derivative,1,3576f751-3cd9-4025-b2f6-a9ff4bf8ef83,inefficiency,inefficiency,n. 无效率
de94e26a-770d-4c74-bb84-ab42811edd00,near_synonym,1,1e2a425a-d0db-412c-a885-dc12c0296eee,dimension,dimension,n. 规模
de94e26a-770d-4c74-bb84-ab42811edd00,near_synonym,2,e82de23b-7ee6-47f2-8db6-bb367ebe1155,grade,grade,n. 等级
41db9722-e6de-4971-a573-710c643ad943,near_synonym,1,1fb865ca-401f-4baf-8c63-1ba842adf679,vital,vital,a. 必不可少的
41db9722-e6de-4971-a573-710c643ad943,derivative,1,82e5c626-486d-43b3-a9e6-792d7d4483d6,essentially,essentially,ad. 本质上；根本上
a2e9bcaf-38bf-4929-affc-c084db8cd5e4,derivative,1,fe3d6ee2-93ed-4009-a0af-8f141473d9dd,genetic,genetic,a. 基因的
439b2fc9-bb59-4ea6-902c-04d5b32560d1,derivative,1,7ee261fe-6dcb-44b4-b5f1-27720fd65419,generational,generational,a. 一代的
439b2fc9-bb59-4ea6-902c-04d5b32560d1,derivative,2,16f38598-f204-4a50-abf4-228b6e0fb35b,generative,generative,a. 有生产力的
d47b5eb9-28e9-4256-b91f-e8f6b15269f6,near_synonym,1,c0de631f-bdb4-47c1-8ee6-bb6f9cfc8bdf,engender,engender,vt. 产生
d47b5eb9-28e9-4256-b91f-e8f6b15269f6,derivative,1,439b2fc9-bb59-4ea6-902c-04d5b32560d1,generation,generation,n. 一代（人）
cd829ce7-5ba3-4a46-b0ac-af87407f907f,near_synonym,1,b04b2bfd-c811-4daf-975f-2558361f4aac,encourage,encourage,vt. 鼓励
cd829ce7-5ba3-4a46-b0ac-af87407f907f,derivative,1,9be4fda7-64f9-4357-a1be-daef9029f3ed,motivation,motivation,n. 动机
bb8eaade-8a83-4f86-8ea3-b141e2ae939c,derivative,1,cd829ce7-5ba3-4a46-b0ac-af87407f907f,motivate,motivate,vt. 激励
bb8eaade-8a83-4f86-8ea3-b141e2ae939c,derivative,2,9be4fda7-64f9-4357-a1be-daef9029f3ed,motivation,motivation,n. 动机
13d51750-674a-40b1-bd57-06b2a334314e,near_synonym,1,00a62e6f-48f3-4ac1-80c9-ec016c8047bd,current,current,a. 当前的
13d51750-674a-40b1-bd57-06b2a334314e,derivative,1,6ab447bb-1cf6-4415-8af1-fd70cac051b6,presentation,presentation,n. 提交
a043b8b0-8bf9-4519-b1eb-6a9f57f54e50,near_synonym,1,6dcf9139-4696-41d8-84d4-d6c5babe5d16,embody,embody,vt. 代表；体现
a043b8b0-8bf9-4519-b1eb-6a9f57f54e50,derivative,1,409e2b1b-3cdf-46ed-bc68-300d2d9a5560,representative,representative,n. 代表
40a8091d-7343-4887-9c5c-fa37c0e5dc22,antonym,1,c68f4838-f1ed-4264-9bce-dfeabf6ab2b4,complimentary,complimentary,a. 赞赏的
40a8091d-7343-4887-9c5c-fa37c0e5dc22,derivative,1,53acbff8-a41a-42a3-ac2e-e87aab98c4f9,critically,critically,ad. 批判性地
eaec6260-6ebb-40f8-ad29-49d9837f9feb,derivative,1,1f1091a0-7996-4887-99da-b2fed0a53af1,electrical,electrical,a. 电的；用电的
eaec6260-6ebb-40f8-ad29-49d9837f9feb,derivative,2,5459cf26-0aea-4c42-8515-0261d71684e1,electricity,electricity,n. 电
1f1091a0-7996-4887-99da-b2fed0a53af1,derivative,1,a035db98-1084-4278-99f3-ebcb036fda64,electrically,electrically,ad. 电力地
1f1091a0-7996-4887-99da-b2fed0a53af1,derivative,2,5459cf26-0aea-4c42-8515-0261d71684e1,electricity,electricity,n. 电
25f7cffe-d797-4761-9304-cc5dba4d7a1e,derivative,1,6370dd4e-8614-4e41-9615-6a414e0a0cbd,electronics,electronics,n. 电子学
ae469d92-3811-479f-8683-538d54757625,near_synonym,1,75216b00-f332-42e3-b372-bfeb578adac3,revert,revert,v. 恢复
ae469d92-3811-479f-8683-538d54757625,derivative,1,58651127-452b-4e77-83d1-a265e4548fb1,recovery,recovery,n. 恢复
58651127-452b-4e77-83d1-a265e4548fb1,near_synonym,1,e53b7c02-792a-4423-b6c6-9436713694f2,revival,revival,n. 复苏
c7a01594-fc9d-4295-a7ea-b37cfc929b78,near_synonym,1,1383b181-721d-4a1b-b4ad-b901ec141204,importance,importance,n. 重要性
c7a01594-fc9d-4295-a7ea-b37cfc929b78,derivative,1,202f2667-682f-4d78-8b96-0f7cc3df1f8c,significantly,significantly,adv. 有重大意义地
e04fd73e-f25e-49e1-bf1e-1e3b7367da1e,near_synonym,1,e1b8ac9c-b1d3-4f09-b7e0-ec2f4f71ecf8,important,important,a. 重要的
e04fd73e-f25e-49e1-bf1e-1e3b7367da1e,derivative,1,c7a01594-fc9d-4295-a7ea-b37cfc929b78,significance,significance,n. 重要性
e8ae34a1-4edf-4d03-8329-b3ec7f4bde77,near_synonym,1,d261666b-a5a5-4f21-a2ba-1fac9237389d,total,total,a. 完全的；全部的
e8ae34a1-4edf-4d03-8329-b3ec7f4bde77,derivative,1,dd3698b5-aa91-40f0-a186-128e2141c630,completely,completely,ad. 完全地
1ae31c42-23e3-4796-ad65-ea2490e277c1,near_synonym,1,661a9dd7-8b38-4ddd-83f7-3d845e66d296,complicated,complicated,a. 复杂的
1ae31c42-23e3-4796-ad65-ea2490e277c1,derivative,1,5ba2fda9-bcc7-430b-bddf-e77e947b7f70,complexity,complexity,n. 复杂性
df8ceae2-7fa2-4457-832b-967a8058fe41,near_synonym,1,6d2b4ccb-1277-4a39-9563-1d57b42b0541,characteristic,characteristic,a. 典型的
6d823fdc-71a1-407b-ba4a-43632225c911,near_synonym,1,e1dd9934-3364-4c72-9695-cf8747fe4ea1,forecast,forecast,v. 预测
6d823fdc-71a1-407b-ba4a-43632225c911,derivative,1,4631edbd-21f3-4259-a907-a42afa5a7050,predictable,predictable,a. 可预见的
c09430ec-8404-411a-9f43-bc576d64f761,near_synonym,1,e1dbf99e-7b13-4ece-a516-67f25d7da14f,ethical,ethical,a. 道德的
c09430ec-8404-411a-9f43-bc576d64f761,derivative,1,e56ae18f-9900-41b0-8385-5eddd74996dc,morality,morality,n. 道德
e56ae18f-9900-41b0-8385-5eddd74996dc,derivative,1,812edcc1-4ec5-47f8-a0fc-b1df7cc4fd66,moralize,moralize,vt. 教化
08597f6f-a877-4d2e-8979-9bba59c24d99,near_synonym,1,bfef09ff-2ab9-432a-987d-74e0ef0f487e,mass,mass,n. 大多数
08597f6f-a877-4d2e-8979-9bba59c24d99,antonym,1,37152562-a96c-4cb5-92f3-9e045d6f3bc3,minority,minority,n. 少数
37152562-a96c-4cb5-92f3-9e045d6f3bc3,antonym,1,08597f6f-a877-4d2e-8979-9bba59c24d99,majority,majority,n. 大多数
a76ca8b0-25fa-412c-9add-ce70e42f68da,antonym,1,43d0bc99-8799-4ef2-a21b-a1c0ca372d0b,minor,minor,a. 次要的
a76ca8b0-25fa-412c-9add-ce70e42f68da,derivative,1,08597f6f-a877-4d2e-8979-9bba59c24d99,majority,majority,n. 大多数，大部分
b24fe997-d595-4e54-a144-a57b78d76550,near_synonym,1,c72b0b24-6e3b-4a6e-9df8-fea12b8f98d8,sustain,sustain,v. 保持
b24fe997-d595-4e54-a144-a57b78d76550,derivative,1,cb859969-7102-4f5c-842f-832b73ce9cb5,maintenance,maintenance,n. 维护
04ced793-31e3-4b33-b3e1-409ded541ce2,near_synonym,1,1acd9334-d4dc-49e6-8be1-e9cbc1b23a22,oppose,oppose,vt. 反对
04ced793-31e3-4b33-b3e1-409ded541ce2,derivative,1,91e62da3-9ff3-4840-ae89-c5b0dcb8c199,objective,objective,a. 客观的
e7460c9c-cdf8-4e2f-bf52-1ae71742b316,near_synonym,1,3a606982-fe36-4eb5-ae10-777ef2f24796,opposition,opposition,n. 反对
e7460c9c-cdf8-4e2f-bf52-1ae71742b316,derivative,1,0e5eae2c-9ae2-4765-9d26-4222fe74d253,objectionable,objectionable,a. 令人不快的
b9775d39-9565-41b4-9bb2-5212bab5219d,near_synonym,1,76895bfc-bdb8-48e2-9c6d-cc4bd968374b,parcel,parcel,n. 包裹
b9775d39-9565-41b4-9bb2-5212bab5219d,derivative,1,43d883e2-8178-4bcd-ac3c-2deb1f5f6693,packaging,packaging,n. 包装
ca619d95-cf02-4363-a847-8b9878e0b057,near_synonym,1,20321abf-6c52-4f20-b584-665077cb0581,argue,argue,vi. 争论
ca619d95-cf02-4363-a847-8b9878e0b057,derivative,1,44163782-251f-4f3e-9928-a6a65d7f3e89,disputation,disputation,n. 争论
b689380c-c94b-4f37-894d-e769caa5d96b,near_synonym,1,6c1e97a4-0f5e-4c13-bef4-1207ebccfcc6,reply,reply,vi. 回应
b689380c-c94b-4f37-894d-e769caa5d96b,derivative,1,d913effd-e3ff-41a0-9c5c-05951636924c,respondent,respondent,n. 被调查人
608bb8d6-be53-472f-9530-26d96d503339,near_synonym,1,6c1e97a4-0f5e-4c13-bef4-1207ebccfcc6,reply,reply,n. 答复；回应
608bb8d6-be53-472f-9530-26d96d503339,near_synonym,2,484fdd3e-86e4-4227-969a-efd4186df243,reaction,reaction,n. 回应
ee158c28-cd41-40db-b57b-a1e57eaee8bb,derivative,1,2a88e20a-bfc3-40b6-95ee-3b3a0c8d99d7,security,security,n. 安全
2a88e20a-bfc3-40b6-95ee-3b3a0c8d99d7,near_synonym,1,a3f82d7c-d5b7-41d4-afae-c94ab802daa9,safety,safety,n. 安全
2a88e20a-bfc3-40b6-95ee-3b3a0c8d99d7,antonym,1,6d10f334-05c1-4712-8775-f69de2d65c8c,insecurity,insecurity,n. 不安全
cd52ddb5-1906-4969-b576-73722c1e50fb,derivative,1,2d8cd65d-cd80-4328-92b7-c88db62a147a,applicable,applicable,a. 适用的
3839f333-3ed7-410d-8152-806b674dba69,near_synonym,1,973539aa-22d5-4c9c-b4b3-15c0fca5363b,advertisement,advertisement,n. 广告
3839f333-3ed7-410d-8152-806b674dba69,derivative,1,4cbebd1b-55bc-4796-8add-847531c1db96,commercially,commercially,ad. 商业化地
bb3d1798-3a94-42ef-b37c-652245c1b758,antonym,1,9df36b87-3d4b-42bc-8762-d3c331f26e22,inconvenient,inconvenient,a. 不方便的
bb3d1798-3a94-42ef-b37c-652245c1b758,derivative,1,5ba59421-0e98-4b19-97a9-4f455eeeb119,convenience,convenience,n. 方便
5ba59421-0e98-4b19-97a9-4f455eeeb119,antonym,1,e15be643-1275-41ce-acbe-39f1a94c653c,inconvenience,inconvenience,n. 不便
badec43b-daf1-4f25-a19a-39c39ea80e6f,near_synonym,1,8fa1e0d1-25a8-49f7-b6c4-0cab88590506,elective,elective,a. 可选择的
badec43b-daf1-4f25-a19a-39c39ea80e6f,antonym,1,731b3f60-9173-4448-aae9-e767fe38c0b5,compulsory,compulsory,a. 强制的
0adf0c0b-9e00-4148-9ee2-3c9502db8560,near_synonym,1,57515681-f34e-4b36-976a-151b6513cfe9,selection,selection,n. 选择
0adf0c0b-9e00-4148-9ee2-3c9502db8560,derivative,1,badec43b-daf1-4f25-a19a-39c39ea80e6f,optional,optional,a. 可选择的
d2eeb45f-dba2-4448-9de4-29eae65c7088,antonym,1,8dca690b-68b4-4e45-b143-3e67511bc6b5,irresponsible,irresponsible,a. 不负责任的
d2eeb45f-dba2-4448-9de4-29eae65c7088,derivative,1,c08fa2d5-392d-4c67-a11b-1c200b4c404a,responsibility,responsibility,n. 责任
9ddf389c-7b2e-47f0-b09b-b9490d7be229,derivative,1,9081c869-d762-4f8f-bad6-93b15c59803d,internationally,internationally,adv. 国际性地
afef50b4-2e53-434a-b3c2-4935f249eddd,near_synonym,1,bd6ee800-bbde-4f44-9a75-87ed98cad8fb,teenager,teenager,n. 青少年
afef50b4-2e53-434a-b3c2-4935f249eddd,derivative,1,c215d81e-a6dc-46af-aef7-76550da468f4,adolescence,adolescence,n. 青春期
60f42c6e-278f-4c74-8f65-6ccbaedc52de,near_synonym,1,5e9e52eb-f90d-4c96-aa11-31e59256a3fd,disclose,disclose,vt. 揭露
60f42c6e-278f-4c74-8f65-6ccbaedc52de,derivative,1,ccea00d4-5a5d-4668-b914-ca72f3997abd,revelation,revelation,n. 揭露
ccea00d4-5a5d-4668-b914-ca72f3997abd,near_synonym,1,67b4e3db-b406-4752-a1ba-2ee9b4af0270,exposure,exposure,n. 揭露
ccea00d4-5a5d-4668-b914-ca72f3997abd,antonym,1,bc914b84-7949-4ee6-888f-1737ac69e64d,concealment,concealment,n. 隐藏；隐瞒
a5fe21db-17f3-4699-aebf-c3ac2b857eac,near_synonym,1,6df4f85d-bfb8-4813-b2de-1a6423b36abb,arrange,arrange,v. 安排
53949bae-ce91-4266-bf23-ffe38bdae4a5,near_synonym,1,045091fa-88f9-450f-9b3a-80692f4b2392,evaluate,evaluate,vt. 估计
53949bae-ce91-4266-bf23-ffe38bdae4a5,derivative,1,e1a20663-3c4e-43a8-bf80-ae7c3a25f1bf,estimation,estimation,n. 估计；评价
8b528fac-a61f-430f-b396-5b05c9dd4a6e,near_synonym,1,9c362c65-5a6f-4d39-aef4-0d4360e42f99,original,original,a. 最初的
8b528fac-a61f-430f-b396-5b05c9dd4a6e,derivative,1,c28de61d-d1d2-4bb7-9160-be54edcc0740,primarily,primarily,ad. 主要地；根本地
e62004d2-bec7-40e6-93ef-047afcf51828,near_synonym,1,5b4ec5c2-bd82-4388-aef1-1ee48f6a7e1b,chief,chief,a. 首要的
e62004d2-bec7-40e6-93ef-047afcf51828,derivative,1,8b528fac-a61f-430f-b396-5b05c9dd4a6e,primary,primary,a. 主要的
ae5c1d4a-0be4-475c-9456-af95bcaaa4ae,derivative,1,9a1675c8-b608-438a-ae99-236f5f7db84b,conceptual,conceptual,a. 概念（上）的
ae5c1d4a-0be4-475c-9456-af95bcaaa4ae,derivative,2,ef625331-a691-448f-b71a-a3e184b45e9e,conception,conception,n. 概念
d90fcf7d-10dc-4db0-bbdc-9043d825b87f,near_synonym,1,33970fd0-4b84-4f1f-98f9-4e3c148363b5,reappear,reappear,vi. 再现
d90fcf7d-10dc-4db0-bbdc-9043d825b87f,derivative,1,897a9c39-1c15-4e35-a207-ff639ef48b4d,reproducible,reproducible,a. 可再生的
21876003-ef15-4d34-a97e-e29a128e6db5,near_synonym,1,7b8108d9-5fcc-40b0-8716-f55b3798f69b,capacity,capacity,n. 生产能力
21876003-ef15-4d34-a97e-e29a128e6db5,derivative,1,796eb12c-58f6-4b5f-95f4-082f3639b276,production,production,n. 生产；产量
ac21fbaa-d8f6-40c4-bd1f-81e7647b4315,near_synonym,1,1af381b2-0357-4c54-a536-43a18ec4256a,outlive,outlive,vt. 比……活得长
ac21fbaa-d8f6-40c4-bd1f-81e7647b4315,derivative,1,cca78f12-40fc-48bf-b7c6-847a85e40bbb,survivor,survivor,n. 幸存者
3a427860-5ff5-43e2-87fc-8ece46f8ae80,near_synonym,1,fddd39c9-d3b3-4ef9-bba8-f216e7304050,subsistence,subsistence,n. 生存
3a427860-5ff5-43e2-87fc-8ece46f8ae80,near_synonym,2,59c37080-9759-474e-a243-7e29c8bca4c2,leftover,leftover,n. 残存物
ab5a72ef-4535-4f61-aea3-8e1f05b1a47a,near_synonym,1,e238ed73-5e33-4db2-a03e-7409f13d657e,own,own,vt. 拥有
ab5a72ef-4535-4f61-aea3-8e1f05b1a47a,derivative,1,b1aae129-8efd-4a05-a97d-6464c46919b4,possession,possession,n. 拥有
fbd49993-5f2b-4b69-95df-1856f9f20f30,near_synonym,1,baa52478-8700-4637-adfd-ed59f8668d1a,triumphant,triumphant,a. 成功的
fbd49993-5f2b-4b69-95df-1856f9f20f30,derivative,1,000d9166-9dbb-4f4a-a24e-aa1ed0ed83d4,successfully,successfully,ad. 成功地
b325a8e3-ebf8-4d52-a0b7-0010d669316e,near_synonym,1,c4033193-752c-48d9-88ed-3c9e34d8325e,achieve,achieve,vi. 成功
b325a8e3-ebf8-4d52-a0b7-0010d669316e,derivative,1,fbd49993-5f2b-4b69-95df-1856f9f20f30,successful,successful,a. 成功的
53692ea2-b632-434c-95b6-f350e0cc8cb3,antonym,1,8562f843-9873-4fc2-bcc7-efcf5b29feac,failure,failure,n. 失败
53692ea2-b632-434c-95b6-f350e0cc8cb3,derivative,1,fbd49993-5f2b-4b69-95df-1856f9f20f30,successful,successful,a. 成功的
d750094f-ddc0-4525-a55e-187503c9c152,near_synonym,1,b8091096-e0fd-4714-a7ca-f7a8446cc057,consecutive,consecutive,a. 连续的
d750094f-ddc0-4525-a55e-187503c9c152,derivative,1,e9290fa3-6092-4091-95aa-c280f63c8c66,successively,successively,ad. 连续地
47ca46e0-0b9f-4c11-92c4-97c76ad6dc29,near_synonym,1,65959ca6-45df-4435-9952-bd9802bbdd0e,series,series,n. 一系列；连续
47ca46e0-0b9f-4c11-92c4-97c76ad6dc29,derivative,1,d750094f-ddc0-4525-a55e-187503c9c152,successive,successive,a. 连续的
e9a8ae03-2473-49c2-b224-750009e2d9df,derivative,1,c3364496-7aac-4638-bca9-8dfdf958e603,definition,definition,n. 定义
4a1bdc73-b307-41d7-b7a2-01d9677bdff5,near_synonym,1,6ea8d502-700f-439e-90e1-ed2dd00ebd08,intensify,intensify,v. 增强
4a1bdc73-b307-41d7-b7a2-01d9677bdff5,derivative,1,c43be42f-c6d0-488a-863b-ed767cea28e9,enhancement,enhancement,n. 增强
0b4e2e0b-94ad-4a5b-bce6-2292a698f505,near_synonym,1,66015a91-11c0-479c-825e-05eebc797b2a,fundamental,fundamental,n. 根本法则
0b4e2e0b-94ad-4a5b-bce6-2292a698f505,derivative,1,de947ba1-e8c2-4c26-8627-fefb7814f2ac,principled,principled,adj. 原则性强的
f9234452-8989-4670-997f-1ec058a852d2,near_synonym,1,84b93138-54b5-4131-a775-e1056fdb1492,prize,prize,n. 奖品
f9234452-8989-4670-997f-1ec058a852d2,near_synonym,2,d132bf99-6535-4088-a28b-9fa870cf14a2,grant,grant,vt. 授予
4bbaf2a4-bef8-494b-9a3c-b179e1d63d4a,near_synonym,1,f9234452-8989-4670-997f-1ec058a852d2,award,award,vt. 奖励
4bbaf2a4-bef8-494b-9a3c-b179e1d63d4a,derivative,1,32afb61f-c40b-40f8-9dab-e64c90f4752d,rewarding,rewarding,a. 有益的；值得的
65959ca6-45df-4435-9952-bd9802bbdd0e,near_synonym,1,1c68ef02-0de1-44be-bfbc-f2692d5e231d,serial,serial,a. 连续的
65959ca6-45df-4435-9952-bd9802bbdd0e,near_synonym,2,47ca46e0-0b9f-4c11-92c4-97c76ad6dc29,succession,succession,n. 一系列
14450120-b872-4583-930a-a2dfd41a7776,near_synonym,1,02422498-21ca-427c-bdcc-52668f43a0b3,fragile,fragile,a. 脆弱的
6d3ebf60-2e85-480b-bc3a-9083c2a1f9f0,near_synonym,1,34799d1d-9dee-433b-bf12-781f87fde136,submit,submit,v. 屈服
09c282db-420f-4a4e-abe9-118eb75a6c55,antonym,1,72321f32-0bdd-468d-a585-03171504b2f0,uncertain,uncertain,a. 不确定的
09c282db-420f-4a4e-abe9-118eb75a6c55,derivative,1,ee9a0744-75cc-41b6-a004-23d2ea0442a1,confidence,confidence,n. 信心；信任
ee9a0744-75cc-41b6-a004-23d2ea0442a1,near_synonym,1,6897e76f-7890-486f-b767-e6ace179bab8,belief,belief,n. 信任
ee9a0744-75cc-41b6-a004-23d2ea0442a1,antonym,1,0557247c-6f45-4e25-8aab-270aaf901a93,diffidence,diffidence,n. 缺乏自信
c0a978e9-2225-4824-85c0-ce7087bba7e4,near_synonym,1,ff0acf27-3858-477b-9bf6-163447fe38f2,certain,certain,a. 肯定的
c0a978e9-2225-4824-85c0-ce7087bba7e4,derivative,1,7e9c4579-2942-420c-a658-dade591bfd4a,definitive,definitive,a. 决定性的
c3364496-7aac-4638-bca9-8dfdf958e603,derivative,1,7e9c4579-2942-420c-a658-dade591bfd4a,definitive,definitive,a. 确定的
58fdcafc-1a71-468b-9903-c4e8be9f07fc,near_synonym,1,3e4d86b0-51f4-474e-a343-445c42f4d520,certify,certify,vt. 证明
58fdcafc-1a71-468b-9903-c4e8be9f07fc,derivative,1,77024e55-1a74-4d91-aa75-81ccd500bbd1,demonstration,demonstration,n. 证明；示范
10be2cdf-9a48-416f-980c-0e88782f2b1f,near_synonym,1,58fdcafc-1a71-468b-9903-c4e8be9f07fc,demonstrate,demonstrate,v. 说明
10be2cdf-9a48-416f-980c-0e88782f2b1f,derivative,1,e6c1773d-df83-44c0-a310-76bdb3104bb9,illustration,illustration,n. 插图；实例
408f99bf-f4d5-42e9-9eaf-925d79d6f132,near_synonym,1,459fb790-cb96-44f1-8a1c-22338bd081b7,ignorant,ignorant,a. 无知的
408f99bf-f4d5-42e9-9eaf-925d79d6f132,near_synonym,2,baf6a3bd-6887-4959-8571-65a1e6d938a0,neglect,neglect,vt. 忽视，忽略
459fb790-cb96-44f1-8a1c-22338bd081b7,near_synonym,1,f8bc4b91-1516-49e1-aba2-95d29d9f8a27,uninformed,uninformed,a. 无知的
459fb790-cb96-44f1-8a1c-22338bd081b7,derivative,1,655f02d5-179c-4613-9bc1-df09a77e6f5f,ignorantly,ignorantly,ad. 无知地
5ce529ab-2863-4bef-b05e-783f2f5d36b0,near_synonym,1,ecb84599-c1e1-4705-992e-b28f1ce24837,trend,trend,n. 趋势
5ce529ab-2863-4bef-b05e-783f2f5d36b0,derivative,1,ed43c38b-ed36-4a8e-bb08-f4f0f7ef1649,tendentious,tendentious,a. 有偏见的
001b1010-9fbf-4013-ae4c-aebcd8620205,near_synonym,1,69493fae-4e11-41e4-a525-c15f83022370,care,care,vi. 照顾
001b1010-9fbf-4013-ae4c-aebcd8620205,derivative,1,5ce529ab-2863-4bef-b05e-783f2f5d36b0,tendency,tendency,n. 倾向；趋势
f2246f88-6183-4861-916e-1bc68f163c4b,near_synonym,1,0bed021d-1a47-4d93-a586-1ddb75c95eca,confess,confess,v. 承认
f2246f88-6183-4861-916e-1bc68f163c4b,derivative,1,a13851f3-92bd-4db2-9a86-f7c36a90da02,admission,admission,n. 承认
e7a9f01f-7734-4ac1-8925-85cd0a07fe2c,near_synonym,1,4bfbb38b-a898-4b4b-b70e-705494ab985e,undertake,undertake,vt. 承担
e7a9f01f-7734-4ac1-8925-85cd0a07fe2c,derivative,1,a37210a7-655c-4d9b-a88e-36595d0791ee,assumption,assumption,n. 假定
6ce79d4a-4d3e-4ade-93f0-939813abec56,near_synonym,1,47241416-cd0d-4bb1-a1b9-7894e110f5f7,feed,feed,vt. 饲养
6ce79d4a-4d3e-4ade-93f0-939813abec56,derivative,1,2de52ea7-bd94-42db-9cec-830e4ae5be09,breeder,breeder,n. 饲养员
2d8aa3bb-ba72-427f-ab3a-fc1a955fa9f8,near_synonym,1,1104ff4b-d354-42fa-83b4-da1954fddeeb,quote,quote,v. 引用
2d8aa3bb-ba72-427f-ab3a-fc1a955fa9f8,derivative,1,950845d7-2d40-46b6-a13b-5ff00ef17eeb,citation,citation,n. 引用
634f97a1-01e2-4be7-95e0-6b00cb6bd9e1,near_synonym,1,098ef2fe-60e3-4a70-bbd5-64412112b991,mass-produce,mass-produce,vt. 大量生产
634f97a1-01e2-4be7-95e0-6b00cb6bd9e1,derivative,1,59c87af3-be87-422b-b444-6aca6d6bb978,manufacturer,manufacturer,n. 生产者
0e9c67a2-16ae-4f65-ab84-050e039df715,near_synonym,1,a0673789-6198-48e6-bd11-87022a5a8189,join,join,v. 参加
0e9c67a2-16ae-4f65-ab84-050e039df715,derivative,1,00b166d5-1ef2-4961-93d1-112cc4595a12,participation,participation,n. 参加，参与
659a2814-a80a-4728-b6ab-272fc0703d51,derivative,1,00b166d5-1ef2-4961-93d1-112cc4595a12,participation,participation,n. 参与
19994e37-cb42-4308-a4d3-ee236167f47a,near_synonym,1,70508b05-6f8d-426f-b85c-bff8d90a977d,civic,civic,a. 城市的
aa8d0f6a-325c-40ad-bcf4-02d322eeee82,near_synonym,1,ec902140-088a-43af-935c-6f12c662e117,viewpoint,viewpoint,n. 观点
aa8d0f6a-325c-40ad-bcf4-02d322eeee82,near_synonym,2,0101f5bc-cca2-41a2-9cf0-0d1fc878c8a9,standpoint,standpoint,n. 观点
490b04a9-d441-4938-9f88-20cc0e9c84b4,antonym,1,234abf7e-4595-445d-b90a-ee8fc79cffaf,decelerate,decelerate,vt. 减速
490b04a9-d441-4938-9f88-20cc0e9c84b4,derivative,1,fb95f5e3-a498-4484-82b2-14c36bbb41ce,acceleration,acceleration,n. 加速
a9c2f632-8457-4569-9f36-3a3fa3eb1aea,near_synonym,1,154a3b80-317e-4364-a496-df03a0e78b6f,nominee,nominee,n. 候选人
a9c2f632-8457-4569-9f36-3a3fa3eb1aea,derivative,1,94cd4277-5023-4f0b-b2eb-4c8bd1bfc399,candidacy,candidacy,n. 候选人的资格
c2f11384-4a9a-47ae-ad58-a49c13c4dfd0,near_synonym,1,86322bf3-4486-4736-bef1-a6d58ade6d3c,result,result,n. 结果；后果
c2f11384-4a9a-47ae-ad58-a49c13c4dfd0,near_synonym,2,10de434a-bb12-4ce6-8eab-5b3feb5b8f08,outcome,outcome,n. 结果
cad8e612-f736-47fc-9a7c-f8f3f75891ed,near_synonym,1,b2625710-1a54-4fbe-89e9-3c3a4731769c,extra,extra,a. 附加的，额外的
cad8e612-f736-47fc-9a7c-f8f3f75891ed,derivative,1,74795c76-a6f0-43d1-8fa9-a11e0a63f9b5,additionally,additionally,ad. 除此之外
8e275605-9f74-45f2-8991-1155e440ef73,near_synonym,1,073c6ba9-64b0-4681-85f6-5afdc2574e42,agreement,agreement,n. 契约
4829b57f-57a5-44c5-a6d1-c90d6e812ee0,near_synonym,1,9d90c4f1-748d-4ff8-9448-45b5848fd126,contest,contest,vt. 竞争
4829b57f-57a5-44c5-a6d1-c90d6e812ee0,derivative,1,1ae89f0f-ba99-4c8b-9414-40810bec4231,competition,competition,n. 竞争
246aa184-ff5c-4e58-ab93-ca7ab98bf9b6,near_synonym,1,98b3bce3-b09e-4ec7-be45-b9d791f6bfaa,capable,capable,a. 足以胜任的；有能力的
246aa184-ff5c-4e58-ab93-ca7ab98bf9b6,derivative,1,2b438bde-de6e-4b06-ab32-2b6103c77466,competently,competently,ad. 胜任地
8f07113f-28dc-446b-b505-995432933fc5,derivative,1,beb14214-7786-4659-9326-3fc74e6ecb8c,psychologist,psychologist,n. 心理学家
8f07113f-28dc-446b-b505-995432933fc5,derivative,2,2a725236-5d27-4ad0-bdd2-2868e0e7d8f0,psychological,psychological,a. 心理的
9783ebf7-a511-47aa-87b8-c2a76de53121,near_synonym,1,ee88f2ee-6801-4fdc-be6d-0cd004a1d14e,dependence,dependence,n. 依赖；信任
9783ebf7-a511-47aa-87b8-c2a76de53121,near_synonym,2,9f405d49-37e4-4927-a99f-078c7c07bab9,trust,trust,n. 信任
acaae4d6-818a-4e4d-9dd8-430971ebe678,derivative,1,d46ac509-3fda-4cda-8ba7-6e72e1fe6053,reliability,reliability,n. 可靠
7f399453-3f03-4958-8228-6c7b53209d9f,near_synonym,1,d4b18f23-a974-47b7-9843-8812f819d87f,enterprise,enterprise,n. 公司
7f399453-3f03-4958-8228-6c7b53209d9f,near_synonym,2,09e94f01-9e26-488b-8721-8d672d3c2acf,company,company,n. 公司
f0615c5e-79ff-4830-9158-258f870529c7,near_synonym,1,1e107175-bfb8-475c-915a-61e7e4b50088,fame,fame,n. 名声
f0615c5e-79ff-4830-9158-258f870529c7,near_synonym,2,e3ee7709-a74b-4407-9f71-c098727acbbc,honour,honour,n. 名誉
1439af4d-3b36-4ed9-8fde-60c83e91a0d7,near_synonym,1,c5d9f612-369f-49a3-86db-048a15a055ae,transportation,transportation,n. 交通工具
1439af4d-3b36-4ed9-8fde-60c83e91a0d7,derivative,1,f5660509-4e45-427f-ae2f-d035db6f1e62,vehicular,vehicular,a. 车辆的
eb16de08-a0e4-4dcc-9335-ef437927c9f2,near_synonym,1,e5cc11d8-c524-4791-b19c-f4dc2b649280,pick,pick,vt. 选择，挑选
eb16de08-a0e4-4dcc-9335-ef437927c9f2,derivative,1,57515681-f34e-4b36-976a-151b6513cfe9,selection,selection,n. 选择
57515681-f34e-4b36-976a-151b6513cfe9,derivative,1,067aeb5e-2032-4fea-b05b-a25ddb8e0262,selective,selective,adj. 选择性的
c1667ab4-bc22-44a8-877b-da44c9213a94,derivative,1,58c6a7f3-fb63-40e1-9e96-18294f4dc108,appealing,appealing,a. 有吸引力的
e9a7bbbd-e754-4b8a-bd26-790570c34d86,near_synonym,1,848c02e4-e38a-47b4-91e0-42681ccec092,intellect,intellect,n. 智力
f3d585ed-e470-4963-ab54-69b0c69b649d,synonym,1,525801b6-3130-4ac1-841b-fd26a60f5031,reviewer,reviewer,n. 评论家
f3d585ed-e470-4963-ab54-69b0c69b649d,derivative,1,ed21cf33-ce90-4aff-9462-77944c93de6d,criticize,criticize,v. 批评
c9af1186-7ba9-4d61-8c18-b64e3ca14ddc,near_synonym,1,5bb61a7f-1aec-46df-8c40-1b6772eb9369,excellent,excellent,a. 优秀的
ea6f7ee6-1c59-49fd-837d-8b78d041710b,near_synonym,1,c887aa18-1ecd-43b3-9186-cd0ab13e0f62,expressive,expressive,a. 富于表现力的
ea6f7ee6-1c59-49fd-837d-8b78d041710b,near_synonym,2,2515e4ad-3ae0-4ba8-b00f-d0f56c4106a0,utterance,utterance,n. 表达
a8b6c2cd-802e-4d20-b2ee-9e3d0b9f073e,near_synonym,1,6d291bee-b2ba-49e8-a6ee-057728b71949,repayment,repayment,n. 归还借款
5932d5e6-b167-4e43-a0e5-a34f47759591,near_synonym,1,48454765-83e1-47d5-b298-ad99af610529,accept,accept,v. 接受
5932d5e6-b167-4e43-a0e5-a34f47759591,derivative,1,68f529aa-2b46-499c-a0ea-15d38383cc37,receiver,receiver,n. 信号接收器
667d76a3-257e-47f5-a98c-d45eae995974,antonym,1,dba7591b-2e64-4bcc-a890-e1d1a6f9becd,expenditure,expenditure,n. 支出
2831f2eb-6a39-4fe7-95d6-5f3955598316,near_synonym,1,9e3e7b03-4ae4-46d4-bcd8-eabb7db61f3e,arrest,arrest,vt. 逮捕
2831f2eb-6a39-4fe7-95d6-5f3955598316,derivative,1,fc0760a3-bb75-4967-9dbf-e946e4b0dd84,captive,captive,n. 俘虏
7b8108d9-5fcc-40b0-8716-f55b3798f69b,near_synonym,1,06e8440a-380f-4f9f-8c12-277742898a1b,ability,ability,n. 能力
3c717be0-dbf3-411b-886e-c7f6b7b8d876,near_synonym,1,73a233ca-d5a2-4ec2-9567-8087cccd7740,provide,provide,vt. 提供
3c717be0-dbf3-411b-886e-c7f6b7b8d876,derivative,1,63323027-2497-4eb2-b798-4630cc6c88ab,supplement,supplement,vt. 补充
63323027-2497-4eb2-b798-4630cc6c88ab,near_synonym,1,5cd4d38d-d339-4ad8-bdc4-bc574b6241d6,complement,complement,n. 补充物 vt. 补充
488801fc-1917-49f0-ac87-561143cce897,near_synonym,1,8f0dcf5c-bcd3-466d-8bbb-9b1cc7608729,offender,offender,n. 罪犯
488801fc-1917-49f0-ac87-561143cce897,near_synonym,2,1f9d12d5-9410-48d6-aa85-efa00411fa63,guilty,guilty,a. 犯罪的
d63c698d-c172-4ffe-9adf-7e1bb18f6350,near_synonym,1,aed53ea5-e94d-4308-a2e8-1931d975ee7b,guilt,guilt,n. 罪行
d63c698d-c172-4ffe-9adf-7e1bb18f6350,derivative,1,488801fc-1917-49f0-ac87-561143cce897,criminal,criminal,a. 犯罪的
f2aa422a-d767-414b-bec3-86e45fc49c6c,near_synonym,1,7ccf26cb-30e4-4f8f-a641-2831229a9799,raise,raise,vt. 增加
f2aa422a-d767-414b-bec3-86e45fc49c6c,antonym,1,6a6789e9-b893-4f74-be59-54f2005e907d,decrease,decrease,v./n. 减少
6a6789e9-b893-4f74-be59-54f2005e907d,near_synonym,1,658b9e44-ad86-4d18-a3e1-82a3c914f9b9,reduction,reduction,n. 减少
33f7ee93-c880-4a0c-8e8b-a2c646002cb8,near_synonym,1,546863ff-d04e-4478-80fb-a470a612b0b9,situation,situation,n. 位置
eba9570c-5d41-4764-a7a8-996a3c608197,near_synonym,1,5e9e52eb-f90d-4c96-aa11-31e59256a3fd,disclose,disclose,vt. 使暴露
eba9570c-5d41-4764-a7a8-996a3c608197,derivative,1,67b4e3db-b406-4752-a1ba-2ee9b4af0270,exposure,exposure,n. 暴露；揭露
67b4e3db-b406-4752-a1ba-2ee9b4af0270,near_synonym,1,ccea00d4-5a5d-4668-b914-ca72f3997abd,revelation,revelation,n. 揭露
1e0b051c-c04c-400e-a079-9f8948111d41,near_synonym,1,d9d9e0f4-2839-42dc-9bb9-1f1556cd1d74,invent,invent,vt. 创造
1e0b051c-c04c-400e-a079-9f8948111d41,derivative,1,f75ac46d-6f5d-451d-8310-a61ea6947623,creation,creation,n. 创造；创建
79cdb157-ba47-47c8-9f33-3c2827e2d92c,derivative,1,c1f8a1ee-78a9-44ec-abe5-969b0dd03599,creator,creator,n. 创造者
79cdb157-ba47-47c8-9f33-3c2827e2d92c,derivative,2,f5f99966-e5dd-4604-baa3-9e4dbeca4f66,creativity,creativity,n. 创造性
85a2fe16-7de9-4028-a39f-aff3988f22f6,derivative,1,caa687a9-cc0f-4343-b5cc-2ebd01d4b460,federation,federation,n. 联邦；联盟
85a2fe16-7de9-4028-a39f-aff3988f22f6,derivative,2,8b300ad1-7b1b-415c-b736-aa4a0478839c,federalist,federalist,n. 联邦主义者
dcf3527b-6d65-4f87-ab48-1a0c3ef7c289,near_synonym,1,69701105-fe5a-4890-9c5e-cdf2d27fd130,focus,focus,v. 集中
dcf3527b-6d65-4f87-ab48-1a0c3ef7c289,antonym,1,50ba7f89-5a42-495b-b502-6c57b8a1451c,distract,distract,v. 分散（注意力）
6f8ceaf6-a170-4319-8cd7-011b151bd370,near_synonym,1,9ce1db83-5de1-4c0b-9753-bed99a4351f2,encouragement,encouragement,n. 鼓励
6f8ceaf6-a170-4319-8cd7-011b151bd370,antonym,1,e405eb47-11cc-4704-a02d-8099f9da1fcb,disincentive,disincentive,n. 起抑制作用的事物
e06930e9-acc7-4a6e-b7f5-71e116735c8d,near_synonym,1,d1eca9d7-926d-4f41-8925-0b4b08c31d20,depression,depression,n. 经济衰退
e06930e9-acc7-4a6e-b7f5-71e116735c8d,derivative,1,f3efc744-8f26-457e-989b-46f2f3a8ac31,recessionary,recessionary,a. 经济衰退的
ee7588ae-1bd0-448f-84ad-71c90627a4cb,near_synonym,1,5d40835b-2b47-49e9-b47e-e84ef25d74b5,former,former a.,以前的
ee7588ae-1bd0-448f-84ad-71c90627a4cb,derivative,1,2bbf04ff-83b5-4871-be11-691f1e58a836,previously,previously adv.,先前地；预先
812eb64d-1b4d-4f3e-9ca1-33b04690b085,near_synonym,1,7c8f9e3f-2c16-4bd9-a50c-e4c6633d4c7f,tactic,tactic,n. 策略
812eb64d-1b4d-4f3e-9ca1-33b04690b085,derivative,1,cfcafc2b-3769-4e29-bac5-ffece4814164,strategic,strategic,a. 战略上的
364f700b-8f08-42c4-b53b-bbe0c60c2447,near_synonym,1,d8792d31-f0e6-4fcc-b499-24c3e0046ab6,conspire,conspire,v. 密谋
3681282d-7bc2-4e97-b350-ea82ddab451b,near_synonym,1,98b3e4b1-581b-4503-89df-ad37048e7af9,quest,quest,vi. 探索
3681282d-7bc2-4e97-b350-ea82ddab451b,derivative,1,d1c10601-bd53-4854-a6c2-f7c7e820759b,explorer,explorer,n. 探险者
ae62023b-1f3c-4b06-94fc-d9f029db2da7,near_synonym,1,9753faa3-f3f0-4d40-a678-f66aa9f0047e,found,found,vt. 建立
ae62023b-1f3c-4b06-94fc-d9f029db2da7,derivative,1,1d51a5c3-fab4-4aca-a71e-386f9b8428cc,establishment,establishment,n. 确立
d5978bee-6237-4bd3-9c7e-752905c17c7a,near_synonym,1,04b5e74b-fb42-49b1-b3a0-248dd08dca08,tag,tag,n. 标签
698a7b81-e321-4535-9c8d-1081921f6345,near_synonym,1,422f8688-5335-45ec-973d-8b27a2aaae64,precedence,precedence,n. 优先（权）
698a7b81-e321-4535-9c8d-1081921f6345,derivative,1,7f22029e-704d-47d3-9fa8-574cbba26894,prioritize,prioritize,v. 优先处理
0f0f31f0-4c45-43fb-abe7-16e1f0284d73,near_synonym,1,e0deac1b-c61d-4f07-9749-640e831644c9,flinch,flinch,vi. 退缩
1fb865ca-401f-4baf-8c63-1ba842adf679,near_synonym,1,99aa4a26-c2af-4d19-a2bf-31e5308b2dd0,crucial,crucial,a. 至关重要的
1fb865ca-401f-4baf-8c63-1ba842adf679,derivative,1,8ce0e083-8f8b-4700-ab5e-7f2ad6ff90dc,vitality,vitality,n. 活力；生命力
8f536cc2-d638-4e9a-9c7a-416b920d6343,near_synonym,1,30c1758e-3529-4900-819e-7d04f25e6a18,adjust,adjust,v. 适应
8f536cc2-d638-4e9a-9c7a-416b920d6343,derivative,1,c635c481-5624-4c8e-b089-61a280ee142c,adaptive,adaptive,a. 适应的
780c935d-fffb-4b50-82cd-1e766b8aad85,near_synonym,1,dbb2384e-095c-42df-84d1-e08cccc96fbe,connection,connection,n. 联系
780c935d-fffb-4b50-82cd-1e766b8aad85,derivative,1,2fc82019-f10d-4057-96d9-73c714c533f7,relationship,relationship,n. 关系
2fc82019-f10d-4057-96d9-73c714c533f7,near_synonym,1,0b975e70-b86e-43ee-84b1-1cbbbeb24622,link,link,n. 关系
1c43f716-e61a-4d51-a30e-3b2e6776a9a0,near_synonym,1,2a3e5e2e-5676-4491-9256-0b92c87dba85,recount,recount,vt. 叙述
1c43f716-e61a-4d51-a30e-3b2e6776a9a0,derivative,1,bbf02b8b-5c57-4543-9bac-ab71eae3d3ab,relative,relative,a. 相对的
bbf02b8b-5c57-4543-9bac-ab71eae3d3ab,near_synonym,1,0829987b-6584-4569-8526-b44811cae8bc,comparative,comparative,a. 相对的
bbf02b8b-5c57-4543-9bac-ab71eae3d3ab,derivative,1,0d410016-e6c8-47f0-8162-0306970baa2b,relativity,relativity,n. 相对论
c468e6c6-3c6f-46bf-a259-854199a07601,near_synonym,1,1f3d54b9-ba1d-4b50-98ce-30c0588963f5,inhabitant,inhabitant,n. 居民
c468e6c6-3c6f-46bf-a259-854199a07601,derivative,1,031b45b8-e9a7-4685-ab11-b15800793ad6,residential,residential,a. 住宅的
aca26edc-6503-4515-ab2b-efa9f707c0aa,near_synonym,1,067aeb5e-2032-4fea-b05b-a25ddb8e0262,selective,selective,a. 有选择的
aca26edc-6503-4515-ab2b-efa9f707c0aa,derivative,1,59a0a4bb-2cdb-495c-8ec9-72606b8779a6,alternatively,alternatively,ad. 要不，或者
98b3bce3-b09e-4ec7-be45-b9d791f6bfaa,near_synonym,1,246aa184-ff5c-4e58-ab93-ca7ab98bf9b6,competent,competent,a. 能干的
d6797e95-71a8-4431-abe9-4b06de8fb9b4,near_synonym,1,b5f377f1-763b-4969-b5d2-e033b4fd269a,transit,transit,n. 运输
d6797e95-71a8-4431-abe9-4b06de8fb9b4,derivative,1,c5d9f612-369f-49a3-86db-048a15a055ae,transportation,transportation,n. 运输
9e9e4729-b04c-404e-adc0-3efa83af80ba,derivative,1,7083dab8-0219-4491-8d26-cb7c857d5618,requirement,requirement,n. 要求
7083dab8-0219-4491-8d26-cb7c857d5618,near_synonym,1,443c4f81-060e-4551-aaac-16368efcbc88,demand,demand,n. 要求
3832d631-fd51-49ff-91eb-d35adcb37015,near_synonym,1,cd334e9b-edab-4ea3-b6f1-7fc3728ee908,conceive,conceive,v. 想象
3832d631-fd51-49ff-91eb-d35adcb37015,derivative,1,a4a44ced-c01b-4196-975a-629913c4be76,imaginary,imaginary,a. 想象中的；虚构的
ba597fa2-2c91-4735-9aa1-9831c5560854,near_synonym,1,c8875e97-c2e3-4c73-8710-4a8bf89e7b32,conscious,conscious,a. 意识到的
ba597fa2-2c91-4735-9aa1-9831c5560854,derivative,1,1207f857-78fc-4c57-b3f0-79fe9a461fe7,awareness,awareness,n. 意识；知道
83f7945b-8370-43fc-894a-e663ef32197d,derivative,1,8b8de7ad-275e-479a-adde-954ee1eda69b,fascination,fascination,n. 魅力；着迷
83f7945b-8370-43fc-894a-e663ef32197d,derivative,2,6f5992fe-6631-4b92-8123-6e5a840cd335,fascinating,fascinating,a. 迷人的
8cd8114c-7309-4950-b28f-aa31e1c1dc83,near_synonym,1,238fbfda-cfef-4d3c-a973-478ee5eedffb,baby,baby,n. 婴儿
5eba67eb-2548-489c-bc71-3c23a3d3add1,near_synonym,1,27fd3e5a-8e28-407a-b3e9-61286ecaffa5,periodic,periodic,a. 定期的
5eba67eb-2548-489c-bc71-3c23a3d3add1,derivative,1,37fcd9ba-2632-4fec-823f-80c348044679,regularity,regularity,n. 规律性；经常性
e1651922-bc4e-427e-b1f5-2f19103fa44a,near_synonym,1,735709c5-91cd-495e-bf32-2e8abf597c22,statute,statute,n. 法规
e1651922-bc4e-427e-b1f5-2f19103fa44a,derivative,1,37fcd9ba-2632-4fec-823f-80c348044679,regularity,regularity,n. 规律性
671b4241-bcfa-4f4f-ad47-6c21fe4ffac3,derivative,1,dadd77aa-5486-4e0f-b399-4b7199925343,exchangeable,exchangeable,a. 可交换的
d9f782f5-001a-4ab8-91e7-54393f163168,near_synonym,1,045091fa-88f9-450f-9b3a-80692f4b2392,evaluate,evaluate,vt. 评估
d9f782f5-001a-4ab8-91e7-54393f163168,derivative,1,b5ff0a9c-2fc0-449d-85d7-ff63b50a8955,assessment,assessment,n. 评估
46977c12-6e88-44d1-ba8d-7698dc22ef03,near_synonym,1,c2abfa31-193a-4d8b-8ffa-6eda9c21936c,obtain,obtain,v. 获得
46977c12-6e88-44d1-ba8d-7698dc22ef03,derivative,1,03ee27cc-1064-48e0-be81-4694fbf464f1,acquisition,acquisition,n. 获得
4b115dfc-03d5-4647-8817-3ec5e8bb9950,near_synonym,1,5ddbe4d2-1ac9-4f73-82c8-4849349fc0ad,alter,alter,v.（使）改变
4b115dfc-03d5-4647-8817-3ec5e8bb9950,derivative,1,ec9e8d7c-6ab2-4423-b914-181701696c70,transformation,transformation,n. 变化
1f9c1962-ba8e-4a02-aa9c-2a387e971eff,near_synonym,1,5a399942-a870-4740-a32d-1f3f985ebb29,stage,stage,n. 阶段
1f9c1962-ba8e-4a02-aa9c-2a387e971eff,near_synonym,2,aa0c1d31-288e-423b-b211-d05f0dc08684,epoch,epoch,n. 时期
4ceeaab0-2be3-41f3-89b2-d9dad58622f3,near_synonym,1,ad42ddc4-9aa2-48c1-b828-6fe265a01b6b,stress,stress,vt. 强调
4ceeaab0-2be3-41f3-89b2-d9dad58622f3,near_synonym,2,e179fb9e-9509-4855-9781-2c9e215d8604,highlight,highlight,vt. 强调
62728e79-e6f6-47c9-931e-122821db78fa,near_synonym,1,ad42ddc4-9aa2-48c1-b828-6fe265a01b6b,stress,stress,n. 强调
62728e79-e6f6-47c9-931e-122821db78fa,derivative,1,4ceeaab0-2be3-41f3-89b2-d9dad58622f3,emphasize,emphasize,vt. 强调
d983ccf1-b77c-4266-b2db-4f957ae7b323,near_synonym,1,3a2b7741-bd52-4264-9dda-adc119fae7bc,assignment,assignment,n. 任务
d983ccf1-b77c-4266-b2db-4f957ae7b323,derivative,1,5a19a074-009a-4433-b3e1-1e566efbc23f,commission,commission,n. 委员会
ec4eb4b0-4baf-458b-90f5-7a322476129b,antonym,1,ca48d0fc-3119-485a-94fc-5ce4b27609a7,abnormal,abnormal,a. 异常的
ec4eb4b0-4baf-458b-90f5-7a322476129b,derivative,1,afc23002-7eed-4bf6-b0b8-f3512f6569e2,normally,normally,ad. 正常地；通常
0cb98fce-79d9-423b-a0ca-1563eeae8563,near_synonym,1,1b17b238-02d8-4899-a80d-15982163067d,standard,standard,n. 标准
0cb98fce-79d9-423b-a0ca-1563eeae8563,derivative,1,ec4eb4b0-4baf-458b-90f5-7a322476129b,normal,normal,a. 正常的
78364e25-3eaf-4978-bbcc-ec12eb570772,near_synonym,1,2eb080a9-bc73-46b5-9cbf-5eeb238bd387,recognize,recognize,vt. 承认
78364e25-3eaf-4978-bbcc-ec12eb570772,derivative,1,8e01ef3c-cbe8-4330-bae1-7d4c9470e460,acknowledgement,acknowledgement,n. 承认
c2abfa31-193a-4d8b-8ffa-6eda9c21936c,near_synonym,1,46977c12-6e88-44d1-ba8d-7698dc22ef03,acquire,acquire,v. 获得
c2abfa31-193a-4d8b-8ffa-6eda9c21936c,derivative,1,db5b69fa-f0a8-4829-9515-d1c1d36ae631,obtainable,obtainable,a. 可获得的
558b68e1-0694-4ad3-aa5c-bd2075b9d665,near_synonym,1,2d66b879-06b9-48d9-b1ac-02f631c57343,meeting,meeting,n. 会议
558b68e1-0694-4ad3-aa5c-bd2075b9d665,near_synonym,2,fa795edc-c8f2-44b6-84a8-4f18d832651a,seminar,seminar,n. 研讨会
66dd956c-3737-49b7-a4ed-54e50a44bcdb,near_synonym,1,00e9c4e6-24ac-44b5-91af-3a852913fb50,superior,superior,a. 更好的
66dd956c-3737-49b7-a4ed-54e50a44bcdb,derivative,1,12871f73-f477-46e9-82c2-787f796e63e5,preference,preference,n. 偏爱
12871f73-f477-46e9-82c2-787f796e63e5,near_synonym,1,158166ff-7d2d-4444-b1dd-202b90ccadac,favour,favour,n. 偏爱
12871f73-f477-46e9-82c2-787f796e63e5,derivative,1,9cccbf7c-3fca-4a25-abcf-c3df4a9dc849,preferential,preferential,adj. 优先的；优待的
2c4c7d33-affe-4459-8f71-ba3315c0ec69,near_synonym,1,ec1860f0-21bd-427c-b462-70aca1675938,multiple,multiple,a. 数量多的
c6b8f710-0b0c-4c42-971e-d831845e2634,near_synonym,1,05195b4d-9c01-47c9-b535-02a6fe2b37f4,convention,convention,n. 常规，惯例
c6b8f710-0b0c-4c42-971e-d831845e2634,near_synonym,2,fb964479-00de-4a9e-a21a-b6c780e24503,daily,daily,a. 日常的
771d7080-bacf-4ed2-a102-c7071c2726ae,near_synonym,1,cfa7bd4c-4632-473f-bf5e-71b66cbe1561,unite,unite,v. 联合
771d7080-bacf-4ed2-a102-c7071c2726ae,derivative,1,e3d25d1e-d7d3-4e85-a140-bcc18503d6cd,combination,combination,n. 联合
391cf247-cd60-4360-9699-c48f93b9fae0,near_synonym,1,585cc618-5462-46b3-ad7e-3cafd544f38c,handle,handle,vt. 处理
1691bca8-f82c-4565-bf22-4c5d950e456d,near_synonym,1,3a0471ae-c47b-4a2b-92c5-20b66df31e93,institute,institute,n. 协会
1691bca8-f82c-4565-bf22-4c5d950e456d,near_synonym,2,98c7846e-15a5-4f13-af0f-2b1ad25ac804,union,union,n. 协会
f387947d-55af-4a6c-8919-9cdd0348c47d,derivative,1,5901ce82-9982-4fe5-814c-8df8141c19ae,collaboration,collaboration,n. 合作，协作
f387947d-55af-4a6c-8919-9cdd0348c47d,derivative,2,a4d7af6e-070c-4d4b-be10-2182b11188d2,collaborative,collaborative,adj. 合作的，协作的
0af007ef-0560-45f4-9fb0-d51912c7bbbf,near_synonym,1,5261fe5d-fc83-4e98-8cc2-72281f89ebf0,expect,expect,vt. 预料；预计
0af007ef-0560-45f4-9fb0-d51912c7bbbf,derivative,1,6d3ab4d5-44ce-4771-81f3-f9ca3b6f1423,anticipation,anticipation,n. 预料；预计
d9ac0762-1173-49bd-8c20-03e79c322798,near_synonym,1,791c2526-2417-4d94-ba54-e1effecc1e59,constituent,constituent,n. 成分
d9ac0762-1173-49bd-8c20-03e79c322798,near_synonym,2,b91133e3-1062-4d0e-817c-eb19c19cc7f9,element,element,n. 组成部分；成分
2bbdc457-fd84-4f36-9280-21793eace5b7,near_synonym,1,6f827cdb-ef92-4e16-bd34-141191f48e60,allocate,allocate,vt. 分配
2bbdc457-fd84-4f36-9280-21793eace5b7,derivative,1,3a2b7741-bd52-4264-9dda-adc119fae7bc,assignment,assignment,n. 任务
3a2b7741-bd52-4264-9dda-adc119fae7bc,near_synonym,1,72fba08d-34a6-4d5d-8a0c-1a5369696256,task,task,n. 任务
3a2b7741-bd52-4264-9dda-adc119fae7bc,near_synonym,2,0e650785-747d-4e60-93d2-3e20b5c2ae33,allocation,allocation,n. 分配
da56a481-7a5f-424e-8276-4f444a9b3e19,near_synonym,1,fba47880-df92-4c83-be9f-98e7278ebf03,training,training,n. 训练
da56a481-7a5f-424e-8276-4f444a9b3e19,derivative,1,8be809ee-1b01-4b1e-94e8-5636dfd035c6,disciplinary,disciplinary,a. 有关纪律的
140b2d2c-cf43-4bf1-99ad-33665831d89b,antonym,1,e4bd0111-940c-4b99-a474-8912d89e3ffb,exclude,exclude,vt. 排除（……的可能性）
140b2d2c-cf43-4bf1-99ad-33665831d89b,antonym,2,8fafca74-fb35-4621-a60d-b588917c0f46,include,include,v. 包含
ee979132-30b4-4a1d-aec8-b3ce2d5fcff5,near_synonym,1,5d25fe2d-cf02-4c3e-9c63-529388e3d27d,justice,justice,n. 法官
ee979132-30b4-4a1d-aec8-b3ce2d5fcff5,derivative,1,a57ffa71-479f-42e4-9814-066d46d62aca,judgement,judgement,n. 判断力
5d25fe2d-cf02-4c3e-9c63-529388e3d27d,antonym,1,96e21892-c4b0-4981-bd4c-6497bef36aaf,injustice,injustice,n. 不公正
bac2b77e-1302-48e8-92c4-6f83ebe1e568,near_synonym,1,04be1e86-bab7-4ea9-ac92-825c587c532a,defend,defend,vt. 为……辩解（或辩护）
bac2b77e-1302-48e8-92c4-6f83ebe1e568,derivative,1,1a31f49b-e517-4385-8616-ce2bd51d2844,justification,justification,n. 正当理由
9f60e575-0b80-4e9c-ba66-25e4bd2e2075,near_synonym,1,17641857-f7cc-4c35-b32b-a258d596e0a8,thorough,thorough,a. 彻底的
7f747f9e-b4ed-4995-8ebb-dd9a32afb36f,near_synonym,1,f2e9b616-bcb0-427d-a3f7-2620e47cd0ed,source,source,n. 起源
7f747f9e-b4ed-4995-8ebb-dd9a32afb36f,derivative,1,9c362c65-5a6f-4d39-aef4-0d4360e42f99,original,original,a. 起初的；原来的
9c362c65-5a6f-4d39-aef4-0d4360e42f99,near_synonym,1,7c09d6b3-8172-457c-86f7-15ea8e68fee1,initial,initial,a. 最初的
9c362c65-5a6f-4d39-aef4-0d4360e42f99,derivative,1,37c5dffe-05a2-4edd-a5b7-7e33cd61b03b,originally,originally,ad. 起初；原来
2c71f5e4-4cf9-4874-bde6-62649883c7e3,antonym,1,91e62da3-9ff3-4840-ae89-c5b0dcb8c199,objective,objective,a. 客观的
2c71f5e4-4cf9-4874-bde6-62649883c7e3,derivative,1,e243f1a0-c844-4c2e-b852-38b44424e0ca,subjectively,subjectively,adv. 主观地
d00e0e1d-8931-45f8-a494-994c332ac527,derivative,1,11e29b4b-f92b-44a5-adc0-e1bbc36ccb39,transmission,transmission,n. 传送
338f4c58-2a30-417a-b30e-0bd2295e1abf,derivative,1,5ff110be-679d-4d51-b6b3-38cda4fc53f1,accidental,accidental,a. 意外的
6d2b4ccb-1277-4a39-9563-1d57b42b0541,near_synonym,1,d46bc329-5217-4538-b801-2fa3b325f2e6,quality,quality,n. 特点；品质
6d2b4ccb-1277-4a39-9563-1d57b42b0541,near_synonym,2,87a25acf-12d6-4715-9ad9-e4630a1f1edb,typical,typical,a. 特有的
37350da0-3612-4b2e-9897-5590785837ee,near_synonym,1,45fa8a8f-5fd3-4a00-88c7-90212e0d07b7,desperation,desperation,n. 绝望
b8fa200f-0cc0-4e87-85f2-0ec39a11076e,near_synonym,1,49ffb530-d891-4b25-957e-eccc2c19b0df,conflicting,conflicting,a. 冲突的
b8fa200f-0cc0-4e87-85f2-0ec39a11076e,near_synonym,2,dcdcadbe-fa7e-4294-914b-4653cf4adea9,collision,collision,n. 冲突
688831db-5cec-451e-9797-c687c02ded92,near_synonym,1,6c5b7e54-6bcf-46c4-85dc-22b87ea0b088,internal,internal,a. 国内的
688831db-5cec-451e-9797-c687c02ded92,derivative,1,d5614ef7-c2ea-4053-b351-e10c06b805c8,domesticate,domesticate,vt. 驯养
34799d1d-9dee-433b-bf12-781f87fde136,near_synonym,1,13d51750-674a-40b1-bd57-06b2a334314e,present,present,vt. 提交
34799d1d-9dee-433b-bf12-781f87fde136,derivative,1,42110a45-3489-426a-9e01-f0a999a0bbf7,submission,submission,n. 提交；屈服
8b3d45dd-cd7d-4e1e-ae45-9fff37267d9f,near_synonym,1,dd5e022a-6fc0-45e5-9056-8dd69851e211,chase,chase,v. 追求
8b3d45dd-cd7d-4e1e-ae45-9fff37267d9f,derivative,1,1889d94f-1324-43cb-99b2-ca52fb46a3e7,pursuit,pursuit,n. 追求
6a2e8bcc-f9d8-42e0-b20e-b4b15a3592c1,near_synonym,1,b91133e3-1062-4d0e-817c-eb19c19cc7f9,element,element,n. 成分；要素
e50c0ac8-e75f-4434-85b9-703d89759541,near_synonym,1,7dd85047-0351-4ae5-84f5-48831c17e520,assurance,assurance,n. 保证；担保
100b3cdf-7767-4415-b459-9869e3a426a2,near_synonym,1,4e4a56ae-8b76-4c89-9a7f-c6837a5bd0dd,boom,boom,n. 繁荣
100b3cdf-7767-4415-b459-9869e3a426a2,antonym,1,02d538e6-d83b-4d2d-abc9-c47b82f8f741,decline,decline,n. 衰落
d5610494-94f3-4ab2-9d77-c2b3c3293a9b,near_synonym,1,73791828-1dde-438b-b127-0eac9bcd0099,flourishing,flourishing,a. 繁荣的；兴旺的
d5610494-94f3-4ab2-9d77-c2b3c3293a9b,near_synonym,2,59a2e573-2e07-4d71-a277-5992f5791ddb,wealth,wealth,n. 富裕的
a19db34f-8590-4904-8767-ac640a8c217c,near_synonym,1,e06f3f57-bcdc-460c-9703-b2af5d0a2c93,pledge,pledge,vt. 许诺
a19db34f-8590-4904-8767-ac640a8c217c,derivative,1,709d2c40-fbe8-4c6e-a2f0-38f9e683bca1,commitment,commitment,n. 承诺
8518478a-0068-46fa-8a94-c9e52664b0e5,near_synonym,1,5a19a074-009a-4433-b3e1-1e566efbc23f,commission,commission,n. 委员会
8518478a-0068-46fa-8a94-c9e52664b0e5,near_synonym,2,e0c1b0cb-e30f-48c8-8671-7c4c31748601,council,council,n. 委员会
38644c88-1825-4205-b3d5-791917cd0b1e,near_synonym,1,1f5e7611-cbd1-4bea-82a4-0c1d50e61a05,knowledge,knowledge,n. 知识
38644c88-1825-4205-b3d5-791917cd0b1e,near_synonym,2,fd7cd505-481a-4243-8f24-1fe7b6046637,technique,technique,n. 技能
f3cde8bd-c24b-4ef1-b811-77bcec331660,derivative,1,64612f4d-beb3-4164-a36c-7f079405ed6d,immigration,immigration,n. 移居（入境）
54a34a23-f212-4873-a02b-22407ce57c7c,near_synonym,1,ef625331-a691-448f-b71a-a3e184b45e9e,conception,conception,n. 概念；观念
54a34a23-f212-4873-a02b-22407ce57c7c,derivative,1,8c305b15-feda-47e8-82b5-77924ab4956a,notional,notional,a. 理论上的
1acd9334-d4dc-49e6-8be1-e9cbc1b23a22,near_synonym,1,6536d59b-ee2e-49e8-8b44-0f3b5e4ca6db,confront,confront,vt. 对抗
1acd9334-d4dc-49e6-8be1-e9cbc1b23a22,derivative,1,922257db-6fd5-4a2c-9428-d2fa28a15a70,opposite,opposite,a. 相反的
c5968009-9b03-458c-9c31-a585aa065185,near_synonym,1,94246327-4d7f-4d1e-8d44-231a454fd778,fruitful,fruitful,a. 富有成效的
c5968009-9b03-458c-9c31-a585aa065185,derivative,1,21876003-ef15-4d34-a97e-e29a128e6db5,productivity,productivity,n. 生产力；生产率
5586c443-a770-4458-88a4-2d44159b7b65,derivative,1,6996aac2-b9af-46f1-956d-b8e493acaa00,nutritional,nutritional,a. 营养的
5586c443-a770-4458-88a4-2d44159b7b65,derivative,2,e5e4e4e9-abbb-4494-8cc8-8c4e7193dd26,nutritionally,nutritionally,ad. 营养地
1571947a-5b15-4f2f-afec-24b57cd2d520,near_synonym,1,3772b3ef-7081-4a03-99a6-05b980849f3c,yearly,yearly,a. 每年的
1571947a-5b15-4f2f-afec-24b57cd2d520,derivative,1,87074f96-893a-48c3-b4de-f63981a69ebf,annually,annually,ad. 一年一次地
8efe1f8e-ce5e-4fc0-bcf3-126d00dbd042,derivative,1,8b60bec6-1106-49e0-8def-121c9b910a4a,cyclist,cyclist,n. 骑自行车者
96a9cac4-49ca-4ee9-ac0d-b31123862966,derivative,1,a83ae2b1-cc69-4597-971f-3cb78ca829c9,recyclable,recyclable,a. 可回收利用的
00e9c4e6-24ac-44b5-91af-3a852913fb50,antonym,1,83ed320a-ee7f-4380-b102-c83a99059222,inferior,inferior,a. 差的；下级的
00e9c4e6-24ac-44b5-91af-3a852913fb50,derivative,1,ebca9545-53d3-44d6-a093-166b52519f5a,superiority,superiority,n. 优势
ebca9545-53d3-44d6-a093-166b52519f5a,near_synonym,1,b73da79b-8309-44e7-9f67-92beac400c22,advantage,advantage,n. 优势
ebca9545-53d3-44d6-a093-166b52519f5a,antonym,1,38588b63-0de3-46e3-9db4-d5a465c598b1,inferiority,inferiority,n. 劣势
95a50d0f-1795-4310-b6cf-6b78952f234f,near_synonym,1,db1ffd14-5244-4145-9328-763b789ad78a,disease,disease,n. 疾病
8b514cb7-728d-4139-a93b-911959b23ff4,antonym,1,239b5b73-f50b-4cc5-bf9f-d384dbabb1ab,minimum,minimum,n. 最小值 a. 最低的
8b514cb7-728d-4139-a93b-911959b23ff4,derivative,1,ebc52292-aeb3-4f68-b4f8-963cff777429,maximize,maximize,vt. 使最大化
239b5b73-f50b-4cc5-bf9f-d384dbabb1ab,antonym,1,8b514cb7-728d-4139-a93b-911959b23ff4,maximum,maximum,adj. 最高的；最大的
239b5b73-f50b-4cc5-bf9f-d384dbabb1ab,derivative,1,46a946c5-e114-4b16-9390-957ddf4253ad,minimal,minimal,adj. 最小的
bd761717-1511-4010-b46b-2b9ddee00ce7,near_synonym,1,6a6789e9-b893-4f74-be59-54f2005e907d,decrease,decrease,v.（使）减少
bd761717-1511-4010-b46b-2b9ddee00ce7,antonym,1,f2aa422a-d767-414b-bec3-86e45fc49c6c,increase,increase,v.（使）增加
5cc64fbc-f485-4953-b145-e8cd5bca318c,antonym,1,8e65b727-033c-45d7-a1ce-91ddd98df1a4,native,native,a. 本地的
c402f29f-7990-4778-9866-4104d3edcb16,derivative,1,1956c9ce-d215-4a3f-b223-7baa7612c4c8,fatigued,fatigued,a. 精疲力竭的
62f6f720-819f-4dbf-ad4d-baa490cb4fa4,near_synonym,1,9be4fda7-64f9-4357-a1be-daef9029f3ed,motivation,motivation,n. 动力
c41ab386-d637-4bf2-bae2-75cebf0bd2a8,near_synonym,1,e82de23b-7ee6-47f2-8db6-bb367ebe1155,grade,grade,n. 等级
c41ab386-d637-4bf2-bae2-75cebf0bd2a8,derivative,1,8ddeac36-a913-4717-992a-2f16e264d8ff,ranking,ranking,a. 地位高的
829c2cb7-a09a-42af-8e2a-31dfd5b362a2,antonym,1,bc606fd6-caee-4585-8d1f-9702ad916725,acute,acute,a. 急性的
829c2cb7-a09a-42af-8e2a-31dfd5b362a2,derivative,1,84e2d434-ffdd-4c93-9c95-5351549631b2,chronically,chronically,ad. 慢性地
58a48290-3888-455c-8c0a-271d90690e26,near_synonym,1,e0adeb9a-81be-4e49-af80-a96ac3ed6f11,overwhelming,overwhelming,a. 势不可挡的
58a48290-3888-455c-8c0a-271d90690e26,near_synonym,2,f80e3267-4c21-42bb-b975-23291fc7757d,overcome,overcome,vt. 击败
cf1886dd-3020-488c-a224-138be6897681,near_synonym,1,bc39234a-f982-4a40-be9a-56b20263b654,confer,confer,v. 商议
cf1886dd-3020-488c-a224-138be6897681,derivative,1,8f4452f8-3387-4c25-bf57-04734749dffa,consultant,consultant,n. 顾问
8f4452f8-3387-4c25-bf57-04734749dffa,near_synonym,1,b76f93e7-6e77-441e-9a28-0a02faea584f,adviser,adviser,n. 顾问
8f4452f8-3387-4c25-bf57-04734749dffa,derivative,1,2a5c9a46-08de-4926-be63-f2045a2a6324,consultation,consultation,n. 咨询
59f0e00a-94d9-4394-925a-4f6c11592274,near_synonym,1,ff22a240-067c-4c4e-9eb4-8bb9e24d6ab0,flame,flame,n. 激情
59f0e00a-94d9-4394-925a-4f6c11592274,derivative,1,0e80b679-f7b7-4ace-815d-a4d45dde5a5d,passionate,passionate,a. 狂热的
6287e2f3-7f54-4a4b-ba16-391d8308ea82,derivative,1,eed4458f-4d47-4336-ac00-6ccc98ff36ba,assistant,assistant,n. 助手，助理
6287e2f3-7f54-4a4b-ba16-391d8308ea82,derivative,2,0fc2c2b2-9d24-49df-a845-c57486ef116e,assistance,assistance,n. 帮助；援助
16e35e09-d4c0-4371-8494-275aa35ac078,near_synonym,1,30d37550-8f38-4ed2-adf3-c51b372a9bae,grasp,grasp,n. 理解（力）
16e35e09-d4c0-4371-8494-275aa35ac078,derivative,1,99ce1076-76bd-4596-8e37-47624735c15b,comprehensive,comprehensive,a. 综合性的
99ce1076-76bd-4596-8e37-47624735c15b,derivative,1,db07ed1c-ca09-4d14-b8be-14e772425c93,comprehensively,comprehensively,adv. 彻底地
11a2f3de-4bd9-4a55-9ba9-091d914d94b8,antonym,1,b3f5b35c-d83b-44a5-b579-edf8b4f137dd,improper,improper,a. 不适当的；不正确的
11a2f3de-4bd9-4a55-9ba9-091d914d94b8,derivative,1,a79ccd16-045a-4b12-9b50-59cad99c6469,properly,properly,ad. 适当地；正确地
952992f3-206e-4312-a02d-ec7945631738,near_synonym,1,b1aae129-8efd-4a05-a97d-6464c46919b4,possession,possession,n. 财产；所有物
952992f3-206e-4312-a02d-ec7945631738,near_synonym,2,1ffdb131-073e-40b2-8264-6f5cc851681b,belongings,belongings,n. 所有物
b9c91503-1075-4fb0-8b58-e6f9b2a2da0a,near_synonym,1,71101dc6-e27b-44d8-afa5-8627bfaf0140,opposed,opposed,a. 相反的，对立的
2fbbde49-698d-44c2-8457-dadc86d3050d,near_synonym,1,2c8681c3-68b9-423f-8b16-7299a8850664,contrast,contrast,n. 差别
2fbbde49-698d-44c2-8457-dadc86d3050d,derivative,1,55da594e-f160-48ad-9cb3-bddacc080ca8,distinctive,distinctive,a. 独特的
8d2cce12-10d6-45ae-b07a-ec29cec78a4a,near_synonym,1,dbfbd421-f573-4b01-a08d-cab2ff220b75,differentiate,differentiate,v. 区分，辨别
8d2cce12-10d6-45ae-b07a-ec29cec78a4a,derivative,1,19fd79f0-171a-461d-bbd7-60401909935f,distinguishable,distinguishable,adj. 可区分的
98b0089e-6cd4-425a-a13c-6953d3313fad,near_synonym,1,30d59e83-d1e4-4884-8319-b1866c2ca661,hint,hint,v. 暗示
98b0089e-6cd4-425a-a13c-6953d3313fad,derivative,1,102feae0-17aa-4f19-99a9-87a79a6ec66e,implicit,implicit,a. 含蓄的
03b6e7a3-829f-478c-a2f5-4907c9e24613,near_synonym,1,30d59e83-d1e4-4884-8319-b1866c2ca661,hint,hint,n. 暗示
13c3d6b2-bc9c-4e9e-a5de-fa2949464945,near_synonym,1,938d1c9d-aaa0-428d-ae45-6a5bec7dc8d9,verdict,verdict,n. 结论
13c3d6b2-bc9c-4e9e-a5de-fa2949464945,derivative,1,2f80d2cd-9a5f-4fd2-9159-506fd5d3e565,conclusive,conclusive,a. 结论性的
bd30f524-d9b3-41cf-afd1-ba6b714c1960,near_synonym,1,3e5224b0-deb6-4652-9303-f1a93552eae0,terminate,terminate,v. (使)结束
bd30f524-d9b3-41cf-afd1-ba6b714c1960,derivative,1,13c3d6b2-bc9c-4e9e-a5de-fa2949464945,conclusion,conclusion,n. 结论
50877a8f-6884-4aed-bd08-4ae78ef57222,near_synonym,1,f511b2e0-e72d-4b5e-b9e3-202ed9d46351,mental,mental,a. 智力的
50877a8f-6884-4aed-bd08-4ae78ef57222,derivative,1,c9369459-792b-4d02-b3d5-5038f9087914,intellectually,intellectually,ad. 智力上
ca326208-5d00-42b7-8354-255b29e46a46,near_synonym,1,c4ee3477-cfee-4d14-adb0-2cd48c86e0c7,pattern,pattern,n. 模式
ca326208-5d00-42b7-8354-255b29e46a46,near_synonym,2,e9e6e311-1563-440b-86b2-1afa13da3e7a,example,example,n. 模范
00312465-cf91-46fc-a302-4d977dc567b6,near_synonym,1,30c1758e-3529-4900-819e-7d04f25e6a18,adjust,adjust,vt. 调整
00312465-cf91-46fc-a302-4d977dc567b6,derivative,1,ad550243-1818-4afa-8a7d-921d4429ec6c,modification,modification,n. 修改
1e4ebd9a-6fd7-498c-9ed5-03b074ec1542,near_synonym,1,ee717118-b277-4a26-b8ce-b01f420ac1d5,margin,margin,n. 利润
1e4ebd9a-6fd7-498c-9ed5-03b074ec1542,derivative,1,25a52cbf-0a7c-45a4-849f-2875cb16f017,profitable,profitable,a. 有利可图的
25a52cbf-0a7c-45a4-849f-2875cb16f017,derivative,1,2d6f0417-1cfb-4dec-a114-4ec29bd69660,profitably,profitably,ad. 有利地
66df985d-7cd9-4ea2-9157-7d5adbc68548,near_synonym,1,e154fada-ea2e-4eb5-8a33-3b55576f991b,improve,improve,v. 改进
66df985d-7cd9-4ea2-9157-7d5adbc68548,derivative,1,413c91f8-3dc5-4239-8f5f-9c7c7e3d3bfc,reformation,reformation,n. 改革
dd8cfba4-7a8b-4fb0-8833-b900e37c770b,near_synonym,1,c4033193-752c-48d9-88ed-3c9e34d8325e,achieve,achieve,vt. 完成，实现
dd8cfba4-7a8b-4fb0-8833-b900e37c770b,derivative,1,3b68d00a-25cc-4e19-873e-367a70506783,accomplishment,accomplishment,n. 完成
92203f09-3981-4b0f-a6c6-f0f7179c4c09,near_synonym,1,cebb212d-6670-4a0d-bd8d-fb906fe95542,depress,depress,vt. 使沮丧
92203f09-3981-4b0f-a6c6-f0f7179c4c09,antonym,1,b04b2bfd-c811-4daf-975f-2558361f4aac,encourage,encourage,vt. 鼓励
4808d0a1-2b90-4322-b2b8-c2380bfd27a3,near_synonym,1,b4108e98-c6bd-4f00-b352-7ab7d4068938,flourish,flourish,vi. 茁壮成长；繁荣
e83e81e0-6475-4342-880d-75124edfb32c,near_synonym,1,2976f589-0006-4029-aaf4-005d2af92859,chat,chat,n. 交谈
e83e81e0-6475-4342-880d-75124edfb32c,derivative,1,4ff2e26f-e46d-49be-a941-58364b020110,conversational,conversational,a. 谈话的
0147fe9e-829b-4d2f-8ef2-fdddeacc913f,near_synonym,1,ca520c00-74a7-4609-975d-996331f58b31,different,different,adj. 不同的
0147fe9e-829b-4d2f-8ef2-fdddeacc913f,derivative,1,ed353615-a7de-43fc-b35c-4357635e95c9,diversion,diversion,n. 转移；消遣
ec44e36c-e12b-4fa3-bd7a-d7bc3ea4e718,near_synonym,1,ccfc486c-b184-4e72-98ee-ea1c1be86a24,experience,experience,vt. 遭受，经受
ec44e36c-e12b-4fa3-bd7a-d7bc3ea4e718,derivative,1,cfdc40ca-3606-4d8d-ad21-9c4f2475ccd0,suffering,suffering,n. 痛苦
7e9080c4-dc6e-4fe8-a3b0-92ac8c36f141,near_synonym,1,06b7901b-8f99-4aa6-a83f-13861e87780a,adequate,adequate,a. 足够的
7e9080c4-dc6e-4fe8-a3b0-92ac8c36f141,derivative,1,3af6c562-adac-4c3e-9675-0f72c42ea240,sufficiency,sufficiency,n. 足量，充足
4b71b908-1709-49dd-8846-0d3cd804dccf,near_synonym,1,7bd101f6-2bfe-4fc9-a335-23dd73fb7429,abstract,abstract,vt. 提取
4b71b908-1709-49dd-8846-0d3cd804dccf,derivative,1,2c8ee0c2-2f32-4fb3-93bb-913e126e041c,extraction,extraction,n. 提取
e179fb9e-9509-4855-9781-2c9e215d8604,near_synonym,1,4ceeaab0-2be3-41f3-89b2-d9dad58622f3,emphasize,emphasize,vt. 强调
e179fb9e-9509-4855-9781-2c9e215d8604,near_synonym,2,ad42ddc4-9aa2-48c1-b828-6fe265a01b6b,stress,stress,vt. 强调
adda2809-952b-4f93-96a8-f671a978220f,near_synonym,1,49e72853-b308-4384-80a8-78571b445d2b,exhibit,exhibit,vt. 展出
adda2809-952b-4f93-96a8-f671a978220f,near_synonym,2,4778cd3f-bc4f-4132-9328-d25bf386abdf,perform,perform,vt. 表演
bc606fd6-caee-4585-8d1f-9702ad916725,near_synonym,1,03d111d3-e5a6-48c8-9972-97b2161eb082,serious,serious,a. 严重的
bc606fd6-caee-4585-8d1f-9702ad916725,antonym,1,829c2cb7-a09a-42af-8e2a-31dfd5b362a2,chronic,chronic,a. 慢性的
fdc183be-6717-42b5-926e-23bcad735620,near_synonym,1,4da928f7-8171-41cc-a53a-c4798add1fdc,exact,exact,a. 准确的
fdc183be-6717-42b5-926e-23bcad735620,antonym,1,cbb1e305-6913-4327-a6fc-fe231a5c856b,inaccurate,inaccurate,a. 不精确的
cd2099cf-eadf-4fc6-9be2-5cd563b42135,near_synonym,1,0e60721a-eaf1-4261-9556-81406cc2f664,precision,precision,n. 准确（性）
cd2099cf-eadf-4fc6-9be2-5cd563b42135,antonym,1,d499147a-ef2d-4f68-9434-699fd5e9e311,inaccuracy,inaccuracy,n. 不准确
10ee1f0c-ca58-4f38-9d65-03b0db023709,derivative,1,2337f75c-ff7e-481c-a8b9-af988b247aae,merely,merely,ad. 仅仅
bda403bf-037d-4169-be78-4a4ff0316531,near_synonym,1,242822ed-43ba-49b8-9486-a1103cb95bf0,tool,tool,n. 工具
bda403bf-037d-4169-be78-4a4ff0316531,derivative,1,77278168-d6a5-4d28-94dd-a14e369c8673,implementation,implementation,n. 实施
99aa4a26-c2af-4d19-a2bf-31e5308b2dd0,near_synonym,1,40a8091d-7343-4887-9c5c-fa37c0e5dc22,critical,critical,a. 关键的
11ffc809-27a2-4ee4-961f-069cb6962c6d,near_synonym,1,4f55739e-89d4-4483-bf09-caaf8217debe,absorb,absorb,vt. 使并入
11ffc809-27a2-4ee4-961f-069cb6962c6d,derivative,1,3112966a-7427-46de-850b-9258fa420bb6,incorporation,incorporation,n. 合并
4a7c870c-2130-4be9-a6d7-379a6011be5f,near_synonym,1,ad42ddc4-9aa2-48c1-b828-6fe265a01b6b,stress,stress,n. 紧张
4a7c870c-2130-4be9-a6d7-379a6011be5f,near_synonym,2,31f2f1b7-d787-47dc-b11a-377071ad1ad3,intensity,intensity,n. 紧张
5f21dc9b-da01-4e02-bd0e-34648c3ea32f,near_synonym,1,fc8bc6e3-ca2b-4c73-9991-b0e87f5ac70a,ease,ease,n. 悠闲
5f21dc9b-da01-4e02-bd0e-34648c3ea32f,derivative,1,b756b715-4946-4c1d-8e18-7a2eab619d1e,leisurely,leisurely,a. 悠闲的 ad. 悠闲地
262982b8-7feb-48e5-a0d4-d2d4ad9cb06a,derivative,1,7c45cfde-56a0-4bd9-8605-6ace885c5a66,agricultural,agricultural,a. 农业的
262982b8-7feb-48e5-a0d4-d2d4ad9cb06a,derivative,2,11e448fb-1006-4d06-808d-93cd421340bf,agriculturalist,agriculturalist,n. 农学家
1d96aed4-dfd4-48be-aedd-49b9b9782262,derivative,1,e2254816-c179-4825-a126-c09abb4b4c90,migratory,migratory,adj. 迁徙的
1d96aed4-dfd4-48be-aedd-49b9b9782262,derivative,2,57422480-96c1-40ba-95de-9678b5c1002a,migration,migration,n. 迁徙；移居
f1c5afb4-73ae-4ada-9d45-4306a9fca877,near_synonym,1,061485f1-feca-4474-9f12-e953ea110aed,obstruction,obstruction,n. 阻碍
f1c5afb4-73ae-4ada-9d45-4306a9fca877,near_synonym,2,a4531d6a-383c-46e6-983a-d1197ce9ce0c,hindrance,hindrance,n. 造成妨碍的人（或事物）
30c1758e-3529-4900-819e-7d04f25e6a18,near_synonym,1,d5d524f4-df4f-4ced-838d-14d0d87bc2a0,regulate,regulate,vt. 调节
30c1758e-3529-4900-819e-7d04f25e6a18,derivative,1,d1e8a6f6-488f-45e8-bb3f-6737ead73603,adjustable,adjustable,a. 可调节的
ae0a110b-6ffe-426d-a92c-ea8f41ae6322,derivative,1,4ff85862-d1a1-4372-8400-ce9d81b51186,sensitive,sensitive,a. 敏感的
ae0a110b-6ffe-426d-a92c-ea8f41ae6322,derivative,2,27743817-c7c4-4953-ab7b-cdf829df45ba,sensation,sensation,n. 感觉
4ff85862-d1a1-4372-8400-ce9d81b51186,antonym,1,ab47ae37-f51c-401c-9b99-071c8d902571,insensitive,insensitive,a. 不敏感的
4ff85862-d1a1-4372-8400-ce9d81b51186,derivative,1,78dc601d-11b2-4450-a424-bc72da0298dd,sensitivity,sensitivity,n. 敏感；体贴
4c8396a7-fb02-4a1a-a3f2-0177346bbf15,near_synonym,1,f782cf2e-9c9c-46b5-9c93-0bc6c6f0138f,aside,aside,ad. 除……以外
4c8396a7-fb02-4a1a-a3f2-0177346bbf15,antonym,1,64c2c0d5-3d5d-4256-871d-2556f8d652df,together,together,ad. 一起
3fef47a5-4c66-47b1-a562-e118d256519f,near_synonym,1,4a1bdc73-b307-41d7-b7a2-01d9677bdff5,enhance,enhance,v. 增强
3fef47a5-4c66-47b1-a562-e118d256519f,near_synonym,2,3b52f349-5d21-4677-a407-8c816394ba2a,consolidate,consolidate,v. 巩固
07f9d1ff-f0b5-461e-b958-99e36372f145,near_synonym,1,f8258767-ee0b-4719-87c4-d490d16031f0,edition,edition,n. 版本
07f9d1ff-f0b5-461e-b958-99e36372f145,near_synonym,2,b812147a-48b9-44cd-ac30-6cdd47195cda,statement,statement,n. 说法
ff21c8c2-ed8a-493d-8154-4fdf977d2c17,near_synonym,1,b3804e45-daa6-408a-90b3-681cb13e66d1,pillar,pillar,n. 柱子
ff21c8c2-ed8a-493d-8154-4fdf977d2c17,derivative,1,6f99d1ef-6d27-4f2b-ab29-38fc846bc51a,columnist,columnist,n. 专栏作家
d7cb1798-df86-4fd7-a98d-4cc19b831d58,near_synonym,1,9931cec8-655c-4d6d-9e66-de5308fa7c5e,bulk,bulk,n. 体积
4f2a0c06-5c46-416d-9982-c51addcc864a,near_synonym,1,d8a1df15-a289-45ac-b2aa-dc6795d66597,indict,indict,vt. 控告
4f2a0c06-5c46-416d-9982-c51addcc864a,derivative,1,a9598a3d-d26a-4f9d-8ff0-fe65c2c9dee1,accusation,accusation,n. 控告；谴责
acb46561-a580-4098-9ba7-2e8020bd8571,near_synonym,1,5b691362-b115-4e56-9ed7-8b22fe07dbb2,cow,cow,vt. 威胁
acb46561-a580-4098-9ba7-2e8020bd8571,derivative,1,4f378481-a607-4155-a4ea-5665e4d531bb,threatening,threatening,adj. 威胁的
3269c977-5dc9-448f-8714-0d1b5b96fb25,near_synonym,1,d6653493-559a-43ed-9395-f860596e7077,harsh,harsh,a. 严厉的
3269c977-5dc9-448f-8714-0d1b5b96fb25,derivative,1,30eebc17-6a94-4244-a95f-07be8893328e,severity,severity,n. 严厉
67e330f5-e813-44fd-ba1e-0e6fbbcd7483,near_synonym,1,36821505-4bb0-465b-9a32-88e7d58d59f2,uniform,uniform,a. 一致的
67e330f5-e813-44fd-ba1e-0e6fbbcd7483,antonym,1,f7bb0cf1-ef24-40ed-b1a3-1b46ae6066d3,inconsistent,inconsistent,a. 不一致的
7d9d1181-f539-4cdf-9bb7-ba6c578ebf65,derivative,1,67e330f5-e813-44fd-ba1e-0e6fbbcd7483,consistent,consistent,a. 一致的
baa70828-42c2-471a-85e7-1f9b009fecb2,near_synonym,1,7619917b-3f3c-47fa-9950-0d6de79db7cb,strange,strange,adj. 陌生的
d22ecb8e-958a-4234-b9af-d23d56fa30ac,near_synonym,1,9626b66e-4873-4129-9b40-4997f3d8cbf3,air,air,n. 空气
5a19a074-009a-4433-b3e1-1e566efbc23f,derivative,1,1577c42a-2f15-44f8-8041-78ec9eca6bda,commissioner,commissioner,n. 委员
5a19a074-009a-4433-b3e1-1e566efbc23f,derivative,2,72d8367c-effa-47d7-874a-157690263431,committed,committed,a. 坚定的
df284d7a-02fb-4b7c-9a12-9d2fc6edc2ff,near_synonym,1,4062aef5-0089-454f-be62-235c25df6e3e,perception,perception,n. 洞察力
df284d7a-02fb-4b7c-9a12-9d2fc6edc2ff,derivative,1,9d7aad29-f727-476a-8e38-7ce1bee6beab,insightful,insightful,a. 有深刻见解的
ce66594e-b63a-4922-a7b7-9f6a1df4776d,near_synonym,1,8b528fac-a61f-430f-b396-5b05c9dd4a6e,primary,primary,a. 初级的
ce66594e-b63a-4922-a7b7-9f6a1df4776d,near_synonym,2,65d1d4a1-cd83-413b-a512-180b54072909,basic,basic,a. 基础的；基本的
b91133e3-1062-4d0e-817c-eb19c19cc7f9,near_synonym,1,ca2bfdbb-9fb8-49ef-8f89-f10e7a04333d,factor,factor,n. 要素
b91133e3-1062-4d0e-817c-eb19c19cc7f9,derivative,1,c8b931cb-851f-4734-8e3d-bd4d834b6d2a,elemental,elemental,a. 基本的
35fb3c4b-014a-4bc6-bc6c-175744e4f6e5,near_synonym,1,a28653ec-ecdc-4867-8710-4c60955e2c9c,comment,comment,n. 评论
35fb3c4b-014a-4bc6-bc6c-175744e4f6e5,antonym,1,6d88dddd-0133-45a9-8e33-79176fca2b6e,praise,praise,n. 赞扬
36422c9c-d967-4dd5-96d7-6c64d4411b06,derivative,1,7a7407d8-f220-49cc-94a2-8128b478224b,deprivation,deprivation,n. 剥夺
36422c9c-d967-4dd5-96d7-6c64d4411b06,derivative,2,e597e96b-0fd4-4ebb-9c80-fa0119b33a6a,deprived,deprived,a. 贫穷的
a838badb-45e0-4e06-b967-38d522f0705a,near_synonym,1,395f0c6d-1c01-4538-94a1-f6d15488c3c8,personal,personal,adj. 私人的
a838badb-45e0-4e06-b967-38d522f0705a,derivative,1,2bd6fb24-1111-4d3f-adc5-8b12296b7583,privately,privately,adv. 私下地
2a29b8d1-d831-4f5a-8b91-2ac3bcc384ac,near_synonym,1,6577795c-d266-4a95-90e8-b4636b4c4d74,secret,secret,n. 秘密
b7a2a5f7-638e-4307-adf3-f0befaa76edd,near_synonym,1,2c8681c3-68b9-423f-8b16-7299a8850664,contrast,contrast,n. 对比
b7a2a5f7-638e-4307-adf3-f0befaa76edd,derivative,1,6432d82f-e71f-4d2c-99b4-2de977ddfb2d,comparable,comparable,a. 可比较的
a13503d1-991a-4a96-8b06-b0ec7924f083,near_synonym,1,ac21fbaa-d8f6-40c4-bd1f-81e7647b4315,survive,survive,vi. 生存
a13503d1-991a-4a96-8b06-b0ec7924f083,derivative,1,47b6add7-1918-4f39-9503-b56cdb8e278a,existence,existence,n. 存在
47b6add7-1918-4f39-9503-b56cdb8e278a,near_synonym,1,c946d3e8-c018-4139-90de-cf44bb05ce55,presence,presence,n. 存在
47b6add7-1918-4f39-9503-b56cdb8e278a,derivative,1,970bace2-2b02-4932-9dfb-355ae549043f,existential,existential,adj. 关于人类存在的
9604dad2-f053-45bc-8d7c-290ebe95230e,antonym,1,dcfa492a-5318-4c8c-81ed-1fc9d06862ea,infertile,infertile,a. 贫瘠的
66015a91-11c0-479c-825e-05eebc797b2a,near_synonym,1,ce66594e-b63a-4922-a7b7-9f6a1df4776d,elementary,elementary,a. 基本的
66015a91-11c0-479c-825e-05eebc797b2a,derivative,1,c25cda42-443d-47a2-ab7d-66789a4bf0cf,fundamentally,fundamentally,ad. 根本上
b4607a62-8012-4c61-9309-76a7d4e35c40,near_synonym,1,8a43387e-f079-464c-9b39-c61a3b0e6d55,rely,rely,vi. 依赖，依靠
b4607a62-8012-4c61-9309-76a7d4e35c40,derivative,1,40eca591-55dd-4d21-a7aa-bec12a80bbb0,dependent,dependent,a. 依赖的
846a8ccf-ab91-43ce-8bdd-2760ec9b7250,antonym,1,40eca591-55dd-4d21-a7aa-bec12a80bbb0,dependent,dependent,a. 依赖的
846a8ccf-ab91-43ce-8bdd-2760ec9b7250,derivative,1,80b15d4b-5479-4893-852a-edffedc84195,independence,independence,n. 独立
80b15d4b-5479-4893-852a-edffedc84195,near_synonym,1,316eb4d0-49f8-4952-b4af-05d1320b6201,autonomy,autonomy,n. 自主
80b15d4b-5479-4893-852a-edffedc84195,antonym,1,ee88f2ee-6801-4fdc-be6d-0cd004a1d14e,dependence,dependence,n. 依赖
4c500938-a77c-472c-a68a-4aa3299321b2,near_synonym,1,a45f99c3-457b-446f-8e84-36a7af655c2c,play,play,n. 戏剧
4c500938-a77c-472c-a68a-4aa3299321b2,derivative,1,ea45f0ac-bf15-4ccc-af13-74506307afad,dramatic,dramatic,a. 戏剧性的
7c09d6b3-8172-457c-86f7-15ea8e68fee1,near_synonym,1,9c362c65-5a6f-4d39-aef4-0d4360e42f99,original,original,a. 最初的
7c09d6b3-8172-457c-86f7-15ea8e68fee1,derivative,1,35743948-7935-4255-a865-3de6fcd631be,initially,initially,ad. 开始，最初
1dd9ec12-13a2-473f-81a1-e18fd8bfebd0,derivative,1,260a03b6-4412-46c4-89aa-622562aef4d5,initiatory,initiatory,a. 主动的
1dd9ec12-13a2-473f-81a1-e18fd8bfebd0,derivative,2,3e471ff8-d8d2-4aec-8ba0-42345e08448c,initiation,initiation,n. 发起
ba173f57-12b5-4980-a16c-e9e286f48a83,near_synonym,1,a22292a0-cf23-40b5-ba5e-c5740eb6221e,final,final,a. 最终的，最后的
ba173f57-12b5-4980-a16c-e9e286f48a83,derivative,1,ba24a821-0bed-40b8-a9f3-31ec9196842d,ultimately,ultimately,ad. 最终，最后
d00555fc-9975-4c8d-a1b7-e4912575e5ff,near_synonym,1,040ed47a-6be7-4d53-82ca-72a55537ae3e,equivalent,equivalent,n. 对应物
9a1cceb4-ef71-4bf8-82f4-6a6db18fbb22,near_synonym,1,3523e57b-ba36-42ee-a78b-8e9db626e46e,enroll,enroll,v. 登记；注册
9a1cceb4-ef71-4bf8-82f4-6a6db18fbb22,derivative,1,d55592ec-fe6e-4a9d-9bf3-595f625be62e,registered,registered,a. 注册过的
661a9dd7-8b38-4ddd-83f7-3d845e66d296,near_synonym,1,1ae31c42-23e3-4796-ad65-ea2490e277c1,complex,complex,a. 复杂的
661a9dd7-8b38-4ddd-83f7-3d845e66d296,antonym,1,8209081e-4b20-4688-b16a-8408a9ff7a6c,simple,simple,a. 简单的
02cf0fe1-6727-4dc2-91a7-fc5ac1af098d,near_synonym,1,72580491-df05-4c0b-81bd-cc4c339ee81d,willing,willing,a. 自愿的
02cf0fe1-6727-4dc2-91a7-fc5ac1af098d,antonym,1,d8987b25-dd51-4a6d-ae25-a229065720db,involuntary,involuntary,a. 非自愿的
a97a9cc0-d667-4410-b3f7-b5633c825f4f,derivative,1,02cf0fe1-6727-4dc2-91a7-fc5ac1af098d,voluntary,voluntary,a. 自愿的
555a428b-889a-44f6-951e-90a0e94a66f4,near_synonym,1,0a60c4a7-4ab5-4104-9cca-3956c3ab05e0,depict,depict,vt. 描绘
555a428b-889a-44f6-951e-90a0e94a66f4,derivative,1,b569b8bb-7131-4214-bdcf-cc1527a46c11,portrayal,portrayal,n. 描写
61c36462-eb1f-41c2-8e49-001ff5107c98,near_synonym,1,c0e5da01-4fb7-4ea3-8ef9-6fd94e41a6e9,widespread,widespread,a. 普遍的
61c36462-eb1f-41c2-8e49-001ff5107c98,derivative,1,c8202d83-779c-420d-9637-9a998fb4d273,universally,universally,ad. 普遍地
41794228-7fd7-41cb-9b97-0f4f1dd5da43,near_synonym,1,d18c347c-a68c-4479-bc32-a713803cf85c,cosmos,cosmos,n. 宇宙
41794228-7fd7-41cb-9b97-0f4f1dd5da43,derivative,1,61c36462-eb1f-41c2-8e49-001ff5107c98,universal,universal,a. 普遍的
24bb12fb-76d7-410e-8751-7dafca8891eb,derivative,1,506faccc-20de-4077-9ae1-c580704131fd,ruinous,ruinous,adj. 毁灭性的
7bd101f6-2bfe-4fc9-a335-23dd73fb7429,antonym,1,8c9aa852-9fe3-462a-8db2-e06eadf712c4,concrete,concrete,a. 具体的
7bd101f6-2bfe-4fc9-a335-23dd73fb7429,derivative,1,c40b5bd3-9ecf-4bfa-b518-3c63028d3ad9,abstraction,abstraction,n. 抽象
396b3704-9923-44c3-b27b-dbd16551b665,near_synonym,1,00fdf711-bab3-4b9c-9ea2-d11f991dfe6c,fierce,fierce,a. 强烈的
396b3704-9923-44c3-b27b-dbd16551b665,derivative,1,bbccf378-abaf-4fb4-965f-a8a1c54b6b1e,intensely,intensely,ad. 强烈地
31f2f1b7-d787-47dc-b11a-377071ad1ad3,near_synonym,1,a8af2796-01af-4e10-8553-b2a438f33730,strength,strength,n. 强度
31f2f1b7-d787-47dc-b11a-377071ad1ad3,derivative,1,89e39eb3-c493-4132-9a16-61c7d973dd4d,intensive,intensive,a. 加强的
89e39eb3-c493-4132-9a16-61c7d973dd4d,near_synonym,1,72c20eb0-4c1a-4014-bb45-78bef637c273,concentrated,concentrated,adj. 密集的
89e39eb3-c493-4132-9a16-61c7d973dd4d,derivative,1,5527ed61-5b22-4786-92fc-67601178761e,intensively,intensively,adv. 集中地
2267e29f-b11d-4e82-a830-6ad30c7f8332,near_synonym,1,002f473f-bf8c-48ce-89c0-9bc8d341dade,exterior,exterior,n. 外貌
2267e29f-b11d-4e82-a830-6ad30c7f8332,antonym,1,77f6896c-7c00-4c81-ae57-f436474f2312,disappearance,disappearance,n. 消失
2c894d24-cd21-4f5b-86b1-7842503b6aed,near_synonym,1,4b115dfc-03d5-4647-8817-3ec5e8bb9950,transform,transform,vt. 转换
2c894d24-cd21-4f5b-86b1-7842503b6aed,derivative,1,65b8a611-88d5-4fd8-95ff-2a62f514d911,convertible,convertible,a. 可转换的
6e99081f-3240-4cde-add1-30aa0a31ce53,near_synonym,1,fee4d8ef-2efb-4fc3-8080-a15d3db523d5,appear,appear,vi. 出现
6e99081f-3240-4cde-add1-30aa0a31ce53,antonym,1,b41ce868-3a06-415f-a6cc-cdc2117c0ac7,vanish,vanish,vi. 消失
bacc157d-4d4a-4a3f-9843-a7800239df5a,near_synonym,1,578e7a38-77ab-4be8-8c3d-d3e24e31b6ae,awaken,awaken,v. 叫醒
bacc157d-4d4a-4a3f-9843-a7800239df5a,near_synonym,2,f7d32128-ce93-4a75-892a-1cb43f044c37,excite,excite,vt. 引起
e98042c3-bc57-4079-a2fa-1c811006edb4,near_synonym,1,4db5cee1-dc49-497f-8e51-acdfe11848af,power,power,n. 权力
e98042c3-bc57-4079-a2fa-1c811006edb4,derivative,1,541afaf1-4781-42a7-96b4-ccb24cf458ca,authoritative,authoritative,a. 有权威的
1f0ec3f9-129a-47e3-96d2-bbd94781404d,near_synonym,1,7619917b-3f3c-47fa-9950-0d6de79db7cb,strange,strange,adj. 奇怪的
1f0ec3f9-129a-47e3-96d2-bbd94781404d,antonym,1,ec4eb4b0-4baf-458b-90f5-7a322476129b,normal,normal,adj. 正常的
55d7cc1e-405c-4d59-aac6-e4ad5953353a,derivative,1,6d2b4ccb-1277-4a39-9563-1d57b42b0541,characteristic,characteristic,a. 特有的
942f3a98-0db2-4e00-9735-814e8c607595,derivative,1,5cc23225-8b46-45d7-afb9-ba5222f4066b,correlation,correlation,n. 相关
942f3a98-0db2-4e00-9735-814e8c607595,derivative,2,e43bdb8e-ee0d-4c23-a555-f722c15e0496,correlative,correlative,a. 相互关联的
8cade1ae-5cff-4d18-8098-10cbd506906f,near_synonym,1,b4045582-69aa-45a3-8ea9-6c90cda874d2,research,research,v. 调查；研究
8cade1ae-5cff-4d18-8098-10cbd506906f,derivative,1,a68b9f8a-7c89-4ba9-ae73-49b82ae25731,investigation,investigation,n. 调查
8ca613a8-2bc4-4121-9f91-b27021f1a8b4,near_synonym,1,bbaa98ad-99b6-464a-b30d-184ed476130f,management,management,n. 管理
8ca613a8-2bc4-4121-9f91-b27021f1a8b4,derivative,1,2eb1cb67-bcd2-44ad-b33f-def2f0ad5913,administrative,administrative,adj. 管理的
d3d2f43c-042b-4fa6-b8e4-f40a83668d73,derivative,1,e5bc6f91-d1c6-4dce-b49b-f58e30504cc4,sophistication,sophistication,n. 世故
54947c83-ec2b-490d-9bbf-04ee2710df17,near_synonym,1,1b17b238-02d8-4899-a80d-15982163067d,standard,standard,n. 水平
54947c83-ec2b-490d-9bbf-04ee2710df17,near_synonym,2,35a84c5b-613a-4af9-bc3a-41233db40ef7,flat,flat,a. 平坦的
6c5b7e54-6bcf-46c4-85dc-22b87ea0b088,near_synonym,1,5f79114e-9b53-454f-9ace-5ce91c61834e,interior,interior,adj. 内部的
6c5b7e54-6bcf-46c4-85dc-22b87ea0b088,antonym,1,68e32be4-416d-4c17-a0c1-f5ce6a2dc030,external,external,adj. 外部的
06b7901b-8f99-4aa6-a83f-13861e87780a,near_synonym,1,246aa184-ff5c-4e58-ab93-ca7ab98bf9b6,competent,competent,a. 合格的
06b7901b-8f99-4aa6-a83f-13861e87780a,derivative,1,0ea0efbd-bf3d-435f-8568-e84fd4aafa9e,adequacy,adequacy,n. 足够
0719e446-63c4-4155-9238-c4a3096ea88a,near_synonym,1,1026049b-388d-4e1f-9699-bd61b94a2adc,voyage,voyage,n. 航行
0719e446-63c4-4155-9238-c4a3096ea88a,derivative,1,695beb43-c6fb-4254-834a-15fb2ce18882,navigational,navigational,a. 航行的
529d8212-9952-40d9-8adb-c12699f1aa09,near_synonym,1,63902d7a-f2b0-4403-8e1a-1c26fc5422e5,warm,warm,a. 热情的
529d8212-9952-40d9-8adb-c12699f1aa09,derivative,1,ef83e52a-e7e6-493b-b6ef-d5dc5e19a929,enthusiastically,enthusiastically,ad. 热情地
2bc4c901-7426-42f0-98b4-7fea75921834,near_synonym,1,56d684a4-53dd-4d2f-a4aa-e62dc06fbda6,pass,pass,vt. 批准
2bc4c901-7426-42f0-98b4-7fea75921834,derivative,1,4e5a6579-83a6-4f10-a613-98f7c0dabf1b,approval,approval,n. 批准；赞成
4e5a6579-83a6-4f10-a613-98f7c0dabf1b,near_synonym,1,3611161d-4044-4484-8f73-29ed318e4630,consent,consent,n. 同意
4e5a6579-83a6-4f10-a613-98f7c0dabf1b,antonym,1,86d57b7d-0be2-4140-93d6-80e911f7d537,disapproval,disapproval,n. 反对
27481197-eda9-48a6-a04d-a39bc3703d6c,antonym,1,4468f77a-15f7-43ba-bce4-6b69b50ded50,pessimistic,pessimistic,a. 悲观的
27481197-eda9-48a6-a04d-a39bc3703d6c,derivative,1,9dc72ce7-c311-448c-9d31-87b545f0bedd,optimistically,optimistically,ad. 乐观地
91e62da3-9ff3-4840-ae89-c5b0dcb8c199,antonym,1,2c71f5e4-4cf9-4874-bde6-62649883c7e3,subjective,subjective,a. 主观的
91e62da3-9ff3-4840-ae89-c5b0dcb8c199,derivative,1,e057d422-5ffb-4010-bb9b-1c7e7ea19c30,objectively,objectively,ad. 客观地
43afec92-cfa6-4d4c-ae32-0771817ddcb8,antonym,1,7740bfeb-d9ac-49c9-9724-8258bad21649,arrival,arrival,n. 到达
35c7fc49-36f8-4525-82be-3de81e366099,near_synonym,1,b3f163c5-946d-4648-b702-662f117a6753,unwilling,unwilling,a. 不情愿的
35c7fc49-36f8-4525-82be-3de81e366099,derivative,1,b6e9c7a5-0485-4c00-8155-b812d17f65b1,reluctance,reluctance,n. 勉强
aab40d1c-179c-405a-97aa-508b93b08826,near_synonym,1,d9d02859-f4e9-41e6-8f2b-cf8ee13700dd,programme,programme,n. 计划
8e9e1591-1510-402c-8629-5bc8f18cdaf7,near_synonym,1,b9c91503-1075-4fb0-8b58-e6f9b2a2da0a,contrary,contrary,adj. 相反的
8e9e1591-1510-402c-8629-5bc8f18cdaf7,derivative,1,29093059-8674-405f-aeee-90959d54b766,reversible,reversible,adj. 可翻转的
c9637960-7adf-4794-be31-71dd4d171f5b,near_synonym,1,9ad5cd6e-ad28-4365-b34d-608b0fad1a44,hardly,hardly,ad. 几乎不
0a2da8df-7a4a-41ad-bfe0-da8e84a967cd,near_synonym,1,fce3703e-a34c-4e47-bafa-5d2e1fdf9364,feature,feature,n. 特点
0a2da8df-7a4a-41ad-bfe0-da8e84a967cd,near_synonym,2,df8ceae2-7fa2-4457-832b-967a8058fe41,character,character,n. 特点
83068b64-a2ca-4a11-9248-33ea0733d550,near_synonym,1,96d6050f-5e3a-4912-9988-e77149591bab,divert,divert,vt. 转移
83068b64-a2ca-4a11-9248-33ea0733d550,derivative,1,8aeccb3c-f648-4e0d-a913-288d597a9bf3,transferable,transferable,adj. 可转让的
c8faf755-a566-459e-9d32-9544bab6c23d,near_synonym,1,69425a1d-47e0-4f4c-b594-c17f121b978f,advanced,advanced,a. 先进的
c8faf755-a566-459e-9d32-9544bab6c23d,antonym,1,669ad44d-ca82-4c46-9251-2b08b4ffbf0a,regressive,regressive,a. 退步的
01b9b267-a642-4c3c-bd08-31630d8133e2,near_synonym,1,822f8a6b-3085-4294-bdd3-9960f65afb08,direction,direction,n. 用法说明
01b9b267-a642-4c3c-bd08-31630d8133e2,derivative,1,35b6f921-edfe-4210-8215-d7de5e2d3e74,instructional,instructional,a. 教学的
5ef24a55-00f0-44cc-9019-5a3b15abb641,near_synonym,1,a41cb7da-3515-4a72-8366-27a623268441,guide,guide,vt. 指导
5ef24a55-00f0-44cc-9019-5a3b15abb641,derivative,1,01b9b267-a642-4c3c-bd08-31630d8133e2,instruction,instruction,n. 指示
989b7674-d59e-4abc-b08e-853704fe7f53,near_synonym,1,6e2d89ed-d19a-4a2c-a58a-808ddc072bc8,inspect,inspect,vt. 检查
989b7674-d59e-4abc-b08e-853704fe7f53,derivative,1,07f67cfc-cf54-46e8-a015-c3f67453dd92,examination,examination,n. 检查
881872a1-ee3b-4213-a598-a108aacf741f,near_synonym,1,01f234f3-bc56-4f30-8508-521158f6b319,framework,framework,n. 结构
881872a1-ee3b-4213-a598-a108aacf741f,derivative,1,c62349d1-152b-447a-9aa5-70525c2673cd,infrastructure,infrastructure,n. 基础设施
fa118226-096c-4f04-80f7-b540c139564f,derivative,1,ee83baa4-828f-4ffe-b503-86c0c7250dac,construction,construction,n. 建造
fa118226-096c-4f04-80f7-b540c139564f,derivative,2,285bcfaa-1fb7-462c-b1d3-3fa78ce728d9,constructive,constructive,a. 建设性的
5fff9b79-9a3c-4262-9e0d-32591123bdbe,near_synonym,1,279f65e0-d832-4d8b-ba8b-1f6fa0141d47,overstate,overstate,vt. 夸大
5fff9b79-9a3c-4262-9e0d-32591123bdbe,derivative,1,7ec72f08-331f-445f-b0f8-db88d3635dde,exaggeration,exaggeration,n. 夸张；夸大
476fbfaf-e23a-4b9e-9f4e-37268b0e194e,near_synonym,1,e7562c4d-56e6-4a7f-aeb6-6b74618951a0,notable,notable,n. 名人
476fbfaf-e23a-4b9e-9f4e-37268b0e194e,near_synonym,2,f0615c5e-79ff-4830-9158-258f870529c7,reputation,reputation,n. 名誉
1099d61e-6112-4a70-8ac6-c5d4866e5516,derivative,1,15963430-7534-4819-8e21-e62c21507cd9,detective,detective,n. 侦探
8a552bad-8580-42f7-b2ed-3fab5e2a1f88,near_synonym,1,8a18605f-e85f-46a1-b215-359f21657543,hypothetical,hypothetical,a. 假设的
8a552bad-8580-42f7-b2ed-3fab5e2a1f88,near_synonym,2,4afdd21f-6bff-403e-be44-868b8d35237b,speculation,speculation,n. 猜测
fc92dc96-f006-4c6c-b893-c31a3467022d,near_synonym,1,a5f78854-d4c6-4859-9ffd-267cc1c140ae,enforce,enforce,vt. 强制执行
fc92dc96-f006-4c6c-b893-c31a3467022d,derivative,1,c9e895bd-5f54-4c98-b4fa-7866477db648,imposition,imposition,n. 颁布
add6bba3-0fcc-4067-89cd-5d76d3c841b4,near_synonym,1,cf33c8c7-14f7-427a-a8aa-8d4d52a13992,description,description,n. 描述
add6bba3-0fcc-4067-89cd-5d76d3c841b4,derivative,1,bd344297-be67-4cc1-8c71-44230dc2e514,narration,narration,n. 叙述
f3bab13f-b7c6-4008-8216-ea2d35ec9695,near_synonym,1,24bb12fb-76d7-410e-8751-7dafca8891eb,ruin,ruin,n. 破坏；毁灭
f3bab13f-b7c6-4008-8216-ea2d35ec9695,derivative,1,aa06e839-183f-427b-8120-010e6349f497,destructive,destructive,a. 破坏性的
366601f4-6cad-462d-8b57-406132ff3246,near_synonym,1,b689380c-c94b-4f37-894d-e769caa5d96b,respond,respond,v. 回应
366601f4-6cad-462d-8b57-406132ff3246,derivative,1,484fdd3e-86e4-4227-969a-efd4186df243,reaction,reaction,n. 反应
626e4c31-ba47-46ce-96cf-43c25939226a,near_synonym,1,31b3860e-b830-4a59-ab67-39fabdc6dd4b,storage,storage,n. 贮存
626e4c31-ba47-46ce-96cf-43c25939226a,near_synonym,2,1ba7aaff-381d-479b-94ed-6a6e1516ebbc,shop,shop,n. 商店
21bbe3b4-700f-41a2-bf27-e0b5b7f10970,near_synonym,1,ae469d92-3811-479f-8683-538d54757625,recover,recover,vt. 恢复
21bbe3b4-700f-41a2-bf27-e0b5b7f10970,derivative,1,ca6e07b8-983a-4702-94cf-07fc27744562,restorative,restorative,a. 恢复健康的
1a7a8495-73e2-4732-8b4e-95687c75fbfa,near_synonym,1,bb71c988-62e0-4427-b79d-01446e0da398,provoke,provoke,vt. 引起
1a7a8495-73e2-4732-8b4e-95687c75fbfa,near_synonym,2,2807020d-2fc4-4a6d-9777-36d99f336a72,spark,spark,vt. 触发
92bb8b49-69d6-4bf6-9ab1-2a0bcd4fd24b,derivative,1,ec1860f0-21bd-427c-b462-70aca1675938,multiple,multiple,n. 倍数
ec1860f0-21bd-427c-b462-70aca1675938,near_synonym,1,0147fe9e-829b-4d2f-8ef2-fdddeacc913f,diverse,diverse,a. 多种多样的
ec1860f0-21bd-427c-b462-70aca1675938,derivative,1,92bb8b49-69d6-4bf6-9ab1-2a0bcd4fd24b,multiply,multiply,v. 乘
01792bf4-1fa3-4e3d-a76f-70e6caf8881b,near_synonym,1,2d7b4fa6-cd7f-4bb9-9db7-32ab6b356631,pandemic,pandemic,n. 流行病
01792bf4-1fa3-4e3d-a76f-70e6caf8881b,derivative,1,d25a5a62-e4a5-480c-b9e5-9d4821022cb5,epidemiology,epidemiology,n. 流行病学
9aea4c6d-9739-4f00-b1c8-7d80ff97c835,near_synonym,1,2385cb79-80b5-46a8-a6f2-0d6480511e67,promote,promote,vt. 提升
9aea4c6d-9739-4f00-b1c8-7d80ff97c835,derivative,1,6e8f5b54-9594-43bf-9a61-d0c8987adcee,upgradation,upgradation,n. 升级；改善
79f63d3a-77f3-4287-b62f-44e743b22bee,derivative,1,247d2f68-8f2a-4d53-ae1d-f70577bb87ee,absence,absence,n. 缺席；缺乏
247d2f68-8f2a-4d53-ae1d-f70577bb87ee,near_synonym,1,44cb5bc3-d88f-4cac-be2b-302522d35d4b,deficiency,deficiency,n. 缺乏
247d2f68-8f2a-4d53-ae1d-f70577bb87ee,antonym,1,c946d3e8-c018-4139-90de-cf44bb05ce55,presence,presence,n. 出席
10cc2558-4f14-4a9f-b54f-03b22ae4218f,near_synonym,1,a50c0ead-8df8-4693-b88d-8c7f59d60b48,treasure,treasure,vt. 珍惜
f60cadeb-cd30-4d9f-823c-87a413c61d32,derivative,1,38ba1ecf-c7a7-4b38-a4c5-a67081a97b13,punishable,punishable,a. 该惩罚的
f60cadeb-cd30-4d9f-823c-87a413c61d32,derivative,2,ce635986-4fc9-4879-8600-c3e43a0106b1,punishment,punishment,n. 惩罚
afa9f53d-bf83-409a-993f-4c1dde224129,derivative,1,a4a59616-5050-4cc8-8053-7b9da57c06ab,adversity,adversity,n. 逆境
922257db-6fd5-4a2c-9428-d2fa28a15a70,near_synonym,1,b9c91503-1075-4fb0-8b58-e6f9b2a2da0a,contrary,contrary,a. 相反的
922257db-6fd5-4a2c-9428-d2fa28a15a70,derivative,1,3a606982-fe36-4eb5-ae10-777ef2f24796,opposition,opposition,n. 反对
ebbbd142-1d89-4514-a7a0-981ee72cbafb,derivative,1,fa69394b-2a10-4de3-afa5-02ce4bf0ca79,alertly,alertly,ad. 留意地
35a0aff5-a463-429f-be9e-5c891418037e,near_synonym,1,ac90afe3-604e-44df-acd1-1cf30456fefc,reasonable,reasonable,a. 合理的
89d49c6c-3e2f-434e-ab92-1d1bd07bc662,near_synonym,1,8fc8288b-3de6-4c1e-8b01-cc4ceeff0edd,parliament,parliament,n. 国会，议会
89d49c6c-3e2f-434e-ab92-1d1bd07bc662,derivative,1,1324a595-3a85-4dce-9756-e61bdeefc562,congressional,congressional,adj. 代表大会的
152cbca2-9727-443f-a154-076d92347a9b,near_synonym,1,c997bfd1-2c80-4aa6-9f1a-8816c2a91074,fall,fall,vi. 倒塌
152cbca2-9727-443f-a154-076d92347a9b,derivative,1,b244948c-a127-49a0-8dc1-55e9ca37e369,collapsible,collapsible,a. 可折叠的
cb455c2b-6861-4c10-97cc-3b620032d9c7,near_synonym,1,9d0f1d81-464a-4bc5-b86c-2c82f5f2edde,oblige,oblige,v. 强迫
cb455c2b-6861-4c10-97cc-3b620032d9c7,derivative,1,8a317d44-b4fd-4435-ab77-f1bfcd950311,compelling,compelling,a. 令人信服的
e8a10058-d575-4b4b-b9a3-a4de470b9458,near_synonym,1,75e045e6-7ddf-4083-b80d-40cb2af374a5,claim,claim,vt. 断言
e8a10058-d575-4b4b-b9a3-a4de470b9458,derivative,1,402145dd-055a-4e27-9dbf-fcf0628170f0,assertive,assertive,a. 坚定自信的
c7225615-659c-4e03-9e3a-a566c815655f,near_synonym,1,073c6ba9-64b0-4681-85f6-5afdc2574e42,agreement,agreement,n. 意见一致
c7225615-659c-4e03-9e3a-a566c815655f,derivative,1,af28796f-83c6-4a2f-9e4d-544f0cbb67f0,consensual,consensual,a. 一致同意的
6536d59b-ee2e-49e8-8b44-0f3b5e4ca6db,near_synonym,1,3a47415d-ff76-4095-ab3b-66152fbe1bf2,face,face,vt. 面对
6536d59b-ee2e-49e8-8b44-0f3b5e4ca6db,derivative,1,12d91b48-13f4-4bc3-a0b0-cf8fd1fc431c,confrontation,confrontation,n. 对峙
b5a3bd8e-5b4b-486b-bd91-d8e461009240,near_synonym,1,ee019d53-86a7-4d90-98c5-22fcb18da2b0,disputable,disputable,a. 有争议的
68c8606c-97f2-4ef5-a8f1-d9683ec23333,near_synonym,1,ca619d95-cf02-4363-a847-8b9878e0b057,dispute,dispute,n. 辩论
68c8606c-97f2-4ef5-a8f1-d9683ec23333,derivative,1,b5a3bd8e-5b4b-486b-bd91-d8e461009240,controversial,controversial,a. 有争议的
c47d59b8-b1db-4e23-9418-340c36d90314,near_synonym,1,d11135a8-3a8f-4e80-a8f9-9ea160d7fec8,disband,disband,vt. 解散
c47d59b8-b1db-4e23-9418-340c36d90314,antonym,1,811df0de-f83d-4a80-8796-faa7c113a564,assemble,assemble,v. 集合
21dcdecb-f236-449c-96b2-3fdc1ff08a5e,near_synonym,1,67d23437-39c8-427c-9f66-9ebeadd9e51e,meet,meet,v. 相遇
21dcdecb-f236-449c-96b2-3fdc1ff08a5e,near_synonym,2,ec44e36c-e12b-4fa3-bd7a-d7bc3ea4e718,suffer,suffer,vt. 遭受
fb5c26b7-b838-4db4-ac74-5873f3efab9d,near_synonym,1,b6effefd-cba8-4c6e-b1d3-e4f099608d52,opponent,opponent,n. 对手
fb5c26b7-b838-4db4-ac74-5873f3efab9d,derivative,1,d5fb9f02-90d0-4352-996a-8875295d1978,rivalry,rivalry,n. 竞争
97b40544-0a82-49ea-8793-fe91037f05c5,near_synonym,1,aab40d1c-179c-405a-97aa-508b93b08826,scheme,scheme,n. 方案
97b40544-0a82-49ea-8793-fe91037f05c5,derivative,1,e92ecb37-ec5f-4cc6-a570-c51a8594460a,formulate,formulate,vt. 制定
3bc6491b-fd56-4b45-b79e-1ba725b2cd98,near_synonym,1,2385cb79-80b5-46a8-a6f2-0d6480511e67,promote,promote,v. 促进
6baa2a6f-72cc-4f3f-bd8d-e26cf27d5601,near_synonym,1,46977c12-6e88-44d1-ba8d-7698dc22ef03,acquire,acquire,vt. 得到
6baa2a6f-72cc-4f3f-bd8d-e26cf27d5601,derivative,1,66671d58-cace-4139-8445-cf9b260d6d3d,derivation,derivation,n. （尤指词语的）起源
8d89102c-df04-4095-8990-e463e93cd2ad,near_synonym,1,43af0a6a-7bb0-4712-bc6f-83c119cf533e,hamper,hamper,vt. 阻碍
8d89102c-df04-4095-8990-e463e93cd2ad,derivative,1,a4531d6a-383c-46e6-983a-d1197ce9ce0c,hindrance,hindrance,n. 障碍物
eb732470-3fee-46eb-bf70-d70054979c22,derivative,1,ddc6cf6c-02bb-487f-86dd-4b9945173519,indifference,indifference,n. 漠不关心
d570f595-3c9d-473d-af9b-1e2269630b08,near_synonym,1,d61e588a-a79e-4c4c-8897-cc790639fd61,wise,wise,a. 有智慧的
d570f595-3c9d-473d-af9b-1e2269630b08,derivative,1,e9a7bbbd-e754-4b8a-bd26-790570c34d86,intelligence,intelligence,n. 智力；智慧
9045e44f-c807-4f9c-b175-fcadce69fb67,antonym,1,747cd9d8-a540-49b3-896d-eb266c1e0ba8,visibly,visibly,ad. 看不见地
9045e44f-c807-4f9c-b175-fcadce69fb67,antonym,2,595c02fa-4fe0-4227-af25-013ac4e79145,visible,visible,a. 可见的；有形的
1da0126d-29df-4db3-b671-4b31ec162214,near_synonym,1,c47d59b8-b1db-4e23-9418-340c36d90314,dismiss,dismiss,vt. 解散
1da0126d-29df-4db3-b671-4b31ec162214,derivative,1,99296be3-fb58-43fd-901e-4afcc807b9fc,dissolvable,dissolvable,a. 可溶解的
c2dd3f28-f646-460e-b3e2-c03b931b2760,derivative,1,69d25d53-b875-439a-ae49-4fc8c0e65f35,observation,observation,n. 观察
c2dd3f28-f646-460e-b3e2-c03b931b2760,derivative,2,051631b8-0010-4a10-94e5-c8f07bd492ee,observable,observable,a. 看得见的
69d25d53-b875-439a-ae49-4fc8c0e65f35,near_synonym,1,a28653ec-ecdc-4867-8710-4c60955e2c9c,comment,comment,n. 评论
69d25d53-b875-439a-ae49-4fc8c0e65f35,derivative,1,fb168a5f-1875-4ab1-ae15-2c1e465dda1e,observational,observational,a. 观测的
78d39328-0e90-4a22-99fd-f11c669b899e,near_synonym,1,2d66b879-06b9-48d9-b1ac-02f631c57343,meeting,meeting,n. 会议
78d39328-0e90-4a22-99fd-f11c669b899e,near_synonym,2,d78ac034-dff5-457e-807f-f8447b80d29f,sitting,sitting,n. 会议
f80e3267-4c21-42bb-b975-23291fc7757d,near_synonym,1,de8f27d7-d9fa-4999-8270-2c7277625b3c,conquer,conquer,v. 克服
f80e3267-4c21-42bb-b975-23291fc7757d,near_synonym,2,b7c14e0b-e73d-408b-9904-14ad0800693b,defeat,defeat,vt. 战胜
b1aae129-8efd-4a05-a97d-6464c46919b4,near_synonym,1,1ffdb131-073e-40b2-8264-6f5cc851681b,belongings,belongings,n. 财物
b1aae129-8efd-4a05-a97d-6464c46919b4,derivative,1,c8379807-d9dd-408a-81bc-74e3c4f566d8,possessive,possessive,a. 占有欲强的
d99070d2-e724-4282-802c-24174f5fbd7c,near_synonym,1,bc91e8e5-f3c3-426b-8928-111010c81a25,relieve,relieve,vt. 减轻
d99070d2-e724-4282-802c-24174f5fbd7c,near_synonym,2,5f103b8e-9b7d-484a-90e5-13dd3985f2e7,comfort,comfort,n. 宽慰
bc91e8e5-f3c3-426b-8928-111010c81a25,near_synonym,1,fc8bc6e3-ca2b-4c73-9991-b0e87f5ac70a,ease,ease,v. 减轻
bc91e8e5-f3c3-426b-8928-111010c81a25,derivative,1,ab42aaae-fcf2-4524-8a60-8db45d06500a,relieved,relieved,a. 放心的
926e0aad-9160-48e1-9006-659f8ee1bfba,near_synonym,1,e733d044-6422-42b9-bac7-cde5b7738e5e,solve,solve,vt. 解决
926e0aad-9160-48e1-9006-659f8ee1bfba,near_synonym,2,d21383ec-fb7c-425d-8528-e34d56caf921,determination,determination,n. 决心
6577795c-d266-4a95-90e8-b4636b4c4d74,near_synonym,1,4058b3d4-a522-46fc-aa42-59a43dae8ad3,recipe,recipe,n. 秘诀
6577795c-d266-4a95-90e8-b4636b4c4d74,derivative,1,f3a50bec-4449-4d5f-af4e-cbbc579daf82,secretly,secretly,ad. 秘密地
22e2bf39-c6b7-4ae8-bdf0-8dd86d0930a0,near_synonym,1,42e75f21-cecf-4d12-8ba4-ba248d939a69,divine,divine,adj. 神圣的
22e2bf39-c6b7-4ae8-bdf0-8dd86d0930a0,derivative,1,6c15ed68-6bd0-48c0-a354-2d48730080ea,sacramental,sacramental,adj. 神圣的；宗教的
746273ec-6a57-44cc-a078-48fb092798c7,near_synonym,1,74b77a68-afca-4597-b75c-a89ba355a95a,offering,offering,n. 祭品
dd24ce67-7b2a-41bc-b352-cd51daefc942,near_synonym,1,e89b796b-c7c2-4c69-ae6a-d34e1e6593ec,enormous,enormous,a. 巨大的
dd24ce67-7b2a-41bc-b352-cd51daefc942,antonym,1,d23f1e75-31c9-47a2-95f1-a4d9403efdee,tiny,tiny,a. 极小的
eac654db-2a0d-4067-9e9f-39cd85f5b9b5,near_synonym,1,e1ae48be-1cf3-4c13-b1f1-3f5372f0af37,underrate,underrate,vt. 低估
eac654db-2a0d-4067-9e9f-39cd85f5b9b5,antonym,1,e88693e8-cc9f-4071-962b-8ed28855fb95,overestimate,overestimate,vt. 高估
c32256d2-f326-4a98-9ef2-2e8f85b66d26,near_synonym,1,994a17cb-ce1c-44c7-a6ba-39e410018eee,actual,actual,adj. 实际的
c32256d2-f326-4a98-9ef2-2e8f85b66d26,derivative,1,0c6ce5ad-ab8a-4fce-9164-327e901188fe,virtually,virtually,adv. 事实上；几乎
c636bdbc-9171-4934-84cf-ba85914208e2,near_synonym,1,5fb87acc-ff81-45af-a39a-687cc5d90b46,plentiful,plentiful,a. 大量的
c636bdbc-9171-4934-84cf-ba85914208e2,derivative,1,11009ac9-de08-486b-907a-ea9ac3d0396f,abundance,abundance,n. 大量；丰富
9895b130-b085-44ef-86d3-cd7c5db25c78,near_synonym,1,04690531-bcc5-49fa-b025-63df14a2c5b5,gather,gather,v. 收集
9895b130-b085-44ef-86d3-cd7c5db25c78,derivative,1,1a573c10-c776-44e2-ba4f-cab83c6c3605,collector,collector,n. 收藏家
72132f7b-d4cf-4be2-b59f-7a0851a7e894,near_synonym,1,c6436b70-7a33-4c3f-8a71-4aa69bd064f0,gathering,gathering,n. 收集
72132f7b-d4cf-4be2-b59f-7a0851a7e894,derivative,1,72aa6208-19b8-4b15-9dbb-e26c7ab1b950,collective,collective,adj. 集体的
b77c0678-764d-451a-b7a3-52fc5dc886fc,near_synonym,1,88c9ad2b-510b-45d0-93d9-3cf47c9205fb,aspiring,aspiring,a. 有抱负的
4e4a56ae-8b76-4c89-9a7f-c6837a5bd0dd,near_synonym,1,100b3cdf-7767-4415-b459-9869e3a426a2,prosperity,prosperity,n. 繁荣
4e4a56ae-8b76-4c89-9a7f-c6837a5bd0dd,derivative,1,8d806074-35e2-4a26-8eaf-6b068e6d2448,booming,booming,a. 繁荣的
c8875e97-c2e3-4c73-8710-4a8bf89e7b32,near_synonym,1,a4e0b4c0-7566-4830-8ec7-68df79be93d7,consciousness,consciousness,n. 意识
c8875e97-c2e3-4c73-8710-4a8bf89e7b32,near_synonym,2,ba597fa2-2c91-4735-9aa1-9831c5560854,aware,aware,a. 意识到的
1ff274ea-f718-4baf-a18f-5a11b8f6e621,near_synonym,1,a0e629ca-083f-4e3e-9d9d-ce28c238cb1c,sizeable,sizeable,a. 相当大的
1ff274ea-f718-4baf-a18f-5a11b8f6e621,derivative,1,f30a4c1f-5e08-4c92-bbde-1e5b96624613,considerably,considerably,ad. 非常
0a60c4a7-4ab5-4104-9cca-3956c3ab05e0,near_synonym,1,ad7df724-82b1-4fca-8d7d-c9ff1b183367,describe,describe,vt. 描述
0a60c4a7-4ab5-4104-9cca-3956c3ab05e0,derivative,1,8d2390ab-2163-4b71-a5d0-d741e900cdf5,depiction,depiction,n. 描绘
19468bf3-a409-4b02-a779-e9206706fed9,near_synonym,1,574d16f7-f586-4f3e-8840-a79d2d46a7db,worsen,worsen,v. (使) 恶化
19468bf3-a409-4b02-a779-e9206706fed9,derivative,1,4d83b0bd-137c-4577-bdb4-182d79151c91,deterioration,deterioration,n. 恶化
c8a93e48-0b9f-4d25-989d-fa3381568862,near_synonym,1,22e2bf39-c6b7-4ae8-bdf0-8dd86d0930a0,sacred,sacred,a. 宗教的
c8a93e48-0b9f-4d25-989d-fa3381568862,derivative,1,90334769-3e03-4cd6-b5e6-8d04006b454c,religiously,religiously,ad. 虔诚地
60cdbf38-9964-46da-b2e1-bc1b075249bf,near_synonym,1,36911b43-31e2-4d1d-8fcd-8d26a12012d6,design,design,vt. 设计
60cdbf38-9964-46da-b2e1-bc1b075249bf,near_synonym,2,d9d9e0f4-2839-42dc-9bb9-1f1556cd1d74,invent,invent,vt. 发明
0b80e982-3d17-4ed4-8699-3a9feaa8443b,near_synonym,1,39e43f1f-42a5-4613-9148-7a4839ff952f,scatter,scatter,vt. 撒播
0b80e982-3d17-4ed4-8699-3a9feaa8443b,antonym,1,9895b130-b085-44ef-86d3-cd7c5db25c78,collect,collect,vt. 收集
d4b18f23-a974-47b7-9843-8812f819d87f,near_synonym,1,1b28da07-c470-4d29-8814-43f2774a878a,firm,firm,n. 公司
d4b18f23-a974-47b7-9843-8812f819d87f,derivative,1,0e6e222c-e9cb-471d-a1b6-588064da2f79,enterprising,enterprising,adj. 有进取心的
4db9657f-80b5-4e72-9d8d-15914a9276f8,derivative,1,7bec3c0d-3352-44b3-92c4-38dfd2d08a58,entrepreneurial,entrepreneurial,a. 企业家的
4db9657f-80b5-4e72-9d8d-15914a9276f8,derivative,2,1d16dc26-aaa1-4531-bc6b-e21ca9eb715f,entrepreneurship,entrepreneurship,n. 企业家精神
7a939956-8f74-469d-9b6f-68bf5f24d116,near_synonym,1,f3572e6d-b9d2-4e97-ac58-4787a043c361,merit,merit,vt. 值得
7a939956-8f74-469d-9b6f-68bf5f24d116,derivative,1,2bb21937-2395-4532-94a6-cbf0528f21dd,deserved,deserved,a. 应得的
e4bd0111-940c-4b99-a474-8912d89e3ffb,antonym,1,8fafca74-fb35-4621-a60d-b588917c0f46,include,include,vt. 包括
e4bd0111-940c-4b99-a474-8912d89e3ffb,derivative,1,4b1157f9-0d10-454f-b750-c1e669faaf3e,exclusive,exclusive,a. 专用的
f715d384-6f5b-4088-b661-52d5fe25e70b,near_synonym,1,68e32be4-416d-4c17-a0c1-f5ce6a2dc030,external,external,a. 外面的；外部的
f715d384-6f5b-4088-b661-52d5fe25e70b,antonym,1,48eeab6b-d2d0-4af4-ae04-15a51c65f196,inner,inner,a. 里面的；内部的
be378cad-48fa-4141-be1f-09d7e3a35025,near_synonym,1,57ae4ef1-882c-45d5-8c82-bf0de72e2dae,equipment,equipment,n. 设备
be378cad-48fa-4141-be1f-09d7e3a35025,near_synonym,2,06e8440a-380f-4f9f-8c12-277742898a1b,ability,ability,n. 才能
6f50a865-f40d-46b9-b2d9-d27a081653cc,near_synonym,1,2385cb79-80b5-46a8-a6f2-0d6480511e67,promote,promote,vt. 促进
6f50a865-f40d-46b9-b2d9-d27a081653cc,derivative,1,d91a7d9b-6e53-4cbf-9c5e-e17528f13490,facilitation,facilitation,n. 助长行为
27c609a9-b165-49ec-bf9b-459300519682,derivative,1,8bad626c-874b-41d0-ab28-f854c0e8abda,obsessive,obsessive,a. 着迷的
c8d3ec54-332c-4069-85af-d5f17d847092,near_synonym,1,09a90296-aede-47e3-b3f6-f72b0022f6a5,outline,outline,n. 轮廓 vt. 概述
c8d3ec54-332c-4069-85af-d5f17d847092,derivative,1,526526cf-009f-42cd-954d-728eb6341d50,profiling,profiling,n. 资料搜集
793a484c-cfb3-4469-a157-2edbc9270540,near_synonym,1,1752d7ee-7a13-4c8c-8925-6bd2319a1abe,same,same,a. 相同的
793a484c-cfb3-4469-a157-2edbc9270540,derivative,1,25a5bf4b-63d2-43c2-97d9-f751f79f5df4,identically,identically,ad. 相同地
59771529-b141-49f6-9d7f-696d17903c73,derivative,1,1611c5bb-1f5e-497e-87bc-498737cc255d,industrialize,industrialize,v.（使）工业化
59771529-b141-49f6-9d7f-696d17903c73,derivative,2,522ebbed-e81c-4849-8f1a-3fa9ae0f010f,industrially,industrially,ad. 工业地
3332a6c6-d236-4ee4-a4a4-5135547fe968,near_synonym,1,278b104f-5f8a-48bb-bfcb-59f0622e0325,distant,distant,a. 遥远的
3332a6c6-d236-4ee4-a4a4-5135547fe968,derivative,1,bb4a1d7c-532b-454d-be24-08ba92726f9d,remoteness,remoteness,n. 遥远
93cca6b4-ff24-454f-819b-a12c75c71be4,near_synonym,1,31b7fa84-b6e2-4fe9-867a-afd6bf0961be,restrict,restrict,vt. 限制，限定
93cca6b4-ff24-454f-819b-a12c75c71be4,derivative,1,daade570-ba9e-48ed-bc16-2694b19e2e49,limitation,limitation,n. 限制
e66e927c-487f-46f6-810d-0419c3bbffb6,antonym,1,8cd06e91-559c-4018-8f8e-d10fbef56b0c,unlimited,unlimited,a. 无限的
e66e927c-487f-46f6-810d-0419c3bbffb6,derivative,1,daade570-ba9e-48ed-bc16-2694b19e2e49,limitation,limitation,n. 限制
daade570-ba9e-48ed-bc16-2694b19e2e49,near_synonym,1,4e24be71-5bea-417a-84fe-87a4a695bf78,restriction,restriction,n. 限制
8f7de59a-acd9-41ce-b746-61b2cc2be577,near_synonym,1,e06f3f57-bcdc-460c-9703-b2af5d0a2c93,pledge,pledge,vt. 抵押
e7f91d12-2e22-4a4e-91fc-7a4829e09668,near_synonym,1,e5e218c3-a7e3-43a6-bb3b-a665b632b81c,bargain,bargain,v. 谈判
e7f91d12-2e22-4a4e-91fc-7a4829e09668,derivative,1,9a895542-c99c-452f-8678-1cae260da62e,negotiation,negotiation,n. 谈判；协商
d223a44b-259a-41d9-9181-8caafbcb11f3,near_synonym,1,75783059-b4cc-4780-b52a-b83fab946700,close,close,a. 亲密的
d223a44b-259a-41d9-9181-8caafbcb11f3,derivative,1,6dc6142a-a69a-4304-b246-eb1cf077323e,intimately,intimately,ad. 亲密地
ed8418d1-e035-4a6f-9bca-cfefc8660611,near_synonym,1,bb123ada-bb73-4b04-8c62-ca2172451660,vocation,vocation,n. 职业
ed8418d1-e035-4a6f-9bca-cfefc8660611,derivative,1,c0cb3c88-4ff9-4fd6-9288-c8e5340fb8e0,occupational,occupational,adj. 职业的
5abe71f4-49ac-485d-9198-1fef2f7f33b2,near_synonym,1,a3d1d5b2-3aa5-4f01-ac1f-64793d3f0b84,utilize,utilize,vt. 利用
5abe71f4-49ac-485d-9198-1fef2f7f33b2,derivative,1,611b3102-8b09-48e6-bd9e-27a5a86a024e,exploitable,exploitable,a. 可开发的
2d6d6121-5e04-4f3e-86cc-447be8d322f0,antonym,1,8188935b-f903-42e9-9120-b9700156b0f2,unsuitable,unsuitable,a. 不合适的
2d6d6121-5e04-4f3e-86cc-447be8d322f0,derivative,1,1d3d6be6-a0cc-4746-b225-bc34bda1a2c2,suitability,suitability,n. 合适；适宜
22531ec3-e72d-45cb-9c9b-12686162d2ae,near_synonym,1,5cebe128-0496-4c62-acc3-566853e8fe93,suit,suit,n. 成套服装
22531ec3-e72d-45cb-9c9b-12686162d2ae,near_synonym,2,811df0de-f83d-4a80-8796-faa7c113a564,assemble,assemble,vt. 装配
31636dc3-d2ce-4be6-8c75-885e301763ff,near_synonym,1,ce635986-4fc9-4879-8600-c3e43a0106b1,punishment,punishment,n. 惩罚
31636dc3-d2ce-4be6-8c75-885e301763ff,derivative,1,f0f723e4-7d95-4b13-9a84-c9e42781ca17,penalize,penalize,vt. 惩罚，处罚
a9417b3b-8bb1-4aac-9ee2-5a03e82c99c4,near_synonym,1,148d2165-81b2-4e1e-92ad-821ed07ad800,insist,insist,v. 坚持
2605d0c6-ebdc-4615-bd98-b3ad1c5029df,near_synonym,1,c80692f9-7829-476c-9dfd-6275db875282,forbid,forbid,vt. 禁止
2605d0c6-ebdc-4615-bd98-b3ad1c5029df,derivative,1,5479f022-087f-409b-8176-617444dcc6a9,prohibitive,prohibitive,a. （以法令）禁止的
8819a45c-4f52-4be8-9df6-9cdbffe2a1e8,near_synonym,1,f4710ad8-9ea7-4c8a-a068-5fc5bddd81a2,extend,extend,vt. 延长
8819a45c-4f52-4be8-9df6-9cdbffe2a1e8,derivative,1,a0c06517-e08c-4fc3-8cd0-de01451a9598,prolonged,prolonged,adj. 长期的
e0ef614f-b4a0-47be-91d0-4cb165a432c4,near_synonym,1,ea658f31-c8d5-4c7d-b6ae-68e5cf93fcb1,liability,liability,n. 责任，义务
e0ef614f-b4a0-47be-91d0-4cb165a432c4,derivative,1,c1d50fd9-6c6b-46c7-b1bb-318be39c3d19,obligatory,obligatory,adj. 必须的
ceaf5574-6fbb-440c-b19b-bade02c169a0,derivative,1,343a54bc-f0c6-4926-9695-ddb2bbb0cc7b,prospective,prospective,a. 预期的
313d7cd2-27ce-4fa5-9134-d07e1e38e272,near_synonym,1,69c37a76-6591-4969-babb-53c76d0150e2,related,related,a. 相关的
313d7cd2-27ce-4fa5-9134-d07e1e38e272,antonym,1,6c3d786e-d5fd-4fea-a58d-4e1a2ba0d9d1,irrelevant,irrelevant,a. 不相干的
3a9217ac-4c99-44c5-b5b3-8dd5d6024457,near_synonym,1,cd829ce7-5ba3-4a46-b0ac-af87407f907f,motivate,motivate,vt. 激励
3a9217ac-4c99-44c5-b5b3-8dd5d6024457,derivative,1,1eeec491-e56c-4ebd-9be8-199caf18b172,stimulation,stimulation,n. 刺激
971e2c65-f386-4c3c-af75-0ae01f8abd24,near_synonym,1,e8b9bad7-2112-491a-b37e-a812d69edae3,strict,strict,a. 严格的
971e2c65-f386-4c3c-af75-0ae01f8abd24,near_synonym,2,49951dda-f927-46d4-a7e9-21a5a1dcad04,careful,careful,a. 细微的
7c8756e1-76c7-4a8c-998d-823dc1009379,near_synonym,1,a1638329-677c-46fd-a366-5860b0045770,amass,amass,vt. 积累；积聚
7c8756e1-76c7-4a8c-998d-823dc1009379,derivative,1,a2d91d13-1311-4d3d-b5f8-c7046636b9da,accumulation,accumulation,n. 积累；积聚
ee2d169e-d49a-41b7-aa93-2bf741f9c3e6,derivative,1,c697bdd0-def4-4470-8dcc-6950ed986961,boundary,boundary,n. 界限
099f4398-9a56-4a0e-a999-703752f949df,near_synonym,1,68e32be4-416d-4c17-a0c1-f5ce6a2dc030,external,external,a. 外部的
099f4398-9a56-4a0e-a999-703752f949df,antonym,1,3b37dfce-2195-42d2-8bb4-a06650f6444a,inward,inward,a. 向内的；内在的
e1e9acf4-b685-4605-b7af-f0c6378ea61f,near_synonym,1,e7460c9c-cdf8-4e2f-bf52-1ae71742b316,objection,objection,n. 反对
e1e9acf4-b685-4605-b7af-f0c6378ea61f,derivative,1,48a17959-c484-4484-88bc-99d67fa45f84,protester,protester,n. 抗议者；反对者
796c0ac2-0200-4d29-8141-1884ee08eb5f,near_synonym,1,331b7574-77f4-42dd-86ae-f5a1925e7190,ramble,ramble,vi. 闲逛
796c0ac2-0200-4d29-8141-1884ee08eb5f,derivative,1,b841e016-f98e-4b5b-8d45-1d220fe8c058,wanderer,wanderer,n. 流浪者
b6b1098c-98fa-4bee-b480-d04902c765ef,near_synonym,1,4ff85862-d1a1-4372-8400-ce9d81b51186,sensitive,sensitive,a. 感觉敏锐的
b6b1098c-98fa-4bee-b480-d04902c765ef,derivative,1,d0d93c0a-d83c-40b6-b04f-b0de46684cac,subtly,subtly,ad. 微妙地
2ac53730-7a00-4b79-8da5-b800662f7aad,near_synonym,1,1a3ae415-76d6-4db6-9599-8910b4fcdd7c,provocative,provocative,a. 挑衅的
2ac53730-7a00-4b79-8da5-b800662f7aad,near_synonym,2,dfc0fc95-d463-4a0e-b57f-97240bb3ee99,positive,positive,a. 积极的
7b6a2661-7176-4815-bf66-cf76e87f43aa,derivative,1,7c75d177-6f80-4641-a2c7-0ce699fe62ab,abandonment,abandonment,n. 抛弃；中止
0b0a3117-8119-4ffe-87e9-5faf05714299,derivative,1,7be97d1d-68ac-4579-a0a5-99ae2a4e0a19,analysis,analysis,n. 分析
0b0a3117-8119-4ffe-87e9-5faf05714299,derivative,2,2cbd95a4-8919-4958-8263-ea3f2aac6d37,analytic,analytic,adj. 分析的
0b0a3117-8119-4ffe-87e9-5faf05714299,derivative,3,af11bb5a-42a0-4068-a750-ad7fe2a296c4,analytical,analytical,adj. 分析的
0b0a3117-8119-4ffe-87e9-5faf05714299,derivative,4,a0614cc8-bf92-460c-b198-46305aa77cee,analytically,analytically,adv. 分析地
7be97d1d-68ac-4579-a0a5-99ae2a4e0a19,derivative,1,af11bb5a-42a0-4068-a750-ad7fe2a296c4,analytical,analytical,a. 分析的
7be97d1d-68ac-4579-a0a5-99ae2a4e0a19,derivative,2,f508c70d-1294-4feb-a91d-0057def806ee,analyst,analyst,n. 分析者
195ed666-7375-4fd9-8927-a35fb69f3420,near_synonym,1,e560a365-f384-48ea-bb0e-16f83cb10387,environment,environment,n. 环境
5429f25e-50d0-4d4a-88c5-9c1f1511582d,near_synonym,1,1cd23ef9-791c-4b56-8857-a4caecb70b00,hopeful,hopeful,a. 给人以希望的
1889d94f-1324-43cb-99b2-ca52fb46a3e7,near_synonym,1,dd5e022a-6fc0-45e5-9056-8dd69851e211,chase,chase,n. 追逐
1889d94f-1324-43cb-99b2-ca52fb46a3e7,near_synonym,2,ba4400da-7fb1-4b5c-9f57-d8b041c2b990,pastime,pastime,n. 消遣
a3039cc5-4f8d-4379-8b66-bd6811c98123,near_synonym,1,31b7fa84-b6e2-4fe9-867a-afd6bf0961be,restrict,restrict,vt. 限制
a3039cc5-4f8d-4379-8b66-bd6811c98123,derivative,1,2a88604b-14b9-4956-bc7f-ec356a71f4fe,confined,confined,a. 有限的
13e64830-7e9c-4f30-9b68-07ee338f73fe,near_synonym,1,4e4c1a5b-c122-41c1-a937-66200b34a1ef,endurance,endurance,n. 忍耐力
13e64830-7e9c-4f30-9b68-07ee338f73fe,derivative,1,613940dd-9d25-4215-bbe3-ce82a308e232,tolerable,tolerable,a. 可容忍的
396f0bab-f9f3-4aa7-b2d2-b32ec1a89332,near_synonym,1,5a483687-cbf0-4faf-9578-79abaf1d1e0b,forgiving,forgiving,a. 宽容的
396f0bab-f9f3-4aa7-b2d2-b32ec1a89332,antonym,1,facb7974-26ad-49e6-9ef2-3f074718128b,intolerance,intolerance,n. 宽容，容忍
65816098-9508-4ff1-ba0f-8d02fbae9fc4,near_synonym,1,bf24a206-d6b8-4b58-bd08-aee22a3d5808,form,form,v.+link. 成为……的一部分
65816098-9508-4ff1-ba0f-8d02fbae9fc4,derivative,1,c0023077-aa79-4909-9cce-e2c15c4f7891,constitution,constitution,n. 构成
49a4a848-6293-4a64-82bc-734a47d15c8e,near_synonym,1,f3be11ba-0953-46c6-afa4-02b9d7a0c548,weaken,weaken,v. 削弱
49a4a848-6293-4a64-82bc-734a47d15c8e,near_synonym,2,315e2ec8-156d-465f-964c-4d59a70099c2,destroy,destroy,vt. 破坏
02d538e6-d83b-4d2d-abc9-c47b82f8f741,near_synonym,1,6a6789e9-b893-4f74-be59-54f2005e907d,decrease,decrease,n. 减少
02d538e6-d83b-4d2d-abc9-c47b82f8f741,near_synonym,2,658b9e44-ad86-4d18-a3e1-82a3c914f9b9,reduction,reduction,n. 减少；下降
5489cb7c-1670-4c69-84d1-c5b939ebd6a4,near_synonym,1,2bc4c901-7426-42f0-98b4-7fea75921834,approve,approve,vt. 赞同
5489cb7c-1670-4c69-84d1-c5b939ebd6a4,derivative,1,18c7c24b-e893-4536-9bfc-46502ff3a2dc,endorsement,endorsement,n. 认可
34bff7e2-ab17-47d7-8a6b-4e5a74b02ea5,near_synonym,1,5125c429-50b2-46da-95c7-a1a4d4f8f1ef,bear,bear,vt. 忍受，忍耐
34bff7e2-ab17-47d7-8a6b-4e5a74b02ea5,derivative,1,4e4c1a5b-c122-41c1-a937-66200b34a1ef,endurance,endurance,n. 忍耐力
51d30d71-a45a-4f44-a627-3440a008e848,near_synonym,1,e82d2eca-6d0c-4df4-9cf2-3a25d0f422cc,plan,plan,v. 打算
51d30d71-a45a-4f44-a627-3440a008e848,derivative,1,e5757587-844f-47f3-97be-43fbb8c24e06,intended,intended,a. 打算的
02f196ea-3cd0-4479-84cd-832cf55c85ce,near_synonym,1,9ed02608-8072-443d-b16c-ab9abb14b6ac,purpose,purpose,n. 意图
02f196ea-3cd0-4479-84cd-832cf55c85ce,derivative,1,08313c68-0df5-4b3c-83b7-8b30c9c42d4c,intentional,intentional,a. 故意的
77cddfe9-216f-4695-8aff-ba9093a95e2a,near_synonym,1,51aba54e-82ff-4040-9c6a-1e96f6e1e051,degree,degree,n. 程度
77cddfe9-216f-4695-8aff-ba9093a95e2a,near_synonym,2,548ee385-6e6a-4ee8-995d-3a5d4b7a63a0,scope,scope,n. 范围
64308338-cf09-4164-8b23-c3c86ed39227,derivative,1,550f68db-9cf8-433c-9099-e244e8cc03db,flexibility,flexibility,n. 灵活性
64308338-cf09-4164-8b23-c3c86ed39227,derivative,2,2a125f34-92a8-4d19-9a08-ea095558ec05,flexibly,flexibly,adv. 灵活地
65267935-0f96-4ef2-a4ba-729da74e01b7,near_synonym,1,3390f1f3-b7be-4f63-900a-7064bc3a0393,device,device,n. 仪器；器具
65267935-0f96-4ef2-a4ba-729da74e01b7,derivative,1,4346c702-e625-4105-aa6f-4065587c5f76,instrumental,instrumental,a. 起重要作用的
2e969c15-b522-4a62-8356-c785741d6b56,derivative,1,eadca536-6313-43e2-b105-37dc2543360d,naturally,naturally,ad. 自然地；当然地
2e969c15-b522-4a62-8356-c785741d6b56,derivative,2,3803e4f8-a09e-4f28-9417-0dc07165541c,naturalist,naturalist,n. 博物学家
8e505ecd-ba6a-417f-a980-ea93f43a4385,near_synonym,1,01575627-2fa6-4544-8b43-1dc890531912,martial,martial,a. 军事的
8e505ecd-ba6a-417f-a980-ea93f43a4385,derivative,1,88a97cc1-a68d-4bcd-8ec2-bca8a32dca36,militarily,militarily,ad. 在军事上
e0a5bcf4-f8b3-4025-849d-6a32427c32f4,near_synonym,1,c61a70e7-05d4-48f2-9032-bdb9a92943e7,besides,besides,adv. 此外；而且
e0a5bcf4-f8b3-4025-849d-6a32427c32f4,near_synonym,2,74795c76-a6f0-43d1-8fa9-a11e0a63f9b5,additionally,additionally,adv. 此外
c76c6a33-4594-4f9b-8720-0d95975a3101,derivative,1,855f0ef8-4a0e-4c47-8c9c-a230abc464ab,occupied,occupied,a. 有人使用的
f8f44428-a2af-4a51-bcec-4c26d1c3178a,near_synonym,1,a6b4e42d-a418-4c0d-af0b-3a749a5991e6,announce,announce,vt. 宣布
f8f44428-a2af-4a51-bcec-4c26d1c3178a,derivative,1,da90b514-585f-4709-a918-2ccb90a10a3d,declaration,declaration,n. 宣告
03173d9c-3635-4824-8317-b0c81662b78f,near_synonym,1,e3fe0f7a-f0ee-4f24-a293-467f05dedda0,lay,lay,vt. 铺设
03173d9c-3635-4824-8317-b0c81662b78f,derivative,1,d81f67f9-cd8e-4d7c-b30c-86a05dbe82d0,pavement,pavement,n. 人行道
c2d9ee07-6633-4319-a78a-05f6b2ecb5d8,near_synonym,1,b0c2d93b-9a01-4c9c-a53e-51719c87186f,devote,devote,v. 献身；致力
c2d9ee07-6633-4319-a78a-05f6b2ecb5d8,derivative,1,d26543d8-fdf2-48fe-bbbb-68a232c13e83,dedicated,dedicated,a. 献身的
18502412-52a6-44b7-bc70-7db734f1b88e,near_synonym,1,4f5f5797-07a1-43b2-8a0b-1fa3782c875c,prevailing,prevailing,a. 盛行的
18502412-52a6-44b7-bc70-7db734f1b88e,near_synonym,2,b7c14e0b-e73d-408b-9904-14ad0800693b,defeat,defeat,v. 战胜
01f234f3-bc56-4f30-8508-521158f6b319,near_synonym,1,881872a1-ee3b-4213-a598-a108aacf741f,structure,structure,n. 结构
e1201bfa-ff23-4c9b-8360-0f7bb5bd2985,near_synonym,1,551c1599-03e9-4d01-9564-9ab4bcb8dc7e,valuable,valuable,a. 宝贵的
e1201bfa-ff23-4c9b-8360-0f7bb5bd2985,near_synonym,2,c6279663-8f39-4aa8-8cc5-efec50747e3f,rare,rare,a. 珍奇的
1046713a-525b-4a5e-9afb-0d415b521ea4,antonym,1,bd14a896-ad19-44eb-b8ea-9e9aa8111fa8,degenerate,degenerate,vi. 退化
1046713a-525b-4a5e-9afb-0d415b521ea4,derivative,1,c04dffc8-3532-4d56-9ff6-4a0b3f3ad692,evolution,evolution,n. 进化；发展
0f14bfda-63d8-4068-a39e-a9b177f0541d,near_synonym,1,f37a186d-aacf-4798-8f02-615812de0abe,view,view,n. 风景，景色
0f14bfda-63d8-4068-a39e-a9b177f0541d,near_synonym,2,20353c4b-a317-4495-801b-46f9add1c26e,landscape,landscape,n. 风景，景色
2adddf81-f8ef-4f9c-8ce6-db7e3a439a15,near_synonym,1,9b874772-b560-4599-a699-bc221634e952,arbitrary,arbitrary,a. 任意的
2adddf81-f8ef-4f9c-8ce6-db7e3a439a15,derivative,1,6976ba7d-b17e-49e2-954a-5c7a2812c974,randomize,randomize,vt. 使随机化
8e3c403f-a130-479d-a70f-bbc1d17ea543,derivative,1,2da0dee3-0b6b-4885-8935-ec89ac515a18,revolutionary,revolutionary,a. 革命的
8e3c403f-a130-479d-a70f-bbc1d17ea543,derivative,2,ddf8c81d-f81b-48e3-ab36-3f84b2cc85f2,revolutionize,revolutionize,vt. 彻底改变
9866e2ae-678b-4a7f-8664-775eb74f80b5,derivative,1,1c3c9b97-3600-43d5-8b4f-2ead828969d4,slippery,slippery,adj. 滑的
1c3c9b97-3600-43d5-8b4f-2ead828969d4,near_synonym,1,d4cf1214-2f2f-43a2-9d81-396a984e84a4,tricky,tricky,a. 棘手的
761c2d12-507e-45a0-a59e-0a401e5a5ccc,near_synonym,1,1e079daf-fe77-4cbe-b117-4b2a906cb824,hover,hover,vt. 翱翔
761c2d12-507e-45a0-a59e-0a401e5a5ccc,derivative,1,917d6d05-e826-40b3-8322-fe025af0b2e1,soaring,soaring,a. 高涨的
2af590df-efc7-4b50-9ada-d74f76bed2fe,near_synonym,1,3d3d322e-8b9f-4880-81b8-0fd7110f9a82,foundation,foundation,n. 根据
2af590df-efc7-4b50-9ada-d74f76bed2fe,derivative,1,c5165d8b-2112-4fec-88b2-65677f2854ae,substantial,substantial,a. 大量的
e92ecb37-ec5f-4cc6-a570-c51a8594460a,near_synonym,1,cd334e9b-edab-4ea3-b6f1-7fc3728ee908,conceive,conceive,vt. 构想
e92ecb37-ec5f-4cc6-a570-c51a8594460a,derivative,1,95ef2ecd-e273-4e2a-b069-cee7f940ec20,formulation,formulation,n. 制定
6422d195-9e7e-455b-bdc1-cbc9b08f098f,near_synonym,1,afc54709-0f0c-4471-95e8-69a1f772c996,game,game,n. 猎物
7c8f9e3f-2c16-4bd9-a50c-e4c6633d4c7f,near_synonym,1,812eb64d-1b4d-4f3e-9ca1-33b04690b085,strategy,strategy,n. 策略
7c8f9e3f-2c16-4bd9-a50c-e4c6633d4c7f,derivative,1,5d5f13da-2afc-46fc-bcf8-543c1d680278,tactical,tactical,adj. 策略性的
f30ff7b1-8d6c-470d-b6e3-5a2315fe104d,near_synonym,1,77b2fe2e-18e6-49bd-be44-6bfdd1ffd7d1,renew,renew,vt. 更新
f30ff7b1-8d6c-470d-b6e3-5a2315fe104d,near_synonym,2,25222fea-6b69-4be0-a975-1be3b36c59bd,refresh,refresh,vt. 更新
26228a1f-7b35-498b-8b29-d072d7538e77,near_synonym,1,92bc29ed-6875-4c6d-bd04-74374410c747,risk,risk,vt. 冒险做
26228a1f-7b35-498b-8b29-d072d7538e77,derivative,1,e17b672b-d18f-45ac-9c2c-316825f5ec98,venturesome,venturesome,a. 有冒险精神的
c90e6ebb-d22c-4cdf-872d-97db910a3500,near_synonym,1,db291125-d727-46da-ab5b-e72437a69552,oral,oral,a. 口头的
9636915c-d962-4e45-80a4-a95978bb90f3,near_synonym,1,ebab1dea-8ff8-4c07-80c3-95055611eb2e,bias,bias,n. 偏见
9636915c-d962-4e45-80a4-a95978bb90f3,derivative,1,712a9834-7e18-4aa5-99e5-e18c65197735,prejudiced,prejudiced,a. 有偏见的
48ec9b5f-b377-4742-ba27-c866c0211c5e,derivative,1,0df7a687-e4bd-435d-ac8c-be2e8d160587,autobiography,autobiography,n. 自传
48ec9b5f-b377-4742-ba27-c866c0211c5e,derivative,2,f7766ada-829e-4b8e-a957-4741e91ae116,biographical,biographical,a. 传记的
9577077f-dc53-4b1d-b1d2-f0bae1286ae8,near_synonym,1,691b7a7b-29d7-4d99-b6ec-9aa114c9dbc8,pressure,pressure,n. 压力
9577077f-dc53-4b1d-b1d2-f0bae1286ae8,derivative,1,40fbddf0-df6f-4eac-a75a-d06b27b71fc7,strained,strained,a. 紧张的
7b6eab8b-d191-41da-aec0-ac035a0ba5a6,near_synonym,1,40860f0a-69d4-4d94-8f4f-55c1657f37aa,contain,contain,vt. 抑制
7b6eab8b-d191-41da-aec0-ac035a0ba5a6,derivative,1,aa92c49b-2a0f-457c-a1fb-090933b59712,restraint,restraint,n. 抑制
aa92c49b-2a0f-457c-a1fb-090933b59712,near_synonym,1,b059dc30-a031-483d-b2dd-53eba74f9ff9,inhibition,inhibition,n. 抑制
aa92c49b-2a0f-457c-a1fb-090933b59712,derivative,1,26e243b2-7b74-4304-8097-88a9167c7514,restrained,restrained,adj. 克制的
67b1d033-6fc3-4ac1-bad9-77c238d8b23e,near_synonym,1,49951dda-f927-46d4-a7e9-21a5a1dcad04,careful,careful,a. 谨慎的
67b1d033-6fc3-4ac1-bad9-77c238d8b23e,derivative,1,0d457384-0a52-4634-8936-574a3308c70b,cautiousness,cautiousness,n. 谨慎
714bcb5e-a64e-45ca-b5ec-a1f6322a3886,derivative,1,fd14b44f-43a8-4ddc-b969-75de63f5d198,compensation,compensation,n. 补偿
cebb212d-6670-4a0d-bd8d-fb906fe95542,antonym,1,8f2ca0c6-169b-41de-891b-4cf92a3cd4e4,inspire,inspire,vt. 鼓舞
cebb212d-6670-4a0d-bd8d-fb906fe95542,derivative,1,f04abbd4-e7c0-49f9-9090-fdea36d32dc3,depressed,depressed,a. 沮丧的
378ecc9f-901b-4cf4-8238-b88206627769,near_synonym,1,863145af-bf51-46df-9e6a-b3f670051872,certificate,certificate,n. 文凭
560a69bb-c5c8-44a1-b2a2-b84f6f7cf823,near_synonym,1,2d2a8d21-58b3-4a93-9da6-59d9a17bc040,chaos,chaos,n. 混乱；杂乱
6fc8c833-22a5-4ca0-a174-7f1cbbef8eae,near_synonym,1,7db8a53e-00ba-435c-b1fa-ec97f98c62e0,insert,insert,vt. 嵌入，插入
9d90c4f1-748d-4ff8-9448-45b5848fd126,near_synonym,1,1ae89f0f-ba99-4c8b-9414-40810bec4231,competition,competition,n. 比赛；竞争
9d90c4f1-748d-4ff8-9448-45b5848fd126,derivative,1,ff42be5a-c94d-4aca-a31d-3ad73347ad30,contestant,contestant,n. 竞争者
ae526d5d-7a65-4391-a1bb-ce208eaa5d0d,near_synonym,1,4829b57f-57a5-44c5-a6d1-c90d6e812ee0,compete,compete,vi. 竞争
ae526d5d-7a65-4391-a1bb-ce208eaa5d0d,derivative,1,4d477687-740a-469d-a3f9-cd1edb069d31,contentious,contentious,a. 有争议的
4bf148fa-c003-4978-b4bb-6679408e1375,near_synonym,1,04e2c888-2ea9-4b54-98ac-abdb9c754bff,involve,involve,vt. 需要
64a160cb-162b-4146-b387-098ce8f1c166,near_synonym,1,41db9722-e6de-4971-a573-710c643ad943,essential,essential,a. 必不可少的
4c088c15-e7e9-40c8-80fb-d6f4d2e496c2,near_synonym,1,7eb79a94-ef94-406c-9044-ea9ca934b2f7,continual,continual,a. 频繁的
4c088c15-e7e9-40c8-80fb-d6f4d2e496c2,derivative,1,73dc3e31-b9c6-48da-b147-58335e059430,frequency,frequency,n. 频率
cdcfa559-d428-4695-a3f0-a1cb6005a310,near_synonym,1,67ee655f-6a56-490c-940a-d842d980268f,intervene,intervene,vi. 干预
cdcfa559-d428-4695-a3f0-a1cb6005a310,derivative,1,6074eaa4-8f55-4c82-a899-823aab9e120f,interference,interference,n. 干涉
2eaa70c6-1c36-4880-9291-f7b6a28577ab,near_synonym,1,70fb1150-323d-49e1-aa43-df56a8c01457,mythology,mythology,n. 神话
2eaa70c6-1c36-4880-9291-f7b6a28577ab,derivative,1,b99fd294-d2d4-4e92-b2cc-41e60e410a8e,mythical,mythical,a. 神话的
d777e3ce-0d20-4aa7-a7a7-d51926469a77,near_synonym,1,1e107175-bfb8-475c-915a-61e7e4b50088,fame,fame,n. 名望
d777e3ce-0d20-4aa7-a7a7-d51926469a77,derivative,1,fb6ba773-62f5-425b-97e1-ae7324455e59,prestigious,prestigious,a. 有声望的
bedaa0aa-1f7d-4d38-8fcc-0313e267182c,near_synonym,1,85699430-bc3c-4c40-a9c6-4d30d2af05ba,deliver,deliver,v. 传送
bedaa0aa-1f7d-4d38-8fcc-0313e267182c,derivative,1,15def9a0-f619-4a68-ad73-110dc728c5f7,conveyor,conveyor,n. 传送者
bcd94641-d085-4ddf-adcc-7b53aeb96cab,near_synonym,1,f675bb67-cd90-401d-a375-23934b3cdf45,skyrocket,skyrocket,vi. 飞涨
bcd94641-d085-4ddf-adcc-7b53aeb96cab,near_synonym,2,761c2d12-507e-45a0-a59e-0a401e5a5ccc,soar,soar,vi. 猛涨
9ebb674d-e502-4002-8c26-e72c4a3ea624,near_synonym,1,6799d17e-fb26-46fe-a222-acd8b3d5c8b8,main,main,adj. 主要的
9ebb674d-e502-4002-8c26-e72c4a3ea624,derivative,1,c1223c45-4b91-4272-a107-cd5215d8a127,principally,principally,adv. 主要地
773350cb-887d-4bf5-b15d-32124ed5832c,near_synonym,1,135db493-df69-470c-8b28-00885554a58e,unavoidable,unavoidable,a. 不可避免的
773350cb-887d-4bf5-b15d-32124ed5832c,derivative,1,b759926e-0d5e-4b9b-9638-edfda474da4a,inevitability,inevitability,n. 必然性
eff5dbeb-e06a-446e-8b94-72116a3391ec,near_synonym,1,b1cbf935-01b6-4e83-ab0c-e81d1ba20c97,advisable,advisable,a. 明智的
eff5dbeb-e06a-446e-8b94-72116a3391ec,derivative,1,30e5e60f-c470-49db-83fc-9075e7ae013c,sensibly,sensibly,ad. 明智地
8cb4927a-61e9-452e-8e78-4bc0183103c2,near_synonym,1,02a8ccdb-2fb1-4f2e-92d3-6eff248079eb,doubtful,doubtful,a. 怀疑的
8cb4927a-61e9-452e-8e78-4bc0183103c2,derivative,1,f04f5079-5bcc-4a84-b7b9-b3e348e675e6,skepticism,skepticism,n. 怀疑主义
045091fa-88f9-450f-9b3a-80692f4b2392,near_synonym,1,4d75816a-dc90-4625-9b27-02c70ad81ca7,evaluation,evaluation,n. 评估
045091fa-88f9-450f-9b3a-80692f4b2392,near_synonym,2,d9f782f5-001a-4ab8-91e7-54393f163168,assess,assess,vt. 评估
bbefc4fe-0961-4a39-ae4a-cdd9821afb05,near_synonym,1,df10ff96-40fa-416f-b3da-2d0955ce3ad1,steady,steady,a. 稳定的
bbefc4fe-0961-4a39-ae4a-cdd9821afb05,antonym,1,7a4fa671-1713-4ccb-8bb0-1d860e516fa4,unstable,unstable,a. 不稳定的
2f28e946-bf76-4120-ac26-fbecc449d380,antonym,1,adfae214-bac9-4fc7-a247-cf22eae971d7,instability,instability,n. 不稳定（性）
2f28e946-bf76-4120-ac26-fbecc449d380,derivative,1,f343f0de-3f70-4564-8e3c-fdc26434dd7c,stabilize,stabilize,v. （使）稳定
9c708563-e7a9-437b-8725-6d476347c53e,near_synonym,1,e1651922-bc4e-427e-b1f5-2f19103fa44a,regulation,regulation,n. 法规
9c708563-e7a9-437b-8725-6d476347c53e,near_synonym,2,93afa5af-54a6-48b0-b606-6448c9d26787,legislative,legislative,adj. 立法的
2702710e-310d-409d-a7f3-3bebbdf84d5b,near_synonym,1,31d60fdf-85fc-4bf9-8374-dc067b0ca512,outstanding,outstanding,a. 优秀的
2702710e-310d-409d-a7f3-3bebbdf84d5b,derivative,1,8591cda9-a76d-46ad-bdd0-7109491f568f,exceptionally,exceptionally,ad. 特别
40a6edc8-df7d-425b-a337-71a6cc8fbf12,near_synonym,1,e828428a-f472-471d-904c-53a3946cb540,allowance,allowance,n. 补贴
40a6edc8-df7d-425b-a337-71a6cc8fbf12,derivative,1,d43fb858-da8e-471e-9227-69a51d4c027b,subsidize,subsidize,vt. 补助
70495397-e412-4e30-8596-9828d2cf76f7,near_synonym,1,42ba05f4-c492-4454-b592-f5afd26f6bf8,bodily,bodily,a. 身体的
70495397-e412-4e30-8596-9828d2cf76f7,derivative,1,4d0dc32b-1ce0-45d4-8977-ecb4b98cb42c,physician,physician,n. 内科医生
4d0dc32b-1ce0-45d4-8977-ecb4b98cb42c,near_synonym,1,f0a55aa0-5132-4903-987d-c6cbc1ce6da2,doctor,doctor,n. 医生
2baff32e-04ae-41c6-8959-30eaacf0323f,near_synonym,1,c697bdd0-def4-4470-8dcc-6950ed986961,boundary,boundary,n. 边界
2baff32e-04ae-41c6-8959-30eaacf0323f,derivative,1,0dd846d7-11f6-4ac3-864f-6ec951bf5f5b,borderline,borderline,n. 分界线
799a97ce-8d71-4b11-b07e-cdd995e28eef,derivative,1,eb988bf5-93a1-48b4-97c7-37705b5ec9cc,aspiration,aspiration,n. 渴望；志向
74112cae-ad8e-46c6-8f53-e4ab0d8ade1d,near_synonym,1,4bb34fcd-c613-4713-9840-991e737982d0,allure,allure,n. 诱惑
204255c6-aa94-4123-8e66-70816a8409e9,near_synonym,1,25c39544-0241-4837-917f-a4983abfe899,teaching,teaching,n. 教学
82f24a7b-4d83-4707-b399-f7d45a6391d7,derivative,1,f6f99d0e-9adb-4a32-a5cf-ab9988321d39,underlying,underlying,a. 潜在的
f6f99d0e-9adb-4a32-a5cf-ab9988321d39,near_synonym,1,60b2441a-5f64-4d9c-95df-ded5ef1760e4,potential,potential,a. 潜在的
f6f99d0e-9adb-4a32-a5cf-ab9988321d39,near_synonym,2,9f60e575-0b80-4e9c-ba66-25e4bd2e2075,radical,radical,a. 根本的
88c844da-63c4-4033-9a45-6be7a0937021,near_synonym,1,13996482-4892-48a1-9f37-e67ff5ad1f6a,force,force,n. 暴力
35fc8612-c904-4722-b339-e0ce5fb135f1,near_synonym,1,396b3704-9923-44c3-b27b-dbd16551b665,intense,intense,a. 剧烈的；强烈的
35fc8612-c904-4722-b339-e0ce5fb135f1,derivative,1,88c844da-63c4-4033-9a45-6be7a0937021,violence,violence,n. 暴力
bc9c13db-8df1-40e2-b101-090c38ba79e6,near_synonym,1,8aa56e7c-48c1-41ad-be5b-b27e8b544462,evidence,evidence,n. 人证
07502a02-e613-4133-9a19-30331cf18de7,near_synonym,1,60a56564-4824-46e3-a2b0-62a36d96f40a,mutual,mutual,a. 共同的
07502a02-e613-4133-9a19-30331cf18de7,derivative,1,9fa36fb3-2ae5-4e84-bc14-09d51fd16fa0,commonly,commonly,ad. 一般；通常
804c3bf7-f589-491f-9b3b-1e4c5e942c93,near_synonym,1,2a3eb341-ff60-4e55-acfc-81e5c3114a7c,residence,residence,n. 住处
804c3bf7-f589-491f-9b3b-1e4c5e942c93,near_synonym,2,31d6181c-c15a-40de-a409-73a28ea3d6bf,compromise,compromise,n. 和解
d6f3f60f-f49a-4e2a-915e-6e166894be5c,near_synonym,1,8f536cc2-d638-4e9a-9c7a-416b920d6343,adapt,adapt,v.（使）适应
d6f3f60f-f49a-4e2a-915e-6e166894be5c,derivative,1,804c3bf7-f589-491f-9b3b-1e4c5e942c93,accommodation,accommodation,n. 住处
6496f343-4b16-4711-925f-57ebf1f5d392,near_synonym,1,8118d41e-61ff-48ff-a159-8a990dcb3787,deal,deal,n. 交易
6496f343-4b16-4711-925f-57ebf1f5d392,near_synonym,2,f20bf801-79a7-40c4-a176-5d6df0ef7648,trade,trade,n. 交易
f50bc6a7-fbb2-4a3d-b804-a3e4db9152c2,near_synonym,1,845b5172-da27-4c96-a5d9-fd95a45feb81,moderate,moderate,vt. 缓和
f50bc6a7-fbb2-4a3d-b804-a3e4db9152c2,derivative,1,75291ee4-d316-45d2-815e-cde35b604cf6,alleviation,alleviation,n. 缓和
1985001f-9d07-40d8-b05c-8f5c516c8cef,near_synonym,1,b2add5d3-351e-43a0-92ef-7681e1297d2f,operation,operation,n. 手术
1985001f-9d07-40d8-b05c-8f5c516c8cef,derivative,1,4f2a4e47-032b-4907-a52f-c448508c5902,surgical,surgical,a. 外科的
6432d82f-e71f-4d2c-99b4-2de977ddfb2d,antonym,1,d211549a-f28a-452d-80fd-c34745499884,incomparable,incomparable,a. 不可比拟的
164fca39-df76-4eb9-bc6e-350366591a6c,near_synonym,1,bc528e39-0095-481a-9cc6-80b43a5b898e,money,money,n. 货币
c72b0b24-6e3b-4a6e-9df8-fea12b8f98d8,near_synonym,1,b24fe997-d595-4e54-a144-a57b78d76550,maintain,maintain,vt. 保持
c72b0b24-6e3b-4a6e-9df8-fea12b8f98d8,derivative,1,4e61e251-1bcd-4e60-a1d6-3dbd45b55ec1,sustainable,sustainable,a. 可持续的
a897335b-321a-408c-ad91-a2b1fb63931d,derivative,1,99afb3f6-7a15-47bf-8e1a-0d182ae6671f,adherent,adherent,n. 拥护者
a897335b-321a-408c-ad91-a2b1fb63931d,derivative,2,20009619-86e1-48c1-9eb8-83ea9c56b890,adherence,adherence,n. 坚持；遵守
8abd7670-09c3-481f-9eb5-3d1289eb0f3c,derivative,1,8226877d-021d-425d-9d36-0f40d53c8ae4,colonialist,colonialist,n. 殖民主义者
e918b777-c7d9-4a17-aa51-fbac3e46fded,near_synonym,1,50ee9144-2414-4db5-945a-c66cd4d37cb1,surpass,surpass,v. 超过
e918b777-c7d9-4a17-aa51-fbac3e46fded,derivative,1,3b7341b2-1cc1-4ba9-92df-88c045ba8a42,exceeding,exceeding,a. 超越的
d7c74686-3284-4a60-b760-de5b29c90c1b,near_synonym,1,d2d3b179-2fec-4217-867d-bff7895abe27,remove,remove,n. 距离
dea8dfa5-3785-41e7-8212-c42656b66d06,near_synonym,1,e50c0ac8-e75f-4434-85b9-703d89759541,guarantee,guarantee,vt. 确保
dea8dfa5-3785-41e7-8212-c42656b66d06,derivative,1,7dd85047-0351-4ae5-84f5-48831c17e520,assurance,assurance,n. 确保
7dd85047-0351-4ae5-84f5-48831c17e520,near_synonym,1,d74933b2-5b73-4cc0-b80b-e123959c8ab3,promise,promise,n. 保证
7dd85047-0351-4ae5-84f5-48831c17e520,near_synonym,2,ee9a0744-75cc-41b6-a004-23d2ea0442a1,confidence,confidence,n. 自信
6febbf4f-63b6-4489-9cf1-bec2843ebe04,near_synonym,1,87f92c50-d208-4093-a080-88d9b2e3e53a,financial,financial,a. 财政的
6febbf4f-63b6-4489-9cf1-bec2843ebe04,derivative,1,fc772baf-afdf-478c-ac8e-1157c4d6ec1a,fiscally,fiscally,ad. 财政上
7b922f0c-bc8b-453e-847d-7542fde0b716,antonym,1,8cec20b1-ec83-499e-be1b-abc937c3fe08,mean,mean,a. 吝啬的
7b922f0c-bc8b-453e-847d-7542fde0b716,derivative,1,ea983d5b-f440-478f-9715-da5fcc289910,generosity,generosity,n. 慷慨；大方
2e8f49d7-b136-4378-a41a-8dd42fce1968,near_synonym,1,004c4f26-ad55-41f2-b317-305996b0ec96,globe,globe,n. 球体
477b57d9-8cd6-4b0f-bfd9-674fea90e4a4,derivative,1,4834c630-7142-498d-8930-003da7718e13,hemispherical,hemispherical,a. 半球形的
5b16f458-6501-40d8-9344-7d45fa8e9681,derivative,1,3d361af8-d827-40b8-b8d1-91cf4e0a798a,ideological,ideological,adj. 思想体系的
a91c525e-f593-4459-97ca-1a3292354186,antonym,1,892639b9-640b-4bc3-b229-8e4dc9cbff3c,susceptible,susceptible,a. 易得病的；易受影响的
a91c525e-f593-4459-97ca-1a3292354186,derivative,1,4af2dfbd-6288-4153-8bc7-4a93e64c4b3f,immunity,immunity,n. 免疫力
d7a30b66-61a4-410a-8ec2-b72ce9d764bb,near_synonym,1,9005d805-e7c7-4cee-92b3-840f01f20bdf,affect,affect,vt. 影响
d7a30b66-61a4-410a-8ec2-b72ce9d764bb,derivative,1,bbf44d9d-e377-4114-a0d0-a7063f0f1053,dictation,dictation,n. 口授
889aa573-6270-49a1-a21a-4f1faad5f1cc,near_synonym,1,b402a978-f944-4e41-adef-8ed8345385f9,top,top,a. 最高的
889aa573-6270-49a1-a21a-4f1faad5f1cc,derivative,1,f3645fd5-df22-42fd-9b83-6a673c5f53a8,supremacy,supremacy,n. 最大权力
e541c64f-4b9f-4c45-9c73-d1073c671af2,near_synonym,1,3d0c9563-d04b-4673-afc7-96a961336e3e,contort,contort,v.（使）扭曲
e541c64f-4b9f-4c45-9c73-d1073c671af2,derivative,1,a51f4b0b-ca87-4262-a8a2-9cc2bffc19f3,distortion,distortion,n. 扭曲；曲解
6f827cdb-ef92-4e16-bd34-141191f48e60,near_synonym,1,0b80e982-3d17-4ed4-8699-3a9feaa8443b,distribute,distribute,v. 分配
6f827cdb-ef92-4e16-bd34-141191f48e60,derivative,1,0e650785-747d-4e60-93d2-3e20b5c2ae33,allocation,allocation,n. 分配
2658990c-cfff-447c-b726-f788857b0414,near_synonym,1,b0805971-d99c-41de-bb21-9d9ff49693a4,command,command,v. 控制
2658990c-cfff-447c-b726-f788857b0414,derivative,1,c8f419f9-0fd9-4938-a629-5fae079bdacf,domination,domination,n. 支配；控制
6c419149-0e9f-4939-91b0-6a5ccbdd7578,derivative,1,d9588342-92e0-4dac-89aa-96d864f1cd3c,dominance,dominance,n. 支配；优势
ea658f31-c8d5-4c7d-b6ae-68e5cf93fcb1,near_synonym,1,c08fa2d5-392d-4c67-a11b-1c200b4c404a,responsibility,responsibility,n. 责任
ea658f31-c8d5-4c7d-b6ae-68e5cf93fcb1,near_synonym,2,e0ef614f-b4a0-47be-91d0-4cb165a432c4,obligation,obligation,n. 义务
427a7143-180c-4835-8aff-05617474c3bd,near_synonym,1,e80e1dcd-81a8-49bc-82ce-fb575ee819f7,enlarge,enlarge,v. 扩大
427a7143-180c-4835-8aff-05617474c3bd,near_synonym,2,5fff9b79-9a3c-4262-9e0d-32591123bdbe,exaggerate,exaggerate,v. 夸大
064c6348-075c-4639-9b09-2cc45c0b10de,near_synonym,1,585cc618-5462-46b3-ad7e-3cafd544f38c,handle,handle,vt. 操纵
064c6348-075c-4639-9b09-2cc45c0b10de,near_synonym,2,3697b98a-c7fb-4349-bf76-dde4db1fe62d,operate,operate,v. 操作
4593a26e-a73a-4b31-a747-f05932efaa66,antonym,1,3051b197-bc32-4ba3-b58c-9131515bfbd2,impolite,impolite,a. 无礼的
4593a26e-a73a-4b31-a747-f05932efaa66,derivative,1,89a72b9a-0ff5-47ad-a19c-683cd487cb46,politeness,politeness,n. 有礼貌
9435b95b-dffa-479e-946f-5303eaa77d30,derivative,1,0ce0fb06-0230-45f9-b851-43bd37825cc4,extensional,extensional,a. 延展的
50185eea-7ba3-4d1e-b4c0-bb06c942b6d7,near_synonym,1,d2cadbbe-4483-4afc-b9e5-60919bbe878d,expansive,expansive,a. 广阔的；广泛的
50185eea-7ba3-4d1e-b4c0-bb06c942b6d7,derivative,1,6d0c939d-eae6-4f3c-9b10-8b7d68798a76,extensively,extensively,ad. 广泛地
2c5eb7a6-7703-4088-a0f6-987d2fe213d1,derivative,1,7c419ce6-e6c7-486a-8c09-30f12d0364a8,politician,politician,n. 政治家；政客
7c419ce6-e6c7-486a-8c09-30f12d0364a8,near_synonym,1,2ce493cd-63ce-4053-9285-bd2e8ba84e78,statesman,statesman,n. 政治家
c8149df8-f73c-4d69-b291-d11c21559a8d,near_synonym,1,19994e37-cb42-4308-a4d3-ee236167f47a,urban,urban,a. 城市的
79fde949-e734-48eb-9a31-ad19848188c2,near_synonym,1,2f51bd73-af36-4bb8-a1f4-67e808a8134f,lucky,lucky,a. 幸运的；侥幸的
79fde949-e734-48eb-9a31-ad19848188c2,derivative,1,5f50fa75-1009-469b-9ec8-7b0064d8d7b6,fortunately,fortunately,ad. 幸运地
defdf22b-a49d-41d1-af58-b79a69aab78a,near_synonym,1,828459cc-a3f4-4e66-9776-b781ea9d3c27,disaster,disaster,n. 不幸
defdf22b-a49d-41d1-af58-b79a69aab78a,antonym,1,0b93bbef-4ab9-40be-b3d5-610723cb1157,fortune,fortune,n. 幸运
b6effefd-cba8-4c6e-b1d3-e4f099608d52,near_synonym,1,fb5c26b7-b838-4db4-ac74-5873f3efab9d,rival,rival,n. 对手，竞争者
b6effefd-cba8-4c6e-b1d3-e4f099608d52,antonym,1,8635f965-539d-4a4e-9113-1a4e372dbeb1,supporter,supporter,n. 支持者
dbd73ec1-a059-431b-9a7e-ecc453ec99e1,near_synonym,1,9a790db5-7b71-4bab-b692-1def6551dee1,amount,amount,n. 数量
dbd73ec1-a059-431b-9a7e-ecc453ec99e1,derivative,1,11c803d0-c291-4c19-8c3f-e50033a4c8c5,quantitative,quantitative,a. 数量的
11c803d0-c291-4c19-8c3f-e50033a4c8c5,derivative,1,3bf241c9-aa12-4049-8376-aee35baa6bc8,quantitatively,quantitatively,ad. 数量上
11c803d0-c291-4c19-8c3f-e50033a4c8c5,derivative,2,869d161e-7263-4b15-af26-d77d3af08bec,quantifiable,quantifiable,a. 可计量的
5f19c809-feeb-45af-9c71-bcc936b556f1,near_synonym,1,f6e27137-0dd0-4ecc-aedd-76e6101b8bca,actuality,actuality,n. 事实
5f19c809-feeb-45af-9c71-bcc936b556f1,derivative,1,c885873f-a3a2-46c0-b623-84fcb2f64e7d,realistic,realistic,a. 现实的
c885873f-a3a2-46c0-b623-84fcb2f64e7d,near_synonym,1,0e46f20a-26be-4d5a-b32d-6f80de3e4e6c,lifelike,lifelike,a. 逼真的
c885873f-a3a2-46c0-b623-84fcb2f64e7d,antonym,1,ea7c7600-cc54-4aa4-ac7d-1ce451739bcb,unrealistic,unrealistic,a. 不切实际的
376834d8-b85d-4796-912c-3a946f7a0933,derivative,1,666c7671-4902-431c-814f-8d0c25c513da,diagnosis,diagnosis,n. 诊断；判断
376834d8-b85d-4796-912c-3a946f7a0933,derivative,2,f4fdc183-ed94-4d25-a126-3be8c2a2d819,diagnostic,diagnostic,a. 诊断的；判断的
e8c54574-5d8b-4c2d-8fad-d8abfb12489e,near_synonym,1,d9d9e0f4-2839-42dc-9bb9-1f1556cd1d74,invent,invent vt.,发明
e8c54574-5d8b-4c2d-8fad-d8abfb12489e,derivative,1,c863d7a2-ce29-403e-9871-fe14ff3acee9,originator,originator n.,创始人
4ce6ec1c-3bd4-4f88-b6fc-67629c071f63,near_synonym,1,cf1886dd-3020-488c-a224-138be6897681,consult,consult,vt. 查阅
4ce6ec1c-3bd4-4f88-b6fc-67629c071f63,derivative,1,f65dc3c5-2bb7-4dd5-a6c4-8315736c2700,reference,reference,n. 参考；提及
f65dc3c5-2bb7-4dd5-a6c4-8315736c2700,near_synonym,1,8bba7b5c-4721-4cdc-bdfa-b560ac677627,mention,mention,n. 提及
31274361-6dec-4098-9a74-891e29878181,near_synonym,1,ce309ae0-58b9-4528-b9ce-40918f8f8cef,adopt,adopt,v. 采取
31274361-6dec-4098-9a74-891e29878181,near_synonym,2,f70bd17a-0569-40aa-8d8a-9bf6095d8f9a,attraction,attraction,n. 浏览胜地
4012d7ba-7c46-400b-bb47-fbc3bb5b3563,near_synonym,1,073c6ba9-64b0-4681-85f6-5afdc2574e42,agreement,agreement,n. 协议
29f41d72-3d42-4bd7-ad9c-8ba6640c3635,near_synonym,1,e6ce8f6b-9047-42f7-a2ff-bab25fbba0a9,strong,strong,a. 强健的
29f41d72-3d42-4bd7-ad9c-8ba6640c3635,derivative,1,5a4b2ab3-448d-4664-ab9f-75e7f329aa64,robustness,robustness,n. 精力充沛
dc5b240a-fbf9-423d-9bda-3ed41cf0f14c,near_synonym,1,d81eda90-2348-4e42-bb68-84dfc3c12639,replace,replace,v. 代替
dc5b240a-fbf9-423d-9bda-3ed41cf0f14c,derivative,1,60ac2e26-a127-4193-8501-e8aa24d4cb20,substitution,substitution,n. 代替（物）
8753b49f-0c1a-4c53-b393-8182b4d2d14e,antonym,1,f02ef339-44f5-4152-be9b-e0098df6d583,murder,murder,n. 谋杀
8753b49f-0c1a-4c53-b393-8182b4d2d14e,derivative,1,cb8efc2f-7a74-4ac6-8ffa-7f9d4a0f5aa9,suicidal,suicidal,a. 有自杀倾向的
f67eba29-da9c-425a-b4bd-48f800224d1e,near_synonym,1,34d32361-6248-448c-8739-9b42f44abe0f,domain,domain,n. 领域
f67eba29-da9c-425a-b4bd-48f800224d1e,derivative,1,55b0481a-1ec4-41f4-b0f0-f2a746070ace,territorial,territorial,a. 领土的
3c980581-4022-45ea-ab45-972b4f20f076,near_synonym,1,04be1e86-bab7-4ea9-ac92-825c587c532a,defend,defend,v. 保护，保卫
3c980581-4022-45ea-ab45-972b4f20f076,near_synonym,2,92a00846-1b71-4ea8-bec1-d50c010a7fa6,protect,protect,v. 保护
3dcbe7eb-00fb-4d64-a22f-8678d41ab3ed,near_synonym,1,ccfc486c-b184-4e72-98ee-ea1c1be86a24,experience,experience,vt. 经历
3dcbe7eb-00fb-4d64-a22f-8678d41ab3ed,near_synonym,2,ec44e36c-e12b-4fa3-bd7a-d7bc3ea4e718,suffer,suffer,vt. 经受（疼痛）
680d92f2-74b4-40e6-a056-1b71cfa86346,near_synonym,1,041525f4-3fd6-48b0-8805-78b914b6e6d4,change,change,n. 变化
ebd5ac79-70d6-4b70-ac0e-00c06018497e,near_synonym,1,66b90e5d-7ad5-4168-b265-42f70832c42a,victimize,victimize,vt. 使受害
ebd5ac79-70d6-4b70-ac0e-00c06018497e,near_synonym,2,d5baf62c-1b0f-4b76-88d2-cde3c2ce328a,casualty,casualty,n. 受害者
34b6baa4-ec7f-4879-a91b-d60d32c20539,near_synonym,1,4e5a6579-83a6-4f10-a613-98f7c0dabf1b,approval,approval,n. 同意；认可
34b6baa4-ec7f-4879-a91b-d60d32c20539,derivative,1,0b3f60ec-610a-4196-a6f5-6bb74a2e01c9,acceptable,acceptable,a. 可接受的
8b0cdf1c-0c2d-4baf-a6f5-43b6f727190f,near_synonym,1,16aaa419-e511-4b87-9441-e56b83b761a9,will,will,n. 意志
8b0cdf1c-0c2d-4baf-a6f5-43b6f727190f,derivative,1,3f127dff-6d51-4e50-a42a-950d4a2d7d8d,spiritual,spiritual,a. 精神的
0acf788b-7116-4018-9519-58362dd5f061,near_synonym,1,30d37550-8f38-4ed2-adf3-c51b372a9bae,grasp,grasp,vt. 抓紧
0acf788b-7116-4018-9519-58362dd5f061,derivative,1,a859241f-0b1a-4156-9d3f-d18640f82de4,clingy,clingy,a. 过于依赖别人的
eca00205-f081-41d6-8b7f-83c21b275508,near_synonym,1,65816098-9508-4ff1-ba0f-8d02fbae9fc4,constitute,constitute,v. link. 构成
eca00205-f081-41d6-8b7f-83c21b275508,derivative,1,7b51b760-e920-4af5-860c-bb9c102bef6e,composition,composition,n. 构成；作品
7b51b760-e920-4af5-860c-bb9c102bef6e,near_synonym,1,f741d549-0842-4ab6-8b71-b80c108b66df,work,work,n. 作品
7b51b760-e920-4af5-860c-bb9c102bef6e,near_synonym,2,791c2526-2417-4d94-ba54-e1effecc1e59,constituent,constituent,n. 成分
a2811f2a-7f02-459d-93b3-3c80868e0543,near_synonym,1,f7d32128-ce93-4a75-892a-1cb43f044c37,excite,excite,vt. 使激动
a2811f2a-7f02-459d-93b3-3c80868e0543,derivative,1,dd16dde3-dffc-45c6-84cd-08b4de21586b,thriller,thriller,n. 惊险小说
3d0f661a-8d49-4002-9a49-d9143a38e305,near_synonym,1,20aab2f6-00f1-4c1c-b96a-5c42d70c3ab4,obvious,obvious,a. 明显的
3d0f661a-8d49-4002-9a49-d9143a38e305,derivative,1,8aa56e7c-48c1-41ad-be5b-b27e8b544462,evidence,evidence,n. 证据
59d2b202-3cee-4ca4-b700-22f169eee3ae,near_synonym,1,dba08cad-a20a-4880-85f3-5da0866ee0e2,textile,textile,n. 纺织品
59d2b202-3cee-4ca4-b700-22f169eee3ae,derivative,1,7738c190-d62d-45db-bc79-335797a5a7f0,fabricate,fabricate,v. 捏造
72b2ffbc-2616-435b-9be5-d75130ab492e,derivative,1,ac8d7172-b548-4af6-a1e1-393a5a50ba8a,activation,activation,n. 激活
4cf558fd-32fa-488a-98d8-77f1c3be4780,derivative,1,82be11ba-7038-4b87-9fa1-87a13a8b944b,formation,formation,n. 形成
4cf558fd-32fa-488a-98d8-77f1c3be4780,derivative,2,73505887-1f15-4ac0-a5a3-df3179c24a67,formalize,formalize,vt. 使成形
6914e165-c908-497f-8d3f-25414e409d85,antonym,1,b7dc4dde-9673-48d0-9be7-4746b757ba49,enable,enable,vt. 使能够
6914e165-c908-497f-8d3f-25414e409d85,derivative,1,bdbec4e3-6649-4c31-981c-b5fb4c1f0667,disabled,disabled,a. 有残疾的
cc7445bf-1dae-4894-9942-b73d670e8d67,near_synonym,1,f9b26c95-42fc-414b-84d4-dc170099fc83,gift,gift,n. 天赋
cc7445bf-1dae-4894-9942-b73d670e8d67,near_synonym,2,6bf66ed9-f366-4887-8d60-e82e215d6e62,talent,talent,n. 天才
7e30c100-f28e-44d3-b4a7-72ebdb87be95,near_synonym,1,43af0a6a-7bb0-4712-bc6f-83c119cf533e,hamper,hamper,vt. 妨碍
7e30c100-f28e-44d3-b4a7-72ebdb87be95,antonym,1,2385cb79-80b5-46a8-a6f2-0d6480511e67,promote,promote,vt. 促进
4afb19a6-c143-43e9-8a3c-0233ac6fedac,near_synonym,1,59f0e00a-94d9-4394-925a-4f6c11592274,passion,passion,n. 热情
4afb19a6-c143-43e9-8a3c-0233ac6fedac,derivative,1,529d8212-9952-40d9-8adb-c12699f1aa09,enthusiastic,enthusiastic,a. 热情的
84247cf0-f44f-49ac-9323-6ee8673b917a,near_synonym,1,47911cfa-3bd1-4c23-ad6d-c0ef2446ee08,refuse,refuse,vt. 拒绝
84247cf0-f44f-49ac-9323-6ee8673b917a,derivative,1,2ce80b24-893c-4a8f-8409-1d5df124175b,denial,denial,n. 否认
a8b57205-0fd2-4769-b83f-9614f7614acb,antonym,1,5e32710b-22bd-470b-ac6c-61bc09da6b83,literate,literate,a. 有读写能力的；有文化的
a8b57205-0fd2-4769-b83f-9614f7614acb,derivative,1,dd3e1425-1c97-421c-9e79-589eba34d521,illiteracy,illiteracy,n. 文盲
60e8467c-ae2c-40b6-90d7-4f567682cddd,near_synonym,1,a2c86686-a8d6-4d6a-8537-8fcf3c1237a8,host,host,n. 主人
60e8467c-ae2c-40b6-90d7-4f567682cddd,derivative,1,8514a898-26bb-423d-aef4-e7b148c6420a,masterful,masterful,adj. 技艺精湛的
b3bd6726-429c-45f5-8994-16448537b3c6,near_synonym,1,d06206a9-0f27-4321-b7fb-421ea7d1c8d5,copy,copy,vt. 模仿；仿效
b3bd6726-429c-45f5-8994-16448537b3c6,derivative,1,08d5740e-1ca1-48d8-a586-c42427aaf438,imitation,imitation,n. 模仿；仿效
14a161a8-d89c-4e0e-9612-3a862b926e0a,near_synonym,1,d741cbcc-7918-490f-baf3-2737b38bf068,affair,affair,n. 事件
14a161a8-d89c-4e0e-9612-3a862b926e0a,derivative,1,e8a85e92-7ca9-4cbc-bcdc-77bd17ed6178,incidental,incidental,a. 附带的
51a57ebf-278f-4f91-b38c-09fae68b74aa,near_synonym,1,6b38820d-d8a7-49e5-8e26-26cc445e5008,intrinsic,intrinsic,a. 固有的；内在的
51a57ebf-278f-4f91-b38c-09fae68b74aa,derivative,1,70b11b40-6cf7-40c5-af28-6c54cdacea82,inherently,inherently,ad. 固有地
9c6e095a-7a32-4c84-9984-10de13ccce2b,near_synonym,1,fc2cf11a-88ed-493e-bc31-df4dae61be66,strive,strive,v. 努力
9c6e095a-7a32-4c84-9984-10de13ccce2b,derivative,1,6fefb1bb-8ba2-49bc-9d9c-f88933fd944e,exertion,exertion,n. 努力
961ebc02-e8c0-49eb-b8fa-b42b91f432d5,near_synonym,1,c6186576-0d5f-4515-920b-5d84bdce3591,extravagance,extravagance,n. 奢侈品
961ebc02-e8c0-49eb-b8fa-b42b91f432d5,derivative,1,95137184-7da5-4dc2-9353-68c61f6b3ac8,luxurious,luxurious,a. 奢侈的
94149c03-4b2f-4bff-bc69-def998a944f3,near_synonym,1,20aab2f6-00f1-4c1c-b96a-5c42d70c3ab4,obvious,obvious,a. 明显的
94149c03-4b2f-4bff-bc69-def998a944f3,derivative,1,0b3a128b-f791-4157-9160-f63ef4630330,manifestation,manifestation,n. 显现；明显迹象
c8db25bd-c7e3-4b05-a924-d1a0f3a15f06,near_synonym,1,aa7e4303-c9a9-4c7b-9b99-a629febbccc3,speech,speech,n. 演讲
c8db25bd-c7e3-4b05-a924-d1a0f3a15f06,near_synonym,2,7a014ba6-d468-4a1e-8e73-f45d493c0c24,lecture,lecture,n. 演讲
ee717118-b277-4a26-b8ce-b01f420ac1d5,near_synonym,1,45ab1199-fc42-4f81-9408-bb2fcba3640b,edge,edge,n. 边缘
ee717118-b277-4a26-b8ce-b01f420ac1d5,derivative,1,74693551-29b0-40a4-aa6f-c0a829a0a4f3,marginal,marginal,a. 边缘的
676539df-8ead-4e37-a046-391876fde7b8,near_synonym,1,f3572e6d-b9d2-4e97-ac58-4787a043c361,merit,merit,n. 美德；优点
676539df-8ead-4e37-a046-391876fde7b8,near_synonym,2,b73da79b-8309-44e7-9f67-92beac400c22,advantage,advantage,n. 优点
2d3c3e99-d402-4268-b1ee-879d741ea346,near_synonym,1,6be00da2-212a-41c2-88f1-20b0d73dc48c,classic,classic,n. 典范
828dc09a-ac9c-4685-a3f7-30746578788b,derivative,1,cda734ad-0457-4103-9a92-6ba3e1a2e3ca,mechanically,mechanically,ad. 机械地
27b3f388-c34a-45fa-a961-68dcc3d4a69b,near_synonym,1,3390f1f3-b7be-4f63-900a-7064bc3a0393,device,device,n. 装置
ed21cf33-ce90-4aff-9462-77944c93de6d,near_synonym,1,a28653ec-ecdc-4867-8710-4c60955e2c9c,comment,comment,v. 评论
ed21cf33-ce90-4aff-9462-77944c93de6d,antonym,1,6d88dddd-0133-45a9-8e33-79176fca2b6e,praise,praise,n. 赞扬
ed21cf33-ce90-4aff-9462-77944c93de6d,derivative,1,35fb3c4b-014a-4bc6-bc6c-175744e4f6e5,criticism,criticism,n. 批评
7cb95a90-4766-4522-9a5a-262fe08ef09d,derivative,1,0b982149-54df-4cb3-8df2-b99d3ef24d69,monopolize,monopolize,vt. 垄断；独占
60a56564-4824-46e3-a2b0-62a36d96f40a,near_synonym,1,830806f6-b92c-4096-a613-85da328320fd,corporate,corporate,a. 共同的
60a56564-4824-46e3-a2b0-62a36d96f40a,derivative,1,25c777f6-1bd9-4a33-b0b4-d55efbe6d13a,mutually,mutually,ad. 相互地
b2a25efa-2395-4e58-acba-7df37d193892,near_synonym,1,8f536cc2-d638-4e9a-9c7a-416b920d6343,adapt,adapt,v. （使）适应
b2a25efa-2395-4e58-acba-7df37d193892,derivative,1,9462a38e-e120-4183-980e-f732142336f5,oriented,oriented,a. 以……为方向的
58805ca5-39cf-4370-b962-8c405c72dbfd,near_synonym,1,7bd101f6-2bfe-4fc9-a335-23dd73fb7429,abstract,abstract,n. 摘要
58805ca5-39cf-4370-b962-8c405c72dbfd,derivative,1,32d2d5fb-e4fc-41cf-bbde-0c9c21e085b2,summarily,summarily,ad. 概括地；草草地
4cd0018f-815c-41e3-8613-35b2d0ab2bb3,near_synonym,1,fae46b34-055b-4dee-8155-cb89f85da758,irritate,irritate,vt. 使恼怒
4cd0018f-815c-41e3-8613-35b2d0ab2bb3,derivative,1,551a53ed-9e58-4f28-a3f4-38906979262a,annoyed,annoyed,a. 生气的
09a90296-aede-47e3-b3f6-f72b0022f6a5,near_synonym,1,c8d3ec54-332c-4069-85af-d5f17d847092,profile,profile,n. 轮廓
09a90296-aede-47e3-b3f6-f72b0022f6a5,near_synonym,2,b1430624-4198-40c4-acc6-d40edea93f62,summarize,summarize,v. 概括
607c4f5f-d08f-4c82-9a60-5ef418e28745,near_synonym,1,baf6a3bd-6887-4959-8571-65a1e6d938a0,neglect,neglect,vt. 忽视
607c4f5f-d08f-4c82-9a60-5ef418e28745,near_synonym,2,408f99bf-f4d5-42e9-9eaf-925d79d6f132,ignore,ignore,vt. 忽视
9d00d736-08a3-4038-9438-60e88582130f,near_synonym,1,1b5e8c2c-676b-4692-bf33-e909f4f5f424,crash,crash,n. 暴跌
9d00d736-08a3-4038-9438-60e88582130f,derivative,1,32ca0cb6-8d01-45ac-8717-419e6ee66f0d,plunger,plunger,n. 活塞
fbb14ed0-87de-4849-a5af-9a05c4c6a105,near_synonym,1,e294a63f-0832-4ac3-bf57-936719b3e0c8,eternal,eternal,a. 永久的
fbb14ed0-87de-4849-a5af-9a05c4c6a105,antonym,1,4d3dded9-b333-4e50-9c39-e205cd23ab2b,impermanent,impermanent,a. 暂时的
9316e6de-73b6-43be-991e-b7bc5dd2118e,near_synonym,1,1137e05a-63c6-4bcd-938d-ebcf3127b1cb,similar,similar,a. 相似的
df8d70a7-caad-4cdc-992d-8f5964016a35,antonym,1,5cbea00a-482d-4bb0-96f4-d36a28bd3091,hell,hell,n. 地狱
dc05f4f3-0ba2-41f8-9494-79ee92744d32,derivative,1,f9f9d7f3-9360-4ad1-aa4a-2e233772d06e,paradoxical,paradoxical,a. 自相矛盾的
d0d1897c-ed64-4bda-8371-20fbdd0f471b,derivative,1,a55f7dd0-7e47-46fe-b16c-da692cde595b,vividly,vividly,ad. 生动地
e06f3f57-bcdc-460c-9703-b2af5d0a2c93,near_synonym,1,7dd85047-0351-4ae5-84f5-48831c17e520,assurance,assurance,n. 保证
e06f3f57-bcdc-460c-9703-b2af5d0a2c93,derivative,1,709d2c40-fbe8-4c6e-a2f0-38f9e683bca1,commitment,commitment,n. 保证
00294c8d-649c-43b2-ac26-654d2f887793,near_synonym,1,eefd5d55-29f5-46dd-8394-4a7bbe8aabdf,exercise,exercise,n. 练习
00294c8d-649c-43b2-ac26-654d2f887793,derivative,1,0eb398fe-3856-43e3-a5b0-4c06cbb60fea,practical,practical,a. 实际的
0eb398fe-3856-43e3-a5b0-4c06cbb60fea,antonym,1,387ab363-dac6-4f70-a112-47fb295345c5,impractical,impractical,不切实际的
cfb75520-34b5-4a8b-b98d-0628be8d3ed4,near_synonym,1,8cade1ae-5cff-4d18-8098-10cbd506906f,investigate,investigate,v. 调查
cfb75520-34b5-4a8b-b98d-0628be8d3ed4,derivative,1,3eed510d-c49a-4cdc-837c-7c1b3f982a75,probation,probation,n. 试用期
349113ff-ce2f-42a6-b46d-417eb2456386,near_synonym,1,c75f3b15-780d-4dfa-9b29-c83cc8ca3d57,blurry,blurry,a. 模糊的
349113ff-ce2f-42a6-b46d-417eb2456386,near_synonym,2,9641109b-19c4-4816-a473-9fac6d9ed309,fog,fog,v. (使)变模糊
14828f0c-1e48-421f-b036-e0f3b3a84ad9,near_synonym,1,0719e446-63c4-4155-9238-c4a3096ea88a,navigation,navigation,n. 航空
25222fea-6b69-4be0-a975-1be3b36c59bd,near_synonym,1,f30ff7b1-8d6c-470d-b6e3-5a2315fe104d,update,update,vt. 更新
25222fea-6b69-4be0-a975-1be3b36c59bd,derivative,1,766b836b-05aa-435b-b09a-fffdd19048b1,refreshment,refreshment,n. 恢复活动
59935a00-61eb-48f4-98ca-a89f8c6302e0,near_synonym,1,56dbe20d-3ebe-4872-983e-0787cec6536a,solution,solution,n. 解决方法
59935a00-61eb-48f4-98ca-a89f8c6302e0,derivative,1,3ce554ab-8eba-4d7e-ba32-7ebb18092338,remedial,remedial,a. 补救的；纠正的
bb9396c7-2f4f-4402-bb38-4153fc4d6c13,near_synonym,1,d0046bea-8ef4-410d-a913-b53d5d5463dc,frustration,frustration,n. 挫败
bb9396c7-2f4f-4402-bb38-4153fc4d6c13,near_synonym,2,f1c5afb4-73ae-4ada-9d45-4306a9fca877,obstacle,obstacle,n. 阻碍
3a5ba7d0-f0d4-4b85-bb03-7d0ed62489a5,near_synonym,1,985a1fb3-9a00-4e0c-a97e-1529b9068be1,indicate,indicate,v. 表明
3a5ba7d0-f0d4-4b85-bb03-7d0ed62489a5,derivative,1,e04fd73e-f25e-49e1-bf1e-1e3b7367da1e,significant,significant,a. 重要的
287ec1a8-0eb5-4e61-b261-185c6a6becfc,near_synonym,1,5deead3c-cdc5-4fc1-88f2-8ff1781f372c,learned,learned,a. 知识渊博的
287ec1a8-0eb5-4e61-b261-185c6a6becfc,antonym,1,170f1dfe-ce00-434d-8390-5e396c4924d8,superficial,superficial,a. 浅薄的，肤浅的
90bf16b8-114b-4a49-8cd7-05e1ccc8cb57,near_synonym,1,cb16c0e5-a4f8-4b45-9db2-db1792d05cfb,beginning,beginning,n. 开端
f0f82670-0d01-4c2c-bc0c-c8d51643b5f6,near_synonym,1,2b10f5a3-b669-4fd1-a9c9-ee3543369b5f,roadside,roadside,n. 路边
f0f82670-0d01-4c2c-bc0c-c8d51643b5f6,near_synonym,2,a4757790-40db-45bb-a442-7425cfb8f520,wayside,wayside,n. 路边
02c7d663-dec4-4bbe-8b92-0234dcd19908,near_synonym,1,9379bdda-12b7-4439-b162-931decedb675,enlist,enlist,v. 招募
02c7d663-dec4-4bbe-8b92-0234dcd19908,derivative,1,ae6fd0bc-65b8-4672-ba7d-af26611b8543,recruitment,recruitment,n. 招募
5faca6f2-18e8-4c07-8e26-c201873c48e3,near_synonym,1,225456b6-07de-4054-abba-86bccf77fca5,throw,throw,vt. 掷；抛
5faca6f2-18e8-4c07-8e26-c201873c48e3,derivative,1,7d43a7dc-78c5-43f6-8a78-fe6bad7e16be,casting,casting,n. 铸件
73838c1f-6f5b-4762-938d-bef8458a566f,near_synonym,1,19468bf3-a409-4b02-a779-e9206706fed9,deteriorate,deteriorate,vi. 恶化
73838c1f-6f5b-4762-938d-bef8458a566f,derivative,1,b90dab05-8157-49d0-adff-49e0d08805ee,aggravation,aggravation,n. 恶化
a48d01e3-ec33-41a4-a482-4775c66698f5,antonym,1,4dab4c11-8ee4-443a-b76f-b51e0635e3ea,divide,divide,v. (使)分开
a48d01e3-ec33-41a4-a482-4775c66698f5,derivative,1,240ea5ea-8944-4777-9f3c-97cd187b95b5,integrated,integrated,a. 综合的
5a7c8c35-e5e4-4b9d-a92c-a32d3db31cae,near_synonym,1,8c2c050c-7b32-4de3-b4c5-1f99537c3202,step,step,n. 步骤
5a7c8c35-e5e4-4b9d-a92c-a32d3db31cae,derivative,1,c727ecf8-d074-4e65-ad2f-ce15dd360e0a,procedural,procedural,a. 程序上的
56f90132-1893-4759-9a50-429d80c1f905,near_synonym,1,cadab7d1-685e-4001-9007-c8c4abba40d6,dividend,dividend,n. 红利
3a544c5c-286b-46cf-ae2a-0084a9af93da,near_synonym,1,cd797561-e254-4491-89b7-ec490cb67ee2,department,department,n. 局，处
eac1fa70-07d1-4fbc-8be1-9507e01ee37c,derivative,1,b85471d8-44a5-48b1-a9d7-72563c9e7a39,bureaucratic,bureaucratic,a. 官僚的
2d91eaab-c65a-4742-83e1-bba825602192,near_synonym,1,0b000f56-f909-4c7c-83c8-f395185b8e47,populace,populace,n. 平民
2d91eaab-c65a-4742-83e1-bba825602192,derivative,1,f4da9a2a-7574-4b85-a364-7f3052f51c95,civilize,civilize,vt. 使民事化
1329d857-7c04-4580-bafd-b1dcb30c7b5e,derivative,1,f4da9a2a-7574-4b85-a364-7f3052f51c95,civilize,civilize,vt. 使文明
1329d857-7c04-4580-bafd-b1dcb30c7b5e,derivative,2,2d91eaab-c65a-4742-83e1-bba825602192,civilian,civilian,n. 平民
0aa9527a-2eff-454f-b529-7e0342087f75,derivative,1,87e605eb-0336-4bb4-b444-aa52f31e447d,ancestral,ancestral,a. 祖先的
6d69bfe2-74fa-4b97-85a0-576ea0b4a19e,near_synonym,1,d2b518bf-95a0-4a9c-bf4e-e56c33f900aa,merchandise,merchandise,n. 商品
6d69bfe2-74fa-4b97-85a0-576ea0b4a19e,near_synonym,2,3f85f39f-c7b0-4d77-bd9e-8e3c740b95c8,goods,goods,n. 商品
84ae0cb4-d43f-42d7-9670-8f4f273f5a52,near_synonym,1,b3bd6726-429c-45f5-8994-16448537b3c6,imitate,imitate,vt. 模仿
84ae0cb4-d43f-42d7-9670-8f4f273f5a52,derivative,1,18ec9149-01e3-4228-aa1d-4b3cdfe7bb1d,simulation,simulation,n. 模拟；假装
82033ef9-7e6f-4789-ac62-df780a4c8a3a,near_synonym,1,91419fea-861e-4ab8-aae0-19725782dfe8,accord,accord,vi. 符合
82033ef9-7e6f-4789-ac62-df780a4c8a3a,derivative,1,32e5407b-3d23-43e4-b2d8-7b43d4d068c6,conformity,conformity,n. 遵守
3611161d-4044-4484-8f73-29ed318e4630,near_synonym,1,24e0440e-f766-4176-8f11-378f95682235,assent,assent,n./v. 同意
3611161d-4044-4484-8f73-29ed318e4630,antonym,1,6d54778b-ec54-4bc4-82b4-ea42a81b8b8d,dissent,dissent,vi. 不同意
3b7dea58-d169-4597-a06d-56f208a99f00,near_synonym,1,b67441e3-edda-4c51-93d5-2c20b8c53274,refute,refute,vt. 反驳
3b7dea58-d169-4597-a06d-56f208a99f00,derivative,1,dd892b07-dc09-47c2-9b1c-98cccc4a802e,contradiction,contradiction,n. 反驳
2878fd51-964b-4a26-8362-48417bc90364,near_synonym,1,ba890ddd-e1bb-4f9d-8350-e133eef7d542,apparently,apparently,ad. 似乎
061cc621-ee8d-4119-8af4-478a40ea4b91,derivative,1,41db9722-e6de-4971-a573-710c643ad943,essential,essential,a. 本质的；必要的
061cc621-ee8d-4119-8af4-478a40ea4b91,derivative,2,82e5c626-486d-43b3-a9e6-792d7d4483d6,essentially,essentially,ad. 本质上；根本上
4e1002a0-c420-4064-85c6-d48293dc81fc,near_synonym,1,5518c403-c2af-4866-9851-143e2b920052,mild,mild,a. 轻微的
4e1002a0-c420-4064-85c6-d48293dc81fc,derivative,1,f8c05994-d8a6-42bf-aa1d-888251475764,slightly,slightly,ad. 轻微地
6fd2e8da-4a2e-4c51-9267-430b28ea4320,near_synonym,1,ee137fa2-101a-42ab-b201-e5f2fb4784df,blind,blind,vt. 使目眩
6fd2e8da-4a2e-4c51-9267-430b28ea4320,derivative,1,74414906-d807-4fed-a80a-0e5f657f95f9,dazzling,dazzling,a. 使人目眩的
638f450d-3254-49eb-92af-f91c65179ab4,near_synonym,1,08a5d1e3-c44f-4a95-a4eb-5d2777062696,nominate,nominate,vt. 指派
638f450d-3254-49eb-92af-f91c65179ab4,derivative,1,3dbc3378-c1e8-47ea-ba02-bea8428ed4f4,designation,designation,n. 指定
ff0acf27-3858-477b-9bf6-163447fe38f2,near_synonym,1,c0a978e9-2225-4824-85c0-ce7087bba7e4,definite,definite,a. 确定的
ff0acf27-3858-477b-9bf6-163447fe38f2,derivative,1,e94d41fa-ef48-4d72-a526-0bd3d618f3df,certainty,certainty,n. 确定性
863145af-bf51-46df-9e6a-b3f670051872,near_synonym,1,210552fb-eef9-433a-a179-d21c5fb45445,licence,licence,n. 证书
863145af-bf51-46df-9e6a-b3f670051872,derivative,1,0cf783c9-e528-40b4-aecb-297dda296ebc,certification,certification,n. 证明；证书
ffa22a5d-34ca-4a05-a4a2-434862f27082,near_synonym,1,638f450d-3254-49eb-92af-f91c65179ab4,designate,designate,vt. 委任
ffa22a5d-34ca-4a05-a4a2-434862f27082,derivative,1,03a95fc4-fdb4-459d-8b63-e662ecff8fbf,appointment,appointment,n. 任命；约定
6cf1d874-47de-4487-b944-377b8c9e9130,near_synonym,1,4190dc7c-aadb-4c81-8aa2-528ea6caf3d1,ideal,ideal,a. 理想的
6cf1d874-47de-4487-b944-377b8c9e9130,derivative,1,fb6de196-167c-4a89-8e52-34d80502b8e0,desirability,desirability,n. 愿望
685619a6-b869-49db-a75e-27c17552ec9b,derivative,1,4f94a8dd-1cc5-4c98-85af-2ca74661d4a5,rhythmic,rhythmic,adj. 有节奏的
d6dee250-1d13-4587-b946-30b9bc9213c7,near_synonym,1,a9c2238a-c351-4817-a6f2-e88cdfcf4816,difficulty,difficulty,n. 困难
d6dee250-1d13-4587-b946-30b9bc9213c7,near_synonym,2,92e91f2d-732d-4e07-a23f-6a5a59245214,predicament,predicament,n. 困境；窘境
ad0c0c2c-a7ab-41df-935c-1de0f68c0198,near_synonym,1,6184f3a3-6c0c-4e80-a086-70b9473cb1b4,pale,pale,a. 暗淡的
ad0c0c2c-a7ab-41df-935c-1de0f68c0198,derivative,1,8db1ba2a-510b-4c0c-a9e9-78a0e9c74057,dimly,dimly,ad. 暗淡地
5e9e52eb-f90d-4c96-aa11-31e59256a3fd,near_synonym,1,60f42c6e-278f-4c74-8f65-6ccbaedc52de,reveal,reveal,v. 揭露
5e9e52eb-f90d-4c96-aa11-31e59256a3fd,derivative,1,05853a41-362f-4bbb-9fcf-ef1db809f294,disclosure,disclosure,n. 透露
7457adf0-279e-4300-9e3d-f30ef61a9b9a,near_synonym,1,8b05101e-d445-45d2-85b6-12189e4cca22,rough,rough,a. 粗糙的
7457adf0-279e-4300-9e3d-f30ef61a9b9a,derivative,1,6d856750-995f-4863-918f-a623a02bf120,crudely,crudely,ad. 简略地
c5165d8b-2112-4fec-88b2-65677f2854ae,near_synonym,1,1ff274ea-f718-4baf-a18f-5a11b8f6e621,considerable,considerable,a. 相当多的
c5165d8b-2112-4fec-88b2-65677f2854ae,derivative,1,b1db30d5-6028-4383-bf66-8752873614c8,substantially,substantially,ad. 非常；大体上
29d899f8-1854-43bc-9119-6d170e772dc0,near_synonym,1,48afecb1-a250-49c0-ac15-d3c071a1739b,detachment,detachment,n. 分离
29d899f8-1854-43bc-9119-6d170e772dc0,derivative,1,9113ae7c-7180-4453-8ea2-847f0a9d7d05,divorced,divorced,a. 离婚的
34d32361-6248-448c-8739-9b42f44abe0f,near_synonym,1,f67eba29-da9c-425a-b4bd-48f800224d1e,territory,territory,n. 领土
31f71a72-503f-4b13-bb3f-711fd24cb0a6,near_synonym,1,5f9410c5-72d1-4753-83fc-9154facbc542,qualified,qualified,a. 合格的
31f71a72-503f-4b13-bb3f-711fd24cb0a6,derivative,1,a39cb8dd-c17c-4313-bfd0-37ab46cf2aee,eligibility,eligibility,n. 合格
332b0e9a-87c4-479b-a1d8-854c60187faf,near_synonym,1,4f2a0c06-5c46-416d-9982-c51addcc864a,accuse,accuse,vt. 控告
332b0e9a-87c4-479b-a1d8-854c60187faf,near_synonym,2,96110e88-444b-424a-bb35-dcfbc4ea2f2f,prosecute,prosecute,v. 控告
bdb51b1f-84e7-4919-aced-c9589ed0ae19,antonym,1,8c5881a5-3453-44e1-9400-3bc31bca0cca,theoretical,theoretical,a. 理论的
bdb51b1f-84e7-4919-aced-c9589ed0ae19,derivative,1,75a00e33-d517-42e5-84cf-df0e64d0d111,empirically,empirically,ad. 经验主义地
b1b87d7e-46d8-4b03-a24f-83fe27c66452,near_synonym,1,bda403bf-037d-4169-be78-4a4ff0316531,implement,implement,n. 器具
b1b87d7e-46d8-4b03-a24f-83fe27c66452,derivative,1,2d8cd65d-cd80-4328-92b7-c88db62a147a,applicable,applicable,a. 适用的
2dd41004-3957-457b-bb1d-a0e5cd78bf8a,near_synonym,1,4410383f-ba6d-4207-b946-ea35717adca2,precise,precise,a. 明确的
2dd41004-3957-457b-bb1d-a0e5cd78bf8a,antonym,1,102feae0-17aa-4f19-99a9-87a79a6ec66e,implicit,implicit,a. 含蓄的
550fdd6c-2f7a-4f24-abcc-eba8cee10aa2,derivative,1,5b8d2467-6e26-4c63-8869-4186d8d251ab,headliner,headliner,n.（演出中的）主角
b87081ed-8870-4d80-bdc9-17f1b8e7caaf,near_synonym,1,e0f5441f-5149-448c-83a4-fcb103a69953,authorize,authorize,vt. 授权
b87081ed-8870-4d80-bdc9-17f1b8e7caaf,derivative,1,2b5e693c-7b1d-4252-a27b-0c31fad7c0a1,entitlement,entitlement,n. 权利
4b1157f9-0d10-454f-b750-c1e669faaf3e,antonym,1,3344cd57-27c7-46e0-83a0-e1c4a33335a6,inclusive,inclusive,a. 包括一切的
4b1157f9-0d10-454f-b750-c1e669faaf3e,derivative,1,5bea1743-2bcd-4d30-a39f-79bd0f610618,exclusiveness,exclusiveness,n. 排他性
0e60721a-eaf1-4261-9556-81406cc2f664,near_synonym,1,cd2099cf-eadf-4fc6-9be2-5cd563b42135,accuracy,accuracy,n. 精确，准确
34ae84ec-1151-4897-925e-18ea9bc1752b,near_synonym,1,24b86c32-d275-42e4-afd9-2cb7c95cb24f,perish,perish,vi. 死亡
34ae84ec-1151-4897-925e-18ea9bc1752b,derivative,1,d963f204-0e48-4b75-96c4-e4e22e7b492b,expiry,expiry,n. 到期
30d37550-8f38-4ed2-adf3-c51b372a9bae,near_synonym,1,464fcd36-90e0-48fb-9863-2eed5e1638eb,grip,grip,v. 紧抓
fa2e1709-1c52-42a3-b62b-177e5e41284c,near_synonym,1,710972ad-03cb-49ed-8cdf-e8175451d09d,compress,compress,v. 压缩
fa2e1709-1c52-42a3-b62b-177e5e41284c,derivative,1,0cb9dcaf-1156-4f81-acb5-01d88deee87d,telescopic,telescopic,a. 望远镜的
548ee385-6e6a-4ee8-995d-3a5d4b7a63a0,near_synonym,1,d60f4818-9348-473e-a69f-67ac5da7c306,range,range,n. 范围
548ee385-6e6a-4ee8-995d-3a5d4b7a63a0,near_synonym,2,77cddfe9-216f-4695-8aff-ba9093a95e2a,extent,extent,n. 范围
7c675748-7564-4473-9ebf-3ffdfc78541e,antonym,1,b02050ef-f305-4cda-aefd-21358408d11b,light,light,v. 点燃
7c675748-7564-4473-9ebf-3ffdfc78541e,derivative,1,c80fbbea-d14e-4c5e-aefd-5e24c5d7e317,extinguisher,extinguisher,n. 灭火器
38cfecd1-3d5f-43a3-a96c-ff2b39321cda,derivative,1,656212f7-f486-406d-a4c4-83b6ded8fcd7,extinction,extinction,n. 灭绝
229a4439-4cbd-4a9b-9b12-fa0306f0d9cc,near_synonym,1,2cf16c39-ccb4-4315-9eee-516b48b3d275,pleasurable,pleasurable,adj. 愉快的
1ba8c692-d5ad-4fec-b33a-26df3e14572d,derivative,1,307dbed4-495c-481a-b679-bb4ab2ba9ee0,logical,logical,a. 符合逻辑的
307dbed4-495c-481a-b679-bb4ab2ba9ee0,antonym,1,8c4672a4-794b-4115-9fb7-ceed843772a1,illogical,illogical,a. 不合逻辑的
307dbed4-495c-481a-b679-bb4ab2ba9ee0,derivative,1,5f011945-9c58-43dc-a622-fb7847c1a94f,logically,logically,ad. 符合逻辑地
e828428a-f472-471d-904c-53a3946cb540,near_synonym,1,40a6edc8-df7d-425b-a337-71a6cc8fbf12,subsidy,subsidy,n. 津贴
533fdef8-d693-4e06-a93a-f7c29617af9e,near_synonym,1,31d60fdf-85fc-4bf9-8374-dc067b0ca512,outstanding,outstanding,a. 杰出的
533fdef8-d693-4e06-a93a-f7c29617af9e,derivative,1,7c18ebbb-7142-4359-9af7-b27a46c383ca,eminence,eminence,n. 著名；卓越
26014150-3d1b-43db-b5d8-2f9632046200,near_synonym,1,e66e927c-487f-46f6-810d-0419c3bbffb6,limited,limited,a. 有限的
26014150-3d1b-43db-b5d8-2f9632046200,antonym,1,164307e5-e69d-4d52-bc94-ccadf075a687,infinite,infinite,a. 无限的
3ad64326-e0df-4e18-b5cf-732d2fef0aeb,near_synonym,1,55f3199b-3413-444c-a937-5c34e9afcb75,noticeable,noticeable,a. 显著的
3ad64326-e0df-4e18-b5cf-732d2fef0aeb,derivative,1,236ab05f-880e-412d-8dd3-d7224fff3ed6,prominently,prominently,ad. 显著地
6d10d626-6a6f-4c85-928f-d015ac6ddf4d,near_synonym,1,198ae03f-17a4-451a-b661-c50a51f75223,inheritance,inheritance,n. 遗产
6d10d626-6a6f-4c85-928f-d015ac6ddf4d,derivative,1,45c4c95b-f387-4a7c-b966-450b610a32ef,heritable,heritable,a. 可继承的
da94648b-de4e-46c5-aa42-3c4cba2e2b22,near_synonym,1,b325a8e3-ebf8-4d52-a0b7-0010d669316e,succeed,succeed,v. 继承
da94648b-de4e-46c5-aa42-3c4cba2e2b22,derivative,1,198ae03f-17a4-451a-b661-c50a51f75223,inheritance,inheritance,n. 遗产
0101f5bc-cca2-41a2-9cf0-0d1fc878c8a9,near_synonym,1,be0dcc15-3b41-411b-8198-ef46a6499997,outlook,outlook,n. 观点
0101f5bc-cca2-41a2-9cf0-0d1fc878c8a9,near_synonym,2,aa8d0f6a-325c-40ad-bcf4-02d322eeee82,perspective,perspective,n. 观点
3ddb2246-2419-40c5-9e97-66e668c2cda4,near_synonym,1,0016ad66-88c9-4829-b5b0-a97a5464a408,infamous,infamous,a. 声名狼藉的，臭名昭著的
eb2c6697-4c3f-4811-9d95-694240f20baf,near_synonym,1,6d10d626-6a6f-4c85-928f-d015ac6ddf4d,heritage,heritage,n. 遗产
24bebad7-4252-4ed2-a456-2dd324a95d00,near_synonym,1,1eb456ff-8883-4447-981c-c95d6671e78c,opportunity,opportunity,n. 时机
24bebad7-4252-4ed2-a456-2dd324a95d00,derivative,1,e8aba5b5-4472-4042-aaa8-8b0a424f8c22,occasional,occasional,a. 偶尔的
f0448546-cbc3-489f-a661-a4c59476172b,derivative,1,54723cb4-d1f6-4414-b4ec-9818418ca54e,polished,polished,a. 擦亮的
f0448546-cbc3-489f-a661-a4c59476172b,derivative,2,ceb43307-7f4f-46f6-9077-955706ed1310,polisher,polisher,n. 打蜡机
b5bc33c4-2e53-4671-826b-bcf9463dce4d,near_synonym,1,ec44e36c-e12b-4fa3-bd7a-d7bc3ea4e718,suffer,suffer,vt. 遭受
b5bc33c4-2e53-4671-826b-bcf9463dce4d,derivative,1,3df4fb0c-f9c6-4ec5-9556-7a5f6c46a701,incurrence,incurrence,n. 遭受
3d0e3dc3-c51d-4801-ac95-228c12301f56,near_synonym,1,07502a02-e613-4133-9a19-30331cf18de7,common,common,adj. 普通的
e154fada-ea2e-4eb5-8a33-3b55576f991b,antonym,1,574d16f7-f586-4f3e-8840-a79d2d46a7db,worsen,worsen,v. (使) 恶化
e154fada-ea2e-4eb5-8a33-3b55576f991b,derivative,1,3f4fea77-5ecf-41d4-97af-a436d0867874,improvement,improvement,n. 改善
fe913f16-9e9d-403b-b20b-d08c70254453,near_synonym,1,c6b9aa80-85df-4c7c-8202-f3bc25347449,drive,drive,vt. 驱使
fe913f16-9e9d-403b-b20b-d08c70254453,near_synonym,2,3a9217ac-4c99-44c5-b5b3-8dd5d6024457,stimulate,stimulate,vt. 促进
bb71c988-62e0-4427-b79d-01446e0da398,near_synonym,1,d4b274d5-952f-439a-994f-96b7bb62cbb6,anger,anger,vt. 激怒
bb71c988-62e0-4427-b79d-01446e0da398,derivative,1,0cf55246-6880-4518-826a-831cd8bd0c90,provocation,provocation,n. 激怒；挑衅
4b382b92-f1ff-477d-97d2-d82e4993f351,near_synonym,1,443c4f81-060e-4551-aaac-16368efcbc88,demand,demand,n. 要求
83ed320a-ee7f-4380-b102-c83a99059222,near_synonym,1,1a1a24ac-0bb0-4c6a-b719-73585f3b98a1,lower,lower,a. 较低级的
83ed320a-ee7f-4380-b102-c83a99059222,derivative,1,38588b63-0de3-46e3-9db4-d5a465c598b1,inferiority,inferiority,n. 低等
a206b5ce-4419-4583-aaf1-2605c1c468cc,near_synonym,1,5c8a29f9-ce30-42c7-b964-ddb5b98e9a81,speed,speed,n. 速度
31b7fa84-b6e2-4fe9-867a-afd6bf0961be,near_synonym,1,a3039cc5-4f8d-4379-8b66-bd6811c98123,confine,confine,vt. 限制
31b7fa84-b6e2-4fe9-867a-afd6bf0961be,derivative,1,4e24be71-5bea-417a-84fe-87a4a695bf78,restriction,restriction,n. 限制；约束
c0e5da01-4fb7-4ea3-8ef9-6fd94e41a6e9,near_synonym,1,61c36462-eb1f-41c2-8e49-001ff5107c98,universal,universal,a. 普遍的
e534fb48-fa20-4e05-8c29-261ee8f55be3,near_synonym,1,6b10380c-be20-40b5-bd98-d716a73c43fa,suggest,suggest,vt. 提议
e534fb48-fa20-4e05-8c29-261ee8f55be3,derivative,1,30b61dd0-12a4-417d-8727-7be674df2238,proposal,proposal,n. 提议；求婚
30b61dd0-12a4-417d-8727-7be674df2238,near_synonym,1,ea1fd0e1-7d27-47aa-8456-482cf5441216,suggestion,suggestion,n. 提议；建议
30b61dd0-12a4-417d-8727-7be674df2238,derivative,1,44363b69-d1d2-4c9b-8bfe-55761db80cc6,proposition,proposition,n. 提议；建议
44363b69-d1d2-4c9b-8bfe-55761db80cc6,near_synonym,1,30b61dd0-12a4-417d-8727-7be674df2238,proposal,proposal,n. 建议
44363b69-d1d2-4c9b-8bfe-55761db80cc6,near_synonym,2,4f538085-0ac3-4978-9be4-4ff1f97803df,recommendation,recommendation,n. 建议
61d2db5d-a430-4d6e-89e2-e4eb2a727a79,near_synonym,1,db09e74d-b7bc-43eb-9ab7-c0990a93654e,legitimacy,legitimacy,n. 合法（性）
61d2db5d-a430-4d6e-89e2-e4eb2a727a79,near_synonym,2,1c5590d1-d491-4d9e-9a07-790b745eaf6d,legitimately,legitimately,adv. 合理地
0f64d2b3-892c-4998-a79b-7b0151f74f84,near_synonym,1,ac698adf-a03a-4d7a-b734-c4a80eaf8234,soak,soak,vt. 使湿透
0f64d2b3-892c-4998-a79b-7b0151f74f84,derivative,1,22eb8e0d-dc80-4fc6-8460-35720721921a,saturation,saturation,n. 饱和
1e92a12c-2f06-41e5-bf46-8a228277fd5f,near_synonym,1,a1f1a719-6c58-4ae5-ac27-9c6dceee1d01,loyalty,loyalty,n. 忠诚
1e92a12c-2f06-41e5-bf46-8a228277fd5f,near_synonym,2,9dcecc5a-084c-4460-973d-e26249b729bf,faithful,faithful,adj. 忠诚的；忠实的
a1f1a719-6c58-4ae5-ac27-9c6dceee1d01,near_synonym,1,b440cc51-e910-4fbb-9fee-2ddad2b9a015,loyalist,loyalist,n. 忠诚的人
a1f1a719-6c58-4ae5-ac27-9c6dceee1d01,near_synonym,2,053a3137-ee90-4f3f-a691-00cc17db8d78,devotion,devotion,n. 忠诚
318e2833-58b6-45e0-9bcc-2eac9bee6154,near_synonym,1,c2abfa31-193a-4d8b-8ffa-6eda9c21936c,obtain,obtain,v. 获得
318e2833-58b6-45e0-9bcc-2eac9bee6154,derivative,1,2bb04271-f2a8-420c-b064-e961e61af84c,attainable,attainable,a. 可达到的；可获得的
f3d1153a-c310-4db0-bff5-ec2df6bec028,near_synonym,1,31b0a4a0-abb4-4b49-9dac-5b8269a2de17,hang,hang,v. 悬挂
f3d1153a-c310-4db0-bff5-ec2df6bec028,derivative,1,e691e916-5bb0-4c64-93e2-4d4d581210e2,suspension,suspension,n. 暂停
5261fe5d-fc83-4e98-8cc2-72281f89ebf0,near_synonym,1,0af007ef-0560-45f4-9fb0-d51912c7bbbf,anticipate,anticipate,v. 预期
5261fe5d-fc83-4e98-8cc2-72281f89ebf0,derivative,1,07f0ead5-bcb8-4de6-a411-a8513d7dd7cb,expectant,expectant,a. 期待的
f06dad41-7163-41bf-abf9-4ebf713acd26,near_synonym,1,9e752f0b-b851-4673-9893-e2be4bfa4ebd,distrust,distrust,vt. 怀疑
e3f3ff3e-d62b-4295-a5ac-43baed3aa1a7,near_synonym,1,02a8ccdb-2fb1-4f2e-92d3-6eff248079eb,doubtful,doubtful,a. 怀疑的
cdc87d83-6f36-401a-b39d-463c2dc333b5,derivative,1,e3f3ff3e-d62b-4295-a5ac-43baed3aa1a7,suspicious,suspicious,adj. 怀疑的
892639b9-640b-4bc3-b229-8e4dc9cbff3c,near_synonym,1,4ff85862-d1a1-4372-8400-ce9d81b51186,sensitive,sensitive,a. 易受影响的
892639b9-640b-4bc3-b229-8e4dc9cbff3c,derivative,1,1024ffdd-2a1d-410f-8347-781a5a4b07f5,susceptibility,susceptibility,n. 敏感性
c28eff9b-ef9f-4c54-a217-243dac6715bb,near_synonym,1,5482ab2f-74d0-4944-8adf-de2d1221df6f,toxic,toxic,a. 有毒的
c28eff9b-ef9f-4c54-a217-243dac6715bb,near_synonym,2,da4ad4b3-849a-4dd0-9ba5-ea4638ce26ed,hostile,hostile,a. 敌意的
c8bc88ce-9066-4c4e-a1e1-b0c65ef48fff,near_synonym,1,a63a600b-ad57-4983-8bbf-604b364e7795,slope,slope,n. 斜坡
c8bc88ce-9066-4c4e-a1e1-b0c65ef48fff,derivative,1,11b80079-6693-4813-a2bc-46c43fee214a,inclined,inclined,adj. 倾向于……的
9434232e-dca4-45a0-af7e-b201bfd101d4,near_synonym,1,d6e13b21-5b7e-4a6d-a67f-5e478998fa51,compassion,compassion,n. 同情
9434232e-dca4-45a0-af7e-b201bfd101d4,derivative,1,dbc31493-3540-4bae-955d-4cfe90503350,sympathetic,sympathetic,a. 同情的；支持的
dbc31493-3540-4bae-955d-4cfe90503350,near_synonym,1,d29414b2-9fb2-494d-9f8a-28952bfbd3d7,approving,approving,a. 赞成的
6b38820d-d8a7-49e5-8e26-26cc445e5008,antonym,1,ebce9084-4af5-4b22-a51c-452b124936e5,extrinsic,extrinsic,a. 外在的；非固有的
6b38820d-d8a7-49e5-8e26-26cc445e5008,derivative,1,5bf50d72-a116-4ede-b147-e6b3d2a320dd,intrinsically,intrinsically,ad. 本质上
f042b589-11be-415c-862c-3370e3083495,near_synonym,1,d4b274d5-952f-439a-994f-96b7bb62cbb6,anger,anger,n. 怒气
f042b589-11be-415c-862c-3370e3083495,derivative,1,4b25da95-9d69-4110-b071-8c6f7d1c83c8,temperament,temperament,n. 性情
8bb1060d-e837-41ca-81cc-760febbebc47,near_synonym,1,db444870-6073-4cd9-bf73-00eb6391ba6d,trip,trip,vt. 绊倒
8bb1060d-e837-41ca-81cc-760febbebc47,near_synonym,2,7c671304-55c8-4819-a042-ebde44d16692,stagger,stagger,v. 踉跄
69707175-1d1e-4b88-9809-d65d24a4b68b,near_synonym,1,3281dd37-88b6-495a-96a4-33d86f7945af,backward,backward,a. 落后的
69707175-1d1e-4b88-9809-d65d24a4b68b,derivative,1,79e1515f-3da5-4f5d-87b7-379fe6ee58e3,primitively,primitively,ad. 最初地
871c1eb9-e534-40d7-8770-6913582010d9,near_synonym,1,3e4d86b0-51f4-474e-a343-445c42f4d520,certify,certify,vt. 证实，证明
871c1eb9-e534-40d7-8770-6913582010d9,derivative,1,7d888ce8-0a1a-4836-ba0f-781fdae2f8cd,verifiable,verifiable,a. 可核实的
39e43f1f-42a5-4613-9148-7a4839ff952f,near_synonym,1,16043d33-334f-4aa0-8f01-618a3e14df8c,disperse,disperse,v. (使) 散开
39e43f1f-42a5-4613-9148-7a4839ff952f,derivative,1,4b995a80-1ebc-4ce1-a95e-bc3a58ba6e30,scattered,scattered,a. 零散的
811df0de-f83d-4a80-8796-faa7c113a564,near_synonym,1,04690531-bcc5-49fa-b025-63df14a2c5b5,gather,gather,v. 聚集；集合
61277772-5a22-490e-94b9-0ccc3a149fad,near_synonym,1,c6436b70-7a33-4c3f-8a71-4aa69bd064f0,gathering,gathering,n. 集会
e161b065-0ed7-40af-b398-e8411e659e47,derivative,1,2c83cd6d-18cf-44dd-8fc8-decc5c8e8435,spousal,spousal,a. 配偶的
c9c4e14d-8521-40ec-b403-d7fee8bdceb1,near_synonym,1,318be575-ce0d-4200-aae0-13a128a0aeca,understanding,understanding,n. 了解
c9c4e14d-8521-40ec-b403-d7fee8bdceb1,derivative,1,5fc10f01-0865-4b0e-8a5c-232aca4bdae8,acquaintanceship,acquaintanceship,n. 认识；了解
e0bd2569-97c6-41b8-bb45-b21b48e6568d,near_synonym,1,5dc92d34-46c8-4d92-b057-9f801671ebfb,retract,retract,v. 收回，撤销
e0bd2569-97c6-41b8-bb45-b21b48e6568d,derivative,1,2578bac3-4711-4dd2-b778-be8cdfc9d539,withdrawal,withdrawal,n. 撤回；收回
14b2cf64-540e-48da-883e-550cc3253c36,near_synonym,1,b9fc8f2a-7390-43a7-8fe5-32ec8c1e23c0,influential,influential,a. 有影响力的
14b2cf64-540e-48da-883e-550cc3253c36,near_synonym,2,6f2d4a13-2515-4034-a108-1e16105b9663,effect,effect,n. 影响
a2c9be2e-88b5-4f14-a17d-f0c5dfc9ddae,near_synonym,1,1691bca8-f82c-4565-bf22-4c5d950e456d,association,association,n. 联盟
5ec6ab81-7030-4732-8cc5-f18f63092c90,near_synonym,1,1767fe07-f513-4f7e-bae9-ce53724d5f74,decay,decay,v. (使) 腐烂 n. 腐烂
5ec6ab81-7030-4732-8cc5-f18f63092c90,derivative,1,4d7e9800-8d06-48b2-bea6-3d91633d57b8,rotten,rotten,a. 腐烂的
75b4b035-4da3-4e05-afa2-42f173ec0841,near_synonym,1,484fdd3e-86e4-4227-969a-efd4186df243,reaction,reaction,n. 反应
75b4b035-4da3-4e05-afa2-42f173ec0841,derivative,1,483d5bb3-ab7b-4bae-8b8b-fd7688bc2b6e,receptionist,receptionist,n. 接待员
b828b40d-92cb-4adb-82c7-5e3bd1428328,near_synonym,1,a807c19e-43fd-4676-ad8b-83e2478e8c0c,embarrassed,embarrassed,a. 尴尬的
b828b40d-92cb-4adb-82c7-5e3bd1428328,antonym,1,bb3d1798-3a94-42ef-b37c-652245c1b758,convenient,convenient,a. 方便的
f67c28a4-fa3f-4f54-8718-46fdf3416a18,near_synonym,1,7e9080c4-dc6e-4fe8-a3b0-92ac8c36f141,sufficient,sufficient,a. 足够的，充足的
f67c28a4-fa3f-4f54-8718-46fdf3416a18,derivative,1,e863a06e-69e7-42fb-a90c-60ae726d4c5a,amplify,amplify,vt. 扩大
e863a06e-69e7-42fb-a90c-60ae726d4c5a,antonym,1,6b3f0705-3876-4780-82a9-a16a68e7e6d9,reduce,reduce,vt. 缩小
e863a06e-69e7-42fb-a90c-60ae726d4c5a,derivative,1,07518f2e-3d4b-44d7-9c00-11cb4fc5a86e,amplifier,amplifier,n. 扩音器
e9555d9e-768a-4e1f-a69b-7d8e9c19a559,near_synonym,1,3748415c-888d-4400-b425-615d2277c211,informal,informal,a. 随便的
e9555d9e-768a-4e1f-a69b-7d8e9c19a559,derivative,1,9b2064c8-3ef6-4bf9-8519-61819e288ab6,casually,casually,ad. 随便地
d5baf62c-1b0f-4b76-88d2-cde3c2ce328a,near_synonym,1,ebd5ac79-70d6-4b70-ac0e-00c06018497e,victim,victim,n. 受害者
36ea6ee6-1d82-4f5e-a28b-e8719a5fec58,near_synonym,1,a3bce5fa-c6b9-4f47-bc28-16d76cb2baab,unbelievable,unbelievable,a. 难以置信的
36ea6ee6-1d82-4f5e-a28b-e8719a5fec58,derivative,1,984a1daf-1363-42ea-b25a-a5957de5694b,incredibly,incredibly,ad. 极其
16dcd12e-9ceb-4d33-85a2-b9ed9e5bd777,near_synonym,1,91419fea-861e-4ab8-aae0-19725782dfe8,accord,accord,vi.（与……）一致
16dcd12e-9ceb-4d33-85a2-b9ed9e5bd777,derivative,1,8a9eea27-944f-42ae-8e10-fa3e78ac250a,coincidence,coincidence,n. 巧合
a3fc8ab3-b7fa-4fb0-8296-e56f8a6307cb,antonym,1,0d6705d1-19c8-48c6-9eb4-00b646dd75ab,ascend,ascend,v. 上升
a3fc8ab3-b7fa-4fb0-8296-e56f8a6307cb,derivative,1,36db6aca-17d6-457e-b900-39954ab7592f,descendant,descendant,n. 后代
89f3a4ad-18d2-4498-9b41-af46b343fdf6,antonym,1,633768c2-4b95-4c2f-9da5-b6acde04fbf2,ascent,ascent,n. 上升
89f3a4ad-18d2-4498-9b41-af46b343fdf6,derivative,1,36db6aca-17d6-457e-b900-39954ab7592f,descendant,descendant,n. 后裔
36db6aca-17d6-457e-b900-39954ab7592f,near_synonym,1,46bb2ea9-656e-4718-b46f-8bd163d185f0,offspring,offspring,n. 后代
36db6aca-17d6-457e-b900-39954ab7592f,derivative,1,47b7ccc6-e8f0-4965-9b84-47cdbb621822,descending,descending,adj. 递降的
1ac86af8-35e9-4d1a-98d1-d655e7d5799a,near_synonym,1,a28653ec-ecdc-4867-8710-4c60955e2c9c,comment,comment,n. 评论
1ac86af8-35e9-4d1a-98d1-d655e7d5799a,derivative,1,cd77b75e-3a01-4197-b949-12f4ca1e2cf0,remarkable,remarkable,a. 非凡的
cd77b75e-3a01-4197-b949-12f4ca1e2cf0,near_synonym,1,e3d3e57f-b98c-4467-b3ea-e527cd8f128e,extraordinary,extraordinary,a. 非凡的
cd77b75e-3a01-4197-b949-12f4ca1e2cf0,derivative,1,58a03192-edbe-4052-9d62-28e9352c21b3,remarkably,remarkably,ad. 不寻常地
15668674-e18e-455e-b434-a79b10ab73f6,near_synonym,1,6b351a80-7579-4a75-8696-a89143e5ab2c,scorn,scorn,n. 鄙视
15668674-e18e-455e-b434-a79b10ab73f6,derivative,1,359478f8-a64b-4bf3-9975-c5267981c11a,contemptible,contemptible,a. 可鄙的；卑劣的
1b478a51-0515-4548-a26e-8f361add362d,near_synonym,1,04690531-bcc5-49fa-b025-63df14a2c5b5,gather,gather,v. 聚集
1b478a51-0515-4548-a26e-8f361add362d,derivative,1,0cc8cac2-9afa-412f-99f2-2795ef03e5fa,convergent,convergent,a. 会聚的
8bb76873-5463-4d70-b859-d8979cec0e17,near_synonym,1,a14e1a5f-f6e0-4b89-a21d-44b8d0979cc9,advice,advice,n. 建议
ae1f7ed5-cd94-4c26-ab8c-41c0d4837271,near_synonym,1,18164498-6d31-49ac-a7ef-ca9b9a60e452,quarrel,quarrel,n. 争吵
3484d219-af05-46f1-b98a-c5d3e2b56c86,near_synonym,1,5232981e-08e4-4bd7-956b-6350f5615b6b,desert,desert,vt. 抛弃
3484d219-af05-46f1-b98a-c5d3e2b56c86,near_synonym,2,7b6a2661-7176-4815-bf66-cf76e87f43aa,abandon,abandon,vt. 抛弃
e52c0959-b5d5-4c9e-b62b-d58496b50aa3,near_synonym,1,3ffb0cf7-194d-47e2-8696-96c422dd0cad,replacement,replacement,n. 取代
e52c0959-b5d5-4c9e-b62b-d58496b50aa3,near_synonym,2,d81eda90-2348-4e42-bb68-84dfc3c12639,replace,replace,vt. 取代，代替
96230012-2f3b-46db-82ca-145c64a3ba0f,near_synonym,1,450eadc3-d86e-4d10-9218-dee2daa40e17,racial,racial,a. 种族的
96230012-2f3b-46db-82ca-145c64a3ba0f,derivative,1,e08b0f3c-c7f8-4317-b8fc-77a85a099671,ethnically,ethnically,ad. 种族地
411e1801-5cf6-4446-953c-c74eb97df161,derivative,1,a7025e76-41ed-432b-b033-499771a4c1a7,cooperatively,cooperatively,ad. 合作地
411e1801-5cf6-4446-953c-c74eb97df161,derivative,2,b7203f9a-0458-4156-934f-78c6f2bca222,cooperation,cooperation,n. 合作
156c9132-c55b-4546-922d-9925f9d71bcb,near_synonym,1,a972c964-a2e4-43ea-b1e9-bfae0c2904ee,avoid,avoid,vt. 避开
731b3f60-9173-4448-aae9-e767fe38c0b5,antonym,1,badec43b-daf1-4f25-a19a-39c39ea80e6f,optional,optional,a. 非强制的
731b3f60-9173-4448-aae9-e767fe38c0b5,derivative,1,ce806037-cb8b-4fe0-9712-693bb263468a,compulsion,compulsion,n. 强制；强迫
2b802626-93b4-473f-979e-d5276d3ca0bf,near_synonym,1,661a9dd7-8b38-4ddd-83f7-3d845e66d296,complicated,complicated,a. 复杂的
563aa339-0ddd-4a48-8860-c78032fb1d58,near_synonym,1,c2a80261-f5f7-421d-a798-02fdf37e2f83,defect,defect,n. 缺陷；缺点
563aa339-0ddd-4a48-8860-c78032fb1d58,derivative,1,aabaf9e7-01ec-4bad-817e-6a26e2531384,flawed,flawed,a. 有错误的；有缺点的
6dcf9139-4696-41d8-84d4-d6c5babe5d16,near_synonym,1,a043b8b0-8bf9-4519-b1eb-6a9f57f54e50,represent,represent,vt. 代表
6dcf9139-4696-41d8-84d4-d6c5babe5d16,derivative,1,0e32e5a6-d203-4173-bd8a-a312a7e3ff8f,embodiment,embodiment,n. 典型
8d45b925-a88b-4365-a9df-f9f98b3da957,near_synonym,1,fc2cf11a-88ed-493e-bc31-df4dae61be66,strive,strive,v. 努力
8d45b925-a88b-4365-a9df-f9f98b3da957,near_synonym,2,e80f8adc-98f4-482d-bf00-5eeff6a3ea16,effort,effort,n. 努力
595c02fa-4fe0-4227-af25-013ac4e79145,near_synonym,1,20aab2f6-00f1-4c1c-b96a-5c42d70c3ab4,obvious,obvious,a. 明显的
595c02fa-4fe0-4227-af25-013ac4e79145,antonym,1,9045e44f-c807-4f9c-b175-fcadce69fb67,invisible,invisible,a. 看不见的
10d52596-0bc9-42ee-8e75-2daf7a45d814,near_synonym,1,3832d631-fd51-49ff-91eb-d35adcb37015,imagine,imagine,v. 想象
10d52596-0bc9-42ee-8e75-2daf7a45d814,near_synonym,2,d5d32731-48ed-4063-85d1-14b322a7fd56,visualize,visualize,vt. 想象；设想
c764b71e-5a93-4093-a895-8e704bea3022,near_synonym,1,20aab2f6-00f1-4c1c-b96a-5c42d70c3ab4,obvious,obvious,a. 明显的
c764b71e-5a93-4093-a895-8e704bea3022,derivative,1,8c8eb1a9-ce23-4dc3-b26f-b392c7e4a20e,conspicuously,conspicuously,ad. 显著地
caa687a9-cc0f-4343-b5cc-2ebd01d4b460,near_synonym,1,16e08674-43b0-4f0f-8bd3-da2cd950b9b8,coalition,coalition,n. 联盟
caa687a9-cc0f-4343-b5cc-2ebd01d4b460,near_synonym,2,a2c9be2e-88b5-4f14-a17d-f0c5dfc9ddae,alliance,alliance,n. 联盟，同盟
56021207-66e1-4055-a8b2-02197b41ab25,near_synonym,1,aae1bb59-5bfb-4373-8114-4fb48bcb0e88,disappear,disappear,vi. 消失
56021207-66e1-4055-a8b2-02197b41ab25,derivative,1,a8cc42b1-89cb-4896-912a-b3b08b69ba02,evaporation,evaporation,n. 蒸发
e3d3e57f-b98c-4467-b3ea-e527cd8f128e,near_synonym,1,cd77b75e-3a01-4197-b949-12f4ca1e2cf0,remarkable,remarkable,a. 非凡的
e3d3e57f-b98c-4467-b3ea-e527cd8f128e,derivative,1,937d1a5a-dca5-449e-98d6-0cbce2b89bf3,extraordinarily,extraordinarily,ad. 极其
52bc838e-af41-4b44-9834-263ca544647c,near_synonym,1,2eb080a9-bc73-46b5-9cbf-5eeb238bd387,recognize,recognize,vt. 辨别出
52bc838e-af41-4b44-9834-263ca544647c,derivative,1,92d1bdc5-7b7b-483a-ae16-9789c132179b,discernible,discernible,adj. 辨认得出的
79568bf2-06f1-46b2-bca8-958eebe3be5c,derivative,1,6b3f5d6a-ee75-4401-bd73-c68ede5f03a1,hierarchical,hierarchical,a. 等级制度的
f1ec67e3-6fe8-4de5-b67e-998c9d5cec8b,near_synonym,1,8f2ca0c6-169b-41de-891b-4cf92a3cd4e4,inspire,inspire,vt. 启发
f1ec67e3-6fe8-4de5-b67e-998c9d5cec8b,derivative,1,e0c43c8d-83e5-4257-a6ef-bfdfa181070f,enlightenment,enlightenment,n. 启迪，启发
16e08674-43b0-4f0f-8bd3-da2cd950b9b8,near_synonym,1,933fd697-02e1-475f-a7fd-377f47f03774,league,league,n. 联盟
16e08674-43b0-4f0f-8bd3-da2cd950b9b8,near_synonym,2,a2c9be2e-88b5-4f14-a17d-f0c5dfc9ddae,alliance,alliance,n. 联盟
040ed47a-6be7-4d53-82ca-72a55537ae3e,near_synonym,1,16397cd7-b802-4bc1-9e8f-64d2aad4b3ca,equal,equal,a. 相等的
040ed47a-6be7-4d53-82ca-72a55537ae3e,derivative,1,5d030181-3e65-4187-b5de-6073bad49994,equivalence,equivalence,n. 相等
98061b1e-5f76-461e-b196-59ebffc99ca7,near_synonym,1,d6b61b2f-dcf1-41c9-b144-ec72cd01c063,explain,explain,v. 解释
98061b1e-5f76-461e-b196-59ebffc99ca7,derivative,1,a91e2ce4-de56-4b77-8083-3e58e784e663,illuminated,illuminated,a. 被照亮的
7eb8512f-9ce7-4c44-9250-e59f1b118e34,near_synonym,1,9f3a744f-a79a-4709-90ea-f005ce8bf12a,obey,obey,v. 服从
7eb8512f-9ce7-4c44-9250-e59f1b118e34,derivative,1,cdb1e462-3588-4a94-adb3-87f3919d3dd6,compliant,compliant,adj. 顺从的
b0779866-653d-4861-ba34-4ed702d0ae75,near_synonym,1,d2eeb45f-dba2-4448-9de4-29eae65c7088,responsible,responsible,a. 负有责任的
b0779866-653d-4861-ba34-4ed702d0ae75,derivative,1,ea658f31-c8d5-4c7d-b6ae-68e5cf93fcb1,liability,liability,n. 义务；责任
b5a36f71-ffb9-475d-83d2-73b8e3477e89,derivative,1,96612f46-45b3-4338-bc69-05f4937bd70c,liberally,liberally,ad. 大量地
5cd4d38d-d339-4ad8-bdc4-bc574b6241d6,near_synonym,1,7aefb9b8-2bee-4c63-9e68-59909beb2637,replenish,replenish,vt. 补充
5cd4d38d-d339-4ad8-bdc4-bc574b6241d6,derivative,1,361e14c0-6feb-4cff-a31f-f38226c9bf5a,complementary,complementary,a. 互补的
367bae1b-7ca4-49a5-89fe-2fbc1b0bd2d9,near_synonym,1,34f4b5df-1753-4cbb-97d0-163c6728fc79,possibility,possibility,n. 可能性
4e4c1a5b-c122-41c1-a937-66200b34a1ef,near_synonym,1,ac0ebca4-7ec2-4e57-8b25-a8b3eec28adc,patience,patience,n. 忍耐力
4e4c1a5b-c122-41c1-a937-66200b34a1ef,derivative,1,4626494a-78f6-4348-a84c-f7961c3866a3,endurable,endurable,a. 可忍受的
ef4bf819-bd13-4487-bf15-7e678682624a,derivative,1,5e32710b-22bd-470b-ac6c-61bc09da6b83,literate,literate,a. 有文化的
ef4bf819-bd13-4487-bf15-7e678682624a,derivative,2,66f3309e-b4e8-4fb6-9dca-705761797c81,literature,literature,n. 文学
348890d3-deef-4ded-a8ac-c17788b3477c,derivative,1,39c6dc56-e4e1-4a65-82d4-b141c4d7392c,fluctuation,fluctuation,n. 波动
3f37e0d1-4f3d-4d4c-9c1d-2f57bb512f6b,near_synonym,1,0698af3a-8ded-4f89-a3ec-d67c8e43eff6,handbook,handbook,n. 手册；指南
6973debb-531a-4fcb-b726-cd07808519e7,near_synonym,1,286f9add-588c-4237-8b8b-0b2aaf33e12f,launch,launch,vt. 发起
6973debb-531a-4fcb-b726-cd07808519e7,derivative,1,3e471ff8-d8d2-4aec-8ba0-42345e08448c,initiation,initiation,n. 发起；开始
768810d1-d984-4b78-bfcc-5608039d1188,near_synonym,1,0991058b-9847-4c2f-a807-3ec203f06752,escape,escape,v. 逃避
768810d1-d984-4b78-bfcc-5608039d1188,antonym,1,6536d59b-ee2e-49e8-8b44-0f3b5e4ca6db,confront,confront,vt. 面对
cde6da16-29ad-4e35-8562-fb8b4f0603b4,near_synonym,1,e49a0cde-fe82-4090-8d2b-095e2ddf5e00,recall,recall,v. 记起
cde6da16-29ad-4e35-8562-fb8b4f0603b4,near_synonym,2,072d3e7c-8c7d-42fd-a048-634b70c8b7ac,commemorate,commemorate,v. 纪念
83640dbe-9c73-482c-964f-333563add897,near_synonym,1,8c45b1cb-c831-471b-997b-64ae3d481a8f,monument,monument,n. 纪念碑
83640dbe-9c73-482c-964f-333563add897,derivative,1,3f40998a-35bf-428d-861a-92c5147b303b,memorable,memorable,a. 值得纪念的
f1aa501d-6b72-40ec-9bf8-f6057af92235,near_synonym,1,5257b0e0-3581-4dd3-a6ae-370d7c2a8ef9,ornament,ornament,vt. 装饰
f1aa501d-6b72-40ec-9bf8-f6057af92235,derivative,1,71736ad4-2272-45f4-a41d-01866e598ff1,decoration,decoration,n. 装饰
7661f38f-868b-40db-b5e6-0d8870245ac6,near_synonym,1,f0150dc7-29f3-49a7-9d0b-0aff437a06a1,treatment,treatment,n. 处理
7661f38f-868b-40db-b5e6-0d8870245ac6,derivative,1,27114062-d02a-4ead-b4d8-9c6c5aa17072,disposable,disposable,a. 可自由支配的
3435a29a-8321-4b09-80ea-55a3afb38658,near_synonym,1,1769a21d-2135-4874-982d-b4109c03bc52,completeness,completeness,n. 完整
3435a29a-8321-4b09-80ea-55a3afb38658,near_synonym,2,3fd636a6-331f-461c-861d-bb49a322c4bc,unity,unity,n. 完整
f267417d-1c30-4551-a7d2-29b123ac2019,near_synonym,1,08313c68-0df5-4b3c-83b7-8b30c9c42d4c,intentional,intentional,a. 故意的
f267417d-1c30-4551-a7d2-29b123ac2019,derivative,1,c2396401-0ebd-4d43-a117-8b317dbb4855,deliberately,deliberately,ad. 故意
ae2acad2-0b06-4530-9756-d203598eb1bf,near_synonym,1,09942e05-4def-4af9-8157-6cc804f20003,impartial,impartial,a. 中立的
ae2acad2-0b06-4530-9756-d203598eb1bf,derivative,1,2ce66a5f-26c4-4e74-a6cd-6948f7f3ed48,neutrality,neutrality,n. 中立
46bb2ea9-656e-4718-b46f-8bd163d185f0,near_synonym,1,36db6aca-17d6-457e-b900-39954ab7592f,descendant,descendant,n. 子孙；后代
b2d07a20-0619-4920-a168-e2b33d5029d5,near_synonym,1,ecb7a48d-bb2a-421c-8b81-a5297bcd7e1e,rehearse,rehearse,vt. 背诵
b2d07a20-0619-4920-a168-e2b33d5029d5,derivative,1,5599a20b-dc3b-49c2-84f2-6b4135e2c5ab,recitation,recitation,n. 朗诵
1eda8811-ad9b-4d92-8e85-87c261159023,near_synonym,1,36f45243-16fa-4020-9df4-573a2e2b658e,merchant,merchant,n. 商人
1eda8811-ad9b-4d92-8e85-87c261159023,derivative,1,ef82db92-dff5-4344-9c56-8b2c38441057,dealing,dealing,n. 买卖，交易
a3e49616-872f-4600-b774-572d8bb395f1,near_synonym,1,796eb12c-58f6-4b5f-95f4-082f3639b276,production,production,n. 产量
a3e49616-872f-4600-b774-572d8bb395f1,near_synonym,2,4ce9074d-d11f-44a6-a773-3d1cc6e7c976,export,export,n. 输出
256c7701-ae6f-4976-aed2-b9ceb26a8400,near_synonym,1,443d0a9c-6308-46f8-80c4-87099369e681,audience,audience,n. 观众
df50fc20-a343-42e0-a1de-51fc00247938,near_synonym,1,16dcd12e-9ceb-4d33-85a2-b9ed9e5bd777,coincide,coincide,vi. 重叠
7c6ab201-a322-415c-b721-6a7aea9b8da9,near_synonym,1,244422e0-e517-4ce7-8caf-f7d2d544b3d0,order,order,n. 次序，顺序
7c6ab201-a322-415c-b721-6a7aea9b8da9,derivative,1,6310859e-6c97-41f1-a8f4-e97b8cdc55b0,sequential,sequential,a. 顺序的
e6aa8682-2c1b-4a51-a31a-6d932dd88f24,near_synonym,1,fa73678b-e8bc-4892-b418-79376a03f735,pure,pure,a. 纯粹的
e6aa8682-2c1b-4a51-a31a-6d932dd88f24,near_synonym,2,67c49387-e6d2-4295-95b0-5980e5422323,steep,steep,a. 陡峭的
6538406c-421f-483e-b42e-c341d113dcdd,near_synonym,1,7219d316-4469-4b1a-bfcd-168b46cb8db9,count,count,v. 计算总数
6538406c-421f-483e-b42e-c341d113dcdd,derivative,1,81e2d436-a5ed-4a80-9cee-c0ded584a4ba,calculation,calculation,n. 计算
8420bfd9-1f96-47f8-8df9-1ddc6a31bc11,near_synonym,1,15cd6599-0da9-4f8d-b21c-3de6ac205c09,malice,malice,n. 恶意
8420bfd9-1f96-47f8-8df9-1ddc6a31bc11,derivative,1,86939a20-3b4e-4b0c-bcc3-1a209c38ab6b,spiteful,spiteful,a. 恶意的
0884f042-1d0b-4e99-a5f0-324ead3df39a,derivative,1,cccf2c5e-8e67-48f6-bf03-165b29cb9d19,anecdotal,anecdotal,a. 轶事的；传闻的
42395019-9d03-415f-8ac8-66a78e3abb5a,near_synonym,1,24bb12fb-76d7-410e-8751-7dafca8891eb,ruin,ruin,vt. 破坏
24df699c-883b-4abb-bed0-f2eb2bb7842a,near_synonym,1,3c966bbd-376f-4cab-a4fe-69e926a61fa1,mole,mole,n. 间谍
b3406b21-e3d2-4309-b3f4-b110f5eb2326,antonym,1,1ae31c42-23e3-4796-ad65-ea2490e277c1,complex,complex,a. 复杂的，难懂的
2c992179-8e1b-4b18-904b-6918a654e9c9,derivative,1,fcbd0793-3c21-4f00-9b0f-148693199309,aesthetically,aesthetically,ad. 审美地
9f779860-8220-45bd-8ce1-28b9c842f21d,near_synonym,1,11fb8fab-0013-4a2b-8da4-b15ff8371fc3,oceanic,oceanic,a. 海洋的
9f779860-8220-45bd-8ce1-28b9c842f21d,derivative,1,59fc1dfe-97d3-4f3d-8676-59a2c32786a4,mariner,mariner,n. 水手
5213e1cf-2885-4fc4-aa0c-fbb24bedce7a,near_synonym,1,c7962a70-afc4-4a9a-9b3f-1005efd550b6,superfluous,superfluous,a. 过剩的
5213e1cf-2885-4fc4-aa0c-fbb24bedce7a,antonym,1,e82730e8-b111-425c-9905-97f9118a823f,deficit,deficit,n. 亏损
77dd2066-b22d-4d8d-9f83-c7c6aa84a89f,near_synonym,1,3e471ff8-d8d2-4aec-8ba0-42345e08448c,initiation,initiation,n. 开始
956089dd-0296-4647-9973-dc2074f27862,near_synonym,1,68f529aa-2b46-499c-a0ea-15d38383cc37,receiver,receiver,n. 接收者
b9fc7eca-6779-42e0-9b2a-be3bb56c9559,near_synonym,1,12d50bda-c8a8-4bcf-8760-b750fd2ac3ca,flake,flake,n. 小薄片
b9fc7eca-6779-42e0-9b2a-be3bb56c9559,derivative,1,1e5065b0-7e04-4f4a-a576-aa92e7b82103,sliced,sliced,a. 已切成片的
d49f4ce6-2cd5-4f7e-8c0c-6d44fc67ae76,near_synonym,1,cddec877-161f-40bb-86c3-8303bbe3c714,compliment,compliment,vt. 称赞
d49f4ce6-2cd5-4f7e-8c0c-6d44fc67ae76,derivative,1,08c97211-1f5d-4ea3-a593-a35467b06f95,applause,applause,n. 鼓掌
d6c3e365-edf6-4318-9647-bb14be19592d,near_synonym,1,4d4f220e-2a47-43bc-93fa-56d81b508b69,slick,slick,a. 花言巧语的
d6c3e365-edf6-4318-9647-bb14be19592d,derivative,1,9ccc658f-32b6-4952-a344-79c688011088,plausibility,plausibility,n. 似乎有理
4a8d82c4-efee-4a19-ba1b-025f360c3404,near_synonym,1,73a233ca-d5a2-4ec2-9567-8087cccd7740,provide,provide,vt. 提供
4a8d82c4-efee-4a19-ba1b-025f360c3404,derivative,1,74b77a68-afca-4597-b75c-a89ba355a95a,offering,offering,n. 祭品
f04fe771-be23-4627-bd78-8a6bd1d35246,near_synonym,1,6effdb5f-b5d8-4926-b900-9ead993f7da6,entertainment,entertainment,n. 娱乐
f04fe771-be23-4627-bd78-8a6bd1d35246,derivative,1,e2f10e8a-9333-414d-8a7d-565ab0d65c92,recreational,recreational,a. 娱乐的
65a33858-aad9-4532-b77b-20f966a59ce1,near_synonym,1,ce483aee-71ce-4a31-8984-884061e0ec43,portion,portion,n. 部分
65a33858-aad9-4532-b77b-20f966a59ce1,derivative,1,2b25f0fb-1e08-4c5e-aae9-0a1ffff748b3,segmental,segmental,a. 部分的
0564de84-f445-4c88-a463-f111cec876da,near_synonym,1,a6b4e42d-a418-4c0d-af0b-3a749a5991e6,announce,announce,vt. 宣布
0564de84-f445-4c88-a463-f111cec876da,derivative,1,b130f1de-8b1c-446c-918e-e979a62b7f37,proclamation,proclamation,n. 公告
6eb13c41-6e45-41d3-8ebc-b399a1ec6746,near_synonym,1,3e4d86b0-51f4-474e-a343-445c42f4d520,certify,certify,vt. 证明
6eb13c41-6e45-41d3-8ebc-b399a1ec6746,derivative,1,1af5603e-d10f-4e59-ae45-6643e17eaaa8,testifier,testifier,n. 证人
595d52ba-1027-4853-bd03-8fc9636122e0,antonym,1,c9de4ac6-28e1-44f9-9adf-c971c488554c,comedy,comedy,n. 喜剧
595d52ba-1027-4853-bd03-8fc9636122e0,derivative,1,071718f2-da92-4d47-aa40-5efc90e3b048,tragedian,tragedian,n. 悲剧作家；悲剧演员
94ff500e-1ca2-448e-8efb-bccbb781bc09,near_synonym,1,ca9eb970-cd10-4cdb-9c05-3139df81a768,sad,sad,a. 悲惨的
94ff500e-1ca2-448e-8efb-bccbb781bc09,derivative,1,595d52ba-1027-4853-bd03-8fc9636122e0,tragedy,tragedy,n. 悲剧
f7a0c1fe-7640-4202-880d-967b16c3c60a,near_synonym,1,b61aa213-67bc-4151-a104-58632a9b3675,coming,coming,n. 到来
f7a0c1fe-7640-4202-880d-967b16c3c60a,near_synonym,2,7740bfeb-d9ac-49c9-9724-8258bad21649,arrival,arrival,n. 到来
f61838aa-1a4f-40c0-b35e-9f87403ec854,near_synonym,1,27e0f02f-6662-4082-b060-cc2cf3aea6dd,bother,bother,vt. 打扰
f61838aa-1a4f-40c0-b35e-9f87403ec854,derivative,1,7674f79a-35e7-4c9a-82fd-20a2d3b73a66,disturbance,disturbance,n. 打扰
33f336a4-54ba-4eb5-8347-fad165d3931d,near_synonym,1,3ca1a44c-e89e-4fb6-8461-b6645507a4c1,vague,vague,a. 含糊的
33f336a4-54ba-4eb5-8347-fad165d3931d,antonym,1,7e0de296-1fe9-478e-af47-30a3b8b2d183,unambiguous,unambiguous,a. 明确的；不含糊的
baec101b-19df-42c6-b03e-06c49761899c,near_synonym,1,3fd636a6-331f-461c-861d-bb49a322c4bc,unity,unity,n. 团结
baec101b-19df-42c6-b03e-06c49761899c,antonym,1,e9bedfe7-6662-4d0d-bfb6-40116e8d6559,split,split,n. 分裂
406fc7a3-31e4-4cfe-8e57-bedbd5e58229,near_synonym,1,ac90afe3-604e-44df-acd1-1cf30456fefc,reasonable,reasonable,a. 合理的
406fc7a3-31e4-4cfe-8e57-bedbd5e58229,derivative,1,1edbc373-11d1-4c52-9707-04241bd73f16,validate,validate,vt. 使生效
e5b492f5-c19e-401a-8ccf-97c168d7f7c4,near_synonym,1,a80cd7db-8bb4-44d6-ac08-497b3b106a82,break,break,vt. 违反
e5b492f5-c19e-401a-8ccf-97c168d7f7c4,derivative,1,f43668d9-b47d-485c-92b1-1bdd59a9cf7f,violation,violation,n. 违反
07fc2e03-1025-47d8-bcb8-102b30db6a29,near_synonym,1,a972c964-a2e4-43ea-b1e9-bfae0c2904ee,avoid,avoid,vt. 防止，避免
07fc2e03-1025-47d8-bcb8-102b30db6a29,near_synonym,2,fe3095cf-1482-47ad-a219-b09c81eee484,shift,shift,v. 转移
1fae820e-7383-479d-95c3-5fa26e55abb8,near_synonym,1,210552fb-eef9-433a-a179-d21c5fb45445,licence,licence,n. 许可证
1fae820e-7383-479d-95c3-5fa26e55abb8,derivative,1,4b1750cc-14cf-457d-a539-171a9fe57e2b,warranty,warranty,n. 保修单
c891015e-9943-4e63-8f28-5554b7f4b962,derivative,1,ac7aab71-8b50-45ae-a17b-65051d3b6742,addicted,addicted,a. 入迷的
c891015e-9943-4e63-8f28-5554b7f4b962,derivative,2,04f4cc31-2239-49bf-acb8-6cba91af1a89,addictive,addictive,a. 使人上瘾的
0a717951-c4a8-438a-aaf7-1dd6146caf3b,near_synonym,1,ca0698a9-6589-4289-b459-b18cc350b2a5,peculiar,peculiar,a. 怪异的
0a717951-c4a8-438a-aaf7-1dd6146caf3b,derivative,1,5d61bedb-42ff-4c50-9a02-cf0b1c1c301e,weirdness,weirdness,n. 古怪
c5b3831b-40eb-478f-b60a-4a86e8916959,near_synonym,1,2609ac6a-9d7c-4b8f-b06f-66df41a8d867,countermeasure,countermeasure,n. 对策
c5b3831b-40eb-478f-b60a-4a86e8916959,derivative,1,9277aad2-7dd6-4050-9913-83b7d9a2fb74,prescriptive,prescriptive,adj. 规定的
780a007a-6503-4cf2-a9cf-b85165d615ec,near_synonym,1,e86a336e-74d4-4a58-8377-fb6f330abbac,surprise,surprise,vt. 使惊奇
780a007a-6503-4cf2-a9cf-b85165d615ec,derivative,1,5ba16447-f210-4578-9313-675a437f17d6,startling,startling,a. 惊人的
4cb9a6fc-41c2-49f0-bf20-4ce59ae67114,near_synonym,1,4394b774-2227-42d1-8a41-3cbcd6beb7b8,guess,guess,v. 猜测
4cb9a6fc-41c2-49f0-bf20-4ce59ae67114,derivative,1,4afdd21f-6bff-403e-be44-868b8d35237b,speculation,speculation,n. 推测
e44051fa-2c99-4d10-9268-a98c29b7f67b,derivative,1,0b4de56c-d9f4-4ffd-afbb-0aee504ea5f7,articulatory,articulatory,a. 发音的
e44051fa-2c99-4d10-9268-a98c29b7f67b,derivative,2,9348601d-f825-457e-a836-7927a221fa3b,articulation,articulation,n. 表达；发音
cd9d1d70-da82-4ec3-aa6b-405fa7380d02,derivative,1,a3f72b17-8c91-4d76-b094-495c522b07de,assimilation,assimilation,n. 吸收；同化
851893bb-cfae-49ee-87b8-699bf8f155c9,derivative,1,70fd42d7-2fa0-4d3c-ba37-82f815cb04ae,spaciousness,spaciousness,n. 宽敞
ba3fd9a8-2900-4771-a51d-a87dad13bcdf,near_synonym,1,655c44f9-da8b-4c3d-aec7-7b2b8bb38f5b,genuine,genuine,a. 真正的
ba3fd9a8-2900-4771-a51d-a87dad13bcdf,derivative,1,b90df76f-caf3-4f05-b314-da58b529c013,authentically,authentically,ad. 真正地
4d911e09-39ee-4c04-97ef-4e2bdab7004d,near_synonym,1,e3ee7709-a74b-4407-9f71-c098727acbbc,honour,honour,n. 荣幸
4d911e09-39ee-4c04-97ef-4e2bdab7004d,derivative,1,3f40ad3a-071e-4a7e-acbc-abd3300284db,privileged,privileged,adj. 有特权的
a8bf7e84-300c-4a39-b762-ecc7231d31d7,near_synonym,1,6d88dddd-0133-45a9-8e33-79176fca2b6e,praise,praise,vt. 称赞
a8bf7e84-300c-4a39-b762-ecc7231d31d7,near_synonym,2,d49f4ce6-2cd5-4f7e-8c0c-6d44fc67ae76,applaud,applaud,vt. 称赞
e5e218c3-a7e3-43a6-bb3b-a665b632b81c,near_synonym,1,c7e86d08-4ace-4868-ab04-7af0741bda40,haggle,haggle,vi. 讨价还价
317bbaed-71bb-42b2-8685-e8b63bf3105f,near_synonym,1,cbd20a8b-1024-4634-943b-f89e1c08501d,optical,optical,a. 视觉的
317bbaed-71bb-42b2-8685-e8b63bf3105f,derivative,1,3ec7299d-28dc-4cb1-9f03-ea45289a755a,visually,visually,ad. 视觉上；表面上
74dc3215-b52f-405e-b0be-769116d8ca4e,near_synonym,1,f774038d-f8fe-4418-959f-c43bbc851142,nice,nice,a. 友好的
74dc3215-b52f-405e-b0be-769116d8ca4e,derivative,1,6d51fdd4-303c-4d67-8a07-32ba69456a50,benignant,benignant,a. 仁慈的
73a233ca-d5a2-4ec2-9567-8087cccd7740,near_synonym,1,3c717be0-dbf3-411b-886e-c7f6b7b8d876,supply,supply,vt. 提供
73a233ca-d5a2-4ec2-9567-8087cccd7740,near_synonym,2,8fde3948-05fc-416c-b525-13c5646b69b3,afford,afford,vt. 提供
8b5d72eb-7559-4e9c-aac3-c9e041fbedfd,near_synonym,1,3c717be0-dbf3-411b-886e-c7f6b7b8d876,supply,supply,n. 供给
8b5d72eb-7559-4e9c-aac3-c9e041fbedfd,near_synonym,2,57c5d55f-150e-41f3-935b-ac0fc0802bb7,preparation,preparation,n. 准备
ed614a8c-bbee-4d76-8ab3-087c38cb6a77,near_synonym,1,13d0227e-a43c-4d38-a673-0659735ddc13,separate,separate,v. (使)分离
ed614a8c-bbee-4d76-8ab3-087c38cb6a77,derivative,1,48afecb1-a250-49c0-ac15-d3c071a1739b,detachment,detachment,n. 分离
6bf60c87-76a3-43d5-b772-e3d27dfa35c4,near_synonym,1,35fc8612-c904-4722-b339-e0ce5fb135f1,violent,violent,a. 剧烈的
6bf60c87-76a3-43d5-b772-e3d27dfa35c4,antonym,1,5518c403-c2af-4866-9851-143e2b920052,mild,mild,a. 温和的
518dfcfd-da3a-4b0e-a22a-12eef7628cdd,near_synonym,1,b65a9634-3855-410f-bb10-eaa7a8cd623a,edit,edit,v. 编纂
518dfcfd-da3a-4b0e-a22a-12eef7628cdd,derivative,1,8b057bd1-69f9-4b44-8d86-c8f6187d6b99,compiler,compiler,n. 编著者
3a7f220d-6fdb-47d5-9390-8cde3f171c84,derivative,1,612d3344-974c-40eb-80e3-85a95d8e394e,democratic,democratic,adj. 民主的
3a7f220d-6fdb-47d5-9390-8cde3f171c84,derivative,2,f5ebe52e-956c-4bf9-afe2-1207f18c3501,democratize,democratize,vt. 使民主化
612d3344-974c-40eb-80e3-85a95d8e394e,antonym,1,5df6c8e4-da84-422e-82be-562e0cb05b14,autocratic,autocratic,adj. 独裁的
612d3344-974c-40eb-80e3-85a95d8e394e,derivative,1,427d0a4a-c125-44c0-9bb7-2ccbc136d3ff,democratically,democratically,adv. 民主地
96d6050f-5e3a-4912-9988-e77149591bab,near_synonym,1,fe3095cf-1482-47ad-a219-b09c81eee484,shift,shift,v. 转移
96d6050f-5e3a-4912-9988-e77149591bab,derivative,1,6471a49a-d2eb-4c88-b9b9-c2707b5ed37f,diverting,diverting,adj. 消遣性的
3523e57b-ba36-42ee-a78b-8e9db626e46e,near_synonym,1,9a1cceb4-ef71-4bf8-82f4-6a6db18fbb22,register,register,v. 登记
3523e57b-ba36-42ee-a78b-8e9db626e46e,derivative,1,8ed70ded-f47b-469f-9684-88ff3a201c70,enrollment,enrollment,n. 登记
0991058b-9847-4c2f-a807-3ec203f06752,near_synonym,1,4443f12e-a48e-420b-9570-ee42f3eafc99,flee,flee,v. 逃走
0991058b-9847-4c2f-a807-3ec203f06752,derivative,1,6fab0af0-d243-4b27-a859-8a736e3739b0,escaped,escaped,a. 逃跑了的
dba7591b-2e64-4bcc-a890-e1d1a6f9becd,near_synonym,1,a0bfdb2c-9300-48a0-b73b-8344125e402d,cost,cost,n. 花费
7738c190-d62d-45db-bc79-335797a5a7f0,near_synonym,1,634f97a1-01e2-4be7-95e0-6b00cb6bd9e1,manufacture,manufacture,vt. 制造
7738c190-d62d-45db-bc79-335797a5a7f0,derivative,1,25f49117-98c7-4347-8fec-15331e7f3617,fabrication,fabrication,n. 制造
d7177796-d9fd-4880-aa51-0baee5222e3e,near_synonym,1,6d823fdc-71a1-407b-ba4a-43632225c911,predict,predict,vt. 预料
d7177796-d9fd-4880-aa51-0baee5222e3e,derivative,1,cb1b74dd-f2d6-4e3a-b06c-054f775dc83a,foreseeable,foreseeable,a. 可预料的
cd67ee2b-40a8-4e6e-a9eb-5d04797edc6e,near_synonym,1,0a7da032-2028-4379-836c-7553a1cee419,build,build,vt. 建立
cd67ee2b-40a8-4e6e-a9eb-5d04797edc6e,derivative,1,cd3205b4-1797-4ebd-9e69-469c1fed927d,forgery,forgery,n. 伪造品
1f7127f4-a571-4096-972a-4fc95d94d0d0,derivative,1,ae565554-867a-481e-a81e-058170255e92,gambler,gambler,n. 赌徒
1f7127f4-a571-4096-972a-4fc95d94d0d0,derivative,2,dffa55ec-04e7-41a0-a339-dbc724ab4334,gambling,gambling,n. 赌博
ba1da737-f9dd-42d4-b7f9-4135c649bd4f,near_synonym,1,cb455c2b-6861-4c10-97cc-3b620032d9c7,compel,compel,vt. 强迫
ba1da737-f9dd-42d4-b7f9-4135c649bd4f,derivative,1,df33e0d8-66ad-474c-9f53-e3ce062361d0,constraint,constraint,n. 限制
9eb46f1f-7ef9-4ee9-ab40-28f1e07a51d5,near_synonym,1,13c2728c-88b2-40e1-81fb-b189c29991f5,type,type,n. 类型
9eb46f1f-7ef9-4ee9-ab40-28f1e07a51d5,near_synonym,2,e78913ce-9386-4262-ac96-4dc324f508d9,category,category,n. 类别
bc39234a-f982-4a40-be9a-56b20263b654,near_synonym,1,558b68e1-0694-4ad3-aa5c-bd2075b9d665,conference,conference,n. 会议
bc39234a-f982-4a40-be9a-56b20263b654,near_synonym,2,cf1886dd-3020-488c-a224-138be6897681,consult,consult,v. 商议
a0a9b0f4-9d6a-4420-a79a-e6a2aa001f08,near_synonym,1,89d76338-7a4c-4205-b890-56c74bfdfe25,huge,huge,a. 巨大的
b84e1867-136b-4207-bea8-02e5c95d81b2,near_synonym,1,e89b796b-c7c2-4c69-ae6a-d34e1e6593ec,enormous,enormous,a. 巨大的；庞大的
b84e1867-136b-4207-bea8-02e5c95d81b2,antonym,1,4e1002a0-c420-4064-85c6-d48293dc81fc,slight,slight,a. 细小的
42e75f21-cecf-4d12-8ba4-ba248d939a69,near_synonym,1,8b3fafa7-58b7-406c-85df-e14514364259,holy,holy,a. 上帝的
42e75f21-cecf-4d12-8ba4-ba248d939a69,derivative,1,6ef1eac0-ad3d-478c-829b-d2d5a38157fd,diviner,diviner,n. 占卜者
da4ad4b3-849a-4dd0-9ba5-ea4638ce26ed,near_synonym,1,afa9f53d-bf83-409a-993f-4c1dde224129,adverse,adverse,a. 不利的
da4ad4b3-849a-4dd0-9ba5-ea4638ce26ed,derivative,1,439cfa23-92d4-4ecd-beb4-635a18a67e7c,hostility,hostility,n. 敌意
bcd119d6-164b-434d-9a11-20aedb4d7c27,near_synonym,1,890ae9d5-f16b-499f-b1a0-f06dfb765f50,contribute,contribute,v. 捐赠
bcd119d6-164b-434d-9a11-20aedb4d7c27,derivative,1,611550e1-d998-48af-a227-a2d6d2b7b967,donation,donation,n. 捐赠 (物)
02422498-21ca-427c-bdcc-52668f43a0b3,near_synonym,1,3aae7f2f-bb92-4a67-ba11-0358bfa28e4a,delicate,delicate,a. 易碎的
02422498-21ca-427c-bdcc-52668f43a0b3,derivative,1,9b04161f-9744-4a69-b2db-e4030470e771,fragility,fragility,n. 脆弱
1d664ecb-c4be-4659-8f59-4b100b9e1402,near_synonym,1,8a91f954-1cbd-48d4-be17-626d51783cad,upcoming,upcoming,a. 即将发生的
3344cd57-27c7-46e0-83a0-e1c4a33335a6,antonym,1,4b1157f9-0d10-454f-b750-c1e669faaf3e,exclusive,exclusive,a. 排外的
3344cd57-27c7-46e0-83a0-e1c4a33335a6,derivative,1,0ea85388-cec6-4fa6-a9e0-48b0504214f3,inclusively,inclusively,ad. 包含地
1a5d8b8f-02d7-40d9-bd95-c62f3f8d4995,near_synonym,1,61c36462-eb1f-41c2-8e49-001ff5107c98,universal,universal,a. 普遍的
1a5d8b8f-02d7-40d9-bd95-c62f3f8d4995,derivative,1,6275a509-6bd2-4ccb-9fc1-3394ce9f0219,generally,generally,ad. 普遍地
96f75e9b-c075-4620-83e3-8af964e3bae2,near_synonym,1,17762242-0b91-4998-a259-5c61829cafa8,intuition,intuition,n. 直觉
96f75e9b-c075-4620-83e3-8af964e3bae2,derivative,1,a0ca5459-389a-4488-b627-0a2d04313707,instinctive,instinctive,a. 本能的；直觉的
4d3b1984-6f37-4b1a-92ae-c172a757d5bd,near_synonym,1,ce483aee-71ce-4a31-8984-884061e0ec43,portion,portion,n. 部分
4d3b1984-6f37-4b1a-92ae-c172a757d5bd,derivative,1,07a9529a-9052-4532-bc9d-f377046208a5,sectional,sectional,a. 某群体的
ce483aee-71ce-4a31-8984-884061e0ec43,near_synonym,1,be52536a-1b7a-4072-83eb-233ffce24c93,part,part,n. 部分
ce483aee-71ce-4a31-8984-884061e0ec43,derivative,1,faae60b3-f866-4894-90af-3c5d3e6ce909,proportion,proportion,n. 部分
67ee655f-6a56-490c-940a-d842d980268f,near_synonym,1,cdcfa559-d428-4695-a3f0-a1cb6005a310,interfere,interfere,vt. 干预
67ee655f-6a56-490c-940a-d842d980268f,derivative,1,52908f49-6dd8-4b59-a2fd-284f3a9549de,intervention,intervention,n. 干涉
f09cc6fa-6947-441a-8195-5a0f91772bd3,near_synonym,1,e3989bf0-455d-4f23-97ea-be58751d46ef,consider,consider,v. 仔细考虑
f09cc6fa-6947-441a-8195-5a0f91772bd3,derivative,1,7a8451db-75aa-453d-80c4-e328ef048d19,contemplation,contemplation,n. 沉思
1b535fb6-de2d-4501-95f2-a2d6a8683366,near_synonym,1,1daa717f-2f92-4fec-8a88-6eeb99669dad,childish,childish,a. 幼稚的
1b535fb6-de2d-4501-95f2-a2d6a8683366,near_synonym,2,afef50b4-2e53-434a-b3c2-4935f249eddd,adolescent,adolescent,n. 青少年
c0023077-aa79-4909-9cce-e2c15c4f7891,near_synonym,1,7b51b760-e920-4af5-860c-bb9c102bef6e,composition,composition,n. 构成
c0023077-aa79-4909-9cce-e2c15c4f7891,derivative,1,c408fe32-a9d4-48d8-8702-6b043049b648,constitutional,constitutional,a. 宪法的
d9d9e0f4-2839-42dc-9bb9-1f1556cd1d74,derivative,1,bc603272-7c07-4c77-aed3-e0dd917301da,invention,invention,n. 发明；创造
d9d9e0f4-2839-42dc-9bb9-1f1556cd1d74,derivative,2,e440fa1e-744d-4496-930e-89e8970c8759,inventive,inventive,a. 有创意的
bc603272-7c07-4c77-aed3-e0dd917301da,near_synonym,1,f5f99966-e5dd-4604-baa3-9e4dbeca4f66,creativity,creativity,n. 创造力
bc603272-7c07-4c77-aed3-e0dd917301da,derivative,1,e440fa1e-744d-4496-930e-89e8970c8759,inventive,inventive,a. 有创意的
7fa5f7a8-bf61-4e83-a5bb-dfa82aec58f9,near_synonym,1,25b92825-d865-4ad2-9e9c-6138ad480e0a,list,list,n. 清单
7fa5f7a8-bf61-4e83-a5bb-dfa82aec58f9,near_synonym,2,6c417c82-161d-4eb3-af54-0dd012a4669d,stock,stock,n. 库存
cf4779e2-c109-4f97-884f-92be6c8bc6b2,near_synonym,1,46edb185-81bd-449a-b88c-d05b49a3f60b,reside,reside,vi. 居住在
cf4779e2-c109-4f97-884f-92be6c8bc6b2,derivative,1,1f3d54b9-ba1d-4b50-98ce-30c0588963f5,inhabitant,inhabitant,n. 居民
3b52f349-5d21-4677-a407-8c816394ba2a,near_synonym,1,3fef47a5-4c66-47b1-a562-e118d256519f,strengthen,strengthen,v. 巩固
3b52f349-5d21-4677-a407-8c816394ba2a,derivative,1,c75d146a-645c-4568-8b6b-aa7e18aad3a3,consolidation,consolidation,n. 巩固
f141733b-5dc0-4f0d-a258-1ab5fbc6714c,near_synonym,1,c7a01594-fc9d-4295-a7ea-b37cfc929b78,significance,significance,n. 重要性
9f3a744f-a79a-4709-90ea-f005ce8bf12a,near_synonym,1,7eb8512f-9ce7-4c44-9250-e59f1b118e34,comply,comply,vi. 服从；遵守
9f3a744f-a79a-4709-90ea-f005ce8bf12a,antonym,1,bdb630b9-ae0d-472d-be29-cec73bd698c9,disobey,disobey,v. 不服从
cb5958e1-c05c-4009-b9e1-afc62e55bbdf,near_synonym,1,065e4ac1-1456-40f0-ab82-3627864b082d,attempt,attempt,v./n. 努力
acd8d49f-4b2d-4cda-bcec-c4274f90f0d6,near_synonym,1,669f7d0a-c69b-4643-9e66-a447d4010d53,attack,attack,n. 进攻，攻击
acd8d49f-4b2d-4cda-bcec-c4274f90f0d6,near_synonym,2,562c6e4c-cc05-4aef-aefd-53215d971215,assault,assault,n. 攻击
ca0698a9-6589-4289-b459-b18cc350b2a5,near_synonym,1,ce1c35e2-e24a-401b-a9a6-f6cefccb92fd,particular,particular,a. 特别的
ca0698a9-6589-4289-b459-b18cc350b2a5,antonym,1,12441980-2c16-4ec0-bf3f-7c7a659ae10b,ordinary,ordinary,a. 普通的
e0c1b0cb-e30f-48c8-8671-7c4c31748601,near_synonym,1,8518478a-0068-46fa-8a94-c9e52664b0e5,committee,committee,n. 委员会
98c7846e-15a5-4f13-af0f-2b1ad25ac804,near_synonym,1,a2c9be2e-88b5-4f14-a17d-f0c5dfc9ddae,alliance,alliance,n. 联盟
98c7846e-15a5-4f13-af0f-2b1ad25ac804,near_synonym,2,1691bca8-f82c-4565-bf22-4c5d950e456d,association,association,n. 联盟；协会
385764df-064b-4c02-b5a0-fa2c7040fd1f,near_synonym,1,0c63dff0-13f7-4bc4-8919-31acf8269834,ceremony,ceremony,n. 仪式
1786f89b-b832-47e5-bf1f-d856ea640210,near_synonym,1,e7a379ec-f97c-4f32-8775-3710b49cbe84,administer,administer,vt. 管理
1786f89b-b832-47e5-bf1f-d856ea640210,derivative,1,abad5415-0799-477e-b785-de501aa45603,supervision,supervision,n. 监督；管理
dccc8358-02a8-4a71-8e90-210231376986,near_synonym,1,177fca8e-780f-4a99-bb6a-a724c216ddac,cruel,cruel,a. 残暴的
dccc8358-02a8-4a71-8e90-210231376986,derivative,1,860b17f6-ce19-455c-9b15-ecece75c8b60,savagery,savagery,n. 残暴行为
81ebd87b-8be0-4e5f-b512-2ff61604d528,near_synonym,1,8b528fac-a61f-430f-b396-5b05c9dd4a6e,primary,primary,a. 首要的
81ebd87b-8be0-4e5f-b512-2ff61604d528,derivative,1,3fb8223f-1d6e-4ef4-b89e-eaa2765c619b,premiere,premiere,n. 首映
4b10b31e-b3dc-429c-8537-cbb59b24e2b4,derivative,1,df2345d3-0771-4184-aca4-c28b1ce64025,scrutinize,scrutinize,vt. 仔细查看
4b10b31e-b3dc-429c-8537-cbb59b24e2b4,derivative,2,e796fcba-66fd-45dd-912e-71cc802aee4a,inspection,inspection,n. 检查
481921c9-5789-4caf-b961-a62f91ef846a,near_synonym,1,745f2274-765e-49f5-8ae7-038497ea55d8,wheel,wheel,v. 旋转
481921c9-5789-4caf-b961-a62f91ef846a,derivative,1,971a57fd-7682-4c8e-9470-5f32bff734dd,revolving,revolving,a. 旋转的
c29f095c-61b9-4e48-8d91-5e3ca3105cb1,near_synonym,1,486fe87a-f0c9-407a-98d4-aa68d3f5a495,tip,tip,v. （使）倾倒
503ac91d-3a06-4d4f-85e1-d676e2143e1e,derivative,1,2df0b66c-11bf-4cb7-bda9-4fdfa01d5839,sentimental,sentimental,a. 感伤的
287366d2-ab2f-47d2-ae3d-a176063c873b,near_synonym,1,fc40e9c1-ee40-43b2-aaed-a797179fca9a,nurturance,nurturance,n. 关怀；养育
287366d2-ab2f-47d2-ae3d-a176063c873b,near_synonym,2,3bc6491b-fd56-4b45-b79e-1ba725b2cd98,foster,foster,vt. 培养
0652abcf-b677-419e-a185-5a901c250e2f,near_synonym,1,ae469d92-3811-479f-8683-538d54757625,recover,recover,v. 恢复
0652abcf-b677-419e-a185-5a901c250e2f,derivative,1,e53b7c02-792a-4423-b6c6-9436713694f2,revival,revival,n. 复兴；振兴
d213b47e-a73b-4109-b5e1-1c1b8af07047,near_synonym,1,77e184b5-d72f-4759-ab58-1de6a29cf168,pitch,pitch,vt. 扔
94e79b72-4541-499a-aa0a-30b2f5194ca3,derivative,1,46c29271-7d49-4116-8248-5ef9f98682b9,spectacular,spectacular,a. 壮观的
5c21466d-f934-4568-88b3-2b9bcc6e2145,near_synonym,1,548ee385-6e6a-4ee8-995d-3a5d4b7a63a0,scope,scope,n. 范围
ebf415d0-e180-4708-82b6-14622139bf4a,near_synonym,1,62e398e8-e715-4c9e-bff5-b9159a72c167,victory,victory,n. 成功
ebf415d0-e180-4708-82b6-14622139bf4a,derivative,1,baa52478-8700-4637-adfd-ed59f8668d1a,triumphant,triumphant,a. 成功的
0d9986ef-d47b-469e-9c14-62c79c7cc274,near_synonym,1,1d580d0a-391d-4a3c-824f-c08b70427f7e,unimportant,unimportant,a. 不重要的
0d9986ef-d47b-469e-9c14-62c79c7cc274,derivative,1,7b944657-8f6f-4268-83ff-eecf09585b9f,trivially,trivially,ad. 琐碎地
b864df3d-bd0b-453f-a82e-5fea41ec8ee5,near_synonym,1,c9616211-1821-47c2-9239-8cacdec53f57,ridiculous,ridiculous,a. 荒谬的
b864df3d-bd0b-453f-a82e-5fea41ec8ee5,antonym,1,ac90afe3-604e-44df-acd1-1cf30456fefc,reasonable,reasonable,a. 合理的
9d54226d-515c-416d-8d82-ef1c815e7fb0,near_synonym,1,983ebbdc-5739-4e23-b576-c683d7cb5cdc,creep,creep,vi. 爬行
9d54226d-515c-416d-8d82-ef1c815e7fb0,derivative,1,447040a0-90a2-435f-a560-d027b3caefc9,crawler,crawler,n. 爬行的人
652245a3-6347-4c16-8daa-6da992448018,near_synonym,1,194fc0ef-7caa-431f-b9dc-007b84c0c70c,secondary,secondary,a. 从属的
652245a3-6347-4c16-8daa-6da992448018,derivative,1,7ca88f82-b85c-4c1f-bad0-f63499f420bc,subordination,subordination,n. 从属
33e2433a-1921-4e8d-9c7e-318f5b692e90,near_synonym,1,3fef47a5-4c66-47b1-a562-e118d256519f,strengthen,strengthen,v. 加强
33e2433a-1921-4e8d-9c7e-318f5b692e90,derivative,1,8a90cdad-4109-4cae-85a5-650f5326cad7,reinforcement,reinforcement,n. 加强
170f1dfe-ce00-434d-8390-5e396c4924d8,near_synonym,1,c41d9f1d-0b38-459a-a3e2-ed97b1f22d27,shallow,shallow,a. 肤浅的
170f1dfe-ce00-434d-8390-5e396c4924d8,derivative,1,a96789f2-d37e-4abb-8935-1fb400a255bc,superficiality,superficiality,n. 肤浅
508bce88-e602-4e6f-87d6-ce0d31802605,near_synonym,1,9430a797-f50c-40b6-8486-d63d6334c389,continuous,continuous,a. 持续的
508bce88-e602-4e6f-87d6-ce0d31802605,derivative,1,6cf44dc5-e3b6-46c0-b21b-7ce434229955,perpetually,perpetually,ad. 永恒地
dda8dc4b-d840-4ee7-b96c-635645f6633f,near_synonym,1,e541c64f-4b9f-4c45-9c73-d1073c671af2,distort,distort,v. 曲解
e22a5652-743e-48ef-9a83-772efc87cfed,near_synonym,1,33970fd0-4b84-4f1f-98f9-4e3c148363b5,reappear,reappear,vi. 再次出现
e22a5652-743e-48ef-9a83-772efc87cfed,derivative,1,45a19465-875d-47c9-8ebc-e3b4f4924a88,recurrent,recurrent,a. 重复发生的
bab53832-6ba9-49c3-bd34-258cff3a1f85,near_synonym,1,dfe29ac3-750f-4bbd-9faa-e88870ea4ed2,suppression,suppression,n. 镇压；抑制
bab53832-6ba9-49c3-bd34-258cff3a1f85,near_synonym,2,b615e953-90c3-4b87-807e-55e399934ad6,repress,repress,vt. 镇压；抑制
4972b4dd-a37f-40ad-ad29-c77fbdc4e9b6,near_synonym,1,232d2683-609e-4c59-9015-54c5042bcf3f,cupboard,cupboard,n. 衣柜
9ffca7ac-a778-40e0-9494-7b93c0c90d8a,near_synonym,1,c561751b-0564-45b4-9182-05696c568952,repeal,repeal,vt. 废除
9ffca7ac-a778-40e0-9494-7b93c0c90d8a,derivative,1,8f8136fa-df90-4a3a-beb6-33759ea3e48d,abolition,abolition,n. 废除
8c5efeea-dec9-4177-8301-cabd777d8208,near_synonym,1,551c1599-03e9-4d01-9564-9ab4bcb8dc7e,valuable,valuable,a. 有价值的
8c5efeea-dec9-4177-8301-cabd777d8208,antonym,1,84aa6e68-02dd-4ef5-82dc-842a14381d50,unworthy,unworthy,a. 不值得的
29d1e509-588c-4db5-b542-156ee6aa49fc,near_synonym,1,551c1599-03e9-4d01-9564-9ab4bcb8dc7e,valuable,valuable,a. 有价值的
29d1e509-588c-4db5-b542-156ee6aa49fc,antonym,1,87a86441-3e56-44a6-9f29-f443fd6d962a,useless,useless,a. 无价值的
1c424e43-de5c-46d9-afef-56c81ab4aa08,derivative,1,3327d2aa-e2b1-4879-b7ec-a151a3f465ef,affiliation,affiliation,n. 隶属关系
50884744-2811-4fc0-861f-d99812a94944,derivative,1,76a5d334-61cc-474d-b24d-36e140b1b514,trumpeter,trumpeter,n. 号手
57c5d55f-150e-41f3-935b-ac0fc0802bb7,near_synonym,1,8b5d72eb-7559-4e9c-aac3-c9e041fbedfd,provision,provision,n. 准备
57c5d55f-150e-41f3-935b-ac0fc0802bb7,derivative,1,421064b0-5eab-4cf1-84b2-2fb0ce9b6772,preparatory,preparatory,a. 预备的
f82705b1-39f2-4ef2-9ae5-eaf106457a1a,antonym,1,ee7588ae-1bd0-448f-84ad-71c90627a4cb,previous,previous,a. 先前的
c524ebfb-1482-4f2b-8c63-93cdb87ad82d,antonym,1,10a0a0ef-0120-40cb-afc9-c8072e0dfc67,humble,humble,a. 谦逊的
c524ebfb-1482-4f2b-8c63-93cdb87ad82d,derivative,1,9064b6d8-46f7-486a-bc49-64ee5b536ba1,arrogance,arrogance,n. 傲慢，自大
7b7ba122-4ae8-4c8b-a888-187e1b6c34a4,derivative,1,2ced727c-c849-477e-be6e-e6e922ec71fd,suburban,suburban,adj. 郊区的
7b7ba122-4ae8-4c8b-a888-187e1b6c34a4,derivative,2,fbc76341-1707-45e8-a661-7a622187499f,suburbanize,suburbanize,v. 使……郊区化
4b06d76c-5266-4b36-a9a5-77c9f187082a,near_synonym,1,17759820-1b15-455c-82f2-dbab00f00ed5,class,class,n. 类别
4b06d76c-5266-4b36-a9a5-77c9f187082a,near_synonym,2,e78913ce-9386-4262-ac96-4dc324f508d9,category,category,n. 类别
6b084e87-28a6-420e-88e8-8efa4a01d472,near_synonym,1,844e3a81-c010-49d3-bc9a-5add82db6135,time,time,n. 时期
6b084e87-28a6-420e-88e8-8efa4a01d472,derivative,1,9845f787-01c6-46eb-86f0-55fb9077af56,periodical,periodical,n. 期刊
dfeb09ef-dff8-4329-9340-e0e40ccbcbca,near_synonym,1,49d05b22-2649-4206-bec0-fc5bfb91edc2,age,age,n. 时代
dfeb09ef-dff8-4329-9340-e0e40ccbcbca,near_synonym,2,6b084e87-28a6-420e-88e8-8efa4a01d472,period,period,n. 时代
be66a5ce-37a5-4129-acba-5a25d364bd21,near_synonym,1,050ee47b-da7a-4be1-8f6e-15e1fa76f9c7,spare,spare,a. 备用的
be66a5ce-37a5-4129-acba-5a25d364bd21,near_synonym,2,eed4458f-4d47-4336-ac00-6ccc98ff36ba,assistant,assistant,a. 助理的
989ea3bf-b2d5-44f4-8280-587c2bca482f,near_synonym,1,e534fb48-fa20-4e05-8c29-261ee8f55be3,propose,propose,vt. 建议
989ea3bf-b2d5-44f4-8280-587c2bca482f,derivative,1,4f538085-0ac3-4978-9be4-4ff1f97803df,recommendation,recommendation,n. 推荐（信）
611a4a07-ed91-4155-a28e-ca53e1d641c2,near_synonym,1,31d6181c-c15a-40de-a409-73a28ea3d6bf,compromise,compromise,n. 妥协
611a4a07-ed91-4155-a28e-ca53e1d641c2,derivative,1,3fb59914-e89c-4217-8057-ec964e29061d,concessionary,concessionary,a. 优惠的
8ce34d3b-ed6d-47f2-b81b-df18bf850836,near_synonym,1,1c8ec43c-4b6f-46b1-8bd3-cfafc4629930,consolation,consolation,n. 安慰，慰藉
8ce34d3b-ed6d-47f2-b81b-df18bf850836,near_synonym,2,5f103b8e-9b7d-484a-90e5-13dd3985f2e7,comfort,comfort,v. 安慰
cf3a4a6d-973b-49bf-9a8e-7450e2b4f159,near_synonym,1,0e9c67a2-16ae-4f65-ab84-050e039df715,participate,participate,vi. 参加
cf3a4a6d-973b-49bf-9a8e-7450e2b4f159,derivative,1,086a1f89-a88f-4067-b64d-6778eaf89c33,attendant,attendant,n. 服务员
6c70d63d-20e3-46f2-af00-7aa5ed5674f8,near_synonym,1,91419fea-861e-4ab8-aae0-19725782dfe8,accord,accord,vi. 一致
6c70d63d-20e3-46f2-af00-7aa5ed5674f8,derivative,1,2f462012-fd30-4909-b0aa-57cfebe635d5,corresponding,corresponding,adj. 相应的
1d3e3cf7-7329-4503-bd24-6e96c2cb0338,near_synonym,1,f23b60e8-fad4-4b42-bac2-adb8d3cbda7e,dull,dull,a. 钝的
1d3e3cf7-7329-4503-bd24-6e96c2cb0338,derivative,1,307b74f1-5472-4270-9e38-b32a879c849c,bluntly,bluntly,ad. 直言不讳地
dbfbd421-f573-4b01-a08d-cab2ff220b75,near_synonym,1,8d2cce12-10d6-45ae-b07a-ec29cec78a4a,distinguish,distinguish,v. 区分
dbfbd421-f573-4b01-a08d-cab2ff220b75,derivative,1,53fdb7b8-6777-4d93-9eb8-4518de9ee1ec,differentiation,differentiation,n. 区分
a01530c6-ec83-446c-ab12-f7bf28c55c49,near_synonym,1,ed0f3f61-97bb-48fc-93ed-953f227cd7f8,brief,brief,a. 简洁的
a01530c6-ec83-446c-ab12-f7bf28c55c49,derivative,1,fd88bc68-916f-4a3e-8145-a4600aa12a3c,concisely,concisely,ad. 简明地
21c2df5a-b860-43a0-97c8-e6c91a7d11c7,antonym,1,797fb852-7d37-4a6e-942e-799abdb42820,condense,condense,v.（使）浓缩
21c2df5a-b860-43a0-97c8-e6c91a7d11c7,derivative,1,04f89f8c-3307-4f58-8d5f-692a71a3eb1b,dilution,dilution,n. 稀释液
cd334e9b-edab-4ea3-b6f1-7fc3728ee908,near_synonym,1,3832d631-fd51-49ff-91eb-d35adcb37015,imagine,imagine,vt. 想象
cd334e9b-edab-4ea3-b6f1-7fc3728ee908,derivative,1,01f807fb-8d53-4b81-a1b5-fc65c60c91aa,conceivable,conceivable,a. 可想象的
ef625331-a691-448f-b71a-a3e184b45e9e,near_synonym,1,36911b43-31e2-4d1d-8fcd-8d26a12012d6,design,design,n. 构思
ef625331-a691-448f-b71a-a3e184b45e9e,derivative,1,9a1675c8-b608-438a-ae99-236f5f7db84b,conceptual,conceptual,a. 概念（上）的
af847e58-aadb-44d2-87db-0a2087c48a95,near_synonym,1,defdf22b-a49d-41d1-af58-b79a69aab78a,misfortune,misfortune,n. 厄运
af847e58-aadb-44d2-87db-0a2087c48a95,near_synonym,2,5d0b9d17-598b-4937-b7a3-01a3a6553850,death,death,n. 死亡
3db78d22-5fdb-4b7c-9fbc-09fb97270b5f,near_synonym,1,25e440c6-f14a-49c8-a593-b065fe045e8d,waken,waken,vt. 唤起
88323c21-6ab4-4258-b618-762b40583bea,near_synonym,1,2e2cbf9d-2e21-4eb5-a751-c5c31dd10e07,manage,manage,vt. 管理
88323c21-6ab4-4258-b618-762b40583bea,derivative,1,822f8a6b-3085-4294-bdd3-9960f65afb08,direction,direction,n. 方向
48f0d7ef-8165-493d-8d1b-64768973dddf,near_synonym,1,d57613e6-e0c7-4fbf-9e74-ee008ce4d627,manager,manager,n. 经理
48f0d7ef-8165-493d-8d1b-64768973dddf,derivative,1,212d452d-7618-4340-9c0f-5f0c9a517f6c,directorship,directorship,n. 董事的职位
797fb852-7d37-4a6e-942e-799abdb42820,derivative,1,52bc3952-7b72-451c-84ba-6e6e0f72f02e,condensation,condensation,n. 凝结
ce2eb99f-8c24-4ef9-b6f6-8166f26ce357,near_synonym,1,23887545-d595-4765-9f5a-0ed05d690054,shout,shout,v. 呼喊
9f25cfc6-0a4e-44c0-9885-0682be6b67ad,derivative,1,eb9c239b-019d-4a8e-8000-013e557f1ed3,exemption,exemption,n. 免除；豁免
12ba8b19-da31-4f39-b581-8356a701dc8b,near_synonym,1,10be2cdf-9a48-416f-980c-0e88782f2b1f,illustrate,illustrate,vt. （举例）说明
65f9a4ba-0a88-4c53-a2a2-363ad420fb67,derivative,1,da094a95-beaf-4ce1-bddc-263899a44649,conspirator,conspirator,n. 共谋者
f7e11bfa-16df-4213-a0ac-54b5a483a483,near_synonym,1,95137184-7da5-4dc2-9353-68c61f6b3ac8,luxurious,luxurious,a. 奢侈的
f7e11bfa-16df-4213-a0ac-54b5a483a483,antonym,1,3da58216-3c9f-4585-a171-7788deef3cd1,frugal,frugal,a. 节俭的
a28653ec-ecdc-4867-8710-4c60955e2c9c,near_synonym,1,1ac86af8-35e9-4d1a-98d1-d655e7d5799a,remark,remark,n. 评论
a28653ec-ecdc-4867-8710-4c60955e2c9c,derivative,1,9356489d-52ed-4617-9fe4-6793a88636b0,commentary,commentary,n. 评论
a5f78854-d4c6-4859-9ffd-267cc1c140ae,near_synonym,1,a484403c-0eb2-4f85-a4c5-7b41b753a036,execute,execute,vt. 执行，实施
a5f78854-d4c6-4859-9ffd-267cc1c140ae,derivative,1,521078a1-23cb-4af5-9ed4-400b9b413c01,enforcement,enforcement,n. 执行，实施
b2ab0cd4-fe4b-46b6-8012-0bbcfadfe318,near_synonym,1,ff478074-2ee6-437e-bd0a-484fceccf764,succeeding,succeeding,a. 接着的
b2ab0cd4-fe4b-46b6-8012-0bbcfadfe318,antonym,1,22060091-fe91-4c82-81e8-21a5a38bcec4,preceding,preceding,a. 前述的
13fe094c-76c2-418c-b6e5-93070134ffbd,near_synonym,1,5abb9d14-10c3-410b-969e-901ad95ae7e2,scared,scared,a. 害怕的
13fe094c-76c2-418c-b6e5-93070134ffbd,near_synonym,2,e6226720-d593-40d5-a443-90b56e1fbbdf,worried,worried,a. 担心的
93809271-814e-40d5-a210-d3709f9afb2a,near_synonym,1,6effdb5f-b5d8-4926-b900-9ead993f7da6,entertainment,entertainment,n. 款待
25c0fe84-0781-4537-bbf4-f17fb22f7624,near_synonym,1,126fde00-aec9-49de-aa86-3af64b99dc69,fantasy,fantasy,n. 幻想
25c0fe84-0781-4537-bbf4-f17fb22f7624,derivative,1,2aac9f6f-db71-410e-9c86-f44c72d3b13b,illusory,illusory,a. 虚假的
50773505-9b98-444a-98a9-b463183fb30a,antonym,1,e8796a97-86a9-4368-9472-c2024f396088,impatient,impatient,a. 不耐烦的
50773505-9b98-444a-98a9-b463183fb30a,derivative,1,ac0ebca4-7ec2-4e57-8b25-a8b3eec28adc,patience,patience,n. 耐心
102feae0-17aa-4f19-99a9-87a79a6ec66e,antonym,1,2dd41004-3957-457b-bb1d-a0e5cd78bf8a,explicit,explicit,a. 直言的
102feae0-17aa-4f19-99a9-87a79a6ec66e,derivative,1,03b6e7a3-829f-478c-a2f5-4907c9e24613,implication,implication,n. 含意
c126b8e3-f106-410b-b64c-f785d2d20b12,near_synonym,1,e2494a18-e8be-49e9-8eeb-062851e84d6b,tedious,tedious,a. 单调乏味的
c126b8e3-f106-410b-b64c-f785d2d20b12,antonym,1,975d8302-b72f-459c-a4a2-8f60987000cb,amusing,amusing,a. 有乐趣的
6982f104-9f51-4a0d-9f90-a9d08a72f457,near_synonym,1,6349a294-4eb5-4dba-8367-39ed4ecc6159,mourn,mourn,v. 忧伤
6982f104-9f51-4a0d-9f90-a9d08a72f457,derivative,1,c3ce21d0-3eed-4113-ad6e-6097dc81b425,grievous,grievous,a. 使人痛苦的
e3c65b3f-52db-4c67-95b1-021ba5b2820a,near_synonym,1,e3d25d1e-d7d3-4e85-a140-bcc18503d6cd,combination,combination,n. 结合
b3567e76-a79f-470a-ae5e-5dee5b8615e9,near_synonym,1,f8637f53-b9b0-4c06-98c7-c35902cb16ec,unpleasant,unpleasant,a. 不友好的
7ddf7bc0-7c25-40d1-a2e0-c5f3f3cd45ab,near_synonym,1,a95733f6-818f-4251-815d-550f4f7656ca,induce,induce,vt. 引诱
1f3d54b9-ba1d-4b50-98ce-30c0588963f5,near_synonym,1,c468e6c6-3c6f-46bf-a259-854199a07601,resident,resident,n. 居民
1f3d54b9-ba1d-4b50-98ce-30c0588963f5,derivative,1,c6684ce5-85d4-45f1-9d6f-56600a3021d9,inhabitancy,inhabitancy,n. 居住
f3572e6d-b9d2-4e97-ac58-4787a043c361,near_synonym,1,94db06c0-7f5f-48a4-8e35-2f3d4080b633,value,value,n. 价值
f3572e6d-b9d2-4e97-ac58-4787a043c361,derivative,1,fe8ac98f-5dc7-47e6-aed1-d35ceca8ae72,meritorious,meritorious,adj. 值得赞扬的
baf6a3bd-6887-4959-8571-65a1e6d938a0,near_synonym,1,607c4f5f-d08f-4c82-9a60-5ef418e28745,overlook,overlook,vt. 忽略
baf6a3bd-6887-4959-8571-65a1e6d938a0,near_synonym,2,408f99bf-f4d5-42e9-9eaf-925d79d6f132,ignore,ignore,vt. 忽视
a0be00fe-4195-4c97-b2bb-1990e252bdd0,near_synonym,1,339c3064-2002-468a-9913-9b649bf13661,insignificant,insignificant,adj. 微不足道的
e47d73fe-6dee-4d33-b37c-5a515bc63165,near_synonym,1,8e38948e-4d47-4bfc-abea-ac840714323e,deadly,deadly,a. 致命的
e47d73fe-6dee-4d33-b37c-5a515bc63165,derivative,1,6bef386b-4d40-4147-a5d1-74347555e1ac,mortality,mortality,n. 死亡率
83ee9724-8801-4498-bc42-44ce9a6c25cc,derivative,1,8656703d-117d-4a20-96d6-e90731ac7ab8,numerically,numerically,ad. 数字上
52cd6176-df86-4f3a-a776-4f85a44a971a,near_synonym,1,55887267-be59-4c61-b73e-2a5a45a9124c,moan,moan,v. 抱怨 n. 呻吟声
52cd6176-df86-4f3a-a776-4f85a44a971a,near_synonym,2,72cfda17-980d-453b-ada5-7f5f026cc6a1,complain,complain,v. 抱怨
7f359ceb-fdfc-4137-9957-1f6c42c0f1c9,near_synonym,1,7013b614-e960-4369-94fc-373ac44a99c0,atrocity,atrocity,n. 残暴行为
7f359ceb-fdfc-4137-9957-1f6c42c0f1c9,derivative,1,61cbd0c3-b97c-442e-802b-5b128d5e9fa2,outrageous,outrageous,adj. 骇人的
b1f291bf-b350-4140-9e87-796811dc802a,near_synonym,1,05947739-2df7-420a-bbb3-329dd51f8cd1,region,region,n. 地区，区域
f38ce7f1-8517-4379-9124-5eee0a04a9d0,near_synonym,1,0f4e19d1-a1a5-42f5-894a-ca0613476b70,rule,rule,v. 统治
f38ce7f1-8517-4379-9124-5eee0a04a9d0,derivative,1,447427c2-d6f5-4cf4-9417-4029bf386269,reigning,reigning,a. 现任的
c3627493-ee5f-4b21-9a80-6a1a5b6b3c41,near_synonym,1,4db5cee1-dc49-497f-8e51-acdfe11848af,power,power,n. 政权
c3627493-ee5f-4b21-9a80-6a1a5b6b3c41,near_synonym,2,3e931c59-c7fc-4150-bde5-fbf12fe6d936,government,government,n. 统治
fd15f70b-ffa5-4c30-8823-d9b89c457a59,near_synonym,1,e5b3a899-4ae2-4c09-8edf-e897fcc20c21,convince,convince,vt. 说服
fd15f70b-ffa5-4c30-8823-d9b89c457a59,derivative,1,f0fe21db-6825-449a-855b-1460b27f7967,persuasive,persuasive,a. 有说服力的
9a532622-a562-4469-8439-209f2bef98ef,near_synonym,1,6897e76f-7890-486f-b767-e6ace179bab8,belief,belief,n. 信仰
9a532622-a562-4469-8439-209f2bef98ef,derivative,1,f0fe21db-6825-449a-855b-1460b27f7967,persuasive,persuasive,a. 有说服力的
bfee0a65-2c39-4677-b576-ad92e7319997,near_synonym,1,fed422ec-781a-46bb-ac58-07fba35d41e0,beg,beg,v. 恳求
bfee0a65-2c39-4677-b576-ad92e7319997,derivative,1,ad368fbd-68e8-41e3-964c-cd443bfb4689,pleading,pleading,n. 恳求
a15844e2-2205-49d1-8517-8265eab83b68,near_synonym,1,e53b7c02-792a-4423-b6c6-9436713694f2,revival,revival,n. 复兴
a15844e2-2205-49d1-8517-8265eab83b68,near_synonym,2,6a8ecdbb-e402-4325-a237-5c7610e9b2a3,renewal,renewal,n. 复兴
7305a360-67e5-4083-b93e-575ee08a736e,near_synonym,1,b0779866-653d-4861-ba34-4ed702d0ae75,liable,liable,a. 易于……的
7305a360-67e5-4083-b93e-575ee08a736e,derivative,1,6b3d5ac5-f1dc-42e0-a9e7-333dfd053012,proneness,proneness,n. 倾向
69c54e09-21a9-48ef-bb98-17156ffec181,near_synonym,1,2bc4c901-7426-42f0-98b4-7fea75921834,approve,approve,vt. 批准
dd93b10c-a11e-4493-a7cc-7f0c7e06af1b,near_synonym,1,7c09d6b3-8172-457c-86f7-15ea8e68fee1,initial,initial,a. 开始的
4468f77a-15f7-43ba-bce4-6b69b50ded50,antonym,1,27481197-eda9-48a6-a04d-a39bc3703d6c,optimistic,optimistic,a. 乐观的
64881192-f5c0-466e-bc07-d96a22c6cb51,antonym,1,e8c307e4-6181-4478-930a-1c921f90249c,junior,junior,a. 级别低的
64881192-f5c0-466e-bc07-d96a22c6cb51,derivative,1,8437fe83-1e89-410b-a58d-670366a6add4,seniority,seniority,n. 年长；资历
05cb04e6-9494-4116-886f-51c0b2a5e025,near_synonym,1,52fc1546-392a-4efc-88ac-3269b4cb819d,biased,biased,a. 偏袒一方的
05cb04e6-9494-4116-886f-51c0b2a5e025,antonym,1,09942e05-4def-4af9-8157-6cc804f20003,impartial,impartial,a. 公正的
22f426e9-4b74-430e-bf09-9dcf1bb5ddd0,near_synonym,1,d176707e-eb96-4bf1-9f3c-8a134d9d84c5,correct,correct,vt. 纠正
22f426e9-4b74-430e-bf09-9dcf1bb5ddd0,derivative,1,ba401ce3-3c60-483d-b4c2-f42e9e537b76,rectification,rectification,n. 矫正
9818e1b9-115d-4b05-94be-efef4d150e84,near_synonym,1,dc64ca07-ba33-4a8d-97eb-87ffd5b7e724,pervade,pervade,vt. 弥漫
9818e1b9-115d-4b05-94be-efef4d150e84,derivative,1,41c215c4-3eb2-49cf-a23d-bb2e12475c32,permeation,permeation,n. 渗透
bc379bf3-3c95-46fc-a507-9db31d526445,derivative,1,12b5eb9c-18e1-47de-9ec9-cd67fa200fe1,sociological,sociological,adj. 社会学的
bc379bf3-3c95-46fc-a507-9db31d526445,derivative,2,8b027268-cc0d-4636-9afa-6cbf4090be99,sociologist,sociologist,n. 社会学家
0764fb03-4c0e-4e13-8d2a-c206470372ec,near_synonym,1,4e5a6579-83a6-4f10-a613-98f7c0dabf1b,approval,approval,n. 批准
0764fb03-4c0e-4e13-8d2a-c206470372ec,near_synonym,2,210552fb-eef9-433a-a179-d21c5fb45445,licence,licence,n. 许可证
c6b9eb42-29b7-42bb-bd15-1ff0f486291c,near_synonym,1,91ebee69-52cd-4570-ad0b-fb8068225101,monarch,monarch,n. 君主
c6b9eb42-29b7-42bb-bd15-1ff0f486291c,derivative,1,45783b24-d59d-405e-a320-06105079ee47,sovereignty,sovereignty,n. 主权
6cda6ae2-529c-42c2-b495-5072e6b20389,near_synonym,1,a8bb9e0a-fa96-428c-8b84-74809df3a7e7,stem,stem,n. 茎
6cda6ae2-529c-42c2-b495-5072e6b20389,derivative,1,4ed10af5-0773-4565-818f-a3b1d2e7cfc9,stalky,stalky,a. 似茎的
fc47af4e-bc29-4b9a-b2e3-8a7b8c9720b3,near_synonym,1,a28653ec-ecdc-4867-8710-4c60955e2c9c,comment,comment,n. 评论
fc47af4e-bc29-4b9a-b2e3-8a7b8c9720b3,derivative,1,525801b6-3130-4ac1-841b-fd26a60f5031,reviewer,reviewer,n. 评论家
1cbb8e30-2bfa-4f5e-8fc2-ef7ba655e45c,near_synonym,1,890ae9d5-f16b-499f-b1a0-f06dfb765f50,contribute,contribute,v. 捐助
1cbb8e30-2bfa-4f5e-8fc2-ef7ba655e45c,derivative,1,91df2123-9a23-46e5-b317-599e0d783172,subscription,subscription,n. 订购
9df5256d-9361-4fe7-83ab-a04af6f099c8,derivative,1,323e0534-a664-4442-8463-54ae38bf7fcc,symphonic,symphonic,a. 交响乐的
9df5256d-9361-4fe7-83ab-a04af6f099c8,derivative,2,2dadf1c9-9313-4c6c-8e34-83d0718e3287,symphonious,symphonious,a. 和谐的
e7a4e426-b4e3-4969-a757-f03ce03c35ab,near_synonym,1,b3b37305-803d-4628-8c48-debcb2461dc6,frugality,frugality,n. 节俭
e7a4e426-b4e3-4969-a757-f03ce03c35ab,derivative,1,9cde3601-a3b9-4bf6-9a7c-2d9677a2b901,thrifty,thrifty,a. 节俭的，节约的
cb15b0c9-d3d2-4b49-98e1-ea10836102c7,derivative,1,3f776dfb-43d1-4ca5-9862-8125b36f878d,senatorial,senatorial,a. 参议院的
065f3796-4914-46f6-b508-63bd62be764b,near_synonym,1,5bf7417b-8c76-42e5-8fdd-a8d7a086a4ce,spatter,spatter,v. 溅；洒
065f3796-4914-46f6-b508-63bd62be764b,derivative,1,30d72494-6359-48fe-a7d9-bd06e6f58c8c,splashy,splashy,a. 鲜明醒目的
24b86c32-d275-42e4-afd9-2cb7c95cb24f,near_synonym,1,34ae84ec-1151-4897-925e-18ea9bc1752b,expire,expire,vi. 死亡
24b86c32-d275-42e4-afd9-2cb7c95cb24f,derivative,1,973d73b2-1b65-4e26-8919-4a07894b0559,perishable,perishable,a. 易腐烂的
fe048d46-8c6a-47ac-844c-cde6beb73543,near_synonym,1,4808d0a1-2b90-4322-b2b8-c2380bfd27a3,thrive,thrive,vi. 繁荣
fe048d46-8c6a-47ac-844c-cde6beb73543,derivative,1,100b3cdf-7767-4415-b459-9869e3a426a2,prosperity,prosperity,n. 繁荣
979f0edb-63db-4638-a7f5-be03d6976709,near_synonym,1,5bb61a7f-1aec-46df-8c40-1b6772eb9369,excellent,excellent,a. 极好的
979f0edb-63db-4638-a7f5-be03d6976709,derivative,1,ea2e7d29-b1a5-4770-be3b-7144321b0fc7,terrifically,terrifically,ad. 极其，非常
5c0b58f1-7422-4d30-bb02-59813e68467e,near_synonym,1,22060091-fe91-4c82-81e8-21a5a38bcec4,preceding,preceding,a. 在前的
5c0b58f1-7422-4d30-bb02-59813e68467e,derivative,1,801baf82-b489-4271-ae42-7eb1aabe1612,precedent,precedent,n. 先例
801baf82-b489-4271-ae42-7eb1aabe1612,derivative,1,422f8688-5335-45ec-973d-8b27a2aaae64,precedence,precedence,n. 优先权
94aa4ea1-8a6c-48d0-ac6c-7984ae8a5f48,near_synonym,1,fa795edc-c8f2-44b6-84a8-4f18d832651a,seminar,seminar,n. 研讨会
0382072e-927a-4883-bdb5-8ae34c1b9704,near_synonym,1,2dc57e1a-b1e0-4f3c-ba3f-691e8f987566,hate,hate,vt. 憎恨
0382072e-927a-4883-bdb5-8ae34c1b9704,derivative,1,426e5cbe-d638-49a0-9931-305fae51b88b,resentful,resentful,a. 憎恨的
c90d5b95-f727-4ae2-b54f-0e4df02d24ff,near_synonym,1,486fe87a-f0c9-407a-98d4-aa68d3f5a495,tip,tip,v. (使)倾斜
c90d5b95-f727-4ae2-b54f-0e4df02d24ff,near_synonym,2,a63a600b-ad57-4983-8bbf-604b364e7795,slope,slope,vi. 倾斜
79219fef-a4c9-408e-8094-fa3f08b2da5f,near_synonym,1,86939a20-3b4e-4b0c-bcc3-1a209c38ab6b,spiteful,spiteful,a. 恶意的
79219fef-a4c9-408e-8094-fa3f08b2da5f,near_synonym,2,df9e3b7c-09c8-4a11-a442-30ff862ca8dc,ferocious,ferocious,a. 凶猛的
512e4bf3-3a5e-42de-a3b5-fb0dd5c6beae,near_synonym,1,ca0e7ed9-027d-4eab-b7d5-008920a1c410,coarse,coarse,a. 粗俗的
512e4bf3-3a5e-42de-a3b5-fb0dd5c6beae,derivative,1,b7877883-ee69-4d91-b66b-00a90793c892,vulgarity,vulgarity,n. 庸俗
10a91b5c-4130-43cd-a0d2-bc62a184256f,near_synonym,1,a41cb7da-3515-4a72-8366-27a623268441,guide,guide,vt. 引导；驾驶
81ef49af-a18b-4857-bf79-c538a3b036e1,near_synonym,1,3269c977-5dc9-448f-8714-0d1b5b96fb25,severe,severe,a. 严厉的
81ef49af-a18b-4857-bf79-c538a3b036e1,derivative,1,cbf43bfe-4565-4941-8b7e-68979cb768ed,sternness,sternness,n. 严格
10a0a0ef-0120-40cb-afc9-c8072e0dfc67,near_synonym,1,2d842c5b-d9fc-468d-be1b-fa357ba5ae94,modest,modest,a. 谦虚的
10a0a0ef-0120-40cb-afc9-c8072e0dfc67,antonym,1,c524ebfb-1482-4f2b-8c63-93cdb87ad82d,arrogant,arrogant,a. 傲慢的
551c1599-03e9-4d01-9564-9ab4bcb8dc7e,near_synonym,1,8c5efeea-dec9-4177-8301-cabd777d8208,worthy,worthy,adj. 有价值的
551c1599-03e9-4d01-9564-9ab4bcb8dc7e,antonym,1,4c268bfb-8d3b-4af0-b348-8fce202b728e,valueless,valueless,adj. 无价值的
963d69c3-7fea-4e2b-81a4-292c7e6475ba,near_synonym,1,956d86ef-c90c-4b8f-bda2-9b9bd5f0b1a8,furious,furious,a. 暴怒的
963d69c3-7fea-4e2b-81a4-292c7e6475ba,derivative,1,a5c5ec8d-d36e-4c4e-a04d-ea2bb88bd08a,indignation,indignation,n. 愤怒
a5c5ec8d-d36e-4c4e-a04d-ea2bb88bd08a,near_synonym,1,d4b274d5-952f-439a-994f-96b7bb62cbb6,anger,anger,n. 愤怒
a5c5ec8d-d36e-4c4e-a04d-ea2bb88bd08a,near_synonym,2,7bed7702-1814-484d-86fc-66ae95ed3fd5,wrath,wrath,n. 盛怒
0e2e92d9-0a44-4f69-8875-0413e6c34eeb,derivative,1,5a74f4c7-285b-4353-b599-03c458a06e93,linguistics,linguistics,n. 语言学
7fe72ba2-c2e5-4424-913f-d23aba9e9652,near_synonym,1,9ebb674d-e502-4002-8c26-e72c4a3ea624,principal,principal,a. 主要的
7fe72ba2-c2e5-4424-913f-d23aba9e9652,derivative,1,6a47b037-78b1-4d8a-9f80-67f02f0bd779,predominantly,predominantly,ad. 主要地；主导性地
d6ffd5ed-21ea-457e-ab50-9526794810a4,near_synonym,1,9a9c3151-f02b-4391-a2bf-61e7ad604724,futile,futile,a. 徒劳的
d6ffd5ed-21ea-457e-ab50-9526794810a4,near_synonym,2,f7662a15-76e2-4ee8-b0e3-d24ec3c17c3a,conceited,conceited,a. 自负的
6b351a80-7579-4a75-8696-a89143e5ab2c,near_synonym,1,15668674-e18e-455e-b434-a79b10ab73f6,contempt,contempt,n. 轻蔑，鄙视
6b351a80-7579-4a75-8696-a89143e5ab2c,derivative,1,64143aac-a520-4d1d-b16a-e3d218a96b10,scornful,scornful,adj. 轻蔑的
564972dd-f654-475c-8d63-2ef53521fd01,derivative,1,f4ad6253-5542-4310-b077-f4bd423526f9,panoramic,panoramic,adj. 全景的
d2b922f3-f1c5-4dcd-ae91-db6db4bd0a88,near_synonym,1,96063d96-bbc9-4ccc-bd41-dc4dd286cf8b,friendly,friendly,adj. 友善的
d2b922f3-f1c5-4dcd-ae91-db6db4bd0a88,derivative,1,eea56db6-e801-4501-b210-71918b249b0d,amiably,amiably,adv. 亲切地
c2d5051f-29c6-458e-8f67-24ad5f6573e1,near_synonym,1,efabb80e-aadb-4459-be62-7f6f8e9a9e71,conceal,conceal,vt. 隐瞒
c2d5051f-29c6-458e-8f67-24ad5f6573e1,antonym,1,60f42c6e-278f-4c74-8f65-6ccbaedc52de,reveal,reveal,vt. 揭露
b32a7e72-8190-4249-b02a-73e2d4ce1edc,near_synonym,1,02a8ccdb-2fb1-4f2e-92d3-6eff248079eb,doubtful,doubtful,a. 怀疑的
b32a7e72-8190-4249-b02a-73e2d4ce1edc,near_synonym,2,f06dad41-7163-41bf-abf9-4ebf713acd26,suspect,suspect,vt. 怀疑
090cdf36-aff1-4301-ab9d-fab65e6ef978,near_synonym,1,5a205568-83a3-4253-b116-0b09c56241fb,hug,hug,v. 拥抱
090cdf36-aff1-4301-ab9d-fab65e6ef978,near_synonym,2,6bdb2789-e7d9-4e92-925d-ecad50602a20,welcome,welcome,vt. 欣然接受
9d9262a7-2c22-4c68-b0a0-b4de1e6ced58,near_synonym,1,bfe11b56-4f84-443c-b6d9-1f636864c96c,continue,continue,v. 继续做
9d9262a7-2c22-4c68-b0a0-b4de1e6ced58,derivative,1,f5d92ddb-d5cf-4d99-a754-b2a010e49cdf,proceeding,proceeding,n. 诉讼
f5d92ddb-d5cf-4d99-a754-b2a010e49cdf,near_synonym,1,0258258d-eb0c-4cdb-9b6e-344a997513dc,lawsuit,lawsuit,n. 诉讼
f5d92ddb-d5cf-4d99-a754-b2a010e49cdf,near_synonym,2,57a78b1c-e985-4e8f-8fbc-486776feaf6c,process,process,n. 过程
99baaf9d-baad-4138-be24-4922a37f069a,near_synonym,1,780c3082-6b89-458d-ae8d-cb92bf937716,vertical,vertical,a. 直立的；垂直的
99baaf9d-baad-4138-be24-4922a37f069a,antonym,1,a00b6cdd-0317-4b2e-8e63-22ed3b69a00d,horizontal,horizontal,a. 水平的
9677adc8-f900-4bb1-972f-d2133f9c7800,derivative,1,b091bf28-c22e-442f-8103-1aae95dec9ed,decision,decision,n. 决定
9677adc8-f900-4bb1-972f-d2133f9c7800,derivative,2,c38a3eb0-20d3-4908-9027-5ef2bddccd9e,decisive,decisive,a. 决定性的；关键的
c38a3eb0-20d3-4908-9027-5ef2bddccd9e,near_synonym,1,99aa4a26-c2af-4d19-a2bf-31e5308b2dd0,crucial,crucial,a. 关键性的
c38a3eb0-20d3-4908-9027-5ef2bddccd9e,derivative,1,a1ee95c5-d724-42c2-8d55-624540e3bf59,decisively,decisively,ad. 果断地
dadcca83-846f-49a4-be74-95ae7373002d,near_synonym,1,c449f5d7-dd3b-4a4a-a1c2-f9fcd1c5ccc7,poem,poem,n. 诗；韵文
dadcca83-846f-49a4-be74-95ae7373002d,derivative,1,5fab8c9c-efa5-4f8c-9401-c80ef1874b60,versify,versify,v. 以诗体写
de914903-3bfa-415d-b5bb-11f1443df583,near_synonym,1,6799d17e-fb26-46fe-a222-acd8b3d5c8b8,main,main,a. 最重要的
de914903-3bfa-415d-b5bb-11f1443df583,near_synonym,2,41db9722-e6de-4971-a573-710c643ad943,essential,essential,a. 至关重要的
e92bc580-c1a2-4f30-92ae-06e518a2ce84,near_synonym,1,13c2728c-88b2-40e1-81fb-b189c29991f5,type,type,n. 种类
e92bc580-c1a2-4f30-92ae-06e518a2ce84,near_synonym,2,3a40f844-b92f-45dd-867a-a1c1cdd5cd5c,kind,kind,n. 种类
549b0deb-95e5-496a-addb-2704584537d4,near_synonym,1,67e330f5-e813-44fd-ba1e-0e6fbbcd7483,consistent,consistent,a. 一致的
549b0deb-95e5-496a-addb-2704584537d4,derivative,1,73e9e739-fa48-40f0-8f09-218568dcb80a,coherence,coherence,n. 连贯性
08191841-1b01-420e-b1f7-5aa53cc30283,antonym,1,41db9722-e6de-4971-a573-710c643ad943,essential,essential,a. 必不可少的
08191841-1b01-420e-b1f7-5aa53cc30283,antonym,2,dc5a584a-c576-41e6-baa4-02d0db5e3a12,unnecessary,unnecessary,a. 不必要的
264b1c88-e3d4-4c04-b47c-b3ec143255f1,near_synonym,1,9e9e4729-b04c-404e-adc0-3efa83af80ba,require,require,vt. 需要
264b1c88-e3d4-4c04-b47c-b3ec143255f1,near_synonym,2,443c4f81-060e-4551-aaac-16368efcbc88,demand,demand,vt. 需要
938d1c9d-aaa0-428d-ae45-6a5bec7dc8d9,near_synonym,1,13c3d6b2-bc9c-4e9e-a5de-fa2949464945,conclusion,conclusion,n. 结论
735709c5-91cd-495e-bf32-2e8abf597c22,near_synonym,1,9c708563-e7a9-437b-8725-6d476347c53e,legislation,legislation,n. 法规
735709c5-91cd-495e-bf32-2e8abf597c22,derivative,1,0d48ea9f-2706-4fa7-a9f6-024185490794,statutory,statutory,a. 法定的
96110e88-444b-424a-bb35-dcfbc4ea2f2f,near_synonym,1,cc45b813-91f9-493d-baa0-e265033196f7,charge,charge,vt. 起诉
96110e88-444b-424a-bb35-dcfbc4ea2f2f,derivative,1,fae66ff5-f560-4b0b-a147-231ca54c855c,prosecution,prosecution,n. 起诉
ea8657af-9ae9-4f15-914c-a54194542769,near_synonym,1,4b3cb745-6c2e-440b-a995-dcb57a5f00c6,circle,circle,v. 盘旋
ea8657af-9ae9-4f15-914c-a54194542769,derivative,1,b8f43b4a-4c85-4714-90d4-6800d4eb7d6c,spirally,spirally,ad. 成螺旋形地
88c3b48a-68f7-4f5f-a679-d497c75eed4a,near_synonym,1,b8939ed9-56e4-401f-bb71-4a5410ed10c7,sentence,sentence,vt. 宣判
88c3b48a-68f7-4f5f-a679-d497c75eed4a,derivative,1,ac7539cb-729e-4265-a273-7d72cb8284f9,condemnation,condemnation,n. 谴责
cddec877-161f-40bb-86c3-8303bbe3c714,near_synonym,1,6d88dddd-0133-45a9-8e33-79176fca2b6e,praise,praise,vt. 称赞
cddec877-161f-40bb-86c3-8303bbe3c714,derivative,1,c68f4838-f1ed-4264-9bce-dfeabf6ab2b4,complimentary,complimentary,a. 赞美的
91ebee69-52cd-4570-ad0b-fb8068225101,near_synonym,1,c6b9eb42-29b7-42bb-bd15-1ff0f486291c,sovereign,sovereign,n. 君主
91ebee69-52cd-4570-ad0b-fb8068225101,derivative,1,8df229e2-2de5-435c-9a4d-fcbe67e1be49,monarchy,monarchy,n. 君主制
4dbc243d-820f-4283-9159-71355832abdc,near_synonym,1,47fefbaa-db3b-4946-972c-28882a17310f,save,save,vt. 拯救
eb7133aa-f903-4a36-94d4-49632306f302,near_synonym,1,d8b7d090-7d36-4f52-89a1-c3bbb9337d71,prompt,prompt,n. 提示
302a211d-0162-44b8-a5dd-22f6487bcadd,near_synonym,1,47bdc213-f20a-4714-9866-88d2b1c7c080,confuse,confuse,vt. 使迷惑
302a211d-0162-44b8-a5dd-22f6487bcadd,derivative,1,c6db65b8-0238-4a4f-b2a6-8de7e93e53f0,bewilderment,bewilderment,n. 迷惘
3887f7dd-8786-417e-9b37-be0ae5395632,derivative,1,6e76a273-063e-4afe-a5c1-ec8ab36bc9d5,auctioneer,auctioneer,n. 拍卖商
04be1e86-bab7-4ea9-ac92-825c587c532a,near_synonym,1,5e84c1fd-f42b-4a17-863c-099abcd61750,guard,guard,v. 保卫
04be1e86-bab7-4ea9-ac92-825c587c532a,derivative,1,9271df44-6866-4110-9937-b8ca012d99c8,defendant,defendant,n. 被告
9271df44-6866-4110-9937-b8ca012d99c8,near_synonym,1,d913effd-e3ff-41a0-9c5c-05951636924c,respondent,respondent,n. 被告
9271df44-6866-4110-9937-b8ca012d99c8,antonym,1,c1dd4a27-8fa2-4b5e-8a78-e0168b6dc089,plaintiff,plaintiff,n. 原告
2865ed94-2efb-4985-a85f-3ec139f7841f,derivative,1,e2fd7839-bd99-47e1-b2e3-f7ec15811145,emigration,emigration,n. 移民
a8da72a0-6d96-4544-8ff1-5d2c3d5defe2,near_synonym,1,977dfd39-3b93-45a6-8ae4-7ebb75da2409,air-conditioner,air-conditioner,n. 空调器
3ec0b335-99cb-47cb-a7d1-48d0eafe07c6,antonym,1,406fc7a3-31e4-4cfe-8e57-bedbd5e58229,valid,valid,a. 有效的；合理的
3ec0b335-99cb-47cb-a7d1-48d0eafe07c6,derivative,1,292d0d0f-44fe-4246-8a62-07324b021098,invalidate,invalidate,vt. 使无效
2c0d7f3b-3e8d-458c-828e-0c9ccf04e53e,near_synonym,1,6287e2f3-7f54-4a4b-ba16-391d8308ea82,assist,assist,v. 帮助
2c0d7f3b-3e8d-458c-828e-0c9ccf04e53e,derivative,1,4a14ccbc-0333-46bc-998f-5c3473199b1f,supportive,supportive,a. 支持的；给予帮助的
66546b7c-e1a3-4635-8946-89d05ed88aea,near_synonym,1,3bc6491b-fd56-4b45-b79e-1ba725b2cd98,foster,foster,vt. 培养
66546b7c-e1a3-4635-8946-89d05ed88aea,derivative,1,f882beb4-c409-477b-b6c4-a1e9ffec6f7c,cultivation,cultivation,n. 培养；耕种
48dd025d-45cb-482a-93fc-784485729984,near_synonym,1,16043d33-334f-4aa0-8f01-618a3e14df8c,disperse,disperse,v.（使）分散
48dd025d-45cb-482a-93fc-784485729984,derivative,1,b5a0adfb-5daa-41e2-a2bc-95c5a5786ec9,diffusely,diffusely,ad. 广泛地
202490df-0e72-4ae5-8012-2593150a2f9e,derivative,1,273c6069-9efb-43fb-b572-57e75903f45f,chemistry,chemistry,n. 化学
202490df-0e72-4ae5-8012-2593150a2f9e,derivative,2,32d71ba6-8c8e-4982-b4bb-3aff6a544878,chemically,chemically,ad. 化学地
d58098aa-2976-4510-b49d-1a59399e4ce7,near_synonym,1,bfb2ae4e-d8bb-493b-bfe7-31ca55dbd1ef,mockery,mockery,n. 嘲笑
d58098aa-2976-4510-b49d-1a59399e4ce7,near_synonym,2,5549caa2-e721-4304-bb94-226ca374e26b,false,false,adj. 假装的
645eb2dd-2ee2-4997-a283-4dddc9c62a10,near_synonym,1,e678f993-dda7-4c4e-a6fc-d15d8ce7f9b5,temporary,temporary,a. 暂时的，临时的
645eb2dd-2ee2-4997-a283-4dddc9c62a10,antonym,1,fbb14ed0-87de-4849-a5af-9a05c4c6a105,permanent,permanent,a. 永久的
780c3082-6b89-458d-ae8d-cb92bf937716,near_synonym,1,99baaf9d-baad-4138-be24-4922a37f069a,upright,upright,adj. 垂直的
780c3082-6b89-458d-ae8d-cb92bf937716,antonym,1,a00b6cdd-0317-4b2e-8e63-22ed3b69a00d,horizontal,horizontal,adj. 水平的；横的
283452fe-e0b3-4eb6-a72b-05460e24ea25,near_synonym,1,4e278014-0039-45a1-bcdf-c686e4aca775,symbol,symbol,n. 象征
21fe5293-a8c4-421e-ad2d-ff9aa154d473,near_synonym,1,54f62989-a73d-4f81-8160-374e4be94e6b,shortcoming,shortcoming,n. 缺点
21fe5293-a8c4-421e-ad2d-ff9aa154d473,near_synonym,2,fe97134f-ddb2-443b-b17e-7e837b97b2d2,disadvantage,disadvantage,n. 缺点
e6218ca6-f6ff-498b-81dc-554496993720,near_synonym,1,d7eed1dc-5908-4409-9f9c-bad480b5fb4b,worn,worn,a. 疲倦的
053a563f-55d5-4d3d-95af-fccc7b313ba2,near_synonym,1,6897e76f-7890-486f-b767-e6ace179bab8,belief,belief,n. 信念
053a563f-55d5-4d3d-95af-fccc7b313ba2,near_synonym,2,e94d41fa-ef48-4d72-a526-0bd3d618f3df,certainty,certainty,n. 确定；有把握
e479c0e1-668d-405f-886c-a3ff85fedeee,near_synonym,1,1acd9334-d4dc-49e6-8be1-e9cbc1b23a22,oppose,oppose,vt. 反对
e479c0e1-668d-405f-886c-a3ff85fedeee,near_synonym,2,04ced793-31e3-4b33-b3e1-409ded541ce2,object,object,vi. 反对
58c30c6a-5bd3-4feb-9594-c8455f8666f2,near_synonym,1,41cebb0f-2929-4292-89bc-b4f968d178ca,sudden,sudden,a. 突然的
58c30c6a-5bd3-4feb-9594-c8455f8666f2,derivative,1,1c23bb7d-798e-44fa-ab96-115a3d35150a,abruptly,abruptly,ad. 突然地
89be17c2-05eb-4c66-931d-bae840dc4f1e,near_synonym,1,4afb19a6-c143-43e9-8a3c-0233ac6fedac,enthusiasm,enthusiasm,n. 热情
89be17c2-05eb-4c66-931d-bae840dc4f1e,derivative,1,ed7a3013-ebbf-4017-a1e8-e7736988b5df,zealous,zealous,a. 热情的
76764a6c-fafb-4f76-8616-02aecb4b29ce,near_synonym,1,d4cf1214-2f2f-43a2-9d81-396a984e84a4,tricky,tricky,a. 狡猾的
76764a6c-fafb-4f76-8616-02aecb4b29ce,near_synonym,2,c2daf491-7375-40a5-91f5-c7ebaa1b07a6,sly,sly,a. 狡猾的
93c69974-c15f-40b5-93cf-94071d9333a5,near_synonym,1,96904b6f-0a82-4c64-9b45-d4b940174601,pretence,pretence,n. 虚伪
93c69974-c15f-40b5-93cf-94071d9333a5,derivative,1,62dbef46-0dde-42f5-961a-33da8e4cefaa,hypocritical,hypocritical,a. 虚伪的
b298070c-d0e1-411c-a587-06cd8fd21ec8,near_synonym,1,34c4f1f5-8507-466d-a2a3-b4ee4a9f4de0,strait,strait,n. 海峡
ee684175-67a5-4620-b6ec-4792cb576e9c,near_synonym,1,814b67d1-6fa6-4c70-9809-9ed6d9948d38,tube,tube,n. 隧道
d3cc0af7-1625-4ff4-9694-9b67924815a9,near_synonym,1,1b17b238-02d8-4899-a80d-15982163067d,standard,standard,n. 标准
4a38a66e-0ee9-40ef-9fbf-c287368f0c9c,derivative,1,caf8730e-1e05-4ed3-950e-4e66af3edd6e,presidential,presidential,a. 总统的
0249616b-e2b3-4606-86ef-3a3911ebd462,near_synonym,1,679ce691-d5ba-4d35-a0e0-8be60dc9ed59,chair,chair,v. 主持
0249616b-e2b3-4606-86ef-3a3911ebd462,derivative,1,4a38a66e-0ee9-40ef-9fbf-c287368f0c9c,president,president,n. 总裁；主席
b9c013ca-af31-4b96-bd3b-e5e6803535d6,derivative,1,2a5f6b16-2c84-45db-853b-3fad22953a3f,tribal,tribal,a. 部落的
c8076bbe-1a35-4715-973e-a510bd7162e8,derivative,1,9cfb2e8d-cac7-4bf9-9826-969735203748,unanimously,unanimously,ad. 全体一致地
51aba54e-82ff-4040-9c6a-1e96f6e1e051,near_synonym,1,77cddfe9-216f-4695-8aff-ba9093a95e2a,extent,extent,n. 程度
51aba54e-82ff-4040-9c6a-1e96f6e1e051,near_synonym,2,54947c83-ec2b-490d-9bbf-04ee2710df17,level,level,n. 程度
034c2886-790b-4e73-828e-0ccf66a5b492,near_synonym,1,315e6d40-e026-4ba9-b315-98d41a7ebb29,essay,essay,n. 散文
41e4004f-76ee-4561-a9c3-cc45c4d76b6b,near_synonym,1,bafebf54-b733-4bd7-b0fe-3d45a025df0c,dreadful,dreadful,adj. 可怕的
41e4004f-76ee-4561-a9c3-cc45c4d76b6b,derivative,1,9abb4b09-5bb6-4a08-b09d-58c02d7b109c,formidably,formidably,adv. 可怕地
6ad0e56a-10b5-41c0-8bd5-b066ad126610,near_synonym,1,db157a79-5755-4372-8029-8a809371f9f3,frail,frail,a. 虚弱的
6ad0e56a-10b5-41c0-8bd5-b066ad126610,derivative,1,27d50c99-ba08-4b21-98ac-c1396c1a432d,feebleness,feebleness,n. 微弱
20ebade2-d7bd-4556-a238-485b2f37297d,near_synonym,1,ef253ef0-c395-4115-aa3d-71055c449857,slaughter,slaughter,n./vt. 屠杀
072d3e7c-8c7d-42fd-a048-634b70c8b7ac,near_synonym,1,5f04d3a0-3341-4a97-975e-072f0ef25b10,celebrate,celebrate,v. 庆祝
072d3e7c-8c7d-42fd-a048-634b70c8b7ac,derivative,1,b460e3ef-e30f-490e-8b33-2e19c180fc72,commemoration,commemoration,n. 纪念（仪式）
e00b6595-add3-4aac-8b20-ab5790ad8dfc,derivative,1,f3af7b27-3be9-4aa2-ac3a-174c454b71f3,anonymity,anonymity,n. 匿名
3ca1a44c-e89e-4fb6-8461-b6645507a4c1,near_synonym,1,33f336a4-54ba-4eb5-8347-fad165d3931d,ambiguous,ambiguous,a. 含糊不清的
3ca1a44c-e89e-4fb6-8461-b6645507a4c1,derivative,1,16c7257e-58b6-4dd6-b3ca-95001e07ae21,vaguely,vaguely,ad. 含糊地
97fbbed5-172b-436b-80a9-1af3b1c77843,derivative,1,b9f67707-e461-4121-8a27-cb727831a3ea,humiliating,humiliating,a. 使蒙受耻辱的
5aaaa1f8-3f76-4599-adb2-f5f149bd92b7,derivative,1,eb9bd5e1-8f50-4b58-bc53-ea7dcedefa81,retrospective,retrospective,a. 回顾的
5aaaa1f8-3f76-4599-adb2-f5f149bd92b7,derivative,2,b7e4df77-251a-457d-951f-982bf6013020,retrospection,retrospection,n. 回顾
06ffbc10-b7e4-4a18-b22e-85f6e04a4313,near_synonym,1,84ae0cb4-d43f-42d7-9670-8f4f273f5a52,simulate,simulate,vt. 伪装
06ffbc10-b7e4-4a18-b22e-85f6e04a4313,near_synonym,2,641dd215-830e-4413-9ee6-87a39480b7ce,mask,mask,vt. 掩饰
53c8bdda-387a-40d9-9cbf-2af706099da1,near_synonym,1,f76fa103-c262-4d30-8b88-14960cfa3c19,chute,chute,n. 降落伞
53c8bdda-387a-40d9-9cbf-2af706099da1,derivative,1,cbd5d81b-bea9-4ec8-8e0a-8c3cfb956cf7,parachutist,parachutist,n. 跳伞者
b22a4b52-7a29-4708-b681-618e2a1b628b,near_synonym,1,95bf9215-d25c-466a-9e88-becd5ba3e5c2,blend,blend,n. 混合物
b22a4b52-7a29-4708-b681-618e2a1b628b,near_synonym,2,6a643359-302b-4701-9039-8e869c9fdcff,hybrid,hybrid,n. 混合物
93969008-ff6d-4c0b-96cb-b631c1785138,near_synonym,1,09a38a62-9a44-4041-bc8f-aa24d7a18bbb,clever,clever,a. 精明的
93969008-ff6d-4c0b-96cb-b631c1785138,derivative,1,5f253570-4f8f-4c86-ba32-4bf5883a2f1d,shrewdly,shrewdly,ad. 精明地
4b25da95-9d69-4110-b071-8c6f7d1c83c8,near_synonym,1,df8ceae2-7fa2-4457-832b-967a8058fe41,character,character,n. 性格
4b25da95-9d69-4110-b071-8c6f7d1c83c8,derivative,1,4bb4c48c-73da-4273-88f3-dfd6a798e65d,temperamental,temperamental,a. 喜怒无常的
e0de392b-0676-4b3d-96d1-852435b5fad4,near_synonym,1,df8ceae2-7fa2-4457-832b-967a8058fe41,character,character,n. 特色
e0de392b-0676-4b3d-96d1-852435b5fad4,derivative,1,a49d54b9-8c4b-4561-bae2-ca9a10135356,personalize,personalize,vt. 使个性化
9f641a42-860f-44af-bfc6-8d034d5a31f7,near_synonym,1,cde32d72-a8a7-4f65-809b-f41a9f79c3e5,waver,waver,vi. 犹豫
9f641a42-860f-44af-bfc6-8d034d5a31f7,derivative,1,524325f5-fb6d-4eeb-b6e0-4b27a3e05d9e,hesitation,hesitation,n. 犹豫
c4033193-752c-48d9-88ed-3c9e34d8325e,near_synonym,1,677498ce-524e-4989-aa75-2808c08288ce,gain,gain,v. 获得
c4033193-752c-48d9-88ed-3c9e34d8325e,derivative,1,51771213-9e10-4b3f-a7e6-4a49e4fa71b0,achievement,achievement,n. 成就
8c98fa31-376f-44b5-82c6-f05a94c6443f,near_synonym,1,e678f993-dda7-4c4e-a6fc-d15d8ce7f9b5,temporary,temporary,a. 短暂的
8c98fa31-376f-44b5-82c6-f05a94c6443f,derivative,1,84f6108a-3d5f-4a29-bd28-156a97451d68,transience,transience,n. 短暂
9845f787-01c6-46eb-86f0-55fb9077af56,near_synonym,1,11b4fcf0-ce2b-4db6-ae93-f5dfbe782ca7,magazine,magazine,n. 期刊
9845f787-01c6-46eb-86f0-55fb9077af56,derivative,1,c11a3900-d8c7-4b9e-8dfa-352ad14a2500,periodically,periodically,ad. 定期地
36c7a202-d06b-496f-b618-4c994e40db42,near_synonym,1,f992f7ec-dad8-4ef6-9310-fb48bf3c3735,confirm,confirm,vt. 证实
36c7a202-d06b-496f-b618-4c994e40db42,derivative,1,49409697-a709-44fe-aefb-ae642ff4cf59,affirmation,affirmation,n. 肯定
b7ab5c19-cfbd-4576-a6dc-639836121dad,near_synonym,1,09bed1c7-540f-4366-9288-25a574e09093,artificial,artificial,a. 人造的
b7ab5c19-cfbd-4576-a6dc-639836121dad,derivative,1,0ec3608c-41df-4e3f-9e9f-f708bf618aaa,synthesis,synthesis,n. 合成
e98528b4-74c2-40f1-9c98-864656c365a4,near_synonym,1,dd5d3ddc-eb43-4e20-b661-b26992a2cdb6,fetish,fetish,n. 迷信
e98528b4-74c2-40f1-9c98-864656c365a4,derivative,1,1caa893e-09b0-463e-8caa-82eb780faa85,superstitious,superstitious,a. 迷信的
a90ac760-7004-46c7-8554-133032e1d391,near_synonym,1,52d3ae6f-6c31-4522-9f7b-6049d9de9f2c,postman,postman,n. 邮递员
1026049b-388d-4e1f-9699-bd61b94a2adc,near_synonym,1,0719e446-63c4-4155-9238-c4a3096ea88a,navigation,navigation,n. 航行
1026049b-388d-4e1f-9699-bd61b94a2adc,derivative,1,c5278e34-892c-41d7-ab00-576a757aa250,voyager,voyager,n. 航海者
77d3952e-0162-4926-9f1b-695c907e875a,derivative,1,5a4076ed-3396-48ee-ac2a-0ebc355f1fe1,diligently,diligently,ad. 勤奋地
77d3952e-0162-4926-9f1b-695c907e875a,derivative,2,3c5feb05-b310-4ba7-8f47-79baa4125c51,diligence,diligence,n. 勤勉
791c2526-2417-4d94-ba54-e1effecc1e59,near_synonym,1,d9ac0762-1173-49bd-8c20-03e79c322798,component,component,n. 成分
f0f1a498-63e2-471b-a984-67c9033f26d2,near_synonym,1,6658f561-715a-4a05-9aa7-8ccf7500a1b1,quiver,quiver,vi. 发抖
f0f1a498-63e2-471b-a984-67c9033f26d2,derivative,1,7b92afa5-9499-4b03-9d59-03fcdf5dbaeb,tremulous,tremulous,a. 颤抖的
5257b0e0-3581-4dd3-a6ae-370d7c2a8ef9,derivative,1,b0bed008-19f3-4d69-a701-31f85b0ef289,ornamental,ornamental,a. 装饰性的
b6ff7f0f-fe2f-437c-b00f-cbeb33fdb95f,near_synonym,1,81ef97e1-91ce-4adb-8b91-ad9ac2f5b2f8,disgust,disgust,vt. 使厌恶
3c80bad1-cb62-46ee-a506-cc07c995504c,derivative,1,88b9bb30-c273-4167-8a48-38e0160f4307,analogous,analogous,a. 类似的
ca2a5dee-6d4e-4b1b-82da-ee1566abddf9,near_synonym,1,60978844-6b92-4045-9c8d-b0338ee4a5dc,mistake,mistake,n. 错误
9c9ccb86-486f-4f70-a144-d501118ff8c3,derivative,1,79867598-6c4f-4c03-9ded-9530c6402a7e,sarcastically,sarcastically,ad. 讽刺地
9c9ccb86-486f-4f70-a144-d501118ff8c3,derivative,2,b2f670d4-da5e-4aad-a596-19ccb4cd8e2f,sarcasm,sarcasm,n. 嘲讽
3e931c59-c7fc-4150-bde5-fbf12fe6d936,near_synonym,1,bc137a1d-bc89-4843-b08d-4aa98ce65e73,polity,polity,n. 政体
3e931c59-c7fc-4150-bde5-fbf12fe6d936,derivative,1,241e4061-3748-444e-a263-6055b3515aa2,governmental,governmental,a. 政府的
d5d524f4-df4f-4ced-838d-14d0d87bc2a0,near_synonym,1,10fd399e-8cbf-4255-ad48-8cd6ec379d62,control,control,vt. 管理
d5d524f4-df4f-4ced-838d-14d0d87bc2a0,derivative,1,e1651922-bc4e-427e-b1f5-2f19103fa44a,regulation,regulation,n. 管理；规则
7f905ca0-a747-4e3c-ac97-eaa739ebc53d,near_synonym,1,af4796d0-123d-4a53-ba1c-071b5af80b33,urge,urge,n. 冲动
7f905ca0-a747-4e3c-ac97-eaa739ebc53d,derivative,1,bb319f2c-24f0-4b58-99fa-80d0a7779ced,impulsive,impulsive,a. 冲动的
2490a401-bb98-4d24-a2af-ec6501b1938c,near_synonym,1,20aab2f6-00f1-4c1c-b96a-5c42d70c3ab4,obvious,obvious,a. 明显的
2490a401-bb98-4d24-a2af-ec6501b1938c,derivative,1,ba890ddd-e1bb-4f9d-8350-e133eef7d542,apparently,apparently,ad. 显然
d41eae54-d5b9-4776-986b-9e339c92bc64,near_synonym,1,7d0e21c5-ddd7-45d9-9d47-bf4b6a792bf0,infer,infer,v. 推断
d41eae54-d5b9-4776-986b-9e339c92bc64,derivative,1,d0a027c6-8c10-4298-8f69-d04ca4b1babf,deductive,deductive,a. 推论的
f7cf9306-28d0-400a-a07d-2342c868cf6d,near_synonym,1,231a27a7-6c39-4f1f-b72b-5c485154a63f,graceful,graceful,a. 优雅的
f7cf9306-28d0-400a-a07d-2342c868cf6d,derivative,1,c567bd30-9165-407d-b826-5382db7bee94,elegance,elegance,n. 优雅
f69727cf-5ad7-40a3-a0f9-4845326eac20,near_synonym,1,5549caa2-e721-4304-bb94-226ca374e26b,false,false,a. 错误的
f69727cf-5ad7-40a3-a0f9-4845326eac20,derivative,1,266074da-93b5-4956-b605-f6e8cdfa8970,erroneously,erroneously,ad. 错误地
0ec3608c-41df-4e3f-9e9f-f708bf618aaa,near_synonym,1,c01887a6-f9c1-4725-9688-d4b41f9de52f,integration,integration,n. 结合
0ec3608c-41df-4e3f-9e9f-f708bf618aaa,derivative,1,b7ab5c19-cfbd-4576-a6dc-639836121dad,synthetic,synthetic,a. 合成的
b4a77078-6b46-4ef3-9141-b1d0a660437d,near_synonym,1,6311e82f-085e-422e-b2cb-fe33dd67a01d,dwell,dwell,vi. 居住
b4a77078-6b46-4ef3-9141-b1d0a660437d,derivative,1,4e7d900e-4799-48e8-b100-8efedafc08da,abiding,abiding,a. 持久的
f5633bda-6220-4195-aa0c-a1bb62f15fec,derivative,1,db0b9565-bf37-4364-93c0-af0a5373a846,preacher,preacher,n. 传道者
f5633bda-6220-4195-aa0c-a1bb62f15fec,derivative,2,54fd69a2-6141-47a0-8e8f-6e79653e649a,preachment,preachment,n. 讲道
e35ac198-944c-48fc-99ce-53b36c1918a8,near_synonym,1,2b5dc22a-65cf-4520-8893-9da64ea73bdb,revolt,revolt,v. 反抗
e35ac198-944c-48fc-99ce-53b36c1918a8,near_synonym,2,c317cf88-5d09-4b09-8660-344ee819ced3,despise,despise,vt. 藐视
3dc2b66e-36e8-482c-8c20-41e3a4d9baf3,derivative,1,71004d72-1ee1-4013-bf4f-1fbdf226c296,mobilization,mobilization,n. 动员
0e1c915e-8dfb-4812-bd2a-ceddd1feaa01,near_synonym,1,3d033bdd-e424-4711-85c6-67346fefb12b,stir,stir,vt. 搅动
0e1c915e-8dfb-4812-bd2a-ceddd1feaa01,derivative,1,47a46908-431d-4856-9d0d-00288ed4c16e,agitator,agitator,n.（政治上的）鼓动者
c71a1ed4-a8c0-456a-a910-57cdc8783b43,near_synonym,1,70f874de-3dc6-4e20-93e3-8c3992976c3a,pilgrimage,pilgrimage,n. 朝圣之旅
e2f839ba-74d8-4fa7-b753-87666f2e9f11,near_synonym,1,c9dc7047-da99-4126-8a86-32b7f2b56d93,dogma,dogma,n. 信条
e2f839ba-74d8-4fa7-b753-87666f2e9f11,derivative,1,55f0c328-c8e1-436b-a114-ef6d577deea1,doctrinal,doctrinal,a. 学说的
70a93bb3-f794-44b8-bb76-7fd824a0094b,near_synonym,1,df1b84eb-7102-4bdb-8a8e-292a21b623b9,deprave,deprave,vt. 使堕落
70a93bb3-f794-44b8-bb76-7fd824a0094b,derivative,1,4ede2252-23fa-4ca6-8727-24fcda606144,corruptly,corruptly,ad. 腐败地
e1a483b4-1483-4301-99a7-47fdf029f55c,near_synonym,1,181d525b-ef77-4578-a3e1-4705fc437b8b,peer,peer,vi. 盯着看，凝视
e1a483b4-1483-4301-99a7-47fdf029f55c,near_synonym,2,983e8f44-caef-46d6-a3d8-4916fbba8ae9,gaze,gaze,vi. 凝视
0698af3a-8ded-4f89-a3ec-d67c8e43eff6,near_synonym,1,a41cb7da-3515-4a72-8366-27a623268441,guide,guide,n. 手册；指南
985a1fb3-9a00-4e0c-a97e-1529b9068be1,near_synonym,1,10be2cdf-9a48-416f-980c-0e88782f2b1f,illustrate,illustrate,vt. 表明
985a1fb3-9a00-4e0c-a97e-1529b9068be1,derivative,1,e36befd7-9f14-4de8-b513-47ea7ce3f53c,indicative,indicative,a. 暗示的
e36befd7-9f14-4de8-b513-47ea7ce3f53c,derivative,1,7d3dcbcd-711d-4cbe-8d30-760094d510d5,indication,indication,n. 表明
815cf99a-dea5-4f54-bd44-b397ecfc40d7,derivative,1,fd00e063-5a98-41af-a409-a62f679272dc,tentatively,tentatively,ad. 试探性地
55c28267-003e-409d-a2d7-88c0695b0bd2,near_synonym,1,2c2e6f3a-af2a-4bd5-9a62-e471052b7ba0,manly,manly,a. 有男子气概的
55c28267-003e-409d-a2d7-88c0695b0bd2,derivative,1,799b09ee-64a3-4af4-babe-c0aa09ce8f82,masculinity,masculinity,n. 男性；阳性
7f949096-cee8-4fa1-8be4-3ea8631b66c5,derivative,1,f984fad9-12db-4526-9098-16973067ac5f,miserably,miserably,ad. 悲惨地
f296a1e6-ba94-46c4-a0f1-fd852985118e,near_synonym,1,4ade57b1-0f73-41cc-98bc-71e842dae0a6,distress,distress,n. 痛苦
f296a1e6-ba94-46c4-a0f1-fd852985118e,derivative,1,7f949096-cee8-4fa1-8be4-3ea8631b66c5,miserable,miserable,a. 痛苦的
fc0760a3-bb75-4967-9dbf-e946e4b0dd84,near_synonym,1,e4337474-c57f-4708-b1ee-cc5233653967,prisoner,prisoner,n. 俘虏
fc0760a3-bb75-4967-9dbf-e946e4b0dd84,derivative,1,b722fe65-61d1-4f07-85ee-8196f2f13f23,captivating,captivating,a. 迷人的
a31083ce-d7c1-434b-83ff-39ff236760e6,derivative,1,5220daaa-2aeb-412d-97c4-3d17e0b96178,apologize,apologize,vi. 道歉
a31083ce-d7c1-434b-83ff-39ff236760e6,derivative,2,a42a9165-d109-40f2-96ad-b9a1b9e0159c,apologetic,apologetic,a. 道歉的
76ca0bd8-0121-4154-b3c5-dfac6e41425b,near_synonym,1,812eb64d-1b4d-4f3e-9ca1-33b04690b085,strategy,strategy,n. 策略
76ca0bd8-0121-4154-b3c5-dfac6e41425b,derivative,1,3db9c3c0-0cf7-404e-93e8-b239276984cc,maneuverable,maneuverable,a. 灵活的
f4278050-3f56-446a-bdab-97cec0e2ee4c,derivative,1,35b55f68-a852-4401-93f9-6bde8fff7e40,journalistic,journalistic,adj. 新闻业的
f7085a8d-68a7-467a-bb75-63c307819a87,near_synonym,1,9845f787-01c6-46eb-86f0-55fb9077af56,periodical,periodical,n. (学术) 期刊
f7085a8d-68a7-467a-bb75-63c307819a87,derivative,1,f4278050-3f56-446a-bdab-97cec0e2ee4c,journalist,journalist,n. 新闻记者
37344f44-6b79-4457-8d7f-d77c0eb96e1b,near_synonym,1,b9bac9e9-23c3-4c9c-aa9b-ee556b655a2d,postpone,postpone,vt. 推迟；延缓
37344f44-6b79-4457-8d7f-d77c0eb96e1b,derivative,1,e22ca186-bc0c-421a-bcc6-6499579237af,deference,deference,n. 听从
05195b4d-9c01-47c9-b535-02a6fe2b37f4,near_synonym,1,60664a8a-24d4-4fe7-92c9-3c97002e9b0a,custom,custom,n. 习俗
05195b4d-9c01-47c9-b535-02a6fe2b37f4,derivative,1,bf91333b-2e5e-481e-8678-ba7c1c41a7dc,conventional,conventional,a. 传统的
4bc93f20-51b7-406f-b751-713e19bf8545,near_synonym,1,8b514cb7-728d-4139-a93b-911959b23ff4,maximum,maximum,a. 最大的
4bc93f20-51b7-406f-b751-713e19bf8545,near_synonym,2,4ee1cc0b-ee4a-4f1d-9ba0-89c8d784cc42,extreme,extreme,a. 极度的
72e58e85-03a4-4670-8386-106bf889501b,near_synonym,1,3a153047-a26f-46e8-8327-b65bd5eacb00,brochure,brochure,n. 小册子
72e58e85-03a4-4670-8386-106bf889501b,near_synonym,2,4bf817c5-20a2-40a9-9fa8-29fcc4ef14eb,booklet,booklet,n. 小册子
36c9a749-f0d3-4cc3-86a5-2f6dc52b8f4e,antonym,1,f23d1e9b-a51f-4396-b01d-309ba62ec94a,differ,differ,vi. 相异
36c9a749-f0d3-4cc3-86a5-2f6dc52b8f4e,derivative,1,7a11437b-932b-4a5d-87e4-425c4b4b22e5,resemblance,resemblance,n. 相似
580591f7-679a-464e-a558-64a93f343641,near_synonym,1,bcac2c96-7014-45de-b670-53ee482ae8b0,impressive,impressive,a. 给人深刻印象的
580591f7-679a-464e-a558-64a93f343641,near_synonym,2,5b50d14b-58b8-458c-9ee0-d305a6de569f,image,image,n. 印象
c3151d00-c962-47f6-8442-8a3371ff03c8,near_synonym,1,7192b5cc-603b-4259-ad3a-a814d5fc7d92,affront,affront,vt./n. 侮辱
f5ca5ab1-1fc4-4760-944e-184ba408fad3,near_synonym,1,36afb23f-70c5-472f-be2e-900303651b1f,secretary,secretary,n. 部长；大臣
f5ca5ab1-1fc4-4760-944e-184ba408fad3,derivative,1,a535ba39-70ec-4b20-ae59-4723229e12d4,ministerial,ministerial,adj. 部长的；大臣的
b398d43c-4e2a-4106-aeae-4dba49f18d1d,derivative,1,bdfb24e3-4368-4f6d-b940-a56acf8d99b2,lobbyist,lobbyist,n. 说客
cea29248-d53c-4c63-bdce-478bda3f1cde,derivative,1,4bb0c59f-3015-4a6a-b15e-72371074ba99,pregnancy,pregnancy,n. 怀孕
2b48eda9-6257-4977-a38e-f120b160e6b0,near_synonym,1,b759926e-0d5e-4b9b-9638-edfda474da4a,inevitability,inevitability,n. 必然性
2b48eda9-6257-4977-a38e-f120b160e6b0,derivative,1,264b1c88-e3d4-4c04-b47c-b3ec143255f1,necessitate,necessitate,vt. 使成为必需
ed1bcd0b-141e-4879-85c1-0118dadd8007,near_synonym,1,901552cd-f6f6-4da2-a6fe-5fad81e1a588,movement,movement,n. 运动；移动
ed1bcd0b-141e-4879-85c1-0118dadd8007,derivative,1,797e04ca-92d9-4a33-8346-599a61ee62ae,motionless,motionless,a. 静止的
ac90afe3-604e-44df-acd1-1cf30456fefc,near_synonym,1,35a0aff5-a463-429f-be9e-5c891418037e,rational,rational,a. 合理的
ac90afe3-604e-44df-acd1-1cf30456fefc,antonym,1,eecfacf5-4e51-41aa-a6e9-2fc2c2a80796,unreasonable,unreasonable,a. 不合理的
5f578552-6df1-41fd-8a0a-fd9e488040b8,near_synonym,1,f0448546-cbc3-489f-a661-a4c59476172b,polish,polish,v. 改进
5f578552-6df1-41fd-8a0a-fd9e488040b8,derivative,1,abe53a43-671a-4611-beb6-19682a8bfe76,refined,refined,a. 精炼的
b6b96503-4af7-4e6f-9815-d6cecd18c5f0,near_synonym,1,cb347f4a-c9e8-4f9f-a6b7-97369f9c334b,amend,amend,vt. 修改
b6b96503-4af7-4e6f-9815-d6cecd18c5f0,derivative,1,f00bc5f8-497b-482a-a158-d6096b8f599b,revision,revision,n. 修订
b41ce868-3a06-415f-a6cc-cdc2117c0ac7,near_synonym,1,aae1bb59-5bfb-4373-8114-4fb48bcb0e88,disappear,disappear,vi. 消失
b41ce868-3a06-415f-a6cc-cdc2117c0ac7,antonym,1,fee4d8ef-2efb-4fc3-8080-a15d3db523d5,appear,appear,vi. 出现
f6013802-aa5f-4904-8ca5-2156b41b9814,near_synonym,1,923b85cd-8f38-407f-8dc6-ab8eb230fc19,autograph,autograph,n. 亲笔签名
f6013802-aa5f-4904-8ca5-2156b41b9814,derivative,1,872378e1-d831-404e-a984-ec6d5de9ec59,signatory,signatory,n. 签署方
7202ddc7-31f1-483e-a2d1-352d2424dad7,near_synonym,1,bafeb327-5ccc-428f-b331-a2b7d39d7aa8,stipulate,stipulate,vt. 规定
7202ddc7-31f1-483e-a2d1-352d2424dad7,derivative,1,c5b3831b-40eb-478f-b60a-4a86e8916959,prescription,prescription,n. 处方
194fc0ef-7caa-431f-b9dc-007b84c0c70c,near_synonym,1,652245a3-6347-4c16-8daa-6da992448018,subordinate,subordinate,a. 次要的
194fc0ef-7caa-431f-b9dc-007b84c0c70c,near_synonym,2,43d0bc99-8799-4ef2-a21b-a1c0ca372d0b,minor,minor,a. 次要的
c946d3e8-c018-4139-90de-cf44bb05ce55,near_synonym,1,47b6add7-1918-4f39-9503-b56cdb8e278a,existence,existence,n. 存在
c946d3e8-c018-4139-90de-cf44bb05ce55,antonym,1,247d2f68-8f2a-4d53-ae1d-f70577bb87ee,absence,absence,n. 缺席
efe88ee1-d338-4ea4-93d8-bb19b490a8ca,near_synonym,1,ba6b9734-269e-40c8-8313-eaba3319db22,pill,pill,n. 药片
efe88ee1-d338-4ea4-93d8-bb19b490a8ca,near_synonym,2,e413e0b1-bdf4-47f9-8b6e-78df7d71e37a,plaque,plaque,n. 匾牌
d2dbe77d-c518-4910-9651-fcb5d8c50d7a,near_synonym,1,e8ae34a1-4edf-4d03-8329-b3ec7f4bde77,complete,complete,a. 完全的
d2dbe77d-c518-4910-9651-fcb5d8c50d7a,derivative,1,776f336b-75c5-4e64-8cb0-fe35eadfe36a,absolutely,absolutely,ad. 绝对地
2d1746dd-ae68-432a-85e1-a609af5addff,near_synonym,1,cf3a4a6d-973b-49bf-9a8e-7450e2b4f159,attend,attend,vt. 伴随
2d1746dd-ae68-432a-85e1-a609af5addff,derivative,1,4835933d-f914-4674-abe9-93969b3b57da,accompanist,accompanist,n. 伴奏者
26ed1f99-fab1-4d5d-b6ff-da366cd4e10d,near_synonym,1,f981276c-6c25-491d-a65a-5132dd7699a0,culture,culture,n. 文明
f4da9a2a-7574-4b85-a364-7f3052f51c95,derivative,1,3553d432-6365-40d5-a2b2-a38125811520,civilized,civilized,a. 文明的
f4da9a2a-7574-4b85-a364-7f3052f51c95,derivative,2,26ed1f99-fab1-4d5d-b6ff-da366cd4e10d,civilization,civilization,n. 文明
a69764ca-e232-43d4-868b-e8f14f34dd5d,near_synonym,1,18d72fd4-28c4-4911-bd84-b2709a416362,trail,trail,n. 踪迹
a69764ca-e232-43d4-868b-e8f14f34dd5d,derivative,1,29138e26-af22-482c-addf-899f959fe1ee,tracker,tracker,n. 追踪者
9ed3b149-69a9-4046-a0ae-61db3e2c55ee,near_synonym,1,18d72fd4-28c4-4911-bd84-b2709a416362,trail,trail,n. 踪迹
9ed3b149-69a9-4046-a0ae-61db3e2c55ee,derivative,1,29548059-9ef1-4cb5-ae79-6d894914a655,traceable,traceable,a. 可追踪的
18d72fd4-28c4-4911-bd84-b2709a416362,derivative,1,b5e0ef73-cc6a-4f6e-9d1d-da38583a1cfa,trailer,trailer,n. 拖车
2cbae321-fa04-4edd-bb9c-35289abdb534,near_synonym,1,8ad01854-996d-41e3-9a0c-cfedf7138ec3,young,young,n. 年轻人
2cbae321-fa04-4edd-bb9c-35289abdb534,antonym,1,64881192-f5c0-466e-bc07-d96a22c6cb51,senior,senior,n. 老年人
7740bfeb-d9ac-49c9-9724-8258bad21649,near_synonym,1,b61aa213-67bc-4151-a104-58632a9b3675,coming,coming,n. 到来
7740bfeb-d9ac-49c9-9724-8258bad21649,near_synonym,2,f7a0c1fe-7640-4202-880d-967b16c3c60a,advent,advent,n. 到来
03a95fc4-fdb4-459d-8b63-e662ecff8fbf,near_synonym,1,bf295b30-140d-4792-9a6e-b274081b35b9,engagement,engagement,n. 约会
03a95fc4-fdb4-459d-8b63-e662ecff8fbf,near_synonym,2,37652ec8-4ea7-4c48-80da-7eb0041606a1,nomination,nomination,n. 任命
7892661a-d011-4c68-8f47-d67feb2da9e7,near_synonym,1,25b92825-d865-4ad2-9e9c-6138ad480e0a,list,list,n. 目录
94f40d06-d252-4e24-9716-e94b7e0a50f6,near_synonym,1,f20bf801-79a7-40c4-a176-5d6df0ef7648,trade,trade,n. 贸易
94f40d06-d252-4e24-9716-e94b7e0a50f6,derivative,1,3839f333-3ed7-410d-8152-806b674dba69,commercial,commercial,a. 商业的
