word_id,relation_index,relation_type,related_word_count
91419fea-861e-4ab8-aae0-19725782dfe8,1,derivative,1
52e57afe-8dcc-46d0-a31f-a7a10a41b9d4,1,near_synonym,1
01678d1e-cad6-4f77-8d51-3555e693184a,1,near_synonym,1
01678d1e-cad6-4f77-8d51-3555e693184a,2,derivative,1
3d7384f0-021f-425e-97cb-4eeb4a0eaeb2,1,antonym,1
149a3e48-c4aa-4e05-8b47-4a0c107b4888,1,derivative,2
6ccd24f7-ab9a-4722-911f-583315e1071a,1,near_synonym,1
6ccd24f7-ab9a-4722-911f-583315e1071a,2,derivative,1
b04b2bfd-c811-4daf-975f-2558361f4aac,1,antonym,1
b04b2bfd-c811-4daf-975f-2558361f4aac,2,derivative,1
ee509035-52e2-42d5-af8e-44cab931c3df,1,near_synonym,1
ee509035-52e2-42d5-af8e-44cab931c3df,2,derivative,1
1b28da07-c470-4d29-8814-43f2774a878a,1,near_synonym,1
226e03a3-dcd5-4f9d-ae27-b04fc5517ab2,1,near_synonym,2
f992f7ec-dad8-4ef6-9310-fb48bf3c3735,1,near_synonym,1
f992f7ec-dad8-4ef6-9310-fb48bf3c3735,2,antonym,1
e6ada86c-cdcf-4b63-bbeb-093b0ca9f2ce,1,near_synonym,1
e6ada86c-cdcf-4b63-bbeb-093b0ca9f2ce,2,derivative,1
8ab9c302-698f-4983-982b-9cba3b580e39,1,near_synonym,1
dd63b5fb-0630-4771-b9c8-61a65da20bde,1,near_synonym,2
68ab6915-216f-4cb9-ac5b-f4770ae7bebd,1,antonym,1
68ab6915-216f-4cb9-ac5b-f4770ae7bebd,2,derivative,1
4a3458b5-0cb6-41ac-99d8-6254eacb5376,1,near_synonym,1
4a3458b5-0cb6-41ac-99d8-6254eacb5376,2,derivative,1
dfc0fc95-d463-4a0e-b57f-97240bb3ee99,1,near_synonym,1
dfc0fc95-d463-4a0e-b57f-97240bb3ee99,2,antonym,1
57a78b1c-e985-4e8f-8fbc-486776feaf6c,1,near_synonym,1
57a78b1c-e985-4e8f-8fbc-486776feaf6c,2,derivative,1
09de9eb6-5bde-44b4-81c1-5145759489af,1,near_synonym,1
09de9eb6-5bde-44b4-81c1-5145759489af,2,derivative,1
8f4dafed-ccc8-417e-adec-bc10c39d86ec,1,near_synonym,2
49712486-7250-4285-8335-3214c46da5d8,1,antonym,1
49712486-7250-4285-8335-3214c46da5d8,2,derivative,1
4dab4c11-8ee4-443a-b76f-b51e0635e3ea,1,near_synonym,2
b43a9f9d-b11f-485f-8f57-e26adfe58791,1,near_synonym,1
b43a9f9d-b11f-485f-8f57-e26adfe58791,2,antonym,1
36911b43-31e2-4d1d-8fcd-8d26a12012d6,1,near_synonym,1
36911b43-31e2-4d1d-8fcd-8d26a12012d6,2,derivative,1
b0805971-d99c-41de-bb21-9d9ff49693a4,1,near_synonym,1
b0805971-d99c-41de-bb21-9d9ff49693a4,2,derivative,1
443c4f81-060e-4551-aaac-16368efcbc88,1,near_synonym,1
443c4f81-060e-4551-aaac-16368efcbc88,2,derivative,1
f511b2e0-e72d-4b5e-b9e3-202ed9d46351,1,near_synonym,1
f511b2e0-e72d-4b5e-b9e3-202ed9d46351,2,derivative,1
79b31af7-b49f-42d9-b595-8a463d7a022c,1,near_synonym,1
79b31af7-b49f-42d9-b595-8a463d7a022c,2,antonym,1
04e2c888-2ea9-4b54-98ac-abdb9c754bff,1,near_synonym,1
04e2c888-2ea9-4b54-98ac-abdb9c754bff,2,derivative,1
e2e76bc6-ac70-4680-a68e-64a85d9e5b50,1,derivative,1
3c1f093c-3bca-4b0d-bec1-684e50dbe669,1,near_synonym,1
3c1f093c-3bca-4b0d-bec1-684e50dbe669,2,derivative,1
3c124513-6a6b-4b23-8593-9216c752b960,1,near_synonym,1
3c124513-6a6b-4b23-8593-9216c752b960,2,derivative,1
ddcc579b-8efe-41f6-907e-a2235a56125a,1,near_synonym,1
ddcc579b-8efe-41f6-907e-a2235a56125a,2,derivative,1
266f87e2-2d93-4ad2-a791-db3db12a0b98,1,near_synonym,1
266f87e2-2d93-4ad2-a791-db3db12a0b98,2,derivative,1
664ad8e8-765c-4906-bffe-67c49bc501d0,1,near_synonym,1
4778cd3f-bc4f-4132-9328-d25bf386abdf,1,near_synonym,1
4778cd3f-bc4f-4132-9328-d25bf386abdf,2,derivative,1
7eee6b38-273d-4f6a-8ca1-1135a5c0f9bf,1,near_synonym,1
7eee6b38-273d-4f6a-8ca1-1135a5c0f9bf,2,derivative,1
3e02e135-28cd-4d89-8216-dd4fad2cafb2,1,near_synonym,1
3e02e135-28cd-4d89-8216-dd4fad2cafb2,2,derivative,1
60b2441a-5f64-4d9c-95df-ded5ef1760e4,1,derivative,1
72cfda17-980d-453b-ada5-7f5f026cc6a1,1,near_synonym,1
72cfda17-980d-453b-ada5-7f5f026cc6a1,2,derivative,1
75e045e6-7ddf-4083-b80d-40cb2af374a5,1,near_synonym,1
75e045e6-7ddf-4083-b80d-40cb2af374a5,2,derivative,1
e127cbaf-3f17-41f0-965d-5edd14b4cd7e,1,derivative,1
4896c161-4fb0-4cdd-ba73-03582f46f96a,1,near_synonym,1
4896c161-4fb0-4cdd-ba73-03582f46f96a,2,derivative,1
ca2bfdbb-9fb8-49ef-8f89-f10e7a04333d,1,near_synonym,1
00159592-e62b-46e2-9c49-0f0687a4e2d9,1,antonym,1
00159592-e62b-46e2-9c49-0f0687a4e2d9,2,derivative,1
2eb080a9-bc73-46b5-9cbf-5eeb238bd387,1,near_synonym,1
2eb080a9-bc73-46b5-9cbf-5eeb238bd387,2,derivative,1
231cfcab-e78e-458f-9f98-c39b82fca0f2,1,derivative,1
890ae9d5-f16b-499f-b1a0-f06dfb765f50,1,near_synonym,1
890ae9d5-f16b-499f-b1a0-f06dfb765f50,2,derivative,1
05947739-2df7-420a-bbb3-329dd51f8cd1,1,near_synonym,1
05947739-2df7-420a-bbb3-329dd51f8cd1,2,derivative,1
2e2cbf9d-2e21-4eb5-a751-c5c31dd10e07,1,near_synonym,1
2e2cbf9d-2e21-4eb5-a751-c5c31dd10e07,2,derivative,1
bbaa98ad-99b6-464a-b30d-184ed476130f,1,near_synonym,2
e733d044-6422-42b9-bac7-cde5b7738e5e,1,derivative,2
cecd313e-b2cb-4a52-ae5f-718063c44d2d,1,near_synonym,1
cecd313e-b2cb-4a52-ae5f-718063c44d2d,2,derivative,1
e716187e-c3be-4f6d-ac7b-7dc0b2d15d9e,1,near_synonym,2
b4c2f137-7e74-46a1-8036-8150762c889a,1,antonym,1
b4c2f137-7e74-46a1-8036-8150762c889a,2,derivative,1
084091b2-1bdc-457b-a227-5391db39d199,1,near_synonym,2
09370f89-9e0c-48ef-9876-8790e5f1d145,1,near_synonym,1
3390f1f3-b7be-4f63-900a-7064bc3a0393,1,near_synonym,2
f7eb273f-bb07-48c0-a062-a6160ef50d8f,1,near_synonym,1
f7eb273f-bb07-48c0-a062-a6160ef50d8f,2,derivative,1
bf295b30-140d-4792-9a6e-b274081b35b9,1,near_synonym,1
ea1e022f-608e-448d-abce-9745c8ccfb76,1,near_synonym,1
ea1e022f-608e-448d-abce-9745c8ccfb76,2,derivative,1
51506c5e-1407-4287-90d9-83b953a2571a,1,near_synonym,1
51506c5e-1407-4287-90d9-83b953a2571a,2,derivative,1
dd7df190-f0c2-459e-b58e-5741db00cd88,1,near_synonym,2
00a62e6f-48f3-4ac1-80c9-ec016c8047bd,1,near_synonym,1
00a62e6f-48f3-4ac1-80c9-ec016c8047bd,2,derivative,1
a2ed2fb5-7b8f-4f5a-81b1-e449cd8fec2c,1,derivative,2
6827fc7c-16a4-457a-a96c-3121bb85925e,1,derivative,2
258c724a-e05d-403a-8ce9-352c9f66a47e,1,near_synonym,1
258c724a-e05d-403a-8ce9-352c9f66a47e,2,antonym,1
87f92c50-d208-4093-a080-88d9b2e3e53a,1,near_synonym,1
87f92c50-d208-4093-a080-88d9b2e3e53a,2,derivative,1
594e513c-9ada-4313-9b93-a5a30881358e,1,derivative,2
7590780b-589b-4d38-ae33-6a865d323a88,1,near_synonym,1
7590780b-589b-4d38-ae33-6a865d323a88,2,derivative,1
e264128c-5fa4-4a89-9331-f31b922ab80a,1,near_synonym,1
e264128c-5fa4-4a89-9331-f31b922ab80a,2,derivative,1
bee11f4c-f1fb-4fcc-b02d-45f1054e161d,1,derivative,1
7877c61c-ab13-487b-951b-c180dbe28f33,1,near_synonym,1
7877c61c-ab13-487b-951b-c180dbe28f33,2,antonym,1
537de570-c015-4531-b3b7-64735689ba48,1,antonym,1
8077083d-ceb6-40d1-802d-0682b2cf436d,1,derivative,2
d560157b-0bdf-46a8-b682-7a4dccd6e105,1,near_synonym,1
d560157b-0bdf-46a8-b682-7a4dccd6e105,2,derivative,1
691b7a7b-29d7-4d99-b6ec-9aa114c9dbc8,1,near_synonym,1
691b7a7b-29d7-4d99-b6ec-9aa114c9dbc8,2,derivative,1
2385cb79-80b5-46a8-a6f2-0d6480511e67,1,near_synonym,1
2385cb79-80b5-46a8-a6f2-0d6480511e67,2,derivative,1
1137e05a-63c6-4bcd-938d-ebcf3127b1cb,1,near_synonym,1
1137e05a-63c6-4bcd-938d-ebcf3127b1cb,2,derivative,1
4ee1cc0b-ee4a-4f1d-9ba0-89c8d784cc42,1,near_synonym,1
4ee1cc0b-ee4a-4f1d-9ba0-89c8d784cc42,2,derivative,1
eeebc9db-9520-44df-aa1c-897cf23fd77d,1,near_synonym,1
eeebc9db-9520-44df-aa1c-897cf23fd77d,2,derivative,1
0e62b486-7689-4263-90e0-bbcdfaeb27b7,1,near_synonym,1
0e62b486-7689-4263-90e0-bbcdfaeb27b7,2,derivative,1
00ca2ad7-53c1-4618-baa5-9e99fa01bb8f,1,near_synonym,1
00ca2ad7-53c1-4618-baa5-9e99fa01bb8f,2,derivative,1
3319ed87-1dc8-436f-bc4d-f46eb6e8632c,1,derivative,2
3697b98a-c7fb-4349-bf76-dde4db1fe62d,1,near_synonym,1
3697b98a-c7fb-4349-bf76-dde4db1fe62d,2,derivative,1
b2add5d3-351e-43a0-92ef-7681e1297d2f,1,near_synonym,1
b2add5d3-351e-43a0-92ef-7681e1297d2f,2,derivative,1
642656ba-5323-4961-82b3-64643c7cd222,1,derivative,1
442ed84a-975d-4b0c-ac4a-f5c8fd955d7c,1,near_synonym,1
442ed84a-975d-4b0c-ac4a-f5c8fd955d7c,2,derivative,1
88f473de-73b0-4b50-bfc9-95dda1522808,1,near_synonym,1
88f473de-73b0-4b50-bfc9-95dda1522808,2,derivative,1
2afa7cc6-68ac-4c5a-93b5-6849f89e2acb,1,near_synonym,1
2afa7cc6-68ac-4c5a-93b5-6849f89e2acb,2,derivative,1
1420ef01-c974-49c6-96d1-1e1f75feea27,1,near_synonym,1
355f7f24-f581-441d-a752-dda4fa80d78c,1,near_synonym,1
355f7f24-f581-441d-a752-dda4fa80d78c,2,derivative,1
6dc070b7-43df-4c10-a302-fb25d8a643ea,1,derivative,2
c526a12f-4fb7-4a70-ad1e-d4b5c103b31e,1,near_synonym,1
c526a12f-4fb7-4a70-ad1e-d4b5c103b31e,2,antonym,1
7534c469-0535-48e8-bf44-91326a77d1f4,1,antonym,1
7534c469-0535-48e8-bf44-91326a77d1f4,2,derivative,1
ad7df724-82b1-4fca-8d7d-c9ff1b183367,1,near_synonym,1
ad7df724-82b1-4fca-8d7d-c9ff1b183367,2,derivative,1
b812147a-48b9-44cd-ac30-6cdd47195cda,1,near_synonym,2
51233dec-96ba-427f-b0fc-975d9c8b3aed,1,derivative,1
62c81eeb-f3f2-40d8-936c-75edbf2fd8da,1,near_synonym,2
8cb9f11a-3fa2-486f-97da-85f07dbfc34e,1,derivative,2
4c9c7221-44b8-4111-8dcb-1f4625dd8285,1,near_synonym,1
4c9c7221-44b8-4111-8dcb-1f4625dd8285,2,derivative,1
f5eb744e-c576-4838-82b3-26f70830fd12,1,near_synonym,1
f5eb744e-c576-4838-82b3-26f70830fd12,2,derivative,1
53c8b8b6-70a6-479a-9985-ff6cc9735c4f,1,near_synonym,1
53c8b8b6-70a6-479a-9985-ff6cc9735c4f,2,derivative,1
e8a18786-2de8-4ceb-be9e-7b19f4f56cee,1,near_synonym,2
f1812770-e8eb-49e3-b9d5-85a6242ba497,1,near_synonym,1
e6165985-ca31-450d-861b-8abbe125dc32,1,derivative,1
f6e102b5-faa9-44df-a28c-896ecde92fcb,1,near_synonym,1
f6e102b5-faa9-44df-a28c-896ecde92fcb,2,derivative,1
7cc6a1b0-42cc-4d44-a16b-cbe7a94fbe1c,1,near_synonym,1
27928a6a-1e62-4edc-92ef-da0beb7fdd9f,1,near_synonym,1
27928a6a-1e62-4edc-92ef-da0beb7fdd9f,2,derivative,1
28575ed0-fa29-48bf-b07a-97dc0362f8c4,1,derivative,2
0617047d-69fc-4660-9311-dc4b8801a98c,1,near_synonym,1
0617047d-69fc-4660-9311-dc4b8801a98c,2,derivative,1
344f6de6-fc12-4b6f-881d-7b49c9e5726a,1,near_synonym,1
344f6de6-fc12-4b6f-881d-7b49c9e5726a,2,derivative,1
419c0c08-a1bd-457f-a2ed-2bc3347f1692,1,near_synonym,2
053b527c-20ca-460c-b950-91803c785614,1,derivative,2
6314ee01-a74d-4254-945b-4366c46a71ca,1,near_synonym,1
d2121964-5715-4d68-aa7b-5fd0e92d9fd2,1,near_synonym,1
d2121964-5715-4d68-aa7b-5fd0e92d9fd2,2,derivative,1
4ed039ea-542b-48d6-96e4-2d4ff2cac4ce,1,near_synonym,1
b7a6ff73-d342-402d-85af-87048707f68c,1,near_synonym,1
b7a6ff73-d342-402d-85af-87048707f68c,2,antonym,1
8abe1a29-9bed-456d-87cb-b6cab5868c5e,1,antonym,1
8abe1a29-9bed-456d-87cb-b6cab5868c5e,2,derivative,1
0351dd92-4972-4671-bc8c-1c8a8a2cb394,1,derivative,1
de94e26a-770d-4c74-bb84-ab42811edd00,1,near_synonym,2
41db9722-e6de-4971-a573-710c643ad943,1,near_synonym,1
41db9722-e6de-4971-a573-710c643ad943,2,derivative,1
a2e9bcaf-38bf-4929-affc-c084db8cd5e4,1,derivative,1
439b2fc9-bb59-4ea6-902c-04d5b32560d1,1,derivative,2
d47b5eb9-28e9-4256-b91f-e8f6b15269f6,1,near_synonym,1
d47b5eb9-28e9-4256-b91f-e8f6b15269f6,2,derivative,1
cd829ce7-5ba3-4a46-b0ac-af87407f907f,1,near_synonym,1
cd829ce7-5ba3-4a46-b0ac-af87407f907f,2,derivative,1
bb8eaade-8a83-4f86-8ea3-b141e2ae939c,1,derivative,2
13d51750-674a-40b1-bd57-06b2a334314e,1,near_synonym,1
13d51750-674a-40b1-bd57-06b2a334314e,2,derivative,1
a043b8b0-8bf9-4519-b1eb-6a9f57f54e50,1,near_synonym,1
a043b8b0-8bf9-4519-b1eb-6a9f57f54e50,2,derivative,1
40a8091d-7343-4887-9c5c-fa37c0e5dc22,1,antonym,1
40a8091d-7343-4887-9c5c-fa37c0e5dc22,2,derivative,1
eaec6260-6ebb-40f8-ad29-49d9837f9feb,1,derivative,2
1f1091a0-7996-4887-99da-b2fed0a53af1,1,derivative,2
25f7cffe-d797-4761-9304-cc5dba4d7a1e,1,derivative,1
ae469d92-3811-479f-8683-538d54757625,1,near_synonym,1
ae469d92-3811-479f-8683-538d54757625,2,derivative,1
58651127-452b-4e77-83d1-a265e4548fb1,1,near_synonym,1
c7a01594-fc9d-4295-a7ea-b37cfc929b78,1,near_synonym,1
c7a01594-fc9d-4295-a7ea-b37cfc929b78,2,derivative,1
e04fd73e-f25e-49e1-bf1e-1e3b7367da1e,1,near_synonym,1
e04fd73e-f25e-49e1-bf1e-1e3b7367da1e,2,derivative,1
e8ae34a1-4edf-4d03-8329-b3ec7f4bde77,1,near_synonym,1
e8ae34a1-4edf-4d03-8329-b3ec7f4bde77,2,derivative,1
1ae31c42-23e3-4796-ad65-ea2490e277c1,1,near_synonym,1
1ae31c42-23e3-4796-ad65-ea2490e277c1,2,derivative,1
df8ceae2-7fa2-4457-832b-967a8058fe41,1,near_synonym,1
6d823fdc-71a1-407b-ba4a-43632225c911,1,near_synonym,1
6d823fdc-71a1-407b-ba4a-43632225c911,2,derivative,1
c09430ec-8404-411a-9f43-bc576d64f761,1,near_synonym,1
c09430ec-8404-411a-9f43-bc576d64f761,2,derivative,1
e56ae18f-9900-41b0-8385-5eddd74996dc,1,derivative,1
08597f6f-a877-4d2e-8979-9bba59c24d99,1,near_synonym,1
08597f6f-a877-4d2e-8979-9bba59c24d99,2,antonym,1
37152562-a96c-4cb5-92f3-9e045d6f3bc3,1,antonym,1
a76ca8b0-25fa-412c-9add-ce70e42f68da,1,antonym,1
a76ca8b0-25fa-412c-9add-ce70e42f68da,2,derivative,1
b24fe997-d595-4e54-a144-a57b78d76550,1,near_synonym,1
b24fe997-d595-4e54-a144-a57b78d76550,2,derivative,1
04ced793-31e3-4b33-b3e1-409ded541ce2,1,near_synonym,1
04ced793-31e3-4b33-b3e1-409ded541ce2,2,derivative,1
e7460c9c-cdf8-4e2f-bf52-1ae71742b316,1,near_synonym,1
e7460c9c-cdf8-4e2f-bf52-1ae71742b316,2,derivative,1
b9775d39-9565-41b4-9bb2-5212bab5219d,1,near_synonym,1
b9775d39-9565-41b4-9bb2-5212bab5219d,2,derivative,1
ca619d95-cf02-4363-a847-8b9878e0b057,1,near_synonym,1
ca619d95-cf02-4363-a847-8b9878e0b057,2,derivative,1
b689380c-c94b-4f37-894d-e769caa5d96b,1,near_synonym,1
b689380c-c94b-4f37-894d-e769caa5d96b,2,derivative,1
608bb8d6-be53-472f-9530-26d96d503339,1,near_synonym,2
ee158c28-cd41-40db-b57b-a1e57eaee8bb,1,derivative,1
2a88e20a-bfc3-40b6-95ee-3b3a0c8d99d7,1,near_synonym,1
2a88e20a-bfc3-40b6-95ee-3b3a0c8d99d7,2,antonym,1
cd52ddb5-1906-4969-b576-73722c1e50fb,1,derivative,1
3839f333-3ed7-410d-8152-806b674dba69,1,near_synonym,1
3839f333-3ed7-410d-8152-806b674dba69,2,derivative,1
bb3d1798-3a94-42ef-b37c-652245c1b758,1,antonym,1
bb3d1798-3a94-42ef-b37c-652245c1b758,2,derivative,1
5ba59421-0e98-4b19-97a9-4f455eeeb119,1,antonym,1
badec43b-daf1-4f25-a19a-39c39ea80e6f,1,near_synonym,1
badec43b-daf1-4f25-a19a-39c39ea80e6f,2,antonym,1
0adf0c0b-9e00-4148-9ee2-3c9502db8560,1,near_synonym,1
0adf0c0b-9e00-4148-9ee2-3c9502db8560,2,derivative,1
d2eeb45f-dba2-4448-9de4-29eae65c7088,1,antonym,1
d2eeb45f-dba2-4448-9de4-29eae65c7088,2,derivative,1
9ddf389c-7b2e-47f0-b09b-b9490d7be229,1,derivative,1
afef50b4-2e53-434a-b3c2-4935f249eddd,1,near_synonym,1
afef50b4-2e53-434a-b3c2-4935f249eddd,2,derivative,1
60f42c6e-278f-4c74-8f65-6ccbaedc52de,1,near_synonym,1
60f42c6e-278f-4c74-8f65-6ccbaedc52de,2,derivative,1
ccea00d4-5a5d-4668-b914-ca72f3997abd,1,near_synonym,1
ccea00d4-5a5d-4668-b914-ca72f3997abd,2,antonym,1
a5fe21db-17f3-4699-aebf-c3ac2b857eac,1,near_synonym,1
53949bae-ce91-4266-bf23-ffe38bdae4a5,1,near_synonym,1
53949bae-ce91-4266-bf23-ffe38bdae4a5,2,derivative,1
8b528fac-a61f-430f-b396-5b05c9dd4a6e,1,near_synonym,1
8b528fac-a61f-430f-b396-5b05c9dd4a6e,2,derivative,1
e62004d2-bec7-40e6-93ef-047afcf51828,1,near_synonym,1
e62004d2-bec7-40e6-93ef-047afcf51828,2,derivative,1
ae5c1d4a-0be4-475c-9456-af95bcaaa4ae,1,derivative,2
d90fcf7d-10dc-4db0-bbdc-9043d825b87f,1,near_synonym,1
d90fcf7d-10dc-4db0-bbdc-9043d825b87f,2,derivative,1
21876003-ef15-4d34-a97e-e29a128e6db5,1,near_synonym,1
21876003-ef15-4d34-a97e-e29a128e6db5,2,derivative,1
ac21fbaa-d8f6-40c4-bd1f-81e7647b4315,1,near_synonym,1
ac21fbaa-d8f6-40c4-bd1f-81e7647b4315,2,derivative,1
3a427860-5ff5-43e2-87fc-8ece46f8ae80,1,near_synonym,2
ab5a72ef-4535-4f61-aea3-8e1f05b1a47a,1,near_synonym,1
ab5a72ef-4535-4f61-aea3-8e1f05b1a47a,2,derivative,1
fbd49993-5f2b-4b69-95df-1856f9f20f30,1,near_synonym,1
fbd49993-5f2b-4b69-95df-1856f9f20f30,2,derivative,1
b325a8e3-ebf8-4d52-a0b7-0010d669316e,1,near_synonym,1
b325a8e3-ebf8-4d52-a0b7-0010d669316e,2,derivative,1
53692ea2-b632-434c-95b6-f350e0cc8cb3,1,antonym,1
53692ea2-b632-434c-95b6-f350e0cc8cb3,2,derivative,1
d750094f-ddc0-4525-a55e-187503c9c152,1,near_synonym,1
d750094f-ddc0-4525-a55e-187503c9c152,2,derivative,1
47ca46e0-0b9f-4c11-92c4-97c76ad6dc29,1,near_synonym,1
47ca46e0-0b9f-4c11-92c4-97c76ad6dc29,2,derivative,1
e9a8ae03-2473-49c2-b224-750009e2d9df,1,derivative,1
4a1bdc73-b307-41d7-b7a2-01d9677bdff5,1,near_synonym,1
4a1bdc73-b307-41d7-b7a2-01d9677bdff5,2,derivative,1
0b4e2e0b-94ad-4a5b-bce6-2292a698f505,1,near_synonym,1
0b4e2e0b-94ad-4a5b-bce6-2292a698f505,2,derivative,1
f9234452-8989-4670-997f-1ec058a852d2,1,near_synonym,2
4bbaf2a4-bef8-494b-9a3c-b179e1d63d4a,1,near_synonym,1
4bbaf2a4-bef8-494b-9a3c-b179e1d63d4a,2,derivative,1
65959ca6-45df-4435-9952-bd9802bbdd0e,1,near_synonym,2
14450120-b872-4583-930a-a2dfd41a7776,1,near_synonym,1
6d3ebf60-2e85-480b-bc3a-9083c2a1f9f0,1,near_synonym,1
09c282db-420f-4a4e-abe9-118eb75a6c55,1,antonym,1
09c282db-420f-4a4e-abe9-118eb75a6c55,2,derivative,1
ee9a0744-75cc-41b6-a004-23d2ea0442a1,1,near_synonym,1
ee9a0744-75cc-41b6-a004-23d2ea0442a1,2,antonym,1
c0a978e9-2225-4824-85c0-ce7087bba7e4,1,near_synonym,1
c0a978e9-2225-4824-85c0-ce7087bba7e4,2,derivative,1
c3364496-7aac-4638-bca9-8dfdf958e603,1,derivative,1
58fdcafc-1a71-468b-9903-c4e8be9f07fc,1,near_synonym,1
58fdcafc-1a71-468b-9903-c4e8be9f07fc,2,derivative,1
10be2cdf-9a48-416f-980c-0e88782f2b1f,1,near_synonym,1
10be2cdf-9a48-416f-980c-0e88782f2b1f,2,derivative,1
408f99bf-f4d5-42e9-9eaf-925d79d6f132,1,near_synonym,2
459fb790-cb96-44f1-8a1c-22338bd081b7,1,near_synonym,1
459fb790-cb96-44f1-8a1c-22338bd081b7,2,derivative,1
5ce529ab-2863-4bef-b05e-783f2f5d36b0,1,near_synonym,1
5ce529ab-2863-4bef-b05e-783f2f5d36b0,2,derivative,1
001b1010-9fbf-4013-ae4c-aebcd8620205,1,near_synonym,1
001b1010-9fbf-4013-ae4c-aebcd8620205,2,derivative,1
f2246f88-6183-4861-916e-1bc68f163c4b,1,near_synonym,1
f2246f88-6183-4861-916e-1bc68f163c4b,2,derivative,1
e7a9f01f-7734-4ac1-8925-85cd0a07fe2c,1,near_synonym,1
e7a9f01f-7734-4ac1-8925-85cd0a07fe2c,2,derivative,1
6ce79d4a-4d3e-4ade-93f0-939813abec56,1,near_synonym,1
6ce79d4a-4d3e-4ade-93f0-939813abec56,2,derivative,1
2d8aa3bb-ba72-427f-ab3a-fc1a955fa9f8,1,near_synonym,1
2d8aa3bb-ba72-427f-ab3a-fc1a955fa9f8,2,derivative,1
634f97a1-01e2-4be7-95e0-6b00cb6bd9e1,1,near_synonym,1
634f97a1-01e2-4be7-95e0-6b00cb6bd9e1,2,derivative,1
0e9c67a2-16ae-4f65-ab84-050e039df715,1,near_synonym,1
0e9c67a2-16ae-4f65-ab84-050e039df715,2,derivative,1
659a2814-a80a-4728-b6ab-272fc0703d51,1,derivative,1
19994e37-cb42-4308-a4d3-ee236167f47a,1,near_synonym,1
aa8d0f6a-325c-40ad-bcf4-02d322eeee82,1,near_synonym,2
490b04a9-d441-4938-9f88-20cc0e9c84b4,1,antonym,1
490b04a9-d441-4938-9f88-20cc0e9c84b4,2,derivative,1
a9c2f632-8457-4569-9f36-3a3fa3eb1aea,1,near_synonym,1
a9c2f632-8457-4569-9f36-3a3fa3eb1aea,2,derivative,1
c2f11384-4a9a-47ae-ad58-a49c13c4dfd0,1,near_synonym,2
cad8e612-f736-47fc-9a7c-f8f3f75891ed,1,near_synonym,1
cad8e612-f736-47fc-9a7c-f8f3f75891ed,2,derivative,1
8e275605-9f74-45f2-8991-1155e440ef73,1,near_synonym,1
4829b57f-57a5-44c5-a6d1-c90d6e812ee0,1,near_synonym,1
4829b57f-57a5-44c5-a6d1-c90d6e812ee0,2,derivative,1
246aa184-ff5c-4e58-ab93-ca7ab98bf9b6,1,near_synonym,1
246aa184-ff5c-4e58-ab93-ca7ab98bf9b6,2,derivative,1
8f07113f-28dc-446b-b505-995432933fc5,1,derivative,2
9783ebf7-a511-47aa-87b8-c2a76de53121,1,near_synonym,2
acaae4d6-818a-4e4d-9dd8-430971ebe678,1,derivative,1
7f399453-3f03-4958-8228-6c7b53209d9f,1,near_synonym,2
f0615c5e-79ff-4830-9158-258f870529c7,1,near_synonym,2
1439af4d-3b36-4ed9-8fde-60c83e91a0d7,1,near_synonym,1
1439af4d-3b36-4ed9-8fde-60c83e91a0d7,2,derivative,1
eb16de08-a0e4-4dcc-9335-ef437927c9f2,1,near_synonym,1
eb16de08-a0e4-4dcc-9335-ef437927c9f2,2,derivative,1
57515681-f34e-4b36-976a-151b6513cfe9,1,derivative,1
c1667ab4-bc22-44a8-877b-da44c9213a94,1,derivative,1
e9a7bbbd-e754-4b8a-bd26-790570c34d86,1,near_synonym,1
f3d585ed-e470-4963-ab54-69b0c69b649d,1,synonym,1
f3d585ed-e470-4963-ab54-69b0c69b649d,2,derivative,1
c9af1186-7ba9-4d61-8c18-b64e3ca14ddc,1,near_synonym,1
ea6f7ee6-1c59-49fd-837d-8b78d041710b,1,near_synonym,2
a8b6c2cd-802e-4d20-b2ee-9e3d0b9f073e,1,near_synonym,1
5932d5e6-b167-4e43-a0e5-a34f47759591,1,near_synonym,1
5932d5e6-b167-4e43-a0e5-a34f47759591,2,derivative,1
667d76a3-257e-47f5-a98c-d45eae995974,1,antonym,1
2831f2eb-6a39-4fe7-95d6-5f3955598316,1,near_synonym,1
2831f2eb-6a39-4fe7-95d6-5f3955598316,2,derivative,1
7b8108d9-5fcc-40b0-8716-f55b3798f69b,1,near_synonym,1
3c717be0-dbf3-411b-886e-c7f6b7b8d876,1,near_synonym,1
3c717be0-dbf3-411b-886e-c7f6b7b8d876,2,derivative,1
63323027-2497-4eb2-b798-4630cc6c88ab,1,near_synonym,1
488801fc-1917-49f0-ac87-561143cce897,1,near_synonym,2
d63c698d-c172-4ffe-9adf-7e1bb18f6350,1,near_synonym,1
d63c698d-c172-4ffe-9adf-7e1bb18f6350,2,derivative,1
f2aa422a-d767-414b-bec3-86e45fc49c6c,1,near_synonym,1
f2aa422a-d767-414b-bec3-86e45fc49c6c,2,antonym,1
6a6789e9-b893-4f74-be59-54f2005e907d,1,near_synonym,1
33f7ee93-c880-4a0c-8e8b-a2c646002cb8,1,near_synonym,1
eba9570c-5d41-4764-a7a8-996a3c608197,1,near_synonym,1
eba9570c-5d41-4764-a7a8-996a3c608197,2,derivative,1
67b4e3db-b406-4752-a1ba-2ee9b4af0270,1,near_synonym,1
1e0b051c-c04c-400e-a079-9f8948111d41,1,near_synonym,1
1e0b051c-c04c-400e-a079-9f8948111d41,2,derivative,1
79cdb157-ba47-47c8-9f33-3c2827e2d92c,1,derivative,2
85a2fe16-7de9-4028-a39f-aff3988f22f6,1,derivative,2
dcf3527b-6d65-4f87-ab48-1a0c3ef7c289,1,near_synonym,1
dcf3527b-6d65-4f87-ab48-1a0c3ef7c289,2,antonym,1
6f8ceaf6-a170-4319-8cd7-011b151bd370,1,near_synonym,1
6f8ceaf6-a170-4319-8cd7-011b151bd370,2,antonym,1
e06930e9-acc7-4a6e-b7f5-71e116735c8d,1,near_synonym,1
e06930e9-acc7-4a6e-b7f5-71e116735c8d,2,derivative,1
ee7588ae-1bd0-448f-84ad-71c90627a4cb,1,near_synonym,1
ee7588ae-1bd0-448f-84ad-71c90627a4cb,2,derivative,1
812eb64d-1b4d-4f3e-9ca1-33b04690b085,1,near_synonym,1
812eb64d-1b4d-4f3e-9ca1-33b04690b085,2,derivative,1
364f700b-8f08-42c4-b53b-bbe0c60c2447,1,near_synonym,1
3681282d-7bc2-4e97-b350-ea82ddab451b,1,near_synonym,1
3681282d-7bc2-4e97-b350-ea82ddab451b,2,derivative,1
ae62023b-1f3c-4b06-94fc-d9f029db2da7,1,near_synonym,1
ae62023b-1f3c-4b06-94fc-d9f029db2da7,2,derivative,1
d5978bee-6237-4bd3-9c7e-752905c17c7a,1,near_synonym,1
698a7b81-e321-4535-9c8d-1081921f6345,1,near_synonym,1
698a7b81-e321-4535-9c8d-1081921f6345,2,derivative,1
0f0f31f0-4c45-43fb-abe7-16e1f0284d73,1,near_synonym,1
1fb865ca-401f-4baf-8c63-1ba842adf679,1,near_synonym,1
1fb865ca-401f-4baf-8c63-1ba842adf679,2,derivative,1
8f536cc2-d638-4e9a-9c7a-416b920d6343,1,near_synonym,1
8f536cc2-d638-4e9a-9c7a-416b920d6343,2,derivative,1
780c935d-fffb-4b50-82cd-1e766b8aad85,1,near_synonym,1
780c935d-fffb-4b50-82cd-1e766b8aad85,2,derivative,1
2fc82019-f10d-4057-96d9-73c714c533f7,1,near_synonym,1
1c43f716-e61a-4d51-a30e-3b2e6776a9a0,1,near_synonym,1
1c43f716-e61a-4d51-a30e-3b2e6776a9a0,2,derivative,1
bbf02b8b-5c57-4543-9bac-ab71eae3d3ab,1,near_synonym,1
bbf02b8b-5c57-4543-9bac-ab71eae3d3ab,2,derivative,1
c468e6c6-3c6f-46bf-a259-854199a07601,1,near_synonym,1
c468e6c6-3c6f-46bf-a259-854199a07601,2,derivative,1
aca26edc-6503-4515-ab2b-efa9f707c0aa,1,near_synonym,1
aca26edc-6503-4515-ab2b-efa9f707c0aa,2,derivative,1
98b3bce3-b09e-4ec7-be45-b9d791f6bfaa,1,near_synonym,1
d6797e95-71a8-4431-abe9-4b06de8fb9b4,1,near_synonym,1
d6797e95-71a8-4431-abe9-4b06de8fb9b4,2,derivative,1
9e9e4729-b04c-404e-adc0-3efa83af80ba,1,derivative,1
7083dab8-0219-4491-8d26-cb7c857d5618,1,near_synonym,1
3832d631-fd51-49ff-91eb-d35adcb37015,1,near_synonym,1
3832d631-fd51-49ff-91eb-d35adcb37015,2,derivative,1
ba597fa2-2c91-4735-9aa1-9831c5560854,1,near_synonym,1
ba597fa2-2c91-4735-9aa1-9831c5560854,2,derivative,1
83f7945b-8370-43fc-894a-e663ef32197d,1,derivative,2
8cd8114c-7309-4950-b28f-aa31e1c1dc83,1,near_synonym,1
5eba67eb-2548-489c-bc71-3c23a3d3add1,1,near_synonym,1
5eba67eb-2548-489c-bc71-3c23a3d3add1,2,derivative,1
e1651922-bc4e-427e-b1f5-2f19103fa44a,1,near_synonym,1
e1651922-bc4e-427e-b1f5-2f19103fa44a,2,derivative,1
671b4241-bcfa-4f4f-ad47-6c21fe4ffac3,1,derivative,1
d9f782f5-001a-4ab8-91e7-54393f163168,1,near_synonym,1
d9f782f5-001a-4ab8-91e7-54393f163168,2,derivative,1
46977c12-6e88-44d1-ba8d-7698dc22ef03,1,near_synonym,1
46977c12-6e88-44d1-ba8d-7698dc22ef03,2,derivative,1
4b115dfc-03d5-4647-8817-3ec5e8bb9950,1,near_synonym,1
4b115dfc-03d5-4647-8817-3ec5e8bb9950,2,derivative,1
1f9c1962-ba8e-4a02-aa9c-2a387e971eff,1,near_synonym,2
4ceeaab0-2be3-41f3-89b2-d9dad58622f3,1,near_synonym,2
62728e79-e6f6-47c9-931e-122821db78fa,1,near_synonym,1
62728e79-e6f6-47c9-931e-122821db78fa,2,derivative,1
d983ccf1-b77c-4266-b2db-4f957ae7b323,1,near_synonym,1
d983ccf1-b77c-4266-b2db-4f957ae7b323,2,derivative,1
ec4eb4b0-4baf-458b-90f5-7a322476129b,1,antonym,1
ec4eb4b0-4baf-458b-90f5-7a322476129b,2,derivative,1
0cb98fce-79d9-423b-a0ca-1563eeae8563,1,near_synonym,1
0cb98fce-79d9-423b-a0ca-1563eeae8563,2,derivative,1
78364e25-3eaf-4978-bbcc-ec12eb570772,1,near_synonym,1
78364e25-3eaf-4978-bbcc-ec12eb570772,2,derivative,1
c2abfa31-193a-4d8b-8ffa-6eda9c21936c,1,near_synonym,1
c2abfa31-193a-4d8b-8ffa-6eda9c21936c,2,derivative,1
558b68e1-0694-4ad3-aa5c-bd2075b9d665,1,near_synonym,2
66dd956c-3737-49b7-a4ed-54e50a44bcdb,1,near_synonym,1
66dd956c-3737-49b7-a4ed-54e50a44bcdb,2,derivative,1
12871f73-f477-46e9-82c2-787f796e63e5,1,near_synonym,1
12871f73-f477-46e9-82c2-787f796e63e5,2,derivative,1
2c4c7d33-affe-4459-8f71-ba3315c0ec69,1,near_synonym,1
c6b8f710-0b0c-4c42-971e-d831845e2634,1,near_synonym,2
771d7080-bacf-4ed2-a102-c7071c2726ae,1,near_synonym,1
771d7080-bacf-4ed2-a102-c7071c2726ae,2,derivative,1
391cf247-cd60-4360-9699-c48f93b9fae0,1,near_synonym,1
1691bca8-f82c-4565-bf22-4c5d950e456d,1,near_synonym,2
f387947d-55af-4a6c-8919-9cdd0348c47d,1,derivative,2
0af007ef-0560-45f4-9fb0-d51912c7bbbf,1,near_synonym,1
0af007ef-0560-45f4-9fb0-d51912c7bbbf,2,derivative,1
d9ac0762-1173-49bd-8c20-03e79c322798,1,near_synonym,2
2bbdc457-fd84-4f36-9280-21793eace5b7,1,near_synonym,1
2bbdc457-fd84-4f36-9280-21793eace5b7,2,derivative,1
3a2b7741-bd52-4264-9dda-adc119fae7bc,1,near_synonym,2
da56a481-7a5f-424e-8276-4f444a9b3e19,1,near_synonym,1
da56a481-7a5f-424e-8276-4f444a9b3e19,2,derivative,1
140b2d2c-cf43-4bf1-99ad-33665831d89b,1,antonym,2
ee979132-30b4-4a1d-aec8-b3ce2d5fcff5,1,near_synonym,1
ee979132-30b4-4a1d-aec8-b3ce2d5fcff5,2,derivative,1
5d25fe2d-cf02-4c3e-9c63-529388e3d27d,1,antonym,1
bac2b77e-1302-48e8-92c4-6f83ebe1e568,1,near_synonym,1
bac2b77e-1302-48e8-92c4-6f83ebe1e568,2,derivative,1
9f60e575-0b80-4e9c-ba66-25e4bd2e2075,1,near_synonym,1
7f747f9e-b4ed-4995-8ebb-dd9a32afb36f,1,near_synonym,1
7f747f9e-b4ed-4995-8ebb-dd9a32afb36f,2,derivative,1
9c362c65-5a6f-4d39-aef4-0d4360e42f99,1,near_synonym,1
9c362c65-5a6f-4d39-aef4-0d4360e42f99,2,derivative,1
2c71f5e4-4cf9-4874-bde6-62649883c7e3,1,antonym,1
2c71f5e4-4cf9-4874-bde6-62649883c7e3,2,derivative,1
d00e0e1d-8931-45f8-a494-994c332ac527,1,derivative,1
338f4c58-2a30-417a-b30e-0bd2295e1abf,1,derivative,1
6d2b4ccb-1277-4a39-9563-1d57b42b0541,1,near_synonym,2
37350da0-3612-4b2e-9897-5590785837ee,1,near_synonym,1
b8fa200f-0cc0-4e87-85f2-0ec39a11076e,1,near_synonym,2
688831db-5cec-451e-9797-c687c02ded92,1,near_synonym,1
688831db-5cec-451e-9797-c687c02ded92,2,derivative,1
34799d1d-9dee-433b-bf12-781f87fde136,1,near_synonym,1
34799d1d-9dee-433b-bf12-781f87fde136,2,derivative,1
8b3d45dd-cd7d-4e1e-ae45-9fff37267d9f,1,near_synonym,1
8b3d45dd-cd7d-4e1e-ae45-9fff37267d9f,2,derivative,1
6a2e8bcc-f9d8-42e0-b20e-b4b15a3592c1,1,near_synonym,1
e50c0ac8-e75f-4434-85b9-703d89759541,1,near_synonym,1
100b3cdf-7767-4415-b459-9869e3a426a2,1,near_synonym,1
100b3cdf-7767-4415-b459-9869e3a426a2,2,antonym,1
d5610494-94f3-4ab2-9d77-c2b3c3293a9b,1,near_synonym,2
a19db34f-8590-4904-8767-ac640a8c217c,1,near_synonym,1
a19db34f-8590-4904-8767-ac640a8c217c,2,derivative,1
8518478a-0068-46fa-8a94-c9e52664b0e5,1,near_synonym,2
38644c88-1825-4205-b3d5-791917cd0b1e,1,near_synonym,2
f3cde8bd-c24b-4ef1-b811-77bcec331660,1,derivative,1
54a34a23-f212-4873-a02b-22407ce57c7c,1,near_synonym,1
54a34a23-f212-4873-a02b-22407ce57c7c,2,derivative,1
1acd9334-d4dc-49e6-8be1-e9cbc1b23a22,1,near_synonym,1
1acd9334-d4dc-49e6-8be1-e9cbc1b23a22,2,derivative,1
c5968009-9b03-458c-9c31-a585aa065185,1,near_synonym,1
c5968009-9b03-458c-9c31-a585aa065185,2,derivative,1
5586c443-a770-4458-88a4-2d44159b7b65,1,derivative,2
1571947a-5b15-4f2f-afec-24b57cd2d520,1,near_synonym,1
1571947a-5b15-4f2f-afec-24b57cd2d520,2,derivative,1
8efe1f8e-ce5e-4fc0-bcf3-126d00dbd042,1,derivative,1
96a9cac4-49ca-4ee9-ac0d-b31123862966,1,derivative,1
00e9c4e6-24ac-44b5-91af-3a852913fb50,1,antonym,1
00e9c4e6-24ac-44b5-91af-3a852913fb50,2,derivative,1
ebca9545-53d3-44d6-a093-166b52519f5a,1,near_synonym,1
ebca9545-53d3-44d6-a093-166b52519f5a,2,antonym,1
95a50d0f-1795-4310-b6cf-6b78952f234f,1,near_synonym,1
8b514cb7-728d-4139-a93b-911959b23ff4,1,antonym,1
8b514cb7-728d-4139-a93b-911959b23ff4,2,derivative,1
239b5b73-f50b-4cc5-bf9f-d384dbabb1ab,1,antonym,1
239b5b73-f50b-4cc5-bf9f-d384dbabb1ab,2,derivative,1
bd761717-1511-4010-b46b-2b9ddee00ce7,1,near_synonym,1
bd761717-1511-4010-b46b-2b9ddee00ce7,2,antonym,1
5cc64fbc-f485-4953-b145-e8cd5bca318c,1,antonym,1
c402f29f-7990-4778-9866-4104d3edcb16,1,derivative,1
62f6f720-819f-4dbf-ad4d-baa490cb4fa4,1,near_synonym,1
c41ab386-d637-4bf2-bae2-75cebf0bd2a8,1,near_synonym,1
c41ab386-d637-4bf2-bae2-75cebf0bd2a8,2,derivative,1
829c2cb7-a09a-42af-8e2a-31dfd5b362a2,1,antonym,1
829c2cb7-a09a-42af-8e2a-31dfd5b362a2,2,derivative,1
58a48290-3888-455c-8c0a-271d90690e26,1,near_synonym,2
cf1886dd-3020-488c-a224-138be6897681,1,near_synonym,1
cf1886dd-3020-488c-a224-138be6897681,2,derivative,1
8f4452f8-3387-4c25-bf57-04734749dffa,1,near_synonym,1
8f4452f8-3387-4c25-bf57-04734749dffa,2,derivative,1
59f0e00a-94d9-4394-925a-4f6c11592274,1,near_synonym,1
59f0e00a-94d9-4394-925a-4f6c11592274,2,derivative,1
6287e2f3-7f54-4a4b-ba16-391d8308ea82,1,derivative,2
16e35e09-d4c0-4371-8494-275aa35ac078,1,near_synonym,1
16e35e09-d4c0-4371-8494-275aa35ac078,2,derivative,1
99ce1076-76bd-4596-8e37-47624735c15b,1,derivative,1
11a2f3de-4bd9-4a55-9ba9-091d914d94b8,1,antonym,1
11a2f3de-4bd9-4a55-9ba9-091d914d94b8,2,derivative,1
952992f3-206e-4312-a02d-ec7945631738,1,near_synonym,2
b9c91503-1075-4fb0-8b58-e6f9b2a2da0a,1,near_synonym,1
2fbbde49-698d-44c2-8457-dadc86d3050d,1,near_synonym,1
2fbbde49-698d-44c2-8457-dadc86d3050d,2,derivative,1
8d2cce12-10d6-45ae-b07a-ec29cec78a4a,1,near_synonym,1
8d2cce12-10d6-45ae-b07a-ec29cec78a4a,2,derivative,1
98b0089e-6cd4-425a-a13c-6953d3313fad,1,near_synonym,1
98b0089e-6cd4-425a-a13c-6953d3313fad,2,derivative,1
03b6e7a3-829f-478c-a2f5-4907c9e24613,1,near_synonym,1
13c3d6b2-bc9c-4e9e-a5de-fa2949464945,1,near_synonym,1
13c3d6b2-bc9c-4e9e-a5de-fa2949464945,2,derivative,1
bd30f524-d9b3-41cf-afd1-ba6b714c1960,1,near_synonym,1
bd30f524-d9b3-41cf-afd1-ba6b714c1960,2,derivative,1
50877a8f-6884-4aed-bd08-4ae78ef57222,1,near_synonym,1
50877a8f-6884-4aed-bd08-4ae78ef57222,2,derivative,1
ca326208-5d00-42b7-8354-255b29e46a46,1,near_synonym,2
00312465-cf91-46fc-a302-4d977dc567b6,1,near_synonym,1
00312465-cf91-46fc-a302-4d977dc567b6,2,derivative,1
1e4ebd9a-6fd7-498c-9ed5-03b074ec1542,1,near_synonym,1
1e4ebd9a-6fd7-498c-9ed5-03b074ec1542,2,derivative,1
25a52cbf-0a7c-45a4-849f-2875cb16f017,1,derivative,1
66df985d-7cd9-4ea2-9157-7d5adbc68548,1,near_synonym,1
66df985d-7cd9-4ea2-9157-7d5adbc68548,2,derivative,1
dd8cfba4-7a8b-4fb0-8833-b900e37c770b,1,near_synonym,1
dd8cfba4-7a8b-4fb0-8833-b900e37c770b,2,derivative,1
92203f09-3981-4b0f-a6c6-f0f7179c4c09,1,near_synonym,1
92203f09-3981-4b0f-a6c6-f0f7179c4c09,2,antonym,1
4808d0a1-2b90-4322-b2b8-c2380bfd27a3,1,near_synonym,1
e83e81e0-6475-4342-880d-75124edfb32c,1,near_synonym,1
e83e81e0-6475-4342-880d-75124edfb32c,2,derivative,1
0147fe9e-829b-4d2f-8ef2-fdddeacc913f,1,near_synonym,1
0147fe9e-829b-4d2f-8ef2-fdddeacc913f,2,derivative,1
ec44e36c-e12b-4fa3-bd7a-d7bc3ea4e718,1,near_synonym,1
ec44e36c-e12b-4fa3-bd7a-d7bc3ea4e718,2,derivative,1
7e9080c4-dc6e-4fe8-a3b0-92ac8c36f141,1,near_synonym,1
7e9080c4-dc6e-4fe8-a3b0-92ac8c36f141,2,derivative,1
4b71b908-1709-49dd-8846-0d3cd804dccf,1,near_synonym,1
4b71b908-1709-49dd-8846-0d3cd804dccf,2,derivative,1
e179fb9e-9509-4855-9781-2c9e215d8604,1,near_synonym,2
adda2809-952b-4f93-96a8-f671a978220f,1,near_synonym,2
bc606fd6-caee-4585-8d1f-9702ad916725,1,near_synonym,1
bc606fd6-caee-4585-8d1f-9702ad916725,2,antonym,1
fdc183be-6717-42b5-926e-23bcad735620,1,near_synonym,1
fdc183be-6717-42b5-926e-23bcad735620,2,antonym,1
cd2099cf-eadf-4fc6-9be2-5cd563b42135,1,near_synonym,1
cd2099cf-eadf-4fc6-9be2-5cd563b42135,2,antonym,1
10ee1f0c-ca58-4f38-9d65-03b0db023709,1,derivative,1
bda403bf-037d-4169-be78-4a4ff0316531,1,near_synonym,1
bda403bf-037d-4169-be78-4a4ff0316531,2,derivative,1
99aa4a26-c2af-4d19-a2bf-31e5308b2dd0,1,near_synonym,1
11ffc809-27a2-4ee4-961f-069cb6962c6d,1,near_synonym,1
11ffc809-27a2-4ee4-961f-069cb6962c6d,2,derivative,1
4a7c870c-2130-4be9-a6d7-379a6011be5f,1,near_synonym,2
5f21dc9b-da01-4e02-bd0e-34648c3ea32f,1,near_synonym,1
5f21dc9b-da01-4e02-bd0e-34648c3ea32f,2,derivative,1
262982b8-7feb-48e5-a0d4-d2d4ad9cb06a,1,derivative,2
1d96aed4-dfd4-48be-aedd-49b9b9782262,1,derivative,2
f1c5afb4-73ae-4ada-9d45-4306a9fca877,1,near_synonym,2
30c1758e-3529-4900-819e-7d04f25e6a18,1,near_synonym,1
30c1758e-3529-4900-819e-7d04f25e6a18,2,derivative,1
ae0a110b-6ffe-426d-a92c-ea8f41ae6322,1,derivative,2
4ff85862-d1a1-4372-8400-ce9d81b51186,1,antonym,1
4ff85862-d1a1-4372-8400-ce9d81b51186,2,derivative,1
4c8396a7-fb02-4a1a-a3f2-0177346bbf15,1,near_synonym,1
4c8396a7-fb02-4a1a-a3f2-0177346bbf15,2,antonym,1
3fef47a5-4c66-47b1-a562-e118d256519f,1,near_synonym,2
07f9d1ff-f0b5-461e-b958-99e36372f145,1,near_synonym,2
ff21c8c2-ed8a-493d-8154-4fdf977d2c17,1,near_synonym,1
ff21c8c2-ed8a-493d-8154-4fdf977d2c17,2,derivative,1
d7cb1798-df86-4fd7-a98d-4cc19b831d58,1,near_synonym,1
4f2a0c06-5c46-416d-9982-c51addcc864a,1,near_synonym,1
4f2a0c06-5c46-416d-9982-c51addcc864a,2,derivative,1
acb46561-a580-4098-9ba7-2e8020bd8571,1,near_synonym,1
acb46561-a580-4098-9ba7-2e8020bd8571,2,derivative,1
3269c977-5dc9-448f-8714-0d1b5b96fb25,1,near_synonym,1
3269c977-5dc9-448f-8714-0d1b5b96fb25,2,derivative,1
67e330f5-e813-44fd-ba1e-0e6fbbcd7483,1,near_synonym,1
67e330f5-e813-44fd-ba1e-0e6fbbcd7483,2,antonym,1
7d9d1181-f539-4cdf-9bb7-ba6c578ebf65,1,derivative,1
baa70828-42c2-471a-85e7-1f9b009fecb2,1,near_synonym,1
d22ecb8e-958a-4234-b9af-d23d56fa30ac,1,near_synonym,1
5a19a074-009a-4433-b3e1-1e566efbc23f,1,derivative,2
df284d7a-02fb-4b7c-9a12-9d2fc6edc2ff,1,near_synonym,1
df284d7a-02fb-4b7c-9a12-9d2fc6edc2ff,2,derivative,1
ce66594e-b63a-4922-a7b7-9f6a1df4776d,1,near_synonym,2
b91133e3-1062-4d0e-817c-eb19c19cc7f9,1,near_synonym,1
b91133e3-1062-4d0e-817c-eb19c19cc7f9,2,derivative,1
35fb3c4b-014a-4bc6-bc6c-175744e4f6e5,1,near_synonym,1
35fb3c4b-014a-4bc6-bc6c-175744e4f6e5,2,antonym,1
36422c9c-d967-4dd5-96d7-6c64d4411b06,1,derivative,2
a838badb-45e0-4e06-b967-38d522f0705a,1,near_synonym,1
a838badb-45e0-4e06-b967-38d522f0705a,2,derivative,1
2a29b8d1-d831-4f5a-8b91-2ac3bcc384ac,1,near_synonym,1
b7a2a5f7-638e-4307-adf3-f0befaa76edd,1,near_synonym,1
b7a2a5f7-638e-4307-adf3-f0befaa76edd,2,derivative,1
a13503d1-991a-4a96-8b06-b0ec7924f083,1,near_synonym,1
a13503d1-991a-4a96-8b06-b0ec7924f083,2,derivative,1
47b6add7-1918-4f39-9503-b56cdb8e278a,1,near_synonym,1
47b6add7-1918-4f39-9503-b56cdb8e278a,2,derivative,1
9604dad2-f053-45bc-8d7c-290ebe95230e,1,antonym,1
66015a91-11c0-479c-825e-05eebc797b2a,1,near_synonym,1
66015a91-11c0-479c-825e-05eebc797b2a,2,derivative,1
b4607a62-8012-4c61-9309-76a7d4e35c40,1,near_synonym,1
b4607a62-8012-4c61-9309-76a7d4e35c40,2,derivative,1
846a8ccf-ab91-43ce-8bdd-2760ec9b7250,1,antonym,1
846a8ccf-ab91-43ce-8bdd-2760ec9b7250,2,derivative,1
80b15d4b-5479-4893-852a-edffedc84195,1,near_synonym,1
80b15d4b-5479-4893-852a-edffedc84195,2,antonym,1
4c500938-a77c-472c-a68a-4aa3299321b2,1,near_synonym,1
4c500938-a77c-472c-a68a-4aa3299321b2,2,derivative,1
7c09d6b3-8172-457c-86f7-15ea8e68fee1,1,near_synonym,1
7c09d6b3-8172-457c-86f7-15ea8e68fee1,2,derivative,1
1dd9ec12-13a2-473f-81a1-e18fd8bfebd0,1,derivative,2
ba173f57-12b5-4980-a16c-e9e286f48a83,1,near_synonym,1
ba173f57-12b5-4980-a16c-e9e286f48a83,2,derivative,1
d00555fc-9975-4c8d-a1b7-e4912575e5ff,1,near_synonym,1
9a1cceb4-ef71-4bf8-82f4-6a6db18fbb22,1,near_synonym,1
9a1cceb4-ef71-4bf8-82f4-6a6db18fbb22,2,derivative,1
661a9dd7-8b38-4ddd-83f7-3d845e66d296,1,near_synonym,1
661a9dd7-8b38-4ddd-83f7-3d845e66d296,2,antonym,1
02cf0fe1-6727-4dc2-91a7-fc5ac1af098d,1,near_synonym,1
02cf0fe1-6727-4dc2-91a7-fc5ac1af098d,2,antonym,1
a97a9cc0-d667-4410-b3f7-b5633c825f4f,1,derivative,1
555a428b-889a-44f6-951e-90a0e94a66f4,1,near_synonym,1
555a428b-889a-44f6-951e-90a0e94a66f4,2,derivative,1
61c36462-eb1f-41c2-8e49-001ff5107c98,1,near_synonym,1
61c36462-eb1f-41c2-8e49-001ff5107c98,2,derivative,1
41794228-7fd7-41cb-9b97-0f4f1dd5da43,1,near_synonym,1
41794228-7fd7-41cb-9b97-0f4f1dd5da43,2,derivative,1
24bb12fb-76d7-410e-8751-7dafca8891eb,1,derivative,1
7bd101f6-2bfe-4fc9-a335-23dd73fb7429,1,antonym,1
7bd101f6-2bfe-4fc9-a335-23dd73fb7429,2,derivative,1
396b3704-9923-44c3-b27b-dbd16551b665,1,near_synonym,1
396b3704-9923-44c3-b27b-dbd16551b665,2,derivative,1
31f2f1b7-d787-47dc-b11a-377071ad1ad3,1,near_synonym,1
31f2f1b7-d787-47dc-b11a-377071ad1ad3,2,derivative,1
89e39eb3-c493-4132-9a16-61c7d973dd4d,1,near_synonym,1
89e39eb3-c493-4132-9a16-61c7d973dd4d,2,derivative,1
2267e29f-b11d-4e82-a830-6ad30c7f8332,1,near_synonym,1
2267e29f-b11d-4e82-a830-6ad30c7f8332,2,antonym,1
2c894d24-cd21-4f5b-86b1-7842503b6aed,1,near_synonym,1
2c894d24-cd21-4f5b-86b1-7842503b6aed,2,derivative,1
6e99081f-3240-4cde-add1-30aa0a31ce53,1,near_synonym,1
6e99081f-3240-4cde-add1-30aa0a31ce53,2,antonym,1
bacc157d-4d4a-4a3f-9843-a7800239df5a,1,near_synonym,2
e98042c3-bc57-4079-a2fa-1c811006edb4,1,near_synonym,1
e98042c3-bc57-4079-a2fa-1c811006edb4,2,derivative,1
1f0ec3f9-129a-47e3-96d2-bbd94781404d,1,near_synonym,1
1f0ec3f9-129a-47e3-96d2-bbd94781404d,2,antonym,1
55d7cc1e-405c-4d59-aac6-e4ad5953353a,1,derivative,1
942f3a98-0db2-4e00-9735-814e8c607595,1,derivative,2
8cade1ae-5cff-4d18-8098-10cbd506906f,1,near_synonym,1
8cade1ae-5cff-4d18-8098-10cbd506906f,2,derivative,1
8ca613a8-2bc4-4121-9f91-b27021f1a8b4,1,near_synonym,1
8ca613a8-2bc4-4121-9f91-b27021f1a8b4,2,derivative,1
d3d2f43c-042b-4fa6-b8e4-f40a83668d73,1,derivative,1
54947c83-ec2b-490d-9bbf-04ee2710df17,1,near_synonym,2
6c5b7e54-6bcf-46c4-85dc-22b87ea0b088,1,near_synonym,1
6c5b7e54-6bcf-46c4-85dc-22b87ea0b088,2,antonym,1
06b7901b-8f99-4aa6-a83f-13861e87780a,1,near_synonym,1
06b7901b-8f99-4aa6-a83f-13861e87780a,2,derivative,1
0719e446-63c4-4155-9238-c4a3096ea88a,1,near_synonym,1
0719e446-63c4-4155-9238-c4a3096ea88a,2,derivative,1
529d8212-9952-40d9-8adb-c12699f1aa09,1,near_synonym,1
529d8212-9952-40d9-8adb-c12699f1aa09,2,derivative,1
2bc4c901-7426-42f0-98b4-7fea75921834,1,near_synonym,1
2bc4c901-7426-42f0-98b4-7fea75921834,2,derivative,1
4e5a6579-83a6-4f10-a613-98f7c0dabf1b,1,near_synonym,1
4e5a6579-83a6-4f10-a613-98f7c0dabf1b,2,antonym,1
27481197-eda9-48a6-a04d-a39bc3703d6c,1,antonym,1
27481197-eda9-48a6-a04d-a39bc3703d6c,2,derivative,1
91e62da3-9ff3-4840-ae89-c5b0dcb8c199,1,antonym,1
91e62da3-9ff3-4840-ae89-c5b0dcb8c199,2,derivative,1
43afec92-cfa6-4d4c-ae32-0771817ddcb8,1,antonym,1
35c7fc49-36f8-4525-82be-3de81e366099,1,near_synonym,1
35c7fc49-36f8-4525-82be-3de81e366099,2,derivative,1
aab40d1c-179c-405a-97aa-508b93b08826,1,near_synonym,1
8e9e1591-1510-402c-8629-5bc8f18cdaf7,1,near_synonym,1
8e9e1591-1510-402c-8629-5bc8f18cdaf7,2,derivative,1
c9637960-7adf-4794-be31-71dd4d171f5b,1,near_synonym,1
0a2da8df-7a4a-41ad-bfe0-da8e84a967cd,1,near_synonym,2
83068b64-a2ca-4a11-9248-33ea0733d550,1,near_synonym,1
83068b64-a2ca-4a11-9248-33ea0733d550,2,derivative,1
c8faf755-a566-459e-9d32-9544bab6c23d,1,near_synonym,1
c8faf755-a566-459e-9d32-9544bab6c23d,2,antonym,1
01b9b267-a642-4c3c-bd08-31630d8133e2,1,near_synonym,1
01b9b267-a642-4c3c-bd08-31630d8133e2,2,derivative,1
5ef24a55-00f0-44cc-9019-5a3b15abb641,1,near_synonym,1
5ef24a55-00f0-44cc-9019-5a3b15abb641,2,derivative,1
989b7674-d59e-4abc-b08e-853704fe7f53,1,near_synonym,1
989b7674-d59e-4abc-b08e-853704fe7f53,2,derivative,1
881872a1-ee3b-4213-a598-a108aacf741f,1,near_synonym,1
881872a1-ee3b-4213-a598-a108aacf741f,2,derivative,1
fa118226-096c-4f04-80f7-b540c139564f,1,derivative,2
5fff9b79-9a3c-4262-9e0d-32591123bdbe,1,near_synonym,1
5fff9b79-9a3c-4262-9e0d-32591123bdbe,2,derivative,1
476fbfaf-e23a-4b9e-9f4e-37268b0e194e,1,near_synonym,2
1099d61e-6112-4a70-8ac6-c5d4866e5516,1,derivative,1
8a552bad-8580-42f7-b2ed-3fab5e2a1f88,1,near_synonym,2
fc92dc96-f006-4c6c-b893-c31a3467022d,1,near_synonym,1
fc92dc96-f006-4c6c-b893-c31a3467022d,2,derivative,1
add6bba3-0fcc-4067-89cd-5d76d3c841b4,1,near_synonym,1
add6bba3-0fcc-4067-89cd-5d76d3c841b4,2,derivative,1
f3bab13f-b7c6-4008-8216-ea2d35ec9695,1,near_synonym,1
f3bab13f-b7c6-4008-8216-ea2d35ec9695,2,derivative,1
366601f4-6cad-462d-8b57-406132ff3246,1,near_synonym,1
366601f4-6cad-462d-8b57-406132ff3246,2,derivative,1
626e4c31-ba47-46ce-96cf-43c25939226a,1,near_synonym,2
21bbe3b4-700f-41a2-bf27-e0b5b7f10970,1,near_synonym,1
21bbe3b4-700f-41a2-bf27-e0b5b7f10970,2,derivative,1
1a7a8495-73e2-4732-8b4e-95687c75fbfa,1,near_synonym,2
92bb8b49-69d6-4bf6-9ab1-2a0bcd4fd24b,1,derivative,1
ec1860f0-21bd-427c-b462-70aca1675938,1,near_synonym,1
ec1860f0-21bd-427c-b462-70aca1675938,2,derivative,1
01792bf4-1fa3-4e3d-a76f-70e6caf8881b,1,near_synonym,1
01792bf4-1fa3-4e3d-a76f-70e6caf8881b,2,derivative,1
9aea4c6d-9739-4f00-b1c8-7d80ff97c835,1,near_synonym,1
9aea4c6d-9739-4f00-b1c8-7d80ff97c835,2,derivative,1
79f63d3a-77f3-4287-b62f-44e743b22bee,1,derivative,1
247d2f68-8f2a-4d53-ae1d-f70577bb87ee,1,near_synonym,1
247d2f68-8f2a-4d53-ae1d-f70577bb87ee,2,antonym,1
10cc2558-4f14-4a9f-b54f-03b22ae4218f,1,near_synonym,1
f60cadeb-cd30-4d9f-823c-87a413c61d32,1,derivative,2
afa9f53d-bf83-409a-993f-4c1dde224129,1,derivative,1
922257db-6fd5-4a2c-9428-d2fa28a15a70,1,near_synonym,1
922257db-6fd5-4a2c-9428-d2fa28a15a70,2,derivative,1
ebbbd142-1d89-4514-a7a0-981ee72cbafb,1,derivative,1
35a0aff5-a463-429f-be9e-5c891418037e,1,near_synonym,1
89d49c6c-3e2f-434e-ab92-1d1bd07bc662,1,near_synonym,1
89d49c6c-3e2f-434e-ab92-1d1bd07bc662,2,derivative,1
152cbca2-9727-443f-a154-076d92347a9b,1,near_synonym,1
152cbca2-9727-443f-a154-076d92347a9b,2,derivative,1
cb455c2b-6861-4c10-97cc-3b620032d9c7,1,near_synonym,1
cb455c2b-6861-4c10-97cc-3b620032d9c7,2,derivative,1
e8a10058-d575-4b4b-b9a3-a4de470b9458,1,near_synonym,1
e8a10058-d575-4b4b-b9a3-a4de470b9458,2,derivative,1
c7225615-659c-4e03-9e3a-a566c815655f,1,near_synonym,1
c7225615-659c-4e03-9e3a-a566c815655f,2,derivative,1
6536d59b-ee2e-49e8-8b44-0f3b5e4ca6db,1,near_synonym,1
6536d59b-ee2e-49e8-8b44-0f3b5e4ca6db,2,derivative,1
b5a3bd8e-5b4b-486b-bd91-d8e461009240,1,near_synonym,1
68c8606c-97f2-4ef5-a8f1-d9683ec23333,1,near_synonym,1
68c8606c-97f2-4ef5-a8f1-d9683ec23333,2,derivative,1
c47d59b8-b1db-4e23-9418-340c36d90314,1,near_synonym,1
c47d59b8-b1db-4e23-9418-340c36d90314,2,antonym,1
21dcdecb-f236-449c-96b2-3fdc1ff08a5e,1,near_synonym,2
fb5c26b7-b838-4db4-ac74-5873f3efab9d,1,near_synonym,1
fb5c26b7-b838-4db4-ac74-5873f3efab9d,2,derivative,1
97b40544-0a82-49ea-8793-fe91037f05c5,1,near_synonym,1
97b40544-0a82-49ea-8793-fe91037f05c5,2,derivative,1
3bc6491b-fd56-4b45-b79e-1ba725b2cd98,1,near_synonym,1
6baa2a6f-72cc-4f3f-bd8d-e26cf27d5601,1,near_synonym,1
6baa2a6f-72cc-4f3f-bd8d-e26cf27d5601,2,derivative,1
8d89102c-df04-4095-8990-e463e93cd2ad,1,near_synonym,1
8d89102c-df04-4095-8990-e463e93cd2ad,2,derivative,1
eb732470-3fee-46eb-bf70-d70054979c22,1,derivative,1
d570f595-3c9d-473d-af9b-1e2269630b08,1,near_synonym,1
d570f595-3c9d-473d-af9b-1e2269630b08,2,derivative,1
9045e44f-c807-4f9c-b175-fcadce69fb67,1,antonym,2
1da0126d-29df-4db3-b671-4b31ec162214,1,near_synonym,1
1da0126d-29df-4db3-b671-4b31ec162214,2,derivative,1
c2dd3f28-f646-460e-b3e2-c03b931b2760,1,derivative,2
69d25d53-b875-439a-ae49-4fc8c0e65f35,1,near_synonym,1
69d25d53-b875-439a-ae49-4fc8c0e65f35,2,derivative,1
78d39328-0e90-4a22-99fd-f11c669b899e,1,near_synonym,2
f80e3267-4c21-42bb-b975-23291fc7757d,1,near_synonym,2
b1aae129-8efd-4a05-a97d-6464c46919b4,1,near_synonym,1
b1aae129-8efd-4a05-a97d-6464c46919b4,2,derivative,1
d99070d2-e724-4282-802c-24174f5fbd7c,1,near_synonym,2
bc91e8e5-f3c3-426b-8928-111010c81a25,1,near_synonym,1
bc91e8e5-f3c3-426b-8928-111010c81a25,2,derivative,1
926e0aad-9160-48e1-9006-659f8ee1bfba,1,near_synonym,2
6577795c-d266-4a95-90e8-b4636b4c4d74,1,near_synonym,1
6577795c-d266-4a95-90e8-b4636b4c4d74,2,derivative,1
22e2bf39-c6b7-4ae8-bdf0-8dd86d0930a0,1,near_synonym,1
22e2bf39-c6b7-4ae8-bdf0-8dd86d0930a0,2,derivative,1
746273ec-6a57-44cc-a078-48fb092798c7,1,near_synonym,1
dd24ce67-7b2a-41bc-b352-cd51daefc942,1,near_synonym,1
dd24ce67-7b2a-41bc-b352-cd51daefc942,2,antonym,1
eac654db-2a0d-4067-9e9f-39cd85f5b9b5,1,near_synonym,1
eac654db-2a0d-4067-9e9f-39cd85f5b9b5,2,antonym,1
c32256d2-f326-4a98-9ef2-2e8f85b66d26,1,near_synonym,1
c32256d2-f326-4a98-9ef2-2e8f85b66d26,2,derivative,1
c636bdbc-9171-4934-84cf-ba85914208e2,1,near_synonym,1
c636bdbc-9171-4934-84cf-ba85914208e2,2,derivative,1
9895b130-b085-44ef-86d3-cd7c5db25c78,1,near_synonym,1
9895b130-b085-44ef-86d3-cd7c5db25c78,2,derivative,1
72132f7b-d4cf-4be2-b59f-7a0851a7e894,1,near_synonym,1
72132f7b-d4cf-4be2-b59f-7a0851a7e894,2,derivative,1
b77c0678-764d-451a-b7a3-52fc5dc886fc,1,near_synonym,1
4e4a56ae-8b76-4c89-9a7f-c6837a5bd0dd,1,near_synonym,1
4e4a56ae-8b76-4c89-9a7f-c6837a5bd0dd,2,derivative,1
c8875e97-c2e3-4c73-8710-4a8bf89e7b32,1,near_synonym,2
1ff274ea-f718-4baf-a18f-5a11b8f6e621,1,near_synonym,1
1ff274ea-f718-4baf-a18f-5a11b8f6e621,2,derivative,1
0a60c4a7-4ab5-4104-9cca-3956c3ab05e0,1,near_synonym,1
0a60c4a7-4ab5-4104-9cca-3956c3ab05e0,2,derivative,1
19468bf3-a409-4b02-a779-e9206706fed9,1,near_synonym,1
19468bf3-a409-4b02-a779-e9206706fed9,2,derivative,1
c8a93e48-0b9f-4d25-989d-fa3381568862,1,near_synonym,1
c8a93e48-0b9f-4d25-989d-fa3381568862,2,derivative,1
60cdbf38-9964-46da-b2e1-bc1b075249bf,1,near_synonym,2
0b80e982-3d17-4ed4-8699-3a9feaa8443b,1,near_synonym,1
0b80e982-3d17-4ed4-8699-3a9feaa8443b,2,antonym,1
d4b18f23-a974-47b7-9843-8812f819d87f,1,near_synonym,1
d4b18f23-a974-47b7-9843-8812f819d87f,2,derivative,1
4db9657f-80b5-4e72-9d8d-15914a9276f8,1,derivative,2
7a939956-8f74-469d-9b6f-68bf5f24d116,1,near_synonym,1
7a939956-8f74-469d-9b6f-68bf5f24d116,2,derivative,1
e4bd0111-940c-4b99-a474-8912d89e3ffb,1,antonym,1
e4bd0111-940c-4b99-a474-8912d89e3ffb,2,derivative,1
f715d384-6f5b-4088-b661-52d5fe25e70b,1,near_synonym,1
f715d384-6f5b-4088-b661-52d5fe25e70b,2,antonym,1
be378cad-48fa-4141-be1f-09d7e3a35025,1,near_synonym,2
6f50a865-f40d-46b9-b2d9-d27a081653cc,1,near_synonym,1
6f50a865-f40d-46b9-b2d9-d27a081653cc,2,derivative,1
27c609a9-b165-49ec-bf9b-459300519682,1,derivative,1
c8d3ec54-332c-4069-85af-d5f17d847092,1,near_synonym,1
c8d3ec54-332c-4069-85af-d5f17d847092,2,derivative,1
793a484c-cfb3-4469-a157-2edbc9270540,1,near_synonym,1
793a484c-cfb3-4469-a157-2edbc9270540,2,derivative,1
59771529-b141-49f6-9d7f-696d17903c73,1,derivative,2
3332a6c6-d236-4ee4-a4a4-5135547fe968,1,near_synonym,1
3332a6c6-d236-4ee4-a4a4-5135547fe968,2,derivative,1
93cca6b4-ff24-454f-819b-a12c75c71be4,1,near_synonym,1
93cca6b4-ff24-454f-819b-a12c75c71be4,2,derivative,1
e66e927c-487f-46f6-810d-0419c3bbffb6,1,antonym,1
e66e927c-487f-46f6-810d-0419c3bbffb6,2,derivative,1
daade570-ba9e-48ed-bc16-2694b19e2e49,1,near_synonym,1
8f7de59a-acd9-41ce-b746-61b2cc2be577,1,near_synonym,1
e7f91d12-2e22-4a4e-91fc-7a4829e09668,1,near_synonym,1
e7f91d12-2e22-4a4e-91fc-7a4829e09668,2,derivative,1
d223a44b-259a-41d9-9181-8caafbcb11f3,1,near_synonym,1
d223a44b-259a-41d9-9181-8caafbcb11f3,2,derivative,1
ed8418d1-e035-4a6f-9bca-cfefc8660611,1,near_synonym,1
ed8418d1-e035-4a6f-9bca-cfefc8660611,2,derivative,1
5abe71f4-49ac-485d-9198-1fef2f7f33b2,1,near_synonym,1
5abe71f4-49ac-485d-9198-1fef2f7f33b2,2,derivative,1
2d6d6121-5e04-4f3e-86cc-447be8d322f0,1,antonym,1
2d6d6121-5e04-4f3e-86cc-447be8d322f0,2,derivative,1
22531ec3-e72d-45cb-9c9b-12686162d2ae,1,near_synonym,2
31636dc3-d2ce-4be6-8c75-885e301763ff,1,near_synonym,1
31636dc3-d2ce-4be6-8c75-885e301763ff,2,derivative,1
a9417b3b-8bb1-4aac-9ee2-5a03e82c99c4,1,near_synonym,1
2605d0c6-ebdc-4615-bd98-b3ad1c5029df,1,near_synonym,1
2605d0c6-ebdc-4615-bd98-b3ad1c5029df,2,derivative,1
8819a45c-4f52-4be8-9df6-9cdbffe2a1e8,1,near_synonym,1
8819a45c-4f52-4be8-9df6-9cdbffe2a1e8,2,derivative,1
e0ef614f-b4a0-47be-91d0-4cb165a432c4,1,near_synonym,1
e0ef614f-b4a0-47be-91d0-4cb165a432c4,2,derivative,1
ceaf5574-6fbb-440c-b19b-bade02c169a0,1,derivative,1
313d7cd2-27ce-4fa5-9134-d07e1e38e272,1,near_synonym,1
313d7cd2-27ce-4fa5-9134-d07e1e38e272,2,antonym,1
3a9217ac-4c99-44c5-b5b3-8dd5d6024457,1,near_synonym,1
3a9217ac-4c99-44c5-b5b3-8dd5d6024457,2,derivative,1
971e2c65-f386-4c3c-af75-0ae01f8abd24,1,near_synonym,2
7c8756e1-76c7-4a8c-998d-823dc1009379,1,near_synonym,1
7c8756e1-76c7-4a8c-998d-823dc1009379,2,derivative,1
ee2d169e-d49a-41b7-aa93-2bf741f9c3e6,1,derivative,1
099f4398-9a56-4a0e-a999-703752f949df,1,near_synonym,1
099f4398-9a56-4a0e-a999-703752f949df,2,antonym,1
e1e9acf4-b685-4605-b7af-f0c6378ea61f,1,near_synonym,1
e1e9acf4-b685-4605-b7af-f0c6378ea61f,2,derivative,1
796c0ac2-0200-4d29-8141-1884ee08eb5f,1,near_synonym,1
796c0ac2-0200-4d29-8141-1884ee08eb5f,2,derivative,1
b6b1098c-98fa-4bee-b480-d04902c765ef,1,near_synonym,1
b6b1098c-98fa-4bee-b480-d04902c765ef,2,derivative,1
2ac53730-7a00-4b79-8da5-b800662f7aad,1,near_synonym,2
7b6a2661-7176-4815-bf66-cf76e87f43aa,1,derivative,1
0b0a3117-8119-4ffe-87e9-5faf05714299,1,derivative,4
7be97d1d-68ac-4579-a0a5-99ae2a4e0a19,1,derivative,2
195ed666-7375-4fd9-8927-a35fb69f3420,1,near_synonym,1
5429f25e-50d0-4d4a-88c5-9c1f1511582d,1,near_synonym,1
1889d94f-1324-43cb-99b2-ca52fb46a3e7,1,near_synonym,2
a3039cc5-4f8d-4379-8b66-bd6811c98123,1,near_synonym,1
a3039cc5-4f8d-4379-8b66-bd6811c98123,2,derivative,1
13e64830-7e9c-4f30-9b68-07ee338f73fe,1,near_synonym,1
13e64830-7e9c-4f30-9b68-07ee338f73fe,2,derivative,1
396f0bab-f9f3-4aa7-b2d2-b32ec1a89332,1,near_synonym,1
396f0bab-f9f3-4aa7-b2d2-b32ec1a89332,2,antonym,1
65816098-9508-4ff1-ba0f-8d02fbae9fc4,1,near_synonym,1
65816098-9508-4ff1-ba0f-8d02fbae9fc4,2,derivative,1
49a4a848-6293-4a64-82bc-734a47d15c8e,1,near_synonym,2
02d538e6-d83b-4d2d-abc9-c47b82f8f741,1,near_synonym,2
5489cb7c-1670-4c69-84d1-c5b939ebd6a4,1,near_synonym,1
5489cb7c-1670-4c69-84d1-c5b939ebd6a4,2,derivative,1
34bff7e2-ab17-47d7-8a6b-4e5a74b02ea5,1,near_synonym,1
34bff7e2-ab17-47d7-8a6b-4e5a74b02ea5,2,derivative,1
51d30d71-a45a-4f44-a627-3440a008e848,1,near_synonym,1
51d30d71-a45a-4f44-a627-3440a008e848,2,derivative,1
02f196ea-3cd0-4479-84cd-832cf55c85ce,1,near_synonym,1
02f196ea-3cd0-4479-84cd-832cf55c85ce,2,derivative,1
77cddfe9-216f-4695-8aff-ba9093a95e2a,1,near_synonym,2
64308338-cf09-4164-8b23-c3c86ed39227,1,derivative,2
65267935-0f96-4ef2-a4ba-729da74e01b7,1,near_synonym,1
65267935-0f96-4ef2-a4ba-729da74e01b7,2,derivative,1
2e969c15-b522-4a62-8356-c785741d6b56,1,derivative,2
8e505ecd-ba6a-417f-a980-ea93f43a4385,1,near_synonym,1
8e505ecd-ba6a-417f-a980-ea93f43a4385,2,derivative,1
e0a5bcf4-f8b3-4025-849d-6a32427c32f4,1,near_synonym,2
c76c6a33-4594-4f9b-8720-0d95975a3101,1,derivative,1
f8f44428-a2af-4a51-bcec-4c26d1c3178a,1,near_synonym,1
f8f44428-a2af-4a51-bcec-4c26d1c3178a,2,derivative,1
03173d9c-3635-4824-8317-b0c81662b78f,1,near_synonym,1
03173d9c-3635-4824-8317-b0c81662b78f,2,derivative,1
c2d9ee07-6633-4319-a78a-05f6b2ecb5d8,1,near_synonym,1
c2d9ee07-6633-4319-a78a-05f6b2ecb5d8,2,derivative,1
18502412-52a6-44b7-bc70-7db734f1b88e,1,near_synonym,2
01f234f3-bc56-4f30-8508-521158f6b319,1,near_synonym,1
e1201bfa-ff23-4c9b-8360-0f7bb5bd2985,1,near_synonym,2
1046713a-525b-4a5e-9afb-0d415b521ea4,1,antonym,1
1046713a-525b-4a5e-9afb-0d415b521ea4,2,derivative,1
0f14bfda-63d8-4068-a39e-a9b177f0541d,1,near_synonym,2
2adddf81-f8ef-4f9c-8ce6-db7e3a439a15,1,near_synonym,1
2adddf81-f8ef-4f9c-8ce6-db7e3a439a15,2,derivative,1
8e3c403f-a130-479d-a70f-bbc1d17ea543,1,derivative,2
9866e2ae-678b-4a7f-8664-775eb74f80b5,1,derivative,1
1c3c9b97-3600-43d5-8b4f-2ead828969d4,1,near_synonym,1
761c2d12-507e-45a0-a59e-0a401e5a5ccc,1,near_synonym,1
761c2d12-507e-45a0-a59e-0a401e5a5ccc,2,derivative,1
2af590df-efc7-4b50-9ada-d74f76bed2fe,1,near_synonym,1
2af590df-efc7-4b50-9ada-d74f76bed2fe,2,derivative,1
e92ecb37-ec5f-4cc6-a570-c51a8594460a,1,near_synonym,1
e92ecb37-ec5f-4cc6-a570-c51a8594460a,2,derivative,1
6422d195-9e7e-455b-bdc1-cbc9b08f098f,1,near_synonym,1
7c8f9e3f-2c16-4bd9-a50c-e4c6633d4c7f,1,near_synonym,1
7c8f9e3f-2c16-4bd9-a50c-e4c6633d4c7f,2,derivative,1
f30ff7b1-8d6c-470d-b6e3-5a2315fe104d,1,near_synonym,2
26228a1f-7b35-498b-8b29-d072d7538e77,1,near_synonym,1
26228a1f-7b35-498b-8b29-d072d7538e77,2,derivative,1
c90e6ebb-d22c-4cdf-872d-97db910a3500,1,near_synonym,1
9636915c-d962-4e45-80a4-a95978bb90f3,1,near_synonym,1
9636915c-d962-4e45-80a4-a95978bb90f3,2,derivative,1
48ec9b5f-b377-4742-ba27-c866c0211c5e,1,derivative,2
9577077f-dc53-4b1d-b1d2-f0bae1286ae8,1,near_synonym,1
9577077f-dc53-4b1d-b1d2-f0bae1286ae8,2,derivative,1
7b6eab8b-d191-41da-aec0-ac035a0ba5a6,1,near_synonym,1
7b6eab8b-d191-41da-aec0-ac035a0ba5a6,2,derivative,1
aa92c49b-2a0f-457c-a1fb-090933b59712,1,near_synonym,1
aa92c49b-2a0f-457c-a1fb-090933b59712,2,derivative,1
67b1d033-6fc3-4ac1-bad9-77c238d8b23e,1,near_synonym,1
67b1d033-6fc3-4ac1-bad9-77c238d8b23e,2,derivative,1
714bcb5e-a64e-45ca-b5ec-a1f6322a3886,1,derivative,1
cebb212d-6670-4a0d-bd8d-fb906fe95542,1,antonym,1
cebb212d-6670-4a0d-bd8d-fb906fe95542,2,derivative,1
378ecc9f-901b-4cf4-8238-b88206627769,1,near_synonym,1
560a69bb-c5c8-44a1-b2a2-b84f6f7cf823,1,near_synonym,1
6fc8c833-22a5-4ca0-a174-7f1cbbef8eae,1,near_synonym,1
9d90c4f1-748d-4ff8-9448-45b5848fd126,1,near_synonym,1
9d90c4f1-748d-4ff8-9448-45b5848fd126,2,derivative,1
ae526d5d-7a65-4391-a1bb-ce208eaa5d0d,1,near_synonym,1
ae526d5d-7a65-4391-a1bb-ce208eaa5d0d,2,derivative,1
4bf148fa-c003-4978-b4bb-6679408e1375,1,near_synonym,1
64a160cb-162b-4146-b387-098ce8f1c166,1,near_synonym,1
4c088c15-e7e9-40c8-80fb-d6f4d2e496c2,1,near_synonym,1
4c088c15-e7e9-40c8-80fb-d6f4d2e496c2,2,derivative,1
cdcfa559-d428-4695-a3f0-a1cb6005a310,1,near_synonym,1
cdcfa559-d428-4695-a3f0-a1cb6005a310,2,derivative,1
2eaa70c6-1c36-4880-9291-f7b6a28577ab,1,near_synonym,1
2eaa70c6-1c36-4880-9291-f7b6a28577ab,2,derivative,1
d777e3ce-0d20-4aa7-a7a7-d51926469a77,1,near_synonym,1
d777e3ce-0d20-4aa7-a7a7-d51926469a77,2,derivative,1
bedaa0aa-1f7d-4d38-8fcc-0313e267182c,1,near_synonym,1
bedaa0aa-1f7d-4d38-8fcc-0313e267182c,2,derivative,1
bcd94641-d085-4ddf-adcc-7b53aeb96cab,1,near_synonym,2
9ebb674d-e502-4002-8c26-e72c4a3ea624,1,near_synonym,1
9ebb674d-e502-4002-8c26-e72c4a3ea624,2,derivative,1
773350cb-887d-4bf5-b15d-32124ed5832c,1,near_synonym,1
773350cb-887d-4bf5-b15d-32124ed5832c,2,derivative,1
eff5dbeb-e06a-446e-8b94-72116a3391ec,1,near_synonym,1
eff5dbeb-e06a-446e-8b94-72116a3391ec,2,derivative,1
8cb4927a-61e9-452e-8e78-4bc0183103c2,1,near_synonym,1
8cb4927a-61e9-452e-8e78-4bc0183103c2,2,derivative,1
045091fa-88f9-450f-9b3a-80692f4b2392,1,near_synonym,2
bbefc4fe-0961-4a39-ae4a-cdd9821afb05,1,near_synonym,1
bbefc4fe-0961-4a39-ae4a-cdd9821afb05,2,antonym,1
2f28e946-bf76-4120-ac26-fbecc449d380,1,antonym,1
2f28e946-bf76-4120-ac26-fbecc449d380,2,derivative,1
9c708563-e7a9-437b-8725-6d476347c53e,1,near_synonym,2
2702710e-310d-409d-a7f3-3bebbdf84d5b,1,near_synonym,1
2702710e-310d-409d-a7f3-3bebbdf84d5b,2,derivative,1
40a6edc8-df7d-425b-a337-71a6cc8fbf12,1,near_synonym,1
40a6edc8-df7d-425b-a337-71a6cc8fbf12,2,derivative,1
70495397-e412-4e30-8596-9828d2cf76f7,1,near_synonym,1
70495397-e412-4e30-8596-9828d2cf76f7,2,derivative,1
4d0dc32b-1ce0-45d4-8977-ecb4b98cb42c,1,near_synonym,1
2baff32e-04ae-41c6-8959-30eaacf0323f,1,near_synonym,1
2baff32e-04ae-41c6-8959-30eaacf0323f,2,derivative,1
799a97ce-8d71-4b11-b07e-cdd995e28eef,1,derivative,1
74112cae-ad8e-46c6-8f53-e4ab0d8ade1d,1,near_synonym,1
204255c6-aa94-4123-8e66-70816a8409e9,1,near_synonym,1
82f24a7b-4d83-4707-b399-f7d45a6391d7,1,derivative,1
f6f99d0e-9adb-4a32-a5cf-ab9988321d39,1,near_synonym,2
88c844da-63c4-4033-9a45-6be7a0937021,1,near_synonym,1
35fc8612-c904-4722-b339-e0ce5fb135f1,1,near_synonym,1
35fc8612-c904-4722-b339-e0ce5fb135f1,2,derivative,1
bc9c13db-8df1-40e2-b101-090c38ba79e6,1,near_synonym,1
07502a02-e613-4133-9a19-30331cf18de7,1,near_synonym,1
07502a02-e613-4133-9a19-30331cf18de7,2,derivative,1
804c3bf7-f589-491f-9b3b-1e4c5e942c93,1,near_synonym,2
d6f3f60f-f49a-4e2a-915e-6e166894be5c,1,near_synonym,1
d6f3f60f-f49a-4e2a-915e-6e166894be5c,2,derivative,1
6496f343-4b16-4711-925f-57ebf1f5d392,1,near_synonym,2
f50bc6a7-fbb2-4a3d-b804-a3e4db9152c2,1,near_synonym,1
f50bc6a7-fbb2-4a3d-b804-a3e4db9152c2,2,derivative,1
1985001f-9d07-40d8-b05c-8f5c516c8cef,1,near_synonym,1
1985001f-9d07-40d8-b05c-8f5c516c8cef,2,derivative,1
6432d82f-e71f-4d2c-99b4-2de977ddfb2d,1,antonym,1
164fca39-df76-4eb9-bc6e-350366591a6c,1,near_synonym,1
c72b0b24-6e3b-4a6e-9df8-fea12b8f98d8,1,near_synonym,1
c72b0b24-6e3b-4a6e-9df8-fea12b8f98d8,2,derivative,1
a897335b-321a-408c-ad91-a2b1fb63931d,1,derivative,2
8abd7670-09c3-481f-9eb5-3d1289eb0f3c,1,derivative,1
e918b777-c7d9-4a17-aa51-fbac3e46fded,1,near_synonym,1
e918b777-c7d9-4a17-aa51-fbac3e46fded,2,derivative,1
d7c74686-3284-4a60-b760-de5b29c90c1b,1,near_synonym,1
dea8dfa5-3785-41e7-8212-c42656b66d06,1,near_synonym,1
dea8dfa5-3785-41e7-8212-c42656b66d06,2,derivative,1
7dd85047-0351-4ae5-84f5-48831c17e520,1,near_synonym,2
6febbf4f-63b6-4489-9cf1-bec2843ebe04,1,near_synonym,1
6febbf4f-63b6-4489-9cf1-bec2843ebe04,2,derivative,1
7b922f0c-bc8b-453e-847d-7542fde0b716,1,antonym,1
7b922f0c-bc8b-453e-847d-7542fde0b716,2,derivative,1
2e8f49d7-b136-4378-a41a-8dd42fce1968,1,near_synonym,1
477b57d9-8cd6-4b0f-bfd9-674fea90e4a4,1,derivative,1
5b16f458-6501-40d8-9344-7d45fa8e9681,1,derivative,1
a91c525e-f593-4459-97ca-1a3292354186,1,antonym,1
a91c525e-f593-4459-97ca-1a3292354186,2,derivative,1
d7a30b66-61a4-410a-8ec2-b72ce9d764bb,1,near_synonym,1
d7a30b66-61a4-410a-8ec2-b72ce9d764bb,2,derivative,1
889aa573-6270-49a1-a21a-4f1faad5f1cc,1,near_synonym,1
889aa573-6270-49a1-a21a-4f1faad5f1cc,2,derivative,1
e541c64f-4b9f-4c45-9c73-d1073c671af2,1,near_synonym,1
e541c64f-4b9f-4c45-9c73-d1073c671af2,2,derivative,1
6f827cdb-ef92-4e16-bd34-141191f48e60,1,near_synonym,1
6f827cdb-ef92-4e16-bd34-141191f48e60,2,derivative,1
2658990c-cfff-447c-b726-f788857b0414,1,near_synonym,1
2658990c-cfff-447c-b726-f788857b0414,2,derivative,1
6c419149-0e9f-4939-91b0-6a5ccbdd7578,1,derivative,1
ea658f31-c8d5-4c7d-b6ae-68e5cf93fcb1,1,near_synonym,2
427a7143-180c-4835-8aff-05617474c3bd,1,near_synonym,2
064c6348-075c-4639-9b09-2cc45c0b10de,1,near_synonym,2
4593a26e-a73a-4b31-a747-f05932efaa66,1,antonym,1
4593a26e-a73a-4b31-a747-f05932efaa66,2,derivative,1
9435b95b-dffa-479e-946f-5303eaa77d30,1,derivative,1
50185eea-7ba3-4d1e-b4c0-bb06c942b6d7,1,near_synonym,1
50185eea-7ba3-4d1e-b4c0-bb06c942b6d7,2,derivative,1
2c5eb7a6-7703-4088-a0f6-987d2fe213d1,1,derivative,1
7c419ce6-e6c7-486a-8c09-30f12d0364a8,1,near_synonym,1
c8149df8-f73c-4d69-b291-d11c21559a8d,1,near_synonym,1
79fde949-e734-48eb-9a31-ad19848188c2,1,near_synonym,1
79fde949-e734-48eb-9a31-ad19848188c2,2,derivative,1
defdf22b-a49d-41d1-af58-b79a69aab78a,1,near_synonym,1
defdf22b-a49d-41d1-af58-b79a69aab78a,2,antonym,1
b6effefd-cba8-4c6e-b1d3-e4f099608d52,1,near_synonym,1
b6effefd-cba8-4c6e-b1d3-e4f099608d52,2,antonym,1
dbd73ec1-a059-431b-9a7e-ecc453ec99e1,1,near_synonym,1
dbd73ec1-a059-431b-9a7e-ecc453ec99e1,2,derivative,1
11c803d0-c291-4c19-8c3f-e50033a4c8c5,1,derivative,2
5f19c809-feeb-45af-9c71-bcc936b556f1,1,near_synonym,1
5f19c809-feeb-45af-9c71-bcc936b556f1,2,derivative,1
c885873f-a3a2-46c0-b623-84fcb2f64e7d,1,near_synonym,1
c885873f-a3a2-46c0-b623-84fcb2f64e7d,2,antonym,1
376834d8-b85d-4796-912c-3a946f7a0933,1,derivative,2
e8c54574-5d8b-4c2d-8fad-d8abfb12489e,1,near_synonym,1
e8c54574-5d8b-4c2d-8fad-d8abfb12489e,2,derivative,1
4ce6ec1c-3bd4-4f88-b6fc-67629c071f63,1,near_synonym,1
4ce6ec1c-3bd4-4f88-b6fc-67629c071f63,2,derivative,1
f65dc3c5-2bb7-4dd5-a6c4-8315736c2700,1,near_synonym,1
31274361-6dec-4098-9a74-891e29878181,1,near_synonym,2
4012d7ba-7c46-400b-bb47-fbc3bb5b3563,1,near_synonym,1
29f41d72-3d42-4bd7-ad9c-8ba6640c3635,1,near_synonym,1
29f41d72-3d42-4bd7-ad9c-8ba6640c3635,2,derivative,1
dc5b240a-fbf9-423d-9bda-3ed41cf0f14c,1,near_synonym,1
dc5b240a-fbf9-423d-9bda-3ed41cf0f14c,2,derivative,1
8753b49f-0c1a-4c53-b393-8182b4d2d14e,1,antonym,1
8753b49f-0c1a-4c53-b393-8182b4d2d14e,2,derivative,1
f67eba29-da9c-425a-b4bd-48f800224d1e,1,near_synonym,1
f67eba29-da9c-425a-b4bd-48f800224d1e,2,derivative,1
3c980581-4022-45ea-ab45-972b4f20f076,1,near_synonym,2
3dcbe7eb-00fb-4d64-a22f-8678d41ab3ed,1,near_synonym,2
680d92f2-74b4-40e6-a056-1b71cfa86346,1,near_synonym,1
ebd5ac79-70d6-4b70-ac0e-00c06018497e,1,near_synonym,2
34b6baa4-ec7f-4879-a91b-d60d32c20539,1,near_synonym,1
34b6baa4-ec7f-4879-a91b-d60d32c20539,2,derivative,1
8b0cdf1c-0c2d-4baf-a6f5-43b6f727190f,1,near_synonym,1
8b0cdf1c-0c2d-4baf-a6f5-43b6f727190f,2,derivative,1
0acf788b-7116-4018-9519-58362dd5f061,1,near_synonym,1
0acf788b-7116-4018-9519-58362dd5f061,2,derivative,1
eca00205-f081-41d6-8b7f-83c21b275508,1,near_synonym,1
eca00205-f081-41d6-8b7f-83c21b275508,2,derivative,1
7b51b760-e920-4af5-860c-bb9c102bef6e,1,near_synonym,2
a2811f2a-7f02-459d-93b3-3c80868e0543,1,near_synonym,1
a2811f2a-7f02-459d-93b3-3c80868e0543,2,derivative,1
3d0f661a-8d49-4002-9a49-d9143a38e305,1,near_synonym,1
3d0f661a-8d49-4002-9a49-d9143a38e305,2,derivative,1
59d2b202-3cee-4ca4-b700-22f169eee3ae,1,near_synonym,1
59d2b202-3cee-4ca4-b700-22f169eee3ae,2,derivative,1
72b2ffbc-2616-435b-9be5-d75130ab492e,1,derivative,1
4cf558fd-32fa-488a-98d8-77f1c3be4780,1,derivative,2
6914e165-c908-497f-8d3f-25414e409d85,1,antonym,1
6914e165-c908-497f-8d3f-25414e409d85,2,derivative,1
cc7445bf-1dae-4894-9942-b73d670e8d67,1,near_synonym,2
7e30c100-f28e-44d3-b4a7-72ebdb87be95,1,near_synonym,1
7e30c100-f28e-44d3-b4a7-72ebdb87be95,2,antonym,1
4afb19a6-c143-43e9-8a3c-0233ac6fedac,1,near_synonym,1
4afb19a6-c143-43e9-8a3c-0233ac6fedac,2,derivative,1
84247cf0-f44f-49ac-9323-6ee8673b917a,1,near_synonym,1
84247cf0-f44f-49ac-9323-6ee8673b917a,2,derivative,1
a8b57205-0fd2-4769-b83f-9614f7614acb,1,antonym,1
a8b57205-0fd2-4769-b83f-9614f7614acb,2,derivative,1
60e8467c-ae2c-40b6-90d7-4f567682cddd,1,near_synonym,1
60e8467c-ae2c-40b6-90d7-4f567682cddd,2,derivative,1
b3bd6726-429c-45f5-8994-16448537b3c6,1,near_synonym,1
b3bd6726-429c-45f5-8994-16448537b3c6,2,derivative,1
14a161a8-d89c-4e0e-9612-3a862b926e0a,1,near_synonym,1
14a161a8-d89c-4e0e-9612-3a862b926e0a,2,derivative,1
51a57ebf-278f-4f91-b38c-09fae68b74aa,1,near_synonym,1
51a57ebf-278f-4f91-b38c-09fae68b74aa,2,derivative,1
9c6e095a-7a32-4c84-9984-10de13ccce2b,1,near_synonym,1
9c6e095a-7a32-4c84-9984-10de13ccce2b,2,derivative,1
961ebc02-e8c0-49eb-b8fa-b42b91f432d5,1,near_synonym,1
961ebc02-e8c0-49eb-b8fa-b42b91f432d5,2,derivative,1
94149c03-4b2f-4bff-bc69-def998a944f3,1,near_synonym,1
94149c03-4b2f-4bff-bc69-def998a944f3,2,derivative,1
c8db25bd-c7e3-4b05-a924-d1a0f3a15f06,1,near_synonym,2
ee717118-b277-4a26-b8ce-b01f420ac1d5,1,near_synonym,1
ee717118-b277-4a26-b8ce-b01f420ac1d5,2,derivative,1
676539df-8ead-4e37-a046-391876fde7b8,1,near_synonym,2
2d3c3e99-d402-4268-b1ee-879d741ea346,1,near_synonym,1
828dc09a-ac9c-4685-a3f7-30746578788b,1,derivative,1
27b3f388-c34a-45fa-a961-68dcc3d4a69b,1,near_synonym,1
ed21cf33-ce90-4aff-9462-77944c93de6d,1,near_synonym,1
ed21cf33-ce90-4aff-9462-77944c93de6d,2,antonym,1
ed21cf33-ce90-4aff-9462-77944c93de6d,3,derivative,1
7cb95a90-4766-4522-9a5a-262fe08ef09d,1,derivative,1
60a56564-4824-46e3-a2b0-62a36d96f40a,1,near_synonym,1
60a56564-4824-46e3-a2b0-62a36d96f40a,2,derivative,1
b2a25efa-2395-4e58-acba-7df37d193892,1,near_synonym,1
b2a25efa-2395-4e58-acba-7df37d193892,2,derivative,1
58805ca5-39cf-4370-b962-8c405c72dbfd,1,near_synonym,1
58805ca5-39cf-4370-b962-8c405c72dbfd,2,derivative,1
4cd0018f-815c-41e3-8613-35b2d0ab2bb3,1,near_synonym,1
4cd0018f-815c-41e3-8613-35b2d0ab2bb3,2,derivative,1
09a90296-aede-47e3-b3f6-f72b0022f6a5,1,near_synonym,2
607c4f5f-d08f-4c82-9a60-5ef418e28745,1,near_synonym,2
9d00d736-08a3-4038-9438-60e88582130f,1,near_synonym,1
9d00d736-08a3-4038-9438-60e88582130f,2,derivative,1
fbb14ed0-87de-4849-a5af-9a05c4c6a105,1,near_synonym,1
fbb14ed0-87de-4849-a5af-9a05c4c6a105,2,antonym,1
9316e6de-73b6-43be-991e-b7bc5dd2118e,1,near_synonym,1
df8d70a7-caad-4cdc-992d-8f5964016a35,1,antonym,1
dc05f4f3-0ba2-41f8-9494-79ee92744d32,1,derivative,1
d0d1897c-ed64-4bda-8371-20fbdd0f471b,1,derivative,1
e06f3f57-bcdc-460c-9703-b2af5d0a2c93,1,near_synonym,1
e06f3f57-bcdc-460c-9703-b2af5d0a2c93,2,derivative,1
00294c8d-649c-43b2-ac26-654d2f887793,1,near_synonym,1
00294c8d-649c-43b2-ac26-654d2f887793,2,derivative,1
0eb398fe-3856-43e3-a5b0-4c06cbb60fea,1,antonym,1
cfb75520-34b5-4a8b-b98d-0628be8d3ed4,1,near_synonym,1
cfb75520-34b5-4a8b-b98d-0628be8d3ed4,2,derivative,1
349113ff-ce2f-42a6-b46d-417eb2456386,1,near_synonym,2
14828f0c-1e48-421f-b036-e0f3b3a84ad9,1,near_synonym,1
25222fea-6b69-4be0-a975-1be3b36c59bd,1,near_synonym,1
25222fea-6b69-4be0-a975-1be3b36c59bd,2,derivative,1
59935a00-61eb-48f4-98ca-a89f8c6302e0,1,near_synonym,1
59935a00-61eb-48f4-98ca-a89f8c6302e0,2,derivative,1
bb9396c7-2f4f-4402-bb38-4153fc4d6c13,1,near_synonym,2
3a5ba7d0-f0d4-4b85-bb03-7d0ed62489a5,1,near_synonym,1
3a5ba7d0-f0d4-4b85-bb03-7d0ed62489a5,2,derivative,1
287ec1a8-0eb5-4e61-b261-185c6a6becfc,1,near_synonym,1
287ec1a8-0eb5-4e61-b261-185c6a6becfc,2,antonym,1
90bf16b8-114b-4a49-8cd7-05e1ccc8cb57,1,near_synonym,1
f0f82670-0d01-4c2c-bc0c-c8d51643b5f6,1,near_synonym,2
02c7d663-dec4-4bbe-8b92-0234dcd19908,1,near_synonym,1
02c7d663-dec4-4bbe-8b92-0234dcd19908,2,derivative,1
5faca6f2-18e8-4c07-8e26-c201873c48e3,1,near_synonym,1
5faca6f2-18e8-4c07-8e26-c201873c48e3,2,derivative,1
73838c1f-6f5b-4762-938d-bef8458a566f,1,near_synonym,1
73838c1f-6f5b-4762-938d-bef8458a566f,2,derivative,1
a48d01e3-ec33-41a4-a482-4775c66698f5,1,antonym,1
a48d01e3-ec33-41a4-a482-4775c66698f5,2,derivative,1
5a7c8c35-e5e4-4b9d-a92c-a32d3db31cae,1,near_synonym,1
5a7c8c35-e5e4-4b9d-a92c-a32d3db31cae,2,derivative,1
56f90132-1893-4759-9a50-429d80c1f905,1,near_synonym,1
3a544c5c-286b-46cf-ae2a-0084a9af93da,1,near_synonym,1
eac1fa70-07d1-4fbc-8be1-9507e01ee37c,1,derivative,1
2d91eaab-c65a-4742-83e1-bba825602192,1,near_synonym,1
2d91eaab-c65a-4742-83e1-bba825602192,2,derivative,1
1329d857-7c04-4580-bafd-b1dcb30c7b5e,1,derivative,2
0aa9527a-2eff-454f-b529-7e0342087f75,1,derivative,1
6d69bfe2-74fa-4b97-85a0-576ea0b4a19e,1,near_synonym,2
84ae0cb4-d43f-42d7-9670-8f4f273f5a52,1,near_synonym,1
84ae0cb4-d43f-42d7-9670-8f4f273f5a52,2,derivative,1
82033ef9-7e6f-4789-ac62-df780a4c8a3a,1,near_synonym,1
82033ef9-7e6f-4789-ac62-df780a4c8a3a,2,derivative,1
3611161d-4044-4484-8f73-29ed318e4630,1,near_synonym,1
3611161d-4044-4484-8f73-29ed318e4630,2,antonym,1
3b7dea58-d169-4597-a06d-56f208a99f00,1,near_synonym,1
3b7dea58-d169-4597-a06d-56f208a99f00,2,derivative,1
2878fd51-964b-4a26-8362-48417bc90364,1,near_synonym,1
061cc621-ee8d-4119-8af4-478a40ea4b91,1,derivative,2
4e1002a0-c420-4064-85c6-d48293dc81fc,1,near_synonym,1
4e1002a0-c420-4064-85c6-d48293dc81fc,2,derivative,1
6fd2e8da-4a2e-4c51-9267-430b28ea4320,1,near_synonym,1
6fd2e8da-4a2e-4c51-9267-430b28ea4320,2,derivative,1
638f450d-3254-49eb-92af-f91c65179ab4,1,near_synonym,1
638f450d-3254-49eb-92af-f91c65179ab4,2,derivative,1
ff0acf27-3858-477b-9bf6-163447fe38f2,1,near_synonym,1
ff0acf27-3858-477b-9bf6-163447fe38f2,2,derivative,1
863145af-bf51-46df-9e6a-b3f670051872,1,near_synonym,1
863145af-bf51-46df-9e6a-b3f670051872,2,derivative,1
ffa22a5d-34ca-4a05-a4a2-434862f27082,1,near_synonym,1
ffa22a5d-34ca-4a05-a4a2-434862f27082,2,derivative,1
6cf1d874-47de-4487-b944-377b8c9e9130,1,near_synonym,1
6cf1d874-47de-4487-b944-377b8c9e9130,2,derivative,1
685619a6-b869-49db-a75e-27c17552ec9b,1,derivative,1
d6dee250-1d13-4587-b946-30b9bc9213c7,1,near_synonym,2
ad0c0c2c-a7ab-41df-935c-1de0f68c0198,1,near_synonym,1
ad0c0c2c-a7ab-41df-935c-1de0f68c0198,2,derivative,1
5e9e52eb-f90d-4c96-aa11-31e59256a3fd,1,near_synonym,1
5e9e52eb-f90d-4c96-aa11-31e59256a3fd,2,derivative,1
7457adf0-279e-4300-9e3d-f30ef61a9b9a,1,near_synonym,1
7457adf0-279e-4300-9e3d-f30ef61a9b9a,2,derivative,1
c5165d8b-2112-4fec-88b2-65677f2854ae,1,near_synonym,1
c5165d8b-2112-4fec-88b2-65677f2854ae,2,derivative,1
29d899f8-1854-43bc-9119-6d170e772dc0,1,near_synonym,1
29d899f8-1854-43bc-9119-6d170e772dc0,2,derivative,1
34d32361-6248-448c-8739-9b42f44abe0f,1,near_synonym,1
31f71a72-503f-4b13-bb3f-711fd24cb0a6,1,near_synonym,1
31f71a72-503f-4b13-bb3f-711fd24cb0a6,2,derivative,1
332b0e9a-87c4-479b-a1d8-854c60187faf,1,near_synonym,2
bdb51b1f-84e7-4919-aced-c9589ed0ae19,1,antonym,1
bdb51b1f-84e7-4919-aced-c9589ed0ae19,2,derivative,1
b1b87d7e-46d8-4b03-a24f-83fe27c66452,1,near_synonym,1
b1b87d7e-46d8-4b03-a24f-83fe27c66452,2,derivative,1
2dd41004-3957-457b-bb1d-a0e5cd78bf8a,1,near_synonym,1
2dd41004-3957-457b-bb1d-a0e5cd78bf8a,2,antonym,1
550fdd6c-2f7a-4f24-abcc-eba8cee10aa2,1,derivative,1
b87081ed-8870-4d80-bdc9-17f1b8e7caaf,1,near_synonym,1
b87081ed-8870-4d80-bdc9-17f1b8e7caaf,2,derivative,1
4b1157f9-0d10-454f-b750-c1e669faaf3e,1,antonym,1
4b1157f9-0d10-454f-b750-c1e669faaf3e,2,derivative,1
0e60721a-eaf1-4261-9556-81406cc2f664,1,near_synonym,1
34ae84ec-1151-4897-925e-18ea9bc1752b,1,near_synonym,1
34ae84ec-1151-4897-925e-18ea9bc1752b,2,derivative,1
30d37550-8f38-4ed2-adf3-c51b372a9bae,1,near_synonym,1
fa2e1709-1c52-42a3-b62b-177e5e41284c,1,near_synonym,1
fa2e1709-1c52-42a3-b62b-177e5e41284c,2,derivative,1
548ee385-6e6a-4ee8-995d-3a5d4b7a63a0,1,near_synonym,2
7c675748-7564-4473-9ebf-3ffdfc78541e,1,antonym,1
7c675748-7564-4473-9ebf-3ffdfc78541e,2,derivative,1
38cfecd1-3d5f-43a3-a96c-ff2b39321cda,1,derivative,1
229a4439-4cbd-4a9b-9b12-fa0306f0d9cc,1,near_synonym,1
1ba8c692-d5ad-4fec-b33a-26df3e14572d,1,derivative,1
307dbed4-495c-481a-b679-bb4ab2ba9ee0,1,antonym,1
307dbed4-495c-481a-b679-bb4ab2ba9ee0,2,derivative,1
e828428a-f472-471d-904c-53a3946cb540,1,near_synonym,1
533fdef8-d693-4e06-a93a-f7c29617af9e,1,near_synonym,1
533fdef8-d693-4e06-a93a-f7c29617af9e,2,derivative,1
26014150-3d1b-43db-b5d8-2f9632046200,1,near_synonym,1
26014150-3d1b-43db-b5d8-2f9632046200,2,antonym,1
3ad64326-e0df-4e18-b5cf-732d2fef0aeb,1,near_synonym,1
3ad64326-e0df-4e18-b5cf-732d2fef0aeb,2,derivative,1
6d10d626-6a6f-4c85-928f-d015ac6ddf4d,1,near_synonym,1
6d10d626-6a6f-4c85-928f-d015ac6ddf4d,2,derivative,1
da94648b-de4e-46c5-aa42-3c4cba2e2b22,1,near_synonym,1
da94648b-de4e-46c5-aa42-3c4cba2e2b22,2,derivative,1
0101f5bc-cca2-41a2-9cf0-0d1fc878c8a9,1,near_synonym,2
3ddb2246-2419-40c5-9e97-66e668c2cda4,1,near_synonym,1
eb2c6697-4c3f-4811-9d95-694240f20baf,1,near_synonym,1
24bebad7-4252-4ed2-a456-2dd324a95d00,1,near_synonym,1
24bebad7-4252-4ed2-a456-2dd324a95d00,2,derivative,1
f0448546-cbc3-489f-a661-a4c59476172b,1,derivative,2
b5bc33c4-2e53-4671-826b-bcf9463dce4d,1,near_synonym,1
b5bc33c4-2e53-4671-826b-bcf9463dce4d,2,derivative,1
3d0e3dc3-c51d-4801-ac95-228c12301f56,1,near_synonym,1
e154fada-ea2e-4eb5-8a33-3b55576f991b,1,antonym,1
e154fada-ea2e-4eb5-8a33-3b55576f991b,2,derivative,1
fe913f16-9e9d-403b-b20b-d08c70254453,1,near_synonym,2
bb71c988-62e0-4427-b79d-01446e0da398,1,near_synonym,1
bb71c988-62e0-4427-b79d-01446e0da398,2,derivative,1
4b382b92-f1ff-477d-97d2-d82e4993f351,1,near_synonym,1
83ed320a-ee7f-4380-b102-c83a99059222,1,near_synonym,1
83ed320a-ee7f-4380-b102-c83a99059222,2,derivative,1
a206b5ce-4419-4583-aaf1-2605c1c468cc,1,near_synonym,1
31b7fa84-b6e2-4fe9-867a-afd6bf0961be,1,near_synonym,1
31b7fa84-b6e2-4fe9-867a-afd6bf0961be,2,derivative,1
c0e5da01-4fb7-4ea3-8ef9-6fd94e41a6e9,1,near_synonym,1
e534fb48-fa20-4e05-8c29-261ee8f55be3,1,near_synonym,1
e534fb48-fa20-4e05-8c29-261ee8f55be3,2,derivative,1
30b61dd0-12a4-417d-8727-7be674df2238,1,near_synonym,1
30b61dd0-12a4-417d-8727-7be674df2238,2,derivative,1
44363b69-d1d2-4c9b-8bfe-55761db80cc6,1,near_synonym,2
61d2db5d-a430-4d6e-89e2-e4eb2a727a79,1,near_synonym,2
0f64d2b3-892c-4998-a79b-7b0151f74f84,1,near_synonym,1
0f64d2b3-892c-4998-a79b-7b0151f74f84,2,derivative,1
1e92a12c-2f06-41e5-bf46-8a228277fd5f,1,near_synonym,2
a1f1a719-6c58-4ae5-ac27-9c6dceee1d01,1,near_synonym,2
318e2833-58b6-45e0-9bcc-2eac9bee6154,1,near_synonym,1
318e2833-58b6-45e0-9bcc-2eac9bee6154,2,derivative,1
f3d1153a-c310-4db0-bff5-ec2df6bec028,1,near_synonym,1
f3d1153a-c310-4db0-bff5-ec2df6bec028,2,derivative,1
5261fe5d-fc83-4e98-8cc2-72281f89ebf0,1,near_synonym,1
5261fe5d-fc83-4e98-8cc2-72281f89ebf0,2,derivative,1
f06dad41-7163-41bf-abf9-4ebf713acd26,1,near_synonym,1
e3f3ff3e-d62b-4295-a5ac-43baed3aa1a7,1,near_synonym,1
cdc87d83-6f36-401a-b39d-463c2dc333b5,1,derivative,1
892639b9-640b-4bc3-b229-8e4dc9cbff3c,1,near_synonym,1
892639b9-640b-4bc3-b229-8e4dc9cbff3c,2,derivative,1
c28eff9b-ef9f-4c54-a217-243dac6715bb,1,near_synonym,2
c8bc88ce-9066-4c4e-a1e1-b0c65ef48fff,1,near_synonym,1
c8bc88ce-9066-4c4e-a1e1-b0c65ef48fff,2,derivative,1
9434232e-dca4-45a0-af7e-b201bfd101d4,1,near_synonym,1
9434232e-dca4-45a0-af7e-b201bfd101d4,2,derivative,1
dbc31493-3540-4bae-955d-4cfe90503350,1,near_synonym,1
6b38820d-d8a7-49e5-8e26-26cc445e5008,1,antonym,1
6b38820d-d8a7-49e5-8e26-26cc445e5008,2,derivative,1
f042b589-11be-415c-862c-3370e3083495,1,near_synonym,1
f042b589-11be-415c-862c-3370e3083495,2,derivative,1
8bb1060d-e837-41ca-81cc-760febbebc47,1,near_synonym,2
69707175-1d1e-4b88-9809-d65d24a4b68b,1,near_synonym,1
69707175-1d1e-4b88-9809-d65d24a4b68b,2,derivative,1
871c1eb9-e534-40d7-8770-6913582010d9,1,near_synonym,1
871c1eb9-e534-40d7-8770-6913582010d9,2,derivative,1
39e43f1f-42a5-4613-9148-7a4839ff952f,1,near_synonym,1
39e43f1f-42a5-4613-9148-7a4839ff952f,2,derivative,1
811df0de-f83d-4a80-8796-faa7c113a564,1,near_synonym,1
61277772-5a22-490e-94b9-0ccc3a149fad,1,near_synonym,1
e161b065-0ed7-40af-b398-e8411e659e47,1,derivative,1
c9c4e14d-8521-40ec-b403-d7fee8bdceb1,1,near_synonym,1
c9c4e14d-8521-40ec-b403-d7fee8bdceb1,2,derivative,1
e0bd2569-97c6-41b8-bb45-b21b48e6568d,1,near_synonym,1
e0bd2569-97c6-41b8-bb45-b21b48e6568d,2,derivative,1
14b2cf64-540e-48da-883e-550cc3253c36,1,near_synonym,2
a2c9be2e-88b5-4f14-a17d-f0c5dfc9ddae,1,near_synonym,1
5ec6ab81-7030-4732-8cc5-f18f63092c90,1,near_synonym,1
5ec6ab81-7030-4732-8cc5-f18f63092c90,2,derivative,1
75b4b035-4da3-4e05-afa2-42f173ec0841,1,near_synonym,1
75b4b035-4da3-4e05-afa2-42f173ec0841,2,derivative,1
b828b40d-92cb-4adb-82c7-5e3bd1428328,1,near_synonym,1
b828b40d-92cb-4adb-82c7-5e3bd1428328,2,antonym,1
f67c28a4-fa3f-4f54-8718-46fdf3416a18,1,near_synonym,1
f67c28a4-fa3f-4f54-8718-46fdf3416a18,2,derivative,1
e863a06e-69e7-42fb-a90c-60ae726d4c5a,1,antonym,1
e863a06e-69e7-42fb-a90c-60ae726d4c5a,2,derivative,1
e9555d9e-768a-4e1f-a69b-7d8e9c19a559,1,near_synonym,1
e9555d9e-768a-4e1f-a69b-7d8e9c19a559,2,derivative,1
d5baf62c-1b0f-4b76-88d2-cde3c2ce328a,1,near_synonym,1
36ea6ee6-1d82-4f5e-a28b-e8719a5fec58,1,near_synonym,1
36ea6ee6-1d82-4f5e-a28b-e8719a5fec58,2,derivative,1
16dcd12e-9ceb-4d33-85a2-b9ed9e5bd777,1,near_synonym,1
16dcd12e-9ceb-4d33-85a2-b9ed9e5bd777,2,derivative,1
a3fc8ab3-b7fa-4fb0-8296-e56f8a6307cb,1,antonym,1
a3fc8ab3-b7fa-4fb0-8296-e56f8a6307cb,2,derivative,1
89f3a4ad-18d2-4498-9b41-af46b343fdf6,1,antonym,1
89f3a4ad-18d2-4498-9b41-af46b343fdf6,2,derivative,1
36db6aca-17d6-457e-b900-39954ab7592f,1,near_synonym,1
36db6aca-17d6-457e-b900-39954ab7592f,2,derivative,1
1ac86af8-35e9-4d1a-98d1-d655e7d5799a,1,near_synonym,1
1ac86af8-35e9-4d1a-98d1-d655e7d5799a,2,derivative,1
cd77b75e-3a01-4197-b949-12f4ca1e2cf0,1,near_synonym,1
cd77b75e-3a01-4197-b949-12f4ca1e2cf0,2,derivative,1
15668674-e18e-455e-b434-a79b10ab73f6,1,near_synonym,1
15668674-e18e-455e-b434-a79b10ab73f6,2,derivative,1
1b478a51-0515-4548-a26e-8f361add362d,1,near_synonym,1
1b478a51-0515-4548-a26e-8f361add362d,2,derivative,1
8bb76873-5463-4d70-b859-d8979cec0e17,1,near_synonym,1
ae1f7ed5-cd94-4c26-ab8c-41c0d4837271,1,near_synonym,1
3484d219-af05-46f1-b98a-c5d3e2b56c86,1,near_synonym,2
e52c0959-b5d5-4c9e-b62b-d58496b50aa3,1,near_synonym,2
96230012-2f3b-46db-82ca-145c64a3ba0f,1,near_synonym,1
96230012-2f3b-46db-82ca-145c64a3ba0f,2,derivative,1
411e1801-5cf6-4446-953c-c74eb97df161,1,derivative,2
156c9132-c55b-4546-922d-9925f9d71bcb,1,near_synonym,1
731b3f60-9173-4448-aae9-e767fe38c0b5,1,antonym,1
731b3f60-9173-4448-aae9-e767fe38c0b5,2,derivative,1
2b802626-93b4-473f-979e-d5276d3ca0bf,1,near_synonym,1
563aa339-0ddd-4a48-8860-c78032fb1d58,1,near_synonym,1
563aa339-0ddd-4a48-8860-c78032fb1d58,2,derivative,1
6dcf9139-4696-41d8-84d4-d6c5babe5d16,1,near_synonym,1
6dcf9139-4696-41d8-84d4-d6c5babe5d16,2,derivative,1
8d45b925-a88b-4365-a9df-f9f98b3da957,1,near_synonym,2
595c02fa-4fe0-4227-af25-013ac4e79145,1,near_synonym,1
595c02fa-4fe0-4227-af25-013ac4e79145,2,antonym,1
10d52596-0bc9-42ee-8e75-2daf7a45d814,1,near_synonym,2
c764b71e-5a93-4093-a895-8e704bea3022,1,near_synonym,1
c764b71e-5a93-4093-a895-8e704bea3022,2,derivative,1
caa687a9-cc0f-4343-b5cc-2ebd01d4b460,1,near_synonym,2
56021207-66e1-4055-a8b2-02197b41ab25,1,near_synonym,1
56021207-66e1-4055-a8b2-02197b41ab25,2,derivative,1
e3d3e57f-b98c-4467-b3ea-e527cd8f128e,1,near_synonym,1
e3d3e57f-b98c-4467-b3ea-e527cd8f128e,2,derivative,1
52bc838e-af41-4b44-9834-263ca544647c,1,near_synonym,1
52bc838e-af41-4b44-9834-263ca544647c,2,derivative,1
79568bf2-06f1-46b2-bca8-958eebe3be5c,1,derivative,1
f1ec67e3-6fe8-4de5-b67e-998c9d5cec8b,1,near_synonym,1
f1ec67e3-6fe8-4de5-b67e-998c9d5cec8b,2,derivative,1
16e08674-43b0-4f0f-8bd3-da2cd950b9b8,1,near_synonym,2
040ed47a-6be7-4d53-82ca-72a55537ae3e,1,near_synonym,1
040ed47a-6be7-4d53-82ca-72a55537ae3e,2,derivative,1
98061b1e-5f76-461e-b196-59ebffc99ca7,1,near_synonym,1
98061b1e-5f76-461e-b196-59ebffc99ca7,2,derivative,1
7eb8512f-9ce7-4c44-9250-e59f1b118e34,1,near_synonym,1
7eb8512f-9ce7-4c44-9250-e59f1b118e34,2,derivative,1
b0779866-653d-4861-ba34-4ed702d0ae75,1,near_synonym,1
b0779866-653d-4861-ba34-4ed702d0ae75,2,derivative,1
b5a36f71-ffb9-475d-83d2-73b8e3477e89,1,derivative,1
5cd4d38d-d339-4ad8-bdc4-bc574b6241d6,1,near_synonym,1
5cd4d38d-d339-4ad8-bdc4-bc574b6241d6,2,derivative,1
367bae1b-7ca4-49a5-89fe-2fbc1b0bd2d9,1,near_synonym,1
4e4c1a5b-c122-41c1-a937-66200b34a1ef,1,near_synonym,1
4e4c1a5b-c122-41c1-a937-66200b34a1ef,2,derivative,1
ef4bf819-bd13-4487-bf15-7e678682624a,1,derivative,2
348890d3-deef-4ded-a8ac-c17788b3477c,1,derivative,1
3f37e0d1-4f3d-4d4c-9c1d-2f57bb512f6b,1,near_synonym,1
6973debb-531a-4fcb-b726-cd07808519e7,1,near_synonym,1
6973debb-531a-4fcb-b726-cd07808519e7,2,derivative,1
768810d1-d984-4b78-bfcc-5608039d1188,1,near_synonym,1
768810d1-d984-4b78-bfcc-5608039d1188,2,antonym,1
cde6da16-29ad-4e35-8562-fb8b4f0603b4,1,near_synonym,2
83640dbe-9c73-482c-964f-333563add897,1,near_synonym,1
83640dbe-9c73-482c-964f-333563add897,2,derivative,1
f1aa501d-6b72-40ec-9bf8-f6057af92235,1,near_synonym,1
f1aa501d-6b72-40ec-9bf8-f6057af92235,2,derivative,1
7661f38f-868b-40db-b5e6-0d8870245ac6,1,near_synonym,1
7661f38f-868b-40db-b5e6-0d8870245ac6,2,derivative,1
3435a29a-8321-4b09-80ea-55a3afb38658,1,near_synonym,2
f267417d-1c30-4551-a7d2-29b123ac2019,1,near_synonym,1
f267417d-1c30-4551-a7d2-29b123ac2019,2,derivative,1
ae2acad2-0b06-4530-9756-d203598eb1bf,1,near_synonym,1
ae2acad2-0b06-4530-9756-d203598eb1bf,2,derivative,1
46bb2ea9-656e-4718-b46f-8bd163d185f0,1,near_synonym,1
b2d07a20-0619-4920-a168-e2b33d5029d5,1,near_synonym,1
b2d07a20-0619-4920-a168-e2b33d5029d5,2,derivative,1
1eda8811-ad9b-4d92-8e85-87c261159023,1,near_synonym,1
1eda8811-ad9b-4d92-8e85-87c261159023,2,derivative,1
a3e49616-872f-4600-b774-572d8bb395f1,1,near_synonym,2
256c7701-ae6f-4976-aed2-b9ceb26a8400,1,near_synonym,1
df50fc20-a343-42e0-a1de-51fc00247938,1,near_synonym,1
7c6ab201-a322-415c-b721-6a7aea9b8da9,1,near_synonym,1
7c6ab201-a322-415c-b721-6a7aea9b8da9,2,derivative,1
e6aa8682-2c1b-4a51-a31a-6d932dd88f24,1,near_synonym,2
6538406c-421f-483e-b42e-c341d113dcdd,1,near_synonym,1
6538406c-421f-483e-b42e-c341d113dcdd,2,derivative,1
8420bfd9-1f96-47f8-8df9-1ddc6a31bc11,1,near_synonym,1
8420bfd9-1f96-47f8-8df9-1ddc6a31bc11,2,derivative,1
0884f042-1d0b-4e99-a5f0-324ead3df39a,1,derivative,1
42395019-9d03-415f-8ac8-66a78e3abb5a,1,near_synonym,1
24df699c-883b-4abb-bed0-f2eb2bb7842a,1,near_synonym,1
b3406b21-e3d2-4309-b3f4-b110f5eb2326,1,antonym,1
2c992179-8e1b-4b18-904b-6918a654e9c9,1,derivative,1
9f779860-8220-45bd-8ce1-28b9c842f21d,1,near_synonym,1
9f779860-8220-45bd-8ce1-28b9c842f21d,2,derivative,1
5213e1cf-2885-4fc4-aa0c-fbb24bedce7a,1,near_synonym,1
5213e1cf-2885-4fc4-aa0c-fbb24bedce7a,2,antonym,1
77dd2066-b22d-4d8d-9f83-c7c6aa84a89f,1,near_synonym,1
956089dd-0296-4647-9973-dc2074f27862,1,near_synonym,1
b9fc7eca-6779-42e0-9b2a-be3bb56c9559,1,near_synonym,1
b9fc7eca-6779-42e0-9b2a-be3bb56c9559,2,derivative,1
d49f4ce6-2cd5-4f7e-8c0c-6d44fc67ae76,1,near_synonym,1
d49f4ce6-2cd5-4f7e-8c0c-6d44fc67ae76,2,derivative,1
d6c3e365-edf6-4318-9647-bb14be19592d,1,near_synonym,1
d6c3e365-edf6-4318-9647-bb14be19592d,2,derivative,1
4a8d82c4-efee-4a19-ba1b-025f360c3404,1,near_synonym,1
4a8d82c4-efee-4a19-ba1b-025f360c3404,2,derivative,1
f04fe771-be23-4627-bd78-8a6bd1d35246,1,near_synonym,1
f04fe771-be23-4627-bd78-8a6bd1d35246,2,derivative,1
65a33858-aad9-4532-b77b-20f966a59ce1,1,near_synonym,1
65a33858-aad9-4532-b77b-20f966a59ce1,2,derivative,1
0564de84-f445-4c88-a463-f111cec876da,1,near_synonym,1
0564de84-f445-4c88-a463-f111cec876da,2,derivative,1
6eb13c41-6e45-41d3-8ebc-b399a1ec6746,1,near_synonym,1
6eb13c41-6e45-41d3-8ebc-b399a1ec6746,2,derivative,1
595d52ba-1027-4853-bd03-8fc9636122e0,1,antonym,1
595d52ba-1027-4853-bd03-8fc9636122e0,2,derivative,1
94ff500e-1ca2-448e-8efb-bccbb781bc09,1,near_synonym,1
94ff500e-1ca2-448e-8efb-bccbb781bc09,2,derivative,1
f7a0c1fe-7640-4202-880d-967b16c3c60a,1,near_synonym,2
f61838aa-1a4f-40c0-b35e-9f87403ec854,1,near_synonym,1
f61838aa-1a4f-40c0-b35e-9f87403ec854,2,derivative,1
33f336a4-54ba-4eb5-8347-fad165d3931d,1,near_synonym,1
33f336a4-54ba-4eb5-8347-fad165d3931d,2,antonym,1
baec101b-19df-42c6-b03e-06c49761899c,1,near_synonym,1
baec101b-19df-42c6-b03e-06c49761899c,2,antonym,1
406fc7a3-31e4-4cfe-8e57-bedbd5e58229,1,near_synonym,1
406fc7a3-31e4-4cfe-8e57-bedbd5e58229,2,derivative,1
e5b492f5-c19e-401a-8ccf-97c168d7f7c4,1,near_synonym,1
e5b492f5-c19e-401a-8ccf-97c168d7f7c4,2,derivative,1
07fc2e03-1025-47d8-bcb8-102b30db6a29,1,near_synonym,2
1fae820e-7383-479d-95c3-5fa26e55abb8,1,near_synonym,1
1fae820e-7383-479d-95c3-5fa26e55abb8,2,derivative,1
c891015e-9943-4e63-8f28-5554b7f4b962,1,derivative,2
0a717951-c4a8-438a-aaf7-1dd6146caf3b,1,near_synonym,1
0a717951-c4a8-438a-aaf7-1dd6146caf3b,2,derivative,1
c5b3831b-40eb-478f-b60a-4a86e8916959,1,near_synonym,1
c5b3831b-40eb-478f-b60a-4a86e8916959,2,derivative,1
780a007a-6503-4cf2-a9cf-b85165d615ec,1,near_synonym,1
780a007a-6503-4cf2-a9cf-b85165d615ec,2,derivative,1
4cb9a6fc-41c2-49f0-bf20-4ce59ae67114,1,near_synonym,1
4cb9a6fc-41c2-49f0-bf20-4ce59ae67114,2,derivative,1
e44051fa-2c99-4d10-9268-a98c29b7f67b,1,derivative,2
cd9d1d70-da82-4ec3-aa6b-405fa7380d02,1,derivative,1
851893bb-cfae-49ee-87b8-699bf8f155c9,1,derivative,1
ba3fd9a8-2900-4771-a51d-a87dad13bcdf,1,near_synonym,1
ba3fd9a8-2900-4771-a51d-a87dad13bcdf,2,derivative,1
4d911e09-39ee-4c04-97ef-4e2bdab7004d,1,near_synonym,1
4d911e09-39ee-4c04-97ef-4e2bdab7004d,2,derivative,1
a8bf7e84-300c-4a39-b762-ecc7231d31d7,1,near_synonym,2
e5e218c3-a7e3-43a6-bb3b-a665b632b81c,1,near_synonym,1
317bbaed-71bb-42b2-8685-e8b63bf3105f,1,near_synonym,1
317bbaed-71bb-42b2-8685-e8b63bf3105f,2,derivative,1
74dc3215-b52f-405e-b0be-769116d8ca4e,1,near_synonym,1
74dc3215-b52f-405e-b0be-769116d8ca4e,2,derivative,1
73a233ca-d5a2-4ec2-9567-8087cccd7740,1,near_synonym,2
8b5d72eb-7559-4e9c-aac3-c9e041fbedfd,1,near_synonym,2
ed614a8c-bbee-4d76-8ab3-087c38cb6a77,1,near_synonym,1
ed614a8c-bbee-4d76-8ab3-087c38cb6a77,2,derivative,1
6bf60c87-76a3-43d5-b772-e3d27dfa35c4,1,near_synonym,1
6bf60c87-76a3-43d5-b772-e3d27dfa35c4,2,antonym,1
518dfcfd-da3a-4b0e-a22a-12eef7628cdd,1,near_synonym,1
518dfcfd-da3a-4b0e-a22a-12eef7628cdd,2,derivative,1
3a7f220d-6fdb-47d5-9390-8cde3f171c84,1,derivative,2
612d3344-974c-40eb-80e3-85a95d8e394e,1,antonym,1
612d3344-974c-40eb-80e3-85a95d8e394e,2,derivative,1
96d6050f-5e3a-4912-9988-e77149591bab,1,near_synonym,1
96d6050f-5e3a-4912-9988-e77149591bab,2,derivative,1
3523e57b-ba36-42ee-a78b-8e9db626e46e,1,near_synonym,1
3523e57b-ba36-42ee-a78b-8e9db626e46e,2,derivative,1
0991058b-9847-4c2f-a807-3ec203f06752,1,near_synonym,1
0991058b-9847-4c2f-a807-3ec203f06752,2,derivative,1
dba7591b-2e64-4bcc-a890-e1d1a6f9becd,1,near_synonym,1
7738c190-d62d-45db-bc79-335797a5a7f0,1,near_synonym,1
7738c190-d62d-45db-bc79-335797a5a7f0,2,derivative,1
d7177796-d9fd-4880-aa51-0baee5222e3e,1,near_synonym,1
d7177796-d9fd-4880-aa51-0baee5222e3e,2,derivative,1
cd67ee2b-40a8-4e6e-a9eb-5d04797edc6e,1,near_synonym,1
cd67ee2b-40a8-4e6e-a9eb-5d04797edc6e,2,derivative,1
1f7127f4-a571-4096-972a-4fc95d94d0d0,1,derivative,2
ba1da737-f9dd-42d4-b7f9-4135c649bd4f,1,near_synonym,1
ba1da737-f9dd-42d4-b7f9-4135c649bd4f,2,derivative,1
9eb46f1f-7ef9-4ee9-ab40-28f1e07a51d5,1,near_synonym,2
bc39234a-f982-4a40-be9a-56b20263b654,1,near_synonym,2
a0a9b0f4-9d6a-4420-a79a-e6a2aa001f08,1,near_synonym,1
b84e1867-136b-4207-bea8-02e5c95d81b2,1,near_synonym,1
b84e1867-136b-4207-bea8-02e5c95d81b2,2,antonym,1
42e75f21-cecf-4d12-8ba4-ba248d939a69,1,near_synonym,1
42e75f21-cecf-4d12-8ba4-ba248d939a69,2,derivative,1
da4ad4b3-849a-4dd0-9ba5-ea4638ce26ed,1,near_synonym,1
da4ad4b3-849a-4dd0-9ba5-ea4638ce26ed,2,derivative,1
bcd119d6-164b-434d-9a11-20aedb4d7c27,1,near_synonym,1
bcd119d6-164b-434d-9a11-20aedb4d7c27,2,derivative,1
02422498-21ca-427c-bdcc-52668f43a0b3,1,near_synonym,1
02422498-21ca-427c-bdcc-52668f43a0b3,2,derivative,1
1d664ecb-c4be-4659-8f59-4b100b9e1402,1,near_synonym,1
3344cd57-27c7-46e0-83a0-e1c4a33335a6,1,antonym,1
3344cd57-27c7-46e0-83a0-e1c4a33335a6,2,derivative,1
1a5d8b8f-02d7-40d9-bd95-c62f3f8d4995,1,near_synonym,1
1a5d8b8f-02d7-40d9-bd95-c62f3f8d4995,2,derivative,1
96f75e9b-c075-4620-83e3-8af964e3bae2,1,near_synonym,1
96f75e9b-c075-4620-83e3-8af964e3bae2,2,derivative,1
4d3b1984-6f37-4b1a-92ae-c172a757d5bd,1,near_synonym,1
4d3b1984-6f37-4b1a-92ae-c172a757d5bd,2,derivative,1
ce483aee-71ce-4a31-8984-884061e0ec43,1,near_synonym,1
ce483aee-71ce-4a31-8984-884061e0ec43,2,derivative,1
67ee655f-6a56-490c-940a-d842d980268f,1,near_synonym,1
67ee655f-6a56-490c-940a-d842d980268f,2,derivative,1
f09cc6fa-6947-441a-8195-5a0f91772bd3,1,near_synonym,1
f09cc6fa-6947-441a-8195-5a0f91772bd3,2,derivative,1
1b535fb6-de2d-4501-95f2-a2d6a8683366,1,near_synonym,2
c0023077-aa79-4909-9cce-e2c15c4f7891,1,near_synonym,1
c0023077-aa79-4909-9cce-e2c15c4f7891,2,derivative,1
d9d9e0f4-2839-42dc-9bb9-1f1556cd1d74,1,derivative,2
bc603272-7c07-4c77-aed3-e0dd917301da,1,near_synonym,1
bc603272-7c07-4c77-aed3-e0dd917301da,2,derivative,1
7fa5f7a8-bf61-4e83-a5bb-dfa82aec58f9,1,near_synonym,2
cf4779e2-c109-4f97-884f-92be6c8bc6b2,1,near_synonym,1
cf4779e2-c109-4f97-884f-92be6c8bc6b2,2,derivative,1
3b52f349-5d21-4677-a407-8c816394ba2a,1,near_synonym,1
3b52f349-5d21-4677-a407-8c816394ba2a,2,derivative,1
f141733b-5dc0-4f0d-a258-1ab5fbc6714c,1,near_synonym,1
9f3a744f-a79a-4709-90ea-f005ce8bf12a,1,near_synonym,1
9f3a744f-a79a-4709-90ea-f005ce8bf12a,2,antonym,1
cb5958e1-c05c-4009-b9e1-afc62e55bbdf,1,near_synonym,1
acd8d49f-4b2d-4cda-bcec-c4274f90f0d6,1,near_synonym,2
ca0698a9-6589-4289-b459-b18cc350b2a5,1,near_synonym,1
ca0698a9-6589-4289-b459-b18cc350b2a5,2,antonym,1
e0c1b0cb-e30f-48c8-8671-7c4c31748601,1,near_synonym,1
98c7846e-15a5-4f13-af0f-2b1ad25ac804,1,near_synonym,2
385764df-064b-4c02-b5a0-fa2c7040fd1f,1,near_synonym,1
1786f89b-b832-47e5-bf1f-d856ea640210,1,near_synonym,1
1786f89b-b832-47e5-bf1f-d856ea640210,2,derivative,1
dccc8358-02a8-4a71-8e90-210231376986,1,near_synonym,1
dccc8358-02a8-4a71-8e90-210231376986,2,derivative,1
81ebd87b-8be0-4e5f-b512-2ff61604d528,1,near_synonym,1
81ebd87b-8be0-4e5f-b512-2ff61604d528,2,derivative,1
4b10b31e-b3dc-429c-8537-cbb59b24e2b4,1,derivative,2
481921c9-5789-4caf-b961-a62f91ef846a,1,near_synonym,1
481921c9-5789-4caf-b961-a62f91ef846a,2,derivative,1
c29f095c-61b9-4e48-8d91-5e3ca3105cb1,1,near_synonym,1
503ac91d-3a06-4d4f-85e1-d676e2143e1e,1,derivative,1
287366d2-ab2f-47d2-ae3d-a176063c873b,1,near_synonym,2
0652abcf-b677-419e-a185-5a901c250e2f,1,near_synonym,1
0652abcf-b677-419e-a185-5a901c250e2f,2,derivative,1
d213b47e-a73b-4109-b5e1-1c1b8af07047,1,near_synonym,1
94e79b72-4541-499a-aa0a-30b2f5194ca3,1,derivative,1
5c21466d-f934-4568-88b3-2b9bcc6e2145,1,near_synonym,1
ebf415d0-e180-4708-82b6-14622139bf4a,1,near_synonym,1
ebf415d0-e180-4708-82b6-14622139bf4a,2,derivative,1
0d9986ef-d47b-469e-9c14-62c79c7cc274,1,near_synonym,1
0d9986ef-d47b-469e-9c14-62c79c7cc274,2,derivative,1
b864df3d-bd0b-453f-a82e-5fea41ec8ee5,1,near_synonym,1
b864df3d-bd0b-453f-a82e-5fea41ec8ee5,2,antonym,1
9d54226d-515c-416d-8d82-ef1c815e7fb0,1,near_synonym,1
9d54226d-515c-416d-8d82-ef1c815e7fb0,2,derivative,1
652245a3-6347-4c16-8daa-6da992448018,1,near_synonym,1
652245a3-6347-4c16-8daa-6da992448018,2,derivative,1
33e2433a-1921-4e8d-9c7e-318f5b692e90,1,near_synonym,1
33e2433a-1921-4e8d-9c7e-318f5b692e90,2,derivative,1
170f1dfe-ce00-434d-8390-5e396c4924d8,1,near_synonym,1
170f1dfe-ce00-434d-8390-5e396c4924d8,2,derivative,1
508bce88-e602-4e6f-87d6-ce0d31802605,1,near_synonym,1
508bce88-e602-4e6f-87d6-ce0d31802605,2,derivative,1
dda8dc4b-d840-4ee7-b96c-635645f6633f,1,near_synonym,1
e22a5652-743e-48ef-9a83-772efc87cfed,1,near_synonym,1
e22a5652-743e-48ef-9a83-772efc87cfed,2,derivative,1
bab53832-6ba9-49c3-bd34-258cff3a1f85,1,near_synonym,2
4972b4dd-a37f-40ad-ad29-c77fbdc4e9b6,1,near_synonym,1
9ffca7ac-a778-40e0-9494-7b93c0c90d8a,1,near_synonym,1
9ffca7ac-a778-40e0-9494-7b93c0c90d8a,2,derivative,1
8c5efeea-dec9-4177-8301-cabd777d8208,1,near_synonym,1
8c5efeea-dec9-4177-8301-cabd777d8208,2,antonym,1
29d1e509-588c-4db5-b542-156ee6aa49fc,1,near_synonym,1
29d1e509-588c-4db5-b542-156ee6aa49fc,2,antonym,1
1c424e43-de5c-46d9-afef-56c81ab4aa08,1,derivative,1
50884744-2811-4fc0-861f-d99812a94944,1,derivative,1
57c5d55f-150e-41f3-935b-ac0fc0802bb7,1,near_synonym,1
57c5d55f-150e-41f3-935b-ac0fc0802bb7,2,derivative,1
f82705b1-39f2-4ef2-9ae5-eaf106457a1a,1,antonym,1
c524ebfb-1482-4f2b-8c63-93cdb87ad82d,1,antonym,1
c524ebfb-1482-4f2b-8c63-93cdb87ad82d,2,derivative,1
7b7ba122-4ae8-4c8b-a888-187e1b6c34a4,1,derivative,2
4b06d76c-5266-4b36-a9a5-77c9f187082a,1,near_synonym,2
6b084e87-28a6-420e-88e8-8efa4a01d472,1,near_synonym,1
6b084e87-28a6-420e-88e8-8efa4a01d472,2,derivative,1
dfeb09ef-dff8-4329-9340-e0e40ccbcbca,1,near_synonym,2
be66a5ce-37a5-4129-acba-5a25d364bd21,1,near_synonym,2
989ea3bf-b2d5-44f4-8280-587c2bca482f,1,near_synonym,1
989ea3bf-b2d5-44f4-8280-587c2bca482f,2,derivative,1
611a4a07-ed91-4155-a28e-ca53e1d641c2,1,near_synonym,1
611a4a07-ed91-4155-a28e-ca53e1d641c2,2,derivative,1
8ce34d3b-ed6d-47f2-b81b-df18bf850836,1,near_synonym,2
cf3a4a6d-973b-49bf-9a8e-7450e2b4f159,1,near_synonym,1
cf3a4a6d-973b-49bf-9a8e-7450e2b4f159,2,derivative,1
6c70d63d-20e3-46f2-af00-7aa5ed5674f8,1,near_synonym,1
6c70d63d-20e3-46f2-af00-7aa5ed5674f8,2,derivative,1
1d3e3cf7-7329-4503-bd24-6e96c2cb0338,1,near_synonym,1
1d3e3cf7-7329-4503-bd24-6e96c2cb0338,2,derivative,1
dbfbd421-f573-4b01-a08d-cab2ff220b75,1,near_synonym,1
dbfbd421-f573-4b01-a08d-cab2ff220b75,2,derivative,1
a01530c6-ec83-446c-ab12-f7bf28c55c49,1,near_synonym,1
a01530c6-ec83-446c-ab12-f7bf28c55c49,2,derivative,1
21c2df5a-b860-43a0-97c8-e6c91a7d11c7,1,antonym,1
21c2df5a-b860-43a0-97c8-e6c91a7d11c7,2,derivative,1
cd334e9b-edab-4ea3-b6f1-7fc3728ee908,1,near_synonym,1
cd334e9b-edab-4ea3-b6f1-7fc3728ee908,2,derivative,1
ef625331-a691-448f-b71a-a3e184b45e9e,1,near_synonym,1
ef625331-a691-448f-b71a-a3e184b45e9e,2,derivative,1
af847e58-aadb-44d2-87db-0a2087c48a95,1,near_synonym,2
3db78d22-5fdb-4b7c-9fbc-09fb97270b5f,1,near_synonym,1
88323c21-6ab4-4258-b618-762b40583bea,1,near_synonym,1
88323c21-6ab4-4258-b618-762b40583bea,2,derivative,1
48f0d7ef-8165-493d-8d1b-64768973dddf,1,near_synonym,1
48f0d7ef-8165-493d-8d1b-64768973dddf,2,derivative,1
797fb852-7d37-4a6e-942e-799abdb42820,1,derivative,1
ce2eb99f-8c24-4ef9-b6f6-8166f26ce357,1,near_synonym,1
9f25cfc6-0a4e-44c0-9885-0682be6b67ad,1,derivative,1
12ba8b19-da31-4f39-b581-8356a701dc8b,1,near_synonym,1
65f9a4ba-0a88-4c53-a2a2-363ad420fb67,1,derivative,1
f7e11bfa-16df-4213-a0ac-54b5a483a483,1,near_synonym,1
f7e11bfa-16df-4213-a0ac-54b5a483a483,2,antonym,1
a28653ec-ecdc-4867-8710-4c60955e2c9c,1,near_synonym,1
a28653ec-ecdc-4867-8710-4c60955e2c9c,2,derivative,1
a5f78854-d4c6-4859-9ffd-267cc1c140ae,1,near_synonym,1
a5f78854-d4c6-4859-9ffd-267cc1c140ae,2,derivative,1
b2ab0cd4-fe4b-46b6-8012-0bbcfadfe318,1,near_synonym,1
b2ab0cd4-fe4b-46b6-8012-0bbcfadfe318,2,antonym,1
13fe094c-76c2-418c-b6e5-93070134ffbd,1,near_synonym,2
93809271-814e-40d5-a210-d3709f9afb2a,1,near_synonym,1
25c0fe84-0781-4537-bbf4-f17fb22f7624,1,near_synonym,1
25c0fe84-0781-4537-bbf4-f17fb22f7624,2,derivative,1
50773505-9b98-444a-98a9-b463183fb30a,1,antonym,1
50773505-9b98-444a-98a9-b463183fb30a,2,derivative,1
102feae0-17aa-4f19-99a9-87a79a6ec66e,1,antonym,1
102feae0-17aa-4f19-99a9-87a79a6ec66e,2,derivative,1
c126b8e3-f106-410b-b64c-f785d2d20b12,1,near_synonym,1
c126b8e3-f106-410b-b64c-f785d2d20b12,2,antonym,1
6982f104-9f51-4a0d-9f90-a9d08a72f457,1,near_synonym,1
6982f104-9f51-4a0d-9f90-a9d08a72f457,2,derivative,1
e3c65b3f-52db-4c67-95b1-021ba5b2820a,1,near_synonym,1
b3567e76-a79f-470a-ae5e-5dee5b8615e9,1,near_synonym,1
7ddf7bc0-7c25-40d1-a2e0-c5f3f3cd45ab,1,near_synonym,1
1f3d54b9-ba1d-4b50-98ce-30c0588963f5,1,near_synonym,1
1f3d54b9-ba1d-4b50-98ce-30c0588963f5,2,derivative,1
f3572e6d-b9d2-4e97-ac58-4787a043c361,1,near_synonym,1
f3572e6d-b9d2-4e97-ac58-4787a043c361,2,derivative,1
baf6a3bd-6887-4959-8571-65a1e6d938a0,1,near_synonym,2
a0be00fe-4195-4c97-b2bb-1990e252bdd0,1,near_synonym,1
e47d73fe-6dee-4d33-b37c-5a515bc63165,1,near_synonym,1
e47d73fe-6dee-4d33-b37c-5a515bc63165,2,derivative,1
83ee9724-8801-4498-bc42-44ce9a6c25cc,1,derivative,1
52cd6176-df86-4f3a-a776-4f85a44a971a,1,near_synonym,2
7f359ceb-fdfc-4137-9957-1f6c42c0f1c9,1,near_synonym,1
7f359ceb-fdfc-4137-9957-1f6c42c0f1c9,2,derivative,1
b1f291bf-b350-4140-9e87-796811dc802a,1,near_synonym,1
f38ce7f1-8517-4379-9124-5eee0a04a9d0,1,near_synonym,1
f38ce7f1-8517-4379-9124-5eee0a04a9d0,2,derivative,1
c3627493-ee5f-4b21-9a80-6a1a5b6b3c41,1,near_synonym,2
fd15f70b-ffa5-4c30-8823-d9b89c457a59,1,near_synonym,1
fd15f70b-ffa5-4c30-8823-d9b89c457a59,2,derivative,1
9a532622-a562-4469-8439-209f2bef98ef,1,near_synonym,1
9a532622-a562-4469-8439-209f2bef98ef,2,derivative,1
bfee0a65-2c39-4677-b576-ad92e7319997,1,near_synonym,1
bfee0a65-2c39-4677-b576-ad92e7319997,2,derivative,1
a15844e2-2205-49d1-8517-8265eab83b68,1,near_synonym,2
7305a360-67e5-4083-b93e-575ee08a736e,1,near_synonym,1
7305a360-67e5-4083-b93e-575ee08a736e,2,derivative,1
69c54e09-21a9-48ef-bb98-17156ffec181,1,near_synonym,1
dd93b10c-a11e-4493-a7cc-7f0c7e06af1b,1,near_synonym,1
4468f77a-15f7-43ba-bce4-6b69b50ded50,1,antonym,1
64881192-f5c0-466e-bc07-d96a22c6cb51,1,antonym,1
64881192-f5c0-466e-bc07-d96a22c6cb51,2,derivative,1
05cb04e6-9494-4116-886f-51c0b2a5e025,1,near_synonym,1
05cb04e6-9494-4116-886f-51c0b2a5e025,2,antonym,1
22f426e9-4b74-430e-bf09-9dcf1bb5ddd0,1,near_synonym,1
22f426e9-4b74-430e-bf09-9dcf1bb5ddd0,2,derivative,1
9818e1b9-115d-4b05-94be-efef4d150e84,1,near_synonym,1
9818e1b9-115d-4b05-94be-efef4d150e84,2,derivative,1
bc379bf3-3c95-46fc-a507-9db31d526445,1,derivative,2
0764fb03-4c0e-4e13-8d2a-c206470372ec,1,near_synonym,2
c6b9eb42-29b7-42bb-bd15-1ff0f486291c,1,near_synonym,1
c6b9eb42-29b7-42bb-bd15-1ff0f486291c,2,derivative,1
6cda6ae2-529c-42c2-b495-5072e6b20389,1,near_synonym,1
6cda6ae2-529c-42c2-b495-5072e6b20389,2,derivative,1
fc47af4e-bc29-4b9a-b2e3-8a7b8c9720b3,1,near_synonym,1
fc47af4e-bc29-4b9a-b2e3-8a7b8c9720b3,2,derivative,1
1cbb8e30-2bfa-4f5e-8fc2-ef7ba655e45c,1,near_synonym,1
1cbb8e30-2bfa-4f5e-8fc2-ef7ba655e45c,2,derivative,1
9df5256d-9361-4fe7-83ab-a04af6f099c8,1,derivative,2
e7a4e426-b4e3-4969-a757-f03ce03c35ab,1,near_synonym,1
e7a4e426-b4e3-4969-a757-f03ce03c35ab,2,derivative,1
cb15b0c9-d3d2-4b49-98e1-ea10836102c7,1,derivative,1
065f3796-4914-46f6-b508-63bd62be764b,1,near_synonym,1
065f3796-4914-46f6-b508-63bd62be764b,2,derivative,1
24b86c32-d275-42e4-afd9-2cb7c95cb24f,1,near_synonym,1
24b86c32-d275-42e4-afd9-2cb7c95cb24f,2,derivative,1
fe048d46-8c6a-47ac-844c-cde6beb73543,1,near_synonym,1
fe048d46-8c6a-47ac-844c-cde6beb73543,2,derivative,1
979f0edb-63db-4638-a7f5-be03d6976709,1,near_synonym,1
979f0edb-63db-4638-a7f5-be03d6976709,2,derivative,1
5c0b58f1-7422-4d30-bb02-59813e68467e,1,near_synonym,1
5c0b58f1-7422-4d30-bb02-59813e68467e,2,derivative,1
801baf82-b489-4271-ae42-7eb1aabe1612,1,derivative,1
94aa4ea1-8a6c-48d0-ac6c-7984ae8a5f48,1,near_synonym,1
0382072e-927a-4883-bdb5-8ae34c1b9704,1,near_synonym,1
0382072e-927a-4883-bdb5-8ae34c1b9704,2,derivative,1
c90d5b95-f727-4ae2-b54f-0e4df02d24ff,1,near_synonym,2
79219fef-a4c9-408e-8094-fa3f08b2da5f,1,near_synonym,2
512e4bf3-3a5e-42de-a3b5-fb0dd5c6beae,1,near_synonym,1
512e4bf3-3a5e-42de-a3b5-fb0dd5c6beae,2,derivative,1
10a91b5c-4130-43cd-a0d2-bc62a184256f,1,near_synonym,1
81ef49af-a18b-4857-bf79-c538a3b036e1,1,near_synonym,1
81ef49af-a18b-4857-bf79-c538a3b036e1,2,derivative,1
10a0a0ef-0120-40cb-afc9-c8072e0dfc67,1,near_synonym,1
10a0a0ef-0120-40cb-afc9-c8072e0dfc67,2,antonym,1
551c1599-03e9-4d01-9564-9ab4bcb8dc7e,1,near_synonym,1
551c1599-03e9-4d01-9564-9ab4bcb8dc7e,2,antonym,1
963d69c3-7fea-4e2b-81a4-292c7e6475ba,1,near_synonym,1
963d69c3-7fea-4e2b-81a4-292c7e6475ba,2,derivative,1
a5c5ec8d-d36e-4c4e-a04d-ea2bb88bd08a,1,near_synonym,2
0e2e92d9-0a44-4f69-8875-0413e6c34eeb,1,derivative,1
7fe72ba2-c2e5-4424-913f-d23aba9e9652,1,near_synonym,1
7fe72ba2-c2e5-4424-913f-d23aba9e9652,2,derivative,1
d6ffd5ed-21ea-457e-ab50-9526794810a4,1,near_synonym,2
6b351a80-7579-4a75-8696-a89143e5ab2c,1,near_synonym,1
6b351a80-7579-4a75-8696-a89143e5ab2c,2,derivative,1
564972dd-f654-475c-8d63-2ef53521fd01,1,derivative,1
d2b922f3-f1c5-4dcd-ae91-db6db4bd0a88,1,near_synonym,1
d2b922f3-f1c5-4dcd-ae91-db6db4bd0a88,2,derivative,1
c2d5051f-29c6-458e-8f67-24ad5f6573e1,1,near_synonym,1
c2d5051f-29c6-458e-8f67-24ad5f6573e1,2,antonym,1
b32a7e72-8190-4249-b02a-73e2d4ce1edc,1,near_synonym,2
090cdf36-aff1-4301-ab9d-fab65e6ef978,1,near_synonym,2
9d9262a7-2c22-4c68-b0a0-b4de1e6ced58,1,near_synonym,1
9d9262a7-2c22-4c68-b0a0-b4de1e6ced58,2,derivative,1
f5d92ddb-d5cf-4d99-a754-b2a010e49cdf,1,near_synonym,2
99baaf9d-baad-4138-be24-4922a37f069a,1,near_synonym,1
99baaf9d-baad-4138-be24-4922a37f069a,2,antonym,1
9677adc8-f900-4bb1-972f-d2133f9c7800,1,derivative,2
c38a3eb0-20d3-4908-9027-5ef2bddccd9e,1,near_synonym,1
c38a3eb0-20d3-4908-9027-5ef2bddccd9e,2,derivative,1
dadcca83-846f-49a4-be74-95ae7373002d,1,near_synonym,1
dadcca83-846f-49a4-be74-95ae7373002d,2,derivative,1
de914903-3bfa-415d-b5bb-11f1443df583,1,near_synonym,2
e92bc580-c1a2-4f30-92ae-06e518a2ce84,1,near_synonym,2
549b0deb-95e5-496a-addb-2704584537d4,1,near_synonym,1
549b0deb-95e5-496a-addb-2704584537d4,2,derivative,1
08191841-1b01-420e-b1f7-5aa53cc30283,1,antonym,2
264b1c88-e3d4-4c04-b47c-b3ec143255f1,1,near_synonym,2
938d1c9d-aaa0-428d-ae45-6a5bec7dc8d9,1,near_synonym,1
735709c5-91cd-495e-bf32-2e8abf597c22,1,near_synonym,1
735709c5-91cd-495e-bf32-2e8abf597c22,2,derivative,1
96110e88-444b-424a-bb35-dcfbc4ea2f2f,1,near_synonym,1
96110e88-444b-424a-bb35-dcfbc4ea2f2f,2,derivative,1
ea8657af-9ae9-4f15-914c-a54194542769,1,near_synonym,1
ea8657af-9ae9-4f15-914c-a54194542769,2,derivative,1
88c3b48a-68f7-4f5f-a679-d497c75eed4a,1,near_synonym,1
88c3b48a-68f7-4f5f-a679-d497c75eed4a,2,derivative,1
cddec877-161f-40bb-86c3-8303bbe3c714,1,near_synonym,1
cddec877-161f-40bb-86c3-8303bbe3c714,2,derivative,1
91ebee69-52cd-4570-ad0b-fb8068225101,1,near_synonym,1
91ebee69-52cd-4570-ad0b-fb8068225101,2,derivative,1
4dbc243d-820f-4283-9159-71355832abdc,1,near_synonym,1
eb7133aa-f903-4a36-94d4-49632306f302,1,near_synonym,1
302a211d-0162-44b8-a5dd-22f6487bcadd,1,near_synonym,1
302a211d-0162-44b8-a5dd-22f6487bcadd,2,derivative,1
3887f7dd-8786-417e-9b37-be0ae5395632,1,derivative,1
04be1e86-bab7-4ea9-ac92-825c587c532a,1,near_synonym,1
04be1e86-bab7-4ea9-ac92-825c587c532a,2,derivative,1
9271df44-6866-4110-9937-b8ca012d99c8,1,near_synonym,1
9271df44-6866-4110-9937-b8ca012d99c8,2,antonym,1
2865ed94-2efb-4985-a85f-3ec139f7841f,1,derivative,1
a8da72a0-6d96-4544-8ff1-5d2c3d5defe2,1,near_synonym,1
3ec0b335-99cb-47cb-a7d1-48d0eafe07c6,1,antonym,1
3ec0b335-99cb-47cb-a7d1-48d0eafe07c6,2,derivative,1
2c0d7f3b-3e8d-458c-828e-0c9ccf04e53e,1,near_synonym,1
2c0d7f3b-3e8d-458c-828e-0c9ccf04e53e,2,derivative,1
66546b7c-e1a3-4635-8946-89d05ed88aea,1,near_synonym,1
66546b7c-e1a3-4635-8946-89d05ed88aea,2,derivative,1
48dd025d-45cb-482a-93fc-784485729984,1,near_synonym,1
48dd025d-45cb-482a-93fc-784485729984,2,derivative,1
202490df-0e72-4ae5-8012-2593150a2f9e,1,derivative,2
d58098aa-2976-4510-b49d-1a59399e4ce7,1,near_synonym,2
645eb2dd-2ee2-4997-a283-4dddc9c62a10,1,near_synonym,1
645eb2dd-2ee2-4997-a283-4dddc9c62a10,2,antonym,1
780c3082-6b89-458d-ae8d-cb92bf937716,1,near_synonym,1
780c3082-6b89-458d-ae8d-cb92bf937716,2,antonym,1
283452fe-e0b3-4eb6-a72b-05460e24ea25,1,near_synonym,1
21fe5293-a8c4-421e-ad2d-ff9aa154d473,1,near_synonym,2
e6218ca6-f6ff-498b-81dc-554496993720,1,near_synonym,1
053a563f-55d5-4d3d-95af-fccc7b313ba2,1,near_synonym,2
e479c0e1-668d-405f-886c-a3ff85fedeee,1,near_synonym,2
58c30c6a-5bd3-4feb-9594-c8455f8666f2,1,near_synonym,1
58c30c6a-5bd3-4feb-9594-c8455f8666f2,2,derivative,1
89be17c2-05eb-4c66-931d-bae840dc4f1e,1,near_synonym,1
89be17c2-05eb-4c66-931d-bae840dc4f1e,2,derivative,1
76764a6c-fafb-4f76-8616-02aecb4b29ce,1,near_synonym,2
93c69974-c15f-40b5-93cf-94071d9333a5,1,near_synonym,1
93c69974-c15f-40b5-93cf-94071d9333a5,2,derivative,1
b298070c-d0e1-411c-a587-06cd8fd21ec8,1,near_synonym,1
ee684175-67a5-4620-b6ec-4792cb576e9c,1,near_synonym,1
d3cc0af7-1625-4ff4-9694-9b67924815a9,1,near_synonym,1
4a38a66e-0ee9-40ef-9fbf-c287368f0c9c,1,derivative,1
0249616b-e2b3-4606-86ef-3a3911ebd462,1,near_synonym,1
0249616b-e2b3-4606-86ef-3a3911ebd462,2,derivative,1
b9c013ca-af31-4b96-bd3b-e5e6803535d6,1,derivative,1
c8076bbe-1a35-4715-973e-a510bd7162e8,1,derivative,1
51aba54e-82ff-4040-9c6a-1e96f6e1e051,1,near_synonym,2
034c2886-790b-4e73-828e-0ccf66a5b492,1,near_synonym,1
41e4004f-76ee-4561-a9c3-cc45c4d76b6b,1,near_synonym,1
41e4004f-76ee-4561-a9c3-cc45c4d76b6b,2,derivative,1
6ad0e56a-10b5-41c0-8bd5-b066ad126610,1,near_synonym,1
6ad0e56a-10b5-41c0-8bd5-b066ad126610,2,derivative,1
20ebade2-d7bd-4556-a238-485b2f37297d,1,near_synonym,1
072d3e7c-8c7d-42fd-a048-634b70c8b7ac,1,near_synonym,1
072d3e7c-8c7d-42fd-a048-634b70c8b7ac,2,derivative,1
e00b6595-add3-4aac-8b20-ab5790ad8dfc,1,derivative,1
3ca1a44c-e89e-4fb6-8461-b6645507a4c1,1,near_synonym,1
3ca1a44c-e89e-4fb6-8461-b6645507a4c1,2,derivative,1
97fbbed5-172b-436b-80a9-1af3b1c77843,1,derivative,1
5aaaa1f8-3f76-4599-adb2-f5f149bd92b7,1,derivative,2
06ffbc10-b7e4-4a18-b22e-85f6e04a4313,1,near_synonym,2
53c8bdda-387a-40d9-9cbf-2af706099da1,1,near_synonym,1
53c8bdda-387a-40d9-9cbf-2af706099da1,2,derivative,1
b22a4b52-7a29-4708-b681-618e2a1b628b,1,near_synonym,2
93969008-ff6d-4c0b-96cb-b631c1785138,1,near_synonym,1
93969008-ff6d-4c0b-96cb-b631c1785138,2,derivative,1
4b25da95-9d69-4110-b071-8c6f7d1c83c8,1,near_synonym,1
4b25da95-9d69-4110-b071-8c6f7d1c83c8,2,derivative,1
e0de392b-0676-4b3d-96d1-852435b5fad4,1,near_synonym,1
e0de392b-0676-4b3d-96d1-852435b5fad4,2,derivative,1
9f641a42-860f-44af-bfc6-8d034d5a31f7,1,near_synonym,1
9f641a42-860f-44af-bfc6-8d034d5a31f7,2,derivative,1
c4033193-752c-48d9-88ed-3c9e34d8325e,1,near_synonym,1
c4033193-752c-48d9-88ed-3c9e34d8325e,2,derivative,1
8c98fa31-376f-44b5-82c6-f05a94c6443f,1,near_synonym,1
8c98fa31-376f-44b5-82c6-f05a94c6443f,2,derivative,1
9845f787-01c6-46eb-86f0-55fb9077af56,1,near_synonym,1
9845f787-01c6-46eb-86f0-55fb9077af56,2,derivative,1
36c7a202-d06b-496f-b618-4c994e40db42,1,near_synonym,1
36c7a202-d06b-496f-b618-4c994e40db42,2,derivative,1
b7ab5c19-cfbd-4576-a6dc-639836121dad,1,near_synonym,1
b7ab5c19-cfbd-4576-a6dc-639836121dad,2,derivative,1
e98528b4-74c2-40f1-9c98-864656c365a4,1,near_synonym,1
e98528b4-74c2-40f1-9c98-864656c365a4,2,derivative,1
a90ac760-7004-46c7-8554-133032e1d391,1,near_synonym,1
1026049b-388d-4e1f-9699-bd61b94a2adc,1,near_synonym,1
1026049b-388d-4e1f-9699-bd61b94a2adc,2,derivative,1
77d3952e-0162-4926-9f1b-695c907e875a,1,derivative,2
791c2526-2417-4d94-ba54-e1effecc1e59,1,near_synonym,1
f0f1a498-63e2-471b-a984-67c9033f26d2,1,near_synonym,1
f0f1a498-63e2-471b-a984-67c9033f26d2,2,derivative,1
5257b0e0-3581-4dd3-a6ae-370d7c2a8ef9,1,derivative,1
b6ff7f0f-fe2f-437c-b00f-cbeb33fdb95f,1,near_synonym,1
3c80bad1-cb62-46ee-a506-cc07c995504c,1,derivative,1
ca2a5dee-6d4e-4b1b-82da-ee1566abddf9,1,near_synonym,1
9c9ccb86-486f-4f70-a144-d501118ff8c3,1,derivative,2
3e931c59-c7fc-4150-bde5-fbf12fe6d936,1,near_synonym,1
3e931c59-c7fc-4150-bde5-fbf12fe6d936,2,derivative,1
d5d524f4-df4f-4ced-838d-14d0d87bc2a0,1,near_synonym,1
d5d524f4-df4f-4ced-838d-14d0d87bc2a0,2,derivative,1
7f905ca0-a747-4e3c-ac97-eaa739ebc53d,1,near_synonym,1
7f905ca0-a747-4e3c-ac97-eaa739ebc53d,2,derivative,1
2490a401-bb98-4d24-a2af-ec6501b1938c,1,near_synonym,1
2490a401-bb98-4d24-a2af-ec6501b1938c,2,derivative,1
d41eae54-d5b9-4776-986b-9e339c92bc64,1,near_synonym,1
d41eae54-d5b9-4776-986b-9e339c92bc64,2,derivative,1
f7cf9306-28d0-400a-a07d-2342c868cf6d,1,near_synonym,1
f7cf9306-28d0-400a-a07d-2342c868cf6d,2,derivative,1
f69727cf-5ad7-40a3-a0f9-4845326eac20,1,near_synonym,1
f69727cf-5ad7-40a3-a0f9-4845326eac20,2,derivative,1
0ec3608c-41df-4e3f-9e9f-f708bf618aaa,1,near_synonym,1
0ec3608c-41df-4e3f-9e9f-f708bf618aaa,2,derivative,1
b4a77078-6b46-4ef3-9141-b1d0a660437d,1,near_synonym,1
b4a77078-6b46-4ef3-9141-b1d0a660437d,2,derivative,1
f5633bda-6220-4195-aa0c-a1bb62f15fec,1,derivative,2
e35ac198-944c-48fc-99ce-53b36c1918a8,1,near_synonym,2
3dc2b66e-36e8-482c-8c20-41e3a4d9baf3,1,derivative,1
0e1c915e-8dfb-4812-bd2a-ceddd1feaa01,1,near_synonym,1
0e1c915e-8dfb-4812-bd2a-ceddd1feaa01,2,derivative,1
c71a1ed4-a8c0-456a-a910-57cdc8783b43,1,near_synonym,1
e2f839ba-74d8-4fa7-b753-87666f2e9f11,1,near_synonym,1
e2f839ba-74d8-4fa7-b753-87666f2e9f11,2,derivative,1
70a93bb3-f794-44b8-bb76-7fd824a0094b,1,near_synonym,1
70a93bb3-f794-44b8-bb76-7fd824a0094b,2,derivative,1
e1a483b4-1483-4301-99a7-47fdf029f55c,1,near_synonym,2
0698af3a-8ded-4f89-a3ec-d67c8e43eff6,1,near_synonym,1
985a1fb3-9a00-4e0c-a97e-1529b9068be1,1,near_synonym,1
985a1fb3-9a00-4e0c-a97e-1529b9068be1,2,derivative,1
e36befd7-9f14-4de8-b513-47ea7ce3f53c,1,derivative,1
815cf99a-dea5-4f54-bd44-b397ecfc40d7,1,derivative,1
55c28267-003e-409d-a2d7-88c0695b0bd2,1,near_synonym,1
55c28267-003e-409d-a2d7-88c0695b0bd2,2,derivative,1
7f949096-cee8-4fa1-8be4-3ea8631b66c5,1,derivative,1
f296a1e6-ba94-46c4-a0f1-fd852985118e,1,near_synonym,1
f296a1e6-ba94-46c4-a0f1-fd852985118e,2,derivative,1
fc0760a3-bb75-4967-9dbf-e946e4b0dd84,1,near_synonym,1
fc0760a3-bb75-4967-9dbf-e946e4b0dd84,2,derivative,1
a31083ce-d7c1-434b-83ff-39ff236760e6,1,derivative,2
76ca0bd8-0121-4154-b3c5-dfac6e41425b,1,near_synonym,1
76ca0bd8-0121-4154-b3c5-dfac6e41425b,2,derivative,1
f4278050-3f56-446a-bdab-97cec0e2ee4c,1,derivative,1
f7085a8d-68a7-467a-bb75-63c307819a87,1,near_synonym,1
f7085a8d-68a7-467a-bb75-63c307819a87,2,derivative,1
37344f44-6b79-4457-8d7f-d77c0eb96e1b,1,near_synonym,1
37344f44-6b79-4457-8d7f-d77c0eb96e1b,2,derivative,1
05195b4d-9c01-47c9-b535-02a6fe2b37f4,1,near_synonym,1
05195b4d-9c01-47c9-b535-02a6fe2b37f4,2,derivative,1
4bc93f20-51b7-406f-b751-713e19bf8545,1,near_synonym,2
72e58e85-03a4-4670-8386-106bf889501b,1,near_synonym,2
36c9a749-f0d3-4cc3-86a5-2f6dc52b8f4e,1,antonym,1
36c9a749-f0d3-4cc3-86a5-2f6dc52b8f4e,2,derivative,1
580591f7-679a-464e-a558-64a93f343641,1,near_synonym,2
c3151d00-c962-47f6-8442-8a3371ff03c8,1,near_synonym,1
f5ca5ab1-1fc4-4760-944e-184ba408fad3,1,near_synonym,1
f5ca5ab1-1fc4-4760-944e-184ba408fad3,2,derivative,1
b398d43c-4e2a-4106-aeae-4dba49f18d1d,1,derivative,1
cea29248-d53c-4c63-bdce-478bda3f1cde,1,derivative,1
2b48eda9-6257-4977-a38e-f120b160e6b0,1,near_synonym,1
2b48eda9-6257-4977-a38e-f120b160e6b0,2,derivative,1
ed1bcd0b-141e-4879-85c1-0118dadd8007,1,near_synonym,1
ed1bcd0b-141e-4879-85c1-0118dadd8007,2,derivative,1
ac90afe3-604e-44df-acd1-1cf30456fefc,1,near_synonym,1
ac90afe3-604e-44df-acd1-1cf30456fefc,2,antonym,1
5f578552-6df1-41fd-8a0a-fd9e488040b8,1,near_synonym,1
5f578552-6df1-41fd-8a0a-fd9e488040b8,2,derivative,1
b6b96503-4af7-4e6f-9815-d6cecd18c5f0,1,near_synonym,1
b6b96503-4af7-4e6f-9815-d6cecd18c5f0,2,derivative,1
b41ce868-3a06-415f-a6cc-cdc2117c0ac7,1,near_synonym,1
b41ce868-3a06-415f-a6cc-cdc2117c0ac7,2,antonym,1
f6013802-aa5f-4904-8ca5-2156b41b9814,1,near_synonym,1
f6013802-aa5f-4904-8ca5-2156b41b9814,2,derivative,1
7202ddc7-31f1-483e-a2d1-352d2424dad7,1,near_synonym,1
7202ddc7-31f1-483e-a2d1-352d2424dad7,2,derivative,1
194fc0ef-7caa-431f-b9dc-007b84c0c70c,1,near_synonym,2
c946d3e8-c018-4139-90de-cf44bb05ce55,1,near_synonym,1
c946d3e8-c018-4139-90de-cf44bb05ce55,2,antonym,1
efe88ee1-d338-4ea4-93d8-bb19b490a8ca,1,near_synonym,2
d2dbe77d-c518-4910-9651-fcb5d8c50d7a,1,near_synonym,1
d2dbe77d-c518-4910-9651-fcb5d8c50d7a,2,derivative,1
2d1746dd-ae68-432a-85e1-a609af5addff,1,near_synonym,1
2d1746dd-ae68-432a-85e1-a609af5addff,2,derivative,1
26ed1f99-fab1-4d5d-b6ff-da366cd4e10d,1,near_synonym,1
f4da9a2a-7574-4b85-a364-7f3052f51c95,1,derivative,2
a69764ca-e232-43d4-868b-e8f14f34dd5d,1,near_synonym,1
a69764ca-e232-43d4-868b-e8f14f34dd5d,2,derivative,1
9ed3b149-69a9-4046-a0ae-61db3e2c55ee,1,near_synonym,1
9ed3b149-69a9-4046-a0ae-61db3e2c55ee,2,derivative,1
18d72fd4-28c4-4911-bd84-b2709a416362,1,derivative,1
2cbae321-fa04-4edd-bb9c-35289abdb534,1,near_synonym,1
2cbae321-fa04-4edd-bb9c-35289abdb534,2,antonym,1
7740bfeb-d9ac-49c9-9724-8258bad21649,1,near_synonym,2
03a95fc4-fdb4-459d-8b63-e662ecff8fbf,1,near_synonym,2
7892661a-d011-4c68-8f47-d67feb2da9e7,1,near_synonym,1
94f40d06-d252-4e24-9716-e94b7e0a50f6,1,near_synonym,1
94f40d06-d252-4e24-9716-e94b7e0a50f6,2,derivative,1
