word_id,root_id,link_index,target_identifier,target_type,target_id
e29ff563-e1d4-4323-85bb-af6c38dd8ccc,313fe2aa-9acf-4e44-b215-3d94eac8de99,1,a-,prefix,eb2dab21-d31e-4dbd-bb90-255c046203a6
e29ff563-e1d4-4323-85bb-af6c38dd8ccc,313fe2aa-9acf-4e44-b215-3d94eac8de99,2,ab-,prefix,1e4ea41c-ee64-4bce-aed5-5ba7b9bcccff
e29ff563-e1d4-4323-85bb-af6c38dd8ccc,313fe2aa-9acf-4e44-b215-3d94eac8de99,3,ac-,prefix,313fe2aa-9acf-4e44-b215-3d94eac8de99
e29ff563-e1d4-4323-85bb-af6c38dd8ccc,313fe2aa-9acf-4e44-b215-3d94eac8de99,4,ad-,prefix,01e572b5-9046-4ae6-82df-91bb22b151d2
e29ff563-e1d4-4323-85bb-af6c38dd8ccc,313fe2aa-9acf-4e44-b215-3d94eac8de99,5,ap-,prefix,3015fc76-f4ec-4a6a-bc69-218e873a44f1
e29ff563-e1d4-4323-85bb-af6c38dd8ccc,313fe2aa-9acf-4e44-b215-3d94eac8de99,6,as-,prefix,eb377bec-24c3-4c39-84d6-2c688a20059a
e29ff563-e1d4-4323-85bb-af6c38dd8ccc,313fe2aa-9acf-4e44-b215-3d94eac8de99,7,at-,prefix,e63cdbbb-8bfb-442b-b49a-bd01c7f68aff
91419fea-861e-4ab8-aae0-19725782dfe8,313fe2aa-9acf-4e44-b215-3d94eac8de99,1,a-,prefix,eb2dab21-d31e-4dbd-bb90-255c046203a6
91419fea-861e-4ab8-aae0-19725782dfe8,313fe2aa-9acf-4e44-b215-3d94eac8de99,2,ab-,prefix,1e4ea41c-ee64-4bce-aed5-5ba7b9bcccff
91419fea-861e-4ab8-aae0-19725782dfe8,313fe2aa-9acf-4e44-b215-3d94eac8de99,3,ac-,prefix,313fe2aa-9acf-4e44-b215-3d94eac8de99
91419fea-861e-4ab8-aae0-19725782dfe8,313fe2aa-9acf-4e44-b215-3d94eac8de99,4,ad-,prefix,01e572b5-9046-4ae6-82df-91bb22b151d2
91419fea-861e-4ab8-aae0-19725782dfe8,313fe2aa-9acf-4e44-b215-3d94eac8de99,5,ap-,prefix,3015fc76-f4ec-4a6a-bc69-218e873a44f1
91419fea-861e-4ab8-aae0-19725782dfe8,313fe2aa-9acf-4e44-b215-3d94eac8de99,6,as-,prefix,eb377bec-24c3-4c39-84d6-2c688a20059a
91419fea-861e-4ab8-aae0-19725782dfe8,313fe2aa-9acf-4e44-b215-3d94eac8de99,7,at-,prefix,e63cdbbb-8bfb-442b-b49a-bd01c7f68aff
3d7384f0-021f-425e-97cb-4eeb4a0eaeb2,2fe3292c-d5ba-43a0-858f-3fc9ce5afeae,1,fac,root,466f5a5c-cb68-45f0-8516-71ae148bc3a9
3d2cb9a3-0b11-4c3e-a0b9-8ad72732ab25,72aab5e1-3606-4acb-b780-6ff6bc70dffb,1,it,word,b53c2e40-e251-43a1-90b3-1d0a5f9f9dff
149a3e48-c4aa-4e05-8b47-4a0c107b4888,4bb11e5f-13e5-4188-8ca3-ee99300020f4,1,know,word,c719a600-5928-4bf7-bdf6-fde64f9b3177
6ccd24f7-ab9a-4722-911f-583315e1071a,4bb11e5f-13e5-4188-8ca3-ee99300020f4,1,know,word,c719a600-5928-4bf7-bdf6-fde64f9b3177
5bde7089-ec23-447e-9c99-0afd1c68a366,b5f8b60c-3a72-42b7-b3d5-883ac24cbdb4,1,is,word,01153fb1-72e5-475f-b7ac-fd2ece01e98e
b04b2bfd-c811-4daf-975f-2558361f4aac,de761270-a58d-4822-8a24-110b2521fb24,1,in,word,84b42a02-b972-4109-ac42-7d04746f07c8
226e03a3-dcd5-4f9d-ae27-b04fc5517ab2,59011590-c7ce-446a-bdff-06ab88384fec,1,is,word,01153fb1-72e5-475f-b7ac-fd2ece01e98e
226e03a3-dcd5-4f9d-ae27-b04fc5517ab2,59011590-c7ce-446a-bdff-06ab88384fec,2,in,word,84b42a02-b972-4109-ac42-7d04746f07c8
226e03a3-dcd5-4f9d-ae27-b04fc5517ab2,6cecbab1-06a0-4e87-863c-6740fd358a79,1,act,word,f6c6ec73-4848-4690-a4b6-c7be1e84aa13
f992f7ec-dad8-4ef6-9310-fb48bf3c3735,98e6651d-8b5e-462a-adb2-dc5da6edb65c,1,come,word,bed2da61-da50-4e6e-ad60-0caa543d62a8
e6ada86c-cdcf-4b63-bbeb-093b0ca9f2ce,98e6651d-8b5e-462a-adb2-dc5da6edb65c,1,come,word,bed2da61-da50-4e6e-ad60-0caa543d62a8
e6ada86c-cdcf-4b63-bbeb-093b0ca9f2ce,37d4058c-9ffb-4ba2-add5-2bf644bee218,1,some,word,cccf88a2-d27d-48db-ac17-e7864b9e5bd2
f4ba8625-46be-47f9-ba0c-db387f938c67,98e6651d-8b5e-462a-adb2-dc5da6edb65c,1,come,word,bed2da61-da50-4e6e-ad60-0caa543d62a8
f4ba8625-46be-47f9-ba0c-db387f938c67,37d4058c-9ffb-4ba2-add5-2bf644bee218,1,some,word,cccf88a2-d27d-48db-ac17-e7864b9e5bd2
1931e56d-5daf-4fe8-837b-c1330df9b4c3,d58c2747-b732-4063-80d0-cf4f43093010,1,-s,suffix,fa6eab22-d8bc-49ff-bf8f-f19761221b14
68ab6915-216f-4cb9-ac5b-f4770ae7bebd,98e6651d-8b5e-462a-adb2-dc5da6edb65c,1,come,word,bed2da61-da50-4e6e-ad60-0caa543d62a8
68ab6915-216f-4cb9-ac5b-f4770ae7bebd,20d49c96-4f6a-40da-9d63-0e88727c611b,1,see,word,e7c93797-0833-40e6-b0db-eff1df71c656
bf24a206-d6b8-4b58-bd08-aee22a3d5808,ac7523d6-9e5f-4cff-bd04-0e001ef21a7a,1,trans-,prefix,c382c29f-affc-416a-8882-078f7af11696
e560a365-f384-48ea-bb0e-16f83cb10387,de761270-a58d-4822-8a24-110b2521fb24,1,in,word,84b42a02-b972-4109-ac42-7d04746f07c8
e560a365-f384-48ea-bb0e-16f83cb10387,65331aac-4aba-4298-b3a0-3734e80f0c39,1,en-,prefix,de761270-a58d-4822-8a24-110b2521fb24
09de9eb6-5bde-44b4-81c1-5145759489af,c51a8e11-69c9-4469-b362-65f433a0d955,1,come,word,bed2da61-da50-4e6e-ad60-0caa543d62a8
8f4dafed-ccc8-417e-adec-bc10c39d86ec,d45616c9-cc3f-4c5e-8516-6bec74b7ed38,1,come,word,bed2da61-da50-4e6e-ad60-0caa543d62a8
318796cf-b684-4a58-b945-2ddcc5609c55,eb2dab21-d31e-4dbd-bb90-255c046203a6,1,on,word,3090e71f-ead1-49e6-8ef2-520fb888aaf2
318796cf-b684-4a58-b945-2ddcc5609c55,634a504b-5b9d-4b60-9e70-be335a2110a8,1,great,word,54eb13d2-581c-4fcc-bb20-3ee00fbe0a21
b0805971-d99c-41de-bb21-9d9ff49693a4,c51a8e11-69c9-4469-b362-65f433a0d955,1,come,word,bed2da61-da50-4e6e-ad60-0caa543d62a8
b0805971-d99c-41de-bb21-9d9ff49693a4,4f6356c3-9b65-44e6-864e-d919e856f8b7,1,man,word,4b5ad6eb-4874-49e1-88ba-adc244daec95
443c4f81-060e-4551-aaac-16368efcbc88,4f6356c3-9b65-44e6-864e-d919e856f8b7,1,man,word,4b5ad6eb-4874-49e1-88ba-adc244daec95
f511b2e0-e72d-4b5e-b9e3-202ed9d46351,b59fb64a-6110-4b69-84e0-f9a00b678191,1,man,word,4b5ad6eb-4874-49e1-88ba-adc244daec95
79b31af7-b49f-42d9-b595-8a463d7a022c,26730eeb-c56e-454d-b9d3-720841ded030,1,no,word,1e07c7e4-8b6f-43c3-9c7a-9916d745441f
04e2c888-2ea9-4b54-98ac-abdb9c754bff,e9081b64-24c5-45e6-ab9e-64161a4b9d55,1,in,word,84b42a02-b972-4109-ac42-7d04746f07c8
e2e76bc6-ac70-4680-a68e-64a85d9e5b50,e597496b-86a4-4c51-acd9-180233971432,1,man,word,4b5ad6eb-4874-49e1-88ba-adc244daec95
e2e76bc6-ac70-4680-a68e-64a85d9e5b50,e597496b-86a4-4c51-acd9-180233971432,2,many,word,19ea1058-f166-434c-b2b8-c5cfe3a3680b
3c1f093c-3bca-4b0d-bec1-684e50dbe669,e9081b64-24c5-45e6-ab9e-64161a4b9d55,1,in,word,84b42a02-b972-4109-ac42-7d04746f07c8
266f87e2-2d93-4ad2-a791-db3db12a0b98,c51a8e11-69c9-4469-b362-65f433a0d955,1,come,word,bed2da61-da50-4e6e-ad60-0caa543d62a8
664ad8e8-765c-4906-bffe-67c49bc501d0,c51a8e11-69c9-4469-b362-65f433a0d955,1,come,word,bed2da61-da50-4e6e-ad60-0caa543d62a8
7219d316-4469-4b1a-bfcd-168b46cb8db9,dfd013a4-97a0-442d-85b7-d8f6c7abc40e,1,can,word,1a7fd486-6f5a-4d29-a48e-f09d1ec280aa
24c369d5-b60f-4de3-a957-094cd8a0e455,313fe2aa-9acf-4e44-b215-3d94eac8de99,1,a-,prefix,eb2dab21-d31e-4dbd-bb90-255c046203a6
24c369d5-b60f-4de3-a957-094cd8a0e455,313fe2aa-9acf-4e44-b215-3d94eac8de99,2,ab-,prefix,1e4ea41c-ee64-4bce-aed5-5ba7b9bcccff
24c369d5-b60f-4de3-a957-094cd8a0e455,313fe2aa-9acf-4e44-b215-3d94eac8de99,3,ac-,prefix,313fe2aa-9acf-4e44-b215-3d94eac8de99
24c369d5-b60f-4de3-a957-094cd8a0e455,313fe2aa-9acf-4e44-b215-3d94eac8de99,4,ad-,prefix,01e572b5-9046-4ae6-82df-91bb22b151d2
24c369d5-b60f-4de3-a957-094cd8a0e455,313fe2aa-9acf-4e44-b215-3d94eac8de99,5,ap-,prefix,3015fc76-f4ec-4a6a-bc69-218e873a44f1
24c369d5-b60f-4de3-a957-094cd8a0e455,313fe2aa-9acf-4e44-b215-3d94eac8de99,6,as-,prefix,eb377bec-24c3-4c39-84d6-2c688a20059a
24c369d5-b60f-4de3-a957-094cd8a0e455,313fe2aa-9acf-4e44-b215-3d94eac8de99,7,at-,prefix,e63cdbbb-8bfb-442b-b49a-bd01c7f68aff
24c369d5-b60f-4de3-a957-094cd8a0e455,dfd013a4-97a0-442d-85b7-d8f6c7abc40e,1,can,word,1a7fd486-6f5a-4d29-a48e-f09d1ec280aa
4778cd3f-bc4f-4132-9328-d25bf386abdf,ac7523d6-9e5f-4cff-bd04-0e001ef21a7a,1,trans-,prefix,c382c29f-affc-416a-8882-078f7af11696
fc4070f8-bf57-4626-aea1-1cb127778a1c,ac7523d6-9e5f-4cff-bd04-0e001ef21a7a,1,trans-,prefix,c382c29f-affc-416a-8882-078f7af11696
7eee6b38-273d-4f6a-8ca1-1135a5c0f9bf,775ddff0-40ce-4374-a7e4-30edb50f338b,1,at,word,9c2f1b32-39ad-4c43-8c8d-ae84d4272e3b
7eee6b38-273d-4f6a-8ca1-1135a5c0f9bf,775ddff0-40ce-4374-a7e4-30edb50f338b,2,a-,prefix,eb2dab21-d31e-4dbd-bb90-255c046203a6
7eee6b38-273d-4f6a-8ca1-1135a5c0f9bf,775ddff0-40ce-4374-a7e4-30edb50f338b,3,ar-,prefix,775ddff0-40ce-4374-a7e4-30edb50f338b
7eee6b38-273d-4f6a-8ca1-1135a5c0f9bf,775ddff0-40ce-4374-a7e4-30edb50f338b,4,ab-,prefix,1e4ea41c-ee64-4bce-aed5-5ba7b9bcccff
7eee6b38-273d-4f6a-8ca1-1135a5c0f9bf,775ddff0-40ce-4374-a7e4-30edb50f338b,5,ac-,prefix,313fe2aa-9acf-4e44-b215-3d94eac8de99
7eee6b38-273d-4f6a-8ca1-1135a5c0f9bf,775ddff0-40ce-4374-a7e4-30edb50f338b,6,ad-,prefix,01e572b5-9046-4ae6-82df-91bb22b151d2
7eee6b38-273d-4f6a-8ca1-1135a5c0f9bf,775ddff0-40ce-4374-a7e4-30edb50f338b,7,ap-,prefix,3015fc76-f4ec-4a6a-bc69-218e873a44f1
7eee6b38-273d-4f6a-8ca1-1135a5c0f9bf,775ddff0-40ce-4374-a7e4-30edb50f338b,8,as-,prefix,eb377bec-24c3-4c39-84d6-2c688a20059a
7eee6b38-273d-4f6a-8ca1-1135a5c0f9bf,775ddff0-40ce-4374-a7e4-30edb50f338b,9,at-,prefix,e63cdbbb-8bfb-442b-b49a-bd01c7f68aff
7eee6b38-273d-4f6a-8ca1-1135a5c0f9bf,4d5312ac-272b-4281-adff-4094b8832611,1,ar-,prefix,775ddff0-40ce-4374-a7e4-30edb50f338b
20321abf-6c52-4f20-b584-665077cb0581,4d5312ac-272b-4281-adff-4094b8832611,1,ar-,prefix,775ddff0-40ce-4374-a7e4-30edb50f338b
3e02e135-28cd-4d89-8216-dd4fad2cafb2,313fe2aa-9acf-4e44-b215-3d94eac8de99,1,a-,prefix,eb2dab21-d31e-4dbd-bb90-255c046203a6
3e02e135-28cd-4d89-8216-dd4fad2cafb2,313fe2aa-9acf-4e44-b215-3d94eac8de99,2,ab-,prefix,1e4ea41c-ee64-4bce-aed5-5ba7b9bcccff
3e02e135-28cd-4d89-8216-dd4fad2cafb2,313fe2aa-9acf-4e44-b215-3d94eac8de99,3,ac-,prefix,313fe2aa-9acf-4e44-b215-3d94eac8de99
3e02e135-28cd-4d89-8216-dd4fad2cafb2,313fe2aa-9acf-4e44-b215-3d94eac8de99,4,ad-,prefix,01e572b5-9046-4ae6-82df-91bb22b151d2
3e02e135-28cd-4d89-8216-dd4fad2cafb2,313fe2aa-9acf-4e44-b215-3d94eac8de99,5,ap-,prefix,3015fc76-f4ec-4a6a-bc69-218e873a44f1
3e02e135-28cd-4d89-8216-dd4fad2cafb2,313fe2aa-9acf-4e44-b215-3d94eac8de99,6,as-,prefix,eb377bec-24c3-4c39-84d6-2c688a20059a
3e02e135-28cd-4d89-8216-dd4fad2cafb2,313fe2aa-9acf-4e44-b215-3d94eac8de99,7,at-,prefix,e63cdbbb-8bfb-442b-b49a-bd01c7f68aff
3c9140b3-d8c8-4dd7-8c73-7a1d9eb67d48,313fe2aa-9acf-4e44-b215-3d94eac8de99,1,a-,prefix,eb2dab21-d31e-4dbd-bb90-255c046203a6
3c9140b3-d8c8-4dd7-8c73-7a1d9eb67d48,313fe2aa-9acf-4e44-b215-3d94eac8de99,2,ab-,prefix,1e4ea41c-ee64-4bce-aed5-5ba7b9bcccff
3c9140b3-d8c8-4dd7-8c73-7a1d9eb67d48,313fe2aa-9acf-4e44-b215-3d94eac8de99,3,ac-,prefix,313fe2aa-9acf-4e44-b215-3d94eac8de99
3c9140b3-d8c8-4dd7-8c73-7a1d9eb67d48,313fe2aa-9acf-4e44-b215-3d94eac8de99,4,ad-,prefix,01e572b5-9046-4ae6-82df-91bb22b151d2
3c9140b3-d8c8-4dd7-8c73-7a1d9eb67d48,313fe2aa-9acf-4e44-b215-3d94eac8de99,5,ap-,prefix,3015fc76-f4ec-4a6a-bc69-218e873a44f1
3c9140b3-d8c8-4dd7-8c73-7a1d9eb67d48,313fe2aa-9acf-4e44-b215-3d94eac8de99,6,as-,prefix,eb377bec-24c3-4c39-84d6-2c688a20059a
3c9140b3-d8c8-4dd7-8c73-7a1d9eb67d48,313fe2aa-9acf-4e44-b215-3d94eac8de99,7,at-,prefix,e63cdbbb-8bfb-442b-b49a-bd01c7f68aff
f4e3f7a0-5902-4ce2-a010-4663b0af6b90,59011590-c7ce-446a-bdff-06ab88384fec,1,is,word,01153fb1-72e5-475f-b7ac-fd2ece01e98e
f4e3f7a0-5902-4ce2-a010-4663b0af6b90,59011590-c7ce-446a-bdff-06ab88384fec,2,in,word,84b42a02-b972-4109-ac42-7d04746f07c8
72cfda17-980d-453b-ada5-7f5f026cc6a1,c51a8e11-69c9-4469-b362-65f433a0d955,1,come,word,bed2da61-da50-4e6e-ad60-0caa543d62a8
0b29638b-5869-4466-8371-597540ff1186,01e572b5-9046-4ae6-82df-91bb22b151d2,1,at,word,9c2f1b32-39ad-4c43-8c8d-ae84d4272e3b
b73da79b-8309-44e7-9f67-92beac400c22,01e572b5-9046-4ae6-82df-91bb22b151d2,1,at,word,9c2f1b32-39ad-4c43-8c8d-ae84d4272e3b
a972c964-a2e4-43ea-b1e9-bfae0c2904ee,eb2dab21-d31e-4dbd-bb90-255c046203a6,1,on,word,3090e71f-ead1-49e6-8ef2-520fb888aaf2
2eb080a9-bc73-46b5-9cbf-5eeb238bd387,eabfcb69-f5cb-4776-9fe5-50322c63ee01,1,come,word,bed2da61-da50-4e6e-ad60-0caa543d62a8
231cfcab-e78e-458f-9f98-c39b82fca0f2,eabfcb69-f5cb-4776-9fe5-50322c63ee01,1,come,word,bed2da61-da50-4e6e-ad60-0caa543d62a8
890ae9d5-f16b-499f-b1a0-f06dfb765f50,98e6651d-8b5e-462a-adb2-dc5da6edb65c,1,come,word,bed2da61-da50-4e6e-ad60-0caa543d62a8
890ae9d5-f16b-499f-b1a0-f06dfb765f50,0cf41484-f807-4ed5-9307-282afeb2680e,1,try,word,c6f34070-157f-4643-b378-36d8ae16dd09
b78a2f42-08dc-4cf4-b97b-d6248a8ffe28,98e6651d-8b5e-462a-adb2-dc5da6edb65c,1,come,word,bed2da61-da50-4e6e-ad60-0caa543d62a8
b78a2f42-08dc-4cf4-b97b-d6248a8ffe28,0cf41484-f807-4ed5-9307-282afeb2680e,1,try,word,c6f34070-157f-4643-b378-36d8ae16dd09
55988bb6-475e-4899-b12f-27e8a6eb2078,98e6651d-8b5e-462a-adb2-dc5da6edb65c,1,come,word,bed2da61-da50-4e6e-ad60-0caa543d62a8
55988bb6-475e-4899-b12f-27e8a6eb2078,0cf41484-f807-4ed5-9307-282afeb2680e,1,try,word,c6f34070-157f-4643-b378-36d8ae16dd09
40860f0a-69d4-4d94-8f4f-55c1657f37aa,98e6651d-8b5e-462a-adb2-dc5da6edb65c,1,come,word,bed2da61-da50-4e6e-ad60-0caa543d62a8
40860f0a-69d4-4d94-8f4f-55c1657f37aa,8d09ac5a-efca-4eca-9d36-a0b623892bf0,1,in,word,84b42a02-b972-4109-ac42-7d04746f07c8
1957183f-5548-4d71-94fa-2cdc6776102e,98e6651d-8b5e-462a-adb2-dc5da6edb65c,1,come,word,bed2da61-da50-4e6e-ad60-0caa543d62a8
1957183f-5548-4d71-94fa-2cdc6776102e,8d09ac5a-efca-4eca-9d36-a0b623892bf0,1,in,word,84b42a02-b972-4109-ac42-7d04746f07c8
0a6a6e76-f01d-4a87-a3a7-5a7cd4baf2f3,adcb3710-4a7c-4db3-bb34-a3f46d9c8946,1,pro-,prefix,40e680cb-32e4-4cff-bb9c-b17989a9fa1a
05947739-2df7-420a-bbb3-329dd51f8cd1,4d33a813-0ef8-4977-817f-6b8ae384ace0,1,re-,prefix,25c9c982-54cc-42c6-8d13-31b6232755b7
be00046f-4666-40fd-b9b5-fae7b353b2d6,4d33a813-0ef8-4977-817f-6b8ae384ace0,1,re-,prefix,25c9c982-54cc-42c6-8d13-31b6232755b7
2e2cbf9d-2e21-4eb5-a751-c5c31dd10e07,92821a39-ec41-44f4-843c-3c5f16bfca62,1,man,word,4b5ad6eb-4874-49e1-88ba-adc244daec95
bbaa98ad-99b6-464a-b30d-184ed476130f,92821a39-ec41-44f4-843c-3c5f16bfca62,1,man,word,4b5ad6eb-4874-49e1-88ba-adc244daec95
d57613e6-e0c7-4fbf-9e74-ee008ce4d627,92821a39-ec41-44f4-843c-3c5f16bfca62,1,man,word,4b5ad6eb-4874-49e1-88ba-adc244daec95
15cdb56c-6848-4571-8723-be473b219dfd,92821a39-ec41-44f4-843c-3c5f16bfca62,1,man,word,4b5ad6eb-4874-49e1-88ba-adc244daec95
f30b96b7-f915-43ca-88f0-01929a0c0afb,e9081b64-24c5-45e6-ab9e-64161a4b9d55,1,in,word,84b42a02-b972-4109-ac42-7d04746f07c8
6b98469f-1de7-4839-8a4e-068efdf255ba,e9081b64-24c5-45e6-ab9e-64161a4b9d55,1,in,word,84b42a02-b972-4109-ac42-7d04746f07c8
cecd313e-b2cb-4a52-ae5f-718063c44d2d,e9081b64-24c5-45e6-ab9e-64161a4b9d55,1,in,word,84b42a02-b972-4109-ac42-7d04746f07c8
e716187e-c3be-4f6d-ac7b-7dc0b2d15d9e,e9081b64-24c5-45e6-ab9e-64161a4b9d55,1,in,word,84b42a02-b972-4109-ac42-7d04746f07c8
0ffd8012-9ddf-43bc-9bca-eefa7c2bff3f,a14b5b17-159f-4ecb-9145-0aad6a0ccc48,1,have,word,1caf16a2-bdea-4704-b119-50af402b3b77
34ce42d7-a655-4d7b-9b76-abe62712d620,a14b5b17-159f-4ecb-9145-0aad6a0ccc48,1,have,word,1caf16a2-bdea-4704-b119-50af402b3b77
2f275fb6-1560-47e5-a87c-4ea1571d63bc,a14b5b17-159f-4ecb-9145-0aad6a0ccc48,1,have,word,1caf16a2-bdea-4704-b119-50af402b3b77
9ce1db83-5de1-4c0b-9753-bed99a4351f2,de761270-a58d-4822-8a24-110b2521fb24,1,in,word,84b42a02-b972-4109-ac42-7d04746f07c8
d6468400-fceb-4bb4-b7cf-a64d800da7b2,de761270-a58d-4822-8a24-110b2521fb24,1,in,word,84b42a02-b972-4109-ac42-7d04746f07c8
808f1290-285b-4405-9605-8c0d32506f26,e63cdbbb-8bfb-442b-b49a-bd01c7f68aff,1,at,word,9c2f1b32-39ad-4c43-8c8d-ae84d4272e3b
808f1290-285b-4405-9605-8c0d32506f26,d4a5dc4c-daa6-4258-b4f3-4b4e9a43bba7,1,act,word,f6c6ec73-4848-4690-a4b6-c7be1e84aa13
2d72bc0a-1e50-41e4-b458-e8e152d3d8c4,e63cdbbb-8bfb-442b-b49a-bd01c7f68aff,1,at,word,9c2f1b32-39ad-4c43-8c8d-ae84d4272e3b
2d72bc0a-1e50-41e4-b458-e8e152d3d8c4,d4a5dc4c-daa6-4258-b4f3-4b4e9a43bba7,1,act,word,f6c6ec73-4848-4690-a4b6-c7be1e84aa13
09370f89-9e0c-48ef-9876-8790e5f1d145,2c8f7c44-05fb-4ed7-a577-e8d22d2ef756,1,come,word,bed2da61-da50-4e6e-ad60-0caa543d62a8
f7eb273f-bb07-48c0-a062-a6160ef50d8f,de761270-a58d-4822-8a24-110b2521fb24,1,in,word,84b42a02-b972-4109-ac42-7d04746f07c8
bf295b30-140d-4792-9a6e-b274081b35b9,de761270-a58d-4822-8a24-110b2521fb24,1,in,word,84b42a02-b972-4109-ac42-7d04746f07c8
51506c5e-1407-4287-90d9-83b953a2571a,0815771c-a879-4c7e-b9b2-425daadb9957,1,ob-,prefix,b9a3b672-0067-42ec-a917-dc17338523a0
51506c5e-1407-4287-90d9-83b953a2571a,0815771c-a879-4c7e-b9b2-425daadb9957,2,op-,prefix,07e6b6fd-3e6e-42be-9cfe-11dcadb01cd9
51506c5e-1407-4287-90d9-83b953a2571a,0815771c-a879-4c7e-b9b2-425daadb9957,3,of-,prefix,366a998f-d20b-48c1-97c8-cf723bf4766e
51506c5e-1407-4287-90d9-83b953a2571a,0815771c-a879-4c7e-b9b2-425daadb9957,4,oc-,prefix,0815771c-a879-4c7e-b9b2-425daadb9957
51506c5e-1407-4287-90d9-83b953a2571a,e2886367-ddff-431b-895d-7f71b5981411,1,care,word,69493fae-4e11-41e4-a525-c15f83022370
dd7df190-f0c2-459e-b58e-5741db00cd88,0815771c-a879-4c7e-b9b2-425daadb9957,1,ob-,prefix,b9a3b672-0067-42ec-a917-dc17338523a0
dd7df190-f0c2-459e-b58e-5741db00cd88,0815771c-a879-4c7e-b9b2-425daadb9957,2,op-,prefix,07e6b6fd-3e6e-42be-9cfe-11dcadb01cd9
dd7df190-f0c2-459e-b58e-5741db00cd88,0815771c-a879-4c7e-b9b2-425daadb9957,3,of-,prefix,366a998f-d20b-48c1-97c8-cf723bf4766e
dd7df190-f0c2-459e-b58e-5741db00cd88,0815771c-a879-4c7e-b9b2-425daadb9957,4,oc-,prefix,0815771c-a879-4c7e-b9b2-425daadb9957
dd7df190-f0c2-459e-b58e-5741db00cd88,e2886367-ddff-431b-895d-7f71b5981411,1,care,word,69493fae-4e11-41e4-a525-c15f83022370
00a62e6f-48f3-4ac1-80c9-ec016c8047bd,e2886367-ddff-431b-895d-7f71b5981411,1,care,word,69493fae-4e11-41e4-a525-c15f83022370
594e513c-9ada-4313-9b93-a5a30881358e,3015fc76-f4ec-4a6a-bc69-218e873a44f1,1,at,word,9c2f1b32-39ad-4c43-8c8d-ae84d4272e3b
7590780b-589b-4d38-ae33-6a865d323a88,eb2dab21-d31e-4dbd-bb90-255c046203a6,1,on,word,3090e71f-ead1-49e6-8ef2-520fb888aaf2
484b6394-33fc-436b-a02c-cbae0f1d07f9,eb2dab21-d31e-4dbd-bb90-255c046203a6,1,on,word,3090e71f-ead1-49e6-8ef2-520fb888aaf2
261ea176-4c72-4810-90cf-01d5d1b2b489,56cb30c8-f901-46e0-8f12-1a953cca2c90,1,long,word,46dfd8f8-98ef-42a8-95e9-5793efa28d03
f1a61c01-3c8f-4824-808f-676d248667df,56cb30c8-f901-46e0-8f12-1a953cca2c90,1,long,word,46dfd8f8-98ef-42a8-95e9-5793efa28d03
e264128c-5fa4-4a89-9331-f31b922ab80a,56cb30c8-f901-46e0-8f12-1a953cca2c90,1,long,word,46dfd8f8-98ef-42a8-95e9-5793efa28d03
d3b66353-15ea-42f8-8d2f-eb50c77ac846,56cb30c8-f901-46e0-8f12-1a953cca2c90,1,long,word,46dfd8f8-98ef-42a8-95e9-5793efa28d03
bee11f4c-f1fb-4fcc-b02d-45f1054e161d,ae5522fc-65cf-47b7-9577-4e782649516d,1,in,word,84b42a02-b972-4109-ac42-7d04746f07c8
a807c19e-43fd-4676-ad8b-83e2478e8c0c,ae5522fc-65cf-47b7-9577-4e782649516d,1,in,word,84b42a02-b972-4109-ac42-7d04746f07c8
04e1b368-45bf-4a9f-9b53-383cf384a1bc,ae5522fc-65cf-47b7-9577-4e782649516d,1,in,word,84b42a02-b972-4109-ac42-7d04746f07c8
c75130a0-be0c-4de2-914e-578688acac54,ae5522fc-65cf-47b7-9577-4e782649516d,1,in,word,84b42a02-b972-4109-ac42-7d04746f07c8
7877c61c-ab13-487b-951b-c180dbe28f33,ae5522fc-65cf-47b7-9577-4e782649516d,1,in,word,84b42a02-b972-4109-ac42-7d04746f07c8
537de570-c015-4531-b3b7-64735689ba48,ae5522fc-65cf-47b7-9577-4e782649516d,1,in,word,84b42a02-b972-4109-ac42-7d04746f07c8
9308f18c-4dd9-48c4-8e43-c42da1eae96b,ae5522fc-65cf-47b7-9577-4e782649516d,1,in,word,84b42a02-b972-4109-ac42-7d04746f07c8
8077083d-ceb6-40d1-802d-0682b2cf436d,ae5522fc-65cf-47b7-9577-4e782649516d,1,in,word,84b42a02-b972-4109-ac42-7d04746f07c8
a25e6655-4c35-4e5b-8e58-1baadef2ff7c,ae5522fc-65cf-47b7-9577-4e782649516d,1,in,word,84b42a02-b972-4109-ac42-7d04746f07c8
4ee1cc0b-ee4a-4f1d-9ba0-89c8d784cc42,479f9519-481b-4bbb-900d-ea71fa29eba6,1,ex-,prefix,0e1e4834-1d6f-4546-8d73-edafa036bb02
71eff7d9-cf4d-4e8f-9c00-c2fb9c388ddc,479f9519-481b-4bbb-900d-ea71fa29eba6,1,ex-,prefix,0e1e4834-1d6f-4546-8d73-edafa036bb02
7a014ba6-d468-4a1e-8e73-f45d493c0c24,01f49513-202d-4971-8288-69133087830a,1,let,word,524f3f07-5c8a-4cdf-ac82-2ea1d7e78a01
0e62b486-7689-4263-90e0-bbcdfaeb27b7,01f49513-202d-4971-8288-69133087830a,1,let,word,524f3f07-5c8a-4cdf-ac82-2ea1d7e78a01
0e62b486-7689-4263-90e0-bbcdfaeb27b7,016c4dff-89e4-40e7-bf8c-4e2520e5699c,1,leg,word,f92139d7-f0ff-4112-8a18-cd2ae9a68f55
0e62b486-7689-4263-90e0-bbcdfaeb27b7,016c4dff-89e4-40e7-bf8c-4e2520e5699c,2,-t,suffix,902260c2-0a41-46d9-8130-90955ee5437e
00ca2ad7-53c1-4618-baa5-9e99fa01bb8f,016c4dff-89e4-40e7-bf8c-4e2520e5699c,1,leg,word,f92139d7-f0ff-4112-8a18-cd2ae9a68f55
00ca2ad7-53c1-4618-baa5-9e99fa01bb8f,016c4dff-89e4-40e7-bf8c-4e2520e5699c,2,-t,suffix,902260c2-0a41-46d9-8130-90955ee5437e
4b2274d4-06c1-4ac6-bc65-40ec46f5b99c,016c4dff-89e4-40e7-bf8c-4e2520e5699c,1,leg,word,f92139d7-f0ff-4112-8a18-cd2ae9a68f55
4b2274d4-06c1-4ac6-bc65-40ec46f5b99c,016c4dff-89e4-40e7-bf8c-4e2520e5699c,2,-t,suffix,902260c2-0a41-46d9-8130-90955ee5437e
0ea1668c-63f9-46b8-9b9a-7d3035ea177d,907b89ca-d786-43a8-8132-fbd6d1d7a3ad,1,pen,word,a78fd673-7cbb-42b2-b05c-653517f4925d
4f676617-1ee6-40ba-9539-79afae65939e,df9680aa-6e82-44b9-8951-41ec916473cd,1,pen,word,a78fd673-7cbb-42b2-b05c-653517f4925d
4f676617-1ee6-40ba-9539-79afae65939e,df9680aa-6e82-44b9-8951-41ec916473cd,2,pend,root,907b89ca-d786-43a8-8132-fbd6d1d7a3ad
9348f902-84e0-4e87-9e9e-9d1a4b0b5c62,e9081b64-24c5-45e6-ab9e-64161a4b9d55,1,in,word,84b42a02-b972-4109-ac42-7d04746f07c8
9348f902-84e0-4e87-9e9e-9d1a4b0b5c62,df9680aa-6e82-44b9-8951-41ec916473cd,1,pen,word,a78fd673-7cbb-42b2-b05c-653517f4925d
9348f902-84e0-4e87-9e9e-9d1a4b0b5c62,df9680aa-6e82-44b9-8951-41ec916473cd,2,pend,root,907b89ca-d786-43a8-8132-fbd6d1d7a3ad
ac3812d4-62d9-4ba8-8e46-644be2fa6c11,df9680aa-6e82-44b9-8951-41ec916473cd,1,pen,word,a78fd673-7cbb-42b2-b05c-653517f4925d
ac3812d4-62d9-4ba8-8e46-644be2fa6c11,df9680aa-6e82-44b9-8951-41ec916473cd,2,pend,root,907b89ca-d786-43a8-8132-fbd6d1d7a3ad
88f473de-73b0-4b50-bfc9-95dda1522808,5512a358-a92c-480a-8450-d8b5bbc0810f,1,very,word,93f7e811-9e09-4433-bdfe-95d3a90d2758
2afa7cc6-68ac-4c5a-93b5-6849f89e2acb,5512a358-a92c-480a-8450-d8b5bbc0810f,1,very,word,93f7e811-9e09-4433-bdfe-95d3a90d2758
2d33e9fa-c949-42a2-882a-31c4e9f79491,da33b764-ffa4-4f4c-ba1f-e58231872833,1,car,word,2d33e9fa-c949-42a2-882a-31c4e9f79491
dd9caabf-812b-4edd-b802-5bdc2692fc91,a5238248-186f-4db9-b7fc-d5811a798a23,1,car,word,2d33e9fa-c949-42a2-882a-31c4e9f79491
b656913b-6585-45f1-9716-7e366f02df2c,a5238248-186f-4db9-b7fc-d5811a798a23,1,car,word,2d33e9fa-c949-42a2-882a-31c4e9f79491
2d0413dc-6afb-47a8-a025-e31a683ca178,a5238248-186f-4db9-b7fc-d5811a798a23,1,car,word,2d33e9fa-c949-42a2-882a-31c4e9f79491
82cf9ae9-56ea-49a6-8946-2f5a8d6078a5,3015fc76-f4ec-4a6a-bc69-218e873a44f1,1,at,word,9c2f1b32-39ad-4c43-8c8d-ae84d4272e3b
82cf9ae9-56ea-49a6-8946-2f5a8d6078a5,304d75ea-29f9-43d3-837f-9fd4c90a7168,1,pro-,prefix,40e680cb-32e4-4cff-bb9c-b17989a9fa1a
969d634f-3265-481b-9bcc-a9374b65c73e,3015fc76-f4ec-4a6a-bc69-218e873a44f1,1,at,word,9c2f1b32-39ad-4c43-8c8d-ae84d4272e3b
969d634f-3265-481b-9bcc-a9374b65c73e,304d75ea-29f9-43d3-837f-9fd4c90a7168,1,pro-,prefix,40e680cb-32e4-4cff-bb9c-b17989a9fa1a
355f7f24-f581-441d-a752-dda4fa80d78c,98e6651d-8b5e-462a-adb2-dc5da6edb65c,1,come,word,bed2da61-da50-4e6e-ad60-0caa543d62a8
6f54ce00-ed1c-4c50-8361-e699e96af5cc,98e6651d-8b5e-462a-adb2-dc5da6edb65c,1,come,word,bed2da61-da50-4e6e-ad60-0caa543d62a8
6dc070b7-43df-4c10-a302-fb25d8a643ea,e63cdbbb-8bfb-442b-b49a-bd01c7f68aff,1,at,word,9c2f1b32-39ad-4c43-8c8d-ae84d4272e3b
2f723b38-d3cd-49ab-8451-617030674278,e63cdbbb-8bfb-442b-b49a-bd01c7f68aff,1,at,word,9c2f1b32-39ad-4c43-8c8d-ae84d4272e3b
04036a9d-883e-461f-9411-72270b774cde,98e6651d-8b5e-462a-adb2-dc5da6edb65c,1,come,word,bed2da61-da50-4e6e-ad60-0caa543d62a8
ad7df724-82b1-4fca-8d7d-c9ff1b183367,6b41e25b-c338-42bb-ab60-28e4d9297082,1,re-,prefix,25c9c982-54cc-42c6-8d13-31b6232755b7
cf33c8c7-14f7-427a-a8aa-8d4d52a13992,70aad479-45b9-48e3-99cf-9a1ebfa3b22f,1,re-,prefix,25c9c982-54cc-42c6-8d13-31b6232755b7
e3c2dc4a-4465-471a-9a43-f9b3a60d3c22,70aad479-45b9-48e3-99cf-9a1ebfa3b22f,1,re-,prefix,25c9c982-54cc-42c6-8d13-31b6232755b7
c0f57f2c-eab1-4e4a-aba6-a6d3c20068b1,01e572b5-9046-4ae6-82df-91bb22b151d2,1,at,word,9c2f1b32-39ad-4c43-8c8d-ae84d4272e3b
8b25657b-db43-4236-9194-95d9f9302836,01e572b5-9046-4ae6-82df-91bb22b151d2,1,at,word,9c2f1b32-39ad-4c43-8c8d-ae84d4272e3b
3a0471ae-c47b-4a2b-92c5-20b66df31e93,e9081b64-24c5-45e6-ab9e-64161a4b9d55,1,in,word,84b42a02-b972-4109-ac42-7d04746f07c8
62c81eeb-f3f2-40d8-936c-75edbf2fd8da,e9081b64-24c5-45e6-ab9e-64161a4b9d55,1,in,word,84b42a02-b972-4109-ac42-7d04746f07c8
5fb0877f-0f53-4f82-8207-298aaeed2f34,e9081b64-24c5-45e6-ab9e-64161a4b9d55,1,in,word,84b42a02-b972-4109-ac42-7d04746f07c8
5fb0877f-0f53-4f82-8207-298aaeed2f34,b221c8b6-9f7f-47d3-9e9a-a55f96c6609d,1,no,word,1e07c7e4-8b6f-43c3-9c7a-9916d745441f
4c9c7221-44b8-4111-8dcb-1f4625dd8285,e9081b64-24c5-45e6-ab9e-64161a4b9d55,1,in,word,84b42a02-b972-4109-ac42-7d04746f07c8
4c9c7221-44b8-4111-8dcb-1f4625dd8285,b221c8b6-9f7f-47d3-9e9a-a55f96c6609d,1,no,word,1e07c7e4-8b6f-43c3-9c7a-9916d745441f
53c8b8b6-70a6-479a-9985-ff6cc9735c4f,654f3e27-34ca-484c-abfb-e6d5f3d9f182,1,see,word,e7c93797-0833-40e6-b0db-eff1df71c656
d89080a3-7a00-4a04-8b66-3dc4fd722e49,2112d064-3373-4a90-aae1-3e2eb83a4f1a,1,sir,word,46e464ed-ffc1-4a12-9de0-773a4f912be6
d89080a3-7a00-4a04-8b66-3dc4fd722e49,2112d064-3373-4a90-aae1-3e2eb83a4f1a,2,see,word,e7c93797-0833-40e6-b0db-eff1df71c656
f1812770-e8eb-49e3-b9d5-85a6242ba497,2112d064-3373-4a90-aae1-3e2eb83a4f1a,1,sir,word,46e464ed-ffc1-4a12-9de0-773a4f912be6
f1812770-e8eb-49e3-b9d5-85a6242ba497,2112d064-3373-4a90-aae1-3e2eb83a4f1a,2,see,word,e7c93797-0833-40e6-b0db-eff1df71c656
d1b0af5c-0980-47bc-b201-d4fe3f068f08,2112d064-3373-4a90-aae1-3e2eb83a4f1a,1,sir,word,46e464ed-ffc1-4a12-9de0-773a4f912be6
d1b0af5c-0980-47bc-b201-d4fe3f068f08,2112d064-3373-4a90-aae1-3e2eb83a4f1a,2,see,word,e7c93797-0833-40e6-b0db-eff1df71c656
e6165985-ca31-450d-861b-8abbe125dc32,98e6651d-8b5e-462a-adb2-dc5da6edb65c,1,come,word,bed2da61-da50-4e6e-ad60-0caa543d62a8
e6165985-ca31-450d-861b-8abbe125dc32,2112d064-3373-4a90-aae1-3e2eb83a4f1a,1,sir,word,46e464ed-ffc1-4a12-9de0-773a4f912be6
e6165985-ca31-450d-861b-8abbe125dc32,2112d064-3373-4a90-aae1-3e2eb83a4f1a,2,see,word,e7c93797-0833-40e6-b0db-eff1df71c656
f6e102b5-faa9-44df-a28c-896ecde92fcb,98e6651d-8b5e-462a-adb2-dc5da6edb65c,1,come,word,bed2da61-da50-4e6e-ad60-0caa543d62a8
f6e102b5-faa9-44df-a28c-896ecde92fcb,2112d064-3373-4a90-aae1-3e2eb83a4f1a,1,sir,word,46e464ed-ffc1-4a12-9de0-773a4f912be6
f6e102b5-faa9-44df-a28c-896ecde92fcb,2112d064-3373-4a90-aae1-3e2eb83a4f1a,2,see,word,e7c93797-0833-40e6-b0db-eff1df71c656
6588206e-38a5-400f-95cf-fd187b6b403f,b9e4e750-bc10-4769-a496-d10ea15bc6fb,1,can,word,1a7fd486-6f5a-4d29-a48e-f09d1ec280aa
7cc6a1b0-42cc-4d44-a16b-cbe7a94fbe1c,b9e4e750-bc10-4769-a496-d10ea15bc6fb,1,can,word,1a7fd486-6f5a-4d29-a48e-f09d1ec280aa
01c44416-3a29-4072-b097-b69018233377,2112d064-3373-4a90-aae1-3e2eb83a4f1a,1,sir,word,46e464ed-ffc1-4a12-9de0-773a4f912be6
01c44416-3a29-4072-b097-b69018233377,2112d064-3373-4a90-aae1-3e2eb83a4f1a,2,see,word,e7c93797-0833-40e6-b0db-eff1df71c656
27928a6a-1e62-4edc-92ef-da0beb7fdd9f,2112d064-3373-4a90-aae1-3e2eb83a4f1a,1,sir,word,46e464ed-ffc1-4a12-9de0-773a4f912be6
27928a6a-1e62-4edc-92ef-da0beb7fdd9f,2112d064-3373-4a90-aae1-3e2eb83a4f1a,2,see,word,e7c93797-0833-40e6-b0db-eff1df71c656
dc6ab888-d7c4-49ec-95ad-b975cc2fbfe2,03f4fab1-c1a9-4274-ad92-c638ad2c095c,1,-t,suffix,902260c2-0a41-46d9-8130-90955ee5437e
4c4b4033-1773-4dc0-a988-e42144008456,03f4fab1-c1a9-4274-ad92-c638ad2c095c,1,-t,suffix,902260c2-0a41-46d9-8130-90955ee5437e
053b527c-20ca-460c-b950-91803c785614,98e6651d-8b5e-462a-adb2-dc5da6edb65c,1,come,word,bed2da61-da50-4e6e-ad60-0caa543d62a8
053b527c-20ca-460c-b950-91803c785614,37d4058c-9ffb-4ba2-add5-2bf644bee218,1,some,word,cccf88a2-d27d-48db-ac17-e7864b9e5bd2
828459cc-a3f4-4e66-9776-b781ea9d3c27,17959050-eee9-4184-9abc-cfd7d70f6360,1,a,word,019cc8a3-84c3-4f77-8e31-1269259d8a5d
828459cc-a3f4-4e66-9776-b781ea9d3c27,17959050-eee9-4184-9abc-cfd7d70f6360,2,-er,suffix,22a3b447-d3cf-4d74-8e34-fadb7d2b0375
fce3703e-a34c-4e47-bafa-5d2e1fdf9364,2308eb5b-21df-45e9-9534-887c12a8dc6d,1,-t,suffix,902260c2-0a41-46d9-8130-90955ee5437e
4ed039ea-542b-48d6-96e4-2d4ff2cac4ce,eb377bec-24c3-4c39-84d6-2c688a20059a,1,at,word,9c2f1b32-39ad-4c43-8c8d-ae84d4272e3b
4ed039ea-542b-48d6-96e4-2d4ff2cac4ce,eb377bec-24c3-4c39-84d6-2c688a20059a,2,a-,prefix,eb2dab21-d31e-4dbd-bb90-255c046203a6
4ed039ea-542b-48d6-96e4-2d4ff2cac4ce,eb377bec-24c3-4c39-84d6-2c688a20059a,3,ab-,prefix,1e4ea41c-ee64-4bce-aed5-5ba7b9bcccff
4ed039ea-542b-48d6-96e4-2d4ff2cac4ce,eb377bec-24c3-4c39-84d6-2c688a20059a,4,ac-,prefix,313fe2aa-9acf-4e44-b215-3d94eac8de99
4ed039ea-542b-48d6-96e4-2d4ff2cac4ce,eb377bec-24c3-4c39-84d6-2c688a20059a,5,ad-,prefix,01e572b5-9046-4ae6-82df-91bb22b151d2
4ed039ea-542b-48d6-96e4-2d4ff2cac4ce,eb377bec-24c3-4c39-84d6-2c688a20059a,6,ap-,prefix,3015fc76-f4ec-4a6a-bc69-218e873a44f1
4ed039ea-542b-48d6-96e4-2d4ff2cac4ce,eb377bec-24c3-4c39-84d6-2c688a20059a,7,as-,prefix,eb377bec-24c3-4c39-84d6-2c688a20059a
4ed039ea-542b-48d6-96e4-2d4ff2cac4ce,eb377bec-24c3-4c39-84d6-2c688a20059a,8,at-,prefix,e63cdbbb-8bfb-442b-b49a-bd01c7f68aff
b7a6ff73-d342-402d-85af-87048707f68c,a8708988-eb5a-4ffa-b297-64a54bc46fa8,1,you,word,fbc73d01-7864-49bf-b9f5-700f8fcaf68e
b7a6ff73-d342-402d-85af-87048707f68c,a8708988-eb5a-4ffa-b297-64a54bc46fa8,2,only,word,6bf0967d-e569-468b-8a97-de0aebdf3bc5
8abe1a29-9bed-456d-87cb-b6cab5868c5e,2fe3292c-d5ba-43a0-858f-3fc9ce5afeae,1,fac,root,466f5a5c-cb68-45f0-8516-71ae148bc3a9
0351dd92-4972-4671-bc8c-1c8a8a2cb394,2fe3292c-d5ba-43a0-858f-3fc9ce5afeae,1,fac,root,466f5a5c-cb68-45f0-8516-71ae148bc3a9
007372c6-e4dd-4e90-8575-c2adaaa01632,1c8ce1f0-fdee-4081-9c0a-b1641564fd7b,1,a-,prefix,eb2dab21-d31e-4dbd-bb90-255c046203a6
007372c6-e4dd-4e90-8575-c2adaaa01632,1c8ce1f0-fdee-4081-9c0a-b1641564fd7b,2,let,word,524f3f07-5c8a-4cdf-ac82-2ea1d7e78a01
54b24876-84e2-4edd-a9c5-e09e14cc67c0,1c8ce1f0-fdee-4081-9c0a-b1641564fd7b,1,a-,prefix,eb2dab21-d31e-4dbd-bb90-255c046203a6
54b24876-84e2-4edd-a9c5-e09e14cc67c0,1c8ce1f0-fdee-4081-9c0a-b1641564fd7b,2,let,word,524f3f07-5c8a-4cdf-ac82-2ea1d7e78a01
973539aa-22d5-4c9c-b4b3-15c0fca5363b,01e572b5-9046-4ae6-82df-91bb22b151d2,1,at,word,9c2f1b32-39ad-4c43-8c8d-ae84d4272e3b
9b5cef5c-2fb7-4754-8ba1-419b431df50c,e2886367-ddff-431b-895d-7f71b5981411,1,care,word,69493fae-4e11-41e4-a525-c15f83022370
013e27fd-e596-43ea-adcf-cdaad469e44e,eabfcb69-f5cb-4776-9fe5-50322c63ee01,1,come,word,bed2da61-da50-4e6e-ad60-0caa543d62a8
013e27fd-e596-43ea-adcf-cdaad469e44e,2a9e457c-6a78-4c97-928f-1ad8d0089642,1,-er,suffix,22a3b447-d3cf-4d74-8e34-fadb7d2b0375
ae469d92-3811-479f-8683-538d54757625,eabfcb69-f5cb-4776-9fe5-50322c63ee01,1,come,word,bed2da61-da50-4e6e-ad60-0caa543d62a8
ae469d92-3811-479f-8683-538d54757625,2a9e457c-6a78-4c97-928f-1ad8d0089642,1,-er,suffix,22a3b447-d3cf-4d74-8e34-fadb7d2b0375
58651127-452b-4e77-83d1-a265e4548fb1,eabfcb69-f5cb-4776-9fe5-50322c63ee01,1,come,word,bed2da61-da50-4e6e-ad60-0caa543d62a8
58651127-452b-4e77-83d1-a265e4548fb1,2a9e457c-6a78-4c97-928f-1ad8d0089642,1,-er,suffix,22a3b447-d3cf-4d74-8e34-fadb7d2b0375
c7a01594-fc9d-4295-a7ea-b37cfc929b78,2fe3292c-d5ba-43a0-858f-3fc9ce5afeae,1,fac,root,466f5a5c-cb68-45f0-8516-71ae148bc3a9
e04fd73e-f25e-49e1-bf1e-1e3b7367da1e,2fe3292c-d5ba-43a0-858f-3fc9ce5afeae,1,fac,root,466f5a5c-cb68-45f0-8516-71ae148bc3a9
e8ae34a1-4edf-4d03-8329-b3ec7f4bde77,c51a8e11-69c9-4469-b362-65f433a0d955,1,come,word,bed2da61-da50-4e6e-ad60-0caa543d62a8
1ae31c42-23e3-4796-ad65-ea2490e277c1,c51a8e11-69c9-4469-b362-65f433a0d955,1,come,word,bed2da61-da50-4e6e-ad60-0caa543d62a8
6d823fdc-71a1-407b-ba4a-43632225c911,b91d45c2-e964-41cb-8a3a-de1bff784644,1,-t,suffix,902260c2-0a41-46d9-8130-90955ee5437e
e08560b1-ed6e-4463-8c10-10d8e258b268,b91d45c2-e964-41cb-8a3a-de1bff784644,1,-t,suffix,902260c2-0a41-46d9-8130-90955ee5437e
4631edbd-21f3-4259-a907-a42afa5a7050,b91d45c2-e964-41cb-8a3a-de1bff784644,1,-t,suffix,902260c2-0a41-46d9-8130-90955ee5437e
c09430ec-8404-411a-9f43-bc576d64f761,2d23d287-12d9-4193-9253-bfe83ba214cf,1,-or,suffix,b9fed5d5-9451-4b2d-873c-9ee4b1ce3e43
072bac1c-e325-412d-9fac-0fed134d7ede,2d23d287-12d9-4193-9253-bfe83ba214cf,1,-or,suffix,b9fed5d5-9451-4b2d-873c-9ee4b1ce3e43
e56ae18f-9900-41b0-8385-5eddd74996dc,2d23d287-12d9-4193-9253-bfe83ba214cf,1,-or,suffix,b9fed5d5-9451-4b2d-873c-9ee4b1ce3e43
c05f9f7c-5461-4c5e-99bc-2c466aae29b0,e9081b64-24c5-45e6-ab9e-64161a4b9d55,1,in,word,84b42a02-b972-4109-ac42-7d04746f07c8
37152562-a96c-4cb5-92f3-9e045d6f3bc3,ea404a62-bc91-48a9-96ec-981aa2a018dc,1,mini,word,e5149dd5-3c37-4c31-b9bb-a576cc6bbafa
37152562-a96c-4cb5-92f3-9e045d6f3bc3,ea404a62-bc91-48a9-96ec-981aa2a018dc,2,in,word,84b42a02-b972-4109-ac42-7d04746f07c8
43d0bc99-8799-4ef2-a21b-a1c0ca372d0b,ea404a62-bc91-48a9-96ec-981aa2a018dc,1,mini,word,e5149dd5-3c37-4c31-b9bb-a576cc6bbafa
43d0bc99-8799-4ef2-a21b-a1c0ca372d0b,ea404a62-bc91-48a9-96ec-981aa2a018dc,2,in,word,84b42a02-b972-4109-ac42-7d04746f07c8
b24fe997-d595-4e54-a144-a57b78d76550,e597496b-86a4-4c51-acd9-180233971432,1,man,word,4b5ad6eb-4874-49e1-88ba-adc244daec95
b24fe997-d595-4e54-a144-a57b78d76550,e597496b-86a4-4c51-acd9-180233971432,2,many,word,19ea1058-f166-434c-b2b8-c5cfe3a3680b
b24fe997-d595-4e54-a144-a57b78d76550,8d09ac5a-efca-4eca-9d36-a0b623892bf0,1,in,word,84b42a02-b972-4109-ac42-7d04746f07c8
f276f494-1631-4922-820c-b178f41ac00d,28fb2dac-ac84-4e8e-a503-2b43a4718d87,1,back,word,40a409cf-8d84-4623-8363-a0a8dcb6f0ae
b9775d39-9565-41b4-9bb2-5212bab5219d,28fb2dac-ac84-4e8e-a503-2b43a4718d87,1,back,word,40a409cf-8d84-4623-8363-a0a8dcb6f0ae
ee158c28-cd41-40db-b57b-a1e57eaee8bb,e2886367-ddff-431b-895d-7f71b5981411,1,care,word,69493fae-4e11-41e4-a525-c15f83022370
2a88e20a-bfc3-40b6-95ee-3b3a0c8d99d7,e2886367-ddff-431b-895d-7f71b5981411,1,care,word,69493fae-4e11-41e4-a525-c15f83022370
cd52ddb5-1906-4969-b576-73722c1e50fb,3015fc76-f4ec-4a6a-bc69-218e873a44f1,1,at,word,9c2f1b32-39ad-4c43-8c8d-ae84d4272e3b
3839f333-3ed7-410d-8152-806b674dba69,c51a8e11-69c9-4469-b362-65f433a0d955,1,come,word,bed2da61-da50-4e6e-ad60-0caa543d62a8
bb3d1798-3a94-42ef-b37c-652245c1b758,98e6651d-8b5e-462a-adb2-dc5da6edb65c,1,come,word,bed2da61-da50-4e6e-ad60-0caa543d62a8
bb3d1798-3a94-42ef-b37c-652245c1b758,f5920bd6-2656-4cc3-9501-62779c96715c,1,go,word,535c367c-28d8-43a4-b511-d5a2b5d192b8
5ba59421-0e98-4b19-97a9-4f455eeeb119,98e6651d-8b5e-462a-adb2-dc5da6edb65c,1,come,word,bed2da61-da50-4e6e-ad60-0caa543d62a8
5ba59421-0e98-4b19-97a9-4f455eeeb119,f5920bd6-2656-4cc3-9501-62779c96715c,1,go,word,535c367c-28d8-43a4-b511-d5a2b5d192b8
e15be643-1275-41ce-acbe-39f1a94c653c,e9081b64-24c5-45e6-ab9e-64161a4b9d55,1,in,word,84b42a02-b972-4109-ac42-7d04746f07c8
e15be643-1275-41ce-acbe-39f1a94c653c,98e6651d-8b5e-462a-adb2-dc5da6edb65c,1,come,word,bed2da61-da50-4e6e-ad60-0caa543d62a8
e15be643-1275-41ce-acbe-39f1a94c653c,f5920bd6-2656-4cc3-9501-62779c96715c,1,go,word,535c367c-28d8-43a4-b511-d5a2b5d192b8
9df36b87-3d4b-42bc-8762-d3c331f26e22,e9081b64-24c5-45e6-ab9e-64161a4b9d55,1,in,word,84b42a02-b972-4109-ac42-7d04746f07c8
9df36b87-3d4b-42bc-8762-d3c331f26e22,98e6651d-8b5e-462a-adb2-dc5da6edb65c,1,come,word,bed2da61-da50-4e6e-ad60-0caa543d62a8
9df36b87-3d4b-42bc-8762-d3c331f26e22,f5920bd6-2656-4cc3-9501-62779c96715c,1,go,word,535c367c-28d8-43a4-b511-d5a2b5d192b8
7e25fcb0-7027-47f8-85e3-add575b0f267,4bb11e5f-13e5-4188-8ca3-ee99300020f4,1,know,word,c719a600-5928-4bf7-bdf6-fde64f9b3177
9ddf389c-7b2e-47f0-b09b-b9490d7be229,35bfa2ad-f3d3-43ad-8bb7-1a1b5f5b9059,1,in,word,84b42a02-b972-4109-ac42-7d04746f07c8
9ddf389c-7b2e-47f0-b09b-b9490d7be229,35bfa2ad-f3d3-43ad-8bb7-1a1b5f5b9059,2,-er,suffix,22a3b447-d3cf-4d74-8e34-fadb7d2b0375
afef50b4-2e53-434a-b3c2-4935f249eddd,01e572b5-9046-4ae6-82df-91bb22b151d2,1,at,word,9c2f1b32-39ad-4c43-8c8d-ae84d4272e3b
c215d81e-a6dc-46af-aef7-76550da468f4,01e572b5-9046-4ae6-82df-91bb22b151d2,1,at,word,9c2f1b32-39ad-4c43-8c8d-ae84d4272e3b
32ff5a0f-0ec5-4b47-b396-cd016ffc6100,35bfa2ad-f3d3-43ad-8bb7-1a1b5f5b9059,1,in,word,84b42a02-b972-4109-ac42-7d04746f07c8
32ff5a0f-0ec5-4b47-b396-cd016ffc6100,35bfa2ad-f3d3-43ad-8bb7-1a1b5f5b9059,2,-er,suffix,22a3b447-d3cf-4d74-8e34-fadb7d2b0375
cea2c6aa-8ed7-40c5-9e16-565cd6b34de7,35bfa2ad-f3d3-43ad-8bb7-1a1b5f5b9059,1,in,word,84b42a02-b972-4109-ac42-7d04746f07c8
cea2c6aa-8ed7-40c5-9e16-565cd6b34de7,35bfa2ad-f3d3-43ad-8bb7-1a1b5f5b9059,2,-er,suffix,22a3b447-d3cf-4d74-8e34-fadb7d2b0375
7fe9e896-2af6-4a64-b9f3-de4e3a3ec2f6,35bfa2ad-f3d3-43ad-8bb7-1a1b5f5b9059,1,in,word,84b42a02-b972-4109-ac42-7d04746f07c8
7fe9e896-2af6-4a64-b9f3-de4e3a3ec2f6,35bfa2ad-f3d3-43ad-8bb7-1a1b5f5b9059,2,-er,suffix,22a3b447-d3cf-4d74-8e34-fadb7d2b0375
bf91333b-2e5e-481e-8678-ba7c1c41a7dc,98e6651d-8b5e-462a-adb2-dc5da6edb65c,1,come,word,bed2da61-da50-4e6e-ad60-0caa543d62a8
bf91333b-2e5e-481e-8678-ba7c1c41a7dc,7d405d52-d862-46e0-aee4-f5232feea224,1,go,word,535c367c-28d8-43a4-b511-d5a2b5d192b8
bf91333b-2e5e-481e-8678-ba7c1c41a7dc,7d405d52-d862-46e0-aee4-f5232feea224,2,win,word,cb5f9e4a-1a64-4bec-87fa-83f73a7e6deb
669f7d0a-c69b-4643-9e66-a447d4010d53,e63cdbbb-8bfb-442b-b49a-bd01c7f68aff,1,at,word,9c2f1b32-39ad-4c43-8c8d-ae84d4272e3b
53949bae-ce91-4266-bf23-ffe38bdae4a5,e870b6b2-c515-48c7-9303-35971232bf21,1,es-,prefix,28a85be7-b919-4934-b162-c2bcd084a8ad
53949bae-ce91-4266-bf23-ffe38bdae4a5,e870b6b2-c515-48c7-9303-35971232bf21,2,time,word,844e3a81-c010-49d3-bc9a-5add82db6135
ae5c1d4a-0be4-475c-9456-af95bcaaa4ae,98e6651d-8b5e-462a-adb2-dc5da6edb65c,1,come,word,bed2da61-da50-4e6e-ad60-0caa543d62a8
9a1675c8-b608-438a-ae99-236f5f7db84b,98e6651d-8b5e-462a-adb2-dc5da6edb65c,1,come,word,bed2da61-da50-4e6e-ad60-0caa543d62a8
4a1bdc73-b307-41d7-b7a2-01d9677bdff5,de761270-a58d-4822-8a24-110b2521fb24,1,in,word,84b42a02-b972-4109-ac42-7d04746f07c8
c43be42f-c6d0-488a-863b-ed767cea28e9,de761270-a58d-4822-8a24-110b2521fb24,1,in,word,84b42a02-b972-4109-ac42-7d04746f07c8
f9234452-8989-4670-997f-1ec058a852d2,eb2dab21-d31e-4dbd-bb90-255c046203a6,1,on,word,3090e71f-ead1-49e6-8ef2-520fb888aaf2
65959ca6-45df-4435-9952-bd9802bbdd0e,93d95ada-cb76-4a8f-9909-857488d62a92,1,same,word,1752d7ee-7a13-4c8c-8925-6bd2319a1abe
09c282db-420f-4a4e-abe9-118eb75a6c55,98e6651d-8b5e-462a-adb2-dc5da6edb65c,1,come,word,bed2da61-da50-4e6e-ad60-0caa543d62a8
ee9a0744-75cc-41b6-a004-23d2ea0442a1,98e6651d-8b5e-462a-adb2-dc5da6edb65c,1,come,word,bed2da61-da50-4e6e-ad60-0caa543d62a8
10be2cdf-9a48-416f-980c-0e88782f2b1f,8b9dbed4-f563-4d8b-a13c-95ec5c898a00,1,in,word,84b42a02-b972-4109-ac42-7d04746f07c8
e6c1773d-df83-44c0-a310-76bdb3104bb9,8b9dbed4-f563-4d8b-a13c-95ec5c898a00,1,in,word,84b42a02-b972-4109-ac42-7d04746f07c8
6c39e484-51c9-45a7-a939-6bc57e60d1f1,8b9dbed4-f563-4d8b-a13c-95ec5c898a00,1,in,word,84b42a02-b972-4109-ac42-7d04746f07c8
408f99bf-f4d5-42e9-9eaf-925d79d6f132,150814b1-3f15-42cb-9450-63bbc2f53c96,1,in,word,84b42a02-b972-4109-ac42-7d04746f07c8
459fb790-cb96-44f1-8a1c-22338bd081b7,150814b1-3f15-42cb-9450-63bbc2f53c96,1,in,word,84b42a02-b972-4109-ac42-7d04746f07c8
6208fa8a-5714-459a-bcb6-c6c418e38adc,150814b1-3f15-42cb-9450-63bbc2f53c96,1,in,word,84b42a02-b972-4109-ac42-7d04746f07c8
f2246f88-6183-4861-916e-1bc68f163c4b,01e572b5-9046-4ae6-82df-91bb22b151d2,1,at,word,9c2f1b32-39ad-4c43-8c8d-ae84d4272e3b
8f5ebf50-4055-402a-80e9-8b50ace7f65a,606f0657-e3c3-4875-ae15-d3df3bcea7c6,1,bus,word,16f4f7bd-e794-454b-9be7-a75569b5fa50
9a9812dc-287d-4493-9531-e489c63b9cdc,606f0657-e3c3-4875-ae15-d3df3bcea7c6,1,bus,word,16f4f7bd-e794-454b-9be7-a75569b5fa50
0a1ea628-dd14-484f-ae06-3ed74f78532a,606f0657-e3c3-4875-ae15-d3df3bcea7c6,1,bus,word,16f4f7bd-e794-454b-9be7-a75569b5fa50
e7a9f01f-7734-4ac1-8925-85cd0a07fe2c,eb377bec-24c3-4c39-84d6-2c688a20059a,1,at,word,9c2f1b32-39ad-4c43-8c8d-ae84d4272e3b
e7a9f01f-7734-4ac1-8925-85cd0a07fe2c,eb377bec-24c3-4c39-84d6-2c688a20059a,2,a-,prefix,eb2dab21-d31e-4dbd-bb90-255c046203a6
e7a9f01f-7734-4ac1-8925-85cd0a07fe2c,eb377bec-24c3-4c39-84d6-2c688a20059a,3,ab-,prefix,1e4ea41c-ee64-4bce-aed5-5ba7b9bcccff
e7a9f01f-7734-4ac1-8925-85cd0a07fe2c,eb377bec-24c3-4c39-84d6-2c688a20059a,4,ac-,prefix,313fe2aa-9acf-4e44-b215-3d94eac8de99
e7a9f01f-7734-4ac1-8925-85cd0a07fe2c,eb377bec-24c3-4c39-84d6-2c688a20059a,5,ad-,prefix,01e572b5-9046-4ae6-82df-91bb22b151d2
e7a9f01f-7734-4ac1-8925-85cd0a07fe2c,eb377bec-24c3-4c39-84d6-2c688a20059a,6,ap-,prefix,3015fc76-f4ec-4a6a-bc69-218e873a44f1
e7a9f01f-7734-4ac1-8925-85cd0a07fe2c,eb377bec-24c3-4c39-84d6-2c688a20059a,7,as-,prefix,eb377bec-24c3-4c39-84d6-2c688a20059a
e7a9f01f-7734-4ac1-8925-85cd0a07fe2c,eb377bec-24c3-4c39-84d6-2c688a20059a,8,at-,prefix,e63cdbbb-8bfb-442b-b49a-bd01c7f68aff
e7a9f01f-7734-4ac1-8925-85cd0a07fe2c,37d4058c-9ffb-4ba2-add5-2bf644bee218,1,some,word,cccf88a2-d27d-48db-ac17-e7864b9e5bd2
a37210a7-655c-4d9b-a88e-36595d0791ee,eb377bec-24c3-4c39-84d6-2c688a20059a,1,at,word,9c2f1b32-39ad-4c43-8c8d-ae84d4272e3b
a37210a7-655c-4d9b-a88e-36595d0791ee,eb377bec-24c3-4c39-84d6-2c688a20059a,2,a-,prefix,eb2dab21-d31e-4dbd-bb90-255c046203a6
a37210a7-655c-4d9b-a88e-36595d0791ee,eb377bec-24c3-4c39-84d6-2c688a20059a,3,ab-,prefix,1e4ea41c-ee64-4bce-aed5-5ba7b9bcccff
a37210a7-655c-4d9b-a88e-36595d0791ee,eb377bec-24c3-4c39-84d6-2c688a20059a,4,ac-,prefix,313fe2aa-9acf-4e44-b215-3d94eac8de99
a37210a7-655c-4d9b-a88e-36595d0791ee,eb377bec-24c3-4c39-84d6-2c688a20059a,5,ad-,prefix,01e572b5-9046-4ae6-82df-91bb22b151d2
a37210a7-655c-4d9b-a88e-36595d0791ee,eb377bec-24c3-4c39-84d6-2c688a20059a,6,ap-,prefix,3015fc76-f4ec-4a6a-bc69-218e873a44f1
a37210a7-655c-4d9b-a88e-36595d0791ee,eb377bec-24c3-4c39-84d6-2c688a20059a,7,as-,prefix,eb377bec-24c3-4c39-84d6-2c688a20059a
a37210a7-655c-4d9b-a88e-36595d0791ee,eb377bec-24c3-4c39-84d6-2c688a20059a,8,at-,prefix,e63cdbbb-8bfb-442b-b49a-bd01c7f68aff
a37210a7-655c-4d9b-a88e-36595d0791ee,37d4058c-9ffb-4ba2-add5-2bf644bee218,1,some,word,cccf88a2-d27d-48db-ac17-e7864b9e5bd2
2d8aa3bb-ba72-427f-ab3a-fc1a955fa9f8,c30d81c8-735d-41af-a70d-1f760da647e3,1,it,word,b53c2e40-e251-43a1-90b3-1d0a5f9f9dff
950845d7-2d40-46b6-a13b-5ff00ef17eeb,c30d81c8-735d-41af-a70d-1f760da647e3,1,it,word,b53c2e40-e251-43a1-90b3-1d0a5f9f9dff
634f97a1-01e2-4be7-95e0-6b00cb6bd9e1,2b8d2d75-6c40-4d7d-9622-386e41610e35,1,man,word,4b5ad6eb-4874-49e1-88ba-adc244daec95
59c87af3-be87-422b-b444-6aca6d6bb978,2b8d2d75-6c40-4d7d-9622-386e41610e35,1,man,word,4b5ad6eb-4874-49e1-88ba-adc244daec95
2636665f-c18a-4cf7-8124-086a897a2857,eabfcb69-f5cb-4776-9fe5-50322c63ee01,1,come,word,bed2da61-da50-4e6e-ad60-0caa543d62a8
59a2e573-2e07-4d71-a277-5992f5791ddb,bf370b2e-8084-4fee-b143-9fdabea78776,1,well,word,5ea2ca04-581e-48b0-808f-fe0d6cfe970c
490b04a9-d441-4938-9f88-20cc0e9c84b4,313fe2aa-9acf-4e44-b215-3d94eac8de99,1,a-,prefix,eb2dab21-d31e-4dbd-bb90-255c046203a6
490b04a9-d441-4938-9f88-20cc0e9c84b4,313fe2aa-9acf-4e44-b215-3d94eac8de99,2,ab-,prefix,1e4ea41c-ee64-4bce-aed5-5ba7b9bcccff
490b04a9-d441-4938-9f88-20cc0e9c84b4,313fe2aa-9acf-4e44-b215-3d94eac8de99,3,ac-,prefix,313fe2aa-9acf-4e44-b215-3d94eac8de99
490b04a9-d441-4938-9f88-20cc0e9c84b4,313fe2aa-9acf-4e44-b215-3d94eac8de99,4,ad-,prefix,01e572b5-9046-4ae6-82df-91bb22b151d2
490b04a9-d441-4938-9f88-20cc0e9c84b4,313fe2aa-9acf-4e44-b215-3d94eac8de99,5,ap-,prefix,3015fc76-f4ec-4a6a-bc69-218e873a44f1
490b04a9-d441-4938-9f88-20cc0e9c84b4,313fe2aa-9acf-4e44-b215-3d94eac8de99,6,as-,prefix,eb377bec-24c3-4c39-84d6-2c688a20059a
490b04a9-d441-4938-9f88-20cc0e9c84b4,313fe2aa-9acf-4e44-b215-3d94eac8de99,7,at-,prefix,e63cdbbb-8bfb-442b-b49a-bd01c7f68aff
490b04a9-d441-4938-9f88-20cc0e9c84b4,ad236b1c-74a1-4d21-9451-1c62a25bb290,1,-er,suffix,22a3b447-d3cf-4d74-8e34-fadb7d2b0375
fb95f5e3-a498-4484-82b2-14c36bbb41ce,313fe2aa-9acf-4e44-b215-3d94eac8de99,1,a-,prefix,eb2dab21-d31e-4dbd-bb90-255c046203a6
fb95f5e3-a498-4484-82b2-14c36bbb41ce,313fe2aa-9acf-4e44-b215-3d94eac8de99,2,ab-,prefix,1e4ea41c-ee64-4bce-aed5-5ba7b9bcccff
fb95f5e3-a498-4484-82b2-14c36bbb41ce,313fe2aa-9acf-4e44-b215-3d94eac8de99,3,ac-,prefix,313fe2aa-9acf-4e44-b215-3d94eac8de99
fb95f5e3-a498-4484-82b2-14c36bbb41ce,313fe2aa-9acf-4e44-b215-3d94eac8de99,4,ad-,prefix,01e572b5-9046-4ae6-82df-91bb22b151d2
fb95f5e3-a498-4484-82b2-14c36bbb41ce,313fe2aa-9acf-4e44-b215-3d94eac8de99,5,ap-,prefix,3015fc76-f4ec-4a6a-bc69-218e873a44f1
fb95f5e3-a498-4484-82b2-14c36bbb41ce,313fe2aa-9acf-4e44-b215-3d94eac8de99,6,as-,prefix,eb377bec-24c3-4c39-84d6-2c688a20059a
fb95f5e3-a498-4484-82b2-14c36bbb41ce,313fe2aa-9acf-4e44-b215-3d94eac8de99,7,at-,prefix,e63cdbbb-8bfb-442b-b49a-bd01c7f68aff
fb95f5e3-a498-4484-82b2-14c36bbb41ce,ad236b1c-74a1-4d21-9451-1c62a25bb290,1,-er,suffix,22a3b447-d3cf-4d74-8e34-fadb7d2b0375
c2f11384-4a9a-47ae-ad58-a49c13c4dfd0,98e6651d-8b5e-462a-adb2-dc5da6edb65c,1,come,word,bed2da61-da50-4e6e-ad60-0caa543d62a8
e10baad9-2f59-47da-bd71-90c794a01b9f,98e6651d-8b5e-462a-adb2-dc5da6edb65c,1,come,word,bed2da61-da50-4e6e-ad60-0caa543d62a8
8e275605-9f74-45f2-8991-1155e440ef73,98e6651d-8b5e-462a-adb2-dc5da6edb65c,1,come,word,bed2da61-da50-4e6e-ad60-0caa543d62a8
8e275605-9f74-45f2-8991-1155e440ef73,d4a5dc4c-daa6-4258-b4f3-4b4e9a43bba7,1,act,word,f6c6ec73-4848-4690-a4b6-c7be1e84aa13
bcc8e213-428d-425a-9c8d-1737df42985b,98e6651d-8b5e-462a-adb2-dc5da6edb65c,1,come,word,bed2da61-da50-4e6e-ad60-0caa543d62a8
bcc8e213-428d-425a-9c8d-1737df42985b,d4a5dc4c-daa6-4258-b4f3-4b4e9a43bba7,1,act,word,f6c6ec73-4848-4690-a4b6-c7be1e84aa13
77182f8d-de66-452b-8076-90fcb7a846e5,98e6651d-8b5e-462a-adb2-dc5da6edb65c,1,come,word,bed2da61-da50-4e6e-ad60-0caa543d62a8
77182f8d-de66-452b-8076-90fcb7a846e5,d4a5dc4c-daa6-4258-b4f3-4b4e9a43bba7,1,act,word,f6c6ec73-4848-4690-a4b6-c7be1e84aa13
a5b06aad-eb7f-4c53-848b-c4e3f17898cc,a14b5b17-159f-4ecb-9145-0aad6a0ccc48,1,have,word,1caf16a2-bdea-4704-b119-50af402b3b77
3c1eb9c2-3b45-45cf-9001-2c9be555af38,2112d064-3373-4a90-aae1-3e2eb83a4f1a,1,sir,word,46e464ed-ffc1-4a12-9de0-773a4f912be6
3c1eb9c2-3b45-45cf-9001-2c9be555af38,2112d064-3373-4a90-aae1-3e2eb83a4f1a,2,see,word,e7c93797-0833-40e6-b0db-eff1df71c656
36c3959d-bb12-4399-bd2a-c86f94c38eb7,2112d064-3373-4a90-aae1-3e2eb83a4f1a,1,sir,word,46e464ed-ffc1-4a12-9de0-773a4f912be6
36c3959d-bb12-4399-bd2a-c86f94c38eb7,2112d064-3373-4a90-aae1-3e2eb83a4f1a,2,see,word,e7c93797-0833-40e6-b0db-eff1df71c656
4829b57f-57a5-44c5-a6d1-c90d6e812ee0,c51a8e11-69c9-4469-b362-65f433a0d955,1,come,word,bed2da61-da50-4e6e-ad60-0caa543d62a8
1ae89f0f-ba99-4c8b-9414-40810bec4231,c51a8e11-69c9-4469-b362-65f433a0d955,1,come,word,bed2da61-da50-4e6e-ad60-0caa543d62a8
fa3cec21-84ad-4874-9090-18de1d7e5f20,c51a8e11-69c9-4469-b362-65f433a0d955,1,come,word,bed2da61-da50-4e6e-ad60-0caa543d62a8
246aa184-ff5c-4e58-ab93-ca7ab98bf9b6,c51a8e11-69c9-4469-b362-65f433a0d955,1,come,word,bed2da61-da50-4e6e-ad60-0caa543d62a8
e8ed61f9-f948-4d9d-9559-0fb1d9660e6b,c51a8e11-69c9-4469-b362-65f433a0d955,1,come,word,bed2da61-da50-4e6e-ad60-0caa543d62a8
7f399453-3f03-4958-8228-6c7b53209d9f,16f43930-667f-4d88-aced-9c31c09be9d5,1,come,word,bed2da61-da50-4e6e-ad60-0caa543d62a8
7f399453-3f03-4958-8228-6c7b53209d9f,8dfb903e-69c8-42c3-a95e-af71d0d5f92e,1,co-,prefix,eabfcb69-f5cb-4776-9fe5-50322c63ee01
7f399453-3f03-4958-8228-6c7b53209d9f,8dfb903e-69c8-42c3-a95e-af71d0d5f92e,2,-or,suffix,b9fed5d5-9451-4b2d-873c-9ee4b1ce3e43
830806f6-b92c-4096-a613-85da328320fd,8dfb903e-69c8-42c3-a95e-af71d0d5f92e,1,co-,prefix,eabfcb69-f5cb-4776-9fe5-50322c63ee01
830806f6-b92c-4096-a613-85da328320fd,8dfb903e-69c8-42c3-a95e-af71d0d5f92e,2,-or,suffix,b9fed5d5-9451-4b2d-873c-9ee4b1ce3e43
eb16de08-a0e4-4dcc-9335-ef437927c9f2,01f49513-202d-4971-8288-69133087830a,1,let,word,524f3f07-5c8a-4cdf-ac82-2ea1d7e78a01
57515681-f34e-4b36-976a-151b6513cfe9,01f49513-202d-4971-8288-69133087830a,1,let,word,524f3f07-5c8a-4cdf-ac82-2ea1d7e78a01
067aeb5e-2032-4fea-b05b-a25ddb8e0262,01f49513-202d-4971-8288-69133087830a,1,let,word,524f3f07-5c8a-4cdf-ac82-2ea1d7e78a01
c1667ab4-bc22-44a8-877b-da44c9213a94,3015fc76-f4ec-4a6a-bc69-218e873a44f1,1,at,word,9c2f1b32-39ad-4c43-8c8d-ae84d4272e3b
c1667ab4-bc22-44a8-877b-da44c9213a94,7d40223f-c39e-4c93-9666-409454d44ccf,1,pel,root,fbeaf51c-22ed-4eb9-a076-79909bef3a9d
58c6a7f3-fb63-40e1-9e96-18294f4dc108,3015fc76-f4ec-4a6a-bc69-218e873a44f1,1,at,word,9c2f1b32-39ad-4c43-8c8d-ae84d4272e3b
58c6a7f3-fb63-40e1-9e96-18294f4dc108,7d40223f-c39e-4c93-9666-409454d44ccf,1,pel,root,fbeaf51c-22ed-4eb9-a076-79909bef3a9d
a8661332-e63c-4806-88fc-6f8e3a804b24,3015fc76-f4ec-4a6a-bc69-218e873a44f1,1,at,word,9c2f1b32-39ad-4c43-8c8d-ae84d4272e3b
a8661332-e63c-4806-88fc-6f8e3a804b24,7d40223f-c39e-4c93-9666-409454d44ccf,1,pel,root,fbeaf51c-22ed-4eb9-a076-79909bef3a9d
e9a7bbbd-e754-4b8a-bd26-790570c34d86,e9081b64-24c5-45e6-ab9e-64161a4b9d55,1,in,word,84b42a02-b972-4109-ac42-7d04746f07c8
e9a7bbbd-e754-4b8a-bd26-790570c34d86,35bfa2ad-f3d3-43ad-8bb7-1a1b5f5b9059,1,in,word,84b42a02-b972-4109-ac42-7d04746f07c8
e9a7bbbd-e754-4b8a-bd26-790570c34d86,35bfa2ad-f3d3-43ad-8bb7-1a1b5f5b9059,2,-er,suffix,22a3b447-d3cf-4d74-8e34-fadb7d2b0375
09bed1c7-540f-4366-9288-25a574e09093,2fe3292c-d5ba-43a0-858f-3fc9ce5afeae,1,fac,root,466f5a5c-cb68-45f0-8516-71ae148bc3a9
bdb25cef-8ace-488c-9a03-2fb67aa28251,a7f15426-9723-4352-baa6-55381efe5e51,1,lie,word,a89fce0d-8493-4cf5-8fa1-fe5ff19c541e
c188eb41-36ec-4ebd-aa50-f1e565f268f2,01f49513-202d-4971-8288-69133087830a,1,let,word,524f3f07-5c8a-4cdf-ac82-2ea1d7e78a01
af1cd9d1-92b2-4cd2-b8cf-06b06b324aa9,01f49513-202d-4971-8288-69133087830a,1,let,word,524f3f07-5c8a-4cdf-ac82-2ea1d7e78a01
e43e2596-cce4-4378-b519-70f46fa5d5e7,eb2dab21-d31e-4dbd-bb90-255c046203a6,1,on,word,3090e71f-ead1-49e6-8ef2-520fb888aaf2
51771213-9e10-4b3f-a7e6-4a49e4fa71b0,eb2dab21-d31e-4dbd-bb90-255c046203a6,1,on,word,3090e71f-ead1-49e6-8ef2-520fb888aaf2
667d76a3-257e-47f5-a98c-d45eae995974,f5920bd6-2656-4cc3-9501-62779c96715c,1,go,word,535c367c-28d8-43a4-b511-d5a2b5d192b8
ad7056f3-0279-4c0a-9a6f-854893970baa,bf370b2e-8084-4fee-b143-9fdabea78776,1,well,word,5ea2ca04-581e-48b0-808f-fe0d6cfe970c
7b8108d9-5fcc-40b0-8716-f55b3798f69b,313fe2aa-9acf-4e44-b215-3d94eac8de99,1,a-,prefix,eb2dab21-d31e-4dbd-bb90-255c046203a6
7b8108d9-5fcc-40b0-8716-f55b3798f69b,313fe2aa-9acf-4e44-b215-3d94eac8de99,2,ab-,prefix,1e4ea41c-ee64-4bce-aed5-5ba7b9bcccff
7b8108d9-5fcc-40b0-8716-f55b3798f69b,313fe2aa-9acf-4e44-b215-3d94eac8de99,3,ac-,prefix,313fe2aa-9acf-4e44-b215-3d94eac8de99
7b8108d9-5fcc-40b0-8716-f55b3798f69b,313fe2aa-9acf-4e44-b215-3d94eac8de99,4,ad-,prefix,01e572b5-9046-4ae6-82df-91bb22b151d2
7b8108d9-5fcc-40b0-8716-f55b3798f69b,313fe2aa-9acf-4e44-b215-3d94eac8de99,5,ap-,prefix,3015fc76-f4ec-4a6a-bc69-218e873a44f1
7b8108d9-5fcc-40b0-8716-f55b3798f69b,313fe2aa-9acf-4e44-b215-3d94eac8de99,6,as-,prefix,eb377bec-24c3-4c39-84d6-2c688a20059a
7b8108d9-5fcc-40b0-8716-f55b3798f69b,313fe2aa-9acf-4e44-b215-3d94eac8de99,7,at-,prefix,e63cdbbb-8bfb-442b-b49a-bd01c7f68aff
91d95756-d598-47c4-812f-08f0b602cde4,c51a8e11-69c9-4469-b362-65f433a0d955,1,come,word,bed2da61-da50-4e6e-ad60-0caa543d62a8
488801fc-1917-49f0-ac87-561143cce897,7128b8e9-2897-496c-b45b-83c02bf7518c,1,cry,word,8b272839-b86d-4bfc-8ff1-004eed622fbc
d63c698d-c172-4ffe-9adf-7e1bb18f6350,7128b8e9-2897-496c-b45b-83c02bf7518c,1,cry,word,8b272839-b86d-4bfc-8ff1-004eed622fbc
f2aa422a-d767-414b-bec3-86e45fc49c6c,e9081b64-24c5-45e6-ab9e-64161a4b9d55,1,in,word,84b42a02-b972-4109-ac42-7d04746f07c8
dcf3527b-6d65-4f87-ab48-1a0c3ef7c289,98e6651d-8b5e-462a-adb2-dc5da6edb65c,1,come,word,bed2da61-da50-4e6e-ad60-0caa543d62a8
dcf3527b-6d65-4f87-ab48-1a0c3ef7c289,4e51d4ba-6b93-4de1-86dc-ebc0ff74ac3f,1,-t,suffix,902260c2-0a41-46d9-8130-90955ee5437e
121e81e4-caa1-4fe1-bdc4-7c73c8398efc,4e51d4ba-6b93-4de1-86dc-ebc0ff74ac3f,1,-t,suffix,902260c2-0a41-46d9-8130-90955ee5437e
6f8ceaf6-a170-4319-8cd7-011b151bd370,e9081b64-24c5-45e6-ab9e-64161a4b9d55,1,in,word,84b42a02-b972-4109-ac42-7d04746f07c8
6f8ceaf6-a170-4319-8cd7-011b151bd370,4e51d4ba-6b93-4de1-86dc-ebc0ff74ac3f,1,-t,suffix,902260c2-0a41-46d9-8130-90955ee5437e
709d2c40-fbe8-4c6e-a2f0-38f9e683bca1,c51a8e11-69c9-4469-b362-65f433a0d955,1,come,word,bed2da61-da50-4e6e-ad60-0caa543d62a8
00707979-c709-4d30-b7f2-f43dac05fccc,eb2dab21-d31e-4dbd-bb90-255c046203a6,1,on,word,3090e71f-ead1-49e6-8ef2-520fb888aaf2
ae62023b-1f3c-4b06-94fc-d9f029db2da7,49bf853b-04d3-43bc-89e6-e8e8a8ac4523,1,sta,root,e1b53382-184c-4e2f-8461-70e908854ea1
1d51a5c3-fab4-4aca-a71e-386f9b8428cc,49bf853b-04d3-43bc-89e6-e8e8a8ac4523,1,sta,root,e1b53382-184c-4e2f-8461-70e908854ea1
685589a6-a8a5-4d85-a342-38c8eec29b48,e9081b64-24c5-45e6-ab9e-64161a4b9d55,1,in,word,84b42a02-b972-4109-ac42-7d04746f07c8
9f75bc6d-6f83-434f-ab1c-390e187369e6,e9081b64-24c5-45e6-ab9e-64161a4b9d55,1,in,word,84b42a02-b972-4109-ac42-7d04746f07c8
53ac5fd2-dcca-47ba-94e7-94deb4456df8,e9081b64-24c5-45e6-ab9e-64161a4b9d55,1,in,word,84b42a02-b972-4109-ac42-7d04746f07c8
02d4f3f6-c76d-4d62-ae43-4d7df396dbc2,98e6651d-8b5e-462a-adb2-dc5da6edb65c,1,come,word,bed2da61-da50-4e6e-ad60-0caa543d62a8
02d4f3f6-c76d-4d62-ae43-4d7df396dbc2,eabfcb69-f5cb-4776-9fe5-50322c63ee01,1,come,word,bed2da61-da50-4e6e-ad60-0caa543d62a8
e76d984a-047f-4fc7-b38e-a0f61db04e76,69169075-6dd9-4f22-9541-8352738b5d61,1,get,word,b0c610eb-d3c9-4593-a54f-2c448d947913
8f536cc2-d638-4e9a-9c7a-416b920d6343,01e572b5-9046-4ae6-82df-91bb22b151d2,1,at,word,9c2f1b32-39ad-4c43-8c8d-ae84d4272e3b
0bb1708d-4ce9-4a20-9855-252ea0e87e98,e9081b64-24c5-45e6-ab9e-64161a4b9d55,1,in,word,84b42a02-b972-4109-ac42-7d04746f07c8
aca26edc-6503-4515-ab2b-efa9f707c0aa,4d3c63e8-fb05-4d57-8605-ac7b6e9b197a,1,all,word,1e210516-afc8-46dd-8111-c350ceb861c0
aca26edc-6503-4515-ab2b-efa9f707c0aa,4d3c63e8-fb05-4d57-8605-ac7b6e9b197a,2,or,word,a7c220a8-67bf-4a61-a0a2-565df04fe116
b7b1ea72-9a65-4164-82c7-f1b8df8bcdb8,3015fc76-f4ec-4a6a-bc69-218e873a44f1,1,at,word,9c2f1b32-39ad-4c43-8c8d-ae84d4272e3b
b7b1ea72-9a65-4164-82c7-f1b8df8bcdb8,88d9e340-bdd7-402b-934a-164c7b087fca,1,-er,suffix,22a3b447-d3cf-4d74-8e34-fadb7d2b0375
b7b1ea72-9a65-4164-82c7-f1b8df8bcdb8,88d9e340-bdd7-402b-934a-164c7b087fca,2,pro-,prefix,40e680cb-32e4-4cff-bb9c-b17989a9fa1a
3832d631-fd51-49ff-91eb-d35adcb37015,2c41d018-1652-4e91-826d-e37a04235867,1,in,word,84b42a02-b972-4109-ac42-7d04746f07c8
a4a44ced-c01b-4196-975a-629913c4be76,2c41d018-1652-4e91-826d-e37a04235867,1,in,word,84b42a02-b972-4109-ac42-7d04746f07c8
1e45174b-e80a-4a79-94a2-e89d59c55a06,2c41d018-1652-4e91-826d-e37a04235867,1,in,word,84b42a02-b972-4109-ac42-7d04746f07c8
727866b2-e242-4ff7-ad6f-503efef4014d,2c41d018-1652-4e91-826d-e37a04235867,1,in,word,84b42a02-b972-4109-ac42-7d04746f07c8
2526a44f-27a1-4032-9229-1baad1ca18d9,2c41d018-1652-4e91-826d-e37a04235867,1,in,word,84b42a02-b972-4109-ac42-7d04746f07c8
ba597fa2-2c91-4735-9aa1-9831c5560854,eb2dab21-d31e-4dbd-bb90-255c046203a6,1,on,word,3090e71f-ead1-49e6-8ef2-520fb888aaf2
1207f857-78fc-4c57-b3f0-79fe9a461fe7,eb2dab21-d31e-4dbd-bb90-255c046203a6,1,on,word,3090e71f-ead1-49e6-8ef2-520fb888aaf2
8cd8114c-7309-4950-b28f-aa31e1c1dc83,e9081b64-24c5-45e6-ab9e-64161a4b9d55,1,in,word,84b42a02-b972-4109-ac42-7d04746f07c8
5eba67eb-2548-489c-bc71-3c23a3d3add1,4d33a813-0ef8-4977-817f-6b8ae384ace0,1,re-,prefix,25c9c982-54cc-42c6-8d13-31b6232755b7
d65c86a5-f34f-428e-89f4-e1825cbf96c2,4d33a813-0ef8-4977-817f-6b8ae384ace0,1,re-,prefix,25c9c982-54cc-42c6-8d13-31b6232755b7
e1651922-bc4e-427e-b1f5-2f19103fa44a,4d33a813-0ef8-4977-817f-6b8ae384ace0,1,re-,prefix,25c9c982-54cc-42c6-8d13-31b6232755b7
d9f782f5-001a-4ab8-91e7-54393f163168,eb377bec-24c3-4c39-84d6-2c688a20059a,1,at,word,9c2f1b32-39ad-4c43-8c8d-ae84d4272e3b
d9f782f5-001a-4ab8-91e7-54393f163168,eb377bec-24c3-4c39-84d6-2c688a20059a,2,a-,prefix,eb2dab21-d31e-4dbd-bb90-255c046203a6
d9f782f5-001a-4ab8-91e7-54393f163168,eb377bec-24c3-4c39-84d6-2c688a20059a,3,ab-,prefix,1e4ea41c-ee64-4bce-aed5-5ba7b9bcccff
d9f782f5-001a-4ab8-91e7-54393f163168,eb377bec-24c3-4c39-84d6-2c688a20059a,4,ac-,prefix,313fe2aa-9acf-4e44-b215-3d94eac8de99
d9f782f5-001a-4ab8-91e7-54393f163168,eb377bec-24c3-4c39-84d6-2c688a20059a,5,ad-,prefix,01e572b5-9046-4ae6-82df-91bb22b151d2
d9f782f5-001a-4ab8-91e7-54393f163168,eb377bec-24c3-4c39-84d6-2c688a20059a,6,ap-,prefix,3015fc76-f4ec-4a6a-bc69-218e873a44f1
d9f782f5-001a-4ab8-91e7-54393f163168,eb377bec-24c3-4c39-84d6-2c688a20059a,7,as-,prefix,eb377bec-24c3-4c39-84d6-2c688a20059a
d9f782f5-001a-4ab8-91e7-54393f163168,eb377bec-24c3-4c39-84d6-2c688a20059a,8,at-,prefix,e63cdbbb-8bfb-442b-b49a-bd01c7f68aff
b5ff0a9c-2fc0-449d-85d7-ff63b50a8955,eb377bec-24c3-4c39-84d6-2c688a20059a,1,at,word,9c2f1b32-39ad-4c43-8c8d-ae84d4272e3b
b5ff0a9c-2fc0-449d-85d7-ff63b50a8955,eb377bec-24c3-4c39-84d6-2c688a20059a,2,a-,prefix,eb2dab21-d31e-4dbd-bb90-255c046203a6
b5ff0a9c-2fc0-449d-85d7-ff63b50a8955,eb377bec-24c3-4c39-84d6-2c688a20059a,3,ab-,prefix,1e4ea41c-ee64-4bce-aed5-5ba7b9bcccff
b5ff0a9c-2fc0-449d-85d7-ff63b50a8955,eb377bec-24c3-4c39-84d6-2c688a20059a,4,ac-,prefix,313fe2aa-9acf-4e44-b215-3d94eac8de99
b5ff0a9c-2fc0-449d-85d7-ff63b50a8955,eb377bec-24c3-4c39-84d6-2c688a20059a,5,ad-,prefix,01e572b5-9046-4ae6-82df-91bb22b151d2
b5ff0a9c-2fc0-449d-85d7-ff63b50a8955,eb377bec-24c3-4c39-84d6-2c688a20059a,6,ap-,prefix,3015fc76-f4ec-4a6a-bc69-218e873a44f1
b5ff0a9c-2fc0-449d-85d7-ff63b50a8955,eb377bec-24c3-4c39-84d6-2c688a20059a,7,as-,prefix,eb377bec-24c3-4c39-84d6-2c688a20059a
b5ff0a9c-2fc0-449d-85d7-ff63b50a8955,eb377bec-24c3-4c39-84d6-2c688a20059a,8,at-,prefix,e63cdbbb-8bfb-442b-b49a-bd01c7f68aff
46977c12-6e88-44d1-ba8d-7698dc22ef03,313fe2aa-9acf-4e44-b215-3d94eac8de99,1,a-,prefix,eb2dab21-d31e-4dbd-bb90-255c046203a6
46977c12-6e88-44d1-ba8d-7698dc22ef03,313fe2aa-9acf-4e44-b215-3d94eac8de99,2,ab-,prefix,1e4ea41c-ee64-4bce-aed5-5ba7b9bcccff
46977c12-6e88-44d1-ba8d-7698dc22ef03,313fe2aa-9acf-4e44-b215-3d94eac8de99,3,ac-,prefix,313fe2aa-9acf-4e44-b215-3d94eac8de99
46977c12-6e88-44d1-ba8d-7698dc22ef03,313fe2aa-9acf-4e44-b215-3d94eac8de99,4,ad-,prefix,01e572b5-9046-4ae6-82df-91bb22b151d2
46977c12-6e88-44d1-ba8d-7698dc22ef03,313fe2aa-9acf-4e44-b215-3d94eac8de99,5,ap-,prefix,3015fc76-f4ec-4a6a-bc69-218e873a44f1
46977c12-6e88-44d1-ba8d-7698dc22ef03,313fe2aa-9acf-4e44-b215-3d94eac8de99,6,as-,prefix,eb377bec-24c3-4c39-84d6-2c688a20059a
46977c12-6e88-44d1-ba8d-7698dc22ef03,313fe2aa-9acf-4e44-b215-3d94eac8de99,7,at-,prefix,e63cdbbb-8bfb-442b-b49a-bd01c7f68aff
03ee27cc-1064-48e0-be81-4694fbf464f1,313fe2aa-9acf-4e44-b215-3d94eac8de99,1,a-,prefix,eb2dab21-d31e-4dbd-bb90-255c046203a6
03ee27cc-1064-48e0-be81-4694fbf464f1,313fe2aa-9acf-4e44-b215-3d94eac8de99,2,ab-,prefix,1e4ea41c-ee64-4bce-aed5-5ba7b9bcccff
03ee27cc-1064-48e0-be81-4694fbf464f1,313fe2aa-9acf-4e44-b215-3d94eac8de99,3,ac-,prefix,313fe2aa-9acf-4e44-b215-3d94eac8de99
03ee27cc-1064-48e0-be81-4694fbf464f1,313fe2aa-9acf-4e44-b215-3d94eac8de99,4,ad-,prefix,01e572b5-9046-4ae6-82df-91bb22b151d2
03ee27cc-1064-48e0-be81-4694fbf464f1,313fe2aa-9acf-4e44-b215-3d94eac8de99,5,ap-,prefix,3015fc76-f4ec-4a6a-bc69-218e873a44f1
03ee27cc-1064-48e0-be81-4694fbf464f1,313fe2aa-9acf-4e44-b215-3d94eac8de99,6,as-,prefix,eb377bec-24c3-4c39-84d6-2c688a20059a
03ee27cc-1064-48e0-be81-4694fbf464f1,313fe2aa-9acf-4e44-b215-3d94eac8de99,7,at-,prefix,e63cdbbb-8bfb-442b-b49a-bd01c7f68aff
03ee27cc-1064-48e0-be81-4694fbf464f1,9bebcdf5-265c-4adc-8942-d7292f227ae6,1,quir,root,043a8e37-8b8c-4e2c-8cbc-fca2a2aa84b8
4b115dfc-03d5-4647-8817-3ec5e8bb9950,ac7523d6-9e5f-4cff-bd04-0e001ef21a7a,1,trans-,prefix,c382c29f-affc-416a-8882-078f7af11696
ec9e8d7c-6ab2-4423-b914-181701696c70,ac7523d6-9e5f-4cff-bd04-0e001ef21a7a,1,trans-,prefix,c382c29f-affc-416a-8882-078f7af11696
4ceeaab0-2be3-41f3-89b2-d9dad58622f3,ae5522fc-65cf-47b7-9577-4e782649516d,1,in,word,84b42a02-b972-4109-ac42-7d04746f07c8
62728e79-e6f6-47c9-931e-122821db78fa,ae5522fc-65cf-47b7-9577-4e782649516d,1,in,word,84b42a02-b972-4109-ac42-7d04746f07c8
ce309ae0-58b9-4528-b9ce-40918f8f8cef,01e572b5-9046-4ae6-82df-91bb22b151d2,1,at,word,9c2f1b32-39ad-4c43-8c8d-ae84d4272e3b
0ea84361-029f-48ab-a754-93957b76212c,01e572b5-9046-4ae6-82df-91bb22b151d2,1,at,word,9c2f1b32-39ad-4c43-8c8d-ae84d4272e3b
db5935c8-b1c5-45f2-b0e0-5ce735231db0,01e572b5-9046-4ae6-82df-91bb22b151d2,1,at,word,9c2f1b32-39ad-4c43-8c8d-ae84d4272e3b
ec4eb4b0-4baf-458b-90f5-7a322476129b,8ecfa17f-80e7-4ee9-b0fe-e85546e935a7,1,no,word,1e07c7e4-8b6f-43c3-9c7a-9916d745441f
afc23002-7eed-4bf6-b0b8-f3512f6569e2,8ecfa17f-80e7-4ee9-b0fe-e85546e935a7,1,no,word,1e07c7e4-8b6f-43c3-9c7a-9916d745441f
b4f7ae7b-97ca-45ba-b9da-e7651fa12fc4,8ecfa17f-80e7-4ee9-b0fe-e85546e935a7,1,no,word,1e07c7e4-8b6f-43c3-9c7a-9916d745441f
0cb98fce-79d9-423b-a0ca-1563eeae8563,8ecfa17f-80e7-4ee9-b0fe-e85546e935a7,1,no,word,1e07c7e4-8b6f-43c3-9c7a-9916d745441f
78364e25-3eaf-4978-bbcc-ec12eb570772,313fe2aa-9acf-4e44-b215-3d94eac8de99,1,a-,prefix,eb2dab21-d31e-4dbd-bb90-255c046203a6
78364e25-3eaf-4978-bbcc-ec12eb570772,313fe2aa-9acf-4e44-b215-3d94eac8de99,2,ab-,prefix,1e4ea41c-ee64-4bce-aed5-5ba7b9bcccff
78364e25-3eaf-4978-bbcc-ec12eb570772,313fe2aa-9acf-4e44-b215-3d94eac8de99,3,ac-,prefix,313fe2aa-9acf-4e44-b215-3d94eac8de99
78364e25-3eaf-4978-bbcc-ec12eb570772,313fe2aa-9acf-4e44-b215-3d94eac8de99,4,ad-,prefix,01e572b5-9046-4ae6-82df-91bb22b151d2
78364e25-3eaf-4978-bbcc-ec12eb570772,313fe2aa-9acf-4e44-b215-3d94eac8de99,5,ap-,prefix,3015fc76-f4ec-4a6a-bc69-218e873a44f1
78364e25-3eaf-4978-bbcc-ec12eb570772,313fe2aa-9acf-4e44-b215-3d94eac8de99,6,as-,prefix,eb377bec-24c3-4c39-84d6-2c688a20059a
78364e25-3eaf-4978-bbcc-ec12eb570772,313fe2aa-9acf-4e44-b215-3d94eac8de99,7,at-,prefix,e63cdbbb-8bfb-442b-b49a-bd01c7f68aff
8e01ef3c-cbe8-4330-bae1-7d4c9470e460,313fe2aa-9acf-4e44-b215-3d94eac8de99,1,a-,prefix,eb2dab21-d31e-4dbd-bb90-255c046203a6
8e01ef3c-cbe8-4330-bae1-7d4c9470e460,313fe2aa-9acf-4e44-b215-3d94eac8de99,2,ab-,prefix,1e4ea41c-ee64-4bce-aed5-5ba7b9bcccff
8e01ef3c-cbe8-4330-bae1-7d4c9470e460,313fe2aa-9acf-4e44-b215-3d94eac8de99,3,ac-,prefix,313fe2aa-9acf-4e44-b215-3d94eac8de99
8e01ef3c-cbe8-4330-bae1-7d4c9470e460,313fe2aa-9acf-4e44-b215-3d94eac8de99,4,ad-,prefix,01e572b5-9046-4ae6-82df-91bb22b151d2
8e01ef3c-cbe8-4330-bae1-7d4c9470e460,313fe2aa-9acf-4e44-b215-3d94eac8de99,5,ap-,prefix,3015fc76-f4ec-4a6a-bc69-218e873a44f1
8e01ef3c-cbe8-4330-bae1-7d4c9470e460,313fe2aa-9acf-4e44-b215-3d94eac8de99,6,as-,prefix,eb377bec-24c3-4c39-84d6-2c688a20059a
8e01ef3c-cbe8-4330-bae1-7d4c9470e460,313fe2aa-9acf-4e44-b215-3d94eac8de99,7,at-,prefix,e63cdbbb-8bfb-442b-b49a-bd01c7f68aff
c2abfa31-193a-4d8b-8ffa-6eda9c21936c,8d09ac5a-efca-4eca-9d36-a0b623892bf0,1,in,word,84b42a02-b972-4109-ac42-7d04746f07c8
db5b69fa-f0a8-4829-9515-d1c1d36ae631,8d09ac5a-efca-4eca-9d36-a0b623892bf0,1,in,word,84b42a02-b972-4109-ac42-7d04746f07c8
558b68e1-0694-4ad3-aa5c-bd2075b9d665,98e6651d-8b5e-462a-adb2-dc5da6edb65c,1,come,word,bed2da61-da50-4e6e-ad60-0caa543d62a8
c6b8f710-0b0c-4c42-971e-d831845e2634,cd13c832-2666-4ce2-941a-6ec85b0fb7be,1,-t,suffix,902260c2-0a41-46d9-8130-90955ee5437e
771d7080-bacf-4ed2-a102-c7071c2726ae,c51a8e11-69c9-4469-b362-65f433a0d955,1,come,word,bed2da61-da50-4e6e-ad60-0caa543d62a8
e3d25d1e-d7d3-4e85-a140-bcc18503d6cd,c51a8e11-69c9-4469-b362-65f433a0d955,1,come,word,bed2da61-da50-4e6e-ad60-0caa543d62a8
8fde3948-05fc-416c-b525-13c5646b69b3,f3043748-2a8e-416f-87b5-bff450e022d9,1,at,word,9c2f1b32-39ad-4c43-8c8d-ae84d4272e3b
2b4d9d9d-052b-4ce3-9035-9775a394c2ea,f3043748-2a8e-416f-87b5-bff450e022d9,1,at,word,9c2f1b32-39ad-4c43-8c8d-ae84d4272e3b
5b678798-60b9-49f6-a09e-0475a3e7efe9,f3043748-2a8e-416f-87b5-bff450e022d9,1,at,word,9c2f1b32-39ad-4c43-8c8d-ae84d4272e3b
1691bca8-f82c-4565-bf22-4c5d950e456d,eb377bec-24c3-4c39-84d6-2c688a20059a,1,at,word,9c2f1b32-39ad-4c43-8c8d-ae84d4272e3b
1691bca8-f82c-4565-bf22-4c5d950e456d,eb377bec-24c3-4c39-84d6-2c688a20059a,2,a-,prefix,eb2dab21-d31e-4dbd-bb90-255c046203a6
1691bca8-f82c-4565-bf22-4c5d950e456d,eb377bec-24c3-4c39-84d6-2c688a20059a,3,ab-,prefix,1e4ea41c-ee64-4bce-aed5-5ba7b9bcccff
1691bca8-f82c-4565-bf22-4c5d950e456d,eb377bec-24c3-4c39-84d6-2c688a20059a,4,ac-,prefix,313fe2aa-9acf-4e44-b215-3d94eac8de99
1691bca8-f82c-4565-bf22-4c5d950e456d,eb377bec-24c3-4c39-84d6-2c688a20059a,5,ad-,prefix,01e572b5-9046-4ae6-82df-91bb22b151d2
1691bca8-f82c-4565-bf22-4c5d950e456d,eb377bec-24c3-4c39-84d6-2c688a20059a,6,ap-,prefix,3015fc76-f4ec-4a6a-bc69-218e873a44f1
1691bca8-f82c-4565-bf22-4c5d950e456d,eb377bec-24c3-4c39-84d6-2c688a20059a,7,as-,prefix,eb377bec-24c3-4c39-84d6-2c688a20059a
1691bca8-f82c-4565-bf22-4c5d950e456d,eb377bec-24c3-4c39-84d6-2c688a20059a,8,at-,prefix,e63cdbbb-8bfb-442b-b49a-bd01c7f68aff
f387947d-55af-4a6c-8919-9cdd0348c47d,2c8f7c44-05fb-4ed7-a577-e8d22d2ef756,1,come,word,bed2da61-da50-4e6e-ad60-0caa543d62a8
5901ce82-9982-4fe5-814c-8df8141c19ae,2c8f7c44-05fb-4ed7-a577-e8d22d2ef756,1,come,word,bed2da61-da50-4e6e-ad60-0caa543d62a8
a4d7af6e-070c-4d4b-be10-2182b11188d2,2c8f7c44-05fb-4ed7-a577-e8d22d2ef756,1,come,word,bed2da61-da50-4e6e-ad60-0caa543d62a8
0af007ef-0560-45f4-9fb0-d51912c7bbbf,6c1d309c-a650-44a3-a776-a143395f5ba7,1,an,word,f12a203c-950b-4f36-a096-1faed7f15f69
6d3ab4d5-44ce-4771-81f3-f9ca3b6f1423,6c1d309c-a650-44a3-a776-a143395f5ba7,1,an,word,f12a203c-950b-4f36-a096-1faed7f15f69
d9ac0762-1173-49bd-8c20-03e79c322798,c51a8e11-69c9-4469-b362-65f433a0d955,1,come,word,bed2da61-da50-4e6e-ad60-0caa543d62a8
2bbdc457-fd84-4f36-9280-21793eace5b7,eb377bec-24c3-4c39-84d6-2c688a20059a,1,at,word,9c2f1b32-39ad-4c43-8c8d-ae84d4272e3b
2bbdc457-fd84-4f36-9280-21793eace5b7,eb377bec-24c3-4c39-84d6-2c688a20059a,2,a-,prefix,eb2dab21-d31e-4dbd-bb90-255c046203a6
2bbdc457-fd84-4f36-9280-21793eace5b7,eb377bec-24c3-4c39-84d6-2c688a20059a,3,ab-,prefix,1e4ea41c-ee64-4bce-aed5-5ba7b9bcccff
2bbdc457-fd84-4f36-9280-21793eace5b7,eb377bec-24c3-4c39-84d6-2c688a20059a,4,ac-,prefix,313fe2aa-9acf-4e44-b215-3d94eac8de99
2bbdc457-fd84-4f36-9280-21793eace5b7,eb377bec-24c3-4c39-84d6-2c688a20059a,5,ad-,prefix,01e572b5-9046-4ae6-82df-91bb22b151d2
2bbdc457-fd84-4f36-9280-21793eace5b7,eb377bec-24c3-4c39-84d6-2c688a20059a,6,ap-,prefix,3015fc76-f4ec-4a6a-bc69-218e873a44f1
2bbdc457-fd84-4f36-9280-21793eace5b7,eb377bec-24c3-4c39-84d6-2c688a20059a,7,as-,prefix,eb377bec-24c3-4c39-84d6-2c688a20059a
2bbdc457-fd84-4f36-9280-21793eace5b7,eb377bec-24c3-4c39-84d6-2c688a20059a,8,at-,prefix,e63cdbbb-8bfb-442b-b49a-bd01c7f68aff
3a2b7741-bd52-4264-9dda-adc119fae7bc,eb377bec-24c3-4c39-84d6-2c688a20059a,1,at,word,9c2f1b32-39ad-4c43-8c8d-ae84d4272e3b
3a2b7741-bd52-4264-9dda-adc119fae7bc,eb377bec-24c3-4c39-84d6-2c688a20059a,2,a-,prefix,eb2dab21-d31e-4dbd-bb90-255c046203a6
3a2b7741-bd52-4264-9dda-adc119fae7bc,eb377bec-24c3-4c39-84d6-2c688a20059a,3,ab-,prefix,1e4ea41c-ee64-4bce-aed5-5ba7b9bcccff
3a2b7741-bd52-4264-9dda-adc119fae7bc,eb377bec-24c3-4c39-84d6-2c688a20059a,4,ac-,prefix,313fe2aa-9acf-4e44-b215-3d94eac8de99
3a2b7741-bd52-4264-9dda-adc119fae7bc,eb377bec-24c3-4c39-84d6-2c688a20059a,5,ad-,prefix,01e572b5-9046-4ae6-82df-91bb22b151d2
3a2b7741-bd52-4264-9dda-adc119fae7bc,eb377bec-24c3-4c39-84d6-2c688a20059a,6,ap-,prefix,3015fc76-f4ec-4a6a-bc69-218e873a44f1
3a2b7741-bd52-4264-9dda-adc119fae7bc,eb377bec-24c3-4c39-84d6-2c688a20059a,7,as-,prefix,eb377bec-24c3-4c39-84d6-2c688a20059a
3a2b7741-bd52-4264-9dda-adc119fae7bc,eb377bec-24c3-4c39-84d6-2c688a20059a,8,at-,prefix,e63cdbbb-8bfb-442b-b49a-bd01c7f68aff
da56a481-7a5f-424e-8276-4f444a9b3e19,06745c5f-8b12-4d64-ae46-b489ec966161,1,dis-,prefix,23270402-944b-4e2a-9f4b-da81351a827e
da56a481-7a5f-424e-8276-4f444a9b3e19,06745c5f-8b12-4d64-ae46-b489ec966161,2,cip,root,67ebac6c-2d1a-49a2-bc1b-3954dc156af0
3cf67b51-bf27-408a-bddd-09a6805f45e6,06745c5f-8b12-4d64-ae46-b489ec966161,1,dis-,prefix,23270402-944b-4e2a-9f4b-da81351a827e
3cf67b51-bf27-408a-bddd-09a6805f45e6,06745c5f-8b12-4d64-ae46-b489ec966161,2,cip,root,67ebac6c-2d1a-49a2-bc1b-3954dc156af0
5729c906-cc89-4f2d-93e5-9ea08cbabca6,35bfa2ad-f3d3-43ad-8bb7-1a1b5f5b9059,1,in,word,84b42a02-b972-4109-ac42-7d04746f07c8
5729c906-cc89-4f2d-93e5-9ea08cbabca6,35bfa2ad-f3d3-43ad-8bb7-1a1b5f5b9059,2,-er,suffix,22a3b447-d3cf-4d74-8e34-fadb7d2b0375
64d73420-abd0-4d5b-a0dd-99fe205c39d8,35bfa2ad-f3d3-43ad-8bb7-1a1b5f5b9059,1,in,word,84b42a02-b972-4109-ac42-7d04746f07c8
64d73420-abd0-4d5b-a0dd-99fe205c39d8,35bfa2ad-f3d3-43ad-8bb7-1a1b5f5b9059,2,-er,suffix,22a3b447-d3cf-4d74-8e34-fadb7d2b0375
9f60e575-0b80-4e9c-ba66-25e4bd2e2075,c22486c6-931d-4d17-aa1c-6e194af7d38b,1,reach,word,f6b1d2db-c97f-403a-bc1f-749863673267
338f4c58-2a30-417a-b30e-0bd2295e1abf,313fe2aa-9acf-4e44-b215-3d94eac8de99,1,a-,prefix,eb2dab21-d31e-4dbd-bb90-255c046203a6
338f4c58-2a30-417a-b30e-0bd2295e1abf,313fe2aa-9acf-4e44-b215-3d94eac8de99,2,ab-,prefix,1e4ea41c-ee64-4bce-aed5-5ba7b9bcccff
338f4c58-2a30-417a-b30e-0bd2295e1abf,313fe2aa-9acf-4e44-b215-3d94eac8de99,3,ac-,prefix,313fe2aa-9acf-4e44-b215-3d94eac8de99
338f4c58-2a30-417a-b30e-0bd2295e1abf,313fe2aa-9acf-4e44-b215-3d94eac8de99,4,ad-,prefix,01e572b5-9046-4ae6-82df-91bb22b151d2
338f4c58-2a30-417a-b30e-0bd2295e1abf,313fe2aa-9acf-4e44-b215-3d94eac8de99,5,ap-,prefix,3015fc76-f4ec-4a6a-bc69-218e873a44f1
338f4c58-2a30-417a-b30e-0bd2295e1abf,313fe2aa-9acf-4e44-b215-3d94eac8de99,6,as-,prefix,eb377bec-24c3-4c39-84d6-2c688a20059a
338f4c58-2a30-417a-b30e-0bd2295e1abf,313fe2aa-9acf-4e44-b215-3d94eac8de99,7,at-,prefix,e63cdbbb-8bfb-442b-b49a-bd01c7f68aff
5ff110be-679d-4d51-b6b3-38cda4fc53f1,313fe2aa-9acf-4e44-b215-3d94eac8de99,1,a-,prefix,eb2dab21-d31e-4dbd-bb90-255c046203a6
5ff110be-679d-4d51-b6b3-38cda4fc53f1,313fe2aa-9acf-4e44-b215-3d94eac8de99,2,ab-,prefix,1e4ea41c-ee64-4bce-aed5-5ba7b9bcccff
5ff110be-679d-4d51-b6b3-38cda4fc53f1,313fe2aa-9acf-4e44-b215-3d94eac8de99,3,ac-,prefix,313fe2aa-9acf-4e44-b215-3d94eac8de99
5ff110be-679d-4d51-b6b3-38cda4fc53f1,313fe2aa-9acf-4e44-b215-3d94eac8de99,4,ad-,prefix,01e572b5-9046-4ae6-82df-91bb22b151d2
5ff110be-679d-4d51-b6b3-38cda4fc53f1,313fe2aa-9acf-4e44-b215-3d94eac8de99,5,ap-,prefix,3015fc76-f4ec-4a6a-bc69-218e873a44f1
5ff110be-679d-4d51-b6b3-38cda4fc53f1,313fe2aa-9acf-4e44-b215-3d94eac8de99,6,as-,prefix,eb377bec-24c3-4c39-84d6-2c688a20059a
5ff110be-679d-4d51-b6b3-38cda4fc53f1,313fe2aa-9acf-4e44-b215-3d94eac8de99,7,at-,prefix,e63cdbbb-8bfb-442b-b49a-bd01c7f68aff
b8fa200f-0cc0-4e87-85f2-0ec39a11076e,98e6651d-8b5e-462a-adb2-dc5da6edb65c,1,come,word,bed2da61-da50-4e6e-ad60-0caa543d62a8
e89b796b-c7c2-4c69-ae6a-d34e1e6593ec,8ecfa17f-80e7-4ee9-b0fe-e85546e935a7,1,no,word,1e07c7e4-8b6f-43c3-9c7a-9916d745441f
4353fe74-ab49-4532-99d3-44870ce3dcea,0cf41484-f807-4ed5-9307-282afeb2680e,1,try,word,c6f34070-157f-4643-b378-36d8ae16dd09
4353fe74-ab49-4532-99d3-44870ce3dcea,e63cdbbb-8bfb-442b-b49a-bd01c7f68aff,1,at,word,9c2f1b32-39ad-4c43-8c8d-ae84d4272e3b
5e84c1fd-f42b-4a17-863c-099abcd61750,e5a43dea-82df-4ab4-a221-ada5f7d6a387,1,god,word,8688fcf3-3cb8-4b5b-b501-82b24e37de75
5e84c1fd-f42b-4a17-863c-099abcd61750,e5a43dea-82df-4ab4-a221-ada5f7d6a387,2,-ar,suffix,5ca02fee-e010-4486-aeab-048fee41261b
d175f34c-7a57-492d-8cb5-e8aff746c3cb,e5a43dea-82df-4ab4-a221-ada5f7d6a387,1,god,word,8688fcf3-3cb8-4b5b-b501-82b24e37de75
d175f34c-7a57-492d-8cb5-e8aff746c3cb,e5a43dea-82df-4ab4-a221-ada5f7d6a387,2,-ar,suffix,5ca02fee-e010-4486-aeab-048fee41261b
54a8b259-1593-4a2f-bcb9-de23caa1381a,e5a43dea-82df-4ab4-a221-ada5f7d6a387,1,god,word,8688fcf3-3cb8-4b5b-b501-82b24e37de75
54a8b259-1593-4a2f-bcb9-de23caa1381a,e5a43dea-82df-4ab4-a221-ada5f7d6a387,2,-ar,suffix,5ca02fee-e010-4486-aeab-048fee41261b
6a2e8bcc-f9d8-42e0-b20e-b4b15a3592c1,e9081b64-24c5-45e6-ab9e-64161a4b9d55,1,in,word,84b42a02-b972-4109-ac42-7d04746f07c8
c6279663-8f39-4aa8-8cc5-efec50747e3f,c919cabc-a5af-470b-b8f8-4bfd1454baa1,1,where,word,d4c1b075-aa9a-430d-a06a-a78fb3f1adac
8f6c7249-c3fd-48f1-897b-ae03494dab61,c919cabc-a5af-470b-b8f8-4bfd1454baa1,1,where,word,d4c1b075-aa9a-430d-a06a-a78fb3f1adac
e51bbe15-b489-469b-9ef0-8b299e36a65f,c919cabc-a5af-470b-b8f8-4bfd1454baa1,1,where,word,d4c1b075-aa9a-430d-a06a-a78fb3f1adac
e50c0ac8-e75f-4434-85b9-703d89759541,e5a43dea-82df-4ab4-a221-ada5f7d6a387,1,god,word,8688fcf3-3cb8-4b5b-b501-82b24e37de75
e50c0ac8-e75f-4434-85b9-703d89759541,e5a43dea-82df-4ab4-a221-ada5f7d6a387,2,-ar,suffix,5ca02fee-e010-4486-aeab-048fee41261b
a19db34f-8590-4904-8767-ac640a8c217c,c51a8e11-69c9-4469-b362-65f433a0d955,1,come,word,bed2da61-da50-4e6e-ad60-0caa543d62a8
8518478a-0068-46fa-8a94-c9e52664b0e5,c51a8e11-69c9-4469-b362-65f433a0d955,1,come,word,bed2da61-da50-4e6e-ad60-0caa543d62a8
1b5e8c2c-676b-4692-bf33-e909f4f5f424,70efbdf4-bde7-4af6-af20-6be888e30b08,1,re-,prefix,25c9c982-54cc-42c6-8d13-31b6232755b7
64612f4d-beb3-4164-a36c-7f079405ed6d,59011590-c7ce-446a-bdff-06ab88384fec,1,is,word,01153fb1-72e5-475f-b7ac-fd2ece01e98e
64612f4d-beb3-4164-a36c-7f079405ed6d,59011590-c7ce-446a-bdff-06ab88384fec,2,in,word,84b42a02-b972-4109-ac42-7d04746f07c8
f3cde8bd-c24b-4ef1-b811-77bcec331660,59011590-c7ce-446a-bdff-06ab88384fec,1,is,word,01153fb1-72e5-475f-b7ac-fd2ece01e98e
f3cde8bd-c24b-4ef1-b811-77bcec331660,59011590-c7ce-446a-bdff-06ab88384fec,2,in,word,84b42a02-b972-4109-ac42-7d04746f07c8
01445cbc-0a8e-4511-9cce-42a8d1c6b19c,a9315268-e41b-41b1-ad0e-1e06a8d25808,1,know,word,c719a600-5928-4bf7-bdf6-fde64f9b3177
54a34a23-f212-4873-a02b-22407ce57c7c,a9315268-e41b-41b1-ad0e-1e06a8d25808,1,know,word,c719a600-5928-4bf7-bdf6-fde64f9b3177
8c305b15-feda-47e8-82b5-77924ab4956a,a9315268-e41b-41b1-ad0e-1e06a8d25808,1,know,word,c719a600-5928-4bf7-bdf6-fde64f9b3177
1571947a-5b15-4f2f-afec-24b57cd2d520,cbd8d96b-b71b-4a2e-9a9c-81ddf16581ef,1,a,word,019cc8a3-84c3-4f77-8e31-1269259d8a5d
95a50d0f-1795-4310-b6cf-6b78952f234f,c51a8e11-69c9-4469-b362-65f433a0d955,1,come,word,bed2da61-da50-4e6e-ad60-0caa543d62a8
6bbf003c-1b3b-4dee-ac0a-430ddcd6abb5,e63cdbbb-8bfb-442b-b49a-bd01c7f68aff,1,at,word,9c2f1b32-39ad-4c43-8c8d-ae84d4272e3b
065e4ac1-1456-40f0-ab82-3627864b082d,e63cdbbb-8bfb-442b-b49a-bd01c7f68aff,1,at,word,9c2f1b32-39ad-4c43-8c8d-ae84d4272e3b
239b5b73-f50b-4cc5-bf9f-d384dbabb1ab,ea404a62-bc91-48a9-96ec-981aa2a018dc,1,mini,word,e5149dd5-3c37-4c31-b9bb-a576cc6bbafa
239b5b73-f50b-4cc5-bf9f-d384dbabb1ab,ea404a62-bc91-48a9-96ec-981aa2a018dc,2,in,word,84b42a02-b972-4109-ac42-7d04746f07c8
bd761717-1511-4010-b46b-2b9ddee00ce7,ea404a62-bc91-48a9-96ec-981aa2a018dc,1,mini,word,e5149dd5-3c37-4c31-b9bb-a576cc6bbafa
bd761717-1511-4010-b46b-2b9ddee00ce7,ea404a62-bc91-48a9-96ec-981aa2a018dc,2,in,word,84b42a02-b972-4109-ac42-7d04746f07c8
5abd27b2-b9c1-4423-aeb4-f8c938291c29,35bfa2ad-f3d3-43ad-8bb7-1a1b5f5b9059,1,in,word,84b42a02-b972-4109-ac42-7d04746f07c8
5abd27b2-b9c1-4423-aeb4-f8c938291c29,35bfa2ad-f3d3-43ad-8bb7-1a1b5f5b9059,2,-er,suffix,22a3b447-d3cf-4d74-8e34-fadb7d2b0375
77aed33f-fbdd-4a5f-94cd-354b552dd7b8,35bfa2ad-f3d3-43ad-8bb7-1a1b5f5b9059,1,in,word,84b42a02-b972-4109-ac42-7d04746f07c8
77aed33f-fbdd-4a5f-94cd-354b552dd7b8,35bfa2ad-f3d3-43ad-8bb7-1a1b5f5b9059,2,-er,suffix,22a3b447-d3cf-4d74-8e34-fadb7d2b0375
27430e01-df9e-44fd-9e03-e820ad347e36,eabfcb69-f5cb-4776-9fe5-50322c63ee01,1,come,word,bed2da61-da50-4e6e-ad60-0caa543d62a8
58a48290-3888-455c-8c0a-271d90690e26,2ec342b0-e4bc-419d-ae67-390149ddbd21,1,over,word,5bbd5dbe-032d-4060-936c-4088d18dce41
e0adeb9a-81be-4e49-af80-a96ac3ed6f11,2ec342b0-e4bc-419d-ae67-390149ddbd21,1,over,word,5bbd5dbe-032d-4060-936c-4088d18dce41
17ea9cac-7045-4763-a0fe-a313536ea6a2,2ec342b0-e4bc-419d-ae67-390149ddbd21,1,over,word,5bbd5dbe-032d-4060-936c-4088d18dce41
cf1886dd-3020-488c-a224-138be6897681,98e6651d-8b5e-462a-adb2-dc5da6edb65c,1,come,word,bed2da61-da50-4e6e-ad60-0caa543d62a8
8f4452f8-3387-4c25-bf57-04734749dffa,98e6651d-8b5e-462a-adb2-dc5da6edb65c,1,come,word,bed2da61-da50-4e6e-ad60-0caa543d62a8
d0c1cb7e-466c-4816-bb99-96f7123f9e4e,98e6651d-8b5e-462a-adb2-dc5da6edb65c,1,come,word,bed2da61-da50-4e6e-ad60-0caa543d62a8
e9ff7026-1f25-41b4-b9fd-c525c72802e3,010a9787-fb42-4ab5-bf4e-f4170cfe8bae,1,as,word,a7a8635e-5db0-471f-a519-91896425616e
6287e2f3-7f54-4a4b-ba16-391d8308ea82,eb377bec-24c3-4c39-84d6-2c688a20059a,1,at,word,9c2f1b32-39ad-4c43-8c8d-ae84d4272e3b
6287e2f3-7f54-4a4b-ba16-391d8308ea82,eb377bec-24c3-4c39-84d6-2c688a20059a,2,a-,prefix,eb2dab21-d31e-4dbd-bb90-255c046203a6
6287e2f3-7f54-4a4b-ba16-391d8308ea82,eb377bec-24c3-4c39-84d6-2c688a20059a,3,ab-,prefix,1e4ea41c-ee64-4bce-aed5-5ba7b9bcccff
6287e2f3-7f54-4a4b-ba16-391d8308ea82,eb377bec-24c3-4c39-84d6-2c688a20059a,4,ac-,prefix,313fe2aa-9acf-4e44-b215-3d94eac8de99
6287e2f3-7f54-4a4b-ba16-391d8308ea82,eb377bec-24c3-4c39-84d6-2c688a20059a,5,ad-,prefix,01e572b5-9046-4ae6-82df-91bb22b151d2
6287e2f3-7f54-4a4b-ba16-391d8308ea82,eb377bec-24c3-4c39-84d6-2c688a20059a,6,ap-,prefix,3015fc76-f4ec-4a6a-bc69-218e873a44f1
6287e2f3-7f54-4a4b-ba16-391d8308ea82,eb377bec-24c3-4c39-84d6-2c688a20059a,7,as-,prefix,eb377bec-24c3-4c39-84d6-2c688a20059a
6287e2f3-7f54-4a4b-ba16-391d8308ea82,eb377bec-24c3-4c39-84d6-2c688a20059a,8,at-,prefix,e63cdbbb-8bfb-442b-b49a-bd01c7f68aff
0fc2c2b2-9d24-49df-a845-c57486ef116e,eb377bec-24c3-4c39-84d6-2c688a20059a,1,at,word,9c2f1b32-39ad-4c43-8c8d-ae84d4272e3b
0fc2c2b2-9d24-49df-a845-c57486ef116e,eb377bec-24c3-4c39-84d6-2c688a20059a,2,a-,prefix,eb2dab21-d31e-4dbd-bb90-255c046203a6
0fc2c2b2-9d24-49df-a845-c57486ef116e,eb377bec-24c3-4c39-84d6-2c688a20059a,3,ab-,prefix,1e4ea41c-ee64-4bce-aed5-5ba7b9bcccff
0fc2c2b2-9d24-49df-a845-c57486ef116e,eb377bec-24c3-4c39-84d6-2c688a20059a,4,ac-,prefix,313fe2aa-9acf-4e44-b215-3d94eac8de99
0fc2c2b2-9d24-49df-a845-c57486ef116e,eb377bec-24c3-4c39-84d6-2c688a20059a,5,ad-,prefix,01e572b5-9046-4ae6-82df-91bb22b151d2
0fc2c2b2-9d24-49df-a845-c57486ef116e,eb377bec-24c3-4c39-84d6-2c688a20059a,6,ap-,prefix,3015fc76-f4ec-4a6a-bc69-218e873a44f1
0fc2c2b2-9d24-49df-a845-c57486ef116e,eb377bec-24c3-4c39-84d6-2c688a20059a,7,as-,prefix,eb377bec-24c3-4c39-84d6-2c688a20059a
0fc2c2b2-9d24-49df-a845-c57486ef116e,eb377bec-24c3-4c39-84d6-2c688a20059a,8,at-,prefix,e63cdbbb-8bfb-442b-b49a-bd01c7f68aff
eed4458f-4d47-4336-ac00-6ccc98ff36ba,eb377bec-24c3-4c39-84d6-2c688a20059a,1,at,word,9c2f1b32-39ad-4c43-8c8d-ae84d4272e3b
eed4458f-4d47-4336-ac00-6ccc98ff36ba,eb377bec-24c3-4c39-84d6-2c688a20059a,2,a-,prefix,eb2dab21-d31e-4dbd-bb90-255c046203a6
eed4458f-4d47-4336-ac00-6ccc98ff36ba,eb377bec-24c3-4c39-84d6-2c688a20059a,3,ab-,prefix,1e4ea41c-ee64-4bce-aed5-5ba7b9bcccff
eed4458f-4d47-4336-ac00-6ccc98ff36ba,eb377bec-24c3-4c39-84d6-2c688a20059a,4,ac-,prefix,313fe2aa-9acf-4e44-b215-3d94eac8de99
eed4458f-4d47-4336-ac00-6ccc98ff36ba,eb377bec-24c3-4c39-84d6-2c688a20059a,5,ad-,prefix,01e572b5-9046-4ae6-82df-91bb22b151d2
eed4458f-4d47-4336-ac00-6ccc98ff36ba,eb377bec-24c3-4c39-84d6-2c688a20059a,6,ap-,prefix,3015fc76-f4ec-4a6a-bc69-218e873a44f1
eed4458f-4d47-4336-ac00-6ccc98ff36ba,eb377bec-24c3-4c39-84d6-2c688a20059a,7,as-,prefix,eb377bec-24c3-4c39-84d6-2c688a20059a
eed4458f-4d47-4336-ac00-6ccc98ff36ba,eb377bec-24c3-4c39-84d6-2c688a20059a,8,at-,prefix,e63cdbbb-8bfb-442b-b49a-bd01c7f68aff
16e35e09-d4c0-4371-8494-275aa35ac078,c51a8e11-69c9-4469-b362-65f433a0d955,1,come,word,bed2da61-da50-4e6e-ad60-0caa543d62a8
16e35e09-d4c0-4371-8494-275aa35ac078,7ca55f55-7004-41c8-a4b8-a17b3de0ed62,1,hand,word,63577aa8-bd7a-4f78-8d17-c826ccd457ef
99ce1076-76bd-4596-8e37-47624735c15b,c51a8e11-69c9-4469-b362-65f433a0d955,1,come,word,bed2da61-da50-4e6e-ad60-0caa543d62a8
99ce1076-76bd-4596-8e37-47624735c15b,7ca55f55-7004-41c8-a4b8-a17b3de0ed62,1,hand,word,63577aa8-bd7a-4f78-8d17-c826ccd457ef
11a2f3de-4bd9-4a55-9ba9-091d914d94b8,c1fa9dfd-1e32-443c-8947-936a519268ee,1,pro-,prefix,40e680cb-32e4-4cff-bb9c-b17989a9fa1a
11a2f3de-4bd9-4a55-9ba9-091d914d94b8,c1fa9dfd-1e32-443c-8947-936a519268ee,2,-er,suffix,22a3b447-d3cf-4d74-8e34-fadb7d2b0375
952992f3-206e-4312-a02d-ec7945631738,c1fa9dfd-1e32-443c-8947-936a519268ee,1,pro-,prefix,40e680cb-32e4-4cff-bb9c-b17989a9fa1a
952992f3-206e-4312-a02d-ec7945631738,c1fa9dfd-1e32-443c-8947-936a519268ee,2,-er,suffix,22a3b447-d3cf-4d74-8e34-fadb7d2b0375
10fd399e-8cbf-4255-ad48-8cd6ec379d62,98e6651d-8b5e-462a-adb2-dc5da6edb65c,1,come,word,bed2da61-da50-4e6e-ad60-0caa543d62a8
2beb53c6-823b-4981-89cb-74fbfe52c19a,dfd013a4-97a0-442d-85b7-d8f6c7abc40e,1,can,word,1a7fd486-6f5a-4d29-a48e-f09d1ec280aa
2fbbde49-698d-44c2-8457-dadc86d3050d,4aed14cc-c30a-43d3-8976-f0088d46fe3a,1,in,word,84b42a02-b972-4109-ac42-7d04746f07c8
8d2cce12-10d6-45ae-b07a-ec29cec78a4a,e3f9a00b-cb0f-44b6-ba6a-959af478ad42,1,-ing,suffix,d56e76f7-0ba9-4b1e-9eac-a1dbe8f8c79a
19fd79f0-171a-461d-bbd7-60401909935f,e3f9a00b-cb0f-44b6-ba6a-959af478ad42,1,-ing,suffix,d56e76f7-0ba9-4b1e-9eac-a1dbe8f8c79a
502d4c08-1916-45ef-9fbf-3b07946dbece,e9081b64-24c5-45e6-ab9e-64161a4b9d55,1,in,word,84b42a02-b972-4109-ac42-7d04746f07c8
502d4c08-1916-45ef-9fbf-3b07946dbece,e3f9a00b-cb0f-44b6-ba6a-959af478ad42,1,-ing,suffix,d56e76f7-0ba9-4b1e-9eac-a1dbe8f8c79a
ba4b9dbf-0f71-49d0-b0cd-fe3d47510721,52eb062d-9ae5-408c-b6d4-b8e3c0023b1b,1,have,word,1caf16a2-bdea-4704-b119-50af402b3b77
ba4b9dbf-0f71-49d0-b0cd-fe3d47510721,52eb062d-9ae5-408c-b6d4-b8e3c0023b1b,2,it,word,b53c2e40-e251-43a1-90b3-1d0a5f9f9dff
49e72853-b308-4384-80a8-78571b445d2b,52eb062d-9ae5-408c-b6d4-b8e3c0023b1b,1,have,word,1caf16a2-bdea-4704-b119-50af402b3b77
49e72853-b308-4384-80a8-78571b445d2b,52eb062d-9ae5-408c-b6d4-b8e3c0023b1b,2,it,word,b53c2e40-e251-43a1-90b3-1d0a5f9f9dff
98b0089e-6cd4-425a-a13c-6953d3313fad,59011590-c7ce-446a-bdff-06ab88384fec,1,is,word,01153fb1-72e5-475f-b7ac-fd2ece01e98e
98b0089e-6cd4-425a-a13c-6953d3313fad,59011590-c7ce-446a-bdff-06ab88384fec,2,in,word,84b42a02-b972-4109-ac42-7d04746f07c8
03b6e7a3-829f-478c-a2f5-4907c9e24613,59011590-c7ce-446a-bdff-06ab88384fec,1,is,word,01153fb1-72e5-475f-b7ac-fd2ece01e98e
03b6e7a3-829f-478c-a2f5-4907c9e24613,59011590-c7ce-446a-bdff-06ab88384fec,2,in,word,84b42a02-b972-4109-ac42-7d04746f07c8
03b6e7a3-829f-478c-a2f5-4907c9e24613,1e678b63-e62a-45bc-ab75-195ff595ec45,1,ply,root,9e92b8fa-7667-4e96-be25-66ba91365deb
13c3d6b2-bc9c-4e9e-a5de-fa2949464945,98e6651d-8b5e-462a-adb2-dc5da6edb65c,1,come,word,bed2da61-da50-4e6e-ad60-0caa543d62a8
2f80d2cd-9a5f-4fd2-9159-506fd5d3e565,98e6651d-8b5e-462a-adb2-dc5da6edb65c,1,come,word,bed2da61-da50-4e6e-ad60-0caa543d62a8
bd30f524-d9b3-41cf-afd1-ba6b714c1960,98e6651d-8b5e-462a-adb2-dc5da6edb65c,1,come,word,bed2da61-da50-4e6e-ad60-0caa543d62a8
50877a8f-6884-4aed-bd08-4ae78ef57222,35bfa2ad-f3d3-43ad-8bb7-1a1b5f5b9059,1,in,word,84b42a02-b972-4109-ac42-7d04746f07c8
50877a8f-6884-4aed-bd08-4ae78ef57222,35bfa2ad-f3d3-43ad-8bb7-1a1b5f5b9059,2,-er,suffix,22a3b447-d3cf-4d74-8e34-fadb7d2b0375
50877a8f-6884-4aed-bd08-4ae78ef57222,01f49513-202d-4971-8288-69133087830a,1,let,word,524f3f07-5c8a-4cdf-ac82-2ea1d7e78a01
1e4ebd9a-6fd7-498c-9ed5-03b074ec1542,72aab5e1-3606-4acb-b780-6ff6bc70dffb,1,it,word,b53c2e40-e251-43a1-90b3-1d0a5f9f9dff
25a52cbf-0a7c-45a4-849f-2875cb16f017,72aab5e1-3606-4acb-b780-6ff6bc70dffb,1,it,word,b53c2e40-e251-43a1-90b3-1d0a5f9f9dff
66df985d-7cd9-4ea2-9157-7d5adbc68548,ac7523d6-9e5f-4cff-bd04-0e001ef21a7a,1,trans-,prefix,c382c29f-affc-416a-8882-078f7af11696
413c91f8-3dc5-4239-8f5f-9c7c7e3d3bfc,ac7523d6-9e5f-4cff-bd04-0e001ef21a7a,1,trans-,prefix,c382c29f-affc-416a-8882-078f7af11696
818471c4-4f14-4ba5-8877-d24ea744ad2f,ac7523d6-9e5f-4cff-bd04-0e001ef21a7a,1,trans-,prefix,c382c29f-affc-416a-8882-078f7af11696
dd8cfba4-7a8b-4fb0-8833-b900e37c770b,313fe2aa-9acf-4e44-b215-3d94eac8de99,1,a-,prefix,eb2dab21-d31e-4dbd-bb90-255c046203a6
dd8cfba4-7a8b-4fb0-8833-b900e37c770b,313fe2aa-9acf-4e44-b215-3d94eac8de99,2,ab-,prefix,1e4ea41c-ee64-4bce-aed5-5ba7b9bcccff
dd8cfba4-7a8b-4fb0-8833-b900e37c770b,313fe2aa-9acf-4e44-b215-3d94eac8de99,3,ac-,prefix,313fe2aa-9acf-4e44-b215-3d94eac8de99
dd8cfba4-7a8b-4fb0-8833-b900e37c770b,313fe2aa-9acf-4e44-b215-3d94eac8de99,4,ad-,prefix,01e572b5-9046-4ae6-82df-91bb22b151d2
dd8cfba4-7a8b-4fb0-8833-b900e37c770b,313fe2aa-9acf-4e44-b215-3d94eac8de99,5,ap-,prefix,3015fc76-f4ec-4a6a-bc69-218e873a44f1
dd8cfba4-7a8b-4fb0-8833-b900e37c770b,313fe2aa-9acf-4e44-b215-3d94eac8de99,6,as-,prefix,eb377bec-24c3-4c39-84d6-2c688a20059a
dd8cfba4-7a8b-4fb0-8833-b900e37c770b,313fe2aa-9acf-4e44-b215-3d94eac8de99,7,at-,prefix,e63cdbbb-8bfb-442b-b49a-bd01c7f68aff
dd8cfba4-7a8b-4fb0-8833-b900e37c770b,c51a8e11-69c9-4469-b362-65f433a0d955,1,come,word,bed2da61-da50-4e6e-ad60-0caa543d62a8
3b68d00a-25cc-4e19-873e-367a70506783,313fe2aa-9acf-4e44-b215-3d94eac8de99,1,a-,prefix,eb2dab21-d31e-4dbd-bb90-255c046203a6
3b68d00a-25cc-4e19-873e-367a70506783,313fe2aa-9acf-4e44-b215-3d94eac8de99,2,ab-,prefix,1e4ea41c-ee64-4bce-aed5-5ba7b9bcccff
3b68d00a-25cc-4e19-873e-367a70506783,313fe2aa-9acf-4e44-b215-3d94eac8de99,3,ac-,prefix,313fe2aa-9acf-4e44-b215-3d94eac8de99
3b68d00a-25cc-4e19-873e-367a70506783,313fe2aa-9acf-4e44-b215-3d94eac8de99,4,ad-,prefix,01e572b5-9046-4ae6-82df-91bb22b151d2
3b68d00a-25cc-4e19-873e-367a70506783,313fe2aa-9acf-4e44-b215-3d94eac8de99,5,ap-,prefix,3015fc76-f4ec-4a6a-bc69-218e873a44f1
3b68d00a-25cc-4e19-873e-367a70506783,313fe2aa-9acf-4e44-b215-3d94eac8de99,6,as-,prefix,eb377bec-24c3-4c39-84d6-2c688a20059a
3b68d00a-25cc-4e19-873e-367a70506783,313fe2aa-9acf-4e44-b215-3d94eac8de99,7,at-,prefix,e63cdbbb-8bfb-442b-b49a-bd01c7f68aff
3b68d00a-25cc-4e19-873e-367a70506783,c51a8e11-69c9-4469-b362-65f433a0d955,1,come,word,bed2da61-da50-4e6e-ad60-0caa543d62a8
e82730e8-b111-425c-9905-97f9118a823f,2fe3292c-d5ba-43a0-858f-3fc9ce5afeae,1,fac,root,466f5a5c-cb68-45f0-8516-71ae148bc3a9
dd9b3783-754e-4bea-81dd-f91fc4cd8ef6,de761270-a58d-4822-8a24-110b2521fb24,1,in,word,84b42a02-b972-4109-ac42-7d04746f07c8
e83e81e0-6475-4342-880d-75124edfb32c,98e6651d-8b5e-462a-adb2-dc5da6edb65c,1,come,word,bed2da61-da50-4e6e-ad60-0caa543d62a8
7e9080c4-dc6e-4fe8-a3b0-92ac8c36f141,2fe3292c-d5ba-43a0-858f-3fc9ce5afeae,1,fac,root,466f5a5c-cb68-45f0-8516-71ae148bc3a9
4b71b908-1709-49dd-8846-0d3cd804dccf,d4a5dc4c-daa6-4258-b4f3-4b4e9a43bba7,1,act,word,f6c6ec73-4848-4690-a4b6-c7be1e84aa13
2c8ee0c2-2f32-4fb3-93bb-913e126e041c,d4a5dc4c-daa6-4258-b4f3-4b4e9a43bba7,1,act,word,f6c6ec73-4848-4690-a4b6-c7be1e84aa13
487580f5-5325-4624-ba0d-22a3264f885a,de761270-a58d-4822-8a24-110b2521fb24,1,in,word,84b42a02-b972-4109-ac42-7d04746f07c8
bc606fd6-caee-4585-8d1f-9702ad916725,f8d80652-06c7-4662-a796-7b4b81950e96,1,a-,prefix,eb2dab21-d31e-4dbd-bb90-255c046203a6
fdc183be-6717-42b5-926e-23bcad735620,313fe2aa-9acf-4e44-b215-3d94eac8de99,1,a-,prefix,eb2dab21-d31e-4dbd-bb90-255c046203a6
fdc183be-6717-42b5-926e-23bcad735620,313fe2aa-9acf-4e44-b215-3d94eac8de99,2,ab-,prefix,1e4ea41c-ee64-4bce-aed5-5ba7b9bcccff
fdc183be-6717-42b5-926e-23bcad735620,313fe2aa-9acf-4e44-b215-3d94eac8de99,3,ac-,prefix,313fe2aa-9acf-4e44-b215-3d94eac8de99
fdc183be-6717-42b5-926e-23bcad735620,313fe2aa-9acf-4e44-b215-3d94eac8de99,4,ad-,prefix,01e572b5-9046-4ae6-82df-91bb22b151d2
fdc183be-6717-42b5-926e-23bcad735620,313fe2aa-9acf-4e44-b215-3d94eac8de99,5,ap-,prefix,3015fc76-f4ec-4a6a-bc69-218e873a44f1
fdc183be-6717-42b5-926e-23bcad735620,313fe2aa-9acf-4e44-b215-3d94eac8de99,6,as-,prefix,eb377bec-24c3-4c39-84d6-2c688a20059a
fdc183be-6717-42b5-926e-23bcad735620,313fe2aa-9acf-4e44-b215-3d94eac8de99,7,at-,prefix,e63cdbbb-8bfb-442b-b49a-bd01c7f68aff
fdc183be-6717-42b5-926e-23bcad735620,e2886367-ddff-431b-895d-7f71b5981411,1,care,word,69493fae-4e11-41e4-a525-c15f83022370
cbb1e305-6913-4327-a6fc-fe231a5c856b,e9081b64-24c5-45e6-ab9e-64161a4b9d55,1,in,word,84b42a02-b972-4109-ac42-7d04746f07c8
cbb1e305-6913-4327-a6fc-fe231a5c856b,313fe2aa-9acf-4e44-b215-3d94eac8de99,1,a-,prefix,eb2dab21-d31e-4dbd-bb90-255c046203a6
cbb1e305-6913-4327-a6fc-fe231a5c856b,313fe2aa-9acf-4e44-b215-3d94eac8de99,2,ab-,prefix,1e4ea41c-ee64-4bce-aed5-5ba7b9bcccff
cbb1e305-6913-4327-a6fc-fe231a5c856b,313fe2aa-9acf-4e44-b215-3d94eac8de99,3,ac-,prefix,313fe2aa-9acf-4e44-b215-3d94eac8de99
cbb1e305-6913-4327-a6fc-fe231a5c856b,313fe2aa-9acf-4e44-b215-3d94eac8de99,4,ad-,prefix,01e572b5-9046-4ae6-82df-91bb22b151d2
cbb1e305-6913-4327-a6fc-fe231a5c856b,313fe2aa-9acf-4e44-b215-3d94eac8de99,5,ap-,prefix,3015fc76-f4ec-4a6a-bc69-218e873a44f1
cbb1e305-6913-4327-a6fc-fe231a5c856b,313fe2aa-9acf-4e44-b215-3d94eac8de99,6,as-,prefix,eb377bec-24c3-4c39-84d6-2c688a20059a
cbb1e305-6913-4327-a6fc-fe231a5c856b,313fe2aa-9acf-4e44-b215-3d94eac8de99,7,at-,prefix,e63cdbbb-8bfb-442b-b49a-bd01c7f68aff
cbb1e305-6913-4327-a6fc-fe231a5c856b,e2886367-ddff-431b-895d-7f71b5981411,1,care,word,69493fae-4e11-41e4-a525-c15f83022370
cd2099cf-eadf-4fc6-9be2-5cd563b42135,313fe2aa-9acf-4e44-b215-3d94eac8de99,1,a-,prefix,eb2dab21-d31e-4dbd-bb90-255c046203a6
cd2099cf-eadf-4fc6-9be2-5cd563b42135,313fe2aa-9acf-4e44-b215-3d94eac8de99,2,ab-,prefix,1e4ea41c-ee64-4bce-aed5-5ba7b9bcccff
cd2099cf-eadf-4fc6-9be2-5cd563b42135,313fe2aa-9acf-4e44-b215-3d94eac8de99,3,ac-,prefix,313fe2aa-9acf-4e44-b215-3d94eac8de99
cd2099cf-eadf-4fc6-9be2-5cd563b42135,313fe2aa-9acf-4e44-b215-3d94eac8de99,4,ad-,prefix,01e572b5-9046-4ae6-82df-91bb22b151d2
cd2099cf-eadf-4fc6-9be2-5cd563b42135,313fe2aa-9acf-4e44-b215-3d94eac8de99,5,ap-,prefix,3015fc76-f4ec-4a6a-bc69-218e873a44f1
cd2099cf-eadf-4fc6-9be2-5cd563b42135,313fe2aa-9acf-4e44-b215-3d94eac8de99,6,as-,prefix,eb377bec-24c3-4c39-84d6-2c688a20059a
cd2099cf-eadf-4fc6-9be2-5cd563b42135,313fe2aa-9acf-4e44-b215-3d94eac8de99,7,at-,prefix,e63cdbbb-8bfb-442b-b49a-bd01c7f68aff
cd2099cf-eadf-4fc6-9be2-5cd563b42135,e2886367-ddff-431b-895d-7f71b5981411,1,care,word,69493fae-4e11-41e4-a525-c15f83022370
8c582d4b-1a2d-420e-bf1c-060cbd693d20,d4a5dc4c-daa6-4258-b4f3-4b4e9a43bba7,1,act,word,f6c6ec73-4848-4690-a4b6-c7be1e84aa13
50ba7f89-5a42-495b-b502-6c57b8a1451c,d4a5dc4c-daa6-4258-b4f3-4b4e9a43bba7,1,act,word,f6c6ec73-4848-4690-a4b6-c7be1e84aa13
bda403bf-037d-4169-be78-4a4ff0316531,59011590-c7ce-446a-bdff-06ab88384fec,1,is,word,01153fb1-72e5-475f-b7ac-fd2ece01e98e
bda403bf-037d-4169-be78-4a4ff0316531,59011590-c7ce-446a-bdff-06ab88384fec,2,in,word,84b42a02-b972-4109-ac42-7d04746f07c8
77278168-d6a5-4d28-94dd-a14e369c8673,59011590-c7ce-446a-bdff-06ab88384fec,1,is,word,01153fb1-72e5-475f-b7ac-fd2ece01e98e
77278168-d6a5-4d28-94dd-a14e369c8673,59011590-c7ce-446a-bdff-06ab88384fec,2,in,word,84b42a02-b972-4109-ac42-7d04746f07c8
11ffc809-27a2-4ee4-961f-069cb6962c6d,e9081b64-24c5-45e6-ab9e-64161a4b9d55,1,in,word,84b42a02-b972-4109-ac42-7d04746f07c8
11ffc809-27a2-4ee4-961f-069cb6962c6d,8dfb903e-69c8-42c3-a95e-af71d0d5f92e,1,co-,prefix,eabfcb69-f5cb-4776-9fe5-50322c63ee01
11ffc809-27a2-4ee4-961f-069cb6962c6d,8dfb903e-69c8-42c3-a95e-af71d0d5f92e,2,-or,suffix,b9fed5d5-9451-4b2d-873c-9ee4b1ce3e43
66f3309e-b4e8-4fb6-9dca-705761797c81,d696314c-ce6b-4314-af4f-a4984645e31f,1,-er,suffix,22a3b447-d3cf-4d74-8e34-fadb7d2b0375
30c1758e-3529-4900-819e-7d04f25e6a18,01e572b5-9046-4ae6-82df-91bb22b151d2,1,at,word,9c2f1b32-39ad-4c43-8c8d-ae84d4272e3b
d1e8a6f6-488f-45e8-bb3f-6737ead73603,01e572b5-9046-4ae6-82df-91bb22b151d2,1,at,word,9c2f1b32-39ad-4c43-8c8d-ae84d4272e3b
fcdd5ab8-3884-46c4-a5d0-477ac9cf7614,01e572b5-9046-4ae6-82df-91bb22b151d2,1,at,word,9c2f1b32-39ad-4c43-8c8d-ae84d4272e3b
e61eaf17-9528-466b-9f98-e7e2cc75e59a,ea404a62-bc91-48a9-96ec-981aa2a018dc,1,mini,word,e5149dd5-3c37-4c31-b9bb-a576cc6bbafa
e61eaf17-9528-466b-9f98-e7e2cc75e59a,ea404a62-bc91-48a9-96ec-981aa2a018dc,2,in,word,84b42a02-b972-4109-ac42-7d04746f07c8
4c8396a7-fb02-4a1a-a3f2-0177346bbf15,eb2dab21-d31e-4dbd-bb90-255c046203a6,1,on,word,3090e71f-ead1-49e6-8ef2-520fb888aaf2
d308a291-1a36-428e-9f2c-f7b2eee551c8,eb2dab21-d31e-4dbd-bb90-255c046203a6,1,on,word,3090e71f-ead1-49e6-8ef2-520fb888aaf2
ff21c8c2-ed8a-493d-8154-4fdf977d2c17,eabfcb69-f5cb-4776-9fe5-50322c63ee01,1,come,word,bed2da61-da50-4e6e-ad60-0caa543d62a8
4f2a0c06-5c46-416d-9982-c51addcc864a,313fe2aa-9acf-4e44-b215-3d94eac8de99,1,a-,prefix,eb2dab21-d31e-4dbd-bb90-255c046203a6
4f2a0c06-5c46-416d-9982-c51addcc864a,313fe2aa-9acf-4e44-b215-3d94eac8de99,2,ab-,prefix,1e4ea41c-ee64-4bce-aed5-5ba7b9bcccff
4f2a0c06-5c46-416d-9982-c51addcc864a,313fe2aa-9acf-4e44-b215-3d94eac8de99,3,ac-,prefix,313fe2aa-9acf-4e44-b215-3d94eac8de99
4f2a0c06-5c46-416d-9982-c51addcc864a,313fe2aa-9acf-4e44-b215-3d94eac8de99,4,ad-,prefix,01e572b5-9046-4ae6-82df-91bb22b151d2
4f2a0c06-5c46-416d-9982-c51addcc864a,313fe2aa-9acf-4e44-b215-3d94eac8de99,5,ap-,prefix,3015fc76-f4ec-4a6a-bc69-218e873a44f1
4f2a0c06-5c46-416d-9982-c51addcc864a,313fe2aa-9acf-4e44-b215-3d94eac8de99,6,as-,prefix,eb377bec-24c3-4c39-84d6-2c688a20059a
4f2a0c06-5c46-416d-9982-c51addcc864a,313fe2aa-9acf-4e44-b215-3d94eac8de99,7,at-,prefix,e63cdbbb-8bfb-442b-b49a-bd01c7f68aff
a9598a3d-d26a-4f9d-8ff0-fe65c2c9dee1,313fe2aa-9acf-4e44-b215-3d94eac8de99,1,a-,prefix,eb2dab21-d31e-4dbd-bb90-255c046203a6
a9598a3d-d26a-4f9d-8ff0-fe65c2c9dee1,313fe2aa-9acf-4e44-b215-3d94eac8de99,2,ab-,prefix,1e4ea41c-ee64-4bce-aed5-5ba7b9bcccff
a9598a3d-d26a-4f9d-8ff0-fe65c2c9dee1,313fe2aa-9acf-4e44-b215-3d94eac8de99,3,ac-,prefix,313fe2aa-9acf-4e44-b215-3d94eac8de99
a9598a3d-d26a-4f9d-8ff0-fe65c2c9dee1,313fe2aa-9acf-4e44-b215-3d94eac8de99,4,ad-,prefix,01e572b5-9046-4ae6-82df-91bb22b151d2
a9598a3d-d26a-4f9d-8ff0-fe65c2c9dee1,313fe2aa-9acf-4e44-b215-3d94eac8de99,5,ap-,prefix,3015fc76-f4ec-4a6a-bc69-218e873a44f1
a9598a3d-d26a-4f9d-8ff0-fe65c2c9dee1,313fe2aa-9acf-4e44-b215-3d94eac8de99,6,as-,prefix,eb377bec-24c3-4c39-84d6-2c688a20059a
a9598a3d-d26a-4f9d-8ff0-fe65c2c9dee1,313fe2aa-9acf-4e44-b215-3d94eac8de99,7,at-,prefix,e63cdbbb-8bfb-442b-b49a-bd01c7f68aff
3269c977-5dc9-448f-8714-0d1b5b96fb25,be03606f-ce24-494c-9775-5536564f4017,1,seven,word,6d11f942-3377-41c6-948d-2ac19805f594
30eebc17-6a94-4244-a95f-07be8893328e,be03606f-ce24-494c-9775-5536564f4017,1,seven,word,6d11f942-3377-41c6-948d-2ac19805f594
67e330f5-e813-44fd-ba1e-0e6fbbcd7483,98e6651d-8b5e-462a-adb2-dc5da6edb65c,1,come,word,bed2da61-da50-4e6e-ad60-0caa543d62a8
5ba0bdc2-647f-4722-b88a-88aaab6076b2,98e6651d-8b5e-462a-adb2-dc5da6edb65c,1,come,word,bed2da61-da50-4e6e-ad60-0caa543d62a8
7d9d1181-f539-4cdf-9bb7-ba6c578ebf65,98e6651d-8b5e-462a-adb2-dc5da6edb65c,1,come,word,bed2da61-da50-4e6e-ad60-0caa543d62a8
d22ecb8e-958a-4234-b9af-d23d56fa30ac,87a3b535-2350-43b2-a04a-11c68edb721f,1,at-,prefix,e63cdbbb-8bfb-442b-b49a-bd01c7f68aff
bed2da61-da50-4e6e-ad60-0caa543d62a8,eabfcb69-f5cb-4776-9fe5-50322c63ee01,1,come,word,bed2da61-da50-4e6e-ad60-0caa543d62a8
5a19a074-009a-4433-b3e1-1e566efbc23f,c51a8e11-69c9-4469-b362-65f433a0d955,1,come,word,bed2da61-da50-4e6e-ad60-0caa543d62a8
e5b3a899-4ae2-4c09-8edf-e897fcc20c21,98e6651d-8b5e-462a-adb2-dc5da6edb65c,1,come,word,bed2da61-da50-4e6e-ad60-0caa543d62a8
7dc85979-da74-46d8-89dc-940d92ddf264,98e6651d-8b5e-462a-adb2-dc5da6edb65c,1,come,word,bed2da61-da50-4e6e-ad60-0caa543d62a8
df284d7a-02fb-4b7c-9a12-9d2fc6edc2ff,e9081b64-24c5-45e6-ab9e-64161a4b9d55,1,in,word,84b42a02-b972-4109-ac42-7d04746f07c8
9d7aad29-f727-476a-8e38-7ce1bee6beab,e9081b64-24c5-45e6-ab9e-64161a4b9d55,1,in,word,84b42a02-b972-4109-ac42-7d04746f07c8
ce66594e-b63a-4922-a7b7-9f6a1df4776d,34a526f5-0a0a-4b00-93bf-0a3df974e701,1,need,word,9b3dcf78-98f3-4ff1-b1f4-52cf56047bdc
b91133e3-1062-4d0e-817c-eb19c19cc7f9,34a526f5-0a0a-4b00-93bf-0a3df974e701,1,need,word,9b3dcf78-98f3-4ff1-b1f4-52cf56047bdc
36422c9c-d967-4dd5-96d7-6c64d4411b06,b92666ae-95b0-4944-ad22-735838b79c9d,1,I,word,8e5d6dd4-94a3-497d-9b21-9a2ffbfb8862
7a7407d8-f220-49cc-94a2-8128b478224b,b92666ae-95b0-4944-ad22-735838b79c9d,1,I,word,8e5d6dd4-94a3-497d-9b21-9a2ffbfb8862
a838badb-45e0-4e06-b967-38d522f0705a,b92666ae-95b0-4944-ad22-735838b79c9d,1,I,word,8e5d6dd4-94a3-497d-9b21-9a2ffbfb8862
2bd6fb24-1111-4d3f-adc5-8b12296b7583,b92666ae-95b0-4944-ad22-735838b79c9d,1,I,word,8e5d6dd4-94a3-497d-9b21-9a2ffbfb8862
2a29b8d1-d831-4f5a-8b91-2ac3bcc384ac,b92666ae-95b0-4944-ad22-735838b79c9d,1,I,word,8e5d6dd4-94a3-497d-9b21-9a2ffbfb8862
3273d8a2-4ab3-4c24-b95c-a378ca7aeb56,b92666ae-95b0-4944-ad22-735838b79c9d,1,I,word,8e5d6dd4-94a3-497d-9b21-9a2ffbfb8862
d374c27a-b931-45d7-a24b-62906f74b70f,9ad8a0f1-ab49-492f-8cdb-1a76ca727010,1,no,word,1e07c7e4-8b6f-43c3-9c7a-9916d745441f
b7a2a5f7-638e-4307-adf3-f0befaa76edd,c51a8e11-69c9-4469-b362-65f433a0d955,1,come,word,bed2da61-da50-4e6e-ad60-0caa543d62a8
b4607a62-8012-4c61-9309-76a7d4e35c40,907b89ca-d786-43a8-8132-fbd6d1d7a3ad,1,pen,word,a78fd673-7cbb-42b2-b05c-653517f4925d
846a8ccf-ab91-43ce-8bdd-2760ec9b7250,e9081b64-24c5-45e6-ab9e-64161a4b9d55,1,in,word,84b42a02-b972-4109-ac42-7d04746f07c8
846a8ccf-ab91-43ce-8bdd-2760ec9b7250,907b89ca-d786-43a8-8132-fbd6d1d7a3ad,1,pen,word,a78fd673-7cbb-42b2-b05c-653517f4925d
034a8277-191a-4b2e-943f-b7bbf7edef95,e9081b64-24c5-45e6-ab9e-64161a4b9d55,1,in,word,84b42a02-b972-4109-ac42-7d04746f07c8
034a8277-191a-4b2e-943f-b7bbf7edef95,907b89ca-d786-43a8-8132-fbd6d1d7a3ad,1,pen,word,a78fd673-7cbb-42b2-b05c-653517f4925d
80b15d4b-5479-4893-852a-edffedc84195,e9081b64-24c5-45e6-ab9e-64161a4b9d55,1,in,word,84b42a02-b972-4109-ac42-7d04746f07c8
80b15d4b-5479-4893-852a-edffedc84195,907b89ca-d786-43a8-8132-fbd6d1d7a3ad,1,pen,word,a78fd673-7cbb-42b2-b05c-653517f4925d
ba173f57-12b5-4980-a16c-e9e286f48a83,ff77f1c1-b0fb-41f8-af6b-3e32ebb70f8a,1,all,word,1e210516-afc8-46dd-8111-c350ceb861c0
ba173f57-12b5-4980-a16c-e9e286f48a83,ff77f1c1-b0fb-41f8-af6b-3e32ebb70f8a,2,time,word,844e3a81-c010-49d3-bc9a-5add82db6135
ba24a821-0bed-40b8-a9f3-31ec9196842d,ff77f1c1-b0fb-41f8-af6b-3e32ebb70f8a,1,all,word,1e210516-afc8-46dd-8111-c350ceb861c0
ba24a821-0bed-40b8-a9f3-31ec9196842d,ff77f1c1-b0fb-41f8-af6b-3e32ebb70f8a,2,time,word,844e3a81-c010-49d3-bc9a-5add82db6135
6f1567e4-bc67-41fd-b530-fca00104317b,35d543c0-ffe5-4d82-bf0d-d3945f03a1ba,1,in,word,84b42a02-b972-4109-ac42-7d04746f07c8
661a9dd7-8b38-4ddd-83f7-3d845e66d296,c51a8e11-69c9-4469-b362-65f433a0d955,1,come,word,bed2da61-da50-4e6e-ad60-0caa543d62a8
661a9dd7-8b38-4ddd-83f7-3d845e66d296,1e678b63-e62a-45bc-ab75-195ff595ec45,1,ply,root,9e92b8fa-7667-4e96-be25-66ba91365deb
f73ff946-4518-41ed-95a7-8947dbe49bfe,c51a8e11-69c9-4469-b362-65f433a0d955,1,come,word,bed2da61-da50-4e6e-ad60-0caa543d62a8
f73ff946-4518-41ed-95a7-8947dbe49bfe,1e678b63-e62a-45bc-ab75-195ff595ec45,1,ply,root,9e92b8fa-7667-4e96-be25-66ba91365deb
5ddbe4d2-1ac9-4f73-82c8-4849349fc0ad,4d3c63e8-fb05-4d57-8605-ac7b6e9b197a,1,all,word,1e210516-afc8-46dd-8111-c350ceb861c0
5ddbe4d2-1ac9-4f73-82c8-4849349fc0ad,4d3c63e8-fb05-4d57-8605-ac7b6e9b197a,2,or,word,a7c220a8-67bf-4a61-a0a2-565df04fe116
cb66e49b-e686-4380-90cf-b4899b343fe7,4d3c63e8-fb05-4d57-8605-ac7b6e9b197a,1,all,word,1e210516-afc8-46dd-8111-c350ceb861c0
cb66e49b-e686-4380-90cf-b4899b343fe7,4d3c63e8-fb05-4d57-8605-ac7b6e9b197a,2,or,word,a7c220a8-67bf-4a61-a0a2-565df04fe116
4f55739e-89d4-4483-bf09-caaf8217debe,1e4ea41c-ee64-4bce-aed5-5ba7b9bcccff,1,a-,prefix,eb2dab21-d31e-4dbd-bb90-255c046203a6
4f55739e-89d4-4483-bf09-caaf8217debe,1e4ea41c-ee64-4bce-aed5-5ba7b9bcccff,2,ab-,prefix,1e4ea41c-ee64-4bce-aed5-5ba7b9bcccff
4f55739e-89d4-4483-bf09-caaf8217debe,1e4ea41c-ee64-4bce-aed5-5ba7b9bcccff,3,ac-,prefix,313fe2aa-9acf-4e44-b215-3d94eac8de99
4f55739e-89d4-4483-bf09-caaf8217debe,1e4ea41c-ee64-4bce-aed5-5ba7b9bcccff,4,ad-,prefix,01e572b5-9046-4ae6-82df-91bb22b151d2
4f55739e-89d4-4483-bf09-caaf8217debe,1e4ea41c-ee64-4bce-aed5-5ba7b9bcccff,5,ap-,prefix,3015fc76-f4ec-4a6a-bc69-218e873a44f1
4f55739e-89d4-4483-bf09-caaf8217debe,1e4ea41c-ee64-4bce-aed5-5ba7b9bcccff,6,as-,prefix,eb377bec-24c3-4c39-84d6-2c688a20059a
4f55739e-89d4-4483-bf09-caaf8217debe,1e4ea41c-ee64-4bce-aed5-5ba7b9bcccff,7,at-,prefix,e63cdbbb-8bfb-442b-b49a-bd01c7f68aff
fd36380f-e5c1-4f27-b2f9-6cab8c594bc4,1e4ea41c-ee64-4bce-aed5-5ba7b9bcccff,1,a-,prefix,eb2dab21-d31e-4dbd-bb90-255c046203a6
fd36380f-e5c1-4f27-b2f9-6cab8c594bc4,1e4ea41c-ee64-4bce-aed5-5ba7b9bcccff,2,ab-,prefix,1e4ea41c-ee64-4bce-aed5-5ba7b9bcccff
fd36380f-e5c1-4f27-b2f9-6cab8c594bc4,1e4ea41c-ee64-4bce-aed5-5ba7b9bcccff,3,ac-,prefix,313fe2aa-9acf-4e44-b215-3d94eac8de99
fd36380f-e5c1-4f27-b2f9-6cab8c594bc4,1e4ea41c-ee64-4bce-aed5-5ba7b9bcccff,4,ad-,prefix,01e572b5-9046-4ae6-82df-91bb22b151d2
fd36380f-e5c1-4f27-b2f9-6cab8c594bc4,1e4ea41c-ee64-4bce-aed5-5ba7b9bcccff,5,ap-,prefix,3015fc76-f4ec-4a6a-bc69-218e873a44f1
fd36380f-e5c1-4f27-b2f9-6cab8c594bc4,1e4ea41c-ee64-4bce-aed5-5ba7b9bcccff,6,as-,prefix,eb377bec-24c3-4c39-84d6-2c688a20059a
fd36380f-e5c1-4f27-b2f9-6cab8c594bc4,1e4ea41c-ee64-4bce-aed5-5ba7b9bcccff,7,at-,prefix,e63cdbbb-8bfb-442b-b49a-bd01c7f68aff
9afd7c21-64f1-4bd1-abaa-3c18a67a31e8,cd738255-aeb2-4a17-9006-7daa406b1939,1,uni,root,a8708988-eb5a-4ffa-b297-64a54bc46fa8
9afd7c21-64f1-4bd1-abaa-3c18a67a31e8,cd738255-aeb2-4a17-9006-7daa406b1939,2,unit,word,9639c8e8-b1a9-4d1a-b739-f71196d4d12b
9afd7c21-64f1-4bd1-abaa-3c18a67a31e8,cd738255-aeb2-4a17-9006-7daa406b1939,3,vers,root,cf8ec520-7557-4047-be70-1ab48972a2a9
9afd7c21-64f1-4bd1-abaa-3c18a67a31e8,cd738255-aeb2-4a17-9006-7daa406b1939,4,conversation,word,e83e81e0-6475-4342-880d-75124edfb32c
61c36462-eb1f-41c2-8e49-001ff5107c98,cd738255-aeb2-4a17-9006-7daa406b1939,1,uni,root,a8708988-eb5a-4ffa-b297-64a54bc46fa8
61c36462-eb1f-41c2-8e49-001ff5107c98,cd738255-aeb2-4a17-9006-7daa406b1939,2,unit,word,9639c8e8-b1a9-4d1a-b739-f71196d4d12b
61c36462-eb1f-41c2-8e49-001ff5107c98,cd738255-aeb2-4a17-9006-7daa406b1939,3,vers,root,cf8ec520-7557-4047-be70-1ab48972a2a9
61c36462-eb1f-41c2-8e49-001ff5107c98,cd738255-aeb2-4a17-9006-7daa406b1939,4,conversation,word,e83e81e0-6475-4342-880d-75124edfb32c
41794228-7fd7-41cb-9b97-0f4f1dd5da43,cd738255-aeb2-4a17-9006-7daa406b1939,1,uni,root,a8708988-eb5a-4ffa-b297-64a54bc46fa8
41794228-7fd7-41cb-9b97-0f4f1dd5da43,cd738255-aeb2-4a17-9006-7daa406b1939,2,unit,word,9639c8e8-b1a9-4d1a-b739-f71196d4d12b
41794228-7fd7-41cb-9b97-0f4f1dd5da43,cd738255-aeb2-4a17-9006-7daa406b1939,3,vers,root,cf8ec520-7557-4047-be70-1ab48972a2a9
41794228-7fd7-41cb-9b97-0f4f1dd5da43,cd738255-aeb2-4a17-9006-7daa406b1939,4,conversation,word,e83e81e0-6475-4342-880d-75124edfb32c
24bb12fb-76d7-410e-8751-7dafca8891eb,9bbf44d9-757b-4d52-a3bd-15a069fcf5b5,1,rai,root,2de67339-a957-4ada-a7b6-d160715fc911
506faccc-20de-4077-9ae1-c580704131fd,9bbf44d9-757b-4d52-a3bd-15a069fcf5b5,1,rai,root,2de67339-a957-4ada-a7b6-d160715fc911
7bd101f6-2bfe-4fc9-a335-23dd73fb7429,1e4ea41c-ee64-4bce-aed5-5ba7b9bcccff,1,a-,prefix,eb2dab21-d31e-4dbd-bb90-255c046203a6
7bd101f6-2bfe-4fc9-a335-23dd73fb7429,1e4ea41c-ee64-4bce-aed5-5ba7b9bcccff,2,ab-,prefix,1e4ea41c-ee64-4bce-aed5-5ba7b9bcccff
7bd101f6-2bfe-4fc9-a335-23dd73fb7429,1e4ea41c-ee64-4bce-aed5-5ba7b9bcccff,3,ac-,prefix,313fe2aa-9acf-4e44-b215-3d94eac8de99
7bd101f6-2bfe-4fc9-a335-23dd73fb7429,1e4ea41c-ee64-4bce-aed5-5ba7b9bcccff,4,ad-,prefix,01e572b5-9046-4ae6-82df-91bb22b151d2
7bd101f6-2bfe-4fc9-a335-23dd73fb7429,1e4ea41c-ee64-4bce-aed5-5ba7b9bcccff,5,ap-,prefix,3015fc76-f4ec-4a6a-bc69-218e873a44f1
7bd101f6-2bfe-4fc9-a335-23dd73fb7429,1e4ea41c-ee64-4bce-aed5-5ba7b9bcccff,6,as-,prefix,eb377bec-24c3-4c39-84d6-2c688a20059a
7bd101f6-2bfe-4fc9-a335-23dd73fb7429,1e4ea41c-ee64-4bce-aed5-5ba7b9bcccff,7,at-,prefix,e63cdbbb-8bfb-442b-b49a-bd01c7f68aff
7bd101f6-2bfe-4fc9-a335-23dd73fb7429,d4a5dc4c-daa6-4258-b4f3-4b4e9a43bba7,1,act,word,f6c6ec73-4848-4690-a4b6-c7be1e84aa13
396b3704-9923-44c3-b27b-dbd16551b665,e9081b64-24c5-45e6-ab9e-64161a4b9d55,1,in,word,84b42a02-b972-4109-ac42-7d04746f07c8
31f2f1b7-d787-47dc-b11a-377071ad1ad3,e9081b64-24c5-45e6-ab9e-64161a4b9d55,1,in,word,84b42a02-b972-4109-ac42-7d04746f07c8
89e39eb3-c493-4132-9a16-61c7d973dd4d,e9081b64-24c5-45e6-ab9e-64161a4b9d55,1,in,word,84b42a02-b972-4109-ac42-7d04746f07c8
0ea0efbd-bf3d-435f-8568-e84fd4aafa9e,01e572b5-9046-4ae6-82df-91bb22b151d2,1,at,word,9c2f1b32-39ad-4c43-8c8d-ae84d4272e3b
369f6e97-8ce1-4681-95f5-950e0fbc7aec,01e572b5-9046-4ae6-82df-91bb22b151d2,1,at,word,9c2f1b32-39ad-4c43-8c8d-ae84d4272e3b
fee4d8ef-2efb-4fc3-8080-a15d3db523d5,3015fc76-f4ec-4a6a-bc69-218e873a44f1,1,at,word,9c2f1b32-39ad-4c43-8c8d-ae84d4272e3b
2267e29f-b11d-4e82-a830-6ad30c7f8332,3015fc76-f4ec-4a6a-bc69-218e873a44f1,1,at,word,9c2f1b32-39ad-4c43-8c8d-ae84d4272e3b
2c894d24-cd21-4f5b-86b1-7842503b6aed,98e6651d-8b5e-462a-adb2-dc5da6edb65c,1,come,word,bed2da61-da50-4e6e-ad60-0caa543d62a8
1b61c882-f28d-483f-b761-42ad3815a092,98e6651d-8b5e-462a-adb2-dc5da6edb65c,1,come,word,bed2da61-da50-4e6e-ad60-0caa543d62a8
65b8a611-88d5-4fd8-95ff-2a62f514d911,98e6651d-8b5e-462a-adb2-dc5da6edb65c,1,come,word,bed2da61-da50-4e6e-ad60-0caa543d62a8
6e99081f-3240-4cde-add1-30aa0a31ce53,eb2dab21-d31e-4dbd-bb90-255c046203a6,1,on,word,3090e71f-ead1-49e6-8ef2-520fb888aaf2
bacc157d-4d4a-4a3f-9843-a7800239df5a,eb2dab21-d31e-4dbd-bb90-255c046203a6,1,on,word,3090e71f-ead1-49e6-8ef2-520fb888aaf2
942f3a98-0db2-4e00-9735-814e8c607595,16f43930-667f-4d88-aced-9c31c09be9d5,1,come,word,bed2da61-da50-4e6e-ad60-0caa543d62a8
b1d12772-9803-4408-b669-e572c61414c9,dfd013a4-97a0-442d-85b7-d8f6c7abc40e,1,can,word,1a7fd486-6f5a-4d29-a48e-f09d1ec280aa
8cade1ae-5cff-4d18-8098-10cbd506906f,e9081b64-24c5-45e6-ab9e-64161a4b9d55,1,in,word,84b42a02-b972-4109-ac42-7d04746f07c8
8ca613a8-2bc4-4121-9f91-b27021f1a8b4,01e572b5-9046-4ae6-82df-91bb22b151d2,1,at,word,9c2f1b32-39ad-4c43-8c8d-ae84d4272e3b
8ca613a8-2bc4-4121-9f91-b27021f1a8b4,28820f79-fb6f-4625-8dd4-692b4b015e8f,1,-t,suffix,902260c2-0a41-46d9-8130-90955ee5437e
2eb1cb67-bcd2-44ad-b33f-def2f0ad5913,01e572b5-9046-4ae6-82df-91bb22b151d2,1,at,word,9c2f1b32-39ad-4c43-8c8d-ae84d4272e3b
2eb1cb67-bcd2-44ad-b33f-def2f0ad5913,28820f79-fb6f-4625-8dd4-692b4b015e8f,1,-t,suffix,902260c2-0a41-46d9-8130-90955ee5437e
6c5b7e54-6bcf-46c4-85dc-22b87ea0b088,35bfa2ad-f3d3-43ad-8bb7-1a1b5f5b9059,1,in,word,84b42a02-b972-4109-ac42-7d04746f07c8
6c5b7e54-6bcf-46c4-85dc-22b87ea0b088,35bfa2ad-f3d3-43ad-8bb7-1a1b5f5b9059,2,-er,suffix,22a3b447-d3cf-4d74-8e34-fadb7d2b0375
06b7901b-8f99-4aa6-a83f-13861e87780a,01e572b5-9046-4ae6-82df-91bb22b151d2,1,at,word,9c2f1b32-39ad-4c43-8c8d-ae84d4272e3b
d61c0ca8-80f2-4626-ba1f-ed546dfdd770,e9081b64-24c5-45e6-ab9e-64161a4b9d55,1,in,word,84b42a02-b972-4109-ac42-7d04746f07c8
d61c0ca8-80f2-4626-ba1f-ed546dfdd770,01e572b5-9046-4ae6-82df-91bb22b151d2,1,at,word,9c2f1b32-39ad-4c43-8c8d-ae84d4272e3b
8118d16c-1b43-45b3-b111-9df9459925cf,c9ce5945-75a5-4853-a653-ee90b90ebf34,1,nation,word,29c5af13-d604-45ef-be4b-e9c56189acae
06c4c325-ce01-45f8-95d3-9234263ce0b1,c9ce5945-75a5-4853-a653-ee90b90ebf34,1,nation,word,29c5af13-d604-45ef-be4b-e9c56189acae
bee6ce07-6aa7-480c-9248-e8b824b84f58,c9ce5945-75a5-4853-a653-ee90b90ebf34,1,nation,word,29c5af13-d604-45ef-be4b-e9c56189acae
0719e446-63c4-4155-9238-c4a3096ea88a,c9ce5945-75a5-4853-a653-ee90b90ebf34,1,nation,word,29c5af13-d604-45ef-be4b-e9c56189acae
529d8212-9952-40d9-8adb-c12699f1aa09,de761270-a58d-4822-8a24-110b2521fb24,1,in,word,84b42a02-b972-4109-ac42-7d04746f07c8
6fe0e8ac-aa41-41d3-88f8-18ba684e1aa1,d42d211c-392f-49a0-b3b1-687347897da5,1,pro-,prefix,40e680cb-32e4-4cff-bb9c-b17989a9fa1a
2bc4c901-7426-42f0-98b4-7fea75921834,3015fc76-f4ec-4a6a-bc69-218e873a44f1,1,at,word,9c2f1b32-39ad-4c43-8c8d-ae84d4272e3b
2bc4c901-7426-42f0-98b4-7fea75921834,d42d211c-392f-49a0-b3b1-687347897da5,1,pro-,prefix,40e680cb-32e4-4cff-bb9c-b17989a9fa1a
4e5a6579-83a6-4f10-a613-98f7c0dabf1b,3015fc76-f4ec-4a6a-bc69-218e873a44f1,1,at,word,9c2f1b32-39ad-4c43-8c8d-ae84d4272e3b
4e5a6579-83a6-4f10-a613-98f7c0dabf1b,d42d211c-392f-49a0-b3b1-687347897da5,1,pro-,prefix,40e680cb-32e4-4cff-bb9c-b17989a9fa1a
d29414b2-9fb2-494d-9f8a-28952bfbd3d7,3015fc76-f4ec-4a6a-bc69-218e873a44f1,1,at,word,9c2f1b32-39ad-4c43-8c8d-ae84d4272e3b
d29414b2-9fb2-494d-9f8a-28952bfbd3d7,d42d211c-392f-49a0-b3b1-687347897da5,1,pro-,prefix,40e680cb-32e4-4cff-bb9c-b17989a9fa1a
27481197-eda9-48a6-a04d-a39bc3703d6c,5a8f226c-92e4-46e9-9288-ba0016f3438b,1,op-,prefix,07e6b6fd-3e6e-42be-9cfe-11dcadb01cd9
b8526bf0-228f-40ae-9d75-2a05518596aa,63cd502c-c61d-413c-b4b6-791978d1da98,1,at,word,9c2f1b32-39ad-4c43-8c8d-ae84d4272e3b
7594a186-4ac3-43fd-b13d-6a319af9f8ee,8300d4f1-efcc-4ee5-b4f7-d70e2e742a2f,1,at,word,9c2f1b32-39ad-4c43-8c8d-ae84d4272e3b
e0a5233c-91bf-46f7-9f7f-343381f0e855,8300d4f1-efcc-4ee5-b4f7-d70e2e742a2f,1,at,word,9c2f1b32-39ad-4c43-8c8d-ae84d4272e3b
1d0fa964-f3d7-4344-9b39-d28c48a6020a,8300d4f1-efcc-4ee5-b4f7-d70e2e742a2f,1,at,word,9c2f1b32-39ad-4c43-8c8d-ae84d4272e3b
316eb4d0-49f8-4952-b4af-05d1320b6201,4bb11e5f-13e5-4188-8ca3-ee99300020f4,1,know,word,c719a600-5928-4bf7-bdf6-fde64f9b3177
5df356e0-2c3a-4200-a014-70ab2f8798fd,b9e4e750-bc10-4769-a496-d10ea15bc6fb,1,can,word,1a7fd486-6f5a-4d29-a48e-f09d1ec280aa
7ad49873-6c69-4c54-9022-e8c993a35a66,b9e4e750-bc10-4769-a496-d10ea15bc6fb,1,can,word,1a7fd486-6f5a-4d29-a48e-f09d1ec280aa
1e35e6cb-ec38-431d-9553-e8a4620c72a5,606f0657-e3c3-4875-ae15-d3df3bcea7c6,1,bus,word,16f4f7bd-e794-454b-9be7-a75569b5fa50
01b9b267-a642-4c3c-bd08-31630d8133e2,e9081b64-24c5-45e6-ab9e-64161a4b9d55,1,in,word,84b42a02-b972-4109-ac42-7d04746f07c8
5ef24a55-00f0-44cc-9019-5a3b15abb641,e9081b64-24c5-45e6-ab9e-64161a4b9d55,1,in,word,84b42a02-b972-4109-ac42-7d04746f07c8
bbc42948-5831-4abc-a1f0-bb250b51bdb4,e9081b64-24c5-45e6-ab9e-64161a4b9d55,1,in,word,84b42a02-b972-4109-ac42-7d04746f07c8
f5d311b4-eef9-4b3e-a7f8-90e65003db8f,e9081b64-24c5-45e6-ab9e-64161a4b9d55,1,in,word,84b42a02-b972-4109-ac42-7d04746f07c8
329ac200-8489-4142-b17f-b577e59b6c98,2aa64115-4b56-43f8-982c-3d5fc5bd7656,1,am,word,2e3bbb5c-f675-4742-9d10-cc81dd7266b9
329ac200-8489-4142-b17f-b577e59b6c98,2aa64115-4b56-43f8-982c-3d5fc5bd7656,2,in,word,84b42a02-b972-4109-ac42-7d04746f07c8
989b7674-d59e-4abc-b08e-853704fe7f53,2aa64115-4b56-43f8-982c-3d5fc5bd7656,1,am,word,2e3bbb5c-f675-4742-9d10-cc81dd7266b9
989b7674-d59e-4abc-b08e-853704fe7f53,2aa64115-4b56-43f8-982c-3d5fc5bd7656,2,in,word,84b42a02-b972-4109-ac42-7d04746f07c8
6e2d89ed-d19a-4a2c-a58a-808ddc072bc8,e9081b64-24c5-45e6-ab9e-64161a4b9d55,1,in,word,84b42a02-b972-4109-ac42-7d04746f07c8
e796fcba-66fd-45dd-912e-71cc802aee4a,e9081b64-24c5-45e6-ab9e-64161a4b9d55,1,in,word,84b42a02-b972-4109-ac42-7d04746f07c8
87d6d3d8-efb1-481d-aea8-7c1d65bdfb92,e9081b64-24c5-45e6-ab9e-64161a4b9d55,1,in,word,84b42a02-b972-4109-ac42-7d04746f07c8
ee83baa4-828f-4ffe-b503-86c0c7250dac,98e6651d-8b5e-462a-adb2-dc5da6edb65c,1,come,word,bed2da61-da50-4e6e-ad60-0caa543d62a8
fa118226-096c-4f04-80f7-b540c139564f,98e6651d-8b5e-462a-adb2-dc5da6edb65c,1,come,word,bed2da61-da50-4e6e-ad60-0caa543d62a8
5fff9b79-9a3c-4262-9e0d-32591123bdbe,63cd502c-c61d-413c-b4b6-791978d1da98,1,at,word,9c2f1b32-39ad-4c43-8c8d-ae84d4272e3b
5fff9b79-9a3c-4262-9e0d-32591123bdbe,54a289a8-6394-4eda-8d58-1694f287f762,1,ag-,prefix,63cd502c-c61d-413c-b4b6-791978d1da98
7ec72f08-331f-445f-b0f8-db88d3635dde,54a289a8-6394-4eda-8d58-1694f287f762,1,ag-,prefix,63cd502c-c61d-413c-b4b6-791978d1da98
fc92dc96-f006-4c6c-b893-c31a3467022d,59011590-c7ce-446a-bdff-06ab88384fec,1,is,word,01153fb1-72e5-475f-b7ac-fd2ece01e98e
fc92dc96-f006-4c6c-b893-c31a3467022d,59011590-c7ce-446a-bdff-06ab88384fec,2,in,word,84b42a02-b972-4109-ac42-7d04746f07c8
c9e895bd-5f54-4c98-b4fa-7866477db648,59011590-c7ce-446a-bdff-06ab88384fec,1,is,word,01153fb1-72e5-475f-b7ac-fd2ece01e98e
c9e895bd-5f54-4c98-b4fa-7866477db648,59011590-c7ce-446a-bdff-06ab88384fec,2,in,word,84b42a02-b972-4109-ac42-7d04746f07c8
f92139d7-f0ff-4112-8a18-cd2ae9a68f55,4f01db75-1fcf-41a0-b8cb-e9d0cdda7d9d,1,let,word,524f3f07-5c8a-4cdf-ac82-2ea1d7e78a01
c76e8d85-8bee-434e-981b-7f7158971b62,4f01db75-1fcf-41a0-b8cb-e9d0cdda7d9d,1,let,word,524f3f07-5c8a-4cdf-ac82-2ea1d7e78a01
121cf01b-6621-451f-9089-bcb101beec29,4f01db75-1fcf-41a0-b8cb-e9d0cdda7d9d,1,let,word,524f3f07-5c8a-4cdf-ac82-2ea1d7e78a01
8f2ca0c6-169b-41de-891b-4cf92a3cd4e4,e9081b64-24c5-45e6-ab9e-64161a4b9d55,1,in,word,84b42a02-b972-4109-ac42-7d04746f07c8
315e2ec8-156d-465f-964c-4d59a70099c2,3abd4a07-f63e-4851-b412-06369ddf2b29,1,-y,suffix,8c6901c3-02e7-4be7-bd00-705f4f9f6f8c
7aa8de7a-aa30-4189-8037-d917d916341f,1e678b63-e62a-45bc-ab75-195ff595ec45,1,ply,root,9e92b8fa-7667-4e96-be25-66ba91365deb
01792bf4-1fa3-4e3d-a76f-70e6caf8881b,b2dae7bc-774a-4424-a6e3-accba75ce771,1,e-,prefix,e0f0cada-0921-45e1-9788-4fa5be9dce66
79f63d3a-77f3-4287-b62f-44e743b22bee,1e4ea41c-ee64-4bce-aed5-5ba7b9bcccff,1,a-,prefix,eb2dab21-d31e-4dbd-bb90-255c046203a6
79f63d3a-77f3-4287-b62f-44e743b22bee,1e4ea41c-ee64-4bce-aed5-5ba7b9bcccff,2,ab-,prefix,1e4ea41c-ee64-4bce-aed5-5ba7b9bcccff
79f63d3a-77f3-4287-b62f-44e743b22bee,1e4ea41c-ee64-4bce-aed5-5ba7b9bcccff,3,ac-,prefix,313fe2aa-9acf-4e44-b215-3d94eac8de99
79f63d3a-77f3-4287-b62f-44e743b22bee,1e4ea41c-ee64-4bce-aed5-5ba7b9bcccff,4,ad-,prefix,01e572b5-9046-4ae6-82df-91bb22b151d2
79f63d3a-77f3-4287-b62f-44e743b22bee,1e4ea41c-ee64-4bce-aed5-5ba7b9bcccff,5,ap-,prefix,3015fc76-f4ec-4a6a-bc69-218e873a44f1
79f63d3a-77f3-4287-b62f-44e743b22bee,1e4ea41c-ee64-4bce-aed5-5ba7b9bcccff,6,as-,prefix,eb377bec-24c3-4c39-84d6-2c688a20059a
79f63d3a-77f3-4287-b62f-44e743b22bee,1e4ea41c-ee64-4bce-aed5-5ba7b9bcccff,7,at-,prefix,e63cdbbb-8bfb-442b-b49a-bd01c7f68aff
247d2f68-8f2a-4d53-ae1d-f70577bb87ee,1e4ea41c-ee64-4bce-aed5-5ba7b9bcccff,1,a-,prefix,eb2dab21-d31e-4dbd-bb90-255c046203a6
247d2f68-8f2a-4d53-ae1d-f70577bb87ee,1e4ea41c-ee64-4bce-aed5-5ba7b9bcccff,2,ab-,prefix,1e4ea41c-ee64-4bce-aed5-5ba7b9bcccff
247d2f68-8f2a-4d53-ae1d-f70577bb87ee,1e4ea41c-ee64-4bce-aed5-5ba7b9bcccff,3,ac-,prefix,313fe2aa-9acf-4e44-b215-3d94eac8de99
247d2f68-8f2a-4d53-ae1d-f70577bb87ee,1e4ea41c-ee64-4bce-aed5-5ba7b9bcccff,4,ad-,prefix,01e572b5-9046-4ae6-82df-91bb22b151d2
247d2f68-8f2a-4d53-ae1d-f70577bb87ee,1e4ea41c-ee64-4bce-aed5-5ba7b9bcccff,5,ap-,prefix,3015fc76-f4ec-4a6a-bc69-218e873a44f1
247d2f68-8f2a-4d53-ae1d-f70577bb87ee,1e4ea41c-ee64-4bce-aed5-5ba7b9bcccff,6,as-,prefix,eb377bec-24c3-4c39-84d6-2c688a20059a
247d2f68-8f2a-4d53-ae1d-f70577bb87ee,1e4ea41c-ee64-4bce-aed5-5ba7b9bcccff,7,at-,prefix,e63cdbbb-8bfb-442b-b49a-bd01c7f68aff
afa9f53d-bf83-409a-993f-4c1dde224129,01e572b5-9046-4ae6-82df-91bb22b151d2,1,at,word,9c2f1b32-39ad-4c43-8c8d-ae84d4272e3b
a4a59616-5050-4cc8-8053-7b9da57c06ab,01e572b5-9046-4ae6-82df-91bb22b151d2,1,at,word,9c2f1b32-39ad-4c43-8c8d-ae84d4272e3b
33864107-637d-4648-be00-75281484aa30,eb2dab21-d31e-4dbd-bb90-255c046203a6,1,on,word,3090e71f-ead1-49e6-8ef2-520fb888aaf2
89d49c6c-3e2f-434e-ab92-1d1bd07bc662,98e6651d-8b5e-462a-adb2-dc5da6edb65c,1,come,word,bed2da61-da50-4e6e-ad60-0caa543d62a8
1324a595-3a85-4dce-9756-e61bdeefc562,98e6651d-8b5e-462a-adb2-dc5da6edb65c,1,come,word,bed2da61-da50-4e6e-ad60-0caa543d62a8
7db8a53e-00ba-435c-b1fa-ec97f98c62e0,e9081b64-24c5-45e6-ab9e-64161a4b9d55,1,in,word,84b42a02-b972-4109-ac42-7d04746f07c8
284361b9-eefb-4f42-b4be-1c2c43175739,e9081b64-24c5-45e6-ab9e-64161a4b9d55,1,in,word,84b42a02-b972-4109-ac42-7d04746f07c8
6df4f85d-bfb8-4813-b2de-1a6423b36abb,775ddff0-40ce-4374-a7e4-30edb50f338b,1,at,word,9c2f1b32-39ad-4c43-8c8d-ae84d4272e3b
6df4f85d-bfb8-4813-b2de-1a6423b36abb,775ddff0-40ce-4374-a7e4-30edb50f338b,2,a-,prefix,eb2dab21-d31e-4dbd-bb90-255c046203a6
6df4f85d-bfb8-4813-b2de-1a6423b36abb,775ddff0-40ce-4374-a7e4-30edb50f338b,3,ar-,prefix,775ddff0-40ce-4374-a7e4-30edb50f338b
6df4f85d-bfb8-4813-b2de-1a6423b36abb,775ddff0-40ce-4374-a7e4-30edb50f338b,4,ab-,prefix,1e4ea41c-ee64-4bce-aed5-5ba7b9bcccff
6df4f85d-bfb8-4813-b2de-1a6423b36abb,775ddff0-40ce-4374-a7e4-30edb50f338b,5,ac-,prefix,313fe2aa-9acf-4e44-b215-3d94eac8de99
6df4f85d-bfb8-4813-b2de-1a6423b36abb,775ddff0-40ce-4374-a7e4-30edb50f338b,6,ad-,prefix,01e572b5-9046-4ae6-82df-91bb22b151d2
6df4f85d-bfb8-4813-b2de-1a6423b36abb,775ddff0-40ce-4374-a7e4-30edb50f338b,7,ap-,prefix,3015fc76-f4ec-4a6a-bc69-218e873a44f1
6df4f85d-bfb8-4813-b2de-1a6423b36abb,775ddff0-40ce-4374-a7e4-30edb50f338b,8,as-,prefix,eb377bec-24c3-4c39-84d6-2c688a20059a
6df4f85d-bfb8-4813-b2de-1a6423b36abb,775ddff0-40ce-4374-a7e4-30edb50f338b,9,at-,prefix,e63cdbbb-8bfb-442b-b49a-bd01c7f68aff
6df4f85d-bfb8-4813-b2de-1a6423b36abb,042b56cb-0832-454b-b6bd-4fc0fad31fec,1,run,word,2e3e406a-0279-4c36-83fd-9afd6db3b8c3
17759820-1b15-455c-82f2-dbab00f00ed5,d58c2747-b732-4063-80d0-cf4f43093010,1,-s,suffix,fa6eab22-d8bc-49ff-bf8f-f19761221b14
6be00da2-212a-41c2-88f1-20b0d73dc48c,d58c2747-b732-4063-80d0-cf4f43093010,1,-s,suffix,fa6eab22-d8bc-49ff-bf8f-f19761221b14
152cbca2-9727-443f-a154-076d92347a9b,2c8f7c44-05fb-4ed7-a577-e8d22d2ef756,1,come,word,bed2da61-da50-4e6e-ad60-0caa543d62a8
cb455c2b-6861-4c10-97cc-3b620032d9c7,c51a8e11-69c9-4469-b362-65f433a0d955,1,come,word,bed2da61-da50-4e6e-ad60-0caa543d62a8
e8a10058-d575-4b4b-b9a3-a4de470b9458,eb377bec-24c3-4c39-84d6-2c688a20059a,1,at,word,9c2f1b32-39ad-4c43-8c8d-ae84d4272e3b
e8a10058-d575-4b4b-b9a3-a4de470b9458,eb377bec-24c3-4c39-84d6-2c688a20059a,2,a-,prefix,eb2dab21-d31e-4dbd-bb90-255c046203a6
e8a10058-d575-4b4b-b9a3-a4de470b9458,eb377bec-24c3-4c39-84d6-2c688a20059a,3,ab-,prefix,1e4ea41c-ee64-4bce-aed5-5ba7b9bcccff
e8a10058-d575-4b4b-b9a3-a4de470b9458,eb377bec-24c3-4c39-84d6-2c688a20059a,4,ac-,prefix,313fe2aa-9acf-4e44-b215-3d94eac8de99
e8a10058-d575-4b4b-b9a3-a4de470b9458,eb377bec-24c3-4c39-84d6-2c688a20059a,5,ad-,prefix,01e572b5-9046-4ae6-82df-91bb22b151d2
e8a10058-d575-4b4b-b9a3-a4de470b9458,eb377bec-24c3-4c39-84d6-2c688a20059a,6,ap-,prefix,3015fc76-f4ec-4a6a-bc69-218e873a44f1
e8a10058-d575-4b4b-b9a3-a4de470b9458,eb377bec-24c3-4c39-84d6-2c688a20059a,7,as-,prefix,eb377bec-24c3-4c39-84d6-2c688a20059a
e8a10058-d575-4b4b-b9a3-a4de470b9458,eb377bec-24c3-4c39-84d6-2c688a20059a,8,at-,prefix,e63cdbbb-8bfb-442b-b49a-bd01c7f68aff
014120bc-44c8-4bd2-892b-23d8ae17bf2f,eb377bec-24c3-4c39-84d6-2c688a20059a,1,at,word,9c2f1b32-39ad-4c43-8c8d-ae84d4272e3b
014120bc-44c8-4bd2-892b-23d8ae17bf2f,eb377bec-24c3-4c39-84d6-2c688a20059a,2,a-,prefix,eb2dab21-d31e-4dbd-bb90-255c046203a6
014120bc-44c8-4bd2-892b-23d8ae17bf2f,eb377bec-24c3-4c39-84d6-2c688a20059a,3,ab-,prefix,1e4ea41c-ee64-4bce-aed5-5ba7b9bcccff
014120bc-44c8-4bd2-892b-23d8ae17bf2f,eb377bec-24c3-4c39-84d6-2c688a20059a,4,ac-,prefix,313fe2aa-9acf-4e44-b215-3d94eac8de99
014120bc-44c8-4bd2-892b-23d8ae17bf2f,eb377bec-24c3-4c39-84d6-2c688a20059a,5,ad-,prefix,01e572b5-9046-4ae6-82df-91bb22b151d2
014120bc-44c8-4bd2-892b-23d8ae17bf2f,eb377bec-24c3-4c39-84d6-2c688a20059a,6,ap-,prefix,3015fc76-f4ec-4a6a-bc69-218e873a44f1
014120bc-44c8-4bd2-892b-23d8ae17bf2f,eb377bec-24c3-4c39-84d6-2c688a20059a,7,as-,prefix,eb377bec-24c3-4c39-84d6-2c688a20059a
014120bc-44c8-4bd2-892b-23d8ae17bf2f,eb377bec-24c3-4c39-84d6-2c688a20059a,8,at-,prefix,e63cdbbb-8bfb-442b-b49a-bd01c7f68aff
402145dd-055a-4e27-9dbf-fcf0628170f0,eb377bec-24c3-4c39-84d6-2c688a20059a,1,at,word,9c2f1b32-39ad-4c43-8c8d-ae84d4272e3b
402145dd-055a-4e27-9dbf-fcf0628170f0,eb377bec-24c3-4c39-84d6-2c688a20059a,2,a-,prefix,eb2dab21-d31e-4dbd-bb90-255c046203a6
402145dd-055a-4e27-9dbf-fcf0628170f0,eb377bec-24c3-4c39-84d6-2c688a20059a,3,ab-,prefix,1e4ea41c-ee64-4bce-aed5-5ba7b9bcccff
402145dd-055a-4e27-9dbf-fcf0628170f0,eb377bec-24c3-4c39-84d6-2c688a20059a,4,ac-,prefix,313fe2aa-9acf-4e44-b215-3d94eac8de99
402145dd-055a-4e27-9dbf-fcf0628170f0,eb377bec-24c3-4c39-84d6-2c688a20059a,5,ad-,prefix,01e572b5-9046-4ae6-82df-91bb22b151d2
402145dd-055a-4e27-9dbf-fcf0628170f0,eb377bec-24c3-4c39-84d6-2c688a20059a,6,ap-,prefix,3015fc76-f4ec-4a6a-bc69-218e873a44f1
402145dd-055a-4e27-9dbf-fcf0628170f0,eb377bec-24c3-4c39-84d6-2c688a20059a,7,as-,prefix,eb377bec-24c3-4c39-84d6-2c688a20059a
402145dd-055a-4e27-9dbf-fcf0628170f0,eb377bec-24c3-4c39-84d6-2c688a20059a,8,at-,prefix,e63cdbbb-8bfb-442b-b49a-bd01c7f68aff
c7225615-659c-4e03-9e3a-a566c815655f,98e6651d-8b5e-462a-adb2-dc5da6edb65c,1,come,word,bed2da61-da50-4e6e-ad60-0caa543d62a8
6536d59b-ee2e-49e8-8b44-0f3b5e4ca6db,98e6651d-8b5e-462a-adb2-dc5da6edb65c,1,come,word,bed2da61-da50-4e6e-ad60-0caa543d62a8
12d91b48-13f4-4bc3-a0b0-cf8fd1fc431c,98e6651d-8b5e-462a-adb2-dc5da6edb65c,1,come,word,bed2da61-da50-4e6e-ad60-0caa543d62a8
21dcdecb-f236-449c-96b2-3fdc1ff08a5e,de761270-a58d-4822-8a24-110b2521fb24,1,in,word,84b42a02-b972-4109-ac42-7d04746f07c8
21dcdecb-f236-449c-96b2-3fdc1ff08a5e,dfd013a4-97a0-442d-85b7-d8f6c7abc40e,1,can,word,1a7fd486-6f5a-4d29-a48e-f09d1ec280aa
97b40544-0a82-49ea-8793-fe91037f05c5,ac7523d6-9e5f-4cff-bd04-0e001ef21a7a,1,trans-,prefix,c382c29f-affc-416a-8882-078f7af11696
6b648358-28cf-4789-826a-4f349648c6fb,4aed14cc-c30a-43d3-8976-f0088d46fe3a,1,in,word,84b42a02-b972-4109-ac42-7d04746f07c8
55da594e-f160-48ad-9cb3-bddacc080ca8,4aed14cc-c30a-43d3-8976-f0088d46fe3a,1,in,word,84b42a02-b972-4109-ac42-7d04746f07c8
47ea147b-0820-45a2-9a5a-3707b83a977c,41157723-cfdd-429c-8446-ee862cb12ccf,1,four,word,7da61a4f-40aa-4bb1-8dce-2d13b0d4c807
1e1d9025-b807-4504-ab30-deca4f5c6104,1e4ea41c-ee64-4bce-aed5-5ba7b9bcccff,1,a-,prefix,eb2dab21-d31e-4dbd-bb90-255c046203a6
1e1d9025-b807-4504-ab30-deca4f5c6104,1e4ea41c-ee64-4bce-aed5-5ba7b9bcccff,2,ab-,prefix,1e4ea41c-ee64-4bce-aed5-5ba7b9bcccff
1e1d9025-b807-4504-ab30-deca4f5c6104,1e4ea41c-ee64-4bce-aed5-5ba7b9bcccff,3,ac-,prefix,313fe2aa-9acf-4e44-b215-3d94eac8de99
1e1d9025-b807-4504-ab30-deca4f5c6104,1e4ea41c-ee64-4bce-aed5-5ba7b9bcccff,4,ad-,prefix,01e572b5-9046-4ae6-82df-91bb22b151d2
1e1d9025-b807-4504-ab30-deca4f5c6104,1e4ea41c-ee64-4bce-aed5-5ba7b9bcccff,5,ap-,prefix,3015fc76-f4ec-4a6a-bc69-218e873a44f1
1e1d9025-b807-4504-ab30-deca4f5c6104,1e4ea41c-ee64-4bce-aed5-5ba7b9bcccff,6,as-,prefix,eb377bec-24c3-4c39-84d6-2c688a20059a
1e1d9025-b807-4504-ab30-deca4f5c6104,1e4ea41c-ee64-4bce-aed5-5ba7b9bcccff,7,at-,prefix,e63cdbbb-8bfb-442b-b49a-bd01c7f68aff
0a33b684-8f07-4879-8a4c-e1063a57aa50,1e4ea41c-ee64-4bce-aed5-5ba7b9bcccff,1,a-,prefix,eb2dab21-d31e-4dbd-bb90-255c046203a6
0a33b684-8f07-4879-8a4c-e1063a57aa50,1e4ea41c-ee64-4bce-aed5-5ba7b9bcccff,2,ab-,prefix,1e4ea41c-ee64-4bce-aed5-5ba7b9bcccff
0a33b684-8f07-4879-8a4c-e1063a57aa50,1e4ea41c-ee64-4bce-aed5-5ba7b9bcccff,3,ac-,prefix,313fe2aa-9acf-4e44-b215-3d94eac8de99
0a33b684-8f07-4879-8a4c-e1063a57aa50,1e4ea41c-ee64-4bce-aed5-5ba7b9bcccff,4,ad-,prefix,01e572b5-9046-4ae6-82df-91bb22b151d2
0a33b684-8f07-4879-8a4c-e1063a57aa50,1e4ea41c-ee64-4bce-aed5-5ba7b9bcccff,5,ap-,prefix,3015fc76-f4ec-4a6a-bc69-218e873a44f1
0a33b684-8f07-4879-8a4c-e1063a57aa50,1e4ea41c-ee64-4bce-aed5-5ba7b9bcccff,6,as-,prefix,eb377bec-24c3-4c39-84d6-2c688a20059a
0a33b684-8f07-4879-8a4c-e1063a57aa50,1e4ea41c-ee64-4bce-aed5-5ba7b9bcccff,7,at-,prefix,e63cdbbb-8bfb-442b-b49a-bd01c7f68aff
eb732470-3fee-46eb-bf70-d70054979c22,e9081b64-24c5-45e6-ab9e-64161a4b9d55,1,in,word,84b42a02-b972-4109-ac42-7d04746f07c8
ddc6cf6c-02bb-487f-86dd-4b9945173519,e9081b64-24c5-45e6-ab9e-64161a4b9d55,1,in,word,84b42a02-b972-4109-ac42-7d04746f07c8
314f94ec-18a1-4e6d-b7cb-9102595868f4,f8d80652-06c7-4662-a796-7b4b81950e96,1,a-,prefix,eb2dab21-d31e-4dbd-bb90-255c046203a6
d570f595-3c9d-473d-af9b-1e2269630b08,35bfa2ad-f3d3-43ad-8bb7-1a1b5f5b9059,1,in,word,84b42a02-b972-4109-ac42-7d04746f07c8
d570f595-3c9d-473d-af9b-1e2269630b08,35bfa2ad-f3d3-43ad-8bb7-1a1b5f5b9059,2,-er,suffix,22a3b447-d3cf-4d74-8e34-fadb7d2b0375
9045e44f-c807-4f9c-b175-fcadce69fb67,e9081b64-24c5-45e6-ab9e-64161a4b9d55,1,in,word,84b42a02-b972-4109-ac42-7d04746f07c8
62c2bdb9-be60-452e-8e0e-4a71d369a1bd,320d2e50-b317-46f9-b027-7e426502763a,1,in,word,84b42a02-b972-4109-ac42-7d04746f07c8
62c2bdb9-be60-452e-8e0e-4a71d369a1bd,084b20a4-1469-4ea8-9b21-54eca0d6ddf7,1,re-,prefix,25c9c982-54cc-42c6-8d13-31b6232755b7
3499f530-f2b9-442c-8d78-1abb03a1bb9e,320d2e50-b317-46f9-b027-7e426502763a,1,in,word,84b42a02-b972-4109-ac42-7d04746f07c8
3499f530-f2b9-442c-8d78-1abb03a1bb9e,084b20a4-1469-4ea8-9b21-54eca0d6ddf7,1,re-,prefix,25c9c982-54cc-42c6-8d13-31b6232755b7
c2dd3f28-f646-460e-b3e2-c03b931b2760,2112d064-3373-4a90-aae1-3e2eb83a4f1a,1,sir,word,46e464ed-ffc1-4a12-9de0-773a4f912be6
c2dd3f28-f646-460e-b3e2-c03b931b2760,2112d064-3373-4a90-aae1-3e2eb83a4f1a,2,see,word,e7c93797-0833-40e6-b0db-eff1df71c656
9c4a4aa2-b771-4cb3-834b-9b5599e0872d,2112d064-3373-4a90-aae1-3e2eb83a4f1a,1,sir,word,46e464ed-ffc1-4a12-9de0-773a4f912be6
9c4a4aa2-b771-4cb3-834b-9b5599e0872d,2112d064-3373-4a90-aae1-3e2eb83a4f1a,2,see,word,e7c93797-0833-40e6-b0db-eff1df71c656
69d25d53-b875-439a-ae49-4fc8c0e65f35,2112d064-3373-4a90-aae1-3e2eb83a4f1a,1,sir,word,46e464ed-ffc1-4a12-9de0-773a4f912be6
69d25d53-b875-439a-ae49-4fc8c0e65f35,2112d064-3373-4a90-aae1-3e2eb83a4f1a,2,see,word,e7c93797-0833-40e6-b0db-eff1df71c656
c7bedc4d-619d-4df0-b9be-b4cb6785f23a,2112d064-3373-4a90-aae1-3e2eb83a4f1a,1,sir,word,46e464ed-ffc1-4a12-9de0-773a4f912be6
c7bedc4d-619d-4df0-b9be-b4cb6785f23a,2112d064-3373-4a90-aae1-3e2eb83a4f1a,2,see,word,e7c93797-0833-40e6-b0db-eff1df71c656
d6d706b2-edcd-453d-b35f-b529c0ff0b38,530b34a3-5ddf-4809-856a-06d73c49d8b0,1,sect-根,root,48e426e0-4bb0-47fc-8c6b-bbef69a3fe5b
d6d706b2-edcd-453d-b35f-b529c0ff0b38,530b34a3-5ddf-4809-856a-06d73c49d8b0,2,mid-根,root,54c1f0aa-26ca-46c3-a516-ce462c136018
78d39328-0e90-4a22-99fd-f11c669b899e,530b34a3-5ddf-4809-856a-06d73c49d8b0,1,sect-根,root,48e426e0-4bb0-47fc-8c6b-bbef69a3fe5b
78d39328-0e90-4a22-99fd-f11c669b899e,530b34a3-5ddf-4809-856a-06d73c49d8b0,2,mid-根,root,54c1f0aa-26ca-46c3-a516-ce462c136018
f80e3267-4c21-42bb-b975-23291fc7757d,2ec342b0-e4bc-419d-ae67-390149ddbd21,1,over,word,5bbd5dbe-032d-4060-936c-4088d18dce41
ae4e45b9-d5cf-45f8-b00a-52efe5987f42,b052e0f9-a8c7-4190-b276-3af91e0cb123,1,pass,word,56d684a4-53dd-4d2f-a4aa-e62dc06fbda6
3bd04dda-4b22-44b5-9391-4a68505d450a,d696314c-ce6b-4314-af4f-a4984645e31f,1,-er,suffix,22a3b447-d3cf-4d74-8e34-fadb7d2b0375
f7e0a60c-0f5e-4204-8f8b-c6a738513942,d42d211c-392f-49a0-b3b1-687347897da5,1,pro-,prefix,40e680cb-32e4-4cff-bb9c-b17989a9fa1a
746273ec-6a57-44cc-a078-48fb092798c7,2fe3292c-d5ba-43a0-858f-3fc9ce5afeae,1,fac,root,466f5a5c-cb68-45f0-8516-71ae148bc3a9
9ce7e804-b8f9-471e-903e-5a50214f473a,97cb5966-50a3-45ab-84ea-ba5676e3d989,1,ten,word,cab687e2-c2f4-4b26-8968-af39a77d3d4e
eac654db-2a0d-4067-9e9f-39cd85f5b9b5,58a2bcc3-65ac-4922-bc05-3bcae8a0d1c7,1,un-,prefix,c9540296-9f3a-4257-aa69-a5688a369918
eac654db-2a0d-4067-9e9f-39cd85f5b9b5,e870b6b2-c515-48c7-9303-35971232bf21,1,es-,prefix,28a85be7-b919-4934-b162-c2bcd084a8ad
eac654db-2a0d-4067-9e9f-39cd85f5b9b5,e870b6b2-c515-48c7-9303-35971232bf21,2,time,word,844e3a81-c010-49d3-bc9a-5add82db6135
3fd636a6-331f-461c-861d-bb49a322c4bc,a8708988-eb5a-4ffa-b297-64a54bc46fa8,1,you,word,fbc73d01-7864-49bf-b9f5-700f8fcaf68e
3fd636a6-331f-461c-861d-bb49a322c4bc,a8708988-eb5a-4ffa-b297-64a54bc46fa8,2,only,word,6bf0967d-e569-468b-8a97-de0aebdf3bc5
c636bdbc-9171-4934-84cf-ba85914208e2,eb2dab21-d31e-4dbd-bb90-255c046203a6,1,on,word,3090e71f-ead1-49e6-8ef2-520fb888aaf2
c636bdbc-9171-4934-84cf-ba85914208e2,1e4ea41c-ee64-4bce-aed5-5ba7b9bcccff,1,a-,prefix,eb2dab21-d31e-4dbd-bb90-255c046203a6
c636bdbc-9171-4934-84cf-ba85914208e2,1e4ea41c-ee64-4bce-aed5-5ba7b9bcccff,2,ab-,prefix,1e4ea41c-ee64-4bce-aed5-5ba7b9bcccff
c636bdbc-9171-4934-84cf-ba85914208e2,1e4ea41c-ee64-4bce-aed5-5ba7b9bcccff,3,ac-,prefix,313fe2aa-9acf-4e44-b215-3d94eac8de99
c636bdbc-9171-4934-84cf-ba85914208e2,1e4ea41c-ee64-4bce-aed5-5ba7b9bcccff,4,ad-,prefix,01e572b5-9046-4ae6-82df-91bb22b151d2
c636bdbc-9171-4934-84cf-ba85914208e2,1e4ea41c-ee64-4bce-aed5-5ba7b9bcccff,5,ap-,prefix,3015fc76-f4ec-4a6a-bc69-218e873a44f1
c636bdbc-9171-4934-84cf-ba85914208e2,1e4ea41c-ee64-4bce-aed5-5ba7b9bcccff,6,as-,prefix,eb377bec-24c3-4c39-84d6-2c688a20059a
c636bdbc-9171-4934-84cf-ba85914208e2,1e4ea41c-ee64-4bce-aed5-5ba7b9bcccff,7,at-,prefix,e63cdbbb-8bfb-442b-b49a-bd01c7f68aff
11009ac9-de08-486b-907a-ea9ac3d0396f,1e4ea41c-ee64-4bce-aed5-5ba7b9bcccff,1,a-,prefix,eb2dab21-d31e-4dbd-bb90-255c046203a6
11009ac9-de08-486b-907a-ea9ac3d0396f,1e4ea41c-ee64-4bce-aed5-5ba7b9bcccff,2,ab-,prefix,1e4ea41c-ee64-4bce-aed5-5ba7b9bcccff
11009ac9-de08-486b-907a-ea9ac3d0396f,1e4ea41c-ee64-4bce-aed5-5ba7b9bcccff,3,ac-,prefix,313fe2aa-9acf-4e44-b215-3d94eac8de99
11009ac9-de08-486b-907a-ea9ac3d0396f,1e4ea41c-ee64-4bce-aed5-5ba7b9bcccff,4,ad-,prefix,01e572b5-9046-4ae6-82df-91bb22b151d2
11009ac9-de08-486b-907a-ea9ac3d0396f,1e4ea41c-ee64-4bce-aed5-5ba7b9bcccff,5,ap-,prefix,3015fc76-f4ec-4a6a-bc69-218e873a44f1
11009ac9-de08-486b-907a-ea9ac3d0396f,1e4ea41c-ee64-4bce-aed5-5ba7b9bcccff,6,as-,prefix,eb377bec-24c3-4c39-84d6-2c688a20059a
11009ac9-de08-486b-907a-ea9ac3d0396f,1e4ea41c-ee64-4bce-aed5-5ba7b9bcccff,7,at-,prefix,e63cdbbb-8bfb-442b-b49a-bd01c7f68aff
9895b130-b085-44ef-86d3-cd7c5db25c78,eabfcb69-f5cb-4776-9fe5-50322c63ee01,1,come,word,bed2da61-da50-4e6e-ad60-0caa543d62a8
9895b130-b085-44ef-86d3-cd7c5db25c78,2c8f7c44-05fb-4ed7-a577-e8d22d2ef756,1,come,word,bed2da61-da50-4e6e-ad60-0caa543d62a8
9895b130-b085-44ef-86d3-cd7c5db25c78,01f49513-202d-4971-8288-69133087830a,1,let,word,524f3f07-5c8a-4cdf-ac82-2ea1d7e78a01
72132f7b-d4cf-4be2-b59f-7a0851a7e894,2c8f7c44-05fb-4ed7-a577-e8d22d2ef756,1,come,word,bed2da61-da50-4e6e-ad60-0caa543d62a8
72132f7b-d4cf-4be2-b59f-7a0851a7e894,01f49513-202d-4971-8288-69133087830a,1,let,word,524f3f07-5c8a-4cdf-ac82-2ea1d7e78a01
1a573c10-c776-44e2-ba4f-cab83c6c3605,2c8f7c44-05fb-4ed7-a577-e8d22d2ef756,1,come,word,bed2da61-da50-4e6e-ad60-0caa543d62a8
1a573c10-c776-44e2-ba4f-cab83c6c3605,01f49513-202d-4971-8288-69133087830a,1,let,word,524f3f07-5c8a-4cdf-ac82-2ea1d7e78a01
72aa6208-19b8-4b15-9dbb-e26c7ab1b950,2c8f7c44-05fb-4ed7-a577-e8d22d2ef756,1,come,word,bed2da61-da50-4e6e-ad60-0caa543d62a8
72aa6208-19b8-4b15-9dbb-e26c7ab1b950,01f49513-202d-4971-8288-69133087830a,1,let,word,524f3f07-5c8a-4cdf-ac82-2ea1d7e78a01
431405d8-528c-4fb9-80f5-50245a24a26f,d58c2747-b732-4063-80d0-cf4f43093010,1,-s,suffix,fa6eab22-d8bc-49ff-bf8f-f19761221b14
c8875e97-c2e3-4c73-8710-4a8bf89e7b32,98e6651d-8b5e-462a-adb2-dc5da6edb65c,1,come,word,bed2da61-da50-4e6e-ad60-0caa543d62a8
a4e0b4c0-7566-4830-8ec7-68df79be93d7,98e6651d-8b5e-462a-adb2-dc5da6edb65c,1,come,word,bed2da61-da50-4e6e-ad60-0caa543d62a8
924f9b97-5ba5-477a-bd52-bf63332e3a1c,98e6651d-8b5e-462a-adb2-dc5da6edb65c,1,come,word,bed2da61-da50-4e6e-ad60-0caa543d62a8
1ff274ea-f718-4baf-a18f-5a11b8f6e621,98e6651d-8b5e-462a-adb2-dc5da6edb65c,1,come,word,bed2da61-da50-4e6e-ad60-0caa543d62a8
b8b4f8e8-8bcf-4a1d-a4cc-2335a83b0d92,98e6651d-8b5e-462a-adb2-dc5da6edb65c,1,come,word,bed2da61-da50-4e6e-ad60-0caa543d62a8
b8b4f8e8-8bcf-4a1d-a4cc-2335a83b0d92,49bf853b-04d3-43bc-89e6-e8e8a8ac4523,1,sta,root,e1b53382-184c-4e2f-8461-70e908854ea1
0b80e982-3d17-4ed4-8699-3a9feaa8443b,0cf41484-f807-4ed5-9307-282afeb2680e,1,try,word,c6f34070-157f-4643-b378-36d8ae16dd09
a9fb393f-2089-4921-a57b-d53f56fe16af,0cf41484-f807-4ed5-9307-282afeb2680e,1,try,word,c6f34070-157f-4643-b378-36d8ae16dd09
23ddfe89-09e1-4ced-b717-c740e12705fe,0cf41484-f807-4ed5-9307-282afeb2680e,1,try,word,c6f34070-157f-4643-b378-36d8ae16dd09
4db9657f-80b5-4e72-9d8d-15914a9276f8,28af19a4-7e47-4bf2-888a-7caf6a51c4be,1,en-,prefix,de761270-a58d-4822-8a24-110b2521fb24
4db9657f-80b5-4e72-9d8d-15914a9276f8,7ca55f55-7004-41c8-a4b8-a17b3de0ed62,1,hand,word,63577aa8-bd7a-4f78-8d17-c826ccd457ef
7bec3c0d-3352-44b3-92c4-38dfd2d08a58,28af19a4-7e47-4bf2-888a-7caf6a51c4be,1,en-,prefix,de761270-a58d-4822-8a24-110b2521fb24
7bec3c0d-3352-44b3-92c4-38dfd2d08a58,7ca55f55-7004-41c8-a4b8-a17b3de0ed62,1,hand,word,63577aa8-bd7a-4f78-8d17-c826ccd457ef
7a939956-8f74-469d-9b6f-68bf5f24d116,2112d064-3373-4a90-aae1-3e2eb83a4f1a,1,sir,word,46e464ed-ffc1-4a12-9de0-773a4f912be6
7a939956-8f74-469d-9b6f-68bf5f24d116,2112d064-3373-4a90-aae1-3e2eb83a4f1a,2,see,word,e7c93797-0833-40e6-b0db-eff1df71c656
e4bd0111-940c-4b99-a474-8912d89e3ffb,e9081b64-24c5-45e6-ab9e-64161a4b9d55,1,in,word,84b42a02-b972-4109-ac42-7d04746f07c8
36fa9763-b793-44c3-8517-81dee7049c41,8845d935-09a5-45da-97b8-4dd591bfe148,1,out,word,2d8448d3-514e-49e3-97f9-290a5c552d4a
765fd6b8-5534-4034-baa3-cab592159d4d,8845d935-09a5-45da-97b8-4dd591bfe148,1,out,word,2d8448d3-514e-49e3-97f9-290a5c552d4a
36821505-4bb0-465b-9a32-88e7d58d59f2,a8708988-eb5a-4ffa-b297-64a54bc46fa8,1,you,word,fbc73d01-7864-49bf-b9f5-700f8fcaf68e
36821505-4bb0-465b-9a32-88e7d58d59f2,a8708988-eb5a-4ffa-b297-64a54bc46fa8,2,only,word,6bf0967d-e569-468b-8a97-de0aebdf3bc5
36821505-4bb0-465b-9a32-88e7d58d59f2,ac7523d6-9e5f-4cff-bd04-0e001ef21a7a,1,trans-,prefix,c382c29f-affc-416a-8882-078f7af11696
90dac86c-7c2a-4d61-b6bf-bbb632ecacdc,fd544164-e6b5-43cf-a2dc-a763e5cb1f3b,1,bus,word,16f4f7bd-e794-454b-9be7-a75569b5fa50
4e16ce71-b1dc-4a28-bf14-5db2262560b2,fd544164-e6b5-43cf-a2dc-a763e5cb1f3b,1,bus,word,16f4f7bd-e794-454b-9be7-a75569b5fa50
282d1f0d-79b6-4e04-9b58-61e8137d59c4,0b13acfd-0ee9-4274-811f-ed89de83476d,1,in,word,84b42a02-b972-4109-ac42-7d04746f07c8
59771529-b141-49f6-9d7f-696d17903c73,0b13acfd-0ee9-4274-811f-ed89de83476d,1,in,word,84b42a02-b972-4109-ac42-7d04746f07c8
1611c5bb-1f5e-497e-87bc-498737cc255d,0b13acfd-0ee9-4274-811f-ed89de83476d,1,in,word,84b42a02-b972-4109-ac42-7d04746f07c8
e7f91d12-2e22-4a4e-91fc-7a4829e09668,26730eeb-c56e-454d-b9d3-720841ded030,1,no,word,1e07c7e4-8b6f-43c3-9c7a-9916d745441f
9a895542-c99c-452f-8678-1cae260da62e,26730eeb-c56e-454d-b9d3-720841ded030,1,no,word,1e07c7e4-8b6f-43c3-9c7a-9916d745441f
e229d957-03d6-4935-91f3-ec224af4d761,26730eeb-c56e-454d-b9d3-720841ded030,1,no,word,1e07c7e4-8b6f-43c3-9c7a-9916d745441f
d223a44b-259a-41d9-9181-8caafbcb11f3,e9081b64-24c5-45e6-ab9e-64161a4b9d55,1,in,word,84b42a02-b972-4109-ac42-7d04746f07c8
2db79fe5-3d2f-4c82-bbab-7f16b0886bde,e9081b64-24c5-45e6-ab9e-64161a4b9d55,1,in,word,84b42a02-b972-4109-ac42-7d04746f07c8
ed8418d1-e035-4a6f-9bca-cfefc8660611,0815771c-a879-4c7e-b9b2-425daadb9957,1,ob-,prefix,b9a3b672-0067-42ec-a917-dc17338523a0
ed8418d1-e035-4a6f-9bca-cfefc8660611,0815771c-a879-4c7e-b9b2-425daadb9957,2,op-,prefix,07e6b6fd-3e6e-42be-9cfe-11dcadb01cd9
ed8418d1-e035-4a6f-9bca-cfefc8660611,0815771c-a879-4c7e-b9b2-425daadb9957,3,of-,prefix,366a998f-d20b-48c1-97c8-cf723bf4766e
ed8418d1-e035-4a6f-9bca-cfefc8660611,0815771c-a879-4c7e-b9b2-425daadb9957,4,oc-,prefix,0815771c-a879-4c7e-b9b2-425daadb9957
c0cb3c88-4ff9-4fd6-9288-c8e5340fb8e0,0815771c-a879-4c7e-b9b2-425daadb9957,1,ob-,prefix,b9a3b672-0067-42ec-a917-dc17338523a0
c0cb3c88-4ff9-4fd6-9288-c8e5340fb8e0,0815771c-a879-4c7e-b9b2-425daadb9957,2,op-,prefix,07e6b6fd-3e6e-42be-9cfe-11dcadb01cd9
c0cb3c88-4ff9-4fd6-9288-c8e5340fb8e0,0815771c-a879-4c7e-b9b2-425daadb9957,3,of-,prefix,366a998f-d20b-48c1-97c8-cf723bf4766e
c0cb3c88-4ff9-4fd6-9288-c8e5340fb8e0,0815771c-a879-4c7e-b9b2-425daadb9957,4,oc-,prefix,0815771c-a879-4c7e-b9b2-425daadb9957
2d6d6121-5e04-4f3e-86cc-447be8d322f0,a1534fd5-7e59-4f15-9642-7716a9817b5a,1,it,word,b53c2e40-e251-43a1-90b3-1d0a5f9f9dff
5cebe128-0496-4c62-acc3-566853e8fe93,a1534fd5-7e59-4f15-9642-7716a9817b5a,1,it,word,b53c2e40-e251-43a1-90b3-1d0a5f9f9dff
89f8b1f6-bdc7-4b5a-ae99-5a03fa94f7aa,a1534fd5-7e59-4f15-9642-7716a9817b5a,1,it,word,b53c2e40-e251-43a1-90b3-1d0a5f9f9dff
d5eabdf6-9134-439f-a602-a5bc3427d60b,72aab5e1-3606-4acb-b780-6ff6bc70dffb,1,it,word,b53c2e40-e251-43a1-90b3-1d0a5f9f9dff
22531ec3-e72d-45cb-9c9b-12686162d2ae,8845d935-09a5-45da-97b8-4dd591bfe148,1,out,word,2d8448d3-514e-49e3-97f9-290a5c552d4a
22531ec3-e72d-45cb-9c9b-12686162d2ae,72aab5e1-3606-4acb-b780-6ff6bc70dffb,1,it,word,b53c2e40-e251-43a1-90b3-1d0a5f9f9dff
31636dc3-d2ce-4be6-8c75-885e301763ff,82d1302e-58db-49a7-8839-1433d25d1de8,1,pen,word,a78fd673-7cbb-42b2-b05c-653517f4925d
2605d0c6-ebdc-4615-bd98-b3ad1c5029df,52eb062d-9ae5-408c-b6d4-b8e3c0023b1b,1,have,word,1caf16a2-bdea-4704-b119-50af402b3b77
2605d0c6-ebdc-4615-bd98-b3ad1c5029df,52eb062d-9ae5-408c-b6d4-b8e3c0023b1b,2,it,word,b53c2e40-e251-43a1-90b3-1d0a5f9f9dff
86c9aa71-e4a0-4975-9b42-c26c0d7f045d,52eb062d-9ae5-408c-b6d4-b8e3c0023b1b,1,have,word,1caf16a2-bdea-4704-b119-50af402b3b77
86c9aa71-e4a0-4975-9b42-c26c0d7f045d,52eb062d-9ae5-408c-b6d4-b8e3c0023b1b,2,it,word,b53c2e40-e251-43a1-90b3-1d0a5f9f9dff
5479f022-087f-409b-8176-617444dcc6a9,52eb062d-9ae5-408c-b6d4-b8e3c0023b1b,1,have,word,1caf16a2-bdea-4704-b119-50af402b3b77
5479f022-087f-409b-8176-617444dcc6a9,52eb062d-9ae5-408c-b6d4-b8e3c0023b1b,2,it,word,b53c2e40-e251-43a1-90b3-1d0a5f9f9dff
41ca66eb-7e6d-4a0f-bbfd-bc0ed467015b,084b20a4-1469-4ea8-9b21-54eca0d6ddf7,1,re-,prefix,25c9c982-54cc-42c6-8d13-31b6232755b7
2ee943bf-e047-4911-bf8c-7721e57bb2e7,084b20a4-1469-4ea8-9b21-54eca0d6ddf7,1,re-,prefix,25c9c982-54cc-42c6-8d13-31b6232755b7
20258771-5fb9-47c3-ac18-2ea9c1c5a4d2,084b20a4-1469-4ea8-9b21-54eca0d6ddf7,1,re-,prefix,25c9c982-54cc-42c6-8d13-31b6232755b7
971e2c65-f386-4c3c-af75-0ae01f8abd24,084b20a4-1469-4ea8-9b21-54eca0d6ddf7,1,re-,prefix,25c9c982-54cc-42c6-8d13-31b6232755b7
7c8756e1-76c7-4a8c-998d-823dc1009379,313fe2aa-9acf-4e44-b215-3d94eac8de99,1,a-,prefix,eb2dab21-d31e-4dbd-bb90-255c046203a6
7c8756e1-76c7-4a8c-998d-823dc1009379,313fe2aa-9acf-4e44-b215-3d94eac8de99,2,ab-,prefix,1e4ea41c-ee64-4bce-aed5-5ba7b9bcccff
7c8756e1-76c7-4a8c-998d-823dc1009379,313fe2aa-9acf-4e44-b215-3d94eac8de99,3,ac-,prefix,313fe2aa-9acf-4e44-b215-3d94eac8de99
7c8756e1-76c7-4a8c-998d-823dc1009379,313fe2aa-9acf-4e44-b215-3d94eac8de99,4,ad-,prefix,01e572b5-9046-4ae6-82df-91bb22b151d2
7c8756e1-76c7-4a8c-998d-823dc1009379,313fe2aa-9acf-4e44-b215-3d94eac8de99,5,ap-,prefix,3015fc76-f4ec-4a6a-bc69-218e873a44f1
7c8756e1-76c7-4a8c-998d-823dc1009379,313fe2aa-9acf-4e44-b215-3d94eac8de99,6,as-,prefix,eb377bec-24c3-4c39-84d6-2c688a20059a
7c8756e1-76c7-4a8c-998d-823dc1009379,313fe2aa-9acf-4e44-b215-3d94eac8de99,7,at-,prefix,e63cdbbb-8bfb-442b-b49a-bd01c7f68aff
21faaa63-3f16-4bff-ac65-0ba0856cc33b,313fe2aa-9acf-4e44-b215-3d94eac8de99,1,a-,prefix,eb2dab21-d31e-4dbd-bb90-255c046203a6
21faaa63-3f16-4bff-ac65-0ba0856cc33b,313fe2aa-9acf-4e44-b215-3d94eac8de99,2,ab-,prefix,1e4ea41c-ee64-4bce-aed5-5ba7b9bcccff
21faaa63-3f16-4bff-ac65-0ba0856cc33b,313fe2aa-9acf-4e44-b215-3d94eac8de99,3,ac-,prefix,313fe2aa-9acf-4e44-b215-3d94eac8de99
21faaa63-3f16-4bff-ac65-0ba0856cc33b,313fe2aa-9acf-4e44-b215-3d94eac8de99,4,ad-,prefix,01e572b5-9046-4ae6-82df-91bb22b151d2
21faaa63-3f16-4bff-ac65-0ba0856cc33b,313fe2aa-9acf-4e44-b215-3d94eac8de99,5,ap-,prefix,3015fc76-f4ec-4a6a-bc69-218e873a44f1
21faaa63-3f16-4bff-ac65-0ba0856cc33b,313fe2aa-9acf-4e44-b215-3d94eac8de99,6,as-,prefix,eb377bec-24c3-4c39-84d6-2c688a20059a
21faaa63-3f16-4bff-ac65-0ba0856cc33b,313fe2aa-9acf-4e44-b215-3d94eac8de99,7,at-,prefix,e63cdbbb-8bfb-442b-b49a-bd01c7f68aff
a2d91d13-1311-4d3d-b5f8-c7046636b9da,313fe2aa-9acf-4e44-b215-3d94eac8de99,1,a-,prefix,eb2dab21-d31e-4dbd-bb90-255c046203a6
a2d91d13-1311-4d3d-b5f8-c7046636b9da,313fe2aa-9acf-4e44-b215-3d94eac8de99,2,ab-,prefix,1e4ea41c-ee64-4bce-aed5-5ba7b9bcccff
a2d91d13-1311-4d3d-b5f8-c7046636b9da,313fe2aa-9acf-4e44-b215-3d94eac8de99,3,ac-,prefix,313fe2aa-9acf-4e44-b215-3d94eac8de99
a2d91d13-1311-4d3d-b5f8-c7046636b9da,313fe2aa-9acf-4e44-b215-3d94eac8de99,4,ad-,prefix,01e572b5-9046-4ae6-82df-91bb22b151d2
a2d91d13-1311-4d3d-b5f8-c7046636b9da,313fe2aa-9acf-4e44-b215-3d94eac8de99,5,ap-,prefix,3015fc76-f4ec-4a6a-bc69-218e873a44f1
a2d91d13-1311-4d3d-b5f8-c7046636b9da,313fe2aa-9acf-4e44-b215-3d94eac8de99,6,as-,prefix,eb377bec-24c3-4c39-84d6-2c688a20059a
a2d91d13-1311-4d3d-b5f8-c7046636b9da,313fe2aa-9acf-4e44-b215-3d94eac8de99,7,at-,prefix,e63cdbbb-8bfb-442b-b49a-bd01c7f68aff
099f4398-9a56-4a0e-a999-703752f949df,8845d935-09a5-45da-97b8-4dd591bfe148,1,out,word,2d8448d3-514e-49e3-97f9-290a5c552d4a
fc240599-bb6d-489c-9edd-88d287615d41,e9081b64-24c5-45e6-ab9e-64161a4b9d55,1,in,word,84b42a02-b972-4109-ac42-7d04746f07c8
db8cb438-afe9-4e19-87de-7c29d4f9511a,e9081b64-24c5-45e6-ab9e-64161a4b9d55,1,in,word,84b42a02-b972-4109-ac42-7d04746f07c8
0960bf09-ef7d-4873-9d8e-8170466dc364,e9081b64-24c5-45e6-ab9e-64161a4b9d55,1,in,word,84b42a02-b972-4109-ac42-7d04746f07c8
2ac53730-7a00-4b79-8da5-b800662f7aad,63cd502c-c61d-413c-b4b6-791978d1da98,1,at,word,9c2f1b32-39ad-4c43-8c8d-ae84d4272e3b
017e3ba9-61ed-47d8-a841-166317279de0,63cd502c-c61d-413c-b4b6-791978d1da98,1,at,word,9c2f1b32-39ad-4c43-8c8d-ae84d4272e3b
7b6a2661-7176-4815-bf66-cf76e87f43aa,eb2dab21-d31e-4dbd-bb90-255c046203a6,1,on,word,3090e71f-ead1-49e6-8ef2-520fb888aaf2
0b0a3117-8119-4ffe-87e9-5faf05714299,eb2dab21-d31e-4dbd-bb90-255c046203a6,1,on,word,3090e71f-ead1-49e6-8ef2-520fb888aaf2
31d6181c-c15a-40de-a409-73a28ea3d6bf,c51a8e11-69c9-4469-b362-65f433a0d955,1,come,word,bed2da61-da50-4e6e-ad60-0caa543d62a8
1889d94f-1324-43cb-99b2-ca52fb46a3e7,a1534fd5-7e59-4f15-9642-7716a9817b5a,1,it,word,b53c2e40-e251-43a1-90b3-1d0a5f9f9dff
a3039cc5-4f8d-4379-8b66-bd6811c98123,98e6651d-8b5e-462a-adb2-dc5da6edb65c,1,come,word,bed2da61-da50-4e6e-ad60-0caa543d62a8
1e166bf9-8253-499e-82ed-3bd3ce94829e,98e6651d-8b5e-462a-adb2-dc5da6edb65c,1,come,word,bed2da61-da50-4e6e-ad60-0caa543d62a8
15f261d7-d74f-4af8-bb6a-ff1efefb09b6,6c1d309c-a650-44a3-a776-a143395f5ba7,1,an,word,f12a203c-950b-4f36-a096-1faed7f15f69
2904b9e3-c542-44ef-ba5f-50d6d401e27e,98e6651d-8b5e-462a-adb2-dc5da6edb65c,1,come,word,bed2da61-da50-4e6e-ad60-0caa543d62a8
47bdc213-f20a-4714-9866-88d2b1c7c080,98e6651d-8b5e-462a-adb2-dc5da6edb65c,1,come,word,bed2da61-da50-4e6e-ad60-0caa543d62a8
ab1c0a62-2f88-4529-b350-fa0f4a70db72,98e6651d-8b5e-462a-adb2-dc5da6edb65c,1,come,word,bed2da61-da50-4e6e-ad60-0caa543d62a8
65816098-9508-4ff1-ba0f-8d02fbae9fc4,98e6651d-8b5e-462a-adb2-dc5da6edb65c,1,come,word,bed2da61-da50-4e6e-ad60-0caa543d62a8
ad5826c6-2095-4503-9786-e4c58a0d7772,ea404a62-bc91-48a9-96ec-981aa2a018dc,1,mini,word,e5149dd5-3c37-4c31-b9bb-a576cc6bbafa
ad5826c6-2095-4503-9786-e4c58a0d7772,ea404a62-bc91-48a9-96ec-981aa2a018dc,2,in,word,84b42a02-b972-4109-ac42-7d04746f07c8
afeb2ac5-18eb-4096-9c71-6cd1064a6e7d,ea404a62-bc91-48a9-96ec-981aa2a018dc,1,mini,word,e5149dd5-3c37-4c31-b9bb-a576cc6bbafa
afeb2ac5-18eb-4096-9c71-6cd1064a6e7d,ea404a62-bc91-48a9-96ec-981aa2a018dc,2,in,word,84b42a02-b972-4109-ac42-7d04746f07c8
49a4a848-6293-4a64-82bc-734a47d15c8e,58a2bcc3-65ac-4922-bc05-3bcae8a0d1c7,1,un-,prefix,c9540296-9f3a-4257-aa69-a5688a369918
49a4a848-6293-4a64-82bc-734a47d15c8e,ea404a62-bc91-48a9-96ec-981aa2a018dc,1,mini,word,e5149dd5-3c37-4c31-b9bb-a576cc6bbafa
49a4a848-6293-4a64-82bc-734a47d15c8e,ea404a62-bc91-48a9-96ec-981aa2a018dc,2,in,word,84b42a02-b972-4109-ac42-7d04746f07c8
02d538e6-d83b-4d2d-abc9-c47b82f8f741,d1d6cf9f-3583-48a2-8905-b82caa3a3489,1,lie,word,a89fce0d-8493-4cf5-8fa1-fe5ff19c541e
3eba3d6d-9152-444d-8f63-2fb77160a49a,4e51d4ba-6b93-4de1-86dc-ebc0ff74ac3f,1,-t,suffix,902260c2-0a41-46d9-8130-90955ee5437e
0e331e0a-71a5-40a3-8dcd-890632285177,35bfa2ad-f3d3-43ad-8bb7-1a1b5f5b9059,1,in,word,84b42a02-b972-4109-ac42-7d04746f07c8
0e331e0a-71a5-40a3-8dcd-890632285177,35bfa2ad-f3d3-43ad-8bb7-1a1b5f5b9059,2,-er,suffix,22a3b447-d3cf-4d74-8e34-fadb7d2b0375
0e331e0a-71a5-40a3-8dcd-890632285177,044440d8-c09f-4811-a7e6-d356e180e458,1,-t,suffix,902260c2-0a41-46d9-8130-90955ee5437e
69f4a821-c401-4b7a-bb82-cd2bd2ca34ad,35bfa2ad-f3d3-43ad-8bb7-1a1b5f5b9059,1,in,word,84b42a02-b972-4109-ac42-7d04746f07c8
69f4a821-c401-4b7a-bb82-cd2bd2ca34ad,35bfa2ad-f3d3-43ad-8bb7-1a1b5f5b9059,2,-er,suffix,22a3b447-d3cf-4d74-8e34-fadb7d2b0375
69f4a821-c401-4b7a-bb82-cd2bd2ca34ad,044440d8-c09f-4811-a7e6-d356e180e458,1,-t,suffix,902260c2-0a41-46d9-8130-90955ee5437e
5489cb7c-1670-4c69-84d1-c5b939ebd6a4,de761270-a58d-4822-8a24-110b2521fb24,1,in,word,84b42a02-b972-4109-ac42-7d04746f07c8
18c7c24b-e893-4536-9bfc-46502ff3a2dc,de761270-a58d-4822-8a24-110b2521fb24,1,in,word,84b42a02-b972-4109-ac42-7d04746f07c8
34bff7e2-ab17-47d7-8a6b-4e5a74b02ea5,de761270-a58d-4822-8a24-110b2521fb24,1,in,word,84b42a02-b972-4109-ac42-7d04746f07c8
51d30d71-a45a-4f44-a627-3440a008e848,e9081b64-24c5-45e6-ab9e-64161a4b9d55,1,in,word,84b42a02-b972-4109-ac42-7d04746f07c8
02f196ea-3cd0-4479-84cd-832cf55c85ce,e9081b64-24c5-45e6-ab9e-64161a4b9d55,1,in,word,84b42a02-b972-4109-ac42-7d04746f07c8
08313c68-0df5-4b3c-83b7-8b30c9c42d4c,e9081b64-24c5-45e6-ab9e-64161a4b9d55,1,in,word,84b42a02-b972-4109-ac42-7d04746f07c8
90abe612-4a1d-4c6d-8c41-835c1930c51e,e9081b64-24c5-45e6-ab9e-64161a4b9d55,1,in,word,84b42a02-b972-4109-ac42-7d04746f07c8
64308338-cf09-4164-8b23-c3c86ed39227,9dcdc95d-2078-4562-a59f-061087acf381,1,leg,word,f92139d7-f0ff-4112-8a18-cd2ae9a68f55
550f68db-9cf8-433c-9099-e244e8cc03db,9dcdc95d-2078-4562-a59f-061087acf381,1,leg,word,f92139d7-f0ff-4112-8a18-cd2ae9a68f55
03158161-092d-495b-80e6-f8f334322f41,e9081b64-24c5-45e6-ab9e-64161a4b9d55,1,in,word,84b42a02-b972-4109-ac42-7d04746f07c8
65267935-0f96-4ef2-a4ba-729da74e01b7,e9081b64-24c5-45e6-ab9e-64161a4b9d55,1,in,word,84b42a02-b972-4109-ac42-7d04746f07c8
20af8817-5363-4ffb-83d9-f8b6f64ae5b1,e9081b64-24c5-45e6-ab9e-64161a4b9d55,1,in,word,84b42a02-b972-4109-ac42-7d04746f07c8
c0162181-674e-4891-b050-f92779257649,e9081b64-24c5-45e6-ab9e-64161a4b9d55,1,in,word,84b42a02-b972-4109-ac42-7d04746f07c8
3242715c-6e07-461e-ab4c-6baafdc8262b,e9081b64-24c5-45e6-ab9e-64161a4b9d55,1,in,word,84b42a02-b972-4109-ac42-7d04746f07c8
3242715c-6e07-461e-ab4c-6baafdc8262b,49128a96-d606-4568-bff2-e85576e668c4,1,time,word,844e3a81-c010-49d3-bc9a-5add82db6135
cea68dd6-7629-494c-8b9c-8b5bb3d30cce,297ae201-a0bd-488c-9827-5d18a373af09,1,ball,word,ff1bd5ce-aee2-435d-a1a4-f76f0d86978c
23dc30a0-617f-4540-aeca-62da73664b58,297ae201-a0bd-488c-9827-5d18a373af09,1,ball,word,ff1bd5ce-aee2-435d-a1a4-f76f0d86978c
c76c6a33-4594-4f9b-8720-0d95975a3101,0815771c-a879-4c7e-b9b2-425daadb9957,1,ob-,prefix,b9a3b672-0067-42ec-a917-dc17338523a0
c76c6a33-4594-4f9b-8720-0d95975a3101,0815771c-a879-4c7e-b9b2-425daadb9957,2,op-,prefix,07e6b6fd-3e6e-42be-9cfe-11dcadb01cd9
c76c6a33-4594-4f9b-8720-0d95975a3101,0815771c-a879-4c7e-b9b2-425daadb9957,3,of-,prefix,366a998f-d20b-48c1-97c8-cf723bf4766e
c76c6a33-4594-4f9b-8720-0d95975a3101,0815771c-a879-4c7e-b9b2-425daadb9957,4,oc-,prefix,0815771c-a879-4c7e-b9b2-425daadb9957
c3b98a83-9d4e-401f-8dec-bbbf7266a538,0815771c-a879-4c7e-b9b2-425daadb9957,1,ob-,prefix,b9a3b672-0067-42ec-a917-dc17338523a0
c3b98a83-9d4e-401f-8dec-bbbf7266a538,0815771c-a879-4c7e-b9b2-425daadb9957,2,op-,prefix,07e6b6fd-3e6e-42be-9cfe-11dcadb01cd9
c3b98a83-9d4e-401f-8dec-bbbf7266a538,0815771c-a879-4c7e-b9b2-425daadb9957,3,of-,prefix,366a998f-d20b-48c1-97c8-cf723bf4766e
c3b98a83-9d4e-401f-8dec-bbbf7266a538,0815771c-a879-4c7e-b9b2-425daadb9957,4,oc-,prefix,0815771c-a879-4c7e-b9b2-425daadb9957
9bc5a050-408b-4241-8bff-6b3cc5a0a7c7,87b41ba4-4afa-412a-aac8-6c8c33b359c3,1,flag,word,4ab84e41-4701-4d84-8bb1-bda460ca91ac
9024de37-059e-4c34-8409-4440c0713270,87b41ba4-4afa-412a-aac8-6c8c33b359c3,1,flag,word,4ab84e41-4701-4d84-8bb1-bda460ca91ac
53bb3fe9-1485-4b7f-aa2c-05b077dc3bf2,87b41ba4-4afa-412a-aac8-6c8c33b359c3,1,flag,word,4ab84e41-4701-4d84-8bb1-bda460ca91ac
e594fc3c-a54d-4e5b-abd6-07df634acc6b,e9081b64-24c5-45e6-ab9e-64161a4b9d55,1,in,word,84b42a02-b972-4109-ac42-7d04746f07c8
4134ef08-b9e6-410b-b1a8-63b391415e9f,fb2c3404-0fc7-4364-84d9-20347142b40b,1,see,word,e7c93797-0833-40e6-b0db-eff1df71c656
0f14bfda-63d8-4068-a39e-a9b177f0541d,fb2c3404-0fc7-4364-84d9-20347142b40b,1,see,word,e7c93797-0833-40e6-b0db-eff1df71c656
bf8b05b7-879b-4021-ac92-711d6b3ba412,fb2c3404-0fc7-4364-84d9-20347142b40b,1,see,word,e7c93797-0833-40e6-b0db-eff1df71c656
dfc5fee5-8168-4cb8-9cde-a60a9d42eb73,de761270-a58d-4822-8a24-110b2521fb24,1,in,word,84b42a02-b972-4109-ac42-7d04746f07c8
dfc5fee5-8168-4cb8-9cde-a60a9d42eb73,3049644d-2f1e-4706-9e93-5323f4f67a2d,1,en-,prefix,de761270-a58d-4822-8a24-110b2521fb24
2af590df-efc7-4b50-9ada-d74f76bed2fe,49bf853b-04d3-43bc-89e6-e8e8a8ac4523,1,sta,root,e1b53382-184c-4e2f-8461-70e908854ea1
554b070d-12d9-47b4-b66d-002602bca363,1328b867-f74c-4938-96a1-ed39333ab27a,1,run,word,2e3e406a-0279-4c36-83fd-9afd6db3b8c3
e92ecb37-ec5f-4cc6-a570-c51a8594460a,ac7523d6-9e5f-4cff-bd04-0e001ef21a7a,1,trans-,prefix,c382c29f-affc-416a-8882-078f7af11696
853673d8-0d7d-4476-ab35-030e06366478,01e572b5-9046-4ae6-82df-91bb22b151d2,1,at,word,9c2f1b32-39ad-4c43-8c8d-ae84d4272e3b
853673d8-0d7d-4476-ab35-030e06366478,7d405d52-d862-46e0-aee4-f5232feea224,1,go,word,535c367c-28d8-43a4-b511-d5a2b5d192b8
853673d8-0d7d-4476-ab35-030e06366478,7d405d52-d862-46e0-aee4-f5232feea224,2,win,word,cb5f9e4a-1a64-4bec-87fa-83f73a7e6deb
d3e51621-5ae1-4fea-8717-ca3ee31cff8e,01e572b5-9046-4ae6-82df-91bb22b151d2,1,at,word,9c2f1b32-39ad-4c43-8c8d-ae84d4272e3b
d3e51621-5ae1-4fea-8717-ca3ee31cff8e,7d405d52-d862-46e0-aee4-f5232feea224,1,go,word,535c367c-28d8-43a4-b511-d5a2b5d192b8
d3e51621-5ae1-4fea-8717-ca3ee31cff8e,7d405d52-d862-46e0-aee4-f5232feea224,2,win,word,cb5f9e4a-1a64-4bec-87fa-83f73a7e6deb
77b10f7f-7e92-468c-8fd2-8af35b26da4c,01e572b5-9046-4ae6-82df-91bb22b151d2,1,at,word,9c2f1b32-39ad-4c43-8c8d-ae84d4272e3b
77b10f7f-7e92-468c-8fd2-8af35b26da4c,7d405d52-d862-46e0-aee4-f5232feea224,1,go,word,535c367c-28d8-43a4-b511-d5a2b5d192b8
77b10f7f-7e92-468c-8fd2-8af35b26da4c,7d405d52-d862-46e0-aee4-f5232feea224,2,win,word,cb5f9e4a-1a64-4bec-87fa-83f73a7e6deb
26228a1f-7b35-498b-8b29-d072d7538e77,01e572b5-9046-4ae6-82df-91bb22b151d2,1,at,word,9c2f1b32-39ad-4c43-8c8d-ae84d4272e3b
26228a1f-7b35-498b-8b29-d072d7538e77,7d405d52-d862-46e0-aee4-f5232feea224,1,go,word,535c367c-28d8-43a4-b511-d5a2b5d192b8
26228a1f-7b35-498b-8b29-d072d7538e77,7d405d52-d862-46e0-aee4-f5232feea224,2,win,word,cb5f9e4a-1a64-4bec-87fa-83f73a7e6deb
ab09bea0-66cd-43a4-8a80-02955c5a73e1,e9081b64-24c5-45e6-ab9e-64161a4b9d55,1,in,word,84b42a02-b972-4109-ac42-7d04746f07c8
a78fd673-7cbb-42b2-b05c-653517f4925d,82d1302e-58db-49a7-8839-1433d25d1de8,1,pen,word,a78fd673-7cbb-42b2-b05c-653517f4925d
714bcb5e-a64e-45ca-b5ec-a1f6322a3886,c51a8e11-69c9-4469-b362-65f433a0d955,1,come,word,bed2da61-da50-4e6e-ad60-0caa543d62a8
714bcb5e-a64e-45ca-b5ec-a1f6322a3886,df9680aa-6e82-44b9-8951-41ec916473cd,1,pen,word,a78fd673-7cbb-42b2-b05c-653517f4925d
714bcb5e-a64e-45ca-b5ec-a1f6322a3886,df9680aa-6e82-44b9-8951-41ec916473cd,2,pend,root,907b89ca-d786-43a8-8132-fbd6d1d7a3ad
fd14b44f-43a8-4ddc-b969-75de63f5d198,c51a8e11-69c9-4469-b362-65f433a0d955,1,come,word,bed2da61-da50-4e6e-ad60-0caa543d62a8
fd14b44f-43a8-4ddc-b969-75de63f5d198,df9680aa-6e82-44b9-8951-41ec916473cd,1,pen,word,a78fd673-7cbb-42b2-b05c-653517f4925d
fd14b44f-43a8-4ddc-b969-75de63f5d198,df9680aa-6e82-44b9-8951-41ec916473cd,2,pend,root,907b89ca-d786-43a8-8132-fbd6d1d7a3ad
ddf84679-b06b-4d3b-9c25-82253a5c15ca,c51a8e11-69c9-4469-b362-65f433a0d955,1,come,word,bed2da61-da50-4e6e-ad60-0caa543d62a8
ddf84679-b06b-4d3b-9c25-82253a5c15ca,df9680aa-6e82-44b9-8951-41ec916473cd,1,pen,word,a78fd673-7cbb-42b2-b05c-653517f4925d
ddf84679-b06b-4d3b-9c25-82253a5c15ca,df9680aa-6e82-44b9-8951-41ec916473cd,2,pend,root,907b89ca-d786-43a8-8132-fbd6d1d7a3ad
6fc8c833-22a5-4ca0-a174-7f1cbbef8eae,ae5522fc-65cf-47b7-9577-4e782649516d,1,in,word,84b42a02-b972-4109-ac42-7d04746f07c8
9d90c4f1-748d-4ff8-9448-45b5848fd126,98e6651d-8b5e-462a-adb2-dc5da6edb65c,1,come,word,bed2da61-da50-4e6e-ad60-0caa543d62a8
ff42be5a-c94d-4aca-a31d-3ad73347ad30,98e6651d-8b5e-462a-adb2-dc5da6edb65c,1,come,word,bed2da61-da50-4e6e-ad60-0caa543d62a8
ae526d5d-7a65-4391-a1bb-ce208eaa5d0d,98e6651d-8b5e-462a-adb2-dc5da6edb65c,1,come,word,bed2da61-da50-4e6e-ad60-0caa543d62a8
4bf148fa-c003-4978-b4bb-6679408e1375,de761270-a58d-4822-8a24-110b2521fb24,1,in,word,84b42a02-b972-4109-ac42-7d04746f07c8
4bf148fa-c003-4978-b4bb-6679408e1375,56cb30c8-f901-46e0-8f12-1a953cca2c90,1,long,word,46dfd8f8-98ef-42a8-95e9-5793efa28d03
d04dfd7c-5f02-476c-9d6c-706777a56ccc,e9081b64-24c5-45e6-ab9e-64161a4b9d55,1,in,word,84b42a02-b972-4109-ac42-7d04746f07c8
5f00d72e-a063-466e-ab81-34e0cd66992f,c344cf58-6a4d-43b9-be0b-5b90e09bc683,1,for,word,8bef9b92-5887-4bb7-8a29-33c374a32f34
64a160cb-162b-4146-b387-098ce8f1c166,e9081b64-24c5-45e6-ab9e-64161a4b9d55,1,in,word,84b42a02-b972-4109-ac42-7d04746f07c8
64a160cb-162b-4146-b387-098ce8f1c166,df9680aa-6e82-44b9-8951-41ec916473cd,1,pen,word,a78fd673-7cbb-42b2-b05c-653517f4925d
64a160cb-162b-4146-b387-098ce8f1c166,df9680aa-6e82-44b9-8951-41ec916473cd,2,pend,root,907b89ca-d786-43a8-8132-fbd6d1d7a3ad
0258258d-eb0c-4cdb-9b6e-344a997513dc,a1534fd5-7e59-4f15-9642-7716a9817b5a,1,it,word,b53c2e40-e251-43a1-90b3-1d0a5f9f9dff
cdcfa559-d428-4695-a3f0-a1cb6005a310,35bfa2ad-f3d3-43ad-8bb7-1a1b5f5b9059,1,in,word,84b42a02-b972-4109-ac42-7d04746f07c8
cdcfa559-d428-4695-a3f0-a1cb6005a310,35bfa2ad-f3d3-43ad-8bb7-1a1b5f5b9059,2,-er,suffix,22a3b447-d3cf-4d74-8e34-fadb7d2b0375
6074eaa4-8f55-4c82-a899-823aab9e120f,35bfa2ad-f3d3-43ad-8bb7-1a1b5f5b9059,1,in,word,84b42a02-b972-4109-ac42-7d04746f07c8
6074eaa4-8f55-4c82-a899-823aab9e120f,35bfa2ad-f3d3-43ad-8bb7-1a1b5f5b9059,2,-er,suffix,22a3b447-d3cf-4d74-8e34-fadb7d2b0375
335a2168-5dfb-4479-b6eb-39f32060f431,044440d8-c09f-4811-a7e6-d356e180e458,1,-t,suffix,902260c2-0a41-46d9-8130-90955ee5437e
7afe1701-b77c-495c-bf4e-8e9f835a9108,044440d8-c09f-4811-a7e6-d356e180e458,1,-t,suffix,902260c2-0a41-46d9-8130-90955ee5437e
44aae446-b925-40f5-bfdc-3525ec531723,044440d8-c09f-4811-a7e6-d356e180e458,1,-t,suffix,902260c2-0a41-46d9-8130-90955ee5437e
148d2165-81b2-4e1e-92ad-821ed07ad800,e9081b64-24c5-45e6-ab9e-64161a4b9d55,1,in,word,84b42a02-b972-4109-ac42-7d04746f07c8
acb990fd-8bd4-4b37-a47f-9170e4f7c968,e9081b64-24c5-45e6-ab9e-64161a4b9d55,1,in,word,84b42a02-b972-4109-ac42-7d04746f07c8
0b16dcd0-fb7c-4eec-8822-c8f758bdad9f,5a8f226c-92e4-46e9-9288-ba0016f3438b,1,op-,prefix,07e6b6fd-3e6e-42be-9cfe-11dcadb01cd9
bedaa0aa-1f7d-4d38-8fcc-0313e267182c,98e6651d-8b5e-462a-adb2-dc5da6edb65c,1,come,word,bed2da61-da50-4e6e-ad60-0caa543d62a8
bedaa0aa-1f7d-4d38-8fcc-0313e267182c,42050ec2-e7ff-4bb1-8da3-fd8167dda557,1,way,word,30b4d743-0169-4879-96e9-9482e229c6a3
5246c8a5-b619-4675-be8f-214e8910708a,98e6651d-8b5e-462a-adb2-dc5da6edb65c,1,come,word,bed2da61-da50-4e6e-ad60-0caa543d62a8
5246c8a5-b619-4675-be8f-214e8910708a,42050ec2-e7ff-4bb1-8da3-fd8167dda557,1,way,word,30b4d743-0169-4879-96e9-9482e229c6a3
89edc2e8-9023-41d6-a040-08c27ce3c35c,37d4058c-9ffb-4ba2-add5-2bf644bee218,1,some,word,cccf88a2-d27d-48db-ac17-e7864b9e5bd2
09128544-fde1-424b-8925-3a8f3a6607a3,37d4058c-9ffb-4ba2-add5-2bf644bee218,1,some,word,cccf88a2-d27d-48db-ac17-e7864b9e5bd2
773350cb-887d-4bf5-b15d-32124ed5832c,e9081b64-24c5-45e6-ab9e-64161a4b9d55,1,in,word,84b42a02-b972-4109-ac42-7d04746f07c8
f3bca1c1-91d4-4ab4-b2cd-c32f9c601346,e9081b64-24c5-45e6-ab9e-64161a4b9d55,1,in,word,84b42a02-b972-4109-ac42-7d04746f07c8
fe9d37d3-0720-448d-bcc1-1768ce74a3a3,8d09ac5a-efca-4eca-9d36-a0b623892bf0,1,in,word,84b42a02-b972-4109-ac42-7d04746f07c8
bbefc4fe-0961-4a39-ae4a-cdd9821afb05,49bf853b-04d3-43bc-89e6-e8e8a8ac4523,1,sta,root,e1b53382-184c-4e2f-8461-70e908854ea1
2f28e946-bf76-4120-ac26-fbecc449d380,49bf853b-04d3-43bc-89e6-e8e8a8ac4523,1,sta,root,e1b53382-184c-4e2f-8461-70e908854ea1
9c708563-e7a9-437b-8725-6d476347c53e,4f01db75-1fcf-41a0-b8cb-e9d0cdda7d9d,1,let,word,524f3f07-5c8a-4cdf-ac82-2ea1d7e78a01
c2688f36-5a17-4a57-977d-057675db24ab,37d4058c-9ffb-4ba2-add5-2bf644bee218,1,some,word,cccf88a2-d27d-48db-ac17-e7864b9e5bd2
799a97ce-8d71-4b11-b07e-cdd995e28eef,eb377bec-24c3-4c39-84d6-2c688a20059a,1,at,word,9c2f1b32-39ad-4c43-8c8d-ae84d4272e3b
799a97ce-8d71-4b11-b07e-cdd995e28eef,eb377bec-24c3-4c39-84d6-2c688a20059a,2,a-,prefix,eb2dab21-d31e-4dbd-bb90-255c046203a6
799a97ce-8d71-4b11-b07e-cdd995e28eef,eb377bec-24c3-4c39-84d6-2c688a20059a,3,ab-,prefix,1e4ea41c-ee64-4bce-aed5-5ba7b9bcccff
799a97ce-8d71-4b11-b07e-cdd995e28eef,eb377bec-24c3-4c39-84d6-2c688a20059a,4,ac-,prefix,313fe2aa-9acf-4e44-b215-3d94eac8de99
799a97ce-8d71-4b11-b07e-cdd995e28eef,eb377bec-24c3-4c39-84d6-2c688a20059a,5,ad-,prefix,01e572b5-9046-4ae6-82df-91bb22b151d2
799a97ce-8d71-4b11-b07e-cdd995e28eef,eb377bec-24c3-4c39-84d6-2c688a20059a,6,ap-,prefix,3015fc76-f4ec-4a6a-bc69-218e873a44f1
799a97ce-8d71-4b11-b07e-cdd995e28eef,eb377bec-24c3-4c39-84d6-2c688a20059a,7,as-,prefix,eb377bec-24c3-4c39-84d6-2c688a20059a
799a97ce-8d71-4b11-b07e-cdd995e28eef,eb377bec-24c3-4c39-84d6-2c688a20059a,8,at-,prefix,e63cdbbb-8bfb-442b-b49a-bd01c7f68aff
799a97ce-8d71-4b11-b07e-cdd995e28eef,eb2dab21-d31e-4dbd-bb90-255c046203a6,1,on,word,3090e71f-ead1-49e6-8ef2-520fb888aaf2
eb988bf5-93a1-48b4-97c7-37705b5ec9cc,eb2dab21-d31e-4dbd-bb90-255c046203a6,1,on,word,3090e71f-ead1-49e6-8ef2-520fb888aaf2
204255c6-aa94-4123-8e66-70816a8409e9,475b0445-b638-4be0-9f84-ed36bdb7262c,1,to,word,b95ef1b5-74f6-49d7-87a2-e6a43dcc5ff9
204255c6-aa94-4123-8e66-70816a8409e9,475b0445-b638-4be0-9f84-ed36bdb7262c,2,it,word,b53c2e40-e251-43a1-90b3-1d0a5f9f9dff
03037378-2be8-4d61-8fd2-842bd285cf71,58a2bcc3-65ac-4922-bc05-3bcae8a0d1c7,1,un-,prefix,c9540296-9f3a-4257-aa69-a5688a369918
82f24a7b-4d83-4707-b399-f7d45a6391d7,58a2bcc3-65ac-4922-bc05-3bcae8a0d1c7,1,un-,prefix,c9540296-9f3a-4257-aa69-a5688a369918
f6f99d0e-9adb-4a32-a5cf-ab9988321d39,58a2bcc3-65ac-4922-bc05-3bcae8a0d1c7,1,un-,prefix,c9540296-9f3a-4257-aa69-a5688a369918
bc9c13db-8df1-40e2-b101-090c38ba79e6,fa0910f3-4fd0-4e80-ae2c-0199602eb45a,1,why,word,df4fe14f-701f-42ed-9e9d-f970cbf62a22
07502a02-e613-4133-9a19-30331cf18de7,c51a8e11-69c9-4469-b362-65f433a0d955,1,come,word,bed2da61-da50-4e6e-ad60-0caa543d62a8
07502a02-e613-4133-9a19-30331cf18de7,d45616c9-cc3f-4c5e-8516-6bec74b7ed38,1,come,word,bed2da61-da50-4e6e-ad60-0caa543d62a8
804c3bf7-f589-491f-9b3b-1e4c5e942c93,313fe2aa-9acf-4e44-b215-3d94eac8de99,1,a-,prefix,eb2dab21-d31e-4dbd-bb90-255c046203a6
804c3bf7-f589-491f-9b3b-1e4c5e942c93,313fe2aa-9acf-4e44-b215-3d94eac8de99,2,ab-,prefix,1e4ea41c-ee64-4bce-aed5-5ba7b9bcccff
804c3bf7-f589-491f-9b3b-1e4c5e942c93,313fe2aa-9acf-4e44-b215-3d94eac8de99,3,ac-,prefix,313fe2aa-9acf-4e44-b215-3d94eac8de99
804c3bf7-f589-491f-9b3b-1e4c5e942c93,313fe2aa-9acf-4e44-b215-3d94eac8de99,4,ad-,prefix,01e572b5-9046-4ae6-82df-91bb22b151d2
804c3bf7-f589-491f-9b3b-1e4c5e942c93,313fe2aa-9acf-4e44-b215-3d94eac8de99,5,ap-,prefix,3015fc76-f4ec-4a6a-bc69-218e873a44f1
804c3bf7-f589-491f-9b3b-1e4c5e942c93,313fe2aa-9acf-4e44-b215-3d94eac8de99,6,as-,prefix,eb377bec-24c3-4c39-84d6-2c688a20059a
804c3bf7-f589-491f-9b3b-1e4c5e942c93,313fe2aa-9acf-4e44-b215-3d94eac8de99,7,at-,prefix,e63cdbbb-8bfb-442b-b49a-bd01c7f68aff
804c3bf7-f589-491f-9b3b-1e4c5e942c93,c51a8e11-69c9-4469-b362-65f433a0d955,1,come,word,bed2da61-da50-4e6e-ad60-0caa543d62a8
d6f3f60f-f49a-4e2a-915e-6e166894be5c,313fe2aa-9acf-4e44-b215-3d94eac8de99,1,a-,prefix,eb2dab21-d31e-4dbd-bb90-255c046203a6
d6f3f60f-f49a-4e2a-915e-6e166894be5c,313fe2aa-9acf-4e44-b215-3d94eac8de99,2,ab-,prefix,1e4ea41c-ee64-4bce-aed5-5ba7b9bcccff
d6f3f60f-f49a-4e2a-915e-6e166894be5c,313fe2aa-9acf-4e44-b215-3d94eac8de99,3,ac-,prefix,313fe2aa-9acf-4e44-b215-3d94eac8de99
d6f3f60f-f49a-4e2a-915e-6e166894be5c,313fe2aa-9acf-4e44-b215-3d94eac8de99,4,ad-,prefix,01e572b5-9046-4ae6-82df-91bb22b151d2
d6f3f60f-f49a-4e2a-915e-6e166894be5c,313fe2aa-9acf-4e44-b215-3d94eac8de99,5,ap-,prefix,3015fc76-f4ec-4a6a-bc69-218e873a44f1
d6f3f60f-f49a-4e2a-915e-6e166894be5c,313fe2aa-9acf-4e44-b215-3d94eac8de99,6,as-,prefix,eb377bec-24c3-4c39-84d6-2c688a20059a
d6f3f60f-f49a-4e2a-915e-6e166894be5c,313fe2aa-9acf-4e44-b215-3d94eac8de99,7,at-,prefix,e63cdbbb-8bfb-442b-b49a-bd01c7f68aff
d6f3f60f-f49a-4e2a-915e-6e166894be5c,c51a8e11-69c9-4469-b362-65f433a0d955,1,come,word,bed2da61-da50-4e6e-ad60-0caa543d62a8
5fdb3599-2b0b-407e-9d07-2667b0ddfe01,47f48c8f-b764-43d8-805c-dcf69fd8ae93,1,act,word,f6c6ec73-4848-4690-a4b6-c7be1e84aa13
5fdb3599-2b0b-407e-9d07-2667b0ddfe01,47f48c8f-b764-43d8-805c-dcf69fd8ae93,2,-er,suffix,22a3b447-d3cf-4d74-8e34-fadb7d2b0375
d6f68a17-eed1-4c50-859a-d756f36bf3ef,47f48c8f-b764-43d8-805c-dcf69fd8ae93,1,act,word,f6c6ec73-4848-4690-a4b6-c7be1e84aa13
d6f68a17-eed1-4c50-859a-d756f36bf3ef,47f48c8f-b764-43d8-805c-dcf69fd8ae93,2,-er,suffix,22a3b447-d3cf-4d74-8e34-fadb7d2b0375
f50bc6a7-fbb2-4a3d-b804-a3e4db9152c2,4d22bb9d-4552-43b5-9fb3-6e5f6080ae8e,1,at,word,9c2f1b32-39ad-4c43-8c8d-ae84d4272e3b
f50bc6a7-fbb2-4a3d-b804-a3e4db9152c2,4d22bb9d-4552-43b5-9fb3-6e5f6080ae8e,2,a-,prefix,eb2dab21-d31e-4dbd-bb90-255c046203a6
f50bc6a7-fbb2-4a3d-b804-a3e4db9152c2,4d22bb9d-4552-43b5-9fb3-6e5f6080ae8e,3,al-,prefix,4d22bb9d-4552-43b5-9fb3-6e5f6080ae8e
f50bc6a7-fbb2-4a3d-b804-a3e4db9152c2,4d22bb9d-4552-43b5-9fb3-6e5f6080ae8e,4,ab-,prefix,1e4ea41c-ee64-4bce-aed5-5ba7b9bcccff
f50bc6a7-fbb2-4a3d-b804-a3e4db9152c2,4d22bb9d-4552-43b5-9fb3-6e5f6080ae8e,5,ac-,prefix,313fe2aa-9acf-4e44-b215-3d94eac8de99
f50bc6a7-fbb2-4a3d-b804-a3e4db9152c2,4d22bb9d-4552-43b5-9fb3-6e5f6080ae8e,6,ad-,prefix,01e572b5-9046-4ae6-82df-91bb22b151d2
f50bc6a7-fbb2-4a3d-b804-a3e4db9152c2,4d22bb9d-4552-43b5-9fb3-6e5f6080ae8e,7,ap-,prefix,3015fc76-f4ec-4a6a-bc69-218e873a44f1
f50bc6a7-fbb2-4a3d-b804-a3e4db9152c2,4d22bb9d-4552-43b5-9fb3-6e5f6080ae8e,8,as-,prefix,eb377bec-24c3-4c39-84d6-2c688a20059a
f50bc6a7-fbb2-4a3d-b804-a3e4db9152c2,4d22bb9d-4552-43b5-9fb3-6e5f6080ae8e,9,at-,prefix,e63cdbbb-8bfb-442b-b49a-bd01c7f68aff
75291ee4-d316-45d2-815e-cde35b604cf6,4d22bb9d-4552-43b5-9fb3-6e5f6080ae8e,1,at,word,9c2f1b32-39ad-4c43-8c8d-ae84d4272e3b
75291ee4-d316-45d2-815e-cde35b604cf6,4d22bb9d-4552-43b5-9fb3-6e5f6080ae8e,2,a-,prefix,eb2dab21-d31e-4dbd-bb90-255c046203a6
75291ee4-d316-45d2-815e-cde35b604cf6,4d22bb9d-4552-43b5-9fb3-6e5f6080ae8e,3,al-,prefix,4d22bb9d-4552-43b5-9fb3-6e5f6080ae8e
75291ee4-d316-45d2-815e-cde35b604cf6,4d22bb9d-4552-43b5-9fb3-6e5f6080ae8e,4,ab-,prefix,1e4ea41c-ee64-4bce-aed5-5ba7b9bcccff
75291ee4-d316-45d2-815e-cde35b604cf6,4d22bb9d-4552-43b5-9fb3-6e5f6080ae8e,5,ac-,prefix,313fe2aa-9acf-4e44-b215-3d94eac8de99
75291ee4-d316-45d2-815e-cde35b604cf6,4d22bb9d-4552-43b5-9fb3-6e5f6080ae8e,6,ad-,prefix,01e572b5-9046-4ae6-82df-91bb22b151d2
75291ee4-d316-45d2-815e-cde35b604cf6,4d22bb9d-4552-43b5-9fb3-6e5f6080ae8e,7,ap-,prefix,3015fc76-f4ec-4a6a-bc69-218e873a44f1
75291ee4-d316-45d2-815e-cde35b604cf6,4d22bb9d-4552-43b5-9fb3-6e5f6080ae8e,8,as-,prefix,eb377bec-24c3-4c39-84d6-2c688a20059a
75291ee4-d316-45d2-815e-cde35b604cf6,4d22bb9d-4552-43b5-9fb3-6e5f6080ae8e,9,at-,prefix,e63cdbbb-8bfb-442b-b49a-bd01c7f68aff
6432d82f-e71f-4d2c-99b4-2de977ddfb2d,c51a8e11-69c9-4469-b362-65f433a0d955,1,come,word,bed2da61-da50-4e6e-ad60-0caa543d62a8
164fca39-df76-4eb9-bc6e-350366591a6c,e2886367-ddff-431b-895d-7f71b5981411,1,care,word,69493fae-4e11-41e4-a525-c15f83022370
cf2c01a4-0d3e-41c1-b149-2629829a8877,e2886367-ddff-431b-895d-7f71b5981411,1,care,word,69493fae-4e11-41e4-a525-c15f83022370
c72b0b24-6e3b-4a6e-9df8-fea12b8f98d8,8d09ac5a-efca-4eca-9d36-a0b623892bf0,1,in,word,84b42a02-b972-4109-ac42-7d04746f07c8
4e61e251-1bcd-4e60-a1d6-3dbd45b55ec1,8d09ac5a-efca-4eca-9d36-a0b623892bf0,1,in,word,84b42a02-b972-4109-ac42-7d04746f07c8
43d9fc35-d7e8-4050-8f0c-70e437106aeb,8d09ac5a-efca-4eca-9d36-a0b623892bf0,1,in,word,84b42a02-b972-4109-ac42-7d04746f07c8
a897335b-321a-408c-ad91-a2b1fb63931d,01e572b5-9046-4ae6-82df-91bb22b151d2,1,at,word,9c2f1b32-39ad-4c43-8c8d-ae84d4272e3b
20009619-86e1-48c1-9eb8-83ea9c56b890,01e572b5-9046-4ae6-82df-91bb22b151d2,1,at,word,9c2f1b32-39ad-4c43-8c8d-ae84d4272e3b
60a24034-504b-4c5f-989f-120f43893b38,2c8f7c44-05fb-4ed7-a577-e8d22d2ef756,1,come,word,bed2da61-da50-4e6e-ad60-0caa543d62a8
60a24034-504b-4c5f-989f-120f43893b38,32c40fd8-25a1-43d2-8b0e-a843450ba632,1,co-,prefix,eabfcb69-f5cb-4776-9fe5-50322c63ee01
60a24034-504b-4c5f-989f-120f43893b38,32c40fd8-25a1-43d2-8b0e-a843450ba632,2,long,word,46dfd8f8-98ef-42a8-95e9-5793efa28d03
8abd7670-09c3-481f-9eb5-3d1289eb0f3c,32c40fd8-25a1-43d2-8b0e-a843450ba632,1,co-,prefix,eabfcb69-f5cb-4776-9fe5-50322c63ee01
8abd7670-09c3-481f-9eb5-3d1289eb0f3c,32c40fd8-25a1-43d2-8b0e-a843450ba632,2,long,word,46dfd8f8-98ef-42a8-95e9-5793efa28d03
503e8b59-2a25-4fda-a2df-501f19ae5a57,32c40fd8-25a1-43d2-8b0e-a843450ba632,1,co-,prefix,eabfcb69-f5cb-4776-9fe5-50322c63ee01
503e8b59-2a25-4fda-a2df-501f19ae5a57,32c40fd8-25a1-43d2-8b0e-a843450ba632,2,long,word,46dfd8f8-98ef-42a8-95e9-5793efa28d03
e691e916-5bb0-4c64-93e2-4d4d581210e2,df9680aa-6e82-44b9-8951-41ec916473cd,1,pen,word,a78fd673-7cbb-42b2-b05c-653517f4925d
e691e916-5bb0-4c64-93e2-4d4d581210e2,df9680aa-6e82-44b9-8951-41ec916473cd,2,pend,root,907b89ca-d786-43a8-8132-fbd6d1d7a3ad
dea8dfa5-3785-41e7-8212-c42656b66d06,eb377bec-24c3-4c39-84d6-2c688a20059a,1,at,word,9c2f1b32-39ad-4c43-8c8d-ae84d4272e3b
dea8dfa5-3785-41e7-8212-c42656b66d06,eb377bec-24c3-4c39-84d6-2c688a20059a,2,a-,prefix,eb2dab21-d31e-4dbd-bb90-255c046203a6
dea8dfa5-3785-41e7-8212-c42656b66d06,eb377bec-24c3-4c39-84d6-2c688a20059a,3,ab-,prefix,1e4ea41c-ee64-4bce-aed5-5ba7b9bcccff
dea8dfa5-3785-41e7-8212-c42656b66d06,eb377bec-24c3-4c39-84d6-2c688a20059a,4,ac-,prefix,313fe2aa-9acf-4e44-b215-3d94eac8de99
dea8dfa5-3785-41e7-8212-c42656b66d06,eb377bec-24c3-4c39-84d6-2c688a20059a,5,ad-,prefix,01e572b5-9046-4ae6-82df-91bb22b151d2
dea8dfa5-3785-41e7-8212-c42656b66d06,eb377bec-24c3-4c39-84d6-2c688a20059a,6,ap-,prefix,3015fc76-f4ec-4a6a-bc69-218e873a44f1
dea8dfa5-3785-41e7-8212-c42656b66d06,eb377bec-24c3-4c39-84d6-2c688a20059a,7,as-,prefix,eb377bec-24c3-4c39-84d6-2c688a20059a
dea8dfa5-3785-41e7-8212-c42656b66d06,eb377bec-24c3-4c39-84d6-2c688a20059a,8,at-,prefix,e63cdbbb-8bfb-442b-b49a-bd01c7f68aff
7dd85047-0351-4ae5-84f5-48831c17e520,eb377bec-24c3-4c39-84d6-2c688a20059a,1,at,word,9c2f1b32-39ad-4c43-8c8d-ae84d4272e3b
7dd85047-0351-4ae5-84f5-48831c17e520,eb377bec-24c3-4c39-84d6-2c688a20059a,2,a-,prefix,eb2dab21-d31e-4dbd-bb90-255c046203a6
7dd85047-0351-4ae5-84f5-48831c17e520,eb377bec-24c3-4c39-84d6-2c688a20059a,3,ab-,prefix,1e4ea41c-ee64-4bce-aed5-5ba7b9bcccff
7dd85047-0351-4ae5-84f5-48831c17e520,eb377bec-24c3-4c39-84d6-2c688a20059a,4,ac-,prefix,313fe2aa-9acf-4e44-b215-3d94eac8de99
7dd85047-0351-4ae5-84f5-48831c17e520,eb377bec-24c3-4c39-84d6-2c688a20059a,5,ad-,prefix,01e572b5-9046-4ae6-82df-91bb22b151d2
7dd85047-0351-4ae5-84f5-48831c17e520,eb377bec-24c3-4c39-84d6-2c688a20059a,6,ap-,prefix,3015fc76-f4ec-4a6a-bc69-218e873a44f1
7dd85047-0351-4ae5-84f5-48831c17e520,eb377bec-24c3-4c39-84d6-2c688a20059a,7,as-,prefix,eb377bec-24c3-4c39-84d6-2c688a20059a
7dd85047-0351-4ae5-84f5-48831c17e520,eb377bec-24c3-4c39-84d6-2c688a20059a,8,at-,prefix,e63cdbbb-8bfb-442b-b49a-bd01c7f68aff
ea5d276e-2407-4e4b-84ac-af2ad70d4f50,da33b764-ffa4-4f4c-ba1f-e58231872833,1,car,word,2d33e9fa-c949-42a2-882a-31c4e9f79491
d21eb0c3-b1b4-48c3-9554-0770667d0bbb,98e6651d-8b5e-462a-adb2-dc5da6edb65c,1,come,word,bed2da61-da50-4e6e-ad60-0caa543d62a8
d21eb0c3-b1b4-48c3-9554-0770667d0bbb,29279ca9-504a-40c7-81ea-460f4ce2d0b7,1,in,word,84b42a02-b972-4109-ac42-7d04746f07c8
f37ec451-fa47-47e8-b175-ab646671c671,98e6651d-8b5e-462a-adb2-dc5da6edb65c,1,come,word,bed2da61-da50-4e6e-ad60-0caa543d62a8
f37ec451-fa47-47e8-b175-ab646671c671,29279ca9-504a-40c7-81ea-460f4ce2d0b7,1,in,word,84b42a02-b972-4109-ac42-7d04746f07c8
e6d84cf9-68c4-4a1b-b638-62cbcf6f0ddb,ac7523d6-9e5f-4cff-bd04-0e001ef21a7a,1,trans-,prefix,c382c29f-affc-416a-8882-078f7af11696
477b57d9-8cd6-4b0f-bfd9-674fea90e4a4,bafc7ca2-ab63-4855-986d-475314238b88,1,him,word,f20891a5-efc1-422b-9c70-88fc0a6f3192
bc377ee4-f864-4fbe-9e5d-9e9b73c43590,8b9dbed4-f563-4d8b-a13c-95ec5c898a00,1,in,word,84b42a02-b972-4109-ac42-7d04746f07c8
bc377ee4-f864-4fbe-9e5d-9e9b73c43590,4f01db75-1fcf-41a0-b8cb-e9d0cdda7d9d,1,let,word,524f3f07-5c8a-4cdf-ac82-2ea1d7e78a01
a91c525e-f593-4459-97ca-1a3292354186,59011590-c7ce-446a-bdff-06ab88384fec,1,is,word,01153fb1-72e5-475f-b7ac-fd2ece01e98e
a91c525e-f593-4459-97ca-1a3292354186,59011590-c7ce-446a-bdff-06ab88384fec,2,in,word,84b42a02-b972-4109-ac42-7d04746f07c8
a91c525e-f593-4459-97ca-1a3292354186,c46f8840-ba44-4d01-9ddc-de6f0e73add9,1,muni,root,1f9cfbec-7f13-4c31-9270-aed25d4f4f7a
64d7357a-55de-4a00-92a8-dc07edd170c7,59011590-c7ce-446a-bdff-06ab88384fec,1,is,word,01153fb1-72e5-475f-b7ac-fd2ece01e98e
64d7357a-55de-4a00-92a8-dc07edd170c7,59011590-c7ce-446a-bdff-06ab88384fec,2,in,word,84b42a02-b972-4109-ac42-7d04746f07c8
64d7357a-55de-4a00-92a8-dc07edd170c7,c46f8840-ba44-4d01-9ddc-de6f0e73add9,1,muni,root,1f9cfbec-7f13-4c31-9270-aed25d4f4f7a
4af2dfbd-6288-4153-8bc7-4a93e64c4b3f,59011590-c7ce-446a-bdff-06ab88384fec,1,is,word,01153fb1-72e5-475f-b7ac-fd2ece01e98e
4af2dfbd-6288-4153-8bc7-4a93e64c4b3f,59011590-c7ce-446a-bdff-06ab88384fec,2,in,word,84b42a02-b972-4109-ac42-7d04746f07c8
4af2dfbd-6288-4153-8bc7-4a93e64c4b3f,c46f8840-ba44-4d01-9ddc-de6f0e73add9,1,muni,root,1f9cfbec-7f13-4c31-9270-aed25d4f4f7a
d7a30b66-61a4-410a-8ec2-b72ce9d764bb,b91d45c2-e964-41cb-8a3a-de1bff784644,1,-t,suffix,902260c2-0a41-46d9-8130-90955ee5437e
bbf44d9d-e377-4114-a0d0-a7063f0f1053,b91d45c2-e964-41cb-8a3a-de1bff784644,1,-t,suffix,902260c2-0a41-46d9-8130-90955ee5437e
e65f26d3-80be-4bbb-bd67-4623b044c832,b91d45c2-e964-41cb-8a3a-de1bff784644,1,-t,suffix,902260c2-0a41-46d9-8130-90955ee5437e
889aa573-6270-49a1-a21a-4f1faad5f1cc,a3f01604-5c19-4ebe-aacf-2d2d46c8471f,1,super,word,37754806-1bf0-47a1-8497-217d8db330a0
889aa573-6270-49a1-a21a-4f1faad5f1cc,a3f01604-5c19-4ebe-aacf-2d2d46c8471f,2,super-,prefix,318630ba-a403-4992-8d4c-2bc311143b28
f3645fd5-df22-42fd-9b83-6a673c5f53a8,a3f01604-5c19-4ebe-aacf-2d2d46c8471f,1,super,word,37754806-1bf0-47a1-8497-217d8db330a0
f3645fd5-df22-42fd-9b83-6a673c5f53a8,a3f01604-5c19-4ebe-aacf-2d2d46c8471f,2,super-,prefix,318630ba-a403-4992-8d4c-2bc311143b28
f24a7a55-23ab-43f1-a003-4193cd121d97,59011590-c7ce-446a-bdff-06ab88384fec,1,is,word,01153fb1-72e5-475f-b7ac-fd2ece01e98e
f24a7a55-23ab-43f1-a003-4193cd121d97,59011590-c7ce-446a-bdff-06ab88384fec,2,in,word,84b42a02-b972-4109-ac42-7d04746f07c8
ff299055-27c6-4e59-a83d-eee8b8ce6dc7,87b5a5f9-899f-4a80-8d77-d5d870af2e3b,1,three,word,4f694b4d-9e80-4ba6-a299-c9c2bcbbddc5
2aa6c29b-93ac-4a36-8403-9fd48bb3a8c7,e9081b64-24c5-45e6-ab9e-64161a4b9d55,1,in,word,84b42a02-b972-4109-ac42-7d04746f07c8
6f827cdb-ef92-4e16-bd34-141191f48e60,4d22bb9d-4552-43b5-9fb3-6e5f6080ae8e,1,at,word,9c2f1b32-39ad-4c43-8c8d-ae84d4272e3b
6f827cdb-ef92-4e16-bd34-141191f48e60,4d22bb9d-4552-43b5-9fb3-6e5f6080ae8e,2,a-,prefix,eb2dab21-d31e-4dbd-bb90-255c046203a6
6f827cdb-ef92-4e16-bd34-141191f48e60,4d22bb9d-4552-43b5-9fb3-6e5f6080ae8e,3,al-,prefix,4d22bb9d-4552-43b5-9fb3-6e5f6080ae8e
6f827cdb-ef92-4e16-bd34-141191f48e60,4d22bb9d-4552-43b5-9fb3-6e5f6080ae8e,4,ab-,prefix,1e4ea41c-ee64-4bce-aed5-5ba7b9bcccff
6f827cdb-ef92-4e16-bd34-141191f48e60,4d22bb9d-4552-43b5-9fb3-6e5f6080ae8e,5,ac-,prefix,313fe2aa-9acf-4e44-b215-3d94eac8de99
6f827cdb-ef92-4e16-bd34-141191f48e60,4d22bb9d-4552-43b5-9fb3-6e5f6080ae8e,6,ad-,prefix,01e572b5-9046-4ae6-82df-91bb22b151d2
6f827cdb-ef92-4e16-bd34-141191f48e60,4d22bb9d-4552-43b5-9fb3-6e5f6080ae8e,7,ap-,prefix,3015fc76-f4ec-4a6a-bc69-218e873a44f1
6f827cdb-ef92-4e16-bd34-141191f48e60,4d22bb9d-4552-43b5-9fb3-6e5f6080ae8e,8,as-,prefix,eb377bec-24c3-4c39-84d6-2c688a20059a
6f827cdb-ef92-4e16-bd34-141191f48e60,4d22bb9d-4552-43b5-9fb3-6e5f6080ae8e,9,at-,prefix,e63cdbbb-8bfb-442b-b49a-bd01c7f68aff
0e650785-747d-4e60-93d2-3e20b5c2ae33,4d22bb9d-4552-43b5-9fb3-6e5f6080ae8e,1,at,word,9c2f1b32-39ad-4c43-8c8d-ae84d4272e3b
0e650785-747d-4e60-93d2-3e20b5c2ae33,4d22bb9d-4552-43b5-9fb3-6e5f6080ae8e,2,a-,prefix,eb2dab21-d31e-4dbd-bb90-255c046203a6
0e650785-747d-4e60-93d2-3e20b5c2ae33,4d22bb9d-4552-43b5-9fb3-6e5f6080ae8e,3,al-,prefix,4d22bb9d-4552-43b5-9fb3-6e5f6080ae8e
0e650785-747d-4e60-93d2-3e20b5c2ae33,4d22bb9d-4552-43b5-9fb3-6e5f6080ae8e,4,ab-,prefix,1e4ea41c-ee64-4bce-aed5-5ba7b9bcccff
0e650785-747d-4e60-93d2-3e20b5c2ae33,4d22bb9d-4552-43b5-9fb3-6e5f6080ae8e,5,ac-,prefix,313fe2aa-9acf-4e44-b215-3d94eac8de99
0e650785-747d-4e60-93d2-3e20b5c2ae33,4d22bb9d-4552-43b5-9fb3-6e5f6080ae8e,6,ad-,prefix,01e572b5-9046-4ae6-82df-91bb22b151d2
0e650785-747d-4e60-93d2-3e20b5c2ae33,4d22bb9d-4552-43b5-9fb3-6e5f6080ae8e,7,ap-,prefix,3015fc76-f4ec-4a6a-bc69-218e873a44f1
0e650785-747d-4e60-93d2-3e20b5c2ae33,4d22bb9d-4552-43b5-9fb3-6e5f6080ae8e,8,as-,prefix,eb377bec-24c3-4c39-84d6-2c688a20059a
0e650785-747d-4e60-93d2-3e20b5c2ae33,4d22bb9d-4552-43b5-9fb3-6e5f6080ae8e,9,at-,prefix,e63cdbbb-8bfb-442b-b49a-bd01c7f68aff
ce96f86b-d1ab-4c72-a742-7befdcde8626,e9081b64-24c5-45e6-ab9e-64161a4b9d55,1,in,word,84b42a02-b972-4109-ac42-7d04746f07c8
8435b693-f5fa-4b0c-b158-cd06fd69e4ec,4f01db75-1fcf-41a0-b8cb-e9d0cdda7d9d,1,let,word,524f3f07-5c8a-4cdf-ac82-2ea1d7e78a01
a95733f6-818f-4251-815d-550f4f7656ca,e9081b64-24c5-45e6-ab9e-64161a4b9d55,1,in,word,84b42a02-b972-4109-ac42-7d04746f07c8
868e1286-755a-47d8-98a7-b03bb1c2aeb3,2fe3292c-d5ba-43a0-858f-3fc9ce5afeae,1,fac,root,466f5a5c-cb68-45f0-8516-71ae148bc3a9
826c411e-1542-4d65-bea8-7500ca3cb88b,2fe3292c-d5ba-43a0-858f-3fc9ce5afeae,1,fac,root,466f5a5c-cb68-45f0-8516-71ae148bc3a9
064c6348-075c-4639-9b09-2cc45c0b10de,2b8d2d75-6c40-4d7d-9622-386e41610e35,1,man,word,4b5ad6eb-4874-49e1-88ba-adc244daec95
064c6348-075c-4639-9b09-2cc45c0b10de,518f2d7b-60eb-4370-bfa4-114f50d9b6a0,1,man,word,4b5ad6eb-4874-49e1-88ba-adc244daec95
064c6348-075c-4639-9b09-2cc45c0b10de,518f2d7b-60eb-4370-bfa4-114f50d9b6a0,2,many,word,19ea1058-f166-434c-b2b8-c5cfe3a3680b
826f13e7-1a8b-484d-9944-72a284bb1bdd,eabfcb69-f5cb-4776-9fe5-50322c63ee01,1,come,word,bed2da61-da50-4e6e-ad60-0caa543d62a8
826f13e7-1a8b-484d-9944-72a284bb1bdd,2a9e457c-6a78-4c97-928f-1ad8d0089642,1,-er,suffix,22a3b447-d3cf-4d74-8e34-fadb7d2b0375
b402a978-f944-4e41-adef-8ed8345385f9,86403df0-c182-4703-807f-6cc63c2c22a1,1,to,word,b95ef1b5-74f6-49d7-87a2-e6a43dcc5ff9
4593a26e-a73a-4b31-a747-f05932efaa66,48a36acc-1e84-4e5e-b7e3-414187b18c97,1,polic,root,2d491a13-436a-461f-ac0a-e32e9cdf994c
2c5eb7a6-7703-4088-a0f6-987d2fe213d1,48a36acc-1e84-4e5e-b7e3-414187b18c97,1,polic,root,2d491a13-436a-461f-ac0a-e32e9cdf994c
7c419ce6-e6c7-486a-8c09-30f12d0364a8,48a36acc-1e84-4e5e-b7e3-414187b18c97,1,polic,root,2d491a13-436a-461f-ac0a-e32e9cdf994c
c8149df8-f73c-4d69-b291-d11c21559a8d,48a36acc-1e84-4e5e-b7e3-414187b18c97,1,polic,root,2d491a13-436a-461f-ac0a-e32e9cdf994c
d0a98dfb-3449-4506-b18b-419af09df8eb,49bf853b-04d3-43bc-89e6-e8e8a8ac4523,1,sta,root,e1b53382-184c-4e2f-8461-70e908854ea1
560af20c-4ef1-4230-9178-c57fb98c81e7,49bf853b-04d3-43bc-89e6-e8e8a8ac4523,1,sta,root,e1b53382-184c-4e2f-8461-70e908854ea1
e5149dd5-3c37-4c31-b9bb-a576cc6bbafa,ea404a62-bc91-48a9-96ec-981aa2a018dc,1,mini,word,e5149dd5-3c37-4c31-b9bb-a576cc6bbafa
e5149dd5-3c37-4c31-b9bb-a576cc6bbafa,ea404a62-bc91-48a9-96ec-981aa2a018dc,2,in,word,84b42a02-b972-4109-ac42-7d04746f07c8
37a66c1d-083a-4089-9853-7c56f4f20c9b,ea404a62-bc91-48a9-96ec-981aa2a018dc,1,mini,word,e5149dd5-3c37-4c31-b9bb-a576cc6bbafa
37a66c1d-083a-4089-9853-7c56f4f20c9b,ea404a62-bc91-48a9-96ec-981aa2a018dc,2,in,word,84b42a02-b972-4109-ac42-7d04746f07c8
79fde949-e734-48eb-9a31-ad19848188c2,398d6531-ef69-404f-ab7c-a67fd8ba56cd,1,for,word,8bef9b92-5887-4bb7-8a29-33c374a32f34
0b93bbef-4ab9-40be-b3d5-610723cb1157,41157723-cfdd-429c-8446-ee862cb12ccf,1,four,word,7da61a4f-40aa-4bb1-8dce-2d13b0d4c807
0b93bbef-4ab9-40be-b3d5-610723cb1157,398d6531-ef69-404f-ab7c-a67fd8ba56cd,1,for,word,8bef9b92-5887-4bb7-8a29-33c374a32f34
defdf22b-a49d-41d1-af58-b79a69aab78a,398d6531-ef69-404f-ab7c-a67fd8ba56cd,1,for,word,8bef9b92-5887-4bb7-8a29-33c374a32f34
6f6ec09c-c364-4d34-b13a-af1005bd7569,58a2bcc3-65ac-4922-bc05-3bcae8a0d1c7,1,un-,prefix,c9540296-9f3a-4257-aa69-a5688a369918
318be575-ce0d-4200-aae0-13a128a0aeca,58a2bcc3-65ac-4922-bc05-3bcae8a0d1c7,1,un-,prefix,c9540296-9f3a-4257-aa69-a5688a369918
770e969a-d030-4017-8e13-de4911a4ee10,58a2bcc3-65ac-4922-bc05-3bcae8a0d1c7,1,un-,prefix,c9540296-9f3a-4257-aa69-a5688a369918
57a14675-f55b-4464-82c0-4fe2d8d72cec,58a2bcc3-65ac-4922-bc05-3bcae8a0d1c7,1,un-,prefix,c9540296-9f3a-4257-aa69-a5688a369918
065900aa-a29d-4897-8f8f-12e4fab8cb75,7b20b11e-bc43-4b8e-ac67-19c55c3fb5fc,1,no,word,1e07c7e4-8b6f-43c3-9c7a-9916d745441f
376834d8-b85d-4796-912c-3a946f7a0933,91e43b83-92e2-4895-bc4b-29cdcbafa6bd,1,die,word,7a870203-3558-41fa-a2a0-a369e9d7e003
666c7671-4902-431c-814f-8d0c25c513da,91e43b83-92e2-4895-bc4b-29cdcbafa6bd,1,die,word,7a870203-3558-41fa-a2a0-a369e9d7e003
e7002028-7cf8-418d-b057-1275625da824,530b34a3-5ddf-4809-856a-06d73c49d8b0,1,sect-根,root,48e426e0-4bb0-47fc-8c6b-bbef69a3fe5b
e7002028-7cf8-418d-b057-1275625da824,530b34a3-5ddf-4809-856a-06d73c49d8b0,2,mid-根,root,54c1f0aa-26ca-46c3-a516-ce462c136018
24aab782-905a-4a20-a792-d390b0fc08f6,98e6651d-8b5e-462a-adb2-dc5da6edb65c,1,come,word,bed2da61-da50-4e6e-ad60-0caa543d62a8
24aab782-905a-4a20-a792-d390b0fc08f6,2112d064-3373-4a90-aae1-3e2eb83a4f1a,1,sir,word,46e464ed-ffc1-4a12-9de0-773a4f912be6
24aab782-905a-4a20-a792-d390b0fc08f6,2112d064-3373-4a90-aae1-3e2eb83a4f1a,2,see,word,e7c93797-0833-40e6-b0db-eff1df71c656
dd5e022a-6fc0-45e5-9056-8dd69851e211,654f3e27-34ca-484c-abfb-e6d5f3d9f182,1,see,word,e7c93797-0833-40e6-b0db-eff1df71c656
5f813bb4-968b-41d6-82d6-6e40f3019f86,eb2dab21-d31e-4dbd-bb90-255c046203a6,1,on,word,3090e71f-ead1-49e6-8ef2-520fb888aaf2
5f813bb4-968b-41d6-82d6-6e40f3019f86,eb377bec-24c3-4c39-84d6-2c688a20059a,1,at,word,9c2f1b32-39ad-4c43-8c8d-ae84d4272e3b
5f813bb4-968b-41d6-82d6-6e40f3019f86,eb377bec-24c3-4c39-84d6-2c688a20059a,2,a-,prefix,eb2dab21-d31e-4dbd-bb90-255c046203a6
5f813bb4-968b-41d6-82d6-6e40f3019f86,eb377bec-24c3-4c39-84d6-2c688a20059a,3,ab-,prefix,1e4ea41c-ee64-4bce-aed5-5ba7b9bcccff
5f813bb4-968b-41d6-82d6-6e40f3019f86,eb377bec-24c3-4c39-84d6-2c688a20059a,4,ac-,prefix,313fe2aa-9acf-4e44-b215-3d94eac8de99
5f813bb4-968b-41d6-82d6-6e40f3019f86,eb377bec-24c3-4c39-84d6-2c688a20059a,5,ad-,prefix,01e572b5-9046-4ae6-82df-91bb22b151d2
5f813bb4-968b-41d6-82d6-6e40f3019f86,eb377bec-24c3-4c39-84d6-2c688a20059a,6,ap-,prefix,3015fc76-f4ec-4a6a-bc69-218e873a44f1
5f813bb4-968b-41d6-82d6-6e40f3019f86,eb377bec-24c3-4c39-84d6-2c688a20059a,7,as-,prefix,eb377bec-24c3-4c39-84d6-2c688a20059a
5f813bb4-968b-41d6-82d6-6e40f3019f86,eb377bec-24c3-4c39-84d6-2c688a20059a,8,at-,prefix,e63cdbbb-8bfb-442b-b49a-bd01c7f68aff
6ac53dfc-1f62-474d-ab80-5b43f6c36223,eb377bec-24c3-4c39-84d6-2c688a20059a,1,at,word,9c2f1b32-39ad-4c43-8c8d-ae84d4272e3b
6ac53dfc-1f62-474d-ab80-5b43f6c36223,eb377bec-24c3-4c39-84d6-2c688a20059a,2,a-,prefix,eb2dab21-d31e-4dbd-bb90-255c046203a6
6ac53dfc-1f62-474d-ab80-5b43f6c36223,eb377bec-24c3-4c39-84d6-2c688a20059a,3,ab-,prefix,1e4ea41c-ee64-4bce-aed5-5ba7b9bcccff
6ac53dfc-1f62-474d-ab80-5b43f6c36223,eb377bec-24c3-4c39-84d6-2c688a20059a,4,ac-,prefix,313fe2aa-9acf-4e44-b215-3d94eac8de99
6ac53dfc-1f62-474d-ab80-5b43f6c36223,eb377bec-24c3-4c39-84d6-2c688a20059a,5,ad-,prefix,01e572b5-9046-4ae6-82df-91bb22b151d2
6ac53dfc-1f62-474d-ab80-5b43f6c36223,eb377bec-24c3-4c39-84d6-2c688a20059a,6,ap-,prefix,3015fc76-f4ec-4a6a-bc69-218e873a44f1
6ac53dfc-1f62-474d-ab80-5b43f6c36223,eb377bec-24c3-4c39-84d6-2c688a20059a,7,as-,prefix,eb377bec-24c3-4c39-84d6-2c688a20059a
6ac53dfc-1f62-474d-ab80-5b43f6c36223,eb377bec-24c3-4c39-84d6-2c688a20059a,8,at-,prefix,e63cdbbb-8bfb-442b-b49a-bd01c7f68aff
8753b49f-0c1a-4c53-b393-8182b4d2d14e,8c0505bf-79c4-4e25-9294-f49bfcac9413,1,I,word,8e5d6dd4-94a3-497d-9b21-9a2ffbfb8862
cb8efc2f-7a74-4ac6-8ffa-7f9d4a0f5aa9,8c0505bf-79c4-4e25-9294-f49bfcac9413,1,I,word,8e5d6dd4-94a3-497d-9b21-9a2ffbfb8862
4e278014-0039-45a1-bcdf-c686e4aca775,297ae201-a0bd-488c-9827-5d18a373af09,1,ball,word,ff1bd5ce-aee2-435d-a1a4-f76f0d86978c
0e7fef65-0021-42cf-8bd0-809756bed8f2,297ae201-a0bd-488c-9827-5d18a373af09,1,ball,word,ff1bd5ce-aee2-435d-a1a4-f76f0d86978c
3c980581-4022-45ea-ab45-972b4f20f076,e5a43dea-82df-4ab4-a221-ada5f7d6a387,1,god,word,8688fcf3-3cb8-4b5b-b501-82b24e37de75
3c980581-4022-45ea-ab45-972b4f20f076,e5a43dea-82df-4ab4-a221-ada5f7d6a387,2,-ar,suffix,5ca02fee-e010-4486-aeab-048fee41261b
ae4abcfa-c067-4bca-88f7-3ecea00bf413,4d427f21-9d08-4d8a-a5b9-e9eeb0df6d82,1,safe,word,b4cf7b75-3f4d-44e7-874a-4cd2407500ea
edda13ad-f230-44cf-a4da-33139c508ae4,4d427f21-9d08-4d8a-a5b9-e9eeb0df6d82,1,safe,word,b4cf7b75-3f4d-44e7-874a-4cd2407500ea
2dd00201-0bad-422a-a396-ae2fbd470a53,87b5a5f9-899f-4a80-8d77-d5d870af2e3b,1,three,word,4f694b4d-9e80-4ba6-a299-c9c2bcbbddc5
3dcbe7eb-00fb-4d64-a22f-8678d41ab3ed,58a2bcc3-65ac-4922-bc05-3bcae8a0d1c7,1,un-,prefix,c9540296-9f3a-4257-aa69-a5688a369918
680d92f2-74b4-40e6-a056-1b71cfa86346,5512a358-a92c-480a-8450-d8b5bbc0810f,1,very,word,93f7e811-9e09-4433-bdfe-95d3a90d2758
f662f8e6-33bd-4b77-ad99-b4d8d1dbc0c1,49128a96-d606-4568-bff2-e85576e668c4,1,time,word,844e3a81-c010-49d3-bc9a-5add82db6135
b11f872b-9340-40de-b2bc-e834a7c2d29a,49128a96-d606-4568-bff2-e85576e668c4,1,time,word,844e3a81-c010-49d3-bc9a-5add82db6135
48454765-83e1-47d5-b298-ad99af610529,313fe2aa-9acf-4e44-b215-3d94eac8de99,1,a-,prefix,eb2dab21-d31e-4dbd-bb90-255c046203a6
48454765-83e1-47d5-b298-ad99af610529,313fe2aa-9acf-4e44-b215-3d94eac8de99,2,ab-,prefix,1e4ea41c-ee64-4bce-aed5-5ba7b9bcccff
48454765-83e1-47d5-b298-ad99af610529,313fe2aa-9acf-4e44-b215-3d94eac8de99,3,ac-,prefix,313fe2aa-9acf-4e44-b215-3d94eac8de99
48454765-83e1-47d5-b298-ad99af610529,313fe2aa-9acf-4e44-b215-3d94eac8de99,4,ad-,prefix,01e572b5-9046-4ae6-82df-91bb22b151d2
48454765-83e1-47d5-b298-ad99af610529,313fe2aa-9acf-4e44-b215-3d94eac8de99,5,ap-,prefix,3015fc76-f4ec-4a6a-bc69-218e873a44f1
48454765-83e1-47d5-b298-ad99af610529,313fe2aa-9acf-4e44-b215-3d94eac8de99,6,as-,prefix,eb377bec-24c3-4c39-84d6-2c688a20059a
48454765-83e1-47d5-b298-ad99af610529,313fe2aa-9acf-4e44-b215-3d94eac8de99,7,at-,prefix,e63cdbbb-8bfb-442b-b49a-bd01c7f68aff
0b3f60ec-610a-4196-a6f5-6bb74a2e01c9,313fe2aa-9acf-4e44-b215-3d94eac8de99,1,a-,prefix,eb2dab21-d31e-4dbd-bb90-255c046203a6
0b3f60ec-610a-4196-a6f5-6bb74a2e01c9,313fe2aa-9acf-4e44-b215-3d94eac8de99,2,ab-,prefix,1e4ea41c-ee64-4bce-aed5-5ba7b9bcccff
0b3f60ec-610a-4196-a6f5-6bb74a2e01c9,313fe2aa-9acf-4e44-b215-3d94eac8de99,3,ac-,prefix,313fe2aa-9acf-4e44-b215-3d94eac8de99
0b3f60ec-610a-4196-a6f5-6bb74a2e01c9,313fe2aa-9acf-4e44-b215-3d94eac8de99,4,ad-,prefix,01e572b5-9046-4ae6-82df-91bb22b151d2
0b3f60ec-610a-4196-a6f5-6bb74a2e01c9,313fe2aa-9acf-4e44-b215-3d94eac8de99,5,ap-,prefix,3015fc76-f4ec-4a6a-bc69-218e873a44f1
0b3f60ec-610a-4196-a6f5-6bb74a2e01c9,313fe2aa-9acf-4e44-b215-3d94eac8de99,6,as-,prefix,eb377bec-24c3-4c39-84d6-2c688a20059a
0b3f60ec-610a-4196-a6f5-6bb74a2e01c9,313fe2aa-9acf-4e44-b215-3d94eac8de99,7,at-,prefix,e63cdbbb-8bfb-442b-b49a-bd01c7f68aff
34b6baa4-ec7f-4879-a91b-d60d32c20539,313fe2aa-9acf-4e44-b215-3d94eac8de99,1,a-,prefix,eb2dab21-d31e-4dbd-bb90-255c046203a6
34b6baa4-ec7f-4879-a91b-d60d32c20539,313fe2aa-9acf-4e44-b215-3d94eac8de99,2,ab-,prefix,1e4ea41c-ee64-4bce-aed5-5ba7b9bcccff
34b6baa4-ec7f-4879-a91b-d60d32c20539,313fe2aa-9acf-4e44-b215-3d94eac8de99,3,ac-,prefix,313fe2aa-9acf-4e44-b215-3d94eac8de99
34b6baa4-ec7f-4879-a91b-d60d32c20539,313fe2aa-9acf-4e44-b215-3d94eac8de99,4,ad-,prefix,01e572b5-9046-4ae6-82df-91bb22b151d2
34b6baa4-ec7f-4879-a91b-d60d32c20539,313fe2aa-9acf-4e44-b215-3d94eac8de99,5,ap-,prefix,3015fc76-f4ec-4a6a-bc69-218e873a44f1
34b6baa4-ec7f-4879-a91b-d60d32c20539,313fe2aa-9acf-4e44-b215-3d94eac8de99,6,as-,prefix,eb377bec-24c3-4c39-84d6-2c688a20059a
34b6baa4-ec7f-4879-a91b-d60d32c20539,313fe2aa-9acf-4e44-b215-3d94eac8de99,7,at-,prefix,e63cdbbb-8bfb-442b-b49a-bd01c7f68aff
95e34421-ccf6-4b9e-8bda-89d7dfb6e133,94ff35c8-5e51-4bc1-b41e-5c274db1645b,1,back,word,40a409cf-8d84-4623-8363-a0a8dcb6f0ae
28e199f1-d3e6-450d-9cac-15e86b3beaa3,775ddff0-40ce-4374-a7e4-30edb50f338b,1,at,word,9c2f1b32-39ad-4c43-8c8d-ae84d4272e3b
28e199f1-d3e6-450d-9cac-15e86b3beaa3,775ddff0-40ce-4374-a7e4-30edb50f338b,2,a-,prefix,eb2dab21-d31e-4dbd-bb90-255c046203a6
28e199f1-d3e6-450d-9cac-15e86b3beaa3,775ddff0-40ce-4374-a7e4-30edb50f338b,3,ar-,prefix,775ddff0-40ce-4374-a7e4-30edb50f338b
28e199f1-d3e6-450d-9cac-15e86b3beaa3,775ddff0-40ce-4374-a7e4-30edb50f338b,4,ab-,prefix,1e4ea41c-ee64-4bce-aed5-5ba7b9bcccff
28e199f1-d3e6-450d-9cac-15e86b3beaa3,775ddff0-40ce-4374-a7e4-30edb50f338b,5,ac-,prefix,313fe2aa-9acf-4e44-b215-3d94eac8de99
28e199f1-d3e6-450d-9cac-15e86b3beaa3,775ddff0-40ce-4374-a7e4-30edb50f338b,6,ad-,prefix,01e572b5-9046-4ae6-82df-91bb22b151d2
28e199f1-d3e6-450d-9cac-15e86b3beaa3,775ddff0-40ce-4374-a7e4-30edb50f338b,7,ap-,prefix,3015fc76-f4ec-4a6a-bc69-218e873a44f1
28e199f1-d3e6-450d-9cac-15e86b3beaa3,775ddff0-40ce-4374-a7e4-30edb50f338b,8,as-,prefix,eb377bec-24c3-4c39-84d6-2c688a20059a
28e199f1-d3e6-450d-9cac-15e86b3beaa3,775ddff0-40ce-4374-a7e4-30edb50f338b,9,at-,prefix,e63cdbbb-8bfb-442b-b49a-bd01c7f68aff
28e199f1-d3e6-450d-9cac-15e86b3beaa3,042b56cb-0832-454b-b6bd-4fc0fad31fec,1,run,word,2e3e406a-0279-4c36-83fd-9afd6db3b8c3
0acf788b-7116-4018-9519-58362dd5f061,d1d6cf9f-3583-48a2-8905-b82caa3a3489,1,lie,word,a89fce0d-8493-4cf5-8fa1-fe5ff19c541e
571edf7e-d4db-40b1-b1eb-f2a074a762fa,c51a8e11-69c9-4469-b362-65f433a0d955,1,come,word,bed2da61-da50-4e6e-ad60-0caa543d62a8
6d07312c-15d3-4258-ba8f-eb2d564b5e58,c51a8e11-69c9-4469-b362-65f433a0d955,1,come,word,bed2da61-da50-4e6e-ad60-0caa543d62a8
eca00205-f081-41d6-8b7f-83c21b275508,c51a8e11-69c9-4469-b362-65f433a0d955,1,come,word,bed2da61-da50-4e6e-ad60-0caa543d62a8
7b51b760-e920-4af5-860c-bb9c102bef6e,c51a8e11-69c9-4469-b362-65f433a0d955,1,come,word,bed2da61-da50-4e6e-ad60-0caa543d62a8
8b4965a7-c9e6-4079-a0ef-2da16614e178,c51a8e11-69c9-4469-b362-65f433a0d955,1,come,word,bed2da61-da50-4e6e-ad60-0caa543d62a8
b7c14e0b-e73d-408b-9904-14ad0800693b,2308eb5b-21df-45e9-9534-887c12a8dc6d,1,-t,suffix,902260c2-0a41-46d9-8130-90955ee5437e
6a4b571b-51c0-485d-b20a-ed4274227203,2fe3292c-d5ba-43a0-858f-3fc9ce5afeae,1,fac,root,466f5a5c-cb68-45f0-8516-71ae148bc3a9
2a23b14d-e60a-4b54-954c-769c85c6eb72,2fe3292c-d5ba-43a0-858f-3fc9ce5afeae,1,fac,root,466f5a5c-cb68-45f0-8516-71ae148bc3a9
b94c63f5-48c7-4e94-8adf-7bef7550a040,2fe3292c-d5ba-43a0-858f-3fc9ce5afeae,1,fac,root,466f5a5c-cb68-45f0-8516-71ae148bc3a9
44cb5bc3-d88f-4cac-be2b-302522d35d4b,2fe3292c-d5ba-43a0-858f-3fc9ce5afeae,1,fac,root,466f5a5c-cb68-45f0-8516-71ae148bc3a9
9e780e65-beff-49ad-a531-5353f000d2f2,7128b8e9-2897-496c-b45b-83c02bf7518c,1,cry,word,8b272839-b86d-4bfc-8ff1-004eed622fbc
42ec8eae-9fb9-4ae2-98e3-64c791ed9fb9,7128b8e9-2897-496c-b45b-83c02bf7518c,1,cry,word,8b272839-b86d-4bfc-8ff1-004eed622fbc
b0359584-0876-4471-8fa7-9d71ad1293a4,7128b8e9-2897-496c-b45b-83c02bf7518c,1,cry,word,8b272839-b86d-4bfc-8ff1-004eed622fbc
bb4ca51b-eace-4dbf-828d-d0f1622e9ecb,49128a96-d606-4568-bff2-e85576e668c4,1,time,word,844e3a81-c010-49d3-bc9a-5add82db6135
514df12b-2cad-49e4-b324-e5f486be73c6,de761270-a58d-4822-8a24-110b2521fb24,1,in,word,84b42a02-b972-4109-ac42-7d04746f07c8
fa30db29-e806-4b7d-af29-6fbc2ce8cd74,eb377bec-24c3-4c39-84d6-2c688a20059a,1,at,word,9c2f1b32-39ad-4c43-8c8d-ae84d4272e3b
fa30db29-e806-4b7d-af29-6fbc2ce8cd74,eb377bec-24c3-4c39-84d6-2c688a20059a,2,a-,prefix,eb2dab21-d31e-4dbd-bb90-255c046203a6
fa30db29-e806-4b7d-af29-6fbc2ce8cd74,eb377bec-24c3-4c39-84d6-2c688a20059a,3,ab-,prefix,1e4ea41c-ee64-4bce-aed5-5ba7b9bcccff
fa30db29-e806-4b7d-af29-6fbc2ce8cd74,eb377bec-24c3-4c39-84d6-2c688a20059a,4,ac-,prefix,313fe2aa-9acf-4e44-b215-3d94eac8de99
fa30db29-e806-4b7d-af29-6fbc2ce8cd74,eb377bec-24c3-4c39-84d6-2c688a20059a,5,ad-,prefix,01e572b5-9046-4ae6-82df-91bb22b151d2
fa30db29-e806-4b7d-af29-6fbc2ce8cd74,eb377bec-24c3-4c39-84d6-2c688a20059a,6,ap-,prefix,3015fc76-f4ec-4a6a-bc69-218e873a44f1
fa30db29-e806-4b7d-af29-6fbc2ce8cd74,eb377bec-24c3-4c39-84d6-2c688a20059a,7,as-,prefix,eb377bec-24c3-4c39-84d6-2c688a20059a
fa30db29-e806-4b7d-af29-6fbc2ce8cd74,eb377bec-24c3-4c39-84d6-2c688a20059a,8,at-,prefix,e63cdbbb-8bfb-442b-b49a-bd01c7f68aff
b5e2e155-5570-4095-bbd9-ab13c741ad7c,94c695f2-db7e-4a43-8afc-592aa45c6ee9,1,man,word,4b5ad6eb-4874-49e1-88ba-adc244daec95
64afa25c-621b-4a3a-b5db-bc2dcc0cc372,26b42b9e-f150-4194-a4ed-b3bbc8322594,1,man,word,4b5ad6eb-4874-49e1-88ba-adc244daec95
cc404052-7006-4567-bdcc-739f16cfffd6,26b42b9e-f150-4194-a4ed-b3bbc8322594,1,man,word,4b5ad6eb-4874-49e1-88ba-adc244daec95
bc205cd6-d2e0-48e5-8524-7a2b05d1f1f1,26b42b9e-f150-4194-a4ed-b3bbc8322594,1,man,word,4b5ad6eb-4874-49e1-88ba-adc244daec95
4cf558fd-32fa-488a-98d8-77f1c3be4780,ac7523d6-9e5f-4cff-bd04-0e001ef21a7a,1,trans-,prefix,c382c29f-affc-416a-8882-078f7af11696
f0cc09d8-e46f-4da1-9a76-6a3c4cefe233,919e02a0-6afd-4336-9389-0f86876ee065,1,flag,word,4ab84e41-4701-4d84-8bb1-bda460ca91ac
f0cc09d8-e46f-4da1-9a76-6a3c4cefe233,919e02a0-6afd-4336-9389-0f86876ee065,2,act,word,f6c6ec73-4848-4690-a4b6-c7be1e84aa13
4afb19a6-c143-43e9-8a3c-0233ac6fedac,de761270-a58d-4822-8a24-110b2521fb24,1,in,word,84b42a02-b972-4109-ac42-7d04746f07c8
ef83e52a-e7e6-493b-b6ef-d5dc5e19a929,de761270-a58d-4822-8a24-110b2521fb24,1,in,word,84b42a02-b972-4109-ac42-7d04746f07c8
a6ff497c-204f-4363-9484-55f91bf07d2e,de761270-a58d-4822-8a24-110b2521fb24,1,in,word,84b42a02-b972-4109-ac42-7d04746f07c8
ee811d7e-ec91-4f9a-b0aa-92a04bc530be,c51a8e11-69c9-4469-b362-65f433a0d955,1,come,word,bed2da61-da50-4e6e-ad60-0caa543d62a8
09e94f01-9e26-488b-8721-8d672d3c2acf,c51a8e11-69c9-4469-b362-65f433a0d955,1,come,word,bed2da61-da50-4e6e-ad60-0caa543d62a8
45f0ed11-c501-423e-92d1-4ff792690801,c51a8e11-69c9-4469-b362-65f433a0d955,1,come,word,bed2da61-da50-4e6e-ad60-0caa543d62a8
89d57b7c-3da3-4794-959d-853c614f3062,bf51a21c-14a5-47cc-b4cd-14ddbaa6a798,1,hundred,word,05a4aa29-597c-4881-8e38-d97eeee5f9be
89d57b7c-3da3-4794-959d-853c614f3062,bf51a21c-14a5-47cc-b4cd-14ddbaa6a798,2,he,word,ae593106-be8a-4d07-b5ae-98a116df4034
89d57b7c-3da3-4794-959d-853c614f3062,bf51a21c-14a5-47cc-b4cd-14ddbaa6a798,3,act,word,f6c6ec73-4848-4690-a4b6-c7be1e84aa13
5e32710b-22bd-470b-ac6c-61bc09da6b83,d696314c-ce6b-4314-af4f-a4984645e31f,1,-er,suffix,22a3b447-d3cf-4d74-8e34-fadb7d2b0375
a8b57205-0fd2-4769-b83f-9614f7614acb,8b9dbed4-f563-4d8b-a13c-95ec5c898a00,1,in,word,84b42a02-b972-4109-ac42-7d04746f07c8
a8b57205-0fd2-4769-b83f-9614f7614acb,d696314c-ce6b-4314-af4f-a4984645e31f,1,-er,suffix,22a3b447-d3cf-4d74-8e34-fadb7d2b0375
dd3e1425-1c97-421c-9e79-589eba34d521,8b9dbed4-f563-4d8b-a13c-95ec5c898a00,1,in,word,84b42a02-b972-4109-ac42-7d04746f07c8
dd3e1425-1c97-421c-9e79-589eba34d521,d696314c-ce6b-4314-af4f-a4984645e31f,1,-er,suffix,22a3b447-d3cf-4d74-8e34-fadb7d2b0375
1d017888-1740-4956-8507-9d3aa6e8463d,98e6651d-8b5e-462a-adb2-dc5da6edb65c,1,come,word,bed2da61-da50-4e6e-ad60-0caa543d62a8
1d017888-1740-4956-8507-9d3aa6e8463d,4e51d4ba-6b93-4de1-86dc-ebc0ff74ac3f,1,-t,suffix,902260c2-0a41-46d9-8130-90955ee5437e
b3bd6726-429c-45f5-8994-16448537b3c6,59011590-c7ce-446a-bdff-06ab88384fec,1,is,word,01153fb1-72e5-475f-b7ac-fd2ece01e98e
b3bd6726-429c-45f5-8994-16448537b3c6,59011590-c7ce-446a-bdff-06ab88384fec,2,in,word,84b42a02-b972-4109-ac42-7d04746f07c8
b3bd6726-429c-45f5-8994-16448537b3c6,aa73b415-5962-4de2-aa00-e3be8253d5b1,1,it,word,b53c2e40-e251-43a1-90b3-1d0a5f9f9dff
08d5740e-1ca1-48d8-a586-c42427aaf438,aa73b415-5962-4de2-aa00-e3be8253d5b1,1,it,word,b53c2e40-e251-43a1-90b3-1d0a5f9f9dff
3228601d-4db3-4c13-8bb4-f599a69da99d,aa73b415-5962-4de2-aa00-e3be8253d5b1,1,it,word,b53c2e40-e251-43a1-90b3-1d0a5f9f9dff
14a161a8-d89c-4e0e-9612-3a862b926e0a,e9081b64-24c5-45e6-ab9e-64161a4b9d55,1,in,word,84b42a02-b972-4109-ac42-7d04746f07c8
1c6fc853-9f91-4f79-9e03-4359141cd4c2,7d405d52-d862-46e0-aee4-f5232feea224,1,go,word,535c367c-28d8-43a4-b511-d5a2b5d192b8
1c6fc853-9f91-4f79-9e03-4359141cd4c2,7d405d52-d862-46e0-aee4-f5232feea224,2,win,word,cb5f9e4a-1a64-4bec-87fa-83f73a7e6deb
88cd0338-a82d-4a47-b2b9-ae41029e1fa8,7d405d52-d862-46e0-aee4-f5232feea224,1,go,word,535c367c-28d8-43a4-b511-d5a2b5d192b8
88cd0338-a82d-4a47-b2b9-ae41029e1fa8,7d405d52-d862-46e0-aee4-f5232feea224,2,win,word,cb5f9e4a-1a64-4bec-87fa-83f73a7e6deb
05ce0fe3-6cb3-43ef-ab00-10a82c1e360d,e9081b64-24c5-45e6-ab9e-64161a4b9d55,1,in,word,84b42a02-b972-4109-ac42-7d04746f07c8
7a8ce9ab-17d2-4bb5-87a2-d033fbc1c471,de761270-a58d-4822-8a24-110b2521fb24,1,in,word,84b42a02-b972-4109-ac42-7d04746f07c8
3cc7b286-5a36-47f9-8b54-01f98e41bbf8,e9081b64-24c5-45e6-ab9e-64161a4b9d55,1,in,word,84b42a02-b972-4109-ac42-7d04746f07c8
51a57ebf-278f-4f91-b38c-09fae68b74aa,e9081b64-24c5-45e6-ab9e-64161a4b9d55,1,in,word,84b42a02-b972-4109-ac42-7d04746f07c8
90ea8ce4-e9f0-42ec-ad3f-51ec00034da6,e9081b64-24c5-45e6-ab9e-64161a4b9d55,1,in,word,84b42a02-b972-4109-ac42-7d04746f07c8
04ada90b-cb2d-4e42-9add-542aa062d848,e9081b64-24c5-45e6-ab9e-64161a4b9d55,1,in,word,84b42a02-b972-4109-ac42-7d04746f07c8
04ada90b-cb2d-4e42-9add-542aa062d848,835cf8eb-c150-4566-b976-843e63fd3646,1,tri-,prefix,87b5a5f9-899f-4a80-8d77-d5d870af2e3b
04ada90b-cb2d-4e42-9add-542aa062d848,835cf8eb-c150-4566-b976-843e63fd3646,2,-ic,suffix,f67d1559-f000-48f8-98c0-3feac850d691
e1b8ac9c-b1d3-4f09-b7e0-ec2f4f71ecf8,59011590-c7ce-446a-bdff-06ab88384fec,1,is,word,01153fb1-72e5-475f-b7ac-fd2ece01e98e
e1b8ac9c-b1d3-4f09-b7e0-ec2f4f71ecf8,59011590-c7ce-446a-bdff-06ab88384fec,2,in,word,84b42a02-b972-4109-ac42-7d04746f07c8
94149c03-4b2f-4bff-bc69-def998a944f3,518f2d7b-60eb-4370-bfa4-114f50d9b6a0,1,man,word,4b5ad6eb-4874-49e1-88ba-adc244daec95
94149c03-4b2f-4bff-bc69-def998a944f3,518f2d7b-60eb-4370-bfa4-114f50d9b6a0,2,many,word,19ea1058-f166-434c-b2b8-c5cfe3a3680b
ee717118-b277-4a26-b8ce-b01f420ac1d5,fbcff078-9e0e-4228-a921-00d3838b8bb0,1,mark,word,9ae7c7d0-4538-49a4-a521-329547352094
ebc39f44-5d76-4186-8707-00db87d014f4,0f502ccb-8086-44fb-ae08-1c43a074c94a,1,me,word,b3ef4c67-512d-4bef-9811-4278dfc494c0
828dc09a-ac9c-4685-a3f7-30746578788b,0f502ccb-8086-44fb-ae08-1c43a074c94a,1,me,word,b3ef4c67-512d-4bef-9811-4278dfc494c0
27b3f388-c34a-45fa-a961-68dcc3d4a69b,0f502ccb-8086-44fb-ae08-1c43a074c94a,1,me,word,b3ef4c67-512d-4bef-9811-4278dfc494c0
0fba0d79-a5d4-4a0b-9876-b8b45ed7ba9a,0f502ccb-8086-44fb-ae08-1c43a074c94a,1,me,word,b3ef4c67-512d-4bef-9811-4278dfc494c0
24bced38-61da-4a67-b277-c273f1fd7190,26cec1a3-ebcd-4ab8-91cf-a22051a75dc7,1,car,word,2d33e9fa-c949-42a2-882a-31c4e9f79491
6e04d43d-cb32-4798-bb70-e0d4046a363c,26cec1a3-ebcd-4ab8-91cf-a22051a75dc7,1,car,word,2d33e9fa-c949-42a2-882a-31c4e9f79491
2e2bae50-286a-4a75-a0a0-0cff7c93a258,c51a8e11-69c9-4469-b362-65f433a0d955,1,come,word,bed2da61-da50-4e6e-ad60-0caa543d62a8
f7a21488-2f11-44e1-8375-7a6d77a5a249,c51a8e11-69c9-4469-b362-65f433a0d955,1,come,word,bed2da61-da50-4e6e-ad60-0caa543d62a8
2e5c66d6-bf74-4bad-998b-5b63fa61419c,37d4058c-9ffb-4ba2-add5-2bf644bee218,1,some,word,cccf88a2-d27d-48db-ac17-e7864b9e5bd2
58805ca5-39cf-4370-b962-8c405c72dbfd,37d4058c-9ffb-4ba2-add5-2bf644bee218,1,some,word,cccf88a2-d27d-48db-ac17-e7864b9e5bd2
09a90296-aede-47e3-b3f6-f72b0022f6a5,8845d935-09a5-45da-97b8-4dd591bfe148,1,out,word,2d8448d3-514e-49e3-97f9-290a5c552d4a
607c4f5f-d08f-4c82-9a60-5ef418e28745,2ec342b0-e4bc-419d-ae67-390149ddbd21,1,over,word,5bbd5dbe-032d-4060-936c-4088d18dce41
fbb14ed0-87de-4849-a5af-9a05c4c6a105,92821a39-ec41-44f4-843c-3c5f16bfca62,1,man,word,4b5ad6eb-4874-49e1-88ba-adc244daec95
a79cd0ac-997f-47d1-9d52-03efde6d7ede,92821a39-ec41-44f4-843c-3c5f16bfca62,1,man,word,4b5ad6eb-4874-49e1-88ba-adc244daec95
0aaf97b9-d40a-4bdc-bf25-84c73ddfc897,4bb11e5f-13e5-4188-8ca3-ee99300020f4,1,know,word,c719a600-5928-4bf7-bdf6-fde64f9b3177
e399b051-cec9-4e88-85e7-d643e7b34e59,b052e0f9-a8c7-4190-b276-3af91e0cb123,1,pass,word,56d684a4-53dd-4d2f-a4aa-e62dc06fbda6
05a81826-a9b2-449c-b91e-91613b05edfb,b052e0f9-a8c7-4190-b276-3af91e0cb123,1,pass,word,56d684a4-53dd-4d2f-a4aa-e62dc06fbda6
e06f3f57-bcdc-460c-9703-b2af5d0a2c93,bea6955a-efc1-42f8-9889-564f5d27a350,1,please,word,dbc2828d-5707-4ad0-8428-5950112b9835
00294c8d-649c-43b2-ac26-654d2f887793,880b2bb2-1161-4733-87c5-a2de839cfbb5,1,act,word,f6c6ec73-4848-4690-a4b6-c7be1e84aa13
0eb398fe-3856-43e3-a5b0-4c06cbb60fea,880b2bb2-1161-4733-87c5-a2de839cfbb5,1,act,word,f6c6ec73-4848-4690-a4b6-c7be1e84aa13
e73d7a90-7b6d-43fd-a5a6-c6f60a1326b9,880b2bb2-1161-4733-87c5-a2de839cfbb5,1,act,word,f6c6ec73-4848-4690-a4b6-c7be1e84aa13
6477c408-5340-4497-8a34-7188b03cef2e,880b2bb2-1161-4733-87c5-a2de839cfbb5,1,act,word,f6c6ec73-4848-4690-a4b6-c7be1e84aa13
cfb75520-34b5-4a8b-b98d-0628be8d3ed4,5cb6da3e-f9dc-4156-b9fd-2aab8da75b65,1,pro-,prefix,40e680cb-32e4-4cff-bb9c-b17989a9fa1a
14828f0c-1e48-421f-b036-e0f3b3a84ad9,3ba33186-6864-478f-80c0-bcb6e705ab0b,1,a-,prefix,eb2dab21-d31e-4dbd-bb90-255c046203a6
c68b4982-283d-4788-b093-f03a9c921985,92e6d7a6-cfbd-4b66-9917-84698cfdb187,1,cess,root,f9d2941e-3c41-43cc-8f9e-36ee231fc15f
5faca6f2-18e8-4c07-8e26-c201873c48e3,bd770445-8a9d-4c04-9317-04ee462da773,1,cat,word,eb5d6a2d-d561-45a7-9d5d-6c6b1fc3cae4
73838c1f-6f5b-4762-938d-bef8458a566f,63cd502c-c61d-413c-b4b6-791978d1da98,1,at,word,9c2f1b32-39ad-4c43-8c8d-ae84d4272e3b
e4579fad-66df-4309-ac6b-f4a9ae7bd03e,63cd502c-c61d-413c-b4b6-791978d1da98,1,at,word,9c2f1b32-39ad-4c43-8c8d-ae84d4272e3b
5a7c8c35-e5e4-4b9d-a92c-a32d3db31cae,92e6d7a6-cfbd-4b66-9917-84698cfdb187,1,cess,root,f9d2941e-3c41-43cc-8f9e-36ee231fc15f
958b7216-fa13-43ba-819f-a20a7ca76e57,70efbdf4-bde7-4af6-af20-6be888e30b08,1,re-,prefix,25c9c982-54cc-42c6-8d13-31b6232755b7
2d91eaab-c65a-4742-83e1-bba825602192,e30745fe-0a3b-4e1a-b03c-376e042fade4,1,city,word,e8a18158-8cad-4339-bc73-0bd06cb69f9b
1329d857-7c04-4580-bafd-b1dcb30c7b5e,e30745fe-0a3b-4e1a-b03c-376e042fade4,1,city,word,e8a18158-8cad-4339-bc73-0bd06cb69f9b
70508b05-6f8d-426f-b85c-bff8d90a977d,e30745fe-0a3b-4e1a-b03c-376e042fade4,1,city,word,e8a18158-8cad-4339-bc73-0bd06cb69f9b
0aa9527a-2eff-454f-b529-7e0342087f75,f586633a-2baf-4766-9cb2-bb4920da7a79,1,an,word,f12a203c-950b-4f36-a096-1faed7f15f69
247ffebc-53d3-497c-910b-829fdce22d98,f586633a-2baf-4766-9cb2-bb4920da7a79,1,an,word,f12a203c-950b-4f36-a096-1faed7f15f69
6d69bfe2-74fa-4b97-85a0-576ea0b4a19e,c51a8e11-69c9-4469-b362-65f433a0d955,1,come,word,bed2da61-da50-4e6e-ad60-0caa543d62a8
bcdc21e5-b351-4feb-933a-ab3211d7075e,f0339224-409f-4642-959e-a5911d9e1a76,1,pass,word,56d684a4-53dd-4d2f-a4aa-e62dc06fbda6
bcdc21e5-b351-4feb-933a-ab3211d7075e,f0339224-409f-4642-959e-a5911d9e1a76,2,-th,suffix,3afce86b-90e0-43dd-9ffa-9f7bd9f24ce8
54b7be05-dbad-4360-9bbf-fb704987affe,c51a8e11-69c9-4469-b362-65f433a0d955,1,come,word,bed2da61-da50-4e6e-ad60-0caa543d62a8
985c066d-dc35-483b-a349-70e4cc124c56,c51a8e11-69c9-4469-b362-65f433a0d955,1,come,word,bed2da61-da50-4e6e-ad60-0caa543d62a8
82033ef9-7e6f-4789-ac62-df780a4c8a3a,98e6651d-8b5e-462a-adb2-dc5da6edb65c,1,come,word,bed2da61-da50-4e6e-ad60-0caa543d62a8
82033ef9-7e6f-4789-ac62-df780a4c8a3a,ac7523d6-9e5f-4cff-bd04-0e001ef21a7a,1,trans-,prefix,c382c29f-affc-416a-8882-078f7af11696
32e5407b-3d23-43e4-b2d8-7b43d4d068c6,98e6651d-8b5e-462a-adb2-dc5da6edb65c,1,come,word,bed2da61-da50-4e6e-ad60-0caa543d62a8
32e5407b-3d23-43e4-b2d8-7b43d4d068c6,ac7523d6-9e5f-4cff-bd04-0e001ef21a7a,1,trans-,prefix,c382c29f-affc-416a-8882-078f7af11696
3611161d-4044-4484-8f73-29ed318e4630,98e6651d-8b5e-462a-adb2-dc5da6edb65c,1,come,word,bed2da61-da50-4e6e-ad60-0caa543d62a8
25a532a2-5281-40b0-8a1e-732be5515330,98e6651d-8b5e-462a-adb2-dc5da6edb65c,1,come,word,bed2da61-da50-4e6e-ad60-0caa543d62a8
3b7dea58-d169-4597-a06d-56f208a99f00,b91d45c2-e964-41cb-8a3a-de1bff784644,1,-t,suffix,902260c2-0a41-46d9-8130-90955ee5437e
b67441e3-edda-4c51-93d5-2c20b8c53274,1e40a11e-ae38-46b2-9563-8c12124b4dfa,1,time,word,844e3a81-c010-49d3-bc9a-5add82db6135
d6bccd20-b539-4d0f-801a-ca2eb3ee4165,1e40a11e-ae38-46b2-9563-8c12124b4dfa,1,time,word,844e3a81-c010-49d3-bc9a-5add82db6135
62477e8c-f09e-43c2-951b-132710cda0aa,daafdef2-dc97-43b8-9146-fdea80e6785f,1,di-,prefix,7f38defd-71b6-4a35-9f5f-02b9344ca572
dcdcadbe-fa7e-4294-914b-4653cf4adea9,eabfcb69-f5cb-4776-9fe5-50322c63ee01,1,come,word,bed2da61-da50-4e6e-ad60-0caa543d62a8
dcdcadbe-fa7e-4294-914b-4653cf4adea9,2c8f7c44-05fb-4ed7-a577-e8d22d2ef756,1,come,word,bed2da61-da50-4e6e-ad60-0caa543d62a8
c0727923-0348-4bae-ac30-10065297f2e1,2c8f7c44-05fb-4ed7-a577-e8d22d2ef756,1,come,word,bed2da61-da50-4e6e-ad60-0caa543d62a8
b80250e0-2cc8-4b3a-87b1-70be34d37721,98e6651d-8b5e-462a-adb2-dc5da6edb65c,1,come,word,bed2da61-da50-4e6e-ad60-0caa543d62a8
ff0acf27-3858-477b-9bf6-163447fe38f2,e6d71b06-686f-4bdf-a4ff-7013d8aacdf9,1,see,word,e7c93797-0833-40e6-b0db-eff1df71c656
3e4d86b0-51f4-474e-a343-445c42f4d520,e6d71b06-686f-4bdf-a4ff-7013d8aacdf9,1,see,word,e7c93797-0833-40e6-b0db-eff1df71c656
863145af-bf51-46df-9e6a-b3f670051872,e6d71b06-686f-4bdf-a4ff-7013d8aacdf9,1,see,word,e7c93797-0833-40e6-b0db-eff1df71c656
863145af-bf51-46df-9e6a-b3f670051872,2fe3292c-d5ba-43a0-858f-3fc9ce5afeae,1,fac,root,466f5a5c-cb68-45f0-8516-71ae148bc3a9
0cf783c9-e528-40b4-aecb-297dda296ebc,e6d71b06-686f-4bdf-a4ff-7013d8aacdf9,1,see,word,e7c93797-0833-40e6-b0db-eff1df71c656
0cf783c9-e528-40b4-aecb-297dda296ebc,2fe3292c-d5ba-43a0-858f-3fc9ce5afeae,1,fac,root,466f5a5c-cb68-45f0-8516-71ae148bc3a9
ffa22a5d-34ca-4a05-a4a2-434862f27082,3015fc76-f4ec-4a6a-bc69-218e873a44f1,1,at,word,9c2f1b32-39ad-4c43-8c8d-ae84d4272e3b
d6dee250-1d13-4587-b946-30b9bc9213c7,0192cc40-fcfd-40cf-91fe-bc69e65b13b6,1,day,word,14fd41f6-b107-4c23-9205-b027dadb07cd
c5165d8b-2112-4fec-88b2-65677f2854ae,49bf853b-04d3-43bc-89e6-e8e8a8ac4523,1,sta,root,e1b53382-184c-4e2f-8461-70e908854ea1
08a5d1e3-c44f-4a95-a4eb-5d2777062696,4bb11e5f-13e5-4188-8ca3-ee99300020f4,1,know,word,c719a600-5928-4bf7-bdf6-fde64f9b3177
37652ec8-4ea7-4c48-80da-7eb0041606a1,4bb11e5f-13e5-4188-8ca3-ee99300020f4,1,know,word,c719a600-5928-4bf7-bdf6-fde64f9b3177
154a3b80-317e-4364-a496-df03a0e78b6f,4bb11e5f-13e5-4188-8ca3-ee99300020f4,1,know,word,c719a600-5928-4bf7-bdf6-fde64f9b3177
bdb51b1f-84e7-4919-aced-c9589ed0ae19,ae5522fc-65cf-47b7-9577-4e782649516d,1,in,word,84b42a02-b972-4109-ac42-7d04746f07c8
75a00e33-d517-42e5-84cf-df0e64d0d111,ae5522fc-65cf-47b7-9577-4e782649516d,1,in,word,84b42a02-b972-4109-ac42-7d04746f07c8
b1b87d7e-46d8-4b03-a24f-83fe27c66452,3015fc76-f4ec-4a6a-bc69-218e873a44f1,1,at,word,9c2f1b32-39ad-4c43-8c8d-ae84d4272e3b
2dd41004-3957-457b-bb1d-a0e5cd78bf8a,1e678b63-e62a-45bc-ab75-195ff595ec45,1,ply,root,9e92b8fa-7667-4e96-be25-66ba91365deb
b87081ed-8870-4d80-bdc9-17f1b8e7caaf,de761270-a58d-4822-8a24-110b2521fb24,1,in,word,84b42a02-b972-4109-ac42-7d04746f07c8
00d675c1-948a-42ec-94ba-852545505c95,98e6651d-8b5e-462a-adb2-dc5da6edb65c,1,come,word,bed2da61-da50-4e6e-ad60-0caa543d62a8
00d675c1-948a-42ec-94ba-852545505c95,49bf853b-04d3-43bc-89e6-e8e8a8ac4523,1,sta,root,e1b53382-184c-4e2f-8461-70e908854ea1
7c675748-7564-4473-9ebf-3ffdfc78541e,e3f9a00b-cb0f-44b6-ba6a-959af478ad42,1,-ing,suffix,d56e76f7-0ba9-4b1e-9eac-a1dbe8f8c79a
656212f7-f486-406d-a4c4-83b6ded8fcd7,e3f9a00b-cb0f-44b6-ba6a-959af478ad42,1,-ing,suffix,d56e76f7-0ba9-4b1e-9eac-a1dbe8f8c79a
38cfecd1-3d5f-43a3-a96c-ff2b39321cda,e3f9a00b-cb0f-44b6-ba6a-959af478ad42,1,-ing,suffix,d56e76f7-0ba9-4b1e-9eac-a1dbe8f8c79a
1e079daf-fe77-4cbe-b117-4b2a906cb824,3e2a2c57-d62d-4e49-b05f-43f9f7809859,1,high,word,50adf631-5483-4945-b981-2bff0d75999f
74693551-29b0-40a4-aa6f-c0a829a0a4f3,fbcff078-9e0e-4228-a921-00d3838b8bb0,1,mark,word,9ae7c7d0-4538-49a4-a521-329547352094
0c5405e2-d05b-4c8b-911a-e455ada9c952,eb2dab21-d31e-4dbd-bb90-255c046203a6,1,on,word,3090e71f-ead1-49e6-8ef2-520fb888aaf2
0c5405e2-d05b-4c8b-911a-e455ada9c952,634a504b-5b9d-4b60-9e70-be335a2110a8,1,great,word,54eb13d2-581c-4fcc-bb20-3ee00fbe0a21
073c6ba9-64b0-4681-85f6-5afdc2574e42,eb2dab21-d31e-4dbd-bb90-255c046203a6,1,on,word,3090e71f-ead1-49e6-8ef2-520fb888aaf2
073c6ba9-64b0-4681-85f6-5afdc2574e42,634a504b-5b9d-4b60-9e70-be335a2110a8,1,great,word,54eb13d2-581c-4fcc-bb20-3ee00fbe0a21
f33b38f6-79bb-4750-9a0e-c5067cf2886c,eb2dab21-d31e-4dbd-bb90-255c046203a6,1,on,word,3090e71f-ead1-49e6-8ef2-520fb888aaf2
f33b38f6-79bb-4750-9a0e-c5067cf2886c,634a504b-5b9d-4b60-9e70-be335a2110a8,1,great,word,54eb13d2-581c-4fcc-bb20-3ee00fbe0a21
229a4439-4cbd-4a9b-9b12-fa0306f0d9cc,eb2dab21-d31e-4dbd-bb90-255c046203a6,1,on,word,3090e71f-ead1-49e6-8ef2-520fb888aaf2
229a4439-4cbd-4a9b-9b12-fa0306f0d9cc,634a504b-5b9d-4b60-9e70-be335a2110a8,1,great,word,54eb13d2-581c-4fcc-bb20-3ee00fbe0a21
39bcb370-86fb-490b-9036-0673998bf185,4d22bb9d-4552-43b5-9fb3-6e5f6080ae8e,1,at,word,9c2f1b32-39ad-4c43-8c8d-ae84d4272e3b
39bcb370-86fb-490b-9036-0673998bf185,4d22bb9d-4552-43b5-9fb3-6e5f6080ae8e,2,a-,prefix,eb2dab21-d31e-4dbd-bb90-255c046203a6
39bcb370-86fb-490b-9036-0673998bf185,4d22bb9d-4552-43b5-9fb3-6e5f6080ae8e,3,al-,prefix,4d22bb9d-4552-43b5-9fb3-6e5f6080ae8e
39bcb370-86fb-490b-9036-0673998bf185,4d22bb9d-4552-43b5-9fb3-6e5f6080ae8e,4,ab-,prefix,1e4ea41c-ee64-4bce-aed5-5ba7b9bcccff
39bcb370-86fb-490b-9036-0673998bf185,4d22bb9d-4552-43b5-9fb3-6e5f6080ae8e,5,ac-,prefix,313fe2aa-9acf-4e44-b215-3d94eac8de99
39bcb370-86fb-490b-9036-0673998bf185,4d22bb9d-4552-43b5-9fb3-6e5f6080ae8e,6,ad-,prefix,01e572b5-9046-4ae6-82df-91bb22b151d2
39bcb370-86fb-490b-9036-0673998bf185,4d22bb9d-4552-43b5-9fb3-6e5f6080ae8e,7,ap-,prefix,3015fc76-f4ec-4a6a-bc69-218e873a44f1
39bcb370-86fb-490b-9036-0673998bf185,4d22bb9d-4552-43b5-9fb3-6e5f6080ae8e,8,as-,prefix,eb377bec-24c3-4c39-84d6-2c688a20059a
39bcb370-86fb-490b-9036-0673998bf185,4d22bb9d-4552-43b5-9fb3-6e5f6080ae8e,9,at-,prefix,e63cdbbb-8bfb-442b-b49a-bd01c7f68aff
533fdef8-d693-4e06-a93a-f7c29617af9e,ea404a62-bc91-48a9-96ec-981aa2a018dc,1,mini,word,e5149dd5-3c37-4c31-b9bb-a576cc6bbafa
533fdef8-d693-4e06-a93a-f7c29617af9e,ea404a62-bc91-48a9-96ec-981aa2a018dc,2,in,word,84b42a02-b972-4109-ac42-7d04746f07c8
7c18ebbb-7142-4359-9af7-b27a46c383ca,ea404a62-bc91-48a9-96ec-981aa2a018dc,1,mini,word,e5149dd5-3c37-4c31-b9bb-a576cc6bbafa
7c18ebbb-7142-4359-9af7-b27a46c383ca,ea404a62-bc91-48a9-96ec-981aa2a018dc,2,in,word,84b42a02-b972-4109-ac42-7d04746f07c8
62bb4815-4438-4da8-bd9d-8775772d3c10,59011590-c7ce-446a-bdff-06ab88384fec,1,is,word,01153fb1-72e5-475f-b7ac-fd2ece01e98e
62bb4815-4438-4da8-bd9d-8775772d3c10,59011590-c7ce-446a-bdff-06ab88384fec,2,in,word,84b42a02-b972-4109-ac42-7d04746f07c8
62bb4815-4438-4da8-bd9d-8775772d3c10,ea404a62-bc91-48a9-96ec-981aa2a018dc,1,mini,word,e5149dd5-3c37-4c31-b9bb-a576cc6bbafa
62bb4815-4438-4da8-bd9d-8775772d3c10,ea404a62-bc91-48a9-96ec-981aa2a018dc,2,in,word,84b42a02-b972-4109-ac42-7d04746f07c8
da030c1c-dfc0-400e-bf7e-c227698184e8,59011590-c7ce-446a-bdff-06ab88384fec,1,is,word,01153fb1-72e5-475f-b7ac-fd2ece01e98e
da030c1c-dfc0-400e-bf7e-c227698184e8,59011590-c7ce-446a-bdff-06ab88384fec,2,in,word,84b42a02-b972-4109-ac42-7d04746f07c8
da030c1c-dfc0-400e-bf7e-c227698184e8,ea404a62-bc91-48a9-96ec-981aa2a018dc,1,mini,word,e5149dd5-3c37-4c31-b9bb-a576cc6bbafa
da030c1c-dfc0-400e-bf7e-c227698184e8,ea404a62-bc91-48a9-96ec-981aa2a018dc,2,in,word,84b42a02-b972-4109-ac42-7d04746f07c8
164307e5-e69d-4d52-bc94-ccadf075a687,e9081b64-24c5-45e6-ab9e-64161a4b9d55,1,in,word,84b42a02-b972-4109-ac42-7d04746f07c8
26014150-3d1b-43db-b5d8-2f9632046200,e9081b64-24c5-45e6-ab9e-64161a4b9d55,1,in,word,84b42a02-b972-4109-ac42-7d04746f07c8
3ad64326-e0df-4e18-b5cf-732d2fef0aeb,ea404a62-bc91-48a9-96ec-981aa2a018dc,1,mini,word,e5149dd5-3c37-4c31-b9bb-a576cc6bbafa
3ad64326-e0df-4e18-b5cf-732d2fef0aeb,ea404a62-bc91-48a9-96ec-981aa2a018dc,2,in,word,84b42a02-b972-4109-ac42-7d04746f07c8
1280e358-805e-49a0-8b00-62e11ef4b01a,ea404a62-bc91-48a9-96ec-981aa2a018dc,1,mini,word,e5149dd5-3c37-4c31-b9bb-a576cc6bbafa
1280e358-805e-49a0-8b00-62e11ef4b01a,ea404a62-bc91-48a9-96ec-981aa2a018dc,2,in,word,84b42a02-b972-4109-ac42-7d04746f07c8
6d10d626-6a6f-4c85-928f-d015ac6ddf4d,22bfae6c-a3d7-4509-a794-51e8a50b17f0,1,her,word,1eaf4b54-814f-46a0-9e93-6046e92aff35
6d10d626-6a6f-4c85-928f-d015ac6ddf4d,22bfae6c-a3d7-4509-a794-51e8a50b17f0,2,it,word,b53c2e40-e251-43a1-90b3-1d0a5f9f9dff
da94648b-de4e-46c5-aa42-3c4cba2e2b22,e9081b64-24c5-45e6-ab9e-64161a4b9d55,1,in,word,84b42a02-b972-4109-ac42-7d04746f07c8
da94648b-de4e-46c5-aa42-3c4cba2e2b22,22bfae6c-a3d7-4509-a794-51e8a50b17f0,1,her,word,1eaf4b54-814f-46a0-9e93-6046e92aff35
da94648b-de4e-46c5-aa42-3c4cba2e2b22,22bfae6c-a3d7-4509-a794-51e8a50b17f0,2,it,word,b53c2e40-e251-43a1-90b3-1d0a5f9f9dff
198ae03f-17a4-451a-b661-c50a51f75223,e9081b64-24c5-45e6-ab9e-64161a4b9d55,1,in,word,84b42a02-b972-4109-ac42-7d04746f07c8
198ae03f-17a4-451a-b661-c50a51f75223,22bfae6c-a3d7-4509-a794-51e8a50b17f0,1,her,word,1eaf4b54-814f-46a0-9e93-6046e92aff35
198ae03f-17a4-451a-b661-c50a51f75223,22bfae6c-a3d7-4509-a794-51e8a50b17f0,2,it,word,b53c2e40-e251-43a1-90b3-1d0a5f9f9dff
12127f62-2c0c-4c78-b32f-a30c3e166f76,59011590-c7ce-446a-bdff-06ab88384fec,1,is,word,01153fb1-72e5-475f-b7ac-fd2ece01e98e
12127f62-2c0c-4c78-b32f-a30c3e166f76,59011590-c7ce-446a-bdff-06ab88384fec,2,in,word,84b42a02-b972-4109-ac42-7d04746f07c8
3ddb2246-2419-40c5-9e97-66e668c2cda4,a9315268-e41b-41b1-ad0e-1e06a8d25808,1,know,word,c719a600-5928-4bf7-bdf6-fde64f9b3177
277f5516-83b2-4ac4-8c10-0d632b486915,a9315268-e41b-41b1-ad0e-1e06a8d25808,1,know,word,c719a600-5928-4bf7-bdf6-fde64f9b3177
eb2c6697-4c3f-4811-9d95-694240f20baf,4f01db75-1fcf-41a0-b8cb-e9d0cdda7d9d,1,let,word,524f3f07-5c8a-4cdf-ac82-2ea1d7e78a01
24bebad7-4252-4ed2-a456-2dd324a95d00,0815771c-a879-4c7e-b9b2-425daadb9957,1,ob-,prefix,b9a3b672-0067-42ec-a917-dc17338523a0
24bebad7-4252-4ed2-a456-2dd324a95d00,0815771c-a879-4c7e-b9b2-425daadb9957,2,op-,prefix,07e6b6fd-3e6e-42be-9cfe-11dcadb01cd9
24bebad7-4252-4ed2-a456-2dd324a95d00,0815771c-a879-4c7e-b9b2-425daadb9957,3,of-,prefix,366a998f-d20b-48c1-97c8-cf723bf4766e
24bebad7-4252-4ed2-a456-2dd324a95d00,0815771c-a879-4c7e-b9b2-425daadb9957,4,oc-,prefix,0815771c-a879-4c7e-b9b2-425daadb9957
24bebad7-4252-4ed2-a456-2dd324a95d00,49b7e4f4-54ff-4e6d-bd00-868f4dba0436,1,car,word,2d33e9fa-c949-42a2-882a-31c4e9f79491
8ed14034-0e85-41d8-83cc-ef5dcae2f0d3,0815771c-a879-4c7e-b9b2-425daadb9957,1,ob-,prefix,b9a3b672-0067-42ec-a917-dc17338523a0
8ed14034-0e85-41d8-83cc-ef5dcae2f0d3,0815771c-a879-4c7e-b9b2-425daadb9957,2,op-,prefix,07e6b6fd-3e6e-42be-9cfe-11dcadb01cd9
8ed14034-0e85-41d8-83cc-ef5dcae2f0d3,0815771c-a879-4c7e-b9b2-425daadb9957,3,of-,prefix,366a998f-d20b-48c1-97c8-cf723bf4766e
8ed14034-0e85-41d8-83cc-ef5dcae2f0d3,0815771c-a879-4c7e-b9b2-425daadb9957,4,oc-,prefix,0815771c-a879-4c7e-b9b2-425daadb9957
8ed14034-0e85-41d8-83cc-ef5dcae2f0d3,49b7e4f4-54ff-4e6d-bd00-868f4dba0436,1,car,word,2d33e9fa-c949-42a2-882a-31c4e9f79491
e8aba5b5-4472-4042-aaa8-8b0a424f8c22,0815771c-a879-4c7e-b9b2-425daadb9957,1,ob-,prefix,b9a3b672-0067-42ec-a917-dc17338523a0
e8aba5b5-4472-4042-aaa8-8b0a424f8c22,0815771c-a879-4c7e-b9b2-425daadb9957,2,op-,prefix,07e6b6fd-3e6e-42be-9cfe-11dcadb01cd9
e8aba5b5-4472-4042-aaa8-8b0a424f8c22,0815771c-a879-4c7e-b9b2-425daadb9957,3,of-,prefix,366a998f-d20b-48c1-97c8-cf723bf4766e
e8aba5b5-4472-4042-aaa8-8b0a424f8c22,0815771c-a879-4c7e-b9b2-425daadb9957,4,oc-,prefix,0815771c-a879-4c7e-b9b2-425daadb9957
e8aba5b5-4472-4042-aaa8-8b0a424f8c22,49b7e4f4-54ff-4e6d-bd00-868f4dba0436,1,car,word,2d33e9fa-c949-42a2-882a-31c4e9f79491
b5bc33c4-2e53-4671-826b-bcf9463dce4d,e9081b64-24c5-45e6-ab9e-64161a4b9d55,1,in,word,84b42a02-b972-4109-ac42-7d04746f07c8
b5bc33c4-2e53-4671-826b-bcf9463dce4d,e2886367-ddff-431b-895d-7f71b5981411,1,care,word,69493fae-4e11-41e4-a525-c15f83022370
e154fada-ea2e-4eb5-8a33-3b55576f991b,59011590-c7ce-446a-bdff-06ab88384fec,1,is,word,01153fb1-72e5-475f-b7ac-fd2ece01e98e
e154fada-ea2e-4eb5-8a33-3b55576f991b,59011590-c7ce-446a-bdff-06ab88384fec,2,in,word,84b42a02-b972-4109-ac42-7d04746f07c8
e154fada-ea2e-4eb5-8a33-3b55576f991b,d42d211c-392f-49a0-b3b1-687347897da5,1,pro-,prefix,40e680cb-32e4-4cff-bb9c-b17989a9fa1a
3f4fea77-5ecf-41d4-97af-a436d0867874,59011590-c7ce-446a-bdff-06ab88384fec,1,is,word,01153fb1-72e5-475f-b7ac-fd2ece01e98e
3f4fea77-5ecf-41d4-97af-a436d0867874,59011590-c7ce-446a-bdff-06ab88384fec,2,in,word,84b42a02-b972-4109-ac42-7d04746f07c8
3f4fea77-5ecf-41d4-97af-a436d0867874,d42d211c-392f-49a0-b3b1-687347897da5,1,pro-,prefix,40e680cb-32e4-4cff-bb9c-b17989a9fa1a
83ed320a-ee7f-4380-b102-c83a99059222,e9081b64-24c5-45e6-ab9e-64161a4b9d55,1,in,word,84b42a02-b972-4109-ac42-7d04746f07c8
83ed320a-ee7f-4380-b102-c83a99059222,8dcb8216-8a21-47c5-8943-d478ae1b364f,1,in,word,84b42a02-b972-4109-ac42-7d04746f07c8
38588b63-0de3-46e3-9db4-d5a465c598b1,8dcb8216-8a21-47c5-8943-d478ae1b364f,1,in,word,84b42a02-b972-4109-ac42-7d04746f07c8
01dda992-e644-426e-8207-3375b45fa59f,e9081b64-24c5-45e6-ab9e-64161a4b9d55,1,in,word,84b42a02-b972-4109-ac42-7d04746f07c8
61d2db5d-a430-4d6e-89e2-e4eb2a727a79,4f01db75-1fcf-41a0-b8cb-e9d0cdda7d9d,1,let,word,524f3f07-5c8a-4cdf-ac82-2ea1d7e78a01
db09e74d-b7bc-43eb-9ab7-c0990a93654e,4f01db75-1fcf-41a0-b8cb-e9d0cdda7d9d,1,let,word,524f3f07-5c8a-4cdf-ac82-2ea1d7e78a01
1e92a12c-2f06-41e5-bf46-8a228277fd5f,4f01db75-1fcf-41a0-b8cb-e9d0cdda7d9d,1,let,word,524f3f07-5c8a-4cdf-ac82-2ea1d7e78a01
a1f1a719-6c58-4ae5-ac27-9c6dceee1d01,4f01db75-1fcf-41a0-b8cb-e9d0cdda7d9d,1,let,word,524f3f07-5c8a-4cdf-ac82-2ea1d7e78a01
318e2833-58b6-45e0-9bcc-2eac9bee6154,e63cdbbb-8bfb-442b-b49a-bd01c7f68aff,1,at,word,9c2f1b32-39ad-4c43-8c8d-ae84d4272e3b
318e2833-58b6-45e0-9bcc-2eac9bee6154,8d09ac5a-efca-4eca-9d36-a0b623892bf0,1,in,word,84b42a02-b972-4109-ac42-7d04746f07c8
3b2e5b5d-6c40-4988-9c1c-8181642fd41f,e63cdbbb-8bfb-442b-b49a-bd01c7f68aff,1,at,word,9c2f1b32-39ad-4c43-8c8d-ae84d4272e3b
3b2e5b5d-6c40-4988-9c1c-8181642fd41f,8d09ac5a-efca-4eca-9d36-a0b623892bf0,1,in,word,84b42a02-b972-4109-ac42-7d04746f07c8
f3d1153a-c310-4db0-bff5-ec2df6bec028,907b89ca-d786-43a8-8132-fbd6d1d7a3ad,1,pen,word,a78fd673-7cbb-42b2-b05c-653517f4925d
f2324626-2c02-429d-9f27-3bd1f06070e9,df9680aa-6e82-44b9-8951-41ec916473cd,1,pen,word,a78fd673-7cbb-42b2-b05c-653517f4925d
f2324626-2c02-429d-9f27-3bd1f06070e9,df9680aa-6e82-44b9-8951-41ec916473cd,2,pend,root,907b89ca-d786-43a8-8132-fbd6d1d7a3ad
c8bc88ce-9066-4c4e-a1e1-b0c65ef48fff,e9081b64-24c5-45e6-ab9e-64161a4b9d55,1,in,word,84b42a02-b972-4109-ac42-7d04746f07c8
c8bc88ce-9066-4c4e-a1e1-b0c65ef48fff,d1d6cf9f-3583-48a2-8905-b82caa3a3489,1,lie,word,a89fce0d-8493-4cf5-8fa1-fe5ff19c541e
11b80079-6693-4813-a2bc-46c43fee214a,e9081b64-24c5-45e6-ab9e-64161a4b9d55,1,in,word,84b42a02-b972-4109-ac42-7d04746f07c8
11b80079-6693-4813-a2bc-46c43fee214a,d1d6cf9f-3583-48a2-8905-b82caa3a3489,1,lie,word,a89fce0d-8493-4cf5-8fa1-fe5ff19c541e
00839c18-5d94-454c-9224-2d4328c7c3ac,e9081b64-24c5-45e6-ab9e-64161a4b9d55,1,in,word,84b42a02-b972-4109-ac42-7d04746f07c8
00839c18-5d94-454c-9224-2d4328c7c3ac,d1d6cf9f-3583-48a2-8905-b82caa3a3489,1,lie,word,a89fce0d-8493-4cf5-8fa1-fe5ff19c541e
9434232e-dca4-45a0-af7e-b201bfd101d4,f0339224-409f-4642-959e-a5911d9e1a76,1,pass,word,56d684a4-53dd-4d2f-a4aa-e62dc06fbda6
9434232e-dca4-45a0-af7e-b201bfd101d4,f0339224-409f-4642-959e-a5911d9e1a76,2,-th,suffix,3afce86b-90e0-43dd-9ffa-9f7bd9f24ce8
dbc31493-3540-4bae-955d-4cfe90503350,f0339224-409f-4642-959e-a5911d9e1a76,1,pass,word,56d684a4-53dd-4d2f-a4aa-e62dc06fbda6
dbc31493-3540-4bae-955d-4cfe90503350,f0339224-409f-4642-959e-a5911d9e1a76,2,-th,suffix,3afce86b-90e0-43dd-9ffa-9f7bd9f24ce8
6b38820d-d8a7-49e5-8e26-26cc445e5008,9e934fc6-0631-401f-adc9-ef4800a5d22c,1,in,word,84b42a02-b972-4109-ac42-7d04746f07c8
5bf50d72-a116-4ede-b147-e6b3d2a320dd,9e934fc6-0631-401f-adc9-ef4800a5d22c,1,in,word,84b42a02-b972-4109-ac42-7d04746f07c8
c2f7b145-5659-487c-9686-2c7124a6c1c4,151d793d-8166-40fd-8511-33df163c4972,1,ten,word,cab687e2-c2f4-4b26-8968-af39a77d3d4e
e80d63ab-5a8e-4ee7-930b-a3127dcddab8,c3f0ddca-9079-47ed-8b3d-89625e265cda,1,re-,prefix,25c9c982-54cc-42c6-8d13-31b6232755b7
3ce4f363-5a92-484d-b3a3-ebbb45154b86,00769deb-290a-422a-b10f-8a664ae4c22e,1,stop,word,16520410-c9b1-4861-bb9f-ef49317990bf
871c1eb9-e534-40d7-8770-6913582010d9,2a9e457c-6a78-4c97-928f-1ad8d0089642,1,-er,suffix,22a3b447-d3cf-4d74-8e34-fadb7d2b0375
f6943e48-e505-4642-a82d-a67f0ac3e59d,2a9e457c-6a78-4c97-928f-1ad8d0089642,1,-er,suffix,22a3b447-d3cf-4d74-8e34-fadb7d2b0375
e8f0a532-b6ce-4f2e-b657-924dc034081d,4d22bb9d-4552-43b5-9fb3-6e5f6080ae8e,1,at,word,9c2f1b32-39ad-4c43-8c8d-ae84d4272e3b
e8f0a532-b6ce-4f2e-b657-924dc034081d,4d22bb9d-4552-43b5-9fb3-6e5f6080ae8e,2,a-,prefix,eb2dab21-d31e-4dbd-bb90-255c046203a6
e8f0a532-b6ce-4f2e-b657-924dc034081d,4d22bb9d-4552-43b5-9fb3-6e5f6080ae8e,3,al-,prefix,4d22bb9d-4552-43b5-9fb3-6e5f6080ae8e
e8f0a532-b6ce-4f2e-b657-924dc034081d,4d22bb9d-4552-43b5-9fb3-6e5f6080ae8e,4,ab-,prefix,1e4ea41c-ee64-4bce-aed5-5ba7b9bcccff
e8f0a532-b6ce-4f2e-b657-924dc034081d,4d22bb9d-4552-43b5-9fb3-6e5f6080ae8e,5,ac-,prefix,313fe2aa-9acf-4e44-b215-3d94eac8de99
e8f0a532-b6ce-4f2e-b657-924dc034081d,4d22bb9d-4552-43b5-9fb3-6e5f6080ae8e,6,ad-,prefix,01e572b5-9046-4ae6-82df-91bb22b151d2
e8f0a532-b6ce-4f2e-b657-924dc034081d,4d22bb9d-4552-43b5-9fb3-6e5f6080ae8e,7,ap-,prefix,3015fc76-f4ec-4a6a-bc69-218e873a44f1
e8f0a532-b6ce-4f2e-b657-924dc034081d,4d22bb9d-4552-43b5-9fb3-6e5f6080ae8e,8,as-,prefix,eb377bec-24c3-4c39-84d6-2c688a20059a
e8f0a532-b6ce-4f2e-b657-924dc034081d,4d22bb9d-4552-43b5-9fb3-6e5f6080ae8e,9,at-,prefix,e63cdbbb-8bfb-442b-b49a-bd01c7f68aff
e8f0a532-b6ce-4f2e-b657-924dc034081d,4f01db75-1fcf-41a0-b8cb-e9d0cdda7d9d,1,let,word,524f3f07-5c8a-4cdf-ac82-2ea1d7e78a01
9705f513-ef52-4ccd-bb0d-f959b524c719,4d22bb9d-4552-43b5-9fb3-6e5f6080ae8e,1,at,word,9c2f1b32-39ad-4c43-8c8d-ae84d4272e3b
9705f513-ef52-4ccd-bb0d-f959b524c719,4d22bb9d-4552-43b5-9fb3-6e5f6080ae8e,2,a-,prefix,eb2dab21-d31e-4dbd-bb90-255c046203a6
9705f513-ef52-4ccd-bb0d-f959b524c719,4d22bb9d-4552-43b5-9fb3-6e5f6080ae8e,3,al-,prefix,4d22bb9d-4552-43b5-9fb3-6e5f6080ae8e
9705f513-ef52-4ccd-bb0d-f959b524c719,4d22bb9d-4552-43b5-9fb3-6e5f6080ae8e,4,ab-,prefix,1e4ea41c-ee64-4bce-aed5-5ba7b9bcccff
9705f513-ef52-4ccd-bb0d-f959b524c719,4d22bb9d-4552-43b5-9fb3-6e5f6080ae8e,5,ac-,prefix,313fe2aa-9acf-4e44-b215-3d94eac8de99
9705f513-ef52-4ccd-bb0d-f959b524c719,4d22bb9d-4552-43b5-9fb3-6e5f6080ae8e,6,ad-,prefix,01e572b5-9046-4ae6-82df-91bb22b151d2
9705f513-ef52-4ccd-bb0d-f959b524c719,4d22bb9d-4552-43b5-9fb3-6e5f6080ae8e,7,ap-,prefix,3015fc76-f4ec-4a6a-bc69-218e873a44f1
9705f513-ef52-4ccd-bb0d-f959b524c719,4d22bb9d-4552-43b5-9fb3-6e5f6080ae8e,8,as-,prefix,eb377bec-24c3-4c39-84d6-2c688a20059a
9705f513-ef52-4ccd-bb0d-f959b524c719,4d22bb9d-4552-43b5-9fb3-6e5f6080ae8e,9,at-,prefix,e63cdbbb-8bfb-442b-b49a-bd01c7f68aff
9705f513-ef52-4ccd-bb0d-f959b524c719,4f01db75-1fcf-41a0-b8cb-e9d0cdda7d9d,1,let,word,524f3f07-5c8a-4cdf-ac82-2ea1d7e78a01
6cd2277f-9405-4209-a29b-0777a73a6e7e,4d22bb9d-4552-43b5-9fb3-6e5f6080ae8e,1,at,word,9c2f1b32-39ad-4c43-8c8d-ae84d4272e3b
6cd2277f-9405-4209-a29b-0777a73a6e7e,4d22bb9d-4552-43b5-9fb3-6e5f6080ae8e,2,a-,prefix,eb2dab21-d31e-4dbd-bb90-255c046203a6
6cd2277f-9405-4209-a29b-0777a73a6e7e,4d22bb9d-4552-43b5-9fb3-6e5f6080ae8e,3,al-,prefix,4d22bb9d-4552-43b5-9fb3-6e5f6080ae8e
6cd2277f-9405-4209-a29b-0777a73a6e7e,4d22bb9d-4552-43b5-9fb3-6e5f6080ae8e,4,ab-,prefix,1e4ea41c-ee64-4bce-aed5-5ba7b9bcccff
6cd2277f-9405-4209-a29b-0777a73a6e7e,4d22bb9d-4552-43b5-9fb3-6e5f6080ae8e,5,ac-,prefix,313fe2aa-9acf-4e44-b215-3d94eac8de99
6cd2277f-9405-4209-a29b-0777a73a6e7e,4d22bb9d-4552-43b5-9fb3-6e5f6080ae8e,6,ad-,prefix,01e572b5-9046-4ae6-82df-91bb22b151d2
6cd2277f-9405-4209-a29b-0777a73a6e7e,4d22bb9d-4552-43b5-9fb3-6e5f6080ae8e,7,ap-,prefix,3015fc76-f4ec-4a6a-bc69-218e873a44f1
6cd2277f-9405-4209-a29b-0777a73a6e7e,4d22bb9d-4552-43b5-9fb3-6e5f6080ae8e,8,as-,prefix,eb377bec-24c3-4c39-84d6-2c688a20059a
6cd2277f-9405-4209-a29b-0777a73a6e7e,4d22bb9d-4552-43b5-9fb3-6e5f6080ae8e,9,at-,prefix,e63cdbbb-8bfb-442b-b49a-bd01c7f68aff
6cd2277f-9405-4209-a29b-0777a73a6e7e,4f01db75-1fcf-41a0-b8cb-e9d0cdda7d9d,1,let,word,524f3f07-5c8a-4cdf-ac82-2ea1d7e78a01
052033a2-296f-43de-b9b4-70cd230479e3,4d22bb9d-4552-43b5-9fb3-6e5f6080ae8e,1,at,word,9c2f1b32-39ad-4c43-8c8d-ae84d4272e3b
052033a2-296f-43de-b9b4-70cd230479e3,4d22bb9d-4552-43b5-9fb3-6e5f6080ae8e,2,a-,prefix,eb2dab21-d31e-4dbd-bb90-255c046203a6
052033a2-296f-43de-b9b4-70cd230479e3,4d22bb9d-4552-43b5-9fb3-6e5f6080ae8e,3,al-,prefix,4d22bb9d-4552-43b5-9fb3-6e5f6080ae8e
052033a2-296f-43de-b9b4-70cd230479e3,4d22bb9d-4552-43b5-9fb3-6e5f6080ae8e,4,ab-,prefix,1e4ea41c-ee64-4bce-aed5-5ba7b9bcccff
052033a2-296f-43de-b9b4-70cd230479e3,4d22bb9d-4552-43b5-9fb3-6e5f6080ae8e,5,ac-,prefix,313fe2aa-9acf-4e44-b215-3d94eac8de99
052033a2-296f-43de-b9b4-70cd230479e3,4d22bb9d-4552-43b5-9fb3-6e5f6080ae8e,6,ad-,prefix,01e572b5-9046-4ae6-82df-91bb22b151d2
052033a2-296f-43de-b9b4-70cd230479e3,4d22bb9d-4552-43b5-9fb3-6e5f6080ae8e,7,ap-,prefix,3015fc76-f4ec-4a6a-bc69-218e873a44f1
052033a2-296f-43de-b9b4-70cd230479e3,4d22bb9d-4552-43b5-9fb3-6e5f6080ae8e,8,as-,prefix,eb377bec-24c3-4c39-84d6-2c688a20059a
052033a2-296f-43de-b9b4-70cd230479e3,4d22bb9d-4552-43b5-9fb3-6e5f6080ae8e,9,at-,prefix,e63cdbbb-8bfb-442b-b49a-bd01c7f68aff
052033a2-296f-43de-b9b4-70cd230479e3,4f01db75-1fcf-41a0-b8cb-e9d0cdda7d9d,1,let,word,524f3f07-5c8a-4cdf-ac82-2ea1d7e78a01
811df0de-f83d-4a80-8796-faa7c113a564,eb377bec-24c3-4c39-84d6-2c688a20059a,1,at,word,9c2f1b32-39ad-4c43-8c8d-ae84d4272e3b
811df0de-f83d-4a80-8796-faa7c113a564,eb377bec-24c3-4c39-84d6-2c688a20059a,2,a-,prefix,eb2dab21-d31e-4dbd-bb90-255c046203a6
811df0de-f83d-4a80-8796-faa7c113a564,eb377bec-24c3-4c39-84d6-2c688a20059a,3,ab-,prefix,1e4ea41c-ee64-4bce-aed5-5ba7b9bcccff
811df0de-f83d-4a80-8796-faa7c113a564,eb377bec-24c3-4c39-84d6-2c688a20059a,4,ac-,prefix,313fe2aa-9acf-4e44-b215-3d94eac8de99
811df0de-f83d-4a80-8796-faa7c113a564,eb377bec-24c3-4c39-84d6-2c688a20059a,5,ad-,prefix,01e572b5-9046-4ae6-82df-91bb22b151d2
811df0de-f83d-4a80-8796-faa7c113a564,eb377bec-24c3-4c39-84d6-2c688a20059a,6,ap-,prefix,3015fc76-f4ec-4a6a-bc69-218e873a44f1
811df0de-f83d-4a80-8796-faa7c113a564,eb377bec-24c3-4c39-84d6-2c688a20059a,7,as-,prefix,eb377bec-24c3-4c39-84d6-2c688a20059a
811df0de-f83d-4a80-8796-faa7c113a564,eb377bec-24c3-4c39-84d6-2c688a20059a,8,at-,prefix,e63cdbbb-8bfb-442b-b49a-bd01c7f68aff
61277772-5a22-490e-94b9-0ccc3a149fad,eb377bec-24c3-4c39-84d6-2c688a20059a,1,at,word,9c2f1b32-39ad-4c43-8c8d-ae84d4272e3b
61277772-5a22-490e-94b9-0ccc3a149fad,eb377bec-24c3-4c39-84d6-2c688a20059a,2,a-,prefix,eb2dab21-d31e-4dbd-bb90-255c046203a6
61277772-5a22-490e-94b9-0ccc3a149fad,eb377bec-24c3-4c39-84d6-2c688a20059a,3,ab-,prefix,1e4ea41c-ee64-4bce-aed5-5ba7b9bcccff
61277772-5a22-490e-94b9-0ccc3a149fad,eb377bec-24c3-4c39-84d6-2c688a20059a,4,ac-,prefix,313fe2aa-9acf-4e44-b215-3d94eac8de99
61277772-5a22-490e-94b9-0ccc3a149fad,eb377bec-24c3-4c39-84d6-2c688a20059a,5,ad-,prefix,01e572b5-9046-4ae6-82df-91bb22b151d2
61277772-5a22-490e-94b9-0ccc3a149fad,eb377bec-24c3-4c39-84d6-2c688a20059a,6,ap-,prefix,3015fc76-f4ec-4a6a-bc69-218e873a44f1
61277772-5a22-490e-94b9-0ccc3a149fad,eb377bec-24c3-4c39-84d6-2c688a20059a,7,as-,prefix,eb377bec-24c3-4c39-84d6-2c688a20059a
61277772-5a22-490e-94b9-0ccc3a149fad,eb377bec-24c3-4c39-84d6-2c688a20059a,8,at-,prefix,e63cdbbb-8bfb-442b-b49a-bd01c7f68aff
e161b065-0ed7-40af-b398-e8411e659e47,69945640-c581-4f93-a04b-7a3edc848762,1,our,word,72059c9c-698a-453b-b37b-e6c41fb530f2
e161b065-0ed7-40af-b398-e8411e659e47,69945640-c581-4f93-a04b-7a3edc848762,2,us,word,16e6aa6c-87eb-46f3-a4c6-76c4180c04eb
c9c4e14d-8521-40ec-b403-d7fee8bdceb1,313fe2aa-9acf-4e44-b215-3d94eac8de99,1,a-,prefix,eb2dab21-d31e-4dbd-bb90-255c046203a6
c9c4e14d-8521-40ec-b403-d7fee8bdceb1,313fe2aa-9acf-4e44-b215-3d94eac8de99,2,ab-,prefix,1e4ea41c-ee64-4bce-aed5-5ba7b9bcccff
c9c4e14d-8521-40ec-b403-d7fee8bdceb1,313fe2aa-9acf-4e44-b215-3d94eac8de99,3,ac-,prefix,313fe2aa-9acf-4e44-b215-3d94eac8de99
c9c4e14d-8521-40ec-b403-d7fee8bdceb1,313fe2aa-9acf-4e44-b215-3d94eac8de99,4,ad-,prefix,01e572b5-9046-4ae6-82df-91bb22b151d2
c9c4e14d-8521-40ec-b403-d7fee8bdceb1,313fe2aa-9acf-4e44-b215-3d94eac8de99,5,ap-,prefix,3015fc76-f4ec-4a6a-bc69-218e873a44f1
c9c4e14d-8521-40ec-b403-d7fee8bdceb1,313fe2aa-9acf-4e44-b215-3d94eac8de99,6,as-,prefix,eb377bec-24c3-4c39-84d6-2c688a20059a
c9c4e14d-8521-40ec-b403-d7fee8bdceb1,313fe2aa-9acf-4e44-b215-3d94eac8de99,7,at-,prefix,e63cdbbb-8bfb-442b-b49a-bd01c7f68aff
dcf7b0fe-d6ce-44e8-8a00-b0447c2c35e9,313fe2aa-9acf-4e44-b215-3d94eac8de99,1,a-,prefix,eb2dab21-d31e-4dbd-bb90-255c046203a6
dcf7b0fe-d6ce-44e8-8a00-b0447c2c35e9,313fe2aa-9acf-4e44-b215-3d94eac8de99,2,ab-,prefix,1e4ea41c-ee64-4bce-aed5-5ba7b9bcccff
dcf7b0fe-d6ce-44e8-8a00-b0447c2c35e9,313fe2aa-9acf-4e44-b215-3d94eac8de99,3,ac-,prefix,313fe2aa-9acf-4e44-b215-3d94eac8de99
dcf7b0fe-d6ce-44e8-8a00-b0447c2c35e9,313fe2aa-9acf-4e44-b215-3d94eac8de99,4,ad-,prefix,01e572b5-9046-4ae6-82df-91bb22b151d2
dcf7b0fe-d6ce-44e8-8a00-b0447c2c35e9,313fe2aa-9acf-4e44-b215-3d94eac8de99,5,ap-,prefix,3015fc76-f4ec-4a6a-bc69-218e873a44f1
dcf7b0fe-d6ce-44e8-8a00-b0447c2c35e9,313fe2aa-9acf-4e44-b215-3d94eac8de99,6,as-,prefix,eb377bec-24c3-4c39-84d6-2c688a20059a
dcf7b0fe-d6ce-44e8-8a00-b0447c2c35e9,313fe2aa-9acf-4e44-b215-3d94eac8de99,7,at-,prefix,e63cdbbb-8bfb-442b-b49a-bd01c7f68aff
9a3b44f0-fcde-4c28-b99e-330dbd42474f,da7ad7d4-ce3d-4a90-bdfb-437f02b11666,1,way,word,30b4d743-0169-4879-96e9-9482e229c6a3
7873830d-f7bd-4990-b134-4cad2205f55a,da7ad7d4-ce3d-4a90-bdfb-437f02b11666,1,way,word,30b4d743-0169-4879-96e9-9482e229c6a3
279f65e0-d832-4d8b-ba8b-1f6fa0141d47,2ec342b0-e4bc-419d-ae67-390149ddbd21,1,over,word,5bbd5dbe-032d-4060-936c-4088d18dce41
9005d805-e7c7-4cee-92b3-840f01f20bdf,f3043748-2a8e-416f-87b5-bff450e022d9,1,at,word,9c2f1b32-39ad-4c43-8c8d-ae84d4272e3b
2b17ac60-4713-4dd1-b9e3-be5e56861555,f3043748-2a8e-416f-87b5-bff450e022d9,1,at,word,9c2f1b32-39ad-4c43-8c8d-ae84d4272e3b
f0770246-79ae-45a5-a852-c205fd5c468c,f3043748-2a8e-416f-87b5-bff450e022d9,1,at,word,9c2f1b32-39ad-4c43-8c8d-ae84d4272e3b
ef2bc343-fb22-4a1a-95b5-6920975e0944,f3043748-2a8e-416f-87b5-bff450e022d9,1,at,word,9c2f1b32-39ad-4c43-8c8d-ae84d4272e3b
14b2cf64-540e-48da-883e-550cc3253c36,e9081b64-24c5-45e6-ab9e-64161a4b9d55,1,in,word,84b42a02-b972-4109-ac42-7d04746f07c8
aca021f1-53ac-4608-8e1c-7525d1c1bdea,4d22bb9d-4552-43b5-9fb3-6e5f6080ae8e,1,at,word,9c2f1b32-39ad-4c43-8c8d-ae84d4272e3b
aca021f1-53ac-4608-8e1c-7525d1c1bdea,4d22bb9d-4552-43b5-9fb3-6e5f6080ae8e,2,a-,prefix,eb2dab21-d31e-4dbd-bb90-255c046203a6
aca021f1-53ac-4608-8e1c-7525d1c1bdea,4d22bb9d-4552-43b5-9fb3-6e5f6080ae8e,3,al-,prefix,4d22bb9d-4552-43b5-9fb3-6e5f6080ae8e
aca021f1-53ac-4608-8e1c-7525d1c1bdea,4d22bb9d-4552-43b5-9fb3-6e5f6080ae8e,4,ab-,prefix,1e4ea41c-ee64-4bce-aed5-5ba7b9bcccff
aca021f1-53ac-4608-8e1c-7525d1c1bdea,4d22bb9d-4552-43b5-9fb3-6e5f6080ae8e,5,ac-,prefix,313fe2aa-9acf-4e44-b215-3d94eac8de99
aca021f1-53ac-4608-8e1c-7525d1c1bdea,4d22bb9d-4552-43b5-9fb3-6e5f6080ae8e,6,ad-,prefix,01e572b5-9046-4ae6-82df-91bb22b151d2
aca021f1-53ac-4608-8e1c-7525d1c1bdea,4d22bb9d-4552-43b5-9fb3-6e5f6080ae8e,7,ap-,prefix,3015fc76-f4ec-4a6a-bc69-218e873a44f1
aca021f1-53ac-4608-8e1c-7525d1c1bdea,4d22bb9d-4552-43b5-9fb3-6e5f6080ae8e,8,as-,prefix,eb377bec-24c3-4c39-84d6-2c688a20059a
aca021f1-53ac-4608-8e1c-7525d1c1bdea,4d22bb9d-4552-43b5-9fb3-6e5f6080ae8e,9,at-,prefix,e63cdbbb-8bfb-442b-b49a-bd01c7f68aff
a2c9be2e-88b5-4f14-a17d-f0c5dfc9ddae,4d22bb9d-4552-43b5-9fb3-6e5f6080ae8e,1,at,word,9c2f1b32-39ad-4c43-8c8d-ae84d4272e3b
a2c9be2e-88b5-4f14-a17d-f0c5dfc9ddae,4d22bb9d-4552-43b5-9fb3-6e5f6080ae8e,2,a-,prefix,eb2dab21-d31e-4dbd-bb90-255c046203a6
a2c9be2e-88b5-4f14-a17d-f0c5dfc9ddae,4d22bb9d-4552-43b5-9fb3-6e5f6080ae8e,3,al-,prefix,4d22bb9d-4552-43b5-9fb3-6e5f6080ae8e
a2c9be2e-88b5-4f14-a17d-f0c5dfc9ddae,4d22bb9d-4552-43b5-9fb3-6e5f6080ae8e,4,ab-,prefix,1e4ea41c-ee64-4bce-aed5-5ba7b9bcccff
a2c9be2e-88b5-4f14-a17d-f0c5dfc9ddae,4d22bb9d-4552-43b5-9fb3-6e5f6080ae8e,5,ac-,prefix,313fe2aa-9acf-4e44-b215-3d94eac8de99
a2c9be2e-88b5-4f14-a17d-f0c5dfc9ddae,4d22bb9d-4552-43b5-9fb3-6e5f6080ae8e,6,ad-,prefix,01e572b5-9046-4ae6-82df-91bb22b151d2
a2c9be2e-88b5-4f14-a17d-f0c5dfc9ddae,4d22bb9d-4552-43b5-9fb3-6e5f6080ae8e,7,ap-,prefix,3015fc76-f4ec-4a6a-bc69-218e873a44f1
a2c9be2e-88b5-4f14-a17d-f0c5dfc9ddae,4d22bb9d-4552-43b5-9fb3-6e5f6080ae8e,8,as-,prefix,eb377bec-24c3-4c39-84d6-2c688a20059a
a2c9be2e-88b5-4f14-a17d-f0c5dfc9ddae,4d22bb9d-4552-43b5-9fb3-6e5f6080ae8e,9,at-,prefix,e63cdbbb-8bfb-442b-b49a-bd01c7f68aff
02c05eb7-9af2-4cbc-aeec-7c77887e46ec,eb2dab21-d31e-4dbd-bb90-255c046203a6,1,on,word,3090e71f-ead1-49e6-8ef2-520fb888aaf2
93145714-9e4f-4fc3-bcd5-78f6e5a9030a,eb2dab21-d31e-4dbd-bb90-255c046203a6,1,on,word,3090e71f-ead1-49e6-8ef2-520fb888aaf2
92fe6e15-e2ee-4a58-84e6-a377fd64187b,f3746137-11e3-41f6-b1c7-47ac6377021d,1,arise,word,6e99081f-3240-4cde-add1-30aa0a31ce53
92fe6e15-e2ee-4a58-84e6-a377fd64187b,f3746137-11e3-41f6-b1c7-47ac6377021d,2,to,word,b95ef1b5-74f6-49d7-87a2-e6a43dcc5ff9
61259f32-bec3-4fde-95b3-ab5b27467756,f3746137-11e3-41f6-b1c7-47ac6377021d,1,arise,word,6e99081f-3240-4cde-add1-30aa0a31ce53
61259f32-bec3-4fde-95b3-ab5b27467756,f3746137-11e3-41f6-b1c7-47ac6377021d,2,to,word,b95ef1b5-74f6-49d7-87a2-e6a43dcc5ff9
da2d200e-ce97-44ba-b0aa-942d4d684cca,f3746137-11e3-41f6-b1c7-47ac6377021d,1,arise,word,6e99081f-3240-4cde-add1-30aa0a31ce53
da2d200e-ce97-44ba-b0aa-942d4d684cca,f3746137-11e3-41f6-b1c7-47ac6377021d,2,to,word,b95ef1b5-74f6-49d7-87a2-e6a43dcc5ff9
562c6e4c-cc05-4aef-aefd-53215d971215,eb377bec-24c3-4c39-84d6-2c688a20059a,1,at,word,9c2f1b32-39ad-4c43-8c8d-ae84d4272e3b
562c6e4c-cc05-4aef-aefd-53215d971215,eb377bec-24c3-4c39-84d6-2c688a20059a,2,a-,prefix,eb2dab21-d31e-4dbd-bb90-255c046203a6
562c6e4c-cc05-4aef-aefd-53215d971215,eb377bec-24c3-4c39-84d6-2c688a20059a,3,ab-,prefix,1e4ea41c-ee64-4bce-aed5-5ba7b9bcccff
562c6e4c-cc05-4aef-aefd-53215d971215,eb377bec-24c3-4c39-84d6-2c688a20059a,4,ac-,prefix,313fe2aa-9acf-4e44-b215-3d94eac8de99
562c6e4c-cc05-4aef-aefd-53215d971215,eb377bec-24c3-4c39-84d6-2c688a20059a,5,ad-,prefix,01e572b5-9046-4ae6-82df-91bb22b151d2
562c6e4c-cc05-4aef-aefd-53215d971215,eb377bec-24c3-4c39-84d6-2c688a20059a,6,ap-,prefix,3015fc76-f4ec-4a6a-bc69-218e873a44f1
562c6e4c-cc05-4aef-aefd-53215d971215,eb377bec-24c3-4c39-84d6-2c688a20059a,7,as-,prefix,eb377bec-24c3-4c39-84d6-2c688a20059a
562c6e4c-cc05-4aef-aefd-53215d971215,eb377bec-24c3-4c39-84d6-2c688a20059a,8,at-,prefix,e63cdbbb-8bfb-442b-b49a-bd01c7f68aff
b2a32f7a-4e23-4315-a14c-cd5addd6b267,4d33a813-0ef8-4977-817f-6b8ae384ace0,1,re-,prefix,25c9c982-54cc-42c6-8d13-31b6232755b7
b828b40d-92cb-4adb-82c7-5e3bd1428328,eb2dab21-d31e-4dbd-bb90-255c046203a6,1,on,word,3090e71f-ead1-49e6-8ef2-520fb888aaf2
f67c28a4-fa3f-4f54-8718-46fdf3416a18,be20764c-357c-46b1-88ca-662009916ac5,1,apple,word,dadf82a9-eaef-4571-a631-2ca61fa75bf7
e863a06e-69e7-42fb-a90c-60ae726d4c5a,be20764c-357c-46b1-88ca-662009916ac5,1,apple,word,dadf82a9-eaef-4571-a631-2ca61fa75bf7
ae3eebb5-5872-4c46-9237-2d9f347fc824,be20764c-357c-46b1-88ca-662009916ac5,1,apple,word,dadf82a9-eaef-4571-a631-2ca61fa75bf7
0ecca063-08b0-46ce-b8ad-2b8968b8b816,43eabf05-8b6e-4ce7-a693-beb34eaed09d,1,eat,word,dad251fe-fa3a-420a-9a47-02bb73c9083d
e9555d9e-768a-4e1f-a69b-7d8e9c19a559,49b7e4f4-54ff-4e6d-bd00-868f4dba0436,1,car,word,2d33e9fa-c949-42a2-882a-31c4e9f79491
9b2064c8-3ef6-4bf9-8519-61819e288ab6,49b7e4f4-54ff-4e6d-bd00-868f4dba0436,1,car,word,2d33e9fa-c949-42a2-882a-31c4e9f79491
d5baf62c-1b0f-4b76-88d2-cde3c2ce328a,49b7e4f4-54ff-4e6d-bd00-868f4dba0436,1,car,word,2d33e9fa-c949-42a2-882a-31c4e9f79491
36ea6ee6-1d82-4f5e-a28b-e8719a5fec58,e9081b64-24c5-45e6-ab9e-64161a4b9d55,1,in,word,84b42a02-b972-4109-ac42-7d04746f07c8
984a1daf-1363-42ea-b25a-a5957de5694b,e9081b64-24c5-45e6-ab9e-64161a4b9d55,1,in,word,84b42a02-b972-4109-ac42-7d04746f07c8
16dcd12e-9ceb-4d33-85a2-b9ed9e5bd777,eabfcb69-f5cb-4776-9fe5-50322c63ee01,1,come,word,bed2da61-da50-4e6e-ad60-0caa543d62a8
16dcd12e-9ceb-4d33-85a2-b9ed9e5bd777,e9081b64-24c5-45e6-ab9e-64161a4b9d55,1,in,word,84b42a02-b972-4109-ac42-7d04746f07c8
4a715e0f-4d7b-458d-81a1-6375e23ebabe,c51a8e11-69c9-4469-b362-65f433a0d955,1,come,word,bed2da61-da50-4e6e-ad60-0caa543d62a8
4a715e0f-4d7b-458d-81a1-6375e23ebabe,6cecbab1-06a0-4e87-863c-6740fd358a79,1,act,word,f6c6ec73-4848-4690-a4b6-c7be1e84aa13
55f3199b-3413-444c-a937-5c34e9afcb75,a9315268-e41b-41b1-ad0e-1e06a8d25808,1,know,word,c719a600-5928-4bf7-bdf6-fde64f9b3177
31d60fdf-85fc-4bf9-8374-dc067b0ca512,8845d935-09a5-45da-97b8-4dd591bfe148,1,out,word,2d8448d3-514e-49e3-97f9-290a5c552d4a
15668674-e18e-455e-b434-a79b10ab73f6,98e6651d-8b5e-462a-adb2-dc5da6edb65c,1,come,word,bed2da61-da50-4e6e-ad60-0caa543d62a8
359478f8-a64b-4bf3-9975-c5267981c11a,98e6651d-8b5e-462a-adb2-dc5da6edb65c,1,come,word,bed2da61-da50-4e6e-ad60-0caa543d62a8
1b478a51-0515-4548-a26e-8f361add362d,98e6651d-8b5e-462a-adb2-dc5da6edb65c,1,come,word,bed2da61-da50-4e6e-ad60-0caa543d62a8
948ac737-23d9-4190-818d-aba2b80a4755,98e6651d-8b5e-462a-adb2-dc5da6edb65c,1,come,word,bed2da61-da50-4e6e-ad60-0caa543d62a8
8bb76873-5463-4d70-b859-d8979cec0e17,dfd013a4-97a0-442d-85b7-d8f6c7abc40e,1,can,word,1a7fd486-6f5a-4d29-a48e-f09d1ec280aa
a6cfb89d-b2fb-45ac-831e-ebf403bf022e,dfd013a4-97a0-442d-85b7-d8f6c7abc40e,1,can,word,1a7fd486-6f5a-4d29-a48e-f09d1ec280aa
d6e13b21-5b7e-4a6d-a67f-5e478998fa51,c51a8e11-69c9-4469-b362-65f433a0d955,1,come,word,bed2da61-da50-4e6e-ad60-0caa543d62a8
6cd819e4-917f-4e62-8097-6eea089b6888,c51a8e11-69c9-4469-b362-65f433a0d955,1,come,word,bed2da61-da50-4e6e-ad60-0caa543d62a8
cb6dd02a-2f03-4004-b3cd-ddcbdea43ddd,eabfcb69-f5cb-4776-9fe5-50322c63ee01,1,come,word,bed2da61-da50-4e6e-ad60-0caa543d62a8
b7203f9a-0458-4156-934f-78c6f2bca222,eabfcb69-f5cb-4776-9fe5-50322c63ee01,1,come,word,bed2da61-da50-4e6e-ad60-0caa543d62a8
411e1801-5cf6-4446-953c-c74eb97df161,eabfcb69-f5cb-4776-9fe5-50322c63ee01,1,come,word,bed2da61-da50-4e6e-ad60-0caa543d62a8
731b3f60-9173-4448-aae9-e767fe38c0b5,c51a8e11-69c9-4469-b362-65f433a0d955,1,come,word,bed2da61-da50-4e6e-ad60-0caa543d62a8
96e00b1b-87c9-4024-a85f-2ec0c1c5df54,b56c833f-5c15-4577-976f-3c25385bcd49,1,in,word,84b42a02-b972-4109-ac42-7d04746f07c8
329983df-86b3-41b7-aa51-223737d70f7c,c51a8e11-69c9-4469-b362-65f433a0d955,1,come,word,bed2da61-da50-4e6e-ad60-0caa543d62a8
a1414e4c-0381-477b-b44c-4a4a539db9fe,ae5522fc-65cf-47b7-9577-4e782649516d,1,in,word,84b42a02-b972-4109-ac42-7d04746f07c8
6dcf9139-4696-41d8-84d4-d6c5babe5d16,ae5522fc-65cf-47b7-9577-4e782649516d,1,in,word,84b42a02-b972-4109-ac42-7d04746f07c8
0e32e5a6-d203-4173-bd8a-a312a7e3ff8f,ae5522fc-65cf-47b7-9577-4e782649516d,1,in,word,84b42a02-b972-4109-ac42-7d04746f07c8
c5a2e314-2d46-4b7e-90a3-d14d9b62f08c,90f78681-4c28-4e1a-bf73-58ca74f8a854,1,but,word,1cffbd2d-f94f-4a4a-8f98-8937897f86be
8d45b925-a88b-4365-a9df-f9f98b3da957,de761270-a58d-4822-8a24-110b2521fb24,1,in,word,84b42a02-b972-4109-ac42-7d04746f07c8
10d52596-0bc9-42ee-8e75-2daf7a45d814,de761270-a58d-4822-8a24-110b2521fb24,1,in,word,84b42a02-b972-4109-ac42-7d04746f07c8
c764b71e-5a93-4093-a895-8e704bea3022,98e6651d-8b5e-462a-adb2-dc5da6edb65c,1,come,word,bed2da61-da50-4e6e-ad60-0caa543d62a8
730b85c4-fd5b-498d-ad74-c43ffd5d009b,044440d8-c09f-4811-a7e6-d356e180e458,1,-t,suffix,902260c2-0a41-46d9-8130-90955ee5437e
b68aea3f-078d-4b62-95ee-690917291aa0,044440d8-c09f-4811-a7e6-d356e180e458,1,-t,suffix,902260c2-0a41-46d9-8130-90955ee5437e
1767fe07-f513-4f7e-bae9-ce53724d5f74,49b7e4f4-54ff-4e6d-bd00-868f4dba0436,1,car,word,2d33e9fa-c949-42a2-882a-31c4e9f79491
b2625710-1a54-4fbe-89e9-3c3a4731769c,931de145-c003-4467-a432-bee52fd17b28,1,ex-,prefix,0e1e4834-1d6f-4546-8d73-edafa036bb02
e3d3e57f-b98c-4467-b3ea-e527cd8f128e,931de145-c003-4467-a432-bee52fd17b28,1,ex-,prefix,0e1e4834-1d6f-4546-8d73-edafa036bb02
937d1a5a-dca5-449e-98d6-0cbce2b89bf3,931de145-c003-4467-a432-bee52fd17b28,1,ex-,prefix,0e1e4834-1d6f-4546-8d73-edafa036bb02
b8091096-e0fd-4714-a7ca-f7a8446cc057,98e6651d-8b5e-462a-adb2-dc5da6edb65c,1,come,word,bed2da61-da50-4e6e-ad60-0caa543d62a8
52bc838e-af41-4b44-9834-263ca544647c,20d49c96-4f6a-40da-9d63-0e88727c611b,1,see,word,e7c93797-0833-40e6-b0db-eff1df71c656
673571c5-193a-4775-995c-e52a5b6850e0,1e678b63-e62a-45bc-ab75-195ff595ec45,1,ply,root,9e92b8fa-7667-4e96-be25-66ba91365deb
bee860b4-2140-4a5f-96c8-aee8d00663bd,1e678b63-e62a-45bc-ab75-195ff595ec45,1,ply,root,9e92b8fa-7667-4e96-be25-66ba91365deb
79568bf2-06f1-46b2-bca8-958eebe3be5c,a7ae5d43-a9e2-4c7e-b43f-018781bd3273,1,higher,word,801cc73a-41f5-4967-bc7a-f56b902c42b9
6b3f5d6a-ee75-4401-bd73-c68ede5f03a1,a7ae5d43-a9e2-4c7e-b43f-018781bd3273,1,higher,word,801cc73a-41f5-4967-bc7a-f56b902c42b9
f1ec67e3-6fe8-4de5-b67e-998c9d5cec8b,de761270-a58d-4822-8a24-110b2521fb24,1,in,word,84b42a02-b972-4109-ac42-7d04746f07c8
e0c43c8d-83e5-4257-a6ef-bfdfa181070f,de761270-a58d-4822-8a24-110b2521fb24,1,in,word,84b42a02-b972-4109-ac42-7d04746f07c8
5f0d442d-0428-40f6-beba-f35d59c6a4f5,de761270-a58d-4822-8a24-110b2521fb24,1,in,word,84b42a02-b972-4109-ac42-7d04746f07c8
16e08674-43b0-4f0f-8bd3-da2cd950b9b8,eabfcb69-f5cb-4776-9fe5-50322c63ee01,1,come,word,bed2da61-da50-4e6e-ad60-0caa543d62a8
b7299251-35b2-4f37-807c-f59852af4186,2fe3292c-d5ba-43a0-858f-3fc9ce5afeae,1,fac,root,466f5a5c-cb68-45f0-8516-71ae148bc3a9
98061b1e-5f76-461e-b196-59ebffc99ca7,8b9dbed4-f563-4d8b-a13c-95ec5c898a00,1,in,word,84b42a02-b972-4109-ac42-7d04746f07c8
ab5c7841-ab50-4667-a10b-6a2cbc3abf64,8b9dbed4-f563-4d8b-a13c-95ec5c898a00,1,in,word,84b42a02-b972-4109-ac42-7d04746f07c8
7eb8512f-9ce7-4c44-9250-e59f1b118e34,c51a8e11-69c9-4469-b362-65f433a0d955,1,come,word,bed2da61-da50-4e6e-ad60-0caa543d62a8
d87da2d8-d0cb-4362-a1c5-24bf38b067fd,c51a8e11-69c9-4469-b362-65f433a0d955,1,come,word,bed2da61-da50-4e6e-ad60-0caa543d62a8
d2a68966-949c-46fd-bdb6-af36c9590d06,277031a1-381b-4c27-8f37-66ec2d8d24e6,1,his,word,a1ebb099-b9c0-478c-a381-8f2d3eb6fd38
d2a68966-949c-46fd-bdb6-af36c9590d06,277031a1-381b-4c27-8f37-66ec2d8d24e6,2,story,word,9aa0345f-ca42-4b35-b778-ad46aad7559b
dfd38491-4b06-41c0-ab8a-d9314e603c91,277031a1-381b-4c27-8f37-66ec2d8d24e6,1,his,word,a1ebb099-b9c0-478c-a381-8f2d3eb6fd38
dfd38491-4b06-41c0-ab8a-d9314e603c91,277031a1-381b-4c27-8f37-66ec2d8d24e6,2,story,word,9aa0345f-ca42-4b35-b778-ad46aad7559b
163e18a4-7097-45c6-a491-4294591eabf7,277031a1-381b-4c27-8f37-66ec2d8d24e6,1,his,word,a1ebb099-b9c0-478c-a381-8f2d3eb6fd38
163e18a4-7097-45c6-a491-4294591eabf7,277031a1-381b-4c27-8f37-66ec2d8d24e6,2,story,word,9aa0345f-ca42-4b35-b778-ad46aad7559b
ed1013cd-ffc9-46ed-857b-674e82e9637b,b10efdca-eb66-454d-8cdc-3cbbe8bf956d,1,-er,suffix,22a3b447-d3cf-4d74-8e34-fadb7d2b0375
b5a36f71-ffb9-475d-83d2-73b8e3477e89,b10efdca-eb66-454d-8cdc-3cbbe8bf956d,1,-er,suffix,22a3b447-d3cf-4d74-8e34-fadb7d2b0375
5cd4d38d-d339-4ad8-bdc4-bc574b6241d6,c51a8e11-69c9-4469-b362-65f433a0d955,1,come,word,bed2da61-da50-4e6e-ad60-0caa543d62a8
361e14c0-6feb-4cff-a31f-f38226c9bf5a,c51a8e11-69c9-4469-b362-65f433a0d955,1,come,word,bed2da61-da50-4e6e-ad60-0caa543d62a8
6ea8d502-700f-439e-90e1-ed2dd00ebd08,e9081b64-24c5-45e6-ab9e-64161a4b9d55,1,in,word,84b42a02-b972-4109-ac42-7d04746f07c8
61354096-1f02-4e52-a466-1abfb504cdbb,81cfa20d-5212-4bea-acf4-8044a03bb9c7,1,magn,root,0c50be17-fce3-43d1-a8e0-3eb17fc95e83
61354096-1f02-4e52-a466-1abfb504cdbb,81cfa20d-5212-4bea-acf4-8044a03bb9c7,2,magnificent,word,868e1286-755a-47d8-98a7-b03bb1c2aeb3
e42870ed-dfc5-4042-887f-f3a1f137f9a4,81cfa20d-5212-4bea-acf4-8044a03bb9c7,1,magn,root,0c50be17-fce3-43d1-a8e0-3eb17fc95e83
e42870ed-dfc5-4042-887f-f3a1f137f9a4,81cfa20d-5212-4bea-acf4-8044a03bb9c7,2,magnificent,word,868e1286-755a-47d8-98a7-b03bb1c2aeb3
4e4c1a5b-c122-41c1-a937-66200b34a1ef,de761270-a58d-4822-8a24-110b2521fb24,1,in,word,84b42a02-b972-4109-ac42-7d04746f07c8
ef4bf819-bd13-4487-bf15-7e678682624a,d696314c-ce6b-4314-af4f-a4984645e31f,1,-er,suffix,22a3b447-d3cf-4d74-8e34-fadb7d2b0375
fb087dcf-56a6-43a2-8434-3209470dc593,92821a39-ec41-44f4-843c-3c5f16bfca62,1,man,word,4b5ad6eb-4874-49e1-88ba-adc244daec95
3f37e0d1-4f3d-4d4c-9c1d-2f57bb512f6b,2b8d2d75-6c40-4d7d-9622-386e41610e35,1,man,word,4b5ad6eb-4874-49e1-88ba-adc244daec95
de1b4d95-c7ea-4a67-9966-c0d422ee2b94,70aad479-45b9-48e3-99cf-9a1ebfa3b22f,1,re-,prefix,25c9c982-54cc-42c6-8d13-31b6232755b7
dc1f9549-e6d6-4038-be97-9a087a81b5eb,2b8d2d75-6c40-4d7d-9622-386e41610e35,1,man,word,4b5ad6eb-4874-49e1-88ba-adc244daec95
dc1f9549-e6d6-4038-be97-9a087a81b5eb,70aad479-45b9-48e3-99cf-9a1ebfa3b22f,1,re-,prefix,25c9c982-54cc-42c6-8d13-31b6232755b7
fbb25a0e-254a-4587-8890-ebd0475418db,010a9787-fb42-4ab5-bf4e-f4170cfe8bae,1,as,word,a7a8635e-5db0-471f-a519-91896425616e
37c77207-5b1f-4d5d-81b8-f757d990daec,010a9787-fb42-4ab5-bf4e-f4170cfe8bae,1,as,word,a7a8635e-5db0-471f-a519-91896425616e
46a946c5-e114-4b16-9390-957ddf4253ad,ea404a62-bc91-48a9-96ec-981aa2a018dc,1,mini,word,e5149dd5-3c37-4c31-b9bb-a576cc6bbafa
46a946c5-e114-4b16-9390-957ddf4253ad,ea404a62-bc91-48a9-96ec-981aa2a018dc,2,in,word,84b42a02-b972-4109-ac42-7d04746f07c8
860c37f5-92e6-4c1f-a6fa-f3765cdb61f2,c51a8e11-69c9-4469-b362-65f433a0d955,1,come,word,bed2da61-da50-4e6e-ad60-0caa543d62a8
860c37f5-92e6-4c1f-a6fa-f3765cdb61f2,1e678b63-e62a-45bc-ab75-195ff595ec45,1,ply,root,9e92b8fa-7667-4e96-be25-66ba91365deb
e8a18158-8cad-4339-bc73-0bd06cb69f9b,c30d81c8-735d-41af-a70d-1f760da647e3,1,it,word,b53c2e40-e251-43a1-90b3-1d0a5f9f9dff
c2396401-0ebd-4d43-a117-8b317dbb4855,b10efdca-eb66-454d-8cdc-3cbbe8bf956d,1,-er,suffix,22a3b447-d3cf-4d74-8e34-fadb7d2b0375
f267417d-1c30-4551-a7d2-29b123ac2019,b10efdca-eb66-454d-8cdc-3cbbe8bf956d,1,-er,suffix,22a3b447-d3cf-4d74-8e34-fadb7d2b0375
2cef2b43-ed76-4869-8662-4a841b75fbc1,b10efdca-eb66-454d-8cdc-3cbbe8bf956d,1,-er,suffix,22a3b447-d3cf-4d74-8e34-fadb7d2b0375
ae2acad2-0b06-4530-9756-d203598eb1bf,1938f6ec-3264-49fb-9b0d-23e01a264add,1,no,word,1e07c7e4-8b6f-43c3-9c7a-9916d745441f
2ce66a5f-26c4-4e74-a6cd-6948f7f3ed48,1938f6ec-3264-49fb-9b0d-23e01a264add,1,no,word,1e07c7e4-8b6f-43c3-9c7a-9916d745441f
c1d8502b-e158-4adf-9885-b9e273b6757b,1938f6ec-3264-49fb-9b0d-23e01a264add,1,no,word,1e07c7e4-8b6f-43c3-9c7a-9916d745441f
46bb2ea9-656e-4718-b46f-8bd163d185f0,43840f18-8b67-4b1d-8770-42d2ba1aeabd,1,off,word,0eb5ce01-069a-4f04-af8b-739861ed8129
b2d07a20-0619-4920-a168-e2b33d5029d5,c30d81c8-735d-41af-a70d-1f760da647e3,1,it,word,b53c2e40-e251-43a1-90b3-1d0a5f9f9dff
5599a20b-dc3b-49c2-84f2-6b4135e2c5ab,c30d81c8-735d-41af-a70d-1f760da647e3,1,it,word,b53c2e40-e251-43a1-90b3-1d0a5f9f9dff
a3e49616-872f-4600-b774-572d8bb395f1,8845d935-09a5-45da-97b8-4dd591bfe148,1,out,word,2d8448d3-514e-49e3-97f9-290a5c552d4a
df50fc20-a343-42e0-a1de-51fc00247938,2ec342b0-e4bc-419d-ae67-390149ddbd21,1,over,word,5bbd5dbe-032d-4060-936c-4088d18dce41
a1638329-677c-46fd-a366-5860b0045770,eb2dab21-d31e-4dbd-bb90-255c046203a6,1,on,word,3090e71f-ead1-49e6-8ef2-520fb888aaf2
3dc9ddd5-e866-490e-b62a-606848800c2c,313fe2aa-9acf-4e44-b215-3d94eac8de99,1,a-,prefix,eb2dab21-d31e-4dbd-bb90-255c046203a6
3dc9ddd5-e866-490e-b62a-606848800c2c,313fe2aa-9acf-4e44-b215-3d94eac8de99,2,ab-,prefix,1e4ea41c-ee64-4bce-aed5-5ba7b9bcccff
3dc9ddd5-e866-490e-b62a-606848800c2c,313fe2aa-9acf-4e44-b215-3d94eac8de99,3,ac-,prefix,313fe2aa-9acf-4e44-b215-3d94eac8de99
3dc9ddd5-e866-490e-b62a-606848800c2c,313fe2aa-9acf-4e44-b215-3d94eac8de99,4,ad-,prefix,01e572b5-9046-4ae6-82df-91bb22b151d2
3dc9ddd5-e866-490e-b62a-606848800c2c,313fe2aa-9acf-4e44-b215-3d94eac8de99,5,ap-,prefix,3015fc76-f4ec-4a6a-bc69-218e873a44f1
3dc9ddd5-e866-490e-b62a-606848800c2c,313fe2aa-9acf-4e44-b215-3d94eac8de99,6,as-,prefix,eb377bec-24c3-4c39-84d6-2c688a20059a
3dc9ddd5-e866-490e-b62a-606848800c2c,313fe2aa-9acf-4e44-b215-3d94eac8de99,7,at-,prefix,e63cdbbb-8bfb-442b-b49a-bd01c7f68aff
2c992179-8e1b-4b18-904b-6918a654e9c9,eb2dab21-d31e-4dbd-bb90-255c046203a6,1,on,word,3090e71f-ead1-49e6-8ef2-520fb888aaf2
a5302102-3ebd-4144-97af-114b326a4d5e,60b6f7c8-8cf8-4888-92dc-7f93b9e405d2,1,after,word,28df639c-129e-4871-bb62-2530cc437eac
13f5010b-1cc9-4c86-8d47-1acfa517e776,b56c833f-5c15-4577-976f-3c25385bcd49,1,in,word,84b42a02-b972-4109-ac42-7d04746f07c8
13f5010b-1cc9-4c86-8d47-1acfa517e776,82d1302e-58db-49a7-8839-1433d25d1de8,1,pen,word,a78fd673-7cbb-42b2-b05c-653517f4925d
77dd2066-b22d-4d8d-9f83-c7c6aa84a89f,8845d935-09a5-45da-97b8-4dd591bfe148,1,out,word,2d8448d3-514e-49e3-97f9-290a5c552d4a
d49f4ce6-2cd5-4f7e-8c0c-6d44fc67ae76,3015fc76-f4ec-4a6a-bc69-218e873a44f1,1,at,word,9c2f1b32-39ad-4c43-8c8d-ae84d4272e3b
08c97211-1f5d-4ea3-a593-a35467b06f95,3015fc76-f4ec-4a6a-bc69-218e873a44f1,1,at,word,9c2f1b32-39ad-4c43-8c8d-ae84d4272e3b
4a8d82c4-efee-4a19-ba1b-025f360c3404,366a998f-d20b-48c1-97c8-cf723bf4766e,1,ob-,prefix,b9a3b672-0067-42ec-a917-dc17338523a0
4a8d82c4-efee-4a19-ba1b-025f360c3404,366a998f-d20b-48c1-97c8-cf723bf4766e,2,op-,prefix,07e6b6fd-3e6e-42be-9cfe-11dcadb01cd9
4a8d82c4-efee-4a19-ba1b-025f360c3404,366a998f-d20b-48c1-97c8-cf723bf4766e,3,of-,prefix,366a998f-d20b-48c1-97c8-cf723bf4766e
29b9aba8-8ba2-4e33-8665-9e55fad3ed37,25a1c2e0-e23a-49db-9265-2e1d201eb0d4,1,bag,word,c94459b5-0ffc-48f9-aa87-2a8bca6f1f4f
56e4262b-376d-408c-a592-b26a87d4426e,25a1c2e0-e23a-49db-9265-2e1d201eb0d4,1,bag,word,c94459b5-0ffc-48f9-aa87-2a8bca6f1f4f
883da31c-66c1-460b-bc31-be32ef15353b,25a1c2e0-e23a-49db-9265-2e1d201eb0d4,1,bag,word,c94459b5-0ffc-48f9-aa87-2a8bca6f1f4f
f7a0c1fe-7640-4202-880d-967b16c3c60a,01e572b5-9046-4ae6-82df-91bb22b151d2,1,at,word,9c2f1b32-39ad-4c43-8c8d-ae84d4272e3b
f7a0c1fe-7640-4202-880d-967b16c3c60a,7d405d52-d862-46e0-aee4-f5232feea224,1,go,word,535c367c-28d8-43a4-b511-d5a2b5d192b8
f7a0c1fe-7640-4202-880d-967b16c3c60a,7d405d52-d862-46e0-aee4-f5232feea224,2,win,word,cb5f9e4a-1a64-4bec-87fa-83f73a7e6deb
33f336a4-54ba-4eb5-8347-fad165d3931d,eb2dab21-d31e-4dbd-bb90-255c046203a6,1,on,word,3090e71f-ead1-49e6-8ef2-520fb888aaf2
07fc2e03-1025-47d8-bcb8-102b30db6a29,eb2dab21-d31e-4dbd-bb90-255c046203a6,1,on,word,3090e71f-ead1-49e6-8ef2-520fb888aaf2
ca48d0fc-3119-485a-94fc-5ce4b27609a7,1e4ea41c-ee64-4bce-aed5-5ba7b9bcccff,1,a-,prefix,eb2dab21-d31e-4dbd-bb90-255c046203a6
ca48d0fc-3119-485a-94fc-5ce4b27609a7,1e4ea41c-ee64-4bce-aed5-5ba7b9bcccff,2,ab-,prefix,1e4ea41c-ee64-4bce-aed5-5ba7b9bcccff
ca48d0fc-3119-485a-94fc-5ce4b27609a7,1e4ea41c-ee64-4bce-aed5-5ba7b9bcccff,3,ac-,prefix,313fe2aa-9acf-4e44-b215-3d94eac8de99
ca48d0fc-3119-485a-94fc-5ce4b27609a7,1e4ea41c-ee64-4bce-aed5-5ba7b9bcccff,4,ad-,prefix,01e572b5-9046-4ae6-82df-91bb22b151d2
ca48d0fc-3119-485a-94fc-5ce4b27609a7,1e4ea41c-ee64-4bce-aed5-5ba7b9bcccff,5,ap-,prefix,3015fc76-f4ec-4a6a-bc69-218e873a44f1
ca48d0fc-3119-485a-94fc-5ce4b27609a7,1e4ea41c-ee64-4bce-aed5-5ba7b9bcccff,6,as-,prefix,eb377bec-24c3-4c39-84d6-2c688a20059a
ca48d0fc-3119-485a-94fc-5ce4b27609a7,1e4ea41c-ee64-4bce-aed5-5ba7b9bcccff,7,at-,prefix,e63cdbbb-8bfb-442b-b49a-bd01c7f68aff
ca48d0fc-3119-485a-94fc-5ce4b27609a7,8ecfa17f-80e7-4ee9-b0fe-e85546e935a7,1,no,word,1e07c7e4-8b6f-43c3-9c7a-9916d745441f
31293e9a-ef5e-471d-8aed-7d82a1d3e8a6,313fe2aa-9acf-4e44-b215-3d94eac8de99,1,a-,prefix,eb2dab21-d31e-4dbd-bb90-255c046203a6
31293e9a-ef5e-471d-8aed-7d82a1d3e8a6,313fe2aa-9acf-4e44-b215-3d94eac8de99,2,ab-,prefix,1e4ea41c-ee64-4bce-aed5-5ba7b9bcccff
31293e9a-ef5e-471d-8aed-7d82a1d3e8a6,313fe2aa-9acf-4e44-b215-3d94eac8de99,3,ac-,prefix,313fe2aa-9acf-4e44-b215-3d94eac8de99
31293e9a-ef5e-471d-8aed-7d82a1d3e8a6,313fe2aa-9acf-4e44-b215-3d94eac8de99,4,ad-,prefix,01e572b5-9046-4ae6-82df-91bb22b151d2
31293e9a-ef5e-471d-8aed-7d82a1d3e8a6,313fe2aa-9acf-4e44-b215-3d94eac8de99,5,ap-,prefix,3015fc76-f4ec-4a6a-bc69-218e873a44f1
31293e9a-ef5e-471d-8aed-7d82a1d3e8a6,313fe2aa-9acf-4e44-b215-3d94eac8de99,6,as-,prefix,eb377bec-24c3-4c39-84d6-2c688a20059a
31293e9a-ef5e-471d-8aed-7d82a1d3e8a6,313fe2aa-9acf-4e44-b215-3d94eac8de99,7,at-,prefix,e63cdbbb-8bfb-442b-b49a-bd01c7f68aff
ac7aab71-8b50-45ae-a17b-65051d3b6742,01e572b5-9046-4ae6-82df-91bb22b151d2,1,at,word,9c2f1b32-39ad-4c43-8c8d-ae84d4272e3b
ac7aab71-8b50-45ae-a17b-65051d3b6742,b91d45c2-e964-41cb-8a3a-de1bff784644,1,-t,suffix,902260c2-0a41-46d9-8130-90955ee5437e
c891015e-9943-4e63-8f28-5554b7f4b962,01e572b5-9046-4ae6-82df-91bb22b151d2,1,at,word,9c2f1b32-39ad-4c43-8c8d-ae84d4272e3b
c891015e-9943-4e63-8f28-5554b7f4b962,b91d45c2-e964-41cb-8a3a-de1bff784644,1,-t,suffix,902260c2-0a41-46d9-8130-90955ee5437e
c5b3831b-40eb-478f-b60a-4a86e8916959,70aad479-45b9-48e3-99cf-9a1ebfa3b22f,1,re-,prefix,25c9c982-54cc-42c6-8d13-31b6232755b7
c5b3831b-40eb-478f-b60a-4a86e8916959,6b41e25b-c338-42bb-ab60-28e4d9297082,1,re-,prefix,25c9c982-54cc-42c6-8d13-31b6232755b7
711230bc-c6dd-4ae4-860b-506e2685473d,de761270-a58d-4822-8a24-110b2521fb24,1,in,word,84b42a02-b972-4109-ac42-7d04746f07c8
9dfec9ab-7c50-4ed5-b23c-750d94f5a1ae,de761270-a58d-4822-8a24-110b2521fb24,1,in,word,84b42a02-b972-4109-ac42-7d04746f07c8
d6776a68-03cd-4629-9a44-2248fe33ff6c,4d22bb9d-4552-43b5-9fb3-6e5f6080ae8e,1,at,word,9c2f1b32-39ad-4c43-8c8d-ae84d4272e3b
d6776a68-03cd-4629-9a44-2248fe33ff6c,4d22bb9d-4552-43b5-9fb3-6e5f6080ae8e,2,a-,prefix,eb2dab21-d31e-4dbd-bb90-255c046203a6
d6776a68-03cd-4629-9a44-2248fe33ff6c,4d22bb9d-4552-43b5-9fb3-6e5f6080ae8e,3,al-,prefix,4d22bb9d-4552-43b5-9fb3-6e5f6080ae8e
d6776a68-03cd-4629-9a44-2248fe33ff6c,4d22bb9d-4552-43b5-9fb3-6e5f6080ae8e,4,ab-,prefix,1e4ea41c-ee64-4bce-aed5-5ba7b9bcccff
d6776a68-03cd-4629-9a44-2248fe33ff6c,4d22bb9d-4552-43b5-9fb3-6e5f6080ae8e,5,ac-,prefix,313fe2aa-9acf-4e44-b215-3d94eac8de99
d6776a68-03cd-4629-9a44-2248fe33ff6c,4d22bb9d-4552-43b5-9fb3-6e5f6080ae8e,6,ad-,prefix,01e572b5-9046-4ae6-82df-91bb22b151d2
d6776a68-03cd-4629-9a44-2248fe33ff6c,4d22bb9d-4552-43b5-9fb3-6e5f6080ae8e,7,ap-,prefix,3015fc76-f4ec-4a6a-bc69-218e873a44f1
d6776a68-03cd-4629-9a44-2248fe33ff6c,4d22bb9d-4552-43b5-9fb3-6e5f6080ae8e,8,as-,prefix,eb377bec-24c3-4c39-84d6-2c688a20059a
d6776a68-03cd-4629-9a44-2248fe33ff6c,4d22bb9d-4552-43b5-9fb3-6e5f6080ae8e,9,at-,prefix,e63cdbbb-8bfb-442b-b49a-bd01c7f68aff
01c0c290-5860-4956-b75d-871d585d12e8,f5eec5fb-dfb7-48e2-ae34-fc699894037b,1,man,word,4b5ad6eb-4874-49e1-88ba-adc244daec95
cb347f4a-c9e8-4f9f-a6b7-97369f9c334b,eb2dab21-d31e-4dbd-bb90-255c046203a6,1,on,word,3090e71f-ead1-49e6-8ef2-520fb888aaf2
cb347f4a-c9e8-4f9f-a6b7-97369f9c334b,f5eec5fb-dfb7-48e2-ae34-fc699894037b,1,man,word,4b5ad6eb-4874-49e1-88ba-adc244daec95
6aceaa33-1cae-4e36-8c8e-f163f729c2b7,3015fc76-f4ec-4a6a-bc69-218e873a44f1,1,at,word,9c2f1b32-39ad-4c43-8c8d-ae84d4272e3b
6aceaa33-1cae-4e36-8c8e-f163f729c2b7,907b89ca-d786-43a8-8132-fbd6d1d7a3ad,1,pen,word,a78fd673-7cbb-42b2-b05c-653517f4925d
e44051fa-2c99-4d10-9268-a98c29b7f67b,797263f3-ec07-4d30-8aa7-3fb3cafb8673,1,arm,word,515aa981-c0fb-422b-9e44-ffd3f80e2ce9
cd9d1d70-da82-4ec3-aa6b-405fa7380d02,eb377bec-24c3-4c39-84d6-2c688a20059a,1,at,word,9c2f1b32-39ad-4c43-8c8d-ae84d4272e3b
cd9d1d70-da82-4ec3-aa6b-405fa7380d02,eb377bec-24c3-4c39-84d6-2c688a20059a,2,a-,prefix,eb2dab21-d31e-4dbd-bb90-255c046203a6
cd9d1d70-da82-4ec3-aa6b-405fa7380d02,eb377bec-24c3-4c39-84d6-2c688a20059a,3,ab-,prefix,1e4ea41c-ee64-4bce-aed5-5ba7b9bcccff
cd9d1d70-da82-4ec3-aa6b-405fa7380d02,eb377bec-24c3-4c39-84d6-2c688a20059a,4,ac-,prefix,313fe2aa-9acf-4e44-b215-3d94eac8de99
cd9d1d70-da82-4ec3-aa6b-405fa7380d02,eb377bec-24c3-4c39-84d6-2c688a20059a,5,ad-,prefix,01e572b5-9046-4ae6-82df-91bb22b151d2
cd9d1d70-da82-4ec3-aa6b-405fa7380d02,eb377bec-24c3-4c39-84d6-2c688a20059a,6,ap-,prefix,3015fc76-f4ec-4a6a-bc69-218e873a44f1
cd9d1d70-da82-4ec3-aa6b-405fa7380d02,eb377bec-24c3-4c39-84d6-2c688a20059a,7,as-,prefix,eb377bec-24c3-4c39-84d6-2c688a20059a
cd9d1d70-da82-4ec3-aa6b-405fa7380d02,eb377bec-24c3-4c39-84d6-2c688a20059a,8,at-,prefix,e63cdbbb-8bfb-442b-b49a-bd01c7f68aff
56a602a1-2eac-4a3d-a177-697fd83a6c68,59011590-c7ce-446a-bdff-06ab88384fec,1,is,word,01153fb1-72e5-475f-b7ac-fd2ece01e98e
56a602a1-2eac-4a3d-a177-697fd83a6c68,59011590-c7ce-446a-bdff-06ab88384fec,2,in,word,84b42a02-b972-4109-ac42-7d04746f07c8
4d911e09-39ee-4c04-97ef-4e2bdab7004d,b92666ae-95b0-4944-ad22-735838b79c9d,1,I,word,8e5d6dd4-94a3-497d-9b21-9a2ffbfb8862
4d911e09-39ee-4c04-97ef-4e2bdab7004d,4f01db75-1fcf-41a0-b8cb-e9d0cdda7d9d,1,let,word,524f3f07-5c8a-4cdf-ac82-2ea1d7e78a01
3f40ad3a-071e-4a7e-acbc-abd3300284db,b92666ae-95b0-4944-ad22-735838b79c9d,1,I,word,8e5d6dd4-94a3-497d-9b21-9a2ffbfb8862
3f40ad3a-071e-4a7e-acbc-abd3300284db,4f01db75-1fcf-41a0-b8cb-e9d0cdda7d9d,1,let,word,524f3f07-5c8a-4cdf-ac82-2ea1d7e78a01
7acf8b7f-7030-46c0-b127-e42832ad83ab,87f95a5e-bf58-48cd-95ea-130b4ae12316,1,a-,prefix,eb2dab21-d31e-4dbd-bb90-255c046203a6
a8bf7e84-300c-4a39-b762-ecc7231d31d7,313fe2aa-9acf-4e44-b215-3d94eac8de99,1,a-,prefix,eb2dab21-d31e-4dbd-bb90-255c046203a6
a8bf7e84-300c-4a39-b762-ecc7231d31d7,313fe2aa-9acf-4e44-b215-3d94eac8de99,2,ab-,prefix,1e4ea41c-ee64-4bce-aed5-5ba7b9bcccff
a8bf7e84-300c-4a39-b762-ecc7231d31d7,313fe2aa-9acf-4e44-b215-3d94eac8de99,3,ac-,prefix,313fe2aa-9acf-4e44-b215-3d94eac8de99
a8bf7e84-300c-4a39-b762-ecc7231d31d7,313fe2aa-9acf-4e44-b215-3d94eac8de99,4,ad-,prefix,01e572b5-9046-4ae6-82df-91bb22b151d2
a8bf7e84-300c-4a39-b762-ecc7231d31d7,313fe2aa-9acf-4e44-b215-3d94eac8de99,5,ap-,prefix,3015fc76-f4ec-4a6a-bc69-218e873a44f1
a8bf7e84-300c-4a39-b762-ecc7231d31d7,313fe2aa-9acf-4e44-b215-3d94eac8de99,6,as-,prefix,eb377bec-24c3-4c39-84d6-2c688a20059a
a8bf7e84-300c-4a39-b762-ecc7231d31d7,313fe2aa-9acf-4e44-b215-3d94eac8de99,7,at-,prefix,e63cdbbb-8bfb-442b-b49a-bd01c7f68aff
60645740-becd-42a9-8f70-52bc9391dbf0,a6c06782-3891-40f8-8c54-d8043fcbbb3f,1,an,word,f12a203c-950b-4f36-a096-1faed7f15f69
f05a07f2-170b-4ac0-85a2-1ea9fec6db1f,a6c06782-3891-40f8-8c54-d8043fcbbb3f,1,an,word,f12a203c-950b-4f36-a096-1faed7f15f69
74dc3215-b52f-405e-b0be-769116d8ca4e,0178c5d5-5203-4944-a482-8f23550ed8b2,1,bene,root,7c9665c2-9030-40a0-8343-73631dbfee80
a1968ac0-acc6-4118-8752-50d26019ab1e,0178c5d5-5203-4944-a482-8f23550ed8b2,1,bene,root,7c9665c2-9030-40a0-8343-73631dbfee80
73a233ca-d5a2-4ec2-9567-8087cccd7740,d42d211c-392f-49a0-b3b1-687347897da5,1,pro-,prefix,40e680cb-32e4-4cff-bb9c-b17989a9fa1a
8b5d72eb-7559-4e9c-aac3-c9e041fbedfd,d42d211c-392f-49a0-b3b1-687347897da5,1,pro-,prefix,40e680cb-32e4-4cff-bb9c-b17989a9fa1a
31b7cd70-c824-47b9-b94c-7aa29ff97829,49b7e4f4-54ff-4e6d-bd00-868f4dba0436,1,car,word,2d33e9fa-c949-42a2-882a-31c4e9f79491
3e7b8d82-96ac-4f8d-8c60-db3ccf9797fa,a1534fd5-7e59-4f15-9642-7716a9817b5a,1,it,word,b53c2e40-e251-43a1-90b3-1d0a5f9f9dff
3e7b8d82-96ac-4f8d-8c60-db3ccf9797fa,49b7e4f4-54ff-4e6d-bd00-868f4dba0436,1,car,word,2d33e9fa-c949-42a2-882a-31c4e9f79491
f897e248-a3af-4ca3-901b-53953aaa0ece,49b7e4f4-54ff-4e6d-bd00-868f4dba0436,1,car,word,2d33e9fa-c949-42a2-882a-31c4e9f79491
c2f927ae-2eec-4c2f-9f4a-07a15f8d6bee,4161d5db-e8de-4ad3-b992-684deedaca51,1,in,word,84b42a02-b972-4109-ac42-7d04746f07c8
3e745ff2-1a74-40a1-816c-55f6c3be96d6,da33b764-ffa4-4f4c-ba1f-e58231872833,1,car,word,2d33e9fa-c949-42a2-882a-31c4e9f79491
3e745ff2-1a74-40a1-816c-55f6c3be96d6,4161d5db-e8de-4ad3-b992-684deedaca51,1,in,word,84b42a02-b972-4109-ac42-7d04746f07c8
8a9eea27-944f-42ae-8e10-fa3e78ac250a,eabfcb69-f5cb-4776-9fe5-50322c63ee01,1,come,word,bed2da61-da50-4e6e-ad60-0caa543d62a8
8a9eea27-944f-42ae-8e10-fa3e78ac250a,e9081b64-24c5-45e6-ab9e-64161a4b9d55,1,in,word,84b42a02-b972-4109-ac42-7d04746f07c8
518dfcfd-da3a-4b0e-a22a-12eef7628cdd,c51a8e11-69c9-4469-b362-65f433a0d955,1,come,word,bed2da61-da50-4e6e-ad60-0caa543d62a8
94df1479-5d70-49a1-9536-a7521a427115,98e6651d-8b5e-462a-adb2-dc5da6edb65c,1,come,word,bed2da61-da50-4e6e-ad60-0caa543d62a8
4a4c438c-be21-4931-8d37-b779ea91b9ec,98e6651d-8b5e-462a-adb2-dc5da6edb65c,1,come,word,bed2da61-da50-4e6e-ad60-0caa543d62a8
e2ceb207-4cfd-4991-af54-c60dbf12cbc7,c22486c6-931d-4d17-aa1c-6e194af7d38b,1,reach,word,f6b1d2db-c97f-403a-bc1f-749863673267
5de927e9-b6e0-4bb6-81ca-5141bd5615f7,98e6651d-8b5e-462a-adb2-dc5da6edb65c,1,come,word,bed2da61-da50-4e6e-ad60-0caa543d62a8
a000dc8f-4042-473c-a5bb-59c017a0d2f7,7534069b-559b-4e4e-8939-9fd786833d2a,1,god,word,8688fcf3-3cb8-4b5b-b501-82b24e37de75
05a40edd-ca71-4ac2-9f8d-816c47d07cc1,7534069b-559b-4e4e-8939-9fd786833d2a,1,god,word,8688fcf3-3cb8-4b5b-b501-82b24e37de75
2de6f552-f591-4c66-8f11-cf058c13a31e,c51a8e11-69c9-4469-b362-65f433a0d955,1,come,word,bed2da61-da50-4e6e-ad60-0caa543d62a8
34a7763e-927e-4409-82b4-b75c55f44f26,4bb11e5f-13e5-4188-8ca3-ee99300020f4,1,know,word,c719a600-5928-4bf7-bdf6-fde64f9b3177
c2177088-610d-4b17-9359-90eafbd1c77e,da33b764-ffa4-4f4c-ba1f-e58231872833,1,car,word,2d33e9fa-c949-42a2-882a-31c4e9f79491
eebde4c8-e265-48f0-a3c3-0ff7ceb658e3,a6186616-c977-494e-84ce-5d6e12900ad3,1,e-,prefix,e0f0cada-0921-45e1-9788-4fa5be9dce66
788a2256-43bf-4b7e-ab10-45f3827cbbcf,a6186616-c977-494e-84ce-5d6e12900ad3,1,e-,prefix,e0f0cada-0921-45e1-9788-4fa5be9dce66
3523e57b-ba36-42ee-a78b-8e9db626e46e,de761270-a58d-4822-8a24-110b2521fb24,1,in,word,84b42a02-b972-4109-ac42-7d04746f07c8
8ed70ded-f47b-469f-9684-88ff3a201c70,de761270-a58d-4822-8a24-110b2521fb24,1,in,word,84b42a02-b972-4109-ac42-7d04746f07c8
dba7591b-2e64-4bcc-a890-e1d1a6f9becd,907b89ca-d786-43a8-8132-fbd6d1d7a3ad,1,pen,word,a78fd673-7cbb-42b2-b05c-653517f4925d
5e0b01a7-460c-4245-bf7c-be08a266955b,c51a8e11-69c9-4469-b362-65f433a0d955,1,come,word,bed2da61-da50-4e6e-ad60-0caa543d62a8
a4fad531-da5b-4b53-9472-880e8f0d8238,c51a8e11-69c9-4469-b362-65f433a0d955,1,come,word,bed2da61-da50-4e6e-ad60-0caa543d62a8
ba1da737-f9dd-42d4-b7f9-4135c649bd4f,98e6651d-8b5e-462a-adb2-dc5da6edb65c,1,come,word,bed2da61-da50-4e6e-ad60-0caa543d62a8
d2ee8240-2035-42b6-a96c-e2e49d50555e,d792685e-66be-4341-991d-a5bb8f571506,1,can,word,1a7fd486-6f5a-4d29-a48e-f09d1ec280aa
bc39234a-f982-4a40-be9a-56b20263b654,98e6651d-8b5e-462a-adb2-dc5da6edb65c,1,come,word,bed2da61-da50-4e6e-ad60-0caa543d62a8
e1ffe0b5-5684-43c2-a059-7fc5034bd757,16f12a43-568b-4ccb-94c8-d3fe22610397,1,direct,word,88323c21-6ab4-4258-b618-762b40583bea
32c215a4-739b-4082-8405-b1fb3bec0090,16f12a43-568b-4ccb-94c8-d3fe22610397,1,direct,word,88323c21-6ab4-4258-b618-762b40583bea
32b4b84b-158a-4fe0-9096-febcf2111213,16f12a43-568b-4ccb-94c8-d3fe22610397,1,direct,word,88323c21-6ab4-4258-b618-762b40583bea
bab29c57-d8f9-4716-85c8-eb693211cee4,abb1a350-5765-4b1b-8317-4438d12b0ae5,1,hung,root,c8173cf5-fd0b-4c5b-8ba8-8c07d8357629
6c02e3b8-c07d-4d71-85bf-39f1f2c14039,abb1a350-5765-4b1b-8317-4438d12b0ae5,1,hung,root,c8173cf5-fd0b-4c5b-8ba8-8c07d8357629
a4865ba0-c1c0-488b-8494-8374edacc792,abb1a350-5765-4b1b-8317-4438d12b0ae5,1,hung,root,c8173cf5-fd0b-4c5b-8ba8-8c07d8357629
116944b6-bb2e-4987-af9d-d9e9560a9a23,a284e4fa-5010-4c2d-9584-66af290ca2cb,1,as-,prefix,eb377bec-24c3-4c39-84d6-2c688a20059a
1caf16a2-bdea-4704-b119-50af402b3b77,a14b5b17-159f-4ecb-9145-0aad6a0ccc48,1,have,word,1caf16a2-bdea-4704-b119-50af402b3b77
348481c0-fac1-4b14-8357-f5f990edd5a4,a14b5b17-159f-4ecb-9145-0aad6a0ccc48,1,have,word,1caf16a2-bdea-4704-b119-50af402b3b77
17762242-0b91-4998-a259-5c61829cafa8,e9081b64-24c5-45e6-ab9e-64161a4b9d55,1,in,word,84b42a02-b972-4109-ac42-7d04746f07c8
17762242-0b91-4998-a259-5c61829cafa8,475b0445-b638-4be0-9f84-ed36bdb7262c,1,to,word,b95ef1b5-74f6-49d7-87a2-e6a43dcc5ff9
17762242-0b91-4998-a259-5c61829cafa8,475b0445-b638-4be0-9f84-ed36bdb7262c,2,it,word,b53c2e40-e251-43a1-90b3-1d0a5f9f9dff
2af7f041-db3f-4977-bbe1-be66d8c4782f,e9081b64-24c5-45e6-ab9e-64161a4b9d55,1,in,word,84b42a02-b972-4109-ac42-7d04746f07c8
2af7f041-db3f-4977-bbe1-be66d8c4782f,475b0445-b638-4be0-9f84-ed36bdb7262c,1,to,word,b95ef1b5-74f6-49d7-87a2-e6a43dcc5ff9
2af7f041-db3f-4977-bbe1-be66d8c4782f,475b0445-b638-4be0-9f84-ed36bdb7262c,2,it,word,b53c2e40-e251-43a1-90b3-1d0a5f9f9dff
a2c86686-a8d6-4d6a-8537-8fcf3c1237a8,343c86ff-5e98-4499-bf18-49ebf6a8dccc,1,-st,suffix,5e4cc57a-981b-47ea-b8be-ffe5db0ce603
8f69bf18-4123-4582-93e7-3bae37a503d4,343c86ff-5e98-4499-bf18-49ebf6a8dccc,1,-st,suffix,5e4cc57a-981b-47ea-b8be-ffe5db0ce603
da4ad4b3-849a-4dd0-9ba5-ea4638ce26ed,343c86ff-5e98-4499-bf18-49ebf6a8dccc,1,-st,suffix,5e4cc57a-981b-47ea-b8be-ffe5db0ce603
439cfa23-92d4-4ecd-beb4-635a18a67e7c,343c86ff-5e98-4499-bf18-49ebf6a8dccc,1,-st,suffix,5e4cc57a-981b-47ea-b8be-ffe5db0ce603
8d559b75-e096-4bc2-a65a-29011cdbfead,c51a8e11-69c9-4469-b362-65f433a0d955,1,come,word,bed2da61-da50-4e6e-ad60-0caa543d62a8
0b6b379b-9b72-488c-a7fd-7de80b3752ab,e9081b64-24c5-45e6-ab9e-64161a4b9d55,1,in,word,84b42a02-b972-4109-ac42-7d04746f07c8
bfe11b56-4f84-443c-b6d9-1f636864c96c,98e6651d-8b5e-462a-adb2-dc5da6edb65c,1,come,word,bed2da61-da50-4e6e-ad60-0caa543d62a8
63c8fb17-9d3f-4916-9681-e8f41b33e078,98e6651d-8b5e-462a-adb2-dc5da6edb65c,1,come,word,bed2da61-da50-4e6e-ad60-0caa543d62a8
e335846e-6654-4eb5-b2d2-b6bbe63bbd90,98e6651d-8b5e-462a-adb2-dc5da6edb65c,1,come,word,bed2da61-da50-4e6e-ad60-0caa543d62a8
05c7dc75-2525-424a-ac8a-7fb3509818f8,98e6651d-8b5e-462a-adb2-dc5da6edb65c,1,come,word,bed2da61-da50-4e6e-ad60-0caa543d62a8
8050b1d8-0366-46b1-b8d3-7ed957467dcb,d054be64-34e0-4715-b2a6-de695b6e748a,1,I,word,8e5d6dd4-94a3-497d-9b21-9a2ffbfb8862
bfa9407e-b4e0-41d6-9e58-b3377591d9e6,d054be64-34e0-4715-b2a6-de695b6e748a,1,I,word,8e5d6dd4-94a3-497d-9b21-9a2ffbfb8862
3d298ad5-2d3f-47fa-a777-8ab388b4b2ae,87b41ba4-4afa-412a-aac8-6c8c33b359c3,1,flag,word,4ab84e41-4701-4d84-8bb1-bda460ca91ac
3d298ad5-2d3f-47fa-a777-8ab388b4b2ae,919e02a0-6afd-4336-9389-0f86876ee065,1,flag,word,4ab84e41-4701-4d84-8bb1-bda460ca91ac
3d298ad5-2d3f-47fa-a777-8ab388b4b2ae,919e02a0-6afd-4336-9389-0f86876ee065,2,act,word,f6c6ec73-4848-4690-a4b6-c7be1e84aa13
02422498-21ca-427c-bdcc-52668f43a0b3,87b41ba4-4afa-412a-aac8-6c8c33b359c3,1,flag,word,4ab84e41-4701-4d84-8bb1-bda460ca91ac
9b04161f-9744-4a69-b2db-e4030470e771,87b41ba4-4afa-412a-aac8-6c8c33b359c3,1,flag,word,4ab84e41-4701-4d84-8bb1-bda460ca91ac
b6160f6b-1e35-4a7f-8ed6-7371ec29f086,59011590-c7ce-446a-bdff-06ab88384fec,1,is,word,01153fb1-72e5-475f-b7ac-fd2ece01e98e
b6160f6b-1e35-4a7f-8ed6-7371ec29f086,59011590-c7ce-446a-bdff-06ab88384fec,2,in,word,84b42a02-b972-4109-ac42-7d04746f07c8
ef050b69-e086-470c-aa3f-ace9fb62cdbb,59011590-c7ce-446a-bdff-06ab88384fec,1,is,word,01153fb1-72e5-475f-b7ac-fd2ece01e98e
ef050b69-e086-470c-aa3f-ace9fb62cdbb,59011590-c7ce-446a-bdff-06ab88384fec,2,in,word,84b42a02-b972-4109-ac42-7d04746f07c8
8fafca74-fb35-4621-a60d-b588917c0f46,e9081b64-24c5-45e6-ab9e-64161a4b9d55,1,in,word,84b42a02-b972-4109-ac42-7d04746f07c8
68dbbb08-3882-4114-96c1-dca8b4af094d,e9081b64-24c5-45e6-ab9e-64161a4b9d55,1,in,word,84b42a02-b972-4109-ac42-7d04746f07c8
82e5da09-9205-456b-9e3b-e5932f9736f6,e9081b64-24c5-45e6-ab9e-64161a4b9d55,1,in,word,84b42a02-b972-4109-ac42-7d04746f07c8
3344cd57-27c7-46e0-83a0-e1c4a33335a6,e9081b64-24c5-45e6-ab9e-64161a4b9d55,1,in,word,84b42a02-b972-4109-ac42-7d04746f07c8
03e2db6c-14f2-49a1-a374-93851426727f,e9081b64-24c5-45e6-ab9e-64161a4b9d55,1,in,word,84b42a02-b972-4109-ac42-7d04746f07c8
8f108ffe-bc56-46eb-a866-6238b95ed293,197de407-fd32-447b-89d3-861b532498c1,1,have,word,1caf16a2-bdea-4704-b119-50af402b3b77
40c57554-bb5d-437d-a59d-0549bfbb1f59,197de407-fd32-447b-89d3-861b532498c1,1,have,word,1caf16a2-bdea-4704-b119-50af402b3b77
211c7613-b40c-437e-a794-2827fb89d860,197de407-fd32-447b-89d3-861b532498c1,1,have,word,1caf16a2-bdea-4704-b119-50af402b3b77
96f75e9b-c075-4620-83e3-8af964e3bae2,e9081b64-24c5-45e6-ab9e-64161a4b9d55,1,in,word,84b42a02-b972-4109-ac42-7d04746f07c8
96f75e9b-c075-4620-83e3-8af964e3bae2,4aed14cc-c30a-43d3-8976-f0088d46fe3a,1,in,word,84b42a02-b972-4109-ac42-7d04746f07c8
a0ca5459-389a-4488-b627-0a2d04313707,e9081b64-24c5-45e6-ab9e-64161a4b9d55,1,in,word,84b42a02-b972-4109-ac42-7d04746f07c8
a0ca5459-389a-4488-b627-0a2d04313707,4aed14cc-c30a-43d3-8976-f0088d46fe3a,1,in,word,84b42a02-b972-4109-ac42-7d04746f07c8
4b776e88-b933-4724-86b9-cd19c154d0d8,35bfa2ad-f3d3-43ad-8bb7-1a1b5f5b9059,1,in,word,84b42a02-b972-4109-ac42-7d04746f07c8
4b776e88-b933-4724-86b9-cd19c154d0d8,35bfa2ad-f3d3-43ad-8bb7-1a1b5f5b9059,2,-er,suffix,22a3b447-d3cf-4d74-8e34-fadb7d2b0375
67ee655f-6a56-490c-940a-d842d980268f,35bfa2ad-f3d3-43ad-8bb7-1a1b5f5b9059,1,in,word,84b42a02-b972-4109-ac42-7d04746f07c8
67ee655f-6a56-490c-940a-d842d980268f,35bfa2ad-f3d3-43ad-8bb7-1a1b5f5b9059,2,-er,suffix,22a3b447-d3cf-4d74-8e34-fadb7d2b0375
67ee655f-6a56-490c-940a-d842d980268f,f5920bd6-2656-4cc3-9501-62779c96715c,1,go,word,535c367c-28d8-43a4-b511-d5a2b5d192b8
52908f49-6dd8-4b59-a2fd-284f3a9549de,35bfa2ad-f3d3-43ad-8bb7-1a1b5f5b9059,1,in,word,84b42a02-b972-4109-ac42-7d04746f07c8
52908f49-6dd8-4b59-a2fd-284f3a9549de,35bfa2ad-f3d3-43ad-8bb7-1a1b5f5b9059,2,-er,suffix,22a3b447-d3cf-4d74-8e34-fadb7d2b0375
52908f49-6dd8-4b59-a2fd-284f3a9549de,f5920bd6-2656-4cc3-9501-62779c96715c,1,go,word,535c367c-28d8-43a4-b511-d5a2b5d192b8
f09cc6fa-6947-441a-8195-5a0f91772bd3,98e6651d-8b5e-462a-adb2-dc5da6edb65c,1,come,word,bed2da61-da50-4e6e-ad60-0caa543d62a8
f09cc6fa-6947-441a-8195-5a0f91772bd3,151d793d-8166-40fd-8511-33df163c4972,1,ten,word,cab687e2-c2f4-4b26-8968-af39a77d3d4e
8bfa31b3-85e3-47bc-811d-9c8428c3a2a3,4f6356c3-9b65-44e6-864e-d919e856f8b7,1,man,word,4b5ad6eb-4874-49e1-88ba-adc244daec95
8bfa31b3-85e3-47bc-811d-9c8428c3a2a3,92821a39-ec41-44f4-843c-3c5f16bfca62,1,man,word,4b5ad6eb-4874-49e1-88ba-adc244daec95
38acf722-55df-4f07-9786-1130a6bd0e43,92821a39-ec41-44f4-843c-3c5f16bfca62,1,man,word,4b5ad6eb-4874-49e1-88ba-adc244daec95
c0023077-aa79-4909-9cce-e2c15c4f7891,98e6651d-8b5e-462a-adb2-dc5da6edb65c,1,come,word,bed2da61-da50-4e6e-ad60-0caa543d62a8
c408fe32-a9d4-48d8-8702-6b043049b648,98e6651d-8b5e-462a-adb2-dc5da6edb65c,1,come,word,bed2da61-da50-4e6e-ad60-0caa543d62a8
d9d9e0f4-2839-42dc-9bb9-1f1556cd1d74,e9081b64-24c5-45e6-ab9e-64161a4b9d55,1,in,word,84b42a02-b972-4109-ac42-7d04746f07c8
d9d9e0f4-2839-42dc-9bb9-1f1556cd1d74,7d405d52-d862-46e0-aee4-f5232feea224,1,go,word,535c367c-28d8-43a4-b511-d5a2b5d192b8
d9d9e0f4-2839-42dc-9bb9-1f1556cd1d74,7d405d52-d862-46e0-aee4-f5232feea224,2,win,word,cb5f9e4a-1a64-4bec-87fa-83f73a7e6deb
bc603272-7c07-4c77-aed3-e0dd917301da,e9081b64-24c5-45e6-ab9e-64161a4b9d55,1,in,word,84b42a02-b972-4109-ac42-7d04746f07c8
bc603272-7c07-4c77-aed3-e0dd917301da,7d405d52-d862-46e0-aee4-f5232feea224,1,go,word,535c367c-28d8-43a4-b511-d5a2b5d192b8
bc603272-7c07-4c77-aed3-e0dd917301da,7d405d52-d862-46e0-aee4-f5232feea224,2,win,word,cb5f9e4a-1a64-4bec-87fa-83f73a7e6deb
e440fa1e-744d-4496-930e-89e8970c8759,e9081b64-24c5-45e6-ab9e-64161a4b9d55,1,in,word,84b42a02-b972-4109-ac42-7d04746f07c8
e440fa1e-744d-4496-930e-89e8970c8759,7d405d52-d862-46e0-aee4-f5232feea224,1,go,word,535c367c-28d8-43a4-b511-d5a2b5d192b8
e440fa1e-744d-4496-930e-89e8970c8759,7d405d52-d862-46e0-aee4-f5232feea224,2,win,word,cb5f9e4a-1a64-4bec-87fa-83f73a7e6deb
07b735d6-5fbd-4715-a0d2-56ac89baae0b,e9081b64-24c5-45e6-ab9e-64161a4b9d55,1,in,word,84b42a02-b972-4109-ac42-7d04746f07c8
07b735d6-5fbd-4715-a0d2-56ac89baae0b,7d405d52-d862-46e0-aee4-f5232feea224,1,go,word,535c367c-28d8-43a4-b511-d5a2b5d192b8
07b735d6-5fbd-4715-a0d2-56ac89baae0b,7d405d52-d862-46e0-aee4-f5232feea224,2,win,word,cb5f9e4a-1a64-4bec-87fa-83f73a7e6deb
7fa5f7a8-bf61-4e83-a5bb-dfa82aec58f9,e9081b64-24c5-45e6-ab9e-64161a4b9d55,1,in,word,84b42a02-b972-4109-ac42-7d04746f07c8
7fa5f7a8-bf61-4e83-a5bb-dfa82aec58f9,7d405d52-d862-46e0-aee4-f5232feea224,1,go,word,535c367c-28d8-43a4-b511-d5a2b5d192b8
7fa5f7a8-bf61-4e83-a5bb-dfa82aec58f9,7d405d52-d862-46e0-aee4-f5232feea224,2,win,word,cb5f9e4a-1a64-4bec-87fa-83f73a7e6deb
19fffe2c-3f18-4d3e-84d4-1848d7f863c8,d696314c-ce6b-4314-af4f-a4984645e31f,1,-er,suffix,22a3b447-d3cf-4d74-8e34-fadb7d2b0375
cf4779e2-c109-4f97-884f-92be6c8bc6b2,e9081b64-24c5-45e6-ab9e-64161a4b9d55,1,in,word,84b42a02-b972-4109-ac42-7d04746f07c8
cf4779e2-c109-4f97-884f-92be6c8bc6b2,197de407-fd32-447b-89d3-861b532498c1,1,have,word,1caf16a2-bdea-4704-b119-50af402b3b77
646c0769-b9f9-4b22-8f8e-05b2d9301657,c51a8e11-69c9-4469-b362-65f433a0d955,1,come,word,bed2da61-da50-4e6e-ad60-0caa543d62a8
3b52f349-5d21-4677-a407-8c816394ba2a,98e6651d-8b5e-462a-adb2-dc5da6edb65c,1,come,word,bed2da61-da50-4e6e-ad60-0caa543d62a8
c75d146a-645c-4568-8b6b-aa7e18aad3a3,98e6651d-8b5e-462a-adb2-dc5da6edb65c,1,come,word,bed2da61-da50-4e6e-ad60-0caa543d62a8
e76a5f5e-6245-475f-9731-30d8bf54c317,e9081b64-24c5-45e6-ab9e-64161a4b9d55,1,in,word,84b42a02-b972-4109-ac42-7d04746f07c8
7632731a-d19e-4ea5-ad4b-f547d00f1248,e9081b64-24c5-45e6-ab9e-64161a4b9d55,1,in,word,84b42a02-b972-4109-ac42-7d04746f07c8
abc2559b-3b58-490e-b27d-d1690ae20517,880b2bb2-1161-4733-87c5-a2de839cfbb5,1,act,word,f6c6ec73-4848-4690-a4b6-c7be1e84aa13
1f2d45cc-2ed6-441e-83e1-df94421cbf94,4bb11e5f-13e5-4188-8ca3-ee99300020f4,1,know,word,c719a600-5928-4bf7-bdf6-fde64f9b3177
8e0e904d-2874-4405-b387-865dfacbc664,42050ec2-e7ff-4bb1-8da3-fd8167dda557,1,way,word,30b4d743-0169-4879-96e9-9482e229c6a3
9d333555-d4ee-4cf1-94ec-051596b20d54,e597496b-86a4-4c51-acd9-180233971432,1,man,word,4b5ad6eb-4874-49e1-88ba-adc244daec95
9d333555-d4ee-4cf1-94ec-051596b20d54,e597496b-86a4-4c51-acd9-180233971432,2,many,word,19ea1058-f166-434c-b2b8-c5cfe3a3680b
cd8dd5a3-b3c1-4a61-a436-8136a6ef6168,366a998f-d20b-48c1-97c8-cf723bf4766e,1,ob-,prefix,b9a3b672-0067-42ec-a917-dc17338523a0
cd8dd5a3-b3c1-4a61-a436-8136a6ef6168,366a998f-d20b-48c1-97c8-cf723bf4766e,2,op-,prefix,07e6b6fd-3e6e-42be-9cfe-11dcadb01cd9
cd8dd5a3-b3c1-4a61-a436-8136a6ef6168,366a998f-d20b-48c1-97c8-cf723bf4766e,3,of-,prefix,366a998f-d20b-48c1-97c8-cf723bf4766e
f82eef8e-ef96-49b0-8d46-8bd2bfd16475,366a998f-d20b-48c1-97c8-cf723bf4766e,1,ob-,prefix,b9a3b672-0067-42ec-a917-dc17338523a0
f82eef8e-ef96-49b0-8d46-8bd2bfd16475,366a998f-d20b-48c1-97c8-cf723bf4766e,2,op-,prefix,07e6b6fd-3e6e-42be-9cfe-11dcadb01cd9
f82eef8e-ef96-49b0-8d46-8bd2bfd16475,366a998f-d20b-48c1-97c8-cf723bf4766e,3,of-,prefix,366a998f-d20b-48c1-97c8-cf723bf4766e
8f0dcf5c-bcd3-466d-8bbb-9b1cc7608729,366a998f-d20b-48c1-97c8-cf723bf4766e,1,ob-,prefix,b9a3b672-0067-42ec-a917-dc17338523a0
8f0dcf5c-bcd3-466d-8bbb-9b1cc7608729,366a998f-d20b-48c1-97c8-cf723bf4766e,2,op-,prefix,07e6b6fd-3e6e-42be-9cfe-11dcadb01cd9
8f0dcf5c-bcd3-466d-8bbb-9b1cc7608729,366a998f-d20b-48c1-97c8-cf723bf4766e,3,of-,prefix,366a998f-d20b-48c1-97c8-cf723bf4766e
acd8d49f-4b2d-4cda-bcec-c4274f90f0d6,366a998f-d20b-48c1-97c8-cf723bf4766e,1,ob-,prefix,b9a3b672-0067-42ec-a917-dc17338523a0
acd8d49f-4b2d-4cda-bcec-c4274f90f0d6,366a998f-d20b-48c1-97c8-cf723bf4766e,2,op-,prefix,07e6b6fd-3e6e-42be-9cfe-11dcadb01cd9
acd8d49f-4b2d-4cda-bcec-c4274f90f0d6,366a998f-d20b-48c1-97c8-cf723bf4766e,3,of-,prefix,366a998f-d20b-48c1-97c8-cf723bf4766e
9583322d-2896-4645-be89-da62176e342d,366a998f-d20b-48c1-97c8-cf723bf4766e,1,ob-,prefix,b9a3b672-0067-42ec-a917-dc17338523a0
9583322d-2896-4645-be89-da62176e342d,366a998f-d20b-48c1-97c8-cf723bf4766e,2,op-,prefix,07e6b6fd-3e6e-42be-9cfe-11dcadb01cd9
9583322d-2896-4645-be89-da62176e342d,366a998f-d20b-48c1-97c8-cf723bf4766e,3,of-,prefix,366a998f-d20b-48c1-97c8-cf723bf4766e
8a7b0a72-91d9-4b58-9a7b-8d0bc87085f4,6e1bc3b8-14b3-446a-ad5b-3a7579e55790,1,go,word,535c367c-28d8-43a4-b511-d5a2b5d192b8
f5188523-e5aa-4c7f-b569-35fabf59e897,6e1bc3b8-14b3-446a-ad5b-3a7579e55790,1,go,word,535c367c-28d8-43a4-b511-d5a2b5d192b8
fe5c9d18-6fe3-4f4d-b3e1-d6f278abc3d3,6e1bc3b8-14b3-446a-ad5b-3a7579e55790,1,go,word,535c367c-28d8-43a4-b511-d5a2b5d192b8
e0c1b0cb-e30f-48c8-8671-7c4c31748601,dfd013a4-97a0-442d-85b7-d8f6c7abc40e,1,can,word,1a7fd486-6f5a-4d29-a48e-f09d1ec280aa
9639c8e8-b1a9-4d1a-b739-f71196d4d12b,a8708988-eb5a-4ffa-b297-64a54bc46fa8,1,you,word,fbc73d01-7864-49bf-b9f5-700f8fcaf68e
9639c8e8-b1a9-4d1a-b739-f71196d4d12b,a8708988-eb5a-4ffa-b297-64a54bc46fa8,2,only,word,6bf0967d-e569-468b-8a97-de0aebdf3bc5
98c7846e-15a5-4f13-af0f-2b1ad25ac804,a8708988-eb5a-4ffa-b297-64a54bc46fa8,1,you,word,fbc73d01-7864-49bf-b9f5-700f8fcaf68e
98c7846e-15a5-4f13-af0f-2b1ad25ac804,a8708988-eb5a-4ffa-b297-64a54bc46fa8,2,only,word,6bf0967d-e569-468b-8a97-de0aebdf3bc5
b8421571-b480-4de2-838f-122b842c14e1,a8708988-eb5a-4ffa-b297-64a54bc46fa8,1,you,word,fbc73d01-7864-49bf-b9f5-700f8fcaf68e
b8421571-b480-4de2-838f-122b842c14e1,a8708988-eb5a-4ffa-b297-64a54bc46fa8,2,only,word,6bf0967d-e569-468b-8a97-de0aebdf3bc5
c1558ecb-fe39-4f0f-8111-58a78e562937,eb2dab21-d31e-4dbd-bb90-255c046203a6,1,on,word,3090e71f-ead1-49e6-8ef2-520fb888aaf2
c1558ecb-fe39-4f0f-8111-58a78e562937,493cf183-c1c8-4a16-8100-554ddf5d8d10,1,a-,prefix,eb2dab21-d31e-4dbd-bb90-255c046203a6
c1558ecb-fe39-4f0f-8111-58a78e562937,493cf183-c1c8-4a16-8100-554ddf5d8d10,2,run,word,2e3e406a-0279-4c36-83fd-9afd6db3b8c3
60834b90-744e-4017-bab1-efd5ed4366a4,b59fb64a-6110-4b69-84e0-f9a00b678191,1,man,word,4b5ad6eb-4874-49e1-88ba-adc244daec95
81ebd87b-8be0-4e5f-b512-2ff61604d528,fee2eaef-926b-4097-920e-1069471116b2,1,pre-,prefix,eac011c0-2c1d-4077-a89b-3d698c27ca53
c29f095c-61b9-4e48-8d91-5e3ca3105cb1,2ec342b0-e4bc-419d-ae67-390149ddbd21,1,over,word,5bbd5dbe-032d-4060-936c-4088d18dce41
1f5bb3cc-a103-4049-b9bf-66e8f6945351,5a8f226c-92e4-46e9-9288-ba0016f3438b,1,op-,prefix,07e6b6fd-3e6e-42be-9cfe-11dcadb01cd9
45e86ed2-f0fa-4bac-9da2-5bb88e942ba0,5a8f226c-92e4-46e9-9288-ba0016f3438b,1,op-,prefix,07e6b6fd-3e6e-42be-9cfe-11dcadb01cd9
350e4dcc-efcd-4198-84b9-368b962ec1cb,eb2dab21-d31e-4dbd-bb90-255c046203a6,1,on,word,3090e71f-ead1-49e6-8ef2-520fb888aaf2
800eb4d0-ee0e-4a41-8449-668276049cbd,9bebcdf5-265c-4adc-8942-d7292f227ae6,1,quir,root,043a8e37-8b8c-4e2c-8cbc-fca2a2aa84b8
265a32dc-585e-444f-ba48-4f13f672ffc9,9bebcdf5-265c-4adc-8942-d7292f227ae6,1,quir,root,043a8e37-8b8c-4e2c-8cbc-fca2a2aa84b8
58ee379c-9b3c-4cde-99cc-ccce2f674712,f5920bd6-2656-4cc3-9501-62779c96715c,1,go,word,535c367c-28d8-43a4-b511-d5a2b5d192b8
58ee379c-9b3c-4cde-99cc-ccce2f674712,7d405d52-d862-46e0-aee4-f5232feea224,1,go,word,535c367c-28d8-43a4-b511-d5a2b5d192b8
58ee379c-9b3c-4cde-99cc-ccce2f674712,7d405d52-d862-46e0-aee4-f5232feea224,2,win,word,cb5f9e4a-1a64-4bec-87fa-83f73a7e6deb
f2a7568f-dd6e-4ca4-8070-5b7fee3a6d41,7d405d52-d862-46e0-aee4-f5232feea224,1,go,word,535c367c-28d8-43a4-b511-d5a2b5d192b8
f2a7568f-dd6e-4ca4-8070-5b7fee3a6d41,7d405d52-d862-46e0-aee4-f5232feea224,2,win,word,cb5f9e4a-1a64-4bec-87fa-83f73a7e6deb
ac6c8264-c078-434b-8d5f-c5ee664abc9a,4d3c63e8-fb05-4d57-8605-ac7b6e9b197a,1,all,word,1e210516-afc8-46dd-8111-c350ceb861c0
ac6c8264-c078-434b-8d5f-c5ee664abc9a,4d3c63e8-fb05-4d57-8605-ac7b6e9b197a,2,or,word,a7c220a8-67bf-4a61-a0a2-565df04fe116
57bf409a-af3a-4828-baf4-769a119a1b9c,4d3c63e8-fb05-4d57-8605-ac7b6e9b197a,1,all,word,1e210516-afc8-46dd-8111-c350ceb861c0
57bf409a-af3a-4828-baf4-769a119a1b9c,4d3c63e8-fb05-4d57-8605-ac7b6e9b197a,2,or,word,a7c220a8-67bf-4a61-a0a2-565df04fe116
4f70b2b9-649b-4295-8c60-9eba3e1118bf,4d3c63e8-fb05-4d57-8605-ac7b6e9b197a,1,all,word,1e210516-afc8-46dd-8111-c350ceb861c0
4f70b2b9-649b-4295-8c60-9eba3e1118bf,4d3c63e8-fb05-4d57-8605-ac7b6e9b197a,2,or,word,a7c220a8-67bf-4a61-a0a2-565df04fe116
fe01d66b-ca54-431b-bd48-6028dec4b58b,8845d935-09a5-45da-97b8-4dd591bfe148,1,out,word,2d8448d3-514e-49e3-97f9-290a5c552d4a
422f4870-66c2-44fd-80c0-72d6e38e6ea7,7eb5a206-712a-4e87-82b5-4c67e4b66792,1,air,word,9626b66e-4873-4129-9b40-4997f3d8cbf3
2b321bfd-3f64-4589-8158-84410a46173b,87b5a5f9-899f-4a80-8d77-d5d870af2e3b,1,three,word,4f694b4d-9e80-4ba6-a299-c9c2bcbbddc5
0d9986ef-d47b-469e-9c14-62c79c7cc274,87b5a5f9-899f-4a80-8d77-d5d870af2e3b,1,three,word,4f694b4d-9e80-4ba6-a299-c9c2bcbbddc5
0d9986ef-d47b-469e-9c14-62c79c7cc274,da7ad7d4-ce3d-4a90-bdfb-437f02b11666,1,way,word,30b4d743-0169-4879-96e9-9482e229c6a3
b864df3d-bd0b-453f-a82e-5fea41ec8ee5,1e4ea41c-ee64-4bce-aed5-5ba7b9bcccff,1,a-,prefix,eb2dab21-d31e-4dbd-bb90-255c046203a6
b864df3d-bd0b-453f-a82e-5fea41ec8ee5,1e4ea41c-ee64-4bce-aed5-5ba7b9bcccff,2,ab-,prefix,1e4ea41c-ee64-4bce-aed5-5ba7b9bcccff
b864df3d-bd0b-453f-a82e-5fea41ec8ee5,1e4ea41c-ee64-4bce-aed5-5ba7b9bcccff,3,ac-,prefix,313fe2aa-9acf-4e44-b215-3d94eac8de99
b864df3d-bd0b-453f-a82e-5fea41ec8ee5,1e4ea41c-ee64-4bce-aed5-5ba7b9bcccff,4,ad-,prefix,01e572b5-9046-4ae6-82df-91bb22b151d2
b864df3d-bd0b-453f-a82e-5fea41ec8ee5,1e4ea41c-ee64-4bce-aed5-5ba7b9bcccff,5,ap-,prefix,3015fc76-f4ec-4a6a-bc69-218e873a44f1
b864df3d-bd0b-453f-a82e-5fea41ec8ee5,1e4ea41c-ee64-4bce-aed5-5ba7b9bcccff,6,as-,prefix,eb377bec-24c3-4c39-84d6-2c688a20059a
b864df3d-bd0b-453f-a82e-5fea41ec8ee5,1e4ea41c-ee64-4bce-aed5-5ba7b9bcccff,7,at-,prefix,e63cdbbb-8bfb-442b-b49a-bd01c7f68aff
5e0f4e3b-5f6d-47d3-b9aa-3562a78b026b,b221c8b6-9f7f-47d3-9e9a-a55f96c6609d,1,no,word,1e07c7e4-8b6f-43c3-9c7a-9916d745441f
f247007c-bef5-49a1-8bf4-d314fb82f935,b221c8b6-9f7f-47d3-9e9a-a55f96c6609d,1,no,word,1e07c7e4-8b6f-43c3-9c7a-9916d745441f
6f8b9a43-f220-4ebb-a739-89f7b167cc6f,92e6d7a6-cfbd-4b66-9917-84698cfdb187,1,cess,root,f9d2941e-3c41-43cc-8f9e-36ee231fc15f
33e2433a-1921-4e8d-9c7e-318f5b692e90,e9081b64-24c5-45e6-ab9e-64161a4b9d55,1,in,word,84b42a02-b972-4109-ac42-7d04746f07c8
8a90cdad-4109-4cae-85a5-650f5326cad7,e9081b64-24c5-45e6-ab9e-64161a4b9d55,1,in,word,84b42a02-b972-4109-ac42-7d04746f07c8
2aed6cf8-d371-4141-a088-82add956d406,d4a5dc4c-daa6-4258-b4f3-4b4e9a43bba7,1,act,word,f6c6ec73-4848-4690-a4b6-c7be1e84aa13
b70c1798-0be0-4afd-a744-acdc783ed4ad,00769deb-290a-422a-b10f-8a664ae4c22e,1,stop,word,16520410-c9b1-4861-bb9f-ef49317990bf
dda8dc4b-d840-4ee7-b96c-635645f6633f,76b1c687-81a8-47f3-9478-d6fd3ce75779,1,two,word,2ac53c4e-83f1-4fa2-b36d-b6c0165e8246
9fa475dd-abc1-4f1b-8ae6-8f9845f1e8d0,b20ce0d2-8c4c-436f-9965-d737a31c79ff,1,all,word,1e210516-afc8-46dd-8111-c350ceb861c0
53914142-8814-49b8-abc9-07aedc128019,6b41e25b-c338-42bb-ab60-28e4d9297082,1,re-,prefix,25c9c982-54cc-42c6-8d13-31b6232755b7
53914142-8814-49b8-abc9-07aedc128019,eb2dab21-d31e-4dbd-bb90-255c046203a6,1,on,word,3090e71f-ead1-49e6-8ef2-520fb888aaf2
e22a5652-743e-48ef-9a83-772efc87cfed,e2886367-ddff-431b-895d-7f71b5981411,1,care,word,69493fae-4e11-41e4-a525-c15f83022370
eff7d9e6-bda4-4c57-a9a0-62466668a8c2,e2886367-ddff-431b-895d-7f71b5981411,1,care,word,69493fae-4e11-41e4-a525-c15f83022370
c0e335bb-c800-4410-aa55-86cb3a869af6,da7ad7d4-ce3d-4a90-bdfb-437f02b11666,1,way,word,30b4d743-0169-4879-96e9-9482e229c6a3
9ffca7ac-a778-40e0-9494-7b93c0c90d8a,eb2dab21-d31e-4dbd-bb90-255c046203a6,1,on,word,3090e71f-ead1-49e6-8ef2-520fb888aaf2
9ffca7ac-a778-40e0-9494-7b93c0c90d8a,2bbc0055-e9b5-45cf-9630-1372e86fc1bd,1,a-,prefix,eb2dab21-d31e-4dbd-bb90-255c046203a6
8f8136fa-df90-4a3a-beb6-33759ea3e48d,2bbc0055-e9b5-45cf-9630-1372e86fc1bd,1,a-,prefix,eb2dab21-d31e-4dbd-bb90-255c046203a6
3970c5ca-3094-4b47-a869-9ace021c8c2d,01e572b5-9046-4ae6-82df-91bb22b151d2,1,at,word,9c2f1b32-39ad-4c43-8c8d-ae84d4272e3b
c0066b6b-0569-4c7d-9a15-0711a22a9141,f3043748-2a8e-416f-87b5-bff450e022d9,1,at,word,9c2f1b32-39ad-4c43-8c8d-ae84d4272e3b
1c424e43-de5c-46d9-afef-56c81ab4aa08,f3043748-2a8e-416f-87b5-bff450e022d9,1,at,word,9c2f1b32-39ad-4c43-8c8d-ae84d4272e3b
303ae067-ad8c-452e-88f1-e2b778d71b7f,f3043748-2a8e-416f-87b5-bff450e022d9,1,at,word,9c2f1b32-39ad-4c43-8c8d-ae84d4272e3b
71ed2f08-7d07-439c-b840-c5532a93ea72,f3043748-2a8e-416f-87b5-bff450e022d9,1,at,word,9c2f1b32-39ad-4c43-8c8d-ae84d4272e3b
71cff60c-c584-461b-9899-6fa5326048d4,eb2dab21-d31e-4dbd-bb90-255c046203a6,1,on,word,3090e71f-ead1-49e6-8ef2-520fb888aaf2
44fef064-0bd9-4775-bb77-a9bd09d2374c,4d22bb9d-4552-43b5-9fb3-6e5f6080ae8e,1,at,word,9c2f1b32-39ad-4c43-8c8d-ae84d4272e3b
44fef064-0bd9-4775-bb77-a9bd09d2374c,4d22bb9d-4552-43b5-9fb3-6e5f6080ae8e,2,a-,prefix,eb2dab21-d31e-4dbd-bb90-255c046203a6
44fef064-0bd9-4775-bb77-a9bd09d2374c,4d22bb9d-4552-43b5-9fb3-6e5f6080ae8e,3,al-,prefix,4d22bb9d-4552-43b5-9fb3-6e5f6080ae8e
44fef064-0bd9-4775-bb77-a9bd09d2374c,4d22bb9d-4552-43b5-9fb3-6e5f6080ae8e,4,ab-,prefix,1e4ea41c-ee64-4bce-aed5-5ba7b9bcccff
44fef064-0bd9-4775-bb77-a9bd09d2374c,4d22bb9d-4552-43b5-9fb3-6e5f6080ae8e,5,ac-,prefix,313fe2aa-9acf-4e44-b215-3d94eac8de99
44fef064-0bd9-4775-bb77-a9bd09d2374c,4d22bb9d-4552-43b5-9fb3-6e5f6080ae8e,6,ad-,prefix,01e572b5-9046-4ae6-82df-91bb22b151d2
44fef064-0bd9-4775-bb77-a9bd09d2374c,4d22bb9d-4552-43b5-9fb3-6e5f6080ae8e,7,ap-,prefix,3015fc76-f4ec-4a6a-bc69-218e873a44f1
44fef064-0bd9-4775-bb77-a9bd09d2374c,4d22bb9d-4552-43b5-9fb3-6e5f6080ae8e,8,as-,prefix,eb377bec-24c3-4c39-84d6-2c688a20059a
44fef064-0bd9-4775-bb77-a9bd09d2374c,4d22bb9d-4552-43b5-9fb3-6e5f6080ae8e,9,at-,prefix,e63cdbbb-8bfb-442b-b49a-bd01c7f68aff
b621a398-73bb-4da9-907b-c70431fbb91b,4d22bb9d-4552-43b5-9fb3-6e5f6080ae8e,1,at,word,9c2f1b32-39ad-4c43-8c8d-ae84d4272e3b
b621a398-73bb-4da9-907b-c70431fbb91b,4d22bb9d-4552-43b5-9fb3-6e5f6080ae8e,2,a-,prefix,eb2dab21-d31e-4dbd-bb90-255c046203a6
b621a398-73bb-4da9-907b-c70431fbb91b,4d22bb9d-4552-43b5-9fb3-6e5f6080ae8e,3,al-,prefix,4d22bb9d-4552-43b5-9fb3-6e5f6080ae8e
b621a398-73bb-4da9-907b-c70431fbb91b,4d22bb9d-4552-43b5-9fb3-6e5f6080ae8e,4,ab-,prefix,1e4ea41c-ee64-4bce-aed5-5ba7b9bcccff
b621a398-73bb-4da9-907b-c70431fbb91b,4d22bb9d-4552-43b5-9fb3-6e5f6080ae8e,5,ac-,prefix,313fe2aa-9acf-4e44-b215-3d94eac8de99
b621a398-73bb-4da9-907b-c70431fbb91b,4d22bb9d-4552-43b5-9fb3-6e5f6080ae8e,6,ad-,prefix,01e572b5-9046-4ae6-82df-91bb22b151d2
b621a398-73bb-4da9-907b-c70431fbb91b,4d22bb9d-4552-43b5-9fb3-6e5f6080ae8e,7,ap-,prefix,3015fc76-f4ec-4a6a-bc69-218e873a44f1
b621a398-73bb-4da9-907b-c70431fbb91b,4d22bb9d-4552-43b5-9fb3-6e5f6080ae8e,8,as-,prefix,eb377bec-24c3-4c39-84d6-2c688a20059a
b621a398-73bb-4da9-907b-c70431fbb91b,4d22bb9d-4552-43b5-9fb3-6e5f6080ae8e,9,at-,prefix,e63cdbbb-8bfb-442b-b49a-bd01c7f68aff
20b665f1-dc6c-41f3-86d5-d7c219b05eb2,2fe3292c-d5ba-43a0-858f-3fc9ce5afeae,1,fac,root,466f5a5c-cb68-45f0-8516-71ae148bc3a9
01c70477-f18a-44b7-8f90-1b17ec3de778,3015fc76-f4ec-4a6a-bc69-218e873a44f1,1,at,word,9c2f1b32-39ad-4c43-8c8d-ae84d4272e3b
9e3e7b03-4ae4-46d4-bcd8-eabb7db61f3e,775ddff0-40ce-4374-a7e4-30edb50f338b,1,at,word,9c2f1b32-39ad-4c43-8c8d-ae84d4272e3b
9e3e7b03-4ae4-46d4-bcd8-eabb7db61f3e,775ddff0-40ce-4374-a7e4-30edb50f338b,2,a-,prefix,eb2dab21-d31e-4dbd-bb90-255c046203a6
9e3e7b03-4ae4-46d4-bcd8-eabb7db61f3e,775ddff0-40ce-4374-a7e4-30edb50f338b,3,ar-,prefix,775ddff0-40ce-4374-a7e4-30edb50f338b
9e3e7b03-4ae4-46d4-bcd8-eabb7db61f3e,775ddff0-40ce-4374-a7e4-30edb50f338b,4,ab-,prefix,1e4ea41c-ee64-4bce-aed5-5ba7b9bcccff
9e3e7b03-4ae4-46d4-bcd8-eabb7db61f3e,775ddff0-40ce-4374-a7e4-30edb50f338b,5,ac-,prefix,313fe2aa-9acf-4e44-b215-3d94eac8de99
9e3e7b03-4ae4-46d4-bcd8-eabb7db61f3e,775ddff0-40ce-4374-a7e4-30edb50f338b,6,ad-,prefix,01e572b5-9046-4ae6-82df-91bb22b151d2
9e3e7b03-4ae4-46d4-bcd8-eabb7db61f3e,775ddff0-40ce-4374-a7e4-30edb50f338b,7,ap-,prefix,3015fc76-f4ec-4a6a-bc69-218e873a44f1
9e3e7b03-4ae4-46d4-bcd8-eabb7db61f3e,775ddff0-40ce-4374-a7e4-30edb50f338b,8,as-,prefix,eb377bec-24c3-4c39-84d6-2c688a20059a
9e3e7b03-4ae4-46d4-bcd8-eabb7db61f3e,775ddff0-40ce-4374-a7e4-30edb50f338b,9,at-,prefix,e63cdbbb-8bfb-442b-b49a-bd01c7f68aff
8f1a7135-e75f-48f1-8282-0df1114eda28,98e6651d-8b5e-462a-adb2-dc5da6edb65c,1,come,word,bed2da61-da50-4e6e-ad60-0caa543d62a8
f7662a15-76e2-4ee8-b0e3-d24ec3c17c3a,98e6651d-8b5e-462a-adb2-dc5da6edb65c,1,come,word,bed2da61-da50-4e6e-ad60-0caa543d62a8
c524ebfb-1482-4f2b-8c63-93cdb87ad82d,775ddff0-40ce-4374-a7e4-30edb50f338b,1,at,word,9c2f1b32-39ad-4c43-8c8d-ae84d4272e3b
c524ebfb-1482-4f2b-8c63-93cdb87ad82d,775ddff0-40ce-4374-a7e4-30edb50f338b,2,a-,prefix,eb2dab21-d31e-4dbd-bb90-255c046203a6
c524ebfb-1482-4f2b-8c63-93cdb87ad82d,775ddff0-40ce-4374-a7e4-30edb50f338b,3,ar-,prefix,775ddff0-40ce-4374-a7e4-30edb50f338b
c524ebfb-1482-4f2b-8c63-93cdb87ad82d,775ddff0-40ce-4374-a7e4-30edb50f338b,4,ab-,prefix,1e4ea41c-ee64-4bce-aed5-5ba7b9bcccff
c524ebfb-1482-4f2b-8c63-93cdb87ad82d,775ddff0-40ce-4374-a7e4-30edb50f338b,5,ac-,prefix,313fe2aa-9acf-4e44-b215-3d94eac8de99
c524ebfb-1482-4f2b-8c63-93cdb87ad82d,775ddff0-40ce-4374-a7e4-30edb50f338b,6,ad-,prefix,01e572b5-9046-4ae6-82df-91bb22b151d2
c524ebfb-1482-4f2b-8c63-93cdb87ad82d,775ddff0-40ce-4374-a7e4-30edb50f338b,7,ap-,prefix,3015fc76-f4ec-4a6a-bc69-218e873a44f1
c524ebfb-1482-4f2b-8c63-93cdb87ad82d,775ddff0-40ce-4374-a7e4-30edb50f338b,8,as-,prefix,eb377bec-24c3-4c39-84d6-2c688a20059a
c524ebfb-1482-4f2b-8c63-93cdb87ad82d,775ddff0-40ce-4374-a7e4-30edb50f338b,9,at-,prefix,e63cdbbb-8bfb-442b-b49a-bd01c7f68aff
9064b6d8-46f7-486a-bc49-64ee5b536ba1,775ddff0-40ce-4374-a7e4-30edb50f338b,1,at,word,9c2f1b32-39ad-4c43-8c8d-ae84d4272e3b
9064b6d8-46f7-486a-bc49-64ee5b536ba1,775ddff0-40ce-4374-a7e4-30edb50f338b,2,a-,prefix,eb2dab21-d31e-4dbd-bb90-255c046203a6
9064b6d8-46f7-486a-bc49-64ee5b536ba1,775ddff0-40ce-4374-a7e4-30edb50f338b,3,ar-,prefix,775ddff0-40ce-4374-a7e4-30edb50f338b
9064b6d8-46f7-486a-bc49-64ee5b536ba1,775ddff0-40ce-4374-a7e4-30edb50f338b,4,ab-,prefix,1e4ea41c-ee64-4bce-aed5-5ba7b9bcccff
9064b6d8-46f7-486a-bc49-64ee5b536ba1,775ddff0-40ce-4374-a7e4-30edb50f338b,5,ac-,prefix,313fe2aa-9acf-4e44-b215-3d94eac8de99
9064b6d8-46f7-486a-bc49-64ee5b536ba1,775ddff0-40ce-4374-a7e4-30edb50f338b,6,ad-,prefix,01e572b5-9046-4ae6-82df-91bb22b151d2
9064b6d8-46f7-486a-bc49-64ee5b536ba1,775ddff0-40ce-4374-a7e4-30edb50f338b,7,ap-,prefix,3015fc76-f4ec-4a6a-bc69-218e873a44f1
9064b6d8-46f7-486a-bc49-64ee5b536ba1,775ddff0-40ce-4374-a7e4-30edb50f338b,8,as-,prefix,eb377bec-24c3-4c39-84d6-2c688a20059a
9064b6d8-46f7-486a-bc49-64ee5b536ba1,775ddff0-40ce-4374-a7e4-30edb50f338b,9,at-,prefix,e63cdbbb-8bfb-442b-b49a-bd01c7f68aff
0d6705d1-19c8-48c6-9eb4-00b646dd75ab,eb2dab21-d31e-4dbd-bb90-255c046203a6,1,on,word,3090e71f-ead1-49e6-8ef2-520fb888aaf2
5028dd9b-b8a6-4875-8451-fd8303206cd1,1e4ea41c-ee64-4bce-aed5-5ba7b9bcccff,1,a-,prefix,eb2dab21-d31e-4dbd-bb90-255c046203a6
5028dd9b-b8a6-4875-8451-fd8303206cd1,1e4ea41c-ee64-4bce-aed5-5ba7b9bcccff,2,ab-,prefix,1e4ea41c-ee64-4bce-aed5-5ba7b9bcccff
5028dd9b-b8a6-4875-8451-fd8303206cd1,1e4ea41c-ee64-4bce-aed5-5ba7b9bcccff,3,ac-,prefix,313fe2aa-9acf-4e44-b215-3d94eac8de99
5028dd9b-b8a6-4875-8451-fd8303206cd1,1e4ea41c-ee64-4bce-aed5-5ba7b9bcccff,4,ad-,prefix,01e572b5-9046-4ae6-82df-91bb22b151d2
5028dd9b-b8a6-4875-8451-fd8303206cd1,1e4ea41c-ee64-4bce-aed5-5ba7b9bcccff,5,ap-,prefix,3015fc76-f4ec-4a6a-bc69-218e873a44f1
5028dd9b-b8a6-4875-8451-fd8303206cd1,1e4ea41c-ee64-4bce-aed5-5ba7b9bcccff,6,as-,prefix,eb377bec-24c3-4c39-84d6-2c688a20059a
5028dd9b-b8a6-4875-8451-fd8303206cd1,1e4ea41c-ee64-4bce-aed5-5ba7b9bcccff,7,at-,prefix,e63cdbbb-8bfb-442b-b49a-bd01c7f68aff
1bd11949-af31-45da-8918-87eec4eb5a2b,1e4ea41c-ee64-4bce-aed5-5ba7b9bcccff,1,a-,prefix,eb2dab21-d31e-4dbd-bb90-255c046203a6
1bd11949-af31-45da-8918-87eec4eb5a2b,1e4ea41c-ee64-4bce-aed5-5ba7b9bcccff,2,ab-,prefix,1e4ea41c-ee64-4bce-aed5-5ba7b9bcccff
1bd11949-af31-45da-8918-87eec4eb5a2b,1e4ea41c-ee64-4bce-aed5-5ba7b9bcccff,3,ac-,prefix,313fe2aa-9acf-4e44-b215-3d94eac8de99
1bd11949-af31-45da-8918-87eec4eb5a2b,1e4ea41c-ee64-4bce-aed5-5ba7b9bcccff,4,ad-,prefix,01e572b5-9046-4ae6-82df-91bb22b151d2
1bd11949-af31-45da-8918-87eec4eb5a2b,1e4ea41c-ee64-4bce-aed5-5ba7b9bcccff,5,ap-,prefix,3015fc76-f4ec-4a6a-bc69-218e873a44f1
1bd11949-af31-45da-8918-87eec4eb5a2b,1e4ea41c-ee64-4bce-aed5-5ba7b9bcccff,6,as-,prefix,eb377bec-24c3-4c39-84d6-2c688a20059a
1bd11949-af31-45da-8918-87eec4eb5a2b,1e4ea41c-ee64-4bce-aed5-5ba7b9bcccff,7,at-,prefix,e63cdbbb-8bfb-442b-b49a-bd01c7f68aff
6ea59938-d611-483a-8712-e92664931437,eb377bec-24c3-4c39-84d6-2c688a20059a,1,at,word,9c2f1b32-39ad-4c43-8c8d-ae84d4272e3b
6ea59938-d611-483a-8712-e92664931437,eb377bec-24c3-4c39-84d6-2c688a20059a,2,a-,prefix,eb2dab21-d31e-4dbd-bb90-255c046203a6
6ea59938-d611-483a-8712-e92664931437,eb377bec-24c3-4c39-84d6-2c688a20059a,3,ab-,prefix,1e4ea41c-ee64-4bce-aed5-5ba7b9bcccff
6ea59938-d611-483a-8712-e92664931437,eb377bec-24c3-4c39-84d6-2c688a20059a,4,ac-,prefix,313fe2aa-9acf-4e44-b215-3d94eac8de99
6ea59938-d611-483a-8712-e92664931437,eb377bec-24c3-4c39-84d6-2c688a20059a,5,ad-,prefix,01e572b5-9046-4ae6-82df-91bb22b151d2
6ea59938-d611-483a-8712-e92664931437,eb377bec-24c3-4c39-84d6-2c688a20059a,6,ap-,prefix,3015fc76-f4ec-4a6a-bc69-218e873a44f1
6ea59938-d611-483a-8712-e92664931437,eb377bec-24c3-4c39-84d6-2c688a20059a,7,as-,prefix,eb377bec-24c3-4c39-84d6-2c688a20059a
6ea59938-d611-483a-8712-e92664931437,eb377bec-24c3-4c39-84d6-2c688a20059a,8,at-,prefix,e63cdbbb-8bfb-442b-b49a-bd01c7f68aff
90cbf0da-a4dd-418d-ace0-6decc8447ebf,eb2dab21-d31e-4dbd-bb90-255c046203a6,1,on,word,3090e71f-ead1-49e6-8ef2-520fb888aaf2
4b06d76c-5266-4b36-a9a5-77c9f187082a,d58c2747-b732-4063-80d0-cf4f43093010,1,-s,suffix,fa6eab22-d8bc-49ff-bf8f-f19761221b14
4b06d76c-5266-4b36-a9a5-77c9f187082a,2fe3292c-d5ba-43a0-858f-3fc9ce5afeae,1,fac,root,466f5a5c-cb68-45f0-8516-71ae148bc3a9
5d94a86e-3116-4302-bb53-1a83749d21ef,eb2dab21-d31e-4dbd-bb90-255c046203a6,1,on,word,3090e71f-ead1-49e6-8ef2-520fb888aaf2
5d94a86e-3116-4302-bb53-1a83749d21ef,3b155e2d-539b-484a-a0aa-388361a6d918,1,and,word,1d92f9a0-bab2-4fe1-add9-4e8f8c3b065a
2129430f-6d5e-4461-9131-072515ed9a93,3b155e2d-539b-484a-a0aa-388361a6d918,1,and,word,1d92f9a0-bab2-4fe1-add9-4e8f8c3b065a
c9de4ac6-28e1-44f9-9adf-c971c488554c,c51a8e11-69c9-4469-b362-65f433a0d955,1,come,word,bed2da61-da50-4e6e-ad60-0caa543d62a8
c9de4ac6-28e1-44f9-9adf-c971c488554c,d32054d5-6cb8-45ff-be94-6d47bc39f4bd,1,com-,prefix,c51a8e11-69c9-4469-b362-65f433a0d955
58fb56ce-df15-45ee-b584-8ac038895395,d32054d5-6cb8-45ff-be94-6d47bc39f4bd,1,com-,prefix,c51a8e11-69c9-4469-b362-65f433a0d955
827d431b-1de8-4984-9aa4-8f7e0aac1c83,a9315268-e41b-41b1-ad0e-1e06a8d25808,1,know,word,c719a600-5928-4bf7-bdf6-fde64f9b3177
49d05b22-2649-4206-bec0-fc5bfb91edc2,eb2dab21-d31e-4dbd-bb90-255c046203a6,1,on,word,3090e71f-ead1-49e6-8ef2-520fb888aaf2
989ea3bf-b2d5-44f4-8280-587c2bca482f,c51a8e11-69c9-4469-b362-65f433a0d955,1,come,word,bed2da61-da50-4e6e-ad60-0caa543d62a8
989ea3bf-b2d5-44f4-8280-587c2bca482f,f5eec5fb-dfb7-48e2-ae34-fc699894037b,1,man,word,4b5ad6eb-4874-49e1-88ba-adc244daec95
4f538085-0ac3-4978-9be4-4ff1f97803df,c51a8e11-69c9-4469-b362-65f433a0d955,1,come,word,bed2da61-da50-4e6e-ad60-0caa543d62a8
d100c1a2-70ba-4a38-88d8-fbac57c35ef7,98e6651d-8b5e-462a-adb2-dc5da6edb65c,1,come,word,bed2da61-da50-4e6e-ad60-0caa543d62a8
d100c1a2-70ba-4a38-88d8-fbac57c35ef7,92e6d7a6-cfbd-4b66-9917-84698cfdb187,1,cess,root,f9d2941e-3c41-43cc-8f9e-36ee231fc15f
611a4a07-ed91-4155-a28e-ca53e1d641c2,98e6651d-8b5e-462a-adb2-dc5da6edb65c,1,come,word,bed2da61-da50-4e6e-ad60-0caa543d62a8
8ce34d3b-ed6d-47f2-b81b-df18bf850836,98e6651d-8b5e-462a-adb2-dc5da6edb65c,1,come,word,bed2da61-da50-4e6e-ad60-0caa543d62a8
1c8ec43c-4b6f-46b1-8bd3-cfafc4629930,98e6651d-8b5e-462a-adb2-dc5da6edb65c,1,come,word,bed2da61-da50-4e6e-ad60-0caa543d62a8
cf3a4a6d-973b-49bf-9a8e-7450e2b4f159,e63cdbbb-8bfb-442b-b49a-bd01c7f68aff,1,at,word,9c2f1b32-39ad-4c43-8c8d-ae84d4272e3b
086a1f89-a88f-4067-b64d-6778eaf89c33,e63cdbbb-8bfb-442b-b49a-bd01c7f68aff,1,at,word,9c2f1b32-39ad-4c43-8c8d-ae84d4272e3b
6c70d63d-20e3-46f2-af00-7aa5ed5674f8,16f43930-667f-4d88-aced-9c31c09be9d5,1,come,word,bed2da61-da50-4e6e-ad60-0caa543d62a8
39bb157e-5033-477f-be76-4624ee3c7aa3,16f43930-667f-4d88-aced-9c31c09be9d5,1,come,word,bed2da61-da50-4e6e-ad60-0caa543d62a8
4fa6a995-59c9-4c96-b9df-aed35970310c,16f43930-667f-4d88-aced-9c31c09be9d5,1,come,word,bed2da61-da50-4e6e-ad60-0caa543d62a8
e94d41fa-ef48-4d72-a526-0bd3d618f3df,e6d71b06-686f-4bdf-a4ff-7013d8aacdf9,1,see,word,e7c93797-0833-40e6-b0db-eff1df71c656
de1be7fa-73aa-42b3-85de-5d76d46c8a4c,98e6651d-8b5e-462a-adb2-dc5da6edb65c,1,come,word,bed2da61-da50-4e6e-ad60-0caa543d62a8
371851ba-ad67-404e-bf68-42c4f9f56a54,98e6651d-8b5e-462a-adb2-dc5da6edb65c,1,come,word,bed2da61-da50-4e6e-ad60-0caa543d62a8
cd51261b-2bd1-49e3-9075-0afe71fabcd4,98e6651d-8b5e-462a-adb2-dc5da6edb65c,1,come,word,bed2da61-da50-4e6e-ad60-0caa543d62a8
ea2d4a70-019b-4514-b479-a56a2ac73815,c51a8e11-69c9-4469-b362-65f433a0d955,1,come,word,bed2da61-da50-4e6e-ad60-0caa543d62a8
ea2d4a70-019b-4514-b479-a56a2ac73815,d45616c9-cc3f-4c5e-8516-6bec74b7ed38,1,come,word,bed2da61-da50-4e6e-ad60-0caa543d62a8
82d1e2f4-1f78-4184-9537-11e24d177e3c,d45616c9-cc3f-4c5e-8516-6bec74b7ed38,1,come,word,bed2da61-da50-4e6e-ad60-0caa543d62a8
b63c2ea8-1951-4b37-975c-b1b257cac72d,a9315268-e41b-41b1-ad0e-1e06a8d25808,1,know,word,c719a600-5928-4bf7-bdf6-fde64f9b3177
b720e469-04c4-413a-bd4c-c27d508e5a68,a9315268-e41b-41b1-ad0e-1e06a8d25808,1,know,word,c719a600-5928-4bf7-bdf6-fde64f9b3177
ab21075b-75a8-4ece-b0dd-5b384118f804,98e6651d-8b5e-462a-adb2-dc5da6edb65c,1,come,word,bed2da61-da50-4e6e-ad60-0caa543d62a8
90eaa7b4-f0f1-4e3d-8836-08e3e27c5e5b,da7ad7d4-ce3d-4a90-bdfb-437f02b11666,1,way,word,30b4d743-0169-4879-96e9-9482e229c6a3
a2144926-aba3-4c21-86b5-7c6fafd401ac,da7ad7d4-ce3d-4a90-bdfb-437f02b11666,1,way,word,30b4d743-0169-4879-96e9-9482e229c6a3
ce66e0a0-fa4b-4925-8df5-df7421924c16,98e6651d-8b5e-462a-adb2-dc5da6edb65c,1,come,word,bed2da61-da50-4e6e-ad60-0caa543d62a8
a01530c6-ec83-446c-ab12-f7bf28c55c49,98e6651d-8b5e-462a-adb2-dc5da6edb65c,1,come,word,bed2da61-da50-4e6e-ad60-0caa543d62a8
7f3aeefd-9501-431c-b18e-2e831e3ddc90,df9680aa-6e82-44b9-8951-41ec916473cd,1,pen,word,a78fd673-7cbb-42b2-b05c-653517f4925d
7f3aeefd-9501-431c-b18e-2e831e3ddc90,df9680aa-6e82-44b9-8951-41ec916473cd,2,pend,root,907b89ca-d786-43a8-8132-fbd6d1d7a3ad
cd334e9b-edab-4ea3-b6f1-7fc3728ee908,98e6651d-8b5e-462a-adb2-dc5da6edb65c,1,come,word,bed2da61-da50-4e6e-ad60-0caa543d62a8
ef625331-a691-448f-b71a-a3e184b45e9e,98e6651d-8b5e-462a-adb2-dc5da6edb65c,1,come,word,bed2da61-da50-4e6e-ad60-0caa543d62a8
fa67e567-de32-46c2-be5b-772afc89b0fe,4e51d4ba-6b93-4de1-86dc-ebc0ff74ac3f,1,-t,suffix,902260c2-0a41-46d9-8130-90955ee5437e
2ebe9285-f6e3-42b2-951a-71f280ba8346,606f0657-e3c3-4875-ae15-d3df3bcea7c6,1,bus,word,16f4f7bd-e794-454b-9be7-a75569b5fa50
88cf6b53-bf61-4297-b4ac-2bf6df0f8f91,fadba86c-a251-4512-82cd-84fb84f6247a,1,it,word,b53c2e40-e251-43a1-90b3-1d0a5f9f9dff
83e382be-8e87-430b-9ac9-f091266f4abb,fadba86c-a251-4512-82cd-84fb84f6247a,1,it,word,b53c2e40-e251-43a1-90b3-1d0a5f9f9dff
299962e2-ab0f-42d2-bbb7-119f1416dd0b,98e6651d-8b5e-462a-adb2-dc5da6edb65c,1,come,word,bed2da61-da50-4e6e-ad60-0caa543d62a8
299962e2-ab0f-42d2-bbb7-119f1416dd0b,a9315268-e41b-41b1-ad0e-1e06a8d25808,1,know,word,c719a600-5928-4bf7-bdf6-fde64f9b3177
9fcaea1b-3ddc-4f55-9fe9-cdb431d0cd2c,de761270-a58d-4822-8a24-110b2521fb24,1,in,word,84b42a02-b972-4109-ac42-7d04746f07c8
ff45acb8-8056-4a31-9a4d-6cac75376412,de761270-a58d-4822-8a24-110b2521fb24,1,in,word,84b42a02-b972-4109-ac42-7d04746f07c8
63abb5f6-ec5d-4326-a16d-ffcf2f1a6c8b,de761270-a58d-4822-8a24-110b2521fb24,1,in,word,84b42a02-b972-4109-ac42-7d04746f07c8
7f75f132-35a8-4d41-918c-fc67802fb0f5,de761270-a58d-4822-8a24-110b2521fb24,1,in,word,84b42a02-b972-4109-ac42-7d04746f07c8
25b92825-d865-4ad2-9e9c-6138ad480e0a,cf319a74-0fae-4e46-9b78-136c6c6d3ea4,1,-t,suffix,902260c2-0a41-46d9-8130-90955ee5437e
25b92825-d865-4ad2-9e9c-6138ad480e0a,cf319a74-0fae-4e46-9b78-136c6c6d3ea4,2,-st,suffix,5e4cc57a-981b-47ea-b8be-ffe5db0ce603
9379bdda-12b7-4439-b162-931decedb675,de761270-a58d-4822-8a24-110b2521fb24,1,in,word,84b42a02-b972-4109-ac42-7d04746f07c8
9379bdda-12b7-4439-b162-931decedb675,cf319a74-0fae-4e46-9b78-136c6c6d3ea4,1,-t,suffix,902260c2-0a41-46d9-8130-90955ee5437e
9379bdda-12b7-4439-b162-931decedb675,cf319a74-0fae-4e46-9b78-136c6c6d3ea4,2,-st,suffix,5e4cc57a-981b-47ea-b8be-ffe5db0ce603
104f314f-93e9-4d31-8678-c01209d87f3f,de761270-a58d-4822-8a24-110b2521fb24,1,in,word,84b42a02-b972-4109-ac42-7d04746f07c8
104f314f-93e9-4d31-8678-c01209d87f3f,cf319a74-0fae-4e46-9b78-136c6c6d3ea4,1,-t,suffix,902260c2-0a41-46d9-8130-90955ee5437e
104f314f-93e9-4d31-8678-c01209d87f3f,cf319a74-0fae-4e46-9b78-136c6c6d3ea4,2,-st,suffix,5e4cc57a-981b-47ea-b8be-ffe5db0ce603
f392b229-f3da-4d76-a8ad-a8e2a18c7a39,de761270-a58d-4822-8a24-110b2521fb24,1,in,word,84b42a02-b972-4109-ac42-7d04746f07c8
60664a8a-24d4-4fe7-92c9-3c97002e9b0a,d792685e-66be-4341-991d-a5bb8f571506,1,can,word,1a7fd486-6f5a-4d29-a48e-f09d1ec280aa
dd9704b8-2404-4a3c-bc63-043237d3d6e9,d792685e-66be-4341-991d-a5bb8f571506,1,can,word,1a7fd486-6f5a-4d29-a48e-f09d1ec280aa
d1739cb9-8f62-40a2-8c51-f5305c0514d2,e9081b64-24c5-45e6-ab9e-64161a4b9d55,1,in,word,84b42a02-b972-4109-ac42-7d04746f07c8
48bb1e81-9f09-4d23-92da-360550b6b276,de761270-a58d-4822-8a24-110b2521fb24,1,in,word,84b42a02-b972-4109-ac42-7d04746f07c8
797fb852-7d37-4a6e-942e-799abdb42820,98e6651d-8b5e-462a-adb2-dc5da6edb65c,1,come,word,bed2da61-da50-4e6e-ad60-0caa543d62a8
52bc3952-7b72-451c-84ba-6e6e0f72f02e,98e6651d-8b5e-462a-adb2-dc5da6edb65c,1,come,word,bed2da61-da50-4e6e-ad60-0caa543d62a8
c9dc7047-da99-4126-8a86-32b7f2b56d93,9641a056-373a-46f3-b851-4fd0f9cf194d,1,do,word,0b61f0c3-d9df-4958-8fcb-30d2243cd4af
c9dc7047-da99-4126-8a86-32b7f2b56d93,9641a056-373a-46f3-b851-4fd0f9cf194d,2,girl,word,3c522106-0c41-467f-b787-de56fd2e4bdc
5a9b82f9-09a5-44dd-abf9-a7386a625807,9641a056-373a-46f3-b851-4fd0f9cf194d,1,do,word,0b61f0c3-d9df-4958-8fcb-30d2243cd4af
5a9b82f9-09a5-44dd-abf9-a7386a625807,9641a056-373a-46f3-b851-4fd0f9cf194d,2,girl,word,3c522106-0c41-467f-b787-de56fd2e4bdc
a1a012a3-20ff-4a55-bb1a-96a07d1e8248,ae5522fc-65cf-47b7-9577-4e782649516d,1,in,word,84b42a02-b972-4109-ac42-7d04746f07c8
d8792d31-f0e6-4fcc-b499-24c3e0046ab6,98e6651d-8b5e-462a-adb2-dc5da6edb65c,1,come,word,bed2da61-da50-4e6e-ad60-0caa543d62a8
65f9a4ba-0a88-4c53-a2a2-363ad420fb67,98e6651d-8b5e-462a-adb2-dc5da6edb65c,1,come,word,bed2da61-da50-4e6e-ad60-0caa543d62a8
4e9946c9-5675-4ef4-9be5-38db0c978da4,ea404a62-bc91-48a9-96ec-981aa2a018dc,1,mini,word,e5149dd5-3c37-4c31-b9bb-a576cc6bbafa
4e9946c9-5675-4ef4-9be5-38db0c978da4,ea404a62-bc91-48a9-96ec-981aa2a018dc,2,in,word,84b42a02-b972-4109-ac42-7d04746f07c8
f7e11bfa-16df-4213-a0ac-54b5a483a483,931de145-c003-4467-a432-bee52fd17b28,1,ex-,prefix,0e1e4834-1d6f-4546-8d73-edafa036bb02
f7e11bfa-16df-4213-a0ac-54b5a483a483,bbb2513e-9f1e-426f-b0b3-b23808d86310,1,way,word,30b4d743-0169-4879-96e9-9482e229c6a3
c6186576-0d5f-4515-920b-5d84bdce3591,931de145-c003-4467-a432-bee52fd17b28,1,ex-,prefix,0e1e4834-1d6f-4546-8d73-edafa036bb02
c6186576-0d5f-4515-920b-5d84bdce3591,bbb2513e-9f1e-426f-b0b3-b23808d86310,1,way,word,30b4d743-0169-4879-96e9-9482e229c6a3
f62ad8a5-36e9-48f3-8b61-47e8fd7ce981,c51a8e11-69c9-4469-b362-65f433a0d955,1,come,word,bed2da61-da50-4e6e-ad60-0caa543d62a8
f62ad8a5-36e9-48f3-8b61-47e8fd7ce981,f5eec5fb-dfb7-48e2-ae34-fc699894037b,1,man,word,4b5ad6eb-4874-49e1-88ba-adc244daec95
a28653ec-ecdc-4867-8710-4c60955e2c9c,c51a8e11-69c9-4469-b362-65f433a0d955,1,come,word,bed2da61-da50-4e6e-ad60-0caa543d62a8
a28653ec-ecdc-4867-8710-4c60955e2c9c,b59fb64a-6110-4b69-84e0-f9a00b678191,1,man,word,4b5ad6eb-4874-49e1-88ba-adc244daec95
9356489d-52ed-4617-9fe4-6793a88636b0,c51a8e11-69c9-4469-b362-65f433a0d955,1,come,word,bed2da61-da50-4e6e-ad60-0caa543d62a8
9356489d-52ed-4617-9fe4-6793a88636b0,b59fb64a-6110-4b69-84e0-f9a00b678191,1,man,word,4b5ad6eb-4874-49e1-88ba-adc244daec95
e2abc50c-d875-4437-a4b3-4caa40eaa731,c51a8e11-69c9-4469-b362-65f433a0d955,1,come,word,bed2da61-da50-4e6e-ad60-0caa543d62a8
e2abc50c-d875-4437-a4b3-4caa40eaa731,b59fb64a-6110-4b69-84e0-f9a00b678191,1,man,word,4b5ad6eb-4874-49e1-88ba-adc244daec95
3ae69a1a-3f54-448f-9fe1-f8c9dcdc66cd,72aab5e1-3606-4acb-b780-6ff6bc70dffb,1,it,word,b53c2e40-e251-43a1-90b3-1d0a5f9f9dff
a5f78854-d4c6-4859-9ffd-267cc1c140ae,de761270-a58d-4822-8a24-110b2521fb24,1,in,word,84b42a02-b972-4109-ac42-7d04746f07c8
521078a1-23cb-4af5-9ed4-400b9b413c01,de761270-a58d-4822-8a24-110b2521fb24,1,in,word,84b42a02-b972-4109-ac42-7d04746f07c8
e042c2a6-4122-40f7-be23-7e3f599fc02c,e9081b64-24c5-45e6-ab9e-64161a4b9d55,1,in,word,84b42a02-b972-4109-ac42-7d04746f07c8
afbbabbc-6b93-42d1-9172-9c1a02bf479d,f5920bd6-2656-4cc3-9501-62779c96715c,1,go,word,535c367c-28d8-43a4-b511-d5a2b5d192b8
8978a87b-dc2c-4a8d-95f0-946bcd672874,6d0a1fbe-d1c0-49ee-a27e-43bf7149dab4,1,head,word,d1fe9861-647c-48d3-a3d3-a0fde09d8f2e
4346c702-e625-4105-aa6f-4065587c5f76,e9081b64-24c5-45e6-ab9e-64161a4b9d55,1,in,word,84b42a02-b972-4109-ac42-7d04746f07c8
13fe094c-76c2-418c-b6e5-93070134ffbd,f3043748-2a8e-416f-87b5-bff450e022d9,1,at,word,9c2f1b32-39ad-4c43-8c8d-ae84d4272e3b
5abb9d14-10c3-410b-969e-901ad95ae7e2,a5238248-186f-4db9-b7fc-d5811a798a23,1,car,word,2d33e9fa-c949-42a2-882a-31c4e9f79491
9a9c3151-f02b-4391-a2bf-61e7ad604724,1e40a11e-ae38-46b2-9563-8c12124b4dfa,1,time,word,844e3a81-c010-49d3-bc9a-5add82db6135
3054253c-2dc0-4bf7-9cc9-7b30fef73a58,1e40a11e-ae38-46b2-9563-8c12124b4dfa,1,time,word,844e3a81-c010-49d3-bc9a-5add82db6135
9d7aca13-0992-4882-b4b1-5c0a58d1e742,067adf2f-e41e-4b45-bf34-c35b1d76bf0d,1,house,word,00b275da-3bbe-4be0-ad22-7638ed455b59
c3c70566-23e0-4bbe-b2b9-9cce83cbae7b,067adf2f-e41e-4b45-bf34-c35b1d76bf0d,1,house,word,00b275da-3bbe-4be0-ad22-7638ed455b59
93809271-814e-40d5-a210-d3709f9afb2a,067adf2f-e41e-4b45-bf34-c35b1d76bf0d,1,house,word,00b275da-3bbe-4be0-ad22-7638ed455b59
886ff16e-3dcc-4d15-8cfe-989972e905e3,e9081b64-24c5-45e6-ab9e-64161a4b9d55,1,in,word,84b42a02-b972-4109-ac42-7d04746f07c8
886ff16e-3dcc-4d15-8cfe-989972e905e3,5512a358-a92c-480a-8450-d8b5bbc0810f,1,very,word,93f7e811-9e09-4433-bdfe-95d3a90d2758
0b23c08f-1017-467e-b333-3a4920d67bc0,3f5066ad-3db8-4c26-862a-64f0758f5f37,1,free,word,7d30b2ea-825d-4f95-a648-dd79f5dbf4fd
25c0fe84-0781-4537-bbf4-f17fb22f7624,8b9dbed4-f563-4d8b-a13c-95ec5c898a00,1,in,word,84b42a02-b972-4109-ac42-7d04746f07c8
2aac9f6f-db71-410e-9c86-f44c72d3b13b,8b9dbed4-f563-4d8b-a13c-95ec5c898a00,1,in,word,84b42a02-b972-4109-ac42-7d04746f07c8
e7562c4d-56e6-4a7f-aeb6-6b74618951a0,a9315268-e41b-41b1-ad0e-1e06a8d25808,1,know,word,c719a600-5928-4bf7-bdf6-fde64f9b3177
e8796a97-86a9-4368-9472-c2024f396088,59011590-c7ce-446a-bdff-06ab88384fec,1,is,word,01153fb1-72e5-475f-b7ac-fd2ece01e98e
e8796a97-86a9-4368-9472-c2024f396088,59011590-c7ce-446a-bdff-06ab88384fec,2,in,word,84b42a02-b972-4109-ac42-7d04746f07c8
d785e5a3-3360-4a6f-b49e-8f44a52cd683,59011590-c7ce-446a-bdff-06ab88384fec,1,is,word,01153fb1-72e5-475f-b7ac-fd2ece01e98e
d785e5a3-3360-4a6f-b49e-8f44a52cd683,59011590-c7ce-446a-bdff-06ab88384fec,2,in,word,84b42a02-b972-4109-ac42-7d04746f07c8
102feae0-17aa-4f19-99a9-87a79a6ec66e,59011590-c7ce-446a-bdff-06ab88384fec,1,is,word,01153fb1-72e5-475f-b7ac-fd2ece01e98e
102feae0-17aa-4f19-99a9-87a79a6ec66e,59011590-c7ce-446a-bdff-06ab88384fec,2,in,word,84b42a02-b972-4109-ac42-7d04746f07c8
102feae0-17aa-4f19-99a9-87a79a6ec66e,1e678b63-e62a-45bc-ab75-195ff595ec45,1,ply,root,9e92b8fa-7667-4e96-be25-66ba91365deb
b8989a81-0f7f-4203-880c-e6b6b8667af4,e9081b64-24c5-45e6-ab9e-64161a4b9d55,1,in,word,84b42a02-b972-4109-ac42-7d04746f07c8
a0ba5a76-c100-4a75-8f11-27fcbe414367,e9081b64-24c5-45e6-ab9e-64161a4b9d55,1,in,word,84b42a02-b972-4109-ac42-7d04746f07c8
a0ba5a76-c100-4a75-8f11-27fcbe414367,586f6545-f3b5-46eb-924a-dd16a0161851,1,bed,word,c29bd5f8-b909-4df5-a6ca-d4d07900c466
a3e626ad-db02-4101-9dea-c9449860bad6,e9081b64-24c5-45e6-ab9e-64161a4b9d55,1,in,word,84b42a02-b972-4109-ac42-7d04746f07c8
454ee7d8-f27a-424c-aa78-f8e0a2163779,e9081b64-24c5-45e6-ab9e-64161a4b9d55,1,in,word,84b42a02-b972-4109-ac42-7d04746f07c8
5259d764-b915-441e-a03c-19d21a5dad23,e9081b64-24c5-45e6-ab9e-64161a4b9d55,1,in,word,84b42a02-b972-4109-ac42-7d04746f07c8
2f2cc292-d58c-468d-9ee1-99377dbfaff5,e9081b64-24c5-45e6-ab9e-64161a4b9d55,1,in,word,84b42a02-b972-4109-ac42-7d04746f07c8
77687800-2789-446c-a10d-a7b0f85fdcdb,e9081b64-24c5-45e6-ab9e-64161a4b9d55,1,in,word,84b42a02-b972-4109-ac42-7d04746f07c8
e1c93382-e6ba-40fd-98db-04d05d215de4,e9081b64-24c5-45e6-ab9e-64161a4b9d55,1,in,word,84b42a02-b972-4109-ac42-7d04746f07c8
6142a050-80ca-497d-ba3c-0c1067ee6910,59011590-c7ce-446a-bdff-06ab88384fec,1,is,word,01153fb1-72e5-475f-b7ac-fd2ece01e98e
6142a050-80ca-497d-ba3c-0c1067ee6910,59011590-c7ce-446a-bdff-06ab88384fec,2,in,word,84b42a02-b972-4109-ac42-7d04746f07c8
a07e7604-b1c4-47a6-97a5-5ca2be281176,59011590-c7ce-446a-bdff-06ab88384fec,1,is,word,01153fb1-72e5-475f-b7ac-fd2ece01e98e
a07e7604-b1c4-47a6-97a5-5ca2be281176,59011590-c7ce-446a-bdff-06ab88384fec,2,in,word,84b42a02-b972-4109-ac42-7d04746f07c8
848c02e4-e38a-47b4-91e0-42681ccec092,35bfa2ad-f3d3-43ad-8bb7-1a1b5f5b9059,1,in,word,84b42a02-b972-4109-ac42-7d04746f07c8
848c02e4-e38a-47b4-91e0-42681ccec092,35bfa2ad-f3d3-43ad-8bb7-1a1b5f5b9059,2,-er,suffix,22a3b447-d3cf-4d74-8e34-fadb7d2b0375
848c02e4-e38a-47b4-91e0-42681ccec092,01f49513-202d-4971-8288-69133087830a,1,let,word,524f3f07-5c8a-4cdf-ac82-2ea1d7e78a01
7b96ad4a-2609-46f7-a794-5f706ab47eab,35bfa2ad-f3d3-43ad-8bb7-1a1b5f5b9059,1,in,word,84b42a02-b972-4109-ac42-7d04746f07c8
7b96ad4a-2609-46f7-a794-5f706ab47eab,35bfa2ad-f3d3-43ad-8bb7-1a1b5f5b9059,2,-er,suffix,22a3b447-d3cf-4d74-8e34-fadb7d2b0375
081bd26d-06ba-412f-9f75-c5e69fea69b7,87b5a5f9-899f-4a80-8d77-d5d870af2e3b,1,three,word,4f694b4d-9e80-4ba6-a299-c9c2bcbbddc5
081bd26d-06ba-412f-9f75-c5e69fea69b7,e9081b64-24c5-45e6-ab9e-64161a4b9d55,1,in,word,84b42a02-b972-4109-ac42-7d04746f07c8
081bd26d-06ba-412f-9f75-c5e69fea69b7,835cf8eb-c150-4566-b976-843e63fd3646,1,tri-,prefix,87b5a5f9-899f-4a80-8d77-d5d870af2e3b
081bd26d-06ba-412f-9f75-c5e69fea69b7,835cf8eb-c150-4566-b976-843e63fd3646,2,-ic,suffix,f67d1559-f000-48f8-98c0-3feac850d691
0221473e-38b2-4891-9a9f-5e36ab6ff142,e9081b64-24c5-45e6-ab9e-64161a4b9d55,1,in,word,84b42a02-b972-4109-ac42-7d04746f07c8
0221473e-38b2-4891-9a9f-5e36ab6ff142,835cf8eb-c150-4566-b976-843e63fd3646,1,tri-,prefix,87b5a5f9-899f-4a80-8d77-d5d870af2e3b
0221473e-38b2-4891-9a9f-5e36ab6ff142,835cf8eb-c150-4566-b976-843e63fd3646,2,-ic,suffix,f67d1559-f000-48f8-98c0-3feac850d691
e3c65b3f-52db-4c67-95b1-021ba5b2820a,98e6651d-8b5e-462a-adb2-dc5da6edb65c,1,come,word,bed2da61-da50-4e6e-ad60-0caa543d62a8
6b987c9f-2d9f-40a0-871a-307902cb8096,043329e5-22d3-46ce-af7c-f55b955a7c3d,1,in,word,84b42a02-b972-4109-ac42-7d04746f07c8
26ebe5da-2b07-4e64-b490-d3eecdd871d5,a9315268-e41b-41b1-ad0e-1e06a8d25808,1,know,word,c719a600-5928-4bf7-bdf6-fde64f9b3177
1f3d54b9-ba1d-4b50-98ce-30c0588963f5,e9081b64-24c5-45e6-ab9e-64161a4b9d55,1,in,word,84b42a02-b972-4109-ac42-7d04746f07c8
1f3d54b9-ba1d-4b50-98ce-30c0588963f5,197de407-fd32-447b-89d3-861b532498c1,1,have,word,1caf16a2-bdea-4704-b119-50af402b3b77
ba593b9d-2f17-4488-a6f4-6b0feb32cf6b,41157723-cfdd-429c-8446-ee862cb12ccf,1,four,word,7da61a4f-40aa-4bb1-8dce-2d13b0d4c807
ba593b9d-2f17-4488-a6f4-6b0feb32cf6b,fadba86c-a251-4512-82cd-84fb84f6247a,1,it,word,b53c2e40-e251-43a1-90b3-1d0a5f9f9dff
00af2392-4dec-45fc-89de-edda08cd2b93,41157723-cfdd-429c-8446-ee862cb12ccf,1,four,word,7da61a4f-40aa-4bb1-8dce-2d13b0d4c807
00af2392-4dec-45fc-89de-edda08cd2b93,fadba86c-a251-4512-82cd-84fb84f6247a,1,it,word,b53c2e40-e251-43a1-90b3-1d0a5f9f9dff
0edde139-4c15-4d05-a378-5897d8e2db35,320d2e50-b317-46f9-b027-7e426502763a,1,in,word,84b42a02-b972-4109-ac42-7d04746f07c8
74a643f3-d34f-4b4e-a6e9-a32e6b051e61,a9315268-e41b-41b1-ad0e-1e06a8d25808,1,know,word,c719a600-5928-4bf7-bdf6-fde64f9b3177
baf6a3bd-6887-4959-8571-65a1e6d938a0,26730eeb-c56e-454d-b9d3-720841ded030,1,no,word,1e07c7e4-8b6f-43c3-9c7a-9916d745441f
baf6a3bd-6887-4959-8571-65a1e6d938a0,01f49513-202d-4971-8288-69133087830a,1,let,word,524f3f07-5c8a-4cdf-ac82-2ea1d7e78a01
e6197b9f-6260-479d-b13e-87fe7adb6cde,26730eeb-c56e-454d-b9d3-720841ded030,1,no,word,1e07c7e4-8b6f-43c3-9c7a-9916d745441f
e6197b9f-6260-479d-b13e-87fe7adb6cde,01f49513-202d-4971-8288-69133087830a,1,let,word,524f3f07-5c8a-4cdf-ac82-2ea1d7e78a01
20929288-efe4-4f27-9088-6e2d9fb39822,26730eeb-c56e-454d-b9d3-720841ded030,1,no,word,1e07c7e4-8b6f-43c3-9c7a-9916d745441f
b026e0d4-4045-48ed-8a1b-86796127dfe5,26730eeb-c56e-454d-b9d3-720841ded030,1,no,word,1e07c7e4-8b6f-43c3-9c7a-9916d745441f
a0be00fe-4195-4c97-b2bb-1990e252bdd0,26730eeb-c56e-454d-b9d3-720841ded030,1,no,word,1e07c7e4-8b6f-43c3-9c7a-9916d745441f
c396d3cd-e68a-4f03-b25a-750ab0e1d41e,18914150-ae68-4319-9ad3-3366dac76275,1,me,word,b3ef4c67-512d-4bef-9811-4278dfc494c0
ea71f605-f558-427f-a0f6-1b7980e9e868,18914150-ae68-4319-9ad3-3366dac76275,1,me,word,b3ef4c67-512d-4bef-9811-4278dfc494c0
21da9155-6631-478a-a68f-759ace298928,2d23d287-12d9-4193-9253-bfe83ba214cf,1,-or,suffix,b9fed5d5-9451-4b2d-873c-9ee4b1ce3e43
2dc57e1a-b1e0-4f3c-ba3f-691e8f987566,6d0a1fbe-d1c0-49ee-a27e-43bf7149dab4,1,head,word,d1fe9861-647c-48d3-a3d3-a0fde09d8f2e
263e28d8-d8c2-4290-b2ac-30607be830c2,6d0a1fbe-d1c0-49ee-a27e-43bf7149dab4,1,head,word,d1fe9861-647c-48d3-a3d3-a0fde09d8f2e
e0645cfa-fe6f-40da-ab01-0d5e417e3bb6,6d0a1fbe-d1c0-49ee-a27e-43bf7149dab4,1,head,word,d1fe9861-647c-48d3-a3d3-a0fde09d8f2e
a10c40fc-5afe-46e9-b0c2-7f4b497ac004,e9081b64-24c5-45e6-ab9e-64161a4b9d55,1,in,word,84b42a02-b972-4109-ac42-7d04746f07c8
3d48c792-c93b-4c75-b834-c3e6d4da3b3b,e9081b64-24c5-45e6-ab9e-64161a4b9d55,1,in,word,84b42a02-b972-4109-ac42-7d04746f07c8
a7f88bf6-92d6-4015-a705-2f9228ed4b2d,e9081b64-24c5-45e6-ab9e-64161a4b9d55,1,in,word,84b42a02-b972-4109-ac42-7d04746f07c8
dc65f192-4a2a-4791-8f65-4698ce08ed81,25a1c2e0-e23a-49db-9265-2e1d201eb0d4,1,bag,word,c94459b5-0ffc-48f9-aa87-2a8bca6f1f4f
8f5f84e1-d2d5-4294-9d31-837a984557be,25a1c2e0-e23a-49db-9265-2e1d201eb0d4,1,bag,word,c94459b5-0ffc-48f9-aa87-2a8bca6f1f4f
7f359ceb-fdfc-4137-9957-1f6c42c0f1c9,8845d935-09a5-45da-97b8-4dd591bfe148,1,out,word,2d8448d3-514e-49e3-97f9-290a5c552d4a
7f359ceb-fdfc-4137-9957-1f6c42c0f1c9,25a1c2e0-e23a-49db-9265-2e1d201eb0d4,1,bag,word,c94459b5-0ffc-48f9-aa87-2a8bca6f1f4f
821e6af9-f638-469b-85f6-0c6c5c4c035a,8845d935-09a5-45da-97b8-4dd591bfe148,1,out,word,2d8448d3-514e-49e3-97f9-290a5c552d4a
eed4fc25-728a-4fe3-b328-71957cb7c8f4,2ec342b0-e4bc-419d-ae67-390149ddbd21,1,over,word,5bbd5dbe-032d-4060-936c-4088d18dce41
adbf5445-de19-41fd-a791-c16116b1a37e,2ec342b0-e4bc-419d-ae67-390149ddbd21,1,over,word,5bbd5dbe-032d-4060-936c-4088d18dce41
58ba2866-8f2b-4029-82d4-3203d92c7c5a,e70a0644-811e-47d0-8f9a-d1ecf61849a0,1,out,word,2d8448d3-514e-49e3-97f9-290a5c552d4a
f31ffdea-7c00-4c57-9dde-524c817e867c,907b89ca-d786-43a8-8132-fbd6d1d7a3ad,1,pen,word,a78fd673-7cbb-42b2-b05c-653517f4925d
85751154-ee34-44cb-bb06-91a5b0ade957,907b89ca-d786-43a8-8132-fbd6d1d7a3ad,1,pen,word,a78fd673-7cbb-42b2-b05c-653517f4925d
a309f53d-a7ef-4391-ab7d-e5d8c58a8f3d,b052e0f9-a8c7-4190-b276-3af91e0cb123,1,pass,word,56d684a4-53dd-4d2f-a4aa-e62dc06fbda6
448fd262-afef-40ce-8bec-d1e3cb6245e9,b052e0f9-a8c7-4190-b276-3af91e0cb123,1,pass,word,56d684a4-53dd-4d2f-a4aa-e62dc06fbda6
a8dab5f6-b673-4ed2-b843-edc353df4c91,49b7e4f4-54ff-4e6d-bd00-868f4dba0436,1,car,word,2d33e9fa-c949-42a2-882a-31c4e9f79491
f38ce7f1-8517-4379-9124-5eee0a04a9d0,4d33a813-0ef8-4977-817f-6b8ae384ace0,1,re-,prefix,25c9c982-54cc-42c6-8d13-31b6232755b7
c3627493-ee5f-4b21-9a80-6a1a5b6b3c41,4d33a813-0ef8-4977-817f-6b8ae384ace0,1,re-,prefix,25c9c982-54cc-42c6-8d13-31b6232755b7
30567c08-3e95-4dc3-8b04-209d8fc98cb4,2622d91f-9275-429c-b947-26aee25c33c8,1,-er,suffix,22a3b447-d3cf-4d74-8e34-fadb7d2b0375
3525ac5d-c8e8-4c44-970e-ddde1769ee97,c3f0ddca-9079-47ed-8b3d-89625e265cda,1,re-,prefix,25c9c982-54cc-42c6-8d13-31b6232755b7
02a38602-7f17-4a2b-9462-9128f5c321bf,9bbf44d9-757b-4d52-a3bd-15a069fcf5b5,1,rai,root,2de67339-a957-4ada-a7b6-d160715fc911
7e71fadd-9f4d-40bd-81fe-2443ccc7b93e,9bbf44d9-757b-4d52-a3bd-15a069fcf5b5,1,rai,root,2de67339-a957-4ada-a7b6-d160715fc911
d4fd94d2-b77e-431c-b81e-3731bd1406f4,9bbf44d9-757b-4d52-a3bd-15a069fcf5b5,1,rai,root,2de67339-a957-4ada-a7b6-d160715fc911
bfee0a65-2c39-4677-b576-ad92e7319997,bea6955a-efc1-42f8-9889-564f5d27a350,1,please,word,dbc2828d-5707-4ad0-8428-5950112b9835
7305a360-67e5-4083-b93e-575ee08a736e,648d269f-16e1-457f-b980-07ab4471c9b3,1,pro-,prefix,40e680cb-32e4-4cff-bb9c-b17989a9fa1a
7777cc46-8422-4e0c-b535-ff9b7abc4327,2112d064-3373-4a90-aae1-3e2eb83a4f1a,1,sir,word,46e464ed-ffc1-4a12-9de0-773a4f912be6
7777cc46-8422-4e0c-b535-ff9b7abc4327,2112d064-3373-4a90-aae1-3e2eb83a4f1a,2,see,word,e7c93797-0833-40e6-b0db-eff1df71c656
dd93b10c-a11e-4493-a7cc-7f0c7e06af1b,ea404a62-bc91-48a9-96ec-981aa2a018dc,1,mini,word,e5149dd5-3c37-4c31-b9bb-a576cc6bbafa
dd93b10c-a11e-4493-a7cc-7f0c7e06af1b,ea404a62-bc91-48a9-96ec-981aa2a018dc,2,in,word,84b42a02-b972-4109-ac42-7d04746f07c8
38cccdbd-6d5d-46a3-ac34-f886efa32fbc,eb377bec-24c3-4c39-84d6-2c688a20059a,1,at,word,9c2f1b32-39ad-4c43-8c8d-ae84d4272e3b
38cccdbd-6d5d-46a3-ac34-f886efa32fbc,eb377bec-24c3-4c39-84d6-2c688a20059a,2,a-,prefix,eb2dab21-d31e-4dbd-bb90-255c046203a6
38cccdbd-6d5d-46a3-ac34-f886efa32fbc,eb377bec-24c3-4c39-84d6-2c688a20059a,3,ab-,prefix,1e4ea41c-ee64-4bce-aed5-5ba7b9bcccff
38cccdbd-6d5d-46a3-ac34-f886efa32fbc,eb377bec-24c3-4c39-84d6-2c688a20059a,4,ac-,prefix,313fe2aa-9acf-4e44-b215-3d94eac8de99
38cccdbd-6d5d-46a3-ac34-f886efa32fbc,eb377bec-24c3-4c39-84d6-2c688a20059a,5,ad-,prefix,01e572b5-9046-4ae6-82df-91bb22b151d2
38cccdbd-6d5d-46a3-ac34-f886efa32fbc,eb377bec-24c3-4c39-84d6-2c688a20059a,6,ap-,prefix,3015fc76-f4ec-4a6a-bc69-218e873a44f1
38cccdbd-6d5d-46a3-ac34-f886efa32fbc,eb377bec-24c3-4c39-84d6-2c688a20059a,7,as-,prefix,eb377bec-24c3-4c39-84d6-2c688a20059a
38cccdbd-6d5d-46a3-ac34-f886efa32fbc,eb377bec-24c3-4c39-84d6-2c688a20059a,8,at-,prefix,e63cdbbb-8bfb-442b-b49a-bd01c7f68aff
4dcc59d4-0668-4d5d-be24-98bc3d531bcc,eb377bec-24c3-4c39-84d6-2c688a20059a,1,at,word,9c2f1b32-39ad-4c43-8c8d-ae84d4272e3b
4dcc59d4-0668-4d5d-be24-98bc3d531bcc,eb377bec-24c3-4c39-84d6-2c688a20059a,2,a-,prefix,eb2dab21-d31e-4dbd-bb90-255c046203a6
4dcc59d4-0668-4d5d-be24-98bc3d531bcc,eb377bec-24c3-4c39-84d6-2c688a20059a,3,ab-,prefix,1e4ea41c-ee64-4bce-aed5-5ba7b9bcccff
4dcc59d4-0668-4d5d-be24-98bc3d531bcc,eb377bec-24c3-4c39-84d6-2c688a20059a,4,ac-,prefix,313fe2aa-9acf-4e44-b215-3d94eac8de99
4dcc59d4-0668-4d5d-be24-98bc3d531bcc,eb377bec-24c3-4c39-84d6-2c688a20059a,5,ad-,prefix,01e572b5-9046-4ae6-82df-91bb22b151d2
4dcc59d4-0668-4d5d-be24-98bc3d531bcc,eb377bec-24c3-4c39-84d6-2c688a20059a,6,ap-,prefix,3015fc76-f4ec-4a6a-bc69-218e873a44f1
4dcc59d4-0668-4d5d-be24-98bc3d531bcc,eb377bec-24c3-4c39-84d6-2c688a20059a,7,as-,prefix,eb377bec-24c3-4c39-84d6-2c688a20059a
4dcc59d4-0668-4d5d-be24-98bc3d531bcc,eb377bec-24c3-4c39-84d6-2c688a20059a,8,at-,prefix,e63cdbbb-8bfb-442b-b49a-bd01c7f68aff
58fccbcb-c756-4462-84cc-f03b32c58605,d4a5dc4c-daa6-4258-b4f3-4b4e9a43bba7,1,act,word,f6c6ec73-4848-4690-a4b6-c7be1e84aa13
9efc9767-a208-4a38-89e0-fc4c4c940623,d4a5dc4c-daa6-4258-b4f3-4b4e9a43bba7,1,act,word,f6c6ec73-4848-4690-a4b6-c7be1e84aa13
3a5b4ec6-4b8f-4ba2-be21-5e29b972b97d,adcb3710-4a7c-4db3-bb34-a3f46d9c8946,1,pro-,prefix,40e680cb-32e4-4cff-bb9c-b17989a9fa1a
c6b9eb42-29b7-42bb-bd15-1ff0f486291c,2f7b56d2-3eb8-49b9-b912-b8e4037048ef,1,over,word,5bbd5dbe-032d-4060-936c-4088d18dce41
c6b9eb42-29b7-42bb-bd15-1ff0f486291c,4d33a813-0ef8-4977-817f-6b8ae384ace0,1,re-,prefix,25c9c982-54cc-42c6-8d13-31b6232755b7
45783b24-d59d-405e-a320-06105079ee47,2f7b56d2-3eb8-49b9-b912-b8e4037048ef,1,over,word,5bbd5dbe-032d-4060-936c-4088d18dce41
45783b24-d59d-405e-a320-06105079ee47,4d33a813-0ef8-4977-817f-6b8ae384ace0,1,re-,prefix,25c9c982-54cc-42c6-8d13-31b6232755b7
1cbb8e30-2bfa-4f5e-8fc2-ef7ba655e45c,6b41e25b-c338-42bb-ab60-28e4d9297082,1,re-,prefix,25c9c982-54cc-42c6-8d13-31b6232755b7
91df2123-9a23-46e5-b317-599e0d783172,70aad479-45b9-48e3-99cf-9a1ebfa3b22f,1,re-,prefix,25c9c982-54cc-42c6-8d13-31b6232755b7
fbb57a9e-c294-421f-b1aa-f5035429ef6e,6b41e25b-c338-42bb-ab60-28e4d9297082,1,re-,prefix,25c9c982-54cc-42c6-8d13-31b6232755b7
e1395a89-36c1-44a4-90cd-61e4fa477c23,37d4058c-9ffb-4ba2-add5-2bf644bee218,1,some,word,cccf88a2-d27d-48db-ac17-e7864b9e5bd2
af77c89e-0b7b-4a9c-a75e-ac7e5b19d84e,37d4058c-9ffb-4ba2-add5-2bf644bee218,1,some,word,cccf88a2-d27d-48db-ac17-e7864b9e5bd2
303fd5aa-e82a-48e9-a9d8-d9ae4a4976af,5cb6da3e-f9dc-4156-b9fd-2aab8da75b65,1,pro-,prefix,40e680cb-32e4-4cff-bb9c-b17989a9fa1a
7b66bb70-a458-4157-9871-6f3713f2784d,5cb6da3e-f9dc-4156-b9fd-2aab8da75b65,1,pro-,prefix,40e680cb-32e4-4cff-bb9c-b17989a9fa1a
cda5d035-87c3-4edb-a2c6-88438062badb,5cb6da3e-f9dc-4156-b9fd-2aab8da75b65,1,pro-,prefix,40e680cb-32e4-4cff-bb9c-b17989a9fa1a
53f803e9-9ff9-4a66-9bbc-0c78a06df307,ecf97d05-6f89-4cf2-b7ae-710a725c614e,1,time,word,844e3a81-c010-49d3-bc9a-5add82db6135
5c0b58f1-7422-4d30-bb02-59813e68467e,92e6d7a6-cfbd-4b66-9917-84698cfdb187,1,cess,root,f9d2941e-3c41-43cc-8f9e-36ee231fc15f
22060091-fe91-4c82-81e8-21a5a38bcec4,92e6d7a6-cfbd-4b66-9917-84698cfdb187,1,cess,root,f9d2941e-3c41-43cc-8f9e-36ee231fc15f
801baf82-b489-4271-ae42-7eb1aabe1612,92e6d7a6-cfbd-4b66-9917-84698cfdb187,1,cess,root,f9d2941e-3c41-43cc-8f9e-36ee231fc15f
17600f32-e1f7-45bd-923a-06fc46581b22,eaa5d7b5-2845-4e84-a548-d2d089f6313c,1,three,word,4f694b4d-9e80-4ba6-a299-c9c2bcbbddc5
ebacca9c-bb91-49b8-b575-9f119aabe9c7,880b2bb2-1161-4733-87c5-a2de839cfbb5,1,act,word,f6c6ec73-4848-4690-a4b6-c7be1e84aa13
06e9a434-17e2-4bdb-b66a-06d7a36fd3ee,fe76ffc2-9f56-47f7-8803-db7635871358,1,wear,word,71db360c-764f-4b6c-9f40-e4215b30faca
7d6c5a0a-7e19-4091-888d-071ccc3073af,6cecbab1-06a0-4e87-863c-6740fd358a79,1,act,word,f6c6ec73-4848-4690-a4b6-c7be1e84aa13
10a91b5c-4130-43cd-a0d2-bc62a184256f,49bf853b-04d3-43bc-89e6-e8e8a8ac4523,1,sta,root,e1b53382-184c-4e2f-8461-70e908854ea1
963d69c3-7fea-4e2b-81a4-292c7e6475ba,e9081b64-24c5-45e6-ab9e-64161a4b9d55,1,in,word,84b42a02-b972-4109-ac42-7d04746f07c8
a5c5ec8d-d36e-4c4e-a04d-ea2bb88bd08a,e9081b64-24c5-45e6-ab9e-64161a4b9d55,1,in,word,84b42a02-b972-4109-ac42-7d04746f07c8
2dd03f7f-5bf9-4b22-b4e5-1d5cc2923bc0,de761270-a58d-4822-8a24-110b2521fb24,1,in,word,84b42a02-b972-4109-ac42-7d04746f07c8
2a0bee58-42be-4de2-85d1-0b321007ee74,de761270-a58d-4822-8a24-110b2521fb24,1,in,word,84b42a02-b972-4109-ac42-7d04746f07c8
d6ffd5ed-21ea-457e-ab50-9526794810a4,667f9016-165b-45fb-a985-ab22aac93465,1,in,word,84b42a02-b972-4109-ac42-7d04746f07c8
2a3ab85e-aba4-4b5c-856a-fa93796ddd67,4161d5db-e8de-4ad3-b992-684deedaca51,1,in,word,84b42a02-b972-4109-ac42-7d04746f07c8
bbd69998-fef3-4c27-8a1d-0140615e78f4,98e6651d-8b5e-462a-adb2-dc5da6edb65c,1,come,word,bed2da61-da50-4e6e-ad60-0caa543d62a8
99d7b3d2-5f60-4810-8823-88a007b967f6,98e6651d-8b5e-462a-adb2-dc5da6edb65c,1,come,word,bed2da61-da50-4e6e-ad60-0caa543d62a8
7dca64ec-0cc0-4532-9ead-d117547cb7db,d054be64-34e0-4715-b2a6-de695b6e748a,1,I,word,8e5d6dd4-94a3-497d-9b21-9a2ffbfb8862
1ce909b7-47e6-4bb1-b9d8-131c0bf87158,d054be64-34e0-4715-b2a6-de695b6e748a,1,I,word,8e5d6dd4-94a3-497d-9b21-9a2ffbfb8862
d2b922f3-f1c5-4dcd-ae91-db6db4bd0a88,eb2dab21-d31e-4dbd-bb90-255c046203a6,1,on,word,3090e71f-ead1-49e6-8ef2-520fb888aaf2
e94dbd8c-a158-450a-a7b7-bd8f94fbfaaf,a308a388-f6f4-4cb5-8f40-85bdf5b64ddc,1,loss,word,97f26558-42d1-4561-8aba-3f9620b958d3
9e02e314-939b-4543-8ed4-94ce6d6a3ace,eabfcb69-f5cb-4776-9fe5-50322c63ee01,1,come,word,bed2da61-da50-4e6e-ad60-0caa543d62a8
b5d8194e-bb50-460d-983a-c4ac09990989,eabfcb69-f5cb-4776-9fe5-50322c63ee01,1,come,word,bed2da61-da50-4e6e-ad60-0caa543d62a8
473b581f-7576-4a9b-a12e-5b0a9ff5780c,70efbdf4-bde7-4af6-af20-6be888e30b08,1,re-,prefix,25c9c982-54cc-42c6-8d13-31b6232755b7
70371afd-e3c7-460c-9a5e-36429fe05052,eb2dab21-d31e-4dbd-bb90-255c046203a6,1,on,word,3090e71f-ead1-49e6-8ef2-520fb888aaf2
2055309b-c048-473d-8127-b3d95e8efeb0,4d33a813-0ef8-4977-817f-6b8ae384ace0,1,re-,prefix,25c9c982-54cc-42c6-8d13-31b6232755b7
142ef91e-506a-4be5-b8ac-b94071fe9336,4d33a813-0ef8-4977-817f-6b8ae384ace0,1,re-,prefix,25c9c982-54cc-42c6-8d13-31b6232755b7
5234b0ea-1d4c-4c7b-9eea-b711aacd86b7,eb2dab21-d31e-4dbd-bb90-255c046203a6,1,on,word,3090e71f-ead1-49e6-8ef2-520fb888aaf2
ca0e7ed9-027d-4eab-b7d5-008920a1c410,1d137458-148d-447d-88cd-9403fbb0f5ec,1,cold,word,a5440413-59a4-444f-bae4-0aac92b6f442
3b3fefb7-9d6d-4980-aca4-f79ab6e002e1,1e87424f-635d-4567-8c38-0284eb6f4756,1,for,word,8bef9b92-5887-4bb7-8a29-33c374a32f34
bf234e66-9bc9-4bf5-b6cf-ad5304600b3e,1e87424f-635d-4567-8c38-0284eb6f4756,1,for,word,8bef9b92-5887-4bb7-8a29-33c374a32f34
f9a796f3-2cd5-420f-9cd3-a0bef005a66e,1e87424f-635d-4567-8c38-0284eb6f4756,1,for,word,8bef9b92-5887-4bb7-8a29-33c374a32f34
090cdf36-aff1-4301-ab9d-fab65e6ef978,ae5522fc-65cf-47b7-9577-4e782649516d,1,in,word,84b42a02-b972-4109-ac42-7d04746f07c8
f22f8470-b3e5-4c62-9906-7f561ed3a594,49b7e4f4-54ff-4e6d-bd00-868f4dba0436,1,car,word,2d33e9fa-c949-42a2-882a-31c4e9f79491
2da8f197-f4c3-486f-974c-0d33e9decdeb,49b7e4f4-54ff-4e6d-bd00-868f4dba0436,1,car,word,2d33e9fa-c949-42a2-882a-31c4e9f79491
91e23f76-792a-48df-a8c4-c9c230f460b7,de761270-a58d-4822-8a24-110b2521fb24,1,in,word,84b42a02-b972-4109-ac42-7d04746f07c8
3f05406a-70e6-473a-a96b-5d3e7f4fb95e,eb2dab21-d31e-4dbd-bb90-255c046203a6,1,on,word,3090e71f-ead1-49e6-8ef2-520fb888aaf2
5770f8e5-2079-48b3-82a7-967d0f3c00eb,eb377bec-24c3-4c39-84d6-2c688a20059a,1,at,word,9c2f1b32-39ad-4c43-8c8d-ae84d4272e3b
5770f8e5-2079-48b3-82a7-967d0f3c00eb,eb377bec-24c3-4c39-84d6-2c688a20059a,2,a-,prefix,eb2dab21-d31e-4dbd-bb90-255c046203a6
5770f8e5-2079-48b3-82a7-967d0f3c00eb,eb377bec-24c3-4c39-84d6-2c688a20059a,3,ab-,prefix,1e4ea41c-ee64-4bce-aed5-5ba7b9bcccff
5770f8e5-2079-48b3-82a7-967d0f3c00eb,eb377bec-24c3-4c39-84d6-2c688a20059a,4,ac-,prefix,313fe2aa-9acf-4e44-b215-3d94eac8de99
5770f8e5-2079-48b3-82a7-967d0f3c00eb,eb377bec-24c3-4c39-84d6-2c688a20059a,5,ad-,prefix,01e572b5-9046-4ae6-82df-91bb22b151d2
5770f8e5-2079-48b3-82a7-967d0f3c00eb,eb377bec-24c3-4c39-84d6-2c688a20059a,6,ap-,prefix,3015fc76-f4ec-4a6a-bc69-218e873a44f1
5770f8e5-2079-48b3-82a7-967d0f3c00eb,eb377bec-24c3-4c39-84d6-2c688a20059a,7,as-,prefix,eb377bec-24c3-4c39-84d6-2c688a20059a
5770f8e5-2079-48b3-82a7-967d0f3c00eb,eb377bec-24c3-4c39-84d6-2c688a20059a,8,at-,prefix,e63cdbbb-8bfb-442b-b49a-bd01c7f68aff
549b0deb-95e5-496a-addb-2704584537d4,eabfcb69-f5cb-4776-9fe5-50322c63ee01,1,come,word,bed2da61-da50-4e6e-ad60-0caa543d62a8
73e9e739-fa48-40f0-8f09-218568dcb80a,eabfcb69-f5cb-4776-9fe5-50322c63ee01,1,come,word,bed2da61-da50-4e6e-ad60-0caa543d62a8
16116450-d171-4b9f-9c31-6438a6cb43b1,70efbdf4-bde7-4af6-af20-6be888e30b08,1,re-,prefix,25c9c982-54cc-42c6-8d13-31b6232755b7
f08def20-ca13-405a-905c-f9759a07d25c,70efbdf4-bde7-4af6-af20-6be888e30b08,1,re-,prefix,25c9c982-54cc-42c6-8d13-31b6232755b7
d475d461-9638-4ba3-af85-7226c17e5822,98e6651d-8b5e-462a-adb2-dc5da6edb65c,1,come,word,bed2da61-da50-4e6e-ad60-0caa543d62a8
f16b94de-67e8-4307-ad47-4e00ab9cb3e2,2ec342b0-e4bc-419d-ae67-390149ddbd21,1,over,word,5bbd5dbe-032d-4060-936c-4088d18dce41
08191841-1b01-420e-b1f7-5aa53cc30283,7cf9fd3b-adf0-47d5-b086-e1976ef0dc38,1,no,word,1e07c7e4-8b6f-43c3-9c7a-9916d745441f
dc5a584a-c576-41e6-baa4-02d0db5e3a12,7cf9fd3b-adf0-47d5-b086-e1976ef0dc38,1,no,word,1e07c7e4-8b6f-43c3-9c7a-9916d745441f
264b1c88-e3d4-4c04-b47c-b3ec143255f1,7cf9fd3b-adf0-47d5-b086-e1976ef0dc38,1,no,word,1e07c7e4-8b6f-43c3-9c7a-9916d745441f
938d1c9d-aaa0-428d-ae45-6a5bec7dc8d9,2a9e457c-6a78-4c97-928f-1ad8d0089642,1,-er,suffix,22a3b447-d3cf-4d74-8e34-fadb7d2b0375
938d1c9d-aaa0-428d-ae45-6a5bec7dc8d9,b91d45c2-e964-41cb-8a3a-de1bff784644,1,-t,suffix,902260c2-0a41-46d9-8130-90955ee5437e
afb47450-8faa-415e-9180-4cdef10de042,b91d45c2-e964-41cb-8a3a-de1bff784644,1,-t,suffix,902260c2-0a41-46d9-8130-90955ee5437e
2548eac5-d6d1-4259-84e9-d5ddf77d2133,eb2dab21-d31e-4dbd-bb90-255c046203a6,1,on,word,3090e71f-ead1-49e6-8ef2-520fb888aaf2
2548eac5-d6d1-4259-84e9-d5ddf77d2133,c46f8840-ba44-4d01-9ddc-de6f0e73add9,1,muni,root,1f9cfbec-7f13-4c31-9270-aed25d4f4f7a
276058b7-a476-4aad-8c83-4b926b1bc6af,f5920bd6-2656-4cc3-9501-62779c96715c,1,go,word,535c367c-28d8-43a4-b511-d5a2b5d192b8
88c3b48a-68f7-4f5f-a679-d497c75eed4a,98e6651d-8b5e-462a-adb2-dc5da6edb65c,1,come,word,bed2da61-da50-4e6e-ad60-0caa543d62a8
ac7539cb-729e-4265-a273-7d72cb8284f9,98e6651d-8b5e-462a-adb2-dc5da6edb65c,1,come,word,bed2da61-da50-4e6e-ad60-0caa543d62a8
cddec877-161f-40bb-86c3-8303bbe3c714,c51a8e11-69c9-4469-b362-65f433a0d955,1,come,word,bed2da61-da50-4e6e-ad60-0caa543d62a8
c68f4838-f1ed-4264-9bce-dfeabf6ab2b4,c51a8e11-69c9-4469-b362-65f433a0d955,1,come,word,bed2da61-da50-4e6e-ad60-0caa543d62a8
16770635-14d6-4bd3-af6c-facd16b720e2,e485a387-a443-460f-9eb1-01f4e88fa244,1,master,word,60e8467c-ae2c-40b6-90d7-4f567682cddd
d1709b57-ccab-4b6b-ace6-098edc86eba6,e597496b-86a4-4c51-acd9-180233971432,1,man,word,4b5ad6eb-4874-49e1-88ba-adc244daec95
d1709b57-ccab-4b6b-ace6-098edc86eba6,e597496b-86a4-4c51-acd9-180233971432,2,many,word,19ea1058-f166-434c-b2b8-c5cfe3a3680b
f708c6a7-6b07-4556-93f1-0c50c648be0e,6c1d309c-a650-44a3-a776-a143395f5ba7,1,an,word,f12a203c-950b-4f36-a096-1faed7f15f69
441a4599-d029-4a32-b612-2b972f31a9f3,6c1d309c-a650-44a3-a776-a143395f5ba7,1,an,word,f12a203c-950b-4f36-a096-1faed7f15f69
441a4599-d029-4a32-b612-2b972f31a9f3,021c6a66-0658-471c-8adc-06abe7cb36ee,1,an,word,f12a203c-950b-4f36-a096-1faed7f15f69
bef60361-e318-4174-aa7e-e6b3606e978a,021c6a66-0658-471c-8adc-06abe7cb36ee,1,an,word,f12a203c-950b-4f36-a096-1faed7f15f69
44ed4a13-64d7-4240-a2a2-5960aa1b3c76,021c6a66-0658-471c-8adc-06abe7cb36ee,1,an,word,f12a203c-950b-4f36-a096-1faed7f15f69
e491aa9e-c1a0-4258-ae06-243f8ff39110,021c6a66-0658-471c-8adc-06abe7cb36ee,1,an,word,f12a203c-950b-4f36-a096-1faed7f15f69
1e8631f5-8adc-4e10-af6b-cf97bed8c3d1,2ec342b0-e4bc-419d-ae67-390149ddbd21,1,over,word,5bbd5dbe-032d-4060-936c-4088d18dce41
c0200345-44f2-4d03-ba5c-b50200075653,2ec342b0-e4bc-419d-ae67-390149ddbd21,1,over,word,5bbd5dbe-032d-4060-936c-4088d18dce41
1136aa6c-c20d-4b7c-bc94-b03c156b969a,a9315268-e41b-41b1-ad0e-1e06a8d25808,1,know,word,c719a600-5928-4bf7-bdf6-fde64f9b3177
a951da3b-eb75-4f11-ad51-b49dc504c9f1,a7f15426-9723-4352-baa6-55381efe5e51,1,lie,word,a89fce0d-8493-4cf5-8fa1-fe5ff19c541e
7eb79a94-ef94-406c-9044-ea9ca934b2f7,98e6651d-8b5e-462a-adb2-dc5da6edb65c,1,come,word,bed2da61-da50-4e6e-ad60-0caa543d62a8
2f462012-fd30-4909-b0aa-57cfebe635d5,16f43930-667f-4d88-aced-9c31c09be9d5,1,come,word,bed2da61-da50-4e6e-ad60-0caa543d62a8
de4ab1ed-13dc-4b36-8006-7ca715219364,b20ce0d2-8c4c-436f-9965-d737a31c79ff,1,all,word,1e210516-afc8-46dd-8111-c350ceb861c0
e6f60aa8-d68d-427a-b1f9-3284368dd8f5,e2886367-ddff-431b-895d-7f71b5981411,1,care,word,69493fae-4e11-41e4-a525-c15f83022370
0a018fbb-9bc4-4ed9-b438-4d9d59b53b01,8dfb903e-69c8-42c3-a95e-af71d0d5f92e,1,co-,prefix,eabfcb69-f5cb-4776-9fe5-50322c63ee01
0a018fbb-9bc4-4ed9-b438-4d9d59b53b01,8dfb903e-69c8-42c3-a95e-af71d0d5f92e,2,-or,suffix,b9fed5d5-9451-4b2d-873c-9ee4b1ce3e43
36a8ca0e-bf95-4621-be47-adb08bca6b5b,8dfb903e-69c8-42c3-a95e-af71d0d5f92e,1,co-,prefix,eabfcb69-f5cb-4776-9fe5-50322c63ee01
36a8ca0e-bf95-4621-be47-adb08bca6b5b,8dfb903e-69c8-42c3-a95e-af71d0d5f92e,2,-or,suffix,b9fed5d5-9451-4b2d-873c-9ee4b1ce3e43
615bfe38-cedb-4414-80bb-a896f156c8e1,59011590-c7ce-446a-bdff-06ab88384fec,1,is,word,01153fb1-72e5-475f-b7ac-fd2ece01e98e
615bfe38-cedb-4414-80bb-a896f156c8e1,59011590-c7ce-446a-bdff-06ab88384fec,2,in,word,84b42a02-b972-4109-ac42-7d04746f07c8
9172792e-4e23-4ebd-a498-0d8b733d41c9,98e6651d-8b5e-462a-adb2-dc5da6edb65c,1,come,word,bed2da61-da50-4e6e-ad60-0caa543d62a8
4268d227-ead8-4cc8-b1ce-9d9976f670f0,98e6651d-8b5e-462a-adb2-dc5da6edb65c,1,come,word,bed2da61-da50-4e6e-ad60-0caa543d62a8
b2fb5d8c-b42c-40c7-b144-e4df36382c7d,98e6651d-8b5e-462a-adb2-dc5da6edb65c,1,come,word,bed2da61-da50-4e6e-ad60-0caa543d62a8
a8da72a0-6d96-4544-8ff1-5d2c3d5defe2,98e6651d-8b5e-462a-adb2-dc5da6edb65c,1,come,word,bed2da61-da50-4e6e-ad60-0caa543d62a8
aa0c1d31-288e-423b-b211-d05f0dc08684,4f4d1db4-5325-4c44-b902-6f2f5ad98b7c,1,apple,word,dadf82a9-eaef-4571-a631-2ca61fa75bf7
3ec0b335-99cb-47cb-a7d1-48d0eafe07c6,e9081b64-24c5-45e6-ab9e-64161a4b9d55,1,in,word,84b42a02-b972-4109-ac42-7d04746f07c8
04bda72d-1020-4806-ac12-d26d06bc4ecd,70efbdf4-bde7-4af6-af20-6be888e30b08,1,re-,prefix,25c9c982-54cc-42c6-8d13-31b6232755b7
8c739ad9-28cc-4659-8c12-bd0975f97e4c,70efbdf4-bde7-4af6-af20-6be888e30b08,1,re-,prefix,25c9c982-54cc-42c6-8d13-31b6232755b7
d176707e-eb96-4bf1-9f3c-8a134d9d84c5,16f43930-667f-4d88-aced-9c31c09be9d5,1,come,word,bed2da61-da50-4e6e-ad60-0caa543d62a8
d176707e-eb96-4bf1-9f3c-8a134d9d84c5,eabfcb69-f5cb-4776-9fe5-50322c63ee01,1,come,word,bed2da61-da50-4e6e-ad60-0caa543d62a8
a7339fb7-3b09-4427-a684-dac059e6c42d,16f43930-667f-4d88-aced-9c31c09be9d5,1,come,word,bed2da61-da50-4e6e-ad60-0caa543d62a8
8f301089-820a-41f3-b35f-c279341a0bff,16f43930-667f-4d88-aced-9c31c09be9d5,1,come,word,bed2da61-da50-4e6e-ad60-0caa543d62a8
ce842312-e623-4de1-8237-ff7f1c112a2d,16f43930-667f-4d88-aced-9c31c09be9d5,1,come,word,bed2da61-da50-4e6e-ad60-0caa543d62a8
7013b614-e960-4369-94fc-373ac44a99c0,eb2dab21-d31e-4dbd-bb90-255c046203a6,1,on,word,3090e71f-ead1-49e6-8ef2-520fb888aaf2
f39d9234-b922-41c4-976c-cf2ef9fc284b,16f43930-667f-4d88-aced-9c31c09be9d5,1,come,word,bed2da61-da50-4e6e-ad60-0caa543d62a8
0e6ea629-a506-463d-8937-64b8f3ca912c,16f43930-667f-4d88-aced-9c31c09be9d5,1,come,word,bed2da61-da50-4e6e-ad60-0caa543d62a8
78533546-d098-4852-8f72-2fae9db78366,a7337996-d254-4e6c-b653-953db846ed10,1,on,word,3090e71f-ead1-49e6-8ef2-520fb888aaf2
28df639c-129e-4871-bb62-2530cc437eac,eb2dab21-d31e-4dbd-bb90-255c046203a6,1,on,word,3090e71f-ead1-49e6-8ef2-520fb888aaf2
d3bb9a27-2881-44d4-a3ce-49253531835e,f5920bd6-2656-4cc3-9501-62779c96715c,1,go,word,535c367c-28d8-43a4-b511-d5a2b5d192b8
4226b4b2-e770-42bd-b073-70aa1283f457,59011590-c7ce-446a-bdff-06ab88384fec,1,is,word,01153fb1-72e5-475f-b7ac-fd2ece01e98e
4226b4b2-e770-42bd-b073-70aa1283f457,59011590-c7ce-446a-bdff-06ab88384fec,2,in,word,84b42a02-b972-4109-ac42-7d04746f07c8
b2790343-951c-4bfe-8a17-3ebb28850bf0,c51a8e11-69c9-4469-b362-65f433a0d955,1,come,word,bed2da61-da50-4e6e-ad60-0caa543d62a8
0adb3608-aee3-4f29-980f-85db4714f646,d42d211c-392f-49a0-b3b1-687347897da5,1,pro-,prefix,40e680cb-32e4-4cff-bb9c-b17989a9fa1a
fed9c018-5747-48b0-8727-222201956950,d42d211c-392f-49a0-b3b1-687347897da5,1,pro-,prefix,40e680cb-32e4-4cff-bb9c-b17989a9fa1a
c1c55f06-2789-4f5e-bc4b-20ed202b8fec,eabfcb69-f5cb-4776-9fe5-50322c63ee01,1,come,word,bed2da61-da50-4e6e-ad60-0caa543d62a8
d1b3f923-9771-434e-abad-ef013d2e76aa,ae5522fc-65cf-47b7-9577-4e782649516d,1,in,word,84b42a02-b972-4109-ac42-7d04746f07c8
5dfa8c85-a9e9-4017-90d8-3a2364caebb8,97cb5966-50a3-45ab-84ea-ba5676e3d989,1,ten,word,cab687e2-c2f4-4b26-8968-af39a77d3d4e
645eb2dd-2ee2-4997-a283-4dddc9c62a10,35bfa2ad-f3d3-43ad-8bb7-1a1b5f5b9059,1,in,word,84b42a02-b972-4109-ac42-7d04746f07c8
645eb2dd-2ee2-4997-a283-4dddc9c62a10,35bfa2ad-f3d3-43ad-8bb7-1a1b5f5b9059,2,-er,suffix,22a3b447-d3cf-4d74-8e34-fadb7d2b0375
62fba4d4-4de5-4014-8fce-d8eda799cfc9,8b9dbed4-f563-4d8b-a13c-95ec5c898a00,1,in,word,84b42a02-b972-4109-ac42-7d04746f07c8
d801eb22-8194-4391-b3fa-ef087112ef30,e9081b64-24c5-45e6-ab9e-64161a4b9d55,1,in,word,84b42a02-b972-4109-ac42-7d04746f07c8
62451715-7efd-4c5b-a297-8bda78ff4765,98e6651d-8b5e-462a-adb2-dc5da6edb65c,1,come,word,bed2da61-da50-4e6e-ad60-0caa543d62a8
053a563f-55d5-4d3d-95af-fccc7b313ba2,98e6651d-8b5e-462a-adb2-dc5da6edb65c,1,come,word,bed2da61-da50-4e6e-ad60-0caa543d62a8
58c30c6a-5bd3-4feb-9594-c8455f8666f2,1e4ea41c-ee64-4bce-aed5-5ba7b9bcccff,1,a-,prefix,eb2dab21-d31e-4dbd-bb90-255c046203a6
58c30c6a-5bd3-4feb-9594-c8455f8666f2,1e4ea41c-ee64-4bce-aed5-5ba7b9bcccff,2,ab-,prefix,1e4ea41c-ee64-4bce-aed5-5ba7b9bcccff
58c30c6a-5bd3-4feb-9594-c8455f8666f2,1e4ea41c-ee64-4bce-aed5-5ba7b9bcccff,3,ac-,prefix,313fe2aa-9acf-4e44-b215-3d94eac8de99
58c30c6a-5bd3-4feb-9594-c8455f8666f2,1e4ea41c-ee64-4bce-aed5-5ba7b9bcccff,4,ad-,prefix,01e572b5-9046-4ae6-82df-91bb22b151d2
58c30c6a-5bd3-4feb-9594-c8455f8666f2,1e4ea41c-ee64-4bce-aed5-5ba7b9bcccff,5,ap-,prefix,3015fc76-f4ec-4a6a-bc69-218e873a44f1
58c30c6a-5bd3-4feb-9594-c8455f8666f2,1e4ea41c-ee64-4bce-aed5-5ba7b9bcccff,6,as-,prefix,eb377bec-24c3-4c39-84d6-2c688a20059a
58c30c6a-5bd3-4feb-9594-c8455f8666f2,1e4ea41c-ee64-4bce-aed5-5ba7b9bcccff,7,at-,prefix,e63cdbbb-8bfb-442b-b49a-bd01c7f68aff
58c30c6a-5bd3-4feb-9594-c8455f8666f2,044440d8-c09f-4811-a7e6-d356e180e458,1,-t,suffix,902260c2-0a41-46d9-8130-90955ee5437e
b891db81-381a-44bb-ac71-41c891cb87ef,e041c274-cac0-4c1a-b170-2c3aa03e6542,1,free,word,7d30b2ea-825d-4f95-a648-dd79f5dbf4fd
b891db81-381a-44bb-ac71-41c891cb87ef,e041c274-cac0-4c1a-b170-2c3aa03e6542,2,-an,suffix,9a0414e5-2d83-4468-bb32-0d0e399049d9
f3ddcd21-7b55-4146-b4e9-d21b40f5dd36,e041c274-cac0-4c1a-b170-2c3aa03e6542,1,free,word,7d30b2ea-825d-4f95-a648-dd79f5dbf4fd
f3ddcd21-7b55-4146-b4e9-d21b40f5dd36,e041c274-cac0-4c1a-b170-2c3aa03e6542,2,-an,suffix,9a0414e5-2d83-4468-bb32-0d0e399049d9
ee25e7d0-2c82-4731-b867-2e02920c0e70,e041c274-cac0-4c1a-b170-2c3aa03e6542,1,free,word,7d30b2ea-825d-4f95-a648-dd79f5dbf4fd
ee25e7d0-2c82-4731-b867-2e02920c0e70,e041c274-cac0-4c1a-b170-2c3aa03e6542,2,-an,suffix,9a0414e5-2d83-4468-bb32-0d0e399049d9
ae9009a0-7954-433c-9a63-4db50a08baeb,1d137458-148d-447d-88cd-9403fbb0f5ec,1,cold,word,a5440413-59a4-444f-bae4-0aac92b6f442
ddce345d-d045-4318-911b-ffa9c6c2df68,3015fc76-f4ec-4a6a-bc69-218e873a44f1,1,at,word,9c2f1b32-39ad-4c43-8c8d-ae84d4272e3b
b8f51e12-585a-470f-99a5-a8fa636b7d98,2112d064-3373-4a90-aae1-3e2eb83a4f1a,1,sir,word,46e464ed-ffc1-4a12-9de0-773a4f912be6
b8f51e12-585a-470f-99a5-a8fa636b7d98,2112d064-3373-4a90-aae1-3e2eb83a4f1a,2,see,word,e7c93797-0833-40e6-b0db-eff1df71c656
5e47c1cf-6a60-47e6-9445-c07062f9a742,e9081b64-24c5-45e6-ab9e-64161a4b9d55,1,in,word,84b42a02-b972-4109-ac42-7d04746f07c8
5e47c1cf-6a60-47e6-9445-c07062f9a742,043329e5-22d3-46ce-af7c-f55b955a7c3d,1,in,word,84b42a02-b972-4109-ac42-7d04746f07c8
db97c5ba-db4d-47e0-8eda-e6d033f5c645,e9081b64-24c5-45e6-ab9e-64161a4b9d55,1,in,word,84b42a02-b972-4109-ac42-7d04746f07c8
db97c5ba-db4d-47e0-8eda-e6d033f5c645,043329e5-22d3-46ce-af7c-f55b955a7c3d,1,in,word,84b42a02-b972-4109-ac42-7d04746f07c8
6b5ae1de-29df-4f2b-9472-e67bd8a65882,49bf853b-04d3-43bc-89e6-e8e8a8ac4523,1,sta,root,e1b53382-184c-4e2f-8461-70e908854ea1
76764a6c-fafb-4f76-8616-02aecb4b29ce,ad1d1f07-560c-42c5-9ba9-11e812fbb5b3,1,know,word,c719a600-5928-4bf7-bdf6-fde64f9b3177
5a72be55-d3b2-44fe-bcb8-7104244189d2,ad1d1f07-560c-42c5-9ba9-11e812fbb5b3,1,know,word,c719a600-5928-4bf7-bdf6-fde64f9b3177
6831725c-6999-4af8-acba-73618e9ed8b9,ecf97d05-6f89-4cf2-b7ae-710a725c614e,1,time,word,844e3a81-c010-49d3-bc9a-5add82db6135
217a468e-9ed0-4a86-bf97-3e80a5ca5836,197de407-fd32-447b-89d3-861b532498c1,1,have,word,1caf16a2-bdea-4704-b119-50af402b3b77
126c0877-7555-43b5-98c7-33816e62c84b,197de407-fd32-447b-89d3-861b532498c1,1,have,word,1caf16a2-bdea-4704-b119-50af402b3b77
53b3ae82-ef23-4b57-a10b-725aa8ad31c3,343c86ff-5e98-4499-bf18-49ebf6a8dccc,1,-st,suffix,5e4cc57a-981b-47ea-b8be-ffe5db0ce603
3658e261-23c3-4690-80ee-f605c2aa573a,eb2dab21-d31e-4dbd-bb90-255c046203a6,1,on,word,3090e71f-ead1-49e6-8ef2-520fb888aaf2
2933792d-391b-4941-8d10-0c508c6ca719,26b42b9e-f150-4194-a4ed-b3bbc8322594,1,man,word,4b5ad6eb-4874-49e1-88ba-adc244daec95
3b101ae5-d7a6-454e-8a1d-8d88448a98d4,26b42b9e-f150-4194-a4ed-b3bbc8322594,1,man,word,4b5ad6eb-4874-49e1-88ba-adc244daec95
e7b12a5a-0f3f-4832-a5e6-931fcf3d5cc0,b5f8b60c-3a72-42b7-b3d5-883ac24cbdb4,1,is,word,01153fb1-72e5-475f-b7ac-fd2ece01e98e
f2fbb0ca-316d-44ff-8f2a-f40df7d5dceb,b5f8b60c-3a72-42b7-b3d5-883ac24cbdb4,1,is,word,01153fb1-72e5-475f-b7ac-fd2ece01e98e
e4382ac2-e66e-4750-bbed-d397334addbe,8845d935-09a5-45da-97b8-4dd591bfe148,1,out,word,2d8448d3-514e-49e3-97f9-290a5c552d4a
e0d526d6-ec95-4e38-92a9-4dd96c09e7e6,86403df0-c182-4703-807f-6cc63c2c22a1,1,to,word,b95ef1b5-74f6-49d7-87a2-e6a43dcc5ff9
da47db21-221c-43cf-a8b1-147ebe63a762,86403df0-c182-4703-807f-6cc63c2c22a1,1,to,word,b95ef1b5-74f6-49d7-87a2-e6a43dcc5ff9
d05f5dac-67db-417a-850b-54e5645ffbcd,92821a39-ec41-44f4-843c-3c5f16bfca62,1,man,word,4b5ad6eb-4874-49e1-88ba-adc244daec95
a471978c-8878-4c10-872d-6f3693627289,92821a39-ec41-44f4-843c-3c5f16bfca62,1,man,word,4b5ad6eb-4874-49e1-88ba-adc244daec95
91e32286-8d2a-4c6a-99d8-25a3b85c33e6,fcea9aff-718e-4819-bfd4-c4015d520be2,1,down,word,06e140d2-619c-4f69-9a05-bdc97e304787
7e0a0dfa-25d5-459f-b40d-29be55e4ccd6,cb8e5750-e7ca-4834-8abf-dc325f2dfbb9,1,-an,suffix,9a0414e5-2d83-4468-bb32-0d0e399049d9
b9c013ca-af31-4b96-bd3b-e5e6803535d6,87b5a5f9-899f-4a80-8d77-d5d870af2e3b,1,three,word,4f694b4d-9e80-4ba6-a299-c9c2bcbbddc5
b9c013ca-af31-4b96-bd3b-e5e6803535d6,0cf41484-f807-4ed5-9307-282afeb2680e,1,try,word,c6f34070-157f-4643-b378-36d8ae16dd09
3b181dfb-ee28-455c-99d9-e5ec3a412192,0cf41484-f807-4ed5-9307-282afeb2680e,1,try,word,c6f34070-157f-4643-b378-36d8ae16dd09
c8076bbe-1a35-4715-973e-a510bd7162e8,6c1d309c-a650-44a3-a776-a143395f5ba7,1,an,word,f12a203c-950b-4f36-a096-1faed7f15f69
c8076bbe-1a35-4715-973e-a510bd7162e8,a8708988-eb5a-4ffa-b297-64a54bc46fa8,1,you,word,fbc73d01-7864-49bf-b9f5-700f8fcaf68e
c8076bbe-1a35-4715-973e-a510bd7162e8,a8708988-eb5a-4ffa-b297-64a54bc46fa8,2,only,word,6bf0967d-e569-468b-8a97-de0aebdf3bc5
c8076bbe-1a35-4715-973e-a510bd7162e8,a6c06782-3891-40f8-8c54-d8043fcbbb3f,1,an,word,f12a203c-950b-4f36-a096-1faed7f15f69
db0cd541-dc77-4d7d-bb85-03d19b31513d,8dfb903e-69c8-42c3-a95e-af71d0d5f92e,1,co-,prefix,eabfcb69-f5cb-4776-9fe5-50322c63ee01
db0cd541-dc77-4d7d-bb85-03d19b31513d,8dfb903e-69c8-42c3-a95e-af71d0d5f92e,2,-or,suffix,b9fed5d5-9451-4b2d-873c-9ee4b1ce3e43
79464802-ee45-4372-a7ae-d64cbfea65e6,97cb5966-50a3-45ab-84ea-ba5676e3d989,1,ten,word,cab687e2-c2f4-4b26-8968-af39a77d3d4e
da123b0c-63dc-45fc-b632-767610656251,c4771889-8dde-42ee-8894-034871763af3,1,see,word,e7c93797-0833-40e6-b0db-eff1df71c656
6a12e85c-ba19-4bc8-99af-8dc53ca6a1b9,a7f35371-b390-49d6-87a0-719f46531f9c,1,see,word,e7c93797-0833-40e6-b0db-eff1df71c656
e3989bf0-455d-4f23-97ea-be58751d46ef,98e6651d-8b5e-462a-adb2-dc5da6edb65c,1,come,word,bed2da61-da50-4e6e-ad60-0caa543d62a8
94f14d4d-c93a-4792-b297-1a424cc51dd9,98e6651d-8b5e-462a-adb2-dc5da6edb65c,1,come,word,bed2da61-da50-4e6e-ad60-0caa543d62a8
2b4f8fd3-efb5-4a3c-99ee-03d6e7045de0,98e6651d-8b5e-462a-adb2-dc5da6edb65c,1,come,word,bed2da61-da50-4e6e-ad60-0caa543d62a8
4f31ba8c-433d-4da5-84ea-e4d2eb818c4e,98e6651d-8b5e-462a-adb2-dc5da6edb65c,1,come,word,bed2da61-da50-4e6e-ad60-0caa543d62a8
3e40d506-dc89-41c0-8d43-d9316732d833,91e43b83-92e2-4895-bc4b-29cdcbafa6bd,1,die,word,7a870203-3558-41fa-a2a0-a369e9d7e003
d4225556-7ad1-4b57-ab84-5fe69a211db7,91e43b83-92e2-4895-bc4b-29cdcbafa6bd,1,die,word,7a870203-3558-41fa-a2a0-a369e9d7e003
6ad0e56a-10b5-41c0-8bd5-b066ad126610,55008dae-d28e-4242-b5dc-d1e6d9c7bed4,1,body,word,4b9e8908-b370-4c87-8599-955f6b583bc0
02c8aff5-67e5-442e-8d1d-88c3303bd277,98e6651d-8b5e-462a-adb2-dc5da6edb65c,1,come,word,bed2da61-da50-4e6e-ad60-0caa543d62a8
c1289637-d60e-49dd-81a5-51c1df2e64d0,32882c42-9c95-44c4-a0a5-e32555e49fc2,1,arm,word,515aa981-c0fb-422b-9e44-ffd3f80e2ce9
462b008f-f87a-498d-aea1-1f67c3112aa5,98e6651d-8b5e-462a-adb2-dc5da6edb65c,1,come,word,bed2da61-da50-4e6e-ad60-0caa543d62a8
cafe22b5-baa9-4016-8e25-884c1c463379,eb2dab21-d31e-4dbd-bb90-255c046203a6,1,on,word,3090e71f-ead1-49e6-8ef2-520fb888aaf2
8f9810a6-aee6-403a-bdfe-36602b2ab8f9,eb2dab21-d31e-4dbd-bb90-255c046203a6,1,on,word,3090e71f-ead1-49e6-8ef2-520fb888aaf2
4e5d5d47-1e0d-433d-a612-4f94a8f65c07,bea6955a-efc1-42f8-9889-564f5d27a350,1,please,word,dbc2828d-5707-4ad0-8428-5950112b9835
d71f3593-393a-4c92-9403-633ad6f3a581,e9081b64-24c5-45e6-ab9e-64161a4b9d55,1,in,word,84b42a02-b972-4109-ac42-7d04746f07c8
d71f3593-393a-4c92-9403-633ad6f3a581,35bfa2ad-f3d3-43ad-8bb7-1a1b5f5b9059,1,in,word,84b42a02-b972-4109-ac42-7d04746f07c8
d71f3593-393a-4c92-9403-633ad6f3a581,35bfa2ad-f3d3-43ad-8bb7-1a1b5f5b9059,2,-er,suffix,22a3b447-d3cf-4d74-8e34-fadb7d2b0375
ef0bae22-0f1f-4d4f-8c9e-cc3e99a14d9f,35bfa2ad-f3d3-43ad-8bb7-1a1b5f5b9059,1,in,word,84b42a02-b972-4109-ac42-7d04746f07c8
ef0bae22-0f1f-4d4f-8c9e-cc3e99a14d9f,35bfa2ad-f3d3-43ad-8bb7-1a1b5f5b9059,2,-er,suffix,22a3b447-d3cf-4d74-8e34-fadb7d2b0375
62a898d2-a9a2-43c3-bcdd-0ac71f48fa58,2112d064-3373-4a90-aae1-3e2eb83a4f1a,1,sir,word,46e464ed-ffc1-4a12-9de0-773a4f912be6
62a898d2-a9a2-43c3-bcdd-0ac71f48fa58,2112d064-3373-4a90-aae1-3e2eb83a4f1a,2,see,word,e7c93797-0833-40e6-b0db-eff1df71c656
072d3e7c-8c7d-42fd-a048-634b70c8b7ac,c51a8e11-69c9-4469-b362-65f433a0d955,1,come,word,bed2da61-da50-4e6e-ad60-0caa543d62a8
b460e3ef-e30f-490e-8b33-2e19c180fc72,c51a8e11-69c9-4469-b362-65f433a0d955,1,come,word,bed2da61-da50-4e6e-ad60-0caa543d62a8
8433409c-6131-4afb-9028-d9fd08171ff8,eb2dab21-d31e-4dbd-bb90-255c046203a6,1,on,word,3090e71f-ead1-49e6-8ef2-520fb888aaf2
3ca1a44c-e89e-4fb6-8461-b6645507a4c1,bbb2513e-9f1e-426f-b0b3-b23808d86310,1,way,word,30b4d743-0169-4879-96e9-9482e229c6a3
5aaaa1f8-3f76-4599-adb2-f5f149bd92b7,bf3bc7a8-c9cc-40e9-8c6a-ad23149d6516,1,re-,prefix,25c9c982-54cc-42c6-8d13-31b6232755b7
eb9bd5e1-8f50-4b58-bc53-ea7dcedefa81,bf3bc7a8-c9cc-40e9-8c6a-ad23149d6516,1,re-,prefix,25c9c982-54cc-42c6-8d13-31b6232755b7
575a48ab-e7d0-4a01-9cad-318b20b1a268,c51a8e11-69c9-4469-b362-65f433a0d955,1,come,word,bed2da61-da50-4e6e-ad60-0caa543d62a8
06ffbc10-b7e4-4a18-b22e-85f6e04a4313,a6a56af3-e3e8-44e1-b8e7-75c065d94c15,1,see,word,e7c93797-0833-40e6-b0db-eff1df71c656
2d3f714e-63f2-4ba4-a111-b44b2dcf8229,eb2dab21-d31e-4dbd-bb90-255c046203a6,1,on,word,3090e71f-ead1-49e6-8ef2-520fb888aaf2
975bf167-b970-47e8-8c01-cf4fbfc1c295,0815771c-a879-4c7e-b9b2-425daadb9957,1,ob-,prefix,b9a3b672-0067-42ec-a917-dc17338523a0
975bf167-b970-47e8-8c01-cf4fbfc1c295,0815771c-a879-4c7e-b9b2-425daadb9957,2,op-,prefix,07e6b6fd-3e6e-42be-9cfe-11dcadb01cd9
975bf167-b970-47e8-8c01-cf4fbfc1c295,0815771c-a879-4c7e-b9b2-425daadb9957,3,of-,prefix,366a998f-d20b-48c1-97c8-cf723bf4766e
975bf167-b970-47e8-8c01-cf4fbfc1c295,0815771c-a879-4c7e-b9b2-425daadb9957,4,oc-,prefix,0815771c-a879-4c7e-b9b2-425daadb9957
02ba412a-c658-430a-a559-23b5cc32696b,0815771c-a879-4c7e-b9b2-425daadb9957,1,ob-,prefix,b9a3b672-0067-42ec-a917-dc17338523a0
02ba412a-c658-430a-a559-23b5cc32696b,0815771c-a879-4c7e-b9b2-425daadb9957,2,op-,prefix,07e6b6fd-3e6e-42be-9cfe-11dcadb01cd9
02ba412a-c658-430a-a559-23b5cc32696b,0815771c-a879-4c7e-b9b2-425daadb9957,3,of-,prefix,366a998f-d20b-48c1-97c8-cf723bf4766e
02ba412a-c658-430a-a559-23b5cc32696b,0815771c-a879-4c7e-b9b2-425daadb9957,4,oc-,prefix,0815771c-a879-4c7e-b9b2-425daadb9957
595b7f9f-a5a8-43f5-841d-b08f487b049d,d869670d-a533-4198-a9b8-1cf4be16ce4e,1,cry,word,8b272839-b86d-4bfc-8ff1-004eed622fbc
3b572d15-0414-4fbe-a874-909c6c199133,e9081b64-24c5-45e6-ab9e-64161a4b9d55,1,in,word,84b42a02-b972-4109-ac42-7d04746f07c8
39bd0112-bd98-46c5-9579-93cc3414a468,810ea912-89a8-4ff0-a77d-0b8290d92845,1,an,word,f12a203c-950b-4f36-a096-1faed7f15f69
f10d2215-3d8d-417e-9c60-b166ab122a25,810ea912-89a8-4ff0-a77d-0b8290d92845,1,an,word,f12a203c-950b-4f36-a096-1faed7f15f69
2f1f8ada-0c2d-4dd8-9283-ef2bbe9c84b8,810ea912-89a8-4ff0-a77d-0b8290d92845,1,an,word,f12a203c-950b-4f36-a096-1faed7f15f69
994f01b5-3662-4cbf-af84-acce3ef80364,742b974d-fa3f-428d-8a61-7f327e596f1b,1,meet,word,67d23437-39c8-427c-9f66-9ebeadd9e51e
b22a4b52-7a29-4708-b681-618e2a1b628b,742b974d-fa3f-428d-8a61-7f327e596f1b,1,meet,word,67d23437-39c8-427c-9f66-9ebeadd9e51e
a8383ff0-c5a6-4b8b-94cf-2a5b24b6481d,8f9d2c11-6529-4a02-bc62-4a7b77f508e8,1,meet,word,67d23437-39c8-427c-9f66-9ebeadd9e51e
554e597e-d86a-48e2-a897-a0e6383da43f,a7f15426-9723-4352-baa6-55381efe5e51,1,lie,word,a89fce0d-8493-4cf5-8fa1-fe5ff19c541e
586bc5fa-0b2e-4f2f-9707-4e19666901c3,a7f15426-9723-4352-baa6-55381efe5e51,1,lie,word,a89fce0d-8493-4cf5-8fa1-fe5ff19c541e
6c95e738-d943-42bc-9d75-3ef2af06a87b,e9081b64-24c5-45e6-ab9e-64161a4b9d55,1,in,word,84b42a02-b972-4109-ac42-7d04746f07c8
1ffed2d2-215f-4050-98ff-f4e3d4b35360,35bfa2ad-f3d3-43ad-8bb7-1a1b5f5b9059,1,in,word,84b42a02-b972-4109-ac42-7d04746f07c8
1ffed2d2-215f-4050-98ff-f4e3d4b35360,35bfa2ad-f3d3-43ad-8bb7-1a1b5f5b9059,2,-er,suffix,22a3b447-d3cf-4d74-8e34-fadb7d2b0375
7daeb821-e71d-46f5-885c-6660347d5dfc,56cb30c8-f901-46e0-8f12-1a953cca2c90,1,long,word,46dfd8f8-98ef-42a8-95e9-5793efa28d03
5463572e-57a5-4ca4-b05f-efbe3efda4e1,56cb30c8-f901-46e0-8f12-1a953cca2c90,1,long,word,46dfd8f8-98ef-42a8-95e9-5793efa28d03
36d08331-7509-450f-98b5-ce1899459bb8,313fe2aa-9acf-4e44-b215-3d94eac8de99,1,a-,prefix,eb2dab21-d31e-4dbd-bb90-255c046203a6
36d08331-7509-450f-98b5-ce1899459bb8,313fe2aa-9acf-4e44-b215-3d94eac8de99,2,ab-,prefix,1e4ea41c-ee64-4bce-aed5-5ba7b9bcccff
36d08331-7509-450f-98b5-ce1899459bb8,313fe2aa-9acf-4e44-b215-3d94eac8de99,3,ac-,prefix,313fe2aa-9acf-4e44-b215-3d94eac8de99
36d08331-7509-450f-98b5-ce1899459bb8,313fe2aa-9acf-4e44-b215-3d94eac8de99,4,ad-,prefix,01e572b5-9046-4ae6-82df-91bb22b151d2
36d08331-7509-450f-98b5-ce1899459bb8,313fe2aa-9acf-4e44-b215-3d94eac8de99,5,ap-,prefix,3015fc76-f4ec-4a6a-bc69-218e873a44f1
36d08331-7509-450f-98b5-ce1899459bb8,313fe2aa-9acf-4e44-b215-3d94eac8de99,6,as-,prefix,eb377bec-24c3-4c39-84d6-2c688a20059a
36d08331-7509-450f-98b5-ce1899459bb8,313fe2aa-9acf-4e44-b215-3d94eac8de99,7,at-,prefix,e63cdbbb-8bfb-442b-b49a-bd01c7f68aff
36d08331-7509-450f-98b5-ce1899459bb8,d792685e-66be-4341-991d-a5bb8f571506,1,can,word,1a7fd486-6f5a-4d29-a48e-f09d1ec280aa
496d3ed2-4985-4ad4-906b-32d501780f29,775ddff0-40ce-4374-a7e4-30edb50f338b,1,at,word,9c2f1b32-39ad-4c43-8c8d-ae84d4272e3b
496d3ed2-4985-4ad4-906b-32d501780f29,775ddff0-40ce-4374-a7e4-30edb50f338b,2,a-,prefix,eb2dab21-d31e-4dbd-bb90-255c046203a6
496d3ed2-4985-4ad4-906b-32d501780f29,775ddff0-40ce-4374-a7e4-30edb50f338b,3,ar-,prefix,775ddff0-40ce-4374-a7e4-30edb50f338b
496d3ed2-4985-4ad4-906b-32d501780f29,775ddff0-40ce-4374-a7e4-30edb50f338b,4,ab-,prefix,1e4ea41c-ee64-4bce-aed5-5ba7b9bcccff
496d3ed2-4985-4ad4-906b-32d501780f29,775ddff0-40ce-4374-a7e4-30edb50f338b,5,ac-,prefix,313fe2aa-9acf-4e44-b215-3d94eac8de99
496d3ed2-4985-4ad4-906b-32d501780f29,775ddff0-40ce-4374-a7e4-30edb50f338b,6,ad-,prefix,01e572b5-9046-4ae6-82df-91bb22b151d2
496d3ed2-4985-4ad4-906b-32d501780f29,775ddff0-40ce-4374-a7e4-30edb50f338b,7,ap-,prefix,3015fc76-f4ec-4a6a-bc69-218e873a44f1
496d3ed2-4985-4ad4-906b-32d501780f29,775ddff0-40ce-4374-a7e4-30edb50f338b,8,as-,prefix,eb377bec-24c3-4c39-84d6-2c688a20059a
496d3ed2-4985-4ad4-906b-32d501780f29,775ddff0-40ce-4374-a7e4-30edb50f338b,9,at-,prefix,e63cdbbb-8bfb-442b-b49a-bd01c7f68aff
c4033193-752c-48d9-88ed-3c9e34d8325e,eb2dab21-d31e-4dbd-bb90-255c046203a6,1,on,word,3090e71f-ead1-49e6-8ef2-520fb888aaf2
b00e1e31-ec9d-4a25-971a-6ab15ef81b96,2ec342b0-e4bc-419d-ae67-390149ddbd21,1,over,word,5bbd5dbe-032d-4060-936c-4088d18dce41
36c7a202-d06b-496f-b618-4c994e40db42,f3043748-2a8e-416f-87b5-bff450e022d9,1,at,word,9c2f1b32-39ad-4c43-8c8d-ae84d4272e3b
d61e588a-a79e-4c4c-8897-cc790639fd61,b115d2db-154e-4059-b9e0-6fa03f8f5554,1,why,word,df4fe14f-701f-42ed-9e9d-f970cbf62a22
d61e588a-a79e-4c4c-8897-cc790639fd61,b115d2db-154e-4059-b9e0-6fa03f8f5554,2,see,word,e7c93797-0833-40e6-b0db-eff1df71c656
cfa7bd4c-4632-473f-bf5e-71b66cbe1561,a8708988-eb5a-4ffa-b297-64a54bc46fa8,1,you,word,fbc73d01-7864-49bf-b9f5-700f8fcaf68e
cfa7bd4c-4632-473f-bf5e-71b66cbe1561,a8708988-eb5a-4ffa-b297-64a54bc46fa8,2,only,word,6bf0967d-e569-468b-8a97-de0aebdf3bc5
58626821-bbdb-4b23-8924-fecc458a0967,a8708988-eb5a-4ffa-b297-64a54bc46fa8,1,you,word,fbc73d01-7864-49bf-b9f5-700f8fcaf68e
58626821-bbdb-4b23-8924-fecc458a0967,a8708988-eb5a-4ffa-b297-64a54bc46fa8,2,only,word,6bf0967d-e569-468b-8a97-de0aebdf3bc5
5fcbd821-abce-4319-9a22-64006db1214a,ea404a62-bc91-48a9-96ec-981aa2a018dc,1,mini,word,e5149dd5-3c37-4c31-b9bb-a576cc6bbafa
5fcbd821-abce-4319-9a22-64006db1214a,ea404a62-bc91-48a9-96ec-981aa2a018dc,2,in,word,84b42a02-b972-4109-ac42-7d04746f07c8
442d6247-c06d-4831-ac85-317b9d5b8020,d42d211c-392f-49a0-b3b1-687347897da5,1,pro-,prefix,40e680cb-32e4-4cff-bb9c-b17989a9fa1a
bbbf2946-d61b-454e-bb73-94dddfc8055f,8d09ac5a-efca-4eca-9d36-a0b623892bf0,1,in,word,84b42a02-b972-4109-ac42-7d04746f07c8
6f972b5a-b0f2-4bcd-bc21-cf47875c9db7,97cb5966-50a3-45ab-84ea-ba5676e3d989,1,ten,word,cab687e2-c2f4-4b26-8968-af39a77d3d4e
11821b7b-e4da-4a6a-8aeb-a929529b3107,8300d4f1-efcc-4ee5-b4f7-d70e2e742a2f,1,at,word,9c2f1b32-39ad-4c43-8c8d-ae84d4272e3b
470a25d9-c6aa-401c-a247-3d7689d0bd16,8300d4f1-efcc-4ee5-b4f7-d70e2e742a2f,1,at,word,9c2f1b32-39ad-4c43-8c8d-ae84d4272e3b
48d5507f-6747-49e8-be1f-33d9d5ce6392,c6fe89a8-826b-4cd3-bf63-142f5cabc889,1,me,word,b3ef4c67-512d-4bef-9811-4278dfc494c0
80554fdd-36aa-42cf-b621-9ee7718a0598,c6fe89a8-826b-4cd3-bf63-142f5cabc889,1,me,word,b3ef4c67-512d-4bef-9811-4278dfc494c0
1be4449f-146b-4044-b3ac-0f307176e65f,712b836c-ea02-45d4-a537-e7c98d1083a3,1,bow,word,e4850eed-98bb-4d91-b31e-b419edd18668
ccc8f259-92c8-4d9f-8a3b-a199cd96ebd6,01f49513-202d-4971-8288-69133087830a,1,let,word,524f3f07-5c8a-4cdf-ac82-2ea1d7e78a01
8c0f5771-4ab5-4a8a-bcb6-813c3c36d13f,01f49513-202d-4971-8288-69133087830a,1,let,word,524f3f07-5c8a-4cdf-ac82-2ea1d7e78a01
45301c94-535e-484f-9fb2-e7d12ab4af08,d45616c9-cc3f-4c5e-8516-6bec74b7ed38,1,come,word,bed2da61-da50-4e6e-ad60-0caa543d62a8
45301c94-535e-484f-9fb2-e7d12ab4af08,bf370b2e-8084-4fee-b143-9fdabea78776,1,well,word,5ea2ca04-581e-48b0-808f-fe0d6cfe970c
6e212df2-f531-43a2-a7a1-5d0d349572d6,3015fc76-f4ec-4a6a-bc69-218e873a44f1,1,at,word,9c2f1b32-39ad-4c43-8c8d-ae84d4272e3b
1c68ef02-0de1-44be-bfbc-f2692d5e231d,93d95ada-cb76-4a8f-9909-857488d62a92,1,same,word,1752d7ee-7a13-4c8c-8925-6bd2319a1abe
6942b128-fb09-44c0-9336-d7cde3dd17ff,634a504b-5b9d-4b60-9e70-be335a2110a8,1,great,word,54eb13d2-581c-4fcc-bb20-3ee00fbe0a21
073a5a0f-8bd7-4dfc-8e62-88e93845e2b8,634a504b-5b9d-4b60-9e70-be335a2110a8,1,great,word,54eb13d2-581c-4fcc-bb20-3ee00fbe0a21
05edb3ea-f500-4ac9-bf70-b8da9cd1ecc4,634a504b-5b9d-4b60-9e70-be335a2110a8,1,great,word,54eb13d2-581c-4fcc-bb20-3ee00fbe0a21
51a929c0-9de7-4ea3-a5b5-b4174f9d46bf,11bd188d-61e0-4c3f-8bcc-31476e70a9d6,1,pro-,prefix,40e680cb-32e4-4cff-bb9c-b17989a9fa1a
51a929c0-9de7-4ea3-a5b5-b4174f9d46bf,eabfcb69-f5cb-4776-9fe5-50322c63ee01,1,come,word,bed2da61-da50-4e6e-ad60-0caa543d62a8
1e0e2317-4ed2-44e3-9bf7-1c479bd43cea,35bfa2ad-f3d3-43ad-8bb7-1a1b5f5b9059,1,in,word,84b42a02-b972-4109-ac42-7d04746f07c8
1e0e2317-4ed2-44e3-9bf7-1c479bd43cea,35bfa2ad-f3d3-43ad-8bb7-1a1b5f5b9059,2,-er,suffix,22a3b447-d3cf-4d74-8e34-fadb7d2b0375
e98528b4-74c2-40f1-9c98-864656c365a4,49bf853b-04d3-43bc-89e6-e8e8a8ac4523,1,sta,root,e1b53382-184c-4e2f-8461-70e908854ea1
1caa893e-09b0-463e-8caa-82eb780faa85,49bf853b-04d3-43bc-89e6-e8e8a8ac4523,1,sta,root,e1b53382-184c-4e2f-8461-70e908854ea1
5fbf7e07-0088-4b0a-9f5c-84a9ea3d1d6f,a8708988-eb5a-4ffa-b297-64a54bc46fa8,1,you,word,fbc73d01-7864-49bf-b9f5-700f8fcaf68e
5fbf7e07-0088-4b0a-9f5c-84a9ea3d1d6f,a8708988-eb5a-4ffa-b297-64a54bc46fa8,2,only,word,6bf0967d-e569-468b-8a97-de0aebdf3bc5
363ee04e-5f91-482d-a7e8-cee0a69d7506,f586633a-2baf-4766-9cb2-bb4920da7a79,1,an,word,f12a203c-950b-4f36-a096-1faed7f15f69
98e172cf-07d9-457b-8166-bba5bd330580,4d22bb9d-4552-43b5-9fb3-6e5f6080ae8e,1,at,word,9c2f1b32-39ad-4c43-8c8d-ae84d4272e3b
98e172cf-07d9-457b-8166-bba5bd330580,4d22bb9d-4552-43b5-9fb3-6e5f6080ae8e,2,a-,prefix,eb2dab21-d31e-4dbd-bb90-255c046203a6
98e172cf-07d9-457b-8166-bba5bd330580,4d22bb9d-4552-43b5-9fb3-6e5f6080ae8e,3,al-,prefix,4d22bb9d-4552-43b5-9fb3-6e5f6080ae8e
98e172cf-07d9-457b-8166-bba5bd330580,4d22bb9d-4552-43b5-9fb3-6e5f6080ae8e,4,ab-,prefix,1e4ea41c-ee64-4bce-aed5-5ba7b9bcccff
98e172cf-07d9-457b-8166-bba5bd330580,4d22bb9d-4552-43b5-9fb3-6e5f6080ae8e,5,ac-,prefix,313fe2aa-9acf-4e44-b215-3d94eac8de99
98e172cf-07d9-457b-8166-bba5bd330580,4d22bb9d-4552-43b5-9fb3-6e5f6080ae8e,6,ad-,prefix,01e572b5-9046-4ae6-82df-91bb22b151d2
98e172cf-07d9-457b-8166-bba5bd330580,4d22bb9d-4552-43b5-9fb3-6e5f6080ae8e,7,ap-,prefix,3015fc76-f4ec-4a6a-bc69-218e873a44f1
98e172cf-07d9-457b-8166-bba5bd330580,4d22bb9d-4552-43b5-9fb3-6e5f6080ae8e,8,as-,prefix,eb377bec-24c3-4c39-84d6-2c688a20059a
98e172cf-07d9-457b-8166-bba5bd330580,4d22bb9d-4552-43b5-9fb3-6e5f6080ae8e,9,at-,prefix,e63cdbbb-8bfb-442b-b49a-bd01c7f68aff
c97b629c-b1ad-47f5-b68f-d0937662f44c,4d22bb9d-4552-43b5-9fb3-6e5f6080ae8e,1,at,word,9c2f1b32-39ad-4c43-8c8d-ae84d4272e3b
c97b629c-b1ad-47f5-b68f-d0937662f44c,4d22bb9d-4552-43b5-9fb3-6e5f6080ae8e,2,a-,prefix,eb2dab21-d31e-4dbd-bb90-255c046203a6
c97b629c-b1ad-47f5-b68f-d0937662f44c,4d22bb9d-4552-43b5-9fb3-6e5f6080ae8e,3,al-,prefix,4d22bb9d-4552-43b5-9fb3-6e5f6080ae8e
c97b629c-b1ad-47f5-b68f-d0937662f44c,4d22bb9d-4552-43b5-9fb3-6e5f6080ae8e,4,ab-,prefix,1e4ea41c-ee64-4bce-aed5-5ba7b9bcccff
c97b629c-b1ad-47f5-b68f-d0937662f44c,4d22bb9d-4552-43b5-9fb3-6e5f6080ae8e,5,ac-,prefix,313fe2aa-9acf-4e44-b215-3d94eac8de99
c97b629c-b1ad-47f5-b68f-d0937662f44c,4d22bb9d-4552-43b5-9fb3-6e5f6080ae8e,6,ad-,prefix,01e572b5-9046-4ae6-82df-91bb22b151d2
c97b629c-b1ad-47f5-b68f-d0937662f44c,4d22bb9d-4552-43b5-9fb3-6e5f6080ae8e,7,ap-,prefix,3015fc76-f4ec-4a6a-bc69-218e873a44f1
c97b629c-b1ad-47f5-b68f-d0937662f44c,4d22bb9d-4552-43b5-9fb3-6e5f6080ae8e,8,as-,prefix,eb377bec-24c3-4c39-84d6-2c688a20059a
c97b629c-b1ad-47f5-b68f-d0937662f44c,4d22bb9d-4552-43b5-9fb3-6e5f6080ae8e,9,at-,prefix,e63cdbbb-8bfb-442b-b49a-bd01c7f68aff
d8b5e146-f12e-4b99-aa75-973bce9cd80a,90f78681-4c28-4e1a-bf73-58ca74f8a854,1,but,word,1cffbd2d-f94f-4a4a-8f98-8937897f86be
6c1cca9a-c09b-4fc6-a704-8bb493c2371b,b10df326-c08a-45ad-8342-61c7ed38207a,1,stand,word,aed0de1c-e269-477e-af2b-88ee01a3ab68
7c691bc7-f73c-4b8b-bc73-35b00ae16f4b,de761270-a58d-4822-8a24-110b2521fb24,1,in,word,84b42a02-b972-4109-ac42-7d04746f07c8
7c691bc7-f73c-4b8b-bc73-35b00ae16f4b,65331aac-4aba-4298-b3a0-3734e80f0c39,1,en-,prefix,de761270-a58d-4822-8a24-110b2521fb24
07093332-be08-4421-b113-2d6e4c7ef47f,65331aac-4aba-4298-b3a0-3734e80f0c39,1,en-,prefix,de761270-a58d-4822-8a24-110b2521fb24
3c9e9409-e52c-460b-b9dd-b42602f47a6d,de761270-a58d-4822-8a24-110b2521fb24,1,in,word,84b42a02-b972-4109-ac42-7d04746f07c8
791c2526-2417-4d94-ba54-e1effecc1e59,98e6651d-8b5e-462a-adb2-dc5da6edb65c,1,come,word,bed2da61-da50-4e6e-ad60-0caa543d62a8
7f2592ca-6823-4a0b-804a-af621e139698,304d75ea-29f9-43d3-837f-9fd4c90a7168,1,pro-,prefix,40e680cb-32e4-4cff-bb9c-b17989a9fa1a
30064387-0471-4a3f-a4cd-62677aef972c,f0339224-409f-4642-959e-a5911d9e1a76,1,pass,word,56d684a4-53dd-4d2f-a4aa-e62dc06fbda6
30064387-0471-4a3f-a4cd-62677aef972c,f0339224-409f-4642-959e-a5911d9e1a76,2,-th,suffix,3afce86b-90e0-43dd-9ffa-9f7bd9f24ce8
459ce8e9-68f7-4425-9522-65158da15f9e,58ecb9ff-91c7-4c24-9f65-904d83771352,1,you,word,fbc73d01-7864-49bf-b9f5-700f8fcaf68e
459ce8e9-68f7-4425-9522-65158da15f9e,58ecb9ff-91c7-4c24-9f65-904d83771352,2,rain,word,ad8e2059-3d5c-4a20-a841-0e0ac5cab03a
d2e807f8-ceb3-4fbc-afa2-166646975ee9,86403df0-c182-4703-807f-6cc63c2c22a1,1,to,word,b95ef1b5-74f6-49d7-87a2-e6a43dcc5ff9
0d10cf7f-b745-4ca4-8d99-a395b747349e,98e6651d-8b5e-462a-adb2-dc5da6edb65c,1,come,word,bed2da61-da50-4e6e-ad60-0caa543d62a8
85a0d919-9f33-4709-8a85-b81933779c13,49bf853b-04d3-43bc-89e6-e8e8a8ac4523,1,sta,root,e1b53382-184c-4e2f-8461-70e908854ea1
3e63a91b-6e4a-4cfe-90a4-844359015760,98e6651d-8b5e-462a-adb2-dc5da6edb65c,1,come,word,bed2da61-da50-4e6e-ad60-0caa543d62a8
abe149a2-5530-438d-aa77-0a67100e9f31,fb2c3404-0fc7-4364-84d9-20347142b40b,1,see,word,e7c93797-0833-40e6-b0db-eff1df71c656
737ac235-9666-4c7c-b4e7-830df658eab6,fb2c3404-0fc7-4364-84d9-20347142b40b,1,see,word,e7c93797-0833-40e6-b0db-eff1df71c656
7063a425-39f8-4edc-ba7e-b1f1610a1f34,6cf5fb55-721b-4924-9d85-e1ef20a96c40,1,head,word,d1fe9861-647c-48d3-a3d3-a0fde09d8f2e
5e9e0d91-2bba-4458-a014-f9d0e30ef665,de761270-a58d-4822-8a24-110b2521fb24,1,in,word,84b42a02-b972-4109-ac42-7d04746f07c8
e5120bf7-6e13-4dd5-a25b-9ddd88dbb985,b052e0f9-a8c7-4190-b276-3af91e0cb123,1,pass,word,56d684a4-53dd-4d2f-a4aa-e62dc06fbda6
f27d1b03-c5d4-447c-9693-ba7f58f33843,97cb5966-50a3-45ab-84ea-ba5676e3d989,1,ten,word,cab687e2-c2f4-4b26-8968-af39a77d3d4e
a43181f3-4ac1-462b-b713-8b4dec9a23e6,3be1bbec-e624-41c6-8264-2be7b0e6f985,1,clim,root,d816aa85-f1cf-49dc-ac09-01971631f660
d233d2f8-486d-499e-b313-31dd1839b603,01e572b5-9046-4ae6-82df-91bb22b151d2,1,at,word,9c2f1b32-39ad-4c43-8c8d-ae84d4272e3b
2ccc570a-f711-4740-8985-b03802aced68,044440d8-c09f-4811-a7e6-d356e180e458,1,-t,suffix,902260c2-0a41-46d9-8130-90955ee5437e
df0ea27b-b1ea-4c2b-9ba9-d2cca376d3f5,98e6651d-8b5e-462a-adb2-dc5da6edb65c,1,come,word,bed2da61-da50-4e6e-ad60-0caa543d62a8
df0ea27b-b1ea-4c2b-9ba9-d2cca376d3f5,e2886367-ddff-431b-895d-7f71b5981411,1,care,word,69493fae-4e11-41e4-a525-c15f83022370
2bbb7916-8b9a-494c-8694-012ef591000b,98e6651d-8b5e-462a-adb2-dc5da6edb65c,1,come,word,bed2da61-da50-4e6e-ad60-0caa543d62a8
2bbb7916-8b9a-494c-8694-012ef591000b,e2886367-ddff-431b-895d-7f71b5981411,1,care,word,69493fae-4e11-41e4-a525-c15f83022370
19c47867-0a4e-4eae-bacd-c77ef8b8f40b,eb377bec-24c3-4c39-84d6-2c688a20059a,1,at,word,9c2f1b32-39ad-4c43-8c8d-ae84d4272e3b
19c47867-0a4e-4eae-bacd-c77ef8b8f40b,eb377bec-24c3-4c39-84d6-2c688a20059a,2,a-,prefix,eb2dab21-d31e-4dbd-bb90-255c046203a6
19c47867-0a4e-4eae-bacd-c77ef8b8f40b,eb377bec-24c3-4c39-84d6-2c688a20059a,3,ab-,prefix,1e4ea41c-ee64-4bce-aed5-5ba7b9bcccff
19c47867-0a4e-4eae-bacd-c77ef8b8f40b,eb377bec-24c3-4c39-84d6-2c688a20059a,4,ac-,prefix,313fe2aa-9acf-4e44-b215-3d94eac8de99
19c47867-0a4e-4eae-bacd-c77ef8b8f40b,eb377bec-24c3-4c39-84d6-2c688a20059a,5,ad-,prefix,01e572b5-9046-4ae6-82df-91bb22b151d2
19c47867-0a4e-4eae-bacd-c77ef8b8f40b,eb377bec-24c3-4c39-84d6-2c688a20059a,6,ap-,prefix,3015fc76-f4ec-4a6a-bc69-218e873a44f1
19c47867-0a4e-4eae-bacd-c77ef8b8f40b,eb377bec-24c3-4c39-84d6-2c688a20059a,7,as-,prefix,eb377bec-24c3-4c39-84d6-2c688a20059a
19c47867-0a4e-4eae-bacd-c77ef8b8f40b,eb377bec-24c3-4c39-84d6-2c688a20059a,8,at-,prefix,e63cdbbb-8bfb-442b-b49a-bd01c7f68aff
19c47867-0a4e-4eae-bacd-c77ef8b8f40b,e6d71b06-686f-4bdf-a4ff-7013d8aacdf9,1,see,word,e7c93797-0833-40e6-b0db-eff1df71c656
d5d524f4-df4f-4ced-838d-14d0d87bc2a0,4d33a813-0ef8-4977-817f-6b8ae384ace0,1,re-,prefix,25c9c982-54cc-42c6-8d13-31b6232755b7
db0cb22e-c694-4210-b0f4-d11aa1ad6917,4d33a813-0ef8-4977-817f-6b8ae384ace0,1,re-,prefix,25c9c982-54cc-42c6-8d13-31b6232755b7
1b4150dc-0755-4048-884b-49ad9ccff464,4d33a813-0ef8-4977-817f-6b8ae384ace0,1,re-,prefix,25c9c982-54cc-42c6-8d13-31b6232755b7
5588c03d-53e3-454a-a1d0-f1eddc0eebb9,4d33a813-0ef8-4977-817f-6b8ae384ace0,1,re-,prefix,25c9c982-54cc-42c6-8d13-31b6232755b7
935808ec-8ea2-437e-a8b1-fd47e9cba084,92821a39-ec41-44f4-843c-3c5f16bfca62,1,man,word,4b5ad6eb-4874-49e1-88ba-adc244daec95
7f905ca0-a747-4e3c-ac97-eaa739ebc53d,59011590-c7ce-446a-bdff-06ab88384fec,1,is,word,01153fb1-72e5-475f-b7ac-fd2ece01e98e
7f905ca0-a747-4e3c-ac97-eaa739ebc53d,59011590-c7ce-446a-bdff-06ab88384fec,2,in,word,84b42a02-b972-4109-ac42-7d04746f07c8
bb319f2c-24f0-4b58-99fa-80d0a7779ced,59011590-c7ce-446a-bdff-06ab88384fec,1,is,word,01153fb1-72e5-475f-b7ac-fd2ece01e98e
bb319f2c-24f0-4b58-99fa-80d0a7779ced,59011590-c7ce-446a-bdff-06ab88384fec,2,in,word,84b42a02-b972-4109-ac42-7d04746f07c8
2490a401-bb98-4d24-a2af-ec6501b1938c,3015fc76-f4ec-4a6a-bc69-218e873a44f1,1,at,word,9c2f1b32-39ad-4c43-8c8d-ae84d4272e3b
ba890ddd-e1bb-4f9d-8350-e133eef7d542,3015fc76-f4ec-4a6a-bc69-218e873a44f1,1,at,word,9c2f1b32-39ad-4c43-8c8d-ae84d4272e3b
901f77f2-6034-421b-8004-82aacc258733,3015fc76-f4ec-4a6a-bc69-218e873a44f1,1,at,word,9c2f1b32-39ad-4c43-8c8d-ae84d4272e3b
901f77f2-6034-421b-8004-82aacc258733,880b2bb2-1161-4733-87c5-a2de839cfbb5,1,act,word,f6c6ec73-4848-4690-a4b6-c7be1e84aa13
6875ec8c-992a-4af5-90f5-6011c3d3603a,313fe2aa-9acf-4e44-b215-3d94eac8de99,1,a-,prefix,eb2dab21-d31e-4dbd-bb90-255c046203a6
6875ec8c-992a-4af5-90f5-6011c3d3603a,313fe2aa-9acf-4e44-b215-3d94eac8de99,2,ab-,prefix,1e4ea41c-ee64-4bce-aed5-5ba7b9bcccff
6875ec8c-992a-4af5-90f5-6011c3d3603a,313fe2aa-9acf-4e44-b215-3d94eac8de99,3,ac-,prefix,313fe2aa-9acf-4e44-b215-3d94eac8de99
6875ec8c-992a-4af5-90f5-6011c3d3603a,313fe2aa-9acf-4e44-b215-3d94eac8de99,4,ad-,prefix,01e572b5-9046-4ae6-82df-91bb22b151d2
6875ec8c-992a-4af5-90f5-6011c3d3603a,313fe2aa-9acf-4e44-b215-3d94eac8de99,5,ap-,prefix,3015fc76-f4ec-4a6a-bc69-218e873a44f1
6875ec8c-992a-4af5-90f5-6011c3d3603a,313fe2aa-9acf-4e44-b215-3d94eac8de99,6,as-,prefix,eb377bec-24c3-4c39-84d6-2c688a20059a
6875ec8c-992a-4af5-90f5-6011c3d3603a,313fe2aa-9acf-4e44-b215-3d94eac8de99,7,at-,prefix,e63cdbbb-8bfb-442b-b49a-bd01c7f68aff
6875ec8c-992a-4af5-90f5-6011c3d3603a,4e51d4ba-6b93-4de1-86dc-ebc0ff74ac3f,1,-t,suffix,902260c2-0a41-46d9-8130-90955ee5437e
ad90179e-5386-41f7-a7a2-c98fe7123179,01e572b5-9046-4ae6-82df-91bb22b151d2,1,at,word,9c2f1b32-39ad-4c43-8c8d-ae84d4272e3b
c3fc5b1d-99c2-427e-a791-b572c1f9acad,3015fc76-f4ec-4a6a-bc69-218e873a44f1,1,at,word,9c2f1b32-39ad-4c43-8c8d-ae84d4272e3b
b5159e4f-b8d9-459a-b108-1bcda992a3e1,2f406384-4229-47f4-a774-01cab5392489,1,cut,word,41f9bab6-adf2-4ff3-be59-48e216f94cf7
d27be29e-78e0-4525-826f-1aaf3e617b8d,e9081b64-24c5-45e6-ab9e-64161a4b9d55,1,in,word,84b42a02-b972-4109-ac42-7d04746f07c8
74d04924-317b-4271-8ee9-b1460c607b78,e9081b64-24c5-45e6-ab9e-64161a4b9d55,1,in,word,84b42a02-b972-4109-ac42-7d04746f07c8
6f09a0b1-74bd-49f1-833b-caecb0af172c,eb2dab21-d31e-4dbd-bb90-255c046203a6,1,on,word,3090e71f-ead1-49e6-8ef2-520fb888aaf2
89a66a8e-dc54-4365-869a-896ce76c90c9,f59c47b9-d501-46de-8220-c5b30d556e79,1,long,word,46dfd8f8-98ef-42a8-95e9-5793efa28d03
6c9bd8da-21ee-4a3a-954d-da1bd4b60524,f59c47b9-d501-46de-8220-c5b30d556e79,1,long,word,46dfd8f8-98ef-42a8-95e9-5793efa28d03
f7cf9306-28d0-400a-a07d-2342c868cf6d,4f01db75-1fcf-41a0-b8cb-e9d0cdda7d9d,1,let,word,524f3f07-5c8a-4cdf-ac82-2ea1d7e78a01
c567bd30-9165-407d-b826-5382db7bee94,4f01db75-1fcf-41a0-b8cb-e9d0cdda7d9d,1,let,word,524f3f07-5c8a-4cdf-ac82-2ea1d7e78a01
6ef26a82-a5d9-4431-a831-d9352c203a0b,2a085a84-71c7-4e8c-8064-070351eb4e37,1,e-,prefix,e0f0cada-0921-45e1-9788-4fa5be9dce66
f69727cf-5ad7-40a3-a0f9-4845326eac20,2a085a84-71c7-4e8c-8064-070351eb4e37,1,e-,prefix,e0f0cada-0921-45e1-9788-4fa5be9dce66
f1290a97-5421-4f93-abb3-a46995761f76,e9081b64-24c5-45e6-ab9e-64161a4b9d55,1,in,word,84b42a02-b972-4109-ac42-7d04746f07c8
35643b10-e638-4202-a9ea-1716630634ed,e9081b64-24c5-45e6-ab9e-64161a4b9d55,1,in,word,84b42a02-b972-4109-ac42-7d04746f07c8
6c6baf39-2133-4e9b-bbd8-387c1552721b,197de407-fd32-447b-89d3-861b532498c1,1,have,word,1caf16a2-bdea-4704-b119-50af402b3b77
4c07d366-5cf7-4254-8c39-4b0e8458e295,e9081b64-24c5-45e6-ab9e-64161a4b9d55,1,in,word,84b42a02-b972-4109-ac42-7d04746f07c8
4c07d366-5cf7-4254-8c39-4b0e8458e295,52eb062d-9ae5-408c-b6d4-b8e3c0023b1b,1,have,word,1caf16a2-bdea-4704-b119-50af402b3b77
4c07d366-5cf7-4254-8c39-4b0e8458e295,52eb062d-9ae5-408c-b6d4-b8e3c0023b1b,2,it,word,b53c2e40-e251-43a1-90b3-1d0a5f9f9dff
b059dc30-a031-483d-b2dd-53eba74f9ff9,e9081b64-24c5-45e6-ab9e-64161a4b9d55,1,in,word,84b42a02-b972-4109-ac42-7d04746f07c8
b059dc30-a031-483d-b2dd-53eba74f9ff9,52eb062d-9ae5-408c-b6d4-b8e3c0023b1b,1,have,word,1caf16a2-bdea-4704-b119-50af402b3b77
b059dc30-a031-483d-b2dd-53eba74f9ff9,52eb062d-9ae5-408c-b6d4-b8e3c0023b1b,2,it,word,b53c2e40-e251-43a1-90b3-1d0a5f9f9dff
4fb8af96-5853-4dff-b0c8-f00c799c1c80,49bf853b-04d3-43bc-89e6-e8e8a8ac4523,1,sta,root,e1b53382-184c-4e2f-8461-70e908854ea1
d8a1df15-a289-45ac-b2aa-dc6795d66597,b91d45c2-e964-41cb-8a3a-de1bff784644,1,-t,suffix,902260c2-0a41-46d9-8130-90955ee5437e
d8a1df15-a289-45ac-b2aa-dc6795d66597,e9081b64-24c5-45e6-ab9e-64161a4b9d55,1,in,word,84b42a02-b972-4109-ac42-7d04746f07c8
feece34d-6e2b-4f20-9d0d-1117fabc709c,e9081b64-24c5-45e6-ab9e-64161a4b9d55,1,in,word,84b42a02-b972-4109-ac42-7d04746f07c8
feece34d-6e2b-4f20-9d0d-1117fabc709c,b91d45c2-e964-41cb-8a3a-de1bff784644,1,-t,suffix,902260c2-0a41-46d9-8130-90955ee5437e
ca356853-1745-41c1-b908-2279998169bb,de761270-a58d-4822-8a24-110b2521fb24,1,in,word,84b42a02-b972-4109-ac42-7d04746f07c8
bae6dd27-aacb-4186-9bdb-03d9b7c418a1,e9081b64-24c5-45e6-ab9e-64161a4b9d55,1,in,word,84b42a02-b972-4109-ac42-7d04746f07c8
bae6dd27-aacb-4186-9bdb-03d9b7c418a1,3b155e2d-539b-484a-a0aa-388361a6d918,1,and,word,1d92f9a0-bab2-4fe1-add9-4e8f8c3b065a
a7d5ca24-fa04-4769-b506-4a7aadd6a3ad,e9081b64-24c5-45e6-ab9e-64161a4b9d55,1,in,word,84b42a02-b972-4109-ac42-7d04746f07c8
a7d5ca24-fa04-4769-b506-4a7aadd6a3ad,3b155e2d-539b-484a-a0aa-388361a6d918,1,and,word,1d92f9a0-bab2-4fe1-add9-4e8f8c3b065a
4cc5b9ac-57ce-485d-a64e-e873e4854cd0,b2dae7bc-774a-4424-a6e3-accba75ce771,1,e-,prefix,e0f0cada-0921-45e1-9788-4fa5be9dce66
2b7ab5e7-0f5c-43fb-99c8-ac29437235c8,2ec342b0-e4bc-419d-ae67-390149ddbd21,1,over,word,5bbd5dbe-032d-4060-936c-4088d18dce41
b4a77078-6b46-4ef3-9141-b1d0a660437d,eb2dab21-d31e-4dbd-bb90-255c046203a6,1,on,word,3090e71f-ead1-49e6-8ef2-520fb888aaf2
a30bbebe-4eeb-441f-88c9-353e1154ee37,3015fc76-f4ec-4a6a-bc69-218e873a44f1,1,at,word,9c2f1b32-39ad-4c43-8c8d-ae84d4272e3b
97299abe-e28e-4306-bc36-a573ca3bad10,3015fc76-f4ec-4a6a-bc69-218e873a44f1,1,at,word,9c2f1b32-39ad-4c43-8c8d-ae84d4272e3b
f5633bda-6220-4195-aa0c-a1bb62f15fec,937b6880-0685-4c46-b503-bb9d0195da75,1,a,word,019cc8a3-84c3-4f77-8e31-1269259d8a5d
db0b9565-bf37-4364-93c0-af0a5373a846,937b6880-0685-4c46-b503-bb9d0195da75,1,a,word,019cc8a3-84c3-4f77-8e31-1269259d8a5d
ba4400da-7fb1-4b5c-9f57-d8b041c2b990,b052e0f9-a8c7-4190-b276-3af91e0cb123,1,pass,word,56d684a4-53dd-4d2f-a4aa-e62dc06fbda6
6834e832-c805-4b1c-be2f-c2910dda3cf9,fa0910f3-4fd0-4e80-ae2c-0199602eb45a,1,why,word,df4fe14f-701f-42ed-9e9d-f970cbf62a22
16e1f959-3fe8-4645-be86-1bb950ebd05a,98e6651d-8b5e-462a-adb2-dc5da6edb65c,1,come,word,bed2da61-da50-4e6e-ad60-0caa543d62a8
57c7e75f-d46a-4146-8dd7-bdaf9488e073,98e6651d-8b5e-462a-adb2-dc5da6edb65c,1,come,word,bed2da61-da50-4e6e-ad60-0caa543d62a8
0e1c915e-8dfb-4812-bd2a-ceddd1feaa01,eb2dab21-d31e-4dbd-bb90-255c046203a6,1,on,word,3090e71f-ead1-49e6-8ef2-520fb888aaf2
0e1c915e-8dfb-4812-bd2a-ceddd1feaa01,ddfb5db9-26f2-4611-850b-97b687459678,1,a-,prefix,eb2dab21-d31e-4dbd-bb90-255c046203a6
0e1c915e-8dfb-4812-bd2a-ceddd1feaa01,ddfb5db9-26f2-4611-850b-97b687459678,2,it,word,b53c2e40-e251-43a1-90b3-1d0a5f9f9dff
7ee5af2a-c3c0-43d3-a4f7-620736ed12a1,ddfb5db9-26f2-4611-850b-97b687459678,1,a-,prefix,eb2dab21-d31e-4dbd-bb90-255c046203a6
7ee5af2a-c3c0-43d3-a4f7-620736ed12a1,ddfb5db9-26f2-4611-850b-97b687459678,2,it,word,b53c2e40-e251-43a1-90b3-1d0a5f9f9dff
b50fd1e7-a5c5-4513-9efe-d34b65989f23,49bf853b-04d3-43bc-89e6-e8e8a8ac4523,1,sta,root,e1b53382-184c-4e2f-8461-70e908854ea1
70a93bb3-f794-44b8-bb76-7fd824a0094b,16f43930-667f-4d88-aced-9c31c09be9d5,1,come,word,bed2da61-da50-4e6e-ad60-0caa543d62a8
70a93bb3-f794-44b8-bb76-7fd824a0094b,044440d8-c09f-4811-a7e6-d356e180e458,1,-t,suffix,902260c2-0a41-46d9-8130-90955ee5437e
3a47317b-e80f-49cb-b8db-66858037cb98,16f43930-667f-4d88-aced-9c31c09be9d5,1,come,word,bed2da61-da50-4e6e-ad60-0caa543d62a8
3a47317b-e80f-49cb-b8db-66858037cb98,044440d8-c09f-4811-a7e6-d356e180e458,1,-t,suffix,902260c2-0a41-46d9-8130-90955ee5437e
99de282e-5cbc-43e4-b8d3-8e8daf4a99f4,e9081b64-24c5-45e6-ab9e-64161a4b9d55,1,in,word,84b42a02-b972-4109-ac42-7d04746f07c8
413a0e0f-ec9f-4ad4-95c1-4d9afc9f67ea,3015fc76-f4ec-4a6a-bc69-218e873a44f1,1,at,word,9c2f1b32-39ad-4c43-8c8d-ae84d4272e3b
6d7ef09d-1f42-4911-83ba-9c6220f57221,3015fc76-f4ec-4a6a-bc69-218e873a44f1,1,at,word,9c2f1b32-39ad-4c43-8c8d-ae84d4272e3b
468cdd15-8e01-4679-a743-ae6a77064ea5,3015fc76-f4ec-4a6a-bc69-218e873a44f1,1,at,word,9c2f1b32-39ad-4c43-8c8d-ae84d4272e3b
3138f4af-b5ef-4a04-86c4-8bd18d3d6d24,49b7e4f4-54ff-4e6d-bd00-868f4dba0436,1,car,word,2d33e9fa-c949-42a2-882a-31c4e9f79491
985a1fb3-9a00-4e0c-a97e-1529b9068be1,e9081b64-24c5-45e6-ab9e-64161a4b9d55,1,in,word,84b42a02-b972-4109-ac42-7d04746f07c8
985a1fb3-9a00-4e0c-a97e-1529b9068be1,b91d45c2-e964-41cb-8a3a-de1bff784644,1,-t,suffix,902260c2-0a41-46d9-8130-90955ee5437e
9664a543-f1e9-48ff-9647-99a180d18ed9,e9081b64-24c5-45e6-ab9e-64161a4b9d55,1,in,word,84b42a02-b972-4109-ac42-7d04746f07c8
e36befd7-9f14-4de8-b513-47ea7ce3f53c,e9081b64-24c5-45e6-ab9e-64161a4b9d55,1,in,word,84b42a02-b972-4109-ac42-7d04746f07c8
ba25fed6-7a8c-4a45-ab3f-f44657151801,e9081b64-24c5-45e6-ab9e-64161a4b9d55,1,in,word,84b42a02-b972-4109-ac42-7d04746f07c8
7f949096-cee8-4fa1-8be4-3ea8631b66c5,349e6f53-013a-4121-b3a2-f67bd7353a38,1,-er,suffix,22a3b447-d3cf-4d74-8e34-fadb7d2b0375
f296a1e6-ba94-46c4-a0f1-fd852985118e,349e6f53-013a-4121-b3a2-f67bd7353a38,1,-er,suffix,22a3b447-d3cf-4d74-8e34-fadb7d2b0375
26cfccf5-edd6-4929-94e1-3c3d4a72dfd4,1e4ea41c-ee64-4bce-aed5-5ba7b9bcccff,1,a-,prefix,eb2dab21-d31e-4dbd-bb90-255c046203a6
26cfccf5-edd6-4929-94e1-3c3d4a72dfd4,1e4ea41c-ee64-4bce-aed5-5ba7b9bcccff,2,ab-,prefix,1e4ea41c-ee64-4bce-aed5-5ba7b9bcccff
26cfccf5-edd6-4929-94e1-3c3d4a72dfd4,1e4ea41c-ee64-4bce-aed5-5ba7b9bcccff,3,ac-,prefix,313fe2aa-9acf-4e44-b215-3d94eac8de99
26cfccf5-edd6-4929-94e1-3c3d4a72dfd4,1e4ea41c-ee64-4bce-aed5-5ba7b9bcccff,4,ad-,prefix,01e572b5-9046-4ae6-82df-91bb22b151d2
26cfccf5-edd6-4929-94e1-3c3d4a72dfd4,1e4ea41c-ee64-4bce-aed5-5ba7b9bcccff,5,ap-,prefix,3015fc76-f4ec-4a6a-bc69-218e873a44f1
26cfccf5-edd6-4929-94e1-3c3d4a72dfd4,1e4ea41c-ee64-4bce-aed5-5ba7b9bcccff,6,as-,prefix,eb377bec-24c3-4c39-84d6-2c688a20059a
26cfccf5-edd6-4929-94e1-3c3d4a72dfd4,1e4ea41c-ee64-4bce-aed5-5ba7b9bcccff,7,at-,prefix,e63cdbbb-8bfb-442b-b49a-bd01c7f68aff
b26e33ea-1670-414e-b71b-b3cdfe966afe,ae5522fc-65cf-47b7-9577-4e782649516d,1,in,word,84b42a02-b972-4109-ac42-7d04746f07c8
a69e6f95-08cc-435c-bc97-91977ff5b031,d45616c9-cc3f-4c5e-8516-6bec74b7ed38,1,come,word,bed2da61-da50-4e6e-ad60-0caa543d62a8
5220daaa-2aeb-412d-97c4-3d17e0b96178,eb2dab21-d31e-4dbd-bb90-255c046203a6,1,on,word,3090e71f-ead1-49e6-8ef2-520fb888aaf2
8c616966-2419-404a-8dc9-af81c5de0fc1,41b6ffd2-9ae5-4118-a222-95c4c3f7df44,1,know,word,c719a600-5928-4bf7-bdf6-fde64f9b3177
6ba89c2e-aa9a-4dd0-a144-f315cb4f3e38,98e6651d-8b5e-462a-adb2-dc5da6edb65c,1,come,word,bed2da61-da50-4e6e-ad60-0caa543d62a8
76ca0bd8-0121-4154-b3c5-dfac6e41425b,92821a39-ec41-44f4-843c-3c5f16bfca62,1,man,word,4b5ad6eb-4874-49e1-88ba-adc244daec95
8afbce7c-7245-43e8-a858-f6d98ef7b6b3,5df25a0a-4770-4b9e-af8d-981a9c3c3dd5,1,to,word,b95ef1b5-74f6-49d7-87a2-e6a43dcc5ff9
2937dedf-cb67-4311-846d-6cfe7bfb9dbb,5df25a0a-4770-4b9e-af8d-981a9c3c3dd5,1,to,word,b95ef1b5-74f6-49d7-87a2-e6a43dcc5ff9
02465e94-2f1d-4215-809a-85c5586413ea,5df25a0a-4770-4b9e-af8d-981a9c3c3dd5,1,to,word,b95ef1b5-74f6-49d7-87a2-e6a43dcc5ff9
b19571fa-5a2b-4bac-b23b-9377710cfe95,5df25a0a-4770-4b9e-af8d-981a9c3c3dd5,1,to,word,b95ef1b5-74f6-49d7-87a2-e6a43dcc5ff9
b19571fa-5a2b-4bac-b23b-9377710cfe95,18914150-ae68-4319-9ad3-3366dac76275,1,me,word,b3ef4c67-512d-4bef-9811-4278dfc494c0
ff1efd88-802b-4a61-9880-aff1cc703e63,98e6651d-8b5e-462a-adb2-dc5da6edb65c,1,come,word,bed2da61-da50-4e6e-ad60-0caa543d62a8
ff1efd88-802b-4a61-9880-aff1cc703e63,f5920bd6-2656-4cc3-9501-62779c96715c,1,go,word,535c367c-28d8-43a4-b511-d5a2b5d192b8
ec5775f5-49bf-41ee-8639-0ccbdb21723a,e70a0644-811e-47d0-8f9a-d1ecf61849a0,1,out,word,2d8448d3-514e-49e3-97f9-290a5c552d4a
604f8e0b-66bb-4676-95e2-670138d2e52b,01e572b5-9046-4ae6-82df-91bb22b151d2,1,at,word,9c2f1b32-39ad-4c43-8c8d-ae84d4272e3b
05195b4d-9c01-47c9-b535-02a6fe2b37f4,7d405d52-d862-46e0-aee4-f5232feea224,1,go,word,535c367c-28d8-43a4-b511-d5a2b5d192b8
05195b4d-9c01-47c9-b535-02a6fe2b37f4,7d405d52-d862-46e0-aee4-f5232feea224,2,win,word,cb5f9e4a-1a64-4bec-87fa-83f73a7e6deb
05195b4d-9c01-47c9-b535-02a6fe2b37f4,98e6651d-8b5e-462a-adb2-dc5da6edb65c,1,come,word,bed2da61-da50-4e6e-ad60-0caa543d62a8
3d6fc30f-2f07-4b09-a7d3-50a120676cfb,48a36acc-1e84-4e5e-b7e3-414187b18c97,1,polic,root,2d491a13-436a-461f-ac0a-e32e9cdf994c
4bc93f20-51b7-406f-b751-713e19bf8545,f16fdc1a-f4bf-4e77-a700-5b725c1ca98b,1,out,word,2d8448d3-514e-49e3-97f9-290a5c552d4a
1a181463-977e-4f45-8659-7b2b10024f6c,2ec342b0-e4bc-419d-ae67-390149ddbd21,1,over,word,5bbd5dbe-032d-4060-936c-4088d18dce41
441763f2-c7ba-4dcc-8650-188238f5b3e1,343c86ff-5e98-4499-bf18-49ebf6a8dccc,1,-st,suffix,5e4cc57a-981b-47ea-b8be-ffe5db0ce603
05e7da1f-456a-4082-8c30-feb1ef2ad6ef,56cb30c8-f901-46e0-8f12-1a953cca2c90,1,long,word,46dfd8f8-98ef-42a8-95e9-5793efa28d03
0aeaa963-af96-49cf-9ed0-3c11179485a0,e9081b64-24c5-45e6-ab9e-64161a4b9d55,1,in,word,84b42a02-b972-4109-ac42-7d04746f07c8
ccb0001d-10f3-4b47-941d-283cda80d78b,98e6651d-8b5e-462a-adb2-dc5da6edb65c,1,come,word,bed2da61-da50-4e6e-ad60-0caa543d62a8
1dd39ea8-79fe-415b-b29b-5144768e10cf,37d4058c-9ffb-4ba2-add5-2bf644bee218,1,some,word,cccf88a2-d27d-48db-ac17-e7864b9e5bd2
b5ba67ed-de3d-49a1-9346-e3a23e42cdb0,37d4058c-9ffb-4ba2-add5-2bf644bee218,1,some,word,cccf88a2-d27d-48db-ac17-e7864b9e5bd2
827387f0-f73d-40d9-b1eb-3bd7572222e7,d792685e-66be-4341-991d-a5bb8f571506,1,can,word,1a7fd486-6f5a-4d29-a48e-f09d1ec280aa
fa2f3bc7-640d-411d-98bd-c89f96395dcc,589e721b-35a7-48ff-bc82-f305f11e4b1d,1,-an,suffix,9a0414e5-2d83-4468-bb32-0d0e399049d9
c7bfc5ad-5ad6-41dd-b121-ef34e4229008,021c6a66-0658-471c-8adc-06abe7cb36ee,1,an,word,f12a203c-950b-4f36-a096-1faed7f15f69
e9b46ce8-62cc-4ae2-b630-b0e966aac6b3,9bebcdf5-265c-4adc-8942-d7292f227ae6,1,quir,root,043a8e37-8b8c-4e2c-8cbc-fca2a2aa84b8
53b42e7f-eb15-498a-afd9-2f7ba82c634f,e8314ac7-1ca8-43a1-8ced-f31eef0fb1b8,1,-er,suffix,22a3b447-d3cf-4d74-8e34-fadb7d2b0375
5b9321b3-a5d8-44c7-8783-69cc61fd5764,41157723-cfdd-429c-8446-ee862cb12ccf,1,four,word,7da61a4f-40aa-4bb1-8dce-2d13b0d4c807
c4efc52f-4737-4799-87f6-b9442d92eec5,41157723-cfdd-429c-8446-ee862cb12ccf,1,four,word,7da61a4f-40aa-4bb1-8dce-2d13b0d4c807
62d634bd-98da-477d-9a73-ec79a9314413,59011590-c7ce-446a-bdff-06ab88384fec,1,is,word,01153fb1-72e5-475f-b7ac-fd2ece01e98e
62d634bd-98da-477d-9a73-ec79a9314413,59011590-c7ce-446a-bdff-06ab88384fec,2,in,word,84b42a02-b972-4109-ac42-7d04746f07c8
580591f7-679a-464e-a558-64a93f343641,59011590-c7ce-446a-bdff-06ab88384fec,1,is,word,01153fb1-72e5-475f-b7ac-fd2ece01e98e
580591f7-679a-464e-a558-64a93f343641,59011590-c7ce-446a-bdff-06ab88384fec,2,in,word,84b42a02-b972-4109-ac42-7d04746f07c8
bcac2c96-7014-45de-b670-53ee482ae8b0,59011590-c7ce-446a-bdff-06ab88384fec,1,is,word,01153fb1-72e5-475f-b7ac-fd2ece01e98e
bcac2c96-7014-45de-b670-53ee482ae8b0,59011590-c7ce-446a-bdff-06ab88384fec,2,in,word,84b42a02-b972-4109-ac42-7d04746f07c8
8e3566bd-737a-4ba6-a5e2-52a6e868e8ce,e9081b64-24c5-45e6-ab9e-64161a4b9d55,1,in,word,84b42a02-b972-4109-ac42-7d04746f07c8
c3151d00-c962-47f6-8442-8a3371ff03c8,e9081b64-24c5-45e6-ab9e-64161a4b9d55,1,in,word,84b42a02-b972-4109-ac42-7d04746f07c8
f5ca5ab1-1fc4-4760-944e-184ba408fad3,28820f79-fb6f-4625-8dd4-692b4b015e8f,1,-t,suffix,902260c2-0a41-46d9-8130-90955ee5437e
28cccba8-33b7-4516-a65c-7270373bddb7,28820f79-fb6f-4625-8dd4-692b4b015e8f,1,-t,suffix,902260c2-0a41-46d9-8130-90955ee5437e
a535ba39-70ec-4b20-ae59-4723229e12d4,28820f79-fb6f-4625-8dd4-692b4b015e8f,1,-t,suffix,902260c2-0a41-46d9-8130-90955ee5437e
0bcba624-d3fd-44f9-a6a2-55aca4fc72e6,2ec342b0-e4bc-419d-ae67-390149ddbd21,1,over,word,5bbd5dbe-032d-4060-936c-4088d18dce41
2b48eda9-6257-4977-a38e-f120b160e6b0,7cf9fd3b-adf0-47d5-b086-e1976ef0dc38,1,no,word,1e07c7e4-8b6f-43c3-9c7a-9916d745441f
8c4391fe-2e65-4b0c-874b-4bef9c824507,a75fbd10-81f3-43a6-95f8-f76ccfaeedb3,1,freez,root,3f5066ad-3db8-4c26-862a-64f0758f5f37
f65d5a06-7f8d-4e80-9532-b6dd55817ac6,a75fbd10-81f3-43a6-95f8-f76ccfaeedb3,1,freez,root,3f5066ad-3db8-4c26-862a-64f0758f5f37
51a927d8-68c1-4d60-b05b-75400417cbc8,a75fbd10-81f3-43a6-95f8-f76ccfaeedb3,1,freez,root,3f5066ad-3db8-4c26-862a-64f0758f5f37
b41ce868-3a06-415f-a6cc-cdc2117c0ac7,4161d5db-e8de-4ad3-b992-684deedaca51,1,in,word,84b42a02-b972-4109-ac42-7d04746f07c8
7202ddc7-31f1-483e-a2d1-352d2424dad7,6b41e25b-c338-42bb-ab60-28e4d9297082,1,re-,prefix,25c9c982-54cc-42c6-8d13-31b6232755b7
8730fca9-65ea-4737-a2af-6bb722d3d578,41157723-cfdd-429c-8446-ee862cb12ccf,1,four,word,7da61a4f-40aa-4bb1-8dce-2d13b0d4c807
2303b036-fc71-4666-b87e-93d9cf8524bf,1d137458-148d-447d-88cd-9403fbb0f5ec,1,cold,word,a5440413-59a4-444f-bae4-0aac92b6f442
5b3d8cd5-f40a-4c27-b39c-5020b937db94,da33b764-ffa4-4f4c-ba1f-e58231872833,1,car,word,2d33e9fa-c949-42a2-882a-31c4e9f79491
d2dbe77d-c518-4910-9651-fcb5d8c50d7a,1e4ea41c-ee64-4bce-aed5-5ba7b9bcccff,1,a-,prefix,eb2dab21-d31e-4dbd-bb90-255c046203a6
d2dbe77d-c518-4910-9651-fcb5d8c50d7a,1e4ea41c-ee64-4bce-aed5-5ba7b9bcccff,2,ab-,prefix,1e4ea41c-ee64-4bce-aed5-5ba7b9bcccff
d2dbe77d-c518-4910-9651-fcb5d8c50d7a,1e4ea41c-ee64-4bce-aed5-5ba7b9bcccff,3,ac-,prefix,313fe2aa-9acf-4e44-b215-3d94eac8de99
d2dbe77d-c518-4910-9651-fcb5d8c50d7a,1e4ea41c-ee64-4bce-aed5-5ba7b9bcccff,4,ad-,prefix,01e572b5-9046-4ae6-82df-91bb22b151d2
d2dbe77d-c518-4910-9651-fcb5d8c50d7a,1e4ea41c-ee64-4bce-aed5-5ba7b9bcccff,5,ap-,prefix,3015fc76-f4ec-4a6a-bc69-218e873a44f1
d2dbe77d-c518-4910-9651-fcb5d8c50d7a,1e4ea41c-ee64-4bce-aed5-5ba7b9bcccff,6,as-,prefix,eb377bec-24c3-4c39-84d6-2c688a20059a
d2dbe77d-c518-4910-9651-fcb5d8c50d7a,1e4ea41c-ee64-4bce-aed5-5ba7b9bcccff,7,at-,prefix,e63cdbbb-8bfb-442b-b49a-bd01c7f68aff
2d1746dd-ae68-432a-85e1-a609af5addff,313fe2aa-9acf-4e44-b215-3d94eac8de99,1,a-,prefix,eb2dab21-d31e-4dbd-bb90-255c046203a6
2d1746dd-ae68-432a-85e1-a609af5addff,313fe2aa-9acf-4e44-b215-3d94eac8de99,2,ab-,prefix,1e4ea41c-ee64-4bce-aed5-5ba7b9bcccff
2d1746dd-ae68-432a-85e1-a609af5addff,313fe2aa-9acf-4e44-b215-3d94eac8de99,3,ac-,prefix,313fe2aa-9acf-4e44-b215-3d94eac8de99
2d1746dd-ae68-432a-85e1-a609af5addff,313fe2aa-9acf-4e44-b215-3d94eac8de99,4,ad-,prefix,01e572b5-9046-4ae6-82df-91bb22b151d2
2d1746dd-ae68-432a-85e1-a609af5addff,313fe2aa-9acf-4e44-b215-3d94eac8de99,5,ap-,prefix,3015fc76-f4ec-4a6a-bc69-218e873a44f1
2d1746dd-ae68-432a-85e1-a609af5addff,313fe2aa-9acf-4e44-b215-3d94eac8de99,6,as-,prefix,eb377bec-24c3-4c39-84d6-2c688a20059a
2d1746dd-ae68-432a-85e1-a609af5addff,313fe2aa-9acf-4e44-b215-3d94eac8de99,7,at-,prefix,e63cdbbb-8bfb-442b-b49a-bd01c7f68aff
2d1746dd-ae68-432a-85e1-a609af5addff,c51a8e11-69c9-4469-b362-65f433a0d955,1,come,word,bed2da61-da50-4e6e-ad60-0caa543d62a8
85289bcd-2313-4f32-b7e5-4da6deb1c38c,e63cdbbb-8bfb-442b-b49a-bd01c7f68aff,1,at,word,9c2f1b32-39ad-4c43-8c8d-ae84d4272e3b
e7a379ec-f97c-4f32-8775-3710b49cbe84,01e572b5-9046-4ae6-82df-91bb22b151d2,1,at,word,9c2f1b32-39ad-4c43-8c8d-ae84d4272e3b
e7a379ec-f97c-4f32-8775-3710b49cbe84,28820f79-fb6f-4625-8dd4-692b4b015e8f,1,-t,suffix,902260c2-0a41-46d9-8130-90955ee5437e
d86e6004-1a0d-403e-9d63-788a0f7fd9db,044440d8-c09f-4811-a7e6-d356e180e458,1,-t,suffix,902260c2-0a41-46d9-8130-90955ee5437e
401479b8-c8c0-416b-b04b-87be2d48b0ac,044440d8-c09f-4811-a7e6-d356e180e458,1,-t,suffix,902260c2-0a41-46d9-8130-90955ee5437e
caca9ce4-e081-4e78-953a-f7b46b0227f7,2c8f7c44-05fb-4ed7-a577-e8d22d2ef756,1,come,word,bed2da61-da50-4e6e-ad60-0caa543d62a8
caca9ce4-e081-4e78-953a-f7b46b0227f7,4f01db75-1fcf-41a0-b8cb-e9d0cdda7d9d,1,let,word,524f3f07-5c8a-4cdf-ac82-2ea1d7e78a01
811db763-fb32-4424-b8f6-7163907ad0e0,41157723-cfdd-429c-8446-ee862cb12ccf,1,four,word,7da61a4f-40aa-4bb1-8dce-2d13b0d4c807
26ed1f99-fab1-4d5d-b6ff-da366cd4e10d,e30745fe-0a3b-4e1a-b03c-376e042fade4,1,city,word,e8a18158-8cad-4339-bc73-0bd06cb69f9b
f4da9a2a-7574-4b85-a364-7f3052f51c95,e30745fe-0a3b-4e1a-b03c-376e042fade4,1,city,word,e8a18158-8cad-4339-bc73-0bd06cb69f9b
662c7136-264c-4da1-ba6b-7078316ee73b,eb2dab21-d31e-4dbd-bb90-255c046203a6,1,on,word,3090e71f-ead1-49e6-8ef2-520fb888aaf2
24ea0d45-ba12-479b-b0b6-f75edc2be2c5,1e40a11e-ae38-46b2-9563-8c12124b4dfa,1,time,word,844e3a81-c010-49d3-bc9a-5add82db6135
ab3083e5-be89-4790-8496-35f1f93d21a7,eb2dab21-d31e-4dbd-bb90-255c046203a6,1,on,word,3090e71f-ead1-49e6-8ef2-520fb888aaf2
6e2244a7-4cf9-4415-a9ad-6ca182491848,313fe2aa-9acf-4e44-b215-3d94eac8de99,1,a-,prefix,eb2dab21-d31e-4dbd-bb90-255c046203a6
6e2244a7-4cf9-4415-a9ad-6ca182491848,313fe2aa-9acf-4e44-b215-3d94eac8de99,2,ab-,prefix,1e4ea41c-ee64-4bce-aed5-5ba7b9bcccff
6e2244a7-4cf9-4415-a9ad-6ca182491848,313fe2aa-9acf-4e44-b215-3d94eac8de99,3,ac-,prefix,313fe2aa-9acf-4e44-b215-3d94eac8de99
6e2244a7-4cf9-4415-a9ad-6ca182491848,313fe2aa-9acf-4e44-b215-3d94eac8de99,4,ad-,prefix,01e572b5-9046-4ae6-82df-91bb22b151d2
6e2244a7-4cf9-4415-a9ad-6ca182491848,313fe2aa-9acf-4e44-b215-3d94eac8de99,5,ap-,prefix,3015fc76-f4ec-4a6a-bc69-218e873a44f1
6e2244a7-4cf9-4415-a9ad-6ca182491848,313fe2aa-9acf-4e44-b215-3d94eac8de99,6,as-,prefix,eb377bec-24c3-4c39-84d6-2c688a20059a
6e2244a7-4cf9-4415-a9ad-6ca182491848,313fe2aa-9acf-4e44-b215-3d94eac8de99,7,at-,prefix,e63cdbbb-8bfb-442b-b49a-bd01c7f68aff
6e2244a7-4cf9-4415-a9ad-6ca182491848,d792685e-66be-4341-991d-a5bb8f571506,1,can,word,1a7fd486-6f5a-4d29-a48e-f09d1ec280aa
ca513b75-f10f-4ccc-bc4c-ee732d844e55,4d3c63e8-fb05-4d57-8605-ac7b6e9b197a,1,all,word,1e210516-afc8-46dd-8111-c350ceb861c0
ca513b75-f10f-4ccc-bc4c-ee732d844e55,4d3c63e8-fb05-4d57-8605-ac7b6e9b197a,2,or,word,a7c220a8-67bf-4a61-a0a2-565df04fe116
7740bfeb-d9ac-49c9-9724-8258bad21649,775ddff0-40ce-4374-a7e4-30edb50f338b,1,at,word,9c2f1b32-39ad-4c43-8c8d-ae84d4272e3b
7740bfeb-d9ac-49c9-9724-8258bad21649,775ddff0-40ce-4374-a7e4-30edb50f338b,2,a-,prefix,eb2dab21-d31e-4dbd-bb90-255c046203a6
7740bfeb-d9ac-49c9-9724-8258bad21649,775ddff0-40ce-4374-a7e4-30edb50f338b,3,ar-,prefix,775ddff0-40ce-4374-a7e4-30edb50f338b
7740bfeb-d9ac-49c9-9724-8258bad21649,775ddff0-40ce-4374-a7e4-30edb50f338b,4,ab-,prefix,1e4ea41c-ee64-4bce-aed5-5ba7b9bcccff
7740bfeb-d9ac-49c9-9724-8258bad21649,775ddff0-40ce-4374-a7e4-30edb50f338b,5,ac-,prefix,313fe2aa-9acf-4e44-b215-3d94eac8de99
7740bfeb-d9ac-49c9-9724-8258bad21649,775ddff0-40ce-4374-a7e4-30edb50f338b,6,ad-,prefix,01e572b5-9046-4ae6-82df-91bb22b151d2
7740bfeb-d9ac-49c9-9724-8258bad21649,775ddff0-40ce-4374-a7e4-30edb50f338b,7,ap-,prefix,3015fc76-f4ec-4a6a-bc69-218e873a44f1
7740bfeb-d9ac-49c9-9724-8258bad21649,775ddff0-40ce-4374-a7e4-30edb50f338b,8,as-,prefix,eb377bec-24c3-4c39-84d6-2c688a20059a
7740bfeb-d9ac-49c9-9724-8258bad21649,775ddff0-40ce-4374-a7e4-30edb50f338b,9,at-,prefix,e63cdbbb-8bfb-442b-b49a-bd01c7f68aff
18d3d8dc-2860-4869-9e75-9bf67041cf53,eb2dab21-d31e-4dbd-bb90-255c046203a6,1,on,word,3090e71f-ead1-49e6-8ef2-520fb888aaf2
18d3d8dc-2860-4869-9e75-9bf67041cf53,f5920bd6-2656-4cc3-9501-62779c96715c,1,go,word,535c367c-28d8-43a4-b511-d5a2b5d192b8
03a95fc4-fdb4-459d-8b63-e662ecff8fbf,3015fc76-f4ec-4a6a-bc69-218e873a44f1,1,at,word,9c2f1b32-39ad-4c43-8c8d-ae84d4272e3b
fe77c927-8e13-4c6d-a347-c9c2319a2e72,a364158c-b9de-4166-bce8-bf89365c6c9d,1,car,word,2d33e9fa-c949-42a2-882a-31c4e9f79491
94f40d06-d252-4e24-9716-e94b7e0a50f6,c51a8e11-69c9-4469-b362-65f433a0d955,1,come,word,bed2da61-da50-4e6e-ad60-0caa543d62a8
